episode,total_reward,length,termination_reason,final_element_count,final_resource_usage,refine_count,coarsen_count,no_change_count,refine_pct,coarsen_pct,no_change_pct
1,-2052.5664369184524,62,Budget exceeded (pre-action),0,0,19,20,23,0.3064516129032258,0.3225806451612903,0.3709677419354839
2,-1265.0258657932281,51,Budget exceeded (pre-action),0,0,22,10,19,0.43137254901960786,0.19607843137254902,0.37254901960784315
3,-1883.9697251319885,29,Budget exceeded (post-adapt),0,0,16,5,8,0.5517241379310345,0.1724137931034483,0.27586206896551724
4,-2203.989015113795,66,Budget exceeded (post-adapt),0,0,20,31,15,0.30303030303030304,0.4696969696969697,0.22727272727272727
5,-1931.285744421184,46,Budget exceeded (post-adapt),0,0,17,14,15,0.3695652173913043,0.30434782608695654,0.32608695652173914
6,-2008.834911518963,71,Budget exceeded (pre-action),0,0,21,28,22,0.29577464788732394,0.39436619718309857,0.30985915492957744
7,-1974.3606952526607,31,Budget exceeded (pre-action),0,0,15,5,11,0.4838709677419355,0.16129032258064516,0.3548387096774194
8,-1889.8006338942796,57,Budget exceeded (post-adapt),0,0,23,18,16,0.40350877192982454,0.3157894736842105,0.2807017543859649
9,-1870.5082550905645,55,Budget exceeded (post-adapt),0,0,22,18,15,0.4,0.32727272727272727,0.2727272727272727
10,-2062.3533948098006,43,Budget exceeded (post-adapt),0,0,15,14,14,0.3488372093023256,0.32558139534883723,0.32558139534883723
11,-2004.2435973733664,39,Budget exceeded (post-adapt),0,0,15,10,14,0.38461538461538464,0.2564102564102564,0.358974358974359
12,-1905.349418208003,37,Budget exceeded (pre-action),0,0,16,12,9,0.43243243243243246,0.32432432432432434,0.24324324324324326
13,-2002.0291928052902,29,Budget exceeded (pre-action),0,0,15,4,10,0.5172413793103449,0.13793103448275862,0.3448275862068966
14,-1343.4061456415511,59,Budget exceeded (post-adapt),0,0,20,19,20,0.3389830508474576,0.3220338983050847,0.3389830508474576
15,-2054.637280961033,90,Budget exceeded (post-adapt),0,0,29,31,30,0.32222222222222224,0.34444444444444444,0.3333333333333333
16,-1351.0769555264399,42,Budget exceeded (pre-action),0,0,18,9,15,0.42857142857142855,0.21428571428571427,0.35714285714285715
17,-2045.3215264990222,46,Budget exceeded (pre-action),0,0,14,13,19,0.30434782608695654,0.2826086956521739,0.41304347826086957
18,-1388.0968507677317,48,Budget exceeded (pre-action),0,0,19,13,16,0.3958333333333333,0.2708333333333333,0.3333333333333333
19,-1985.2034809643665,40,Budget exceeded (post-adapt),0,0,19,11,10,0.475,0.275,0.25
20,-1929.3926643239968,60,Budget exceeded (post-adapt),0,0,20,20,20,0.3333333333333333,0.3333333333333333,0.3333333333333333
21,-1341.6171838492155,70,Budget exceeded (pre-action),0,0,24,21,25,0.34285714285714286,0.3,0.35714285714285715
22,-1936.3173637175933,50,Budget exceeded (pre-action),0,0,17,12,21,0.34,0.24,0.42
23,-1854.8112888793112,48,Budget exceeded (post-adapt),0,0,22,17,9,0.4583333333333333,0.3541666666666667,0.1875
24,-1923.7944972226396,58,Budget exceeded (pre-action),0,0,21,15,22,0.3620689655172414,0.25862068965517243,0.3793103448275862
25,-1342.4427371048648,54,Budget exceeded (pre-action),0,0,20,16,18,0.37037037037037035,0.2962962962962963,0.3333333333333333
26,-2064.238450527191,24,Budget exceeded (post-adapt),0,0,11,5,8,0.4583333333333333,0.20833333333333334,0.3333333333333333
27,-1900.6384682059288,29,Budget exceeded (pre-action),0,0,16,5,8,0.5517241379310345,0.1724137931034483,0.27586206896551724
28,-1366.2547596096992,39,Budget exceeded (post-adapt),0,0,13,10,16,0.3333333333333333,0.2564102564102564,0.41025641025641024
29,-1821.5293695926666,30,Budget exceeded (pre-action),0,0,18,5,7,0.6,0.16666666666666666,0.23333333333333334
30,-2023.629118323326,29,Budget exceeded (post-adapt),0,0,16,5,8,0.5517241379310345,0.1724137931034483,0.27586206896551724
31,-1196.8794638216496,51,Budget exceeded (pre-action),0,0,19,12,20,0.37254901960784315,0.23529411764705882,0.39215686274509803
32,-1978.209839463234,37,Budget exceeded (pre-action),0,0,15,10,12,0.40540540540540543,0.2702702702702703,0.32432432432432434
33,-1748.3974800483556,46,Budget exceeded (pre-action),0,0,21,9,16,0.45652173913043476,0.1956521739130435,0.34782608695652173
34,-2006.2323571485963,59,Budget exceeded (pre-action),0,0,19,16,24,0.3220338983050847,0.2711864406779661,0.4067796610169492
35,-2010.8102715611458,53,Budget exceeded (post-adapt),0,0,20,16,17,0.37735849056603776,0.3018867924528302,0.32075471698113206
36,-1782.7780495100596,30,Budget exceeded (pre-action),0,0,16,5,9,0.5333333333333333,0.16666666666666666,0.3
37,-1887.126563542668,45,Budget exceeded (pre-action),0,0,18,9,18,0.4,0.2,0.4
38,-1832.9659761339426,40,Budget exceeded (pre-action),0,0,18,7,15,0.45,0.175,0.375
39,-1054.8118690149859,28,Budget exceeded (pre-action),0,0,13,8,7,0.4642857142857143,0.2857142857142857,0.25
40,-1807.2319884300232,29,Budget exceeded (pre-action),0,0,15,4,10,0.5172413793103449,0.13793103448275862,0.3448275862068966
41,-1851.8777771354823,49,Budget exceeded (pre-action),0,0,19,8,22,0.3877551020408163,0.16326530612244897,0.4489795918367347
42,-1242.485830068416,52,Budget exceeded (pre-action),0,0,20,15,17,0.38461538461538464,0.28846153846153844,0.3269230769230769
43,-1210.2724215984344,34,Budget exceeded (pre-action),0,0,16,9,9,0.47058823529411764,0.2647058823529412,0.2647058823529412
44,-1896.4053507021163,73,Budget exceeded (pre-action),0,0,31,26,16,0.4246575342465753,0.3561643835616438,0.2191780821917808
45,-1180.009521394968,24,Budget exceeded (pre-action),0,0,17,2,5,0.7083333333333334,0.08333333333333333,0.20833333333333334
46,-1832.962481021881,19,Budget exceeded (pre-action),0,0,13,3,3,0.6842105263157895,0.15789473684210525,0.15789473684210525
47,-1257.6796714663506,36,Budget exceeded (pre-action),0,0,15,10,11,0.4166666666666667,0.2777777777777778,0.3055555555555556
48,-2006.892457300797,44,Budget exceeded (post-adapt),0,0,16,13,15,0.36363636363636365,0.29545454545454547,0.3409090909090909
49,-1972.5603232383728,29,Budget exceeded (post-adapt),0,0,13,4,12,0.4482758620689655,0.13793103448275862,0.41379310344827586
50,-1945.865288168192,51,Budget exceeded (pre-action),0,0,20,12,19,0.39215686274509803,0.23529411764705882,0.37254901960784315
51,-1091.7869740517344,39,Budget exceeded (pre-action),0,0,15,10,14,0.38461538461538464,0.2564102564102564,0.358974358974359
52,-1892.7980177402496,34,Budget exceeded (post-adapt),0,0,15,6,13,0.4411764705882353,0.17647058823529413,0.38235294117647056
53,-2067.486476318496,49,Budget exceeded (post-adapt),0,0,18,18,13,0.3673469387755102,0.3673469387755102,0.2653061224489796
54,-1298.2580008506775,32,Budget exceeded (post-adapt),0,0,15,9,8,0.46875,0.28125,0.25
55,-2055.40997193777,50,Budget exceeded (post-adapt),0,0,20,17,13,0.4,0.34,0.26
56,-1257.9295896440744,41,Budget exceeded (pre-action),0,0,17,8,16,0.4146341463414634,0.1951219512195122,0.3902439024390244
57,-1114.1230819225311,38,Budget exceeded (pre-action),0,0,15,9,14,0.39473684210526316,0.23684210526315788,0.3684210526315789
58,-2018.3702498078346,22,Budget exceeded (post-adapt),0,0,14,2,6,0.6363636363636364,0.09090909090909091,0.2727272727272727
59,-1186.447725057602,28,Budget exceeded (pre-action),0,0,14,3,11,0.5,0.10714285714285714,0.39285714285714285
60,-1861.2151153734885,41,Budget exceeded (post-adapt),0,0,20,10,11,0.4878048780487805,0.24390243902439024,0.2682926829268293
61,-1931.9492672051565,43,Budget exceeded (pre-action),0,0,14,13,16,0.32558139534883723,0.3023255813953488,0.37209302325581395
62,-1395.937071800667,26,Budget exceeded (pre-action),0,0,13,5,8,0.5,0.19230769230769232,0.3076923076923077
63,-1270.0122765302658,42,Budget exceeded (pre-action),0,0,16,13,13,0.38095238095238093,0.30952380952380953,0.30952380952380953
64,-1294.1737442016602,33,Budget exceeded (pre-action),0,0,16,12,5,0.48484848484848486,0.36363636363636365,0.15151515151515152
65,-1906.7909779548645,46,Budget exceeded (post-adapt),0,0,21,12,13,0.45652173913043476,0.2608695652173913,0.2826086956521739
66,-1980.8563288138062,69,Budget exceeded (pre-action),0,0,20,22,27,0.2898550724637681,0.3188405797101449,0.391304347826087
67,-1909.1005506515503,43,Budget exceeded (pre-action),0,0,17,5,21,0.3953488372093023,0.11627906976744186,0.4883720930232558
68,-1968.33713172038,58,Budget exceeded (pre-action),0,0,21,13,24,0.3620689655172414,0.22413793103448276,0.41379310344827586
69,-1257.6358642167615,28,Budget exceeded (post-adapt),0,0,15,5,8,0.5357142857142857,0.17857142857142858,0.2857142857142857
70,-2043.3942640017485,88,Budget exceeded (pre-action),0,0,24,33,31,0.2727272727272727,0.375,0.3522727272727273
71,-2004.8190358360298,83,Budget exceeded (post-adapt),0,0,26,31,26,0.3132530120481928,0.37349397590361444,0.3132530120481928
72,-1924.2821707725525,28,Budget exceeded (post-adapt),0,0,15,4,9,0.5357142857142857,0.14285714285714285,0.32142857142857145
73,-1351.2231921181083,62,Budget exceeded (pre-action),0,0,19,23,20,0.3064516129032258,0.3709677419354839,0.3225806451612903
74,-1942.528740644455,32,Budget exceeded (post-adapt),0,0,16,6,10,0.5,0.1875,0.3125
75,-1395.1655797958374,49,Budget exceeded (pre-action),0,0,19,13,17,0.3877551020408163,0.2653061224489796,0.3469387755102041
76,-1936.9971160888672,15,Budget exceeded (pre-action),0,0,10,2,3,0.6666666666666666,0.13333333333333333,0.2
77,-1246.2854062188417,67,Budget exceeded (post-adapt),0,0,26,21,20,0.3880597014925373,0.31343283582089554,0.29850746268656714
78,-1945.9214070779271,51,Budget exceeded (pre-action),0,0,15,16,20,0.29411764705882354,0.3137254901960784,0.39215686274509803
79,-1903.9321438912314,55,Budget exceeded (post-adapt),0,0,19,14,22,0.34545454545454546,0.2545454545454545,0.4
80,-2187.809488972624,91,Budget exceeded (post-adapt),0,0,23,36,32,0.25274725274725274,0.3956043956043956,0.3516483516483517
81,-1940.5979676946624,28,Budget exceeded (post-adapt),0,0,15,9,4,0.5357142857142857,0.32142857142857145,0.14285714285714285
82,-1273.7599854463479,57,Budget exceeded (pre-action),0,0,22,19,16,0.38596491228070173,0.3333333333333333,0.2807017543859649
83,-1311.3281055185944,37,Budget exceeded (pre-action),0,0,17,10,10,0.4594594594594595,0.2702702702702703,0.2702702702702703
84,-1969.926968574524,52,Budget exceeded (pre-action),0,0,20,16,16,0.38461538461538464,0.3076923076923077,0.3076923076923077
85,-1953.548696756363,28,Budget exceeded (post-adapt),0,0,14,5,9,0.5,0.17857142857142858,0.32142857142857145
86,-1865.6713654192863,53,Budget exceeded (post-adapt),0,0,19,12,22,0.3584905660377358,0.22641509433962265,0.41509433962264153
87,-1875.4866609150474,40,Budget exceeded (pre-action),0,0,16,11,13,0.4,0.275,0.325
88,-1280.4269702471793,37,Budget exceeded (post-adapt),0,0,15,7,15,0.40540540540540543,0.1891891891891892,0.40540540540540543
89,-1884.0432346463203,45,Budget exceeded (pre-action),0,0,19,13,13,0.4222222222222222,0.28888888888888886,0.28888888888888886
90,-1902.884629279375,64,Budget exceeded (pre-action),0,0,22,19,23,0.34375,0.296875,0.359375
91,-1297.8712703865021,36,Budget exceeded (pre-action),0,0,14,7,15,0.3888888888888889,0.19444444444444445,0.4166666666666667
92,-1298.7556168960873,36,Budget exceeded (pre-action),0,0,14,12,10,0.3888888888888889,0.3333333333333333,0.2777777777777778
93,-2023.5326043367386,48,Budget exceeded (post-adapt),0,0,16,15,17,0.3333333333333333,0.3125,0.3541666666666667
94,-1857.10036277771,24,Budget exceeded (pre-action),0,0,14,1,9,0.5833333333333334,0.041666666666666664,0.375
95,-1881.204538345337,18,Budget exceeded (post-adapt),0,0,13,4,1,0.7222222222222222,0.2222222222222222,0.05555555555555555
96,-1291.8426877558231,28,Budget exceeded (post-adapt),0,0,14,9,5,0.5,0.32142857142857145,0.17857142857142858
97,-1388.2948140761741,39,Budget exceeded (pre-action),0,0,16,13,10,0.41025641025641024,0.3333333333333333,0.2564102564102564
98,-1197.6668978788523,48,Budget exceeded (pre-action),0,0,14,16,18,0.2916666666666667,0.3333333333333333,0.375
99,-1282.8008523629978,43,Budget exceeded (post-adapt),0,0,18,12,13,0.4186046511627907,0.27906976744186046,0.3023255813953488
100,-1055.9266916774213,35,Budget exceeded (post-adapt),0,0,17,9,9,0.4857142857142857,0.2571428571428571,0.2571428571428571
101,-1306.9403879038618,66,Budget exceeded (pre-action),0,0,18,20,28,0.2727272727272727,0.30303030303030304,0.42424242424242425
102,-1463.688220561482,48,Budget exceeded (post-adapt),0,0,18,22,8,0.375,0.4583333333333333,0.16666666666666666
103,-1041.2552845478826,47,Budget exceeded (pre-action),0,0,18,14,15,0.3829787234042553,0.2978723404255319,0.3191489361702128
104,-1960.431426987052,37,Budget exceeded (pre-action),0,0,14,13,10,0.3783783783783784,0.35135135135135137,0.2702702702702703
105,-1871.1431741714478,28,Budget exceeded (post-adapt),0,0,13,10,5,0.4642857142857143,0.35714285714285715,0.17857142857142858
106,-1119.6078840062182,28,Budget exceeded (post-adapt),0,0,13,11,4,0.4642857142857143,0.39285714285714285,0.14285714285714285
107,-1275.4089602393387,47,Budget exceeded (pre-action),0,0,18,19,10,0.3829787234042553,0.40425531914893614,0.2127659574468085
108,-1878.2485059490427,36,Budget exceeded (post-adapt),0,0,17,11,8,0.4722222222222222,0.3055555555555556,0.2222222222222222
109,-1861.4935635272413,29,Budget exceeded (pre-action),0,0,13,4,12,0.4482758620689655,0.13793103448275862,0.41379310344827586
110,-1923.451933717979,39,Budget exceeded (post-adapt),0,0,15,12,12,0.38461538461538464,0.3076923076923077,0.3076923076923077
111,-1952.9450851101428,46,Budget exceeded (pre-action),0,0,17,16,13,0.3695652173913043,0.34782608695652173,0.2826086956521739
112,-1983.412692809332,34,Budget exceeded (pre-action),0,0,15,8,11,0.4411764705882353,0.23529411764705882,0.3235294117647059
113,-2330.363884168816,138,Budget exceeded (post-adapt),0,0,30,59,49,0.21739130434782608,0.427536231884058,0.35507246376811596
114,-1240.4990131748782,36,Budget exceeded (post-adapt),0,0,17,13,6,0.4722222222222222,0.3611111111111111,0.16666666666666666
115,-1278.898088991642,36,Budget exceeded (pre-action),0,0,13,11,12,0.3611111111111111,0.3055555555555556,0.3333333333333333
116,-1510.4596021700181,63,Budget exceeded (pre-action),0,0,16,32,15,0.25396825396825395,0.5079365079365079,0.23809523809523808
117,-964.662723722402,73,Budget exceeded (pre-action),0,0,24,24,25,0.3287671232876712,0.3287671232876712,0.3424657534246575
118,-835.7640197277069,23,Budget exceeded (pre-action),0,0,13,5,5,0.5652173913043478,0.21739130434782608,0.21739130434782608
119,-1384.42107167004,107,Budget exceeded (pre-action),0,0,27,34,46,0.2523364485981308,0.3177570093457944,0.42990654205607476
120,-1928.694991081953,33,Budget exceeded (post-adapt),0,0,15,9,9,0.45454545454545453,0.2727272727272727,0.2727272727272727
121,-2108.433195269513,66,Budget exceeded (pre-action),0,0,17,24,25,0.25757575757575757,0.36363636363636365,0.3787878787878788
122,-1132.0049494579434,23,Budget exceeded (post-adapt),0,0,11,7,5,0.4782608695652174,0.30434782608695654,0.21739130434782608
123,-2092.335306639874,92,Budget exceeded (pre-action),0,0,19,36,37,0.20652173913043478,0.391304347826087,0.40217391304347827
124,-1075.2839641571045,20,Budget exceeded (pre-action),0,0,11,0,9,0.55,0.0,0.45
125,-1145.1437234152108,35,Budget exceeded (post-adapt),0,0,12,14,9,0.34285714285714286,0.4,0.2571428571428571
126,-1923.6655875663273,31,Budget exceeded (pre-action),0,0,12,6,13,0.3870967741935484,0.1935483870967742,0.41935483870967744
127,-2173.4665192412067,92,Budget exceeded (post-adapt),0,0,23,30,39,0.25,0.32608695652173914,0.42391304347826086
128,-1949.7087860121537,64,Budget exceeded (pre-action),0,0,18,21,25,0.28125,0.328125,0.390625
129,-2142.433095909624,77,Budget exceeded (pre-action),0,0,17,36,24,0.22077922077922077,0.4675324675324675,0.3116883116883117
130,-2161.943330908369,91,Budget exceeded (post-adapt),0,0,20,38,33,0.21978021978021978,0.4175824175824176,0.3626373626373626
131,-1707.0374161910731,154,Budget exceeded (pre-action),0,0,25,61,68,0.16233766233766234,0.3961038961038961,0.44155844155844154
132,-793.2995371987054,300,Maximum episode steps reached,0,0,30,129,141,0.1,0.43,0.47
133,-927.4399777564468,300,Maximum episode steps reached,0,0,32,116,152,0.10666666666666667,0.38666666666666666,0.5066666666666667
134,-578.2339708322378,300,Maximum episode steps reached,0,0,45,98,157,0.15,0.32666666666666666,0.5233333333333333
135,-2042.6931908537808,90,Budget exceeded (post-adapt),0,0,19,24,47,0.2111111111111111,0.26666666666666666,0.5222222222222223
136,-1471.1905249694014,126,Budget exceeded (post-adapt),0,0,26,36,64,0.20634920634920634,0.2857142857142857,0.5079365079365079
137,-244.54250105220126,121,Maximum consecutive no-actions reached,0,0,17,25,79,0.14049586776859505,0.2066115702479339,0.6528925619834711
138,-204.4572972357273,114,Maximum consecutive no-actions reached,0,0,17,25,72,0.14912280701754385,0.21929824561403508,0.631578947368421
139,-242.8975087068975,101,Maximum consecutive no-actions reached,0,0,14,24,63,0.13861386138613863,0.2376237623762376,0.6237623762376238
140,-228.10183215903817,159,Maximum consecutive no-actions reached,0,0,22,31,106,0.13836477987421383,0.1949685534591195,0.6666666666666666
141,-1096.7245148075745,94,Maximum consecutive no-actions reached,0,0,17,12,65,0.18085106382978725,0.1276595744680851,0.6914893617021277
142,-94.74393857922405,77,Maximum consecutive no-actions reached,0,0,14,16,47,0.18181818181818182,0.2077922077922078,0.6103896103896104
143,27.343032836914062,32,Maximum consecutive no-actions reached,0,0,9,1,22,0.28125,0.03125,0.6875
144,-1873.734784066677,52,Budget exceeded (post-adapt),0,0,15,6,31,0.28846153846153844,0.11538461538461539,0.5961538461538461
145,-1914.822213936597,71,Budget exceeded (pre-action),0,0,16,13,42,0.22535211267605634,0.18309859154929578,0.5915492957746479
146,-150.91867750883102,110,Maximum consecutive no-actions reached,0,0,14,11,85,0.12727272727272726,0.1,0.7727272727272727
147,-955.0395960658789,53,Budget exceeded (pre-action),0,0,16,7,30,0.3018867924528302,0.1320754716981132,0.5660377358490566
148,-71.25784268486314,92,Maximum consecutive no-actions reached,0,0,15,16,61,0.16304347826086957,0.17391304347826086,0.6630434782608695
149,-906.4009861946106,37,Budget exceeded (post-adapt),0,0,12,2,23,0.32432432432432434,0.05405405405405406,0.6216216216216216
150,-117.34386120736599,74,Maximum consecutive no-actions reached,0,0,14,12,48,0.1891891891891892,0.16216216216216217,0.6486486486486487
151,29.36932134628296,49,Maximum consecutive no-actions reached,0,0,8,3,38,0.16326530612244897,0.061224489795918366,0.7755102040816326
152,33.87986120581627,32,Maximum consecutive no-actions reached,0,0,8,4,20,0.25,0.125,0.625
153,43.52037535607815,38,Maximum consecutive no-actions reached,0,0,9,1,28,0.23684210526315788,0.02631578947368421,0.7368421052631579
154,-165.52777290344238,74,Maximum consecutive no-actions reached,0,0,11,8,55,0.14864864864864866,0.10810810810810811,0.7432432432432432
155,-81.71807384490967,38,Maximum consecutive no-actions reached,0,0,8,2,28,0.21052631578947367,0.05263157894736842,0.7368421052631579
156,-409.5224606972188,48,Maximum consecutive no-actions reached,0,0,10,4,34,0.20833333333333334,0.08333333333333333,0.7083333333333334
157,-17.545746952295303,43,Maximum consecutive no-actions reached,0,0,10,2,31,0.23255813953488372,0.046511627906976744,0.7209302325581395
158,-124.12948513031006,42,Maximum consecutive no-actions reached,0,0,7,4,31,0.16666666666666666,0.09523809523809523,0.7380952380952381
159,-15.082406997680664,27,Maximum consecutive no-actions reached,0,0,4,0,23,0.14814814814814814,0.0,0.8518518518518519
160,4.680690765380859,26,Maximum consecutive no-actions reached,0,0,8,1,17,0.3076923076923077,0.038461538461538464,0.6538461538461539
161,-224.4959545135498,36,Maximum consecutive no-actions reached,0,0,8,1,27,0.2222222222222222,0.027777777777777776,0.75
162,26.401473850011826,76,Maximum consecutive no-actions reached,0,0,10,7,59,0.13157894736842105,0.09210526315789473,0.7763157894736842
163,-28.987380911130458,57,Maximum consecutive no-actions reached,0,0,11,2,44,0.19298245614035087,0.03508771929824561,0.7719298245614035
164,18.368173599243164,34,Maximum consecutive no-actions reached,0,0,7,4,23,0.20588235294117646,0.11764705882352941,0.6764705882352942
165,-1.353471259586513,47,Maximum consecutive no-actions reached,0,0,9,4,34,0.19148936170212766,0.0851063829787234,0.723404255319149
166,-37.47907600118555,61,Maximum consecutive no-actions reached,0,0,12,8,41,0.19672131147540983,0.13114754098360656,0.6721311475409836
167,-86.50411868095398,63,Maximum consecutive no-actions reached,0,0,12,4,47,0.19047619047619047,0.06349206349206349,0.746031746031746
168,29.827569723129272,48,Maximum consecutive no-actions reached,0,0,10,0,38,0.20833333333333334,0.0,0.7916666666666666
169,-1253.3697341680527,40,Budget exceeded (post-adapt),0,0,13,3,24,0.325,0.075,0.6
170,-43.93326739966869,34,Maximum consecutive no-actions reached,0,0,7,2,25,0.20588235294117646,0.058823529411764705,0.7352941176470589
171,-3.993558883666992,42,Maximum consecutive no-actions reached,0,0,6,4,32,0.14285714285714285,0.09523809523809523,0.7619047619047619
172,-59.60359343490563,48,Maximum consecutive no-actions reached,0,0,9,3,36,0.1875,0.0625,0.75
173,-17.126255989074707,47,Maximum consecutive no-actions reached,0,0,11,2,34,0.23404255319148937,0.0425531914893617,0.723404255319149
174,-21.679097652435303,26,Maximum consecutive no-actions reached,0,0,8,1,17,0.3076923076923077,0.038461538461538464,0.6538461538461539
175,-1184.0378767251968,50,Budget exceeded (pre-action),0,0,14,5,31,0.28,0.1,0.62
176,-1334.181544303894,78,Budget exceeded (post-adapt),0,0,13,4,61,0.16666666666666666,0.05128205128205128,0.782051282051282
177,-65.83765250507986,47,Maximum consecutive no-actions reached,0,0,10,8,29,0.2127659574468085,0.1702127659574468,0.6170212765957447
178,-1289.57925927639,36,Budget exceeded (pre-action),0,0,13,2,21,0.3611111111111111,0.05555555555555555,0.5833333333333334
179,-1908.4749955832958,51,Budget exceeded (post-adapt),0,0,15,6,30,0.29411764705882354,0.11764705882352941,0.5882352941176471
180,-301.3835792541504,35,Maximum consecutive no-actions reached,0,0,13,1,21,0.37142857142857144,0.02857142857142857,0.6
181,-1031.8403708934784,49,Budget exceeded (post-adapt),0,0,15,5,29,0.30612244897959184,0.10204081632653061,0.5918367346938775
182,-1067.7366366386414,58,Budget exceeded (pre-action),0,0,13,1,44,0.22413793103448276,0.017241379310344827,0.7586206896551724
183,-1773.084810256958,60,Budget exceeded (pre-action),0,0,15,1,44,0.25,0.016666666666666666,0.7333333333333333
184,-1227.2359261512756,39,Budget exceeded (post-adapt),0,0,17,3,19,0.4358974358974359,0.07692307692307693,0.48717948717948717
185,-1247.7750296592712,48,Budget exceeded (pre-action),0,0,13,2,33,0.2708333333333333,0.041666666666666664,0.6875
186,-323.6139724254608,50,Maximum consecutive no-actions reached,0,0,13,3,34,0.26,0.06,0.68
187,-371.44224405288696,60,Maximum consecutive no-actions reached,0,0,13,1,46,0.21666666666666667,0.016666666666666666,0.7666666666666667
188,-27.608027935028076,62,Maximum consecutive no-actions reached,0,0,12,6,44,0.1935483870967742,0.0967741935483871,0.7096774193548387
189,-1932.0108486250974,58,Budget exceeded (post-adapt),0,0,12,6,40,0.20689655172413793,0.10344827586206896,0.6896551724137931
190,-228.596529006958,49,Maximum consecutive no-actions reached,0,0,10,2,37,0.20408163265306123,0.04081632653061224,0.7551020408163265
191,-113.75993752479553,36,Maximum consecutive no-actions reached,0,0,9,3,24,0.25,0.08333333333333333,0.6666666666666666
192,-358.8574948310852,60,Maximum consecutive no-actions reached,0,0,12,5,43,0.2,0.08333333333333333,0.7166666666666667
193,-26.329493045806885,26,Maximum consecutive no-actions reached,0,0,6,1,19,0.23076923076923078,0.038461538461538464,0.7307692307692307
194,21.25908660888672,39,Maximum consecutive no-actions reached,0,0,11,1,27,0.28205128205128205,0.02564102564102564,0.6923076923076923
195,40.434403624636616,70,Maximum consecutive no-actions reached,0,0,11,3,56,0.15714285714285714,0.04285714285714286,0.8
196,-1922.561018705368,65,Budget exceeded (pre-action),0,0,12,3,50,0.18461538461538463,0.046153846153846156,0.7692307692307693
197,8.322952270507812,44,Maximum consecutive no-actions reached,0,0,7,0,37,0.1590909090909091,0.0,0.8409090909090909
198,-7.518126726150513,44,Maximum consecutive no-actions reached,0,0,7,5,32,0.1590909090909091,0.11363636363636363,0.7272727272727273
199,43.777254581451416,38,Maximum consecutive no-actions reached,0,0,9,1,28,0.23684210526315788,0.02631578947368421,0.7368421052631579
200,-949.13678586483,48,Maximum consecutive no-actions reached,0,0,12,1,35,0.25,0.020833333333333332,0.7291666666666666
201,42.70696830749512,39,Maximum consecutive no-actions reached,0,0,10,0,29,0.2564102564102564,0.0,0.7435897435897436
202,-1209.582906872034,41,Budget exceeded (pre-action),0,0,13,1,27,0.3170731707317073,0.024390243902439025,0.6585365853658537
203,-112.91244745254517,50,Maximum consecutive no-actions reached,0,0,14,1,35,0.28,0.02,0.7
204,-1852.2454080581665,41,Budget exceeded (post-adapt),0,0,13,1,27,0.3170731707317073,0.024390243902439025,0.6585365853658537
205,-989.5738899707794,31,Budget exceeded (post-adapt),0,0,12,1,18,0.3870967741935484,0.03225806451612903,0.5806451612903226
206,42.59328603744507,40,Maximum consecutive no-actions reached,0,0,9,3,28,0.225,0.075,0.7
207,-6.336858749389648,40,Maximum consecutive no-actions reached,0,0,11,1,28,0.275,0.025,0.7
208,2.8469655513763428,42,Maximum consecutive no-actions reached,0,0,7,3,32,0.16666666666666666,0.07142857142857142,0.7619047619047619
209,-59.43365669250488,42,Maximum consecutive no-actions reached,0,0,9,0,33,0.21428571428571427,0.0,0.7857142857142857
210,-15.150261878967285,29,Maximum consecutive no-actions reached,0,0,7,0,22,0.2413793103448276,0.0,0.7586206896551724
211,-327.0569906234741,54,Maximum consecutive no-actions reached,0,0,12,0,42,0.2222222222222222,0.0,0.7777777777777778
212,14.109894275665283,45,Maximum consecutive no-actions reached,0,0,9,2,34,0.2,0.044444444444444446,0.7555555555555555
213,-1022.1537089347839,60,Maximum consecutive no-actions reached,0,0,11,3,46,0.18333333333333332,0.05,0.7666666666666667
214,35.25326144695282,55,Maximum consecutive no-actions reached,0,0,9,2,44,0.16363636363636364,0.03636363636363636,0.8
215,-56.329414350911975,40,Maximum consecutive no-actions reached,0,0,9,1,30,0.225,0.025,0.75
216,22.29760456085205,32,Maximum consecutive no-actions reached,0,0,8,1,23,0.25,0.03125,0.71875
217,-15.943662643432617,44,Maximum consecutive no-actions reached,0,0,9,1,34,0.20454545454545456,0.022727272727272728,0.7727272727272727
218,-181.9313059253618,53,Maximum consecutive no-actions reached,0,0,10,3,40,0.18867924528301888,0.05660377358490566,0.7547169811320755
219,-5.465528964996338,30,Maximum consecutive no-actions reached,0,0,8,2,20,0.26666666666666666,0.06666666666666667,0.6666666666666666
220,-197.53126740455627,36,Maximum consecutive no-actions reached,0,0,11,1,24,0.3055555555555556,0.027777777777777776,0.6666666666666666
221,-112.03132152557373,64,Maximum consecutive no-actions reached,0,0,11,3,50,0.171875,0.046875,0.78125
222,-874.1273331642151,37,Budget exceeded (post-adapt),0,0,13,0,24,0.35135135135135137,0.0,0.6486486486486487
223,-1849.246246099472,80,Budget exceeded (post-adapt),0,0,16,2,62,0.2,0.025,0.775
224,-66.62837433815002,57,Maximum consecutive no-actions reached,0,0,11,2,44,0.19298245614035087,0.03508771929824561,0.7719298245614035
225,-323.8931460380554,61,Maximum consecutive no-actions reached,0,0,14,3,44,0.22950819672131148,0.04918032786885246,0.7213114754098361
226,36.54335308074951,51,Maximum consecutive no-actions reached,0,0,10,2,39,0.19607843137254902,0.0392156862745098,0.7647058823529411
227,72.04217672348022,48,Maximum consecutive no-actions reached,0,0,10,2,36,0.20833333333333334,0.041666666666666664,0.75
228,35.037369072437286,34,Maximum consecutive no-actions reached,0,0,6,0,28,0.17647058823529413,0.0,0.8235294117647058
229,-970.9871628284454,44,Budget exceeded (post-adapt),0,0,13,1,30,0.29545454545454547,0.022727272727272728,0.6818181818181818
230,36.53041350841522,38,Maximum consecutive no-actions reached,0,0,10,2,26,0.2631578947368421,0.05263157894736842,0.6842105263157895
231,12.075819969177246,42,Maximum consecutive no-actions reached,0,0,10,2,30,0.23809523809523808,0.047619047619047616,0.7142857142857143
232,-966.0311260223389,56,Budget exceeded (post-adapt),0,0,12,1,43,0.21428571428571427,0.017857142857142856,0.7678571428571429
233,20.366442784667015,25,Maximum consecutive no-actions reached,0,0,5,1,19,0.2,0.04,0.76
234,-75.63074159622192,68,Maximum consecutive no-actions reached,0,0,12,1,55,0.17647058823529413,0.014705882352941176,0.8088235294117647
235,-38.010206401348114,39,Maximum consecutive no-actions reached,0,0,9,1,29,0.23076923076923078,0.02564102564102564,0.7435897435897436
236,-3.5489377975463867,20,Maximum consecutive no-actions reached,0,0,4,0,16,0.2,0.0,0.8
237,-2.700566291809082,29,Maximum consecutive no-actions reached,0,0,5,1,23,0.1724137931034483,0.034482758620689655,0.7931034482758621
238,-60.065752029418945,25,Maximum consecutive no-actions reached,0,0,8,0,17,0.32,0.0,0.68
239,41.546671867370605,48,Maximum consecutive no-actions reached,0,0,11,2,35,0.22916666666666666,0.041666666666666664,0.7291666666666666
240,-904.1187958717346,46,Budget exceeded (pre-action),0,0,10,0,36,0.21739130434782608,0.0,0.782608695652174
241,32.48761582374573,35,Maximum consecutive no-actions reached,0,0,8,1,26,0.22857142857142856,0.02857142857142857,0.7428571428571429
242,55.9776406288147,45,Maximum consecutive no-actions reached,0,0,11,0,34,0.24444444444444444,0.0,0.7555555555555555
243,-20.938656091690063,40,Maximum consecutive no-actions reached,0,0,8,0,32,0.2,0.0,0.8
244,63.455623492598534,41,Maximum consecutive no-actions reached,0,0,9,2,30,0.21951219512195122,0.04878048780487805,0.7317073170731707
245,54.27272701263428,24,Maximum consecutive no-actions reached,0,0,8,0,16,0.3333333333333333,0.0,0.6666666666666666
246,45.657809257507324,47,Maximum consecutive no-actions reached,0,0,7,1,39,0.14893617021276595,0.02127659574468085,0.8297872340425532
247,-1855.9906988292933,37,Budget exceeded (post-adapt),0,0,15,1,21,0.40540540540540543,0.02702702702702703,0.5675675675675675
248,14.589641571044922,26,Maximum consecutive no-actions reached,0,0,7,2,17,0.2692307692307692,0.07692307692307693,0.6538461538461539
249,-65.31031036376953,43,Maximum consecutive no-actions reached,0,0,11,0,32,0.2558139534883721,0.0,0.7441860465116279
250,-987.3722898960114,62,Maximum consecutive no-actions reached,0,0,12,1,49,0.1935483870967742,0.016129032258064516,0.7903225806451613
251,41.62230956554413,31,Maximum consecutive no-actions reached,0,0,8,0,23,0.25806451612903225,0.0,0.7419354838709677
252,-1918.1723079681396,39,Budget exceeded (post-adapt),0,0,11,0,28,0.28205128205128205,0.0,0.717948717948718
253,-359.6736611276865,51,Maximum consecutive no-actions reached,0,0,12,2,37,0.23529411764705882,0.0392156862745098,0.7254901960784313
254,6.097451686859131,38,Maximum consecutive no-actions reached,0,0,8,0,30,0.21052631578947367,0.0,0.7894736842105263
255,-998.9301693439484,41,Maximum consecutive no-actions reached,0,0,10,0,31,0.24390243902439024,0.0,0.7560975609756098
256,-28.23651123046875,44,Maximum consecutive no-actions reached,0,0,9,4,31,0.20454545454545456,0.09090909090909091,0.7045454545454546
257,54.87630271911621,34,Maximum consecutive no-actions reached,0,0,8,0,26,0.23529411764705882,0.0,0.7647058823529411
258,-65.52453017234802,56,Maximum consecutive no-actions reached,0,0,11,0,45,0.19642857142857142,0.0,0.8035714285714286
259,2.4569807052612305,25,Maximum consecutive no-actions reached,0,0,6,3,16,0.24,0.12,0.64
260,53.64713716506958,44,Maximum consecutive no-actions reached,0,0,9,1,34,0.20454545454545456,0.022727272727272728,0.7727272727272727
261,42.23079550266266,33,Maximum consecutive no-actions reached,0,0,8,1,24,0.24242424242424243,0.030303030303030304,0.7272727272727273
262,-878.765983581543,61,Maximum consecutive no-actions reached,0,0,15,0,46,0.2459016393442623,0.0,0.7540983606557377
263,-113.08323955535889,62,Maximum consecutive no-actions reached,0,0,12,1,49,0.1935483870967742,0.016129032258064516,0.7903225806451613
264,42.567492723464966,41,Maximum consecutive no-actions reached,0,0,8,1,32,0.1951219512195122,0.024390243902439025,0.7804878048780488
265,23.70101833343506,54,Maximum consecutive no-actions reached,0,0,11,1,42,0.2037037037037037,0.018518518518518517,0.7777777777777778
266,87.49126148223877,34,Maximum consecutive no-actions reached,0,0,9,1,24,0.2647058823529412,0.029411764705882353,0.7058823529411765
267,-118.65090751647949,30,Maximum consecutive no-actions reached,0,0,8,1,21,0.26666666666666666,0.03333333333333333,0.7
268,-1002.0149168968201,54,Budget exceeded (post-adapt),0,0,11,1,42,0.2037037037037037,0.018518518518518517,0.7777777777777778
269,-6.293243110179901,35,Maximum consecutive no-actions reached,0,0,7,1,27,0.2,0.02857142857142857,0.7714285714285715
270,41.98826789855957,49,Maximum consecutive no-actions reached,0,0,9,0,40,0.1836734693877551,0.0,0.8163265306122449
271,-17.161002159118652,17,Maximum consecutive no-actions reached,0,0,4,0,13,0.23529411764705882,0.0,0.7647058823529411
272,-16.401355743408203,22,Maximum consecutive no-actions reached,0,0,5,0,17,0.22727272727272727,0.0,0.7727272727272727
273,14.792736530303955,28,Maximum consecutive no-actions reached,0,0,8,1,19,0.2857142857142857,0.03571428571428571,0.6785714285714286
274,-202.05224800109863,51,Maximum consecutive no-actions reached,0,0,10,3,38,0.19607843137254902,0.058823529411764705,0.7450980392156863
275,13.929365158081055,31,Maximum consecutive no-actions reached,0,0,5,0,26,0.16129032258064516,0.0,0.8387096774193549
276,-39.92129039764404,56,Maximum consecutive no-actions reached,0,0,9,1,46,0.16071428571428573,0.017857142857142856,0.8214285714285714
277,56.924336433410645,37,Maximum consecutive no-actions reached,0,0,7,0,30,0.1891891891891892,0.0,0.8108108108108109
278,-1907.0596475601196,43,Budget exceeded (post-adapt),0,0,11,1,31,0.2558139534883721,0.023255813953488372,0.7209302325581395
279,28.33836269378662,26,Maximum consecutive no-actions reached,0,0,6,1,19,0.23076923076923078,0.038461538461538464,0.7307692307692307
280,-1908.2082810401917,28,Budget exceeded (pre-action),0,0,10,0,18,0.35714285714285715,0.0,0.6428571428571429
281,-99.76094436645508,49,Maximum consecutive no-actions reached,0,0,9,0,40,0.1836734693877551,0.0,0.8163265306122449
282,12.137120246887207,18,Maximum consecutive no-actions reached,0,0,6,0,12,0.3333333333333333,0.0,0.6666666666666666
283,63.261390686035156,33,Maximum consecutive no-actions reached,0,0,11,1,21,0.3333333333333333,0.030303030303030304,0.6363636363636364
284,62.39493501186371,56,Maximum consecutive no-actions reached,0,0,11,3,42,0.19642857142857142,0.05357142857142857,0.75
285,-9.796350955963135,20,Maximum consecutive no-actions reached,0,0,5,0,15,0.25,0.0,0.75
286,-15.475958824157715,27,Maximum consecutive no-actions reached,0,0,8,0,19,0.2962962962962963,0.0,0.7037037037037037
287,10.754343748092651,56,Maximum consecutive no-actions reached,0,0,10,1,45,0.17857142857142858,0.017857142857142856,0.8035714285714286
288,43.4038610458374,32,Maximum consecutive no-actions reached,0,0,7,0,25,0.21875,0.0,0.78125
289,-198.1460406780243,39,Maximum consecutive no-actions reached,0,0,10,0,29,0.2564102564102564,0.0,0.7435897435897436
290,-1236.0140447616577,41,Budget exceeded (pre-action),0,0,12,0,29,0.2926829268292683,0.0,0.7073170731707317
291,-194.06980949640274,54,Maximum consecutive no-actions reached,0,0,9,0,45,0.16666666666666666,0.0,0.8333333333333334
292,-4.244426965713501,23,Maximum consecutive no-actions reached,0,0,6,1,16,0.2608695652173913,0.043478260869565216,0.6956521739130435
293,5.60553240776062,23,Maximum consecutive no-actions reached,0,0,5,0,18,0.21739130434782608,0.0,0.782608695652174
294,10.590126514434814,31,Maximum consecutive no-actions reached,0,0,8,0,23,0.25806451612903225,0.0,0.7419354838709677
295,12.377359390258789,21,Maximum consecutive no-actions reached,0,0,5,0,16,0.23809523809523808,0.0,0.7619047619047619
296,28.960686564445496,27,Maximum consecutive no-actions reached,0,0,7,1,19,0.25925925925925924,0.037037037037037035,0.7037037037037037
297,21.440547466278076,42,Maximum consecutive no-actions reached,0,0,12,0,30,0.2857142857142857,0.0,0.7142857142857143
298,1.8439912796020508,37,Maximum consecutive no-actions reached,0,0,7,1,29,0.1891891891891892,0.02702702702702703,0.7837837837837838
299,-31.814478039741516,42,Maximum consecutive no-actions reached,0,0,7,0,35,0.16666666666666666,0.0,0.8333333333333334
300,-87.33163750171661,45,Maximum consecutive no-actions reached,0,0,7,1,37,0.15555555555555556,0.022222222222222223,0.8222222222222222
301,-63.029255867004395,43,Maximum consecutive no-actions reached,0,0,12,0,31,0.27906976744186046,0.0,0.7209302325581395
302,28.3231201171875,24,Maximum consecutive no-actions reached,0,0,7,1,16,0.2916666666666667,0.041666666666666664,0.6666666666666666
303,40.24530649185181,46,Maximum consecutive no-actions reached,0,0,8,0,38,0.17391304347826086,0.0,0.8260869565217391
304,-46.567363262176514,41,Maximum consecutive no-actions reached,0,0,8,0,33,0.1951219512195122,0.0,0.8048780487804879
305,10.578999996185303,41,Maximum consecutive no-actions reached,0,0,9,0,32,0.21951219512195122,0.0,0.7804878048780488
306,-36.27213668823242,56,Maximum consecutive no-actions reached,0,0,11,0,45,0.19642857142857142,0.0,0.8035714285714286
307,-33.22294616699219,31,Maximum consecutive no-actions reached,0,0,10,1,20,0.3225806451612903,0.03225806451612903,0.6451612903225806
308,-13.825544357299805,55,Maximum consecutive no-actions reached,0,0,8,1,46,0.14545454545454545,0.01818181818181818,0.8363636363636363
309,51.3918354511261,39,Maximum consecutive no-actions reached,0,0,9,2,28,0.23076923076923078,0.05128205128205128,0.717948717948718
310,23.694287300109863,25,Maximum consecutive no-actions reached,0,0,7,0,18,0.28,0.0,0.72
311,46.1071982383728,37,Maximum consecutive no-actions reached,0,0,9,1,27,0.24324324324324326,0.02702702702702703,0.7297297297297297
312,40.07208013534546,35,Maximum consecutive no-actions reached,0,0,8,1,26,0.22857142857142856,0.02857142857142857,0.7428571428571429
313,-2.1217994689941406,19,Maximum consecutive no-actions reached,0,0,6,0,13,0.3157894736842105,0.0,0.6842105263157895
314,-63.378756523132324,35,Maximum consecutive no-actions reached,0,0,9,0,26,0.2571428571428571,0.0,0.7428571428571429
315,4.502427101135254,28,Maximum consecutive no-actions reached,0,0,5,0,23,0.17857142857142858,0.0,0.8214285714285714
316,16.605637550354004,31,Maximum consecutive no-actions reached,0,0,8,0,23,0.25806451612903225,0.0,0.7419354838709677
317,40.336137771606445,32,Maximum consecutive no-actions reached,0,0,6,0,26,0.1875,0.0,0.8125
318,30.112950086593628,53,Maximum consecutive no-actions reached,0,0,13,3,37,0.24528301886792453,0.05660377358490566,0.6981132075471698
319,30.996174812316895,24,Maximum consecutive no-actions reached,0,0,7,0,17,0.2916666666666667,0.0,0.7083333333333334
320,-123.55029344558716,60,Maximum consecutive no-actions reached,0,0,11,3,46,0.18333333333333332,0.05,0.7666666666666667
321,-4.244260907173157,22,Maximum consecutive no-actions reached,0,0,6,1,15,0.2727272727272727,0.045454545454545456,0.6818181818181818
322,12.462071895599365,22,Maximum consecutive no-actions reached,0,0,6,1,15,0.2727272727272727,0.045454545454545456,0.6818181818181818
323,-59.2554817199707,36,Maximum consecutive no-actions reached,0,0,8,0,28,0.2222222222222222,0.0,0.7777777777777778
324,2.229093551635742,20,Maximum consecutive no-actions reached,0,0,5,0,15,0.25,0.0,0.75
325,-95.66270017623901,53,Maximum consecutive no-actions reached,0,0,11,0,42,0.20754716981132076,0.0,0.7924528301886793
326,47.83112049102783,68,Maximum consecutive no-actions reached,0,0,10,2,56,0.14705882352941177,0.029411764705882353,0.8235294117647058
327,-44.72793388366699,31,Maximum consecutive no-actions reached,0,0,7,1,23,0.22580645161290322,0.03225806451612903,0.7419354838709677
328,38.59845733642578,35,Maximum consecutive no-actions reached,0,0,7,0,28,0.2,0.0,0.8
329,-862.8104991912842,40,Budget exceeded (pre-action),0,0,12,0,28,0.3,0.0,0.7
330,-46.0773983001709,35,Maximum consecutive no-actions reached,0,0,7,0,28,0.2,0.0,0.8
331,-1019.1762223243713,59,Budget exceeded (post-adapt),0,0,13,1,45,0.22033898305084745,0.01694915254237288,0.7627118644067796
332,-11.196735382080078,53,Maximum consecutive no-actions reached,0,0,11,0,42,0.20754716981132076,0.0,0.7924528301886793
333,49.86058950424194,32,Maximum consecutive no-actions reached,0,0,7,0,25,0.21875,0.0,0.78125
334,12.15058445930481,39,Maximum consecutive no-actions reached,0,0,9,0,30,0.23076923076923078,0.0,0.7692307692307693
335,56.46787905693054,55,Maximum consecutive no-actions reached,0,0,10,1,44,0.18181818181818182,0.01818181818181818,0.8
336,-18.455960273742676,30,Maximum consecutive no-actions reached,0,0,7,0,23,0.23333333333333334,0.0,0.7666666666666667
337,50.23619604110718,41,Maximum consecutive no-actions reached,0,0,8,2,31,0.1951219512195122,0.04878048780487805,0.7560975609756098
338,-19.857151985168457,24,Maximum consecutive no-actions reached,0,0,7,0,17,0.2916666666666667,0.0,0.7083333333333334
339,62.118934631347656,26,Maximum consecutive no-actions reached,0,0,7,0,19,0.2692307692307692,0.0,0.7307692307692307
340,112.42743062973022,46,Maximum consecutive no-actions reached,0,0,12,0,34,0.2608695652173913,0.0,0.7391304347826086
341,-57.5317702293396,39,Maximum consecutive no-actions reached,0,0,9,0,30,0.23076923076923078,0.0,0.7692307692307693
342,8.889636993408203,28,Maximum consecutive no-actions reached,0,0,8,0,20,0.2857142857142857,0.0,0.7142857142857143
343,-35.599610805511475,24,Maximum consecutive no-actions reached,0,0,4,0,20,0.16666666666666666,0.0,0.8333333333333334
344,-992.7148952484131,41,Maximum consecutive no-actions reached,0,0,11,0,30,0.2682926829268293,0.0,0.7317073170731707
345,-8.322626113891602,42,Maximum consecutive no-actions reached,0,0,7,0,35,0.16666666666666666,0.0,0.8333333333333334
346,-145.1414852142334,72,Maximum consecutive no-actions reached,0,0,12,2,58,0.16666666666666666,0.027777777777777776,0.8055555555555556
347,23.83540654182434,32,Maximum consecutive no-actions reached,0,0,6,0,26,0.1875,0.0,0.8125
348,32.126548767089844,32,Maximum consecutive no-actions reached,0,0,8,0,24,0.25,0.0,0.75
349,37.44148111343384,47,Maximum consecutive no-actions reached,0,0,8,0,39,0.1702127659574468,0.0,0.8297872340425532
350,77.20737195014954,44,Maximum consecutive no-actions reached,0,0,10,0,34,0.22727272727272727,0.0,0.7727272727272727
351,25.691431045532227,34,Maximum consecutive no-actions reached,0,0,7,0,27,0.20588235294117646,0.0,0.7941176470588235
352,39.706942081451416,37,Maximum consecutive no-actions reached,0,0,11,1,25,0.2972972972972973,0.02702702702702703,0.6756756756756757
353,-1034.6478185653687,26,Maximum consecutive no-actions reached,0,0,10,1,15,0.38461538461538464,0.038461538461538464,0.5769230769230769
354,35.888744831085205,38,Maximum consecutive no-actions reached,0,0,10,0,28,0.2631578947368421,0.0,0.7368421052631579
355,15.736555099487305,23,Maximum consecutive no-actions reached,0,0,8,0,15,0.34782608695652173,0.0,0.6521739130434783
356,-52.790812492370605,19,Maximum consecutive no-actions reached,0,0,3,0,16,0.15789473684210525,0.0,0.8421052631578947
357,-15.826083183288574,60,Maximum consecutive no-actions reached,0,0,12,0,48,0.2,0.0,0.8
358,-67.17403411865234,36,Maximum consecutive no-actions reached,0,0,12,0,24,0.3333333333333333,0.0,0.6666666666666666
359,34.48988056182861,21,Maximum consecutive no-actions reached,0,0,6,1,14,0.2857142857142857,0.047619047619047616,0.6666666666666666
360,23.724559783935547,21,Maximum consecutive no-actions reached,0,0,6,0,15,0.2857142857142857,0.0,0.7142857142857143
361,-122.05612468719482,38,Maximum consecutive no-actions reached,0,0,8,0,30,0.21052631578947367,0.0,0.7894736842105263
362,-125.81814670562744,40,Maximum consecutive no-actions reached,0,0,10,2,28,0.25,0.05,0.7
363,78.27601099014282,31,Maximum consecutive no-actions reached,0,0,9,0,22,0.2903225806451613,0.0,0.7096774193548387
364,38.31830978393555,36,Maximum consecutive no-actions reached,0,0,10,0,26,0.2777777777777778,0.0,0.7222222222222222
365,21.590724050998688,34,Maximum consecutive no-actions reached,0,0,8,1,25,0.23529411764705882,0.029411764705882353,0.7352941176470589
366,20.409664630889893,19,Maximum consecutive no-actions reached,0,0,7,0,12,0.3684210526315789,0.0,0.631578947368421
367,-18.044638633728027,28,Maximum consecutive no-actions reached,0,0,7,2,19,0.25,0.07142857142857142,0.6785714285714286
368,-153.08306074142456,23,Maximum consecutive no-actions reached,0,0,7,0,16,0.30434782608695654,0.0,0.6956521739130435
369,50.14792346954346,58,Maximum consecutive no-actions reached,0,0,13,1,44,0.22413793103448276,0.017241379310344827,0.7586206896551724
370,-14.000639915466309,24,Maximum consecutive no-actions reached,0,0,7,1,16,0.2916666666666667,0.041666666666666664,0.6666666666666666
371,72.89713165660396,49,Maximum consecutive no-actions reached,0,0,11,3,35,0.22448979591836735,0.061224489795918366,0.7142857142857143
372,-21.65345287322998,26,Maximum consecutive no-actions reached,0,0,7,0,19,0.2692307692307692,0.0,0.7307692307692307
373,39.636385917663574,36,Maximum consecutive no-actions reached,0,0,9,0,27,0.25,0.0,0.75
374,10.282078504562378,41,Maximum consecutive no-actions reached,0,0,7,1,33,0.17073170731707318,0.024390243902439025,0.8048780487804879
375,48.940528869628906,27,Maximum consecutive no-actions reached,0,0,7,0,20,0.25925925925925924,0.0,0.7407407407407407
376,-17.13803005218506,21,Maximum consecutive no-actions reached,0,0,4,0,17,0.19047619047619047,0.0,0.8095238095238095
377,-17.51484251022339,27,Maximum consecutive no-actions reached,0,0,9,1,17,0.3333333333333333,0.037037037037037035,0.6296296296296297
378,-6.0619794726371765,38,Maximum consecutive no-actions reached,0,0,8,2,28,0.21052631578947367,0.05263157894736842,0.7368421052631579
379,-39.13127088546753,23,Maximum consecutive no-actions reached,0,0,7,0,16,0.30434782608695654,0.0,0.6956521739130435
380,-17.336026191711426,21,Maximum consecutive no-actions reached,0,0,6,0,15,0.2857142857142857,0.0,0.7142857142857143
381,51.756056785583496,37,Maximum consecutive no-actions reached,0,0,7,1,29,0.1891891891891892,0.02702702702702703,0.7837837837837838
382,-4.37233567237854,39,Maximum consecutive no-actions reached,0,0,11,1,27,0.28205128205128205,0.02564102564102564,0.6923076923076923
383,-903.658953666687,58,Budget exceeded (pre-action),0,0,12,2,44,0.20689655172413793,0.034482758620689655,0.7586206896551724
384,-124.20753002166748,33,Maximum consecutive no-actions reached,0,0,9,0,24,0.2727272727272727,0.0,0.7272727272727273
385,54.744239807128906,32,Maximum consecutive no-actions reached,0,0,10,0,22,0.3125,0.0,0.6875
386,44.771432876586914,44,Maximum consecutive no-actions reached,0,0,10,0,34,0.22727272727272727,0.0,0.7727272727272727
387,51.39346122741699,32,Maximum consecutive no-actions reached,0,0,7,0,25,0.21875,0.0,0.78125
388,-201.8106439113617,55,Maximum consecutive no-actions reached,0,0,9,0,46,0.16363636363636364,0.0,0.8363636363636363
389,25.526317596435547,42,Maximum consecutive no-actions reached,0,0,9,0,33,0.21428571428571427,0.0,0.7857142857142857
390,-1.1485567092895508,17,Maximum consecutive no-actions reached,0,0,5,0,12,0.29411764705882354,0.0,0.7058823529411765
391,-14.519027948379517,37,Maximum consecutive no-actions reached,0,0,8,2,27,0.21621621621621623,0.05405405405405406,0.7297297297297297
392,49.752017974853516,19,Maximum consecutive no-actions reached,0,0,6,0,13,0.3157894736842105,0.0,0.6842105263157895
393,-20.621140718460083,33,Maximum consecutive no-actions reached,0,0,8,0,25,0.24242424242424243,0.0,0.7575757575757576
394,69.33507537841797,52,Maximum consecutive no-actions reached,0,0,8,1,43,0.15384615384615385,0.019230769230769232,0.8269230769230769
395,-98.16223621368408,59,Maximum consecutive no-actions reached,0,0,11,0,48,0.1864406779661017,0.0,0.8135593220338984
396,36.7900143712759,39,Maximum consecutive no-actions reached,0,0,9,1,29,0.23076923076923078,0.02564102564102564,0.7435897435897436
397,10.29355001449585,30,Maximum consecutive no-actions reached,0,0,7,0,23,0.23333333333333334,0.0,0.7666666666666667
398,-64.52342414855957,47,Maximum consecutive no-actions reached,0,0,11,0,36,0.23404255319148937,0.0,0.7659574468085106
399,11.013059616088867,33,Maximum consecutive no-actions reached,0,0,8,0,25,0.24242424242424243,0.0,0.7575757575757576
400,-1277.2471237182617,26,Budget exceeded (pre-action),0,0,10,0,16,0.38461538461538464,0.0,0.6153846153846154
401,-5.6735334396362305,52,Maximum consecutive no-actions reached,0,0,12,1,39,0.23076923076923078,0.019230769230769232,0.75
402,53.2996084690094,48,Maximum consecutive no-actions reached,0,0,9,0,39,0.1875,0.0,0.8125
403,13.37112808227539,38,Maximum consecutive no-actions reached,0,0,8,0,30,0.21052631578947367,0.0,0.7894736842105263
404,27.73708152770996,50,Maximum consecutive no-actions reached,0,0,9,2,39,0.18,0.04,0.78
405,9.466567993164062,26,Maximum consecutive no-actions reached,0,0,7,0,19,0.2692307692307692,0.0,0.7307692307692307
406,1.2605361938476562,21,Maximum consecutive no-actions reached,0,0,4,1,16,0.19047619047619047,0.047619047619047616,0.7619047619047619
407,12.011110305786133,30,Maximum consecutive no-actions reached,0,0,6,2,22,0.2,0.06666666666666667,0.7333333333333333
408,-3.898792266845703,19,Maximum consecutive no-actions reached,0,0,6,0,13,0.3157894736842105,0.0,0.6842105263157895
409,28.404747009277344,30,Maximum consecutive no-actions reached,0,0,8,0,22,0.26666666666666666,0.0,0.7333333333333333
410,10.273931503295898,32,Maximum consecutive no-actions reached,0,0,6,2,24,0.1875,0.0625,0.75
411,12.209466934204102,24,Maximum consecutive no-actions reached,0,0,6,0,18,0.25,0.0,0.75
412,28.19805335998535,24,Maximum consecutive no-actions reached,0,0,5,0,19,0.20833333333333334,0.0,0.7916666666666666
413,-58.071014404296875,20,Maximum consecutive no-actions reached,0,0,5,0,15,0.25,0.0,0.75
414,64.15164804458618,39,Maximum consecutive no-actions reached,0,0,9,0,30,0.23076923076923078,0.0,0.7692307692307693
415,-4.096611022949219,23,Maximum consecutive no-actions reached,0,0,4,0,19,0.17391304347826086,0.0,0.8260869565217391
416,61.79299020767212,57,Maximum consecutive no-actions reached,0,0,9,0,48,0.15789473684210525,0.0,0.8421052631578947
417,40.144951820373535,43,Maximum consecutive no-actions reached,0,0,9,0,34,0.20930232558139536,0.0,0.7906976744186046
418,37.607155561447144,46,Maximum consecutive no-actions reached,0,0,10,1,35,0.21739130434782608,0.021739130434782608,0.7608695652173914
419,66.77210640907288,32,Maximum consecutive no-actions reached,0,0,10,0,22,0.3125,0.0,0.6875
420,-1006.469843044877,34,Maximum consecutive no-actions reached,0,0,11,0,23,0.3235294117647059,0.0,0.6764705882352942
421,69.10600233078003,40,Maximum consecutive no-actions reached,0,0,9,1,30,0.225,0.025,0.75
422,53.677053451538086,46,Maximum consecutive no-actions reached,0,0,10,0,36,0.21739130434782608,0.0,0.782608695652174
423,56.4181022644043,34,Maximum consecutive no-actions reached,0,0,11,0,23,0.3235294117647059,0.0,0.6764705882352942
424,31.25830602645874,26,Maximum consecutive no-actions reached,0,0,7,0,19,0.2692307692307692,0.0,0.7307692307692307
425,-9.796356678009033,22,Maximum consecutive no-actions reached,0,0,5,0,17,0.22727272727272727,0.0,0.7727272727272727
426,-32.303544998168945,49,Maximum consecutive no-actions reached,0,0,10,1,38,0.20408163265306123,0.02040816326530612,0.7755102040816326
427,34.222389221191406,45,Maximum consecutive no-actions reached,0,0,8,0,37,0.17777777777777778,0.0,0.8222222222222222
428,104.62618923187256,29,Maximum consecutive no-actions reached,0,0,9,0,20,0.3103448275862069,0.0,0.6896551724137931
429,16.346430778503418,29,Maximum consecutive no-actions reached,0,0,8,0,21,0.27586206896551724,0.0,0.7241379310344828
430,5.974766254425049,40,Maximum consecutive no-actions reached,0,0,9,0,31,0.225,0.0,0.775
431,6.068826675415039,20,Maximum consecutive no-actions reached,0,0,7,0,13,0.35,0.0,0.65
432,-45.04491400718689,42,Maximum consecutive no-actions reached,0,0,9,0,33,0.21428571428571427,0.0,0.7857142857142857
433,-30.568096160888672,38,Maximum consecutive no-actions reached,0,0,7,1,30,0.18421052631578946,0.02631578947368421,0.7894736842105263
434,79.85790920257568,39,Maximum consecutive no-actions reached,0,0,9,0,30,0.23076923076923078,0.0,0.7692307692307693
435,30.284232139587402,39,Maximum consecutive no-actions reached,0,0,7,1,31,0.1794871794871795,0.02564102564102564,0.7948717948717948
436,-54.76384925842285,22,Maximum consecutive no-actions reached,0,0,6,0,16,0.2727272727272727,0.0,0.7272727272727273
437,-59.24607288837433,29,Maximum consecutive no-actions reached,0,0,8,0,21,0.27586206896551724,0.0,0.7241379310344828
438,71.10402250289917,39,Maximum consecutive no-actions reached,0,0,10,1,28,0.2564102564102564,0.02564102564102564,0.717948717948718
439,-69.68612575531006,54,Maximum consecutive no-actions reached,0,0,11,1,42,0.2037037037037037,0.018518518518518517,0.7777777777777778
440,56.54883360862732,42,Maximum consecutive no-actions reached,0,0,9,1,32,0.21428571428571427,0.023809523809523808,0.7619047619047619
441,34.228524684906006,36,Maximum consecutive no-actions reached,0,0,7,0,29,0.19444444444444445,0.0,0.8055555555555556
442,59.502235889434814,47,Maximum consecutive no-actions reached,0,0,10,0,37,0.2127659574468085,0.0,0.7872340425531915
443,-5.691991090774536,23,Maximum consecutive no-actions reached,0,0,5,0,18,0.21739130434782608,0.0,0.782608695652174
444,-5.377421617507935,30,Maximum consecutive no-actions reached,0,0,6,2,22,0.2,0.06666666666666667,0.7333333333333333
445,30.271700859069824,39,Maximum consecutive no-actions reached,0,0,10,2,27,0.2564102564102564,0.05128205128205128,0.6923076923076923
446,5.431643962860107,31,Maximum consecutive no-actions reached,0,0,6,1,24,0.1935483870967742,0.03225806451612903,0.7741935483870968
447,18.72077178955078,28,Maximum consecutive no-actions reached,0,0,5,0,23,0.17857142857142858,0.0,0.8214285714285714
448,-14.889900207519531,37,Maximum consecutive no-actions reached,0,0,8,0,29,0.21621621621621623,0.0,0.7837837837837838
449,27.517478942871094,31,Maximum consecutive no-actions reached,0,0,7,0,24,0.22580645161290322,0.0,0.7741935483870968
450,48.20005226135254,22,Maximum consecutive no-actions reached,0,0,6,1,15,0.2727272727272727,0.045454545454545456,0.6818181818181818
451,53.300869822502136,32,Maximum consecutive no-actions reached,0,0,8,0,24,0.25,0.0,0.75
452,-26.346641540527344,16,Maximum consecutive no-actions reached,0,0,3,0,13,0.1875,0.0,0.8125
453,-25.42029309272766,21,Maximum consecutive no-actions reached,0,0,5,1,15,0.23809523809523808,0.047619047619047616,0.7142857142857143
454,40.880064964294434,30,Maximum consecutive no-actions reached,0,0,7,0,23,0.23333333333333334,0.0,0.7666666666666667
455,-88.30518293380737,27,Maximum consecutive no-actions reached,0,0,8,0,19,0.2962962962962963,0.0,0.7037037037037037
456,-35.42148208618164,42,Maximum consecutive no-actions reached,0,0,9,0,33,0.21428571428571427,0.0,0.7857142857142857
457,40.67338752746582,36,Maximum consecutive no-actions reached,0,0,9,0,27,0.25,0.0,0.75
458,54.28834342956543,39,Maximum consecutive no-actions reached,0,0,9,0,30,0.23076923076923078,0.0,0.7692307692307693
459,42.78410339355469,27,Maximum consecutive no-actions reached,0,0,7,1,19,0.25925925925925924,0.037037037037037035,0.7037037037037037
460,-5.743833541870117,23,Maximum consecutive no-actions reached,0,0,5,0,18,0.21739130434782608,0.0,0.782608695652174
461,21.44509792327881,26,Maximum consecutive no-actions reached,0,0,6,0,20,0.23076923076923078,0.0,0.7692307692307693
462,-13.148526191711426,38,Maximum consecutive no-actions reached,0,0,8,0,30,0.21052631578947367,0.0,0.7894736842105263
463,25.681021213531494,37,Maximum consecutive no-actions reached,0,0,8,0,29,0.21621621621621623,0.0,0.7837837837837838
464,41.005011558532715,38,Maximum consecutive no-actions reached,0,0,10,1,27,0.2631578947368421,0.02631578947368421,0.7105263157894737
465,50.572577476501465,32,Maximum consecutive no-actions reached,0,0,7,0,25,0.21875,0.0,0.78125
466,1.2857418060302734,21,Maximum consecutive no-actions reached,0,0,4,0,17,0.19047619047619047,0.0,0.8095238095238095
467,50.20724296569824,38,Maximum consecutive no-actions reached,0,0,7,1,30,0.18421052631578946,0.02631578947368421,0.7894736842105263
468,-12.521289825439453,33,Maximum consecutive no-actions reached,0,0,8,0,25,0.24242424242424243,0.0,0.7575757575757576
469,-65.4710624217987,35,Maximum consecutive no-actions reached,0,0,10,1,24,0.2857142857142857,0.02857142857142857,0.6857142857142857
470,11.985835790634155,27,Maximum consecutive no-actions reached,0,0,8,1,18,0.2962962962962963,0.037037037037037035,0.6666666666666666
471,90.6321907043457,35,Maximum consecutive no-actions reached,0,0,8,0,27,0.22857142857142856,0.0,0.7714285714285715
472,-47.94284152984619,23,Maximum consecutive no-actions reached,0,0,3,0,20,0.13043478260869565,0.0,0.8695652173913043
473,28.593002796173096,35,Maximum consecutive no-actions reached,0,0,10,0,25,0.2857142857142857,0.0,0.7142857142857143
474,-44.505125284194946,26,Maximum consecutive no-actions reached,0,0,7,0,19,0.2692307692307692,0.0,0.7307692307692307
475,-4.594263076782227,28,Maximum consecutive no-actions reached,0,0,7,0,21,0.25,0.0,0.75
476,-12.521525382995605,31,Maximum consecutive no-actions reached,0,0,5,1,25,0.16129032258064516,0.03225806451612903,0.8064516129032258
477,39.11381942033768,36,Maximum consecutive no-actions reached,0,0,9,0,27,0.25,0.0,0.75
478,53.533393144607544,40,Maximum consecutive no-actions reached,0,0,8,1,31,0.2,0.025,0.775
479,-16.613318920135498,27,Maximum consecutive no-actions reached,0,0,6,0,21,0.2222222222222222,0.0,0.7777777777777778
480,-226.23942852020264,38,Maximum consecutive no-actions reached,0,0,8,0,30,0.21052631578947367,0.0,0.7894736842105263
481,66.63867950439453,37,Maximum consecutive no-actions reached,0,0,9,0,28,0.24324324324324326,0.0,0.7567567567567568
482,23.749144554138184,29,Maximum consecutive no-actions reached,0,0,6,1,22,0.20689655172413793,0.034482758620689655,0.7586206896551724
483,13.096819251775742,29,Maximum consecutive no-actions reached,0,0,8,1,20,0.27586206896551724,0.034482758620689655,0.6896551724137931
484,51.64205360412598,32,Maximum consecutive no-actions reached,0,0,7,0,25,0.21875,0.0,0.78125
485,-25.580223560333252,34,Maximum consecutive no-actions reached,0,0,5,1,28,0.14705882352941177,0.029411764705882353,0.8235294117647058
486,123.43114566802979,40,Maximum consecutive no-actions reached,0,0,10,1,29,0.25,0.025,0.725
487,-26.781721115112305,18,Maximum consecutive no-actions reached,0,0,5,0,13,0.2777777777777778,0.0,0.7222222222222222
488,68.54240846633911,41,Maximum consecutive no-actions reached,0,0,8,0,33,0.1951219512195122,0.0,0.8048780487804879
489,48.04577112197876,32,Maximum consecutive no-actions reached,0,0,7,0,25,0.21875,0.0,0.78125
490,6.243532061576843,25,Maximum consecutive no-actions reached,0,0,7,0,18,0.28,0.0,0.72
491,-4.2436699867248535,25,Maximum consecutive no-actions reached,0,0,7,0,18,0.28,0.0,0.72
492,21.81758451461792,36,Maximum consecutive no-actions reached,0,0,7,0,29,0.19444444444444445,0.0,0.8055555555555556
493,9.782238006591797,19,Maximum consecutive no-actions reached,0,0,4,0,15,0.21052631578947367,0.0,0.7894736842105263
494,53.43017220497131,38,Maximum consecutive no-actions reached,0,0,8,0,30,0.21052631578947367,0.0,0.7894736842105263
495,-32.352898597717285,29,Maximum consecutive no-actions reached,0,0,5,0,24,0.1724137931034483,0.0,0.8275862068965517
496,34.00516653060913,30,Maximum consecutive no-actions reached,0,0,7,0,23,0.23333333333333334,0.0,0.7666666666666667
497,2.5442123413085938,33,Maximum consecutive no-actions reached,0,0,7,0,26,0.21212121212121213,0.0,0.7878787878787878
498,12.106955528259277,36,Maximum consecutive no-actions reached,0,0,8,2,26,0.2222222222222222,0.05555555555555555,0.7222222222222222
499,-25.482196509838104,31,Maximum consecutive no-actions reached,0,0,4,0,27,0.12903225806451613,0.0,0.8709677419354839
500,35.420867919921875,35,Maximum consecutive no-actions reached,0,0,8,0,27,0.22857142857142856,0.0,0.7714285714285715
501,6.120302200317383,27,Maximum consecutive no-actions reached,0,0,5,0,22,0.18518518518518517,0.0,0.8148148148148148
502,-97.32519602775574,37,Maximum consecutive no-actions reached,0,0,9,0,28,0.24324324324324326,0.0,0.7567567567567568
503,48.83521366119385,37,Maximum consecutive no-actions reached,0,0,9,0,28,0.24324324324324326,0.0,0.7567567567567568
504,12.99560546875,35,Maximum consecutive no-actions reached,0,0,8,0,27,0.22857142857142856,0.0,0.7714285714285715
505,6.347921371459961,49,Maximum consecutive no-actions reached,0,0,9,0,40,0.1836734693877551,0.0,0.8163265306122449
506,4.26091194152832,43,Maximum consecutive no-actions reached,0,0,7,0,36,0.16279069767441862,0.0,0.8372093023255814
507,34.98966407775879,38,Maximum consecutive no-actions reached,0,0,7,0,31,0.18421052631578946,0.0,0.8157894736842105
508,11.928616046905518,47,Maximum consecutive no-actions reached,0,0,10,0,37,0.2127659574468085,0.0,0.7872340425531915
509,32.937355041503906,36,Maximum consecutive no-actions reached,0,0,7,1,28,0.19444444444444445,0.027777777777777776,0.7777777777777778
510,96.35796165466309,38,Maximum consecutive no-actions reached,0,0,9,0,29,0.23684210526315788,0.0,0.7631578947368421
511,22.983607292175293,37,Maximum consecutive no-actions reached,0,0,8,0,29,0.21621621621621623,0.0,0.7837837837837838
512,-4.030837297439575,39,Maximum consecutive no-actions reached,0,0,7,0,32,0.1794871794871795,0.0,0.8205128205128205
513,50.16643047332764,39,Maximum consecutive no-actions reached,0,0,8,0,31,0.20512820512820512,0.0,0.7948717948717948
514,64.60761499404907,40,Maximum consecutive no-actions reached,0,0,9,0,31,0.225,0.0,0.775
515,-15.545417785644531,27,Maximum consecutive no-actions reached,0,0,8,0,19,0.2962962962962963,0.0,0.7037037037037037
516,23.83971881866455,39,Maximum consecutive no-actions reached,0,0,7,0,32,0.1794871794871795,0.0,0.8205128205128205
517,-387.19279074668884,53,Maximum consecutive no-actions reached,0,0,10,0,43,0.18867924528301888,0.0,0.8113207547169812
518,-16.535494327545166,29,Maximum consecutive no-actions reached,0,0,8,1,20,0.27586206896551724,0.034482758620689655,0.6896551724137931
519,-52.79069995880127,21,Maximum consecutive no-actions reached,0,0,4,0,17,0.19047619047619047,0.0,0.8095238095238095
520,-386.8946909457445,51,Maximum consecutive no-actions reached,0,0,11,0,40,0.21568627450980393,0.0,0.7843137254901961
521,57.055002212524414,28,Maximum consecutive no-actions reached,0,0,8,0,20,0.2857142857142857,0.0,0.7142857142857143
522,11.4983229637146,39,Maximum consecutive no-actions reached,0,0,7,0,32,0.1794871794871795,0.0,0.8205128205128205
523,12.78786563873291,36,Maximum consecutive no-actions reached,0,0,7,0,29,0.19444444444444445,0.0,0.8055555555555556
524,68.27374649047852,49,Maximum consecutive no-actions reached,0,0,10,1,38,0.20408163265306123,0.02040816326530612,0.7755102040816326
525,91.09724521636963,43,Maximum consecutive no-actions reached,0,0,9,1,33,0.20930232558139536,0.023255813953488372,0.7674418604651163
526,-866.8187398910522,60,Budget exceeded (pre-action),0,0,14,0,46,0.23333333333333334,0.0,0.7666666666666667
527,44.11223125457764,35,Maximum consecutive no-actions reached,0,0,7,0,28,0.2,0.0,0.8
528,97.90611267089844,40,Maximum consecutive no-actions reached,0,0,9,1,30,0.225,0.025,0.75
529,4.502345561981201,32,Maximum consecutive no-actions reached,0,0,5,0,27,0.15625,0.0,0.84375
530,-52.19141101837158,21,Maximum consecutive no-actions reached,0,0,3,0,18,0.14285714285714285,0.0,0.8571428571428571
531,10.27967882156372,51,Maximum consecutive no-actions reached,0,0,9,0,42,0.17647058823529413,0.0,0.8235294117647058
532,91.4206714630127,35,Maximum consecutive no-actions reached,0,0,8,1,26,0.22857142857142856,0.02857142857142857,0.7428571428571429
533,-1.1498498916625977,20,Maximum consecutive no-actions reached,0,0,5,0,15,0.25,0.0,0.75
534,26.637468338012695,38,Maximum consecutive no-actions reached,0,0,7,0,31,0.18421052631578946,0.0,0.8157894736842105
535,-25.486557245254517,22,Maximum consecutive no-actions reached,0,0,4,0,18,0.18181818181818182,0.0,0.8181818181818182
536,69.32223081588745,58,Maximum consecutive no-actions reached,0,0,8,0,50,0.13793103448275862,0.0,0.8620689655172413
537,68.56913948059082,37,Maximum consecutive no-actions reached,0,0,8,1,28,0.21621621621621623,0.02702702702702703,0.7567567567567568
538,20.5700626373291,27,Maximum consecutive no-actions reached,0,0,5,0,22,0.18518518518518517,0.0,0.8148148148148148
539,38.15523147583008,44,Maximum consecutive no-actions reached,0,0,8,0,36,0.18181818181818182,0.0,0.8181818181818182
540,40.859092712402344,42,Maximum consecutive no-actions reached,0,0,6,0,36,0.14285714285714285,0.0,0.8571428571428571
541,-16.885096549987793,35,Maximum consecutive no-actions reached,0,0,7,0,28,0.2,0.0,0.8
542,13.697521209716797,36,Maximum consecutive no-actions reached,0,0,6,0,30,0.16666666666666666,0.0,0.8333333333333334
543,37.12789440155029,46,Maximum consecutive no-actions reached,0,0,7,0,39,0.15217391304347827,0.0,0.8478260869565217
544,5.677081942558289,27,Maximum consecutive no-actions reached,0,0,6,1,20,0.2222222222222222,0.037037037037037035,0.7407407407407407
545,79.47039985656738,36,Maximum consecutive no-actions reached,0,0,8,0,28,0.2222222222222222,0.0,0.7777777777777778
546,64.64145469665527,30,Maximum consecutive no-actions reached,0,0,7,0,23,0.23333333333333334,0.0,0.7666666666666667
547,57.94426918029785,32,Maximum consecutive no-actions reached,0,0,6,0,26,0.1875,0.0,0.8125
548,-167.7516574859619,51,Maximum consecutive no-actions reached,0,0,10,0,41,0.19607843137254902,0.0,0.803921568627451
549,32.965514183044434,43,Maximum consecutive no-actions reached,0,0,7,1,35,0.16279069767441862,0.023255813953488372,0.813953488372093
550,-10.304778099060059,53,Maximum consecutive no-actions reached,0,0,10,0,43,0.18867924528301888,0.0,0.8113207547169812
551,-17.3213791847229,23,Maximum consecutive no-actions reached,0,0,8,0,15,0.34782608695652173,0.0,0.6521739130434783
552,-5.619229078292847,21,Maximum consecutive no-actions reached,0,0,5,0,16,0.23809523809523808,0.0,0.7619047619047619
553,51.59630012512207,32,Maximum consecutive no-actions reached,0,0,6,0,26,0.1875,0.0,0.8125
554,6.76431941986084,22,Maximum consecutive no-actions reached,0,0,6,0,16,0.2727272727272727,0.0,0.7272727272727273
555,28.764619827270508,30,Maximum consecutive no-actions reached,0,0,6,0,24,0.2,0.0,0.8
556,-5.716007709503174,25,Maximum consecutive no-actions reached,0,0,5,0,20,0.2,0.0,0.8
557,20.570472717285156,23,Maximum consecutive no-actions reached,0,0,5,0,18,0.21739130434782608,0.0,0.782608695652174
558,78.71922302246094,36,Maximum consecutive no-actions reached,0,0,8,0,28,0.2222222222222222,0.0,0.7777777777777778
559,-21.48991584777832,20,Maximum consecutive no-actions reached,0,0,6,0,14,0.3,0.0,0.7
560,-22.691468238830566,28,Maximum consecutive no-actions reached,0,0,8,0,20,0.2857142857142857,0.0,0.7142857142857143
561,28.501089096069336,18,Maximum consecutive no-actions reached,0,0,5,0,13,0.2777777777777778,0.0,0.7222222222222222
562,-783.0390295982361,47,Budget exceeded (pre-action),0,0,11,0,36,0.23404255319148937,0.0,0.7659574468085106
563,79.95132255554199,44,Maximum consecutive no-actions reached,0,0,8,0,36,0.18181818181818182,0.0,0.8181818181818182
564,28.864553451538086,33,Maximum consecutive no-actions reached,0,0,7,0,26,0.21212121212121213,0.0,0.7878787878787878
565,25.40752911567688,37,Maximum consecutive no-actions reached,0,0,6,0,31,0.16216216216216217,0.0,0.8378378378378378
566,34.154218673706055,29,Maximum consecutive no-actions reached,0,0,5,0,24,0.1724137931034483,0.0,0.8275862068965517
567,-5.691991090774536,23,Maximum consecutive no-actions reached,0,0,5,0,18,0.21739130434782608,0.0,0.782608695652174
568,-21.501348972320557,18,Maximum consecutive no-actions reached,0,0,4,0,14,0.2222222222222222,0.0,0.7777777777777778
569,93.4631199836731,33,Maximum consecutive no-actions reached,0,0,9,0,24,0.2727272727272727,0.0,0.7272727272727273
570,20.57006072998047,30,Maximum consecutive no-actions reached,0,0,5,0,25,0.16666666666666666,0.0,0.8333333333333334
571,106.47727298736572,55,Maximum consecutive no-actions reached,0,0,9,0,46,0.16363636363636364,0.0,0.8363636363636363
572,-43.42701530456543,13,Maximum consecutive no-actions reached,0,0,2,0,11,0.15384615384615385,0.0,0.8461538461538461
573,52.95792579650879,36,Maximum consecutive no-actions reached,0,0,7,0,29,0.19444444444444445,0.0,0.8055555555555556
574,52.364181995391846,40,Maximum consecutive no-actions reached,0,0,9,0,31,0.225,0.0,0.775
575,-44.69757080078125,32,Maximum consecutive no-actions reached,0,0,7,0,25,0.21875,0.0,0.78125
576,25.490375518798828,31,Maximum consecutive no-actions reached,0,0,7,0,24,0.22580645161290322,0.0,0.7741935483870968
577,-26.345428466796875,19,Maximum consecutive no-actions reached,0,0,3,0,16,0.15789473684210525,0.0,0.8421052631578947
578,57.974910736083984,32,Maximum consecutive no-actions reached,0,0,6,0,26,0.1875,0.0,0.8125
579,11.310629844665527,22,Maximum consecutive no-actions reached,0,0,6,0,16,0.2727272727272727,0.0,0.7272727272727273
580,91.51278400421143,34,Maximum consecutive no-actions reached,0,0,8,0,26,0.23529411764705882,0.0,0.7647058823529411
581,-122.523854970932,35,Maximum consecutive no-actions reached,0,0,8,1,26,0.22857142857142856,0.02857142857142857,0.7428571428571429
582,30.652040481567383,26,Maximum consecutive no-actions reached,0,0,6,0,20,0.23076923076923078,0.0,0.7692307692307693
583,9.46164321899414,43,Maximum consecutive no-actions reached,0,0,9,0,34,0.20930232558139536,0.0,0.7906976744186046
584,8.8017578125,67,Maximum consecutive no-actions reached,0,0,9,1,57,0.13432835820895522,0.014925373134328358,0.8507462686567164
585,-16.65925407409668,20,Maximum consecutive no-actions reached,0,0,3,0,17,0.15,0.0,0.85
586,-142.40811260044575,73,Maximum consecutive no-actions reached,0,0,12,1,60,0.1643835616438356,0.0136986301369863,0.821917808219178
587,9.782238006591797,17,Maximum consecutive no-actions reached,0,0,4,0,13,0.23529411764705882,0.0,0.7647058823529411
588,-3.9651126861572266,32,Maximum consecutive no-actions reached,0,0,6,0,26,0.1875,0.0,0.8125
589,61.33296012878418,43,Maximum consecutive no-actions reached,0,0,7,0,36,0.16279069767441862,0.0,0.8372093023255814
590,48.44457244873047,33,Maximum consecutive no-actions reached,0,0,7,0,26,0.21212121212121213,0.0,0.7878787878787878
591,-6.231814384460449,33,Maximum consecutive no-actions reached,0,0,6,0,27,0.18181818181818182,0.0,0.8181818181818182
592,25.50777816772461,25,Maximum consecutive no-actions reached,0,0,7,0,18,0.28,0.0,0.72
593,16.692935943603516,41,Maximum consecutive no-actions reached,0,0,7,0,34,0.17073170731707318,0.0,0.8292682926829268
594,57.974910736083984,23,Maximum consecutive no-actions reached,0,0,6,0,17,0.2608695652173913,0.0,0.7391304347826086
595,40.59527015686035,35,Maximum consecutive no-actions reached,0,0,6,0,29,0.17142857142857143,0.0,0.8285714285714286
596,19.899932861328125,32,Maximum consecutive no-actions reached,0,0,5,0,27,0.15625,0.0,0.84375
597,139.2044701576233,65,Maximum consecutive no-actions reached,0,0,12,0,53,0.18461538461538463,0.0,0.8153846153846154
598,-26.781795024871826,24,Maximum consecutive no-actions reached,0,0,5,0,19,0.20833333333333334,0.0,0.7916666666666666
599,-29.765287399291992,16,Maximum consecutive no-actions reached,0,0,3,0,13,0.1875,0.0,0.8125
600,-7.9312028884887695,38,Maximum consecutive no-actions reached,0,0,6,1,31,0.15789473684210525,0.02631578947368421,0.8157894736842105
601,30.948727130889893,47,Maximum consecutive no-actions reached,0,0,9,0,38,0.19148936170212766,0.0,0.8085106382978723
602,73.86274147033691,42,Maximum consecutive no-actions reached,0,0,8,0,34,0.19047619047619047,0.0,0.8095238095238095
603,-62.768484115600586,36,Maximum consecutive no-actions reached,0,0,8,0,28,0.2222222222222222,0.0,0.7777777777777778
604,36.73664379119873,30,Maximum consecutive no-actions reached,0,0,7,0,23,0.23333333333333334,0.0,0.7666666666666667
605,-26.345428466796875,15,Maximum consecutive no-actions reached,0,0,3,0,12,0.2,0.0,0.8
606,9.93652629852295,37,Maximum consecutive no-actions reached,0,0,7,0,30,0.1891891891891892,0.0,0.8108108108108109
607,-46.50182247161865,41,Maximum consecutive no-actions reached,0,0,7,0,34,0.17073170731707318,0.0,0.8292682926829268
608,-26.345428466796875,17,Maximum consecutive no-actions reached,0,0,3,0,14,0.17647058823529413,0.0,0.8235294117647058
609,7.9130706787109375,33,Maximum consecutive no-actions reached,0,0,7,0,26,0.21212121212121213,0.0,0.7878787878787878
610,68.79171752929688,43,Maximum consecutive no-actions reached,0,0,7,0,36,0.16279069767441862,0.0,0.8372093023255814
611,-4.263526916503906,39,Maximum consecutive no-actions reached,0,0,6,0,33,0.15384615384615385,0.0,0.8461538461538461
612,-26.388261795043945,16,Maximum consecutive no-actions reached,0,0,3,0,13,0.1875,0.0,0.8125
613,38.333537578582764,30,Maximum consecutive no-actions reached,0,0,7,0,23,0.23333333333333334,0.0,0.7666666666666667
614,40.275529861450195,31,Maximum consecutive no-actions reached,0,0,9,0,22,0.2903225806451613,0.0,0.7096774193548387
615,70.13190460205078,29,Maximum consecutive no-actions reached,0,0,7,0,22,0.2413793103448276,0.0,0.7586206896551724
616,91.43044853210449,41,Maximum consecutive no-actions reached,0,0,9,0,32,0.21951219512195122,0.0,0.7804878048780488
617,-59.30550193786621,32,Maximum consecutive no-actions reached,0,0,8,0,24,0.25,0.0,0.75
618,-391.1571846008301,57,Maximum consecutive no-actions reached,0,0,10,0,47,0.17543859649122806,0.0,0.8245614035087719
619,-204.02750825881958,51,Maximum consecutive no-actions reached,0,0,9,0,42,0.17647058823529413,0.0,0.8235294117647058
620,-101.82472801208496,44,Maximum consecutive no-actions reached,0,0,9,0,35,0.20454545454545456,0.0,0.7954545454545454
621,70.32193946838379,34,Maximum consecutive no-actions reached,0,0,7,0,27,0.20588235294117646,0.0,0.7941176470588235
622,60.75672483444214,46,Maximum consecutive no-actions reached,0,0,8,1,37,0.17391304347826086,0.021739130434782608,0.8043478260869565
623,90.03127861022949,43,Maximum consecutive no-actions reached,0,0,8,0,35,0.18604651162790697,0.0,0.813953488372093
624,13.17883586883545,27,Maximum consecutive no-actions reached,0,0,6,0,21,0.2222222222222222,0.0,0.7777777777777778
625,-44.65702152252197,41,Maximum consecutive no-actions reached,0,0,7,0,34,0.17073170731707318,0.0,0.8292682926829268
626,42.898560523986816,44,Maximum consecutive no-actions reached,0,0,7,0,37,0.1590909090909091,0.0,0.8409090909090909
627,-26.346641540527344,23,Maximum consecutive no-actions reached,0,0,3,0,20,0.13043478260869565,0.0,0.8695652173913043
628,12.752174854278564,32,Maximum consecutive no-actions reached,0,0,8,0,24,0.25,0.0,0.75
629,51.379751563072205,54,Maximum consecutive no-actions reached,0,0,9,0,45,0.16666666666666666,0.0,0.8333333333333334
630,9.385403394699097,44,Maximum consecutive no-actions reached,0,0,8,0,36,0.18181818181818182,0.0,0.8181818181818182
631,25.801063776016235,44,Maximum consecutive no-actions reached,0,0,6,0,38,0.13636363636363635,0.0,0.8636363636363636
632,54.93226194381714,44,Maximum consecutive no-actions reached,0,0,10,0,34,0.22727272727272727,0.0,0.7727272727272727
633,48.179378509521484,32,Maximum consecutive no-actions reached,0,0,6,0,26,0.1875,0.0,0.8125
634,-1.8153858184814453,33,Maximum consecutive no-actions reached,0,0,6,0,27,0.18181818181818182,0.0,0.8181818181818182
635,-15.412900924682617,34,Maximum consecutive no-actions reached,0,0,9,1,24,0.2647058823529412,0.029411764705882353,0.7058823529411765
636,-44.03563594818115,26,Maximum consecutive no-actions reached,0,0,6,0,20,0.23076923076923078,0.0,0.7692307692307693
637,39.10607719421387,24,Maximum consecutive no-actions reached,0,0,6,0,18,0.25,0.0,0.75
638,109.19796133041382,40,Maximum consecutive no-actions reached,0,0,11,0,29,0.275,0.0,0.725
639,49.752017974853516,27,Maximum consecutive no-actions reached,0,0,6,0,21,0.2222222222222222,0.0,0.7777777777777778
640,3.107365608215332,25,Maximum consecutive no-actions reached,0,0,5,0,20,0.2,0.0,0.8
641,22.537336349487305,35,Maximum consecutive no-actions reached,0,0,5,0,30,0.14285714285714285,0.0,0.8571428571428571
642,55.86536240577698,55,Maximum consecutive no-actions reached,0,0,9,0,46,0.16363636363636364,0.0,0.8363636363636363
643,61.128292083740234,39,Maximum consecutive no-actions reached,0,0,8,0,31,0.20512820512820512,0.0,0.7948717948717948
644,34.01717472076416,36,Maximum consecutive no-actions reached,0,0,6,1,29,0.16666666666666666,0.027777777777777776,0.8055555555555556
645,-3.819660186767578,41,Maximum consecutive no-actions reached,0,0,10,0,31,0.24390243902439024,0.0,0.7560975609756098
646,11.345474243164062,26,Maximum consecutive no-actions reached,0,0,5,0,21,0.19230769230769232,0.0,0.8076923076923077
647,20.57006072998047,19,Maximum consecutive no-actions reached,0,0,5,0,14,0.2631578947368421,0.0,0.7368421052631579
648,-47.685081481933594,14,Maximum consecutive no-actions reached,0,0,2,0,12,0.14285714285714285,0.0,0.8571428571428571
649,87.87752652168274,37,Maximum consecutive no-actions reached,0,0,10,0,27,0.2702702702702703,0.0,0.7297297297297297
650,-26.390666961669922,22,Maximum consecutive no-actions reached,0,0,3,0,19,0.13636363636363635,0.0,0.8636363636363636
651,20.952594757080078,45,Maximum consecutive no-actions reached,0,0,8,0,37,0.17777777777777778,0.0,0.8222222222222222
652,-231.5718641281128,44,Maximum consecutive no-actions reached,0,0,8,0,36,0.18181818181818182,0.0,0.8181818181818182
653,-74.20175361633301,31,Maximum consecutive no-actions reached,0,0,6,0,25,0.1935483870967742,0.0,0.8064516129032258
654,91.4206714630127,37,Maximum consecutive no-actions reached,0,0,8,0,29,0.21621621621621623,0.0,0.7837837837837838
655,23.712450981140137,28,Maximum consecutive no-actions reached,0,0,6,0,22,0.21428571428571427,0.0,0.7857142857142857
656,21.296463012695312,24,Maximum consecutive no-actions reached,0,0,5,0,19,0.20833333333333334,0.0,0.7916666666666666
657,-29.89727210998535,33,Maximum consecutive no-actions reached,0,0,9,0,24,0.2727272727272727,0.0,0.7272727272727273
658,120.84985399246216,50,Maximum consecutive no-actions reached,0,0,11,1,38,0.22,0.02,0.76
659,-200.1260118484497,45,Maximum consecutive no-actions reached,0,0,9,0,36,0.2,0.0,0.8
660,-74.24655246734619,21,Maximum consecutive no-actions reached,0,0,6,0,15,0.2857142857142857,0.0,0.7142857142857143
661,-16.330288887023926,36,Maximum consecutive no-actions reached,0,0,8,0,28,0.2222222222222222,0.0,0.7777777777777778
662,54.76928782463074,42,Maximum consecutive no-actions reached,0,0,7,0,35,0.16666666666666666,0.0,0.8333333333333334
663,58.91697692871094,40,Maximum consecutive no-actions reached,0,0,8,0,32,0.2,0.0,0.8
664,28.325263023376465,25,Maximum consecutive no-actions reached,0,0,6,0,19,0.24,0.0,0.76
665,-74.24655246734619,33,Maximum consecutive no-actions reached,0,0,6,0,27,0.18181818181818182,0.0,0.8181818181818182
666,25.26630401611328,33,Maximum consecutive no-actions reached,0,0,7,0,26,0.21212121212121213,0.0,0.7878787878787878
667,93.48373794555664,37,Maximum consecutive no-actions reached,0,0,8,0,29,0.21621621621621623,0.0,0.7837837837837838
668,4.67918586730957,20,Maximum consecutive no-actions reached,0,0,4,0,16,0.2,0.0,0.8
669,9.460169792175293,40,Maximum consecutive no-actions reached,0,0,7,0,33,0.175,0.0,0.825
670,65.89111137390137,41,Maximum consecutive no-actions reached,0,0,8,0,33,0.1951219512195122,0.0,0.8048780487804879
671,32.963472843170166,22,Maximum consecutive no-actions reached,0,0,7,0,15,0.3181818181818182,0.0,0.6818181818181818
672,35.79100441932678,39,Maximum consecutive no-actions reached,0,0,7,0,32,0.1794871794871795,0.0,0.8205128205128205
673,3.2290573120117188,29,Maximum consecutive no-actions reached,0,0,5,0,24,0.1724137931034483,0.0,0.8275862068965517
674,28.910816192626953,39,Maximum consecutive no-actions reached,0,0,7,0,32,0.1794871794871795,0.0,0.8205128205128205
675,57.86905860900879,35,Maximum consecutive no-actions reached,0,0,7,0,28,0.2,0.0,0.8
676,39.105146408081055,28,Maximum consecutive no-actions reached,0,0,6,0,22,0.21428571428571427,0.0,0.7857142857142857
677,-31.52489471435547,26,Maximum consecutive no-actions reached,0,0,5,0,21,0.19230769230769232,0.0,0.8076923076923077
678,105.30814170837402,41,Maximum consecutive no-actions reached,0,0,9,0,32,0.21951219512195122,0.0,0.7804878048780488
679,79.38275122642517,33,Maximum consecutive no-actions reached,0,0,10,0,23,0.30303030303030304,0.0,0.696969696969697
680,70.57569885253906,39,Maximum consecutive no-actions reached,0,0,10,1,28,0.2564102564102564,0.02564102564102564,0.717948717948718
681,-21.48842430114746,28,Maximum consecutive no-actions reached,0,0,6,0,22,0.21428571428571427,0.0,0.7857142857142857
682,-12.744525909423828,39,Maximum consecutive no-actions reached,0,0,8,0,31,0.20512820512820512,0.0,0.7948717948717948
683,68.24849128723145,39,Maximum consecutive no-actions reached,0,0,7,0,32,0.1794871794871795,0.0,0.8205128205128205
684,29.813575744628906,47,Maximum consecutive no-actions reached,0,0,7,0,40,0.14893617021276595,0.0,0.851063829787234
685,-1040.0800575911999,47,Maximum consecutive no-actions reached,0,0,9,1,37,0.19148936170212766,0.02127659574468085,0.7872340425531915
686,-58.55132865905762,39,Maximum consecutive no-actions reached,0,0,8,0,31,0.20512820512820512,0.0,0.7948717948717948
687,31.415658950805664,41,Maximum consecutive no-actions reached,0,0,10,0,31,0.24390243902439024,0.0,0.7560975609756098
688,18.417177200317383,23,Maximum consecutive no-actions reached,0,0,5,0,18,0.21739130434782608,0.0,0.782608695652174
689,-71.65339469909668,12,Maximum consecutive no-actions reached,0,0,1,0,11,0.08333333333333333,0.0,0.9166666666666666
690,24.066734313964844,45,Maximum consecutive no-actions reached,0,0,11,0,34,0.24444444444444444,0.0,0.7555555555555555
691,-2.1612720489501953,34,Maximum consecutive no-actions reached,0,0,6,0,28,0.17647058823529413,0.0,0.8235294117647058
692,2.6660146713256836,33,Maximum consecutive no-actions reached,0,0,5,0,28,0.15151515151515152,0.0,0.8484848484848485
693,89.30810150504112,45,Maximum consecutive no-actions reached,0,0,9,1,35,0.2,0.022222222222222223,0.7777777777777778
694,49.31123161315918,39,Maximum consecutive no-actions reached,0,0,6,0,33,0.15384615384615385,0.0,0.8461538461538461
695,40.94994926452637,26,Maximum consecutive no-actions reached,0,0,6,0,20,0.23076923076923078,0.0,0.7692307692307693
696,-31.59562110900879,39,Maximum consecutive no-actions reached,0,0,5,0,34,0.1282051282051282,0.0,0.8717948717948718
697,43.23835349082947,39,Maximum consecutive no-actions reached,0,0,7,0,32,0.1794871794871795,0.0,0.8205128205128205
698,91.23509693145752,34,Maximum consecutive no-actions reached,0,0,8,0,26,0.23529411764705882,0.0,0.7647058823529411
699,72.25328063964844,35,Maximum consecutive no-actions reached,0,0,8,0,27,0.22857142857142856,0.0,0.7714285714285715
700,28.133989334106445,31,Maximum consecutive no-actions reached,0,0,5,0,26,0.16129032258064516,0.0,0.8387096774193549
701,36.669655323028564,38,Maximum consecutive no-actions reached,0,0,7,0,31,0.18421052631578946,0.0,0.8157894736842105
702,-64.90686321258545,29,Maximum consecutive no-actions reached,0,0,8,0,21,0.27586206896551724,0.0,0.7241379310344828
703,3.689891815185547,35,Maximum consecutive no-actions reached,0,0,5,0,30,0.14285714285714285,0.0,0.8571428571428571
704,27.21479034423828,31,Maximum consecutive no-actions reached,0,0,5,0,26,0.16129032258064516,0.0,0.8387096774193549
705,66.83950161933899,50,Maximum consecutive no-actions reached,0,0,9,0,41,0.18,0.0,0.82
706,31.695032119750977,44,Maximum consecutive no-actions reached,0,0,7,0,37,0.1590909090909091,0.0,0.8409090909090909
707,-5.095182418823242,26,Maximum consecutive no-actions reached,0,0,6,0,20,0.23076923076923078,0.0,0.7692307692307693
708,-25.42029309272766,19,Maximum consecutive no-actions reached,0,0,4,0,15,0.21052631578947367,0.0,0.7894736842105263
709,35.24098873138428,36,Maximum consecutive no-actions reached,0,0,7,0,29,0.19444444444444445,0.0,0.8055555555555556
710,49.245357513427734,36,Maximum consecutive no-actions reached,0,0,6,0,30,0.16666666666666666,0.0,0.8333333333333334
711,28.501089096069336,27,Maximum consecutive no-actions reached,0,0,5,0,22,0.18518518518518517,0.0,0.8148148148148148
712,4.680397033691406,22,Maximum consecutive no-actions reached,0,0,4,0,18,0.18181818181818182,0.0,0.8181818181818182
713,18.220508575439453,29,Maximum consecutive no-actions reached,0,0,6,0,23,0.20689655172413793,0.0,0.7931034482758621
714,60.4305419921875,55,Maximum consecutive no-actions reached,0,0,9,0,46,0.16363636363636364,0.0,0.8363636363636363
715,59.78895378112793,36,Maximum consecutive no-actions reached,0,0,8,1,27,0.2222222222222222,0.027777777777777776,0.75
716,42.70718955993652,27,Maximum consecutive no-actions reached,0,0,6,0,21,0.2222222222222222,0.0,0.7777777777777778
717,-21.243587493896484,15,Maximum consecutive no-actions reached,0,0,3,0,12,0.2,0.0,0.8
718,2.975518226623535,22,Maximum consecutive no-actions reached,0,0,5,0,17,0.22727272727272727,0.0,0.7727272727272727
719,-13.545918464660645,42,Maximum consecutive no-actions reached,0,0,12,0,30,0.2857142857142857,0.0,0.7142857142857143
720,-0.2878093719482422,20,Maximum consecutive no-actions reached,0,0,4,0,16,0.2,0.0,0.8
721,-43.42701530456543,13,Maximum consecutive no-actions reached,0,0,2,0,11,0.15384615384615385,0.0,0.8461538461538461
722,24.75283193588257,37,Maximum consecutive no-actions reached,0,0,8,0,29,0.21621621621621623,0.0,0.7837837837837838
723,28.50202178955078,22,Maximum consecutive no-actions reached,0,0,5,0,17,0.22727272727272727,0.0,0.7727272727272727
724,32.19137382507324,33,Maximum consecutive no-actions reached,0,0,6,0,27,0.18181818181818182,0.0,0.8181818181818182
725,-47.67979621887207,19,Maximum consecutive no-actions reached,0,0,2,0,17,0.10526315789473684,0.0,0.8947368421052632
726,-13.631194114685059,39,Maximum consecutive no-actions reached,0,0,8,0,31,0.20512820512820512,0.0,0.7948717948717948
727,60.40462112426758,37,Maximum consecutive no-actions reached,0,0,8,0,29,0.21621621621621623,0.0,0.7837837837837838
728,-16.497819900512695,32,Maximum consecutive no-actions reached,0,0,5,0,27,0.15625,0.0,0.84375
729,42.77520561218262,37,Maximum consecutive no-actions reached,0,0,6,0,31,0.16216216216216217,0.0,0.8378378378378378
730,47.307708740234375,38,Maximum consecutive no-actions reached,0,0,7,0,31,0.18421052631578946,0.0,0.8157894736842105
731,-16.65925407409668,18,Maximum consecutive no-actions reached,0,0,3,0,15,0.16666666666666666,0.0,0.8333333333333334
732,-31.420785903930664,47,Maximum consecutive no-actions reached,0,0,9,0,38,0.19148936170212766,0.0,0.8085106382978723
733,3.1669816970825195,25,Maximum consecutive no-actions reached,0,0,5,0,20,0.2,0.0,0.8
734,-224.0572748184204,31,Maximum consecutive no-actions reached,0,0,8,0,23,0.25806451612903225,0.0,0.7419354838709677
735,79.16351699829102,32,Maximum consecutive no-actions reached,0,0,7,0,25,0.21875,0.0,0.78125
736,26.94908332824707,23,Maximum consecutive no-actions reached,0,0,5,0,18,0.21739130434782608,0.0,0.782608695652174
737,49.75108528137207,31,Maximum consecutive no-actions reached,0,0,6,0,25,0.1935483870967742,0.0,0.8064516129032258
738,60.209442138671875,27,Maximum consecutive no-actions reached,0,0,7,0,20,0.25925925925925924,0.0,0.7407407407407407
739,66.82673645019531,54,Maximum consecutive no-actions reached,0,0,9,0,45,0.16666666666666666,0.0,0.8333333333333334
740,27.130578994750977,31,Maximum consecutive no-actions reached,0,0,7,0,24,0.22580645161290322,0.0,0.7741935483870968
741,48.61097240447998,36,Maximum consecutive no-actions reached,0,0,7,0,29,0.19444444444444445,0.0,0.8055555555555556
742,21.115736961364746,31,Maximum consecutive no-actions reached,0,0,5,0,26,0.16129032258064516,0.0,0.8387096774193549
743,59.77959060668945,32,Maximum consecutive no-actions reached,0,0,7,0,25,0.21875,0.0,0.78125
744,34.108253479003906,21,Maximum consecutive no-actions reached,0,0,5,0,16,0.23809523809523808,0.0,0.7619047619047619
745,42.501394271850586,31,Maximum consecutive no-actions reached,0,0,6,0,25,0.1935483870967742,0.0,0.8064516129032258
746,103.07870864868164,54,Maximum consecutive no-actions reached,0,0,9,1,44,0.16666666666666666,0.018518518518518517,0.8148148148148148
747,-21.243589401245117,20,Maximum consecutive no-actions reached,0,0,3,0,17,0.15,0.0,0.85
748,116.8928165435791,35,Maximum consecutive no-actions reached,0,0,9,0,26,0.2571428571428571,0.0,0.7428571428571429
749,10.162374496459961,44,Maximum consecutive no-actions reached,0,0,9,0,35,0.20454545454545456,0.0,0.7954545454545454
750,3.082426071166992,24,Maximum consecutive no-actions reached,0,0,4,0,20,0.16666666666666666,0.0,0.8333333333333334
751,107.33608341217041,27,Maximum consecutive no-actions reached,0,0,9,0,18,0.3333333333333333,0.0,0.6666666666666666
752,-4.096609115600586,25,Maximum consecutive no-actions reached,0,0,4,1,20,0.16,0.04,0.8
753,-31.588830947875977,29,Maximum consecutive no-actions reached,0,0,5,0,24,0.1724137931034483,0.0,0.8275862068965517
754,-16.406618118286133,30,Maximum consecutive no-actions reached,0,0,7,0,23,0.23333333333333334,0.0,0.7666666666666667
755,68.16106986999512,28,Maximum consecutive no-actions reached,0,0,7,0,21,0.25,0.0,0.75
756,-4.275012731552124,31,Maximum consecutive no-actions reached,0,0,6,0,25,0.1935483870967742,0.0,0.8064516129032258
757,-736.9409544467926,56,Budget exceeded (pre-action),0,0,13,0,43,0.23214285714285715,0.0,0.7678571428571429
758,80.33162498474121,40,Maximum consecutive no-actions reached,0,0,8,0,32,0.2,0.0,0.8
759,20.82559585571289,32,Maximum consecutive no-actions reached,0,0,5,0,27,0.15625,0.0,0.84375
760,59.64008712768555,27,Maximum consecutive no-actions reached,0,0,7,0,20,0.25925925925925924,0.0,0.7407407407407407
761,4.401996612548828,19,Maximum consecutive no-actions reached,0,0,4,0,15,0.21052631578947367,0.0,0.7894736842105263
762,-26.346641540527344,21,Maximum consecutive no-actions reached,0,0,3,0,18,0.14285714285714285,0.0,0.8571428571428571
763,95.9116063117981,52,Maximum consecutive no-actions reached,0,0,9,0,43,0.17307692307692307,0.0,0.8269230769230769
764,-16.65397071838379,20,Maximum consecutive no-actions reached,0,0,3,0,17,0.15,0.0,0.85
765,34.21954965591431,43,Maximum consecutive no-actions reached,0,0,7,0,36,0.16279069767441862,0.0,0.8372093023255814
766,26.25372886657715,31,Maximum consecutive no-actions reached,0,0,6,0,25,0.1935483870967742,0.0,0.8064516129032258
767,-174.46846866607666,35,Maximum consecutive no-actions reached,0,0,10,0,25,0.2857142857142857,0.0,0.7142857142857143
768,48.179378509521484,22,Maximum consecutive no-actions reached,0,0,6,0,16,0.2727272727272727,0.0,0.7272727272727273
769,-64.35903549194336,55,Maximum consecutive no-actions reached,0,0,10,0,45,0.18181818181818182,0.0,0.8181818181818182
770,34.133193016052246,23,Maximum consecutive no-actions reached,0,0,6,0,17,0.2608695652173913,0.0,0.7391304347826086
771,11.477060317993164,29,Maximum consecutive no-actions reached,0,0,5,0,24,0.1724137931034483,0.0,0.8275862068965517
772,90.59925270080566,54,Maximum consecutive no-actions reached,0,0,9,0,45,0.16666666666666666,0.0,0.8333333333333334
773,32.57986831665039,32,Maximum consecutive no-actions reached,0,0,6,0,26,0.1875,0.0,0.8125
774,61.76238250732422,29,Maximum consecutive no-actions reached,0,0,7,0,22,0.2413793103448276,0.0,0.7586206896551724
775,110.25804042816162,59,Maximum consecutive no-actions reached,0,0,11,0,48,0.1864406779661017,0.0,0.8135593220338984
776,-99.4200086593628,45,Maximum consecutive no-actions reached,0,0,9,0,36,0.2,0.0,0.8
777,49.99751281738281,34,Maximum consecutive no-actions reached,0,0,7,0,27,0.20588235294117646,0.0,0.7941176470588235
778,27.289432525634766,51,Maximum consecutive no-actions reached,0,0,7,0,44,0.13725490196078433,0.0,0.8627450980392157
779,63.57668685913086,48,Maximum consecutive no-actions reached,0,0,8,0,40,0.16666666666666666,0.0,0.8333333333333334
780,67.22877883911133,53,Maximum consecutive no-actions reached,0,0,8,0,45,0.1509433962264151,0.0,0.8490566037735849
781,106.5452995300293,43,Maximum consecutive no-actions reached,0,0,9,0,34,0.20930232558139536,0.0,0.7906976744186046
782,55.4490327835083,30,Maximum consecutive no-actions reached,0,0,7,0,23,0.23333333333333334,0.0,0.7666666666666667
783,49.612083435058594,31,Maximum consecutive no-actions reached,0,0,6,0,25,0.1935483870967742,0.0,0.8064516129032258
784,26.786237239837646,37,Maximum consecutive no-actions reached,0,0,8,0,29,0.21621621621621623,0.0,0.7837837837837838
785,-0.5413684844970703,28,Maximum consecutive no-actions reached,0,0,6,0,22,0.21428571428571427,0.0,0.7857142857142857
786,-8.902826309204102,21,Maximum consecutive no-actions reached,0,0,4,0,17,0.19047619047619047,0.0,0.8095238095238095
787,89.26379776000977,31,Maximum consecutive no-actions reached,0,0,8,0,23,0.25806451612903225,0.0,0.7419354838709677
788,79.22587776184082,38,Maximum consecutive no-actions reached,0,0,7,0,31,0.18421052631578946,0.0,0.8157894736842105
789,-9.009178161621094,28,Maximum consecutive no-actions reached,0,0,4,0,24,0.14285714285714285,0.0,0.8571428571428571
790,28.932453155517578,31,Maximum consecutive no-actions reached,0,0,7,0,24,0.22580645161290322,0.0,0.7741935483870968
791,32.138901710510254,34,Maximum consecutive no-actions reached,0,0,6,0,28,0.17647058823529413,0.0,0.8235294117647058
792,44.702454566955566,47,Maximum consecutive no-actions reached,0,0,7,0,40,0.14893617021276595,0.0,0.851063829787234
793,116.6468391418457,42,Maximum consecutive no-actions reached,0,0,9,0,33,0.21428571428571427,0.0,0.7857142857142857
794,30.735624313354492,24,Maximum consecutive no-actions reached,0,0,6,0,18,0.25,0.0,0.75
795,89.26323890686035,34,Maximum consecutive no-actions reached,0,0,8,0,26,0.23529411764705882,0.0,0.7647058823529411
796,20.84010124206543,34,Maximum consecutive no-actions reached,0,0,5,0,29,0.14705882352941177,0.0,0.8529411764705882
797,-16.65925407409668,16,Maximum consecutive no-actions reached,0,0,3,0,13,0.1875,0.0,0.8125
798,-24.745609283447266,28,Maximum consecutive no-actions reached,0,0,4,0,24,0.14285714285714285,0.0,0.8571428571428571
799,62.45941162109375,36,Maximum consecutive no-actions reached,0,0,7,0,29,0.19444444444444445,0.0,0.8055555555555556
800,96.85129165649414,30,Maximum consecutive no-actions reached,0,0,8,0,22,0.26666666666666666,0.0,0.7333333333333333
801,32.4004487991333,32,Maximum consecutive no-actions reached,0,0,6,0,26,0.1875,0.0,0.8125
802,4.680397033691406,22,Maximum consecutive no-actions reached,0,0,4,0,18,0.18181818181818182,0.0,0.8181818181818182
803,70.13190460205078,28,Maximum consecutive no-actions reached,0,0,7,0,21,0.25,0.0,0.75
804,27.12964630126953,28,Maximum consecutive no-actions reached,0,0,7,0,21,0.25,0.0,0.75
805,-228.06569051742554,33,Maximum consecutive no-actions reached,0,0,8,0,25,0.24242424242424243,0.0,0.7575757575757576
806,49.899606704711914,32,Maximum consecutive no-actions reached,0,0,7,0,25,0.21875,0.0,0.78125
807,70.13097190856934,34,Maximum consecutive no-actions reached,0,0,7,0,27,0.20588235294117646,0.0,0.7941176470588235
808,20.57047462463379,20,Maximum consecutive no-actions reached,0,0,5,0,15,0.25,0.0,0.75
809,47.20719337463379,47,Maximum consecutive no-actions reached,0,0,7,0,40,0.14893617021276595,0.0,0.851063829787234
810,36.42847657203674,30,Maximum consecutive no-actions reached,0,0,6,0,24,0.2,0.0,0.8
811,34.2548828125,30,Maximum consecutive no-actions reached,0,0,6,0,24,0.2,0.0,0.8
812,-44.086106300354004,39,Maximum consecutive no-actions reached,0,0,6,0,33,0.15384615384615385,0.0,0.8461538461538461
813,63.9896297454834,32,Maximum consecutive no-actions reached,0,0,7,0,25,0.21875,0.0,0.78125
814,28.38178825378418,23,Maximum consecutive no-actions reached,0,0,5,0,18,0.21739130434782608,0.0,0.782608695652174
815,3.1283912658691406,25,Maximum consecutive no-actions reached,0,0,4,0,21,0.16,0.0,0.84
816,58.38993453979492,40,Maximum consecutive no-actions reached,0,0,7,0,33,0.175,0.0,0.825
817,28.974449157714844,32,Maximum consecutive no-actions reached,0,0,7,0,25,0.21875,0.0,0.78125
818,8.629253387451172,45,Maximum consecutive no-actions reached,0,0,9,0,36,0.2,0.0,0.8
819,32.50540828704834,29,Maximum consecutive no-actions reached,0,0,6,0,23,0.20689655172413793,0.0,0.7931034482758621
820,116.5783462524414,45,Maximum consecutive no-actions reached,0,0,9,0,36,0.2,0.0,0.8
821,47.963409423828125,27,Maximum consecutive no-actions reached,0,0,6,0,21,0.2222222222222222,0.0,0.7777777777777778
822,59.00545310974121,35,Maximum consecutive no-actions reached,0,0,7,0,28,0.2,0.0,0.8
823,18.72525978088379,24,Maximum consecutive no-actions reached,0,0,5,0,19,0.20833333333333334,0.0,0.7916666666666666
824,79.22587585449219,23,Maximum consecutive no-actions reached,0,0,7,0,16,0.30434782608695654,0.0,0.6956521739130435
825,-43.42701530456543,17,Maximum consecutive no-actions reached,0,0,2,0,15,0.11764705882352941,0.0,0.8823529411764706
826,68.57896614074707,31,Maximum consecutive no-actions reached,0,0,7,0,24,0.22580645161290322,0.0,0.7741935483870968
827,-9.009178161621094,23,Maximum consecutive no-actions reached,0,0,4,0,19,0.17391304347826086,0.0,0.8260869565217391
828,19.422822952270508,39,Maximum consecutive no-actions reached,0,0,6,0,33,0.15384615384615385,0.0,0.8461538461538461
829,62.38251304626465,47,Maximum consecutive no-actions reached,0,0,7,0,40,0.14893617021276595,0.0,0.851063829787234
830,47.69241905212402,31,Maximum consecutive no-actions reached,0,0,6,0,25,0.1935483870967742,0.0,0.8064516129032258
831,2.8252906799316406,19,Maximum consecutive no-actions reached,0,0,4,0,15,0.21052631578947367,0.0,0.7894736842105263
832,-1008.634533405304,41,Maximum consecutive no-actions reached,0,0,10,0,31,0.24390243902439024,0.0,0.7560975609756098
833,77.62063026428223,42,Maximum consecutive no-actions reached,0,0,8,0,34,0.19047619047619047,0.0,0.8095238095238095
834,91.00341129302979,41,Maximum consecutive no-actions reached,0,0,9,0,32,0.21951219512195122,0.0,0.7804878048780488
835,28.76312828063965,30,Maximum consecutive no-actions reached,0,0,6,0,24,0.2,0.0,0.8
836,-47.67979621887207,16,Maximum consecutive no-actions reached,0,0,2,0,14,0.125,0.0,0.875
837,88.12382125854492,33,Maximum consecutive no-actions reached,0,0,8,0,25,0.24242424242424243,0.0,0.7575757575757576
838,46.82229042053223,33,Maximum consecutive no-actions reached,0,0,7,0,26,0.21212121212121213,0.0,0.7878787878787878
839,-43.42701530456543,13,Maximum consecutive no-actions reached,0,0,2,0,11,0.15384615384615385,0.0,0.8461538461538461
840,3.107365608215332,24,Maximum consecutive no-actions reached,0,0,5,0,19,0.20833333333333334,0.0,0.7916666666666666
841,28.501089096069336,24,Maximum consecutive no-actions reached,0,0,5,0,19,0.20833333333333334,0.0,0.7916666666666666
842,18.959613800048828,28,Maximum consecutive no-actions reached,0,0,5,0,23,0.17857142857142858,0.0,0.8214285714285714
843,28.183609008789062,25,Maximum consecutive no-actions reached,0,0,5,0,20,0.2,0.0,0.8
844,47.862470626831055,27,Maximum consecutive no-actions reached,0,0,6,0,21,0.2222222222222222,0.0,0.7777777777777778
845,-43.42701530456543,16,Maximum consecutive no-actions reached,0,0,2,0,14,0.125,0.0,0.875
846,-17.028002738952637,37,Maximum consecutive no-actions reached,0,0,8,0,29,0.21621621621621623,0.0,0.7837837837837838
847,32.059932708740234,34,Maximum consecutive no-actions reached,0,0,6,0,28,0.17647058823529413,0.0,0.8235294117647058
848,9.782238006591797,21,Maximum consecutive no-actions reached,0,0,4,0,17,0.19047619047619047,0.0,0.8095238095238095
849,105.48290205001831,44,Maximum consecutive no-actions reached,0,0,11,0,33,0.25,0.0,0.75
850,-33.06873607635498,33,Maximum consecutive no-actions reached,0,0,9,0,24,0.2727272727272727,0.0,0.7272727272727273
851,49.31326484680176,27,Maximum consecutive no-actions reached,0,0,6,0,21,0.2222222222222222,0.0,0.7777777777777778
852,-16.355304718017578,39,Maximum consecutive no-actions reached,0,0,7,0,32,0.1794871794871795,0.0,0.8205128205128205
853,11.475568771362305,23,Maximum consecutive no-actions reached,0,0,5,0,18,0.21739130434782608,0.0,0.782608695652174
854,3.106046676635742,20,Maximum consecutive no-actions reached,0,0,5,0,15,0.25,0.0,0.75
855,32.009056091308594,29,Maximum consecutive no-actions reached,0,0,6,0,23,0.20689655172413793,0.0,0.7931034482758621
856,36.125333070755005,27,Maximum consecutive no-actions reached,0,0,7,0,20,0.25925925925925924,0.0,0.7407407407407407
857,59.79044723510742,33,Maximum consecutive no-actions reached,0,0,7,0,26,0.21212121212121213,0.0,0.7878787878787878
858,49.70960235595703,19,Maximum consecutive no-actions reached,0,0,6,0,13,0.3157894736842105,0.0,0.6842105263157895
859,-62.70052909851074,26,Maximum consecutive no-actions reached,0,0,8,0,18,0.3076923076923077,0.0,0.6923076923076923
860,80.33541584014893,37,Maximum consecutive no-actions reached,0,0,8,0,29,0.21621621621621623,0.0,0.7837837837837838
861,85.86699104309082,32,Maximum consecutive no-actions reached,0,0,8,0,24,0.25,0.0,0.75
862,-48.47410774230957,30,Maximum consecutive no-actions reached,0,0,7,0,23,0.23333333333333334,0.0,0.7666666666666667
863,63.36077523231506,48,Maximum consecutive no-actions reached,0,0,8,0,40,0.16666666666666666,0.0,0.8333333333333334
864,33.65856981277466,39,Maximum consecutive no-actions reached,0,0,7,0,32,0.1794871794871795,0.0,0.8205128205128205
865,-16.65925407409668,17,Maximum consecutive no-actions reached,0,0,3,0,14,0.17647058823529413,0.0,0.8235294117647058
866,38.17452526092529,43,Maximum consecutive no-actions reached,0,0,7,0,36,0.16279069767441862,0.0,0.8372093023255814
867,42.4975643157959,44,Maximum consecutive no-actions reached,0,0,6,0,38,0.13636363636363635,0.0,0.8636363636363636
868,32.4004487991333,39,Maximum consecutive no-actions reached,0,0,6,0,33,0.15384615384615385,0.0,0.8461538461538461
869,11.477060317993164,24,Maximum consecutive no-actions reached,0,0,5,0,19,0.20833333333333334,0.0,0.7916666666666666
870,40.81836128234863,44,Maximum consecutive no-actions reached,0,0,6,0,38,0.13636363636363635,0.0,0.8636363636363636
871,22.122478485107422,17,Maximum consecutive no-actions reached,0,0,5,0,12,0.29411764705882354,0.0,0.7058823529411765
872,49.45940399169922,28,Maximum consecutive no-actions reached,0,0,6,0,22,0.21428571428571427,0.0,0.7857142857142857
873,41.84000015258789,41,Maximum consecutive no-actions reached,0,0,6,0,35,0.14634146341463414,0.0,0.8536585365853658
874,22.122478485107422,27,Maximum consecutive no-actions reached,0,0,5,0,22,0.18518518518518517,0.0,0.8148148148148148
875,34.93651628494263,36,Maximum consecutive no-actions reached,0,0,7,0,29,0.19444444444444445,0.0,0.8055555555555556
876,-9.106595993041992,24,Maximum consecutive no-actions reached,0,0,4,0,20,0.16666666666666666,0.0,0.8333333333333334
877,106.34823989868164,39,Maximum consecutive no-actions reached,0,0,9,0,30,0.23076923076923078,0.0,0.7692307692307693
878,-48.02991485595703,17,Maximum consecutive no-actions reached,0,0,2,0,15,0.11764705882352941,0.0,0.8823529411764706
879,57.52383995056152,27,Maximum consecutive no-actions reached,0,0,6,0,21,0.2222222222222222,0.0,0.7777777777777778
880,76.87442016601562,37,Maximum consecutive no-actions reached,0,0,8,0,29,0.21621621621621623,0.0,0.7837837837837838
881,77.00438594818115,47,Maximum consecutive no-actions reached,0,0,8,0,39,0.1702127659574468,0.0,0.8297872340425532
882,67.77418041229248,38,Maximum consecutive no-actions reached,0,0,8,0,30,0.21052631578947367,0.0,0.7894736842105263
883,28.76312828063965,28,Maximum consecutive no-actions reached,0,0,6,0,22,0.21428571428571427,0.0,0.7857142857142857
884,58.237972259521484,37,Maximum consecutive no-actions reached,0,0,7,0,30,0.1891891891891892,0.0,0.8108108108108109
885,79.22490692138672,33,Maximum consecutive no-actions reached,0,0,7,0,26,0.21212121212121213,0.0,0.7878787878787878
886,-8.90334701538086,16,Maximum consecutive no-actions reached,0,0,4,0,12,0.25,0.0,0.75
887,91.78821325302124,54,Maximum consecutive no-actions reached,0,0,9,0,45,0.16666666666666666,0.0,0.8333333333333334
888,26.027576446533203,43,Maximum consecutive no-actions reached,0,0,7,0,36,0.16279069767441862,0.0,0.8372093023255814
889,57.956289291381836,30,Maximum consecutive no-actions reached,0,0,7,0,23,0.23333333333333334,0.0,0.7666666666666667
890,-44.64942646026611,34,Maximum consecutive no-actions reached,0,0,7,0,27,0.20588235294117646,0.0,0.7941176470588235
891,27.077224731445312,37,Maximum consecutive no-actions reached,0,0,7,0,30,0.1891891891891892,0.0,0.8108108108108109
892,-33.17195796966553,48,Maximum consecutive no-actions reached,0,0,9,0,39,0.1875,0.0,0.8125
893,107.0991268157959,38,Maximum consecutive no-actions reached,0,0,9,0,29,0.23684210526315788,0.0,0.7631578947368421
894,1.953908920288086,28,Maximum consecutive no-actions reached,0,0,4,0,24,0.14285714285714285,0.0,0.8571428571428571
895,9.204559326171875,47,Maximum consecutive no-actions reached,0,0,9,0,38,0.19148936170212766,0.0,0.8085106382978723
896,30.935595512390137,23,Maximum consecutive no-actions reached,0,0,7,0,16,0.30434782608695654,0.0,0.6956521739130435
897,31.069393157958984,44,Maximum consecutive no-actions reached,0,0,6,0,38,0.13636363636363635,0.0,0.8636363636363636
898,91.34902763366699,36,Maximum consecutive no-actions reached,0,0,8,0,28,0.2222222222222222,0.0,0.7777777777777778
899,35.5227575302124,39,Maximum consecutive no-actions reached,0,0,6,0,33,0.15384615384615385,0.0,0.8461538461538461
900,91.91093111038208,41,Maximum consecutive no-actions reached,0,0,9,0,32,0.21951219512195122,0.0,0.7804878048780488
901,20.785938262939453,39,Maximum consecutive no-actions reached,0,0,5,0,34,0.1282051282051282,0.0,0.8717948717948718
902,9.368841171264648,30,Maximum consecutive no-actions reached,0,0,7,0,23,0.23333333333333334,0.0,0.7666666666666667
903,77.50874423980713,47,Maximum consecutive no-actions reached,0,0,8,0,39,0.1702127659574468,0.0,0.8297872340425532
904,118.72489070892334,40,Maximum consecutive no-actions reached,0,0,10,0,30,0.25,0.0,0.75
905,-31.527809143066406,30,Maximum consecutive no-actions reached,0,0,5,0,25,0.16666666666666666,0.0,0.8333333333333334
906,85.86652755737305,39,Maximum consecutive no-actions reached,0,0,8,0,31,0.20512820512820512,0.0,0.7948717948717948
907,79.47039985656738,36,Maximum consecutive no-actions reached,0,0,8,0,28,0.2222222222222222,0.0,0.7777777777777778
908,89.24358558654785,33,Maximum consecutive no-actions reached,0,0,8,0,25,0.24242424242424243,0.0,0.7575757575757576
909,86.63446998596191,42,Maximum consecutive no-actions reached,0,0,8,0,34,0.19047619047619047,0.0,0.8095238095238095
910,33.7563533782959,27,Maximum consecutive no-actions reached,0,0,6,0,21,0.2222222222222222,0.0,0.7777777777777778
911,-17.125256180763245,33,Maximum consecutive no-actions reached,0,0,5,0,28,0.15151515151515152,0.0,0.8484848484848485
912,133.50496101379395,41,Maximum consecutive no-actions reached,0,0,10,0,31,0.24390243902439024,0.0,0.7560975609756098
913,26.949081420898438,30,Maximum consecutive no-actions reached,0,0,5,0,25,0.16666666666666666,0.0,0.8333333333333334
914,64.13031959533691,47,Maximum consecutive no-actions reached,0,0,7,0,40,0.14893617021276595,0.0,0.851063829787234
915,91.23526954650879,36,Maximum consecutive no-actions reached,0,0,8,0,28,0.2222222222222222,0.0,0.7777777777777778
916,-26.345428466796875,19,Maximum consecutive no-actions reached,0,0,3,0,16,0.15789473684210525,0.0,0.8421052631578947
917,91.79208183288574,39,Maximum consecutive no-actions reached,0,0,8,0,31,0.20512820512820512,0.0,0.7948717948717948
918,2.6660146713256836,33,Maximum consecutive no-actions reached,0,0,5,0,28,0.15151515151515152,0.0,0.8484848484848485
919,61.76220989227295,27,Maximum consecutive no-actions reached,0,0,7,0,20,0.25925925925925924,0.0,0.7407407407407407
920,56.79903221130371,37,Maximum consecutive no-actions reached,0,0,7,0,30,0.1891891891891892,0.0,0.8108108108108109
921,3.106046676635742,30,Maximum consecutive no-actions reached,0,0,5,0,25,0.16666666666666666,0.0,0.8333333333333334
922,-21.243589401245117,17,Maximum consecutive no-actions reached,0,0,3,0,14,0.17647058823529413,0.0,0.8235294117647058
923,-8.902826309204102,18,Maximum consecutive no-actions reached,0,0,4,0,14,0.2222222222222222,0.0,0.7777777777777778
924,3.1283931732177734,17,Maximum consecutive no-actions reached,0,0,4,0,13,0.23529411764705882,0.0,0.7647058823529411
925,56.3927059173584,31,Maximum consecutive no-actions reached,0,0,7,0,24,0.22580645161290322,0.0,0.7741935483870968
926,33.390929222106934,21,Maximum consecutive no-actions reached,0,0,6,0,15,0.2857142857142857,0.0,0.7142857142857143
927,87.59072494506836,43,Maximum consecutive no-actions reached,0,0,8,0,35,0.18604651162790697,0.0,0.813953488372093
928,18.72525978088379,17,Maximum consecutive no-actions reached,0,0,5,0,12,0.29411764705882354,0.0,0.7058823529411765
929,51.612173080444336,28,Maximum consecutive no-actions reached,0,0,6,0,22,0.21428571428571427,0.0,0.7857142857142857
930,57.550540924072266,37,Maximum consecutive no-actions reached,0,0,6,0,31,0.16216216216216217,0.0,0.8378378378378378
931,-2.702709674835205,24,Maximum consecutive no-actions reached,0,0,5,0,19,0.20833333333333334,0.0,0.7916666666666666
932,18.531980514526367,35,Maximum consecutive no-actions reached,0,0,5,0,30,0.14285714285714285,0.0,0.8571428571428571
933,20.570472717285156,19,Maximum consecutive no-actions reached,0,0,5,0,14,0.2631578947368421,0.0,0.7368421052631579
934,-16.65397071838379,15,Maximum consecutive no-actions reached,0,0,3,0,12,0.2,0.0,0.8
935,-8.902826309204102,25,Maximum consecutive no-actions reached,0,0,4,0,21,0.16,0.0,0.84
936,48.200050354003906,32,Maximum consecutive no-actions reached,0,0,6,0,26,0.1875,0.0,0.8125
937,63.42008304595947,38,Maximum consecutive no-actions reached,0,0,8,0,30,0.21052631578947367,0.0,0.7894736842105263
938,58.07897758483887,25,Maximum consecutive no-actions reached,0,0,7,0,18,0.28,0.0,0.72
939,95.99993991851807,37,Maximum consecutive no-actions reached,0,0,9,0,28,0.24324324324324326,0.0,0.7567567567567568
940,88.41551685333252,46,Maximum consecutive no-actions reached,0,0,9,0,37,0.1956521739130435,0.0,0.8043478260869565
941,3.2290573120117188,37,Maximum consecutive no-actions reached,0,0,5,0,32,0.13513513513513514,0.0,0.8648648648648649
942,71.97521591186523,24,Maximum consecutive no-actions reached,0,0,7,0,17,0.2916666666666667,0.0,0.7083333333333334
943,58.18264389038086,44,Maximum consecutive no-actions reached,0,0,7,0,37,0.1590909090909091,0.0,0.8409090909090909
944,34.613022804260254,34,Maximum consecutive no-actions reached,0,0,6,0,28,0.17647058823529413,0.0,0.8235294117647058
945,-8.90334701538086,31,Maximum consecutive no-actions reached,0,0,4,0,27,0.12903225806451613,0.0,0.8709677419354839
946,76.54157066345215,43,Maximum consecutive no-actions reached,0,0,8,0,35,0.18604651162790697,0.0,0.813953488372093
947,50.94779396057129,25,Maximum consecutive no-actions reached,0,0,6,0,19,0.24,0.0,0.76
948,140.83933925628662,57,Maximum consecutive no-actions reached,0,0,11,0,46,0.19298245614035087,0.0,0.8070175438596491
949,28.578916549682617,32,Maximum consecutive no-actions reached,0,0,6,0,26,0.1875,0.0,0.8125
950,32.57986640930176,24,Maximum consecutive no-actions reached,0,0,6,0,18,0.25,0.0,0.75
951,64.41016387939453,34,Maximum consecutive no-actions reached,0,0,8,0,26,0.23529411764705882,0.0,0.7647058823529411
952,11.475568771362305,19,Maximum consecutive no-actions reached,0,0,5,0,14,0.2631578947368421,0.0,0.7368421052631579
953,21.919231414794922,28,Maximum consecutive no-actions reached,0,0,5,0,23,0.17857142857142858,0.0,0.8214285714285714
954,4.680397033691406,21,Maximum consecutive no-actions reached,0,0,4,0,17,0.19047619047619047,0.0,0.8095238095238095
955,18.72623062133789,20,Maximum consecutive no-actions reached,0,0,5,0,15,0.25,0.0,0.75
956,22.138351440429688,27,Maximum consecutive no-actions reached,0,0,5,0,22,0.18518518518518517,0.0,0.8148148148148148
957,34.76464080810547,24,Maximum consecutive no-actions reached,0,0,5,0,19,0.20833333333333334,0.0,0.7916666666666666
958,-43.10408115386963,37,Maximum consecutive no-actions reached,0,0,7,0,30,0.1891891891891892,0.0,0.8108108108108109
959,18.959613800048828,24,Maximum consecutive no-actions reached,0,0,5,0,19,0.20833333333333334,0.0,0.7916666666666666
960,32.79068851470947,35,Maximum consecutive no-actions reached,0,0,6,0,29,0.17142857142857143,0.0,0.8285714285714286
961,-2.523805618286133,24,Maximum consecutive no-actions reached,0,0,4,0,20,0.16666666666666666,0.0,0.8333333333333334
962,-8.902826309204102,16,Maximum consecutive no-actions reached,0,0,4,0,12,0.25,0.0,0.75
963,91.93979167938232,43,Maximum consecutive no-actions reached,0,0,8,0,35,0.18604651162790697,0.0,0.813953488372093
964,49.612083435058594,34,Maximum consecutive no-actions reached,0,0,6,0,28,0.17647058823529413,0.0,0.8235294117647058
965,80.05163764953613,48,Maximum consecutive no-actions reached,0,0,7,0,41,0.14583333333333334,0.0,0.8541666666666666
966,-8.90334701538086,19,Maximum consecutive no-actions reached,0,0,4,0,15,0.21052631578947367,0.0,0.7894736842105263
967,22.123001098632812,21,Maximum consecutive no-actions reached,0,0,5,0,16,0.23809523809523808,0.0,0.7619047619047619
968,18.21953010559082,25,Maximum consecutive no-actions reached,0,0,5,0,20,0.2,0.0,0.8
969,20.57047462463379,27,Maximum consecutive no-actions reached,0,0,5,0,22,0.18518518518518517,0.0,0.8148148148148148
970,18.72525978088379,34,Maximum consecutive no-actions reached,0,0,5,0,29,0.14705882352941177,0.0,0.8529411764705882
971,18.7261905670166,20,Maximum consecutive no-actions reached,0,0,5,0,15,0.25,0.0,0.75
972,20.425809860229492,26,Maximum consecutive no-actions reached,0,0,5,0,21,0.19230769230769232,0.0,0.8076923076923077
973,22.122478485107422,19,Maximum consecutive no-actions reached,0,0,5,0,14,0.2631578947368421,0.0,0.7368421052631579
974,-8.902826309204102,17,Maximum consecutive no-actions reached,0,0,4,0,13,0.23529411764705882,0.0,0.7647058823529411
975,-26.345428466796875,21,Maximum consecutive no-actions reached,0,0,3,0,18,0.14285714285714285,0.0,0.8571428571428571
976,33.86508750915527,21,Maximum consecutive no-actions reached,0,0,5,0,16,0.23809523809523808,0.0,0.7619047619047619
977,26.91844367980957,23,Maximum consecutive no-actions reached,0,0,5,0,18,0.21739130434782608,0.0,0.782608695652174
978,48.199079513549805,23,Maximum consecutive no-actions reached,0,0,6,0,17,0.2608695652173913,0.0,0.7391304347826086
979,19.856674194335938,28,Maximum consecutive no-actions reached,0,0,5,0,23,0.17857142857142858,0.0,0.8214285714285714
980,49.70505142211914,38,Maximum consecutive no-actions reached,0,0,6,0,32,0.15789473684210525,0.0,0.8421052631578947
981,2.9049453735351562,24,Maximum consecutive no-actions reached,0,0,4,0,20,0.16666666666666666,0.0,0.8333333333333334
982,20.465620040893555,25,Maximum consecutive no-actions reached,0,0,5,0,20,0.2,0.0,0.8
983,-47.67979621887207,13,Maximum consecutive no-actions reached,0,0,2,0,11,0.15384615384615385,0.0,0.8461538461538461
984,22.01664924621582,36,Maximum consecutive no-actions reached,0,0,5,0,31,0.1388888888888889,0.0,0.8611111111111112
985,33.93077278137207,30,Maximum consecutive no-actions reached,0,0,5,0,25,0.16666666666666666,0.0,0.8333333333333334
986,99.60479354858398,30,Maximum consecutive no-actions reached,0,0,8,0,22,0.26666666666666666,0.0,0.7333333333333333
987,57.85467529296875,32,Maximum consecutive no-actions reached,0,0,6,0,26,0.1875,0.0,0.8125
988,34.637237548828125,33,Maximum consecutive no-actions reached,0,0,5,0,28,0.15151515151515152,0.0,0.8484848484848485
989,4.637563705444336,20,Maximum consecutive no-actions reached,0,0,4,0,16,0.2,0.0,0.8
990,22.122478485107422,22,Maximum consecutive no-actions reached,0,0,5,0,17,0.22727272727272727,0.0,0.7727272727272727
991,79.02144622802734,41,Maximum consecutive no-actions reached,0,0,7,0,34,0.17073170731707318,0.0,0.8292682926829268
992,48.139360427856445,32,Maximum consecutive no-actions reached,0,0,6,0,26,0.1875,0.0,0.8125
993,18.72525978088379,21,Maximum consecutive no-actions reached,0,0,5,0,16,0.23809523809523808,0.0,0.7619047619047619
994,49.75298881530762,19,Maximum consecutive no-actions reached,0,0,6,0,13,0.3157894736842105,0.0,0.6842105263157895
995,42.491567611694336,38,Maximum consecutive no-actions reached,0,0,6,0,32,0.15789473684210525,0.0,0.8421052631578947
996,27.287307739257812,33,Maximum consecutive no-actions reached,0,0,5,0,28,0.15151515151515152,0.0,0.8484848484848485
997,-16.769250869750977,23,Maximum consecutive no-actions reached,0,0,3,0,20,0.13043478260869565,0.0,0.8695652173913043
998,-26.346641540527344,16,Maximum consecutive no-actions reached,0,0,3,0,13,0.1875,0.0,0.8125
999,20.586347579956055,32,Maximum consecutive no-actions reached,0,0,5,0,27,0.15625,0.0,0.84375
1000,-26.346641540527344,16,Maximum consecutive no-actions reached,0,0,3,0,13,0.1875,0.0,0.8125
1001,-26.345428466796875,23,Maximum consecutive no-actions reached,0,0,3,0,20,0.13043478260869565,0.0,0.8695652173913043
1002,3.1262454986572266,24,Maximum consecutive no-actions reached,0,0,4,0,20,0.16666666666666666,0.0,0.8333333333333334
1003,-2.523805618286133,23,Maximum consecutive no-actions reached,0,0,4,0,19,0.17391304347826086,0.0,0.8260869565217391
1004,57.974910736083984,31,Maximum consecutive no-actions reached,0,0,6,0,25,0.1935483870967742,0.0,0.8064516129032258
1005,-47.685081481933594,13,Maximum consecutive no-actions reached,0,0,2,0,11,0.15384615384615385,0.0,0.8461538461538461
1006,57.97490882873535,33,Maximum consecutive no-actions reached,0,0,6,0,27,0.18181818181818182,0.0,0.8181818181818182
1007,34.694807052612305,21,Maximum consecutive no-actions reached,0,0,5,0,16,0.23809523809523808,0.0,0.7619047619047619
1008,22.123001098632812,26,Maximum consecutive no-actions reached,0,0,5,0,21,0.19230769230769232,0.0,0.8076923076923077
1009,28.414424896240234,24,Maximum consecutive no-actions reached,0,0,5,0,19,0.20833333333333334,0.0,0.7916666666666666
1010,28.501089096069336,18,Maximum consecutive no-actions reached,0,0,5,0,13,0.2777777777777778,0.0,0.7222222222222222
1011,26.94908332824707,26,Maximum consecutive no-actions reached,0,0,5,0,21,0.19230769230769232,0.0,0.8076923076923077
1012,-8.902826309204102,25,Maximum consecutive no-actions reached,0,0,4,0,21,0.16,0.0,0.84
1013,51.612173080444336,33,Maximum consecutive no-actions reached,0,0,6,0,27,0.18181818181818182,0.0,0.8181818181818182
1014,-47.685081481933594,13,Maximum consecutive no-actions reached,0,0,2,0,11,0.15384615384615385,0.0,0.8461538461538461
1015,28.477441787719727,37,Maximum consecutive no-actions reached,0,0,5,0,32,0.13513513513513514,0.0,0.8648648648648649
1016,34.15207290649414,28,Maximum consecutive no-actions reached,0,0,5,0,23,0.17857142857142858,0.0,0.8214285714285714
1017,9.73817253112793,21,Maximum consecutive no-actions reached,0,0,4,0,17,0.19047619047619047,0.0,0.8095238095238095
1018,4.67918586730957,23,Maximum consecutive no-actions reached,0,0,4,0,19,0.17391304347826086,0.0,0.8260869565217391
1019,-26.345428466796875,20,Maximum consecutive no-actions reached,0,0,3,0,17,0.15,0.0,0.85
1020,34.15207290649414,28,Maximum consecutive no-actions reached,0,0,5,0,23,0.17857142857142858,0.0,0.8214285714285714
1021,3.1262474060058594,27,Maximum consecutive no-actions reached,0,0,4,0,23,0.14814814814814814,0.0,0.8518518518518519
1022,-26.345428466796875,23,Maximum consecutive no-actions reached,0,0,3,0,20,0.13043478260869565,0.0,0.8695652173913043
1023,34.108253479003906,30,Maximum consecutive no-actions reached,0,0,5,0,25,0.16666666666666666,0.0,0.8333333333333334
1024,51.59588813781738,26,Maximum consecutive no-actions reached,0,0,6,0,20,0.23076923076923078,0.0,0.7692307692307693
1025,9.782238006591797,20,Maximum consecutive no-actions reached,0,0,4,0,16,0.2,0.0,0.8
1026,57.5733528137207,28,Maximum consecutive no-actions reached,0,0,6,0,22,0.21428571428571427,0.0,0.7857142857142857
1027,34.154218673706055,26,Maximum consecutive no-actions reached,0,0,5,0,21,0.19230769230769232,0.0,0.8076923076923077
1028,3.0282516479492188,31,Maximum consecutive no-actions reached,0,0,4,0,27,0.12903225806451613,0.0,0.8709677419354839
1029,-26.636262893676758,22,Maximum consecutive no-actions reached,0,0,3,0,19,0.13636363636363635,0.0,0.8636363636363636
1030,-26.346641540527344,16,Maximum consecutive no-actions reached,0,0,3,0,13,0.1875,0.0,0.8125
1031,-26.346641540527344,16,Maximum consecutive no-actions reached,0,0,3,0,13,0.1875,0.0,0.8125
1032,4.637563705444336,19,Maximum consecutive no-actions reached,0,0,4,0,15,0.21052631578947367,0.0,0.7894736842105263
1033,2.329153060913086,31,Maximum consecutive no-actions reached,0,0,4,0,27,0.12903225806451613,0.0,0.8709677419354839
1034,-26.345428466796875,19,Maximum consecutive no-actions reached,0,0,3,0,16,0.15789473684210525,0.0,0.8421052631578947
1035,-26.346641540527344,19,Maximum consecutive no-actions reached,0,0,3,0,16,0.15789473684210525,0.0,0.8421052631578947
1036,3.1262474060058594,30,Maximum consecutive no-actions reached,0,0,4,0,26,0.13333333333333333,0.0,0.8666666666666667
1037,-26.345428466796875,18,Maximum consecutive no-actions reached,0,0,3,0,15,0.16666666666666666,0.0,0.8333333333333334
1038,3.1262474060058594,23,Maximum consecutive no-actions reached,0,0,4,0,19,0.17391304347826086,0.0,0.8260869565217391
1039,3.1262474060058594,23,Maximum consecutive no-actions reached,0,0,4,0,19,0.17391304347826086,0.0,0.8260869565217391
1040,-26.346641540527344,24,Maximum consecutive no-actions reached,0,0,3,0,21,0.125,0.0,0.875
1041,4.680397033691406,32,Maximum consecutive no-actions reached,0,0,4,0,28,0.125,0.0,0.875
1042,4.67918586730957,24,Maximum consecutive no-actions reached,0,0,4,0,20,0.16666666666666666,0.0,0.8333333333333334
1043,33.76152992248535,34,Maximum consecutive no-actions reached,0,0,5,0,29,0.14705882352941177,0.0,0.8529411764705882
1044,-47.67979621887207,15,Maximum consecutive no-actions reached,0,0,2,0,13,0.13333333333333333,0.0,0.8666666666666667
1045,-26.346641540527344,27,Maximum consecutive no-actions reached,0,0,3,0,24,0.1111111111111111,0.0,0.8888888888888888
1046,34.15207290649414,32,Maximum consecutive no-actions reached,0,0,5,0,27,0.15625,0.0,0.84375
1047,3.1262454986572266,22,Maximum consecutive no-actions reached,0,0,4,0,18,0.18181818181818182,0.0,0.8181818181818182
1048,-21.243589401245117,23,Maximum consecutive no-actions reached,0,0,3,0,20,0.13043478260869565,0.0,0.8695652173913043
1049,4.680397033691406,24,Maximum consecutive no-actions reached,0,0,4,0,20,0.16666666666666666,0.0,0.8333333333333334
1050,-26.346641540527344,18,Maximum consecutive no-actions reached,0,0,3,0,15,0.16666666666666666,0.0,0.8333333333333334
1051,-47.67979621887207,16,Maximum consecutive no-actions reached,0,0,2,0,14,0.125,0.0,0.875
1052,4.67918586730957,17,Maximum consecutive no-actions reached,0,0,4,0,13,0.23529411764705882,0.0,0.7647058823529411
1053,34.108253479003906,37,Maximum consecutive no-actions reached,0,0,5,0,32,0.13513513513513514,0.0,0.8648648648648649
1054,-43.42701530456543,14,Maximum consecutive no-actions reached,0,0,2,0,12,0.14285714285714285,0.0,0.8571428571428571
1055,9.58395004272461,25,Maximum consecutive no-actions reached,0,0,4,0,21,0.16,0.0,0.84
1056,34.15207290649414,21,Maximum consecutive no-actions reached,0,0,5,0,16,0.23809523809523808,0.0,0.7619047619047619
1057,-26.346641540527344,17,Maximum consecutive no-actions reached,0,0,3,0,14,0.17647058823529413,0.0,0.8235294117647058
1058,-26.345428466796875,18,Maximum consecutive no-actions reached,0,0,3,0,15,0.16666666666666666,0.0,0.8333333333333334
1059,4.67918586730957,25,Maximum consecutive no-actions reached,0,0,4,0,21,0.16,0.0,0.84
1060,-26.44418716430664,15,Maximum consecutive no-actions reached,0,0,3,0,12,0.2,0.0,0.8
1061,-26.346641540527344,19,Maximum consecutive no-actions reached,0,0,3,0,16,0.15789473684210525,0.0,0.8421052631578947
1062,34.15207290649414,21,Maximum consecutive no-actions reached,0,0,5,0,16,0.23809523809523808,0.0,0.7619047619047619
1063,3.1262454986572266,25,Maximum consecutive no-actions reached,0,0,4,0,21,0.16,0.0,0.84
1064,-71.63566780090332,12,Maximum consecutive no-actions reached,0,0,1,0,11,0.08333333333333333,0.0,0.9166666666666666
1065,9.782238006591797,20,Maximum consecutive no-actions reached,0,0,4,0,16,0.2,0.0,0.8
1066,4.67918586730957,21,Maximum consecutive no-actions reached,0,0,4,0,17,0.19047619047619047,0.0,0.8095238095238095
1067,-26.44418716430664,18,Maximum consecutive no-actions reached,0,0,3,0,15,0.16666666666666666,0.0,0.8333333333333334
1068,34.108253479003906,24,Maximum consecutive no-actions reached,0,0,5,0,19,0.20833333333333334,0.0,0.7916666666666666
1069,-47.67979621887207,17,Maximum consecutive no-actions reached,0,0,2,0,15,0.11764705882352941,0.0,0.8823529411764706
1070,4.67918586730957,15,Maximum consecutive no-actions reached,0,0,4,0,11,0.26666666666666666,0.0,0.7333333333333333
1071,9.782238006591797,22,Maximum consecutive no-actions reached,0,0,4,0,18,0.18181818181818182,0.0,0.8181818181818182
1072,9.782238006591797,18,Maximum consecutive no-actions reached,0,0,4,0,14,0.2222222222222222,0.0,0.7777777777777778
1073,-21.243589401245117,18,Maximum consecutive no-actions reached,0,0,3,0,15,0.16666666666666666,0.0,0.8333333333333334
1074,-47.723039627075195,14,Maximum consecutive no-actions reached,0,0,2,0,12,0.14285714285714285,0.0,0.8571428571428571
1075,-21.243587493896484,15,Maximum consecutive no-actions reached,0,0,3,0,12,0.2,0.0,0.8
1076,-16.65925407409668,15,Maximum consecutive no-actions reached,0,0,3,0,12,0.2,0.0,0.8
1077,9.58395004272461,25,Maximum consecutive no-actions reached,0,0,4,0,21,0.16,0.0,0.84
1078,-47.685081481933594,13,Maximum consecutive no-actions reached,0,0,2,0,11,0.15384615384615385,0.0,0.8461538461538461
1079,9.58395004272461,26,Maximum consecutive no-actions reached,0,0,4,0,22,0.15384615384615385,0.0,0.8461538461538461
1080,-21.243589401245117,22,Maximum consecutive no-actions reached,0,0,3,0,19,0.13636363636363635,0.0,0.8636363636363636
1081,-47.67979621887207,13,Maximum consecutive no-actions reached,0,0,2,0,11,0.15384615384615385,0.0,0.8461538461538461
1082,9.73817253112793,31,Maximum consecutive no-actions reached,0,0,4,0,27,0.12903225806451613,0.0,0.8709677419354839
1083,-16.65925407409668,21,Maximum consecutive no-actions reached,0,0,3,0,18,0.14285714285714285,0.0,0.8571428571428571
1084,-47.685081481933594,18,Maximum consecutive no-actions reached,0,0,2,0,16,0.1111111111111111,0.0,0.8888888888888888
1085,-16.65925407409668,26,Maximum consecutive no-actions reached,0,0,3,0,23,0.11538461538461539,0.0,0.8846153846153846
1086,-16.65925407409668,16,Maximum consecutive no-actions reached,0,0,3,0,13,0.1875,0.0,0.8125
1087,9.479635238647461,33,Maximum consecutive no-actions reached,0,0,4,0,29,0.12121212121212122,0.0,0.8787878787878788
1088,-71.63566780090332,12,Maximum consecutive no-actions reached,0,0,1,0,11,0.08333333333333333,0.0,0.9166666666666666
1089,-16.65397071838379,19,Maximum consecutive no-actions reached,0,0,3,0,16,0.15789473684210525,0.0,0.8421052631578947
1090,-21.243587493896484,24,Maximum consecutive no-actions reached,0,0,3,0,21,0.125,0.0,0.875
1091,-71.63566780090332,12,Maximum consecutive no-actions reached,0,0,1,0,11,0.08333333333333333,0.0,0.9166666666666666
1092,-43.77466583251953,24,Maximum consecutive no-actions reached,0,0,2,0,22,0.08333333333333333,0.0,0.9166666666666666
1093,-16.65925407409668,20,Maximum consecutive no-actions reached,0,0,3,0,17,0.15,0.0,0.85
1094,-16.873687744140625,26,Maximum consecutive no-actions reached,0,0,3,0,23,0.11538461538461539,0.0,0.8846153846153846
1095,-16.65925407409668,14,Maximum consecutive no-actions reached,0,0,3,0,11,0.21428571428571427,0.0,0.7857142857142857
1096,-47.685081481933594,14,Maximum consecutive no-actions reached,0,0,2,0,12,0.14285714285714285,0.0,0.8571428571428571
1097,-21.243587493896484,22,Maximum consecutive no-actions reached,0,0,3,0,19,0.13636363636363635,0.0,0.8636363636363636
1098,9.782238006591797,18,Maximum consecutive no-actions reached,0,0,4,0,14,0.2222222222222222,0.0,0.7777777777777778
1099,-16.65925407409668,16,Maximum consecutive no-actions reached,0,0,3,0,13,0.1875,0.0,0.8125
1100,-16.65925407409668,15,Maximum consecutive no-actions reached,0,0,3,0,12,0.2,0.0,0.8
1101,-71.63566780090332,12,Maximum consecutive no-actions reached,0,0,1,0,11,0.08333333333333333,0.0,0.9166666666666666
1102,-47.67979621887207,16,Maximum consecutive no-actions reached,0,0,2,0,14,0.125,0.0,0.875
1103,-21.243587493896484,19,Maximum consecutive no-actions reached,0,0,3,0,16,0.15789473684210525,0.0,0.8421052631578947
1104,-47.685081481933594,14,Maximum consecutive no-actions reached,0,0,2,0,12,0.14285714285714285,0.0,0.8571428571428571
1105,-43.53108596801758,20,Maximum consecutive no-actions reached,0,0,2,0,18,0.1,0.0,0.9
1106,-16.65925407409668,20,Maximum consecutive no-actions reached,0,0,3,0,17,0.15,0.0,0.85
1107,-47.67979621887207,15,Maximum consecutive no-actions reached,0,0,2,0,13,0.13333333333333333,0.0,0.8666666666666667
1108,-16.65925407409668,18,Maximum consecutive no-actions reached,0,0,3,0,15,0.16666666666666666,0.0,0.8333333333333334
1109,-47.685081481933594,19,Maximum consecutive no-actions reached,0,0,2,0,17,0.10526315789473684,0.0,0.8947368421052632
1110,-71.63566780090332,13,Maximum consecutive no-actions reached,0,0,1,0,12,0.07692307692307693,0.0,0.9230769230769231
1111,-26.346641540527344,27,Maximum consecutive no-actions reached,0,0,3,0,24,0.1111111111111111,0.0,0.8888888888888888
1112,9.782238006591797,16,Maximum consecutive no-actions reached,0,0,4,0,12,0.25,0.0,0.75
1113,-21.243587493896484,20,Maximum consecutive no-actions reached,0,0,3,0,17,0.15,0.0,0.85
1114,-21.243587493896484,18,Maximum consecutive no-actions reached,0,0,3,0,15,0.16666666666666666,0.0,0.8333333333333334
1115,-43.53108596801758,16,Maximum consecutive no-actions reached,0,0,2,0,14,0.125,0.0,0.875
1116,-16.769250869750977,20,Maximum consecutive no-actions reached,0,0,3,0,17,0.15,0.0,0.85
1117,-16.72568130493164,20,Maximum consecutive no-actions reached,0,0,3,0,17,0.15,0.0,0.85
1118,-16.65925407409668,21,Maximum consecutive no-actions reached,0,0,3,0,18,0.14285714285714285,0.0,0.8571428571428571
1119,-16.65925407409668,17,Maximum consecutive no-actions reached,0,0,3,0,14,0.17647058823529413,0.0,0.8235294117647058
1120,4.67918586730957,23,Maximum consecutive no-actions reached,0,0,4,0,19,0.17391304347826086,0.0,0.8260869565217391
1121,-47.685081481933594,14,Maximum consecutive no-actions reached,0,0,2,0,12,0.14285714285714285,0.0,0.8571428571428571
1122,-47.685081481933594,15,Maximum consecutive no-actions reached,0,0,2,0,13,0.13333333333333333,0.0,0.8666666666666667
1123,9.782238006591797,18,Maximum consecutive no-actions reached,0,0,4,0,14,0.2222222222222222,0.0,0.7777777777777778
1124,-16.846210479736328,22,Maximum consecutive no-actions reached,0,0,3,0,19,0.13636363636363635,0.0,0.8636363636363636
1125,-21.243587493896484,16,Maximum consecutive no-actions reached,0,0,3,0,13,0.1875,0.0,0.8125
1126,9.782238006591797,25,Maximum consecutive no-actions reached,0,0,4,0,21,0.16,0.0,0.84
1127,9.782238006591797,29,Maximum consecutive no-actions reached,0,0,4,0,25,0.13793103448275862,0.0,0.8620689655172413
1128,-21.243589401245117,24,Maximum consecutive no-actions reached,0,0,3,0,21,0.125,0.0,0.875
1129,-16.65925407409668,20,Maximum consecutive no-actions reached,0,0,3,0,17,0.15,0.0,0.85
1130,-47.78015899658203,24,Maximum consecutive no-actions reached,0,0,2,0,22,0.08333333333333333,0.0,0.9166666666666666
1131,-21.243587493896484,20,Maximum consecutive no-actions reached,0,0,3,0,17,0.15,0.0,0.85
1132,-16.65925407409668,14,Maximum consecutive no-actions reached,0,0,3,0,11,0.21428571428571427,0.0,0.7857142857142857
1133,-16.65925407409668,16,Maximum consecutive no-actions reached,0,0,3,0,13,0.1875,0.0,0.8125
1134,-47.67979621887207,13,Maximum consecutive no-actions reached,0,0,2,0,11,0.15384615384615385,0.0,0.8461538461538461
1135,-16.65925407409668,17,Maximum consecutive no-actions reached,0,0,3,0,14,0.17647058823529413,0.0,0.8235294117647058
1136,-16.74226188659668,22,Maximum consecutive no-actions reached,0,0,3,0,19,0.13636363636363635,0.0,0.8636363636363636
1137,-71.63566780090332,13,Maximum consecutive no-actions reached,0,0,1,0,12,0.07692307692307693,0.0,0.9230769230769231
1138,-16.65925407409668,19,Maximum consecutive no-actions reached,0,0,3,0,16,0.15789473684210525,0.0,0.8421052631578947
1139,-47.685081481933594,20,Maximum consecutive no-actions reached,0,0,2,0,18,0.1,0.0,0.9
1140,9.73817253112793,28,Maximum consecutive no-actions reached,0,0,4,0,24,0.14285714285714285,0.0,0.8571428571428571
1141,-21.243589401245117,26,Maximum consecutive no-actions reached,0,0,3,0,23,0.11538461538461539,0.0,0.8846153846153846
1142,-71.73725128173828,13,Maximum consecutive no-actions reached,0,0,1,0,12,0.07692307692307693,0.0,0.9230769230769231
1143,-21.243587493896484,27,Maximum consecutive no-actions reached,0,0,3,0,24,0.1111111111111111,0.0,0.8888888888888888
1144,-47.78015899658203,16,Maximum consecutive no-actions reached,0,0,2,0,14,0.125,0.0,0.875
1145,-47.67979621887207,13,Maximum consecutive no-actions reached,0,0,2,0,11,0.15384615384615385,0.0,0.8461538461538461
1146,-21.243587493896484,19,Maximum consecutive no-actions reached,0,0,3,0,16,0.15789473684210525,0.0,0.8421052631578947
1147,-47.685081481933594,14,Maximum consecutive no-actions reached,0,0,2,0,12,0.14285714285714285,0.0,0.8571428571428571
1148,-16.65925407409668,22,Maximum consecutive no-actions reached,0,0,3,0,19,0.13636363636363635,0.0,0.8636363636363636
1149,9.479635238647461,36,Maximum consecutive no-actions reached,0,0,4,0,32,0.1111111111111111,0.0,0.8888888888888888
1150,4.67918586730957,15,Maximum consecutive no-actions reached,0,0,4,0,11,0.26666666666666666,0.0,0.7333333333333333
1151,-16.769250869750977,24,Maximum consecutive no-actions reached,0,0,3,0,21,0.125,0.0,0.875
1152,-47.685081481933594,15,Maximum consecutive no-actions reached,0,0,2,0,13,0.13333333333333333,0.0,0.8666666666666667
1153,-16.873687744140625,27,Maximum consecutive no-actions reached,0,0,3,0,24,0.1111111111111111,0.0,0.8888888888888888
1154,-21.243587493896484,19,Maximum consecutive no-actions reached,0,0,3,0,16,0.15789473684210525,0.0,0.8421052631578947
1155,-47.685081481933594,15,Maximum consecutive no-actions reached,0,0,2,0,13,0.13333333333333333,0.0,0.8666666666666667
1156,-21.243587493896484,28,Maximum consecutive no-actions reached,0,0,3,0,25,0.10714285714285714,0.0,0.8928571428571429
1157,-47.685081481933594,13,Maximum consecutive no-actions reached,0,0,2,0,11,0.15384615384615385,0.0,0.8461538461538461
1158,-21.243587493896484,20,Maximum consecutive no-actions reached,0,0,3,0,17,0.15,0.0,0.85
1159,-16.65925407409668,17,Maximum consecutive no-actions reached,0,0,3,0,14,0.17647058823529413,0.0,0.8235294117647058
1160,-16.65925407409668,19,Maximum consecutive no-actions reached,0,0,3,0,16,0.15789473684210525,0.0,0.8421052631578947
1161,-16.65925407409668,19,Maximum consecutive no-actions reached,0,0,3,0,16,0.15789473684210525,0.0,0.8421052631578947
1162,-16.903776168823242,26,Maximum consecutive no-actions reached,0,0,3,0,23,0.11538461538461539,0.0,0.8846153846153846
1163,-16.65925407409668,15,Maximum consecutive no-actions reached,0,0,3,0,12,0.2,0.0,0.8
1164,9.73817253112793,21,Maximum consecutive no-actions reached,0,0,4,0,17,0.19047619047619047,0.0,0.8095238095238095
1165,4.67918586730957,28,Maximum consecutive no-actions reached,0,0,4,0,24,0.14285714285714285,0.0,0.8571428571428571
1166,34.108253479003906,36,Maximum consecutive no-actions reached,0,0,5,0,31,0.1388888888888889,0.0,0.8611111111111112
1167,-26.346641540527344,19,Maximum consecutive no-actions reached,0,0,3,0,16,0.15789473684210525,0.0,0.8421052631578947
1168,33.65590476989746,37,Maximum consecutive no-actions reached,0,0,5,0,32,0.13513513513513514,0.0,0.8648648648648649
1169,3.1262474060058594,19,Maximum consecutive no-actions reached,0,0,4,0,15,0.21052631578947367,0.0,0.7894736842105263
1170,-26.346641540527344,15,Maximum consecutive no-actions reached,0,0,3,0,12,0.2,0.0,0.8
1171,3.1262474060058594,17,Maximum consecutive no-actions reached,0,0,4,0,13,0.23529411764705882,0.0,0.7647058823529411
1172,2.983396530151367,29,Maximum consecutive no-actions reached,0,0,4,0,25,0.13793103448275862,0.0,0.8620689655172413
1173,34.15207290649414,34,Maximum consecutive no-actions reached,0,0,5,0,29,0.14705882352941177,0.0,0.8529411764705882
1174,4.67918586730957,24,Maximum consecutive no-actions reached,0,0,4,0,20,0.16666666666666666,0.0,0.8333333333333334
1175,4.491924285888672,25,Maximum consecutive no-actions reached,0,0,4,0,21,0.16,0.0,0.84
1176,-16.65397071838379,25,Maximum consecutive no-actions reached,0,0,3,0,22,0.12,0.0,0.88
1177,34.15207290649414,25,Maximum consecutive no-actions reached,0,0,5,0,20,0.2,0.0,0.8
1178,34.15207290649414,19,Maximum consecutive no-actions reached,0,0,5,0,14,0.2631578947368421,0.0,0.7368421052631579
1179,4.67918586730957,18,Maximum consecutive no-actions reached,0,0,4,0,14,0.2222222222222222,0.0,0.7777777777777778
1180,-17.204748153686523,22,Maximum consecutive no-actions reached,0,0,3,0,19,0.13636363636363635,0.0,0.8636363636363636
1181,9.728071212768555,27,Maximum consecutive no-actions reached,0,0,4,0,23,0.14814814814814814,0.0,0.8518518518518519
1182,-26.911191940307617,29,Maximum consecutive no-actions reached,0,0,3,0,26,0.10344827586206896,0.0,0.896551724137931
1183,4.67918586730957,25,Maximum consecutive no-actions reached,0,0,4,0,21,0.16,0.0,0.84
1184,34.15207290649414,25,Maximum consecutive no-actions reached,0,0,5,0,20,0.2,0.0,0.8
1185,4.67918586730957,19,Maximum consecutive no-actions reached,0,0,4,0,15,0.21052631578947367,0.0,0.7894736842105263
1186,57.953128814697266,35,Maximum consecutive no-actions reached,0,0,6,0,29,0.17142857142857143,0.0,0.8285714285714286
1187,3.1262474060058594,24,Maximum consecutive no-actions reached,0,0,4,0,20,0.16666666666666666,0.0,0.8333333333333334
1188,33.23410987854004,46,Maximum consecutive no-actions reached,0,0,5,0,41,0.10869565217391304,0.0,0.8913043478260869
1189,-47.685081481933594,13,Maximum consecutive no-actions reached,0,0,2,0,11,0.15384615384615385,0.0,0.8461538461538461
1190,33.819183349609375,36,Maximum consecutive no-actions reached,0,0,5,0,31,0.1388888888888889,0.0,0.8611111111111112
1191,-27.061918258666992,25,Maximum consecutive no-actions reached,0,0,3,0,22,0.12,0.0,0.88
1192,28.50202178955078,28,Maximum consecutive no-actions reached,0,0,5,0,23,0.17857142857142858,0.0,0.8214285714285714
1193,28.479307174682617,26,Maximum consecutive no-actions reached,0,0,5,0,21,0.19230769230769232,0.0,0.8076923076923077
1194,2.2424163818359375,30,Maximum consecutive no-actions reached,0,0,4,0,26,0.13333333333333333,0.0,0.8666666666666667
1195,-2.546518325805664,30,Maximum consecutive no-actions reached,0,0,4,0,26,0.13333333333333333,0.0,0.8666666666666667
1196,49.75108528137207,27,Maximum consecutive no-actions reached,0,0,6,0,21,0.2222222222222222,0.0,0.7777777777777778
1197,20.5700626373291,36,Maximum consecutive no-actions reached,0,0,5,0,31,0.1388888888888889,0.0,0.8611111111111112
1198,87.61250686645508,45,Maximum consecutive no-actions reached,0,0,8,0,37,0.17777777777777778,0.0,0.8222222222222222
1199,61.94684982299805,40,Maximum consecutive no-actions reached,0,0,7,0,33,0.175,0.0,0.825
1200,-26.345428466796875,15,Maximum consecutive no-actions reached,0,0,3,0,12,0.2,0.0,0.8
1201,32.12141132354736,29,Maximum consecutive no-actions reached,0,0,6,0,23,0.20689655172413793,0.0,0.7931034482758621
1202,91.23509693145752,39,Maximum consecutive no-actions reached,0,0,8,0,31,0.20512820512820512,0.0,0.7948717948717948
1203,22.122478485107422,22,Maximum consecutive no-actions reached,0,0,5,0,17,0.22727272727272727,0.0,0.7727272727272727
1204,51.59630012512207,19,Maximum consecutive no-actions reached,0,0,6,0,13,0.3157894736842105,0.0,0.6842105263157895
1205,11.475568771362305,26,Maximum consecutive no-actions reached,0,0,5,0,21,0.19230769230769232,0.0,0.8076923076923077
1206,-16.65925407409668,22,Maximum consecutive no-actions reached,0,0,3,0,19,0.13636363636363635,0.0,0.8636363636363636
1207,32.464234352111816,36,Maximum consecutive no-actions reached,0,0,6,0,30,0.16666666666666666,0.0,0.8333333333333334
1208,-46.82795238494873,44,Maximum consecutive no-actions reached,0,0,7,0,37,0.1590909090909091,0.0,0.8409090909090909
1209,60.20927333831787,36,Maximum consecutive no-actions reached,0,0,7,0,29,0.19444444444444445,0.0,0.8055555555555556
1210,-26.346641540527344,17,Maximum consecutive no-actions reached,0,0,3,0,14,0.17647058823529413,0.0,0.8235294117647058
1211,20.57047462463379,32,Maximum consecutive no-actions reached,0,0,5,0,27,0.15625,0.0,0.84375
1212,76.67040634155273,44,Maximum consecutive no-actions reached,0,0,7,0,37,0.1590909090909091,0.0,0.8409090909090909
1213,48.199079513549805,38,Maximum consecutive no-actions reached,0,0,6,0,32,0.15789473684210525,0.0,0.8421052631578947
1214,22.138351440429688,29,Maximum consecutive no-actions reached,0,0,5,0,24,0.1724137931034483,0.0,0.8275862068965517
1215,3.607685089111328,29,Maximum consecutive no-actions reached,0,0,5,0,24,0.1724137931034483,0.0,0.8275862068965517
1216,19.640254974365234,22,Maximum consecutive no-actions reached,0,0,5,0,17,0.22727272727272727,0.0,0.7727272727272727
1217,-21.693589210510254,19,Maximum consecutive no-actions reached,0,0,4,0,15,0.21052631578947367,0.0,0.7894736842105263
1218,49.98636436462402,33,Maximum consecutive no-actions reached,0,0,7,0,26,0.21212121212121213,0.0,0.7878787878787878
1219,22.336091995239258,28,Maximum consecutive no-actions reached,0,0,5,0,23,0.17857142857142858,0.0,0.8214285714285714
1220,71.97521591186523,25,Maximum consecutive no-actions reached,0,0,7,0,18,0.28,0.0,0.72
1221,31.172336101531982,26,Maximum consecutive no-actions reached,0,0,7,0,19,0.2692307692307692,0.0,0.7307692307692307
1222,22.122478485107422,25,Maximum consecutive no-actions reached,0,0,5,0,20,0.2,0.0,0.8
1223,79.47161674499512,36,Maximum consecutive no-actions reached,0,0,8,0,28,0.2222222222222222,0.0,0.7777777777777778
1224,49.39693260192871,37,Maximum consecutive no-actions reached,0,0,6,0,31,0.16216216216216217,0.0,0.8378378378378378
1225,32.37513065338135,32,Maximum consecutive no-actions reached,0,0,6,0,26,0.1875,0.0,0.8125
1226,49.9845085144043,30,Maximum consecutive no-actions reached,0,0,6,0,24,0.2,0.0,0.8
1227,28.50202178955078,26,Maximum consecutive no-actions reached,0,0,5,0,21,0.19230769230769232,0.0,0.8076923076923077
1228,46.29855155944824,31,Maximum consecutive no-actions reached,0,0,6,0,25,0.1935483870967742,0.0,0.8064516129032258
1229,2.5832700729370117,28,Maximum consecutive no-actions reached,0,0,5,0,23,0.17857142857142858,0.0,0.8214285714285714
1230,91.43998718261719,33,Maximum consecutive no-actions reached,0,0,8,0,25,0.24242424242424243,0.0,0.7575757575757576
1231,87.37059783935547,46,Maximum consecutive no-actions reached,0,0,8,0,38,0.17391304347826086,0.0,0.8260869565217391
1232,55.707109451293945,30,Maximum consecutive no-actions reached,0,0,7,0,23,0.23333333333333334,0.0,0.7666666666666667
1233,91.23509693145752,26,Maximum consecutive no-actions reached,0,0,8,0,18,0.3076923076923077,0.0,0.6923076923076923
1234,38.59162616729736,32,Maximum consecutive no-actions reached,0,0,7,0,25,0.21875,0.0,0.78125
1235,-15.869654655456543,46,Maximum consecutive no-actions reached,0,0,8,0,38,0.17391304347826086,0.0,0.8260869565217391
1236,-15.474358558654785,46,Maximum consecutive no-actions reached,0,0,8,0,38,0.17391304347826086,0.0,0.8260869565217391
1237,56.39363670349121,34,Maximum consecutive no-actions reached,0,0,7,0,27,0.20588235294117646,0.0,0.7941176470588235
1238,61.31301689147949,40,Maximum consecutive no-actions reached,0,0,7,0,33,0.175,0.0,0.825
1239,40.85909080505371,28,Maximum consecutive no-actions reached,0,0,6,0,22,0.21428571428571427,0.0,0.7857142857142857
1240,28.501089096069336,22,Maximum consecutive no-actions reached,0,0,5,0,17,0.22727272727272727,0.0,0.7727272727272727
1241,26.949085235595703,22,Maximum consecutive no-actions reached,0,0,5,0,17,0.22727272727272727,0.0,0.7727272727272727
1242,86.05104446411133,42,Maximum consecutive no-actions reached,0,0,8,0,34,0.19047619047619047,0.0,0.8095238095238095
1243,112.415114402771,68,Maximum consecutive no-actions reached,0,0,11,0,57,0.16176470588235295,0.0,0.8382352941176471
1244,88.62720966339111,36,Maximum consecutive no-actions reached,0,0,9,0,27,0.25,0.0,0.75
1245,16.664875030517578,47,Maximum consecutive no-actions reached,0,0,8,0,39,0.1702127659574468,0.0,0.8297872340425532
1246,34.93672704696655,31,Maximum consecutive no-actions reached,0,0,7,0,24,0.22580645161290322,0.0,0.7741935483870968
1247,11.475568771362305,23,Maximum consecutive no-actions reached,0,0,5,0,18,0.21739130434782608,0.0,0.782608695652174
1248,67.80642461776733,29,Maximum consecutive no-actions reached,0,0,8,0,21,0.27586206896551724,0.0,0.7241379310344828
1249,47.862470626831055,23,Maximum consecutive no-actions reached,0,0,6,0,17,0.2608695652173913,0.0,0.7391304347826086
1250,28.414424896240234,26,Maximum consecutive no-actions reached,0,0,5,0,21,0.19230769230769232,0.0,0.8076923076923077
1251,39.00236129760742,25,Maximum consecutive no-actions reached,0,0,8,0,17,0.32,0.0,0.68
1252,-145.71503067016602,46,Maximum consecutive no-actions reached,0,0,11,0,35,0.2391304347826087,0.0,0.7608695652173914
1253,74.10581302642822,31,Maximum consecutive no-actions reached,0,0,8,0,23,0.25806451612903225,0.0,0.7419354838709677
1254,28.252094268798828,35,Maximum consecutive no-actions reached,0,0,6,0,29,0.17142857142857143,0.0,0.8285714285714286
1255,10.182228088378906,36,Maximum consecutive no-actions reached,0,0,9,0,27,0.25,0.0,0.75
1256,44.237871170043945,34,Maximum consecutive no-actions reached,0,0,6,0,28,0.17647058823529413,0.0,0.8235294117647058
1257,57.974910736083984,25,Maximum consecutive no-actions reached,0,0,6,0,19,0.24,0.0,0.76
1258,94.38660264015198,30,Maximum consecutive no-actions reached,0,0,9,0,21,0.3,0.0,0.7
1259,42.501394271850586,27,Maximum consecutive no-actions reached,0,0,6,0,21,0.2222222222222222,0.0,0.7777777777777778
1260,67.805655002594,28,Maximum consecutive no-actions reached,0,0,8,0,20,0.2857142857142857,0.0,0.7142857142857143
1261,39.69860351085663,43,Maximum consecutive no-actions reached,0,0,7,0,36,0.16279069767441862,0.0,0.8372093023255814
1262,-11.093242645263672,36,Maximum consecutive no-actions reached,0,0,7,0,29,0.19444444444444445,0.0,0.8055555555555556
1263,11.728996276855469,50,Maximum consecutive no-actions reached,0,0,9,0,41,0.18,0.0,0.82
1264,-44.15162467956543,28,Maximum consecutive no-actions reached,0,0,6,0,22,0.21428571428571427,0.0,0.7857142857142857
1265,38.87650465965271,52,Maximum consecutive no-actions reached,0,0,8,0,44,0.15384615384615385,0.0,0.8461538461538461
1266,-21.243587493896484,18,Maximum consecutive no-actions reached,0,0,3,0,15,0.16666666666666666,0.0,0.8333333333333334
1267,-8.902826309204102,28,Maximum consecutive no-actions reached,0,0,4,0,24,0.14285714285714285,0.0,0.8571428571428571
1268,-16.74226188659668,21,Maximum consecutive no-actions reached,0,0,3,0,18,0.14285714285714285,0.0,0.8571428571428571
1269,51.72485065460205,40,Maximum consecutive no-actions reached,0,0,8,0,32,0.2,0.0,0.8
1270,4.680397033691406,20,Maximum consecutive no-actions reached,0,0,4,0,16,0.2,0.0,0.8
