timestep,action,mapped_action,reward,resource_usage,element_count,budget_proximity,took_timestep,episode
1,0,-1,-0.0,0.16,4,0.16,0,0
2,2,1,-4.1406527,0.2,5,0.2,0,0
3,2,1,28.22638,0.24,6,0.24,0,0
4,1,0,0.0,0.24,6,0.24,0,0
5,2,1,-4.5163865,0.28,7,0.28,0,0
6,1,0,0.0,0.28,7,0.28,0,0
7,2,1,23.19499,0.32,8,0.32,0,0
8,2,1,15.120643,0.44,11,0.44,0,0
9,1,0,0.0,0.44,11,0.44,0,0
10,1,0,0.0,0.44,11,0.44,0,0
11,2,1,-7.391858,0.48,12,0.48,0,0
12,2,1,19.758776,0.52,13,0.52,0,0
13,0,-1,-19.758776,0.48,12,0.48,0,0
14,0,-1,-0.0,0.48,12,0.48,0,0
15,0,-1,-23.897566,0.44,11,0.44,0,0
16,2,1,23.897566,0.48,12,0.48,0,0
17,1,0,0.0,0.48,12,0.48,0,0
18,1,0,0.0,0.48,12,0.48,0,0
19,1,0,0.0,0.48,12,0.48,0,0
20,0,-1,-0.15401874,0.48,12,0.48,0,0
21,1,0,0.0,0.48,12,0.48,0,0
22,2,1,13.042493,0.56,14,0.56,0,0
23,1,0,0.0,0.56,14,0.56,0,0
24,0,-1,9.921978,0.52,13,0.52,0,0
25,0,-1,-0.0,0.52,13,0.52,0,0
26,0,-1,-19.544647,0.48,12,0.48,0,0
27,2,1,11.372195,0.56,14,0.56,1,0
28,1,0,0.0,0.56,14,0.56,0,0
29,2,1,-37.286327,0.72,18,0.72,0,0
30,0,-1,-14.830406,0.72,18,0.72,1,0
31,1,0,0.0,0.72,18,0.72,0,0
32,1,0,0.0,0.72,18,0.72,0,0
33,1,0,0.0,0.72,18,0.72,0,0
34,2,1,-43.87259,0.8,20,0.8,0,0
35,1,0,0.0,0.8,20,0.8,0,0
36,1,0,0.0,0.8,20,0.8,0,0
37,2,1,-346.63507,0.92,23,0.92,0,0
38,2,1,-599.9127,0.96,24,0.96,0,0
39,0,-1,-0.016730594,0.96,24,0.96,0,0
40,1,0,0.0,0.96,24,0.96,0,0
41,1,0,0.0,0.96,24,0.96,0,0
42,0,-1,-18.127874,0.96,24,0.96,0,0
43,0,-1,599.9127,0.92,23,0.92,0,0
44,0,-1,182.98526,0.88,22,0.88,0,0
45,0,-1,77.25154,0.84,21,0.84,0,0
46,0,-1,35.452747,0.8,20,0.8,0,0
47,1,0,0.0,0.8,20,0.8,0,0
48,0,-1,-14.950323,0.8,20,0.8,1,0
49,0,-1,12.950016,0.76,19,0.76,0,0
50,0,-1,-13.495171,0.76,19,0.76,0,0
51,1,0,0.0,0.76,19,0.76,0,0
52,1,0,0.0,0.76,19,0.76,0,0
53,1,0,0.0,0.76,19,0.76,0,0
54,1,0,0.0,0.76,19,0.76,0,0
55,2,1,-15.782445,0.8,20,0.8,0,0
56,1,0,0.0,0.8,20,0.8,0,0
57,0,-1,14.684364,0.76,19,0.76,0,0
58,2,1,-13.650127,0.8,20,0.8,0,0
59,2,1,-139.65582,0.88,22,0.88,0,0
60,2,1,-807.1248,0.96,24,0.96,0,0
61,2,1,24.406223,1.0,25,1.0,0,0
62,0,-1,-1000.0,0.0,0,0.0,0,0
63,1,0,0.0,0.16,4,0.16,0,1
64,1,0,0.0,0.16,4,0.16,0,1
65,1,0,0.0,0.16,4,0.16,0,1
66,1,0,0.0,0.16,4,0.16,0,1
67,1,0,0.0,0.16,4,0.16,0,1
68,2,1,-4.1407347,0.2,5,0.2,0,1
69,2,1,28.22638,0.24,6,0.24,0,1
70,1,0,0.0,0.24,6,0.24,0,1
71,2,1,-4.515744,0.28,7,0.28,0,1
72,1,0,0.0,0.28,7,0.28,0,1
73,0,-1,4.515744,0.24,6,0.24,0,1
74,1,0,0.0,0.24,6,0.24,0,1
75,2,1,23.123543,0.32,8,0.32,0,1
76,2,1,-5.2804456,0.36,9,0.36,0,1
77,1,0,0.0,0.36,9,0.36,1,1
78,2,1,20.267208,0.4,10,0.4,0,1
79,1,0,0.0,0.4,10,0.4,0,1
80,0,-1,-27.167313,0.4,10,0.4,0,1
81,2,1,12.287345,0.44,11,0.44,0,1
82,2,1,21.041882,0.48,12,0.48,0,1
83,1,0,0.0,0.48,12,0.48,1,1
84,1,0,0.0,0.48,12,0.48,0,1
85,0,-1,-12.526014,0.44,11,0.44,0,1
86,0,-1,-10.867564,0.4,10,0.4,0,1
87,0,-1,-17.849987,0.36,9,0.36,0,1
88,2,1,20.419083,0.4,10,0.4,0,1
89,0,-1,-22.69421,0.36,9,0.36,0,1
90,0,-1,-0.0,0.36,9,0.36,0,1
91,1,0,0.0,0.36,9,0.36,1,1
92,1,0,0.0,0.36,9,0.36,0,1
93,1,0,0.0,0.36,9,0.36,0,1
94,2,1,22.241634,0.4,10,0.4,0,1
95,2,1,25.000536,0.44,11,0.44,0,1
96,2,1,21.816307,0.48,12,0.48,0,1
97,2,1,11.76687,0.52,13,0.52,0,1
98,2,1,13.281745,0.56,14,0.56,0,1
99,1,0,0.0,0.56,14,0.56,0,1
100,2,1,19.285095,0.6,15,0.6,0,1
101,2,1,6.441381,0.64,16,0.64,1,1
102,2,1,1.2341831,0.68,17,0.68,0,1
103,0,-1,-13.306083,0.64,16,0.64,0,1
104,0,-1,-27.580696,0.64,16,0.64,0,1
105,2,1,8.610796,0.68,17,0.68,0,1
106,2,1,-66.388855,0.8,20,0.8,0,1
107,0,-1,21.285654,0.76,19,0.76,0,1
108,1,0,0.0,0.76,19,0.76,0,1
109,2,1,-177.82198,0.88,22,0.88,0,1
110,2,1,-181.92906,0.92,23,0.92,0,1
111,1,0,0.0,0.92,23,0.92,0,1
112,2,1,26.197433,1.0,25,1.0,0,1
113,1,0,-1000.0,0.0,0,0.0,0,1
114,1,0,0.0,0.16,4,0.16,0,2
115,0,-1,-0.0,0.16,4,0.16,0,2
116,2,1,-4.1406527,0.2,5,0.2,0,2
117,2,1,-4.278687,0.24,6,0.24,1,2
118,0,-1,-25.416443,0.2,5,0.2,0,2
119,2,1,28.1753,0.24,6,0.24,0,2
120,0,-1,-0.0,0.24,6,0.24,0,2
121,1,0,0.0,0.24,6,0.24,0,2
122,2,1,22.964579,0.32,8,0.32,0,2
123,2,1,25.81898,0.36,9,0.36,0,2
124,2,1,25.286272,0.4,10,0.4,0,2
125,2,1,15.222726,0.48,12,0.48,0,2
126,2,1,20.792362,0.52,13,0.52,0,2
127,2,1,7.910116,0.6,15,0.6,0,2
128,2,1,13.358355,0.64,16,0.64,0,2
129,2,1,-40.417484,0.76,19,0.76,0,2
130,2,1,-25.272629,0.8,20,0.8,1,2
131,1,0,0.0,0.8,20,0.8,0,2
132,2,1,-33.666695,0.84,21,0.84,1,2
133,1,0,0.0,0.84,21,0.84,0,2
134,1,0,0.0,0.84,21,0.84,1,2
135,0,-1,-16.025415,0.84,21,0.84,0,2
136,0,-1,-10.7572155,0.84,21,0.84,0,2
137,2,1,-285.04004,0.92,23,0.92,0,2
138,2,1,-598.48315,0.96,24,0.96,0,2
139,1,0,0.0,0.96,24,0.96,0,2
140,1,0,0.0,0.96,24,0.96,0,2
141,1,0,0.0,0.96,24,0.96,0,2
142,2,1,-1000.0,0.0,0,0.0,0,2
143,2,1,-4.1407347,0.2,5,0.2,0,3
144,0,-1,4.1407347,0.16,4,0.16,0,3
145,0,-1,-0.0,0.16,4,0.16,0,3
146,0,-1,-0.0,0.16,4,0.16,0,3
147,0,-1,-0.0,0.16,4,0.16,0,3
148,0,-1,-0.0,0.16,4,0.16,0,3
149,2,1,28.364332,0.2,5,0.2,0,3
150,0,-1,-28.364332,0.16,4,0.16,0,3
151,2,1,28.346605,0.2,5,0.2,0,3
152,1,0,0.0,0.2,5,0.2,0,3
153,0,-1,-28.346605,0.16,4,0.16,0,3
154,2,1,28.364332,0.2,5,0.2,0,3
155,0,-1,-28.364332,0.16,4,0.16,0,3
156,2,1,-4.1406527,0.2,5,0.2,0,3
157,1,0,0.0,0.2,5,0.2,0,3
158,2,1,-4.2792473,0.24,6,0.24,0,3
159,0,-1,-0.0,0.24,6,0.24,0,3
160,0,-1,-0.0,0.24,6,0.24,0,3
161,2,1,27.971514,0.28,7,0.28,0,3
162,2,1,16.805927,0.4,10,0.4,1,3
163,0,-1,-25.400425,0.36,9,0.36,0,3
164,0,-1,-27.156118,0.32,8,0.32,0,3
165,1,0,0.0,0.32,8,0.32,0,3
166,1,0,0.0,0.32,8,0.32,0,3
167,0,-1,-11.052183,0.28,7,0.28,0,3
168,0,-1,-28.024529,0.24,6,0.24,1,3
169,2,1,27.840223,0.28,7,0.28,0,3
170,1,0,0.0,0.28,7,0.28,0,3
171,0,-1,-27.840223,0.24,6,0.24,0,3
172,2,1,17.838003,0.36,9,0.36,0,3
173,2,1,18.877264,0.4,10,0.4,0,3
174,1,0,0.0,0.4,10,0.4,0,3
175,2,1,12.066602,0.48,12,0.48,0,3
176,1,0,0.0,0.48,12,0.48,0,3
177,1,0,0.0,0.48,12,0.48,0,3
178,0,-1,-0.29528522,0.48,12,0.48,0,3
179,0,-1,-0.34199557,0.48,12,0.48,0,3
180,1,0,0.0,0.48,12,0.48,0,3
181,1,0,0.0,0.48,12,0.48,0,3
182,2,1,15.949873,0.52,13,0.52,1,3
183,0,-1,-30.987299,0.52,13,0.52,0,3
184,0,-1,-10.920158,0.48,12,0.48,0,3
185,2,1,-21.627432,0.64,16,0.64,0,3
186,0,-1,-35.48667,0.68,17,0.68,0,3
187,0,-1,-0.0147922505,0.64,16,0.64,0,3
188,0,-1,-10.118624,0.6,15,0.6,0,3
189,0,-1,-38.432053,0.64,16,0.64,0,3
190,2,1,14.59998,0.68,17,0.68,0,3
191,1,0,0.0,0.68,17,0.68,0,3
192,1,0,0.0,0.68,17,0.68,0,3
193,1,0,0.0,0.68,17,0.68,0,3
194,0,-1,-0.0,0.68,17,0.68,0,3
195,0,-1,-0.0,0.68,17,0.68,0,3
196,0,-1,-0.00031965435,0.68,17,0.68,0,3
197,0,-1,-2.8222094,0.64,16,0.64,0,3
198,1,0,0.0,0.64,16,0.64,0,3
199,0,-1,-7.954175,0.6,15,0.6,0,3
200,0,-1,-0.29668206,0.6,15,0.6,0,3
201,2,1,4.996796,0.64,16,0.64,0,3
202,2,1,-45.91069,0.76,19,0.76,0,3
203,2,1,-192.16922,0.88,22,0.88,0,3
204,1,0,0.0,0.88,22,0.88,0,3
205,0,-1,-0.0,0.88,22,0.88,1,3
206,2,1,-805.297,0.96,24,0.96,0,3
207,0,-1,-30.367216,0.96,24,0.96,0,3
208,2,1,-1000.0,0.0,0,0.0,0,3
209,0,-1,-0.0,0.16,4,0.16,0,4
210,1,0,0.0,0.16,4,0.16,0,4
211,1,0,0.0,0.16,4,0.16,0,4
212,0,-1,-0.0,0.16,4,0.16,0,4
213,2,1,-4.1407347,0.2,5,0.2,0,4
214,0,-1,4.1407347,0.16,4,0.16,0,4
215,0,-1,-0.0,0.16,4,0.16,0,4
216,1,0,0.0,0.16,4,0.16,0,4
217,0,-1,-0.0,0.16,4,0.16,0,4
218,1,0,0.0,0.16,4,0.16,0,4
219,0,-1,-0.0,0.16,4,0.16,0,4
220,2,1,-4.1407347,0.2,5,0.2,0,4
221,0,-1,4.1407347,0.16,4,0.16,0,4
222,1,0,0.0,0.16,4,0.16,0,4
223,1,0,0.0,0.16,4,0.16,0,4
224,1,0,0.0,0.16,4,0.16,0,4
225,2,1,-4.1407347,0.2,5,0.2,0,4
226,2,1,-4.278605,0.24,6,0.24,1,4
227,2,1,22.964579,0.32,8,0.32,0,4
228,1,0,0.0,0.32,8,0.32,0,4
229,0,-1,-13.943419,0.28,7,0.28,0,4
230,0,-1,-19.583185,0.24,6,0.24,0,4
231,2,1,23.108807,0.32,8,0.32,1,4
232,0,-1,-27.392025,0.28,7,0.28,0,4
233,1,0,0.0,0.28,7,0.28,0,4
234,2,1,18.307608,0.32,8,0.32,0,4
235,2,1,21.457954,0.4,10,0.4,0,4
236,0,-1,-0.10182723,0.4,10,0.4,0,4
237,2,1,17.31315,0.48,12,0.48,1,4
238,2,1,-0.43532887,0.6,15,0.6,0,4
239,1,0,0.0,0.6,15,0.6,1,4
240,0,-1,-0.0,0.6,15,0.6,0,4
241,1,0,0.0,0.6,15,0.6,0,4
242,0,-1,-0.0,0.6,15,0.6,0,4
243,1,0,0.0,0.6,15,0.6,0,4
244,0,-1,-0.0,0.6,15,0.6,0,4
245,1,0,0.0,0.6,15,0.6,0,4
246,1,0,0.0,0.6,15,0.6,0,4
247,2,1,-1.7616475,0.68,17,0.68,0,4
248,2,1,-26.507002,0.76,19,0.76,0,4
249,2,1,-80.01822,0.84,21,0.84,0,4
250,1,0,0.0,0.84,21,0.84,0,4
251,2,1,-76.828735,0.88,22,0.88,0,4
252,2,1,-180.90506,0.92,23,0.92,0,4
253,2,1,-598.54205,0.96,24,0.96,0,4
254,2,1,-1000.0,0.0,0,0.0,0,4
255,1,0,0.0,0.16,4,0.16,0,5
256,1,0,0.0,0.16,4,0.16,0,5
257,1,0,0.0,0.16,4,0.16,0,5
258,0,-1,-0.0,0.16,4,0.16,0,5
259,2,1,28.364332,0.2,5,0.2,0,5
260,1,0,0.0,0.2,5,0.2,0,5
261,2,1,-4.278687,0.24,6,0.24,0,5
262,0,-1,-0.0,0.24,6,0.24,0,5
263,2,1,23.123543,0.32,8,0.32,0,5
264,1,0,0.0,0.32,8,0.32,0,5
265,0,-1,-0.15642108,0.32,8,0.32,0,5
266,1,0,0.0,0.32,8,0.32,0,5
267,2,1,-5.27981,0.36,9,0.36,0,5
268,1,0,0.0,0.36,9,0.36,0,5
269,0,-1,-0.1677413,0.36,9,0.36,0,5
270,0,-1,-27.225174,0.32,8,0.32,0,5
271,0,-1,4.8478045,0.28,7,0.28,0,5
272,1,0,0.0,0.28,7,0.28,0,5
273,1,0,0.0,0.28,7,0.28,0,5
274,1,0,0.0,0.28,7,0.28,0,5
275,1,0,0.0,0.28,7,0.28,0,5
276,0,-1,-27.971514,0.24,6,0.24,1,5
277,2,1,22.964579,0.32,8,0.32,0,5
278,2,1,21.577316,0.4,10,0.4,0,5
279,2,1,24.578648,0.44,11,0.44,0,5
280,0,-1,-23.174906,0.4,10,0.4,0,5
281,1,0,0.0,0.4,10,0.4,0,5
282,1,0,0.0,0.4,10,0.4,0,5
283,2,1,15.907941,0.48,12,0.48,0,5
284,0,-1,-23.724005,0.44,11,0.44,0,5
285,1,0,0.0,0.44,11,0.44,0,5
286,2,1,15.375129,0.52,13,0.52,0,5
287,0,-1,-0.0,0.52,13,0.52,0,5
288,2,1,12.979241,0.56,14,0.56,0,5
289,1,0,0.0,0.56,14,0.56,0,5
290,2,1,2.7700913,0.64,16,0.64,0,5
291,0,-1,-0.003450819,0.64,16,0.64,0,5
292,0,-1,-0.011009116,0.64,16,0.64,0,5
293,2,1,9.460038,0.68,17,0.68,0,5
294,1,0,0.0,0.68,17,0.68,0,5
295,1,0,0.0,0.68,17,0.68,0,5
296,2,1,4.089817,0.72,18,0.72,0,5
297,0,-1,-0.13822865,0.72,18,0.72,0,5
298,2,1,-5.3265824,0.76,19,0.76,0,5
299,0,-1,-0.1209863,0.76,19,0.76,0,5
300,0,-1,7.1966496,0.72,18,0.72,0,5
301,1,0,0.0,0.72,18,0.72,1,5
302,1,0,0.0,0.72,18,0.72,0,5
303,0,-1,2.6409664,0.68,17,0.68,0,5
304,0,-1,-27.397627,0.68,17,0.68,0,5
305,2,1,-23.64897,0.76,19,0.76,0,5
306,0,-1,-0.0,0.76,19,0.76,0,5
307,0,-1,-0.003808994,0.76,19,0.76,0,5
308,2,1,-14.629032,0.8,20,0.8,0,5
309,0,-1,-0.0031496065,0.8,20,0.8,0,5
310,0,-1,-26.134956,0.8,20,0.8,0,5
311,0,-1,-0.0,0.8,20,0.8,0,5
312,0,-1,17.210691,0.76,19,0.76,1,5
313,0,-1,3.3218122,0.72,18,0.72,0,5
314,1,0,0.0,0.72,18,0.72,0,5
315,1,0,0.0,0.72,18,0.72,0,5
316,2,1,-41.79464,0.8,20,0.8,0,5
317,2,1,-35.92068,0.84,21,0.84,0,5
318,0,-1,33.116096,0.8,20,0.8,0,5
319,2,1,-139.44284,0.88,22,0.88,0,5
320,2,1,-807.2333,0.96,24,0.96,0,5
321,0,-1,-23.626993,0.96,24,0.96,1,5
322,1,0,0.0,0.96,24,0.96,0,5
323,0,-1,-26.053156,0.96,24,0.96,0,5
324,2,1,25.108038,1.0,25,1.0,0,5
325,0,-1,-1000.0,0.0,0,0.0,0,5
326,2,1,28.364332,0.2,5,0.2,0,6
327,2,1,23.955872,0.28,7,0.28,0,6
328,1,0,0.0,0.28,7,0.28,0,6
329,1,0,0.0,0.28,7,0.28,0,6
330,2,1,-4.847379,0.32,8,0.32,0,6
331,1,0,0.0,0.32,8,0.32,0,6
332,2,1,-5.27981,0.36,9,0.36,0,6
333,2,1,-5.829462,0.4,10,0.4,0,6
334,1,0,0.0,0.4,10,0.4,0,6
335,1,0,0.0,0.4,10,0.4,0,6
336,2,1,24.763365,0.44,11,0.44,0,6
337,2,1,-7.391865,0.48,12,0.48,0,6
338,2,1,10.570977,0.56,14,0.56,0,6
339,1,0,0.0,0.56,14,0.56,0,6
340,2,1,-26.07327,0.64,16,0.64,0,6
341,2,1,-10.70511,0.72,18,0.72,0,6
342,2,1,-44.670647,0.8,20,0.8,0,6
343,2,1,-33.153866,0.84,21,0.84,0,6
344,0,-1,-0.0,0.84,21,0.84,0,6
345,2,1,-313.06796,0.92,23,0.92,0,6
346,1,0,0.0,0.92,23,0.92,0,6
347,2,1,-625.2659,0.96,24,0.96,1,6
348,0,-1,-0.0,0.96,24,0.96,0,6
349,1,0,0.0,0.96,24,0.96,0,6
350,1,0,0.0,0.96,24,0.96,0,6
351,0,-1,618.3757,0.92,23,0.92,0,6
352,1,0,0.0,0.92,23,0.92,0,6
353,1,0,0.0,0.92,23,0.92,0,6
354,2,1,-604.1002,0.96,24,0.96,0,6
355,0,-1,-0.0053910115,1.0,25,1.0,0,6
356,0,-1,-1000.0,0.0,0,0.0,0,6
357,0,-1,-0.0,0.16,4,0.16,0,7
358,1,0,0.0,0.16,4,0.16,0,7
359,2,1,28.346605,0.2,5,0.2,0,7
360,0,-1,-0.0,0.2,5,0.2,0,7
361,2,1,28.22638,0.24,6,0.24,0,7
362,0,-1,-28.22638,0.2,5,0.2,0,7
363,1,0,0.0,0.2,5,0.2,0,7
364,0,-1,-0.0,0.2,5,0.2,0,7
365,1,0,0.0,0.2,5,0.2,0,7
366,2,1,-4.278687,0.24,6,0.24,0,7
367,1,0,0.0,0.24,6,0.24,0,7
368,1,0,0.0,0.24,6,0.24,0,7
369,1,0,0.0,0.24,6,0.24,0,7
370,2,1,23.39962,0.32,8,0.32,0,7
371,1,0,0.0,0.32,8,0.32,0,7
372,2,1,22.976604,0.36,9,0.36,0,7
373,1,0,0.0,0.36,9,0.36,0,7
374,2,1,25.459835,0.4,10,0.4,0,7
375,0,-1,-25.459835,0.36,9,0.36,0,7
376,1,0,0.0,0.36,9,0.36,0,7
377,2,1,19.116451,0.44,11,0.44,0,7
378,0,-1,-21.736273,0.4,10,0.4,0,7
379,1,0,0.0,0.4,10,0.4,0,7
380,2,1,-6.520649,0.44,11,0.44,0,7
381,1,0,0.0,0.44,11,0.44,0,7
382,2,1,20.865192,0.48,12,0.48,0,7
383,0,-1,-0.0,0.48,12,0.48,0,7
384,2,1,-18.420284,0.56,14,0.56,0,7
385,2,1,1.9695174,0.64,16,0.64,1,7
386,2,1,10.721203,0.68,17,0.68,0,7
387,2,1,5.852244,0.72,18,0.72,0,7
388,0,-1,-22.30124,0.72,18,0.72,0,7
389,0,-1,-0.0036363641,0.72,18,0.72,0,7
390,0,-1,22.675825,0.68,17,0.68,0,7
391,2,1,-3.1564126,0.72,18,0.72,0,7
392,0,-1,-0.0043765437,0.72,18,0.72,0,7
393,2,1,-3.4929562,0.76,19,0.76,0,7
394,2,1,-78.00851,0.84,21,0.84,0,7
395,0,-1,-0.0014864174,0.84,21,0.84,0,7
396,1,0,0.0,0.84,21,0.84,0,7
397,2,1,-80.574,0.88,22,0.88,0,7
398,0,-1,88.28077,0.84,21,0.84,0,7
399,2,1,-77.14911,0.88,22,0.88,0,7
400,0,-1,84.937584,0.84,21,0.84,0,7
401,0,-1,38.921185,0.8,20,0.8,0,7
402,2,1,-62.804146,0.84,21,0.84,0,7
403,0,-1,-0.0,0.84,21,0.84,0,7
404,0,-1,-0.0011642904,0.84,21,0.84,0,7
405,1,0,0.0,0.84,21,0.84,0,7
406,1,0,0.0,0.84,21,0.84,0,7
407,2,1,-77.72768,0.88,22,0.88,0,7
408,2,1,-179.07874,0.92,23,0.92,0,7
409,0,-1,-25.089266,0.92,23,0.92,0,7
410,1,0,0.0,0.92,23,0.92,0,7
411,1,0,0.0,0.92,23,0.92,0,7
412,2,1,-597.51483,0.96,24,0.96,1,7
413,2,1,-1000.0,0.0,0,0.0,0,7
414,2,1,-4.1407347,0.2,5,0.2,0,8
415,1,0,0.0,0.2,5,0.2,0,8
416,0,-1,4.1407347,0.16,4,0.16,0,8
417,2,1,28.346605,0.2,5,0.2,1,8
418,1,0,0.0,0.2,5,0.2,0,8
419,1,0,0.0,0.2,5,0.2,0,8
420,2,1,28.208702,0.24,6,0.24,0,8
421,1,0,0.0,0.24,6,0.24,0,8
422,1,0,0.0,0.24,6,0.24,0,8
423,2,1,26.719011,0.28,7,0.28,0,8
424,2,1,26.326212,0.32,8,0.32,0,8
425,2,1,24.24083,0.36,9,0.36,0,8
426,0,-1,-0.0,0.36,9,0.36,0,8
427,0,-1,-0.15494741,0.36,9,0.36,0,8
428,0,-1,-0.0,0.36,9,0.36,0,8
429,0,-1,-0.17050914,0.36,9,0.36,0,8
430,1,0,0.0,0.36,9,0.36,0,8
431,2,1,18.141722,0.4,10,0.4,0,8
432,0,-1,-23.691685,0.36,9,0.36,0,8
433,2,1,21.915846,0.4,10,0.4,0,8
434,2,1,15.321368,0.44,11,0.44,0,8
435,1,0,0.0,0.44,11,0.44,1,8
436,0,-1,-24.595991,0.4,10,0.4,0,8
437,1,0,0.0,0.4,10,0.4,0,8
438,1,0,0.0,0.4,10,0.4,0,8
439,0,-1,-16.398355,0.36,9,0.36,0,8
440,2,1,18.31424,0.4,10,0.4,0,8
441,0,-1,-23.138483,0.36,9,0.36,0,8
442,0,-1,-0.0,0.36,9,0.36,0,8
443,2,1,16.97994,0.44,11,0.44,0,8
444,0,-1,-17.623053,0.4,10,0.4,0,8
445,2,1,21.946402,0.44,11,0.44,0,8
446,1,0,0.0,0.44,11,0.44,0,8
447,1,0,0.0,0.44,11,0.44,0,8
448,1,0,0.0,0.44,11,0.44,0,8
449,2,1,19.35069,0.48,12,0.48,0,8
450,2,1,17.745281,0.52,13,0.52,0,8
451,0,-1,-0.0,0.52,13,0.52,0,8
452,2,1,-8.268283,0.64,16,0.64,0,8
453,1,0,0.0,0.64,16,0.64,0,8
454,2,1,6.407927,0.68,17,0.68,0,8
455,0,-1,-28.415022,0.68,17,0.68,0,8
456,2,1,-27.39464,0.76,19,0.76,0,8
457,2,1,-18.485184,0.8,20,0.8,0,8
458,2,1,-142.43707,0.88,22,0.88,0,8
459,0,-1,-0.035793927,0.88,22,0.88,0,8
460,2,1,-186.94154,0.92,23,0.92,0,8
461,1,0,0.0,0.92,23,0.92,0,8
462,0,-1,184.46709,0.88,22,0.88,0,8
463,0,-1,-0.0,0.88,22,0.88,0,8
464,0,-1,-0.0,0.88,22,0.88,1,8
465,1,0,0.0,0.88,22,0.88,0,8
466,0,-1,-24.891338,0.88,22,0.88,0,8
467,2,1,-802.2982,0.96,24,0.96,1,8
468,2,1,-1000.0,0.0,0,0.0,0,8
469,2,1,28.364332,0.2,5,0.2,0,9
470,1,0,0.0,0.2,5,0.2,0,9
471,2,1,28.208652,0.24,6,0.24,0,9
472,1,0,0.0,0.24,6,0.24,0,9
473,2,1,26.773045,0.28,7,0.28,0,9
474,1,0,0.0,0.28,7,0.28,0,9
475,0,-1,-0.0,0.28,7,0.28,0,9
476,2,1,26.436209,0.32,8,0.32,0,9
477,1,0,0.0,0.32,8,0.32,0,9
478,0,-1,-26.436209,0.28,7,0.28,0,9
479,2,1,17.914507,0.36,9,0.36,0,9
480,1,0,0.0,0.36,9,0.36,0,9
481,2,1,-5.8295965,0.4,10,0.4,0,9
482,1,0,0.0,0.4,10,0.4,0,9
483,0,-1,-0.0,0.4,10,0.4,1,9
484,0,-1,-32.9289,0.44,11,0.44,0,9
485,0,-1,-21.453798,0.4,10,0.4,0,9
486,2,1,15.068804,0.48,12,0.48,0,9
487,1,0,0.0,0.48,12,0.48,1,9
488,1,0,0.0,0.48,12,0.48,0,9
489,2,1,22.703918,0.52,13,0.52,0,9
490,2,1,9.2271385,0.56,14,0.56,0,9
491,2,1,-40.55876,0.72,18,0.72,0,9
492,0,-1,-5.538251e-06,0.72,18,0.72,0,9
493,0,-1,-0.00017786866,0.72,18,0.72,0,9
494,0,-1,-21.427027,0.72,18,0.72,0,9
495,1,0,0.0,0.72,18,0.72,0,9
496,0,-1,-8.5264015,0.68,17,0.68,0,9
497,1,0,0.0,0.68,17,0.68,0,9
498,1,0,0.0,0.68,17,0.68,0,9
499,1,0,0.0,0.68,17,0.68,0,9
500,0,-1,-10.807444,0.64,16,0.64,0,9
501,1,0,0.0,0.64,16,0.64,0,9
502,2,1,-20.35192,0.72,18,0.72,0,9
503,0,-1,6.867856,0.68,17,0.68,1,9
504,1,0,0.0,0.68,17,0.68,0,9
505,2,1,3.7367716,0.72,18,0.72,0,9
506,0,-1,-55.480057,0.76,19,0.76,0,9
507,0,-1,-0.0,0.76,19,0.76,0,9
508,0,-1,13.92853,0.72,18,0.72,0,9
509,2,1,-103.40389,0.84,21,0.84,0,9
510,2,1,-914.37897,0.96,24,0.96,0,9
511,2,1,-1000.0,0.0,0,0.0,0,9
512,2,1,28.346605,0.2,5,0.2,0,10
513,1,0,0.0,0.2,5,0.2,0,10
514,1,0,0.0,0.2,5,0.2,0,10
515,1,0,0.0,0.2,5,0.2,0,10
516,1,0,0.0,0.2,5,0.2,0,10
517,1,0,0.0,0.2,5,0.2,0,10
518,2,1,-4.278605,0.24,6,0.24,0,10
519,1,0,0.0,0.24,6,0.24,0,10
520,2,1,23.14127,0.32,8,0.32,0,10
521,2,1,17.146978,0.4,10,0.4,0,10
522,1,0,0.0,0.4,10,0.4,0,10
523,1,0,0.0,0.4,10,0.4,0,10
524,1,0,0.0,0.4,10,0.4,0,10
525,1,0,0.0,0.4,10,0.4,0,10
526,0,-1,-0.2743589,0.4,10,0.4,0,10
527,0,-1,-0.0,0.4,10,0.4,0,10
528,0,-1,-0.0,0.4,10,0.4,0,10
529,0,-1,-0.22802086,0.4,10,0.4,0,10
530,2,1,17.376547,0.48,12,0.48,0,10
531,0,-1,-0.0,0.48,12,0.48,0,10
532,1,0,0.0,0.48,12,0.48,0,10
533,0,-1,-0.0,0.48,12,0.48,0,10
534,2,1,-18.420292,0.56,14,0.56,1,10
535,1,0,0.0,0.56,14,0.56,0,10
536,0,-1,-16.005745,0.52,13,0.52,0,10
537,1,0,0.0,0.52,13,0.52,0,10
538,2,1,-9.921977,0.56,14,0.56,0,10
539,0,-1,-11.22876,0.52,13,0.52,0,10
540,0,-1,-22.758991,0.48,12,0.48,0,10
541,2,1,19.504822,0.52,13,0.52,0,10
542,2,1,3.3763142,0.56,14,0.56,0,10
543,2,1,14.746018,0.6,15,0.6,0,10
544,1,0,0.0,0.6,15,0.6,0,10
545,0,-1,-0.0,0.6,15,0.6,0,10
546,2,1,-32.0223,0.68,17,0.68,0,10
547,2,1,3.9291205,0.72,18,0.72,0,10
548,2,1,-46.796917,0.8,20,0.8,0,10
549,2,1,-969.8753,0.96,24,0.96,0,10
550,2,1,-1000.0,0.0,0,0.0,0,10
551,0,-1,-0.0,0.16,4,0.16,0,11
552,0,-1,-0.0,0.16,4,0.16,0,11
553,1,0,0.0,0.16,4,0.16,0,11
554,0,-1,-0.0,0.16,4,0.16,0,11
555,2,1,-4.1406527,0.2,5,0.2,0,11
556,2,1,-4.2792473,0.24,6,0.24,0,11
557,1,0,0.0,0.24,6,0.24,0,11
558,1,0,0.0,0.24,6,0.24,0,11
559,2,1,12.031158,0.4,10,0.4,0,11
560,2,1,18.57522,0.48,12,0.48,0,11
561,0,-1,-0.2743589,0.48,12,0.48,0,11
562,2,1,22.785866,0.52,13,0.52,0,11
563,0,-1,-22.785866,0.48,12,0.48,0,11
564,0,-1,7.3917303,0.44,11,0.44,0,11
565,1,0,0.0,0.44,11,0.44,0,11
566,2,1,23.892282,0.48,12,0.48,0,11
567,1,0,0.0,0.48,12,0.48,0,11
568,0,-1,-0.22802086,0.48,12,0.48,0,11
569,2,1,-8.498307,0.52,13,0.52,0,11
570,2,1,-6.9178905,0.64,16,0.64,0,11
571,2,1,8.268063,0.68,17,0.68,0,11
572,1,0,0.0,0.68,17,0.68,0,11
573,0,-1,-0.0,0.68,17,0.68,0,11
574,1,0,0.0,0.68,17,0.68,0,11
575,0,-1,-0.17871168,0.68,17,0.68,0,11
576,0,-1,-8.268063,0.64,16,0.64,0,11
577,2,1,-8.944877,0.72,18,0.72,0,11
578,2,1,-0.44544354,0.76,19,0.76,0,11
579,2,1,-75.79888,0.84,21,0.84,0,11
580,1,0,0.0,0.84,21,0.84,1,11
581,2,1,-104.45699,0.88,22,0.88,0,11
582,0,-1,104.45699,0.84,21,0.84,0,11
583,2,1,-286.463,0.92,23,0.92,0,11
584,2,1,-597.2617,0.96,24,0.96,0,11
585,1,0,0.0,0.96,24,0.96,0,11
586,2,1,26.191313,1.0,25,1.0,0,11
587,0,-1,-1000.0,0.0,0,0.0,0,11
588,0,-1,-0.0,0.16,4,0.16,0,12
589,0,-1,-0.0,0.16,4,0.16,0,12
590,2,1,-4.1406527,0.2,5,0.2,0,12
591,2,1,-4.278687,0.24,6,0.24,0,12
592,2,1,27.98924,0.28,7,0.28,0,12
593,2,1,-4.8479395,0.32,8,0.32,0,12
594,2,1,-5.280317,0.36,9,0.36,0,12
595,1,0,0.0,0.36,9,0.36,0,12
596,2,1,-5.829622,0.4,10,0.4,0,12
597,2,1,25.967117,0.44,11,0.44,0,12
598,2,1,-15.890203,0.52,13,0.52,0,12
599,2,1,18.335072,0.56,14,0.56,0,12
600,2,1,1.9695174,0.64,16,0.64,0,12
601,1,0,0.0,0.64,16,0.64,0,12
602,2,1,-40.41177,0.72,18,0.72,1,12
603,1,0,0.0,0.72,18,0.72,0,12
604,1,0,0.0,0.72,18,0.72,1,12
605,1,0,0.0,0.72,18,0.72,0,12
606,1,0,0.0,0.72,18,0.72,0,12
607,2,1,-72.07853,0.8,20,0.8,0,12
608,0,-1,41.980625,0.76,19,0.76,0,12
609,1,0,0.0,0.76,19,0.76,0,12
610,1,0,0.0,0.76,19,0.76,0,12
611,1,0,0.0,0.76,19,0.76,0,12
612,2,1,-189.46208,0.88,22,0.88,0,12
613,2,1,-802.608,0.96,24,0.96,0,12
614,0,-1,-0.0,0.96,24,0.96,0,12
615,2,1,26.557009,1.0,25,1.0,0,12
616,1,0,-1000.0,0.0,0,0.0,0,12
617,1,0,0.0,0.16,4,0.16,0,13
618,1,0,0.0,0.16,4,0.16,0,13
619,0,-1,-0.0,0.16,4,0.16,0,13
620,2,1,-4.1407347,0.2,5,0.2,0,13
621,1,0,0.0,0.2,5,0.2,0,13
622,2,1,-4.27924,0.24,6,0.24,0,13
623,2,1,27.971514,0.28,7,0.28,0,13
624,1,0,0.0,0.28,7,0.28,0,13
625,2,1,-15.957237,0.4,10,0.4,0,13
626,0,-1,-0.15642108,0.4,10,0.4,0,13
627,2,1,18.592947,0.48,12,0.48,0,13
628,0,-1,7.3917294,0.44,11,0.44,0,13
629,0,-1,6.5201416,0.4,10,0.4,0,13
630,1,0,0.0,0.4,10,0.4,0,13
631,1,0,0.0,0.4,10,0.4,0,13
632,0,-1,-6.5214887,0.44,11,0.44,0,13
633,1,0,0.0,0.44,11,0.44,0,13
634,0,-1,6.5208097,0.4,10,0.4,0,13
635,1,0,0.0,0.4,10,0.4,0,13
636,1,0,0.0,0.4,10,0.4,0,13
637,0,-1,5.8295894,0.36,9,0.36,0,13
638,0,-1,5.27981,0.32,8,0.32,1,13
639,1,0,0.0,0.32,8,0.32,0,13
640,0,-1,-0.0,0.32,8,0.32,0,13
641,0,-1,-27.167313,0.32,8,0.32,0,13
642,2,1,16.896004,0.4,10,0.4,0,13
643,0,-1,-0.16869387,0.4,10,0.4,0,13
644,0,-1,-0.00024994646,0.4,10,0.4,0,13
645,1,0,0.0,0.4,10,0.4,0,13
646,1,0,0.0,0.4,10,0.4,0,13
647,1,0,0.0,0.4,10,0.4,0,13
648,2,1,14.521069,0.48,12,0.48,0,13
649,0,-1,-20.45383,0.44,11,0.44,0,13
650,1,0,0.0,0.44,11,0.44,0,13
651,0,-1,-26.026892,0.4,10,0.4,0,13
652,2,1,20.282913,0.44,11,0.44,0,13
653,0,-1,-8.804839,0.4,10,0.4,0,13
654,2,1,15.493988,0.44,11,0.44,0,13
655,2,1,7.9337583,0.48,12,0.48,0,13
656,2,1,14.322348,0.56,14,0.56,0,13
657,2,1,16.554535,0.6,15,0.6,0,13
658,2,1,6.3481436,0.64,16,0.64,0,13
659,1,0,0.0,0.64,16,0.64,0,13
660,1,0,0.0,0.64,16,0.64,0,13
661,0,-1,-14.054924,0.6,15,0.6,1,13
662,1,0,0.0,0.6,15,0.6,0,13
663,0,-1,-19.38716,0.56,14,0.56,0,13
664,2,1,19.36905,0.6,15,0.6,0,13
665,2,1,-1.2929931,0.64,16,0.64,1,13
666,2,1,10.526905,0.68,17,0.68,0,13
667,1,0,0.0,0.68,17,0.68,0,13
668,2,1,-0.80343795,0.72,18,0.72,0,13
669,2,1,-103.5267,0.84,21,0.84,0,13
670,0,-1,-0.0,0.84,21,0.84,0,13
671,1,0,0.0,0.84,21,0.84,0,13
672,0,-1,38.786667,0.8,20,0.8,0,13
673,2,1,-349.8059,0.92,23,0.92,0,13
674,1,0,0.0,0.92,23,0.92,0,13
675,2,1,-1000.0,0.0,0,0.0,0,13
676,0,-1,-0.0,0.16,4,0.16,0,14
677,2,1,28.364332,0.2,5,0.2,0,14
678,1,0,0.0,0.2,5,0.2,0,14
679,2,1,19.247265,0.28,7,0.28,0,14
680,1,0,0.0,0.28,7,0.28,0,14
681,2,1,27.639961,0.32,8,0.32,0,14
682,2,1,-5.280317,0.36,9,0.36,0,14
683,0,-1,5.280317,0.32,8,0.32,0,14
684,0,-1,-27.639961,0.28,7,0.28,0,14
685,0,-1,-0.0,0.28,7,0.28,0,14
686,0,-1,-0.0,0.28,7,0.28,0,14
687,1,0,0.0,0.28,7,0.28,0,14
688,2,1,27.639961,0.32,8,0.32,0,14
689,0,-1,-27.639961,0.28,7,0.28,0,14
690,0,-1,-0.0,0.28,7,0.28,0,14
691,2,1,27.639961,0.32,8,0.32,0,14
692,2,1,-5.279892,0.36,9,0.36,0,14
693,0,-1,-27.207449,0.32,8,0.32,0,14
694,0,-1,-0.0,0.32,8,0.32,0,14
695,2,1,-5.2804523,0.36,9,0.36,1,14
696,2,1,8.854996,0.4,10,0.4,0,14
697,0,-1,-22.116676,0.36,9,0.36,0,14
698,1,0,0.0,0.36,9,0.36,0,14
699,0,-1,-0.0,0.36,9,0.36,0,14
700,2,1,7.480103,0.4,10,0.4,0,14
701,1,0,0.0,0.4,10,0.4,0,14
702,2,1,18.52413,0.48,12,0.48,0,14
703,1,0,0.0,0.48,12,0.48,0,14
704,0,-1,-0.0,0.48,12,0.48,0,14
705,0,-1,-25.148983,0.44,11,0.44,0,14
706,0,-1,-16.029078,0.4,10,0.4,0,14
707,1,0,0.0,0.4,10,0.4,0,14
708,0,-1,-20.606285,0.36,9,0.36,0,14
709,1,0,0.0,0.36,9,0.36,0,14
710,2,1,-5.8296223,0.4,10,0.4,0,14
711,0,-1,-31.754269,0.44,11,0.44,0,14
712,2,1,15.745248,0.48,12,0.48,0,14
713,2,1,19.873259,0.52,13,0.52,0,14
714,0,-1,8.498307,0.48,12,0.48,0,14
715,0,-1,-5.9178343,0.44,11,0.44,0,14
716,0,-1,-21.850756,0.4,10,0.4,0,14
717,2,1,18.843082,0.48,12,0.48,0,14
718,2,1,4.108304,0.52,13,0.52,1,14
719,1,0,0.0,0.52,13,0.52,0,14
720,1,0,0.0,0.52,13,0.52,0,14
721,1,0,0.0,0.52,13,0.52,0,14
722,1,0,0.0,0.52,13,0.52,0,14
723,2,1,21.251293,0.56,14,0.56,0,14
724,1,0,0.0,0.56,14,0.56,0,14
725,0,-1,-14.472334,0.52,13,0.52,0,14
726,0,-1,-10.805913,0.48,12,0.48,0,14
727,0,-1,-23.79643,0.44,11,0.44,0,14
728,1,0,0.0,0.44,11,0.44,0,14
729,2,1,19.375933,0.48,12,0.48,0,14
730,0,-1,-23.781414,0.44,11,0.44,0,14
731,1,0,0.0,0.44,11,0.44,0,14
732,2,1,12.224281,0.52,13,0.52,0,14
733,0,-1,-0.0038746945,0.52,13,0.52,0,14
734,2,1,18.474005,0.56,14,0.56,0,14
735,2,1,-0.15269278,0.64,16,0.64,0,14
736,1,0,0.0,0.64,16,0.64,0,14
737,0,-1,-8.324876,0.6,15,0.6,1,14
738,1,0,0.0,0.6,15,0.6,1,14
739,0,-1,-14.743459,0.56,14,0.56,0,14
740,2,1,14.307033,0.6,15,0.6,0,14
741,1,0,0.0,0.6,15,0.6,0,14
742,1,0,0.0,0.6,15,0.6,0,14
743,0,-1,-0.0,0.6,15,0.6,0,14
744,2,1,-9.737297,0.68,17,0.68,0,14
745,0,-1,-0.0,0.68,17,0.68,0,14
746,1,0,0.0,0.68,17,0.68,0,14
747,1,0,0.0,0.68,17,0.68,0,14
748,2,1,-27.716417,0.76,19,0.76,0,14
749,0,-1,1.619338,0.72,18,0.72,0,14
750,0,-1,3.890278,0.68,17,0.68,0,14
751,1,0,0.0,0.68,17,0.68,0,14
752,2,1,1.0717651,0.72,18,0.72,0,14
753,0,-1,-0.0,0.72,18,0.72,0,14
754,1,0,0.0,0.72,18,0.72,0,14
755,1,0,0.0,0.72,18,0.72,0,14
756,2,1,-109.97849,0.84,21,0.84,1,14
757,1,0,0.0,0.84,21,0.84,1,14
758,1,0,0.0,0.84,21,0.84,0,14
759,1,0,0.0,0.84,21,0.84,0,14
760,2,1,-289.59476,0.92,23,0.92,0,14
761,1,0,0.0,0.92,23,0.92,0,14
762,1,0,0.0,0.92,23,0.92,0,14
763,1,0,0.0,0.92,23,0.92,0,14
764,2,1,-603.90094,0.96,24,0.96,0,14
765,2,1,-1000.0,0.0,0,0.0,0,14
766,0,-1,-0.0,0.16,4,0.16,0,15
767,2,1,28.346605,0.2,5,0.2,0,15
768,2,1,28.22638,0.24,6,0.24,0,15
769,0,-1,-28.208652,0.2,5,0.2,0,15
770,1,0,0.0,0.2,5,0.2,0,15
771,1,0,0.0,0.2,5,0.2,0,15
772,1,0,0.0,0.2,5,0.2,0,15
773,1,0,0.0,0.2,5,0.2,0,15
774,0,-1,-0.0,0.2,5,0.2,0,15
775,1,0,0.0,0.2,5,0.2,0,15
776,0,-1,-0.0,0.2,5,0.2,0,15
777,1,0,0.0,0.2,5,0.2,0,15
778,1,0,0.0,0.2,5,0.2,0,15
779,0,-1,-0.0,0.2,5,0.2,0,15
780,2,1,-4.278687,0.24,6,0.24,0,15
781,2,1,-4.51638,0.28,7,0.28,0,15
782,2,1,10.009035,0.44,11,0.44,0,15
783,2,1,-7.3918905,0.48,12,0.48,0,15
784,1,0,0.0,0.48,12,0.48,0,15
785,1,0,0.0,0.48,12,0.48,1,15
786,1,0,0.0,0.48,12,0.48,0,15
787,0,-1,7.391891,0.44,11,0.44,0,15
788,2,1,20.93107,0.48,12,0.48,0,15
789,2,1,-8.498307,0.52,13,0.52,0,15
790,0,-1,-30.587671,0.56,14,0.56,0,15
791,1,0,0.0,0.56,14,0.56,0,15
792,2,1,19.480978,0.6,15,0.6,0,15
793,2,1,13.683894,0.64,16,0.64,0,15
794,2,1,-9.163581,0.72,18,0.72,0,15
795,2,1,-0.53817743,0.76,19,0.76,0,15
796,2,1,-80.09302,0.84,21,0.84,0,15
797,1,0,0.0,0.84,21,0.84,0,15
798,2,1,-77.813835,0.88,22,0.88,0,15
799,1,0,0.0,0.88,22,0.88,0,15
800,1,0,0.0,0.88,22,0.88,0,15
801,2,1,-182.12552,0.92,23,0.92,0,15
802,0,-1,189.32306,0.88,22,0.88,0,15
803,2,1,-833.8769,0.96,24,0.96,0,15
804,0,-1,598.62274,0.92,23,0.92,0,15
805,1,0,0.0,0.92,23,0.92,0,15
806,2,1,6.8608074e-07,1.0,25,1.0,1,15
807,2,1,-1000.0,0.0,0,0.0,0,15
808,2,1,28.346605,0.2,5,0.2,0,16
809,2,1,-4.278605,0.24,6,0.24,0,16
810,2,1,18.8927,0.32,8,0.32,0,16
811,1,0,0.0,0.32,8,0.32,0,16
812,1,0,0.0,0.32,8,0.32,0,16
813,1,0,0.0,0.32,8,0.32,0,16
814,1,0,0.0,0.32,8,0.32,0,16
815,2,1,-5.280318,0.36,9,0.36,0,16
816,2,1,13.022829,0.48,12,0.48,1,16
817,1,0,0.0,0.48,12,0.48,0,16
818,0,-1,-3.656243,0.44,11,0.44,0,16
819,0,-1,-29.300104,0.44,11,0.44,0,16
820,2,1,20.568607,0.48,12,0.48,0,16
821,0,-1,-16.141352,0.48,12,0.48,0,16
822,1,0,0.0,0.48,12,0.48,0,16
823,1,0,0.0,0.48,12,0.48,0,16
824,0,-1,-20.568607,0.44,11,0.44,0,16
825,1,0,0.0,0.44,11,0.44,0,16
826,2,1,0.8838161,0.56,14,0.56,0,16
827,0,-1,-5.5177907e-10,0.56,14,0.56,0,16
828,0,-1,-8.6782137e-10,0.56,14,0.56,0,16
829,0,-1,-0.0,0.56,14,0.56,0,16
830,2,1,-0.7864447,0.64,16,0.64,0,16
831,1,0,0.0,0.64,16,0.64,0,16
832,1,0,0.0,0.64,16,0.64,0,16
833,1,0,0.0,0.64,16,0.64,0,16
834,0,-1,-11.00047,0.6,15,0.6,0,16
835,0,-1,-0.4311572,0.6,15,0.6,1,16
836,0,-1,-0.0,0.6,15,0.6,0,16
837,1,0,0.0,0.6,15,0.6,0,16
838,2,1,-26.248095,0.72,18,0.72,0,16
839,1,0,0.0,0.72,18,0.72,0,16
840,1,0,0.0,0.72,18,0.72,0,16
841,1,0,0.0,0.72,18,0.72,0,16
842,0,-1,0.649808,0.68,17,0.68,0,16
843,0,-1,-0.0,0.68,17,0.68,0,16
844,2,1,-78.374435,0.8,20,0.8,0,16
845,1,0,0.0,0.8,20,0.8,0,16
846,2,1,-157.79692,0.88,22,0.88,0,16
847,2,1,-187.70894,0.92,23,0.92,0,16
848,1,0,0.0,0.92,23,0.92,0,16
849,2,1,-593.9821,0.96,24,0.96,0,16
850,0,-1,-0.0,0.96,24,0.96,0,16
851,1,0,0.0,0.96,24,0.96,0,16
852,2,1,7.8679147,1.0,25,1.0,1,16
853,1,0,-1000.0,0.0,0,0.0,0,16
854,2,1,28.364332,0.2,5,0.2,0,17
855,1,0,0.0,0.2,5,0.2,0,17
856,0,-1,-0.0,0.2,5,0.2,0,17
857,0,-1,-0.0,0.2,5,0.2,0,17
858,2,1,-4.278605,0.24,6,0.24,0,17
859,1,0,0.0,0.24,6,0.24,0,17
860,1,0,0.0,0.24,6,0.24,0,17
861,2,1,-4.515826,0.28,7,0.28,0,17
862,2,1,23.19499,0.32,8,0.32,0,17
863,2,1,-5.280317,0.36,9,0.36,0,17
864,1,0,0.0,0.36,9,0.36,0,17
865,2,1,20.401127,0.44,11,0.44,0,17
866,2,1,-15.890172,0.52,13,0.52,0,17
867,1,0,0.0,0.52,13,0.52,0,17
868,0,-1,-0.15642108,0.52,13,0.52,0,17
869,1,0,0.0,0.52,13,0.52,0,17
870,1,0,0.0,0.52,13,0.52,0,17
871,1,0,0.0,0.52,13,0.52,0,17
872,2,1,-9.921979,0.56,14,0.56,0,17
873,0,-1,9.921425,0.52,13,0.52,0,17
874,1,0,0.0,0.52,13,0.52,0,17
875,2,1,18.579277,0.56,14,0.56,1,17
876,2,1,5.475625,0.6,15,0.6,0,17
877,0,-1,-39.361263,0.64,16,0.64,0,17
878,2,1,-17.735935,0.68,17,0.68,0,17
879,2,1,-32.37246,0.76,19,0.76,0,17
880,0,-1,-19.939295,0.76,19,0.76,0,17
881,1,0,0.0,0.76,19,0.76,0,17
882,1,0,0.0,0.76,19,0.76,0,17
883,1,0,0.0,0.76,19,0.76,0,17
884,1,0,0.0,0.76,19,0.76,0,17
885,0,-1,1.5599889,0.72,18,0.72,0,17
886,1,0,0.0,0.72,18,0.72,0,17
887,2,1,1.1593534,0.76,19,0.76,0,17
888,0,-1,-0.0,0.76,19,0.76,1,17
889,0,-1,-0.0,0.76,19,0.76,0,17
890,2,1,-13.458892,0.8,20,0.8,0,17
891,1,0,0.0,0.8,20,0.8,0,17
892,1,0,0.0,0.8,20,0.8,0,17
893,0,-1,10.738918,0.76,19,0.76,0,17
894,2,1,-30.713545,0.8,20,0.8,0,17
895,0,-1,-24.970638,0.8,20,0.8,1,17
896,2,1,-135.84561,0.88,22,0.88,0,17
897,0,-1,-0.0,0.88,22,0.88,0,17
898,0,-1,101.959404,0.84,21,0.84,0,17
899,2,1,-284.72098,0.92,23,0.92,0,17
900,2,1,29.710646,1.0,25,1.0,0,17
901,2,1,-1000.0,0.0,0,0.0,0,17
902,2,1,28.364332,0.2,5,0.2,0,18
903,1,0,0.0,0.2,5,0.2,0,18
904,0,-1,-28.364332,0.16,4,0.16,0,18
905,2,1,28.364332,0.2,5,0.2,0,18
906,2,1,-4.278605,0.24,6,0.24,0,18
907,1,0,0.0,0.24,6,0.24,0,18
908,1,0,0.0,0.24,6,0.24,0,18
909,1,0,0.0,0.24,6,0.24,0,18
910,2,1,23.38718,0.32,8,0.32,0,18
911,0,-1,-0.0,0.32,8,0.32,0,18
912,1,0,0.0,0.32,8,0.32,0,18
913,0,-1,-0.15642108,0.32,8,0.32,0,18
914,1,0,0.0,0.32,8,0.32,0,18
915,2,1,26.003696,0.36,9,0.36,0,18
916,0,-1,-26.003696,0.32,8,0.32,0,18
917,2,1,-5.2804523,0.36,9,0.36,0,18
918,2,1,-5.829036,0.4,10,0.4,0,18
919,2,1,24.763365,0.44,11,0.44,0,18
920,2,1,-15.890038,0.52,13,0.52,0,18
921,1,0,0.0,0.52,13,0.52,0,18
922,1,0,0.0,0.52,13,0.52,1,18
923,0,-1,-22.817455,0.48,12,0.48,0,18
924,0,-1,-25.683382,0.48,12,0.48,0,18
925,0,-1,-5.5422846e-05,0.48,12,0.48,0,18
926,0,-1,7.3913264,0.44,11,0.44,0,18
927,2,1,2.1888974,0.56,14,0.56,0,18
928,2,1,19.479221,0.6,15,0.6,0,18
929,2,1,12.229602,0.64,16,0.64,1,18
930,2,1,7.106003,0.68,17,0.68,0,18
931,0,-1,-13.480339,0.64,16,0.64,0,18
932,2,1,-9.015163,0.72,18,0.72,0,18
933,2,1,-49.17005,0.8,20,0.8,0,18
934,0,-1,-0.0,0.8,20,0.8,0,18
935,2,1,-41.757584,0.84,21,0.84,0,18
936,1,0,0.0,0.84,21,0.84,0,18
937,0,-1,-23.557835,0.84,21,0.84,0,18
938,2,1,-292.97488,0.92,23,0.92,0,18
939,1,0,0.0,0.92,23,0.92,0,18
940,2,1,-600.2221,0.96,24,0.96,0,18
941,2,1,-1000.0,0.0,0,0.0,0,18
942,0,-1,-0.0,0.16,4,0.16,0,19
943,0,-1,-0.0,0.16,4,0.16,0,19
944,1,0,0.0,0.16,4,0.16,0,19
945,0,-1,-0.0,0.16,4,0.16,0,19
946,0,-1,-0.0,0.16,4,0.16,0,19
947,2,1,28.364332,0.2,5,0.2,0,19
948,2,1,-4.278605,0.24,6,0.24,0,19
949,0,-1,-0.0,0.24,6,0.24,0,19
950,0,-1,-28.22638,0.2,5,0.2,0,19
951,1,0,0.0,0.2,5,0.2,0,19
952,2,1,28.208652,0.24,6,0.24,0,19
953,0,-1,-0.0,0.24,6,0.24,0,19
954,0,-1,4.278605,0.2,5,0.2,0,19
955,2,1,-4.278687,0.24,6,0.24,0,19
956,1,0,0.0,0.24,6,0.24,0,19
957,2,1,23.39962,0.32,8,0.32,0,19
958,1,0,0.0,0.32,8,0.32,0,19
959,2,1,22.976604,0.36,9,0.36,0,19
960,0,-1,-22.976604,0.32,8,0.32,1,19
961,1,0,0.0,0.32,8,0.32,0,19
962,1,0,0.0,0.32,8,0.32,0,19
963,0,-1,-17.218311,0.28,7,0.28,0,19
964,0,-1,-0.0,0.28,7,0.28,0,19
965,2,1,16.064182,0.32,8,0.32,0,19
966,1,0,0.0,0.32,8,0.32,0,19
967,2,1,20.016163,0.36,9,0.36,0,19
968,2,1,25.41577,0.4,10,0.4,0,19
969,0,-1,-0.0,0.4,10,0.4,0,19
970,2,1,23.085684,0.44,11,0.44,0,19
971,1,0,0.0,0.44,11,0.44,0,19
972,0,-1,-14.391338,0.4,10,0.4,0,19
973,2,1,22.952269,0.44,11,0.44,0,19
974,2,1,-8.375713,0.6,15,0.6,0,19
975,0,-1,-0.0,0.6,15,0.6,0,19
976,1,0,0.0,0.6,15,0.6,0,19
977,1,0,0.0,0.6,15,0.6,0,19
978,0,-1,-0.014883171,0.6,15,0.6,0,19
979,0,-1,-1.4309473e-06,0.6,15,0.6,0,19
980,1,0,0.0,0.6,15,0.6,1,19
981,2,1,10.632486,0.64,16,0.64,1,19
982,1,0,0.0,0.64,16,0.64,0,19
983,2,1,8.924113,0.68,17,0.68,0,19
984,1,0,0.0,0.68,17,0.68,0,19
985,0,-1,-26.374203,0.68,17,0.68,0,19
986,0,-1,-22.27552,0.68,17,0.68,0,19
987,1,0,0.0,0.68,17,0.68,0,19
988,1,0,0.0,0.68,17,0.68,0,19
989,1,0,0.0,0.68,17,0.68,0,19
990,1,0,0.0,0.68,17,0.68,0,19
991,2,1,-24.842209,0.76,19,0.76,0,19
992,0,-1,2.8405635,0.72,18,0.72,0,19
993,1,0,0.0,0.72,18,0.72,0,19
994,2,1,-2.8405895,0.76,19,0.76,0,19
995,2,1,-185.49083,0.88,22,0.88,0,19
996,2,1,-807.1664,0.96,24,0.96,0,19
997,1,0,0.0,0.96,24,0.96,1,19
998,0,-1,602.4352,0.92,23,0.92,0,19
999,2,1,-600.23663,0.96,24,0.96,0,19
1000,1,0,0.0,0.96,24,0.96,0,19
1001,2,1,-1000.0,0.0,0,0.0,0,19
1002,2,1,28.364332,0.2,5,0.2,0,20
1003,1,0,0.0,0.2,5,0.2,0,20
1004,1,0,0.0,0.2,5,0.2,0,20
1005,0,-1,-0.0,0.2,5,0.2,0,20
1006,1,0,0.0,0.2,5,0.2,0,20
1007,1,0,0.0,0.2,5,0.2,0,20
1008,1,0,0.0,0.2,5,0.2,0,20
1009,2,1,-4.278605,0.24,6,0.24,0,20
1010,2,1,27.971514,0.28,7,0.28,0,20
1011,0,-1,-27.971514,0.24,6,0.24,0,20
1012,0,-1,-28.22638,0.2,5,0.2,0,20
1013,1,0,0.0,0.2,5,0.2,0,20
1014,2,1,23.70996,0.28,7,0.28,0,20
1015,1,0,0.0,0.28,7,0.28,0,20
1016,0,-1,-0.22802086,0.28,7,0.28,0,20
1017,0,-1,-0.17871168,0.28,7,0.28,0,20
1018,2,1,-4.847379,0.32,8,0.32,0,20
1019,2,1,21.641457,0.4,10,0.4,0,20
1020,1,0,0.0,0.4,10,0.4,0,20
1021,1,0,0.0,0.4,10,0.4,0,20
1022,2,1,24.763365,0.44,11,0.44,0,20
1023,0,-1,-0.0,0.44,11,0.44,0,20
1024,2,1,13.101097,0.52,13,0.52,0,20
1025,2,1,7.368637,0.6,15,0.6,0,20
1026,0,-1,-16.714378,0.56,14,0.56,1,20
1027,0,-1,-21.389511,0.52,13,0.52,0,20
1028,2,1,21.3651,0.56,14,0.56,0,20
1029,1,0,0.0,0.56,14,0.56,0,20
1030,2,1,14.1363125,0.6,15,0.6,0,20
1031,1,0,0.0,0.6,15,0.6,0,20
1032,1,0,0.0,0.6,15,0.6,0,20
1033,0,-1,-13.235535,0.56,14,0.56,0,20
1034,0,-1,-12.375682,0.56,14,0.56,0,20
1035,1,0,0.0,0.56,14,0.56,0,20
1036,0,-1,-0.0,0.56,14,0.56,0,20
1037,2,1,12.301417,0.6,15,0.6,0,20
1038,1,0,0.0,0.6,15,0.6,0,20
1039,0,-1,-0.0,0.6,15,0.6,0,20
1040,0,-1,-12.301417,0.56,14,0.56,0,20
1041,0,-1,-16.001211,0.52,13,0.52,0,20
1042,2,1,-0.78103155,0.56,14,0.56,0,20
1043,2,1,-4.072297,0.6,15,0.6,0,20
1044,0,-1,4.072297,0.56,14,0.56,0,20
1045,1,0,0.0,0.56,14,0.56,0,20
1046,0,-1,-24.979027,0.56,14,0.56,0,20
1047,2,1,0.5381177,0.64,16,0.64,0,20
1048,2,1,8.167211,0.68,17,0.68,1,20
1049,1,0,0.0,0.68,17,0.68,0,20
1050,2,1,-27.10425,0.76,19,0.76,0,20
1051,1,0,0.0,0.76,19,0.76,0,20
1052,1,0,0.0,0.76,19,0.76,0,20
1053,0,-1,4.257756,0.72,18,0.72,0,20
1054,1,0,0.0,0.72,18,0.72,0,20
1055,2,1,-0.49139744,0.76,19,0.76,0,20
1056,0,-1,-0.0,0.76,19,0.76,0,20
1057,1,0,0.0,0.76,19,0.76,0,20
1058,2,1,-82.85138,0.84,21,0.84,0,20
1059,2,1,-292.3851,0.92,23,0.92,0,20
1060,0,-1,188.1821,0.88,22,0.88,0,20
1061,1,0,0.0,0.88,22,0.88,1,20
1062,1,0,0.0,0.88,22,0.88,0,20
1063,1,0,0.0,0.88,22,0.88,0,20
1064,2,1,-180.11319,0.92,23,0.92,0,20
1065,1,0,0.0,0.92,23,0.92,0,20
1066,0,-1,186.17908,0.88,22,0.88,0,20
1067,2,1,-181.93324,0.92,23,0.92,0,20
1068,0,-1,-0.0,0.92,23,0.92,0,20
1069,1,0,0.0,0.92,23,0.92,0,20
1070,2,1,24.722326,1.0,25,1.0,0,20
1071,2,1,-1000.0,0.0,0,0.0,0,20
1072,1,0,0.0,0.16,4,0.16,0,21
1073,1,0,0.0,0.16,4,0.16,0,21
1074,1,0,0.0,0.16,4,0.16,0,21
1075,0,-1,-0.0,0.16,4,0.16,0,21
1076,2,1,28.346605,0.2,5,0.2,0,21
1077,1,0,0.0,0.2,5,0.2,0,21
1078,0,-1,-28.346605,0.16,4,0.16,0,21
1079,2,1,28.346605,0.2,5,0.2,0,21
1080,2,1,23.968313,0.28,7,0.28,0,21
1081,2,1,26.441492,0.32,8,0.32,0,21
1082,1,0,0.0,0.32,8,0.32,0,21
1083,2,1,-5.279892,0.36,9,0.36,0,21
1084,0,-1,-0.0,0.36,9,0.36,0,21
1085,1,0,0.0,0.36,9,0.36,0,21
1086,0,-1,-26.003696,0.32,8,0.32,1,21
1087,2,1,23.052444,0.36,9,0.36,0,21
1088,1,0,0.0,0.36,9,0.36,0,21
1089,1,0,0.0,0.36,9,0.36,0,21
1090,0,-1,-21.958313,0.36,9,0.36,0,21
1091,1,0,0.0,0.36,9,0.36,0,21
1092,2,1,19.069546,0.44,11,0.44,1,21
1093,1,0,0.0,0.44,11,0.44,0,21
1094,0,-1,-0.0,0.44,11,0.44,0,21
1095,1,0,0.0,0.44,11,0.44,0,21
1096,1,0,0.0,0.44,11,0.44,0,21
1097,2,1,-8.389331,0.6,15,0.6,0,21
1098,0,-1,-0.025232302,0.6,15,0.6,0,21
1099,2,1,10.310304,0.64,16,0.64,0,21
1100,2,1,11.848264,0.68,17,0.68,0,21
1101,1,0,0.0,0.68,17,0.68,0,21
1102,1,0,0.0,0.68,17,0.68,0,21
1103,2,1,-28.879913,0.76,19,0.76,0,21
1104,1,0,0.0,0.76,19,0.76,0,21
1105,0,-1,1.7033905,0.72,18,0.72,0,21
1106,1,0,0.0,0.72,18,0.72,0,21
1107,2,1,-6.8851275,0.76,19,0.76,0,21
1108,2,1,-180.03738,0.88,22,0.88,0,21
1109,0,-1,-22.681768,0.88,22,0.88,0,21
1110,0,-1,-0.028409613,0.88,22,0.88,0,21
1111,0,-1,-0.0030996585,0.88,22,0.88,0,21
1112,1,0,0.0,0.88,22,0.88,0,21
1113,1,0,0.0,0.88,22,0.88,0,21
1114,1,0,0.0,0.88,22,0.88,0,21
1115,2,1,-806.07996,0.96,24,0.96,0,21
1116,1,0,0.0,0.96,24,0.96,1,21
1117,0,-1,600.0812,0.92,23,0.92,0,21
1118,2,1,-604.2084,0.96,24,0.96,1,21
1119,1,0,0.0,0.96,24,0.96,0,21
1120,2,1,29.321598,1.0,25,1.0,1,21
1121,2,1,-1000.0,0.0,0,0.0,0,21
1122,1,0,0.0,0.16,4,0.16,0,22
1123,1,0,0.0,0.16,4,0.16,0,22
1124,0,-1,-0.0,0.16,4,0.16,1,22
1125,2,1,25.03742,0.2,5,0.2,0,22
1126,2,1,27.992828,0.24,6,0.24,0,22
1127,2,1,23.049597,0.32,8,0.32,0,22
1128,2,1,17.652584,0.4,10,0.4,0,22
1129,0,-1,-0.0,0.4,10,0.4,0,22
1130,0,-1,-22.861666,0.36,9,0.36,0,22
1131,0,-1,-0.0,0.36,9,0.36,0,22
1132,2,1,25.049707,0.4,10,0.4,0,22
1133,2,1,16.013052,0.48,12,0.48,0,22
1134,2,1,8.541926,0.56,14,0.56,0,22
1135,1,0,0.0,0.56,14,0.56,0,22
1136,0,-1,-16.165747,0.52,13,0.52,0,22
1137,2,1,-4.82487,0.64,16,0.64,0,22
1138,0,-1,-0.0008379678,0.64,16,0.64,0,22
1139,1,0,0.0,0.64,16,0.64,0,22
1140,2,1,7.694253,0.68,17,0.68,0,22
1141,2,1,1.1823841,0.72,18,0.72,0,22
1142,0,-1,-6.211813,0.68,17,0.68,0,22
1143,0,-1,-8.655002,0.64,16,0.64,1,22
1144,0,-1,-11.42484,0.6,15,0.6,0,22
1145,1,0,0.0,0.6,15,0.6,0,22
1146,0,-1,-0.0,0.6,15,0.6,0,22
1147,0,-1,-12.028655,0.56,14,0.56,0,22
1148,0,-1,-0.0,0.56,14,0.56,0,22
1149,0,-1,-21.089066,0.52,13,0.52,0,22
1150,2,1,17.776386,0.56,14,0.56,0,22
1151,2,1,11.991084,0.6,15,0.6,0,22
1152,2,1,14.336004,0.64,16,0.64,0,22
1153,2,1,-39.488045,0.76,19,0.76,0,22
1154,1,0,0.0,0.76,19,0.76,0,22
1155,2,1,-13.905174,0.8,20,0.8,0,22
1156,2,1,-34.576294,0.84,21,0.84,0,22
1157,1,0,0.0,0.84,21,0.84,0,22
1158,2,1,-80.57174,0.88,22,0.88,0,22
1159,0,-1,-0.0,0.88,22,0.88,0,22
1160,2,1,-187.3592,0.92,23,0.92,1,22
1161,1,0,0.0,0.92,23,0.92,0,22
1162,2,1,-599.8323,0.96,24,0.96,0,22
1163,0,-1,-0.0,0.96,24,0.96,1,22
1164,1,0,0.0,0.96,24,0.96,0,22
1165,0,-1,603.3539,0.92,23,0.92,0,22
1166,0,-1,182.22281,0.88,22,0.88,0,22
1167,2,1,-183.5157,0.92,23,0.92,0,22
1168,2,1,-594.1943,0.96,24,0.96,0,22
1169,2,1,-1000.0,0.0,0,0.0,0,22
1170,0,-1,-0.0,0.16,4,0.16,0,23
1171,0,-1,-0.0,0.16,4,0.16,0,23
1172,1,0,0.0,0.16,4,0.16,0,23
1173,1,0,0.0,0.16,4,0.16,0,23
1174,0,-1,-0.0,0.16,4,0.16,0,23
1175,2,1,-4.1406527,0.2,5,0.2,0,23
1176,2,1,28.208652,0.24,6,0.24,0,23
1177,2,1,18.8927,0.32,8,0.32,0,23
1178,2,1,-5.280318,0.36,9,0.36,0,23
1179,1,0,0.0,0.36,9,0.36,0,23
1180,1,0,0.0,0.36,9,0.36,0,23
1181,1,0,0.0,0.36,9,0.36,0,23
1182,2,1,13.022829,0.48,12,0.48,0,23
1183,1,0,0.0,0.48,12,0.48,0,23
1184,2,1,22.79115,0.52,13,0.52,0,23
1185,1,0,0.0,0.52,13,0.52,1,23
1186,2,1,9.597402,0.56,14,0.56,0,23
1187,2,1,17.841623,0.6,15,0.6,0,23
1188,1,0,0.0,0.6,15,0.6,0,23
1189,2,1,-3.29006,0.68,17,0.68,0,23
1190,0,-1,-29.20348,0.68,17,0.68,0,23
1191,2,1,5.3347874,0.72,18,0.72,0,23
1192,1,0,0.0,0.72,18,0.72,0,23
1193,0,-1,3.1564126,0.68,17,0.68,0,23
1194,0,-1,-8.191821,0.64,16,0.64,0,23
1195,1,0,0.0,0.64,16,0.64,0,23
1196,0,-1,-0.014571303,0.64,16,0.64,0,23
1197,2,1,6.1478195,0.68,17,0.68,0,23
1198,1,0,0.0,0.68,17,0.68,0,23
1199,0,-1,-24.979029,0.68,17,0.68,0,23
1200,0,-1,-10.274679,0.64,16,0.64,0,23
1201,2,1,-10.650497,0.72,18,0.72,0,23
1202,2,1,-2.087289,0.76,19,0.76,0,23
1203,1,0,0.0,0.76,19,0.76,0,23
1204,1,0,0.0,0.76,19,0.76,0,23
1205,0,-1,2.3467977,0.72,18,0.72,0,23
1206,1,0,0.0,0.72,18,0.72,0,23
1207,2,1,-4.194785,0.76,19,0.76,1,23
1208,2,1,-76.00876,0.84,21,0.84,0,23
1209,0,-1,49.705505,0.8,20,0.8,0,23
1210,1,0,0.0,0.8,20,0.8,0,23
1211,0,-1,-0.021257259,0.8,20,0.8,0,23
1212,1,0,0.0,0.8,20,0.8,0,23
1213,1,0,0.0,0.8,20,0.8,0,23
1214,1,0,0.0,0.8,20,0.8,0,23
1215,0,-1,16.119276,0.76,19,0.76,1,23
1216,0,-1,4.1115417,0.72,18,0.72,0,23
1217,2,1,-3.236687,0.76,19,0.76,0,23
1218,2,1,-16.842314,0.8,20,0.8,0,23
1219,1,0,0.0,0.8,20,0.8,0,23
1220,2,1,-37.622963,0.84,21,0.84,0,23
1221,0,-1,35.521385,0.8,20,0.8,0,23
1222,2,1,-142.21078,0.88,22,0.88,0,23
1223,1,0,0.0,0.88,22,0.88,0,23
1224,2,1,-805.0375,0.96,24,0.96,0,23
1225,1,0,0.0,0.96,24,0.96,0,23
1226,2,1,26.695044,1.0,25,1.0,0,23
1227,1,0,-1000.0,0.0,0,0.0,0,23
1228,0,-1,-0.0,0.16,4,0.16,0,24
1229,1,0,0.0,0.16,4,0.16,0,24
1230,1,0,0.0,0.16,4,0.16,0,24
1231,2,1,28.346605,0.2,5,0.2,0,24
1232,1,0,0.0,0.2,5,0.2,0,24
1233,2,1,-4.278605,0.24,6,0.24,0,24
1234,2,1,27.98924,0.28,7,0.28,0,24
1235,1,0,0.0,0.28,7,0.28,0,24
1236,1,0,0.0,0.28,7,0.28,0,24
1237,1,0,0.0,0.28,7,0.28,0,24
1238,2,1,23.19499,0.32,8,0.32,0,24
1239,2,1,-5.280317,0.36,9,0.36,0,24
1240,2,1,20.779423,0.4,10,0.4,0,24
1241,2,1,-6.520784,0.44,11,0.44,1,24
1242,2,1,8.845426,0.48,12,0.48,0,24
1243,1,0,0.0,0.48,12,0.48,0,24
1244,2,1,22.789352,0.52,13,0.52,0,24
1245,1,0,0.0,0.52,13,0.52,0,24
1246,0,-1,-34.996754,0.56,14,0.56,0,24
1247,2,1,-6.01164,0.64,16,0.64,0,24
1248,0,-1,-4.2313582e-07,0.64,16,0.64,0,24
1249,0,-1,-0.15717709,0.64,16,0.64,0,24
1250,1,0,0.0,0.64,16,0.64,0,24
1251,0,-1,-0.5736136,0.6,15,0.6,0,24
1252,1,0,0.0,0.6,15,0.6,0,24
1253,2,1,14.213704,0.64,16,0.64,0,24
1254,0,-1,-1.9507946,0.6,15,0.6,0,24
1255,2,1,-6.6092415,0.68,17,0.68,0,24
1256,2,1,-26.606287,0.76,19,0.76,0,24
1257,0,-1,6.534387,0.72,18,0.72,0,24
1258,0,-1,2.6195505,0.68,17,0.68,0,24
1259,1,0,0.0,0.68,17,0.68,0,24
1260,0,-1,-8.3546505,0.64,16,0.64,0,24
1261,0,-1,14.285951,0.6,15,0.6,0,24
1262,0,-1,-14.287124,0.64,16,0.64,0,24
1263,0,-1,-2.4195939e-05,0.64,16,0.64,0,24
1264,1,0,0.0,0.64,16,0.64,1,24
1265,2,1,-39.101933,0.76,19,0.76,0,24
1266,0,-1,19.15767,0.72,18,0.72,0,24
1267,2,1,-12.715559,0.76,19,0.76,0,24
1268,2,1,-180.16791,0.88,22,0.88,0,24
1269,1,0,0.0,0.88,22,0.88,0,24
1270,1,0,0.0,0.88,22,0.88,0,24
1271,0,-1,-24.90507,0.88,22,0.88,0,24
1272,1,0,0.0,0.88,22,0.88,0,24
1273,1,0,0.0,0.88,22,0.88,0,24
1274,1,0,0.0,0.88,22,0.88,0,24
1275,2,1,-200.23941,0.92,23,0.92,0,24
1276,1,0,0.0,0.92,23,0.92,0,24
1277,2,1,-599.27673,0.96,24,0.96,0,24
1278,0,-1,-0.0,0.96,24,0.96,0,24
1279,0,-1,616.89435,0.92,23,0.92,0,24
1280,2,1,23.94024,1.0,25,1.0,0,24
1281,2,1,-1000.0,0.0,0,0.0,0,24
1282,2,1,28.364332,0.2,5,0.2,0,25
1283,1,0,0.0,0.2,5,0.2,0,25
1284,2,1,-4.278605,0.24,6,0.24,0,25
1285,2,1,-4.516251,0.28,7,0.28,1,25
1286,2,1,17.848192,0.36,9,0.36,0,25
1287,1,0,0.0,0.36,9,0.36,0,25
1288,1,0,0.0,0.36,9,0.36,0,25
1289,0,-1,-20.598782,0.32,8,0.32,0,25
1290,1,0,0.0,0.32,8,0.32,0,25
1291,2,1,11.60197,0.4,10,0.4,0,25
1292,2,1,3.4782786,0.52,13,0.52,0,25
1293,0,-1,-0.0,0.52,13,0.52,0,25
1294,0,-1,-8.213635,0.48,12,0.48,0,25
1295,2,1,-23.986778,0.64,16,0.64,0,25
1296,0,-1,-3.385466,0.6,15,0.6,0,25
1297,1,0,0.0,0.6,15,0.6,0,25
1298,1,0,0.0,0.6,15,0.6,0,25
1299,2,1,-5.604813,0.68,17,0.68,0,25
1300,1,0,0.0,0.68,17,0.68,0,25
1301,2,1,-27.78085,0.76,19,0.76,0,25
1302,1,0,0.0,0.76,19,0.76,0,25
1303,0,-1,13.385959,0.72,18,0.72,0,25
1304,2,1,-1040.552,0.96,24,0.96,1,25
1305,2,1,-1000.0,0.0,0,0.0,0,25
1306,2,1,-4.1406527,0.2,5,0.2,0,26
1307,1,0,0.0,0.2,5,0.2,0,26
1308,2,1,-4.278687,0.24,6,0.24,0,26
1309,2,1,27.971514,0.28,7,0.28,0,26
1310,0,-1,-0.0,0.28,7,0.28,1,26
1311,2,1,23.518917,0.32,8,0.32,0,26
1312,1,0,0.0,0.32,8,0.32,0,26
1313,2,1,21.385788,0.4,10,0.4,0,26
1314,1,0,0.0,0.4,10,0.4,0,26
1315,0,-1,-22.53726,0.36,9,0.36,0,26
1316,2,1,22.935177,0.4,10,0.4,0,26
1317,2,1,21.846073,0.44,11,0.44,1,26
1318,2,1,17.553518,0.48,12,0.48,0,26
1319,0,-1,-21.069136,0.44,11,0.44,1,26
1320,0,-1,-22.171854,0.4,10,0.4,0,26
1321,2,1,14.546398,0.48,12,0.48,0,26
1322,2,1,13.013138,0.56,14,0.56,0,26
1323,1,0,0.0,0.56,14,0.56,0,26
1324,2,1,3.1265352,0.64,16,0.64,0,26
1325,1,0,0.0,0.64,16,0.64,0,26
1326,0,-1,-9.174668,0.6,15,0.6,0,26
1327,2,1,-0.7520272,0.68,17,0.68,0,26
1328,1,0,0.0,0.68,17,0.68,0,26
1329,2,1,-23.053991,0.76,19,0.76,0,26
1330,1,0,0.0,0.76,19,0.76,0,26
1331,2,1,-180.15956,0.88,22,0.88,0,26
1332,2,1,-806.18604,0.96,24,0.96,0,26
1333,2,1,26.988346,1.0,25,1.0,0,26
1334,1,0,-1000.0,0.0,0,0.0,0,26
1335,0,-1,-0.0,0.16,4,0.16,0,27
1336,1,0,0.0,0.16,4,0.16,0,27
1337,0,-1,-0.0,0.16,4,0.16,0,27
1338,2,1,28.346605,0.2,5,0.2,0,27
1339,1,0,0.0,0.2,5,0.2,0,27
1340,0,-1,-0.0,0.2,5,0.2,0,27
1341,0,-1,-0.0,0.2,5,0.2,0,27
1342,2,1,23.968313,0.28,7,0.28,0,27
1343,2,1,13.119488,0.4,10,0.4,0,27
1344,2,1,12.749921,0.48,12,0.48,0,27
1345,1,0,0.0,0.48,12,0.48,0,27
1346,1,0,0.0,0.48,12,0.48,0,27
1347,2,1,9.622631,0.56,14,0.56,0,27
1348,0,-1,-0.0,0.56,14,0.56,0,27
1349,1,0,0.0,0.56,14,0.56,0,27
1350,0,-1,-0.0,0.56,14,0.56,0,27
1351,1,0,0.0,0.56,14,0.56,0,27
1352,1,0,0.0,0.56,14,0.56,0,27
1353,0,-1,-18.120945,0.52,13,0.52,0,27
1354,2,1,-9.921985,0.56,14,0.56,0,27
1355,1,0,0.0,0.56,14,0.56,0,27
1356,2,1,0.4878623,0.64,16,0.64,0,27
1357,0,-1,-12.274778,0.6,15,0.6,0,27
1358,2,1,-7.375005,0.68,17,0.68,1,27
1359,0,-1,-0.0,0.68,17,0.68,0,27
1360,2,1,3.9030037,0.72,18,0.72,0,27
1361,1,0,0.0,0.72,18,0.72,0,27
1362,1,0,0.0,0.72,18,0.72,1,27
1363,0,-1,-0.84739923,0.68,17,0.68,0,27
1364,2,1,-27.499651,0.76,19,0.76,0,27
1365,2,1,-29.093943,0.8,20,0.8,0,27
1366,1,0,0.0,0.8,20,0.8,0,27
1367,2,1,-353.31888,0.92,23,0.92,0,27
1368,1,0,0.0,0.92,23,0.92,0,27
1369,1,0,0.0,0.92,23,0.92,0,27
1370,1,0,0.0,0.92,23,0.92,0,27
1371,1,0,0.0,0.92,23,0.92,0,27
1372,1,0,0.0,0.92,23,0.92,0,27
1373,2,1,-1000.0,0.0,0,0.0,0,27
1374,2,1,-4.1406527,0.2,5,0.2,0,28
1375,0,-1,-0.0,0.2,5,0.2,0,28
1376,0,-1,-0.0,0.2,5,0.2,1,28
1377,2,1,21.21308,0.24,6,0.24,0,28
1378,2,1,18.411625,0.28,7,0.28,0,28
1379,2,1,16.703796,0.32,8,0.32,0,28
1380,0,-1,-0.0,0.32,8,0.32,0,28
1381,2,1,21.218864,0.4,10,0.4,0,28
1382,2,1,16.612051,0.44,11,0.44,0,28
1383,0,-1,-14.305852,0.4,10,0.4,0,28
1384,2,1,18.774717,0.48,12,0.48,0,28
1385,2,1,19.98191,0.52,13,0.52,0,28
1386,2,1,18.684103,0.56,14,0.56,0,28
1387,2,1,14.322015,0.6,15,0.6,0,28
1388,1,0,0.0,0.6,15,0.6,0,28
1389,1,0,0.0,0.6,15,0.6,0,28
1390,1,0,0.0,0.6,15,0.6,0,28
1391,0,-1,-14.322015,0.56,14,0.56,1,28
1392,1,0,0.0,0.56,14,0.56,0,28
1393,2,1,17.575659,0.6,15,0.6,0,28
1394,1,0,0.0,0.6,15,0.6,0,28
1395,2,1,-5.1474347,0.68,17,0.68,0,28
1396,2,1,3.4124024,0.72,18,0.72,0,28
1397,1,0,0.0,0.72,18,0.72,0,28
1398,1,0,0.0,0.72,18,0.72,0,28
1399,2,1,-8.573945,0.76,19,0.76,0,28
1400,2,1,-184.82246,0.88,22,0.88,1,28
1401,2,1,-808.3185,0.96,24,0.96,0,28
1402,2,1,31.191252,1.0,25,1.0,0,28
1403,2,1,-1000.0,0.0,0,0.0,0,28
1404,0,-1,-0.0,0.16,4,0.16,0,29
1405,2,1,28.346605,0.2,5,0.2,0,29
1406,0,-1,-28.346605,0.16,4,0.16,0,29
1407,2,1,-4.1406527,0.2,5,0.2,0,29
1408,2,1,23.70996,0.28,7,0.28,0,29
1409,2,1,-4.8479395,0.32,8,0.32,0,29
1410,1,0,0.0,0.32,8,0.32,0,29
1411,2,1,-5.2804785,0.36,9,0.36,0,29
1412,2,1,8.300622,0.48,12,0.48,0,29
1413,1,0,0.0,0.48,12,0.48,0,29
1414,0,-1,7.3913045,0.44,11,0.44,0,29
1415,2,1,-7.3918905,0.48,12,0.48,0,29
1416,2,1,-8.498311,0.52,13,0.52,0,29
1417,1,0,0.0,0.52,13,0.52,0,29
1418,1,0,0.0,0.52,13,0.52,0,29
1419,1,0,0.0,0.52,13,0.52,0,29
1420,2,1,16.687035,0.56,14,0.56,1,29
1421,2,1,-33.745956,0.72,18,0.72,1,29
1422,0,-1,-3.474565,0.68,17,0.68,0,29
1423,2,1,-1.3535951,0.72,18,0.72,0,29
1424,2,1,-40.682465,0.8,20,0.8,0,29
1425,0,-1,31.936415,0.76,19,0.76,0,29
1426,2,1,-76.02638,0.84,21,0.84,0,29
1427,1,0,0.0,0.84,21,0.84,0,29
1428,2,1,-300.94647,0.92,23,0.92,0,29
1429,1,0,0.0,0.92,23,0.92,0,29
1430,1,0,0.0,0.92,23,0.92,0,29
1431,2,1,-625.26575,0.96,24,0.96,0,29
1432,2,1,-1000.0,0.0,0,0.0,0,29
1433,0,-1,-0.0,0.16,4,0.16,0,30
1434,1,0,0.0,0.16,4,0.16,1,30
1435,1,0,0.0,0.16,4,0.16,0,30
1436,2,1,28.262749,0.2,5,0.2,0,30
1437,1,0,0.0,0.2,5,0.2,0,30
1438,1,0,0.0,0.2,5,0.2,0,30
1439,1,0,0.0,0.2,5,0.2,0,30
1440,2,1,24.899467,0.24,6,0.24,0,30
1441,1,0,0.0,0.24,6,0.24,0,30
1442,2,1,27.75569,0.28,7,0.28,0,30
1443,1,0,0.0,0.28,7,0.28,0,30
1444,2,1,26.208122,0.32,8,0.32,1,30
1445,1,0,0.0,0.32,8,0.32,0,30
1446,2,1,21.45529,0.36,9,0.36,0,30
1447,2,1,23.93458,0.4,10,0.4,0,30
1448,1,0,0.0,0.4,10,0.4,0,30
1449,0,-1,-0.0,0.4,10,0.4,0,30
1450,2,1,24.551985,0.44,11,0.44,0,30
1451,1,0,0.0,0.44,11,0.44,0,30
1452,0,-1,-24.47498,0.4,10,0.4,1,30
1453,2,1,24.411377,0.44,11,0.44,0,30
1454,0,-1,-0.0,0.44,11,0.44,0,30
1455,2,1,3.2074647,0.56,14,0.56,0,30
1456,2,1,13.514863,0.6,15,0.6,0,30
1457,0,-1,-17.898533,0.56,14,0.56,0,30
1458,2,1,14.572674,0.6,15,0.6,0,30
1459,0,-1,-20.140427,0.56,14,0.56,0,30
1460,2,1,13.317285,0.6,15,0.6,0,30
1461,1,0,0.0,0.6,15,0.6,0,30
1462,0,-1,-0.0,0.6,15,0.6,0,30
1463,1,0,0.0,0.6,15,0.6,0,30
1464,0,-1,-13.317285,0.56,14,0.56,0,30
1465,1,0,0.0,0.56,14,0.56,0,30
1466,0,-1,-0.0,0.56,14,0.56,0,30
1467,2,1,16.82354,0.6,15,0.6,0,30
1468,1,0,0.0,0.6,15,0.6,0,30
1469,2,1,-23.002205,0.72,18,0.72,0,30
1470,1,0,0.0,0.72,18,0.72,0,30
1471,2,1,-0.45139566,0.76,19,0.76,0,30
1472,1,0,0.0,0.76,19,0.76,1,30
1473,1,0,0.0,0.76,19,0.76,0,30
1474,2,1,-16.490284,0.8,20,0.8,0,30
1475,0,-1,-0.0,0.8,20,0.8,0,30
1476,0,-1,15.592377,0.76,19,0.76,0,30
1477,1,0,0.0,0.76,19,0.76,0,30
1478,0,-1,4.602183,0.72,18,0.72,0,30
1479,1,0,0.0,0.72,18,0.72,0,30
1480,2,1,-45.503807,0.8,20,0.8,0,30
1481,2,1,-349.073,0.92,23,0.92,0,30
1482,2,1,30.362804,1.0,25,1.0,0,30
1483,1,0,-1000.0,0.0,0,0.0,0,30
1484,1,0,0.0,0.16,4,0.16,0,31
1485,0,-1,-0.0,0.16,4,0.16,0,31
1486,2,1,-4.1406527,0.2,5,0.2,0,31
1487,2,1,-4.278687,0.24,6,0.24,0,31
1488,2,1,-4.51638,0.28,7,0.28,0,31
1489,0,-1,-0.0,0.28,7,0.28,0,31
1490,1,0,0.0,0.28,7,0.28,0,31
1491,1,0,0.0,0.28,7,0.28,0,31
1492,0,-1,4.515744,0.24,6,0.24,0,31
1493,1,0,0.0,0.24,6,0.24,1,31
1494,2,1,17.770502,0.36,9,0.36,0,31
1495,2,1,8.8142805,0.4,10,0.4,0,31
1496,1,0,0.0,0.4,10,0.4,0,31
1497,0,-1,-0.12639439,0.4,10,0.4,0,31
1498,0,-1,-0.0,0.4,10,0.4,0,31
1499,1,0,0.0,0.4,10,0.4,0,31
1500,1,0,0.0,0.4,10,0.4,1,31
1501,2,1,18.801928,0.48,12,0.48,0,31
1502,2,1,12.962238,0.56,14,0.56,0,31
1503,1,0,0.0,0.56,14,0.56,0,31
1504,0,-1,-0.0,0.56,14,0.56,0,31
1505,1,0,0.0,0.56,14,0.56,0,31
1506,2,1,17.688515,0.6,15,0.6,0,31
1507,1,0,0.0,0.6,15,0.6,0,31
1508,2,1,-26.261282,0.72,18,0.72,0,31
1509,2,1,-6.543546,0.76,19,0.76,0,31
1510,0,-1,-66.76131,0.8,20,0.8,0,31
1511,0,-1,12.436617,0.76,19,0.76,0,31
1512,2,1,-18.469032,0.8,20,0.8,1,31
1513,2,1,-145.72684,0.88,22,0.88,0,31
1514,2,1,-197.49591,0.92,23,0.92,0,31
1515,2,1,-596.99194,0.96,24,0.96,0,31
1516,1,0,0.0,0.96,24,0.96,0,31
1517,0,-1,-26.691353,0.96,24,0.96,0,31
1518,1,0,0.0,0.96,24,0.96,0,31
1519,2,1,26.803661,1.0,25,1.0,0,31
1520,0,-1,-1000.0,0.0,0,0.0,0,31
1521,2,1,28.364332,0.2,5,0.2,0,32
1522,2,1,-4.278605,0.24,6,0.24,0,32
1523,0,-1,4.278605,0.2,5,0.2,0,32
1524,1,0,0.0,0.2,5,0.2,0,32
1525,2,1,28.208652,0.24,6,0.24,0,32
1526,0,-1,-28.208652,0.2,5,0.2,0,32
1527,2,1,28.208652,0.24,6,0.24,0,32
1528,0,-1,-0.0,0.24,6,0.24,1,32
1529,1,0,0.0,0.24,6,0.24,0,32
1530,2,1,19.006653,0.32,8,0.32,0,32
1531,2,1,15.480783,0.36,9,0.36,0,32
1532,1,0,0.0,0.36,9,0.36,0,32
1533,0,-1,-15.480783,0.32,8,0.32,0,32
1534,1,0,0.0,0.32,8,0.32,0,32
1535,2,1,15.480783,0.36,9,0.36,0,32
1536,2,1,25.371544,0.4,10,0.4,0,32
1537,2,1,14.156131,0.48,12,0.48,0,32
1538,2,1,22.675869,0.52,13,0.52,0,32
1539,1,0,0.0,0.52,13,0.52,1,32
1540,2,1,15.93477,0.56,14,0.56,0,32
1541,0,-1,-11.202351,0.52,13,0.52,0,32
1542,1,0,0.0,0.52,13,0.52,0,32
1543,1,0,0.0,0.52,13,0.52,0,32
1544,2,1,19.593737,0.56,14,0.56,0,32
1545,2,1,16.874063,0.6,15,0.6,0,32
1546,1,0,0.0,0.6,15,0.6,0,32
1547,1,0,0.0,0.6,15,0.6,0,32
1548,2,1,12.24734,0.64,16,0.64,0,32
1549,2,1,-14.239228,0.72,18,0.72,0,32
1550,1,0,0.0,0.72,18,0.72,0,32
1551,1,0,0.0,0.72,18,0.72,0,32
1552,0,-1,-0.0,0.72,18,0.72,0,32
1553,2,1,-48.090343,0.8,20,0.8,0,32
1554,2,1,-39.782417,0.84,21,0.84,0,32
1555,1,0,0.0,0.84,21,0.84,0,32
1556,1,0,0.0,0.84,21,0.84,0,32
1557,0,-1,-0.0,0.84,21,0.84,0,32
1558,0,-1,39.782417,0.8,20,0.8,0,32
1559,1,0,0.0,0.8,20,0.8,0,32
1560,1,0,0.0,0.8,20,0.8,0,32
1561,2,1,-136.8074,0.88,22,0.88,0,32
1562,0,-1,-0.0012760536,0.88,22,0.88,0,32
1563,2,1,-187.1965,0.92,23,0.92,0,32
1564,2,1,-597.6751,0.96,24,0.96,0,32
1565,2,1,28.90086,1.0,25,1.0,1,32
1566,1,0,-1000.0,0.0,0,0.0,0,32
1567,2,1,-4.1406527,0.2,5,0.2,0,33
1568,2,1,-4.2792473,0.24,6,0.24,0,33
1569,2,1,-4.516412,0.28,7,0.28,0,33
1570,0,-1,-0.0,0.28,7,0.28,0,33
1571,2,1,-5.8634477,0.52,13,0.52,1,33
1572,0,-1,-16.26503,0.52,13,0.52,0,33
1573,2,1,22.546976,0.56,14,0.56,0,33
1574,0,-1,-28.748964,0.56,14,0.56,0,33
1575,1,0,0.0,0.56,14,0.56,0,33
1576,1,0,0.0,0.56,14,0.56,0,33
1577,1,0,0.0,0.56,14,0.56,0,33
1578,0,-1,-24.437294,0.56,14,0.56,0,33
1579,1,0,0.0,0.56,14,0.56,0,33
1580,2,1,16.516489,0.6,15,0.6,0,33
1581,0,-1,-16.516489,0.56,14,0.56,0,33
1582,1,0,0.0,0.56,14,0.56,0,33
1583,0,-1,-0.0,0.56,14,0.56,0,33
1584,0,-1,-4.240583e-09,0.56,14,0.56,0,33
1585,1,0,0.0,0.56,14,0.56,0,33
1586,2,1,1.9194155,0.64,16,0.64,0,33
1587,1,0,0.0,0.64,16,0.64,0,33
1588,0,-1,14.286528,0.6,15,0.6,0,33
1589,0,-1,11.786877,0.56,14,0.56,0,33
1590,1,0,0.0,0.56,14,0.56,1,33
1591,1,0,0.0,0.56,14,0.56,0,33
1592,2,1,19.436201,0.6,15,0.6,0,33
1593,1,0,0.0,0.6,15,0.6,0,33
1594,1,0,0.0,0.6,15,0.6,0,33
1595,2,1,-1.1865221,0.64,16,0.64,0,33
1596,1,0,0.0,0.64,16,0.64,0,33
1597,1,0,0.0,0.64,16,0.64,0,33
1598,1,0,0.0,0.64,16,0.64,0,33
1599,2,1,13.501617,0.68,17,0.68,0,33
1600,0,-1,-8.667591,0.64,16,0.64,0,33
1601,1,0,0.0,0.64,16,0.64,0,33
1602,0,-1,-38.694317,0.68,17,0.68,0,33
1603,0,-1,-26.617392,0.68,17,0.68,0,33
1604,1,0,0.0,0.68,17,0.68,0,33
1605,1,0,0.0,0.68,17,0.68,0,33
1606,2,1,-23.706919,0.76,19,0.76,0,33
1607,0,-1,-0.0,0.76,19,0.76,0,33
1608,2,1,-33.63766,0.8,20,0.8,0,33
1609,1,0,0.0,0.8,20,0.8,0,33
1610,2,1,-39.239265,0.84,21,0.84,0,33
1611,1,0,0.0,0.84,21,0.84,0,33
1612,2,1,-74.85612,0.88,22,0.88,0,33
1613,1,0,0.0,0.88,22,0.88,1,33
1614,1,0,0.0,0.88,22,0.88,0,33
1615,0,-1,-0.0,0.88,22,0.88,0,33
1616,0,-1,-0.0,0.88,22,0.88,0,33
1617,2,1,-180.08505,0.92,23,0.92,0,33
1618,0,-1,180.23749,0.88,22,0.88,0,33
1619,1,0,0.0,0.88,22,0.88,0,33
1620,1,0,0.0,0.88,22,0.88,0,33
1621,2,1,-179.09363,0.92,23,0.92,0,33
1622,1,0,0.0,0.92,23,0.92,0,33
1623,2,1,-603.439,0.96,24,0.96,0,33
1624,2,1,27.527079,1.0,25,1.0,0,33
1625,2,1,-1000.0,0.0,0,0.0,0,33
1626,0,-1,-0.0,0.16,4,0.16,0,34
1627,2,1,28.364332,0.2,5,0.2,0,34
1628,1,0,0.0,0.2,5,0.2,0,34
1629,1,0,0.0,0.2,5,0.2,0,34
1630,2,1,-4.278687,0.24,6,0.24,0,34
1631,1,0,0.0,0.24,6,0.24,0,34
1632,1,0,0.0,0.24,6,0.24,0,34
1633,1,0,0.0,0.24,6,0.24,0,34
1634,2,1,-4.515744,0.28,7,0.28,0,34
1635,0,-1,4.515744,0.24,6,0.24,0,34
1636,1,0,0.0,0.24,6,0.24,0,34
1637,1,0,0.0,0.24,6,0.24,0,34
1638,0,-1,-0.0,0.24,6,0.24,0,34
1639,0,-1,4.278687,0.2,5,0.2,0,34
1640,1,0,0.0,0.2,5,0.2,0,34
1641,2,1,19.247265,0.28,7,0.28,1,34
1642,0,-1,-26.374348,0.28,7,0.28,0,34
1643,1,0,0.0,0.28,7,0.28,0,34
1644,1,0,0.0,0.28,7,0.28,0,34
1645,1,0,0.0,0.28,7,0.28,0,34
1646,0,-1,-23.429888,0.24,6,0.24,0,34
1647,0,-1,-0.0,0.24,6,0.24,0,34
1648,2,1,23.337717,0.32,8,0.32,0,34
1649,0,-1,-26.397406,0.28,7,0.28,0,34
1650,2,1,12.777628,0.32,8,0.32,0,34
1651,0,-1,-20.385448,0.28,7,0.28,0,34
1652,2,1,23.523602,0.32,8,0.32,0,34
1653,2,1,20.124313,0.4,10,0.4,0,34
1654,0,-1,-20.004478,0.36,9,0.36,0,34
1655,0,-1,-25.949415,0.32,8,0.32,0,34
1656,0,-1,-27.692907,0.28,7,0.28,0,34
1657,2,1,10.680347,0.32,8,0.32,0,34
1658,0,-1,-10.680347,0.28,7,0.28,0,34
1659,1,0,0.0,0.28,7,0.28,0,34
1660,2,1,16.586819,0.36,9,0.36,0,34
1661,2,1,13.014441,0.48,12,0.48,0,34
1662,2,1,5.599805,0.52,13,0.52,0,34
1663,2,1,2.5425177,0.56,14,0.56,0,34
1664,2,1,2.1189897,0.64,16,0.64,0,34
1665,1,0,0.0,0.64,16,0.64,0,34
1666,2,1,-8.9433565,0.72,18,0.72,0,34
1667,2,1,-43.6563,0.8,20,0.8,0,34
1668,1,0,0.0,0.8,20,0.8,0,34
1669,0,-1,-0.01462944,0.8,20,0.8,0,34
1670,2,1,-150.9759,0.88,22,0.88,1,34
1671,2,1,-185.24661,0.92,23,0.92,0,34
1672,0,-1,185.24661,0.88,22,0.88,0,34
1673,0,-1,-0.02561949,0.88,22,0.88,0,34
1674,1,0,0.0,0.88,22,0.88,0,34
1675,1,0,0.0,0.88,22,0.88,0,34
1676,2,1,-804.198,0.96,24,0.96,0,34
1677,1,0,0.0,0.96,24,0.96,0,34
1678,2,1,-1000.0,0.0,0,0.0,0,34
1679,0,-1,-0.0,0.16,4,0.16,0,35
1680,2,1,28.364332,0.2,5,0.2,0,35
1681,2,1,28.208652,0.24,6,0.24,1,35
1682,2,1,26.657764,0.28,7,0.28,0,35
1683,2,1,26.3532,0.32,8,0.32,0,35
1684,2,1,24.281137,0.36,9,0.36,0,35
1685,1,0,0.0,0.36,9,0.36,0,35
1686,2,1,15.718399,0.44,11,0.44,0,35
1687,2,1,10.561474,0.52,13,0.52,0,35
1688,2,1,7.4571414,0.6,15,0.6,0,35
1689,1,0,0.0,0.6,15,0.6,0,35
1690,2,1,14.406111,0.64,16,0.64,0,35
1691,1,0,0.0,0.64,16,0.64,0,35
1692,0,-1,-14.406111,0.6,15,0.6,0,35
1693,0,-1,-0.00030382499,0.6,15,0.6,0,35
1694,1,0,0.0,0.6,15,0.6,0,35
1695,2,1,8.616436,0.64,16,0.64,0,35
1696,2,1,-13.703331,0.72,18,0.72,0,35
1697,1,0,0.0,0.72,18,0.72,0,35
1698,2,1,-5.616611,0.76,19,0.76,0,35
1699,1,0,0.0,0.76,19,0.76,0,35
1700,1,0,0.0,0.76,19,0.76,0,35
1701,2,1,-180.05424,0.88,22,0.88,0,35
1702,2,1,-183.10622,0.92,23,0.92,0,35
1703,0,-1,-0.0039934726,0.92,23,0.92,0,35
1704,1,0,0.0,0.92,23,0.92,0,35
1705,2,1,-601.7877,0.96,24,0.96,0,35
1706,1,0,0.0,0.96,24,0.96,0,35
1707,2,1,25.275833,1.0,25,1.0,0,35
1708,0,-1,-1000.0,0.0,0,0.0,0,35
1709,1,0,0.0,0.16,4,0.16,0,36
1710,2,1,-4.1407347,0.2,5,0.2,0,36
1711,2,1,28.22638,0.24,6,0.24,0,36
1712,0,-1,-0.0,0.24,6,0.24,0,36
1713,1,0,0.0,0.24,6,0.24,0,36
1714,1,0,0.0,0.24,6,0.24,0,36
1715,2,1,27.971514,0.28,7,0.28,0,36
1716,2,1,-4.8478045,0.32,8,0.32,0,36
1717,0,-1,-0.15642108,0.32,8,0.32,0,36
1718,0,-1,-0.0,0.32,8,0.32,0,36
1719,1,0,0.0,0.32,8,0.32,0,36
1720,1,0,0.0,0.32,8,0.32,0,36
1721,2,1,-5.27981,0.36,9,0.36,0,36
1722,1,0,0.0,0.36,9,0.36,0,36
1723,0,-1,-27.225174,0.32,8,0.32,0,36
1724,1,0,0.0,0.32,8,0.32,0,36
1725,1,0,0.0,0.32,8,0.32,0,36
1726,2,1,17.146978,0.4,10,0.4,0,36
1727,1,0,0.0,0.4,10,0.4,1,36
1728,1,0,0.0,0.4,10,0.4,0,36
1729,2,1,18.84813,0.48,12,0.48,0,36
1730,1,0,0.0,0.48,12,0.48,0,36
1731,2,1,8.442629,0.52,13,0.52,0,36
1732,2,1,18.115768,0.56,14,0.56,0,36
1733,2,1,0.58056086,0.64,16,0.64,0,36
1734,2,1,-13.794218,0.72,18,0.72,0,36
1735,2,1,-46.825146,0.8,20,0.8,0,36
1736,0,-1,-0.00012568492,0.8,20,0.8,1,36
1737,1,0,0.0,0.8,20,0.8,0,36
1738,1,0,0.0,0.8,20,0.8,0,36
1739,0,-1,-0.0,0.8,20,0.8,0,36
1740,2,1,-49.80378,0.84,21,0.84,0,36
1741,0,-1,60.085094,0.8,20,0.8,0,36
1742,2,1,-135.97424,0.88,22,0.88,0,36
1743,0,-1,78.26277,0.84,21,0.84,0,36
1744,1,0,0.0,0.84,21,0.84,0,36
1745,2,1,-102.66135,0.88,22,0.88,0,36
1746,0,-1,-0.0,0.88,22,0.88,0,36
1747,2,1,-180.08995,0.92,23,0.92,0,36
1748,1,0,0.0,0.92,23,0.92,0,36
1749,2,1,-599.0717,0.96,24,0.96,0,36
1750,1,0,0.0,0.96,24,0.96,0,36
1751,1,0,0.0,0.96,24,0.96,0,36
1752,2,1,25.064081,1.0,25,1.0,0,36
1753,1,0,-1000.0,0.0,0,0.0,0,36
1754,1,0,0.0,0.16,4,0.16,0,37
1755,0,-1,-0.0,0.16,4,0.16,0,37
1756,1,0,0.0,0.16,4,0.16,0,37
1757,2,1,-4.1407347,0.2,5,0.2,0,37
1758,0,-1,4.1407347,0.16,4,0.16,0,37
1759,1,0,0.0,0.16,4,0.16,0,37
1760,0,-1,-0.0,0.16,4,0.16,0,37
1761,0,-1,-0.0,0.16,4,0.16,0,37
1762,1,0,0.0,0.16,4,0.16,0,37
1763,0,-1,-0.0,0.16,4,0.16,0,37
1764,1,0,0.0,0.16,4,0.16,0,37
1765,1,0,0.0,0.16,4,0.16,0,37
1766,2,1,28.364332,0.2,5,0.2,0,37
1767,2,1,23.955872,0.28,7,0.28,0,37
1768,0,-1,-0.15642108,0.28,7,0.28,0,37
1769,1,0,0.0,0.28,7,0.28,0,37
1770,1,0,0.0,0.28,7,0.28,0,37
1771,2,1,13.033225,0.4,10,0.4,0,37
1772,2,1,17.550112,0.48,12,0.48,0,37
1773,1,0,0.0,0.48,12,0.48,0,37
1774,2,1,-8.497722,0.52,13,0.52,0,37
1775,2,1,8.083592,0.6,15,0.6,0,37
1776,1,0,0.0,0.6,15,0.6,1,37
1777,2,1,13.0588665,0.64,16,0.64,0,37
1778,2,1,-11.367367,0.68,17,0.68,0,37
1779,2,1,-23.694477,0.76,19,0.76,0,37
1780,2,1,-15.819785,0.8,20,0.8,0,37
1781,1,0,0.0,0.8,20,0.8,0,37
1782,1,0,0.0,0.8,20,0.8,0,37
1783,1,0,0.0,0.8,20,0.8,0,37
1784,1,0,0.0,0.8,20,0.8,0,37
1785,2,1,-38.501804,0.84,21,0.84,1,37
1786,2,1,-77.65958,0.88,22,0.88,0,37
1787,2,1,-182.00108,0.92,23,0.92,0,37
1788,0,-1,181.81354,0.88,22,0.88,0,37
1789,2,1,-189.08702,0.92,23,0.92,0,37
1790,1,0,0.0,0.92,23,0.92,0,37
1791,2,1,-599.34814,0.96,24,0.96,0,37
1792,2,1,27.307888,1.0,25,1.0,0,37
1793,2,1,-1000.0,0.0,0,0.0,0,37
1794,2,1,28.346605,0.2,5,0.2,0,38
1795,0,-1,-0.0,0.2,5,0.2,0,38
1796,2,1,23.968313,0.28,7,0.28,0,38
1797,0,-1,-0.2743589,0.28,7,0.28,0,38
1798,2,1,21.33844,0.36,9,0.36,0,38
1799,1,0,0.0,0.36,9,0.36,0,38
1800,2,1,-5.829036,0.4,10,0.4,0,38
1801,2,1,14.13025,0.48,12,0.48,0,38
1802,2,1,-0.96869725,0.6,15,0.6,0,38
1803,2,1,15.365936,0.64,16,0.64,0,38
1804,1,0,0.0,0.64,16,0.64,0,38
1805,0,-1,-0.01769744,0.64,16,0.64,0,38
1806,0,-1,-0.016618423,0.64,16,0.64,0,38
1807,0,-1,-13.7564335,0.6,15,0.6,0,38
1808,1,0,0.0,0.6,15,0.6,0,38
1809,0,-1,-0.0,0.6,15,0.6,0,38
1810,0,-1,-0.0040504737,0.6,15,0.6,0,38
1811,1,0,0.0,0.6,15,0.6,0,38
1812,1,0,0.0,0.6,15,0.6,0,38
1813,2,1,-5.3598356,0.68,17,0.68,0,38
1814,1,0,0.0,0.68,17,0.68,0,38
1815,0,-1,-0.0,0.68,17,0.68,1,38
1816,2,1,5.3515854,0.72,18,0.72,0,38
1817,2,1,-5.9314404,0.76,19,0.76,0,38
1818,2,1,-77.866,0.84,21,0.84,0,38
1819,2,1,-79.970795,0.88,22,0.88,0,38
1820,2,1,26.681961,1.0,25,1.0,0,38
1821,1,0,-1000.0,0.0,0,0.0,0,38
1822,0,-1,-0.0,0.16,4,0.16,0,39
1823,2,1,-4.1406527,0.2,5,0.2,0,39
1824,1,0,0.0,0.2,5,0.2,0,39
1825,1,0,0.0,0.2,5,0.2,0,39
1826,2,1,28.22638,0.24,6,0.24,0,39
1827,2,1,27.971514,0.28,7,0.28,0,39
1828,2,1,26.441492,0.32,8,0.32,0,39
1829,1,0,0.0,0.32,8,0.32,0,39
1830,1,0,0.0,0.32,8,0.32,0,39
1831,1,0,0.0,0.32,8,0.32,0,39
1832,0,-1,4.847297,0.28,7,0.28,0,39
1833,1,0,0.0,0.28,7,0.28,0,39
1834,1,0,0.0,0.28,7,0.28,0,39
1835,2,1,21.334368,0.36,9,0.36,0,39
1836,1,0,0.0,0.36,9,0.36,1,39
1837,2,1,9.33587,0.48,12,0.48,0,39
1838,2,1,15.408201,0.52,13,0.52,0,39
1839,1,0,0.0,0.52,13,0.52,0,39
1840,2,1,8.099464,0.6,15,0.6,0,39
1841,2,1,13.724479,0.64,16,0.64,0,39
1842,2,1,10.015169,0.68,17,0.68,0,39
1843,2,1,-65.921555,0.8,20,0.8,0,39
1844,2,1,-140.63762,0.88,22,0.88,0,39
1845,0,-1,-0.0,0.88,22,0.88,0,39
1846,2,1,-183.34363,0.92,23,0.92,0,39
1847,2,1,-602.14496,0.96,24,0.96,0,39
1848,1,0,0.0,0.96,24,0.96,0,39
1849,2,1,23.55219,1.0,25,1.0,0,39
1850,0,-1,-1000.0,0.0,0,0.0,0,39
1851,2,1,-4.1407347,0.2,5,0.2,0,40
1852,1,0,0.0,0.2,5,0.2,0,40
1853,1,0,0.0,0.2,5,0.2,0,40
1854,0,-1,4.1407347,0.16,4,0.16,0,40
1855,2,1,28.346605,0.2,5,0.2,0,40
1856,2,1,-4.278687,0.24,6,0.24,0,40
1857,2,1,23.39962,0.32,8,0.32,0,40
1858,2,1,-5.280318,0.36,9,0.36,0,40
1859,2,1,22.427462,0.4,10,0.4,0,40
1860,1,0,0.0,0.4,10,0.4,0,40
1861,0,-1,5.829462,0.36,9,0.36,0,40
1862,1,0,0.0,0.36,9,0.36,0,40
1863,0,-1,-26.003696,0.32,8,0.32,0,40
1864,1,0,0.0,0.32,8,0.32,0,40
1865,1,0,0.0,0.32,8,0.32,0,40
1866,2,1,26.003696,0.36,9,0.36,0,40
1867,1,0,0.0,0.36,9,0.36,0,40
1868,1,0,0.0,0.36,9,0.36,0,40
1869,2,1,19.116451,0.44,11,0.44,0,40
1870,2,1,18.612106,0.48,12,0.48,0,40
1871,1,0,0.0,0.48,12,0.48,1,40
1872,1,0,0.0,0.48,12,0.48,0,40
1873,1,0,0.0,0.48,12,0.48,0,40
1874,2,1,8.184627,0.56,14,0.56,0,40
1875,2,1,12.120342,0.6,15,0.6,0,40
1876,0,-1,-14.140845,0.56,14,0.56,0,40
1877,2,1,2.658964,0.64,16,0.64,0,40
1878,1,0,0.0,0.64,16,0.64,0,40
1879,0,-1,-0.019469816,0.64,16,0.64,0,40
1880,2,1,-15.124771,0.72,18,0.72,0,40
1881,2,1,-7.566718,0.76,19,0.76,0,40
1882,2,1,-85.90608,0.84,21,0.84,0,40
1883,1,0,0.0,0.84,21,0.84,0,40
1884,2,1,-286.16006,0.92,23,0.92,0,40
1885,0,-1,-1.9606045e-07,0.92,23,0.92,0,40
1886,1,0,0.0,0.92,23,0.92,1,40
1887,1,0,0.0,0.92,23,0.92,0,40
1888,1,0,0.0,0.92,23,0.92,0,40
1889,1,0,0.0,0.92,23,0.92,0,40
1890,0,-1,193.31667,0.88,22,0.88,0,40
1891,0,-1,-0.0,0.88,22,0.88,0,40
1892,1,0,0.0,0.88,22,0.88,0,40
1893,1,0,0.0,0.88,22,0.88,0,40
1894,2,1,-183.8099,0.92,23,0.92,0,40
1895,1,0,0.0,0.92,23,0.92,0,40
1896,2,1,-602.3237,0.96,24,0.96,0,40
1897,1,0,0.0,0.96,24,0.96,0,40
1898,2,1,18.72051,1.0,25,1.0,0,40
1899,1,0,-1000.0,0.0,0,0.0,0,40
1900,0,-1,-0.0,0.16,4,0.16,0,41
1901,2,1,28.346605,0.2,5,0.2,0,41
1902,0,-1,-28.346605,0.16,4,0.16,0,41
1903,0,-1,-0.0,0.16,4,0.16,0,41
1904,1,0,0.0,0.16,4,0.16,0,41
1905,2,1,-4.1407347,0.2,5,0.2,0,41
1906,0,-1,-0.0,0.2,5,0.2,0,41
1907,2,1,-4.278605,0.24,6,0.24,0,41
1908,2,1,-4.5163865,0.28,7,0.28,0,41
1909,2,1,-4.847965,0.32,8,0.32,0,41
1910,2,1,-5.2804456,0.36,9,0.36,0,41
1911,2,1,26.67603,0.4,10,0.4,0,41
1912,2,1,-6.520809,0.44,11,0.44,0,41
1913,2,1,-7.391895,0.48,12,0.48,0,41
1914,2,1,-18.420158,0.56,14,0.56,0,41
1915,1,0,0.0,0.56,14,0.56,0,41
1916,2,1,-11.786915,0.6,15,0.6,0,41
1917,0,-1,-0.0,0.6,15,0.6,1,41
1918,0,-1,-0.0,0.6,15,0.6,0,41
1919,2,1,-14.286528,0.64,16,0.64,0,41
1920,0,-1,-0.0,0.64,16,0.64,0,41
1921,1,0,0.0,0.64,16,0.64,0,41
1922,1,0,0.0,0.64,16,0.64,0,41
1923,0,-1,-0.0,0.64,16,0.64,0,41
1924,2,1,-38.040688,0.76,19,0.76,0,41
1925,1,0,0.0,0.76,19,0.76,0,41
1926,0,-1,-0.0,0.76,19,0.76,0,41
1927,1,0,0.0,0.76,19,0.76,0,41
1928,1,0,0.0,0.76,19,0.76,0,41
1929,2,1,-41.986008,0.8,20,0.8,0,41
1930,0,-1,41.986004,0.76,19,0.76,0,41
1931,1,0,0.0,0.76,19,0.76,0,41
1932,1,0,0.0,0.76,19,0.76,0,41
1933,2,1,-76.486786,0.84,21,0.84,0,41
1934,0,-1,-0.0,0.84,21,0.84,0,41
1935,0,-1,62.804184,0.8,20,0.8,0,41
1936,0,-1,41.986008,0.76,19,0.76,0,41
1937,2,1,-10.692919,0.8,20,0.8,0,41
1938,1,0,0.0,0.8,20,0.8,0,41
1939,1,0,0.0,0.8,20,0.8,0,41
1940,0,-1,41.98597,0.76,19,0.76,0,41
1941,0,-1,-0.0,0.76,19,0.76,0,41
1942,2,1,-41.986004,0.8,20,0.8,0,41
1943,2,1,-62.804184,0.84,21,0.84,0,41
1944,1,0,0.0,0.84,21,0.84,0,41
1945,1,0,0.0,0.84,21,0.84,0,41
1946,1,0,0.0,0.84,21,0.84,1,41
1947,1,0,0.0,0.84,21,0.84,0,41
1948,1,0,0.0,0.84,21,0.84,0,41
1949,2,1,-104.457,0.88,22,0.88,0,41
1950,2,1,5.4837997e-06,1.0,25,1.0,0,41
1951,1,0,-1000.0,0.0,0,0.0,0,41
1952,0,-1,-0.0,0.16,4,0.16,0,42
1953,2,1,28.364332,0.2,5,0.2,0,42
1954,2,1,-4.278605,0.24,6,0.24,0,42
1955,1,0,0.0,0.24,6,0.24,0,42
1956,2,1,-4.516251,0.28,7,0.28,0,42
1957,0,-1,-0.0,0.28,7,0.28,0,42
1958,2,1,-4.8479395,0.32,8,0.32,0,42
1959,1,0,0.0,0.32,8,0.32,0,42
1960,2,1,10.412034,0.44,11,0.44,0,42
1961,2,1,-7.39189,0.48,12,0.48,0,42
1962,0,-1,-0.0,0.48,12,0.48,0,42
1963,2,1,23.989618,0.52,13,0.52,1,42
1964,0,-1,-23.951351,0.48,12,0.48,0,42
1965,1,0,0.0,0.48,12,0.48,0,42
1966,0,-1,7.3913264,0.44,11,0.44,1,42
1967,2,1,6.856539,0.56,14,0.56,0,42
1968,2,1,-6.288199,0.6,15,0.6,0,42
1969,1,0,0.0,0.6,15,0.6,0,42
1970,0,-1,-19.401442,0.56,14,0.56,0,42
1971,2,1,-9.779645,0.64,16,0.64,0,42
1972,1,0,0.0,0.64,16,0.64,0,42
1973,1,0,0.0,0.64,16,0.64,0,42
1974,2,1,-9.216446,0.72,18,0.72,0,42
1975,2,1,-3.607116,0.76,19,0.76,0,42
1976,1,0,0.0,0.76,19,0.76,0,42
1977,1,0,0.0,0.76,19,0.76,0,42
1978,0,-1,-0.0,0.76,19,0.76,0,42
1979,2,1,-37.251507,0.8,20,0.8,0,42
1980,1,0,0.0,0.8,20,0.8,0,42
1981,2,1,-48.950737,0.84,21,0.84,0,42
1982,2,1,-301.79874,0.92,23,0.92,0,42
1983,0,-1,182.13518,0.88,22,0.88,0,42
1984,2,1,11.858416,1.0,25,1.0,0,42
1985,0,-1,-1000.0,0.0,0,0.0,0,42
1986,2,1,-4.1406527,0.2,5,0.2,0,43
1987,2,1,28.22638,0.24,6,0.24,0,43
1988,0,-1,-0.0,0.24,6,0.24,0,43
1989,0,-1,4.278605,0.2,5,0.2,0,43
1990,0,-1,-28.364332,0.16,4,0.16,0,43
1991,0,-1,-0.0,0.16,4,0.16,0,43
1992,0,-1,-0.0,0.16,4,0.16,0,43
1993,0,-1,-0.0,0.16,4,0.16,0,43
1994,2,1,-4.1406527,0.2,5,0.2,0,43
1995,2,1,28.208652,0.24,6,0.24,0,43
1996,0,-1,-28.208652,0.2,5,0.2,0,43
1997,2,1,-4.278687,0.24,6,0.24,0,43
1998,2,1,23.123543,0.32,8,0.32,0,43
1999,0,-1,4.8478045,0.28,7,0.28,0,43
2000,0,-1,4.515826,0.24,6,0.24,0,43
2001,1,0,0.0,0.24,6,0.24,0,43
2002,0,-1,-0.0,0.24,6,0.24,0,43
2003,2,1,-4.5163865,0.28,7,0.28,0,43
2004,1,0,0.0,0.28,7,0.28,0,43
2005,2,1,27.657686,0.32,8,0.32,0,43
2006,1,0,0.0,0.32,8,0.32,0,43
2007,1,0,0.0,0.32,8,0.32,0,43
2008,2,1,26.003696,0.36,9,0.36,0,43
2009,0,-1,5.2804523,0.32,8,0.32,0,43
2010,0,-1,4.847297,0.28,7,0.28,0,43
2011,1,0,0.0,0.28,7,0.28,0,43
2012,1,0,0.0,0.28,7,0.28,0,43
2013,2,1,-4.847297,0.32,8,0.32,1,43
2014,1,0,0.0,0.32,8,0.32,0,43
2015,0,-1,-21.654152,0.28,7,0.28,0,43
2016,2,1,26.397427,0.32,8,0.32,0,43
2017,1,0,0.0,0.32,8,0.32,0,43
2018,2,1,17.22284,0.4,10,0.4,0,43
2019,0,-1,-22.5033,0.36,9,0.36,0,43
2020,2,1,19.467985,0.4,10,0.4,0,43
2021,2,1,23.085684,0.44,11,0.44,0,43
2022,0,-1,-11.104784,0.4,10,0.4,0,43
2023,2,1,22.952269,0.44,11,0.44,0,43
2024,2,1,12.442741,0.52,13,0.52,0,43
2025,1,0,0.0,0.52,13,0.52,1,43
2026,0,-1,-18.23519,0.48,12,0.48,0,43
2027,2,1,-1.1814693,0.6,15,0.6,0,43
2028,0,-1,-0.0037463314,0.6,15,0.6,0,43
2029,0,-1,-16.607603,0.56,14,0.56,0,43
2030,1,0,0.0,0.56,14,0.56,0,43
2031,0,-1,-18.640184,0.52,13,0.52,0,43
2032,0,-1,-19.385904,0.48,12,0.48,0,43
2033,0,-1,-23.052872,0.44,11,0.44,0,43
2034,0,-1,-30.509172,0.44,11,0.44,0,43
2035,0,-1,-19.541666,0.4,10,0.4,0,43
2036,2,1,15.482325,0.48,12,0.48,0,43
2037,2,1,-0.9975677,0.6,15,0.6,0,43
2038,2,1,-3.988327,0.68,17,0.68,0,43
2039,1,0,0.0,0.68,17,0.68,0,43
2040,1,0,0.0,0.68,17,0.68,0,43
2041,0,-1,-0.0031478568,0.68,17,0.68,0,43
2042,2,1,2.6240497,0.72,18,0.72,0,43
2043,1,0,0.0,0.72,18,0.72,0,43
2044,2,1,-8.802457,0.76,19,0.76,0,43
2045,2,1,-24.776968,0.8,20,0.8,0,43
2046,2,1,-38.117477,0.84,21,0.84,0,43
2047,2,1,-84.53819,0.88,22,0.88,1,43
2048,2,1,-184.6768,0.92,23,0.92,0,43
2049,1,0,0.0,0.92,23,0.92,0,43
2050,2,1,-598.9709,0.96,24,0.96,0,43
2051,1,0,0.0,0.96,24,0.96,0,43
2052,0,-1,603.52167,0.92,23,0.92,0,43
2053,2,1,-599.74493,0.96,24,0.96,0,43
2054,0,-1,598.9709,0.92,23,0.92,0,43
2055,1,0,0.0,0.92,23,0.92,0,43
2056,2,1,-596.7347,0.96,24,0.96,0,43
2057,2,1,26.704979,1.0,25,1.0,0,43
2058,2,1,-1000.0,0.0,0,0.0,0,43
2059,2,1,28.346605,0.2,5,0.2,0,44
2060,2,1,28.22638,0.24,6,0.24,0,44
2061,2,1,18.8927,0.32,8,0.32,0,44
2062,2,1,26.008978,0.36,9,0.36,0,44
2063,2,1,15.692518,0.44,11,0.44,0,44
2064,1,0,0.0,0.44,11,0.44,0,44
2065,1,0,0.0,0.44,11,0.44,0,44
2066,2,1,23.892282,0.48,12,0.48,0,44
2067,2,1,17.50569,0.52,13,0.52,0,44
2068,2,1,-9.921978,0.56,14,0.56,1,44
2069,2,1,3.1860213,0.6,15,0.6,0,44
2070,0,-1,-0.0,0.6,15,0.6,0,44
2071,2,1,-14.2863655,0.64,16,0.64,0,44
2072,0,-1,-0.0,0.64,16,0.64,0,44
2073,2,1,11.892598,0.68,17,0.68,0,44
2074,1,0,0.0,0.68,17,0.68,0,44
2075,2,1,5.781317,0.72,18,0.72,1,44
2076,2,1,-0.43269244,0.76,19,0.76,0,44
2077,1,0,0.0,0.76,19,0.76,0,44
2078,2,1,-14.422159,0.8,20,0.8,0,44
2079,2,1,-349.13834,0.92,23,0.92,0,44
2080,1,0,0.0,0.92,23,0.92,0,44
2081,2,1,28.76692,1.0,25,1.0,0,44
2082,2,1,-1000.0,0.0,0,0.0,0,44
2083,0,-1,-0.0,0.16,4,0.16,0,45
2084,2,1,28.364332,0.2,5,0.2,0,45
2085,2,1,23.955872,0.28,7,0.28,0,45
2086,2,1,17.914507,0.36,9,0.36,0,45
2087,2,1,14.258608,0.44,11,0.44,0,45
2088,2,1,18.748446,0.48,12,0.48,0,45
2089,2,1,15.713448,0.52,13,0.52,0,45
2090,2,1,18.579277,0.56,14,0.56,0,45
2091,2,1,5.3893785,0.64,16,0.64,0,45
2092,2,1,11.914379,0.68,17,0.68,0,45
2093,1,0,0.0,0.68,17,0.68,0,45
2094,1,0,0.0,0.68,17,0.68,0,45
2095,2,1,5.0959516,0.72,18,0.72,0,45
2096,2,1,-210.10655,0.88,22,0.88,0,45
2097,1,0,0.0,0.88,22,0.88,0,45
2098,2,1,-809.5547,0.96,24,0.96,0,45
2099,0,-1,-0.0,0.96,24,0.96,0,45
2100,2,1,26.76456,1.0,25,1.0,0,45
2101,0,-1,-1000.0,0.0,0,0.0,0,45
2102,0,-1,-0.0,0.16,4,0.16,0,46
2103,2,1,28.346605,0.2,5,0.2,0,46
2104,2,1,19.461393,0.28,7,0.28,0,46
2105,1,0,0.0,0.28,7,0.28,0,46
2106,2,1,-4.8479323,0.32,8,0.32,0,46
2107,1,0,0.0,0.32,8,0.32,0,46
2108,0,-1,-23.409119,0.28,7,0.28,0,46
2109,0,-1,-0.0,0.28,7,0.28,1,46
2110,1,0,0.0,0.28,7,0.28,0,46
2111,0,-1,-0.0,0.28,7,0.28,0,46
2112,1,0,0.0,0.28,7,0.28,0,46
2113,0,-1,-0.0,0.28,7,0.28,0,46
2114,1,0,0.0,0.28,7,0.28,0,46
2115,1,0,0.0,0.28,7,0.28,0,46
2116,2,1,11.113171,0.4,10,0.4,0,46
2117,2,1,25.97995,0.44,11,0.44,0,46
2118,0,-1,-27.167313,0.44,11,0.44,0,46
2119,2,1,1.7920699,0.52,13,0.52,0,46
2120,1,0,0.0,0.52,13,0.52,0,46
2121,2,1,18.382328,0.56,14,0.56,0,46
2122,1,0,0.0,0.56,14,0.56,0,46
2123,2,1,19.415127,0.6,15,0.6,0,46
2124,2,1,-0.5771939,0.68,17,0.68,0,46
2125,2,1,3.6929266,0.72,18,0.72,0,46
2126,2,1,-1.4975202,0.76,19,0.76,0,46
2127,1,0,0.0,0.76,19,0.76,0,46
2128,0,-1,-0.0,0.76,19,0.76,1,46
2129,1,0,0.0,0.76,19,0.76,0,46
2130,0,-1,-17.44401,0.76,19,0.76,0,46
2131,2,1,-17.122004,0.8,20,0.8,0,46
2132,2,1,-140.51393,0.88,22,0.88,0,46
2133,2,1,-182.36952,0.92,23,0.92,0,46
2134,1,0,0.0,0.92,23,0.92,0,46
2135,0,-1,-0.0,0.92,23,0.92,0,46
2136,2,1,29.085302,1.0,25,1.0,1,46
2137,0,-1,-1000.0,0.0,0,0.0,0,46
2138,2,1,28.346605,0.2,5,0.2,0,47
2139,1,0,0.0,0.2,5,0.2,0,47
2140,0,-1,-0.0,0.2,5,0.2,0,47
2141,0,-1,-0.0,0.2,5,0.2,0,47
2142,2,1,-4.278687,0.24,6,0.24,0,47
2143,2,1,23.39962,0.32,8,0.32,0,47
2144,2,1,-5.27981,0.36,9,0.36,0,47
2145,2,1,19.116451,0.44,11,0.44,0,47
2146,0,-1,6.5202236,0.4,10,0.4,0,47
2147,2,1,21.522146,0.44,11,0.44,0,47
2148,0,-1,-21.522146,0.4,10,0.4,0,47
2149,0,-1,-0.0,0.4,10,0.4,0,47
2150,2,1,-3.0944927,0.56,14,0.56,0,47
2151,1,0,0.0,0.56,14,0.56,0,47
2152,2,1,0.5891884,0.64,16,0.64,0,47
2153,0,-1,14.285854,0.6,15,0.6,0,47
2154,2,1,-5.0821247,0.68,17,0.68,0,47
2155,2,1,-22.675793,0.72,18,0.72,0,47
2156,0,-1,-3.2579012,0.68,17,0.68,0,47
2157,1,0,0.0,0.68,17,0.68,0,47
2158,0,-1,17.7359,0.64,16,0.64,0,47
2159,1,0,0.0,0.64,16,0.64,0,47
2160,1,0,0.0,0.64,16,0.64,0,47
2161,0,-1,-0.016910428,0.64,16,0.64,0,47
2162,2,1,-17.7359,0.68,17,0.68,0,47
2163,0,-1,-8.268063,0.64,16,0.64,0,47
2164,2,1,-82.68951,0.8,20,0.8,0,47
2165,1,0,0.0,0.8,20,0.8,0,47
2166,1,0,0.0,0.8,20,0.8,1,47
2167,0,-1,19.533339,0.76,19,0.76,0,47
2168,2,1,-183.55095,0.88,22,0.88,1,47
2169,1,0,0.0,0.88,22,0.88,0,47
2170,1,0,0.0,0.88,22,0.88,0,47
2171,2,1,-807.291,0.96,24,0.96,0,47
2172,1,0,0.0,0.96,24,0.96,0,47
2173,0,-1,608.84436,0.92,23,0.92,0,47
2174,1,0,0.0,0.92,23,0.92,0,47
2175,1,0,0.0,0.92,23,0.92,0,47
2176,1,0,0.0,0.92,23,0.92,0,47
2177,2,1,-602.04285,0.96,24,0.96,1,47
2178,1,0,0.0,0.96,24,0.96,0,47
2179,1,0,0.0,0.96,24,0.96,0,47
2180,0,-1,-0.0,0.96,24,0.96,0,47
2181,2,1,-1000.0,0.0,0,0.0,0,47
2182,0,-1,-0.0,0.16,4,0.16,0,48
2183,2,1,-4.1407347,0.2,5,0.2,0,48
2184,1,0,0.0,0.2,5,0.2,0,48
2185,1,0,0.0,0.2,5,0.2,0,48
2186,2,1,23.692236,0.28,7,0.28,0,48
2187,1,0,0.0,0.28,7,0.28,0,48
2188,2,1,-4.847297,0.32,8,0.32,0,48
2189,2,1,-11.110067,0.4,10,0.4,0,48
2190,2,1,-6.5208097,0.44,11,0.44,0,48
2191,0,-1,6.5208097,0.4,10,0.4,0,48
2192,1,0,0.0,0.4,10,0.4,0,48
2193,1,0,0.0,0.4,10,0.4,1,48
2194,0,-1,-0.0,0.4,10,0.4,0,48
2195,2,1,18.601301,0.48,12,0.48,0,48
2196,2,1,9.634918,0.56,14,0.56,0,48
2197,1,0,0.0,0.56,14,0.56,0,48
2198,2,1,0.27788448,0.64,16,0.64,0,48
2199,1,0,0.0,0.64,16,0.64,0,48
2200,2,1,-47.080666,0.76,19,0.76,0,48
2201,1,0,0.0,0.76,19,0.76,0,48
2202,1,0,0.0,0.76,19,0.76,0,48
2203,2,1,-76.467224,0.84,21,0.84,0,48
2204,1,0,0.0,0.84,21,0.84,1,48
2205,2,1,-73.23386,0.88,22,0.88,0,48
2206,1,0,0.0,0.88,22,0.88,0,48
2207,1,0,0.0,0.88,22,0.88,0,48
2208,0,-1,99.23946,0.84,21,0.84,1,48
2209,2,1,-907.1263,0.96,24,0.96,0,48
2210,2,1,-1000.0,0.0,0,0.0,0,48
2211,2,1,28.346605,0.2,5,0.2,0,49
2212,2,1,23.968313,0.28,7,0.28,0,49
2213,1,0,0.0,0.28,7,0.28,0,49
2214,2,1,-4.847379,0.32,8,0.32,0,49
2215,0,-1,-0.2743589,0.32,8,0.32,0,49
2216,2,1,17.967459,0.4,10,0.4,0,49
2217,1,0,0.0,0.4,10,0.4,0,49
2218,1,0,0.0,0.4,10,0.4,0,49
2219,0,-1,-22.66773,0.36,9,0.36,0,49
2220,1,0,0.0,0.36,9,0.36,0,49
2221,0,-1,-0.0,0.36,9,0.36,0,49
2222,2,1,25.459835,0.4,10,0.4,1,49
2223,1,0,0.0,0.4,10,0.4,0,49
2224,0,-1,-0.0,0.4,10,0.4,0,49
2225,1,0,0.0,0.4,10,0.4,0,49
2226,1,0,0.0,0.4,10,0.4,0,49
2227,2,1,18.711607,0.44,11,0.44,0,49
2228,1,0,0.0,0.44,11,0.44,0,49
2229,2,1,13.439986,0.48,12,0.48,0,49
2230,1,0,0.0,0.48,12,0.48,0,49
2231,2,1,19.917673,0.52,13,0.52,0,49
2232,2,1,-2.8584526,0.6,15,0.6,0,49
2233,2,1,15.319982,0.64,16,0.64,0,49
2234,2,1,11.929704,0.68,17,0.68,0,49
2235,1,0,0.0,0.68,17,0.68,0,49
2236,2,1,3.9590693,0.72,18,0.72,0,49
2237,1,0,0.0,0.72,18,0.72,1,49
2238,2,1,-46.130394,0.8,20,0.8,0,49
2239,1,0,0.0,0.8,20,0.8,1,49
2240,1,0,0.0,0.8,20,0.8,0,49
2241,0,-1,14.960754,0.76,19,0.76,0,49
2242,2,1,-182.99081,0.88,22,0.88,0,49
2243,1,0,0.0,0.88,22,0.88,0,49
2244,1,0,0.0,0.88,22,0.88,0,49
2245,1,0,0.0,0.88,22,0.88,0,49
2246,0,-1,-232.81644,0.92,23,0.92,0,49
2247,2,1,-598.62335,0.96,24,0.96,0,49
2248,0,-1,594.69666,0.92,23,0.92,0,49
2249,0,-1,190.70598,0.88,22,0.88,0,49
2250,0,-1,80.34651,0.84,21,0.84,0,49
2251,0,-1,36.161594,0.8,20,0.8,0,49
2252,0,-1,18.282927,0.76,19,0.76,0,49
2253,1,0,0.0,0.76,19,0.76,0,49
2254,1,0,0.0,0.76,19,0.76,0,49
2255,1,0,0.0,0.76,19,0.76,0,49
2256,2,1,-17.11412,0.8,20,0.8,0,49
2257,0,-1,-86.91802,0.84,21,0.84,0,49
2258,2,1,-74.291176,0.88,22,0.88,0,49
2259,2,1,-816.24536,0.96,24,0.96,0,49
2260,2,1,25.737656,1.0,25,1.0,0,49
2261,2,1,-1000.0,0.0,0,0.0,0,49
2262,2,1,28.346605,0.2,5,0.2,0,50
2263,0,-1,-0.0,0.2,5,0.2,0,50
2264,1,0,0.0,0.2,5,0.2,0,50
2265,2,1,28.22638,0.24,6,0.24,0,50
2266,2,1,-4.515744,0.28,7,0.28,0,50
2267,1,0,0.0,0.28,7,0.28,0,50
2268,0,-1,-0.0,0.28,7,0.28,0,50
2269,2,1,-4.847804,0.32,8,0.32,0,50
2270,1,0,0.0,0.32,8,0.32,0,50
2271,2,1,26.003696,0.36,9,0.36,0,50
2272,2,1,19.116451,0.44,11,0.44,0,50
2273,2,1,13.904048,0.52,13,0.52,0,50
2274,1,0,0.0,0.52,13,0.52,0,50
2275,1,0,0.0,0.52,13,0.52,0,50
2276,2,1,7.2823744,0.6,15,0.6,0,50
2277,0,-1,-0.0038925202,0.6,15,0.6,0,50
2278,1,0,0.0,0.6,15,0.6,0,50
2279,0,-1,11.786749,0.56,14,0.56,0,50
2280,2,1,15.546957,0.6,15,0.6,0,50
2281,2,1,-5.4134164,0.68,17,0.68,0,50
2282,2,1,-24.873339,0.76,19,0.76,0,50
2283,1,0,0.0,0.76,19,0.76,0,50
2284,1,0,0.0,0.76,19,0.76,0,50
2285,0,-1,-0.0,0.76,19,0.76,0,50
2286,0,-1,-0.0,0.76,19,0.76,0,50
2287,2,1,-77.848366,0.84,21,0.84,0,50
2288,2,1,-284.81088,0.92,23,0.92,1,50
2289,1,0,0.0,0.92,23,0.92,0,50
2290,0,-1,183.47997,0.88,22,0.88,0,50
2291,1,0,0.0,0.88,22,0.88,0,50
2292,0,-1,77.68414,0.84,21,0.84,0,50
2293,1,0,0.0,0.84,21,0.84,0,50
2294,0,-1,-26.43085,0.84,21,0.84,0,50
2295,2,1,-79.08056,0.88,22,0.88,0,50
2296,1,0,0.0,0.88,22,0.88,0,50
2297,1,0,0.0,0.88,22,0.88,0,50
2298,0,-1,-22.313469,0.88,22,0.88,0,50
2299,2,1,26.973978,1.0,25,1.0,0,50
2300,1,0,-1000.0,0.0,0,0.0,0,50
2301,0,-1,-0.0,0.16,4,0.16,0,51
2302,2,1,28.364332,0.2,5,0.2,0,51
2303,2,1,19.247265,0.28,7,0.28,0,51
2304,0,-1,-0.0,0.28,7,0.28,0,51
2305,0,-1,-0.0,0.28,7,0.28,0,51
2306,0,-1,-0.0,0.28,7,0.28,0,51
2307,2,1,-4.847379,0.32,8,0.32,0,51
2308,1,0,0.0,0.32,8,0.32,0,51
2309,2,1,27.207449,0.36,9,0.36,0,51
2310,0,-1,-27.207449,0.32,8,0.32,0,51
2311,2,1,27.207449,0.36,9,0.36,0,51
2312,1,0,0.0,0.36,9,0.36,0,51
2313,1,0,0.0,0.36,9,0.36,0,51
2314,2,1,-5.8295894,0.4,10,0.4,0,51
2315,2,1,24.763365,0.44,11,0.44,0,51
2316,2,1,15.576685,0.52,13,0.52,1,51
2317,1,0,0.0,0.52,13,0.52,0,51
2318,2,1,19.610212,0.56,14,0.56,0,51
2319,1,0,0.0,0.56,14,0.56,0,51
2320,1,0,0.0,0.56,14,0.56,0,51
2321,1,0,0.0,0.56,14,0.56,0,51
2322,1,0,0.0,0.56,14,0.56,0,51
2323,1,0,0.0,0.56,14,0.56,0,51
2324,1,0,0.0,0.56,14,0.56,0,51
2325,0,-1,-6.2542167,0.52,13,0.52,0,51
2326,2,1,17.462368,0.56,14,0.56,0,51
2327,2,1,2.6997187,0.64,16,0.64,0,51
2328,2,1,-12.607615,0.72,18,0.72,0,51
2329,2,1,-4.3308096,0.76,19,0.76,0,51
2330,1,0,0.0,0.76,19,0.76,0,51
2331,1,0,0.0,0.76,19,0.76,0,51
2332,2,1,-1013.8598,0.96,24,0.96,0,51
2333,1,0,0.0,0.96,24,0.96,0,51
2334,2,1,-1000.0,0.0,0,0.0,0,51
2335,1,0,0.0,0.16,4,0.16,0,52
2336,0,-1,-0.0,0.16,4,0.16,0,52
2337,2,1,28.364332,0.2,5,0.2,0,52
2338,2,1,-4.278687,0.24,6,0.24,0,52
2339,0,-1,4.278687,0.2,5,0.2,0,52
2340,1,0,0.0,0.2,5,0.2,0,52
2341,2,1,-4.278605,0.24,6,0.24,0,52
2342,0,-1,-28.22638,0.2,5,0.2,0,52
2343,0,-1,-0.0,0.2,5,0.2,0,52
2344,2,1,28.22638,0.24,6,0.24,0,52
2345,2,1,23.526543,0.28,7,0.28,0,52
2346,2,1,27.639961,0.32,8,0.32,0,52
2347,0,-1,-27.639961,0.28,7,0.28,0,52
2348,0,-1,-23.526543,0.24,6,0.24,0,52
2349,1,0,0.0,0.24,6,0.24,0,52
2350,2,1,-4.5163865,0.28,7,0.28,0,52
2351,0,-1,-27.98924,0.24,6,0.24,0,52
2352,0,-1,-0.0,0.24,6,0.24,0,52
2353,0,-1,-0.0,0.24,6,0.24,0,52
2354,1,0,0.0,0.24,6,0.24,0,52
2355,2,1,-4.515826,0.28,7,0.28,0,52
2356,0,-1,-0.0,0.28,7,0.28,0,52
2357,1,0,0.0,0.28,7,0.28,1,52
2358,1,0,0.0,0.28,7,0.28,0,52
2359,1,0,0.0,0.28,7,0.28,0,52
2360,0,-1,-0.0,0.28,7,0.28,0,52
2361,2,1,16.546871,0.4,10,0.4,0,52
2362,1,0,0.0,0.4,10,0.4,0,52
2363,1,0,0.0,0.4,10,0.4,0,52
2364,0,-1,-0.4531533,0.4,10,0.4,0,52
2365,1,0,0.0,0.4,10,0.4,0,52
2366,0,-1,-0.0005576646,0.4,10,0.4,0,52
2367,0,-1,-12.097852,0.36,9,0.36,0,52
2368,2,1,5.128413,0.48,12,0.48,0,52
2369,2,1,19.806211,0.52,13,0.52,0,52
2370,1,0,0.0,0.52,13,0.52,0,52
2371,2,1,-3.30417,0.64,16,0.64,0,52
2372,2,1,-48.909847,0.76,19,0.76,0,52
2373,1,0,0.0,0.76,19,0.76,0,52
2374,2,1,-190.43701,0.88,22,0.88,0,52
2375,0,-1,-0.000110340996,0.88,22,0.88,0,52
2376,2,1,-189.57484,0.92,23,0.92,0,52
2377,2,1,-596.6655,0.96,24,0.96,0,52
2378,0,-1,606.2298,0.92,23,0.92,0,52
2379,0,-1,180.01057,0.88,22,0.88,0,52
2380,2,1,-190.34761,0.92,23,0.92,0,52
2381,1,0,0.0,0.92,23,0.92,1,52
2382,0,-1,-650.48193,0.96,24,0.96,0,52
2383,2,1,-1000.0,0.0,0,0.0,0,52
2384,0,-1,-0.0,0.16,4,0.16,0,53
2385,0,-1,-0.0,0.16,4,0.16,0,53
2386,2,1,28.364332,0.2,5,0.2,0,53
2387,1,0,0.0,0.2,5,0.2,0,53
2388,2,1,28.208652,0.24,6,0.24,0,53
2389,0,-1,-28.22638,0.2,5,0.2,0,53
2390,0,-1,-0.0,0.2,5,0.2,0,53
2391,2,1,19.461393,0.28,7,0.28,0,53
2392,2,1,22.635555,0.36,9,0.36,0,53
2393,2,1,20.174376,0.4,10,0.4,0,53
2394,2,1,12.648595,0.48,12,0.48,0,53
2395,1,0,0.0,0.48,12,0.48,0,53
2396,1,0,0.0,0.48,12,0.48,0,53
2397,2,1,19.999044,0.52,13,0.52,0,53
2398,1,0,0.0,0.52,13,0.52,0,53
2399,1,0,0.0,0.52,13,0.52,0,53
2400,2,1,9.757961,0.6,15,0.6,1,53
2401,2,1,9.62073,0.64,16,0.64,0,53
2402,2,1,-21.52004,0.72,18,0.72,1,53
2403,0,-1,-0.0,0.72,18,0.72,0,53
2404,2,1,-5.82978,0.76,19,0.76,0,53
2405,2,1,-92.16236,0.84,21,0.84,0,53
2406,2,1,-94.2485,0.88,22,0.88,0,53
2407,0,-1,-0.0,0.88,22,0.88,0,53
2408,1,0,0.0,0.88,22,0.88,0,53
2409,0,-1,-30.405804,0.88,22,0.88,0,53
2410,1,0,0.0,0.88,22,0.88,0,53
2411,2,1,-809.8115,0.96,24,0.96,0,53
2412,0,-1,-0.0,0.96,24,0.96,0,53
2413,0,-1,613.07574,0.92,23,0.92,0,53
2414,1,0,0.0,0.92,23,0.92,0,53
2415,2,1,-1000.0,0.0,0,0.0,0,53
2416,0,-1,-0.0,0.16,4,0.16,0,54
2417,0,-1,-0.0,0.16,4,0.16,0,54
2418,2,1,28.364332,0.2,5,0.2,0,54
2419,0,-1,-28.364332,0.16,4,0.16,0,54
2420,2,1,28.364332,0.2,5,0.2,0,54
2421,2,1,-4.278687,0.24,6,0.24,0,54
2422,1,0,0.0,0.24,6,0.24,0,54
2423,0,-1,-28.22638,0.2,5,0.2,0,54
2424,2,1,-4.278605,0.24,6,0.24,0,54
2425,2,1,-4.51638,0.28,7,0.28,0,54
2426,2,1,22.377203,0.36,9,0.36,0,54
2427,1,0,0.0,0.36,9,0.36,0,54
2428,1,0,0.0,0.36,9,0.36,0,54
2429,0,-1,5.280317,0.32,8,0.32,0,54
2430,2,1,-5.2804775,0.36,9,0.36,1,54
2431,0,-1,-12.33494,0.32,8,0.32,0,54
2432,2,1,14.818863,0.44,11,0.44,0,54
2433,0,-1,-0.0,0.44,11,0.44,0,54
2434,0,-1,-19.430172,0.4,10,0.4,0,54
2435,1,0,0.0,0.4,10,0.4,0,54
2436,2,1,14.096042,0.48,12,0.48,0,54
2437,0,-1,-20.578522,0.44,11,0.44,0,54
2438,0,-1,-0.0,0.44,11,0.44,0,54
2439,0,-1,6.5208097,0.4,10,0.4,0,54
2440,2,1,24.722822,0.44,11,0.44,0,54
2441,2,1,-7.391891,0.48,12,0.48,0,54
2442,0,-1,-17.336372,0.44,11,0.44,0,54
2443,1,0,0.0,0.44,11,0.44,0,54
2444,0,-1,-0.0,0.44,11,0.44,0,54
2445,1,0,0.0,0.44,11,0.44,0,54
2446,2,1,17.336372,0.48,12,0.48,0,54
2447,0,-1,7.391891,0.44,11,0.44,0,54
2448,1,0,0.0,0.44,11,0.44,0,54
2449,1,0,0.0,0.44,11,0.44,0,54
2450,2,1,13.195234,0.52,13,0.52,0,54
2451,2,1,-9.922011,0.56,14,0.56,0,54
2452,1,0,0.0,0.56,14,0.56,0,54
2453,1,0,0.0,0.56,14,0.56,0,54
2454,1,0,0.0,0.56,14,0.56,0,54
2455,2,1,16.1835,0.6,15,0.6,0,54
2456,2,1,2.220092,0.64,16,0.64,0,54
2457,2,1,-81.0433,0.8,20,0.8,0,54
2458,1,0,0.0,0.8,20,0.8,0,54
2459,2,1,-349.19882,0.92,23,0.92,0,54
2460,0,-1,-0.0016512724,0.92,23,0.92,1,54
2461,0,-1,185.97699,0.88,22,0.88,0,54
2462,0,-1,-237.50488,0.92,23,0.92,0,54
2463,2,1,-612.57135,0.96,24,0.96,0,54
2464,1,0,0.0,0.96,24,0.96,0,54
2465,2,1,-1000.0,0.0,0,0.0,0,54
2466,2,1,28.364332,0.2,5,0.2,0,55
2467,2,1,-4.278605,0.24,6,0.24,0,55
2468,2,1,-4.5163865,0.28,7,0.28,0,55
2469,2,1,23.19499,0.32,8,0.32,0,55
2470,2,1,15.120643,0.44,11,0.44,0,55
2471,2,1,10.7188425,0.52,13,0.52,0,55
2472,0,-1,-0.15642108,0.52,13,0.52,0,55
2473,2,1,21.362164,0.56,14,0.56,0,55
2474,0,-1,9.921985,0.52,13,0.52,0,55
2475,1,0,0.0,0.52,13,0.52,0,55
2476,2,1,-9.92185,0.56,14,0.56,0,55
2477,0,-1,-21.367445,0.52,13,0.52,0,55
2478,1,0,0.0,0.52,13,0.52,0,55
2479,0,-1,-0.0,0.52,13,0.52,0,55
2480,2,1,9.757961,0.6,15,0.6,0,55
2481,1,0,0.0,0.6,15,0.6,1,55
2482,0,-1,-0.0,0.6,15,0.6,0,55
2483,0,-1,-0.0,0.6,15,0.6,0,55
2484,1,0,0.0,0.6,15,0.6,0,55
2485,2,1,11.8996525,0.64,16,0.64,0,55
2486,2,1,-41.27426,0.76,19,0.76,0,55
2487,2,1,-18.441921,0.8,20,0.8,0,55
2488,1,0,0.0,0.8,20,0.8,0,55
2489,1,0,0.0,0.8,20,0.8,0,55
2490,1,0,0.0,0.8,20,0.8,0,55
2491,2,1,-36.074913,0.84,21,0.84,0,55
2492,1,0,0.0,0.84,21,0.84,0,55
2493,1,0,0.0,0.84,21,0.84,0,55
2494,2,1,-74.92477,0.88,22,0.88,0,55
2495,1,0,0.0,0.88,22,0.88,0,55
2496,1,0,0.0,0.88,22,0.88,0,55
2497,1,0,0.0,0.88,22,0.88,0,55
2498,1,0,0.0,0.88,22,0.88,0,55
2499,1,0,0.0,0.88,22,0.88,0,55
2500,0,-1,104.45684,0.84,21,0.84,0,55
2501,2,1,-93.2381,0.88,22,0.88,0,55
2502,2,1,-208.6108,0.92,23,0.92,0,55
2503,1,0,0.0,0.92,23,0.92,0,55
2504,1,0,0.0,0.92,23,0.92,0,55
2505,2,1,20.078463,1.0,25,1.0,0,55
2506,0,-1,-1000.0,0.0,0,0.0,0,55
2507,2,1,-4.1406527,0.2,5,0.2,0,56
2508,2,1,-4.278687,0.24,6,0.24,0,56
2509,1,0,0.0,0.24,6,0.24,0,56
2510,1,0,0.0,0.24,6,0.24,0,56
2511,2,1,23.14127,0.32,8,0.32,0,56
2512,0,-1,-0.0,0.32,8,0.32,0,56
2513,1,0,0.0,0.32,8,0.32,0,56
2514,2,1,21.641457,0.4,10,0.4,1,56
2515,2,1,7.864298,0.48,12,0.48,0,56
2516,2,1,1.1555116,0.56,14,0.56,0,56
2517,0,-1,-0.0,0.56,14,0.56,0,56
2518,1,0,0.0,0.56,14,0.56,0,56
2519,2,1,4.7630615,0.6,15,0.6,0,56
2520,1,0,0.0,0.6,15,0.6,0,56
2521,0,-1,-4.7630615,0.56,14,0.56,0,56
2522,1,0,0.0,0.56,14,0.56,0,56
2523,2,1,16.185394,0.6,15,0.6,1,56
2524,2,1,16.922739,0.64,16,0.64,0,56
2525,0,-1,-0.0,0.64,16,0.64,0,56
2526,1,0,0.0,0.64,16,0.64,0,56
2527,1,0,0.0,0.64,16,0.64,0,56
2528,1,0,0.0,0.64,16,0.64,0,56
2529,2,1,-44.876404,0.76,19,0.76,0,56
2530,1,0,0.0,0.76,19,0.76,0,56
2531,2,1,-12.138373,0.8,20,0.8,0,56
2532,2,1,-43.523636,0.84,21,0.84,0,56
2533,0,-1,-0.0,0.84,21,0.84,0,56
2534,0,-1,-0.0,0.84,21,0.84,0,56
2535,1,0,0.0,0.84,21,0.84,0,56
2536,0,-1,44.57806,0.8,20,0.8,0,56
2537,1,0,0.0,0.8,20,0.8,0,56
2538,1,0,0.0,0.8,20,0.8,0,56
2539,0,-1,-19.316635,0.8,20,0.8,0,56
2540,2,1,-143.91733,0.88,22,0.88,0,56
2541,0,-1,-0.0,0.88,22,0.88,1,56
2542,1,0,0.0,0.88,22,0.88,0,56
2543,2,1,26.579905,1.0,25,1.0,1,56
2544,2,1,-1000.0,0.0,0,0.0,0,56
2545,2,1,-4.1407347,0.2,5,0.2,0,57
2546,2,1,28.208652,0.24,6,0.24,0,57
2547,0,-1,-28.208652,0.2,5,0.2,0,57
2548,2,1,23.692236,0.28,7,0.28,0,57
2549,1,0,0.0,0.28,7,0.28,0,57
2550,1,0,0.0,0.28,7,0.28,0,57
2551,2,1,27.657686,0.32,8,0.32,0,57
2552,2,1,-11.110067,0.4,10,0.4,0,57
2553,1,0,0.0,0.4,10,0.4,0,57
2554,2,1,24.768646,0.44,11,0.44,0,57
2555,1,0,0.0,0.44,11,0.44,0,57
2556,2,1,2.4448636,0.56,14,0.56,0,57
2557,2,1,0.4878623,0.64,16,0.64,0,57
2558,1,0,0.0,0.64,16,0.64,0,57
2559,1,0,0.0,0.64,16,0.64,0,57
2560,2,1,-17.735933,0.68,17,0.68,0,57
2561,2,1,-22.675829,0.72,18,0.72,0,57
2562,0,-1,-0.0,0.72,18,0.72,0,57
2563,2,1,-103.42528,0.84,21,0.84,0,57
2564,2,1,-104.45699,0.88,22,0.88,0,57
2565,2,1,-833.8767,0.96,24,0.96,0,57
2566,2,1,-1000.0,0.0,0,0.0,0,57
2567,1,0,0.0,0.16,4,0.16,0,58
2568,2,1,-4.1407347,0.2,5,0.2,0,58
2569,2,1,-4.278605,0.24,6,0.24,0,58
2570,2,1,23.123543,0.32,8,0.32,0,58
2571,1,0,0.0,0.32,8,0.32,0,58
2572,1,0,0.0,0.32,8,0.32,0,58
2573,0,-1,4.8478045,0.28,7,0.28,0,58
2574,2,1,22.635555,0.36,9,0.36,0,58
2575,1,0,0.0,0.36,9,0.36,0,58
2576,1,0,0.0,0.36,9,0.36,0,58
2577,1,0,0.0,0.36,9,0.36,0,58
2578,2,1,19.116451,0.44,11,0.44,0,58
2579,1,0,0.0,0.44,11,0.44,0,58
2580,2,1,-7.3917294,0.48,12,0.48,0,58
2581,1,0,0.0,0.48,12,0.48,0,58
2582,1,0,0.0,0.48,12,0.48,0,58
2583,1,0,0.0,0.48,12,0.48,0,58
2584,0,-1,-0.0,0.48,12,0.48,0,58
2585,2,1,9.622631,0.56,14,0.56,0,58
2586,1,0,0.0,0.56,14,0.56,0,58
2587,2,1,-26.073406,0.64,16,0.64,0,58
2588,2,1,-17.735933,0.68,17,0.68,0,58
2589,2,1,3.9332201,0.72,18,0.72,0,58
2590,2,1,-134.88806,0.84,21,0.84,0,58
2591,0,-1,62.804176,0.8,20,0.8,0,58
2592,2,1,-167.26118,0.88,22,0.88,0,58
2593,2,1,29.238548,1.0,25,1.0,0,58
2594,2,1,-1000.0,0.0,0,0.0,0,58
2595,1,0,0.0,0.16,4,0.16,0,59
2596,0,-1,-0.0,0.16,4,0.16,0,59
2597,1,0,0.0,0.16,4,0.16,0,59
2598,0,-1,-0.0,0.16,4,0.16,0,59
2599,2,1,-4.1406527,0.2,5,0.2,0,59
2600,0,-1,4.1406527,0.16,4,0.16,0,59
2601,2,1,28.364332,0.2,5,0.2,0,59
2602,2,1,-4.278605,0.24,6,0.24,0,59
2603,0,-1,4.278605,0.2,5,0.2,0,59
2604,0,-1,-0.0,0.2,5,0.2,0,59
2605,0,-1,-28.364332,0.16,4,0.16,0,59
2606,0,-1,-0.0,0.16,4,0.16,0,59
2607,2,1,-4.1406527,0.2,5,0.2,0,59
2608,2,1,-4.278687,0.24,6,0.24,1,59
2609,2,1,18.38484,0.28,7,0.28,0,59
2610,0,-1,-18.38484,0.24,6,0.24,0,59
2611,2,1,27.93816,0.28,7,0.28,0,59
2612,1,0,0.0,0.28,7,0.28,1,59
2613,2,1,18.071568,0.32,8,0.32,0,59
2614,1,0,0.0,0.32,8,0.32,0,59
2615,2,1,21.508259,0.4,10,0.4,0,59
2616,2,1,24.473598,0.44,11,0.44,0,59
2617,2,1,22.019133,0.48,12,0.48,0,59
2618,1,0,0.0,0.48,12,0.48,0,59
2619,2,1,10.744461,0.56,14,0.56,0,59
2620,1,0,0.0,0.56,14,0.56,0,59
2621,2,1,8.426928,0.6,15,0.6,0,59
2622,1,0,0.0,0.6,15,0.6,0,59
2623,2,1,15.497772,0.64,16,0.64,0,59
2624,0,-1,-0.004525488,0.64,16,0.64,0,59
2625,1,0,0.0,0.64,16,0.64,0,59
2626,2,1,9.815642,0.68,17,0.68,0,59
2627,1,0,0.0,0.68,17,0.68,0,59
2628,1,0,0.0,0.68,17,0.68,0,59
2629,2,1,-24.231724,0.76,19,0.76,0,59
2630,1,0,0.0,0.76,19,0.76,0,59
2631,2,1,-15.234368,0.8,20,0.8,0,59
2632,2,1,-971.2715,0.96,24,0.96,0,59
2633,0,-1,597.20215,0.92,23,0.92,0,59
2634,2,1,-597.75134,0.96,24,0.96,0,59
2635,2,1,-1000.0,0.0,0,0.0,0,59
2636,0,-1,-0.0,0.16,4,0.16,0,60
2637,1,0,0.0,0.16,4,0.16,0,60
2638,1,0,0.0,0.16,4,0.16,0,60
2639,1,0,0.0,0.16,4,0.16,0,60
2640,2,1,28.346605,0.2,5,0.2,0,60
2641,2,1,23.968313,0.28,7,0.28,0,60
2642,0,-1,-0.0,0.28,7,0.28,0,60
2643,1,0,0.0,0.28,7,0.28,0,60
2644,1,0,0.0,0.28,7,0.28,0,60
2645,1,0,0.0,0.28,7,0.28,0,60
2646,1,0,0.0,0.28,7,0.28,0,60
2647,1,0,0.0,0.28,7,0.28,0,60
2648,0,-1,-26.767761,0.24,6,0.24,0,60
2649,1,0,0.0,0.24,6,0.24,0,60
2650,2,1,26.773045,0.28,7,0.28,0,60
2651,0,-1,-0.0,0.28,7,0.28,0,60
2652,0,-1,-0.0,0.28,7,0.28,1,60
2653,0,-1,-0.0,0.28,7,0.28,0,60
2654,0,-1,-0.0,0.28,7,0.28,0,60
2655,2,1,26.382042,0.32,8,0.32,0,60
2656,2,1,24.326006,0.36,9,0.36,0,60
2657,2,1,17.450169,0.44,11,0.44,0,60
2658,2,1,12.144679,0.52,13,0.52,0,60
2659,2,1,13.93323,0.56,14,0.56,0,60
2660,0,-1,-18.050295,0.52,13,0.52,0,60
2661,0,-1,-0.0,0.52,13,0.52,0,60
2662,1,0,0.0,0.52,13,0.52,1,60
2663,1,0,0.0,0.52,13,0.52,0,60
2664,1,0,0.0,0.52,13,0.52,0,60
2665,0,-1,-17.186502,0.48,12,0.48,0,60
2666,0,-1,-18.672405,0.44,11,0.44,0,60
2667,2,1,12.754478,0.52,13,0.52,1,60
2668,1,0,0.0,0.52,13,0.52,0,60
2669,2,1,-47.19046,0.72,18,0.72,0,60
2670,1,0,0.0,0.72,18,0.72,0,60
2671,2,1,-2.4326377,0.76,19,0.76,0,60
2672,2,1,-76.440636,0.84,21,0.84,0,60
2673,0,-1,-0.00022059337,0.84,21,0.84,0,60
2674,0,-1,37.435307,0.8,20,0.8,0,60
2675,2,1,-972.42365,0.96,24,0.96,0,60
2676,1,0,0.0,0.96,24,0.96,0,60
2677,2,1,23.701422,1.0,25,1.0,0,60
2678,1,0,-1000.0,0.0,0,0.0,0,60
2679,2,1,-4.1406527,0.2,5,0.2,0,61
2680,2,1,-4.2792473,0.24,6,0.24,0,61
2681,0,-1,-0.0,0.24,6,0.24,0,61
2682,2,1,27.98924,0.28,7,0.28,0,61
2683,2,1,-4.847965,0.32,8,0.32,0,61
2684,0,-1,-0.0,0.32,8,0.32,0,61
2685,1,0,0.0,0.32,8,0.32,0,61
2686,2,1,-33.52036,0.52,13,0.52,0,61
2687,0,-1,-0.0,0.52,13,0.52,0,61
2688,2,1,6.3340287,0.6,15,0.6,1,61
2689,1,0,0.0,0.6,15,0.6,0,61
2690,1,0,0.0,0.6,15,0.6,0,61
2691,2,1,-22.229305,0.72,18,0.72,1,61
2692,2,1,-11.811676,0.76,19,0.76,0,61
2693,1,0,0.0,0.76,19,0.76,0,61
2694,2,1,-93.55796,0.84,21,0.84,0,61
2695,0,-1,-4.349232e-10,0.84,21,0.84,0,61
2696,1,0,0.0,0.84,21,0.84,0,61
2697,1,0,0.0,0.84,21,0.84,0,61
2698,2,1,-73.1891,0.88,22,0.88,0,61
2699,0,-1,96.864746,0.84,21,0.84,0,61
2700,1,0,0.0,0.84,21,0.84,0,61
2701,2,1,-284.7395,0.92,23,0.92,0,61
2702,1,0,0.0,0.92,23,0.92,1,61
2703,2,1,5.1906824,1.0,25,1.0,0,61
2704,2,1,-1000.0,0.0,0,0.0,0,61
2705,2,1,-4.1406527,0.2,5,0.2,0,62
2706,1,0,0.0,0.2,5,0.2,0,62
2707,0,-1,-0.0,0.2,5,0.2,0,62
2708,0,-1,4.1406527,0.16,4,0.16,0,62
2709,2,1,28.364332,0.2,5,0.2,0,62
2710,0,-1,-0.0,0.2,5,0.2,0,62
2711,2,1,28.208652,0.24,6,0.24,0,62
2712,1,0,0.0,0.24,6,0.24,0,62
2713,0,-1,-28.208652,0.2,5,0.2,0,62
2714,0,-1,-0.0,0.2,5,0.2,0,62
2715,2,1,23.955872,0.28,7,0.28,0,62
2716,2,1,18.128635,0.36,9,0.36,0,62
2717,2,1,9.248968,0.48,12,0.48,0,62
2718,2,1,-8.498146,0.52,13,0.52,1,62
2719,0,-1,-19.939295,0.52,13,0.52,0,62
2720,1,0,0.0,0.52,13,0.52,0,62
2721,2,1,4.8960195,0.6,15,0.6,0,62
2722,2,1,16.970778,0.64,16,0.64,0,62
2723,1,0,0.0,0.64,16,0.64,0,62
2724,0,-1,-0.0,0.64,16,0.64,0,62
2725,1,0,0.0,0.64,16,0.64,0,62
2726,2,1,-15.124773,0.72,18,0.72,0,62
2727,0,-1,-0.0,0.72,18,0.72,0,62
2728,0,-1,-5.8620877,0.68,17,0.68,0,62
2729,1,0,0.0,0.68,17,0.68,0,62
2730,1,0,0.0,0.68,17,0.68,0,62
2731,2,1,1.1595298,0.72,18,0.72,0,62
2732,1,0,0.0,0.72,18,0.72,0,62
2733,2,1,-45.52346,0.8,20,0.8,0,62
2734,1,0,0.0,0.8,20,0.8,0,62
2735,0,-1,-0.0,0.8,20,0.8,0,62
2736,1,0,0.0,0.8,20,0.8,0,62
2737,2,1,-34.276546,0.84,21,0.84,0,62
2738,1,0,0.0,0.84,21,0.84,0,62
2739,0,-1,-0.0,0.84,21,0.84,0,62
2740,0,-1,-0.0,0.84,21,0.84,0,62
2741,2,1,-74.82846,0.88,22,0.88,1,62
2742,2,1,-195.48361,0.92,23,0.92,0,62
2743,0,-1,-0.0,0.92,23,0.92,0,62
2744,1,0,0.0,0.92,23,0.92,0,62
2745,2,1,26.79997,1.0,25,1.0,0,62
2746,1,0,-1000.0,0.0,0,0.0,0,62
2747,2,1,28.364332,0.2,5,0.2,0,63
2748,1,0,0.0,0.2,5,0.2,0,63
2749,0,-1,-0.0,0.2,5,0.2,0,63
2750,2,1,28.208652,0.24,6,0.24,0,63
2751,2,1,18.8927,0.32,8,0.32,0,63
2752,2,1,26.003696,0.36,9,0.36,0,63
2753,1,0,0.0,0.36,9,0.36,0,63
2754,2,1,19.116451,0.44,11,0.44,0,63
2755,1,0,0.0,0.44,11,0.44,0,63
2756,2,1,21.105461,0.48,12,0.48,0,63
2757,2,1,-8.498275,0.52,13,0.52,0,63
2758,0,-1,-9.926738,0.56,14,0.56,0,63
2759,0,-1,9.921343,0.52,13,0.52,0,63
2760,2,1,-9.92201,0.56,14,0.56,0,63
2761,0,-1,9.92201,0.52,13,0.52,0,63
2762,0,-1,-0.0,0.52,13,0.52,0,63
2763,2,1,-9.434154,0.64,16,0.64,1,63
2764,0,-1,-14.170621,0.6,15,0.6,0,63
2765,0,-1,-14.837117,0.56,14,0.56,0,63
2766,2,1,3.6144636,0.64,16,0.64,0,63
2767,0,-1,-13.464582,0.6,15,0.6,0,63
2768,2,1,13.464582,0.64,16,0.64,0,63
2769,0,-1,-0.0,0.64,16,0.64,0,63
2770,2,1,9.648444,0.68,17,0.68,0,63
2771,1,0,0.0,0.68,17,0.68,0,63
2772,2,1,2.1653159,0.72,18,0.72,0,63
2773,0,-1,6.4995975,0.68,17,0.68,0,63
2774,2,1,-65.60372,0.8,20,0.8,0,63
2775,2,1,-347.09833,0.92,23,0.92,0,63
2776,1,0,0.0,0.92,23,0.92,0,63
2777,0,-1,-25.012604,0.92,23,0.92,0,63
2778,2,1,26.867355,1.0,25,1.0,0,63
2779,0,-1,-1000.0,0.0,0,0.0,0,63
2780,0,-1,-0.0,0.16,4,0.16,0,64
2781,0,-1,-0.0,0.16,4,0.16,0,64
2782,2,1,28.364332,0.2,5,0.2,0,64
2783,0,-1,-28.364332,0.16,4,0.16,0,64
2784,2,1,-4.1407347,0.2,5,0.2,0,64
2785,2,1,23.692236,0.28,7,0.28,0,64
2786,1,0,0.0,0.28,7,0.28,0,64
2787,2,1,18.128635,0.36,9,0.36,0,64
2788,1,0,0.0,0.36,9,0.36,0,64
2789,1,0,0.0,0.36,9,0.36,0,64
2790,1,0,0.0,0.36,9,0.36,0,64
2791,2,1,-5.8295894,0.4,10,0.4,0,64
2792,2,1,-6.5208097,0.44,11,0.44,0,64
2793,1,0,0.0,0.44,11,0.44,0,64
2794,2,1,-7.3918905,0.48,12,0.48,0,64
2795,0,-1,-8.503034,0.52,13,0.52,0,64
2796,0,-1,8.498275,0.48,12,0.48,0,64
2797,0,-1,7.3918905,0.44,11,0.44,0,64
2798,0,-1,-21.736273,0.4,10,0.4,0,64
2799,2,1,18.851297,0.48,12,0.48,0,64
2800,0,-1,7.391891,0.44,11,0.44,0,64
2801,2,1,23.897566,0.48,12,0.48,0,64
2802,2,1,9.83676,0.56,14,0.56,0,64
2803,1,0,0.0,0.56,14,0.56,0,64
2804,2,1,17.863403,0.6,15,0.6,1,64
2805,2,1,14.170615,0.64,16,0.64,0,64
2806,1,0,0.0,0.64,16,0.64,0,64
2807,1,0,0.0,0.64,16,0.64,0,64
2808,2,1,-10.723864,0.72,18,0.72,0,64
2809,0,-1,6.4995975,0.68,17,0.68,0,64
2810,1,0,0.0,0.68,17,0.68,0,64
2811,2,1,3.2473974,0.72,18,0.72,0,64
2812,2,1,-15.105401,0.76,19,0.76,0,64
2813,1,0,0.0,0.76,19,0.76,0,64
2814,2,1,-41.986004,0.8,20,0.8,0,64
2815,2,1,-49.896984,0.84,21,0.84,0,64
2816,2,1,-77.07262,0.88,22,0.88,1,64
2817,2,1,-183.96056,0.92,23,0.92,0,64
2818,0,-1,195.08804,0.88,22,0.88,0,64
2819,0,-1,-0.0,0.88,22,0.88,0,64
2820,2,1,-811.222,0.96,24,0.96,0,64
2821,1,0,0.0,0.96,24,0.96,0,64
2822,0,-1,-17.258844,0.96,24,0.96,0,64
2823,1,0,0.0,0.96,24,0.96,0,64
2824,1,0,0.0,0.96,24,0.96,0,64
2825,2,1,-1000.0,0.0,0,0.0,0,64
2826,2,1,28.364332,0.2,5,0.2,0,65
2827,2,1,-4.278687,0.24,6,0.24,0,65
2828,0,-1,4.278687,0.2,5,0.2,0,65
2829,2,1,28.208652,0.24,6,0.24,0,65
2830,2,1,26.767761,0.28,7,0.28,0,65
2831,1,0,0.0,0.28,7,0.28,0,65
2832,0,-1,-0.0,0.28,7,0.28,0,65
2833,2,1,21.33844,0.36,9,0.36,0,65
2834,2,1,-5.828954,0.4,10,0.4,0,65
2835,2,1,21.522146,0.44,11,0.44,1,65
2836,2,1,12.417219,0.52,13,0.52,0,65
2837,1,0,0.0,0.52,13,0.52,0,65
2838,1,0,0.0,0.52,13,0.52,0,65
2839,1,0,0.0,0.52,13,0.52,0,65
2840,1,0,0.0,0.52,13,0.52,0,65
2841,2,1,9.597402,0.56,14,0.56,0,65
2842,1,0,0.0,0.56,14,0.56,0,65
2843,0,-1,-29.20348,0.56,14,0.56,0,65
2844,1,0,0.0,0.56,14,0.56,0,65
2845,1,0,0.0,0.56,14,0.56,0,65
2846,2,1,14.116802,0.6,15,0.6,0,65
2847,0,-1,-14.116802,0.56,14,0.56,0,65
2848,0,-1,-0.0,0.56,14,0.56,0,65
2849,2,1,0.538053,0.64,16,0.64,0,65
2850,0,-1,-5.2328906,0.6,15,0.6,0,65
2851,0,-1,-2.4240782e-05,0.6,15,0.6,0,65
2852,2,1,-0.66032904,0.64,16,0.64,0,65
2853,1,0,0.0,0.64,16,0.64,0,65
2854,1,0,0.0,0.64,16,0.64,1,65
2855,1,0,0.0,0.64,16,0.64,0,65
2856,1,0,0.0,0.64,16,0.64,0,65
2857,1,0,0.0,0.64,16,0.64,0,65
2858,1,0,0.0,0.64,16,0.64,0,65
2859,0,-1,-25.877102,0.64,16,0.64,0,65
2860,2,1,-14.351298,0.72,18,0.72,0,65
2861,0,-1,-0.0,0.72,18,0.72,0,65
2862,1,0,0.0,0.72,18,0.72,0,65
2863,0,-1,-0.0012327438,0.72,18,0.72,0,65
2864,2,1,-4.2734756,0.76,19,0.76,0,65
2865,1,0,0.0,0.76,19,0.76,0,65
2866,0,-1,12.021981,0.72,18,0.72,0,65
2867,2,1,-42.36625,0.8,20,0.8,0,65
2868,1,0,0.0,0.8,20,0.8,0,65
2869,1,0,0.0,0.8,20,0.8,0,65
2870,2,1,-39.001675,0.84,21,0.84,0,65
2871,0,-1,39.061768,0.8,20,0.8,0,65
2872,1,0,0.0,0.8,20,0.8,0,65
2873,1,0,0.0,0.8,20,0.8,0,65
2874,0,-1,-18.103697,0.8,20,0.8,0,65
2875,1,0,0.0,0.8,20,0.8,0,65
2876,0,-1,-2.846599e-08,0.8,20,0.8,0,65
2877,1,0,0.0,0.8,20,0.8,0,65
2878,0,-1,16.161577,0.76,19,0.76,0,65
2879,1,0,0.0,0.76,19,0.76,0,65
2880,0,-1,1.7285557,0.72,18,0.72,0,65
2881,0,-1,-1.1266772,0.68,17,0.68,0,65
2882,1,0,0.0,0.68,17,0.68,0,65
2883,0,-1,0.6189875,0.64,16,0.64,0,65
2884,0,-1,-8.465578e-05,0.64,16,0.64,1,65
2885,0,-1,-0.0,0.64,16,0.64,0,65
2886,0,-1,-0.0,0.64,16,0.64,0,65
2887,1,0,0.0,0.64,16,0.64,0,65
2888,2,1,-11.7721615,0.72,18,0.72,0,65
2889,2,1,-418.71582,0.92,23,0.92,0,65
2890,0,-1,-6.00656e-08,0.92,23,0.92,0,65
2891,1,0,0.0,0.92,23,0.92,1,65
2892,2,1,-599.96,0.96,24,0.96,0,65
2893,2,1,17.271969,1.0,25,1.0,0,65
2894,1,0,-1000.0,0.0,0,0.0,0,65
2895,1,0,0.0,0.16,4,0.16,0,66
2896,2,1,28.346605,0.2,5,0.2,0,66
2897,2,1,-4.278605,0.24,6,0.24,0,66
2898,2,1,-4.5163865,0.28,7,0.28,0,66
2899,2,1,16.805927,0.4,10,0.4,0,66
2900,2,1,17.554182,0.48,12,0.48,0,66
2901,1,0,0.0,0.48,12,0.48,0,66
2902,1,0,0.0,0.48,12,0.48,0,66
2903,1,0,0.0,0.48,12,0.48,0,66
2904,2,1,-8.498275,0.52,13,0.52,0,66
2905,2,1,-9.92185,0.56,14,0.56,0,66
2906,0,-1,-0.0,0.56,14,0.56,0,66
2907,1,0,0.0,0.56,14,0.56,0,66
2908,2,1,17.86555,0.6,15,0.6,0,66
2909,1,0,0.0,0.6,15,0.6,1,66
2910,1,0,0.0,0.6,15,0.6,0,66
2911,2,1,14.0209,0.64,16,0.64,0,66
2912,2,1,-16.516594,0.72,18,0.72,0,66
2913,1,0,0.0,0.72,18,0.72,0,66
2914,1,0,0.0,0.72,18,0.72,0,66
2915,2,1,-105.71535,0.84,21,0.84,0,66
2916,1,0,0.0,0.84,21,0.84,0,66
2917,1,0,0.0,0.84,21,0.84,1,66
2918,2,1,-77.64558,0.88,22,0.88,0,66
2919,1,0,0.0,0.88,22,0.88,0,66
2920,1,0,0.0,0.88,22,0.88,0,66
2921,1,0,0.0,0.88,22,0.88,0,66
2922,2,1,-180.04471,0.92,23,0.92,0,66
2923,1,0,0.0,0.92,23,0.92,0,66
2924,0,-1,187.75894,0.88,22,0.88,0,66
2925,1,0,0.0,0.88,22,0.88,0,66
2926,1,0,0.0,0.88,22,0.88,0,66
2927,0,-1,82.916626,0.84,21,0.84,0,66
2928,2,1,-84.09691,0.88,22,0.88,0,66
2929,1,0,0.0,0.88,22,0.88,0,66
2930,0,-1,-18.340658,0.88,22,0.88,0,66
2931,0,-1,-0.0,0.88,22,0.88,0,66
2932,2,1,-180.17451,0.92,23,0.92,0,66
2933,1,0,0.0,0.92,23,0.92,0,66
2934,2,1,-597.5247,0.96,24,0.96,0,66
2935,1,0,0.0,0.96,24,0.96,0,66
2936,2,1,12.904861,1.0,25,1.0,0,66
2937,1,0,-1000.0,0.0,0,0.0,0,66
2938,1,0,0.0,0.16,4,0.16,0,67
2939,2,1,-4.1406527,0.2,5,0.2,0,67
2940,1,0,0.0,0.2,5,0.2,0,67
2941,1,0,0.0,0.2,5,0.2,0,67
2942,1,0,0.0,0.2,5,0.2,0,67
2943,2,1,28.208652,0.24,6,0.24,0,67
2944,0,-1,-28.208652,0.2,5,0.2,0,67
2945,2,1,-4.2792473,0.24,6,0.24,0,67
2946,2,1,12.031158,0.4,10,0.4,0,67
2947,0,-1,-0.0,0.4,10,0.4,0,67
2948,2,1,25.967117,0.44,11,0.44,0,67
2949,2,1,-7.39189,0.48,12,0.48,0,67
2950,0,-1,7.391891,0.44,11,0.44,0,67
2951,1,0,0.0,0.44,11,0.44,0,67
2952,2,1,-7.3918905,0.48,12,0.48,0,67
2953,2,1,-2.1642842,0.6,15,0.6,0,67
2954,2,1,13.970561,0.64,16,0.64,0,67
2955,2,1,13.54824,0.68,17,0.68,0,67
2956,2,1,-26.212433,0.76,19,0.76,0,67
2957,1,0,0.0,0.76,19,0.76,0,67
2958,1,0,0.0,0.76,19,0.76,0,67
2959,1,0,0.0,0.76,19,0.76,0,67
2960,0,-1,-0.0,0.76,19,0.76,0,67
2961,2,1,-15.376958,0.8,20,0.8,0,67
2962,0,-1,41.98597,0.76,19,0.76,1,67
2963,1,0,0.0,0.76,19,0.76,0,67
2964,0,-1,-0.0,0.76,19,0.76,0,67
2965,2,1,-13.52886,0.8,20,0.8,0,67
2966,2,1,-62.804176,0.84,21,0.84,0,67
2967,2,1,-104.45696,0.88,22,0.88,0,67
2968,1,0,0.0,0.88,22,0.88,0,67
2969,1,0,0.0,0.88,22,0.88,0,67
2970,0,-1,75.99985,0.84,21,0.84,0,67
2971,1,0,0.0,0.84,21,0.84,0,67
2972,0,-1,36.255013,0.8,20,0.8,1,67
2973,1,0,0.0,0.8,20,0.8,0,67
2974,0,-1,40.70913,0.76,19,0.76,0,67
2975,1,0,0.0,0.76,19,0.76,0,67
2976,1,0,0.0,0.76,19,0.76,0,67
2977,0,-1,3.397702,0.72,18,0.72,0,67
2978,0,-1,22.675673,0.68,17,0.68,0,67
2979,2,1,-16.57088,0.72,18,0.72,0,67
2980,1,0,0.0,0.72,18,0.72,0,67
2981,1,0,0.0,0.72,18,0.72,0,67
2982,2,1,-17.382431,0.76,19,0.76,0,67
2983,1,0,0.0,0.76,19,0.76,0,67
2984,1,0,0.0,0.76,19,0.76,0,67
2985,1,0,0.0,0.76,19,0.76,0,67
2986,2,1,-182.61475,0.88,22,0.88,0,67
2987,2,1,-177.36555,0.92,23,0.92,0,67
2988,1,0,0.0,0.92,23,0.92,0,67
2989,1,0,0.0,0.92,23,0.92,0,67
2990,1,0,0.0,0.92,23,0.92,0,67
2991,0,-1,202.50601,0.88,22,0.88,0,67
2992,1,0,0.0,0.88,22,0.88,0,67
2993,2,1,-823.0945,0.96,24,0.96,0,67
2994,2,1,5.2634914e-06,1.0,25,1.0,0,67
2995,0,-1,-1000.0,0.0,0,0.0,0,67
2996,2,1,28.346605,0.2,5,0.2,0,68
2997,0,-1,-28.346605,0.16,4,0.16,1,68
2998,2,1,28.262749,0.2,5,0.2,0,68
2999,1,0,0.0,0.2,5,0.2,0,68
3000,1,0,0.0,0.2,5,0.2,0,68
3001,2,1,24.899467,0.24,6,0.24,0,68
3002,2,1,23.12957,0.32,8,0.32,0,68
3003,2,1,20.80728,0.36,9,0.36,0,68
3004,2,1,25.226465,0.4,10,0.4,0,68
3005,2,1,22.366829,0.44,11,0.44,0,68
3006,1,0,0.0,0.44,11,0.44,0,68
3007,1,0,0.0,0.44,11,0.44,0,68
3008,2,1,13.262232,0.52,13,0.52,0,68
3009,2,1,5.4470806,0.6,15,0.6,0,68
3010,0,-1,-15.331431,0.56,14,0.56,0,68
3011,1,0,0.0,0.56,14,0.56,0,68
3012,0,-1,-0.0,0.56,14,0.56,0,68
3013,1,0,0.0,0.56,14,0.56,0,68
3014,0,-1,-19.25673,0.52,13,0.52,0,68
3015,2,1,3.0310178,0.6,15,0.6,0,68
3016,2,1,-25.519165,0.72,18,0.72,0,68
3017,2,1,-2.9795601,0.76,19,0.76,0,68
3018,2,1,-179.0601,0.88,22,0.88,0,68
3019,1,0,0.0,0.88,22,0.88,0,68
3020,0,-1,-2.49929e-05,0.88,22,0.88,0,68
3021,2,1,-181.92154,0.92,23,0.92,0,68
3022,1,0,0.0,0.92,23,0.92,0,68
3023,2,1,-1000.0,0.0,0,0.0,0,68
3024,2,1,-4.1406527,0.2,5,0.2,0,69
3025,0,-1,-0.0,0.2,5,0.2,0,69
3026,2,1,28.208652,0.24,6,0.24,0,69
3027,0,-1,-28.208652,0.2,5,0.2,0,69
3028,2,1,-4.2792473,0.24,6,0.24,0,69
3029,2,1,12.031158,0.4,10,0.4,0,69
3030,2,1,25.967117,0.44,11,0.44,0,69
3031,0,-1,-0.0,0.44,11,0.44,0,69
3032,0,-1,-0.2743589,0.44,11,0.44,0,69
3033,2,1,-15.8902025,0.52,13,0.52,0,69
3034,1,0,0.0,0.52,13,0.52,0,69
3035,0,-1,-23.989618,0.48,12,0.48,0,69
3036,0,-1,7.3918953,0.44,11,0.44,0,69
3037,2,1,6.9393435,0.56,14,0.56,0,69
3038,2,1,16.256044,0.6,15,0.6,0,69
3039,1,0,0.0,0.6,15,0.6,0,69
3040,0,-1,-0.0,0.6,15,0.6,0,69
3041,1,0,0.0,0.6,15,0.6,0,69
3042,0,-1,11.786911,0.56,14,0.56,1,69
3043,0,-1,-0.0,0.56,14,0.56,0,69
3044,2,1,16.742115,0.6,15,0.6,0,69
3045,1,0,0.0,0.6,15,0.6,0,69
3046,2,1,6.794816,0.64,16,0.64,0,69
3047,1,0,0.0,0.64,16,0.64,0,69
3048,0,-1,-0.0,0.64,16,0.64,0,69
3049,2,1,-13.621095,0.72,18,0.72,0,69
3050,1,0,0.0,0.72,18,0.72,0,69
3051,0,-1,-0.0,0.72,18,0.72,0,69
3052,1,0,0.0,0.72,18,0.72,0,69
3053,0,-1,-0.0,0.72,18,0.72,0,69
3054,1,0,0.0,0.72,18,0.72,0,69
3055,0,-1,-3.3120217,0.68,17,0.68,0,69
3056,2,1,3.8431838,0.72,18,0.72,0,69
3057,0,-1,1.5944874,0.68,17,0.68,0,69
3058,1,0,0.0,0.68,17,0.68,0,69
3059,2,1,8.567876,0.72,18,0.72,0,69
3060,0,-1,7.457526,0.68,17,0.68,0,69
3061,1,0,0.0,0.68,17,0.68,1,69
3062,2,1,-0.38418517,0.72,18,0.72,0,69
3063,2,1,-14.362833,0.76,19,0.76,0,69
3064,0,-1,3.6307359,0.72,18,0.72,0,69
3065,2,1,-63.45667,0.8,20,0.8,0,69
3066,1,0,0.0,0.8,20,0.8,0,69
3067,0,-1,15.748911,0.76,19,0.76,1,69
3068,1,0,0.0,0.76,19,0.76,0,69
3069,0,-1,-0.0,0.76,19,0.76,0,69
3070,2,1,-77.89572,0.84,21,0.84,0,69
3071,1,0,0.0,0.84,21,0.84,0,69
3072,1,0,0.0,0.84,21,0.84,0,69
3073,1,0,0.0,0.84,21,0.84,0,69
3074,1,0,0.0,0.84,21,0.84,0,69
3075,1,0,0.0,0.84,21,0.84,0,69
3076,2,1,-78.48625,0.88,22,0.88,0,69
3077,0,-1,-0.0011819875,0.88,22,0.88,0,69
3078,0,-1,-0.0,0.88,22,0.88,0,69
3079,0,-1,-6.6834884,0.88,22,0.88,0,69
3080,1,0,0.0,0.88,22,0.88,0,69
3081,0,-1,-0.0010489142,0.88,22,0.88,0,69
3082,0,-1,87.35839,0.84,21,0.84,0,69
3083,1,0,0.0,0.84,21,0.84,0,69
3084,1,0,0.0,0.84,21,0.84,0,69
3085,1,0,0.0,0.84,21,0.84,1,69
3086,0,-1,-0.0,0.84,21,0.84,0,69
3087,1,0,0.0,0.84,21,0.84,0,69
3088,2,1,-90.89476,0.88,22,0.88,0,69
3089,1,0,0.0,0.88,22,0.88,0,69
3090,1,0,0.0,0.88,22,0.88,0,69
3091,1,0,0.0,0.88,22,0.88,0,69
3092,2,1,-196.43217,0.92,23,0.92,0,69
3093,1,0,0.0,0.92,23,0.92,0,69
3094,0,-1,197.48544,0.88,22,0.88,0,69
3095,1,0,0.0,0.88,22,0.88,0,69
3096,0,-1,81.06315,0.84,21,0.84,0,69
3097,0,-1,36.510677,0.8,20,0.8,0,69
3098,0,-1,15.759765,0.76,19,0.76,0,69
3099,2,1,-401.13812,0.92,23,0.92,0,69
3100,0,-1,-0.0,0.92,23,0.92,1,69
3101,0,-1,-7.739769,0.92,23,0.92,0,69
3102,0,-1,-0.0,0.92,23,0.92,0,69
3103,1,0,0.0,0.92,23,0.92,0,69
3104,2,1,-619.5441,0.96,24,0.96,0,69
3105,0,-1,596.70703,0.92,23,0.92,1,69
3106,1,0,0.0,0.92,23,0.92,0,69
3107,1,0,0.0,0.92,23,0.92,0,69
3108,2,1,-594.7187,0.96,24,0.96,0,69
3109,1,0,0.0,0.96,24,0.96,0,69
3110,2,1,14.215379,1.0,25,1.0,0,69
3111,0,-1,-1000.0,0.0,0,0.0,0,69
3112,2,1,28.364332,0.2,5,0.2,0,70
3113,0,-1,-28.364332,0.16,4,0.16,0,70
3114,1,0,0.0,0.16,4,0.16,0,70
3115,2,1,28.364332,0.2,5,0.2,0,70
3116,1,0,0.0,0.2,5,0.2,0,70
3117,1,0,0.0,0.2,5,0.2,0,70
3118,2,1,-4.278605,0.24,6,0.24,0,70
3119,0,-1,4.278605,0.2,5,0.2,0,70
3120,2,1,28.208652,0.24,6,0.24,0,70
3121,2,1,-4.515826,0.28,7,0.28,0,70
3122,1,0,0.0,0.28,7,0.28,0,70
3123,0,-1,4.515826,0.24,6,0.24,0,70
3124,0,-1,-0.0,0.24,6,0.24,0,70
3125,0,-1,-0.0,0.24,6,0.24,0,70
3126,2,1,-4.515744,0.28,7,0.28,0,70
3127,0,-1,4.515744,0.24,6,0.24,0,70
3128,2,1,26.773045,0.28,7,0.28,0,70
3129,2,1,-4.847297,0.32,8,0.32,0,70
3130,0,-1,-0.0,0.32,8,0.32,0,70
3131,1,0,0.0,0.32,8,0.32,0,70
3132,2,1,17.146978,0.4,10,0.4,0,70
3133,1,0,0.0,0.4,10,0.4,0,70
3134,0,-1,-25.459835,0.36,9,0.36,0,70
3135,0,-1,-22.976604,0.32,8,0.32,0,70
3136,0,-1,-27.639961,0.28,7,0.28,0,70
3137,0,-1,4.515744,0.24,6,0.24,0,70
3138,0,-1,-0.0,0.24,6,0.24,0,70
3139,1,0,0.0,0.24,6,0.24,0,70
3140,2,1,18.678572,0.32,8,0.32,0,70
3141,2,1,-5.2804523,0.36,9,0.36,1,70
3142,2,1,12.272305,0.4,10,0.4,0,70
3143,1,0,0.0,0.4,10,0.4,0,70
3144,2,1,10.025816,0.52,13,0.52,0,70
3145,0,-1,-0.17410642,0.52,13,0.52,0,70
3146,0,-1,-9.603619,0.48,12,0.48,0,70
3147,1,0,0.0,0.48,12,0.48,0,70
3148,0,-1,-20.554409,0.44,11,0.44,0,70
3149,0,-1,-0.0,0.44,11,0.44,0,70
3150,1,0,0.0,0.44,11,0.44,0,70
3151,0,-1,-8.163809,0.4,10,0.4,0,70
3152,2,1,21.403105,0.44,11,0.44,0,70
3153,1,0,0.0,0.44,11,0.44,0,70
3154,0,-1,-0.0,0.44,11,0.44,0,70
3155,1,0,0.0,0.44,11,0.44,0,70
3156,2,1,23.853481,0.48,12,0.48,0,70
3157,1,0,0.0,0.48,12,0.48,0,70
3158,0,-1,-23.853481,0.44,11,0.44,0,70
3159,0,-1,-21.403105,0.4,10,0.4,1,70
3160,1,0,0.0,0.4,10,0.4,0,70
3161,0,-1,-0.0,0.4,10,0.4,0,70
3162,0,-1,-26.763073,0.36,9,0.36,0,70
3163,2,1,20.353428,0.44,11,0.44,0,70
3164,0,-1,-24.624712,0.4,10,0.4,0,70
3165,0,-1,-0.0,0.4,10,0.4,0,70
3166,1,0,0.0,0.4,10,0.4,0,70
3167,0,-1,-9.581471,0.36,9,0.36,0,70
3168,2,1,8.556712,0.4,10,0.4,0,70
3169,0,-1,-0.0,0.4,10,0.4,0,70
3170,1,0,0.0,0.4,10,0.4,0,70
3171,1,0,0.0,0.4,10,0.4,0,70
3172,2,1,24.652472,0.44,11,0.44,0,70
3173,1,0,0.0,0.44,11,0.44,1,70
3174,0,-1,-19.696985,0.4,10,0.4,0,70
3175,1,0,0.0,0.4,10,0.4,0,70
3176,1,0,0.0,0.4,10,0.4,0,70
3177,2,1,21.853958,0.44,11,0.44,0,70
3178,1,0,0.0,0.44,11,0.44,1,70
3179,1,0,0.0,0.44,11,0.44,0,70
3180,2,1,13.797292,0.52,13,0.52,0,70
3181,2,1,-4.2570677,0.64,16,0.64,0,70
3182,1,0,0.0,0.64,16,0.64,0,70
3183,1,0,0.0,0.64,16,0.64,0,70
3184,0,-1,-29.897894,0.64,16,0.64,0,70
3185,2,1,8.932543,0.68,17,0.68,0,70
3186,2,1,-67.09024,0.8,20,0.8,0,70
3187,1,0,0.0,0.8,20,0.8,0,70
3188,2,1,-137.04805,0.88,22,0.88,0,70
3189,2,1,-805.28705,0.96,24,0.96,0,70
3190,0,-1,-0.004249104,0.96,24,0.96,0,70
3191,1,0,0.0,0.96,24,0.96,0,70
3192,0,-1,-0.0,0.96,24,0.96,0,70
3193,0,-1,-0.0,0.96,24,0.96,0,70
3194,2,1,-1000.0,0.0,0,0.0,0,70
3195,1,0,0.0,0.16,4,0.16,0,71
3196,1,0,0.0,0.16,4,0.16,0,71
3197,1,0,0.0,0.16,4,0.16,0,71
3198,1,0,0.0,0.16,4,0.16,0,71
3199,2,1,-4.1407347,0.2,5,0.2,0,71
3200,2,1,28.22638,0.24,6,0.24,0,71
3201,2,1,-4.515744,0.28,7,0.28,0,71
3202,2,1,22.623116,0.36,9,0.36,0,71
3203,2,1,19.11238,0.44,11,0.44,0,71
3204,2,1,20.865192,0.48,12,0.48,0,71
3205,2,1,-8.498147,0.52,13,0.52,0,71
3206,1,0,0.0,0.52,13,0.52,0,71
3207,0,-1,8.498147,0.48,12,0.48,0,71
3208,2,1,19.544647,0.52,13,0.52,0,71
3209,0,-1,-0.0,0.52,13,0.52,0,71
3210,2,1,16.218325,0.56,14,0.56,0,71
3211,2,1,2.6987693,0.64,16,0.64,0,71
3212,2,1,-40.705208,0.76,19,0.76,0,71
3213,1,0,0.0,0.76,19,0.76,0,71
3214,2,1,-182.28117,0.88,22,0.88,0,71
3215,2,1,-208.61093,0.92,23,0.92,1,71
3216,1,0,0.0,0.92,23,0.92,0,71
3217,0,-1,193.90329,0.88,22,0.88,0,71
3218,1,0,0.0,0.88,22,0.88,0,71
3219,1,0,0.0,0.88,22,0.88,0,71
3220,0,-1,-2.1079886,0.88,22,0.88,0,71
3221,2,1,-805.1125,0.96,24,0.96,0,71
3222,2,1,-1000.0,0.0,0,0.0,0,71
3223,1,0,0.0,0.16,4,0.16,0,72
3224,2,1,28.346605,0.2,5,0.2,0,72
3225,1,0,0.0,0.2,5,0.2,0,72
3226,2,1,28.22638,0.24,6,0.24,0,72
3227,0,-1,-28.208652,0.2,5,0.2,0,72
3228,0,-1,-0.0,0.2,5,0.2,0,72
3229,1,0,0.0,0.2,5,0.2,0,72
3230,1,0,0.0,0.2,5,0.2,0,72
3231,2,1,23.955872,0.28,7,0.28,0,72
3232,1,0,0.0,0.28,7,0.28,0,72
3233,2,1,17.914507,0.36,9,0.36,0,72
3234,0,-1,-0.1677413,0.36,9,0.36,0,72
3235,0,-1,-0.0,0.36,9,0.36,0,72
3236,0,-1,-0.0,0.36,9,0.36,0,72
3237,2,1,15.906646,0.44,11,0.44,0,72
3238,0,-1,-21.522146,0.4,10,0.4,0,72
3239,2,1,24.763365,0.44,11,0.44,0,72
3240,0,-1,-24.763365,0.4,10,0.4,0,72
3241,1,0,0.0,0.4,10,0.4,0,72
3242,1,0,0.0,0.4,10,0.4,0,72
3243,0,-1,-0.0,0.4,10,0.4,0,72
3244,0,-1,5.828954,0.36,9,0.36,0,72
3245,2,1,25.454552,0.4,10,0.4,1,72
3246,0,-1,-0.0,0.4,10,0.4,0,72
3247,2,1,6.5938635,0.52,13,0.52,0,72
3248,0,-1,-22.73175,0.48,12,0.48,0,72
3249,2,1,12.999698,0.56,14,0.56,0,72
3250,1,0,0.0,0.56,14,0.56,0,72
3251,2,1,11.326224,0.6,15,0.6,0,72
3252,1,0,0.0,0.6,15,0.6,0,72
3253,2,1,7.392468,0.64,16,0.64,0,72
3254,1,0,0.0,0.64,16,0.64,0,72
3255,1,0,0.0,0.64,16,0.64,0,72
3256,2,1,11.870569,0.68,17,0.68,0,72
3257,2,1,-5.7014165,0.72,18,0.72,0,72
3258,1,0,0.0,0.72,18,0.72,0,72
3259,1,0,0.0,0.72,18,0.72,0,72
3260,2,1,-108.06736,0.84,21,0.84,0,72
3261,0,-1,36.795387,0.8,20,0.8,0,72
3262,0,-1,20.307013,0.76,19,0.76,0,72
3263,0,-1,9.266026,0.72,18,0.72,0,72
3264,0,-1,-5.8524976,0.68,17,0.68,0,72
3265,0,-1,-0.0,0.68,17,0.68,0,72
3266,2,1,4.889948,0.72,18,0.72,0,72
3267,1,0,0.0,0.72,18,0.72,0,72
3268,0,-1,-5.703843,0.68,17,0.68,0,72
3269,0,-1,-0.17701015,0.68,17,0.68,0,72
3270,1,0,0.0,0.68,17,0.68,0,72
3271,2,1,-28.882887,0.76,19,0.76,1,72
3272,0,-1,-0.0,0.76,19,0.76,0,72
3273,2,1,-180.4183,0.88,22,0.88,0,72
3274,1,0,0.0,0.88,22,0.88,0,72
3275,0,-1,-0.075131714,0.88,22,0.88,0,72
3276,1,0,0.0,0.88,22,0.88,0,72
3277,1,0,0.0,0.88,22,0.88,0,72
3278,2,1,-807.9867,0.96,24,0.96,0,72
3279,0,-1,-0.044474117,0.96,24,0.96,0,72
3280,1,0,0.0,0.96,24,0.96,0,72
3281,0,-1,599.01465,0.92,23,0.92,0,72
3282,0,-1,-25.60476,0.92,23,0.92,0,72
3283,2,1,23.832117,1.0,25,1.0,0,72
3284,1,0,-1000.0,0.0,0,0.0,0,72
3285,2,1,-4.1406527,0.2,5,0.2,0,73
3286,2,1,-4.278687,0.24,6,0.24,0,73
3287,2,1,27.98924,0.28,7,0.28,0,73
3288,0,-1,4.515826,0.24,6,0.24,0,73
3289,1,0,0.0,0.24,6,0.24,0,73
3290,1,0,0.0,0.24,6,0.24,0,73
3291,1,0,0.0,0.24,6,0.24,0,73
3292,2,1,23.526543,0.28,7,0.28,0,73
3293,1,0,0.0,0.28,7,0.28,0,73
3294,2,1,22.623116,0.36,9,0.36,0,73
3295,1,0,0.0,0.36,9,0.36,0,73
3296,0,-1,-22.762478,0.32,8,0.32,0,73
3297,2,1,20.35271,0.4,10,0.4,0,73
3298,2,1,6.754763,0.52,13,0.52,0,73
3299,1,0,0.0,0.52,13,0.52,0,73
3300,1,0,0.0,0.52,13,0.52,0,73
3301,1,0,0.0,0.52,13,0.52,1,73
3302,1,0,0.0,0.52,13,0.52,0,73
3303,0,-1,-23.75646,0.52,13,0.52,0,73
3304,2,1,5.2481766,0.6,15,0.6,0,73
3305,2,1,-2.2559922,0.68,17,0.68,0,73
3306,2,1,-24.941784,0.76,19,0.76,0,73
3307,0,-1,4.964519,0.72,18,0.72,0,73
3308,0,-1,-0.0,0.72,18,0.72,0,73
3309,2,1,-4.778943,0.76,19,0.76,0,73
3310,1,0,0.0,0.76,19,0.76,0,73
3311,2,1,-79.18678,0.84,21,0.84,0,73
3312,2,1,-287.25348,0.92,23,0.92,0,73
3313,2,1,-602.11053,0.96,24,0.96,0,73
3314,0,-1,598.48486,0.92,23,0.92,0,73
3315,2,1,-601.5227,0.96,24,0.96,0,73
3316,2,1,-1000.0,0.0,0,0.0,0,73
3317,2,1,28.364332,0.2,5,0.2,0,74
3318,1,0,0.0,0.2,5,0.2,0,74
3319,1,0,0.0,0.2,5,0.2,0,74
3320,2,1,-4.278605,0.24,6,0.24,0,74
3321,2,1,-4.5163865,0.28,7,0.28,0,74
3322,1,0,0.0,0.28,7,0.28,0,74
3323,2,1,-15.957318,0.4,10,0.4,0,74
3324,1,0,0.0,0.4,10,0.4,0,74
3325,1,0,0.0,0.4,10,0.4,0,74
3326,2,1,-13.912704,0.48,12,0.48,0,74
3327,1,0,0.0,0.48,12,0.48,0,74
3328,2,1,14.33124,0.56,14,0.56,0,74
3329,2,1,19.497263,0.6,15,0.6,0,74
3330,0,-1,-0.0,0.6,15,0.6,0,74
3331,2,1,15.363791,0.64,16,0.64,0,74
3332,2,1,-10.617514,0.72,18,0.72,0,74
3333,1,0,0.0,0.72,18,0.72,0,74
3334,0,-1,22.67524,0.68,17,0.68,0,74
3335,2,1,-66.71679,0.8,20,0.8,1,74
3336,1,0,0.0,0.8,20,0.8,0,74
3337,0,-1,-0.0,0.8,20,0.8,0,74
3338,1,0,0.0,0.8,20,0.8,0,74
3339,2,1,-62.804146,0.84,21,0.84,1,74
3340,0,-1,51.87944,0.8,20,0.8,0,74
3341,1,0,0.0,0.8,20,0.8,0,74
3342,0,-1,-0.0,0.8,20,0.8,0,74
3343,0,-1,17.088085,0.76,19,0.76,0,74
3344,2,1,-41.985847,0.8,20,0.8,0,74
3345,2,1,-34.800377,0.84,21,0.84,0,74
3346,2,1,-104.455505,0.88,22,0.88,0,74
3347,0,-1,104.45684,0.84,21,0.84,0,74
3348,0,-1,35.053074,0.8,20,0.8,0,74
3349,2,1,-167.26102,0.88,22,0.88,0,74
3350,0,-1,93.405396,0.84,21,0.84,0,74
3351,0,-1,44.57192,0.8,20,0.8,0,74
3352,1,0,0.0,0.8,20,0.8,0,74
3353,2,1,-38.966743,0.84,21,0.84,0,74
3354,1,0,0.0,0.84,21,0.84,0,74
3355,0,-1,-19.251072,0.84,21,0.84,0,74
3356,1,0,0.0,0.84,21,0.84,0,74
3357,1,0,0.0,0.84,21,0.84,0,74
3358,2,1,-75.91719,0.88,22,0.88,0,74
3359,1,0,0.0,0.88,22,0.88,0,74
3360,0,-1,75.91719,0.84,21,0.84,0,74
3361,2,1,-285.12363,0.92,23,0.92,0,74
3362,1,0,0.0,0.92,23,0.92,0,74
3363,1,0,0.0,0.92,23,0.92,0,74
3364,2,1,28.795452,1.0,25,1.0,0,74
3365,0,-1,-1000.0,0.0,0,0.0,0,74
3366,2,1,-4.1407347,0.2,5,0.2,0,75
3367,1,0,0.0,0.2,5,0.2,0,75
3368,2,1,28.22638,0.24,6,0.24,0,75
3369,0,-1,4.278687,0.2,5,0.2,0,75
3370,2,1,23.955872,0.28,7,0.28,0,75
3371,2,1,21.334368,0.36,9,0.36,0,75
3372,2,1,17.442081,0.44,11,0.44,0,75
3373,2,1,-8.433354,0.6,15,0.6,0,75
3374,2,1,-4.1228642,0.68,17,0.68,0,75
3375,2,1,-27.048378,0.76,19,0.76,0,75
3376,1,0,0.0,0.76,19,0.76,0,75
3377,2,1,-1013.85986,0.96,24,0.96,0,75
3378,1,0,0.0,0.96,24,0.96,0,75
3379,2,1,25.370691,1.0,25,1.0,0,75
3380,0,-1,-1000.0,0.0,0,0.0,0,75
3381,2,1,28.364332,0.2,5,0.2,0,76
3382,0,-1,-28.364332,0.16,4,0.16,0,76
3383,2,1,28.364332,0.2,5,0.2,0,76
3384,2,1,23.955872,0.28,7,0.28,0,76
3385,2,1,-4.847379,0.32,8,0.32,0,76
3386,2,1,22.976604,0.36,9,0.36,0,76
3387,0,-1,-26.008978,0.32,8,0.32,0,76
3388,0,-1,-23.409119,0.28,7,0.28,0,76
3389,2,1,17.914507,0.36,9,0.36,0,76
3390,1,0,0.0,0.36,9,0.36,0,76
3391,2,1,-5.829462,0.4,10,0.4,0,76
3392,1,0,0.0,0.4,10,0.4,0,76
3393,2,1,21.736273,0.44,11,0.44,0,76
3394,1,0,0.0,0.44,11,0.44,0,76
3395,0,-1,-21.736273,0.4,10,0.4,0,76
3396,1,0,0.0,0.4,10,0.4,0,76
3397,1,0,0.0,0.4,10,0.4,0,76
3398,0,-1,-22.213333,0.36,9,0.36,0,76
3399,0,-1,5.280318,0.32,8,0.32,0,76
3400,0,-1,4.847379,0.28,7,0.28,0,76
3401,1,0,0.0,0.28,7,0.28,0,76
3402,0,-1,-0.0,0.28,7,0.28,0,76
3403,0,-1,-0.0,0.28,7,0.28,0,76
3404,0,-1,4.515744,0.24,6,0.24,0,76
3405,0,-1,-28.22638,0.2,5,0.2,0,76
3406,0,-1,-28.346605,0.16,4,0.16,0,76
3407,2,1,-4.1406527,0.2,5,0.2,0,76
3408,1,0,0.0,0.2,5,0.2,0,76
3409,0,-1,4.1406527,0.16,4,0.16,0,76
3410,2,1,-4.1406527,0.2,5,0.2,1,76
3411,0,-1,-0.0,0.2,5,0.2,0,76
3412,1,0,0.0,0.2,5,0.2,0,76
3413,0,-1,-0.0,0.2,5,0.2,0,76
3414,2,1,28.1753,0.24,6,0.24,0,76
3415,2,1,27.812548,0.28,7,0.28,0,76
3416,1,0,0.0,0.28,7,0.28,0,76
3417,1,0,0.0,0.28,7,0.28,0,76
3418,1,0,0.0,0.28,7,0.28,0,76
3419,1,0,0.0,0.28,7,0.28,0,76
3420,0,-1,-25.179302,0.24,6,0.24,0,76
3421,2,1,26.583044,0.28,7,0.28,0,76
3422,0,-1,-0.0,0.28,7,0.28,0,76
3423,2,1,14.13411,0.4,10,0.4,0,76
3424,0,-1,-0.010891067,0.4,10,0.4,0,76
3425,2,1,24.595085,0.44,11,0.44,0,76
3426,2,1,19.804081,0.48,12,0.48,0,76
3427,2,1,20.792362,0.52,13,0.52,0,76
3428,2,1,7.9101157,0.6,15,0.6,0,76
3429,2,1,-4.2855673,0.68,17,0.68,0,76
3430,2,1,-27.022594,0.76,19,0.76,0,76
3431,1,0,0.0,0.76,19,0.76,0,76
3432,2,1,-18.351648,0.8,20,0.8,0,76
3433,2,1,-41.22538,0.84,21,0.84,0,76
3434,2,1,-77.37882,0.88,22,0.88,0,76
3435,0,-1,77.261024,0.84,21,0.84,0,76
3436,2,1,-79.26601,0.88,22,0.88,0,76
3437,1,0,0.0,0.88,22,0.88,0,76
3438,1,0,0.0,0.88,22,0.88,1,76
3439,0,-1,-0.0,0.88,22,0.88,0,76
3440,1,0,0.0,0.88,22,0.88,0,76
3441,1,0,0.0,0.88,22,0.88,0,76
3442,1,0,0.0,0.88,22,0.88,0,76
3443,1,0,0.0,0.88,22,0.88,0,76
3444,1,0,0.0,0.88,22,0.88,0,76
3445,2,1,-185.46571,0.92,23,0.92,0,76
3446,0,-1,-0.0,0.92,23,0.92,1,76
3447,2,1,-1000.0,0.0,0,0.0,0,76
3448,1,0,0.0,0.16,4,0.16,0,77
3449,0,-1,-0.0,0.16,4,0.16,0,77
3450,2,1,28.364332,0.2,5,0.2,1,77
3451,1,0,0.0,0.2,5,0.2,0,77
3452,2,1,23.855509,0.28,7,0.28,0,77
3453,1,0,0.0,0.28,7,0.28,0,77
3454,0,-1,-0.1638007,0.28,7,0.28,0,77
3455,1,0,0.0,0.28,7,0.28,0,77
3456,0,-1,-0.13774544,0.28,7,0.28,0,77
3457,0,-1,-26.684875,0.24,6,0.24,0,77
3458,2,1,18.386545,0.28,7,0.28,0,77
3459,0,-1,-18.386545,0.24,6,0.24,0,77
3460,2,1,26.684875,0.28,7,0.28,0,77
3461,0,-1,-0.0,0.28,7,0.28,0,77
3462,0,-1,-0.0,0.28,7,0.28,0,77
3463,2,1,13.163761,0.4,10,0.4,0,77
3464,1,0,0.0,0.4,10,0.4,1,77
3465,2,1,17.482508,0.48,12,0.48,0,77
3466,1,0,0.0,0.48,12,0.48,0,77
3467,1,0,0.0,0.48,12,0.48,0,77
3468,0,-1,-0.12682697,0.48,12,0.48,0,77
3469,1,0,0.0,0.48,12,0.48,0,77
3470,1,0,0.0,0.48,12,0.48,0,77
3471,1,0,0.0,0.48,12,0.48,0,77
3472,2,1,18.618393,0.52,13,0.52,0,77
3473,1,0,0.0,0.52,13,0.52,0,77
3474,1,0,0.0,0.52,13,0.52,0,77
3475,0,-1,-18.618393,0.48,12,0.48,0,77
3476,2,1,11.373228,0.56,14,0.56,0,77
3477,2,1,15.881166,0.6,15,0.6,0,77
3478,2,1,10.121886,0.64,16,0.64,0,77
3479,1,0,0.0,0.64,16,0.64,0,77
3480,2,1,-146.04704,0.84,21,0.84,0,77
3481,0,-1,-27.26811,0.84,21,0.84,0,77
3482,1,0,0.0,0.84,21,0.84,0,77
3483,2,1,-77.278015,0.88,22,0.88,0,77
3484,2,1,-807.10406,0.96,24,0.96,0,77
3485,0,-1,600.2792,0.92,23,0.92,0,77
3486,2,1,-598.33215,0.96,24,0.96,0,77
3487,1,0,0.0,0.96,24,0.96,0,77
3488,1,0,0.0,0.96,24,0.96,0,77
3489,1,0,0.0,0.96,24,0.96,0,77
3490,1,0,0.0,0.96,24,0.96,1,77
3491,0,-1,-23.666534,0.96,24,0.96,0,77
3492,1,0,0.0,0.96,24,0.96,0,77
3493,0,-1,-11.992372,0.96,24,0.96,0,77
3494,0,-1,-0.0041938615,0.96,24,0.96,1,77
3495,1,0,0.0,0.96,24,0.96,0,77
3496,0,-1,-0.0,0.96,24,0.96,0,77
3497,2,1,25.677887,1.0,25,1.0,0,77
3498,0,-1,-1000.0,0.0,0,0.0,0,77
3499,1,0,0.0,0.16,4,0.16,0,78
3500,1,0,0.0,0.16,4,0.16,0,78
3501,2,1,28.364332,0.2,5,0.2,0,78
3502,2,1,-4.278687,0.24,6,0.24,0,78
3503,0,-1,4.278687,0.2,5,0.2,0,78
3504,1,0,0.0,0.2,5,0.2,0,78
3505,1,0,0.0,0.2,5,0.2,0,78
3506,2,1,19.247265,0.28,7,0.28,0,78
3507,1,0,0.0,0.28,7,0.28,0,78
3508,2,1,27.639961,0.32,8,0.32,0,78
3509,1,0,0.0,0.32,8,0.32,0,78
3510,2,1,26.008978,0.36,9,0.36,0,78
3511,2,1,25.454552,0.4,10,0.4,0,78
3512,2,1,19.619528,0.44,11,0.44,0,78
3513,0,-1,-0.0,0.44,11,0.44,0,78
3514,2,1,3.265344,0.56,14,0.56,0,78
3515,0,-1,-0.0,0.56,14,0.56,0,78
3516,0,-1,-16.218325,0.52,13,0.52,0,78
3517,0,-1,-0.0040504737,0.52,13,0.52,0,78
3518,2,1,18.579277,0.56,14,0.56,0,78
3519,2,1,3.6310995,0.64,16,0.64,1,78
3520,1,0,0.0,0.64,16,0.64,0,78
3521,2,1,8.227391,0.68,17,0.68,0,78
3522,1,0,0.0,0.68,17,0.68,0,78
3523,1,0,0.0,0.68,17,0.68,0,78
3524,1,0,0.0,0.68,17,0.68,0,78
3525,1,0,0.0,0.68,17,0.68,0,78
3526,2,1,4.644481,0.72,18,0.72,0,78
3527,1,0,0.0,0.72,18,0.72,0,78
3528,1,0,0.0,0.72,18,0.72,0,78
3529,2,1,-5.9317303,0.76,19,0.76,0,78
3530,1,0,0.0,0.76,19,0.76,0,78
3531,0,-1,2.7775955,0.72,18,0.72,0,78
3532,1,0,0.0,0.72,18,0.72,0,78
3533,0,-1,-5.844907,0.68,17,0.68,0,78
3534,0,-1,-10.291477,0.64,16,0.64,0,78
3535,2,1,9.5843725,0.68,17,0.68,0,78
3536,2,1,-64.97747,0.8,20,0.8,0,78
3537,0,-1,15.239814,0.76,19,0.76,0,78
3538,1,0,0.0,0.76,19,0.76,0,78
3539,1,0,0.0,0.76,19,0.76,0,78
3540,1,0,0.0,0.76,19,0.76,0,78
3541,2,1,-391.17346,0.92,23,0.92,0,78
3542,0,-1,-0.002064689,0.92,23,0.92,0,78
3543,1,0,0.0,0.92,23,0.92,0,78
3544,0,-1,-4.689582e-13,0.92,23,0.92,0,78
3545,0,-1,-6.750156e-13,0.92,23,0.92,0,78
3546,1,0,0.0,0.92,23,0.92,1,78
3547,2,1,-606.56165,0.96,24,0.96,0,78
3548,0,-1,606.56165,0.92,23,0.92,0,78
3549,1,0,0.0,0.92,23,0.92,0,78
3550,2,1,-597.2467,0.96,24,0.96,1,78
3551,0,-1,-24.525944,0.96,24,0.96,0,78
3552,1,0,0.0,0.96,24,0.96,0,78
3553,2,1,-1000.0,0.0,0,0.0,0,78
3554,2,1,-4.1406527,0.2,5,0.2,1,79
3555,2,1,23.6775,0.28,7,0.28,0,79
3556,2,1,20.644388,0.32,8,0.32,0,79
3557,2,1,17.852383,0.36,9,0.36,0,79
3558,0,-1,-28.75767,0.4,10,0.4,0,79
3559,0,-1,-28.072582,0.44,11,0.44,0,79
3560,0,-1,-0.0,0.44,11,0.44,0,79
3561,1,0,0.0,0.44,11,0.44,0,79
3562,1,0,0.0,0.44,11,0.44,1,79
3563,0,-1,-0.0,0.44,11,0.44,0,79
3564,2,1,13.651354,0.52,13,0.52,0,79
3565,1,0,0.0,0.52,13,0.52,0,79
3566,1,0,0.0,0.52,13,0.52,0,79
3567,2,1,17.879494,0.56,14,0.56,0,79
3568,1,0,0.0,0.56,14,0.56,0,79
3569,2,1,0.078902304,0.64,16,0.64,0,79
3570,1,0,0.0,0.64,16,0.64,0,79
3571,1,0,0.0,0.64,16,0.64,0,79
3572,1,0,0.0,0.64,16,0.64,0,79
3573,2,1,-7.866147,0.72,18,0.72,0,79
3574,2,1,-51.199577,0.8,20,0.8,0,79
3575,1,0,0.0,0.8,20,0.8,0,79
3576,0,-1,10.917653,0.76,19,0.76,0,79
3577,2,1,-79.63988,0.84,21,0.84,0,79
3578,0,-1,38.088955,0.8,20,0.8,0,79
3579,1,0,0.0,0.8,20,0.8,0,79
3580,2,1,-39.480034,0.84,21,0.84,0,79
3581,1,0,0.0,0.84,21,0.84,0,79
3582,0,-1,38.265274,0.8,20,0.8,0,79
3583,0,-1,17.617857,0.76,19,0.76,0,79
3584,1,0,0.0,0.76,19,0.76,0,79
3585,2,1,-15.893181,0.8,20,0.8,0,79
3586,0,-1,15.893181,0.76,19,0.76,0,79
3587,1,0,0.0,0.76,19,0.76,0,79
3588,1,0,0.0,0.76,19,0.76,1,79
3589,0,-1,6.097771,0.72,18,0.72,0,79
3590,0,-1,-15.273457,0.72,18,0.72,0,79
3591,2,1,1.0935428,0.76,19,0.76,0,79
3592,1,0,0.0,0.76,19,0.76,0,79
3593,0,-1,-1.6213329e-06,0.76,19,0.76,0,79
3594,0,-1,2.2989752,0.72,18,0.72,0,79
3595,0,-1,-8.515619,0.68,17,0.68,0,79
3596,0,-1,-0.0,0.68,17,0.68,0,79
3597,1,0,0.0,0.68,17,0.68,1,79
3598,1,0,0.0,0.68,17,0.68,0,79
3599,0,-1,-10.152872,0.64,16,0.64,0,79
3600,0,-1,-8.896963,0.6,15,0.6,0,79
3601,0,-1,-13.718606,0.6,15,0.6,0,79
3602,1,0,0.0,0.6,15,0.6,0,79
3603,0,-1,-1.7241716e-06,0.6,15,0.6,0,79
3604,1,0,0.0,0.6,15,0.6,0,79
3605,1,0,0.0,0.6,15,0.6,0,79
3606,0,-1,-17.79502,0.56,14,0.56,0,79
3607,0,-1,-1.4488025e-06,0.56,14,0.56,0,79
3608,1,0,0.0,0.56,14,0.56,0,79
3609,2,1,19.216232,0.6,15,0.6,0,79
3610,1,0,0.0,0.6,15,0.6,0,79
3611,2,1,6.1188097,0.64,16,0.64,0,79
3612,2,1,11.328839,0.68,17,0.68,0,79
3613,1,0,0.0,0.68,17,0.68,0,79
3614,0,-1,-0.0,0.68,17,0.68,0,79
3615,2,1,5.102561,0.72,18,0.72,1,79
3616,1,0,0.0,0.72,18,0.72,0,79
3617,2,1,-12.160025,0.76,19,0.76,0,79
3618,0,-1,-0.0,0.76,19,0.76,0,79
3619,0,-1,-25.810446,0.76,19,0.76,0,79
3620,1,0,0.0,0.76,19,0.76,0,79
3621,2,1,-73.03724,0.84,21,0.84,0,79
3622,2,1,-74.49026,0.88,22,0.88,0,79
3623,0,-1,75.059875,0.84,21,0.84,0,79
3624,0,-1,-0.0,0.84,21,0.84,0,79
3625,0,-1,-19.406261,0.84,21,0.84,0,79
3626,0,-1,-0.0,0.84,21,0.84,0,79
3627,1,0,0.0,0.84,21,0.84,0,79
3628,1,0,0.0,0.84,21,0.84,0,79
3629,0,-1,-0.0,0.84,21,0.84,0,79
3630,1,0,0.0,0.84,21,0.84,0,79
3631,1,0,0.0,0.84,21,0.84,0,79
3632,1,0,0.0,0.84,21,0.84,0,79
3633,0,-1,36.652122,0.8,20,0.8,0,79
3634,2,1,-139.45193,0.88,22,0.88,1,79
3635,0,-1,-16.656126,0.88,22,0.88,0,79
3636,1,0,0.0,0.88,22,0.88,0,79
3637,0,-1,79.10773,0.84,21,0.84,0,79
3638,2,1,-909.807,0.96,24,0.96,0,79
3639,0,-1,-27.100813,0.96,24,0.96,0,79
3640,0,-1,-0.0,0.96,24,0.96,0,79
3641,0,-1,-17.12866,0.96,24,0.96,0,79
3642,1,0,0.0,0.96,24,0.96,0,79
3643,0,-1,-0.0018551295,0.96,24,0.96,0,79
3644,2,1,-1000.0,0.0,0,0.0,0,79
3645,2,1,-4.1406527,0.2,5,0.2,0,80
3646,0,-1,4.1406527,0.16,4,0.16,0,80
3647,2,1,28.364332,0.2,5,0.2,0,80
3648,2,1,28.208652,0.24,6,0.24,0,80
3649,2,1,26.773045,0.28,7,0.28,0,80
3650,0,-1,-26.773045,0.24,6,0.24,0,80
3651,2,1,26.773045,0.28,7,0.28,0,80
3652,1,0,0.0,0.28,7,0.28,0,80
3653,2,1,21.334368,0.36,9,0.36,0,80
3654,1,0,0.0,0.36,9,0.36,0,80
3655,0,-1,-0.0,0.36,9,0.36,0,80
3656,2,1,9.33523,0.48,12,0.48,0,80
3657,0,-1,-0.0,0.48,12,0.48,0,80
3658,1,0,0.0,0.48,12,0.48,0,80
3659,0,-1,-0.0,0.48,12,0.48,0,80
3660,2,1,11.372195,0.56,14,0.56,0,80
3661,2,1,-67.389725,0.76,19,0.76,0,80
3662,0,-1,-0.0040504737,0.76,19,0.76,0,80
3663,2,1,-41.98597,0.8,20,0.8,0,80
3664,2,1,-35.03337,0.84,21,0.84,0,80
3665,2,1,-78.31666,0.88,22,0.88,1,80
3666,1,0,0.0,0.88,22,0.88,0,80
3667,0,-1,-22.318499,0.88,22,0.88,0,80
3668,0,-1,-22.396759,0.88,22,0.88,0,80
3669,2,1,-182.82341,0.92,23,0.92,0,80
3670,2,1,-615.71735,0.96,24,0.96,0,80
3671,0,-1,-2.235323e-06,0.96,24,0.96,0,80
3672,2,1,-1000.0,0.0,0,0.0,0,80
3673,2,1,28.346605,0.2,5,0.2,0,81
3674,2,1,-4.278687,0.24,6,0.24,0,81
3675,1,0,0.0,0.24,6,0.24,0,81
3676,0,-1,-0.0,0.24,6,0.24,0,81
3677,2,1,27.98924,0.28,7,0.28,0,81
3678,2,1,-4.847297,0.32,8,0.32,0,81
3679,2,1,22.976604,0.36,9,0.36,0,81
3680,2,1,25.454552,0.4,10,0.4,0,81
3681,0,-1,-0.2743589,0.4,10,0.4,0,81
3682,1,0,0.0,0.4,10,0.4,0,81
3683,1,0,0.0,0.4,10,0.4,0,81
3684,1,0,0.0,0.4,10,0.4,0,81
3685,1,0,0.0,0.4,10,0.4,0,81
3686,0,-1,5.828954,0.36,9,0.36,0,81
3687,2,1,25.459835,0.4,10,0.4,0,81
3688,2,1,6.5802827,0.52,13,0.52,0,81
3689,2,1,4.900119,0.6,15,0.6,0,81
3690,2,1,11.717475,0.64,16,0.64,0,81
3691,0,-1,-0.0,0.64,16,0.64,0,81
3692,1,0,0.0,0.64,16,0.64,0,81
3693,0,-1,-14.2147665,0.6,15,0.6,0,81
3694,0,-1,-0.0,0.6,15,0.6,0,81
3695,2,1,15.365936,0.64,16,0.64,0,81
3696,1,0,0.0,0.64,16,0.64,0,81
3697,0,-1,-11.717475,0.6,15,0.6,0,81
3698,0,-1,-0.0,0.6,15,0.6,0,81
3699,0,-1,-0.0,0.6,15,0.6,0,81
3700,2,1,11.853814,0.64,16,0.64,0,81
3701,0,-1,-12.322523,0.6,15,0.6,1,81
3702,1,0,0.0,0.6,15,0.6,0,81
3703,1,0,0.0,0.6,15,0.6,0,81
3704,1,0,0.0,0.6,15,0.6,0,81
3705,2,1,15.3420105,0.64,16,0.64,0,81
3706,1,0,0.0,0.64,16,0.64,0,81
3707,0,-1,-0.0,0.64,16,0.64,0,81
3708,2,1,-11.614353,0.72,18,0.72,0,81
3709,2,1,-45.45072,0.8,20,0.8,0,81
3710,1,0,0.0,0.8,20,0.8,0,81
3711,0,-1,-0.0014851982,0.8,20,0.8,0,81
3712,0,-1,-0.0,0.8,20,0.8,0,81
3713,0,-1,-0.0,0.8,20,0.8,0,81
3714,2,1,-62.80402,0.84,21,0.84,0,81
3715,1,0,0.0,0.84,21,0.84,0,81
3716,2,1,-104.45696,0.88,22,0.88,0,81
3717,1,0,0.0,0.88,22,0.88,0,81
3718,0,-1,-24.956684,0.88,22,0.88,0,81
3719,1,0,0.0,0.88,22,0.88,0,81
3720,2,1,-180.85985,0.92,23,0.92,0,81
3721,0,-1,184.43753,0.88,22,0.88,0,81
3722,1,0,0.0,0.88,22,0.88,0,81
3723,0,-1,-0.0,0.88,22,0.88,1,81
3724,2,1,-184.49529,0.92,23,0.92,1,81
3725,0,-1,180.87976,0.88,22,0.88,0,81
3726,2,1,-804.86725,0.96,24,0.96,0,81
3727,0,-1,599.9378,0.92,23,0.92,0,81
3728,2,1,26.331205,1.0,25,1.0,0,81
3729,2,1,-1000.0,0.0,0,0.0,0,81
3730,2,1,-4.1407347,0.2,5,0.2,0,82
3731,2,1,28.208652,0.24,6,0.24,0,82
3732,2,1,-4.515744,0.28,7,0.28,0,82
3733,1,0,0.0,0.28,7,0.28,0,82
3734,0,-1,4.515826,0.24,6,0.24,0,82
3735,2,1,27.98924,0.28,7,0.28,1,82
3736,0,-1,-23.2553,0.24,6,0.24,0,82
3737,1,0,0.0,0.24,6,0.24,0,82
3738,1,0,0.0,0.24,6,0.24,0,82
3739,2,1,19.00273,0.32,8,0.32,1,82
3740,1,0,0.0,0.32,8,0.32,0,82
3741,2,1,26.121428,0.36,9,0.36,0,82
3742,1,0,0.0,0.36,9,0.36,0,82
3743,0,-1,-23.180542,0.32,8,0.32,1,82
3744,2,1,15.900621,0.36,9,0.36,0,82
3745,1,0,0.0,0.36,9,0.36,0,82
3746,2,1,18.466928,0.4,10,0.4,0,82
3747,2,1,6.3465877,0.52,13,0.52,0,82
3748,2,1,7.527116,0.6,15,0.6,0,82
3749,2,1,-0.51685286,0.68,17,0.68,0,82
3750,0,-1,-12.7515545,0.64,16,0.64,0,82
3751,2,1,11.732725,0.68,17,0.68,0,82
3752,0,-1,-6.5606165,0.64,16,0.64,0,82
3753,1,0,0.0,0.64,16,0.64,0,82
3754,2,1,-9.869714,0.72,18,0.72,0,82
3755,0,-1,-0.0029082987,0.72,18,0.72,1,82
3756,0,-1,-27.49755,0.72,18,0.72,0,82
3757,0,-1,-0.0,0.72,18,0.72,0,82
3758,2,1,-42.773796,0.8,20,0.8,0,82
3759,2,1,-347.39688,0.92,23,0.92,0,82
3760,0,-1,-0.0,0.92,23,0.92,0,82
3761,1,0,0.0,0.92,23,0.92,0,82
3762,1,0,0.0,0.92,23,0.92,0,82
3763,0,-1,179.66527,0.88,22,0.88,0,82
3764,2,1,-182.19711,0.92,23,0.92,0,82
3765,2,1,27.854078,1.0,25,1.0,0,82
3766,1,0,-1000.0,0.0,0,0.0,0,82
3767,1,0,0.0,0.16,4,0.16,0,83
3768,2,1,28.364332,0.2,5,0.2,0,83
3769,1,0,0.0,0.2,5,0.2,0,83
3770,2,1,23.955872,0.28,7,0.28,0,83
3771,0,-1,-0.0,0.28,7,0.28,0,83
3772,0,-1,-26.773045,0.24,6,0.24,0,83
3773,2,1,18.678572,0.32,8,0.32,0,83
3774,0,-1,-27.639961,0.28,7,0.28,0,83
3775,1,0,0.0,0.28,7,0.28,0,83
3776,2,1,16.79483,0.4,10,0.4,0,83
3777,1,0,0.0,0.4,10,0.4,0,83
3778,0,-1,-20.310715,0.36,9,0.36,0,83
3779,2,1,14.258608,0.44,11,0.44,0,83
3780,0,-1,-0.0,0.44,11,0.44,0,83
3781,2,1,-7.391865,0.48,12,0.48,0,83
3782,2,1,-8.498275,0.52,13,0.52,1,83
3783,0,-1,-6.078961,0.48,12,0.48,0,83
3784,1,0,0.0,0.48,12,0.48,0,83
3785,1,0,0.0,0.48,12,0.48,0,83
3786,2,1,13.000922,0.56,14,0.56,0,83
3787,1,0,0.0,0.56,14,0.56,0,83
3788,1,0,0.0,0.56,14,0.56,0,83
3789,0,-1,-14.976146,0.52,13,0.52,0,83
3790,2,1,13.915462,0.56,14,0.56,0,83
3791,0,-1,-0.0,0.56,14,0.56,0,83
3792,1,0,0.0,0.56,14,0.56,0,83
3793,0,-1,-0.0,0.56,14,0.56,0,83
3794,1,0,0.0,0.56,14,0.56,0,83
3795,0,-1,-13.915462,0.52,13,0.52,0,83
3796,0,-1,-0.0,0.52,13,0.52,0,83
3797,2,1,16.264164,0.56,14,0.56,0,83
3798,0,-1,-0.0,0.56,14,0.56,0,83
3799,0,-1,-0.0,0.56,14,0.56,0,83
3800,2,1,-11.786339,0.6,15,0.6,0,83
3801,2,1,14.241548,0.64,16,0.64,0,83
3802,0,-1,-24.98039,0.64,16,0.64,0,83
3803,1,0,0.0,0.64,16,0.64,1,83
3804,2,1,11.870561,0.68,17,0.68,0,83
3805,1,0,0.0,0.68,17,0.68,0,83
3806,2,1,5.0553613,0.72,18,0.72,0,83
3807,1,0,0.0,0.72,18,0.72,0,83
3808,2,1,-1.3243324,0.76,19,0.76,0,83
3809,0,-1,1.3243324,0.72,18,0.72,0,83
3810,2,1,-105.66491,0.84,21,0.84,0,83
3811,1,0,0.0,0.84,21,0.84,0,83
3812,2,1,-78.909386,0.88,22,0.88,0,83
3813,0,-1,-17.723282,0.88,22,0.88,0,83
3814,1,0,0.0,0.88,22,0.88,0,83
3815,1,0,0.0,0.88,22,0.88,0,83
3816,2,1,-807.00226,0.96,24,0.96,0,83
3817,2,1,25.323793,1.0,25,1.0,1,83
3818,2,1,-1000.0,0.0,0,0.0,0,83
3819,2,1,28.364332,0.2,5,0.2,0,84
3820,1,0,0.0,0.2,5,0.2,0,84
3821,2,1,-4.278687,0.24,6,0.24,0,84
3822,2,1,27.971514,0.28,7,0.28,0,84
3823,1,0,0.0,0.28,7,0.28,0,84
3824,0,-1,-27.971514,0.24,6,0.24,0,84
3825,2,1,23.38718,0.32,8,0.32,0,84
3826,0,-1,-0.0,0.32,8,0.32,0,84
3827,2,1,11.36038,0.44,11,0.44,0,84
3828,2,1,23.892282,0.48,12,0.48,0,84
3829,0,-1,-23.892282,0.44,11,0.44,1,84
3830,1,0,0.0,0.44,11,0.44,0,84
3831,2,1,15.531043,0.52,13,0.52,0,84
3832,1,0,0.0,0.52,13,0.52,0,84
3833,0,-1,-25.089266,0.52,13,0.52,0,84
3834,2,1,5.0757427,0.6,15,0.6,0,84
3835,1,0,0.0,0.6,15,0.6,0,84
3836,2,1,-7.2664647,0.68,17,0.68,0,84
3837,0,-1,1.5342662,0.64,16,0.64,0,84
3838,1,0,0.0,0.64,16,0.64,0,84
3839,2,1,-12.104342,0.72,18,0.72,0,84
3840,1,0,0.0,0.72,18,0.72,0,84
3841,2,1,-42.354614,0.8,20,0.8,0,84
3842,2,1,-140.45491,0.88,22,0.88,0,84
3843,2,1,-807.25336,0.96,24,0.96,0,84
3844,1,0,0.0,0.96,24,0.96,0,84
3845,1,0,0.0,0.96,24,0.96,0,84
3846,2,1,-1000.0,0.0,0,0.0,0,84
3847,2,1,28.364332,0.2,5,0.2,0,85
3848,2,1,28.208652,0.24,6,0.24,0,85
3849,1,0,0.0,0.24,6,0.24,0,85
3850,2,1,26.767761,0.28,7,0.28,0,85
3851,1,0,0.0,0.28,7,0.28,0,85
3852,0,-1,-26.767761,0.24,6,0.24,0,85
3853,2,1,26.773045,0.28,7,0.28,0,85
3854,2,1,-4.847297,0.32,8,0.32,0,85
3855,2,1,17.881195,0.4,10,0.4,0,85
3856,2,1,12.69634,0.48,12,0.48,0,85
3857,1,0,0.0,0.48,12,0.48,0,85
3858,0,-1,-19.217155,0.44,11,0.44,0,85
3859,1,0,0.0,0.44,11,0.44,0,85
3860,0,-1,-0.004909076,0.44,11,0.44,0,85
3861,1,0,0.0,0.44,11,0.44,0,85
3862,0,-1,-0.0,0.44,11,0.44,0,85
3863,2,1,10.846477,0.52,13,0.52,0,85
3864,2,1,14.306418,0.56,14,0.56,0,85
3865,1,0,0.0,0.56,14,0.56,0,85
3866,0,-1,-14.306418,0.52,13,0.52,0,85
3867,1,0,0.0,0.52,13,0.52,0,85
3868,1,0,0.0,0.52,13,0.52,0,85
3869,0,-1,-0.0,0.52,13,0.52,0,85
3870,1,0,0.0,0.52,13,0.52,0,85
3871,1,0,0.0,0.52,13,0.52,0,85
3872,0,-1,-0.0012273843,0.52,13,0.52,0,85
3873,1,0,0.0,0.52,13,0.52,0,85
3874,1,0,0.0,0.52,13,0.52,0,85
3875,2,1,21.362164,0.56,14,0.56,0,85
3876,1,0,0.0,0.56,14,0.56,1,85
3877,2,1,12.515463,0.6,15,0.6,0,85
3878,2,1,15.3397,0.64,16,0.64,0,85
3879,1,0,0.0,0.64,16,0.64,0,85
3880,2,1,-9.982359,0.68,17,0.68,0,85
3881,1,0,0.0,0.68,17,0.68,1,85
3882,0,-1,-6.6365466,0.64,16,0.64,0,85
3883,2,1,9.030749,0.68,17,0.68,0,85
3884,1,0,0.0,0.68,17,0.68,0,85
3885,0,-1,-20.985172,0.68,17,0.68,0,85
3886,0,-1,-0.17457521,0.68,17,0.68,0,85
3887,2,1,-22.992443,0.76,19,0.76,0,85
3888,1,0,0.0,0.76,19,0.76,0,85
3889,0,-1,-0.0,0.76,19,0.76,0,85
3890,2,1,-77.34275,0.84,21,0.84,0,85
3891,2,1,-285.16006,0.92,23,0.92,0,85
3892,1,0,0.0,0.92,23,0.92,0,85
3893,1,0,0.0,0.92,23,0.92,0,85
3894,1,0,0.0,0.92,23,0.92,0,85
3895,1,0,0.0,0.92,23,0.92,0,85
3896,0,-1,-0.058909174,0.92,23,0.92,1,85
3897,2,1,-601.2861,0.96,24,0.96,0,85
3898,1,0,0.0,0.96,24,0.96,1,85
3899,2,1,-1000.0,0.0,0,0.0,0,85
3900,2,1,28.364332,0.2,5,0.2,0,86
3901,0,-1,-0.0,0.2,5,0.2,0,86
3902,2,1,19.247265,0.28,7,0.28,0,86
3903,2,1,22.623116,0.36,9,0.36,0,86
3904,1,0,0.0,0.36,9,0.36,0,86
3905,0,-1,-0.0,0.36,9,0.36,0,86
3906,2,1,14.258608,0.44,11,0.44,0,86
3907,1,0,0.0,0.44,11,0.44,0,86
3908,1,0,0.0,0.44,11,0.44,0,86
3909,1,0,0.0,0.44,11,0.44,0,86
3910,0,-1,-20.088236,0.4,10,0.4,0,86
3911,1,0,0.0,0.4,10,0.4,1,86
3912,2,1,18.5584,0.44,11,0.44,0,86
3913,2,1,7.2927275,0.48,12,0.48,0,86
3914,1,0,0.0,0.48,12,0.48,0,86
3915,2,1,22.731699,0.52,13,0.52,0,86
3916,2,1,-12.866971,0.64,16,0.64,0,86
3917,2,1,11.9297085,0.68,17,0.68,0,86
3918,0,-1,-0.0,0.68,17,0.68,0,86
3919,1,0,0.0,0.68,17,0.68,0,86
3920,0,-1,-5.0929866,0.64,16,0.64,0,86
3921,1,0,0.0,0.64,16,0.64,0,86
3922,1,0,0.0,0.64,16,0.64,1,86
3923,1,0,0.0,0.64,16,0.64,0,86
3924,2,1,-11.355315,0.72,18,0.72,0,86
3925,2,1,-42.034946,0.8,20,0.8,0,86
3926,0,-1,-0.20056807,0.8,20,0.8,0,86
3927,0,-1,-0.003477477,0.8,20,0.8,0,86
3928,0,-1,12.926644,0.76,19,0.76,0,86
3929,2,1,-16.24027,0.8,20,0.8,0,86
3930,0,-1,-24.46311,0.8,20,0.8,0,86
3931,2,1,-35.54683,0.84,21,0.84,0,86
3932,1,0,0.0,0.84,21,0.84,0,86
3933,1,0,0.0,0.84,21,0.84,0,86
3934,2,1,-293.49786,0.92,23,0.92,0,86
3935,0,-1,-0.0,0.92,23,0.92,0,86
3936,0,-1,-1.8821339e-07,0.92,23,0.92,0,86
3937,2,1,-597.55493,0.96,24,0.96,0,86
3938,2,1,25.526346,1.0,25,1.0,0,86
3939,1,0,-1000.0,0.0,0,0.0,0,86
3940,2,1,28.364332,0.2,5,0.2,0,87
3941,1,0,0.0,0.2,5,0.2,0,87
3942,2,1,28.208652,0.24,6,0.24,0,87
3943,2,1,26.773045,0.28,7,0.28,0,87
3944,1,0,0.0,0.28,7,0.28,0,87
3945,1,0,0.0,0.28,7,0.28,0,87
3946,1,0,0.0,0.28,7,0.28,0,87
3947,0,-1,-0.0,0.28,7,0.28,0,87
3948,2,1,26.436209,0.32,8,0.32,0,87
3949,1,0,0.0,0.32,8,0.32,0,87
3950,0,-1,-26.441492,0.28,7,0.28,0,87
3951,2,1,21.33844,0.36,9,0.36,0,87
3952,1,0,0.0,0.36,9,0.36,0,87
3953,1,0,0.0,0.36,9,0.36,0,87
3954,1,0,0.0,0.36,9,0.36,0,87
3955,1,0,0.0,0.36,9,0.36,0,87
3956,1,0,0.0,0.36,9,0.36,0,87
3957,2,1,9.33523,0.48,12,0.48,1,87
3958,0,-1,-21.065252,0.44,11,0.44,0,87
3959,2,1,22.140333,0.48,12,0.48,0,87
3960,2,1,-1.2054985,0.6,15,0.6,0,87
3961,0,-1,-0.002930455,0.6,15,0.6,1,87
3962,1,0,0.0,0.6,15,0.6,0,87
3963,0,-1,-16.59317,0.56,14,0.56,0,87
3964,2,1,13.152289,0.6,15,0.6,0,87
3965,1,0,0.0,0.6,15,0.6,0,87
3966,2,1,-9.004991,0.68,17,0.68,0,87
3967,2,1,4.063123,0.72,18,0.72,0,87
3968,1,0,0.0,0.72,18,0.72,0,87
3969,1,0,0.0,0.72,18,0.72,0,87
3970,0,-1,-0.038460445,0.68,17,0.68,0,87
3971,2,1,6.09774,0.72,18,0.72,1,87
3972,0,-1,-0.0,0.72,18,0.72,0,87
3973,2,1,-44.608562,0.8,20,0.8,0,87
3974,2,1,-347.376,0.92,23,0.92,0,87
3975,1,0,0.0,0.92,23,0.92,0,87
3976,2,1,-1000.0,0.0,0,0.0,0,87
3977,2,1,-4.1407347,0.2,5,0.2,0,88
3978,0,-1,4.1407347,0.16,4,0.16,0,88
3979,2,1,28.346605,0.2,5,0.2,1,88
3980,2,1,28.208702,0.24,6,0.24,0,88
3981,2,1,19.014563,0.32,8,0.32,0,88
3982,2,1,17.31307,0.36,9,0.36,0,88
3983,2,1,25.405802,0.4,10,0.4,0,88
3984,0,-1,-25.405802,0.36,9,0.36,0,88
3985,0,-1,-23.086208,0.32,8,0.32,0,88
3986,2,1,17.962793,0.4,10,0.4,0,88
3987,2,1,7.9892306,0.48,12,0.48,0,88
3988,1,0,0.0,0.48,12,0.48,0,88
3989,0,-1,-27.697712,0.48,12,0.48,0,88
3990,1,0,0.0,0.48,12,0.48,0,88
3991,2,1,8.996407,0.56,14,0.56,0,88
3992,2,1,13.193237,0.6,15,0.6,0,88
3993,0,-1,-15.199312,0.56,14,0.56,0,88
3994,0,-1,-0.0,0.56,14,0.56,0,88
3995,0,-1,-0.0,0.56,14,0.56,0,88
3996,1,0,0.0,0.56,14,0.56,0,88
3997,1,0,0.0,0.56,14,0.56,0,88
3998,1,0,0.0,0.56,14,0.56,1,88
3999,2,1,5.0328083,0.64,16,0.64,0,88
4000,1,0,0.0,0.64,16,0.64,0,88
4001,1,0,0.0,0.64,16,0.64,0,88
4002,0,-1,-0.0,0.64,16,0.64,0,88
4003,0,-1,-13.852279,0.6,15,0.6,0,88
4004,0,-1,-0.0,0.6,15,0.6,0,88
4005,1,0,0.0,0.6,15,0.6,0,88
4006,2,1,-0.7979091,0.68,17,0.68,0,88
4007,2,1,4.3250895,0.72,18,0.72,0,88
4008,2,1,-43.475147,0.8,20,0.8,0,88
4009,2,1,-137.70346,0.88,22,0.88,0,88
4010,1,0,0.0,0.88,22,0.88,0,88
4011,2,1,-810.19836,0.96,24,0.96,0,88
4012,1,0,0.0,0.96,24,0.96,0,88
4013,0,-1,604.89764,0.92,23,0.92,1,88
4014,2,1,-596.8081,0.96,24,0.96,0,88
4015,0,-1,598.23364,0.92,23,0.92,0,88
4016,1,0,0.0,0.92,23,0.92,0,88
4017,2,1,-597.61884,0.96,24,0.96,0,88
4018,1,0,0.0,0.96,24,0.96,0,88
4019,1,0,0.0,0.96,24,0.96,0,88
4020,2,1,28.880306,1.0,25,1.0,0,88
4021,0,-1,-1000.0,0.0,0,0.0,0,88
4022,2,1,-4.1407347,0.2,5,0.2,0,89
4023,2,1,28.22638,0.24,6,0.24,0,89
4024,1,0,0.0,0.24,6,0.24,0,89
4025,0,-1,4.278687,0.2,5,0.2,0,89
4026,0,-1,-28.364332,0.16,4,0.16,0,89
4027,2,1,28.346605,0.2,5,0.2,0,89
4028,0,-1,-28.346605,0.16,4,0.16,0,89
4029,2,1,28.346605,0.2,5,0.2,0,89
4030,2,1,28.22638,0.24,6,0.24,0,89
4031,1,0,0.0,0.24,6,0.24,0,89
4032,0,-1,-0.0,0.24,6,0.24,0,89
4033,1,0,0.0,0.24,6,0.24,0,89
4034,2,1,18.678572,0.32,8,0.32,0,89
4035,2,1,26.003696,0.36,9,0.36,0,89
4036,0,-1,-26.003696,0.32,8,0.32,0,89
4037,2,1,26.003696,0.36,9,0.36,0,89
4038,1,0,0.0,0.36,9,0.36,0,89
4039,1,0,0.0,0.36,9,0.36,0,89
4040,0,-1,-26.003696,0.32,8,0.32,0,89
4041,1,0,0.0,0.32,8,0.32,0,89
4042,1,0,0.0,0.32,8,0.32,0,89
4043,2,1,17.146978,0.4,10,0.4,0,89
4044,0,-1,-0.0,0.4,10,0.4,1,89
4045,0,-1,-22.550047,0.36,9,0.36,0,89
4046,2,1,25.41577,0.4,10,0.4,0,89
4047,2,1,17.476543,0.48,12,0.48,0,89
4048,1,0,0.0,0.48,12,0.48,0,89
4049,2,1,17.101421,0.52,13,0.52,0,89
4050,0,-1,-0.0,0.52,13,0.52,0,89
4051,2,1,8.002569,0.6,15,0.6,0,89
4052,1,0,0.0,0.6,15,0.6,0,89
4053,1,0,0.0,0.6,15,0.6,0,89
4054,0,-1,-26.374348,0.6,15,0.6,0,89
4055,1,0,0.0,0.6,15,0.6,0,89
4056,1,0,0.0,0.6,15,0.6,1,89
4057,2,1,-3.2213097,0.68,17,0.68,0,89
4058,1,0,0.0,0.68,17,0.68,0,89
4059,1,0,0.0,0.68,17,0.68,0,89
4060,0,-1,-0.023459852,0.68,17,0.68,0,89
4061,2,1,0.4185504,0.72,18,0.72,0,89
4062,1,0,0.0,0.72,18,0.72,0,89
4063,1,0,0.0,0.72,18,0.72,0,89
4064,1,0,0.0,0.72,18,0.72,0,89
4065,1,0,0.0,0.72,18,0.72,0,89
4066,1,0,0.0,0.72,18,0.72,0,89
4067,1,0,0.0,0.72,18,0.72,0,89
4068,1,0,0.0,0.72,18,0.72,0,89
4069,2,1,-45.416958,0.8,20,0.8,0,89
4070,0,-1,18.891626,0.76,19,0.76,1,89
4071,0,-1,3.7256482,0.72,18,0.72,0,89
4072,0,-1,0.23418975,0.68,17,0.68,0,89
4073,0,-1,-0.0,0.68,17,0.68,0,89
4074,0,-1,-0.0,0.68,17,0.68,1,89
4075,1,0,0.0,0.68,17,0.68,0,89
4076,2,1,-25.612501,0.76,19,0.76,0,89
4077,2,1,-16.918356,0.8,20,0.8,0,89
4078,0,-1,16.918356,0.76,19,0.76,0,89
4079,2,1,-16.552015,0.8,20,0.8,0,89
4080,2,1,-141.54185,0.88,22,0.88,0,89
4081,1,0,0.0,0.88,22,0.88,0,89
4082,2,1,-804.89594,0.96,24,0.96,0,89
4083,0,-1,-26.37035,0.96,24,0.96,0,89
4084,2,1,26.009296,1.0,25,1.0,0,89
4085,0,-1,-1000.0,0.0,0,0.0,0,89
4086,2,1,28.346605,0.2,5,0.2,0,90
4087,1,0,0.0,0.2,5,0.2,0,90
4088,1,0,0.0,0.2,5,0.2,0,90
4089,2,1,23.968313,0.28,7,0.28,0,90
4090,1,0,0.0,0.28,7,0.28,0,90
4091,1,0,0.0,0.28,7,0.28,0,90
4092,2,1,26.441492,0.32,8,0.32,0,90
4093,1,0,0.0,0.32,8,0.32,0,90
4094,2,1,17.146978,0.4,10,0.4,0,90
4095,1,0,0.0,0.4,10,0.4,0,90
4096,2,1,6.5802827,0.52,13,0.52,0,90
4097,2,1,-9.921978,0.56,14,0.56,0,90
4098,0,-1,-18.579277,0.52,13,0.52,0,90
4099,2,1,-9.921985,0.56,14,0.56,0,90
4100,1,0,0.0,0.56,14,0.56,0,90
4101,1,0,0.0,0.56,14,0.56,0,90
4102,1,0,0.0,0.56,14,0.56,0,90
4103,0,-1,-18.120945,0.52,13,0.52,0,90
4104,0,-1,8.4982815,0.48,12,0.48,0,90
4105,1,0,0.0,0.48,12,0.48,1,90
4106,0,-1,-0.0,0.48,12,0.48,0,90
4107,2,1,21.108196,0.52,13,0.52,0,90
4108,2,1,19.743628,0.56,14,0.56,0,90
4109,2,1,2.621692,0.64,16,0.64,0,90
4110,0,-1,-0.0,0.64,16,0.64,0,90
4111,2,1,9.829839,0.68,17,0.68,0,90
4112,1,0,0.0,0.68,17,0.68,0,90
4113,2,1,-128.39468,0.84,21,0.84,0,90
4114,1,0,0.0,0.84,21,0.84,0,90
4115,0,-1,44.060604,0.8,20,0.8,0,90
4116,1,0,0.0,0.8,20,0.8,0,90
4117,0,-1,-0.016564338,0.8,20,0.8,0,90
4118,2,1,-347.9897,0.92,23,0.92,0,90
4119,1,0,0.0,0.92,23,0.92,0,90
4120,2,1,26.727936,1.0,25,1.0,0,90
4121,1,0,-1000.0,0.0,0,0.0,0,90
4122,2,1,28.346605,0.2,5,0.2,0,91
4123,1,0,0.0,0.2,5,0.2,0,91
4124,1,0,0.0,0.2,5,0.2,0,91
4125,2,1,28.22638,0.24,6,0.24,0,91
4126,2,1,26.773045,0.28,7,0.28,0,91
4127,1,0,0.0,0.28,7,0.28,0,91
4128,2,1,13.033225,0.4,10,0.4,0,91
4129,2,1,24.763365,0.44,11,0.44,0,91
4130,0,-1,-0.0038925202,0.44,11,0.44,0,91
4131,0,-1,-0.0,0.44,11,0.44,0,91
4132,1,0,0.0,0.44,11,0.44,0,91
4133,1,0,0.0,0.44,11,0.44,0,91
4134,2,1,13.816452,0.52,13,0.52,0,91
4135,2,1,16.218325,0.56,14,0.56,0,91
4136,2,1,3.7190814,0.64,16,0.64,0,91
4137,1,0,0.0,0.64,16,0.64,0,91
4138,0,-1,-11.853814,0.6,15,0.6,1,91
4139,0,-1,-14.994201,0.56,14,0.56,0,91
4140,2,1,0.68926495,0.64,16,0.64,0,91
4141,0,-1,-0.0011828677,0.64,16,0.64,0,91
4142,2,1,-12.389157,0.72,18,0.72,0,91
4143,2,1,-45.94997,0.8,20,0.8,0,91
4144,0,-1,-0.0,0.8,20,0.8,0,91
4145,0,-1,-0.0,0.8,20,0.8,0,91
4146,0,-1,-23.75646,0.8,20,0.8,0,91
4147,0,-1,-0.0,0.8,20,0.8,0,91
4148,0,-1,16.023462,0.76,19,0.76,0,91
4149,1,0,0.0,0.76,19,0.76,0,91
4150,1,0,0.0,0.76,19,0.76,0,91
4151,0,-1,-0.0,0.76,19,0.76,0,91
4152,2,1,-78.21317,0.84,21,0.84,0,91
4153,2,1,-285.57068,0.92,23,0.92,1,91
4154,0,-1,-23.084522,0.92,23,0.92,0,91
4155,1,0,0.0,0.92,23,0.92,0,91
4156,2,1,25.45223,1.0,25,1.0,0,91
4157,1,0,-1000.0,0.0,0,0.0,0,91
4158,2,1,28.364332,0.2,5,0.2,0,92
4159,2,1,23.955872,0.28,7,0.28,0,92
4160,2,1,21.334368,0.36,9,0.36,0,92
4161,2,1,23.820692,0.4,10,0.4,0,92
4162,0,-1,-0.0,0.4,10,0.4,0,92
4163,2,1,-6.5202236,0.44,11,0.44,0,92
4164,2,1,3.4263225,0.56,14,0.56,0,92
4165,1,0,0.0,0.56,14,0.56,0,92
4166,0,-1,-0.0,0.56,14,0.56,0,92
4167,2,1,14.217087,0.6,15,0.6,0,92
4168,2,1,9.9522505,0.64,16,0.64,1,92
4169,1,0,0.0,0.64,16,0.64,0,92
4170,0,-1,-0.0,0.64,16,0.64,0,92
4171,0,-1,-0.0,0.64,16,0.64,0,92
4172,0,-1,-9.880148,0.6,15,0.6,0,92
4173,0,-1,-14.177183,0.56,14,0.56,0,92
4174,1,0,0.0,0.56,14,0.56,0,92
4175,1,0,0.0,0.56,14,0.56,0,92
4176,2,1,0.8507494,0.64,16,0.64,0,92
4177,0,-1,-10.824005,0.6,15,0.6,0,92
4178,2,1,-2.6753173,0.64,16,0.64,0,92
4179,1,0,0.0,0.64,16,0.64,1,92
4180,1,0,0.0,0.64,16,0.64,0,92
4181,1,0,0.0,0.64,16,0.64,0,92
4182,2,1,7.3612714,0.68,17,0.68,0,92
4183,1,0,0.0,0.68,17,0.68,0,92
4184,1,0,0.0,0.68,17,0.68,0,92
4185,1,0,0.0,0.68,17,0.68,0,92
4186,1,0,0.0,0.68,17,0.68,1,92
4187,1,0,0.0,0.68,17,0.68,0,92
4188,1,0,0.0,0.68,17,0.68,0,92
4189,1,0,0.0,0.68,17,0.68,0,92
4190,0,-1,-0.0,0.68,17,0.68,0,92
4191,2,1,5.070322,0.72,18,0.72,0,92
4192,2,1,-43.69608,0.8,20,0.8,0,92
4193,0,-1,-14.98659,0.8,20,0.8,0,92
4194,1,0,0.0,0.8,20,0.8,0,92
4195,0,-1,-0.0,0.8,20,0.8,0,92
4196,0,-1,25.74524,0.76,19,0.76,0,92
4197,0,-1,5.007393,0.72,18,0.72,0,92
4198,1,0,0.0,0.72,18,0.72,0,92
4199,1,0,0.0,0.72,18,0.72,0,92
4200,0,-1,-25.387661,0.72,18,0.72,0,92
4201,0,-1,-4.044998,0.68,17,0.68,0,92
4202,2,1,-232.80646,0.88,22,0.88,0,92
4203,2,1,-806.9772,0.96,24,0.96,0,92
4204,0,-1,-20.662666,0.96,24,0.96,0,92
4205,2,1,-1000.0,0.0,0,0.0,0,92
4206,2,1,28.346605,0.2,5,0.2,0,93
4207,2,1,19.461393,0.28,7,0.28,0,93
4208,1,0,0.0,0.28,7,0.28,0,93
4209,2,1,27.657686,0.32,8,0.32,0,93
4210,2,1,-5.27981,0.36,9,0.36,0,93
4211,1,0,0.0,0.36,9,0.36,0,93
4212,2,1,25.459835,0.4,10,0.4,0,93
4213,2,1,17.550112,0.48,12,0.48,0,93
4214,1,0,0.0,0.48,12,0.48,0,93
4215,1,0,0.0,0.48,12,0.48,0,93
4216,2,1,11.372195,0.56,14,0.56,0,93
4217,2,1,15.983896,0.6,15,0.6,0,93
4218,2,1,11.717475,0.64,16,0.64,0,93
4219,2,1,-41.699993,0.76,19,0.76,0,93
4220,2,1,-78.90172,0.84,21,0.84,0,93
4221,2,1,-104.45697,0.88,22,0.88,0,93
4222,2,1,-807.9676,0.96,24,0.96,0,93
4223,1,0,0.0,0.96,24,0.96,0,93
4224,0,-1,-0.0,0.96,24,0.96,0,93
4225,1,0,0.0,0.96,24,0.96,0,93
4226,1,0,0.0,0.96,24,0.96,0,93
4227,1,0,0.0,0.96,24,0.96,1,93
4228,2,1,23.65652,1.0,25,1.0,1,93
4229,1,0,-1000.0,0.0,0,0.0,0,93
4230,0,-1,-0.0,0.16,4,0.16,0,94
4231,1,0,0.0,0.16,4,0.16,0,94
4232,2,1,-4.1406527,0.2,5,0.2,0,94
4233,0,-1,4.1406527,0.16,4,0.16,0,94
4234,2,1,28.364332,0.2,5,0.2,0,94
4235,2,1,28.208652,0.24,6,0.24,0,94
4236,2,1,26.773045,0.28,7,0.28,0,94
4237,2,1,21.334368,0.36,9,0.36,0,94
4238,2,1,23.820692,0.4,10,0.4,0,94
4239,0,-1,-0.0,0.4,10,0.4,1,94
4240,0,-1,-0.0,0.4,10,0.4,0,94
4241,2,1,21.48342,0.44,11,0.44,0,94
4242,2,1,-8.421241,0.6,15,0.6,0,94
4243,2,1,11.331601,0.64,16,0.64,0,94
4244,2,1,-42.543797,0.76,19,0.76,0,94
4245,2,1,-78.68244,0.84,21,0.84,0,94
4246,2,1,-912.87317,0.96,24,0.96,0,94
4247,2,1,-1000.0,0.0,0,0.0,0,94
4248,0,-1,-0.0,0.16,4,0.16,0,95
4249,0,-1,-0.0,0.16,4,0.16,0,95
4250,0,-1,-0.0,0.16,4,0.16,0,95
4251,2,1,28.346605,0.2,5,0.2,0,95
4252,1,0,0.0,0.2,5,0.2,0,95
4253,2,1,23.968313,0.28,7,0.28,0,95
4254,1,0,0.0,0.28,7,0.28,0,95
4255,1,0,0.0,0.28,7,0.28,0,95
4256,0,-1,-0.2743589,0.28,7,0.28,0,95
4257,1,0,0.0,0.28,7,0.28,0,95
4258,2,1,21.33844,0.36,9,0.36,0,95
4259,2,1,17.443815,0.44,11,0.44,0,95
4260,2,1,20.379887,0.48,12,0.48,0,95
4261,0,-1,-0.0,0.48,12,0.48,0,95
4262,2,1,17.288023,0.52,13,0.52,0,95
4263,2,1,-9.921425,0.56,14,0.56,0,95
4264,0,-1,-0.0,0.56,14,0.56,0,95
4265,2,1,16.470173,0.6,15,0.6,0,95
4266,2,1,-97.58882,0.8,20,0.8,0,95
4267,2,1,-39.243214,0.84,21,0.84,0,95
4268,2,1,-287.15906,0.92,23,0.92,0,95
4269,1,0,0.0,0.92,23,0.92,1,95
4270,0,-1,180.34573,0.88,22,0.88,0,95
4271,2,1,-181.84225,0.92,23,0.92,0,95
4272,0,-1,-0.0,0.92,23,0.92,0,95
4273,0,-1,181.84225,0.88,22,0.88,0,95
4274,2,1,-183.2368,0.92,23,0.92,0,95
4275,2,1,-1000.0,0.0,0,0.0,0,95
4276,2,1,28.364332,0.2,5,0.2,0,96
4277,0,-1,-0.0,0.2,5,0.2,0,96
4278,2,1,-4.278687,0.24,6,0.24,0,96
4279,1,0,0.0,0.24,6,0.24,0,96
4280,0,-1,-0.0,0.24,6,0.24,0,96
4281,2,1,-4.515744,0.28,7,0.28,0,96
4282,2,1,27.639961,0.32,8,0.32,0,96
4283,2,1,-5.280317,0.36,9,0.36,0,96
4284,2,1,15.692518,0.44,11,0.44,0,96
4285,2,1,-7.3917303,0.48,12,0.48,0,96
4286,0,-1,7.391858,0.44,11,0.44,0,96
4287,2,1,-7.391865,0.48,12,0.48,0,96
4288,0,-1,-0.15642108,0.48,12,0.48,0,96
4289,1,0,0.0,0.48,12,0.48,0,96
4290,0,-1,7.3917294,0.44,11,0.44,0,96
4291,2,1,23.897566,0.48,12,0.48,0,96
4292,1,0,0.0,0.48,12,0.48,0,96
4293,2,1,-18.420284,0.56,14,0.56,0,96
4294,2,1,-26.07327,0.64,16,0.64,0,96
4295,0,-1,-0.0,0.64,16,0.64,0,96
4296,2,1,-8.948949,0.72,18,0.72,0,96
4297,2,1,-106.63101,0.84,21,0.84,0,96
4298,1,0,0.0,0.84,21,0.84,0,96
4299,1,0,0.0,0.84,21,0.84,0,96
4300,1,0,0.0,0.84,21,0.84,0,96
4301,0,-1,-0.0036137272,0.84,21,0.84,0,96
4302,0,-1,-0.0,0.84,21,0.84,0,96
4303,2,1,-74.80668,0.88,22,0.88,0,96
4304,1,0,0.0,0.88,22,0.88,1,96
4305,2,1,-180.8549,0.92,23,0.92,0,96
4306,0,-1,-0.0,0.92,23,0.92,0,96
4307,0,-1,-28.531607,0.92,23,0.92,0,96
4308,1,0,0.0,0.92,23,0.92,1,96
4309,1,0,0.0,0.92,23,0.92,0,96
4310,0,-1,-4.973799e-14,0.92,23,0.92,0,96
4311,0,-1,-25.3877,0.92,23,0.92,0,96
4312,1,0,0.0,0.92,23,0.92,0,96
4313,2,1,3.5223625e-06,1.0,25,1.0,0,96
4314,0,-1,-1000.0,0.0,0,0.0,0,96
4315,1,0,0.0,0.16,4,0.16,0,97
4316,2,1,28.364332,0.2,5,0.2,0,97
4317,0,-1,-0.0,0.2,5,0.2,0,97
4318,2,1,23.955872,0.28,7,0.28,0,97
4319,2,1,13.033225,0.4,10,0.4,0,97
4320,2,1,17.550112,0.48,12,0.48,0,97
4321,2,1,8.188722,0.56,14,0.56,1,97
4322,1,0,0.0,0.56,14,0.56,0,97
4323,1,0,0.0,0.56,14,0.56,0,97
4324,1,0,0.0,0.56,14,0.56,0,97
4325,1,0,0.0,0.56,14,0.56,0,97
4326,1,0,0.0,0.56,14,0.56,0,97
4327,2,1,17.841621,0.6,15,0.6,0,97
4328,0,-1,-16.753525,0.56,14,0.56,0,97
4329,1,0,0.0,0.56,14,0.56,0,97
4330,2,1,-37.249798,0.72,18,0.72,0,97
4331,2,1,-1.5582756,0.76,19,0.76,0,97
4332,1,0,0.0,0.76,19,0.76,0,97
4333,1,0,0.0,0.76,19,0.76,0,97
4334,0,-1,-1.02986064e-10,0.76,19,0.76,0,97
4335,0,-1,3.55404,0.72,18,0.72,0,97
4336,1,0,0.0,0.72,18,0.72,1,97
4337,1,0,0.0,0.72,18,0.72,0,97
4338,0,-1,-25.169884,0.72,18,0.72,0,97
4339,1,0,0.0,0.72,18,0.72,0,97
4340,0,-1,-5.8829455,0.68,17,0.68,0,97
4341,2,1,3.8425682,0.72,18,0.72,0,97
4342,1,0,0.0,0.72,18,0.72,0,97
4343,0,-1,-0.0036543214,0.72,18,0.72,0,97
4344,2,1,-5.52224,0.76,19,0.76,0,97
4345,0,-1,-0.0030527906,0.76,19,0.76,0,97
4346,1,0,0.0,0.76,19,0.76,0,97
4347,2,1,-75.98761,0.84,21,0.84,0,97
4348,0,-1,-20.88425,0.84,21,0.84,0,97
4349,1,0,0.0,0.84,21,0.84,1,97
4350,1,0,0.0,0.84,21,0.84,0,97
4351,0,-1,-15.466,0.84,21,0.84,1,97
4352,0,-1,-15.729385,0.84,21,0.84,0,97
4353,0,-1,-26.201086,0.84,21,0.84,0,97
4354,1,0,0.0,0.84,21,0.84,0,97
4355,2,1,-76.735825,0.88,22,0.88,0,97
4356,0,-1,77.06291,0.84,21,0.84,0,97
4357,0,-1,-0.0,0.84,21,0.84,0,97
4358,2,1,-90.62703,0.88,22,0.88,0,97
4359,0,-1,-0.0,0.88,22,0.88,0,97
4360,0,-1,-0.0033717807,0.88,22,0.88,0,97
4361,2,1,22.71763,1.0,25,1.0,0,97
4362,1,0,-1000.0,0.0,0,0.0,0,97
4363,2,1,28.364332,0.2,5,0.2,0,98
4364,0,-1,-0.0,0.2,5,0.2,0,98
4365,2,1,23.955872,0.28,7,0.28,0,98
4366,2,1,17.914507,0.36,9,0.36,0,98
4367,2,1,-5.8295965,0.4,10,0.4,0,98
4368,2,1,-6.5202236,0.44,11,0.44,0,98
4369,2,1,23.892282,0.48,12,0.48,0,98
4370,0,-1,7.3913045,0.44,11,0.44,0,98
4371,2,1,22.258423,0.48,12,0.48,0,98
4372,1,0,0.0,0.48,12,0.48,0,98
4373,1,0,0.0,0.48,12,0.48,0,98
4374,2,1,-8.497722,0.52,13,0.52,0,98
4375,1,0,0.0,0.52,13,0.52,0,98
4376,2,1,19.730448,0.56,14,0.56,1,98
4377,1,0,0.0,0.56,14,0.56,0,98
4378,2,1,-14.573966,0.68,17,0.68,0,98
4379,1,0,0.0,0.68,17,0.68,0,98
4380,0,-1,-10.2750845,0.64,16,0.64,0,98
4381,2,1,-6.5170393,0.68,17,0.68,0,98
4382,1,0,0.0,0.68,17,0.68,0,98
4383,1,0,0.0,0.68,17,0.68,0,98
4384,0,-1,-0.0,0.68,17,0.68,0,98
4385,1,0,0.0,0.68,17,0.68,0,98
4386,0,-1,-0.015583523,0.68,17,0.68,0,98
4387,2,1,-28.878561,0.76,19,0.76,0,98
4388,2,1,-20.222137,0.8,20,0.8,1,98
4389,1,0,0.0,0.8,20,0.8,1,98
4390,1,0,0.0,0.8,20,0.8,0,98
4391,2,1,-33.81502,0.84,21,0.84,0,98
4392,2,1,-284.76547,0.92,23,0.92,0,98
4393,0,-1,-0.13149165,0.92,23,0.92,0,98
4394,0,-1,-0.0,0.92,23,0.92,0,98
4395,1,0,0.0,0.92,23,0.92,0,98
4396,0,-1,187.39127,0.88,22,0.88,0,98
4397,0,-1,-21.193308,0.88,22,0.88,0,98
4398,0,-1,-0.0,0.88,22,0.88,0,98
4399,1,0,0.0,0.88,22,0.88,0,98
4400,1,0,0.0,0.88,22,0.88,0,98
4401,2,1,-183.06335,0.92,23,0.92,0,98
4402,0,-1,193.89757,0.88,22,0.88,0,98
4403,2,1,-183.28717,0.92,23,0.92,0,98
4404,0,-1,-0.011122298,0.92,23,0.92,0,98
4405,2,1,-1000.0,0.0,0,0.0,0,98
4406,2,1,28.346605,0.2,5,0.2,0,99
4407,0,-1,-0.0,0.2,5,0.2,0,99
4408,2,1,-4.278687,0.24,6,0.24,0,99
4409,2,1,27.98924,0.28,7,0.28,0,99
4410,2,1,17.914507,0.36,9,0.36,0,99
4411,2,1,25.459835,0.4,10,0.4,0,99
4412,2,1,24.763365,0.44,11,0.44,0,99
4413,2,1,-7.3917303,0.48,12,0.48,0,99
4414,1,0,0.0,0.48,12,0.48,0,99
4415,2,1,21.154152,0.52,13,0.52,0,99
4416,2,1,-9.92185,0.56,14,0.56,0,99
4417,1,0,0.0,0.56,14,0.56,0,99
4418,0,-1,-0.0,0.56,14,0.56,0,99
4419,1,0,0.0,0.56,14,0.56,0,99
4420,1,0,0.0,0.56,14,0.56,1,99
4421,0,-1,-20.972555,0.56,14,0.56,0,99
4422,2,1,2.7239745,0.64,16,0.64,0,99
4423,0,-1,-19.939295,0.64,16,0.64,0,99
4424,0,-1,-0.0,0.64,16,0.64,0,99
4425,1,0,0.0,0.64,16,0.64,0,99
4426,0,-1,-0.003999792,0.64,16,0.64,0,99
4427,2,1,11.892595,0.68,17,0.68,0,99
4428,2,1,5.0752673,0.72,18,0.72,0,99
4429,0,-1,-2.3466194,0.68,17,0.68,0,99
4430,2,1,5.328404,0.72,18,0.72,0,99
4431,2,1,-4.330826,0.76,19,0.76,0,99
4432,0,-1,-0.026536586,0.76,19,0.76,0,99
4433,1,0,0.0,0.76,19,0.76,0,99
4434,1,0,0.0,0.76,19,0.76,0,99
4435,1,0,0.0,0.76,19,0.76,0,99
4436,0,-1,-0.021681728,0.76,19,0.76,0,99
4437,1,0,0.0,0.76,19,0.76,0,99
4438,2,1,-16.36788,0.8,20,0.8,0,99
4439,2,1,-140.97298,0.88,22,0.88,0,99
4440,2,1,-1000.0,0.0,0,0.0,0,99
4441,2,1,28.346605,0.2,5,0.2,0,100
4442,1,0,0.0,0.2,5,0.2,0,100
4443,0,-1,-0.0,0.2,5,0.2,1,100
4444,2,1,23.930355,0.28,7,0.28,0,100
4445,1,0,0.0,0.28,7,0.28,0,100
4446,2,1,18.250496,0.36,9,0.36,0,100
4447,0,-1,-3.0117859e-05,0.36,9,0.36,0,100
4448,1,0,0.0,0.36,9,0.36,0,100
4449,2,1,21.915846,0.4,10,0.4,0,100
4450,1,0,0.0,0.4,10,0.4,0,100
4451,0,-1,-3.4459477e-05,0.4,10,0.4,0,100
4452,1,0,0.0,0.4,10,0.4,0,100
4453,0,-1,-0.15398873,0.4,10,0.4,0,100
4454,1,0,0.0,0.4,10,0.4,1,100
4455,2,1,24.652073,0.44,11,0.44,0,100
4456,2,1,20.417738,0.48,12,0.48,0,100
4457,0,-1,-23.724976,0.44,11,0.44,0,100
4458,1,0,0.0,0.44,11,0.44,0,100
4459,1,0,0.0,0.44,11,0.44,0,100
4460,0,-1,-25.078552,0.44,11,0.44,0,100
4461,2,1,15.232307,0.52,13,0.52,0,100
4462,1,0,0.0,0.52,13,0.52,0,100
4463,1,0,0.0,0.52,13,0.52,0,100
4464,1,0,0.0,0.52,13,0.52,0,100
4465,0,-1,-17.454184,0.48,12,0.48,0,100
4466,1,0,0.0,0.48,12,0.48,0,100
4467,0,-1,-5.646917e-05,0.48,12,0.48,0,100
4468,0,-1,-6.411012e-05,0.48,12,0.48,0,100
4469,1,0,0.0,0.48,12,0.48,0,100
4470,1,0,0.0,0.48,12,0.48,0,100
4471,2,1,21.017439,0.52,13,0.52,0,100
4472,1,0,0.0,0.52,13,0.52,0,100
4473,2,1,18.316755,0.56,14,0.56,0,100
4474,1,0,0.0,0.56,14,0.56,0,100
4475,1,0,0.0,0.56,14,0.56,0,100
4476,1,0,0.0,0.56,14,0.56,0,100
4477,1,0,0.0,0.56,14,0.56,0,100
4478,1,0,0.0,0.56,14,0.56,0,100
4479,0,-1,-5.77711e-05,0.56,14,0.56,1,100
4480,0,-1,-0.0,0.56,14,0.56,0,100
4481,0,-1,-24.0628,0.56,14,0.56,0,100
4482,2,1,18.333832,0.6,15,0.6,0,100
4483,1,0,0.0,0.6,15,0.6,0,100
4484,2,1,8.425727,0.64,16,0.64,1,100
4485,0,-1,-14.074505,0.6,15,0.6,0,100
4486,0,-1,-17.538412,0.56,14,0.56,0,100
4487,1,0,0.0,0.56,14,0.56,0,100
4488,1,0,0.0,0.56,14,0.56,0,100
4489,2,1,3.2071052,0.64,16,0.64,0,100
4490,0,-1,-0.0,0.64,16,0.64,0,100
4491,0,-1,-0.0043143034,0.64,16,0.64,0,100
4492,0,-1,-13.86776,0.6,15,0.6,0,100
4493,1,0,0.0,0.6,15,0.6,0,100
4494,2,1,-8.22573,0.68,17,0.68,0,100
4495,0,-1,-10.787855,0.64,16,0.64,0,100
4496,0,-1,-0.004592841,0.64,16,0.64,0,100
4497,2,1,11.695746,0.68,17,0.68,0,100
4498,2,1,-2.4296296,0.72,18,0.72,0,100
4499,2,1,-105.982925,0.84,21,0.84,0,100
4500,1,0,0.0,0.84,21,0.84,0,100
4501,1,0,0.0,0.84,21,0.84,0,100
4502,2,1,-909.6891,0.96,24,0.96,0,100
4503,0,-1,605.14825,0.92,23,0.92,1,100
4504,1,0,0.0,0.92,23,0.92,0,100
4505,2,1,27.248886,1.0,25,1.0,0,100
4506,1,0,-1000.0,0.0,0,0.0,0,100
4507,1,0,0.0,0.16,4,0.16,1,101
4508,2,1,28.262749,0.2,5,0.2,0,101
4509,1,0,0.0,0.2,5,0.2,0,101
4510,2,1,27.992828,0.24,6,0.24,0,101
4511,0,-1,-27.992828,0.2,5,0.2,0,101
4512,2,1,23.698263,0.28,7,0.28,0,101
4513,2,1,26.208122,0.32,8,0.32,0,101
4514,2,1,19.183493,0.4,10,0.4,1,101
4515,2,1,24.22989,0.44,11,0.44,0,101
4516,0,-1,-29.249992,0.44,11,0.44,0,101
4517,2,1,21.173124,0.48,12,0.48,0,101
4518,0,-1,-0.00842703,0.48,12,0.48,0,101
4519,0,-1,-21.173124,0.44,11,0.44,0,101
4520,1,0,0.0,0.44,11,0.44,0,101
4521,1,0,0.0,0.44,11,0.44,0,101
4522,0,-1,-0.008098634,0.44,11,0.44,0,101
4523,2,1,13.218424,0.52,13,0.52,0,101
4524,0,-1,-0.04628124,0.52,13,0.52,0,101
4525,2,1,6.2501955,0.6,15,0.6,0,101
4526,0,-1,-14.593357,0.56,14,0.56,0,101
4527,0,-1,-17.806173,0.52,13,0.52,1,101
4528,2,1,15.901381,0.56,14,0.56,0,101
4529,2,1,15.413047,0.6,15,0.6,1,101
4530,0,-1,-41.112637,0.64,16,0.64,0,101
4531,2,1,-10.200174,0.72,18,0.72,0,101
4532,1,0,0.0,0.72,18,0.72,0,101
4533,0,-1,-25.639198,0.72,18,0.72,0,101
4534,0,-1,-3.8487394,0.68,17,0.68,0,101
4535,0,-1,-0.0,0.68,17,0.68,0,101
4536,1,0,0.0,0.68,17,0.68,0,101
4537,0,-1,-49.2004,0.72,18,0.72,0,101
4538,0,-1,-0.0,0.72,18,0.72,0,101
4539,1,0,0.0,0.72,18,0.72,0,101
4540,2,1,-43.397686,0.8,20,0.8,0,101
4541,2,1,-138.96593,0.88,22,0.88,0,101
4542,0,-1,-0.0,0.88,22,0.88,0,101
4543,0,-1,-0.0,0.88,22,0.88,0,101
4544,2,1,-183.47147,0.92,23,0.92,0,101
4545,0,-1,183.47147,0.88,22,0.88,0,101
4546,0,-1,77.93243,0.84,21,0.84,0,101
4547,2,1,-78.12199,0.88,22,0.88,1,101
4548,0,-1,79.6999,0.84,21,0.84,0,101
4549,0,-1,-132.22617,0.88,22,0.88,0,101
4550,2,1,-807.34607,0.96,24,0.96,0,101
4551,1,0,0.0,0.96,24,0.96,0,101
4552,0,-1,-0.0,0.96,24,0.96,0,101
4553,0,-1,598.0852,0.92,23,0.92,0,101
4554,2,1,-1000.0,0.0,0,0.0,0,101
4555,2,1,28.364332,0.2,5,0.2,0,102
4556,0,-1,-0.0,0.2,5,0.2,0,102
4557,1,0,0.0,0.2,5,0.2,0,102
4558,2,1,28.208652,0.24,6,0.24,0,102
4559,1,0,0.0,0.24,6,0.24,0,102
4560,1,0,0.0,0.24,6,0.24,0,102
4561,2,1,18.8927,0.32,8,0.32,0,102
4562,0,-1,-0.0,0.32,8,0.32,0,102
4563,2,1,26.008978,0.36,9,0.36,0,102
4564,2,1,25.454552,0.4,10,0.4,0,102
4565,1,0,0.0,0.4,10,0.4,0,102
4566,2,1,21.976542,0.44,11,0.44,0,102
4567,1,0,0.0,0.44,11,0.44,0,102
4568,2,1,10.772423,0.52,13,0.52,0,102
4569,1,0,0.0,0.52,13,0.52,0,102
4570,0,-1,-0.0,0.52,13,0.52,0,102
4571,1,0,0.0,0.52,13,0.52,0,102
4572,0,-1,-17.43542,0.48,12,0.48,0,102
4573,2,1,21.154152,0.52,13,0.52,0,102
4574,1,0,0.0,0.52,13,0.52,0,102
4575,2,1,-7.0041533,0.64,16,0.64,0,102
4576,2,1,-17.735909,0.68,17,0.68,0,102
4577,2,1,6.9744883,0.72,18,0.72,1,102
4578,0,-1,-5.8646092,0.68,17,0.68,0,102
4579,2,1,-23.97635,0.76,19,0.76,0,102
4580,0,-1,-12.375682,0.76,19,0.76,0,102
4581,0,-1,-7.6987305e-11,0.76,19,0.76,0,102
4582,0,-1,4.1701465,0.72,18,0.72,0,102
4583,1,0,0.0,0.72,18,0.72,0,102
4584,2,1,-2.093673,0.76,19,0.76,0,102
4585,1,0,0.0,0.76,19,0.76,0,102
4586,1,0,0.0,0.76,19,0.76,0,102
4587,1,0,0.0,0.76,19,0.76,0,102
4588,1,0,0.0,0.76,19,0.76,0,102
4589,0,-1,9.361274,0.72,18,0.72,0,102
4590,0,-1,-25.089218,0.72,18,0.72,0,102
4591,0,-1,-4.6397066,0.68,17,0.68,0,102
4592,0,-1,-10.72121,0.64,16,0.64,0,102
4593,2,1,-12.928046,0.72,18,0.72,0,102
4594,2,1,-46.65112,0.8,20,0.8,0,102
4595,1,0,0.0,0.8,20,0.8,0,102
4596,2,1,-348.8794,0.92,23,0.92,0,102
4597,1,0,0.0,0.92,23,0.92,1,102
4598,0,-1,185.3816,0.88,22,0.88,0,102
4599,0,-1,79.31777,0.84,21,0.84,0,102
4600,2,1,28.101587,1.0,25,1.0,0,102
4601,2,1,-1000.0,0.0,0,0.0,0,102
4602,0,-1,-0.0,0.16,4,0.16,0,103
4603,2,1,-4.1406527,0.2,5,0.2,0,103
4604,2,1,-4.2792473,0.24,6,0.24,0,103
4605,2,1,27.971514,0.28,7,0.28,0,103
4606,2,1,-4.847965,0.32,8,0.32,0,103
4607,0,-1,-0.0,0.32,8,0.32,0,103
4608,2,1,15.133083,0.44,11,0.44,0,103
4609,2,1,5.6546683,0.56,14,0.56,0,103
4610,0,-1,-0.19770592,0.56,14,0.56,0,103
4611,0,-1,-0.19271593,0.56,14,0.56,0,103
4612,1,0,0.0,0.56,14,0.56,0,103
4613,0,-1,-0.0,0.56,14,0.56,0,103
4614,0,-1,-0.0,0.56,14,0.56,0,103
4615,0,-1,-0.0,0.56,14,0.56,0,103
4616,1,0,0.0,0.56,14,0.56,0,103
4617,0,-1,-0.0,0.56,14,0.56,0,103
4618,1,0,0.0,0.56,14,0.56,0,103
4619,1,0,0.0,0.56,14,0.56,0,103
4620,2,1,-14.570835,0.68,17,0.68,0,103
4621,2,1,-22.97948,0.76,19,0.76,0,103
4622,0,-1,30.09787,0.72,18,0.72,0,103
4623,2,1,-210.1793,0.88,22,0.88,0,103
4624,1,0,0.0,0.88,22,0.88,0,103
4625,1,0,0.0,0.88,22,0.88,1,103
4626,0,-1,77.13669,0.84,21,0.84,0,103
4627,1,0,0.0,0.84,21,0.84,0,103
4628,0,-1,-0.0,0.84,21,0.84,0,103
4629,0,-1,-18.553001,0.84,21,0.84,0,103
4630,0,-1,-0.0,0.84,21,0.84,0,103
4631,1,0,0.0,0.84,21,0.84,0,103
4632,1,0,0.0,0.84,21,0.84,0,103
4633,2,1,-76.8168,0.88,22,0.88,0,103
4634,2,1,-183.45978,0.92,23,0.92,0,103
4635,2,1,-599.8074,0.96,24,0.96,0,103
4636,1,0,0.0,0.96,24,0.96,0,103
4637,2,1,23.599613,1.0,25,1.0,0,103
4638,2,1,-1000.0,0.0,0,0.0,0,103
4639,0,-1,-0.0,0.16,4,0.16,0,104
4640,2,1,28.364332,0.2,5,0.2,0,104
4641,1,0,0.0,0.2,5,0.2,0,104
4642,2,1,28.208652,0.24,6,0.24,0,104
4643,2,1,26.767761,0.28,7,0.28,0,104
4644,2,1,26.441492,0.32,8,0.32,0,104
4645,0,-1,-0.0,0.32,8,0.32,0,104
4646,2,1,24.37198,0.36,9,0.36,0,104
4647,0,-1,-0.0,0.36,9,0.36,0,104
4648,0,-1,-0.0,0.36,9,0.36,0,104
4649,0,-1,-0.0,0.36,9,0.36,0,104
4650,1,0,0.0,0.36,9,0.36,1,104
4651,0,-1,-20.972572,0.36,9,0.36,0,104
4652,0,-1,-0.0,0.36,9,0.36,0,104
4653,0,-1,-0.0,0.36,9,0.36,0,104
4654,1,0,0.0,0.36,9,0.36,0,104
4655,0,-1,-0.0,0.36,9,0.36,0,104
4656,2,1,9.266782,0.48,12,0.48,0,104
4657,2,1,11.388065,0.56,14,0.56,0,104
4658,1,0,0.0,0.56,14,0.56,0,104
4659,0,-1,-0.0,0.56,14,0.56,0,104
4660,2,1,-14.731136,0.68,17,0.68,0,104
4661,2,1,-24.829082,0.76,19,0.76,0,104
4662,1,0,0.0,0.76,19,0.76,0,104
4663,2,1,-78.68245,0.84,21,0.84,0,104
4664,2,1,-285.58423,0.92,23,0.92,1,104
4665,2,1,-601.1528,0.96,24,0.96,0,104
4666,2,1,-1000.0,0.0,0,0.0,0,104
4667,2,1,28.346605,0.2,5,0.2,0,105
4668,2,1,28.22638,0.24,6,0.24,0,105
4669,2,1,26.767761,0.28,7,0.28,1,105
4670,2,1,26.397427,0.32,8,0.32,0,105
4671,2,1,24.1926,0.36,9,0.36,0,105
4672,2,1,0.91258764,0.52,13,0.52,0,105
4673,0,-1,-0.00012183751,0.52,13,0.52,0,105
4674,2,1,16.167303,0.56,14,0.56,0,105
4675,0,-1,-0.0001136028,0.56,14,0.56,0,105
4676,1,0,0.0,0.56,14,0.56,0,105
4677,0,-1,-0.00012488948,0.56,14,0.56,0,105
4678,0,-1,-22.74397,0.56,14,0.56,0,105
4679,0,-1,-0.0,0.56,14,0.56,0,105
4680,0,-1,-0.024721038,0.56,14,0.56,0,105
4681,2,1,11.39158,0.6,15,0.6,0,105
4682,0,-1,-0.0,0.6,15,0.6,0,105
4683,0,-1,-11.39158,0.56,14,0.56,0,105
4684,0,-1,-9.141904e-05,0.56,14,0.56,0,105
4685,1,0,0.0,0.56,14,0.56,0,105
4686,1,0,0.0,0.56,14,0.56,0,105
4687,2,1,3.6380382,0.64,16,0.64,0,105
4688,0,-1,-11.802792,0.6,15,0.6,1,105
4689,0,-1,-25.795532,0.6,15,0.6,0,105
4690,1,0,0.0,0.6,15,0.6,0,105
4691,2,1,11.234089,0.64,16,0.64,0,105
4692,2,1,-83.279915,0.8,20,0.8,0,105
4693,2,1,-141.84329,0.88,22,0.88,0,105
4694,2,1,-1000.0,0.0,0,0.0,0,105
4695,2,1,28.364332,0.2,5,0.2,0,106
4696,2,1,28.208652,0.24,6,0.24,0,106
4697,2,1,18.8927,0.32,8,0.32,0,106
4698,1,0,0.0,0.32,8,0.32,0,106
4699,1,0,0.0,0.32,8,0.32,0,106
4700,1,0,0.0,0.32,8,0.32,0,106
4701,0,-1,-23.409119,0.28,7,0.28,0,106
4702,2,1,-4.847297,0.32,8,0.32,0,106
4703,2,1,26.008978,0.36,9,0.36,0,106
4704,0,-1,5.279892,0.32,8,0.32,0,106
4705,0,-1,-0.0,0.32,8,0.32,0,106
4706,0,-1,-26.441492,0.28,7,0.28,0,106
4707,1,0,0.0,0.28,7,0.28,0,106
4708,0,-1,4.515744,0.24,6,0.24,0,106
4709,0,-1,-0.0,0.24,6,0.24,0,106
4710,1,0,0.0,0.24,6,0.24,1,106
4711,0,-1,-28.283634,0.2,5,0.2,0,106
4712,2,1,23.93177,0.28,7,0.28,0,106
4713,2,1,26.385702,0.32,8,0.32,0,106
4714,1,0,0.0,0.32,8,0.32,0,106
4715,2,1,24.236443,0.36,9,0.36,0,106
4716,0,-1,-0.0,0.36,9,0.36,0,106
4717,2,1,16.0206,0.44,11,0.44,0,106
4718,0,-1,-1.0930533e-05,0.44,11,0.44,0,106
4719,0,-1,-1.063746e-05,0.44,11,0.44,0,106
4720,2,1,13.048243,0.52,13,0.52,0,106
4721,1,0,0.0,0.52,13,0.52,0,106
4722,0,-1,-0.15494741,0.52,13,0.52,1,106
4723,2,1,7.1582437,0.6,15,0.6,0,106
4724,2,1,-24.378662,0.72,18,0.72,0,106
4725,2,1,-43.50753,0.8,20,0.8,0,106
4726,0,-1,-26.753683,0.8,20,0.8,0,106
4727,2,1,-35.98025,0.84,21,0.84,0,106
4728,1,0,0.0,0.84,21,0.84,0,106
4729,0,-1,-0.0032084654,0.84,21,0.84,1,106
4730,2,1,-79.4404,0.88,22,0.88,0,106
4731,2,1,-181.91924,0.92,23,0.92,0,106
4732,0,-1,-28.734606,0.92,23,0.92,0,106
4733,1,0,0.0,0.92,23,0.92,0,106
4734,0,-1,-22.414793,0.92,23,0.92,0,106
4735,0,-1,-0.001495764,0.92,23,0.92,0,106
4736,0,-1,-0.008345026,0.92,23,0.92,0,106
4737,2,1,-598.19336,0.96,24,0.96,0,106
4738,0,-1,600.2493,0.92,23,0.92,0,106
4739,1,0,0.0,0.92,23,0.92,0,106
4740,2,1,26.762491,1.0,25,1.0,0,106
4741,0,-1,-1000.0,0.0,0,0.0,0,106
4742,2,1,-4.1407347,0.2,5,0.2,0,107
4743,1,0,0.0,0.2,5,0.2,0,107
4744,1,0,0.0,0.2,5,0.2,0,107
4745,2,1,28.22638,0.24,6,0.24,0,107
4746,0,-1,4.278687,0.2,5,0.2,0,107
4747,2,1,19.247265,0.28,7,0.28,0,107
4748,2,1,22.623116,0.36,9,0.36,0,107
4749,2,1,15.906646,0.44,11,0.44,0,107
4750,1,0,0.0,0.44,11,0.44,0,107
4751,2,1,15.399049,0.52,13,0.52,0,107
4752,0,-1,-19.544647,0.48,12,0.48,0,107
4753,1,0,0.0,0.48,12,0.48,0,107
4754,2,1,21.154152,0.52,13,0.52,0,107
4755,2,1,19.728302,0.56,14,0.56,0,107
4756,1,0,0.0,0.56,14,0.56,0,107
4757,2,1,2.9178631,0.64,16,0.64,0,107
4758,0,-1,-0.0,0.64,16,0.64,0,107
4759,0,-1,-0.0,0.64,16,0.64,0,107
4760,0,-1,-11.717475,0.6,15,0.6,0,107
4761,0,-1,-0.0,0.6,15,0.6,0,107
4762,2,1,-5.4611616,0.68,17,0.68,1,107
4763,2,1,5.075279,0.72,18,0.72,0,107
4764,1,0,0.0,0.72,18,0.72,0,107
4765,0,-1,-0.0091677895,0.72,18,0.72,0,107
4766,0,-1,-0.0,0.72,18,0.72,0,107
4767,2,1,-6.21491,0.76,19,0.76,0,107
4768,0,-1,6.21491,0.72,18,0.72,0,107
4769,1,0,0.0,0.72,18,0.72,0,107
4770,2,1,-46.086685,0.8,20,0.8,0,107
4771,0,-1,-10.9894,0.8,20,0.8,0,107
4772,2,1,-139.1555,0.88,22,0.88,1,107
4773,2,1,-188.46353,0.92,23,0.92,0,107
4774,2,1,-607.23694,0.96,24,0.96,0,107
4775,1,0,0.0,0.96,24,0.96,0,107
4776,0,-1,-0.0,0.96,24,0.96,0,107
4777,2,1,-1000.0,0.0,0,0.0,0,107
4778,2,1,-4.1406527,0.2,5,0.2,0,108
4779,0,-1,4.1406527,0.16,4,0.16,0,108
4780,1,0,0.0,0.16,4,0.16,0,108
4781,1,0,0.0,0.16,4,0.16,0,108
4782,2,1,28.364332,0.2,5,0.2,0,108
4783,1,0,0.0,0.2,5,0.2,0,108
4784,1,0,0.0,0.2,5,0.2,0,108
4785,2,1,28.208652,0.24,6,0.24,0,108
4786,2,1,26.767761,0.28,7,0.28,0,108
4787,2,1,21.33844,0.36,9,0.36,0,108
4788,1,0,0.0,0.36,9,0.36,0,108
4789,1,0,0.0,0.36,9,0.36,0,108
4790,2,1,23.822836,0.4,10,0.4,0,108
4791,2,1,-3.1672533,0.56,14,0.56,0,108
4792,1,0,0.0,0.56,14,0.56,0,108
4793,0,-1,-0.023737308,0.56,14,0.56,0,108
4794,2,1,1.7851325,0.64,16,0.64,0,108
4795,1,0,0.0,0.64,16,0.64,0,108
4796,1,0,0.0,0.64,16,0.64,0,108
4797,0,-1,-0.17680062,0.64,16,0.64,0,108
4798,1,0,0.0,0.64,16,0.64,0,108
4799,2,1,10.034872,0.68,17,0.68,0,108
4800,2,1,-27.082811,0.76,19,0.76,0,108
4801,2,1,-390.8889,0.92,23,0.92,0,108
4802,1,0,0.0,0.92,23,0.92,0,108
4803,2,1,-601.8084,0.96,24,0.96,0,108
4804,0,-1,-0.020199759,0.96,24,0.96,1,108
4805,2,1,21.352509,1.0,25,1.0,0,108
4806,1,0,-1000.0,0.0,0,0.0,0,108
4807,2,1,-4.1407347,0.2,5,0.2,0,109
4808,2,1,-4.278605,0.24,6,0.24,0,109
4809,0,-1,4.278687,0.2,5,0.2,0,109
4810,1,0,0.0,0.2,5,0.2,1,109
4811,1,0,0.0,0.2,5,0.2,0,109
4812,0,-1,-0.0,0.2,5,0.2,0,109
4813,0,-1,-25.554396,0.16,4,0.16,0,109
4814,2,1,28.313251,0.2,5,0.2,0,109
4815,2,1,23.789799,0.28,7,0.28,0,109
4816,2,1,18.481081,0.36,9,0.36,0,109
4817,1,0,0.0,0.36,9,0.36,0,109
4818,2,1,18.914896,0.44,11,0.44,0,109
4819,0,-1,-0.0,0.44,11,0.44,0,109
4820,1,0,0.0,0.44,11,0.44,0,109
4821,0,-1,-0.0,0.44,11,0.44,0,109
4822,1,0,0.0,0.44,11,0.44,0,109
4823,2,1,-7.4590216,0.6,15,0.6,0,109
4824,0,-1,-0.036558412,0.6,15,0.6,0,109
4825,1,0,0.0,0.6,15,0.6,0,109
4826,1,0,0.0,0.6,15,0.6,0,109
4827,2,1,11.677401,0.64,16,0.64,0,109
4828,0,-1,-11.677401,0.6,15,0.6,0,109
4829,2,1,-25.068773,0.72,18,0.72,0,109
4830,2,1,-2.4530256,0.76,19,0.76,0,109
4831,1,0,0.0,0.76,19,0.76,0,109
4832,0,-1,-1.0276837e-05,0.76,19,0.76,0,109
4833,1,0,0.0,0.76,19,0.76,1,109
4834,2,1,-79.15317,0.84,21,0.84,0,109
4835,0,-1,-0.0,0.84,21,0.84,0,109
4836,0,-1,-0.0,0.84,21,0.84,0,109
4837,0,-1,-0.042326022,0.84,21,0.84,0,109
4838,1,0,0.0,0.84,21,0.84,0,109
4839,2,1,-78.796616,0.88,22,0.88,0,109
4840,1,0,0.0,0.88,22,0.88,1,109
4841,1,0,0.0,0.88,22,0.88,0,109
4842,2,1,-185.57118,0.92,23,0.92,1,109
4843,0,-1,-0.0,0.92,23,0.92,0,109
4844,2,1,-604.67523,0.96,24,0.96,0,109
4845,2,1,-1000.0,0.0,0,0.0,0,109
4846,2,1,28.346605,0.2,5,0.2,0,110
4847,1,0,0.0,0.2,5,0.2,0,110
4848,2,1,19.461393,0.28,7,0.28,0,110
4849,2,1,-4.8478045,0.32,8,0.32,0,110
4850,1,0,0.0,0.32,8,0.32,0,110
4851,0,-1,4.8478045,0.28,7,0.28,0,110
4852,0,-1,-0.0,0.28,7,0.28,0,110
4853,1,0,0.0,0.28,7,0.28,1,110
4854,1,0,0.0,0.28,7,0.28,0,110
4855,0,-1,-22.758741,0.28,7,0.28,0,110
4856,0,-1,-23.863256,0.24,6,0.24,0,110
4857,0,-1,-17.373875,0.2,5,0.2,0,110
4858,1,0,0.0,0.2,5,0.2,0,110
4859,2,1,23.960321,0.28,7,0.28,0,110
4860,1,0,0.0,0.28,7,0.28,0,110
4861,2,1,21.250502,0.32,8,0.32,0,110
4862,1,0,0.0,0.32,8,0.32,0,110
4863,1,0,0.0,0.32,8,0.32,0,110
4864,1,0,0.0,0.32,8,0.32,0,110
4865,2,1,18.70305,0.36,9,0.36,0,110
4866,0,-1,-18.70305,0.32,8,0.32,0,110
4867,0,-1,-0.3020849,0.32,8,0.32,0,110
4868,0,-1,-0.0,0.32,8,0.32,0,110
4869,2,1,20.358578,0.4,10,0.4,0,110
4870,0,-1,-0.0,0.4,10,0.4,0,110
4871,1,0,0.0,0.4,10,0.4,0,110
4872,1,0,0.0,0.4,10,0.4,1,110
4873,2,1,23.200066,0.44,11,0.44,0,110
4874,0,-1,-21.04136,0.4,10,0.4,0,110
4875,2,1,6.7484794,0.52,13,0.52,1,110
4876,1,0,0.0,0.52,13,0.52,0,110
4877,0,-1,-27.315826,0.52,13,0.52,0,110
4878,0,-1,-0.0,0.52,13,0.52,0,110
4879,0,-1,-0.00082947314,0.52,13,0.52,0,110
4880,0,-1,-0.0009064022,0.52,13,0.52,0,110
4881,0,-1,-0.00089516497,0.52,13,0.52,0,110
4882,2,1,17.768747,0.56,14,0.56,0,110
4883,2,1,3.2863386,0.64,16,0.64,1,110
4884,2,1,-13.485219,0.72,18,0.72,0,110
4885,2,1,-210.15535,0.88,22,0.88,0,110
4886,2,1,-182.52971,0.92,23,0.92,0,110
4887,0,-1,181.38626,0.88,22,0.88,0,110
4888,1,0,0.0,0.88,22,0.88,0,110
4889,2,1,-805.71216,0.96,24,0.96,0,110
4890,2,1,25.827835,1.0,25,1.0,0,110
4891,2,1,-1000.0,0.0,0,0.0,0,110
4892,0,-1,-0.0,0.16,4,0.16,0,111
4893,1,0,0.0,0.16,4,0.16,0,111
4894,1,0,0.0,0.16,4,0.16,0,111
4895,2,1,-4.1406527,0.2,5,0.2,0,111
4896,2,1,-4.2792473,0.24,6,0.24,0,111
4897,1,0,0.0,0.24,6,0.24,0,111
4898,2,1,27.971514,0.28,7,0.28,1,111
4899,1,0,0.0,0.28,7,0.28,0,111
4900,2,1,18.225883,0.36,9,0.36,0,111
4901,2,1,13.000679,0.48,12,0.48,0,111
4902,2,1,13.025086,0.56,14,0.56,0,111
4903,2,1,0.958841,0.64,16,0.64,0,111
4904,1,0,0.0,0.64,16,0.64,0,111
4905,0,-1,-11.45922,0.6,15,0.6,0,111
4906,0,-1,-0.0004057529,0.6,15,0.6,0,111
4907,2,1,-5.3122683,0.68,17,0.68,0,111
4908,2,1,-23.03921,0.76,19,0.76,0,111
4909,2,1,-89.41736,0.84,21,0.84,1,111
4910,0,-1,-0.0,0.84,21,0.84,0,111
4911,2,1,-75.49568,0.88,22,0.88,0,111
4912,0,-1,-27.025112,0.88,22,0.88,0,111
4913,1,0,0.0,0.88,22,0.88,0,111
4914,1,0,0.0,0.88,22,0.88,0,111
4915,1,0,0.0,0.88,22,0.88,0,111
4916,0,-1,92.421936,0.84,21,0.84,0,111
4917,2,1,-79.34554,0.88,22,0.88,0,111
4918,1,0,0.0,0.88,22,0.88,0,111
4919,0,-1,80.50265,0.84,21,0.84,0,111
4920,0,-1,36.043644,0.8,20,0.8,0,111
4921,1,0,0.0,0.8,20,0.8,0,111
4922,2,1,-971.76733,0.96,24,0.96,0,111
4923,1,0,0.0,0.96,24,0.96,0,111
4924,2,1,25.719109,1.0,25,1.0,0,111
4925,2,1,-1000.0,0.0,0,0.0,0,111
4926,2,1,-4.1407347,0.2,5,0.2,0,112
4927,2,1,-4.27924,0.24,6,0.24,0,112
4928,0,-1,-0.0,0.24,6,0.24,0,112
4929,2,1,-4.5164123,0.28,7,0.28,0,112
4930,0,-1,-0.0,0.28,7,0.28,0,112
4931,0,-1,4.5164123,0.24,6,0.24,0,112
4932,2,1,12.0134325,0.4,10,0.4,0,112
4933,2,1,-6.520809,0.44,11,0.44,1,112
4934,0,-1,-25.859058,0.44,11,0.44,0,112
4935,0,-1,6.5208097,0.4,10,0.4,0,112
4936,2,1,14.776832,0.44,11,0.44,0,112
4937,1,0,0.0,0.44,11,0.44,0,112
4938,0,-1,-7.2477818,0.4,10,0.4,0,112
4939,1,0,0.0,0.4,10,0.4,0,112
4940,2,1,14.432809,0.48,12,0.48,0,112
4941,1,0,0.0,0.48,12,0.48,0,112
4942,1,0,0.0,0.48,12,0.48,1,112
4943,1,0,0.0,0.48,12,0.48,0,112
4944,0,-1,-26.735615,0.48,12,0.48,0,112
4945,1,0,0.0,0.48,12,0.48,0,112
4946,1,0,0.0,0.48,12,0.48,0,112
4947,0,-1,-0.0,0.48,12,0.48,0,112
4948,0,-1,-2.3282197,0.44,11,0.44,0,112
4949,0,-1,-0.0,0.44,11,0.44,0,112
4950,0,-1,-12.997185,0.4,10,0.4,0,112
4951,2,1,4.5922327,0.48,12,0.48,0,112
4952,2,1,18.233084,0.52,13,0.52,0,112
4953,0,-1,-9.3938915e-08,0.52,13,0.52,0,112
4954,0,-1,-1.1658775e-07,0.52,13,0.52,0,112
4955,2,1,-11.626108,0.6,15,0.6,0,112
4956,0,-1,-6.3806738e-12,0.6,15,0.6,0,112
4957,0,-1,-1.2483531e-07,0.6,15,0.6,1,112
4958,1,0,0.0,0.6,15,0.6,0,112
4959,0,-1,-9.159866,0.6,15,0.6,0,112
4960,1,0,0.0,0.6,15,0.6,0,112
4961,0,-1,-0.7242312,0.56,14,0.56,0,112
4962,2,1,4.479774,0.6,15,0.6,0,112
4963,1,0,0.0,0.6,15,0.6,0,112
4964,0,-1,-0.0,0.6,15,0.6,0,112
4965,2,1,18.205677,0.64,16,0.64,0,112
4966,0,-1,-0.0,0.64,16,0.64,1,112
4967,2,1,-5.732918,0.68,17,0.68,0,112
4968,0,-1,-8.023104,0.64,16,0.64,0,112
4969,0,-1,-10.194565,0.64,16,0.64,0,112
4970,1,0,0.0,0.64,16,0.64,0,112
4971,1,0,0.0,0.64,16,0.64,0,112
4972,0,-1,-18.227215,0.6,15,0.6,0,112
4973,1,0,0.0,0.6,15,0.6,0,112
4974,1,0,0.0,0.6,15,0.6,0,112
4975,0,-1,-15.341779,0.56,14,0.56,0,112
4976,2,1,6.829034,0.6,15,0.6,0,112
4977,1,0,0.0,0.6,15,0.6,0,112
4978,1,0,0.0,0.6,15,0.6,0,112
4979,0,-1,-39.04237,0.64,16,0.64,0,112
4980,1,0,0.0,0.64,16,0.64,0,112
4981,2,1,14.736246,0.68,17,0.68,0,112
4982,2,1,8.477084,0.72,18,0.72,0,112
4983,2,1,-62.150856,0.8,20,0.8,0,112
4984,1,0,0.0,0.8,20,0.8,0,112
4985,1,0,0.0,0.8,20,0.8,0,112
4986,0,-1,-27.259298,0.8,20,0.8,0,112
4987,1,0,0.0,0.8,20,0.8,0,112
4988,1,0,0.0,0.8,20,0.8,0,112
4989,0,-1,-0.002751244,0.8,20,0.8,0,112
4990,2,1,-152.20921,0.88,22,0.88,0,112
4991,0,-1,94.85411,0.84,21,0.84,0,112
4992,0,-1,-15.9207325,0.84,21,0.84,0,112
4993,2,1,-89.56748,0.88,22,0.88,0,112
4994,0,-1,-0.0033592854,0.88,22,0.88,0,112
4995,1,0,0.0,0.88,22,0.88,1,112
4996,1,0,0.0,0.88,22,0.88,0,112
4997,0,-1,-13.360153,0.88,22,0.88,0,112
4998,0,-1,-0.0,0.88,22,0.88,0,112
4999,0,-1,95.715866,0.84,21,0.84,0,112
5000,2,1,-87.899635,0.88,22,0.88,0,112
