timestep,action,mapped_action,reward,resource_usage,element_count,budget_proximity,took_timestep,episode
1,1,0,0.0,0.16,4,0.16,0,0
2,0,-1,-0.0,0.16,4,0.16,0,0
3,1,0,0.0,0.16,4,0.16,0,0
4,0,-1,-0.0,0.16,4,0.16,0,0
5,2,1,-4.1406527,0.2,5,0.2,0,0
6,1,0,0.0,0.2,5,0.2,0,0
7,1,0,0.0,0.2,5,0.2,0,0
8,1,0,0.0,0.2,5,0.2,0,0
9,0,-1,4.1406527,0.16,4,0.16,0,0
10,2,1,-4.1406527,0.2,5,0.2,0,0
11,1,0,0.0,0.2,5,0.2,0,0
12,2,1,28.22638,0.24,6,0.24,0,0
13,0,-1,4.278605,0.2,5,0.2,0,0
14,2,1,19.247265,0.28,7,0.28,0,0
15,1,0,0.0,0.28,7,0.28,0,0
16,1,0,0.0,0.28,7,0.28,0,0
17,2,1,22.623116,0.36,9,0.36,0,0
18,1,0,0.0,0.36,9,0.36,0,0
19,2,1,-5.829461,0.4,10,0.4,0,0
20,2,1,19.619528,0.44,11,0.44,0,0
21,2,1,21.109398,0.48,12,0.48,0,0
22,2,1,17.438036,0.52,13,0.52,0,0
23,0,-1,-0.0012614568,0.52,13,0.52,0,0
24,2,1,6.5481567,0.6,15,0.6,0,0
25,2,1,-14.286362,0.64,16,0.64,0,0
26,2,1,-17.735903,0.68,17,0.68,0,0
27,1,0,0.0,0.68,17,0.68,0,0
28,0,-1,-0.0,0.68,17,0.68,0,0
29,0,-1,-0.0040504737,0.68,17,0.68,1,0
30,1,0,0.0,0.68,17,0.68,0,0
31,0,-1,-0.005311243,0.68,17,0.68,0,0
32,0,-1,-0.0014984463,0.68,17,0.68,0,0
33,1,0,0.0,0.68,17,0.68,0,0
34,0,-1,-0.0,0.68,17,0.68,0,0
35,0,-1,-5.9833245,0.64,16,0.64,0,0
36,1,0,0.0,0.64,16,0.64,0,0
37,2,1,-81.03844,0.8,20,0.8,0,0
38,1,0,0.0,0.8,20,0.8,0,0
39,1,0,0.0,0.8,20,0.8,0,0
40,2,1,-38.501804,0.84,21,0.84,0,0
41,2,1,-283.29584,0.92,23,0.92,0,0
42,1,0,0.0,0.92,23,0.92,0,0
43,2,1,-596.7886,0.96,24,0.96,0,0
44,2,1,27.31296,1.0,25,1.0,0,0
45,2,1,-1000.0,0.0,0,0.0,0,0
46,2,1,28.346605,0.2,5,0.2,0,1
47,1,0,0.0,0.2,5,0.2,0,1
48,0,-1,-28.346605,0.16,4,0.16,0,1
49,0,-1,-0.0,0.16,4,0.16,0,1
50,1,0,0.0,0.16,4,0.16,0,1
51,1,0,0.0,0.16,4,0.16,0,1
52,0,-1,-0.0,0.16,4,0.16,0,1
53,1,0,0.0,0.16,4,0.16,1,1
54,1,0,0.0,0.16,4,0.16,0,1
55,0,-1,-0.0,0.16,4,0.16,0,1
56,0,-1,-0.0,0.16,4,0.16,0,1
57,1,0,0.0,0.16,4,0.16,0,1
58,2,1,21.946438,0.2,5,0.2,0,1
59,2,1,24.899467,0.24,6,0.24,0,1
60,0,-1,-21.808485,0.2,5,0.2,0,1
61,1,0,0.0,0.2,5,0.2,1,1
62,2,1,28.23477,0.24,6,0.24,0,1
63,0,-1,-26.339039,0.2,5,0.2,0,1
64,2,1,22.267942,0.28,7,0.28,0,1
65,1,0,0.0,0.28,7,0.28,0,1
66,2,1,22.148783,0.36,9,0.36,0,1
67,2,1,21.963108,0.4,10,0.4,0,1
68,1,0,0.0,0.4,10,0.4,0,1
69,2,1,6.483931,0.52,13,0.52,0,1
70,1,0,0.0,0.52,13,0.52,0,1
71,1,0,0.0,0.52,13,0.52,0,1
72,0,-1,-17.983011,0.48,12,0.48,0,1
73,1,0,0.0,0.48,12,0.48,0,1
74,1,0,0.0,0.48,12,0.48,0,1
75,1,0,0.0,0.48,12,0.48,0,1
76,2,1,19.934679,0.52,13,0.52,0,1
77,0,-1,-36.40334,0.56,14,0.56,0,1
78,0,-1,-0.007670297,0.56,14,0.56,0,1
79,1,0,0.0,0.56,14,0.56,0,1
80,0,-1,-15.449515,0.52,13,0.52,0,1
81,2,1,15.170599,0.56,14,0.56,0,1
82,1,0,0.0,0.56,14,0.56,0,1
83,0,-1,-15.170599,0.52,13,0.52,0,1
84,0,-1,-19.934679,0.48,12,0.48,0,1
85,1,0,0.0,0.48,12,0.48,0,1
86,2,1,12.546877,0.56,14,0.56,1,1
87,2,1,15.749935,0.6,15,0.6,0,1
88,2,1,-1.7301695,0.68,17,0.68,0,1
89,0,-1,-0.0,0.68,17,0.68,0,1
90,0,-1,-0.09226933,0.68,17,0.68,1,1
91,0,-1,-12.289808,0.64,16,0.64,0,1
92,1,0,0.0,0.64,16,0.64,0,1
93,2,1,-14.550194,0.72,18,0.72,0,1
94,2,1,-43.383827,0.8,20,0.8,0,1
95,2,1,-37.412235,0.84,21,0.84,0,1
96,2,1,-75.69363,0.88,22,0.88,0,1
97,2,1,-178.59583,0.92,23,0.92,0,1
98,2,1,24.35752,1.0,25,1.0,0,1
99,0,-1,-1000.0,0.0,0,0.0,0,1
100,2,1,-4.1406527,0.2,5,0.2,0,2
101,0,-1,4.1406527,0.16,4,0.16,0,2
102,0,-1,-0.0,0.16,4,0.16,0,2
103,1,0,0.0,0.16,4,0.16,0,2
104,1,0,0.0,0.16,4,0.16,0,2
105,2,1,28.364332,0.2,5,0.2,0,2
106,1,0,0.0,0.2,5,0.2,0,2
107,1,0,0.0,0.2,5,0.2,0,2
108,1,0,0.0,0.2,5,0.2,0,2
109,1,0,0.0,0.2,5,0.2,0,2
110,2,1,28.208652,0.24,6,0.24,0,2
111,1,0,0.0,0.24,6,0.24,0,2
112,2,1,26.773045,0.28,7,0.28,1,2
113,2,1,20.384453,0.32,8,0.32,0,2
114,0,-1,-26.408207,0.32,8,0.32,0,2
115,2,1,17.832657,0.36,9,0.36,0,2
116,1,0,0.0,0.36,9,0.36,0,2
117,0,-1,-0.0,0.36,9,0.36,0,2
118,0,-1,-17.832657,0.32,8,0.32,0,2
119,0,-1,-0.0,0.32,8,0.32,0,2
120,2,1,20.309772,0.4,10,0.4,0,2
121,0,-1,-19.402796,0.36,9,0.36,1,2
122,1,0,0.0,0.36,9,0.36,0,2
123,2,1,16.161804,0.4,10,0.4,0,2
124,1,0,0.0,0.4,10,0.4,0,2
125,0,-1,-24.583843,0.36,9,0.36,0,2
126,2,1,16.724089,0.44,11,0.44,0,2
127,0,-1,-4.8621987e-06,0.44,11,0.44,0,2
128,0,-1,-0.0038458281,0.44,11,0.44,0,2
129,2,1,3.2358716,0.56,14,0.56,0,2
130,1,0,0.0,0.56,14,0.56,0,2
131,1,0,0.0,0.56,14,0.56,0,2
132,0,-1,-18.45161,0.52,13,0.52,0,2
133,0,-1,-3.9904608e-06,0.52,13,0.52,0,2
134,0,-1,-0.0002447015,0.52,13,0.52,0,2
135,2,1,13.91155,0.56,14,0.56,0,2
136,2,1,0.79637015,0.64,16,0.64,0,2
137,1,0,0.0,0.64,16,0.64,0,2
138,2,1,-13.831913,0.72,18,0.72,0,2
139,2,1,-7.702544,0.76,19,0.76,0,2
140,1,0,0.0,0.76,19,0.76,0,2
141,2,1,-18.773228,0.8,20,0.8,0,2
142,2,1,-34.430557,0.84,21,0.84,0,2
143,1,0,0.0,0.84,21,0.84,0,2
144,2,1,-83.02814,0.88,22,0.88,0,2
145,0,-1,83.02814,0.84,21,0.84,1,2
146,2,1,-916.1916,0.96,24,0.96,0,2
147,1,0,0.0,0.96,24,0.96,0,2
148,1,0,0.0,0.96,24,0.96,0,2
149,1,0,0.0,0.96,24,0.96,0,2
150,1,0,0.0,0.96,24,0.96,0,2
151,0,-1,603.81433,0.92,23,0.92,0,2
152,0,-1,189.07997,0.88,22,0.88,0,2
153,0,-1,-0.0,0.88,22,0.88,0,2
154,2,1,-187.52698,0.92,23,0.92,0,2
155,2,1,-595.1046,0.96,24,0.96,0,2
156,0,-1,-22.858473,1.0,25,1.0,0,2
157,0,-1,-1000.0,0.0,0,0.0,0,2
158,2,1,28.364332,0.2,5,0.2,0,3
159,0,-1,-0.0,0.2,5,0.2,0,3
160,2,1,-4.278605,0.24,6,0.24,0,3
161,2,1,23.526543,0.28,7,0.28,0,3
162,0,-1,-23.526543,0.24,6,0.24,0,3
163,1,0,0.0,0.24,6,0.24,0,3
164,0,-1,-28.22638,0.2,5,0.2,0,3
165,0,-1,-0.0,0.2,5,0.2,0,3
166,2,1,28.22638,0.24,6,0.24,0,3
167,2,1,-4.515826,0.28,7,0.28,0,3
168,2,1,-4.847804,0.32,8,0.32,0,3
169,2,1,27.207449,0.36,9,0.36,0,3
170,0,-1,5.279892,0.32,8,0.32,0,3
171,2,1,16.93285,0.4,10,0.4,0,3
172,1,0,0.0,0.4,10,0.4,0,3
173,0,-1,-0.0032886236,0.4,10,0.4,0,3
174,0,-1,-0.0,0.4,10,0.4,0,3
175,2,1,-6.520784,0.44,11,0.44,0,3
176,2,1,-7.391891,0.48,12,0.48,0,3
177,1,0,0.0,0.48,12,0.48,0,3
178,0,-1,-0.0,0.48,12,0.48,0,3
179,2,1,22.785866,0.52,13,0.52,0,3
180,0,-1,-22.785866,0.48,12,0.48,1,3
181,1,0,0.0,0.48,12,0.48,0,3
182,1,0,0.0,0.48,12,0.48,0,3
183,0,-1,-0.0,0.48,12,0.48,0,3
184,0,-1,-0.0,0.48,12,0.48,0,3
185,2,1,-9.013262,0.6,15,0.6,1,3
186,1,0,0.0,0.6,15,0.6,0,3
187,1,0,0.0,0.6,15,0.6,0,3
188,1,0,0.0,0.6,15,0.6,0,3
189,1,0,0.0,0.6,15,0.6,0,3
190,1,0,0.0,0.6,15,0.6,0,3
191,1,0,0.0,0.6,15,0.6,0,3
192,1,0,0.0,0.6,15,0.6,0,3
193,0,-1,-15.210984,0.6,15,0.6,0,3
194,0,-1,-27.247187,0.6,15,0.6,0,3
195,1,0,0.0,0.6,15,0.6,0,3
196,1,0,0.0,0.6,15,0.6,0,3
197,2,1,-0.783005,0.68,17,0.68,0,3
198,0,-1,-1.1654303e-07,0.68,17,0.68,0,3
199,0,-1,1.0104675,0.64,16,0.64,0,3
200,0,-1,-16.975445,0.64,16,0.64,0,3
201,1,0,0.0,0.64,16,0.64,0,3
202,1,0,0.0,0.64,16,0.64,0,3
203,1,0,0.0,0.64,16,0.64,0,3
204,1,0,0.0,0.64,16,0.64,0,3
205,1,0,0.0,0.64,16,0.64,0,3
206,2,1,-9.036421,0.72,18,0.72,0,3
207,0,-1,0.41695714,0.68,17,0.68,0,3
208,0,-1,-0.17014882,0.68,17,0.68,1,3
209,0,-1,-23.436518,0.68,17,0.68,0,3
210,2,1,-26.064974,0.76,19,0.76,0,3
211,2,1,-27.118464,0.8,20,0.8,0,3
212,1,0,0.0,0.8,20,0.8,0,3
213,2,1,-39.113415,0.84,21,0.84,0,3
214,2,1,-288.17322,0.92,23,0.92,0,3
215,1,0,0.0,0.92,23,0.92,0,3
216,1,0,0.0,0.92,23,0.92,1,3
217,1,0,0.0,0.92,23,0.92,0,3
218,2,1,-611.69104,0.96,24,0.96,0,3
219,0,-1,-22.329988,0.96,24,0.96,0,3
220,0,-1,611.69104,0.92,23,0.92,0,3
221,1,0,0.0,0.92,23,0.92,0,3
222,2,1,13.718511,1.0,25,1.0,0,3
223,1,0,-1000.0,0.0,0,0.0,0,3
224,1,0,0.0,0.16,4,0.16,0,4
225,2,1,-4.1407347,0.2,5,0.2,0,4
226,2,1,23.692236,0.28,7,0.28,0,4
227,1,0,0.0,0.28,7,0.28,0,4
228,2,1,23.409119,0.32,8,0.32,0,4
229,0,-1,-0.0,0.32,8,0.32,0,4
230,1,0,0.0,0.32,8,0.32,1,4
231,1,0,0.0,0.32,8,0.32,0,4
232,2,1,8.017847,0.36,9,0.36,0,4
233,1,0,0.0,0.36,9,0.36,0,4
234,1,0,0.0,0.36,9,0.36,0,4
235,2,1,20.405575,0.44,11,0.44,0,4
236,1,0,0.0,0.44,11,0.44,0,4
237,1,0,0.0,0.44,11,0.44,0,4
238,2,1,12.357571,0.52,13,0.52,0,4
239,0,-1,-0.0,0.52,13,0.52,0,4
240,0,-1,-0.0002369885,0.52,13,0.52,0,4
241,2,1,-0.069171846,0.6,15,0.6,0,4
242,2,1,14.129487,0.64,16,0.64,0,4
243,2,1,8.898961,0.68,17,0.68,0,4
244,1,0,0.0,0.68,17,0.68,0,4
245,2,1,-3.1800632,0.72,18,0.72,0,4
246,1,0,0.0,0.72,18,0.72,0,4
247,1,0,0.0,0.72,18,0.72,0,4
248,0,-1,-0.0002733808,0.72,18,0.72,0,4
249,0,-1,-0.0,0.72,18,0.72,0,4
250,0,-1,-0.0,0.72,18,0.72,0,4
251,0,-1,9.377501,0.68,17,0.68,1,4
252,2,1,1.1469116,0.72,18,0.72,0,4
253,1,0,0.0,0.72,18,0.72,0,4
254,1,0,0.0,0.72,18,0.72,1,4
255,1,0,0.0,0.72,18,0.72,0,4
256,1,0,0.0,0.72,18,0.72,0,4
257,2,1,-45.140854,0.8,20,0.8,0,4
258,0,-1,21.604794,0.76,19,0.76,0,4
259,0,-1,-0.00058040774,0.76,19,0.76,1,4
260,0,-1,11.122745,0.72,18,0.72,1,4
261,1,0,0.0,0.72,18,0.72,0,4
262,1,0,0.0,0.72,18,0.72,0,4
263,2,1,-40.580826,0.8,20,0.8,0,4
264,0,-1,-0.21549067,0.8,20,0.8,0,4
265,2,1,-40.31052,0.84,21,0.84,0,4
266,0,-1,34.56192,0.8,20,0.8,0,4
267,2,1,-44.14959,0.84,21,0.84,0,4
268,0,-1,35.660175,0.8,20,0.8,0,4
269,1,0,0.0,0.8,20,0.8,0,4
270,0,-1,12.470202,0.76,19,0.76,0,4
271,1,0,0.0,0.76,19,0.76,0,4
272,0,-1,-27.241747,0.76,19,0.76,0,4
273,1,0,0.0,0.76,19,0.76,1,4
274,1,0,0.0,0.76,19,0.76,0,4
275,0,-1,7.5875196,0.72,18,0.72,0,4
276,0,-1,-1.5080703,0.68,17,0.68,0,4
277,2,1,2.235787,0.72,18,0.72,0,4
278,2,1,-45.72659,0.8,20,0.8,0,4
279,0,-1,-28.443117,0.8,20,0.8,0,4
280,1,0,0.0,0.8,20,0.8,0,4
281,0,-1,19.507843,0.76,19,0.76,0,4
282,2,1,-15.775459,0.8,20,0.8,0,4
283,2,1,-33.323517,0.84,21,0.84,0,4
284,2,1,-75.57401,0.88,22,0.88,0,4
285,1,0,0.0,0.88,22,0.88,0,4
286,0,-1,-0.0,0.88,22,0.88,0,4
287,2,1,-817.78015,0.96,24,0.96,0,4
288,0,-1,-0.0,0.96,24,0.96,0,4
289,1,0,0.0,0.96,24,0.96,0,4
290,2,1,-1000.0,0.0,0,0.0,0,4
291,1,0,0.0,0.16,4,0.16,0,5
292,2,1,28.346605,0.2,5,0.2,0,5
293,0,-1,-28.346605,0.16,4,0.16,0,5
294,2,1,28.346605,0.2,5,0.2,0,5
295,0,-1,-0.0,0.2,5,0.2,0,5
296,0,-1,-0.0,0.2,5,0.2,0,5
297,0,-1,-28.346605,0.16,4,0.16,0,5
298,0,-1,-0.0,0.16,4,0.16,0,5
299,2,1,28.364332,0.2,5,0.2,0,5
300,2,1,-4.278605,0.24,6,0.24,0,5
301,0,-1,-0.0,0.24,6,0.24,0,5
302,2,1,-4.515826,0.28,7,0.28,0,5
303,2,1,-4.8479323,0.32,8,0.32,1,5
304,2,1,14.779662,0.44,11,0.44,1,5
305,2,1,12.546805,0.52,13,0.52,0,5
306,0,-1,-24.081812,0.48,12,0.48,0,5
307,0,-1,-0.0,0.48,12,0.48,0,5
308,1,0,0.0,0.48,12,0.48,0,5
309,0,-1,-0.0,0.48,12,0.48,0,5
310,2,1,11.546946,0.52,13,0.52,0,5
311,0,-1,-11.546946,0.48,12,0.48,0,5
312,1,0,0.0,0.48,12,0.48,0,5
313,0,-1,-20.55202,0.44,11,0.44,0,5
314,0,-1,-0.0,0.44,11,0.44,0,5
315,1,0,0.0,0.44,11,0.44,0,5
316,0,-1,-10.912769,0.4,10,0.4,0,5
317,2,1,20.291998,0.44,11,0.44,0,5
318,1,0,0.0,0.44,11,0.44,0,5
319,2,1,0.7714863,0.48,12,0.48,0,5
320,2,1,16.933208,0.52,13,0.52,0,5
321,2,1,7.073548,0.56,14,0.56,0,5
322,1,0,0.0,0.56,14,0.56,0,5
323,2,1,-105.84849,0.8,20,0.8,0,5
324,0,-1,-0.20321389,0.8,20,0.8,0,5
325,0,-1,-0.0,0.8,20,0.8,0,5
326,0,-1,-0.0004240981,0.8,20,0.8,0,5
327,2,1,-153.84041,0.88,22,0.88,0,5
328,0,-1,95.45797,0.84,21,0.84,0,5
329,0,-1,-0.0021419767,0.84,21,0.84,0,5
330,0,-1,54.6408,0.8,20,0.8,0,5
331,2,1,-135.88077,0.88,22,0.88,0,5
332,0,-1,91.04832,0.84,21,0.84,1,5
333,0,-1,-0.0021427374,0.84,21,0.84,0,5
334,1,0,0.0,0.84,21,0.84,0,5
335,1,0,0.0,0.84,21,0.84,0,5
336,0,-1,-16.099865,0.84,21,0.84,0,5
337,1,0,0.0,0.84,21,0.84,0,5
338,1,0,0.0,0.84,21,0.84,0,5
339,1,0,0.0,0.84,21,0.84,0,5
340,2,1,-82.78716,0.88,22,0.88,0,5
341,1,0,0.0,0.88,22,0.88,0,5
342,2,1,-189.10625,0.92,23,0.92,0,5
343,0,-1,179.06726,0.88,22,0.88,0,5
344,2,1,-186.87419,0.92,23,0.92,0,5
345,0,-1,-0.0,0.92,23,0.92,0,5
346,0,-1,185.53078,0.88,22,0.88,0,5
347,1,0,0.0,0.88,22,0.88,0,5
348,0,-1,-233.29817,0.92,23,0.92,1,5
349,2,1,-601.0255,0.96,24,0.96,0,5
350,0,-1,-10.882597,0.96,24,0.96,0,5
351,0,-1,-4.964562e-11,0.96,24,0.96,0,5
352,2,1,-1000.0,0.0,0,0.0,0,5
353,0,-1,-0.0,0.16,4,0.16,0,6
354,2,1,28.346605,0.2,5,0.2,0,6
355,0,-1,-0.0,0.2,5,0.2,0,6
356,0,-1,-0.0,0.2,5,0.2,0,6
357,2,1,28.22638,0.24,6,0.24,0,6
358,2,1,-4.515826,0.28,7,0.28,0,6
359,1,0,0.0,0.28,7,0.28,0,6
360,2,1,17.914507,0.36,9,0.36,0,6
361,0,-1,-27.207449,0.32,8,0.32,0,6
362,2,1,15.4989395,0.4,10,0.4,0,6
363,1,0,0.0,0.4,10,0.4,0,6
364,0,-1,-0.0,0.4,10,0.4,0,6
365,2,1,-6.520777,0.44,11,0.44,0,6
366,2,1,17.87195,0.48,12,0.48,0,6
367,1,0,0.0,0.48,12,0.48,0,6
368,1,0,0.0,0.48,12,0.48,0,6
369,0,-1,-0.0,0.48,12,0.48,0,6
370,0,-1,-0.0,0.48,12,0.48,0,6
371,1,0,0.0,0.48,12,0.48,0,6
372,1,0,0.0,0.48,12,0.48,0,6
373,2,1,-18.420292,0.56,14,0.56,0,6
374,1,0,0.0,0.56,14,0.56,0,6
375,1,0,0.0,0.56,14,0.56,0,6
376,2,1,-11.78691,0.6,15,0.6,0,6
377,0,-1,11.78691,0.56,14,0.56,0,6
378,1,0,0.0,0.56,14,0.56,0,6
379,0,-1,-0.0,0.56,14,0.56,0,6
380,2,1,-63.830082,0.76,19,0.76,0,6
381,0,-1,30.097317,0.72,18,0.72,1,6
382,1,0,0.0,0.72,18,0.72,0,6
383,2,1,-21.651394,0.76,19,0.76,0,6
384,2,1,-21.186773,0.8,20,0.8,0,6
385,1,0,0.0,0.8,20,0.8,0,6
386,1,0,0.0,0.8,20,0.8,0,6
387,1,0,0.0,0.8,20,0.8,0,6
388,1,0,0.0,0.8,20,0.8,0,6
389,2,1,-55.73193,0.84,21,0.84,0,6
390,0,-1,-121.550064,0.88,22,0.88,0,6
391,0,-1,81.78836,0.84,21,0.84,0,6
392,2,1,-104.45683,0.88,22,0.88,1,6
393,0,-1,-27.913721,0.88,22,0.88,0,6
394,1,0,0.0,0.88,22,0.88,0,6
395,2,1,-805.5912,0.96,24,0.96,0,6
396,1,0,0.0,0.96,24,0.96,0,6
397,2,1,24.193666,1.0,25,1.0,0,6
398,0,-1,-1000.0,0.0,0,0.0,0,6
399,2,1,-4.1406527,0.2,5,0.2,0,7
400,2,1,28.22638,0.24,6,0.24,0,7
401,0,-1,4.278605,0.2,5,0.2,0,7
402,2,1,-4.278605,0.24,6,0.24,0,7
403,1,0,0.0,0.24,6,0.24,0,7
404,0,-1,-0.0,0.24,6,0.24,0,7
405,2,1,-4.5163865,0.28,7,0.28,0,7
406,2,1,-4.847379,0.32,8,0.32,0,7
407,0,-1,4.847379,0.28,7,0.28,0,7
408,0,-1,-0.0,0.28,7,0.28,0,7
409,1,0,0.0,0.28,7,0.28,0,7
410,0,-1,-27.98924,0.24,6,0.24,0,7
411,2,1,-4.516412,0.28,7,0.28,0,7
412,0,-1,-0.0,0.28,7,0.28,0,7
413,0,-1,-0.0,0.28,7,0.28,0,7
414,1,0,0.0,0.28,7,0.28,0,7
415,0,-1,-0.0,0.28,7,0.28,0,7
416,2,1,27.639961,0.32,8,0.32,0,7
417,1,0,0.0,0.32,8,0.32,0,7
418,1,0,0.0,0.32,8,0.32,1,7
419,0,-1,-13.904364,0.28,7,0.28,0,7
420,1,0,0.0,0.28,7,0.28,0,7
421,2,1,16.555931,0.4,10,0.4,0,7
422,2,1,24.722893,0.44,11,0.44,0,7
423,2,1,20.93107,0.48,12,0.48,0,7
424,2,1,19.539473,0.52,13,0.52,0,7
425,0,-1,-0.0,0.52,13,0.52,0,7
426,2,1,9.765613,0.6,15,0.6,0,7
427,0,-1,-0.0,0.6,15,0.6,0,7
428,0,-1,-0.0,0.6,15,0.6,0,7
429,2,1,6.9653087,0.64,16,0.64,0,7
430,0,-1,-13.751258,0.6,15,0.6,0,7
431,2,1,14.150031,0.64,16,0.64,0,7
432,1,0,0.0,0.64,16,0.64,0,7
433,1,0,0.0,0.64,16,0.64,0,7
434,2,1,-12.3565235,0.72,18,0.72,0,7
435,0,-1,-0.0035159548,0.72,18,0.72,0,7
436,1,0,0.0,0.72,18,0.72,0,7
437,0,-1,-5.7607274,0.68,17,0.68,0,7
438,0,-1,-3.5158966,0.64,16,0.64,1,7
439,0,-1,-23.730566,0.64,16,0.64,0,7
440,2,1,1.3250899,0.68,17,0.68,0,7
441,1,0,0.0,0.68,17,0.68,0,7
442,2,1,-72.58382,0.8,20,0.8,1,7
443,1,0,0.0,0.8,20,0.8,0,7
444,1,0,0.0,0.8,20,0.8,0,7
445,0,-1,-0.0,0.8,20,0.8,0,7
446,2,1,-137.22592,0.88,22,0.88,0,7
447,2,1,-191.85902,0.92,23,0.92,0,7
448,0,-1,181.57419,0.88,22,0.88,0,7
449,1,0,0.0,0.88,22,0.88,0,7
450,2,1,-1000.0,0.0,0,0.0,0,7
451,1,0,0.0,0.16,4,0.16,0,8
452,2,1,28.346605,0.2,5,0.2,0,8
453,0,-1,-0.0,0.2,5,0.2,0,8
454,1,0,0.0,0.2,5,0.2,0,8
455,2,1,23.968313,0.28,7,0.28,0,8
456,1,0,0.0,0.28,7,0.28,0,8
457,1,0,0.0,0.28,7,0.28,0,8
458,2,1,26.441492,0.32,8,0.32,0,8
459,1,0,0.0,0.32,8,0.32,0,8
460,1,0,0.0,0.32,8,0.32,0,8
461,2,1,24.37198,0.36,9,0.36,1,8
462,0,-1,-0.0,0.36,9,0.36,0,8
463,1,0,0.0,0.36,9,0.36,0,8
464,2,1,15.957066,0.44,11,0.44,0,8
465,0,-1,-20.972572,0.44,11,0.44,0,8
466,1,0,0.0,0.44,11,0.44,0,8
467,0,-1,-0.0,0.44,11,0.44,0,8
468,2,1,12.137161,0.52,13,0.52,0,8
469,2,1,16.269182,0.56,14,0.56,0,8
470,0,-1,-16.269182,0.52,13,0.52,0,8
471,2,1,12.608429,0.56,14,0.56,0,8
472,2,1,10.021165,0.6,15,0.6,0,8
473,2,1,-3.2250495,0.68,17,0.68,0,8
474,1,0,0.0,0.68,17,0.68,0,8
475,0,-1,-1.9450763e-07,0.68,17,0.68,0,8
476,2,1,4.119728,0.72,18,0.72,0,8
477,2,1,-13.292093,0.76,19,0.76,0,8
478,0,-1,1.7904812,0.72,18,0.72,0,8
479,2,1,-11.098657,0.76,19,0.76,0,8
480,2,1,-83.61435,0.84,21,0.84,0,8
481,1,0,0.0,0.84,21,0.84,0,8
482,2,1,-294.34473,0.92,23,0.92,0,8
483,2,1,17.559654,1.0,25,1.0,0,8
484,1,0,-1000.0,0.0,0,0.0,0,8
485,1,0,0.0,0.16,4,0.16,0,9
486,2,1,28.364332,0.2,5,0.2,0,9
487,0,-1,-28.364332,0.16,4,0.16,0,9
488,0,-1,-0.0,0.16,4,0.16,0,9
489,0,-1,-0.0,0.16,4,0.16,0,9
490,2,1,-4.1407347,0.2,5,0.2,0,9
491,1,0,0.0,0.2,5,0.2,0,9
492,1,0,0.0,0.2,5,0.2,0,9
493,2,1,28.208652,0.24,6,0.24,0,9
494,1,0,0.0,0.24,6,0.24,0,9
495,2,1,23.39962,0.32,8,0.32,0,9
496,1,0,0.0,0.32,8,0.32,0,9
497,2,1,17.967459,0.4,10,0.4,0,9
498,0,-1,-0.0,0.4,10,0.4,0,9
499,1,0,0.0,0.4,10,0.4,0,9
500,1,0,0.0,0.4,10,0.4,0,9
501,0,-1,-0.22802086,0.4,10,0.4,0,9
502,2,1,17.554182,0.48,12,0.48,0,9
503,0,-1,-0.0,0.48,12,0.48,0,9
504,2,1,8.140976,0.56,14,0.56,0,9
505,1,0,0.0,0.56,14,0.56,0,9
506,2,1,15.545738,0.6,15,0.6,0,9
507,0,-1,-0.0,0.6,15,0.6,0,9
508,1,0,0.0,0.6,15,0.6,0,9
509,0,-1,-14.774389,0.56,14,0.56,0,9
510,2,1,0.866899,0.64,16,0.64,0,9
511,2,1,11.916524,0.68,17,0.68,1,9
512,1,0,0.0,0.68,17,0.68,0,9
513,0,-1,-0.0,0.68,17,0.68,0,9
514,0,-1,-0.0,0.68,17,0.68,0,9
515,1,0,0.0,0.68,17,0.68,0,9
516,0,-1,-0.0,0.68,17,0.68,0,9
517,2,1,5.0390286,0.72,18,0.72,0,9
518,0,-1,-22.318499,0.72,18,0.72,0,9
519,1,0,0.0,0.72,18,0.72,0,9
520,1,0,0.0,0.72,18,0.72,0,9
521,0,-1,-0.0038334234,0.72,18,0.72,1,9
522,0,-1,-0.0,0.72,18,0.72,0,9
523,1,0,0.0,0.72,18,0.72,0,9
524,1,0,0.0,0.72,18,0.72,0,9
525,1,0,0.0,0.72,18,0.72,0,9
526,2,1,-7.544817,0.76,19,0.76,0,9
527,0,-1,4.9873753,0.72,18,0.72,0,9
528,2,1,-43.08643,0.8,20,0.8,0,9
529,2,1,-35.463375,0.84,21,0.84,1,9
530,0,-1,-20.371471,0.84,21,0.84,1,9
531,2,1,-79.908165,0.88,22,0.88,0,9
532,2,1,-815.1083,0.96,24,0.96,0,9
533,2,1,-1000.0,0.0,0,0.0,0,9
534,0,-1,-0.0,0.16,4,0.16,0,10
535,2,1,28.346605,0.2,5,0.2,0,10
536,2,1,19.461393,0.28,7,0.28,0,10
537,2,1,22.635555,0.36,9,0.36,1,10
538,2,1,15.646659,0.44,11,0.44,1,10
539,1,0,0.0,0.44,11,0.44,0,10
540,0,-1,-21.955582,0.4,10,0.4,0,10
541,0,-1,-27.272507,0.4,10,0.4,0,10
542,1,0,0.0,0.4,10,0.4,0,10
543,2,1,24.679964,0.44,11,0.44,0,10
544,1,0,0.0,0.44,11,0.44,0,10
545,1,0,0.0,0.44,11,0.44,0,10
546,0,-1,-0.0,0.44,11,0.44,0,10
547,1,0,0.0,0.44,11,0.44,0,10
548,2,1,10.765631,0.52,13,0.52,0,10
549,0,-1,-17.90466,0.48,12,0.48,0,10
550,1,0,0.0,0.48,12,0.48,0,10
551,2,1,21.063375,0.52,13,0.52,0,10
552,2,1,8.965781,0.56,14,0.56,0,10
553,0,-1,-8.965781,0.52,13,0.52,0,10
554,0,-1,-19.85813,0.48,12,0.48,0,10
555,2,1,13.574895,0.52,13,0.52,0,10
556,2,1,18.443424,0.56,14,0.56,0,10
557,1,0,0.0,0.56,14,0.56,0,10
558,2,1,-1.622998,0.64,16,0.64,0,10
559,2,1,2.9543185,0.68,17,0.68,0,10
560,2,1,-23.764719,0.76,19,0.76,0,10
561,2,1,-22.69737,0.8,20,0.8,1,10
562,1,0,0.0,0.8,20,0.8,0,10
563,0,-1,-0.0,0.8,20,0.8,0,10
564,0,-1,-16.17309,0.8,20,0.8,0,10
565,2,1,-36.53184,0.84,21,0.84,0,10
566,2,1,-912.7133,0.96,24,0.96,0,10
567,0,-1,-0.0,0.96,24,0.96,0,10
568,2,1,21.843382,1.0,25,1.0,0,10
569,0,-1,-1000.0,0.0,0,0.0,0,10
570,0,-1,-0.0,0.16,4,0.16,0,11
571,0,-1,-0.0,0.16,4,0.16,0,11
572,0,-1,-0.0,0.16,4,0.16,0,11
573,0,-1,-0.0,0.16,4,0.16,0,11
574,2,1,28.364332,0.2,5,0.2,0,11
575,2,1,28.208652,0.24,6,0.24,0,11
576,1,0,0.0,0.24,6,0.24,0,11
577,0,-1,-0.0,0.24,6,0.24,0,11
578,2,1,-4.515744,0.28,7,0.28,0,11
579,2,1,26.436209,0.32,8,0.32,0,11
580,1,0,0.0,0.32,8,0.32,0,11
581,2,1,20.356783,0.4,10,0.4,0,11
582,1,0,0.0,0.4,10,0.4,0,11
583,2,1,-6.5202236,0.44,11,0.44,0,11
584,0,-1,6.5202236,0.4,10,0.4,0,11
585,0,-1,-0.0,0.4,10,0.4,0,11
586,2,1,21.522146,0.44,11,0.44,0,11
587,2,1,-7.391865,0.48,12,0.48,0,11
588,1,0,0.0,0.48,12,0.48,0,11
589,2,1,-0.41298774,0.6,15,0.6,0,11
590,0,-1,11.7863245,0.56,14,0.56,0,11
591,1,0,0.0,0.56,14,0.56,0,11
592,2,1,15.984867,0.6,15,0.6,0,11
593,1,0,0.0,0.6,15,0.6,0,11
594,0,-1,-0.0,0.6,15,0.6,0,11
595,0,-1,-0.0,0.6,15,0.6,0,11
596,2,1,-14.285936,0.64,16,0.64,0,11
597,0,-1,14.286496,0.6,15,0.6,0,11
598,2,1,-25.459751,0.72,18,0.72,1,11
599,2,1,-106.06015,0.84,21,0.84,0,11
600,1,0,0.0,0.84,21,0.84,0,11
601,0,-1,35.48387,0.8,20,0.8,0,11
602,1,0,0.0,0.8,20,0.8,0,11
603,1,0,0.0,0.8,20,0.8,0,11
604,2,1,-35.48387,0.84,21,0.84,0,11
605,0,-1,-13.444613,0.84,21,0.84,0,11
606,0,-1,-2.386642e-10,0.84,21,0.84,0,11
607,2,1,-77.71081,0.88,22,0.88,0,11
608,0,-1,-0.0752477,0.88,22,0.88,0,11
609,0,-1,78.9194,0.84,21,0.84,0,11
610,2,1,-78.68049,0.88,22,0.88,0,11
611,1,0,0.0,0.88,22,0.88,0,11
612,1,0,0.0,0.88,22,0.88,0,11
613,1,0,0.0,0.88,22,0.88,0,11
614,0,-1,-0.007469027,0.88,22,0.88,0,11
615,0,-1,-0.0,0.88,22,0.88,0,11
616,0,-1,78.68049,0.84,21,0.84,0,11
617,2,1,-78.68049,0.88,22,0.88,0,11
618,1,0,0.0,0.88,22,0.88,0,11
619,1,0,0.0,0.88,22,0.88,0,11
620,1,0,0.0,0.88,22,0.88,1,11
621,1,0,0.0,0.88,22,0.88,0,11
622,2,1,-807.10144,0.96,24,0.96,0,11
623,2,1,-1000.0,0.0,0,0.0,0,11
624,0,-1,-0.0,0.16,4,0.16,0,12
625,2,1,-4.1406527,0.2,5,0.2,1,12
626,2,1,21.21308,0.24,6,0.24,0,12
627,2,1,18.616447,0.28,7,0.28,0,12
628,0,-1,-0.0,0.28,7,0.28,0,12
629,2,1,2.6027005,0.48,12,0.48,0,12
630,1,0,0.0,0.48,12,0.48,0,12
631,2,1,12.013485,0.52,13,0.52,0,12
632,2,1,19.53172,0.56,14,0.56,0,12
633,2,1,6.255532,0.64,16,0.64,0,12
634,2,1,13.363523,0.68,17,0.68,0,12
635,1,0,0.0,0.68,17,0.68,0,12
636,2,1,4.4185514,0.72,18,0.72,0,12
637,1,0,0.0,0.72,18,0.72,0,12
638,1,0,0.0,0.72,18,0.72,0,12
639,2,1,-45.942734,0.8,20,0.8,0,12
640,0,-1,19.295048,0.76,19,0.76,0,12
641,1,0,0.0,0.76,19,0.76,1,12
642,1,0,0.0,0.76,19,0.76,0,12
643,1,0,0.0,0.76,19,0.76,0,12
644,1,0,0.0,0.76,19,0.76,0,12
645,0,-1,-27.234545,0.76,19,0.76,0,12
646,2,1,-73.43894,0.84,21,0.84,0,12
647,0,-1,-23.95096,0.84,21,0.84,0,12
648,0,-1,-0.16845015,0.84,21,0.84,0,12
649,1,0,0.0,0.84,21,0.84,0,12
650,0,-1,-0.012729482,0.84,21,0.84,0,12
651,1,0,0.0,0.84,21,0.84,0,12
652,0,-1,32.935413,0.8,20,0.8,0,12
653,1,0,0.0,0.8,20,0.8,0,12
654,0,-1,13.930219,0.76,19,0.76,0,12
655,0,-1,8.013995,0.72,18,0.72,0,12
656,2,1,-0.22913864,0.76,19,0.76,0,12
657,1,0,0.0,0.76,19,0.76,0,12
658,2,1,-21.204836,0.8,20,0.8,0,12
659,2,1,-41.21835,0.84,21,0.84,0,12
660,1,0,0.0,0.84,21,0.84,0,12
661,1,0,0.0,0.84,21,0.84,0,12
662,0,-1,-0.0,0.84,21,0.84,1,12
663,2,1,-84.49227,0.88,22,0.88,0,12
664,2,1,-186.77989,0.92,23,0.92,0,12
665,2,1,-1000.0,0.0,0,0.0,0,12
666,2,1,28.364332,0.2,5,0.2,0,13
667,2,1,23.955872,0.28,7,0.28,0,13
668,2,1,26.436209,0.32,8,0.32,0,13
669,2,1,24.369835,0.36,9,0.36,0,13
670,2,1,-5.829036,0.4,10,0.4,0,13
671,1,0,0.0,0.4,10,0.4,0,13
672,2,1,-6.520649,0.44,11,0.44,0,13
673,0,-1,-0.0,0.44,11,0.44,0,13
674,2,1,20.865192,0.48,12,0.48,0,13
675,0,-1,-22.258423,0.44,11,0.44,0,13
676,1,0,0.0,0.44,11,0.44,0,13
677,2,1,22.258423,0.48,12,0.48,0,13
678,1,0,0.0,0.48,12,0.48,0,13
679,0,-1,-20.865192,0.44,11,0.44,0,13
680,1,0,0.0,0.44,11,0.44,0,13
681,0,-1,-0.0,0.44,11,0.44,0,13
682,0,-1,-0.0,0.44,11,0.44,0,13
683,2,1,-7.3912225,0.48,12,0.48,0,13
684,2,1,-0.96869725,0.6,15,0.6,0,13
685,2,1,-5.3598356,0.68,17,0.68,0,13
686,0,-1,-8.197792,0.64,16,0.64,0,13
687,1,0,0.0,0.64,16,0.64,0,13
688,1,0,0.0,0.64,16,0.64,0,13
689,1,0,0.0,0.64,16,0.64,0,13
690,0,-1,-0.0,0.64,16,0.64,0,13
691,0,-1,14.286362,0.6,15,0.6,0,13
692,0,-1,-0.0,0.6,15,0.6,0,13
693,2,1,-14.286361,0.64,16,0.64,0,13
694,1,0,0.0,0.64,16,0.64,0,13
695,1,0,0.0,0.64,16,0.64,1,13
696,1,0,0.0,0.64,16,0.64,0,13
697,0,-1,-9.432832,0.6,15,0.6,0,13
698,2,1,15.3397,0.64,16,0.64,0,13
699,2,1,10.025046,0.68,17,0.68,0,13
700,0,-1,-12.205783,0.68,17,0.68,0,13
701,0,-1,-0.013777883,0.68,17,0.68,0,13
702,1,0,0.0,0.68,17,0.68,0,13
703,0,-1,-0.0,0.68,17,0.68,0,13
704,1,0,0.0,0.68,17,0.68,0,13
705,2,1,3.231259,0.72,18,0.72,0,13
706,2,1,-4.738834,0.76,19,0.76,1,13
707,2,1,-18.655355,0.8,20,0.8,0,13
708,2,1,-348.9317,0.92,23,0.92,0,13
709,2,1,-1000.0,0.0,0,0.0,0,13
710,1,0,0.0,0.16,4,0.16,0,14
711,1,0,0.0,0.16,4,0.16,0,14
712,2,1,-4.1407347,0.2,5,0.2,0,14
713,0,-1,-0.0,0.2,5,0.2,0,14
714,0,-1,4.1407347,0.16,4,0.16,0,14
715,2,1,-4.1407347,0.2,5,0.2,0,14
716,2,1,28.22638,0.24,6,0.24,0,14
717,0,-1,4.278687,0.2,5,0.2,0,14
718,2,1,-4.278687,0.24,6,0.24,0,14
719,2,1,27.971514,0.28,7,0.28,0,14
720,2,1,26.441492,0.32,8,0.32,0,14
721,2,1,-5.27981,0.36,9,0.36,0,14
722,2,1,-5.8295894,0.4,10,0.4,0,14
723,1,0,0.0,0.4,10,0.4,0,14
724,0,-1,5.8295894,0.36,9,0.36,0,14
725,0,-1,-0.15642108,0.36,9,0.36,1,14
726,1,0,0.0,0.36,9,0.36,0,14
727,1,0,0.0,0.36,9,0.36,0,14
728,0,-1,-0.0,0.36,9,0.36,0,14
729,0,-1,-13.524447,0.32,8,0.32,0,14
730,0,-1,-21.587927,0.28,7,0.28,0,14
731,2,1,20.385448,0.32,8,0.32,1,14
732,2,1,17.258259,0.4,10,0.4,0,14
733,0,-1,-21.50047,0.36,9,0.36,0,14
734,1,0,0.0,0.36,9,0.36,0,14
735,1,0,0.0,0.36,9,0.36,0,14
736,1,0,0.0,0.36,9,0.36,0,14
737,2,1,25.34452,0.4,10,0.4,0,14
738,0,-1,-26.000877,0.36,9,0.36,0,14
739,1,0,0.0,0.36,9,0.36,0,14
740,0,-1,-23.086311,0.32,8,0.32,0,14
741,1,0,0.0,0.32,8,0.32,0,14
742,2,1,25.934895,0.36,9,0.36,0,14
743,1,0,0.0,0.36,9,0.36,0,14
744,1,0,0.0,0.36,9,0.36,0,14
745,1,0,0.0,0.36,9,0.36,0,14
746,2,1,9.4717655,0.48,12,0.48,0,14
747,2,1,15.846876,0.52,13,0.52,0,14
748,1,0,0.0,0.52,13,0.52,1,14
749,1,0,0.0,0.52,13,0.52,0,14
750,0,-1,-22.64737,0.48,12,0.48,0,14
751,2,1,8.482715,0.56,14,0.56,0,14
752,0,-1,-13.650507,0.52,13,0.52,0,14
753,0,-1,-0.0,0.52,13,0.52,0,14
754,1,0,0.0,0.52,13,0.52,0,14
755,1,0,0.0,0.52,13,0.52,0,14
756,0,-1,-32.783028,0.56,14,0.56,0,14
757,1,0,0.0,0.56,14,0.56,0,14
758,1,0,0.0,0.56,14,0.56,0,14
759,1,0,0.0,0.56,14,0.56,0,14
760,2,1,19.358644,0.6,15,0.6,0,14
761,1,0,0.0,0.6,15,0.6,0,14
762,0,-1,-11.074094,0.56,14,0.56,1,14
763,2,1,11.066793,0.6,15,0.6,0,14
764,2,1,8.981463,0.64,16,0.64,0,14
765,1,0,0.0,0.64,16,0.64,0,14
766,1,0,0.0,0.64,16,0.64,0,14
767,2,1,-43.13826,0.76,19,0.76,0,14
768,1,0,0.0,0.76,19,0.76,0,14
769,2,1,-20.754688,0.8,20,0.8,0,14
770,2,1,-32.410873,0.84,21,0.84,0,14
771,0,-1,-128.17027,0.88,22,0.88,0,14
772,1,0,0.0,0.88,22,0.88,0,14
773,1,0,0.0,0.88,22,0.88,0,14
774,2,1,-183.48262,0.92,23,0.92,0,14
775,1,0,0.0,0.92,23,0.92,0,14
776,2,1,-599.3433,0.96,24,0.96,0,14
777,2,1,27.5657,1.0,25,1.0,0,14
778,0,-1,-1000.0,0.0,0,0.0,0,14
779,2,1,28.346605,0.2,5,0.2,0,15
780,0,-1,-28.346605,0.16,4,0.16,0,15
781,0,-1,-0.0,0.16,4,0.16,0,15
782,0,-1,-0.0,0.16,4,0.16,0,15
783,2,1,28.364332,0.2,5,0.2,0,15
784,2,1,-4.278605,0.24,6,0.24,0,15
785,0,-1,-0.0,0.24,6,0.24,0,15
786,1,0,0.0,0.24,6,0.24,0,15
787,1,0,0.0,0.24,6,0.24,0,15
788,2,1,27.971514,0.28,7,0.28,0,15
789,2,1,26.441492,0.32,8,0.32,0,15
790,2,1,26.003696,0.36,9,0.36,0,15
791,1,0,0.0,0.36,9,0.36,0,15
792,2,1,-5.8295965,0.4,10,0.4,0,15
793,2,1,6.666545,0.52,13,0.52,0,15
794,0,-1,-0.0036137272,0.52,13,0.52,0,15
795,1,0,0.0,0.52,13,0.52,0,15
796,1,0,0.0,0.52,13,0.52,0,15
797,2,1,-9.92201,0.56,14,0.56,1,15
798,2,1,-42.589043,0.72,18,0.72,0,15
799,2,1,-50.2939,0.8,20,0.8,0,15
800,1,0,0.0,0.8,20,0.8,0,15
801,0,-1,-0.0,0.8,20,0.8,0,15
802,1,0,0.0,0.8,20,0.8,0,15
803,1,0,0.0,0.8,20,0.8,0,15
804,2,1,-33.271954,0.84,21,0.84,0,15
805,0,-1,33.271954,0.8,20,0.8,0,15
806,1,0,0.0,0.8,20,0.8,0,15
807,0,-1,13.528861,0.76,19,0.76,0,15
808,2,1,-13.97539,0.8,20,0.8,0,15
809,2,1,-146.904,0.88,22,0.88,0,15
810,1,0,0.0,0.88,22,0.88,0,15
811,0,-1,76.13528,0.84,21,0.84,0,15
812,2,1,-295.6728,0.92,23,0.92,0,15
813,2,1,-599.07587,0.96,24,0.96,0,15
814,0,-1,-0.0,0.96,24,0.96,0,15
815,2,1,14.185633,1.0,25,1.0,0,15
816,2,1,-1000.0,0.0,0,0.0,0,15
817,1,0,0.0,0.16,4,0.16,0,16
818,2,1,-4.1407347,0.2,5,0.2,0,16
819,1,0,0.0,0.2,5,0.2,0,16
820,1,0,0.0,0.2,5,0.2,0,16
821,2,1,-4.278605,0.24,6,0.24,0,16
822,0,-1,-0.0,0.24,6,0.24,0,16
823,2,1,-4.5163865,0.28,7,0.28,0,16
824,2,1,-4.8479323,0.32,8,0.32,0,16
825,2,1,27.207449,0.36,9,0.36,0,16
826,0,-1,5.2804523,0.32,8,0.32,0,16
827,1,0,0.0,0.32,8,0.32,0,16
828,2,1,27.225174,0.36,9,0.36,0,16
829,0,-1,5.2804456,0.32,8,0.32,0,16
830,1,0,0.0,0.32,8,0.32,0,16
831,2,1,26.003696,0.36,9,0.36,0,16
832,0,-1,5.279892,0.32,8,0.32,0,16
833,0,-1,4.847297,0.28,7,0.28,0,16
834,1,0,0.0,0.28,7,0.28,1,16
835,0,-1,-30.589914,0.28,7,0.28,0,16
836,1,0,0.0,0.28,7,0.28,0,16
837,2,1,18.205067,0.36,9,0.36,0,16
838,2,1,22.585682,0.4,10,0.4,0,16
839,1,0,0.0,0.4,10,0.4,0,16
840,2,1,14.282389,0.48,12,0.48,0,16
841,1,0,0.0,0.48,12,0.48,0,16
842,2,1,10.30257,0.52,13,0.52,0,16
843,0,-1,-19.916996,0.48,12,0.48,0,16
844,0,-1,-20.941027,0.44,11,0.44,0,16
845,2,1,20.941027,0.48,12,0.48,0,16
846,2,1,11.036329,0.52,13,0.52,0,16
847,0,-1,-10.30257,0.48,12,0.48,0,16
848,1,0,0.0,0.48,12,0.48,0,16
849,2,1,22.801334,0.52,13,0.52,1,16
850,1,0,0.0,0.52,13,0.52,0,16
851,2,1,18.557253,0.56,14,0.56,0,16
852,2,1,0.57863474,0.64,16,0.64,0,16
853,1,0,0.0,0.64,16,0.64,0,16
854,2,1,10.593606,0.68,17,0.68,0,16
855,1,0,0.0,0.68,17,0.68,0,16
856,2,1,3.1422443,0.72,18,0.72,0,16
857,0,-1,-3.9758873,0.68,17,0.68,0,16
858,2,1,-22.57422,0.76,19,0.76,0,16
859,0,-1,-24.66274,0.76,19,0.76,0,16
860,1,0,0.0,0.76,19,0.76,0,16
861,2,1,-15.3342905,0.8,20,0.8,0,16
862,0,-1,15.3342905,0.76,19,0.76,0,16
863,2,1,-25.831257,0.8,20,0.8,0,16
864,2,1,-33.24251,0.84,21,0.84,1,16
865,1,0,0.0,0.84,21,0.84,0,16
866,0,-1,-0.0,0.84,21,0.84,0,16
867,1,0,0.0,0.84,21,0.84,0,16
868,0,-1,34.495872,0.8,20,0.8,0,16
869,1,0,0.0,0.8,20,0.8,0,16
870,1,0,0.0,0.8,20,0.8,0,16
871,1,0,0.0,0.8,20,0.8,0,16
872,0,-1,16.113857,0.76,19,0.76,0,16
873,2,1,-76.19239,0.84,21,0.84,0,16
874,1,0,0.0,0.84,21,0.84,0,16
875,0,-1,-22.90893,0.84,21,0.84,0,16
876,0,-1,-27.32183,0.84,21,0.84,0,16
877,2,1,-83.7056,0.88,22,0.88,0,16
878,0,-1,-28.304028,0.88,22,0.88,0,16
879,1,0,0.0,0.88,22,0.88,0,16
880,2,1,-183.36502,0.92,23,0.92,0,16
881,1,0,0.0,0.92,23,0.92,0,16
882,1,0,0.0,0.92,23,0.92,0,16
883,1,0,0.0,0.92,23,0.92,0,16
884,1,0,0.0,0.92,23,0.92,0,16
885,2,1,-596.2637,0.96,24,0.96,0,16
886,2,1,17.282093,1.0,25,1.0,0,16
887,1,0,-1000.0,0.0,0,0.0,0,16
888,1,0,0.0,0.16,4,0.16,0,17
889,2,1,-4.1406527,0.2,5,0.2,0,17
890,2,1,28.208652,0.24,6,0.24,0,17
891,2,1,-4.5163865,0.28,7,0.28,0,17
892,1,0,0.0,0.28,7,0.28,0,17
893,0,-1,-27.971514,0.24,6,0.24,0,17
894,1,0,0.0,0.24,6,0.24,0,17
895,1,0,0.0,0.24,6,0.24,0,17
896,2,1,27.98924,0.28,7,0.28,0,17
897,2,1,16.793488,0.4,10,0.4,0,17
898,1,0,0.0,0.4,10,0.4,0,17
899,1,0,0.0,0.4,10,0.4,0,17
900,1,0,0.0,0.4,10,0.4,0,17
901,0,-1,5.8295965,0.36,9,0.36,0,17
902,2,1,19.11238,0.44,11,0.44,0,17
903,1,0,0.0,0.44,11,0.44,0,17
904,1,0,0.0,0.44,11,0.44,0,17
905,2,1,-7.3917303,0.48,12,0.48,0,17
906,0,-1,-0.0,0.48,12,0.48,0,17
907,0,-1,-0.0,0.48,12,0.48,1,17
908,0,-1,-17.755827,0.44,11,0.44,0,17
909,2,1,7.6002293,0.48,12,0.48,0,17
910,0,-1,-0.0,0.48,12,0.48,0,17
911,0,-1,-7.6002293,0.44,11,0.44,0,17
912,2,1,7.6002293,0.48,12,0.48,0,17
913,1,0,0.0,0.48,12,0.48,0,17
914,1,0,0.0,0.48,12,0.48,0,17
915,0,-1,-0.0,0.48,12,0.48,0,17
916,2,1,1.3343337,0.52,13,0.52,1,17
917,2,1,-25.35469,0.68,17,0.68,0,17
918,0,-1,-0.0,0.68,17,0.68,0,17
919,0,-1,-12.631162,0.64,16,0.64,0,17
920,0,-1,-10.939854,0.6,15,0.6,0,17
921,1,0,0.0,0.6,15,0.6,0,17
922,1,0,0.0,0.6,15,0.6,0,17
923,2,1,-3.9849072,0.68,17,0.68,0,17
924,1,0,0.0,0.68,17,0.68,0,17
925,2,1,7.0063,0.72,18,0.72,0,17
926,2,1,-6.9882016,0.76,19,0.76,0,17
927,2,1,-13.40874,0.8,20,0.8,0,17
928,1,0,0.0,0.8,20,0.8,0,17
929,1,0,0.0,0.8,20,0.8,0,17
930,0,-1,-1.6200374e-12,0.8,20,0.8,0,17
931,2,1,-35.544647,0.84,21,0.84,0,17
932,0,-1,-0.0,0.84,21,0.84,0,17
933,1,0,0.0,0.84,21,0.84,0,17
934,2,1,-83.7878,0.88,22,0.88,0,17
935,0,-1,81.34729,0.84,21,0.84,0,17
936,0,-1,-0.0,0.84,21,0.84,0,17
937,2,1,-911.3312,0.96,24,0.96,1,17
938,1,0,0.0,0.96,24,0.96,0,17
939,0,-1,-18.409525,0.96,24,0.96,0,17
940,0,-1,-7.6337514,0.96,24,0.96,0,17
941,1,0,0.0,0.96,24,0.96,0,17
942,0,-1,-24.951746,0.96,24,0.96,0,17
943,1,0,0.0,0.96,24,0.96,0,17
944,0,-1,602.15985,0.92,23,0.92,0,17
945,1,0,0.0,0.92,23,0.92,0,17
946,1,0,0.0,0.92,23,0.92,0,17
947,0,-1,-648.36194,0.96,24,0.96,0,17
948,0,-1,602.1699,0.92,23,0.92,0,17
949,1,0,0.0,0.92,23,0.92,0,17
950,1,0,0.0,0.92,23,0.92,0,17
951,1,0,0.0,0.92,23,0.92,0,17
952,2,1,-1000.0,0.0,0,0.0,0,17
953,2,1,28.346605,0.2,5,0.2,0,18
954,1,0,0.0,0.2,5,0.2,0,18
955,0,-1,-28.346605,0.16,4,0.16,0,18
956,0,-1,-0.0,0.16,4,0.16,0,18
957,1,0,0.0,0.16,4,0.16,0,18
958,0,-1,-0.0,0.16,4,0.16,0,18
959,0,-1,-0.0,0.16,4,0.16,0,18
960,0,-1,-0.0,0.16,4,0.16,0,18
961,1,0,0.0,0.16,4,0.16,0,18
962,1,0,0.0,0.16,4,0.16,1,18
963,2,1,21.946438,0.2,5,0.2,0,18
964,2,1,24.899467,0.24,6,0.24,0,18
965,0,-1,-0.0,0.24,6,0.24,0,18
966,1,0,0.0,0.24,6,0.24,0,18
967,2,1,27.887657,0.28,7,0.28,0,18
968,2,1,22.143875,0.36,9,0.36,0,18
969,0,-1,-27.123592,0.32,8,0.32,0,18
970,2,1,21.303875,0.4,10,0.4,0,18
971,2,1,24.35852,0.44,11,0.44,0,18
972,2,1,15.274159,0.52,13,0.52,0,18
973,0,-1,-19.296515,0.48,12,0.48,0,18
974,0,-1,-0.0,0.48,12,0.48,0,18
975,1,0,0.0,0.48,12,0.48,0,18
976,0,-1,-21.495749,0.44,11,0.44,0,18
977,2,1,12.802939,0.52,13,0.52,0,18
978,2,1,14.782735,0.56,14,0.56,0,18
979,0,-1,-21.134075,0.52,13,0.52,0,18
980,0,-1,-22.381021,0.48,12,0.48,0,18
981,0,-1,-0.0,0.48,12,0.48,0,18
982,0,-1,-15.010214,0.44,11,0.44,0,18
983,2,1,23.664196,0.48,12,0.48,0,18
984,0,-1,-16.466318,0.44,11,0.44,0,18
985,2,1,20.402931,0.48,12,0.48,0,18
986,2,1,22.381021,0.52,13,0.52,0,18
987,1,0,0.0,0.52,13,0.52,0,18
988,0,-1,-22.55778,0.48,12,0.48,0,18
989,2,1,5.5019226,0.56,14,0.56,0,18
990,2,1,3.8523195,0.64,16,0.64,0,18
991,0,-1,-3.884736e-05,0.64,16,0.64,0,18
992,0,-1,-12.104414,0.6,15,0.6,1,18
993,2,1,16.724628,0.64,16,0.64,0,18
994,1,0,0.0,0.64,16,0.64,0,18
995,2,1,-15.973769,0.72,18,0.72,0,18
996,2,1,-3.0619733,0.76,19,0.76,0,18
997,1,0,0.0,0.76,19,0.76,0,18
998,2,1,-20.009592,0.8,20,0.8,0,18
999,0,-1,-0.0,0.8,20,0.8,0,18
1000,0,-1,10.9748535,0.76,19,0.76,0,18
1001,1,0,0.0,0.76,19,0.76,0,18
1002,0,-1,-0.0,0.76,19,0.76,0,18
1003,0,-1,0.22347392,0.72,18,0.72,0,18
1004,1,0,0.0,0.72,18,0.72,0,18
1005,0,-1,-0.0,0.72,18,0.72,0,18
1006,1,0,0.0,0.72,18,0.72,0,18
1007,1,0,0.0,0.72,18,0.72,0,18
1008,2,1,-10.257104,0.76,19,0.76,0,18
1009,0,-1,-68.83745,0.8,20,0.8,0,18
1010,0,-1,15.134589,0.76,19,0.76,0,18
1011,2,1,-391.00186,0.92,23,0.92,0,18
1012,1,0,0.0,0.92,23,0.92,0,18
1013,0,-1,176.7758,0.88,22,0.88,0,18
1014,1,0,0.0,0.88,22,0.88,0,18
1015,2,1,-189.10036,0.92,23,0.92,0,18
1016,1,0,0.0,0.92,23,0.92,0,18
1017,1,0,0.0,0.92,23,0.92,0,18
1018,1,0,0.0,0.92,23,0.92,0,18
1019,0,-1,189.10036,0.88,22,0.88,0,18
1020,1,0,0.0,0.88,22,0.88,0,18
1021,1,0,0.0,0.88,22,0.88,1,18
1022,0,-1,-13.652822,0.88,22,0.88,0,18
1023,0,-1,-32.03169,0.88,22,0.88,0,18
1024,0,-1,75.34274,0.84,21,0.84,0,18
1025,1,0,0.0,0.84,21,0.84,0,18
1026,2,1,-75.97,0.88,22,0.88,0,18
1027,1,0,0.0,0.88,22,0.88,0,18
1028,2,1,-187.9907,0.92,23,0.92,0,18
1029,1,0,0.0,0.92,23,0.92,0,18
1030,0,-1,-17.799313,0.92,23,0.92,0,18
1031,1,0,0.0,0.92,23,0.92,0,18
1032,1,0,0.0,0.92,23,0.92,0,18
1033,1,0,0.0,0.92,23,0.92,0,18
1034,1,0,0.0,0.92,23,0.92,0,18
1035,0,-1,-0.0,0.92,23,0.92,0,18
1036,1,0,0.0,0.92,23,0.92,0,18
1037,2,1,-601.992,0.96,24,0.96,0,18
1038,2,1,25.356512,1.0,25,1.0,1,18
1039,2,1,-1000.0,0.0,0,0.0,0,18
1040,0,-1,-0.0,0.16,4,0.16,0,19
1041,2,1,-4.1407347,0.2,5,0.2,0,19
1042,1,0,0.0,0.2,5,0.2,0,19
1043,1,0,0.0,0.2,5,0.2,0,19
1044,1,0,0.0,0.2,5,0.2,0,19
1045,2,1,28.208652,0.24,6,0.24,0,19
1046,1,0,0.0,0.24,6,0.24,0,19
1047,2,1,23.39962,0.32,8,0.32,1,19
1048,1,0,0.0,0.32,8,0.32,0,19
1049,1,0,0.0,0.32,8,0.32,0,19
1050,1,0,0.0,0.32,8,0.32,0,19
1051,2,1,15.593441,0.36,9,0.36,0,19
1052,1,0,0.0,0.36,9,0.36,0,19
1053,0,-1,-36.424553,0.4,10,0.4,0,19
1054,1,0,0.0,0.4,10,0.4,0,19
1055,0,-1,-0.24369948,0.4,10,0.4,0,19
1056,2,1,4.976012,0.48,12,0.48,0,19
1057,1,0,0.0,0.48,12,0.48,0,19
1058,1,0,0.0,0.48,12,0.48,0,19
1059,2,1,-0.9611521,0.56,14,0.56,0,19
1060,0,-1,-15.374629,0.52,13,0.52,0,19
1061,2,1,-7.6156344,0.64,16,0.64,0,19
1062,1,0,0.0,0.64,16,0.64,0,19
1063,1,0,0.0,0.64,16,0.64,0,19
1064,2,1,5.4425554,0.68,17,0.68,0,19
1065,2,1,-10.613781,0.72,18,0.72,0,19
1066,0,-1,-0.0,0.72,18,0.72,0,19
1067,0,-1,-8.554222,0.68,17,0.68,0,19
1068,2,1,-28.818602,0.76,19,0.76,0,19
1069,0,-1,-0.28644347,0.76,19,0.76,0,19
1070,2,1,-92.42897,0.84,21,0.84,1,19
1071,0,-1,-26.492298,0.84,21,0.84,0,19
1072,1,0,0.0,0.84,21,0.84,0,19
1073,2,1,-73.23733,0.88,22,0.88,0,19
1074,1,0,0.0,0.88,22,0.88,0,19
1075,2,1,16.334696,1.0,25,1.0,0,19
1076,2,1,-1000.0,0.0,0,0.0,0,19
1077,0,-1,-0.0,0.16,4,0.16,0,20
1078,2,1,28.364332,0.2,5,0.2,0,20
1079,1,0,0.0,0.2,5,0.2,0,20
1080,1,0,0.0,0.2,5,0.2,0,20
1081,1,0,0.0,0.2,5,0.2,1,20
1082,2,1,19.27303,0.28,7,0.28,0,20
1083,1,0,0.0,0.28,7,0.28,0,20
1084,0,-1,-23.277052,0.24,6,0.24,0,20
1085,0,-1,-28.283646,0.2,5,0.2,0,20
1086,1,0,0.0,0.2,5,0.2,0,20
1087,0,-1,-22.502874,0.16,4,0.16,0,20
1088,2,1,18.761639,0.2,5,0.2,0,20
1089,1,0,0.0,0.2,5,0.2,0,20
1090,2,1,28.104582,0.24,6,0.24,0,20
1091,0,-1,-18.623686,0.2,5,0.2,0,20
1092,2,1,18.623686,0.24,6,0.24,0,20
1093,2,1,22.127783,0.28,7,0.28,0,20
1094,1,0,0.0,0.28,7,0.28,0,20
1095,1,0,0.0,0.28,7,0.28,0,20
1096,2,1,27.64176,0.32,8,0.32,0,20
1097,0,-1,-18.054993,0.28,7,0.28,0,20
1098,1,0,0.0,0.28,7,0.28,0,20
1099,1,0,0.0,0.28,7,0.28,0,20
1100,0,-1,-22.127783,0.24,6,0.24,0,20
1101,0,-1,-0.0,0.24,6,0.24,0,20
1102,2,1,22.127783,0.28,7,0.28,0,20
1103,1,0,0.0,0.28,7,0.28,0,20
1104,0,-1,-27.867443,0.24,6,0.24,0,20
1105,1,0,0.0,0.24,6,0.24,0,20
1106,1,0,0.0,0.24,6,0.24,0,20
1107,2,1,23.294489,0.32,8,0.32,0,20
1108,0,-1,-21.79623,0.28,7,0.28,1,20
1109,2,1,19.161503,0.36,9,0.36,0,20
1110,0,-1,-27.926426,0.36,9,0.36,0,20
1111,0,-1,-0.13592368,0.36,9,0.36,0,20
1112,1,0,0.0,0.36,9,0.36,0,20
1113,2,1,18.718374,0.4,10,0.4,0,20
1114,1,0,0.0,0.4,10,0.4,0,20
1115,2,1,16.64849,0.44,11,0.44,0,20
1116,1,0,0.0,0.44,11,0.44,0,20
1117,2,1,11.777348,0.52,13,0.52,0,20
1118,2,1,11.861636,0.56,14,0.56,0,20
1119,2,1,13.683072,0.6,15,0.6,0,20
1120,1,0,0.0,0.6,15,0.6,0,20
1121,1,0,0.0,0.6,15,0.6,0,20
1122,1,0,0.0,0.6,15,0.6,0,20
1123,1,0,0.0,0.6,15,0.6,0,20
1124,2,1,14.183391,0.64,16,0.64,0,20
1125,0,-1,-0.0,0.64,16,0.64,0,20
1126,2,1,-80.94005,0.8,20,0.8,0,20
1127,0,-1,15.762437,0.76,19,0.76,0,20
1128,1,0,0.0,0.76,19,0.76,0,20
1129,2,1,-82.33378,0.84,21,0.84,0,20
1130,0,-1,43.179806,0.8,20,0.8,0,20
1131,2,1,-36.580612,0.84,21,0.84,0,20
1132,0,-1,-0.0,0.84,21,0.84,0,20
1133,0,-1,36.737198,0.8,20,0.8,0,20
1134,2,1,-34.734623,0.84,21,0.84,0,20
1135,1,0,0.0,0.84,21,0.84,0,20
1136,1,0,0.0,0.84,21,0.84,1,20
1137,1,0,0.0,0.84,21,0.84,0,20
1138,0,-1,36.383003,0.8,20,0.8,0,20
1139,0,-1,-0.0,0.8,20,0.8,0,20
1140,2,1,-348.6069,0.92,23,0.92,0,20
1141,2,1,29.113081,1.0,25,1.0,0,20
1142,1,0,-1000.0,0.0,0,0.0,0,20
1143,1,0,0.0,0.16,4,0.16,1,21
1144,1,0,0.0,0.16,4,0.16,0,21
1145,1,0,0.0,0.16,4,0.16,0,21
1146,2,1,25.03742,0.2,5,0.2,0,21
1147,2,1,23.618288,0.28,7,0.28,0,21
1148,2,1,16.833801,0.36,9,0.36,0,21
1149,0,-1,-18.93715,0.32,8,0.32,0,21
1150,0,-1,-31.368246,0.36,9,0.36,0,21
1151,0,-1,-21.615341,0.32,8,0.32,0,21
1152,2,1,26.991625,0.36,9,0.36,0,21
1153,0,-1,-0.30844936,0.36,9,0.36,0,21
1154,0,-1,-26.991625,0.32,8,0.32,0,21
1155,2,1,15.852144,0.4,10,0.4,0,21
1156,2,1,17.93077,0.44,11,0.44,0,21
1157,0,-1,-0.0,0.44,11,0.44,0,21
1158,1,0,0.0,0.44,11,0.44,0,21
1159,1,0,0.0,0.44,11,0.44,0,21
1160,1,0,0.0,0.44,11,0.44,0,21
1161,0,-1,-0.0,0.44,11,0.44,0,21
1162,1,0,0.0,0.44,11,0.44,0,21
1163,1,0,0.0,0.44,11,0.44,0,21
1164,1,0,0.0,0.44,11,0.44,0,21
1165,1,0,0.0,0.44,11,0.44,0,21
1166,1,0,0.0,0.44,11,0.44,0,21
1167,2,1,17.312855,0.48,12,0.48,0,21
1168,1,0,0.0,0.48,12,0.48,0,21
1169,2,1,14.073629,0.56,14,0.56,0,21
1170,2,1,9.949897,0.6,15,0.6,1,21
1171,0,-1,-13.589427,0.56,14,0.56,0,21
1172,0,-1,-0.0,0.56,14,0.56,0,21
1173,0,-1,-0.0,0.56,14,0.56,0,21
1174,0,-1,-16.4217,0.52,13,0.52,0,21
1175,2,1,-6.0032663,0.64,16,0.64,0,21
1176,0,-1,-15.774328,0.64,16,0.64,0,21
1177,0,-1,-0.01738266,0.64,16,0.64,0,21
1178,1,0,0.0,0.64,16,0.64,1,21
1179,0,-1,-14.005476,0.64,16,0.64,0,21
1180,1,0,0.0,0.64,16,0.64,0,21
1181,0,-1,-8.170082,0.6,15,0.6,0,21
1182,2,1,-0.5290997,0.68,17,0.68,0,21
1183,0,-1,-7.7841268,0.64,16,0.64,0,21
1184,1,0,0.0,0.64,16,0.64,0,21
1185,1,0,0.0,0.64,16,0.64,0,21
1186,2,1,10.491961,0.68,17,0.68,0,21
1187,2,1,-23.723042,0.76,19,0.76,1,21
1188,2,1,-12.57137,0.8,20,0.8,0,21
1189,2,1,-33.37492,0.84,21,0.84,0,21
1190,2,1,-287.68094,0.92,23,0.92,0,21
1191,2,1,-1000.0,0.0,0,0.0,0,21
1192,1,0,0.0,0.16,4,0.16,0,22
1193,0,-1,-0.0,0.16,4,0.16,0,22
1194,0,-1,-0.0,0.16,4,0.16,0,22
1195,0,-1,-0.0,0.16,4,0.16,0,22
1196,1,0,0.0,0.16,4,0.16,0,22
1197,2,1,28.364332,0.2,5,0.2,0,22
1198,2,1,-4.278605,0.24,6,0.24,0,22
1199,1,0,0.0,0.24,6,0.24,0,22
1200,0,-1,-0.0,0.24,6,0.24,0,22
1201,1,0,0.0,0.24,6,0.24,0,22
1202,2,1,23.526543,0.28,7,0.28,0,22
1203,0,-1,-0.0,0.28,7,0.28,0,22
1204,1,0,0.0,0.28,7,0.28,0,22
1205,0,-1,-23.526543,0.24,6,0.24,0,22
1206,1,0,0.0,0.24,6,0.24,1,22
1207,0,-1,-0.0,0.24,6,0.24,0,22
1208,1,0,0.0,0.24,6,0.24,0,22
1209,2,1,27.867443,0.28,7,0.28,0,22
1210,1,0,0.0,0.28,7,0.28,0,22
1211,0,-1,-23.255396,0.24,6,0.24,0,22
1212,0,-1,-0.0,0.24,6,0.24,0,22
1213,1,0,0.0,0.24,6,0.24,0,22
1214,1,0,0.0,0.24,6,0.24,0,22
1215,2,1,26.6574,0.28,7,0.28,0,22
1216,1,0,0.0,0.28,7,0.28,0,22
1217,2,1,26.353323,0.32,8,0.32,0,22
1218,2,1,21.365843,0.36,9,0.36,0,22
1219,1,0,0.0,0.36,9,0.36,0,22
1220,1,0,0.0,0.36,9,0.36,0,22
1221,2,1,19.443306,0.4,10,0.4,0,22
1222,0,-1,-25.371664,0.36,9,0.36,0,22
1223,1,0,0.0,0.36,9,0.36,0,22
1224,1,0,0.0,0.36,9,0.36,0,22
1225,2,1,21.963842,0.4,10,0.4,0,22
1226,1,0,0.0,0.4,10,0.4,0,22
1227,1,0,0.0,0.4,10,0.4,0,22
1228,0,-1,-0.0,0.4,10,0.4,0,22
1229,2,1,10.674616,0.48,12,0.48,0,22
1230,1,0,0.0,0.48,12,0.48,0,22
1231,1,0,0.0,0.48,12,0.48,0,22
1232,1,0,0.0,0.48,12,0.48,0,22
1233,1,0,0.0,0.48,12,0.48,1,22
1234,2,1,10.057496,0.56,14,0.56,0,22
1235,1,0,0.0,0.56,14,0.56,0,22
1236,1,0,0.0,0.56,14,0.56,0,22
1237,2,1,14.158845,0.6,15,0.6,0,22
1238,1,0,0.0,0.6,15,0.6,0,22
1239,2,1,-6.0240374,0.68,17,0.68,0,22
1240,2,1,0.36713806,0.72,18,0.72,0,22
1241,0,-1,-0.36713806,0.68,17,0.68,0,22
1242,2,1,3.448722,0.72,18,0.72,0,22
1243,0,-1,-17.762022,0.72,18,0.72,0,22
1244,1,0,0.0,0.72,18,0.72,0,22
1245,0,-1,-3.448722,0.68,17,0.68,0,22
1246,1,0,0.0,0.68,17,0.68,0,22
1247,1,0,0.0,0.68,17,0.68,0,22
1248,0,-1,-7.98507e-05,0.68,17,0.68,0,22
1249,1,0,0.0,0.68,17,0.68,0,22
1250,0,-1,-1.2865425e-05,0.68,17,0.68,0,22
1251,2,1,-1.0132365,0.72,18,0.72,0,22
1252,1,0,0.0,0.72,18,0.72,0,22
1253,1,0,0.0,0.72,18,0.72,0,22
1254,2,1,-45.75735,0.8,20,0.8,0,22
1255,0,-1,-24.07059,0.8,20,0.8,0,22
1256,1,0,0.0,0.8,20,0.8,0,22
1257,1,0,0.0,0.8,20,0.8,0,22
1258,1,0,0.0,0.8,20,0.8,0,22
1259,2,1,-135.75485,0.88,22,0.88,1,22
1260,1,0,0.0,0.88,22,0.88,0,22
1261,2,1,-179.69458,0.92,23,0.92,1,22
1262,0,-1,179.12003,0.88,22,0.88,0,22
1263,1,0,0.0,0.88,22,0.88,0,22
1264,1,0,0.0,0.88,22,0.88,0,22
1265,1,0,0.0,0.88,22,0.88,0,22
1266,1,0,0.0,0.88,22,0.88,0,22
1267,2,1,-810.2757,0.96,24,0.96,0,22
1268,0,-1,-17.266132,0.96,24,0.96,0,22
1269,1,0,0.0,0.96,24,0.96,0,22
1270,2,1,-1000.0,0.0,0,0.0,0,22
1271,2,1,28.364332,0.2,5,0.2,0,23
1272,2,1,19.247265,0.28,7,0.28,0,23
1273,1,0,0.0,0.28,7,0.28,0,23
1274,2,1,22.623116,0.36,9,0.36,0,23
1275,1,0,0.0,0.36,9,0.36,0,23
1276,1,0,0.0,0.36,9,0.36,0,23
1277,2,1,20.310715,0.4,10,0.4,0,23
1278,0,-1,-0.0,0.4,10,0.4,0,23
1279,0,-1,-0.0,0.4,10,0.4,0,23
1280,2,1,-6.520784,0.44,11,0.44,0,23
1281,2,1,2.7029142,0.56,14,0.56,0,23
1282,1,0,0.0,0.56,14,0.56,0,23
1283,1,0,0.0,0.56,14,0.56,0,23
1284,2,1,-39.786423,0.72,18,0.72,0,23
1285,1,0,0.0,0.72,18,0.72,0,23
1286,2,1,-8.189466,0.76,19,0.76,0,23
1287,1,0,0.0,0.76,19,0.76,0,23
1288,2,1,-73.32737,0.84,21,0.84,0,23
1289,1,0,0.0,0.84,21,0.84,0,23
1290,1,0,0.0,0.84,21,0.84,0,23
1291,0,-1,62.804153,0.8,20,0.8,0,23
1292,1,0,0.0,0.8,20,0.8,0,23
1293,2,1,-35.47031,0.84,21,0.84,0,23
1294,2,1,-286.12613,0.92,23,0.92,0,23
1295,2,1,-625.26587,0.96,24,0.96,0,23
1296,1,0,0.0,0.96,24,0.96,1,23
1297,2,1,-1000.0,0.0,0,0.0,0,23
1298,1,0,0.0,0.16,4,0.16,0,24
1299,1,0,0.0,0.16,4,0.16,0,24
1300,1,0,0.0,0.16,4,0.16,0,24
1301,0,-1,-0.0,0.16,4,0.16,0,24
1302,1,0,0.0,0.16,4,0.16,0,24
1303,2,1,28.364332,0.2,5,0.2,0,24
1304,2,1,19.247265,0.28,7,0.28,0,24
1305,0,-1,-23.526543,0.24,6,0.24,0,24
1306,0,-1,-28.22638,0.2,5,0.2,0,24
1307,2,1,-4.278687,0.24,6,0.24,0,24
1308,1,0,0.0,0.24,6,0.24,1,24
1309,0,-1,-19.820326,0.2,5,0.2,0,24
1310,1,0,0.0,0.2,5,0.2,0,24
1311,2,1,21.21308,0.24,6,0.24,0,24
1312,0,-1,-0.0,0.24,6,0.24,0,24
1313,2,1,27.93816,0.28,7,0.28,0,24
1314,2,1,27.480995,0.32,8,0.32,0,24
1315,2,1,23.19974,0.36,9,0.36,0,24
1316,2,1,17.098944,0.4,10,0.4,0,24
1317,2,1,15.033341,0.44,11,0.44,0,24
1318,1,0,0.0,0.44,11,0.44,0,24
1319,0,-1,-15.033341,0.4,10,0.4,0,24
1320,2,1,19.588116,0.44,11,0.44,0,24
1321,1,0,0.0,0.44,11,0.44,0,24
1322,2,1,13.653807,0.52,13,0.52,0,24
1323,2,1,6.225686,0.6,15,0.6,0,24
1324,0,-1,-0.0,0.6,15,0.6,0,24
1325,1,0,0.0,0.6,15,0.6,0,24
1326,0,-1,-0.0001442943,0.6,15,0.6,0,24
1327,1,0,0.0,0.6,15,0.6,0,24
1328,1,0,0.0,0.6,15,0.6,0,24
1329,1,0,0.0,0.6,15,0.6,0,24
1330,1,0,0.0,0.6,15,0.6,0,24
1331,0,-1,-0.00017941766,0.6,15,0.6,0,24
1332,2,1,9.208524,0.64,16,0.64,0,24
1333,1,0,0.0,0.64,16,0.64,0,24
1334,0,-1,-0.0,0.64,16,0.64,0,24
1335,0,-1,-0.007826345,0.64,16,0.64,0,24
1336,1,0,0.0,0.64,16,0.64,0,24
1337,1,0,0.0,0.64,16,0.64,0,24
1338,1,0,0.0,0.64,16,0.64,1,24
1339,2,1,4.479267,0.68,17,0.68,0,24
1340,2,1,1.6419352,0.72,18,0.72,0,24
1341,1,0,0.0,0.72,18,0.72,0,24
1342,0,-1,0.46062428,0.68,17,0.68,1,24
1343,1,0,0.0,0.68,17,0.68,0,24
1344,1,0,0.0,0.68,17,0.68,0,24
1345,1,0,0.0,0.68,17,0.68,0,24
1346,1,0,0.0,0.68,17,0.68,0,24
1347,0,-1,-17.427444,0.68,17,0.68,0,24
1348,0,-1,-24.797642,0.68,17,0.68,0,24
1349,2,1,1.8231786,0.72,18,0.72,0,24
1350,1,0,0.0,0.72,18,0.72,0,24
1351,2,1,-1.5495045,0.76,19,0.76,0,24
1352,0,-1,-0.0,0.76,19,0.76,0,24
1353,1,0,0.0,0.76,19,0.76,0,24
1354,0,-1,2.6217585,0.72,18,0.72,0,24
1355,1,0,0.0,0.72,18,0.72,1,24
1356,1,0,0.0,0.72,18,0.72,0,24
1357,2,1,-3.133165,0.76,19,0.76,0,24
1358,2,1,-15.994231,0.8,20,0.8,0,24
1359,1,0,0.0,0.8,20,0.8,0,24
1360,2,1,-969.9187,0.96,24,0.96,0,24
1361,1,0,0.0,0.96,24,0.96,0,24
1362,2,1,23.788124,1.0,25,1.0,0,24
1363,1,0,-1000.0,0.0,0,0.0,0,24
1364,0,-1,-0.0,0.16,4,0.16,0,25
1365,2,1,-4.1407347,0.2,5,0.2,0,25
1366,2,1,23.692236,0.28,7,0.28,0,25
1367,1,0,0.0,0.28,7,0.28,0,25
1368,1,0,0.0,0.28,7,0.28,0,25
1369,2,1,23.409119,0.32,8,0.32,0,25
1370,1,0,0.0,0.32,8,0.32,0,25
1371,2,1,-11.110067,0.4,10,0.4,0,25
1372,2,1,-6.5201416,0.44,11,0.44,0,25
1373,0,-1,-0.0,0.44,11,0.44,0,25
1374,1,0,0.0,0.44,11,0.44,0,25
1375,2,1,25.113762,0.48,12,0.48,0,25
1376,2,1,-18.420324,0.56,14,0.56,0,25
1377,2,1,-11.78691,0.6,15,0.6,0,25
1378,2,1,16.997652,0.64,16,0.64,0,25
1379,2,1,-17.735939,0.68,17,0.68,1,25
1380,0,-1,-0.0,0.68,17,0.68,0,25
1381,0,-1,-10.569979,0.64,16,0.64,0,25
1382,2,1,-39.042366,0.76,19,0.76,0,25
1383,0,-1,-0.0,0.76,19,0.76,0,25
1384,0,-1,30.097906,0.72,18,0.72,0,25
1385,2,1,-0.46127173,0.76,19,0.76,0,25
1386,2,1,-41.986008,0.8,20,0.8,0,25
1387,1,0,0.0,0.8,20,0.8,0,25
1388,0,-1,-0.0,0.8,20,0.8,0,25
1389,2,1,-35.07246,0.84,21,0.84,0,25
1390,1,0,0.0,0.84,21,0.84,0,25
1391,2,1,-313.06796,0.92,23,0.92,0,25
1392,2,1,-1000.0,0.0,0,0.0,0,25
1393,0,-1,-0.0,0.16,4,0.16,0,26
1394,0,-1,-0.0,0.16,4,0.16,0,26
1395,1,0,0.0,0.16,4,0.16,0,26
1396,0,-1,-0.0,0.16,4,0.16,0,26
1397,0,-1,-0.0,0.16,4,0.16,0,26
1398,2,1,28.364332,0.2,5,0.2,0,26
1399,1,0,0.0,0.2,5,0.2,0,26
1400,2,1,23.955872,0.28,7,0.28,0,26
1401,2,1,18.128635,0.36,9,0.36,0,26
1402,0,-1,-26.008978,0.32,8,0.32,1,26
1403,0,-1,-27.692976,0.28,7,0.28,0,26
1404,0,-1,-0.0,0.28,7,0.28,0,26
1405,1,0,0.0,0.28,7,0.28,0,26
1406,2,1,16.025953,0.32,8,0.32,0,26
1407,1,0,0.0,0.32,8,0.32,0,26
1408,1,0,0.0,0.32,8,0.32,0,26
1409,0,-1,-0.0,0.32,8,0.32,0,26
1410,1,0,0.0,0.32,8,0.32,0,26
1411,1,0,0.0,0.32,8,0.32,0,26
1412,2,1,15.125495,0.44,11,0.44,0,26
1413,0,-1,-18.775831,0.4,10,0.4,0,26
1414,1,0,0.0,0.4,10,0.4,0,26
1415,2,1,24.778831,0.44,11,0.44,0,26
1416,1,0,0.0,0.44,11,0.44,0,26
1417,0,-1,-21.858858,0.4,10,0.4,1,26
1418,2,1,6.759812,0.52,13,0.52,0,26
1419,1,0,0.0,0.52,13,0.52,0,26
1420,0,-1,-0.0035521798,0.52,13,0.52,0,26
1421,1,0,0.0,0.52,13,0.52,0,26
1422,0,-1,-0.0,0.52,13,0.52,0,26
1423,1,0,0.0,0.52,13,0.52,0,26
1424,1,0,0.0,0.52,13,0.52,0,26
1425,2,1,20.254015,0.56,14,0.56,0,26
1426,0,-1,-18.557251,0.52,13,0.52,0,26
1427,1,0,0.0,0.52,13,0.52,0,26
1428,1,0,0.0,0.52,13,0.52,0,26
1429,2,1,13.193215,0.56,14,0.56,0,26
1430,2,1,-13.9473,0.68,17,0.68,1,26
1431,1,0,0.0,0.68,17,0.68,0,26
1432,2,1,-65.855576,0.8,20,0.8,0,26
1433,2,1,-140.50153,0.88,22,0.88,0,26
1434,0,-1,-0.0,0.88,22,0.88,0,26
1435,1,0,0.0,0.88,22,0.88,0,26
1436,1,0,0.0,0.88,22,0.88,0,26
1437,2,1,-804.848,0.96,24,0.96,1,26
1438,2,1,25.862732,1.0,25,1.0,0,26
1439,1,0,-1000.0,0.0,0,0.0,0,26
1440,2,1,28.346605,0.2,5,0.2,0,27
1441,1,0,0.0,0.2,5,0.2,0,27
1442,1,0,0.0,0.2,5,0.2,0,27
1443,2,1,28.22638,0.24,6,0.24,0,27
1444,0,-1,-28.208652,0.2,5,0.2,0,27
1445,2,1,28.208652,0.24,6,0.24,1,27
1446,2,1,18.704454,0.32,8,0.32,0,27
1447,2,1,25.920689,0.36,9,0.36,0,27
1448,2,1,19.435226,0.4,10,0.4,0,27
1449,2,1,14.458331,0.48,12,0.48,0,27
1450,1,0,0.0,0.48,12,0.48,0,27
1451,1,0,0.0,0.48,12,0.48,0,27
1452,2,1,20.194326,0.52,13,0.52,0,27
1453,1,0,0.0,0.52,13,0.52,0,27
1454,1,0,0.0,0.52,13,0.52,0,27
1455,2,1,14.55928,0.56,14,0.56,0,27
1456,2,1,0.6592024,0.64,16,0.64,0,27
1457,1,0,0.0,0.64,16,0.64,0,27
1458,1,0,0.0,0.64,16,0.64,0,27
1459,1,0,0.0,0.64,16,0.64,1,27
1460,2,1,13.409723,0.68,17,0.68,0,27
1461,2,1,6.8629727,0.72,18,0.72,0,27
1462,0,-1,-6.0149007,0.68,17,0.68,0,27
1463,2,1,-30.19,0.76,19,0.76,0,27
1464,1,0,0.0,0.76,19,0.76,0,27
1465,0,-1,3.3311346,0.72,18,0.72,0,27
1466,2,1,-52.039,0.8,20,0.8,0,27
1467,1,0,0.0,0.8,20,0.8,0,27
1468,1,0,0.0,0.8,20,0.8,0,27
1469,1,0,0.0,0.8,20,0.8,0,27
1470,0,-1,15.032059,0.76,19,0.76,0,27
1471,2,1,-76.213196,0.84,21,0.84,0,27
1472,0,-1,-26.79809,0.84,21,0.84,0,27
1473,1,0,0.0,0.84,21,0.84,0,27
1474,1,0,0.0,0.84,21,0.84,0,27
1475,1,0,0.0,0.84,21,0.84,0,27
1476,0,-1,-0.0,0.84,21,0.84,0,27
1477,1,0,0.0,0.84,21,0.84,0,27
1478,1,0,0.0,0.84,21,0.84,0,27
1479,0,-1,-0.0,0.84,21,0.84,1,27
1480,1,0,0.0,0.84,21,0.84,0,27
1481,1,0,0.0,0.84,21,0.84,0,27
1482,1,0,0.0,0.84,21,0.84,0,27
1483,1,0,0.0,0.84,21,0.84,0,27
1484,0,-1,38.299618,0.8,20,0.8,0,27
1485,1,0,0.0,0.8,20,0.8,0,27
1486,0,-1,-0.0,0.8,20,0.8,0,27
1487,2,1,-140.3618,0.88,22,0.88,0,27
1488,1,0,0.0,0.88,22,0.88,0,27
1489,2,1,-803.61884,0.96,24,0.96,0,27
1490,2,1,-1000.0,0.0,0,0.0,0,27
1491,2,1,-4.1407347,0.2,5,0.2,0,28
1492,0,-1,-0.0,0.2,5,0.2,0,28
1493,0,-1,4.1407347,0.16,4,0.16,0,28
1494,2,1,28.364332,0.2,5,0.2,0,28
1495,1,0,0.0,0.2,5,0.2,1,28
1496,2,1,28.104582,0.24,6,0.24,0,28
1497,0,-1,-28.104582,0.2,5,0.2,0,28
1498,1,0,0.0,0.2,5,0.2,0,28
1499,2,1,22.364922,0.24,6,0.24,0,28
1500,2,1,23.286818,0.32,8,0.32,0,28
1501,2,1,17.924057,0.4,10,0.4,0,28
1502,1,0,0.0,0.4,10,0.4,0,28
1503,0,-1,-22.863203,0.36,9,0.36,0,28
1504,0,-1,-0.00045517276,0.36,9,0.36,0,28
1505,2,1,18.921907,0.44,11,0.44,0,28
1506,1,0,0.0,0.44,11,0.44,0,28
1507,1,0,0.0,0.44,11,0.44,0,28
1508,0,-1,-0.0,0.44,11,0.44,0,28
1509,2,1,10.561337,0.52,13,0.52,1,28
1510,2,1,4.194729,0.6,15,0.6,0,28
1511,1,0,0.0,0.6,15,0.6,0,28
1512,1,0,0.0,0.6,15,0.6,0,28
1513,2,1,-5.688402,0.68,17,0.68,0,28
1514,0,-1,-0.0,0.68,17,0.68,0,28
1515,2,1,-1.6234256,0.72,18,0.72,0,28
1516,1,0,0.0,0.72,18,0.72,0,28
1517,2,1,-47.572983,0.8,20,0.8,0,28
1518,2,1,-138.77005,0.88,22,0.88,0,28
1519,2,1,-184.2235,0.92,23,0.92,0,28
1520,2,1,-1000.0,0.0,0,0.0,0,28
1521,0,-1,-0.0,0.16,4,0.16,0,29
1522,0,-1,-0.0,0.16,4,0.16,0,29
1523,0,-1,-0.0,0.16,4,0.16,0,29
1524,1,0,0.0,0.16,4,0.16,0,29
1525,0,-1,-0.0,0.16,4,0.16,0,29
1526,1,0,0.0,0.16,4,0.16,0,29
1527,2,1,-4.1406527,0.2,5,0.2,1,29
1528,1,0,0.0,0.2,5,0.2,0,29
1529,0,-1,-0.0,0.2,5,0.2,0,29
1530,1,0,0.0,0.2,5,0.2,0,29
1531,1,0,0.0,0.2,5,0.2,0,29
1532,1,0,0.0,0.2,5,0.2,0,29
1533,0,-1,-25.554396,0.16,4,0.16,0,29
1534,2,1,24.49885,0.2,5,0.2,0,29
1535,0,-1,-24.49885,0.16,4,0.16,0,29
1536,2,1,28.313251,0.2,5,0.2,0,29
1537,2,1,23.789799,0.28,7,0.28,1,29
1538,2,1,18.456451,0.36,9,0.36,0,29
1539,0,-1,-0.0,0.36,9,0.36,0,29
1540,2,1,25.227175,0.4,10,0.4,0,29
1541,1,0,0.0,0.4,10,0.4,0,29
1542,1,0,0.0,0.4,10,0.4,0,29
1543,2,1,22.592535,0.44,11,0.44,0,29
1544,0,-1,-24.535988,0.4,10,0.4,0,29
1545,2,1,17.650026,0.44,11,0.44,0,29
1546,1,0,0.0,0.44,11,0.44,1,29
1547,0,-1,-0.0,0.44,11,0.44,0,29
1548,0,-1,-22.08946,0.4,10,0.4,0,29
1549,1,0,0.0,0.4,10,0.4,0,29
1550,2,1,18.468105,0.44,11,0.44,0,29
1551,0,-1,-25.738598,0.4,10,0.4,0,29
1552,0,-1,-27.153828,0.36,9,0.36,0,29
1553,2,1,17.51626,0.4,10,0.4,0,29
1554,2,1,25.8026,0.44,11,0.44,1,29
1555,2,1,23.568213,0.48,12,0.48,0,29
1556,2,1,22.450392,0.52,13,0.52,0,29
1557,0,-1,-0.0,0.52,13,0.52,0,29
1558,1,0,0.0,0.52,13,0.52,0,29
1559,2,1,10.897997,0.56,14,0.56,0,29
1560,2,1,17.593641,0.6,15,0.6,0,29
1561,2,1,14.555266,0.64,16,0.64,0,29
1562,0,-1,-0.0,0.64,16,0.64,0,29
1563,0,-1,-6.533486,0.6,15,0.6,0,29
1564,2,1,-24.43302,0.72,18,0.72,0,29
1565,0,-1,-3.9690876,0.68,17,0.68,0,29
1566,0,-1,-0.0,0.68,17,0.68,0,29
1567,1,0,0.0,0.68,17,0.68,0,29
1568,1,0,0.0,0.68,17,0.68,0,29
1569,1,0,0.0,0.68,17,0.68,0,29
1570,2,1,-65.35644,0.8,20,0.8,0,29
1571,1,0,0.0,0.8,20,0.8,0,29
1572,2,1,-140.9064,0.88,22,0.88,0,29
1573,1,0,0.0,0.88,22,0.88,0,29
1574,0,-1,-0.0,0.88,22,0.88,0,29
1575,2,1,-804.99664,0.96,24,0.96,0,29
1576,0,-1,601.96344,0.92,23,0.92,1,29
1577,2,1,28.724611,1.0,25,1.0,1,29
1578,1,0,-1000.0,0.0,0,0.0,0,29
1579,1,0,0.0,0.16,4,0.16,0,30
1580,2,1,-4.1406527,0.2,5,0.2,0,30
1581,2,1,23.70996,0.28,7,0.28,0,30
1582,1,0,0.0,0.28,7,0.28,0,30
1583,2,1,27.639961,0.32,8,0.32,0,30
1584,1,0,0.0,0.32,8,0.32,0,30
1585,2,1,26.008978,0.36,9,0.36,0,30
1586,0,-1,-0.0,0.36,9,0.36,0,30
1587,2,1,25.454552,0.4,10,0.4,0,30
1588,0,-1,-0.0,0.4,10,0.4,0,30
1589,2,1,-13.912674,0.48,12,0.48,0,30
1590,0,-1,7.3918905,0.44,11,0.44,0,30
1591,0,-1,-24.763365,0.4,10,0.4,0,30
1592,2,1,-6.5208097,0.44,11,0.44,0,30
1593,1,0,0.0,0.44,11,0.44,0,30
1594,1,0,0.0,0.44,11,0.44,0,30
1595,0,-1,-7.3924875,0.48,12,0.48,0,30
1596,1,0,0.0,0.48,12,0.48,0,30
1597,1,0,0.0,0.48,12,0.48,0,30
1598,2,1,-8.498147,0.52,13,0.52,0,30
1599,2,1,18.335072,0.56,14,0.56,0,30
1600,1,0,0.0,0.56,14,0.56,0,30
1601,0,-1,9.922011,0.52,13,0.52,0,30
1602,0,-1,-0.0,0.52,13,0.52,0,30
1603,2,1,16.63929,0.56,14,0.56,1,30
1604,2,1,4.450406,0.6,15,0.6,0,30
1605,0,-1,-1.1877489e-08,0.6,15,0.6,0,30
1606,2,1,-3.9965823,0.68,17,0.68,0,30
1607,1,0,0.0,0.68,17,0.68,0,30
1608,1,0,0.0,0.68,17,0.68,0,30
1609,0,-1,-8.888094,0.64,16,0.64,0,30
1610,2,1,-13.851827,0.72,18,0.72,0,30
1611,0,-1,-0.0,0.72,18,0.72,0,30
1612,2,1,-3.9078724,0.76,19,0.76,0,30
1613,2,1,-76.246605,0.84,21,0.84,0,30
1614,2,1,-916.42694,0.96,24,0.96,0,30
1615,1,0,0.0,0.96,24,0.96,0,30
1616,2,1,-1000.0,0.0,0,0.0,0,30
1617,1,0,0.0,0.16,4,0.16,0,31
1618,2,1,-4.1406527,0.2,5,0.2,0,31
1619,1,0,0.0,0.2,5,0.2,0,31
1620,0,-1,-0.0,0.2,5,0.2,0,31
1621,2,1,-4.2792473,0.24,6,0.24,0,31
1622,2,1,27.971514,0.28,7,0.28,0,31
1623,1,0,0.0,0.28,7,0.28,0,31
1624,2,1,-4.847379,0.32,8,0.32,0,31
1625,2,1,-5.2804456,0.36,9,0.36,0,31
1626,1,0,0.0,0.36,9,0.36,1,31
1627,0,-1,-27.129526,0.32,8,0.32,0,31
1628,0,-1,-13.079509,0.28,7,0.28,0,31
1629,2,1,11.863978,0.32,8,0.32,0,31
1630,2,1,21.394747,0.4,10,0.4,0,31
1631,0,-1,-21.17494,0.36,9,0.36,0,31
1632,2,1,20.060099,0.44,11,0.44,0,31
1633,1,0,0.0,0.44,11,0.44,0,31
1634,1,0,0.0,0.44,11,0.44,0,31
1635,1,0,0.0,0.44,11,0.44,0,31
1636,0,-1,6.520661,0.4,10,0.4,0,31
1637,1,0,0.0,0.4,10,0.4,0,31
1638,2,1,21.78353,0.44,11,0.44,0,31
1639,2,1,21.041882,0.48,12,0.48,0,31
1640,1,0,0.0,0.48,12,0.48,0,31
1641,1,0,0.0,0.48,12,0.48,0,31
1642,1,0,0.0,0.48,12,0.48,0,31
1643,1,0,0.0,0.48,12,0.48,0,31
1644,0,-1,-21.041882,0.44,11,0.44,0,31
1645,1,0,0.0,0.44,11,0.44,1,31
1646,1,0,0.0,0.44,11,0.44,0,31
1647,1,0,0.0,0.44,11,0.44,0,31
1648,2,1,23.753544,0.48,12,0.48,1,31
1649,2,1,-3.2757738,0.56,14,0.56,0,31
1650,0,-1,-15.9300785,0.52,13,0.52,0,31
1651,2,1,7.2860274,0.6,15,0.6,0,31
1652,2,1,-23.161345,0.72,18,0.72,0,31
1653,1,0,0.0,0.72,18,0.72,0,31
1654,0,-1,-29.196243,0.72,18,0.72,0,31
1655,0,-1,-0.0021334074,0.72,18,0.72,0,31
1656,2,1,-0.592684,0.76,19,0.76,0,31
1657,1,0,0.0,0.76,19,0.76,0,31
1658,2,1,-14.224243,0.8,20,0.8,0,31
1659,0,-1,14.224243,0.76,19,0.76,0,31
1660,0,-1,15.556161,0.72,18,0.72,0,31
1661,2,1,-1.013977,0.76,19,0.76,0,31
1662,0,-1,3.5852273,0.72,18,0.72,1,31
1663,2,1,-2.491974,0.76,19,0.76,0,31
1664,2,1,-14.852053,0.8,20,0.8,0,31
1665,0,-1,23.831272,0.76,19,0.76,0,31
1666,2,1,-15.510625,0.8,20,0.8,0,31
1667,2,1,-140.62387,0.88,22,0.88,0,31
1668,2,1,-180.98888,0.92,23,0.92,0,31
1669,0,-1,180.98888,0.88,22,0.88,0,31
1670,2,1,-180.98888,0.92,23,0.92,0,31
1671,0,-1,-3.2619134e-08,0.92,23,0.92,0,31
1672,1,0,0.0,0.92,23,0.92,0,31
1673,0,-1,-0.0,0.92,23,0.92,0,31
1674,1,0,0.0,0.92,23,0.92,0,31
1675,2,1,-609.56036,0.96,24,0.96,0,31
1676,2,1,-1000.0,0.0,0,0.0,0,31
1677,2,1,28.346605,0.2,5,0.2,0,32
1678,0,-1,-0.0,0.2,5,0.2,0,32
1679,0,-1,-28.346605,0.16,4,0.16,0,32
1680,2,1,-4.1406527,0.2,5,0.2,0,32
1681,1,0,0.0,0.2,5,0.2,0,32
1682,1,0,0.0,0.2,5,0.2,0,32
1683,1,0,0.0,0.2,5,0.2,0,32
1684,2,1,28.22638,0.24,6,0.24,0,32
1685,2,1,23.38718,0.32,8,0.32,0,32
1686,0,-1,4.847297,0.28,7,0.28,0,32
1687,2,1,-4.847297,0.32,8,0.32,1,32
1688,1,0,0.0,0.32,8,0.32,0,32
1689,2,1,25.94953,0.36,9,0.36,0,32
1690,2,1,15.982508,0.44,11,0.44,0,32
1691,1,0,0.0,0.44,11,0.44,0,32
1692,0,-1,-24.709198,0.4,10,0.4,0,32
1693,1,0,0.0,0.4,10,0.4,0,32
1694,1,0,0.0,0.4,10,0.4,0,32
1695,2,1,9.728749,0.44,11,0.44,0,32
1696,2,1,20.580414,0.48,12,0.48,0,32
1697,1,0,0.0,0.48,12,0.48,0,32
1698,2,1,20.030014,0.52,13,0.52,0,32
1699,0,-1,-7.751251,0.48,12,0.48,0,32
1700,1,0,0.0,0.48,12,0.48,0,32
1701,1,0,0.0,0.48,12,0.48,0,32
1702,0,-1,-21.13643,0.44,11,0.44,0,32
1703,1,0,0.0,0.44,11,0.44,0,32
1704,2,1,15.344105,0.52,13,0.52,0,32
1705,0,-1,-0.0,0.52,13,0.52,0,32
1706,1,0,0.0,0.52,13,0.52,0,32
1707,2,1,5.0190034,0.6,15,0.6,0,32
1708,2,1,14.129183,0.64,16,0.64,0,32
1709,0,-1,-8.514986e-05,0.64,16,0.64,0,32
1710,0,-1,-12.201034,0.6,15,0.6,0,32
1711,1,0,0.0,0.6,15,0.6,1,32
1712,0,-1,-14.618519,0.56,14,0.56,0,32
1713,0,-1,-18.07161,0.52,13,0.52,0,32
1714,1,0,0.0,0.52,13,0.52,0,32
1715,1,0,0.0,0.52,13,0.52,0,32
1716,1,0,0.0,0.52,13,0.52,0,32
1717,2,1,19.662197,0.56,14,0.56,0,32
1718,2,1,2.9010758,0.64,16,0.64,0,32
1719,1,0,0.0,0.64,16,0.64,0,32
1720,0,-1,-0.0,0.64,16,0.64,0,32
1721,2,1,-10.416314,0.72,18,0.72,0,32
1722,2,1,-1.9301673,0.76,19,0.76,0,32
1723,2,1,-16.226767,0.8,20,0.8,0,32
1724,2,1,-349.1089,0.92,23,0.92,0,32
1725,2,1,-598.99884,0.96,24,0.96,0,32
1726,1,0,0.0,0.96,24,0.96,0,32
1727,1,0,0.0,0.96,24,0.96,0,32
1728,0,-1,598.68475,0.92,23,0.92,0,32
1729,0,-1,182.85172,0.88,22,0.88,0,32
1730,2,1,-806.23804,0.96,24,0.96,0,32
1731,1,0,0.0,0.96,24,0.96,0,32
1732,2,1,-1000.0,0.0,0,0.0,0,32
1733,2,1,28.346605,0.2,5,0.2,0,33
1734,2,1,28.22638,0.24,6,0.24,0,33
1735,2,1,26.773045,0.28,7,0.28,0,33
1736,1,0,0.0,0.28,7,0.28,0,33
1737,1,0,0.0,0.28,7,0.28,0,33
1738,1,0,0.0,0.28,7,0.28,0,33
1739,2,1,21.334368,0.36,9,0.36,0,33
1740,1,0,0.0,0.36,9,0.36,0,33
1741,2,1,9.33523,0.48,12,0.48,0,33
1742,2,1,-1.2159384,0.6,15,0.6,0,33
1743,2,1,-14.286362,0.64,16,0.64,0,33
1744,0,-1,-14.21083,0.6,15,0.6,0,33
1745,0,-1,11.78675,0.56,14,0.56,0,33
1746,1,0,0.0,0.56,14,0.56,0,33
1747,1,0,0.0,0.56,14,0.56,0,33
1748,0,-1,-0.0,0.56,14,0.56,0,33
1749,0,-1,-18.335072,0.52,13,0.52,0,33
1750,2,1,-9.921985,0.56,14,0.56,0,33
1751,1,0,0.0,0.56,14,0.56,1,33
1752,1,0,0.0,0.56,14,0.56,1,33
1753,1,0,0.0,0.56,14,0.56,0,33
1754,2,1,2.9946504,0.64,16,0.64,0,33
1755,2,1,11.870562,0.68,17,0.68,0,33
1756,2,1,-25.936632,0.76,19,0.76,0,33
1757,2,1,-12.996705,0.8,20,0.8,0,33
1758,2,1,-44.894005,0.84,21,0.84,0,33
1759,2,1,-78.67368,0.88,22,0.88,0,33
1760,2,1,-181.91614,0.92,23,0.92,0,33
1761,1,0,0.0,0.92,23,0.92,0,33
1762,1,0,0.0,0.92,23,0.92,0,33
1763,2,1,-1000.0,0.0,0,0.0,0,33
1764,2,1,-4.1406527,0.2,5,0.2,0,34
1765,1,0,0.0,0.2,5,0.2,0,34
1766,2,1,-4.278687,0.24,6,0.24,0,34
1767,2,1,27.971514,0.28,7,0.28,0,34
1768,1,0,0.0,0.28,7,0.28,0,34
1769,2,1,27.657686,0.32,8,0.32,0,34
1770,0,-1,4.847379,0.28,7,0.28,0,34
1771,1,0,0.0,0.28,7,0.28,0,34
1772,1,0,0.0,0.28,7,0.28,0,34
1773,2,1,18.128635,0.36,9,0.36,0,34
1774,0,-1,-0.0,0.36,9,0.36,0,34
1775,2,1,22.213333,0.4,10,0.4,0,34
1776,0,-1,-0.0,0.4,10,0.4,0,34
1777,1,0,0.0,0.4,10,0.4,0,34
1778,1,0,0.0,0.4,10,0.4,0,34
1779,0,-1,-22.427462,0.36,9,0.36,0,34
1780,0,-1,-22.762478,0.32,8,0.32,0,34
1781,1,0,0.0,0.32,8,0.32,0,34
1782,2,1,-5.280317,0.36,9,0.36,0,34
1783,1,0,0.0,0.36,9,0.36,0,34
1784,0,-1,5.279892,0.32,8,0.32,0,34
1785,1,0,0.0,0.32,8,0.32,0,34
1786,2,1,26.003696,0.36,9,0.36,0,34
1787,2,1,25.459835,0.4,10,0.4,0,34
1788,1,0,0.0,0.4,10,0.4,0,34
1789,2,1,23.131649,0.44,11,0.44,0,34
1790,2,1,12.366879,0.52,13,0.52,1,34
1791,0,-1,-18.056812,0.52,13,0.52,0,34
1792,0,-1,-16.524137,0.48,12,0.48,0,34
1793,0,-1,-22.45551,0.44,11,0.44,0,34
1794,0,-1,-0.0,0.44,11,0.44,0,34
1795,1,0,0.0,0.44,11,0.44,0,34
1796,1,0,0.0,0.44,11,0.44,0,34
1797,2,1,10.714743,0.52,13,0.52,0,34
1798,2,1,13.961972,0.56,14,0.56,0,34
1799,2,1,4.4720554,0.6,15,0.6,0,34
1800,2,1,0.59643155,0.64,16,0.64,0,34
1801,2,1,-17.735903,0.68,17,0.68,0,34
1802,1,0,0.0,0.68,17,0.68,0,34
1803,1,0,0.0,0.68,17,0.68,0,34
1804,1,0,0.0,0.68,17,0.68,0,34
1805,0,-1,17.735903,0.64,16,0.64,0,34
1806,2,1,11.892598,0.68,17,0.68,0,34
1807,2,1,3.2473974,0.72,18,0.72,0,34
1808,2,1,-46.796917,0.8,20,0.8,0,34
1809,0,-1,-2.4350475e-05,0.8,20,0.8,0,34
1810,2,1,-34.34704,0.84,21,0.84,0,34
1811,1,0,0.0,0.84,21,0.84,0,34
1812,1,0,0.0,0.84,21,0.84,0,34
1813,1,0,0.0,0.84,21,0.84,0,34
1814,1,0,0.0,0.84,21,0.84,0,34
1815,2,1,-284.06494,0.92,23,0.92,0,34
1816,1,0,0.0,0.92,23,0.92,0,34
1817,1,0,0.0,0.92,23,0.92,0,34
1818,1,0,0.0,0.92,23,0.92,1,34
1819,2,1,23.635365,1.0,25,1.0,0,34
1820,2,1,-1000.0,0.0,0,0.0,0,34
1821,2,1,-4.1407347,0.2,5,0.2,0,35
1822,1,0,0.0,0.2,5,0.2,0,35
1823,2,1,-4.278605,0.24,6,0.24,0,35
1824,2,1,27.971514,0.28,7,0.28,0,35
1825,2,1,23.409119,0.32,8,0.32,0,35
1826,1,0,0.0,0.32,8,0.32,0,35
1827,2,1,27.225174,0.36,9,0.36,0,35
1828,1,0,0.0,0.36,9,0.36,0,35
1829,1,0,0.0,0.36,9,0.36,0,35
1830,2,1,-5.8295965,0.4,10,0.4,0,35
1831,2,1,24.763365,0.44,11,0.44,0,35
1832,0,-1,-0.0,0.44,11,0.44,0,35
1833,0,-1,6.520784,0.4,10,0.4,0,35
1834,0,-1,-0.0,0.4,10,0.4,0,35
1835,2,1,12.648595,0.48,12,0.48,0,35
1836,2,1,7.660382,0.56,14,0.56,0,35
1837,0,-1,-0.0,0.56,14,0.56,0,35
1838,2,1,-11.786878,0.6,15,0.6,0,35
1839,1,0,0.0,0.6,15,0.6,0,35
1840,1,0,0.0,0.6,15,0.6,1,35
1841,1,0,0.0,0.6,15,0.6,0,35
1842,1,0,0.0,0.6,15,0.6,0,35
1843,1,0,0.0,0.6,15,0.6,0,35
1844,1,0,0.0,0.6,15,0.6,0,35
1845,2,1,-3.5317721,0.68,17,0.68,0,35
1846,2,1,-69.480446,0.8,20,0.8,0,35
1847,1,0,0.0,0.8,20,0.8,0,35
1848,2,1,-143.7864,0.88,22,0.88,0,35
1849,1,0,0.0,0.88,22,0.88,0,35
1850,0,-1,90.96463,0.84,21,0.84,0,35
1851,1,0,0.0,0.84,21,0.84,0,35
1852,2,1,-288.74515,0.92,23,0.92,0,35
1853,2,1,31.47007,1.0,25,1.0,0,35
1854,2,1,-1000.0,0.0,0,0.0,0,35
1855,0,-1,-0.0,0.16,4,0.16,1,36
1856,2,1,28.130781,0.2,5,0.2,0,36
1857,2,1,28.124796,0.24,6,0.24,0,36
1858,2,1,20.929216,0.32,8,0.32,0,36
1859,1,0,0.0,0.32,8,0.32,0,36
1860,0,-1,-27.424137,0.28,7,0.28,0,36
1861,2,1,27.424137,0.32,8,0.32,0,36
1862,2,1,19.807507,0.4,10,0.4,0,36
1863,2,1,6.3752646,0.52,13,0.52,0,36
1864,0,-1,-0.25470963,0.52,13,0.52,0,36
1865,0,-1,-0.0023390423,0.52,13,0.52,0,36
1866,1,0,0.0,0.52,13,0.52,0,36
1867,1,0,0.0,0.52,13,0.52,1,36
1868,0,-1,-0.0,0.52,13,0.52,0,36
1869,1,0,0.0,0.52,13,0.52,0,36
1870,2,1,7.0307207,0.6,15,0.6,0,36
1871,1,0,0.0,0.6,15,0.6,0,36
1872,0,-1,-0.0,0.6,15,0.6,0,36
1873,1,0,0.0,0.6,15,0.6,0,36
1874,2,1,-0.97400415,0.68,17,0.68,1,36
1875,0,-1,-0.0,0.68,17,0.68,0,36
1876,1,0,0.0,0.68,17,0.68,0,36
1877,1,0,0.0,0.68,17,0.68,0,36
1878,2,1,2.2560167,0.72,18,0.72,0,36
1879,2,1,-1.5495343,0.76,19,0.76,0,36
1880,2,1,-15.118946,0.8,20,0.8,0,36
1881,1,0,0.0,0.8,20,0.8,0,36
1882,2,1,-140.2198,0.88,22,0.88,0,36
1883,1,0,0.0,0.88,22,0.88,0,36
1884,0,-1,-15.330078,0.88,22,0.88,0,36
1885,0,-1,77.589935,0.84,21,0.84,0,36
1886,2,1,-80.144394,0.88,22,0.88,0,36
1887,2,1,-180.50449,0.92,23,0.92,0,36
1888,0,-1,183.82419,0.88,22,0.88,1,36
1889,2,1,-184.68222,0.92,23,0.92,0,36
1890,2,1,-594.7327,0.96,24,0.96,1,36
1891,1,0,0.0,0.96,24,0.96,0,36
1892,2,1,29.414766,1.0,25,1.0,0,36
1893,2,1,-1000.0,0.0,0,0.0,0,36
1894,2,1,28.364332,0.2,5,0.2,0,37
1895,0,-1,-28.364332,0.16,4,0.16,0,37
1896,1,0,0.0,0.16,4,0.16,0,37
1897,2,1,-4.1407347,0.2,5,0.2,0,37
1898,1,0,0.0,0.2,5,0.2,0,37
1899,1,0,0.0,0.2,5,0.2,0,37
1900,2,1,-4.27924,0.24,6,0.24,0,37
1901,0,-1,-0.0,0.24,6,0.24,0,37
1902,2,1,-4.5164123,0.28,7,0.28,1,37
1903,2,1,20.560646,0.32,8,0.32,0,37
1904,2,1,7.427073,0.48,12,0.48,0,37
1905,0,-1,-14.308723,0.44,11,0.44,0,37
1906,0,-1,-0.12926555,0.44,11,0.44,0,37
1907,2,1,-4.0288515,0.52,13,0.52,0,37
1908,1,0,0.0,0.52,13,0.52,0,37
1909,0,-1,-0.18106055,0.52,13,0.52,0,37
1910,1,0,0.0,0.52,13,0.52,0,37
1911,0,-1,-14.804698,0.48,12,0.48,0,37
1912,2,1,9.925227,0.56,14,0.56,0,37
1913,1,0,0.0,0.56,14,0.56,0,37
1914,2,1,-11.047543,0.68,17,0.68,0,37
1915,2,1,3.9948163,0.72,18,0.72,0,37
1916,2,1,-6.06576,0.76,19,0.76,1,37
1917,2,1,-187.75293,0.88,22,0.88,0,37
1918,2,1,-204.40765,0.92,23,0.92,0,37
1919,1,0,0.0,0.92,23,0.92,0,37
1920,1,0,0.0,0.92,23,0.92,0,37
1921,2,1,-594.01495,0.96,24,0.96,0,37
1922,2,1,-1000.0,0.0,0,0.0,0,37
1923,2,1,28.364332,0.2,5,0.2,1,38
1924,2,1,18.623686,0.24,6,0.24,0,38
1925,1,0,0.0,0.24,6,0.24,0,38
1926,2,1,23.286818,0.32,8,0.32,0,38
1927,1,0,0.0,0.32,8,0.32,0,38
1928,1,0,0.0,0.32,8,0.32,0,38
1929,0,-1,-18.054993,0.28,7,0.28,0,38
1930,0,-1,-26.684875,0.24,6,0.24,0,38
1931,1,0,0.0,0.24,6,0.24,0,38
1932,2,1,22.127783,0.28,7,0.28,0,38
1933,2,1,26.353323,0.32,8,0.32,0,38
1934,2,1,20.16224,0.4,10,0.4,0,38
1935,2,1,15.683229,0.48,12,0.48,0,38
1936,2,1,15.983078,0.52,13,0.52,0,38
1937,0,-1,-0.0,0.52,13,0.52,0,38
1938,2,1,-8.24959,0.64,16,0.64,0,38
1939,2,1,10.762458,0.68,17,0.68,0,38
1940,0,-1,-6.745451,0.64,16,0.64,0,38
1941,2,1,3.7886758,0.68,17,0.68,0,38
1942,0,-1,-8.90826,0.64,16,0.64,0,38
1943,2,1,7.9714456,0.68,17,0.68,0,38
1944,2,1,-66.01024,0.8,20,0.8,0,38
1945,0,-1,14.755343,0.76,19,0.76,0,38
1946,0,-1,8.573292,0.72,18,0.72,0,38
1947,2,1,-105.69043,0.84,21,0.84,0,38
1948,2,1,-288.94705,0.92,23,0.92,0,38
1949,2,1,26.871311,1.0,25,1.0,0,38
1950,1,0,-1000.0,0.0,0,0.0,0,38
1951,2,1,28.364332,0.2,5,0.2,0,39
1952,2,1,28.208652,0.24,6,0.24,0,39
1953,2,1,-4.515826,0.28,7,0.28,0,39
1954,2,1,26.441492,0.32,8,0.32,0,39
1955,2,1,26.003696,0.36,9,0.36,0,39
1956,2,1,-5.8295894,0.4,10,0.4,0,39
1957,2,1,6.5802827,0.52,13,0.52,0,39
1958,1,0,0.0,0.52,13,0.52,0,39
1959,2,1,-9.92185,0.56,14,0.56,0,39
1960,2,1,0.6632423,0.64,16,0.64,0,39
1961,2,1,-15.770639,0.72,18,0.72,0,39
1962,2,1,-43.006348,0.8,20,0.8,0,39
1963,1,0,0.0,0.8,20,0.8,0,39
1964,1,0,0.0,0.8,20,0.8,0,39
1965,0,-1,41.985844,0.76,19,0.76,0,39
1966,2,1,-12.333545,0.8,20,0.8,0,39
1967,2,1,-140.69987,0.88,22,0.88,0,39
1968,2,1,-178.96065,0.92,23,0.92,0,39
1969,1,0,0.0,0.92,23,0.92,0,39
1970,1,0,0.0,0.92,23,0.92,0,39
1971,1,0,0.0,0.92,23,0.92,0,39
1972,0,-1,185.05414,0.88,22,0.88,0,39
1973,2,1,-181.2783,0.92,23,0.92,0,39
1974,2,1,27.857637,1.0,25,1.0,0,39
1975,2,1,-1000.0,0.0,0,0.0,0,39
1976,0,-1,-0.0,0.16,4,0.16,0,40
1977,0,-1,-0.0,0.16,4,0.16,0,40
1978,1,0,0.0,0.16,4,0.16,0,40
1979,2,1,-4.1407347,0.2,5,0.2,0,40
1980,1,0,0.0,0.2,5,0.2,0,40
1981,2,1,28.208652,0.24,6,0.24,0,40
1982,2,1,23.740671,0.28,7,0.28,0,40
1983,1,0,0.0,0.28,7,0.28,0,40
1984,2,1,16.432852,0.36,9,0.36,0,40
1985,1,0,0.0,0.36,9,0.36,0,40
1986,2,1,-5.8295894,0.4,10,0.4,0,40
1987,0,-1,-6.5214887,0.44,11,0.44,0,40
1988,2,1,-7.39189,0.48,12,0.48,0,40
1989,1,0,0.0,0.48,12,0.48,0,40
1990,1,0,0.0,0.48,12,0.48,0,40
1991,2,1,14.085329,0.56,14,0.56,0,40
1992,1,0,0.0,0.56,14,0.56,0,40
1993,2,1,-26.073439,0.64,16,0.64,0,40
1994,2,1,-17.735933,0.68,17,0.68,0,40
1995,0,-1,17.735773,0.64,16,0.64,0,40
1996,0,-1,14.285854,0.6,15,0.6,0,40
1997,0,-1,-14.774389,0.56,14,0.56,0,40
1998,1,0,0.0,0.56,14,0.56,0,40
1999,0,-1,-0.0,0.56,14,0.56,0,40
2000,1,0,0.0,0.56,14,0.56,0,40
2001,2,1,-11.786915,0.6,15,0.6,0,40
2002,2,1,12.274778,0.64,16,0.64,0,40
2003,2,1,-17.735939,0.68,17,0.68,0,40
2004,0,-1,-0.0,0.68,17,0.68,1,40
2005,1,0,0.0,0.68,17,0.68,0,40
2006,2,1,-63.49045,0.8,20,0.8,0,40
2007,1,0,0.0,0.8,20,0.8,0,40
2008,1,0,0.0,0.8,20,0.8,0,40
2009,1,0,0.0,0.8,20,0.8,0,40
2010,0,-1,30.296846,0.76,19,0.76,0,40
2011,2,1,-24.014612,0.8,20,0.8,0,40
2012,1,0,0.0,0.8,20,0.8,0,40
2013,2,1,-31.511091,0.84,21,0.84,0,40
2014,1,0,0.0,0.84,21,0.84,0,40
2015,0,-1,-0.0,0.84,21,0.84,0,40
2016,0,-1,36.192345,0.8,20,0.8,0,40
2017,0,-1,-84.07071,0.84,21,0.84,1,40
2018,2,1,-74.83945,0.88,22,0.88,0,40
2019,1,0,0.0,0.88,22,0.88,0,40
2020,0,-1,-238.25551,0.92,23,0.92,0,40
2021,0,-1,-0.0,0.92,23,0.92,0,40
2022,1,0,0.0,0.92,23,0.92,1,40
2023,1,0,0.0,0.92,23,0.92,0,40
2024,0,-1,-0.0,0.92,23,0.92,0,40
2025,2,1,-606.81256,0.96,24,0.96,0,40
2026,1,0,0.0,0.96,24,0.96,0,40
2027,2,1,25.339678,1.0,25,1.0,0,40
2028,1,0,-1000.0,0.0,0,0.0,0,40
2029,0,-1,-0.0,0.16,4,0.16,0,41
2030,2,1,28.346605,0.2,5,0.2,0,41
2031,2,1,19.461393,0.28,7,0.28,0,41
2032,0,-1,-0.0,0.28,7,0.28,0,41
2033,0,-1,-0.0,0.28,7,0.28,0,41
2034,2,1,22.635555,0.36,9,0.36,0,41
2035,2,1,-5.8295894,0.4,10,0.4,0,41
2036,0,-1,-0.0,0.4,10,0.4,0,41
2037,2,1,9.05587,0.52,13,0.52,0,41
2038,2,1,19.730448,0.56,14,0.56,0,41
2039,2,1,16.710442,0.6,15,0.6,0,41
2040,0,-1,-17.86555,0.56,14,0.56,0,41
2041,2,1,2.9178631,0.64,16,0.64,0,41
2042,1,0,0.0,0.64,16,0.64,0,41
2043,0,-1,-0.0,0.64,16,0.64,0,41
2044,2,1,-17.735909,0.68,17,0.68,0,41
2045,2,1,4.656823,0.72,18,0.72,0,41
2046,1,0,0.0,0.72,18,0.72,0,41
2047,2,1,-45.34723,0.8,20,0.8,1,41
2048,2,1,-33.177956,0.84,21,0.84,0,41
2049,1,0,0.0,0.84,21,0.84,0,41
2050,2,1,-76.696014,0.88,22,0.88,0,41
2051,0,-1,-0.0,0.88,22,0.88,0,41
2052,2,1,-181.86476,0.92,23,0.92,0,41
2053,1,0,0.0,0.92,23,0.92,0,41
2054,2,1,-612.31714,0.96,24,0.96,0,41
2055,2,1,27.686468,1.0,25,1.0,0,41
2056,0,-1,-1000.0,0.0,0,0.0,0,41
2057,2,1,28.364332,0.2,5,0.2,0,42
2058,1,0,0.0,0.2,5,0.2,0,42
2059,2,1,28.208652,0.24,6,0.24,0,42
2060,0,-1,-0.0,0.24,6,0.24,0,42
2061,2,1,26.767761,0.28,7,0.28,0,42
2062,1,0,0.0,0.28,7,0.28,0,42
2063,1,0,0.0,0.28,7,0.28,0,42
2064,0,-1,-26.767761,0.24,6,0.24,0,42
2065,1,0,0.0,0.24,6,0.24,0,42
2066,1,0,0.0,0.24,6,0.24,0,42
2067,2,1,26.767761,0.28,7,0.28,0,42
2068,2,1,26.441492,0.32,8,0.32,0,42
2069,2,1,16.93285,0.4,10,0.4,0,42
2070,1,0,0.0,0.4,10,0.4,0,42
2071,1,0,0.0,0.4,10,0.4,0,42
2072,0,-1,-0.0,0.4,10,0.4,1,42
2073,0,-1,-22.144985,0.36,9,0.36,0,42
2074,1,0,0.0,0.36,9,0.36,0,42
2075,2,1,23.77687,0.4,10,0.4,0,42
2076,1,0,0.0,0.4,10,0.4,0,42
2077,0,-1,-0.0,0.4,10,0.4,0,42
2078,2,1,23.144829,0.44,11,0.44,1,42
2079,2,1,21.667458,0.48,12,0.48,0,42
2080,0,-1,-19.744865,0.44,11,0.44,0,42
2081,2,1,18.582808,0.48,12,0.48,0,42
2082,2,1,9.959767,0.56,14,0.56,0,42
2083,0,-1,-0.0,0.56,14,0.56,0,42
2084,2,1,-67.35843,0.76,19,0.76,0,42
2085,1,0,0.0,0.76,19,0.76,0,42
2086,1,0,0.0,0.76,19,0.76,0,42
2087,2,1,-18.11906,0.8,20,0.8,0,42
2088,1,0,0.0,0.8,20,0.8,0,42
2089,1,0,0.0,0.8,20,0.8,0,42
2090,2,1,-351.60574,0.92,23,0.92,0,42
2091,2,1,-1000.0,0.0,0,0.0,0,42
2092,1,0,0.0,0.16,4,0.16,0,43
2093,1,0,0.0,0.16,4,0.16,0,43
2094,0,-1,-0.0,0.16,4,0.16,0,43
2095,2,1,28.346605,0.2,5,0.2,0,43
2096,1,0,0.0,0.2,5,0.2,0,43
2097,0,-1,-0.0,0.2,5,0.2,0,43
2098,0,-1,-28.346605,0.16,4,0.16,0,43
2099,2,1,28.346605,0.2,5,0.2,0,43
2100,1,0,0.0,0.2,5,0.2,0,43
2101,2,1,28.22638,0.24,6,0.24,0,43
2102,2,1,26.767761,0.28,7,0.28,0,43
2103,1,0,0.0,0.28,7,0.28,0,43
2104,2,1,13.119488,0.4,10,0.4,0,43
2105,2,1,19.483187,0.44,11,0.44,0,43
2106,1,0,0.0,0.44,11,0.44,0,43
2107,2,1,-7.3917303,0.48,12,0.48,0,43
2108,2,1,9.622631,0.56,14,0.56,0,43
2109,0,-1,-0.0,0.56,14,0.56,0,43
2110,1,0,0.0,0.56,14,0.56,1,43
2111,0,-1,-16.005745,0.52,13,0.52,0,43
2112,1,0,0.0,0.52,13,0.52,0,43
2113,2,1,13.961743,0.56,14,0.56,0,43
2114,1,0,0.0,0.56,14,0.56,0,43
2115,2,1,19.50075,0.6,15,0.6,0,43
2116,1,0,0.0,0.6,15,0.6,0,43
2117,1,0,0.0,0.6,15,0.6,0,43
2118,2,1,12.259334,0.64,16,0.64,0,43
2119,1,0,0.0,0.64,16,0.64,0,43
2120,0,-1,-24.979029,0.64,16,0.64,0,43
2121,0,-1,3.2383883,0.6,15,0.6,0,43
2122,0,-1,-0.0041542444,0.6,15,0.6,0,43
2123,1,0,0.0,0.6,15,0.6,0,43
2124,2,1,-6.7741137,0.68,17,0.68,0,43
2125,1,0,0.0,0.68,17,0.68,0,43
2126,1,0,0.0,0.68,17,0.68,0,43
2127,1,0,0.0,0.68,17,0.68,0,43
2128,2,1,6.941916,0.72,18,0.72,0,43
2129,1,0,0.0,0.72,18,0.72,0,43
2130,0,-1,-2.042016e-05,0.72,18,0.72,0,43
2131,1,0,0.0,0.72,18,0.72,0,43
2132,1,0,0.0,0.72,18,0.72,0,43
2133,1,0,0.0,0.72,18,0.72,0,43
2134,1,0,0.0,0.72,18,0.72,0,43
2135,0,-1,-2.5058947,0.68,17,0.68,0,43
2136,1,0,0.0,0.68,17,0.68,0,43
2137,1,0,0.0,0.68,17,0.68,1,43
2138,0,-1,-25.963257,0.68,17,0.68,0,43
2139,0,-1,-10.680002,0.64,16,0.64,0,43
2140,0,-1,-12.226431,0.6,15,0.6,0,43
2141,2,1,14.261952,0.64,16,0.64,0,43
2142,2,1,-0.6708903,0.68,17,0.68,0,43
2143,2,1,-1.9425668,0.72,18,0.72,0,43
2144,0,-1,-0.0,0.72,18,0.72,0,43
2145,2,1,-4.315036,0.76,19,0.76,0,43
2146,1,0,0.0,0.76,19,0.76,0,43
2147,2,1,-13.570308,0.8,20,0.8,0,43
2148,2,1,-36.875916,0.84,21,0.84,0,43
2149,2,1,-77.228775,0.88,22,0.88,0,43
2150,2,1,-184.70692,0.92,23,0.92,0,43
2151,1,0,0.0,0.92,23,0.92,1,43
2152,2,1,22.573826,1.0,25,1.0,0,43
2153,2,1,-1000.0,0.0,0,0.0,0,43
2154,1,0,0.0,0.16,4,0.16,0,44
2155,1,0,0.0,0.16,4,0.16,1,44
2156,1,0,0.0,0.16,4,0.16,0,44
2157,1,0,0.0,0.16,4,0.16,0,44
2158,1,0,0.0,0.16,4,0.16,0,44
2159,2,1,28.262749,0.2,5,0.2,0,44
2160,0,-1,-0.0,0.2,5,0.2,0,44
2161,1,0,0.0,0.2,5,0.2,0,44
2162,1,0,0.0,0.2,5,0.2,0,44
2163,2,1,27.992828,0.24,6,0.24,0,44
2164,0,-1,-0.0,0.24,6,0.24,0,44
2165,2,1,26.539675,0.28,7,0.28,0,44
2166,1,0,0.0,0.28,7,0.28,0,44
2167,2,1,21.239792,0.32,8,0.32,0,44
2168,1,0,0.0,0.32,8,0.32,0,44
2169,2,1,19.424269,0.36,9,0.36,0,44
2170,1,0,0.0,0.36,9,0.36,0,44
2171,2,1,10.1164875,0.48,12,0.48,0,44
2172,2,1,19.296515,0.52,13,0.52,0,44
2173,2,1,16.973808,0.56,14,0.56,0,44
2174,0,-1,-0.0035722945,0.56,14,0.56,0,44
2175,2,1,5.023007,0.64,16,0.64,0,44
2176,1,0,0.0,0.64,16,0.64,0,44
2177,2,1,-13.896348,0.72,18,0.72,0,44
2178,2,1,-4.667715,0.76,19,0.76,0,44
2179,1,0,0.0,0.76,19,0.76,0,44
2180,1,0,0.0,0.76,19,0.76,0,44
2181,2,1,-14.864642,0.8,20,0.8,0,44
2182,1,0,0.0,0.8,20,0.8,1,44
2183,2,1,-33.20134,0.84,21,0.84,0,44
2184,0,-1,-23.249262,0.84,21,0.84,0,44
2185,1,0,0.0,0.84,21,0.84,0,44
2186,2,1,-288.47818,0.92,23,0.92,0,44
2187,1,0,0.0,0.92,23,0.92,0,44
2188,0,-1,183.38666,0.88,22,0.88,0,44
2189,1,0,0.0,0.88,22,0.88,0,44
2190,0,-1,-233.49605,0.92,23,0.92,0,44
2191,1,0,0.0,0.92,23,0.92,0,44
2192,2,1,-1000.0,0.0,0,0.0,0,44
2193,2,1,28.364332,0.2,5,0.2,0,45
2194,1,0,0.0,0.2,5,0.2,0,45
2195,2,1,19.247265,0.28,7,0.28,1,45
2196,1,0,0.0,0.28,7,0.28,0,45
2197,2,1,16.620516,0.36,9,0.36,0,45
2198,2,1,12.960589,0.48,12,0.48,0,45
2199,0,-1,-0.2595938,0.48,12,0.48,0,45
2200,0,-1,-0.00010550817,0.48,12,0.48,0,45
2201,0,-1,-0.0,0.48,12,0.48,0,45
2202,1,0,0.0,0.48,12,0.48,0,45
2203,0,-1,-19.12234,0.44,11,0.44,0,45
2204,2,1,12.611576,0.52,13,0.52,0,45
2205,2,1,15.524709,0.56,14,0.56,0,45
2206,2,1,0.5465758,0.64,16,0.64,0,45
2207,2,1,-15.0761385,0.72,18,0.72,1,45
2208,1,0,0.0,0.72,18,0.72,0,45
2209,1,0,0.0,0.72,18,0.72,0,45
2210,0,-1,-3.0191352,0.68,17,0.68,0,45
2211,0,-1,-25.87237,0.68,17,0.68,0,45
2212,0,-1,-7.311919,0.64,16,0.64,0,45
2213,2,1,-15.435968,0.72,18,0.72,0,45
2214,1,0,0.0,0.72,18,0.72,0,45
2215,0,-1,-2.749836,0.68,17,0.68,0,45
2216,1,0,0.0,0.68,17,0.68,0,45
2217,0,-1,-25.993872,0.68,17,0.68,0,45
2218,0,-1,-0.015882296,0.68,17,0.68,0,45
2219,1,0,0.0,0.68,17,0.68,0,45
2220,0,-1,-0.0,0.68,17,0.68,0,45
2221,2,1,-28.618507,0.76,19,0.76,0,45
2222,0,-1,-0.00047984012,0.76,19,0.76,0,45
2223,1,0,0.0,0.76,19,0.76,0,45
2224,1,0,0.0,0.76,19,0.76,0,45
2225,2,1,-17.651695,0.8,20,0.8,0,45
2226,0,-1,-0.00016208045,0.8,20,0.8,0,45
2227,2,1,-43.40138,0.84,21,0.84,0,45
2228,1,0,0.0,0.84,21,0.84,0,45
2229,1,0,0.0,0.84,21,0.84,0,45
2230,1,0,0.0,0.84,21,0.84,0,45
2231,1,0,0.0,0.84,21,0.84,0,45
2232,2,1,-284.6691,0.92,23,0.92,0,45
2233,1,0,0.0,0.92,23,0.92,0,45
2234,1,0,0.0,0.92,23,0.92,0,45
2235,2,1,-609.08777,0.96,24,0.96,0,45
2236,2,1,25.047483,1.0,25,1.0,1,45
2237,1,0,-1000.0,0.0,0,0.0,0,45
2238,0,-1,-0.0,0.16,4,0.16,1,46
2239,0,-1,-0.0,0.16,4,0.16,0,46
2240,0,-1,-0.0,0.16,4,0.16,0,46
2241,1,0,0.0,0.16,4,0.16,0,46
2242,1,0,0.0,0.16,4,0.16,0,46
2243,1,0,0.0,0.16,4,0.16,0,46
2244,2,1,28.130781,0.2,5,0.2,0,46
2245,2,1,28.124796,0.24,6,0.24,0,46
2246,0,-1,-0.0,0.24,6,0.24,0,46
2247,0,-1,-0.0,0.24,6,0.24,0,46
2248,0,-1,-27.992828,0.2,5,0.2,0,46
2249,0,-1,-0.0,0.2,5,0.2,0,46
2250,0,-1,-0.0,0.2,5,0.2,0,46
2251,1,0,0.0,0.2,5,0.2,0,46
2252,1,0,0.0,0.2,5,0.2,0,46
2253,1,0,0.0,0.2,5,0.2,0,46
2254,2,1,21.808485,0.24,6,0.24,0,46
2255,2,1,23.12957,0.32,8,0.32,0,46
2256,1,0,0.0,0.32,8,0.32,0,46
2257,0,-1,-0.0,0.32,8,0.32,0,46
2258,2,1,18.577732,0.36,9,0.36,0,46
2259,1,0,0.0,0.36,9,0.36,0,46
2260,2,1,10.730822,0.48,12,0.48,1,46
2261,2,1,6.625689,0.56,14,0.56,0,46
2262,1,0,0.0,0.56,14,0.56,0,46
2263,0,-1,-27.759235,0.56,14,0.56,0,46
2264,2,1,16.453249,0.6,15,0.6,0,46
2265,0,-1,-17.068155,0.56,14,0.56,0,46
2266,2,1,15.226897,0.6,15,0.6,0,46
2267,1,0,0.0,0.6,15,0.6,0,46
2268,1,0,0.0,0.6,15,0.6,0,46
2269,0,-1,-0.10735096,0.6,15,0.6,0,46
2270,0,-1,-9.499055,0.56,14,0.56,0,46
2271,2,1,9.875841,0.6,15,0.6,0,46
2272,0,-1,-21.250889,0.6,15,0.6,0,46
2273,2,1,13.964406,0.64,16,0.64,0,46
2274,1,0,0.0,0.64,16,0.64,0,46
2275,2,1,9.951261,0.68,17,0.68,0,46
2276,1,0,0.0,0.68,17,0.68,0,46
2277,1,0,0.0,0.68,17,0.68,0,46
2278,1,0,0.0,0.68,17,0.68,0,46
2279,0,-1,-9.277873,0.64,16,0.64,0,46
2280,0,-1,-13.964406,0.6,15,0.6,0,46
2281,2,1,-3.4015594,0.68,17,0.68,1,46
2282,0,-1,-0.0,0.68,17,0.68,0,46
2283,1,0,0.0,0.68,17,0.68,0,46
2284,0,-1,-0.0,0.68,17,0.68,0,46
2285,2,1,4.654123,0.72,18,0.72,0,46
2286,2,1,-103.38686,0.84,21,0.84,0,46
2287,0,-1,35.474228,0.8,20,0.8,0,46
2288,1,0,0.0,0.8,20,0.8,0,46
2289,2,1,-35.474228,0.84,21,0.84,0,46
2290,0,-1,-0.07996316,0.84,21,0.84,1,46
2291,2,1,-76.2538,0.88,22,0.88,0,46
2292,0,-1,76.2538,0.84,21,0.84,0,46
2293,0,-1,-0.0,0.84,21,0.84,0,46
2294,2,1,-910.0822,0.96,24,0.96,0,46
2295,2,1,-1000.0,0.0,0,0.0,0,46
2296,0,-1,-0.0,0.16,4,0.16,0,47
2297,2,1,-4.1406527,0.2,5,0.2,0,47
2298,1,0,0.0,0.2,5,0.2,0,47
2299,2,1,-4.278687,0.24,6,0.24,0,47
2300,1,0,0.0,0.24,6,0.24,0,47
2301,1,0,0.0,0.24,6,0.24,0,47
2302,1,0,0.0,0.24,6,0.24,0,47
2303,1,0,0.0,0.24,6,0.24,1,47
2304,2,1,27.812548,0.28,7,0.28,0,47
2305,1,0,0.0,0.28,7,0.28,0,47
2306,1,0,0.0,0.28,7,0.28,0,47
2307,2,1,27.606607,0.32,8,0.32,0,47
2308,1,0,0.0,0.32,8,0.32,0,47
2309,1,0,0.0,0.32,8,0.32,0,47
2310,2,1,17.620775,0.36,9,0.36,0,47
2311,2,1,22.776497,0.4,10,0.4,0,47
2312,0,-1,-17.07163,0.36,9,0.36,0,47
2313,2,1,22.650597,0.4,10,0.4,0,47
2314,1,0,0.0,0.4,10,0.4,0,47
2315,2,1,18.971542,0.44,11,0.44,0,47
2316,0,-1,-22.08531,0.4,10,0.4,1,47
2317,2,1,13.66603,0.44,11,0.44,0,47
2318,1,0,0.0,0.44,11,0.44,0,47
2319,0,-1,-22.649595,0.4,10,0.4,0,47
2320,1,0,0.0,0.4,10,0.4,0,47
2321,1,0,0.0,0.4,10,0.4,0,47
2322,0,-1,-26.938894,0.36,9,0.36,1,47
2323,0,-1,-29.336624,0.36,9,0.36,0,47
2324,0,-1,-0.0,0.36,9,0.36,0,47
2325,2,1,16.345858,0.4,10,0.4,0,47
2326,1,0,0.0,0.4,10,0.4,1,47
2327,0,-1,-0.0,0.4,10,0.4,0,47
2328,1,0,0.0,0.4,10,0.4,0,47
2329,2,1,18.82403,0.48,12,0.48,0,47
2330,0,-1,-0.0,0.48,12,0.48,0,47
2331,1,0,0.0,0.48,12,0.48,0,47
2332,1,0,0.0,0.48,12,0.48,0,47
2333,2,1,13.777974,0.52,13,0.52,0,47
2334,1,0,0.0,0.52,13,0.52,0,47
2335,0,-1,-0.0,0.52,13,0.52,0,47
2336,1,0,0.0,0.52,13,0.52,0,47
2337,0,-1,-22.333456,0.48,12,0.48,1,47
2338,0,-1,-15.383683,0.44,11,0.44,0,47
2339,1,0,0.0,0.44,11,0.44,0,47
2340,2,1,12.875919,0.48,12,0.48,0,47
2341,2,1,10.017422,0.56,14,0.56,0,47
2342,0,-1,-10.345799,0.52,13,0.52,0,47
2343,0,-1,-15.2392235,0.48,12,0.48,0,47
2344,0,-1,-0.0,0.48,12,0.48,0,47
2345,1,0,0.0,0.48,12,0.48,0,47
2346,1,0,0.0,0.48,12,0.48,0,47
2347,0,-1,-0.0040528113,0.48,12,0.48,0,47
2348,2,1,18.210955,0.52,13,0.52,0,47
2349,2,1,-13.382391,0.64,16,0.64,0,47
2350,2,1,7.185731,0.68,17,0.68,0,47
2351,2,1,8.105327,0.72,18,0.72,0,47
2352,0,-1,-0.0,0.72,18,0.72,0,47
2353,2,1,-108.27168,0.84,21,0.84,0,47
2354,1,0,0.0,0.84,21,0.84,0,47
2355,1,0,0.0,0.84,21,0.84,0,47
2356,1,0,0.0,0.84,21,0.84,0,47
2357,1,0,0.0,0.84,21,0.84,0,47
2358,2,1,-915.28564,0.96,24,0.96,0,47
2359,2,1,-1000.0,0.0,0,0.0,0,47
2360,0,-1,-0.0,0.16,4,0.16,0,48
2361,0,-1,-0.0,0.16,4,0.16,0,48
2362,2,1,28.364332,0.2,5,0.2,0,48
2363,1,0,0.0,0.2,5,0.2,0,48
2364,2,1,23.955872,0.28,7,0.28,0,48
2365,2,1,26.436209,0.32,8,0.32,0,48
2366,0,-1,-0.0,0.32,8,0.32,0,48
2367,0,-1,-0.0,0.32,8,0.32,0,48
2368,1,0,0.0,0.32,8,0.32,0,48
2369,1,0,0.0,0.32,8,0.32,0,48
2370,0,-1,-0.0,0.32,8,0.32,0,48
2371,1,0,0.0,0.32,8,0.32,0,48
2372,2,1,24.37198,0.36,9,0.36,0,48
2373,2,1,15.692518,0.44,11,0.44,0,48
2374,1,0,0.0,0.44,11,0.44,0,48
2375,2,1,-7.391865,0.48,12,0.48,0,48
2376,1,0,0.0,0.48,12,0.48,0,48
2377,0,-1,7.391865,0.44,11,0.44,0,48
2378,2,1,10.7188425,0.52,13,0.52,0,48
2379,2,1,7.0632806,0.6,15,0.6,0,48
2380,2,1,-6.7586207,0.68,17,0.68,0,48
2381,2,1,6.9744883,0.72,18,0.72,0,48
2382,1,0,0.0,0.72,18,0.72,0,48
2383,2,1,-134.88806,0.84,21,0.84,0,48
2384,2,1,-911.5972,0.96,24,0.96,0,48
2385,0,-1,-0.0012614568,0.96,24,0.96,0,48
2386,1,0,0.0,0.96,24,0.96,0,48
2387,0,-1,-0.0,0.96,24,0.96,1,48
2388,2,1,5.734131e-06,1.0,25,1.0,0,48
2389,2,1,-1000.0,0.0,0,0.0,0,48
2390,2,1,-4.1407347,0.2,5,0.2,0,49
2391,0,-1,-0.0,0.2,5,0.2,0,49
2392,2,1,28.208652,0.24,6,0.24,0,49
2393,0,-1,4.278687,0.2,5,0.2,0,49
2394,1,0,0.0,0.2,5,0.2,0,49
2395,1,0,0.0,0.2,5,0.2,0,49
2396,1,0,0.0,0.2,5,0.2,0,49
2397,2,1,-4.278605,0.24,6,0.24,0,49
2398,1,0,0.0,0.24,6,0.24,0,49
2399,2,1,18.8927,0.32,8,0.32,0,49
2400,1,0,0.0,0.32,8,0.32,1,49
2401,2,1,15.524791,0.4,10,0.4,0,49
2402,1,0,0.0,0.4,10,0.4,0,49
2403,1,0,0.0,0.4,10,0.4,1,49
2404,2,1,25.979948,0.44,11,0.44,0,49
2405,2,1,20.912283,0.48,12,0.48,0,49
2406,2,1,1.0004338,0.6,15,0.6,0,49
2407,1,0,0.0,0.6,15,0.6,1,49
2408,2,1,-1.4222851,0.64,16,0.64,0,49
2409,2,1,9.59512,0.68,17,0.68,0,49
2410,0,-1,4.8716974,0.64,16,0.64,0,49
2411,2,1,-4.8716974,0.68,17,0.68,0,49
2412,1,0,0.0,0.68,17,0.68,0,49
2413,1,0,0.0,0.68,17,0.68,0,49
2414,0,-1,-9.59512,0.64,16,0.64,0,49
2415,0,-1,-9.416553,0.6,15,0.6,0,49
2416,2,1,10.020821,0.64,16,0.64,0,49
2417,2,1,9.59512,0.68,17,0.68,0,49
2418,2,1,-32.450397,0.76,19,0.76,0,49
2419,2,1,-76.428185,0.84,21,0.84,0,49
2420,0,-1,-0.0,0.84,21,0.84,0,49
2421,2,1,-281.68094,0.92,23,0.92,0,49
2422,2,1,29.596472,1.0,25,1.0,1,49
2423,2,1,-1000.0,0.0,0,0.0,0,49
2424,2,1,28.364332,0.2,5,0.2,0,50
2425,2,1,19.247265,0.28,7,0.28,0,50
2426,2,1,27.639961,0.32,8,0.32,0,50
2427,2,1,-5.2804523,0.36,9,0.36,0,50
2428,0,-1,-0.0,0.36,9,0.36,0,50
2429,0,-1,5.2804523,0.32,8,0.32,0,50
2430,2,1,26.003696,0.36,9,0.36,0,50
2431,0,-1,-26.003696,0.32,8,0.32,0,50
2432,0,-1,-27.639961,0.28,7,0.28,0,50
2433,0,-1,-23.526543,0.24,6,0.24,0,50
2434,0,-1,-28.22638,0.2,5,0.2,0,50
2435,2,1,-4.2792473,0.24,6,0.24,0,50
2436,2,1,17.860786,0.36,9,0.36,0,50
2437,0,-1,5.280317,0.32,8,0.32,0,50
2438,1,0,0.0,0.32,8,0.32,0,50
2439,0,-1,4.847379,0.28,7,0.28,0,50
2440,1,0,0.0,0.28,7,0.28,0,50
2441,2,1,16.793488,0.4,10,0.4,0,50
2442,2,1,17.550112,0.48,12,0.48,0,50
2443,2,1,-8.498307,0.52,13,0.52,0,50
2444,0,-1,8.498307,0.48,12,0.48,0,50
2445,2,1,19.758776,0.52,13,0.52,0,50
2446,2,1,7.2823744,0.6,15,0.6,0,50
2447,0,-1,-0.0,0.6,15,0.6,0,50
2448,0,-1,-16.470173,0.56,14,0.56,1,50
2449,0,-1,-10.814617,0.52,13,0.52,0,50
2450,2,1,17.39352,0.56,14,0.56,0,50
2451,2,1,-11.786754,0.6,15,0.6,0,50
2452,0,-1,-0.009330454,0.6,15,0.6,0,50
2453,0,-1,-0.0,0.6,15,0.6,0,50
2454,1,0,0.0,0.6,15,0.6,0,50
2455,2,1,14.0209,0.64,16,0.64,0,50
2456,1,0,0.0,0.64,16,0.64,0,50
2457,2,1,11.892597,0.68,17,0.68,0,50
2458,1,0,0.0,0.68,17,0.68,0,50
2459,1,0,0.0,0.68,17,0.68,0,50
2460,2,1,-24.041422,0.76,19,0.76,0,50
2461,2,1,-14.2348995,0.8,20,0.8,0,50
2462,1,0,0.0,0.8,20,0.8,0,50
2463,2,1,-37.4568,0.84,21,0.84,0,50
2464,2,1,-80.574,0.88,22,0.88,0,50
2465,0,-1,104.45684,0.84,21,0.84,0,50
2466,2,1,-287.3985,0.92,23,0.92,0,50
2467,0,-1,181.29543,0.88,22,0.88,0,50
2468,1,0,0.0,0.88,22,0.88,1,50
2469,1,0,0.0,0.88,22,0.88,1,50
2470,0,-1,-0.0,0.88,22,0.88,0,50
2471,1,0,0.0,0.88,22,0.88,0,50
2472,2,1,-185.18044,0.92,23,0.92,0,50
2473,0,-1,183.93185,0.88,22,0.88,0,50
2474,1,0,0.0,0.88,22,0.88,0,50
2475,1,0,0.0,0.88,22,0.88,0,50
2476,2,1,-180.29793,0.92,23,0.92,0,50
2477,2,1,-599.50354,0.96,24,0.96,0,50
2478,2,1,23.634827,1.0,25,1.0,0,50
2479,0,-1,-1000.0,0.0,0,0.0,0,50
2480,0,-1,-0.0,0.16,4,0.16,0,51
2481,2,1,28.364332,0.2,5,0.2,0,51
2482,2,1,-4.278605,0.24,6,0.24,0,51
2483,1,0,0.0,0.24,6,0.24,0,51
2484,1,0,0.0,0.24,6,0.24,0,51
2485,2,1,23.38718,0.32,8,0.32,0,51
2486,1,0,0.0,0.32,8,0.32,0,51
2487,0,-1,-0.0,0.32,8,0.32,0,51
2488,1,0,0.0,0.32,8,0.32,0,51
2489,2,1,-5.280317,0.36,9,0.36,0,51
2490,1,0,0.0,0.36,9,0.36,0,51
2491,1,0,0.0,0.36,9,0.36,0,51
2492,1,0,0.0,0.36,9,0.36,0,51
2493,2,1,22.213333,0.4,10,0.4,0,51
2494,2,1,-13.912674,0.48,12,0.48,0,51
2495,2,1,-8.498307,0.52,13,0.52,0,51
2496,2,1,6.5481567,0.6,15,0.6,0,51
2497,1,0,0.0,0.6,15,0.6,0,51
2498,1,0,0.0,0.6,15,0.6,0,51
2499,1,0,0.0,0.6,15,0.6,0,51
2500,1,0,0.0,0.6,15,0.6,0,51
2501,2,1,-14.286522,0.64,16,0.64,0,51
2502,0,-1,-13.7564335,0.6,15,0.6,0,51
2503,1,0,0.0,0.6,15,0.6,0,51
2504,2,1,-14.286527,0.64,16,0.64,0,51
2505,0,-1,-17.002935,0.6,15,0.6,1,51
2506,0,-1,-0.0,0.6,15,0.6,0,51
2507,0,-1,-16.519003,0.56,14,0.56,0,51
2508,1,0,0.0,0.56,14,0.56,0,51
2509,0,-1,-22.546951,0.52,13,0.52,0,51
2510,2,1,-9.922015,0.56,14,0.56,0,51
2511,2,1,-11.071479,0.68,17,0.68,0,51
2512,0,-1,17.7359,0.64,16,0.64,0,51
2513,1,0,0.0,0.64,16,0.64,0,51
2514,2,1,-54.759857,0.76,19,0.76,0,51
2515,2,1,-41.986004,0.8,20,0.8,0,51
2516,1,0,0.0,0.8,20,0.8,0,51
2517,1,0,0.0,0.8,20,0.8,0,51
2518,2,1,-135.8178,0.88,22,0.88,0,51
2519,1,0,0.0,0.88,22,0.88,0,51
2520,1,0,0.0,0.88,22,0.88,0,51
2521,2,1,-1000.0,0.0,0,0.0,0,51
2522,1,0,0.0,0.16,4,0.16,0,52
2523,0,-1,-0.0,0.16,4,0.16,0,52
2524,0,-1,-0.0,0.16,4,0.16,0,52
2525,0,-1,-0.0,0.16,4,0.16,0,52
2526,2,1,28.364332,0.2,5,0.2,0,52
2527,1,0,0.0,0.2,5,0.2,0,52
2528,1,0,0.0,0.2,5,0.2,0,52
2529,1,0,0.0,0.2,5,0.2,0,52
2530,2,1,23.955872,0.28,7,0.28,0,52
2531,2,1,13.033225,0.4,10,0.4,0,52
2532,1,0,0.0,0.4,10,0.4,1,52
2533,1,0,0.0,0.4,10,0.4,0,52
2534,2,1,17.362183,0.44,11,0.44,0,52
2535,0,-1,-17.362183,0.4,10,0.4,0,52
2536,1,0,0.0,0.4,10,0.4,0,52
2537,2,1,9.019411,0.52,13,0.52,0,52
2538,2,1,17.32496,0.56,14,0.56,0,52
2539,1,0,0.0,0.56,14,0.56,0,52
2540,0,-1,-0.0,0.56,14,0.56,0,52
2541,1,0,0.0,0.56,14,0.56,0,52
2542,1,0,0.0,0.56,14,0.56,0,52
2543,2,1,0.71123165,0.64,16,0.64,0,52
2544,0,-1,-25.089266,0.64,16,0.64,0,52
2545,1,0,0.0,0.64,16,0.64,0,52
2546,0,-1,-0.0,0.64,16,0.64,0,52
2547,0,-1,-12.448994,0.6,15,0.6,0,52
2548,2,1,-5.216194,0.68,17,0.68,0,52
2549,1,0,0.0,0.68,17,0.68,0,52
2550,0,-1,-9.511038,0.64,16,0.64,0,52
2551,1,0,0.0,0.64,16,0.64,0,52
2552,2,1,-15.814913,0.72,18,0.72,0,52
2553,1,0,0.0,0.72,18,0.72,0,52
2554,2,1,-43.77649,0.8,20,0.8,0,52
2555,2,1,-140.63768,0.88,22,0.88,0,52
2556,2,1,-181.36398,0.92,23,0.92,1,52
2557,1,0,0.0,0.92,23,0.92,0,52
2558,2,1,24.710943,1.0,25,1.0,0,52
2559,1,0,-1000.0,0.0,0,0.0,0,52
2560,1,0,0.0,0.16,4,0.16,0,53
2561,2,1,28.364332,0.2,5,0.2,0,53
2562,2,1,23.955872,0.28,7,0.28,0,53
2563,1,0,0.0,0.28,7,0.28,0,53
2564,0,-1,-0.0,0.28,7,0.28,0,53
2565,1,0,0.0,0.28,7,0.28,0,53
2566,2,1,26.436209,0.32,8,0.32,0,53
2567,2,1,11.446643,0.44,11,0.44,0,53
2568,0,-1,-21.976542,0.4,10,0.4,0,53
2569,1,0,0.0,0.4,10,0.4,0,53
2570,1,0,0.0,0.4,10,0.4,0,53
2571,2,1,23.131649,0.44,11,0.44,0,53
2572,2,1,10.671097,0.52,13,0.52,0,53
2573,1,0,0.0,0.52,13,0.52,0,53
2574,2,1,18.57534,0.56,14,0.56,0,53
2575,2,1,17.863403,0.6,15,0.6,0,53
2576,0,-1,-0.0,0.6,15,0.6,0,53
2577,0,-1,-16.710442,0.56,14,0.56,0,53
2578,0,-1,-0.0,0.56,14,0.56,0,53
2579,2,1,15.984867,0.6,15,0.6,0,53
2580,1,0,0.0,0.6,15,0.6,0,53
2581,1,0,0.0,0.6,15,0.6,0,53
2582,2,1,14.21083,0.64,16,0.64,1,53
2583,1,0,0.0,0.64,16,0.64,0,53
2584,0,-1,-0.0,0.64,16,0.64,0,53
2585,0,-1,-14.190836,0.6,15,0.6,0,53
2586,0,-1,-0.0,0.6,15,0.6,0,53
2587,1,0,0.0,0.6,15,0.6,0,53
2588,1,0,0.0,0.6,15,0.6,0,53
2589,0,-1,-0.0,0.6,15,0.6,0,53
2590,1,0,0.0,0.6,15,0.6,0,53
2591,1,0,0.0,0.6,15,0.6,0,53
2592,2,1,-97.58203,0.8,20,0.8,0,53
2593,2,1,-140.49847,0.88,22,0.88,1,53
2594,0,-1,-23.948833,0.88,22,0.88,0,53
2595,1,0,0.0,0.88,22,0.88,0,53
2596,1,0,0.0,0.88,22,0.88,0,53
2597,1,0,0.0,0.88,22,0.88,0,53
2598,1,0,0.0,0.88,22,0.88,0,53
2599,1,0,0.0,0.88,22,0.88,0,53
2600,2,1,-186.63872,0.92,23,0.92,0,53
2601,2,1,25.520002,1.0,25,1.0,0,53
2602,0,-1,-1000.0,0.0,0,0.0,0,53
2603,2,1,-4.1406527,0.2,5,0.2,0,54
2604,2,1,-4.278687,0.24,6,0.24,0,54
2605,1,0,0.0,0.24,6,0.24,0,54
2606,0,-1,4.278605,0.2,5,0.2,0,54
2607,2,1,-4.27924,0.24,6,0.24,0,54
2608,1,0,0.0,0.24,6,0.24,0,54
2609,1,0,0.0,0.24,6,0.24,0,54
2610,1,0,0.0,0.24,6,0.24,0,54
2611,2,1,27.98924,0.28,7,0.28,0,54
2612,2,1,27.639961,0.32,8,0.32,0,54
2613,0,-1,-0.0,0.32,8,0.32,0,54
2614,0,-1,-27.639961,0.28,7,0.28,0,54
2615,1,0,0.0,0.28,7,0.28,0,54
2616,2,1,16.793488,0.4,10,0.4,0,54
2617,2,1,24.763365,0.44,11,0.44,0,54
2618,0,-1,-24.768646,0.4,10,0.4,0,54
2619,0,-1,-0.30990842,0.4,10,0.4,0,54
2620,1,0,0.0,0.4,10,0.4,0,54
2621,0,-1,5.828954,0.36,9,0.36,0,54
2622,2,1,25.459835,0.4,10,0.4,0,54
2623,0,-1,-25.459835,0.36,9,0.36,0,54
2624,1,0,0.0,0.36,9,0.36,1,54
2625,2,1,11.682712,0.48,12,0.48,0,54
2626,2,1,10.526008,0.56,14,0.56,0,54
2627,1,0,0.0,0.56,14,0.56,1,54
2628,1,0,0.0,0.56,14,0.56,0,54
2629,0,-1,-12.788262,0.52,13,0.52,0,54
2630,2,1,13.104718,0.56,14,0.56,0,54
2631,1,0,0.0,0.56,14,0.56,0,54
2632,1,0,0.0,0.56,14,0.56,0,54
2633,1,0,0.0,0.56,14,0.56,0,54
2634,1,0,0.0,0.56,14,0.56,0,54
2635,1,0,0.0,0.56,14,0.56,0,54
2636,1,0,0.0,0.56,14,0.56,0,54
2637,2,1,17.809694,0.6,15,0.6,0,54
2638,2,1,13.424562,0.64,16,0.64,0,54
2639,1,0,0.0,0.64,16,0.64,0,54
2640,1,0,0.0,0.64,16,0.64,0,54
2641,0,-1,-0.0,0.64,16,0.64,0,54
2642,0,-1,-13.424562,0.6,15,0.6,0,54
2643,1,0,0.0,0.6,15,0.6,0,54
2644,2,1,13.423837,0.64,16,0.64,0,54
2645,2,1,-12.487403,0.72,18,0.72,0,54
2646,2,1,-105.67868,0.84,21,0.84,0,54
2647,0,-1,-0.004001256,0.84,21,0.84,0,54
2648,1,0,0.0,0.84,21,0.84,0,54
2649,1,0,0.0,0.84,21,0.84,0,54
2650,2,1,-77.797295,0.88,22,0.88,0,54
2651,2,1,-183.0846,0.92,23,0.92,1,54
2652,2,1,-598.0373,0.96,24,0.96,0,54
2653,1,0,0.0,0.96,24,0.96,0,54
2654,1,0,0.0,0.96,24,0.96,0,54
2655,1,0,0.0,0.96,24,0.96,1,54
2656,2,1,-1000.0,0.0,0,0.0,0,54
2657,2,1,28.346605,0.2,5,0.2,0,55
2658,2,1,-4.278687,0.24,6,0.24,0,55
2659,1,0,0.0,0.24,6,0.24,0,55
2660,0,-1,-28.208652,0.2,5,0.2,0,55
2661,1,0,0.0,0.2,5,0.2,0,55
2662,2,1,-4.278605,0.24,6,0.24,0,55
2663,1,0,0.0,0.24,6,0.24,0,55
2664,2,1,27.98924,0.28,7,0.28,0,55
2665,0,-1,-27.98924,0.24,6,0.24,0,55
2666,2,1,27.971514,0.28,7,0.28,0,55
2667,1,0,0.0,0.28,7,0.28,0,55
2668,0,-1,-0.0,0.28,7,0.28,0,55
2669,1,0,0.0,0.28,7,0.28,0,55
2670,1,0,0.0,0.28,7,0.28,0,55
2671,2,1,22.377203,0.36,9,0.36,0,55
2672,2,1,-5.8295894,0.4,10,0.4,0,55
2673,1,0,0.0,0.4,10,0.4,0,55
2674,1,0,0.0,0.4,10,0.4,0,55
2675,0,-1,-0.0,0.4,10,0.4,0,55
2676,2,1,-13.912674,0.48,12,0.48,0,55
2677,1,0,0.0,0.48,12,0.48,0,55
2678,2,1,-8.498307,0.52,13,0.52,0,55
2679,2,1,-21.708927,0.6,15,0.6,0,55
2680,2,1,-14.286526,0.64,16,0.64,0,55
2681,0,-1,-17.735945,0.68,17,0.68,0,55
2682,2,1,-22.67583,0.72,18,0.72,0,55
2683,1,0,0.0,0.72,18,0.72,0,55
2684,2,1,-2.054947,0.76,19,0.76,0,55
2685,1,0,0.0,0.76,19,0.76,1,55
2686,1,0,0.0,0.76,19,0.76,0,55
2687,2,1,-104.79019,0.84,21,0.84,0,55
2688,2,1,-300.5149,0.92,23,0.92,0,55
2689,1,0,0.0,0.92,23,0.92,0,55
2690,2,1,-593.97284,0.96,24,0.96,0,55
2691,0,-1,593.97284,0.92,23,0.92,0,55
2692,0,-1,-0.0,0.92,23,0.92,0,55
2693,1,0,0.0,0.92,23,0.92,0,55
2694,0,-1,208.61096,0.88,22,0.88,0,55
2695,1,0,0.0,0.88,22,0.88,0,55
2696,0,-1,-0.0,0.88,22,0.88,0,55
2697,2,1,-823.4018,0.96,24,0.96,0,55
2698,0,-1,625.2659,0.92,23,0.92,0,55
2699,1,0,0.0,0.92,23,0.92,0,55
2700,2,1,-1000.0,0.0,0,0.0,0,55
2701,2,1,28.346605,0.2,5,0.2,0,56
2702,2,1,28.22638,0.24,6,0.24,0,56
2703,2,1,26.773045,0.28,7,0.28,0,56
2704,0,-1,-0.0,0.28,7,0.28,0,56
2705,2,1,17.914507,0.36,9,0.36,0,56
2706,0,-1,-22.762478,0.32,8,0.32,0,56
2707,0,-1,-0.15642108,0.32,8,0.32,0,56
2708,0,-1,-0.0,0.32,8,0.32,1,56
2709,2,1,16.12428,0.36,9,0.36,0,56
2710,2,1,11.677651,0.48,12,0.48,0,56
2711,0,-1,-0.0,0.48,12,0.48,0,56
2712,2,1,19.834616,0.52,13,0.52,0,56
2713,2,1,18.050295,0.56,14,0.56,0,56
2714,0,-1,-18.410912,0.52,13,0.52,0,56
2715,2,1,8.01972,0.6,15,0.6,0,56
2716,1,0,0.0,0.6,15,0.6,0,56
2717,2,1,14.2418,0.64,16,0.64,0,56
2718,0,-1,-0.004104695,0.64,16,0.64,0,56
2719,2,1,8.973494,0.68,17,0.68,0,56
2720,2,1,-25.370188,0.76,19,0.76,0,56
2721,2,1,-16.20676,0.8,20,0.8,0,56
2722,1,0,0.0,0.8,20,0.8,0,56
2723,2,1,-35.073048,0.84,21,0.84,0,56
2724,2,1,-911.4166,0.96,24,0.96,0,56
2725,2,1,-1000.0,0.0,0,0.0,0,56
2726,1,0,0.0,0.16,4,0.16,0,57
2727,2,1,28.346605,0.2,5,0.2,0,57
2728,1,0,0.0,0.2,5,0.2,0,57
2729,2,1,28.22638,0.24,6,0.24,0,57
2730,2,1,26.767761,0.28,7,0.28,0,57
2731,0,-1,-26.767761,0.24,6,0.24,0,57
2732,0,-1,-28.208652,0.2,5,0.2,0,57
2733,2,1,23.955872,0.28,7,0.28,0,57
2734,1,0,0.0,0.28,7,0.28,0,57
2735,2,1,26.436209,0.32,8,0.32,0,57
2736,2,1,11.36038,0.44,11,0.44,0,57
2737,0,-1,-0.0,0.44,11,0.44,0,57
2738,1,0,0.0,0.44,11,0.44,0,57
2739,2,1,3.265344,0.56,14,0.56,0,57
2740,1,0,0.0,0.56,14,0.56,0,57
2741,2,1,0.5356077,0.64,16,0.64,0,57
2742,2,1,-17.7359,0.68,17,0.68,1,57
2743,0,-1,-24.956684,0.68,17,0.68,0,57
2744,1,0,0.0,0.68,17,0.68,0,57
2745,1,0,0.0,0.68,17,0.68,0,57
2746,1,0,0.0,0.68,17,0.68,0,57
2747,0,-1,-8.807928,0.64,16,0.64,0,57
2748,2,1,-17.735777,0.68,17,0.68,0,57
2749,1,0,0.0,0.68,17,0.68,0,57
2750,1,0,0.0,0.68,17,0.68,0,57
2751,2,1,-0.16597801,0.72,18,0.72,0,57
2752,0,-1,-19.939295,0.72,18,0.72,0,57
2753,2,1,-45.299053,0.8,20,0.8,0,57
2754,1,0,0.0,0.8,20,0.8,0,57
2755,2,1,-33.175644,0.84,21,0.84,0,57
2756,2,1,-288.31146,0.92,23,0.92,0,57
2757,1,0,0.0,0.92,23,0.92,0,57
2758,0,-1,-24.979027,0.92,23,0.92,0,57
2759,1,0,0.0,0.92,23,0.92,0,57
2760,2,1,-1000.0,0.0,0,0.0,0,57
2761,2,1,28.364332,0.2,5,0.2,0,58
2762,2,1,28.208652,0.24,6,0.24,0,58
2763,1,0,0.0,0.24,6,0.24,0,58
2764,2,1,26.767761,0.28,7,0.28,0,58
2765,2,1,-4.847297,0.32,8,0.32,0,58
2766,0,-1,4.847297,0.28,7,0.28,0,58
2767,2,1,13.119488,0.4,10,0.4,0,58
2768,0,-1,-0.0040504737,0.4,10,0.4,0,58
2769,1,0,0.0,0.4,10,0.4,0,58
2770,2,1,12.648595,0.48,12,0.48,0,58
2771,2,1,17.50569,0.52,13,0.52,0,58
2772,1,0,0.0,0.52,13,0.52,0,58
2773,0,-1,-0.0,0.52,13,0.52,0,58
2774,2,1,9.757961,0.6,15,0.6,0,58
2775,2,1,-25.706991,0.72,18,0.72,0,58
2776,2,1,-6.6230507,0.76,19,0.76,0,58
2777,2,1,-15.223097,0.8,20,0.8,0,58
2778,1,0,0.0,0.8,20,0.8,0,58
2779,0,-1,-0.0,0.8,20,0.8,0,58
2780,2,1,-62.804146,0.84,21,0.84,0,58
2781,1,0,0.0,0.84,21,0.84,0,58
2782,0,-1,62.804146,0.8,20,0.8,0,58
2783,2,1,-62.804146,0.84,21,0.84,0,58
2784,1,0,0.0,0.84,21,0.84,0,58
2785,1,0,0.0,0.84,21,0.84,0,58
2786,1,0,0.0,0.84,21,0.84,0,58
2787,1,0,0.0,0.84,21,0.84,0,58
2788,2,1,-104.45696,0.88,22,0.88,1,58
2789,0,-1,-0.0,0.88,22,0.88,0,58
2790,0,-1,-14.28522,0.88,22,0.88,0,58
2791,1,0,0.0,0.88,22,0.88,0,58
2792,2,1,-804.1067,0.96,24,0.96,0,58
2793,1,0,0.0,0.96,24,0.96,0,58
2794,2,1,27.320312,1.0,25,1.0,0,58
2795,0,-1,-1000.0,0.0,0,0.0,0,58
2796,2,1,-4.1406527,0.2,5,0.2,0,59
2797,2,1,28.208652,0.24,6,0.24,0,59
2798,2,1,-4.5163865,0.28,7,0.28,0,59
2799,2,1,16.547577,0.4,10,0.4,1,59
2800,2,1,24.681492,0.44,11,0.44,0,59
2801,1,0,0.0,0.44,11,0.44,0,59
2802,0,-1,-20.50118,0.4,10,0.4,0,59
2803,2,1,12.118342,0.48,12,0.48,0,59
2804,2,1,5.474379,0.56,14,0.56,0,59
2805,1,0,0.0,0.56,14,0.56,0,59
2806,1,0,0.0,0.56,14,0.56,0,59
2807,2,1,-11.786877,0.6,15,0.6,0,59
2808,1,0,0.0,0.6,15,0.6,1,59
2809,0,-1,-3.6586156,0.56,14,0.56,0,59
2810,1,0,0.0,0.56,14,0.56,0,59
2811,1,0,0.0,0.56,14,0.56,0,59
2812,1,0,0.0,0.56,14,0.56,0,59
2813,2,1,10.623965,0.6,15,0.6,0,59
2814,0,-1,-31.685438,0.6,15,0.6,0,59
2815,2,1,-2.9769237,0.68,17,0.68,0,59
2816,2,1,-1.8860233,0.72,18,0.72,0,59
2817,0,-1,-0.0,0.72,18,0.72,0,59
2818,1,0,0.0,0.72,18,0.72,0,59
2819,1,0,0.0,0.72,18,0.72,0,59
2820,0,-1,-22.945576,0.72,18,0.72,0,59
2821,0,-1,-0.0038069887,0.72,18,0.72,0,59
2822,1,0,0.0,0.72,18,0.72,0,59
2823,1,0,0.0,0.72,18,0.72,0,59
2824,2,1,-419.19284,0.92,23,0.92,0,59
2825,2,1,18.054829,1.0,25,1.0,0,59
2826,2,1,-1000.0,0.0,0,0.0,0,59
2827,0,-1,-0.0,0.16,4,0.16,0,60
2828,2,1,28.364332,0.2,5,0.2,0,60
2829,1,0,0.0,0.2,5,0.2,0,60
2830,0,-1,-0.0,0.2,5,0.2,1,60
2831,0,-1,-0.0,0.2,5,0.2,0,60
2832,2,1,23.855509,0.28,7,0.28,0,60
2833,2,1,18.054993,0.32,8,0.32,0,60
2834,2,1,15.480783,0.36,9,0.36,0,60
2835,2,1,9.379504,0.48,12,0.48,0,60
2836,1,0,0.0,0.48,12,0.48,0,60
2837,1,0,0.0,0.48,12,0.48,0,60
2838,1,0,0.0,0.48,12,0.48,0,60
2839,1,0,0.0,0.48,12,0.48,0,60
2840,1,0,0.0,0.48,12,0.48,0,60
2841,1,0,0.0,0.48,12,0.48,0,60
2842,1,0,0.0,0.48,12,0.48,0,60
2843,2,1,8.031218,0.56,14,0.56,0,60
2844,1,0,0.0,0.56,14,0.56,0,60
2845,1,0,0.0,0.56,14,0.56,0,60
2846,0,-1,-18.770813,0.52,13,0.52,0,60
2847,0,-1,-0.00030635018,0.52,13,0.52,0,60
2848,1,0,0.0,0.52,13,0.52,0,60
2849,2,1,18.770813,0.56,14,0.56,1,60
2850,2,1,2.4118428,0.64,16,0.64,0,60
2851,0,-1,-0.0039002348,0.64,16,0.64,0,60
2852,0,-1,-14.404383,0.6,15,0.6,0,60
2853,1,0,0.0,0.6,15,0.6,0,60
2854,2,1,-0.62724847,0.68,17,0.68,0,60
2855,1,0,0.0,0.68,17,0.68,0,60
2856,2,1,6.8614607,0.72,18,0.72,0,60
2857,1,0,0.0,0.72,18,0.72,0,60
2858,0,-1,-7.210127,0.68,17,0.68,0,60
2859,1,0,0.0,0.68,17,0.68,0,60
2860,0,-1,-8.409024,0.64,16,0.64,0,60
2861,0,-1,-5.0046964,0.6,15,0.6,0,60
2862,1,0,0.0,0.6,15,0.6,0,60
2863,0,-1,-16.698269,0.56,14,0.56,0,60
2864,2,1,3.0112379,0.64,16,0.64,0,60
2865,0,-1,-12.47759,0.6,15,0.6,0,60
2866,1,0,0.0,0.6,15,0.6,0,60
2867,1,0,0.0,0.6,15,0.6,0,60
2868,1,0,0.0,0.6,15,0.6,0,60
2869,2,1,15.59943,0.64,16,0.64,0,60
2870,2,1,6.7174993,0.68,17,0.68,0,60
2871,0,-1,-0.0,0.68,17,0.68,0,60
2872,0,-1,-3.0699425,0.64,16,0.64,1,60
2873,1,0,0.0,0.64,16,0.64,0,60
2874,1,0,0.0,0.64,16,0.64,0,60
2875,2,1,8.243111,0.68,17,0.68,1,60
2876,0,-1,-0.0,0.68,17,0.68,0,60
2877,0,-1,-10.462288,0.64,16,0.64,0,60
2878,1,0,0.0,0.64,16,0.64,0,60
2879,1,0,0.0,0.64,16,0.64,0,60
2880,2,1,5.2299037,0.68,17,0.68,0,60
2881,2,1,0.5706731,0.72,18,0.72,0,60
2882,0,-1,-53.770123,0.76,19,0.76,0,60
2883,1,0,0.0,0.76,19,0.76,0,60
2884,2,1,-12.471792,0.8,20,0.8,0,60
2885,0,-1,-17.736345,0.8,20,0.8,0,60
2886,2,1,-41.460125,0.84,21,0.84,0,60
2887,1,0,0.0,0.84,21,0.84,0,60
2888,1,0,0.0,0.84,21,0.84,0,60
2889,1,0,0.0,0.84,21,0.84,0,60
2890,0,-1,-0.0,0.84,21,0.84,0,60
2891,2,1,-909.6394,0.96,24,0.96,0,60
2892,1,0,0.0,0.96,24,0.96,0,60
2893,2,1,25.502983,1.0,25,1.0,0,60
2894,2,1,-1000.0,0.0,0,0.0,0,60
2895,0,-1,-0.0,0.16,4,0.16,0,61
2896,1,0,0.0,0.16,4,0.16,0,61
2897,1,0,0.0,0.16,4,0.16,0,61
2898,2,1,28.364332,0.2,5,0.2,0,61
2899,0,-1,-0.0,0.2,5,0.2,0,61
2900,1,0,0.0,0.2,5,0.2,0,61
2901,0,-1,-28.364332,0.16,4,0.16,0,61
2902,2,1,-4.1407347,0.2,5,0.2,0,61
2903,1,0,0.0,0.2,5,0.2,0,61
2904,2,1,-4.27924,0.24,6,0.24,0,61
2905,2,1,27.971514,0.28,7,0.28,1,61
2906,1,0,0.0,0.28,7,0.28,0,61
2907,2,1,18.033695,0.32,8,0.32,0,61
2908,1,0,0.0,0.32,8,0.32,0,61
2909,2,1,10.738318,0.36,9,0.36,0,61
2910,2,1,13.951112,0.4,10,0.4,0,61
2911,2,1,25.97995,0.44,11,0.44,0,61
2912,2,1,1.2584126,0.56,14,0.56,0,61
2913,1,0,0.0,0.56,14,0.56,0,61
2914,0,-1,-12.959648,0.52,13,0.52,0,61
2915,2,1,1.1840042,0.6,15,0.6,0,61
2916,2,1,-29.762413,0.72,18,0.72,0,61
2917,2,1,-18.608997,0.76,19,0.76,0,61
2918,1,0,0.0,0.76,19,0.76,0,61
2919,2,1,-10.70958,0.8,20,0.8,0,61
2920,0,-1,-7.7215145e-06,0.8,20,0.8,0,61
2921,1,0,0.0,0.8,20,0.8,0,61
2922,1,0,0.0,0.8,20,0.8,0,61
2923,2,1,28.354328,1.0,25,1.0,0,61
2924,0,-1,-1000.0,0.0,0,0.0,0,61
2925,0,-1,-0.0,0.16,4,0.16,0,62
2926,1,0,0.0,0.16,4,0.16,0,62
2927,2,1,28.364332,0.2,5,0.2,0,62
2928,2,1,-4.278605,0.24,6,0.24,0,62
2929,2,1,23.38718,0.32,8,0.32,1,62
2930,1,0,0.0,0.32,8,0.32,0,62
2931,0,-1,-21.587927,0.28,7,0.28,0,62
2932,2,1,26.382042,0.32,8,0.32,0,62
2933,0,-1,-0.0,0.32,8,0.32,0,62
2934,0,-1,-0.0,0.32,8,0.32,0,62
2935,2,1,12.345116,0.36,9,0.36,0,62
2936,0,-1,-12.345116,0.32,8,0.32,0,62
2937,2,1,11.373983,0.44,11,0.44,0,62
2938,2,1,13.826147,0.52,13,0.52,0,62
2939,2,1,-6.9271264,0.64,16,0.64,0,62
2940,1,0,0.0,0.64,16,0.64,0,62
2941,2,1,-13.084924,0.72,18,0.72,0,62
2942,2,1,-105.140366,0.84,21,0.84,0,62
2943,2,1,-77.174164,0.88,22,0.88,0,62
2944,0,-1,-0.0036460971,0.88,22,0.88,0,62
2945,2,1,-806.0011,0.96,24,0.96,0,62
2946,1,0,0.0,0.96,24,0.96,0,62
2947,1,0,0.0,0.96,24,0.96,0,62
2948,2,1,-1000.0,0.0,0,0.0,0,62
2949,0,-1,-0.0,0.16,4,0.16,0,63
2950,0,-1,-0.0,0.16,4,0.16,0,63
2951,2,1,-4.1406527,0.2,5,0.2,1,63
2952,2,1,18.648764,0.24,6,0.24,0,63
2953,2,1,27.93816,0.28,7,0.28,0,63
2954,0,-1,-25.179302,0.24,6,0.24,0,63
2955,2,1,23.221107,0.32,8,0.32,0,63
2956,2,1,18.71054,0.4,10,0.4,0,63
2957,2,1,20.675163,0.44,11,0.44,0,63
2958,0,-1,-0.003590735,0.44,11,0.44,0,63
2959,0,-1,-16.407227,0.4,10,0.4,0,63
2960,1,0,0.0,0.4,10,0.4,0,63
2961,2,1,24.595085,0.44,11,0.44,0,63
2962,1,0,0.0,0.44,11,0.44,0,63
2963,1,0,0.0,0.44,11,0.44,0,63
2964,1,0,0.0,0.44,11,0.44,0,63
2965,2,1,12.719325,0.52,13,0.52,0,63
2966,0,-1,-0.25366953,0.52,13,0.52,0,63
2967,2,1,16.041912,0.56,14,0.56,0,63
2968,0,-1,-0.0,0.56,14,0.56,0,63
2969,2,1,2.1819086,0.64,16,0.64,0,63
2970,0,-1,-0.0,0.64,16,0.64,1,63
2971,1,0,0.0,0.64,16,0.64,0,63
2972,0,-1,-12.944175,0.6,15,0.6,0,63
2973,1,0,0.0,0.6,15,0.6,0,63
2974,1,0,0.0,0.6,15,0.6,0,63
2975,0,-1,-11.740802,0.56,14,0.56,0,63
2976,0,-1,-19.531504,0.52,13,0.52,0,63
2977,1,0,0.0,0.52,13,0.52,0,63
2978,0,-1,-19.725079,0.48,12,0.48,0,63
2979,2,1,20.954794,0.52,13,0.52,0,63
2980,1,0,0.0,0.52,13,0.52,0,63
2981,2,1,-8.968106,0.64,16,0.64,0,63
2982,1,0,0.0,0.64,16,0.64,0,63
2983,2,1,-15.046072,0.72,18,0.72,0,63
2984,1,0,0.0,0.72,18,0.72,0,63
2985,2,1,-1.8745162,0.76,19,0.76,0,63
2986,2,1,-18.465252,0.8,20,0.8,0,63
2987,0,-1,-0.0087310355,0.8,20,0.8,0,63
2988,0,-1,10.676439,0.76,19,0.76,0,63
2989,0,-1,-0.0,0.76,19,0.76,0,63
2990,2,1,-20.491045,0.8,20,0.8,0,63
2991,2,1,-344.69257,0.92,23,0.92,0,63
2992,2,1,29.165392,1.0,25,1.0,0,63
2993,1,0,-1000.0,0.0,0,0.0,0,63
2994,1,0,0.0,0.16,4,0.16,0,64
2995,2,1,-4.1406527,0.2,5,0.2,1,64
2996,1,0,0.0,0.2,5,0.2,0,64
2997,2,1,28.1753,0.24,6,0.24,1,64
2998,0,-1,-28.670097,0.2,5,0.2,0,64
2999,2,1,28.04414,0.24,6,0.24,0,64
3000,1,0,0.0,0.24,6,0.24,1,64
3001,1,0,0.0,0.24,6,0.24,0,64
3002,2,1,17.067533,0.28,7,0.28,0,64
3003,1,0,0.0,0.28,7,0.28,0,64
3004,2,1,27.24152,0.32,8,0.32,0,64
3005,2,1,26.378891,0.36,9,0.36,0,64
3006,2,1,25.035477,0.4,10,0.4,0,64
3007,2,1,23.58647,0.44,11,0.44,0,64
3008,1,0,0.0,0.44,11,0.44,0,64
3009,1,0,0.0,0.44,11,0.44,0,64
3010,2,1,4.50454,0.56,14,0.56,0,64
3011,0,-1,-0.019165404,0.56,14,0.56,0,64
3012,2,1,17.51531,0.6,15,0.6,0,64
3013,1,0,0.0,0.6,15,0.6,0,64
3014,1,0,0.0,0.6,15,0.6,0,64
3015,1,0,0.0,0.6,15,0.6,0,64
3016,0,-1,-0.0,0.6,15,0.6,0,64
3017,2,1,14.451168,0.64,16,0.64,0,64
3018,2,1,2.2445652,0.68,17,0.68,0,64
3019,1,0,0.0,0.68,17,0.68,0,64
3020,1,0,0.0,0.68,17,0.68,0,64
3021,2,1,3.5833526,0.72,18,0.72,0,64
3022,1,0,0.0,0.72,18,0.72,0,64
3023,0,-1,-0.017051263,0.72,18,0.72,0,64
3024,1,0,0.0,0.72,18,0.72,0,64
3025,1,0,0.0,0.72,18,0.72,0,64
3026,2,1,-5.166133,0.76,19,0.76,0,64
3027,1,0,0.0,0.76,19,0.76,0,64
3028,2,1,-18.678505,0.8,20,0.8,0,64
3029,2,1,-138.38066,0.88,22,0.88,0,64
3030,2,1,27.95425,1.0,25,1.0,1,64
3031,2,1,-1000.0,0.0,0,0.0,0,64
3032,2,1,28.364332,0.2,5,0.2,0,65
3033,1,0,0.0,0.2,5,0.2,0,65
3034,2,1,28.208652,0.24,6,0.24,0,65
3035,2,1,-4.515826,0.28,7,0.28,0,65
3036,2,1,17.914507,0.36,9,0.36,0,65
3037,2,1,-5.829461,0.4,10,0.4,0,65
3038,1,0,0.0,0.4,10,0.4,0,65
3039,1,0,0.0,0.4,10,0.4,0,65
3040,2,1,20.088236,0.44,11,0.44,0,65
3041,1,0,0.0,0.44,11,0.44,0,65
3042,2,1,-15.890172,0.52,13,0.52,0,65
3043,1,0,0.0,0.52,13,0.52,0,65
3044,1,0,0.0,0.52,13,0.52,0,65
3045,2,1,21.367445,0.56,14,0.56,0,65
3046,1,0,0.0,0.56,14,0.56,0,65
3047,2,1,-11.78675,0.6,15,0.6,0,65
3048,1,0,0.0,0.6,15,0.6,0,65
3049,1,0,0.0,0.6,15,0.6,0,65
3050,1,0,0.0,0.6,15,0.6,0,65
3051,0,-1,-0.15642108,0.6,15,0.6,0,65
3052,1,0,0.0,0.6,15,0.6,0,65
3053,1,0,0.0,0.6,15,0.6,0,65
3054,1,0,0.0,0.6,15,0.6,0,65
3055,2,1,-32.02246,0.68,17,0.68,0,65
3056,2,1,-21.310917,0.76,19,0.76,1,65
3057,0,-1,-0.0,0.76,19,0.76,0,65
3058,1,0,0.0,0.76,19,0.76,0,65
3059,2,1,-75.711136,0.84,21,0.84,0,65
3060,2,1,-915.02185,0.96,24,0.96,0,65
3061,2,1,25.932505,1.0,25,1.0,0,65
3062,2,1,-1000.0,0.0,0,0.0,0,65
3063,1,0,0.0,0.16,4,0.16,0,66
3064,1,0,0.0,0.16,4,0.16,0,66
3065,0,-1,-0.0,0.16,4,0.16,0,66
3066,2,1,28.364332,0.2,5,0.2,0,66
3067,2,1,19.247265,0.28,7,0.28,0,66
3068,0,-1,-23.526543,0.24,6,0.24,0,66
3069,2,1,-4.5163865,0.28,7,0.28,1,66
3070,2,1,16.710663,0.4,10,0.4,0,66
3071,2,1,8.113125,0.44,11,0.44,0,66
3072,0,-1,-0.0,0.44,11,0.44,1,66
3073,2,1,9.817699,0.48,12,0.48,0,66
3074,2,1,4.976497,0.52,13,0.52,0,66
3075,2,1,10.462087,0.56,14,0.56,0,66
3076,2,1,-15.379023,0.68,17,0.68,0,66
3077,0,-1,-3.852631e-08,0.68,17,0.68,0,66
3078,1,0,0.0,0.68,17,0.68,0,66
3079,0,-1,-0.0,0.68,17,0.68,0,66
3080,1,0,0.0,0.68,17,0.68,0,66
3081,2,1,8.469651,0.72,18,0.72,1,66
3082,0,-1,2.0657823,0.68,17,0.68,0,66
3083,1,0,0.0,0.68,17,0.68,0,66
3084,1,0,0.0,0.68,17,0.68,0,66
3085,2,1,-25.710958,0.76,19,0.76,0,66
3086,2,1,-13.735605,0.8,20,0.8,0,66
3087,0,-1,-0.0005657341,0.8,20,0.8,0,66
3088,1,0,0.0,0.8,20,0.8,0,66
3089,1,0,0.0,0.8,20,0.8,0,66
3090,1,0,0.0,0.8,20,0.8,0,66
3091,1,0,0.0,0.8,20,0.8,1,66
3092,0,-1,-10.273073,0.8,20,0.8,0,66
3093,0,-1,30.760248,0.76,19,0.76,0,66
3094,2,1,-31.431793,0.8,20,0.8,0,66
3095,2,1,-38.198265,0.84,21,0.84,0,66
3096,1,0,0.0,0.84,21,0.84,0,66
3097,2,1,-286.3915,0.92,23,0.92,0,66
3098,1,0,0.0,0.92,23,0.92,0,66
3099,2,1,26.184341,1.0,25,1.0,0,66
3100,0,-1,-1000.0,0.0,0,0.0,0,66
3101,2,1,28.364332,0.2,5,0.2,0,67
3102,1,0,0.0,0.2,5,0.2,0,67
3103,2,1,-4.278605,0.24,6,0.24,0,67
3104,2,1,-4.5163865,0.28,7,0.28,0,67
3105,2,1,23.19499,0.32,8,0.32,0,67
3106,1,0,0.0,0.32,8,0.32,0,67
3107,2,1,-5.2804775,0.36,9,0.36,0,67
3108,0,-1,-0.0,0.36,9,0.36,0,67
3109,0,-1,-0.0,0.36,9,0.36,0,67
3110,2,1,6.866712,0.48,12,0.48,0,67
3111,0,-1,-0.0,0.48,12,0.48,0,67
3112,1,0,0.0,0.48,12,0.48,0,67
3113,2,1,-11.740859,0.64,16,0.64,0,67
3114,1,0,0.0,0.64,16,0.64,0,67
3115,0,-1,-12.322523,0.6,15,0.6,0,67
3116,0,-1,-0.0,0.6,15,0.6,0,67
3117,1,0,0.0,0.6,15,0.6,0,67
3118,0,-1,11.78691,0.56,14,0.56,0,67
3119,2,1,5.3893785,0.64,16,0.64,0,67
3120,0,-1,-0.13550168,0.64,16,0.64,0,67
3121,0,-1,14.2864895,0.6,15,0.6,0,67
3122,1,0,0.0,0.6,15,0.6,1,67
3123,1,0,0.0,0.6,15,0.6,0,67
3124,1,0,0.0,0.6,15,0.6,0,67
3125,2,1,-2.2140706,0.68,17,0.68,0,67
3126,2,1,-10.76379,0.72,18,0.72,0,67
3127,2,1,-10.041627,0.76,19,0.76,0,67
3128,2,1,-389.01996,0.92,23,0.92,0,67
3129,0,-1,182.99283,0.88,22,0.88,0,67
3130,1,0,0.0,0.88,22,0.88,0,67
3131,1,0,0.0,0.88,22,0.88,0,67
3132,2,1,-183.34363,0.92,23,0.92,0,67
3133,1,0,0.0,0.92,23,0.92,1,67
3134,2,1,-596.95,0.96,24,0.96,0,67
3135,0,-1,616.0874,0.92,23,0.92,0,67
3136,2,1,-1000.0,0.0,0,0.0,0,67
3137,2,1,28.346605,0.2,5,0.2,0,68
3138,0,-1,-0.0,0.2,5,0.2,0,68
3139,2,1,28.22638,0.24,6,0.24,0,68
3140,2,1,26.773045,0.28,7,0.28,0,68
3141,2,1,13.033225,0.4,10,0.4,0,68
3142,1,0,0.0,0.4,10,0.4,0,68
3143,1,0,0.0,0.4,10,0.4,0,68
3144,2,1,12.69634,0.48,12,0.48,0,68
3145,1,0,0.0,0.48,12,0.48,0,68
3146,1,0,0.0,0.48,12,0.48,0,68
3147,0,-1,-19.217155,0.44,11,0.44,1,68
3148,2,1,15.531043,0.52,13,0.52,0,68
3149,2,1,1.2968843,0.56,14,0.56,0,68
3150,0,-1,-18.615902,0.52,13,0.52,0,68
3151,2,1,19.706518,0.56,14,0.56,0,68
3152,2,1,16.520512,0.6,15,0.6,0,68
3153,0,-1,-8.083134e-11,0.6,15,0.6,0,68
3154,0,-1,-0.0,0.6,15,0.6,0,68
3155,2,1,13.464571,0.64,16,0.64,0,68
3156,1,0,0.0,0.64,16,0.64,0,68
3157,0,-1,-6.2243544e-11,0.64,16,0.64,0,68
3158,2,1,-41.73591,0.76,19,0.76,1,68
3159,1,0,0.0,0.76,19,0.76,0,68
3160,2,1,-76.01379,0.84,21,0.84,0,68
3161,2,1,-910.5534,0.96,24,0.96,0,68
3162,1,0,0.0,0.96,24,0.96,0,68
3163,2,1,23.634815,1.0,25,1.0,0,68
3164,0,-1,-1000.0,0.0,0,0.0,0,68
3165,2,1,28.364332,0.2,5,0.2,0,69
3166,2,1,28.208652,0.24,6,0.24,0,69
3167,2,1,-4.515744,0.28,7,0.28,0,69
3168,0,-1,-27.971514,0.24,6,0.24,0,69
3169,2,1,27.971514,0.28,7,0.28,0,69
3170,2,1,-4.847379,0.32,8,0.32,0,69
3171,0,-1,-27.639961,0.28,7,0.28,0,69
3172,2,1,22.623116,0.36,9,0.36,0,69
3173,2,1,25.454552,0.4,10,0.4,0,69
3174,2,1,-6.520784,0.44,11,0.44,0,69
3175,0,-1,-0.0,0.44,11,0.44,0,69
3176,1,0,0.0,0.44,11,0.44,0,69
3177,2,1,20.651064,0.48,12,0.48,0,69
3178,1,0,0.0,0.48,12,0.48,0,69
3179,2,1,17.642029,0.52,13,0.52,0,69
3180,2,1,-9.299347,0.64,16,0.64,0,69
3181,0,-1,-0.0,0.64,16,0.64,0,69
3182,0,-1,14.285936,0.6,15,0.6,0,69
3183,1,0,0.0,0.6,15,0.6,0,69
3184,2,1,-14.286522,0.64,16,0.64,0,69
3185,2,1,-70.50908,0.76,19,0.76,0,69
3186,1,0,0.0,0.76,19,0.76,0,69
3187,0,-1,-41.986046,0.8,20,0.8,0,69
3188,1,0,0.0,0.8,20,0.8,0,69
3189,2,1,-62.804016,0.84,21,0.84,0,69
3190,1,0,0.0,0.84,21,0.84,0,69
3191,2,1,-104.457,0.88,22,0.88,1,69
3192,1,0,0.0,0.88,22,0.88,0,69
3193,2,1,-180.09198,0.92,23,0.92,0,69
3194,2,1,23.727524,1.0,25,1.0,0,69
3195,0,-1,-1000.0,0.0,0,0.0,0,69
3196,2,1,28.346605,0.2,5,0.2,0,70
3197,2,1,-4.278605,0.24,6,0.24,0,70
3198,1,0,0.0,0.24,6,0.24,1,70
3199,2,1,27.971563,0.28,7,0.28,0,70
3200,1,0,0.0,0.28,7,0.28,0,70
3201,0,-1,-27.971563,0.24,6,0.24,0,70
3202,2,1,19.00322,0.32,8,0.32,0,70
3203,2,1,27.207499,0.36,9,0.36,0,70
3204,2,1,13.210749,0.4,10,0.4,0,70
3205,2,1,21.132511,0.44,11,0.44,0,70
3206,0,-1,-0.0,0.44,11,0.44,0,70
3207,0,-1,-0.0,0.44,11,0.44,0,70
3208,0,-1,-0.0,0.44,11,0.44,0,70
3209,2,1,17.023155,0.48,12,0.48,0,70
3210,2,1,1.3761915,0.56,14,0.56,0,70
3211,1,0,0.0,0.56,14,0.56,0,70
3212,1,0,0.0,0.56,14,0.56,0,70
3213,0,-1,-8.2509405e-07,0.56,14,0.56,0,70
3214,2,1,19.448513,0.6,15,0.6,0,70
3215,2,1,-14.389869,0.68,17,0.68,0,70
3216,1,0,0.0,0.68,17,0.68,0,70
3217,1,0,0.0,0.68,17,0.68,0,70
3218,2,1,-23.38376,0.76,19,0.76,0,70
3219,0,-1,-0.0,0.76,19,0.76,0,70
3220,2,1,-15.715197,0.8,20,0.8,0,70
3221,1,0,0.0,0.8,20,0.8,0,70
3222,2,1,-46.57402,0.84,21,0.84,0,70
3223,0,-1,-0.0,0.84,21,0.84,0,70
3224,0,-1,38.389133,0.8,20,0.8,0,70
3225,0,-1,-0.0,0.8,20,0.8,0,70
3226,2,1,-36.241783,0.84,21,0.84,0,70
3227,2,1,-86.0736,0.88,22,0.88,0,70
3228,2,1,24.41512,1.0,25,1.0,1,70
3229,2,1,-1000.0,0.0,0,0.0,0,70
3230,0,-1,-0.0,0.16,4,0.16,0,71
3231,2,1,28.364332,0.2,5,0.2,0,71
3232,0,-1,-28.364332,0.16,4,0.16,0,71
3233,0,-1,-0.0,0.16,4,0.16,0,71
3234,0,-1,-0.0,0.16,4,0.16,0,71
3235,1,0,0.0,0.16,4,0.16,0,71
3236,0,-1,-0.0,0.16,4,0.16,0,71
3237,2,1,28.364332,0.2,5,0.2,0,71
3238,1,0,0.0,0.2,5,0.2,0,71
3239,1,0,0.0,0.2,5,0.2,0,71
3240,2,1,23.955872,0.28,7,0.28,0,71
3241,0,-1,-0.15642108,0.28,7,0.28,0,71
3242,2,1,26.436209,0.32,8,0.32,0,71
3243,0,-1,-0.0,0.32,8,0.32,0,71
3244,2,1,16.93285,0.4,10,0.4,0,71
3245,1,0,0.0,0.4,10,0.4,1,71
3246,2,1,14.4202385,0.48,12,0.48,0,71
3247,0,-1,-26.36746,0.48,12,0.48,0,71
3248,1,0,0.0,0.48,12,0.48,0,71
3249,1,0,0.0,0.48,12,0.48,0,71
3250,2,1,20.030016,0.52,13,0.52,0,71
3251,2,1,5.092382,0.6,15,0.6,0,71
3252,2,1,-7.2729254,0.68,17,0.68,0,71
3253,0,-1,-0.0001153265,0.68,17,0.68,0,71
3254,1,0,0.0,0.68,17,0.68,0,71
3255,1,0,0.0,0.68,17,0.68,0,71
3256,0,-1,-0.0,0.68,17,0.68,0,71
3257,2,1,-65.03922,0.8,20,0.8,0,71
3258,1,0,0.0,0.8,20,0.8,0,71
3259,2,1,-46.55462,0.84,21,0.84,0,71
3260,0,-1,34.471256,0.8,20,0.8,0,71
3261,0,-1,-0.0,0.8,20,0.8,0,71
3262,2,1,-35.551495,0.84,21,0.84,0,71
3263,2,1,-79.56225,0.88,22,0.88,0,71
3264,2,1,-807.31305,0.96,24,0.96,0,71
3265,1,0,0.0,0.96,24,0.96,0,71
3266,2,1,-1000.0,0.0,0,0.0,0,71
3267,2,1,28.346605,0.2,5,0.2,0,72
3268,2,1,28.22638,0.24,6,0.24,0,72
3269,1,0,0.0,0.24,6,0.24,0,72
3270,2,1,-4.515826,0.28,7,0.28,0,72
3271,1,0,0.0,0.28,7,0.28,0,72
3272,2,1,17.914507,0.36,9,0.36,0,72
3273,0,-1,-0.0,0.36,9,0.36,0,72
3274,2,1,-5.829461,0.4,10,0.4,0,72
3275,1,0,0.0,0.4,10,0.4,0,72
3276,2,1,24.763365,0.44,11,0.44,0,72
3277,2,1,19.217155,0.48,12,0.48,0,72
3278,0,-1,-23.892282,0.44,11,0.44,0,72
3279,1,0,0.0,0.44,11,0.44,0,72
3280,2,1,23.897566,0.48,12,0.48,0,72
3281,0,-1,-23.897566,0.44,11,0.44,0,72
3282,1,0,0.0,0.44,11,0.44,0,72
3283,2,1,15.405041,0.52,13,0.52,0,72
3284,1,0,0.0,0.52,13,0.52,0,72
3285,2,1,21.362164,0.56,14,0.56,0,72
3286,2,1,-26.073406,0.64,16,0.64,0,72
3287,2,1,10.765354,0.68,17,0.68,0,72
3288,1,0,0.0,0.68,17,0.68,0,72
3289,2,1,-22.675665,0.72,18,0.72,0,72
3290,0,-1,22.675825,0.68,17,0.68,0,72
3291,1,0,0.0,0.68,17,0.68,0,72
3292,2,1,-23.067078,0.76,19,0.76,0,72
3293,1,0,0.0,0.76,19,0.76,1,72
3294,0,-1,-0.0,0.76,19,0.76,0,72
3295,1,0,0.0,0.76,19,0.76,0,72
3296,1,0,0.0,0.76,19,0.76,0,72
3297,1,0,0.0,0.76,19,0.76,0,72
3298,1,0,0.0,0.76,19,0.76,0,72
3299,2,1,-33.539494,0.8,20,0.8,0,72
3300,0,-1,15.819785,0.76,19,0.76,0,72
3301,1,0,0.0,0.76,19,0.76,0,72
3302,0,-1,-65.642876,0.8,20,0.8,1,72
3303,1,0,0.0,0.8,20,0.8,0,72
3304,0,-1,-0.0,0.8,20,0.8,0,72
3305,0,-1,15.189715,0.76,19,0.76,0,72
3306,1,0,0.0,0.76,19,0.76,0,72
3307,2,1,-15.794698,0.8,20,0.8,0,72
3308,1,0,0.0,0.8,20,0.8,0,72
3309,0,-1,15.442141,0.76,19,0.76,0,72
3310,0,-1,29.964096,0.72,18,0.72,0,72
3311,1,0,0.0,0.72,18,0.72,0,72
3312,1,0,0.0,0.72,18,0.72,0,72
3313,1,0,0.0,0.72,18,0.72,0,72
3314,1,0,0.0,0.72,18,0.72,0,72
3315,2,1,-43.005745,0.8,20,0.8,0,72
3316,2,1,-36.815853,0.84,21,0.84,0,72
3317,2,1,-294.47705,0.92,23,0.92,0,72
3318,2,1,-595.6374,0.96,24,0.96,0,72
3319,0,-1,-0.0,0.96,24,0.96,0,72
3320,1,0,0.0,0.96,24,0.96,0,72
3321,2,1,27.307886,1.0,25,1.0,1,72
3322,1,0,-1000.0,0.0,0,0.0,0,72
3323,1,0,0.0,0.16,4,0.16,0,73
3324,2,1,28.364332,0.2,5,0.2,0,73
3325,2,1,28.208652,0.24,6,0.24,0,73
3326,2,1,-4.515826,0.28,7,0.28,0,73
3327,2,1,-4.8479323,0.32,8,0.32,0,73
3328,2,1,-17.630081,0.44,11,0.44,0,73
3329,1,0,0.0,0.44,11,0.44,0,73
3330,0,-1,-0.0,0.44,11,0.44,0,73
3331,0,-1,-0.0,0.44,11,0.44,0,73
3332,0,-1,-25.984842,0.4,10,0.4,0,73
3333,1,0,0.0,0.4,10,0.4,0,73
3334,1,0,0.0,0.4,10,0.4,0,73
3335,2,1,25.984842,0.44,11,0.44,0,73
3336,1,0,0.0,0.44,11,0.44,0,73
3337,1,0,0.0,0.44,11,0.44,0,73
3338,0,-1,6.5208097,0.4,10,0.4,0,73
3339,2,1,-6.5206485,0.44,11,0.44,0,73
3340,2,1,12.366879,0.52,13,0.52,0,73
3341,2,1,-9.92201,0.56,14,0.56,0,73
3342,2,1,5.215814,0.64,16,0.64,0,73
3343,2,1,-8.944877,0.72,18,0.72,0,73
3344,0,-1,-0.0,0.72,18,0.72,0,73
3345,1,0,0.0,0.72,18,0.72,0,73
3346,1,0,0.0,0.72,18,0.72,0,73
3347,2,1,-72.08388,0.8,20,0.8,0,73
3348,1,0,0.0,0.8,20,0.8,0,73
3349,0,-1,-0.0,0.8,20,0.8,0,73
3350,2,1,-140.6086,0.88,22,0.88,1,73
3351,1,0,0.0,0.88,22,0.88,0,73
3352,1,0,0.0,0.88,22,0.88,0,73
3353,0,-1,-23.571123,0.88,22,0.88,0,73
3354,0,-1,-0.0,0.88,22,0.88,0,73
3355,1,0,0.0,0.88,22,0.88,0,73
3356,2,1,-178.98473,0.92,23,0.92,0,73
3357,0,-1,-0.0,0.92,23,0.92,0,73
3358,1,0,0.0,0.92,23,0.92,0,73
3359,0,-1,-2.4700452e-07,0.92,23,0.92,0,73
3360,1,0,0.0,0.92,23,0.92,0,73
3361,2,1,-625.2659,0.96,24,0.96,0,73
3362,1,0,0.0,0.96,24,0.96,0,73
3363,0,-1,605.9617,0.92,23,0.92,0,73
3364,1,0,0.0,0.92,23,0.92,0,73
3365,1,0,0.0,0.92,23,0.92,0,73
3366,0,-1,208.61096,0.88,22,0.88,0,73
3367,1,0,0.0,0.88,22,0.88,1,73
3368,0,-1,87.14834,0.84,21,0.84,0,73
3369,1,0,0.0,0.84,21,0.84,0,73
3370,2,1,-289.35007,0.92,23,0.92,0,73
3371,1,0,0.0,0.92,23,0.92,0,73
3372,1,0,0.0,0.92,23,0.92,0,73
3373,2,1,-1000.0,0.0,0,0.0,0,73
3374,0,-1,-0.0,0.16,4,0.16,0,74
3375,2,1,28.364332,0.2,5,0.2,0,74
3376,1,0,0.0,0.2,5,0.2,0,74
3377,0,-1,-0.0,0.2,5,0.2,0,74
3378,2,1,23.955872,0.28,7,0.28,0,74
3379,2,1,13.033225,0.4,10,0.4,0,74
3380,0,-1,-0.0,0.4,10,0.4,0,74
3381,0,-1,-0.0,0.4,10,0.4,0,74
3382,1,0,0.0,0.4,10,0.4,0,74
3383,1,0,0.0,0.4,10,0.4,0,74
3384,1,0,0.0,0.4,10,0.4,0,74
3385,2,1,9.060868,0.52,13,0.52,0,74
3386,0,-1,-0.0,0.52,13,0.52,0,74
3387,0,-1,-0.0038925202,0.52,13,0.52,0,74
3388,1,0,0.0,0.52,13,0.52,0,74
3389,2,1,8.083592,0.6,15,0.6,0,74
3390,1,0,0.0,0.6,15,0.6,0,74
3391,1,0,0.0,0.6,15,0.6,1,74
3392,0,-1,-0.0,0.6,15,0.6,0,74
3393,0,-1,-23.75646,0.6,15,0.6,0,74
3394,2,1,13.474459,0.64,16,0.64,0,74
3395,0,-1,-8.207118e-06,0.64,16,0.64,0,74
3396,0,-1,-0.0,0.64,16,0.64,0,74
3397,0,-1,-8.232215e-06,0.64,16,0.64,0,74
3398,1,0,0.0,0.64,16,0.64,0,74
3399,1,0,0.0,0.64,16,0.64,0,74
3400,2,1,8.040568,0.68,17,0.68,0,74
3401,0,-1,-0.0074251173,0.68,17,0.68,0,74
3402,2,1,-26.161493,0.76,19,0.76,0,74
3403,0,-1,-6.9599455e-06,0.76,19,0.76,0,74
3404,2,1,-1013.8605,0.96,24,0.96,0,74
3405,1,0,0.0,0.96,24,0.96,0,74
3406,1,0,0.0,0.96,24,0.96,0,74
3407,2,1,23.55062,1.0,25,1.0,0,74
3408,1,0,-1000.0,0.0,0,0.0,0,74
3409,2,1,28.346605,0.2,5,0.2,0,75
3410,2,1,28.22638,0.24,6,0.24,0,75
3411,2,1,-4.515744,0.28,7,0.28,0,75
3412,2,1,26.441492,0.32,8,0.32,0,75
3413,1,0,0.0,0.32,8,0.32,0,75
3414,1,0,0.0,0.32,8,0.32,0,75
3415,0,-1,4.847297,0.28,7,0.28,0,75
3416,2,1,13.033225,0.4,10,0.4,0,75
3417,1,0,0.0,0.4,10,0.4,0,75
3418,1,0,0.0,0.4,10,0.4,0,75
3419,0,-1,-0.0038925202,0.4,10,0.4,0,75
3420,2,1,-6.520784,0.44,11,0.44,0,75
3421,1,0,0.0,0.44,11,0.44,0,75
3422,1,0,0.0,0.44,11,0.44,0,75
3423,2,1,5.6505966,0.56,14,0.56,0,75
3424,1,0,0.0,0.56,14,0.56,0,75
3425,1,0,0.0,0.56,14,0.56,0,75
3426,1,0,0.0,0.56,14,0.56,0,75
3427,0,-1,-0.0,0.56,14,0.56,0,75
3428,2,1,14.353426,0.6,15,0.6,0,75
3429,2,1,12.478033,0.64,16,0.64,0,75
3430,0,-1,14.286496,0.6,15,0.6,0,75
3431,2,1,-4.609197,0.68,17,0.68,0,75
3432,2,1,-22.6758,0.72,18,0.72,0,75
3433,0,-1,22.6758,0.68,17,0.68,0,75
3434,2,1,6.9744883,0.72,18,0.72,0,75
3435,1,0,0.0,0.72,18,0.72,1,75
3436,0,-1,11.908821,0.68,17,0.68,0,75
3437,2,1,-24.967697,0.76,19,0.76,0,75
3438,1,0,0.0,0.76,19,0.76,0,75
3439,0,-1,-0.0,0.76,19,0.76,0,75
3440,0,-1,5.2497206,0.72,18,0.72,0,75
3441,0,-1,-0.0,0.72,18,0.72,0,75
3442,1,0,0.0,0.72,18,0.72,0,75
3443,2,1,-4.550944,0.76,19,0.76,0,75
3444,0,-1,-0.0,0.76,19,0.76,0,75
3445,2,1,-388.6195,0.92,23,0.92,0,75
3446,1,0,0.0,0.92,23,0.92,0,75
3447,0,-1,-1.588063e-11,0.92,23,0.92,0,75
3448,2,1,26.59533,1.0,25,1.0,0,75
3449,1,0,-1000.0,0.0,0,0.0,0,75
3450,2,1,28.364332,0.2,5,0.2,0,76
3451,2,1,23.955872,0.28,7,0.28,0,76
3452,0,-1,-0.0,0.28,7,0.28,0,76
3453,2,1,18.128635,0.36,9,0.36,0,76
3454,1,0,0.0,0.36,9,0.36,0,76
3455,1,0,0.0,0.36,9,0.36,0,76
3456,1,0,0.0,0.36,9,0.36,0,76
3457,2,1,9.248968,0.48,12,0.48,0,76
3458,1,0,0.0,0.48,12,0.48,0,76
3459,2,1,-8.498275,0.52,13,0.52,0,76
3460,0,-1,8.498275,0.48,12,0.48,0,76
3461,1,0,0.0,0.48,12,0.48,1,76
3462,2,1,1.2231966,0.6,15,0.6,0,76
3463,1,0,0.0,0.6,15,0.6,0,76
3464,1,0,0.0,0.6,15,0.6,0,76
3465,2,1,-5.2377925,0.68,17,0.68,0,76
3466,0,-1,-10.58578,0.64,16,0.64,0,76
3467,1,0,0.0,0.64,16,0.64,0,76
3468,2,1,-43.814503,0.76,19,0.76,0,76
3469,2,1,-14.73903,0.8,20,0.8,0,76
3470,1,0,0.0,0.8,20,0.8,0,76
3471,1,0,0.0,0.8,20,0.8,0,76
3472,1,0,0.0,0.8,20,0.8,0,76
3473,2,1,-137.53188,0.88,22,0.88,0,76
3474,2,1,-184.10332,0.92,23,0.92,0,76
3475,1,0,0.0,0.92,23,0.92,0,76
3476,0,-1,-0.0015728093,0.92,23,0.92,0,76
3477,0,-1,-0.0013660414,0.92,23,0.92,0,76
3478,1,0,0.0,0.92,23,0.92,0,76
3479,2,1,27.804155,1.0,25,1.0,0,76
3480,2,1,-1000.0,0.0,0,0.0,0,76
3481,2,1,28.346605,0.2,5,0.2,0,77
3482,2,1,-4.278687,0.24,6,0.24,0,77
3483,2,1,27.98924,0.28,7,0.28,0,77
3484,1,0,0.0,0.28,7,0.28,0,77
3485,0,-1,4.515826,0.24,6,0.24,0,77
3486,2,1,26.773045,0.28,7,0.28,0,77
3487,2,1,26.436209,0.32,8,0.32,0,77
3488,1,0,0.0,0.32,8,0.32,0,77
3489,1,0,0.0,0.32,8,0.32,0,77
3490,1,0,0.0,0.32,8,0.32,0,77
3491,1,0,0.0,0.32,8,0.32,0,77
3492,1,0,0.0,0.32,8,0.32,0,77
3493,0,-1,-0.0,0.32,8,0.32,0,77
3494,0,-1,-26.436209,0.28,7,0.28,0,77
3495,1,0,0.0,0.28,7,0.28,0,77
3496,2,1,21.334368,0.36,9,0.36,0,77
3497,0,-1,-0.18968947,0.36,9,0.36,0,77
3498,2,1,23.820692,0.4,10,0.4,0,77
3499,1,0,0.0,0.4,10,0.4,0,77
3500,1,0,0.0,0.4,10,0.4,0,77
3501,2,1,-3.0944927,0.56,14,0.56,0,77
3502,2,1,-11.78675,0.6,15,0.6,0,77
3503,1,0,0.0,0.6,15,0.6,0,77
3504,0,-1,-0.0,0.6,15,0.6,0,77
3505,1,0,0.0,0.6,15,0.6,0,77
3506,1,0,0.0,0.6,15,0.6,0,77
3507,1,0,0.0,0.6,15,0.6,0,77
3508,2,1,-14.285854,0.64,16,0.64,1,77
3509,0,-1,-9.526708,0.6,15,0.6,0,77
3510,2,1,-55.623604,0.76,19,0.76,0,77
3511,0,-1,-23.667292,0.76,19,0.76,0,77
3512,0,-1,-15.478152,0.76,19,0.76,0,77
3513,1,0,0.0,0.76,19,0.76,0,77
3514,1,0,0.0,0.76,19,0.76,0,77
3515,0,-1,22.51501,0.72,18,0.72,0,77
3516,0,-1,-4.644481,0.68,17,0.68,0,77
3517,2,1,-25.817312,0.76,19,0.76,0,77
3518,1,0,0.0,0.76,19,0.76,0,77
3519,1,0,0.0,0.76,19,0.76,0,77
3520,0,-1,-0.02184995,0.76,19,0.76,0,77
3521,1,0,0.0,0.76,19,0.76,0,77
3522,1,0,0.0,0.76,19,0.76,0,77
3523,0,-1,-7.3874303e-06,0.76,19,0.76,0,77
3524,0,-1,-0.0035878257,0.76,19,0.76,0,77
3525,2,1,-21.515198,0.8,20,0.8,0,77
3526,0,-1,13.508646,0.76,19,0.76,0,77
3527,1,0,0.0,0.76,19,0.76,0,77
3528,0,-1,-0.018234879,0.76,19,0.76,0,77
3529,2,1,-181.5002,0.88,22,0.88,0,77
3530,2,1,-810.52606,0.96,24,0.96,0,77
3531,1,0,0.0,0.96,24,0.96,0,77
3532,1,0,0.0,0.96,24,0.96,1,77
3533,2,1,-1000.0,0.0,0,0.0,0,77
3534,2,1,28.364332,0.2,5,0.2,0,78
3535,1,0,0.0,0.2,5,0.2,0,78
3536,0,-1,-0.0,0.2,5,0.2,1,78
3537,1,0,0.0,0.2,5,0.2,0,78
3538,0,-1,-28.421598,0.16,4,0.16,1,78
3539,1,0,0.0,0.16,4,0.16,0,78
3540,2,1,25.829277,0.2,5,0.2,0,78
3541,2,1,27.873142,0.24,6,0.24,0,78
3542,1,0,0.0,0.24,6,0.24,0,78
3543,1,0,0.0,0.24,6,0.24,0,78
3544,2,1,23.223915,0.32,8,0.32,0,78
3545,1,0,0.0,0.32,8,0.32,0,78
3546,0,-1,-26.082766,0.28,7,0.28,0,78
3547,2,1,25.389275,0.32,8,0.32,0,78
3548,2,1,19.859016,0.4,10,0.4,0,78
3549,2,1,8.161702,0.52,13,0.52,0,78
3550,2,1,-6.7208014,0.64,16,0.64,0,78
3551,1,0,0.0,0.64,16,0.64,0,78
3552,2,1,-41.10832,0.76,19,0.76,1,78
3553,0,-1,-0.032730132,0.76,19,0.76,0,78
3554,0,-1,-26.674955,0.76,19,0.76,0,78
3555,2,1,-76.36632,0.84,21,0.84,0,78
3556,0,-1,-0.0,0.84,21,0.84,0,78
3557,2,1,-911.86475,0.96,24,0.96,0,78
3558,0,-1,598.6294,0.92,23,0.92,0,78
3559,2,1,21.434702,1.0,25,1.0,0,78
3560,1,0,-1000.0,0.0,0,0.0,0,78
3561,2,1,-4.1406527,0.2,5,0.2,0,79
3562,2,1,-4.278687,0.24,6,0.24,0,79
3563,2,1,27.971514,0.28,7,0.28,0,79
3564,1,0,0.0,0.28,7,0.28,0,79
3565,1,0,0.0,0.28,7,0.28,0,79
3566,1,0,0.0,0.28,7,0.28,0,79
3567,1,0,0.0,0.28,7,0.28,0,79
3568,1,0,0.0,0.28,7,0.28,0,79
3569,0,-1,4.515744,0.24,6,0.24,0,79
3570,2,1,-4.516252,0.28,7,0.28,0,79
3571,2,1,27.657686,0.32,8,0.32,0,79
3572,2,1,16.93285,0.4,10,0.4,0,79
3573,2,1,21.736273,0.44,11,0.44,0,79
3574,1,0,0.0,0.44,11,0.44,0,79
3575,2,1,15.405041,0.52,13,0.52,0,79
3576,0,-1,-0.0,0.52,13,0.52,0,79
3577,1,0,0.0,0.52,13,0.52,0,79
3578,0,-1,-0.0,0.52,13,0.52,1,79
3579,0,-1,-0.0,0.52,13,0.52,0,79
3580,0,-1,-0.0,0.52,13,0.52,0,79
3581,2,1,5.070109,0.56,14,0.56,0,79
3582,1,0,0.0,0.56,14,0.56,0,79
3583,1,0,0.0,0.56,14,0.56,0,79
3584,2,1,14.818036,0.6,15,0.6,0,79
3585,1,0,0.0,0.6,15,0.6,0,79
3586,1,0,0.0,0.6,15,0.6,0,79
3587,1,0,0.0,0.6,15,0.6,0,79
3588,0,-1,-10.9894,0.6,15,0.6,0,79
3589,1,0,0.0,0.6,15,0.6,0,79
3590,2,1,5.2328906,0.64,16,0.64,0,79
3591,0,-1,-0.0,0.64,16,0.64,0,79
3592,0,-1,-5.2328906,0.6,15,0.6,0,79
3593,2,1,-6.5315156,0.64,16,0.64,0,79
3594,0,-1,6.5315156,0.6,15,0.6,0,79
3595,2,1,-28.003025,0.72,18,0.72,0,79
3596,1,0,0.0,0.72,18,0.72,0,79
3597,1,0,0.0,0.72,18,0.72,0,79
3598,0,-1,-2.1466021e-05,0.72,18,0.72,0,79
3599,1,0,0.0,0.72,18,0.72,0,79
3600,1,0,0.0,0.72,18,0.72,0,79
3601,1,0,0.0,0.72,18,0.72,0,79
3602,1,0,0.0,0.72,18,0.72,0,79
3603,1,0,0.0,0.72,18,0.72,1,79
3604,2,1,-40.835503,0.8,20,0.8,0,79
3605,0,-1,17.826523,0.76,19,0.76,0,79
3606,1,0,0.0,0.76,19,0.76,0,79
3607,1,0,0.0,0.76,19,0.76,1,79
3608,0,-1,-26.346445,0.76,19,0.76,0,79
3609,2,1,-81.27318,0.84,21,0.84,0,79
3610,0,-1,-1.7828326e-06,0.84,21,0.84,0,79
3611,0,-1,36.338337,0.8,20,0.8,0,79
3612,1,0,0.0,0.8,20,0.8,0,79
3613,0,-1,15.740283,0.76,19,0.76,0,79
3614,1,0,0.0,0.76,19,0.76,0,79
3615,1,0,0.0,0.76,19,0.76,0,79
3616,2,1,-15.778452,0.8,20,0.8,0,79
3617,2,1,-33.208782,0.84,21,0.84,0,79
3618,0,-1,36.596626,0.8,20,0.8,0,79
3619,2,1,-50.751625,0.84,21,0.84,0,79
3620,0,-1,39.375263,0.8,20,0.8,0,79
3621,2,1,-137.36594,0.88,22,0.88,0,79
3622,0,-1,92.40444,0.84,21,0.84,0,79
3623,2,1,-90.487854,0.88,22,0.88,0,79
3624,1,0,0.0,0.88,22,0.88,0,79
3625,1,0,0.0,0.88,22,0.88,0,79
3626,1,0,0.0,0.88,22,0.88,0,79
3627,1,0,0.0,0.88,22,0.88,0,79
3628,1,0,0.0,0.88,22,0.88,0,79
3629,0,-1,78.63094,0.84,21,0.84,0,79
3630,1,0,0.0,0.84,21,0.84,0,79
3631,2,1,-76.06189,0.88,22,0.88,0,79
3632,2,1,-806.44403,0.96,24,0.96,1,79
3633,1,0,0.0,0.96,24,0.96,0,79
3634,1,0,0.0,0.96,24,0.96,0,79
3635,1,0,0.0,0.96,24,0.96,0,79
3636,0,-1,597.2814,0.92,23,0.92,0,79
3637,0,-1,181.88403,0.88,22,0.88,0,79
3638,0,-1,82.28028,0.84,21,0.84,0,79
3639,1,0,0.0,0.84,21,0.84,0,79
3640,1,0,0.0,0.84,21,0.84,0,79
3641,1,0,0.0,0.84,21,0.84,0,79
3642,1,0,0.0,0.84,21,0.84,0,79
3643,1,0,0.0,0.84,21,0.84,0,79
3644,2,1,-79.15109,0.88,22,0.88,0,79
3645,1,0,0.0,0.88,22,0.88,0,79
3646,2,1,28.454782,1.0,25,1.0,0,79
3647,0,-1,-1000.0,0.0,0,0.0,0,79
3648,2,1,-4.1406527,0.2,5,0.2,0,80
3649,1,0,0.0,0.2,5,0.2,0,80
3650,2,1,-4.2792473,0.24,6,0.24,0,80
3651,2,1,27.971514,0.28,7,0.28,0,80
3652,1,0,0.0,0.28,7,0.28,0,80
3653,2,1,16.805927,0.4,10,0.4,0,80
3654,2,1,-6.520649,0.44,11,0.44,0,80
3655,2,1,-15.890165,0.52,13,0.52,0,80
3656,0,-1,-0.0,0.52,13,0.52,0,80
3657,1,0,0.0,0.52,13,0.52,0,80
3658,0,-1,-0.0,0.52,13,0.52,0,80
3659,2,1,6.5481567,0.6,15,0.6,0,80
3660,2,1,-14.286522,0.64,16,0.64,0,80
3661,1,0,0.0,0.64,16,0.64,0,80
3662,0,-1,14.286522,0.6,15,0.6,0,80
3663,1,0,0.0,0.6,15,0.6,0,80
3664,2,1,13.7564335,0.64,16,0.64,0,80
3665,2,1,-40.4116,0.72,18,0.72,1,80
3666,1,0,0.0,0.72,18,0.72,0,80
3667,1,0,0.0,0.72,18,0.72,0,80
3668,0,-1,-8.5679,0.68,17,0.68,0,80
3669,0,-1,-1.0439689,0.64,16,0.64,0,80
3670,1,0,0.0,0.64,16,0.64,0,80
3671,0,-1,-13.691622,0.6,15,0.6,0,80
3672,0,-1,-1.955185e-06,0.6,15,0.6,0,80
3673,1,0,0.0,0.6,15,0.6,0,80
3674,0,-1,-0.0,0.6,15,0.6,0,80
3675,0,-1,11.78691,0.56,14,0.56,0,80
3676,1,0,0.0,0.56,14,0.56,0,80
3677,1,0,0.0,0.56,14,0.56,0,80
3678,1,0,0.0,0.56,14,0.56,0,80
3679,1,0,0.0,0.56,14,0.56,0,80
3680,2,1,5.1749783,0.64,16,0.64,0,80
3681,1,0,0.0,0.64,16,0.64,1,80
3682,0,-1,-11.58155,0.6,15,0.6,1,80
3683,2,1,-6.779062,0.64,16,0.64,0,80
3684,2,1,-9.033568,0.72,18,0.72,0,80
3685,1,0,0.0,0.72,18,0.72,0,80
3686,0,-1,-27.30977,0.72,18,0.72,0,80
3687,0,-1,15.1683655,0.68,17,0.68,0,80
3688,0,-1,-9.705744,0.64,16,0.64,0,80
3689,2,1,-32.875805,0.72,18,0.72,0,80
3690,2,1,-66.723625,0.8,20,0.8,0,80
3691,2,1,-33.89772,0.84,21,0.84,0,80
3692,0,-1,41.398163,0.8,20,0.8,0,80
3693,1,0,0.0,0.8,20,0.8,0,80
3694,0,-1,-0.0,0.8,20,0.8,0,80
3695,0,-1,-0.0036842152,0.8,20,0.8,0,80
3696,0,-1,14.200064,0.76,19,0.76,1,80
3697,0,-1,0.5447429,0.72,18,0.72,0,80
3698,1,0,0.0,0.72,18,0.72,0,80
3699,1,0,0.0,0.72,18,0.72,0,80
3700,1,0,0.0,0.72,18,0.72,0,80
3701,1,0,0.0,0.72,18,0.72,0,80
3702,1,0,0.0,0.72,18,0.72,0,80
3703,2,1,-104.95567,0.84,21,0.84,0,80
3704,1,0,0.0,0.84,21,0.84,0,80
3705,1,0,0.0,0.84,21,0.84,0,80
3706,2,1,-99.7275,0.88,22,0.88,0,80
3707,1,0,0.0,0.88,22,0.88,0,80
3708,0,-1,99.7275,0.84,21,0.84,0,80
3709,2,1,-284.88434,0.92,23,0.92,0,80
3710,0,-1,-0.0,0.92,23,0.92,0,80
3711,2,1,-600.6145,0.96,24,0.96,0,80
3712,2,1,-1000.0,0.0,0,0.0,0,80
3713,0,-1,-0.0,0.16,4,0.16,0,81
3714,0,-1,-0.0,0.16,4,0.16,0,81
3715,1,0,0.0,0.16,4,0.16,0,81
3716,0,-1,-0.0,0.16,4,0.16,0,81
3717,0,-1,-0.0,0.16,4,0.16,0,81
3718,1,0,0.0,0.16,4,0.16,0,81
3719,0,-1,-0.0,0.16,4,0.16,0,81
3720,2,1,-4.1407347,0.2,5,0.2,0,81
3721,2,1,28.22638,0.24,6,0.24,0,81
3722,2,1,18.678572,0.32,8,0.32,0,81
3723,0,-1,-23.19499,0.28,7,0.28,0,81
3724,1,0,0.0,0.28,7,0.28,1,81
3725,0,-1,-16.605026,0.24,6,0.24,0,81
3726,2,1,15.496875,0.28,7,0.28,0,81
3727,0,-1,-23.255396,0.24,6,0.24,0,81
3728,0,-1,-0.0,0.24,6,0.24,0,81
3729,2,1,27.867443,0.28,7,0.28,0,81
3730,1,0,0.0,0.28,7,0.28,0,81
3731,1,0,0.0,0.28,7,0.28,0,81
3732,1,0,0.0,0.28,7,0.28,0,81
3733,2,1,21.798355,0.32,8,0.32,0,81
3734,0,-1,-21.798355,0.28,7,0.28,1,81
3735,1,0,0.0,0.28,7,0.28,0,81
3736,1,0,0.0,0.28,7,0.28,0,81
3737,1,0,0.0,0.28,7,0.28,0,81
3738,2,1,18.461597,0.36,9,0.36,0,81
3739,0,-1,-20.163916,0.32,8,0.32,0,81
3740,1,0,0.0,0.32,8,0.32,0,81
3741,1,0,0.0,0.32,8,0.32,0,81
3742,2,1,26.325085,0.36,9,0.36,0,81
3743,2,1,19.611574,0.4,10,0.4,0,81
3744,1,0,0.0,0.4,10,0.4,0,81
3745,2,1,20.002111,0.44,11,0.44,0,81
3746,0,-1,-0.0,0.44,11,0.44,0,81
3747,2,1,21.852482,0.48,12,0.48,0,81
3748,0,-1,-21.852482,0.44,11,0.44,0,81
3749,2,1,21.852482,0.48,12,0.48,0,81
3750,1,0,0.0,0.48,12,0.48,0,81
3751,2,1,22.558666,0.52,13,0.52,0,81
3752,2,1,-6.9976254,0.64,16,0.64,0,81
3753,1,0,0.0,0.64,16,0.64,0,81
3754,0,-1,-11.154675,0.6,15,0.6,0,81
3755,1,0,0.0,0.6,15,0.6,0,81
3756,2,1,-28.003222,0.72,18,0.72,0,81
3757,2,1,-42.143276,0.8,20,0.8,0,81
3758,2,1,-35.81591,0.84,21,0.84,0,81
3759,1,0,0.0,0.84,21,0.84,0,81
3760,1,0,0.0,0.84,21,0.84,0,81
3761,0,-1,38.543396,0.8,20,0.8,1,81
3762,1,0,0.0,0.8,20,0.8,0,81
3763,0,-1,-0.0,0.8,20,0.8,0,81
3764,0,-1,-23.423578,0.8,20,0.8,0,81
3765,0,-1,14.899782,0.76,19,0.76,0,81
3766,2,1,-16.635595,0.8,20,0.8,0,81
3767,0,-1,-26.47881,0.8,20,0.8,0,81
3768,1,0,0.0,0.8,20,0.8,0,81
3769,1,0,0.0,0.8,20,0.8,0,81
3770,0,-1,16.789165,0.76,19,0.76,0,81
3771,0,-1,-26.814701,0.76,19,0.76,0,81
3772,2,1,-78.04522,0.84,21,0.84,0,81
3773,2,1,-908.37,0.96,24,0.96,0,81
3774,1,0,0.0,0.96,24,0.96,0,81
3775,0,-1,-0.0,0.96,24,0.96,0,81
3776,1,0,0.0,0.96,24,0.96,0,81
3777,0,-1,598.55426,0.92,23,0.92,0,81
3778,0,-1,-0.14343253,0.92,23,0.92,0,81
3779,2,1,-602.25366,0.96,24,0.96,0,81
3780,1,0,0.0,0.96,24,0.96,0,81
3781,1,0,0.0,0.96,24,0.96,0,81
3782,0,-1,598.5342,0.92,23,0.92,0,81
3783,0,-1,-0.004867836,0.92,23,0.92,0,81
3784,1,0,0.0,0.92,23,0.92,0,81
3785,0,-1,186.19905,0.88,22,0.88,0,81
3786,2,1,-807.39075,0.96,24,0.96,0,81
3787,1,0,0.0,0.96,24,0.96,0,81
3788,2,1,26.41535,1.0,25,1.0,0,81
3789,0,-1,-1000.0,0.0,0,0.0,0,81
3790,2,1,28.364332,0.2,5,0.2,0,82
3791,1,0,0.0,0.2,5,0.2,0,82
3792,1,0,0.0,0.2,5,0.2,0,82
3793,0,-1,-0.0,0.2,5,0.2,0,82
3794,1,0,0.0,0.2,5,0.2,0,82
3795,2,1,-4.278687,0.24,6,0.24,0,82
3796,0,-1,4.278687,0.2,5,0.2,0,82
3797,1,0,0.0,0.2,5,0.2,0,82
3798,0,-1,-0.0,0.2,5,0.2,0,82
3799,2,1,28.208652,0.24,6,0.24,0,82
3800,0,-1,-0.0,0.24,6,0.24,0,82
3801,2,1,-4.515744,0.28,7,0.28,0,82
3802,0,-1,-0.0,0.28,7,0.28,0,82
3803,1,0,0.0,0.28,7,0.28,0,82
3804,0,-1,-27.971514,0.24,6,0.24,0,82
3805,1,0,0.0,0.24,6,0.24,0,82
3806,2,1,27.971514,0.28,7,0.28,0,82
3807,0,-1,4.515744,0.24,6,0.24,0,82
3808,2,1,-4.515744,0.28,7,0.28,0,82
3809,2,1,23.19499,0.32,8,0.32,0,82
3810,2,1,17.146978,0.4,10,0.4,0,82
3811,0,-1,-22.427462,0.36,9,0.36,0,82
3812,0,-1,5.279892,0.32,8,0.32,1,82
3813,1,0,0.0,0.32,8,0.32,0,82
3814,2,1,25.94953,0.36,9,0.36,0,82
3815,0,-1,-25.94953,0.32,8,0.32,0,82
3816,1,0,0.0,0.32,8,0.32,0,82
3817,1,0,0.0,0.32,8,0.32,0,82
3818,2,1,25.964912,0.36,9,0.36,0,82
3819,1,0,0.0,0.36,9,0.36,0,82
3820,1,0,0.0,0.36,9,0.36,0,82
3821,1,0,0.0,0.36,9,0.36,0,82
3822,2,1,25.400385,0.4,10,0.4,0,82
3823,1,0,0.0,0.4,10,0.4,0,82
3824,1,0,0.0,0.4,10,0.4,0,82
3825,1,0,0.0,0.4,10,0.4,0,82
3826,0,-1,-22.116686,0.36,9,0.36,0,82
3827,1,0,0.0,0.36,9,0.36,0,82
3828,0,-1,-0.0,0.36,9,0.36,1,82
3829,2,1,16.604912,0.44,11,0.44,0,82
3830,0,-1,-0.0036911885,0.44,11,0.44,0,82
3831,0,-1,-0.0039367187,0.44,11,0.44,0,82
3832,0,-1,-27.623762,0.44,11,0.44,1,82
3833,2,1,3.2053537,0.56,14,0.56,0,82
3834,1,0,0.0,0.56,14,0.56,0,82
3835,1,0,0.0,0.56,14,0.56,0,82
3836,2,1,14.094608,0.6,15,0.6,0,82
3837,1,0,0.0,0.6,15,0.6,0,82
3838,2,1,-2.4326913,0.68,17,0.68,0,82
3839,2,1,7.806246,0.72,18,0.72,0,82
3840,0,-1,-5.874645,0.68,17,0.68,0,82
3841,0,-1,-8.145584,0.64,16,0.64,0,82
3842,1,0,0.0,0.64,16,0.64,0,82
3843,1,0,0.0,0.64,16,0.64,0,82
3844,2,1,8.267304,0.68,17,0.68,0,82
3845,1,0,0.0,0.68,17,0.68,0,82
3846,0,-1,-6.941076e-06,0.68,17,0.68,0,82
3847,1,0,0.0,0.68,17,0.68,0,82
3848,1,0,0.0,0.68,17,0.68,0,82
3849,1,0,0.0,0.68,17,0.68,0,82
3850,1,0,0.0,0.68,17,0.68,1,82
3851,0,-1,-0.0,0.68,17,0.68,0,82
3852,2,1,6.468343,0.72,18,0.72,0,82
3853,1,0,0.0,0.72,18,0.72,0,82
3854,1,0,0.0,0.72,18,0.72,0,82
3855,1,0,0.0,0.72,18,0.72,0,82
3856,2,1,-43.14398,0.8,20,0.8,0,82
3857,0,-1,15.426554,0.76,19,0.76,0,82
3858,0,-1,-26.190798,0.76,19,0.76,0,82
3859,0,-1,-0.0030257518,0.76,19,0.76,0,82
3860,1,0,0.0,0.76,19,0.76,0,82
3861,1,0,0.0,0.76,19,0.76,0,82
3862,2,1,-76.34091,0.84,21,0.84,0,82
3863,0,-1,-0.10037355,0.84,21,0.84,0,82
3864,1,0,0.0,0.84,21,0.84,0,82
3865,1,0,0.0,0.84,21,0.84,0,82
3866,2,1,-287.16763,0.92,23,0.92,0,82
3867,0,-1,-27.211771,0.92,23,0.92,0,82
3868,1,0,0.0,0.92,23,0.92,0,82
3869,1,0,0.0,0.92,23,0.92,0,82
3870,0,-1,-22.822271,0.92,23,0.92,0,82
3871,0,-1,-0.003318886,0.92,23,0.92,0,82
3872,0,-1,-26.47334,0.92,23,0.92,0,82
3873,0,-1,182.04128,0.88,22,0.88,0,82
3874,1,0,0.0,0.88,22,0.88,0,82
3875,1,0,0.0,0.88,22,0.88,1,82
3876,1,0,0.0,0.88,22,0.88,0,82
3877,1,0,0.0,0.88,22,0.88,0,82
3878,0,-1,-24.759338,0.88,22,0.88,0,82
3879,1,0,0.0,0.88,22,0.88,0,82
3880,0,-1,-17.20546,0.88,22,0.88,0,82
3881,1,0,0.0,0.88,22,0.88,0,82
3882,2,1,-806.76733,0.96,24,0.96,0,82
3883,1,0,0.0,0.96,24,0.96,0,82
3884,2,1,-1000.0,0.0,0,0.0,0,82
3885,1,0,0.0,0.16,4,0.16,0,83
3886,1,0,0.0,0.16,4,0.16,0,83
3887,1,0,0.0,0.16,4,0.16,0,83
3888,0,-1,-0.0,0.16,4,0.16,0,83
3889,1,0,0.0,0.16,4,0.16,0,83
3890,2,1,28.364332,0.2,5,0.2,0,83
3891,2,1,23.955872,0.28,7,0.28,0,83
3892,0,-1,-0.0,0.28,7,0.28,0,83
3893,0,-1,-26.773045,0.24,6,0.24,0,83
3894,2,1,18.8927,0.32,8,0.32,0,83
3895,0,-1,-23.409119,0.28,7,0.28,0,83
3896,2,1,23.409119,0.32,8,0.32,1,83
3897,2,1,16.88699,0.4,10,0.4,0,83
3898,1,0,0.0,0.4,10,0.4,0,83
3899,1,0,0.0,0.4,10,0.4,0,83
3900,2,1,16.65768,0.44,11,0.44,0,83
3901,1,0,0.0,0.44,11,0.44,0,83
3902,2,1,23.8535,0.48,12,0.48,0,83
3903,0,-1,-22.001623,0.48,12,0.48,0,83
3904,2,1,11.039569,0.52,13,0.52,0,83
3905,2,1,9.525704,0.6,15,0.6,0,83
3906,1,0,0.0,0.6,15,0.6,0,83
3907,0,-1,-0.0,0.6,15,0.6,0,83
3908,2,1,-27.97153,0.72,18,0.72,0,83
3909,1,0,0.0,0.72,18,0.72,0,83
3910,1,0,0.0,0.72,18,0.72,0,83
3911,2,1,-48.017147,0.8,20,0.8,0,83
3912,0,-1,19.688715,0.76,19,0.76,0,83
3913,1,0,0.0,0.76,19,0.76,0,83
3914,1,0,0.0,0.76,19,0.76,0,83
3915,1,0,0.0,0.76,19,0.76,0,83
3916,2,1,-76.36313,0.84,21,0.84,0,83
3917,1,0,0.0,0.84,21,0.84,0,83
3918,2,1,-78.6325,0.88,22,0.88,0,83
3919,0,-1,81.2785,0.84,21,0.84,0,83
3920,1,0,0.0,0.84,21,0.84,1,83
3921,1,0,0.0,0.84,21,0.84,0,83
3922,0,-1,37.008137,0.8,20,0.8,0,83
3923,0,-1,-0.0,0.8,20,0.8,0,83
3924,2,1,-33.393307,0.84,21,0.84,0,83
3925,1,0,0.0,0.84,21,0.84,0,83
3926,0,-1,-18.120655,0.84,21,0.84,0,83
3927,0,-1,34.912308,0.8,20,0.8,0,83
3928,1,0,0.0,0.8,20,0.8,0,83
3929,0,-1,17.641476,0.76,19,0.76,0,83
3930,1,0,0.0,0.76,19,0.76,0,83
3931,2,1,-180.14214,0.88,22,0.88,0,83
3932,2,1,29.689703,1.0,25,1.0,0,83
3933,0,-1,-1000.0,0.0,0,0.0,0,83
3934,2,1,28.346605,0.2,5,0.2,0,84
3935,1,0,0.0,0.2,5,0.2,0,84
3936,2,1,28.22638,0.24,6,0.24,0,84
3937,2,1,18.678572,0.32,8,0.32,0,84
3938,0,-1,-23.19499,0.28,7,0.28,0,84
3939,0,-1,-27.971514,0.24,6,0.24,0,84
3940,1,0,0.0,0.24,6,0.24,0,84
3941,2,1,27.971514,0.28,7,0.28,0,84
3942,2,1,26.436209,0.32,8,0.32,0,84
3943,0,-1,-0.0,0.32,8,0.32,0,84
3944,0,-1,-0.0,0.32,8,0.32,0,84
3945,2,1,20.356783,0.4,10,0.4,0,84
3946,0,-1,-0.0,0.4,10,0.4,0,84
3947,2,1,14.3443775,0.48,12,0.48,0,84
3948,1,0,0.0,0.48,12,0.48,0,84
3949,2,1,21.154152,0.52,13,0.52,0,84
3950,2,1,17.849766,0.56,14,0.56,0,84
3951,2,1,-14.643596,0.68,17,0.68,0,84
3952,2,1,-25.83191,0.76,19,0.76,0,84
3953,2,1,-16.396084,0.8,20,0.8,1,84
3954,0,-1,-0.0050589615,0.8,20,0.8,0,84
3955,1,0,0.0,0.8,20,0.8,0,84
3956,1,0,0.0,0.8,20,0.8,0,84
3957,0,-1,-0.019134738,0.8,20,0.8,0,84
3958,0,-1,13.712611,0.76,19,0.76,0,84
3959,0,-1,-0.0,0.76,19,0.76,0,84
3960,1,0,0.0,0.76,19,0.76,0,84
3961,2,1,-79.3141,0.84,21,0.84,0,84
3962,1,0,0.0,0.84,21,0.84,0,84
3963,0,-1,-0.020401387,0.84,21,0.84,0,84
3964,1,0,0.0,0.84,21,0.84,0,84
3965,1,0,0.0,0.84,21,0.84,0,84
3966,0,-1,-22.396759,0.84,21,0.84,0,84
3967,2,1,-76.69109,0.88,22,0.88,0,84
3968,0,-1,-2.0203681e-06,0.88,22,0.88,0,84
3969,2,1,-182.82976,0.92,23,0.92,0,84
3970,1,0,0.0,0.92,23,0.92,0,84
3971,2,1,25.881157,1.0,25,1.0,0,84
3972,0,-1,-1000.0,0.0,0,0.0,0,84
3973,1,0,0.0,0.16,4,0.16,1,85
3974,2,1,28.130781,0.2,5,0.2,0,85
3975,1,0,0.0,0.2,5,0.2,0,85
3976,1,0,0.0,0.2,5,0.2,0,85
3977,2,1,23.839304,0.28,7,0.28,0,85
3978,0,-1,-0.0,0.28,7,0.28,0,85
3979,2,1,20.967997,0.36,9,0.36,0,85
3980,1,0,0.0,0.36,9,0.36,0,85
3981,0,-1,-0.0,0.36,9,0.36,0,85
3982,0,-1,-0.0,0.36,9,0.36,0,85
3983,1,0,0.0,0.36,9,0.36,0,85
3984,1,0,0.0,0.36,9,0.36,1,85
3985,2,1,24.363518,0.4,10,0.4,0,85
3986,1,0,0.0,0.4,10,0.4,0,85
3987,2,1,19.771591,0.44,11,0.44,0,85
3988,2,1,21.293732,0.48,12,0.48,0,85
3989,0,-1,-21.293732,0.44,11,0.44,0,85
3990,2,1,21.25041,0.48,12,0.48,0,85
3991,0,-1,-0.0,0.48,12,0.48,0,85
3992,1,0,0.0,0.48,12,0.48,0,85
3993,0,-1,-0.0002220961,0.48,12,0.48,0,85
3994,2,1,19.60669,0.52,13,0.52,0,85
3995,2,1,18.763613,0.56,14,0.56,0,85
3996,2,1,0.45820862,0.64,16,0.64,0,85
3997,1,0,0.0,0.64,16,0.64,0,85
3998,0,-1,-20.321253,0.64,16,0.64,0,85
3999,0,-1,-0.1480076,0.64,16,0.64,0,85
4000,2,1,-39.996082,0.76,19,0.76,0,85
4001,1,0,0.0,0.76,19,0.76,0,85
4002,1,0,0.0,0.76,19,0.76,0,85
4003,2,1,-13.967816,0.8,20,0.8,0,85
4004,0,-1,-0.00021211704,0.8,20,0.8,0,85
4005,2,1,-139.10088,0.88,22,0.88,0,85
4006,1,0,0.0,0.88,22,0.88,0,85
4007,2,1,-807.37915,0.96,24,0.96,0,85
4008,1,0,0.0,0.96,24,0.96,0,85
4009,0,-1,-0.008370208,0.96,24,0.96,1,85
4010,0,-1,-0.0,0.96,24,0.96,0,85
4011,1,0,0.0,0.96,24,0.96,0,85
4012,0,-1,-0.0,0.96,24,0.96,0,85
4013,2,1,-1000.0,0.0,0,0.0,0,85
4014,2,1,28.364332,0.2,5,0.2,0,86
4015,0,-1,-28.364332,0.16,4,0.16,0,86
4016,2,1,-4.1407347,0.2,5,0.2,0,86
4017,2,1,-4.27924,0.24,6,0.24,0,86
4018,2,1,27.98924,0.28,7,0.28,0,86
4019,0,-1,4.51638,0.24,6,0.24,0,86
4020,2,1,23.38718,0.32,8,0.32,0,86
4021,1,0,0.0,0.32,8,0.32,0,86
4022,0,-1,-0.0,0.32,8,0.32,0,86
4023,1,0,0.0,0.32,8,0.32,0,86
4024,0,-1,4.847379,0.28,7,0.28,0,86
4025,1,0,0.0,0.28,7,0.28,0,86
4026,2,1,-4.847297,0.32,8,0.32,0,86
4027,1,0,0.0,0.32,8,0.32,1,86
4028,0,-1,-26.408081,0.32,8,0.32,0,86
4029,0,-1,-0.16875598,0.32,8,0.32,0,86
4030,0,-1,-21.587927,0.28,7,0.28,0,86
4031,0,-1,-0.0,0.28,7,0.28,0,86
4032,0,-1,-0.0,0.28,7,0.28,0,86
4033,2,1,18.243057,0.36,9,0.36,0,86
4034,0,-1,-0.0,0.36,9,0.36,0,86
4035,2,1,9.26257,0.48,12,0.48,0,86
4036,2,1,17.730932,0.52,13,0.52,0,86
4037,0,-1,-19.873178,0.48,12,0.48,0,86
4038,1,0,0.0,0.48,12,0.48,0,86
4039,1,0,0.0,0.48,12,0.48,0,86
4040,1,0,0.0,0.48,12,0.48,1,86
4041,0,-1,-15.029466,0.44,11,0.44,0,86
4042,0,-1,-19.752861,0.4,10,0.4,0,86
4043,2,1,14.477215,0.48,12,0.48,0,86
4044,0,-1,-21.151487,0.44,11,0.44,0,86
4045,0,-1,-26.461681,0.44,11,0.44,0,86
4046,1,0,0.0,0.44,11,0.44,0,86
4047,2,1,18.88031,0.48,12,0.48,0,86
4048,1,0,0.0,0.48,12,0.48,0,86
4049,1,0,0.0,0.48,12,0.48,0,86
4050,2,1,8.330874,0.56,14,0.56,0,86
4051,0,-1,-0.0,0.56,14,0.56,0,86
4052,0,-1,-16.828665,0.52,13,0.52,0,86
4053,0,-1,-31.019707,0.52,13,0.52,0,86
4054,1,0,0.0,0.52,13,0.52,0,86
4055,1,0,0.0,0.52,13,0.52,0,86
4056,1,0,0.0,0.52,13,0.52,0,86
4057,0,-1,-0.24182045,0.52,13,0.52,0,86
4058,0,-1,-19.890789,0.48,12,0.48,1,86
4059,1,0,0.0,0.48,12,0.48,0,86
4060,0,-1,-20.410387,0.44,11,0.44,0,86
4061,1,0,0.0,0.44,11,0.44,0,86
4062,2,1,6.0712824,0.52,13,0.52,0,86
4063,0,-1,-26.664118,0.52,13,0.52,0,86
4064,0,-1,-19.713621,0.48,12,0.48,0,86
4065,2,1,10.508686,0.56,14,0.56,0,86
4066,1,0,0.0,0.56,14,0.56,0,86
4067,1,0,0.0,0.56,14,0.56,0,86
4068,2,1,14.029103,0.6,15,0.6,0,86
4069,2,1,16.887573,0.64,16,0.64,0,86
4070,0,-1,-16.887573,0.6,15,0.6,0,86
4071,0,-1,-16.734808,0.56,14,0.56,0,86
4072,1,0,0.0,0.56,14,0.56,0,86
4073,2,1,7.8813834,0.6,15,0.6,0,86
4074,1,0,0.0,0.6,15,0.6,0,86
4075,1,0,0.0,0.6,15,0.6,0,86
4076,0,-1,-0.00039743137,0.6,15,0.6,0,86
4077,0,-1,-7.8813834,0.56,14,0.56,0,86
4078,1,0,0.0,0.56,14,0.56,0,86
4079,1,0,0.0,0.56,14,0.56,0,86
4080,1,0,0.0,0.56,14,0.56,0,86
4081,1,0,0.0,0.56,14,0.56,1,86
4082,1,0,0.0,0.56,14,0.56,0,86
4083,1,0,0.0,0.56,14,0.56,0,86
4084,1,0,0.0,0.56,14,0.56,0,86
4085,1,0,0.0,0.56,14,0.56,0,86
4086,1,0,0.0,0.56,14,0.56,0,86
4087,0,-1,-26.965288,0.56,14,0.56,0,86
4088,0,-1,-31.230759,0.56,14,0.56,0,86
4089,2,1,17.167444,0.6,15,0.6,0,86
4090,1,0,0.0,0.6,15,0.6,0,86
4091,1,0,0.0,0.6,15,0.6,0,86
4092,1,0,0.0,0.6,15,0.6,1,86
4093,1,0,0.0,0.6,15,0.6,0,86
4094,1,0,0.0,0.6,15,0.6,0,86
4095,1,0,0.0,0.6,15,0.6,0,86
4096,2,1,-0.6135764,0.68,17,0.68,0,86
4097,0,-1,-1.5683403,0.64,16,0.64,0,86
4098,1,0,0.0,0.64,16,0.64,0,86
4099,1,0,0.0,0.64,16,0.64,1,86
4100,2,1,-12.037057,0.72,18,0.72,0,86
4101,2,1,-0.6059612,0.76,19,0.76,0,86
4102,2,1,-22.950918,0.8,20,0.8,0,86
4103,2,1,-33.542076,0.84,21,0.84,0,86
4104,1,0,0.0,0.84,21,0.84,0,86
4105,1,0,0.0,0.84,21,0.84,0,86
4106,0,-1,-0.0027154456,0.84,21,0.84,0,86
4107,1,0,0.0,0.84,21,0.84,0,86
4108,1,0,0.0,0.84,21,0.84,1,86
4109,1,0,0.0,0.84,21,0.84,0,86
4110,0,-1,45.096127,0.8,20,0.8,0,86
4111,1,0,0.0,0.8,20,0.8,0,86
4112,1,0,0.0,0.8,20,0.8,0,86
4113,2,1,-35.488625,0.84,21,0.84,0,86
4114,1,0,0.0,0.84,21,0.84,0,86
4115,1,0,0.0,0.84,21,0.84,0,86
4116,1,0,0.0,0.84,21,0.84,0,86
4117,2,1,-284.4382,0.92,23,0.92,0,86
4118,2,1,26.90214,1.0,25,1.0,0,86
4119,2,1,-1000.0,0.0,0,0.0,0,86
4120,1,0,0.0,0.16,4,0.16,0,87
4121,1,0,0.0,0.16,4,0.16,0,87
4122,1,0,0.0,0.16,4,0.16,0,87
4123,2,1,28.346605,0.2,5,0.2,0,87
4124,1,0,0.0,0.2,5,0.2,0,87
4125,2,1,-4.278605,0.24,6,0.24,0,87
4126,2,1,23.39962,0.32,8,0.32,0,87
4127,1,0,0.0,0.32,8,0.32,1,87
4128,0,-1,-0.0,0.32,8,0.32,0,87
4129,0,-1,-0.0,0.32,8,0.32,0,87
4130,0,-1,-0.0,0.32,8,0.32,0,87
4131,0,-1,-0.0,0.32,8,0.32,0,87
4132,2,1,20.312757,0.4,10,0.4,0,87
4133,1,0,0.0,0.4,10,0.4,0,87
4134,0,-1,-20.672495,0.36,9,0.36,0,87
4135,2,1,11.795971,0.4,10,0.4,0,87
4136,1,0,0.0,0.4,10,0.4,0,87
4137,2,1,15.155403,0.48,12,0.48,0,87
4138,1,0,0.0,0.48,12,0.48,0,87
4139,2,1,7.751251,0.52,13,0.52,0,87
4140,0,-1,-21.108187,0.48,12,0.48,0,87
4141,2,1,17.285006,0.52,13,0.52,0,87
4142,1,0,0.0,0.52,13,0.52,0,87
4143,0,-1,-17.285006,0.48,12,0.48,0,87
4144,1,0,0.0,0.48,12,0.48,0,87
4145,0,-1,-0.0,0.48,12,0.48,0,87
4146,1,0,0.0,0.48,12,0.48,0,87
4147,2,1,21.108187,0.52,13,0.52,0,87
4148,0,-1,-0.0,0.52,13,0.52,0,87
4149,2,1,17.360739,0.56,14,0.56,0,87
4150,1,0,0.0,0.56,14,0.56,0,87
4151,0,-1,-37.084526,0.6,15,0.6,0,87
4152,0,-1,-13.510696,0.56,14,0.56,0,87
4153,2,1,-14.837355,0.68,17,0.68,0,87
4154,1,0,0.0,0.68,17,0.68,1,87
4155,1,0,0.0,0.68,17,0.68,0,87
4156,1,0,0.0,0.68,17,0.68,0,87
4157,1,0,0.0,0.68,17,0.68,0,87
4158,0,-1,-9.534135,0.64,16,0.64,0,87
4159,2,1,-10.8315115,0.72,18,0.72,0,87
4160,1,0,0.0,0.72,18,0.72,0,87
4161,1,0,0.0,0.72,18,0.72,0,87
4162,1,0,0.0,0.72,18,0.72,0,87
4163,1,0,0.0,0.72,18,0.72,0,87
4164,1,0,0.0,0.72,18,0.72,0,87
4165,2,1,-3.010687,0.76,19,0.76,0,87
4166,1,0,0.0,0.76,19,0.76,0,87
4167,1,0,0.0,0.76,19,0.76,0,87
4168,2,1,-16.896498,0.8,20,0.8,0,87
4169,1,0,0.0,0.8,20,0.8,0,87
4170,0,-1,-26.380388,0.8,20,0.8,1,87
4171,0,-1,-25.351194,0.8,20,0.8,0,87
4172,0,-1,-26.239252,0.8,20,0.8,0,87
4173,1,0,0.0,0.8,20,0.8,0,87
4174,1,0,0.0,0.8,20,0.8,0,87
4175,2,1,-37.0704,0.84,21,0.84,0,87
4176,0,-1,34.420544,0.8,20,0.8,0,87
4177,0,-1,-0.0,0.8,20,0.8,0,87
4178,0,-1,13.43873,0.76,19,0.76,0,87
4179,2,1,-18.284504,0.8,20,0.8,0,87
4180,2,1,-138.49388,0.88,22,0.88,0,87
4181,2,1,-181.09084,0.92,23,0.92,1,87
4182,0,-1,180.22467,0.88,22,0.88,0,87
4183,1,0,0.0,0.88,22,0.88,0,87
4184,1,0,0.0,0.88,22,0.88,0,87
4185,1,0,0.0,0.88,22,0.88,0,87
4186,0,-1,-24.704649,0.88,22,0.88,0,87
4187,2,1,25.956041,1.0,25,1.0,0,87
4188,1,0,-1000.0,0.0,0,0.0,0,87
4189,2,1,28.364332,0.2,5,0.2,1,88
4190,1,0,0.0,0.2,5,0.2,0,88
4191,2,1,23.855509,0.28,7,0.28,0,88
4192,1,0,0.0,0.28,7,0.28,0,88
4193,2,1,13.163761,0.4,10,0.4,0,88
4194,1,0,0.0,0.4,10,0.4,0,88
4195,2,1,14.589395,0.48,12,0.48,0,88
4196,1,0,0.0,0.48,12,0.48,0,88
4197,0,-1,-9.9192e-06,0.48,12,0.48,0,88
4198,1,0,0.0,0.48,12,0.48,0,88
4199,2,1,13.026302,0.52,13,0.52,0,88
4200,2,1,9.563418,0.6,15,0.6,0,88
4201,0,-1,-16.711481,0.56,14,0.56,0,88
4202,1,0,0.0,0.56,14,0.56,0,88
4203,1,0,0.0,0.56,14,0.56,0,88
4204,2,1,17.77317,0.6,15,0.6,0,88
4205,1,0,0.0,0.6,15,0.6,0,88
4206,2,1,11.96324,0.64,16,0.64,0,88
4207,2,1,-12.673817,0.72,18,0.72,0,88
4208,2,1,-2.7918155,0.76,19,0.76,1,88
4209,2,1,-75.68412,0.84,21,0.84,0,88
4210,1,0,0.0,0.84,21,0.84,0,88
4211,2,1,-285.6905,0.92,23,0.92,0,88
4212,0,-1,180.28915,0.88,22,0.88,0,88
4213,2,1,28.653286,1.0,25,1.0,0,88
4214,0,-1,-1000.0,0.0,0,0.0,0,88
4215,1,0,0.0,0.16,4,0.16,0,89
4216,2,1,28.346605,0.2,5,0.2,0,89
4217,1,0,0.0,0.2,5,0.2,0,89
4218,0,-1,-0.0,0.2,5,0.2,0,89
4219,0,-1,-0.0,0.2,5,0.2,0,89
4220,1,0,0.0,0.2,5,0.2,0,89
4221,1,0,0.0,0.2,5,0.2,0,89
4222,1,0,0.0,0.2,5,0.2,0,89
4223,0,-1,-28.346605,0.16,4,0.16,0,89
4224,0,-1,-0.0,0.16,4,0.16,0,89
4225,2,1,28.346605,0.2,5,0.2,0,89
4226,1,0,0.0,0.2,5,0.2,0,89
4227,1,0,0.0,0.2,5,0.2,0,89
4228,2,1,-4.278605,0.24,6,0.24,0,89
4229,2,1,27.98924,0.28,7,0.28,0,89
4230,1,0,0.0,0.28,7,0.28,0,89
4231,1,0,0.0,0.28,7,0.28,0,89
4232,2,1,26.441492,0.32,8,0.32,0,89
4233,0,-1,-0.1677413,0.32,8,0.32,0,89
4234,1,0,0.0,0.32,8,0.32,0,89
4235,0,-1,-0.0,0.32,8,0.32,0,89
4236,1,0,0.0,0.32,8,0.32,0,89
4237,2,1,20.35271,0.4,10,0.4,1,89
4238,2,1,6.6671476,0.52,13,0.52,0,89
4239,0,-1,-16.649408,0.48,12,0.48,0,89
4240,1,0,0.0,0.48,12,0.48,0,89
4241,1,0,0.0,0.48,12,0.48,0,89
4242,0,-1,-3.6190642e-09,0.48,12,0.48,0,89
4243,0,-1,-0.0,0.48,12,0.48,0,89
4244,1,0,0.0,0.48,12,0.48,0,89
4245,1,0,0.0,0.48,12,0.48,0,89
4246,2,1,21.130224,0.52,13,0.52,0,89
4247,2,1,17.38587,0.56,14,0.56,0,89
4248,1,0,0.0,0.56,14,0.56,0,89
4249,1,0,0.0,0.56,14,0.56,0,89
4250,2,1,1.7641929,0.64,16,0.64,0,89
4251,2,1,-13.503916,0.72,18,0.72,0,89
4252,2,1,-5.289226,0.76,19,0.76,0,89
4253,1,0,0.0,0.76,19,0.76,0,89
4254,1,0,0.0,0.76,19,0.76,0,89
4255,1,0,0.0,0.76,19,0.76,0,89
4256,2,1,-76.68452,0.84,21,0.84,0,89
4257,2,1,-78.24974,0.88,22,0.88,0,89
4258,1,0,0.0,0.88,22,0.88,0,89
4259,1,0,0.0,0.88,22,0.88,0,89
4260,2,1,-183.74559,0.92,23,0.92,0,89
4261,2,1,-1000.0,0.0,0,0.0,0,89
4262,2,1,28.346605,0.2,5,0.2,0,90
4263,2,1,-4.278687,0.24,6,0.24,0,90
4264,2,1,23.39962,0.32,8,0.32,0,90
4265,2,1,22.976604,0.36,9,0.36,0,90
4266,1,0,0.0,0.36,9,0.36,0,90
4267,2,1,20.174376,0.4,10,0.4,0,90
4268,0,-1,-20.174376,0.36,9,0.36,0,90
4269,0,-1,-26.003696,0.32,8,0.32,0,90
4270,1,0,0.0,0.32,8,0.32,0,90
4271,2,1,26.008978,0.36,9,0.36,0,90
4272,1,0,0.0,0.36,9,0.36,0,90
4273,0,-1,-0.0,0.36,9,0.36,0,90
4274,0,-1,-26.008978,0.32,8,0.32,0,90
4275,1,0,0.0,0.32,8,0.32,0,90
4276,2,1,26.003696,0.36,9,0.36,0,90
4277,0,-1,-26.003696,0.32,8,0.32,0,90
4278,2,1,-5.27981,0.36,9,0.36,0,90
4279,1,0,0.0,0.36,9,0.36,0,90
4280,1,0,0.0,0.36,9,0.36,0,90
4281,1,0,0.0,0.36,9,0.36,0,90
4282,0,-1,-0.0,0.36,9,0.36,0,90
4283,2,1,-5.829461,0.4,10,0.4,0,90
4284,1,0,0.0,0.4,10,0.4,0,90
4285,1,0,0.0,0.4,10,0.4,1,90
4286,0,-1,-22.550047,0.36,9,0.36,0,90
4287,1,0,0.0,0.36,9,0.36,0,90
4288,1,0,0.0,0.36,9,0.36,0,90
4289,1,0,0.0,0.36,9,0.36,0,90
4290,0,-1,-10.61967,0.32,8,0.32,0,90
4291,2,1,25.949575,0.36,9,0.36,0,90
4292,2,1,19.072428,0.44,11,0.44,0,90
4293,1,0,0.0,0.44,11,0.44,0,90
4294,0,-1,-19.7958,0.4,10,0.4,0,90
4295,1,0,0.0,0.4,10,0.4,0,90
4296,2,1,-3.1096978,0.56,14,0.56,0,90
4297,0,-1,-16.60091,0.52,13,0.52,0,90
4298,1,0,0.0,0.52,13,0.52,1,90
4299,2,1,15.801563,0.56,14,0.56,0,90
4300,2,1,0.7845844,0.64,16,0.64,0,90
4301,2,1,11.674935,0.68,17,0.68,0,90
4302,0,-1,-0.013788808,0.68,17,0.68,0,90
4303,1,0,0.0,0.68,17,0.68,0,90
4304,0,-1,-22.024494,0.68,17,0.68,1,90
4305,0,-1,-18.47548,0.68,17,0.68,0,90
4306,2,1,2.0775783,0.72,18,0.72,0,90
4307,2,1,-107.077484,0.84,21,0.84,0,90
4308,2,1,-909.22455,0.96,24,0.96,0,90
4309,1,0,0.0,0.96,24,0.96,0,90
4310,0,-1,-0.11689748,0.96,24,0.96,0,90
4311,1,0,0.0,0.96,24,0.96,0,90
4312,0,-1,-21.47086,0.96,24,0.96,0,90
4313,0,-1,-25.25604,0.96,24,0.96,0,90
4314,2,1,28.19072,1.0,25,1.0,0,90
4315,1,0,-1000.0,0.0,0,0.0,0,90
4316,2,1,28.346605,0.2,5,0.2,0,91
4317,2,1,23.968313,0.28,7,0.28,0,91
4318,0,-1,-0.0,0.28,7,0.28,0,91
4319,2,1,17.914507,0.36,9,0.36,0,91
4320,0,-1,-22.762478,0.32,8,0.32,0,91
4321,2,1,20.356783,0.4,10,0.4,0,91
4322,1,0,0.0,0.4,10,0.4,0,91
4323,1,0,0.0,0.4,10,0.4,0,91
4324,1,0,0.0,0.4,10,0.4,0,91
4325,2,1,23.131649,0.44,11,0.44,0,91
4326,0,-1,-23.129503,0.4,10,0.4,0,91
4327,2,1,6.754763,0.52,13,0.52,0,91
4328,0,-1,-0.023737308,0.52,13,0.52,0,91
4329,2,1,8.083592,0.6,15,0.6,0,91
4330,1,0,0.0,0.6,15,0.6,0,91
4331,1,0,0.0,0.6,15,0.6,0,91
4332,1,0,0.0,0.6,15,0.6,0,91
4333,2,1,-5.0806384,0.68,17,0.68,0,91
4334,1,0,0.0,0.68,17,0.68,0,91
4335,0,-1,-0.020199759,0.68,17,0.68,0,91
4336,1,0,0.0,0.68,17,0.68,0,91
4337,2,1,-24.874136,0.76,19,0.76,0,91
4338,2,1,-79.319885,0.84,21,0.84,0,91
4339,1,0,0.0,0.84,21,0.84,1,91
4340,1,0,0.0,0.84,21,0.84,0,91
4341,2,1,-289.72464,0.92,23,0.92,0,91
4342,1,0,0.0,0.92,23,0.92,0,91
4343,1,0,0.0,0.92,23,0.92,0,91
4344,2,1,-599.6735,0.96,24,0.96,0,91
4345,2,1,-1000.0,0.0,0,0.0,0,91
4346,0,-1,-0.0,0.16,4,0.16,0,92
4347,1,0,0.0,0.16,4,0.16,0,92
4348,2,1,28.364332,0.2,5,0.2,0,92
4349,1,0,0.0,0.2,5,0.2,0,92
4350,2,1,-4.278687,0.24,6,0.24,0,92
4351,2,1,23.38718,0.32,8,0.32,0,92
4352,0,-1,-0.15642108,0.32,8,0.32,0,92
4353,2,1,11.36038,0.44,11,0.44,0,92
4354,0,-1,-21.980478,0.4,10,0.4,0,92
4355,2,1,21.980478,0.44,11,0.44,0,92
4356,1,0,0.0,0.44,11,0.44,0,92
4357,0,-1,6.5202236,0.4,10,0.4,0,92
4358,2,1,24.763365,0.44,11,0.44,0,92
4359,2,1,22.258423,0.48,12,0.48,0,92
4360,0,-1,-0.0,0.48,12,0.48,0,92
4361,0,-1,-0.0038925202,0.48,12,0.48,0,92
4362,0,-1,-0.0,0.48,12,0.48,0,92
4363,2,1,21.154152,0.52,13,0.52,0,92
4364,0,-1,-0.0038308254,0.52,13,0.52,0,92
4365,0,-1,-0.0,0.52,13,0.52,0,92
4366,0,-1,-0.0038230405,0.52,13,0.52,0,92
4367,2,1,17.849766,0.56,14,0.56,0,92
4368,2,1,1.4215518,0.64,16,0.64,0,92
4369,2,1,8.404402,0.68,17,0.68,0,92
4370,2,1,5.0949807,0.72,18,0.72,0,92
4371,1,0,0.0,0.72,18,0.72,0,92
4372,0,-1,-0.0,0.72,18,0.72,0,92
4373,2,1,-4.7266426,0.76,19,0.76,0,92
4374,2,1,-18.528473,0.8,20,0.8,1,92
4375,2,1,29.264292,1.0,25,1.0,1,92
4376,0,-1,-1000.0,0.0,0,0.0,0,92
4377,2,1,28.346605,0.2,5,0.2,0,93
4378,0,-1,-0.0,0.2,5,0.2,1,93
4379,2,1,28.208702,0.24,6,0.24,0,93
4380,2,1,26.719011,0.28,7,0.28,0,93
4381,1,0,0.0,0.28,7,0.28,0,93
4382,2,1,13.608458,0.4,10,0.4,0,93
4383,1,0,0.0,0.4,10,0.4,0,93
4384,1,0,0.0,0.4,10,0.4,0,93
4385,0,-1,-0.0,0.4,10,0.4,0,93
4386,0,-1,-22.79427,0.36,9,0.36,0,93
4387,0,-1,-0.0012392721,0.36,9,0.36,0,93
4388,0,-1,-0.0,0.36,9,0.36,0,93
4389,0,-1,-0.0,0.36,9,0.36,0,93
4390,1,0,0.0,0.36,9,0.36,0,93
4391,2,1,22.79427,0.4,10,0.4,0,93
4392,0,-1,-22.79427,0.36,9,0.36,0,93
4393,1,0,0.0,0.36,9,0.36,0,93
4394,1,0,0.0,0.36,9,0.36,0,93
4395,2,1,15.066294,0.44,11,0.44,0,93
4396,1,0,0.0,0.44,11,0.44,0,93
4397,1,0,0.0,0.44,11,0.44,0,93
4398,1,0,0.0,0.44,11,0.44,0,93
4399,0,-1,-0.0,0.44,11,0.44,1,93
4400,0,-1,-20.462984,0.4,10,0.4,0,93
4401,1,0,0.0,0.4,10,0.4,0,93
4402,0,-1,-22.328403,0.36,9,0.36,0,93
4403,0,-1,-28.261906,0.36,9,0.36,0,93
4404,2,1,20.974009,0.4,10,0.4,0,93
4405,2,1,22.032337,0.44,11,0.44,0,93
4406,2,1,23.753693,0.48,12,0.48,0,93
4407,2,1,18.484177,0.52,13,0.52,0,93
4408,1,0,0.0,0.52,13,0.52,0,93
4409,2,1,8.261319,0.6,15,0.6,0,93
4410,0,-1,-0.0012293493,0.6,15,0.6,0,93
4411,1,0,0.0,0.6,15,0.6,0,93
4412,1,0,0.0,0.6,15,0.6,0,93
4413,1,0,0.0,0.6,15,0.6,0,93
4414,2,1,13.382523,0.64,16,0.64,1,93
4415,0,-1,-12.69537,0.6,15,0.6,0,93
4416,0,-1,-24.988533,0.6,15,0.6,0,93
4417,2,1,11.414387,0.64,16,0.64,0,93
4418,0,-1,-26.43522,0.64,16,0.64,0,93
4419,0,-1,-0.006456329,0.64,16,0.64,0,93
4420,1,0,0.0,0.64,16,0.64,0,93
4421,1,0,0.0,0.64,16,0.64,0,93
4422,0,-1,-0.0,0.64,16,0.64,0,93
4423,2,1,-13.23983,0.72,18,0.72,0,93
4424,2,1,-0.5706308,0.76,19,0.76,0,93
4425,1,0,0.0,0.76,19,0.76,0,93
4426,2,1,-17.760887,0.8,20,0.8,0,93
4427,0,-1,-0.0,0.8,20,0.8,0,93
4428,0,-1,-0.0,0.8,20,0.8,0,93
4429,2,1,-33.59647,0.84,21,0.84,1,93
4430,2,1,-78.4577,0.88,22,0.88,0,93
4431,1,0,0.0,0.88,22,0.88,0,93
4432,2,1,-805.1792,0.96,24,0.96,0,93
4433,1,0,0.0,0.96,24,0.96,0,93
4434,2,1,-1000.0,0.0,0,0.0,0,93
4435,1,0,0.0,0.16,4,0.16,0,94
4436,2,1,28.346605,0.2,5,0.2,0,94
4437,2,1,-4.278687,0.24,6,0.24,0,94
4438,2,1,-4.51638,0.28,7,0.28,0,94
4439,1,0,0.0,0.28,7,0.28,0,94
4440,1,0,0.0,0.28,7,0.28,0,94
4441,1,0,0.0,0.28,7,0.28,0,94
4442,1,0,0.0,0.28,7,0.28,0,94
4443,1,0,0.0,0.28,7,0.28,0,94
4444,1,0,0.0,0.28,7,0.28,0,94
4445,2,1,16.805927,0.4,10,0.4,0,94
4446,2,1,24.768646,0.44,11,0.44,0,94
4447,0,-1,-24.768646,0.4,10,0.4,0,94
4448,1,0,0.0,0.4,10,0.4,0,94
4449,2,1,-13.91254,0.48,12,0.48,0,94
4450,0,-1,7.391891,0.44,11,0.44,0,94
4451,2,1,-7.3918905,0.48,12,0.48,0,94
4452,0,-1,7.3912225,0.44,11,0.44,0,94
4453,2,1,-7.39189,0.48,12,0.48,0,94
4454,1,0,0.0,0.48,12,0.48,0,94
4455,0,-1,7.3918905,0.44,11,0.44,0,94
4456,1,0,0.0,0.44,11,0.44,0,94
4457,1,0,0.0,0.44,11,0.44,0,94
4458,1,0,0.0,0.44,11,0.44,0,94
4459,1,0,0.0,0.44,11,0.44,1,94
4460,1,0,0.0,0.44,11,0.44,1,94
4461,2,1,23.79652,0.48,12,0.48,0,94
4462,0,-1,-0.0,0.48,12,0.48,0,94
4463,0,-1,-0.0,0.48,12,0.48,0,94
4464,1,0,0.0,0.48,12,0.48,0,94
4465,1,0,0.0,0.48,12,0.48,0,94
4466,0,-1,-23.79652,0.44,11,0.44,0,94
4467,1,0,0.0,0.44,11,0.44,0,94
4468,2,1,23.79652,0.48,12,0.48,0,94
4469,1,0,0.0,0.48,12,0.48,1,94
4470,1,0,0.0,0.48,12,0.48,0,94
4471,1,0,0.0,0.48,12,0.48,0,94
4472,2,1,-1.6491711,0.6,15,0.6,0,94
4473,0,-1,1.7029861,0.56,14,0.56,0,94
4474,1,0,0.0,0.56,14,0.56,0,94
4475,0,-1,-18.444704,0.52,13,0.52,0,94
4476,0,-1,-0.0,0.52,13,0.52,0,94
4477,1,0,0.0,0.52,13,0.52,0,94
4478,1,0,0.0,0.52,13,0.52,0,94
4479,1,0,0.0,0.52,13,0.52,0,94
4480,1,0,0.0,0.52,13,0.52,0,94
4481,2,1,19.628252,0.56,14,0.56,0,94
4482,1,0,0.0,0.56,14,0.56,0,94
4483,1,0,0.0,0.56,14,0.56,0,94
4484,2,1,4.0463386,0.64,16,0.64,0,94
4485,1,0,0.0,0.64,16,0.64,0,94
4486,2,1,-11.382664,0.72,18,0.72,0,94
4487,1,0,0.0,0.72,18,0.72,1,94
4488,1,0,0.0,0.72,18,0.72,0,94
4489,0,-1,-26.144697,0.72,18,0.72,0,94
4490,2,1,-1.1489547,0.76,19,0.76,0,94
4491,2,1,-77.42046,0.84,21,0.84,0,94
4492,1,0,0.0,0.84,21,0.84,0,94
4493,2,1,-78.766914,0.88,22,0.88,0,94
4494,2,1,-806.13574,0.96,24,0.96,0,94
4495,2,1,-1000.0,0.0,0,0.0,0,94
4496,2,1,28.364332,0.2,5,0.2,0,95
4497,2,1,19.247265,0.28,7,0.28,0,95
4498,0,-1,-0.0,0.28,7,0.28,0,95
4499,2,1,22.623116,0.36,9,0.36,0,95
4500,2,1,15.906646,0.44,11,0.44,0,95
4501,0,-1,-21.736273,0.4,10,0.4,0,95
4502,1,0,0.0,0.4,10,0.4,0,95
4503,2,1,24.763365,0.44,11,0.44,0,95
4504,2,1,-7.391858,0.48,12,0.48,0,95
4505,1,0,0.0,0.48,12,0.48,0,95
4506,2,1,21.152006,0.52,13,0.52,0,95
4507,1,0,0.0,0.52,13,0.52,1,95
4508,0,-1,-25.089266,0.52,13,0.52,0,95
4509,2,1,5.050921,0.56,14,0.56,0,95
4510,2,1,-17.238808,0.68,17,0.68,0,95
4511,0,-1,-4.083831,0.64,16,0.64,1,95
4512,0,-1,-0.0,0.64,16,0.64,0,95
4513,0,-1,-0.0,0.64,16,0.64,0,95
4514,2,1,-83.27194,0.8,20,0.8,0,95
4515,1,0,0.0,0.8,20,0.8,0,95
4516,0,-1,-0.0,0.8,20,0.8,0,95
4517,1,0,0.0,0.8,20,0.8,0,95
4518,2,1,-52.457943,0.84,21,0.84,0,95
4519,2,1,-286.19336,0.92,23,0.92,1,95
4520,0,-1,182.12859,0.88,22,0.88,0,95
4521,1,0,0.0,0.88,22,0.88,0,95
4522,2,1,-804.0277,0.96,24,0.96,0,95
4523,0,-1,597.3007,0.92,23,0.92,0,95
4524,1,0,0.0,0.92,23,0.92,1,95
4525,2,1,-599.72894,0.96,24,0.96,0,95
4526,1,0,0.0,0.96,24,0.96,0,95
4527,2,1,-1000.0,0.0,0,0.0,0,95
4528,2,1,28.346605,0.2,5,0.2,0,96
4529,2,1,19.461393,0.28,7,0.28,0,96
4530,2,1,-4.847297,0.32,8,0.32,0,96
4531,0,-1,-0.0,0.32,8,0.32,0,96
4532,0,-1,-0.0,0.32,8,0.32,0,96
4533,1,0,0.0,0.32,8,0.32,0,96
4534,1,0,0.0,0.32,8,0.32,0,96
4535,1,0,0.0,0.32,8,0.32,0,96
4536,0,-1,4.847297,0.28,7,0.28,0,96
4537,2,1,-4.847297,0.32,8,0.32,0,96
4538,2,1,-5.2804456,0.36,9,0.36,0,96
4539,1,0,0.0,0.36,9,0.36,0,96
4540,1,0,0.0,0.36,9,0.36,0,96
4541,2,1,13.022829,0.48,12,0.48,0,96
4542,2,1,22.79115,0.52,13,0.52,0,96
4543,1,0,0.0,0.52,13,0.52,0,96
4544,0,-1,-17.50569,0.48,12,0.48,0,96
4545,1,0,0.0,0.48,12,0.48,0,96
4546,1,0,0.0,0.48,12,0.48,0,96
4547,1,0,0.0,0.48,12,0.48,0,96
4548,1,0,0.0,0.48,12,0.48,0,96
4549,2,1,21.154152,0.52,13,0.52,0,96
4550,1,0,0.0,0.52,13,0.52,0,96
4551,2,1,-6.829673,0.64,16,0.64,1,96
4552,1,0,0.0,0.64,16,0.64,0,96
4553,1,0,0.0,0.64,16,0.64,0,96
4554,0,-1,-0.006984691,0.64,16,0.64,0,96
4555,2,1,-13.649062,0.72,18,0.72,0,96
4556,1,0,0.0,0.72,18,0.72,0,96
4557,1,0,0.0,0.72,18,0.72,0,96
4558,2,1,-4.134577,0.76,19,0.76,0,96
4559,0,-1,-0.0,0.76,19,0.76,0,96
4560,2,1,-179.46907,0.88,22,0.88,0,96
4561,2,1,-806.0449,0.96,24,0.96,0,96
4562,0,-1,-0.0,0.96,24,0.96,0,96
4563,1,0,0.0,0.96,24,0.96,0,96
4564,0,-1,599.94696,0.92,23,0.92,0,96
4565,1,0,0.0,0.92,23,0.92,0,96
4566,1,0,0.0,0.92,23,0.92,0,96
4567,2,1,-599.94696,0.96,24,0.96,0,96
4568,1,0,0.0,0.96,24,0.96,0,96
4569,2,1,-1000.0,0.0,0,0.0,0,96
4570,2,1,28.346605,0.2,5,0.2,0,97
4571,1,0,0.0,0.2,5,0.2,0,97
4572,1,0,0.0,0.2,5,0.2,0,97
4573,2,1,23.968313,0.28,7,0.28,0,97
4574,0,-1,-0.0,0.28,7,0.28,0,97
4575,1,0,0.0,0.28,7,0.28,0,97
4576,1,0,0.0,0.28,7,0.28,0,97
4577,2,1,21.33844,0.36,9,0.36,0,97
4578,2,1,15.692518,0.44,11,0.44,0,97
4579,1,0,0.0,0.44,11,0.44,0,97
4580,2,1,-8.360594,0.6,15,0.6,0,97
4581,1,0,0.0,0.6,15,0.6,0,97
4582,1,0,0.0,0.6,15,0.6,0,97
4583,1,0,0.0,0.6,15,0.6,0,97
4584,1,0,0.0,0.6,15,0.6,0,97
4585,1,0,0.0,0.6,15,0.6,0,97
4586,2,1,14.2147665,0.64,16,0.64,0,97
4587,1,0,0.0,0.64,16,0.64,0,97
4588,2,1,-10.617514,0.72,18,0.72,0,97
4589,2,1,-2.326125,0.76,19,0.76,0,97
4590,1,0,0.0,0.76,19,0.76,0,97
4591,0,-1,-0.0040504737,0.76,19,0.76,1,97
4592,2,1,-16.406963,0.8,20,0.8,0,97
4593,0,-1,-15.478152,0.8,20,0.8,0,97
4594,2,1,-35.45879,0.84,21,0.84,0,97
4595,1,0,0.0,0.84,21,0.84,0,97
4596,1,0,0.0,0.84,21,0.84,0,97
4597,1,0,0.0,0.84,21,0.84,0,97
4598,1,0,0.0,0.84,21,0.84,0,97
4599,1,0,0.0,0.84,21,0.84,0,97
4600,0,-1,-0.006989339,0.84,21,0.84,0,97
4601,0,-1,35.45879,0.8,20,0.8,0,97
4602,0,-1,-23.667292,0.8,20,0.8,0,97
4603,0,-1,-0.056174677,0.8,20,0.8,0,97
4604,2,1,-141.38214,0.88,22,0.88,0,97
4605,1,0,0.0,0.88,22,0.88,0,97
4606,2,1,25.514101,1.0,25,1.0,0,97
4607,1,0,-1000.0,0.0,0,0.0,0,97
4608,2,1,28.364332,0.2,5,0.2,0,98
4609,1,0,0.0,0.2,5,0.2,0,98
4610,2,1,23.955872,0.28,7,0.28,0,98
4611,2,1,13.033225,0.4,10,0.4,0,98
4612,2,1,17.550112,0.48,12,0.48,0,98
4613,1,0,0.0,0.48,12,0.48,0,98
4614,1,0,0.0,0.48,12,0.48,0,98
4615,1,0,0.0,0.48,12,0.48,0,98
4616,2,1,11.372195,0.56,14,0.56,0,98
4617,2,1,-37.246666,0.72,18,0.72,0,98
4618,1,0,0.0,0.72,18,0.72,0,98
4619,1,0,0.0,0.72,18,0.72,0,98
4620,2,1,-44.184315,0.8,20,0.8,0,98
4621,2,1,-141.3523,0.88,22,0.88,1,98
4622,0,-1,-7.953121,0.88,22,0.88,0,98
4623,0,-1,75.95075,0.84,21,0.84,1,98
4624,1,0,0.0,0.84,21,0.84,0,98
4625,1,0,0.0,0.84,21,0.84,0,98
4626,1,0,0.0,0.84,21,0.84,0,98
4627,2,1,-286.42224,0.92,23,0.92,0,98
4628,1,0,0.0,0.92,23,0.92,0,98
4629,1,0,0.0,0.92,23,0.92,0,98
4630,1,0,0.0,0.92,23,0.92,0,98
4631,0,-1,-0.0015222197,0.92,23,0.92,0,98
4632,2,1,25.719755,1.0,25,1.0,0,98
4633,0,-1,-1000.0,0.0,0,0.0,0,98
4634,0,-1,-0.0,0.16,4,0.16,0,99
4635,2,1,28.364332,0.2,5,0.2,0,99
4636,2,1,23.955872,0.28,7,0.28,0,99
4637,0,-1,-0.15642108,0.28,7,0.28,0,99
4638,2,1,21.334368,0.36,9,0.36,0,99
4639,1,0,0.0,0.36,9,0.36,0,99
4640,2,1,23.820692,0.4,10,0.4,0,99
4641,1,0,0.0,0.4,10,0.4,0,99
4642,1,0,0.0,0.4,10,0.4,0,99
4643,1,0,0.0,0.4,10,0.4,0,99
4644,2,1,21.249996,0.44,11,0.44,0,99
4645,1,0,0.0,0.44,11,0.44,0,99
4646,0,-1,-0.0,0.44,11,0.44,0,99
4647,2,1,3.1790812,0.56,14,0.56,0,99
4648,1,0,0.0,0.56,14,0.56,0,99
4649,2,1,15.546957,0.6,15,0.6,0,99
4650,2,1,-4.1220665,0.68,17,0.68,0,99
4651,0,-1,-0.0038925202,0.68,17,0.68,0,99
4652,0,-1,-0.0,0.68,17,0.68,0,99
4653,0,-1,-0.023737308,0.68,17,0.68,0,99
4654,0,-1,-0.0,0.68,17,0.68,0,99
4655,2,1,-441.36398,0.92,23,0.92,0,99
4656,2,1,-599.89526,0.96,24,0.96,0,99
4657,0,-1,-0.0173144,0.96,24,0.96,0,99
4658,0,-1,-0.0038308254,0.96,24,0.96,0,99
4659,1,0,0.0,0.96,24,0.96,0,99
4660,2,1,-1000.0,0.0,0,0.0,0,99
4661,2,1,28.364332,0.2,5,0.2,0,100
4662,1,0,0.0,0.2,5,0.2,0,100
4663,2,1,-4.278687,0.24,6,0.24,0,100
4664,0,-1,4.278687,0.2,5,0.2,0,100
4665,2,1,23.955872,0.28,7,0.28,0,100
4666,1,0,0.0,0.28,7,0.28,0,100
4667,2,1,21.334368,0.36,9,0.36,0,100
4668,2,1,23.820692,0.4,10,0.4,0,100
4669,1,0,0.0,0.4,10,0.4,0,100
4670,2,1,14.13025,0.48,12,0.48,0,100
4671,1,0,0.0,0.48,12,0.48,0,100
4672,2,1,-15.255225,0.64,16,0.64,0,100
4673,0,-1,-0.0,0.64,16,0.64,0,100
4674,2,1,10.035843,0.68,17,0.68,1,100
4675,1,0,0.0,0.68,17,0.68,0,100
4676,1,0,0.0,0.68,17,0.68,0,100
4677,1,0,0.0,0.68,17,0.68,0,100
4678,0,-1,-10.291478,0.64,16,0.64,0,100
4679,1,0,0.0,0.64,16,0.64,0,100
4680,2,1,-83.2968,0.8,20,0.8,0,100
4681,2,1,-139.41351,0.88,22,0.88,0,100
4682,1,0,0.0,0.88,22,0.88,0,100
4683,2,1,-808.36145,0.96,24,0.96,0,100
4684,2,1,25.776508,1.0,25,1.0,0,100
4685,1,0,-1000.0,0.0,0,0.0,0,100
4686,1,0,0.0,0.16,4,0.16,1,101
4687,0,-1,-0.0,0.16,4,0.16,0,101
4688,2,1,28.262749,0.2,5,0.2,0,101
4689,2,1,23.698263,0.28,7,0.28,0,101
4690,1,0,0.0,0.28,7,0.28,0,101
4691,1,0,0.0,0.28,7,0.28,0,101
4692,2,1,21.239792,0.32,8,0.32,0,101
4693,1,0,0.0,0.32,8,0.32,0,101
4694,2,1,12.842235,0.44,11,0.44,0,101
4695,0,-1,-19.566948,0.4,10,0.4,0,101
4696,0,-1,-0.0057454873,0.4,10,0.4,0,101
4697,2,1,24.535276,0.44,11,0.44,0,101
4698,2,1,3.385828,0.56,14,0.56,0,101
4699,2,1,17.675611,0.6,15,0.6,0,101
4700,2,1,9.571688,0.64,16,0.64,0,101
4701,1,0,0.0,0.64,16,0.64,0,101
4702,1,0,0.0,0.64,16,0.64,0,101
4703,1,0,0.0,0.64,16,0.64,0,101
4704,1,0,0.0,0.64,16,0.64,0,101
4705,2,1,-13.896348,0.72,18,0.72,0,101
4706,0,-1,-0.0,0.72,18,0.72,0,101
4707,1,0,0.0,0.72,18,0.72,0,101
4708,1,0,0.0,0.72,18,0.72,0,101
4709,0,-1,-2.7910266,0.68,17,0.68,0,101
4710,1,0,0.0,0.68,17,0.68,1,101
4711,0,-1,-6.0953946,0.64,16,0.64,0,101
4712,2,1,9.358074,0.68,17,0.68,0,101
4713,2,1,4.1605105,0.72,18,0.72,0,101
4714,2,1,0.09523682,0.76,19,0.76,0,101
4715,1,0,0.0,0.76,19,0.76,0,101
4716,2,1,-78.16099,0.84,21,0.84,0,101
4717,0,-1,36.570282,0.8,20,0.8,0,101
4718,2,1,-139.00076,0.88,22,0.88,0,101
4719,1,0,0.0,0.88,22,0.88,0,101
4720,1,0,0.0,0.88,22,0.88,0,101
4721,1,0,0.0,0.88,22,0.88,0,101
4722,0,-1,-0.0,0.88,22,0.88,0,101
4723,0,-1,-25.258114,0.88,22,0.88,0,101
4724,0,-1,75.60193,0.84,21,0.84,0,101
4725,1,0,0.0,0.84,21,0.84,0,101
4726,0,-1,-0.0038058017,0.84,21,0.84,0,101
4727,2,1,-79.05551,0.88,22,0.88,0,101
4728,1,0,0.0,0.88,22,0.88,0,101
4729,2,1,-183.74223,0.92,23,0.92,0,101
4730,1,0,0.0,0.92,23,0.92,0,101
4731,1,0,0.0,0.92,23,0.92,0,101
4732,1,0,0.0,0.92,23,0.92,0,101
4733,0,-1,-27.623034,0.92,23,0.92,0,101
4734,2,1,-596.5803,0.96,24,0.96,0,101
4735,2,1,24.543367,1.0,25,1.0,1,101
4736,1,0,-1000.0,0.0,0,0.0,0,101
4737,0,-1,-0.0,0.16,4,0.16,0,102
4738,1,0,0.0,0.16,4,0.16,0,102
4739,2,1,28.346605,0.2,5,0.2,0,102
4740,2,1,28.22638,0.24,6,0.24,1,102
4741,2,1,26.657764,0.28,7,0.28,0,102
4742,2,1,17.940388,0.36,9,0.36,0,102
4743,2,1,18.651669,0.4,10,0.4,0,102
4744,2,1,16.382149,0.44,11,0.44,0,102
4745,0,-1,-16.382149,0.4,10,0.4,0,102
4746,0,-1,-21.964022,0.36,9,0.36,0,102
4747,2,1,17.073336,0.4,10,0.4,0,102
4748,0,-1,-18.651669,0.36,9,0.36,0,102
4749,2,1,19.435226,0.4,10,0.4,0,102
4750,0,-1,-19.435226,0.36,9,0.36,0,102
4751,2,1,25.371544,0.4,10,0.4,0,102
4752,1,0,0.0,0.4,10,0.4,0,102
4753,2,1,22.38565,0.44,11,0.44,0,102
4754,2,1,22.169725,0.48,12,0.48,0,102
4755,0,-1,-0.0,0.48,12,0.48,0,102
4756,2,1,17.750984,0.52,13,0.52,0,102
4757,1,0,0.0,0.52,13,0.52,0,102
4758,2,1,15.342838,0.56,14,0.56,0,102
4759,0,-1,-12.9809475,0.52,13,0.52,0,102
4760,0,-1,-17.750984,0.48,12,0.48,0,102
4761,2,1,19.295338,0.52,13,0.52,0,102
4762,1,0,0.0,0.52,13,0.52,0,102
4763,0,-1,-21.063309,0.48,12,0.48,0,102
4764,1,0,0.0,0.48,12,0.48,0,102
4765,1,0,0.0,0.48,12,0.48,0,102
4766,2,1,11.177075,0.56,14,0.56,1,102
4767,0,-1,-19.433561,0.56,14,0.56,0,102
4768,1,0,0.0,0.56,14,0.56,0,102
4769,1,0,0.0,0.56,14,0.56,0,102
4770,1,0,0.0,0.56,14,0.56,0,102
4771,1,0,0.0,0.56,14,0.56,0,102
4772,1,0,0.0,0.56,14,0.56,0,102
4773,1,0,0.0,0.56,14,0.56,0,102
4774,2,1,15.893346,0.6,15,0.6,0,102
4775,2,1,-25.735538,0.72,18,0.72,0,102
4776,0,-1,-26.976645,0.72,18,0.72,0,102
4777,1,0,0.0,0.72,18,0.72,0,102
4778,1,0,0.0,0.72,18,0.72,0,102
4779,1,0,0.0,0.72,18,0.72,0,102
4780,1,0,0.0,0.72,18,0.72,0,102
4781,0,-1,-3.0800333,0.68,17,0.68,0,102
4782,2,1,-232.81252,0.88,22,0.88,1,102
4783,1,0,0.0,0.88,22,0.88,0,102
4784,1,0,0.0,0.88,22,0.88,0,102
4785,1,0,0.0,0.88,22,0.88,0,102
4786,1,0,0.0,0.88,22,0.88,0,102
4787,1,0,0.0,0.88,22,0.88,0,102
4788,0,-1,-25.741934,0.88,22,0.88,0,102
4789,1,0,0.0,0.88,22,0.88,0,102
4790,1,0,0.0,0.88,22,0.88,0,102
4791,0,-1,-0.0,0.88,22,0.88,0,102
4792,0,-1,-22.0226,0.88,22,0.88,0,102
4793,1,0,0.0,0.88,22,0.88,0,102
4794,2,1,-182.91634,0.92,23,0.92,0,102
4795,1,0,0.0,0.92,23,0.92,0,102
4796,1,0,0.0,0.92,23,0.92,0,102
4797,1,0,0.0,0.92,23,0.92,0,102
4798,1,0,0.0,0.92,23,0.92,0,102
4799,2,1,27.39131,1.0,25,1.0,0,102
4800,0,-1,-1000.0,0.0,0,0.0,0,102
4801,2,1,28.364332,0.2,5,0.2,0,103
4802,1,0,0.0,0.2,5,0.2,0,103
4803,2,1,-4.278687,0.24,6,0.24,0,103
4804,2,1,27.971514,0.28,7,0.28,0,103
4805,1,0,0.0,0.28,7,0.28,0,103
4806,2,1,-4.8479323,0.32,8,0.32,0,103
4807,1,0,0.0,0.32,8,0.32,0,103
4808,2,1,26.008978,0.36,9,0.36,0,103
4809,0,-1,5.2804456,0.32,8,0.32,0,103
4810,1,0,0.0,0.32,8,0.32,0,103
4811,1,0,0.0,0.32,8,0.32,0,103
4812,1,0,0.0,0.32,8,0.32,0,103
4813,1,0,0.0,0.32,8,0.32,0,103
4814,2,1,20.35271,0.4,10,0.4,0,103
4815,0,-1,5.829036,0.36,9,0.36,0,103
4816,2,1,17.442081,0.44,11,0.44,1,103
4817,2,1,3.2670417,0.56,14,0.56,0,103
4818,1,0,0.0,0.56,14,0.56,0,103
4819,1,0,0.0,0.56,14,0.56,0,103
4820,1,0,0.0,0.56,14,0.56,0,103
4821,2,1,14.95927,0.6,15,0.6,0,103
4822,2,1,-97.58203,0.8,20,0.8,0,103
4823,1,0,0.0,0.8,20,0.8,0,103
4824,1,0,0.0,0.8,20,0.8,0,103
4825,2,1,-347.84006,0.92,23,0.92,0,103
4826,2,1,24.235722,1.0,25,1.0,0,103
4827,2,1,-1000.0,0.0,0,0.0,0,103
4828,1,0,0.0,0.16,4,0.16,0,104
4829,1,0,0.0,0.16,4,0.16,0,104
4830,2,1,28.364332,0.2,5,0.2,0,104
4831,1,0,0.0,0.2,5,0.2,0,104
4832,2,1,19.247265,0.28,7,0.28,0,104
4833,2,1,16.79483,0.4,10,0.4,0,104
4834,1,0,0.0,0.4,10,0.4,0,104
4835,2,1,21.980478,0.44,11,0.44,0,104
4836,2,1,15.572613,0.52,13,0.52,0,104
4837,1,0,0.0,0.52,13,0.52,1,104
4838,2,1,13.960981,0.56,14,0.56,0,104
4839,1,0,0.0,0.56,14,0.56,0,104
4840,0,-1,-0.0,0.56,14,0.56,0,104
4841,2,1,3.7349534,0.64,16,0.64,1,104
4842,1,0,0.0,0.64,16,0.64,0,104
4843,2,1,10.005242,0.68,17,0.68,0,104
4844,1,0,0.0,0.68,17,0.68,0,104
4845,2,1,5.0127096,0.72,18,0.72,0,104
4846,2,1,-418.70056,0.92,23,0.92,0,104
4847,0,-1,180.0515,0.88,22,0.88,0,104
4848,2,1,28.846403,1.0,25,1.0,0,104
4849,2,1,-1000.0,0.0,0,0.0,0,104
4850,2,1,28.346605,0.2,5,0.2,0,105
4851,2,1,23.968313,0.28,7,0.28,0,105
4852,1,0,0.0,0.28,7,0.28,0,105
4853,0,-1,-0.0,0.28,7,0.28,0,105
4854,2,1,17.914507,0.36,9,0.36,0,105
4855,1,0,0.0,0.36,9,0.36,0,105
4856,2,1,9.33523,0.48,12,0.48,0,105
4857,0,-1,-21.105461,0.44,11,0.44,0,105
4858,1,0,0.0,0.44,11,0.44,0,105
4859,2,1,-7.3917294,0.48,12,0.48,0,105
4860,0,-1,7.3917294,0.44,11,0.44,0,105
4861,0,-1,-21.736273,0.4,10,0.4,0,105
4862,0,-1,-0.0,0.4,10,0.4,0,105
4863,2,1,21.736273,0.44,11,0.44,0,105
4864,1,0,0.0,0.44,11,0.44,0,105
4865,0,-1,-21.522146,0.4,10,0.4,0,105
4866,2,1,19.483187,0.44,11,0.44,0,105
4867,2,1,-7.391865,0.48,12,0.48,0,105
4868,2,1,13.046564,0.56,14,0.56,0,105
4869,2,1,17.86555,0.6,15,0.6,0,105
4870,2,1,-14.2864895,0.64,16,0.64,0,105
4871,0,-1,14.286496,0.6,15,0.6,0,105
4872,1,0,0.0,0.6,15,0.6,1,105
4873,2,1,-5.4175158,0.68,17,0.68,0,105
4874,0,-1,-0.0,0.68,17,0.68,0,105
4875,1,0,0.0,0.68,17,0.68,0,105
4876,1,0,0.0,0.68,17,0.68,0,105
4877,2,1,-7.7028937,0.72,18,0.72,0,105
4878,1,0,0.0,0.72,18,0.72,0,105
4879,0,-1,-0.0,0.72,18,0.72,0,105
4880,1,0,0.0,0.72,18,0.72,0,105
4881,1,0,0.0,0.72,18,0.72,0,105
4882,1,0,0.0,0.72,18,0.72,0,105
4883,2,1,-2.3467977,0.76,19,0.76,0,105
4884,2,1,-389.08426,0.92,23,0.92,0,105
4885,1,0,0.0,0.92,23,0.92,0,105
4886,1,0,0.0,0.92,23,0.92,0,105
4887,1,0,0.0,0.92,23,0.92,0,105
4888,0,-1,-0.06542981,0.92,23,0.92,0,105
4889,0,-1,182.6832,0.88,22,0.88,1,105
4890,0,-1,88.42887,0.84,21,0.84,0,105
4891,1,0,0.0,0.84,21,0.84,0,105
4892,1,0,0.0,0.84,21,0.84,0,105
4893,1,0,0.0,0.84,21,0.84,0,105
4894,2,1,-909.1623,0.96,24,0.96,0,105
4895,1,0,0.0,0.96,24,0.96,0,105
4896,1,0,0.0,0.96,24,0.96,0,105
4897,1,0,0.0,0.96,24,0.96,0,105
4898,1,0,0.0,0.96,24,0.96,0,105
4899,0,-1,-0.0,0.96,24,0.96,0,105
4900,0,-1,604.5103,0.92,23,0.92,0,105
4901,0,-1,-18.021057,0.92,23,0.92,0,105
4902,2,1,26.578014,1.0,25,1.0,0,105
4903,1,0,-1000.0,0.0,0,0.0,0,105
4904,2,1,28.364332,0.2,5,0.2,0,106
4905,2,1,28.208652,0.24,6,0.24,0,106
4906,1,0,0.0,0.24,6,0.24,0,106
4907,2,1,26.767761,0.28,7,0.28,0,106
4908,0,-1,-0.0,0.28,7,0.28,0,106
4909,2,1,21.33844,0.36,9,0.36,0,106
4910,0,-1,-0.0,0.36,9,0.36,0,106
4911,0,-1,-0.0,0.36,9,0.36,0,106
4912,2,1,15.692518,0.44,11,0.44,0,106
4913,0,-1,-21.522146,0.4,10,0.4,0,106
4914,2,1,14.3443775,0.48,12,0.48,0,106
4915,1,0,0.0,0.48,12,0.48,0,106
4916,2,1,11.373928,0.56,14,0.56,1,106
4917,1,0,0.0,0.56,14,0.56,0,106
4918,0,-1,-27.817152,0.56,14,0.56,0,106
4919,2,1,14.176415,0.6,15,0.6,0,106
4920,1,0,0.0,0.6,15,0.6,0,106
4921,1,0,0.0,0.6,15,0.6,0,106
4922,0,-1,-0.21036676,0.6,15,0.6,0,106
4923,2,1,-25.531075,0.72,18,0.72,0,106
4924,1,0,0.0,0.72,18,0.72,0,106
4925,1,0,0.0,0.72,18,0.72,0,106
4926,2,1,-2.4119673,0.76,19,0.76,0,106
4927,1,0,0.0,0.76,19,0.76,0,106
4928,2,1,-16.378183,0.8,20,0.8,0,106
4929,1,0,0.0,0.8,20,0.8,0,106
4930,1,0,0.0,0.8,20,0.8,0,106
4931,1,0,0.0,0.8,20,0.8,0,106
4932,0,-1,-23.75646,0.8,20,0.8,0,106
4933,1,0,0.0,0.8,20,0.8,0,106
4934,0,-1,-0.004099264,0.8,20,0.8,0,106
4935,2,1,-347.08032,0.92,23,0.92,0,106
4936,2,1,-604.0873,0.96,24,0.96,0,106
4937,1,0,0.0,0.96,24,0.96,0,106
4938,1,0,0.0,0.96,24,0.96,0,106
4939,1,0,0.0,0.96,24,0.96,0,106
4940,1,0,0.0,0.96,24,0.96,1,106
4941,2,1,25.35324,1.0,25,1.0,0,106
4942,0,-1,-1000.0,0.0,0,0.0,0,106
4943,2,1,-4.1406527,0.2,5,0.2,0,107
4944,2,1,-4.2792473,0.24,6,0.24,0,107
4945,2,1,27.98924,0.28,7,0.28,0,107
4946,2,1,-4.847965,0.32,8,0.32,0,107
4947,1,0,0.0,0.32,8,0.32,0,107
4948,2,1,-5.280317,0.36,9,0.36,0,107
4949,0,-1,-0.0,0.36,9,0.36,0,107
4950,1,0,0.0,0.36,9,0.36,0,107
4951,2,1,-5.829622,0.4,10,0.4,0,107
4952,1,0,0.0,0.4,10,0.4,0,107
4953,2,1,-16.076996,0.6,15,0.6,1,107
4954,2,1,0.7154372,0.68,17,0.68,0,107
4955,1,0,0.0,0.68,17,0.68,0,107
4956,2,1,-21.330355,0.76,19,0.76,0,107
4957,1,0,0.0,0.76,19,0.76,0,107
4958,1,0,0.0,0.76,19,0.76,0,107
4959,1,0,0.0,0.76,19,0.76,0,107
4960,0,-1,-0.20821261,0.76,19,0.76,0,107
4961,2,1,-12.352059,0.8,20,0.8,0,107
4962,1,0,0.0,0.8,20,0.8,0,107
4963,2,1,-35.072468,0.84,21,0.84,0,107
4964,1,0,0.0,0.84,21,0.84,1,107
4965,1,0,0.0,0.84,21,0.84,0,107
4966,2,1,-909.0984,0.96,24,0.96,0,107
4967,2,1,28.529776,1.0,25,1.0,1,107
4968,1,0,-1000.0,0.0,0,0.0,0,107
4969,2,1,28.346605,0.2,5,0.2,0,108
4970,2,1,23.968313,0.28,7,0.28,0,108
4971,2,1,17.914507,0.36,9,0.36,0,108
4972,1,0,0.0,0.36,9,0.36,0,108
4973,2,1,25.459835,0.4,10,0.4,0,108
4974,0,-1,-0.0,0.4,10,0.4,0,108
4975,2,1,23.129503,0.44,11,0.44,0,108
4976,2,1,13.904048,0.52,13,0.52,0,108
4977,0,-1,-0.0,0.52,13,0.52,0,108
4978,1,0,0.0,0.52,13,0.52,1,108
4979,2,1,6.0754504,0.6,15,0.6,0,108
4980,1,0,0.0,0.6,15,0.6,0,108
4981,2,1,-6.652438,0.68,17,0.68,0,108
4982,0,-1,-10.291477,0.64,16,0.64,0,108
4983,2,1,-146.10078,0.84,21,0.84,0,108
4984,2,1,-290.184,0.92,23,0.92,0,108
4985,1,0,0.0,0.92,23,0.92,0,108
4986,1,0,0.0,0.92,23,0.92,0,108
4987,2,1,-601.5061,0.96,24,0.96,0,108
4988,1,0,0.0,0.96,24,0.96,0,108
4989,1,0,0.0,0.96,24,0.96,0,108
4990,2,1,-1000.0,0.0,0,0.0,0,108
4991,0,-1,-0.0,0.16,4,0.16,0,109
4992,1,0,0.0,0.16,4,0.16,0,109
4993,2,1,28.364332,0.2,5,0.2,0,109
4994,2,1,-4.278687,0.24,6,0.24,0,109
4995,2,1,27.971514,0.28,7,0.28,0,109
4996,2,1,23.409119,0.32,8,0.32,0,109
4997,1,0,0.0,0.32,8,0.32,0,109
4998,2,1,26.003696,0.36,9,0.36,0,109
4999,2,1,25.459835,0.4,10,0.4,0,109
5000,1,0,0.0,0.4,10,0.4,0,109
