timestep,action,mapped_action,reward,resource_usage,element_count,budget_proximity,took_timestep,episode
1,1,0,0.0,0.16,4,0.16,0,0
2,0,-1,-0.0,0.16,4,0.16,0,0
3,1,0,0.0,0.16,4,0.16,0,0
4,0,-1,-0.0,0.16,4,0.16,0,0
5,2,1,-4.1406527,0.2,5,0.2,0,0
6,1,0,0.0,0.2,5,0.2,0,0
7,1,0,0.0,0.2,5,0.2,0,0
8,1,0,0.0,0.2,5,0.2,0,0
9,0,-1,4.1406527,0.16,4,0.16,0,0
10,2,1,-4.1406527,0.2,5,0.2,0,0
11,1,0,0.0,0.2,5,0.2,0,0
12,2,1,28.22638,0.24,6,0.24,0,0
13,0,-1,4.278605,0.2,5,0.2,0,0
14,2,1,19.247265,0.28,7,0.28,0,0
15,1,0,0.0,0.28,7,0.28,0,0
16,1,0,0.0,0.28,7,0.28,0,0
17,2,1,22.623116,0.36,9,0.36,0,0
18,1,0,0.0,0.36,9,0.36,0,0
19,2,1,-5.829461,0.4,10,0.4,0,0
20,2,1,19.619528,0.44,11,0.44,0,0
21,2,1,21.109398,0.48,12,0.48,0,0
22,2,1,17.438036,0.52,13,0.52,0,0
23,0,-1,-0.0012614568,0.52,13,0.52,0,0
24,2,1,6.5481567,0.6,15,0.6,0,0
25,2,1,-14.286362,0.64,16,0.64,0,0
26,2,1,-17.735903,0.68,17,0.68,0,0
27,1,0,0.0,0.68,17,0.68,0,0
28,0,-1,-0.0,0.68,17,0.68,0,0
29,0,-1,-0.0040504737,0.68,17,0.68,1,0
30,1,0,0.0,0.68,17,0.68,0,0
31,0,-1,-0.005311243,0.68,17,0.68,0,0
32,0,-1,-0.0014984463,0.68,17,0.68,0,0
33,1,0,0.0,0.68,17,0.68,0,0
34,0,-1,-0.0,0.68,17,0.68,0,0
35,0,-1,-5.9833245,0.64,16,0.64,0,0
36,1,0,0.0,0.64,16,0.64,0,0
37,2,1,-81.03844,0.8,20,0.8,0,0
38,1,0,0.0,0.8,20,0.8,0,0
39,1,0,0.0,0.8,20,0.8,0,0
40,2,1,-38.501804,0.84,21,0.84,0,0
41,2,1,-283.29584,0.92,23,0.92,0,0
42,1,0,0.0,0.92,23,0.92,0,0
43,2,1,-596.7886,0.96,24,0.96,0,0
44,2,1,27.31296,1.0,25,1.0,0,0
45,2,1,-1000.0,0.0,0,0.0,0,0
46,2,1,28.346605,0.2,5,0.2,0,1
47,1,0,0.0,0.2,5,0.2,0,1
48,0,-1,-28.346605,0.16,4,0.16,0,1
49,0,-1,-0.0,0.16,4,0.16,0,1
50,1,0,0.0,0.16,4,0.16,0,1
51,1,0,0.0,0.16,4,0.16,0,1
52,0,-1,-0.0,0.16,4,0.16,0,1
53,1,0,0.0,0.16,4,0.16,1,1
54,1,0,0.0,0.16,4,0.16,0,1
55,0,-1,-0.0,0.16,4,0.16,0,1
56,0,-1,-0.0,0.16,4,0.16,0,1
57,1,0,0.0,0.16,4,0.16,0,1
58,2,1,21.946438,0.2,5,0.2,0,1
59,2,1,24.899467,0.24,6,0.24,0,1
60,0,-1,-21.808485,0.2,5,0.2,0,1
61,1,0,0.0,0.2,5,0.2,1,1
62,2,1,28.23477,0.24,6,0.24,0,1
63,0,-1,-26.339039,0.2,5,0.2,0,1
64,2,1,22.267942,0.28,7,0.28,0,1
65,1,0,0.0,0.28,7,0.28,0,1
66,2,1,22.148783,0.36,9,0.36,0,1
67,2,1,21.963108,0.4,10,0.4,0,1
68,1,0,0.0,0.4,10,0.4,0,1
69,2,1,6.483931,0.52,13,0.52,0,1
70,1,0,0.0,0.52,13,0.52,0,1
71,1,0,0.0,0.52,13,0.52,0,1
72,0,-1,-17.983011,0.48,12,0.48,0,1
73,1,0,0.0,0.48,12,0.48,0,1
74,1,0,0.0,0.48,12,0.48,0,1
75,1,0,0.0,0.48,12,0.48,0,1
76,2,1,19.934679,0.52,13,0.52,0,1
77,0,-1,-36.40334,0.56,14,0.56,0,1
78,0,-1,-0.007670297,0.56,14,0.56,0,1
79,1,0,0.0,0.56,14,0.56,0,1
80,0,-1,-15.449515,0.52,13,0.52,0,1
81,2,1,15.170599,0.56,14,0.56,0,1
82,1,0,0.0,0.56,14,0.56,0,1
83,0,-1,-15.170599,0.52,13,0.52,0,1
84,0,-1,-19.934679,0.48,12,0.48,0,1
85,1,0,0.0,0.48,12,0.48,0,1
86,2,1,12.546877,0.56,14,0.56,1,1
87,2,1,15.749935,0.6,15,0.6,0,1
88,2,1,-1.7301695,0.68,17,0.68,0,1
89,0,-1,-0.0,0.68,17,0.68,0,1
90,0,-1,-0.09226933,0.68,17,0.68,1,1
91,0,-1,-12.289808,0.64,16,0.64,0,1
92,1,0,0.0,0.64,16,0.64,0,1
93,2,1,-14.550194,0.72,18,0.72,0,1
94,2,1,-43.383827,0.8,20,0.8,0,1
95,2,1,-37.412235,0.84,21,0.84,0,1
96,2,1,-75.69363,0.88,22,0.88,0,1
97,2,1,-178.59583,0.92,23,0.92,0,1
98,2,1,24.35752,1.0,25,1.0,0,1
99,0,-1,-1000.0,0.0,0,0.0,0,1
100,2,1,-4.1406527,0.2,5,0.2,0,2
101,0,-1,4.1406527,0.16,4,0.16,0,2
102,0,-1,-0.0,0.16,4,0.16,0,2
103,1,0,0.0,0.16,4,0.16,0,2
104,1,0,0.0,0.16,4,0.16,0,2
105,2,1,28.364332,0.2,5,0.2,0,2
106,1,0,0.0,0.2,5,0.2,0,2
107,1,0,0.0,0.2,5,0.2,0,2
108,1,0,0.0,0.2,5,0.2,0,2
109,1,0,0.0,0.2,5,0.2,0,2
110,2,1,28.208652,0.24,6,0.24,0,2
111,1,0,0.0,0.24,6,0.24,0,2
112,2,1,26.773045,0.28,7,0.28,1,2
113,2,1,20.384453,0.32,8,0.32,0,2
114,0,-1,-26.408207,0.32,8,0.32,0,2
115,2,1,17.832657,0.36,9,0.36,0,2
116,1,0,0.0,0.36,9,0.36,0,2
117,0,-1,-0.0,0.36,9,0.36,0,2
118,0,-1,-17.832657,0.32,8,0.32,0,2
119,0,-1,-0.0,0.32,8,0.32,0,2
120,2,1,20.309772,0.4,10,0.4,0,2
121,0,-1,-19.402796,0.36,9,0.36,1,2
122,1,0,0.0,0.36,9,0.36,0,2
123,2,1,16.161804,0.4,10,0.4,0,2
124,1,0,0.0,0.4,10,0.4,0,2
125,0,-1,-24.583843,0.36,9,0.36,0,2
126,2,1,16.724089,0.44,11,0.44,0,2
127,0,-1,-4.8621987e-06,0.44,11,0.44,0,2
128,0,-1,-0.0038458281,0.44,11,0.44,0,2
129,2,1,3.2358716,0.56,14,0.56,0,2
130,1,0,0.0,0.56,14,0.56,0,2
131,1,0,0.0,0.56,14,0.56,0,2
132,0,-1,-18.45161,0.52,13,0.52,0,2
133,0,-1,-3.9904608e-06,0.52,13,0.52,0,2
134,0,-1,-0.0002447015,0.52,13,0.52,0,2
135,2,1,13.91155,0.56,14,0.56,0,2
136,2,1,0.79637015,0.64,16,0.64,0,2
137,1,0,0.0,0.64,16,0.64,0,2
138,2,1,-13.831913,0.72,18,0.72,0,2
139,2,1,-7.702544,0.76,19,0.76,0,2
140,1,0,0.0,0.76,19,0.76,0,2
141,2,1,-18.773228,0.8,20,0.8,0,2
142,2,1,-34.430557,0.84,21,0.84,0,2
143,1,0,0.0,0.84,21,0.84,0,2
144,2,1,-83.02814,0.88,22,0.88,0,2
145,0,-1,83.02814,0.84,21,0.84,1,2
146,2,1,-916.1916,0.96,24,0.96,0,2
147,1,0,0.0,0.96,24,0.96,0,2
148,1,0,0.0,0.96,24,0.96,0,2
149,1,0,0.0,0.96,24,0.96,0,2
150,1,0,0.0,0.96,24,0.96,0,2
151,0,-1,603.81433,0.92,23,0.92,0,2
152,0,-1,189.07997,0.88,22,0.88,0,2
153,0,-1,-0.0,0.88,22,0.88,0,2
154,2,1,-187.52698,0.92,23,0.92,0,2
155,2,1,-595.1046,0.96,24,0.96,0,2
156,0,-1,-22.858473,1.0,25,1.0,0,2
157,0,-1,-1000.0,0.0,0,0.0,0,2
158,2,1,28.364332,0.2,5,0.2,0,3
159,0,-1,-0.0,0.2,5,0.2,0,3
160,2,1,-4.278605,0.24,6,0.24,0,3
161,2,1,23.526543,0.28,7,0.28,0,3
162,0,-1,-23.526543,0.24,6,0.24,0,3
163,1,0,0.0,0.24,6,0.24,0,3
164,0,-1,-28.22638,0.2,5,0.2,0,3
165,0,-1,-0.0,0.2,5,0.2,0,3
166,2,1,28.22638,0.24,6,0.24,0,3
167,2,1,-4.515826,0.28,7,0.28,0,3
168,2,1,-4.847804,0.32,8,0.32,0,3
169,2,1,27.207449,0.36,9,0.36,0,3
170,0,-1,5.279892,0.32,8,0.32,0,3
171,2,1,16.93285,0.4,10,0.4,0,3
172,1,0,0.0,0.4,10,0.4,0,3
173,0,-1,-0.0032886236,0.4,10,0.4,0,3
174,0,-1,-0.0,0.4,10,0.4,0,3
175,2,1,-6.520784,0.44,11,0.44,0,3
176,2,1,-7.391891,0.48,12,0.48,0,3
177,1,0,0.0,0.48,12,0.48,0,3
178,0,-1,-0.0,0.48,12,0.48,0,3
179,2,1,22.785866,0.52,13,0.52,0,3
180,0,-1,-22.785866,0.48,12,0.48,1,3
181,1,0,0.0,0.48,12,0.48,0,3
182,1,0,0.0,0.48,12,0.48,0,3
183,0,-1,-0.0,0.48,12,0.48,0,3
184,0,-1,-0.0,0.48,12,0.48,0,3
185,2,1,-9.013262,0.6,15,0.6,1,3
186,1,0,0.0,0.6,15,0.6,0,3
187,1,0,0.0,0.6,15,0.6,0,3
188,1,0,0.0,0.6,15,0.6,0,3
189,1,0,0.0,0.6,15,0.6,0,3
190,1,0,0.0,0.6,15,0.6,0,3
191,1,0,0.0,0.6,15,0.6,0,3
192,1,0,0.0,0.6,15,0.6,0,3
193,0,-1,-15.210984,0.6,15,0.6,0,3
194,0,-1,-27.247187,0.6,15,0.6,0,3
195,1,0,0.0,0.6,15,0.6,0,3
196,1,0,0.0,0.6,15,0.6,0,3
197,2,1,-0.783005,0.68,17,0.68,0,3
198,0,-1,-1.1654303e-07,0.68,17,0.68,0,3
199,0,-1,1.0104675,0.64,16,0.64,0,3
200,0,-1,-16.975445,0.64,16,0.64,0,3
201,1,0,0.0,0.64,16,0.64,0,3
202,1,0,0.0,0.64,16,0.64,0,3
203,1,0,0.0,0.64,16,0.64,0,3
204,1,0,0.0,0.64,16,0.64,0,3
205,1,0,0.0,0.64,16,0.64,0,3
206,2,1,-9.036421,0.72,18,0.72,0,3
207,0,-1,0.41695714,0.68,17,0.68,0,3
208,0,-1,-0.17014882,0.68,17,0.68,1,3
209,0,-1,-23.436518,0.68,17,0.68,0,3
210,2,1,-26.064974,0.76,19,0.76,0,3
211,2,1,-27.118464,0.8,20,0.8,0,3
212,1,0,0.0,0.8,20,0.8,0,3
213,2,1,-39.113415,0.84,21,0.84,0,3
214,2,1,-288.17322,0.92,23,0.92,0,3
215,1,0,0.0,0.92,23,0.92,0,3
216,1,0,0.0,0.92,23,0.92,1,3
217,1,0,0.0,0.92,23,0.92,0,3
218,2,1,-611.69104,0.96,24,0.96,0,3
219,0,-1,-22.329988,0.96,24,0.96,0,3
220,0,-1,611.69104,0.92,23,0.92,0,3
221,1,0,0.0,0.92,23,0.92,0,3
222,2,1,13.718511,1.0,25,1.0,0,3
223,1,0,-1000.0,0.0,0,0.0,0,3
224,1,0,0.0,0.16,4,0.16,0,4
225,2,1,-4.1407347,0.2,5,0.2,0,4
226,2,1,23.692236,0.28,7,0.28,0,4
227,1,0,0.0,0.28,7,0.28,0,4
228,2,1,23.409119,0.32,8,0.32,0,4
229,0,-1,-0.0,0.32,8,0.32,0,4
230,1,0,0.0,0.32,8,0.32,1,4
231,1,0,0.0,0.32,8,0.32,0,4
232,2,1,8.017847,0.36,9,0.36,0,4
233,1,0,0.0,0.36,9,0.36,0,4
234,1,0,0.0,0.36,9,0.36,0,4
235,2,1,20.405575,0.44,11,0.44,0,4
236,1,0,0.0,0.44,11,0.44,0,4
237,1,0,0.0,0.44,11,0.44,0,4
238,2,1,12.357571,0.52,13,0.52,0,4
239,0,-1,-0.0,0.52,13,0.52,0,4
240,0,-1,-0.0002369885,0.52,13,0.52,0,4
241,2,1,-0.069171846,0.6,15,0.6,0,4
242,2,1,14.129487,0.64,16,0.64,0,4
243,2,1,8.898961,0.68,17,0.68,0,4
244,1,0,0.0,0.68,17,0.68,0,4
245,2,1,-3.1800632,0.72,18,0.72,0,4
246,1,0,0.0,0.72,18,0.72,0,4
247,1,0,0.0,0.72,18,0.72,0,4
248,0,-1,-0.0002733808,0.72,18,0.72,0,4
249,0,-1,-0.0,0.72,18,0.72,0,4
250,0,-1,-0.0,0.72,18,0.72,0,4
251,0,-1,9.377501,0.68,17,0.68,1,4
252,2,1,1.1469116,0.72,18,0.72,0,4
253,1,0,0.0,0.72,18,0.72,0,4
254,1,0,0.0,0.72,18,0.72,1,4
255,1,0,0.0,0.72,18,0.72,0,4
256,1,0,0.0,0.72,18,0.72,0,4
257,2,1,-45.140854,0.8,20,0.8,0,4
258,0,-1,21.604794,0.76,19,0.76,0,4
259,0,-1,-0.00058040774,0.76,19,0.76,1,4
260,0,-1,11.122745,0.72,18,0.72,1,4
261,1,0,0.0,0.72,18,0.72,0,4
262,1,0,0.0,0.72,18,0.72,0,4
263,2,1,-40.580826,0.8,20,0.8,0,4
264,0,-1,-0.21549067,0.8,20,0.8,0,4
265,2,1,-40.31052,0.84,21,0.84,0,4
266,0,-1,34.56192,0.8,20,0.8,0,4
267,2,1,-44.14959,0.84,21,0.84,0,4
268,0,-1,35.660175,0.8,20,0.8,0,4
269,1,0,0.0,0.8,20,0.8,0,4
270,0,-1,12.470202,0.76,19,0.76,0,4
271,1,0,0.0,0.76,19,0.76,0,4
272,0,-1,-27.241747,0.76,19,0.76,0,4
273,1,0,0.0,0.76,19,0.76,1,4
274,1,0,0.0,0.76,19,0.76,0,4
275,0,-1,7.5875196,0.72,18,0.72,0,4
276,0,-1,-1.5080703,0.68,17,0.68,0,4
277,2,1,2.235787,0.72,18,0.72,0,4
278,2,1,-45.72659,0.8,20,0.8,0,4
279,0,-1,-28.443117,0.8,20,0.8,0,4
280,1,0,0.0,0.8,20,0.8,0,4
281,0,-1,19.507843,0.76,19,0.76,0,4
282,2,1,-15.775459,0.8,20,0.8,0,4
283,2,1,-33.323517,0.84,21,0.84,0,4
284,2,1,-75.57401,0.88,22,0.88,0,4
285,1,0,0.0,0.88,22,0.88,0,4
286,0,-1,-0.0,0.88,22,0.88,0,4
287,2,1,-817.78015,0.96,24,0.96,0,4
288,0,-1,-0.0,0.96,24,0.96,0,4
289,1,0,0.0,0.96,24,0.96,0,4
290,2,1,-1000.0,0.0,0,0.0,0,4
291,1,0,0.0,0.16,4,0.16,0,5
292,2,1,28.346605,0.2,5,0.2,0,5
293,0,-1,-28.346605,0.16,4,0.16,0,5
294,2,1,28.346605,0.2,5,0.2,0,5
295,0,-1,-0.0,0.2,5,0.2,0,5
296,0,-1,-0.0,0.2,5,0.2,0,5
297,0,-1,-28.346605,0.16,4,0.16,0,5
298,0,-1,-0.0,0.16,4,0.16,0,5
299,2,1,28.364332,0.2,5,0.2,0,5
300,2,1,-4.278605,0.24,6,0.24,0,5
301,0,-1,-0.0,0.24,6,0.24,0,5
302,2,1,-4.515826,0.28,7,0.28,0,5
303,2,1,-4.8479323,0.32,8,0.32,1,5
304,2,1,14.779662,0.44,11,0.44,1,5
305,2,1,12.546805,0.52,13,0.52,0,5
306,0,-1,-24.081812,0.48,12,0.48,0,5
307,0,-1,-0.0,0.48,12,0.48,0,5
308,1,0,0.0,0.48,12,0.48,0,5
309,0,-1,-0.0,0.48,12,0.48,0,5
310,2,1,11.546946,0.52,13,0.52,0,5
311,0,-1,-11.546946,0.48,12,0.48,0,5
312,1,0,0.0,0.48,12,0.48,0,5
313,0,-1,-20.55202,0.44,11,0.44,0,5
314,0,-1,-0.0,0.44,11,0.44,0,5
315,1,0,0.0,0.44,11,0.44,0,5
316,0,-1,-10.912769,0.4,10,0.4,0,5
317,2,1,20.291998,0.44,11,0.44,0,5
318,1,0,0.0,0.44,11,0.44,0,5
319,2,1,0.7714863,0.48,12,0.48,0,5
320,2,1,16.933208,0.52,13,0.52,0,5
321,2,1,7.073548,0.56,14,0.56,0,5
322,1,0,0.0,0.56,14,0.56,0,5
323,2,1,-105.84849,0.8,20,0.8,0,5
324,0,-1,-0.20321389,0.8,20,0.8,0,5
325,0,-1,-0.0,0.8,20,0.8,0,5
326,0,-1,-0.0004240981,0.8,20,0.8,0,5
327,2,1,-153.84041,0.88,22,0.88,0,5
328,0,-1,95.45797,0.84,21,0.84,0,5
329,0,-1,-0.0021419767,0.84,21,0.84,0,5
330,0,-1,54.6408,0.8,20,0.8,0,5
331,2,1,-135.88077,0.88,22,0.88,0,5
332,0,-1,91.04832,0.84,21,0.84,1,5
333,0,-1,-0.0021427374,0.84,21,0.84,0,5
334,1,0,0.0,0.84,21,0.84,0,5
335,1,0,0.0,0.84,21,0.84,0,5
336,0,-1,-16.099865,0.84,21,0.84,0,5
337,1,0,0.0,0.84,21,0.84,0,5
338,1,0,0.0,0.84,21,0.84,0,5
339,1,0,0.0,0.84,21,0.84,0,5
340,2,1,-82.78716,0.88,22,0.88,0,5
341,1,0,0.0,0.88,22,0.88,0,5
342,2,1,-189.10625,0.92,23,0.92,0,5
343,0,-1,179.06726,0.88,22,0.88,0,5
344,2,1,-186.87419,0.92,23,0.92,0,5
345,0,-1,-0.0,0.92,23,0.92,0,5
346,0,-1,185.53078,0.88,22,0.88,0,5
347,1,0,0.0,0.88,22,0.88,0,5
348,0,-1,-233.29817,0.92,23,0.92,1,5
349,2,1,-601.0255,0.96,24,0.96,0,5
350,0,-1,-10.882597,0.96,24,0.96,0,5
351,0,-1,-4.964562e-11,0.96,24,0.96,0,5
352,2,1,-1000.0,0.0,0,0.0,0,5
353,0,-1,-0.0,0.16,4,0.16,0,6
354,2,1,28.346605,0.2,5,0.2,0,6
355,0,-1,-0.0,0.2,5,0.2,0,6
356,0,-1,-0.0,0.2,5,0.2,0,6
357,2,1,28.22638,0.24,6,0.24,0,6
358,2,1,-4.515826,0.28,7,0.28,0,6
359,1,0,0.0,0.28,7,0.28,0,6
360,2,1,17.914507,0.36,9,0.36,0,6
361,0,-1,-27.207449,0.32,8,0.32,0,6
362,2,1,15.4989395,0.4,10,0.4,0,6
363,1,0,0.0,0.4,10,0.4,0,6
364,0,-1,-0.0,0.4,10,0.4,0,6
365,2,1,-6.520777,0.44,11,0.44,0,6
366,2,1,17.87195,0.48,12,0.48,0,6
367,1,0,0.0,0.48,12,0.48,0,6
368,1,0,0.0,0.48,12,0.48,0,6
369,0,-1,-0.0,0.48,12,0.48,0,6
370,0,-1,-0.0,0.48,12,0.48,0,6
371,1,0,0.0,0.48,12,0.48,0,6
372,1,0,0.0,0.48,12,0.48,0,6
373,2,1,-18.420292,0.56,14,0.56,0,6
374,1,0,0.0,0.56,14,0.56,0,6
375,1,0,0.0,0.56,14,0.56,0,6
376,2,1,-11.78691,0.6,15,0.6,0,6
377,0,-1,11.78691,0.56,14,0.56,0,6
378,1,0,0.0,0.56,14,0.56,0,6
379,0,-1,-0.0,0.56,14,0.56,0,6
380,2,1,-63.830082,0.76,19,0.76,0,6
381,0,-1,30.097317,0.72,18,0.72,1,6
382,1,0,0.0,0.72,18,0.72,0,6
383,2,1,-21.651394,0.76,19,0.76,0,6
384,2,1,-21.186773,0.8,20,0.8,0,6
385,1,0,0.0,0.8,20,0.8,0,6
386,1,0,0.0,0.8,20,0.8,0,6
387,1,0,0.0,0.8,20,0.8,0,6
388,1,0,0.0,0.8,20,0.8,0,6
389,2,1,-55.73193,0.84,21,0.84,0,6
390,0,-1,-121.550064,0.88,22,0.88,0,6
391,0,-1,81.78836,0.84,21,0.84,0,6
392,2,1,-104.45683,0.88,22,0.88,1,6
393,0,-1,-27.913721,0.88,22,0.88,0,6
394,1,0,0.0,0.88,22,0.88,0,6
395,2,1,-805.5912,0.96,24,0.96,0,6
396,1,0,0.0,0.96,24,0.96,0,6
397,2,1,24.193666,1.0,25,1.0,0,6
398,0,-1,-1000.0,0.0,0,0.0,0,6
399,2,1,-4.1406527,0.2,5,0.2,0,7
400,2,1,28.22638,0.24,6,0.24,0,7
401,0,-1,4.278605,0.2,5,0.2,0,7
402,2,1,-4.278605,0.24,6,0.24,0,7
403,1,0,0.0,0.24,6,0.24,0,7
404,0,-1,-0.0,0.24,6,0.24,0,7
405,2,1,-4.5163865,0.28,7,0.28,0,7
406,2,1,-4.847379,0.32,8,0.32,0,7
407,0,-1,4.847379,0.28,7,0.28,0,7
408,0,-1,-0.0,0.28,7,0.28,0,7
409,1,0,0.0,0.28,7,0.28,0,7
410,0,-1,-27.98924,0.24,6,0.24,0,7
411,2,1,-4.516412,0.28,7,0.28,0,7
412,0,-1,-0.0,0.28,7,0.28,0,7
413,0,-1,-0.0,0.28,7,0.28,0,7
414,1,0,0.0,0.28,7,0.28,0,7
415,0,-1,-0.0,0.28,7,0.28,0,7
416,2,1,27.639961,0.32,8,0.32,0,7
417,1,0,0.0,0.32,8,0.32,0,7
418,1,0,0.0,0.32,8,0.32,1,7
419,0,-1,-13.904364,0.28,7,0.28,0,7
420,1,0,0.0,0.28,7,0.28,0,7
421,2,1,16.555931,0.4,10,0.4,0,7
422,2,1,24.722893,0.44,11,0.44,0,7
423,2,1,20.93107,0.48,12,0.48,0,7
424,2,1,19.539473,0.52,13,0.52,0,7
425,0,-1,-0.0,0.52,13,0.52,0,7
426,2,1,9.765613,0.6,15,0.6,0,7
427,0,-1,-0.0,0.6,15,0.6,0,7
428,0,-1,-0.0,0.6,15,0.6,0,7
429,2,1,6.9653087,0.64,16,0.64,0,7
430,0,-1,-13.751258,0.6,15,0.6,0,7
431,2,1,14.150031,0.64,16,0.64,0,7
432,1,0,0.0,0.64,16,0.64,0,7
433,1,0,0.0,0.64,16,0.64,0,7
434,2,1,-12.3565235,0.72,18,0.72,0,7
435,0,-1,-0.0035159548,0.72,18,0.72,0,7
436,1,0,0.0,0.72,18,0.72,0,7
437,0,-1,-5.7607274,0.68,17,0.68,0,7
438,0,-1,-3.5158966,0.64,16,0.64,1,7
439,0,-1,-23.730566,0.64,16,0.64,0,7
440,2,1,1.3250899,0.68,17,0.68,0,7
441,1,0,0.0,0.68,17,0.68,0,7
442,2,1,-72.58382,0.8,20,0.8,1,7
443,1,0,0.0,0.8,20,0.8,0,7
444,1,0,0.0,0.8,20,0.8,0,7
445,0,-1,-0.0,0.8,20,0.8,0,7
446,2,1,-137.22592,0.88,22,0.88,0,7
447,2,1,-191.85902,0.92,23,0.92,0,7
448,0,-1,181.57419,0.88,22,0.88,0,7
449,1,0,0.0,0.88,22,0.88,0,7
450,2,1,-1000.0,0.0,0,0.0,0,7
451,1,0,0.0,0.16,4,0.16,0,8
452,2,1,28.346605,0.2,5,0.2,0,8
453,0,-1,-0.0,0.2,5,0.2,0,8
454,1,0,0.0,0.2,5,0.2,0,8
455,2,1,23.968313,0.28,7,0.28,0,8
456,1,0,0.0,0.28,7,0.28,0,8
457,1,0,0.0,0.28,7,0.28,0,8
458,2,1,26.441492,0.32,8,0.32,0,8
459,1,0,0.0,0.32,8,0.32,0,8
460,1,0,0.0,0.32,8,0.32,0,8
461,2,1,24.37198,0.36,9,0.36,1,8
462,0,-1,-0.0,0.36,9,0.36,0,8
463,1,0,0.0,0.36,9,0.36,0,8
464,2,1,15.957066,0.44,11,0.44,0,8
465,0,-1,-20.972572,0.44,11,0.44,0,8
466,1,0,0.0,0.44,11,0.44,0,8
467,0,-1,-0.0,0.44,11,0.44,0,8
468,2,1,12.137161,0.52,13,0.52,0,8
469,2,1,16.269182,0.56,14,0.56,0,8
470,0,-1,-16.269182,0.52,13,0.52,0,8
471,2,1,12.608429,0.56,14,0.56,0,8
472,2,1,10.021165,0.6,15,0.6,0,8
473,2,1,-3.2250495,0.68,17,0.68,0,8
474,1,0,0.0,0.68,17,0.68,0,8
475,0,-1,-1.9450763e-07,0.68,17,0.68,0,8
476,2,1,4.119728,0.72,18,0.72,0,8
477,2,1,-13.292093,0.76,19,0.76,0,8
478,0,-1,1.7904812,0.72,18,0.72,0,8
479,2,1,-11.098657,0.76,19,0.76,0,8
480,2,1,-83.61435,0.84,21,0.84,0,8
481,1,0,0.0,0.84,21,0.84,0,8
482,2,1,-294.34473,0.92,23,0.92,0,8
483,2,1,17.559654,1.0,25,1.0,0,8
484,1,0,-1000.0,0.0,0,0.0,0,8
485,1,0,0.0,0.16,4,0.16,0,9
486,2,1,28.364332,0.2,5,0.2,0,9
487,0,-1,-28.364332,0.16,4,0.16,0,9
488,0,-1,-0.0,0.16,4,0.16,0,9
489,0,-1,-0.0,0.16,4,0.16,0,9
490,2,1,-4.1407347,0.2,5,0.2,0,9
491,1,0,0.0,0.2,5,0.2,0,9
492,1,0,0.0,0.2,5,0.2,0,9
493,2,1,28.208652,0.24,6,0.24,0,9
494,1,0,0.0,0.24,6,0.24,0,9
495,2,1,23.39962,0.32,8,0.32,0,9
496,1,0,0.0,0.32,8,0.32,0,9
497,2,1,17.967459,0.4,10,0.4,0,9
498,0,-1,-0.0,0.4,10,0.4,0,9
499,1,0,0.0,0.4,10,0.4,0,9
500,1,0,0.0,0.4,10,0.4,0,9
501,0,-1,-0.22802086,0.4,10,0.4,0,9
502,2,1,17.554182,0.48,12,0.48,0,9
503,0,-1,-0.0,0.48,12,0.48,0,9
504,2,1,8.140976,0.56,14,0.56,0,9
505,1,0,0.0,0.56,14,0.56,0,9
506,2,1,15.545738,0.6,15,0.6,0,9
507,0,-1,-0.0,0.6,15,0.6,0,9
508,1,0,0.0,0.6,15,0.6,0,9
509,0,-1,-14.774389,0.56,14,0.56,0,9
510,2,1,0.866899,0.64,16,0.64,0,9
511,2,1,11.916524,0.68,17,0.68,1,9
512,1,0,0.0,0.68,17,0.68,0,9
513,0,-1,-0.0,0.68,17,0.68,0,9
514,0,-1,-0.0,0.68,17,0.68,0,9
515,1,0,0.0,0.68,17,0.68,0,9
516,0,-1,-0.0,0.68,17,0.68,0,9
517,2,1,5.0390286,0.72,18,0.72,0,9
518,0,-1,-22.318499,0.72,18,0.72,0,9
519,1,0,0.0,0.72,18,0.72,0,9
520,1,0,0.0,0.72,18,0.72,0,9
521,0,-1,-0.0038334234,0.72,18,0.72,1,9
522,0,-1,-0.0,0.72,18,0.72,0,9
523,1,0,0.0,0.72,18,0.72,0,9
524,1,0,0.0,0.72,18,0.72,0,9
525,1,0,0.0,0.72,18,0.72,0,9
526,2,1,-7.544817,0.76,19,0.76,0,9
527,0,-1,4.9873753,0.72,18,0.72,0,9
528,2,1,-43.08643,0.8,20,0.8,0,9
529,2,1,-35.463375,0.84,21,0.84,1,9
530,0,-1,-20.371471,0.84,21,0.84,1,9
531,2,1,-79.908165,0.88,22,0.88,0,9
532,2,1,-815.1083,0.96,24,0.96,0,9
533,2,1,-1000.0,0.0,0,0.0,0,9
534,0,-1,-0.0,0.16,4,0.16,0,10
535,2,1,28.346605,0.2,5,0.2,0,10
536,2,1,19.461393,0.28,7,0.28,0,10
537,2,1,22.635555,0.36,9,0.36,1,10
538,2,1,15.646659,0.44,11,0.44,1,10
539,1,0,0.0,0.44,11,0.44,0,10
540,0,-1,-21.955582,0.4,10,0.4,0,10
541,0,-1,-27.272507,0.4,10,0.4,0,10
542,1,0,0.0,0.4,10,0.4,0,10
543,2,1,24.679964,0.44,11,0.44,0,10
544,1,0,0.0,0.44,11,0.44,0,10
545,1,0,0.0,0.44,11,0.44,0,10
546,0,-1,-0.0,0.44,11,0.44,0,10
547,1,0,0.0,0.44,11,0.44,0,10
548,2,1,10.765631,0.52,13,0.52,0,10
549,0,-1,-17.90466,0.48,12,0.48,0,10
550,1,0,0.0,0.48,12,0.48,0,10
551,2,1,21.063375,0.52,13,0.52,0,10
552,2,1,8.965781,0.56,14,0.56,0,10
553,0,-1,-8.965781,0.52,13,0.52,0,10
554,0,-1,-19.85813,0.48,12,0.48,0,10
555,2,1,13.574895,0.52,13,0.52,0,10
556,2,1,18.443424,0.56,14,0.56,0,10
557,1,0,0.0,0.56,14,0.56,0,10
558,2,1,-1.622998,0.64,16,0.64,0,10
559,2,1,2.9543185,0.68,17,0.68,0,10
560,2,1,-23.764719,0.76,19,0.76,0,10
561,2,1,-22.69737,0.8,20,0.8,1,10
562,1,0,0.0,0.8,20,0.8,0,10
563,0,-1,-0.0,0.8,20,0.8,0,10
564,0,-1,-16.17309,0.8,20,0.8,0,10
565,2,1,-36.53184,0.84,21,0.84,0,10
566,2,1,-912.7133,0.96,24,0.96,0,10
567,0,-1,-0.0,0.96,24,0.96,0,10
568,2,1,21.843382,1.0,25,1.0,0,10
569,0,-1,-1000.0,0.0,0,0.0,0,10
570,0,-1,-0.0,0.16,4,0.16,0,11
571,0,-1,-0.0,0.16,4,0.16,0,11
572,0,-1,-0.0,0.16,4,0.16,0,11
573,0,-1,-0.0,0.16,4,0.16,0,11
574,2,1,28.364332,0.2,5,0.2,0,11
575,2,1,28.208652,0.24,6,0.24,0,11
576,1,0,0.0,0.24,6,0.24,0,11
577,0,-1,-0.0,0.24,6,0.24,0,11
578,2,1,-4.515744,0.28,7,0.28,0,11
579,2,1,26.436209,0.32,8,0.32,0,11
580,1,0,0.0,0.32,8,0.32,0,11
581,2,1,20.356783,0.4,10,0.4,0,11
582,1,0,0.0,0.4,10,0.4,0,11
583,2,1,-6.5202236,0.44,11,0.44,0,11
584,0,-1,6.5202236,0.4,10,0.4,0,11
585,0,-1,-0.0,0.4,10,0.4,0,11
586,2,1,21.522146,0.44,11,0.44,0,11
587,2,1,-7.391865,0.48,12,0.48,0,11
588,1,0,0.0,0.48,12,0.48,0,11
589,2,1,-0.41298774,0.6,15,0.6,0,11
590,0,-1,11.7863245,0.56,14,0.56,0,11
591,1,0,0.0,0.56,14,0.56,0,11
592,2,1,15.984867,0.6,15,0.6,0,11
593,1,0,0.0,0.6,15,0.6,0,11
594,0,-1,-0.0,0.6,15,0.6,0,11
595,0,-1,-0.0,0.6,15,0.6,0,11
596,2,1,-14.285936,0.64,16,0.64,0,11
597,0,-1,14.286496,0.6,15,0.6,0,11
598,2,1,-25.459751,0.72,18,0.72,1,11
599,2,1,-106.06015,0.84,21,0.84,0,11
600,1,0,0.0,0.84,21,0.84,0,11
601,0,-1,35.48387,0.8,20,0.8,0,11
602,1,0,0.0,0.8,20,0.8,0,11
603,1,0,0.0,0.8,20,0.8,0,11
604,2,1,-35.48387,0.84,21,0.84,0,11
605,0,-1,-13.444613,0.84,21,0.84,0,11
606,0,-1,-2.386642e-10,0.84,21,0.84,0,11
607,2,1,-77.71081,0.88,22,0.88,0,11
608,0,-1,-0.0752477,0.88,22,0.88,0,11
609,0,-1,78.9194,0.84,21,0.84,0,11
610,2,1,-78.68049,0.88,22,0.88,0,11
611,1,0,0.0,0.88,22,0.88,0,11
612,1,0,0.0,0.88,22,0.88,0,11
613,1,0,0.0,0.88,22,0.88,0,11
614,0,-1,-0.007469027,0.88,22,0.88,0,11
615,0,-1,-0.0,0.88,22,0.88,0,11
616,0,-1,78.68049,0.84,21,0.84,0,11
617,2,1,-78.68049,0.88,22,0.88,0,11
618,1,0,0.0,0.88,22,0.88,0,11
619,1,0,0.0,0.88,22,0.88,0,11
620,1,0,0.0,0.88,22,0.88,1,11
621,1,0,0.0,0.88,22,0.88,0,11
622,2,1,-807.10144,0.96,24,0.96,0,11
623,2,1,-1000.0,0.0,0,0.0,0,11
624,0,-1,-0.0,0.16,4,0.16,0,12
625,2,1,-4.1406527,0.2,5,0.2,1,12
626,2,1,21.21308,0.24,6,0.24,0,12
627,2,1,18.616447,0.28,7,0.28,0,12
628,0,-1,-0.0,0.28,7,0.28,0,12
629,2,1,2.6027005,0.48,12,0.48,0,12
630,1,0,0.0,0.48,12,0.48,0,12
631,2,1,12.013485,0.52,13,0.52,0,12
632,2,1,19.53172,0.56,14,0.56,0,12
633,2,1,6.255532,0.64,16,0.64,0,12
634,2,1,13.363523,0.68,17,0.68,0,12
635,1,0,0.0,0.68,17,0.68,0,12
636,2,1,4.4185514,0.72,18,0.72,0,12
637,1,0,0.0,0.72,18,0.72,0,12
638,1,0,0.0,0.72,18,0.72,0,12
639,2,1,-45.942734,0.8,20,0.8,0,12
640,0,-1,19.295048,0.76,19,0.76,0,12
641,1,0,0.0,0.76,19,0.76,1,12
642,1,0,0.0,0.76,19,0.76,0,12
643,1,0,0.0,0.76,19,0.76,0,12
644,1,0,0.0,0.76,19,0.76,0,12
645,0,-1,-27.234545,0.76,19,0.76,0,12
646,2,1,-73.43894,0.84,21,0.84,0,12
647,0,-1,-23.95096,0.84,21,0.84,0,12
648,0,-1,-0.16845015,0.84,21,0.84,0,12
649,1,0,0.0,0.84,21,0.84,0,12
650,0,-1,-0.012729482,0.84,21,0.84,0,12
651,1,0,0.0,0.84,21,0.84,0,12
652,0,-1,32.935413,0.8,20,0.8,0,12
653,1,0,0.0,0.8,20,0.8,0,12
654,0,-1,13.930219,0.76,19,0.76,0,12
655,0,-1,8.013995,0.72,18,0.72,0,12
656,2,1,-0.22913864,0.76,19,0.76,0,12
657,1,0,0.0,0.76,19,0.76,0,12
658,2,1,-21.204836,0.8,20,0.8,0,12
659,2,1,-41.21835,0.84,21,0.84,0,12
660,1,0,0.0,0.84,21,0.84,0,12
661,1,0,0.0,0.84,21,0.84,0,12
662,0,-1,-0.0,0.84,21,0.84,1,12
663,2,1,-84.49227,0.88,22,0.88,0,12
664,2,1,-186.77989,0.92,23,0.92,0,12
665,2,1,-1000.0,0.0,0,0.0,0,12
666,2,1,28.364332,0.2,5,0.2,0,13
667,2,1,23.955872,0.28,7,0.28,0,13
668,2,1,26.436209,0.32,8,0.32,0,13
669,2,1,24.369835,0.36,9,0.36,0,13
670,2,1,-5.829036,0.4,10,0.4,0,13
671,1,0,0.0,0.4,10,0.4,0,13
672,2,1,-6.520649,0.44,11,0.44,0,13
673,0,-1,-0.0,0.44,11,0.44,0,13
674,2,1,20.865192,0.48,12,0.48,0,13
675,0,-1,-22.258423,0.44,11,0.44,0,13
676,1,0,0.0,0.44,11,0.44,0,13
677,2,1,22.258423,0.48,12,0.48,0,13
678,1,0,0.0,0.48,12,0.48,0,13
679,0,-1,-20.865192,0.44,11,0.44,0,13
680,1,0,0.0,0.44,11,0.44,0,13
681,0,-1,-0.0,0.44,11,0.44,0,13
682,0,-1,-0.0,0.44,11,0.44,0,13
683,2,1,-7.3912225,0.48,12,0.48,0,13
684,2,1,-0.96869725,0.6,15,0.6,0,13
685,2,1,-5.3598356,0.68,17,0.68,0,13
686,0,-1,-8.197792,0.64,16,0.64,0,13
687,1,0,0.0,0.64,16,0.64,0,13
688,1,0,0.0,0.64,16,0.64,0,13
689,1,0,0.0,0.64,16,0.64,0,13
690,0,-1,-0.0,0.64,16,0.64,0,13
691,0,-1,14.286362,0.6,15,0.6,0,13
692,0,-1,-0.0,0.6,15,0.6,0,13
693,2,1,-14.286361,0.64,16,0.64,0,13
694,1,0,0.0,0.64,16,0.64,0,13
695,1,0,0.0,0.64,16,0.64,1,13
696,1,0,0.0,0.64,16,0.64,0,13
697,0,-1,-9.432832,0.6,15,0.6,0,13
698,2,1,15.3397,0.64,16,0.64,0,13
699,2,1,10.025046,0.68,17,0.68,0,13
700,0,-1,-12.205783,0.68,17,0.68,0,13
701,0,-1,-0.013777883,0.68,17,0.68,0,13
702,1,0,0.0,0.68,17,0.68,0,13
703,0,-1,-0.0,0.68,17,0.68,0,13
704,1,0,0.0,0.68,17,0.68,0,13
705,2,1,3.231259,0.72,18,0.72,0,13
706,2,1,-4.738834,0.76,19,0.76,1,13
707,2,1,-18.655355,0.8,20,0.8,0,13
708,2,1,-348.9317,0.92,23,0.92,0,13
709,2,1,-1000.0,0.0,0,0.0,0,13
710,1,0,0.0,0.16,4,0.16,0,14
711,1,0,0.0,0.16,4,0.16,0,14
712,2,1,-4.1407347,0.2,5,0.2,0,14
713,0,-1,-0.0,0.2,5,0.2,0,14
714,0,-1,4.1407347,0.16,4,0.16,0,14
715,2,1,-4.1407347,0.2,5,0.2,0,14
716,2,1,28.22638,0.24,6,0.24,0,14
717,0,-1,4.278687,0.2,5,0.2,0,14
718,2,1,-4.278687,0.24,6,0.24,0,14
719,2,1,27.971514,0.28,7,0.28,0,14
720,2,1,26.441492,0.32,8,0.32,0,14
721,2,1,-5.27981,0.36,9,0.36,0,14
722,2,1,-5.8295894,0.4,10,0.4,0,14
723,1,0,0.0,0.4,10,0.4,0,14
724,0,-1,5.8295894,0.36,9,0.36,0,14
725,0,-1,-0.15642108,0.36,9,0.36,1,14
726,1,0,0.0,0.36,9,0.36,0,14
727,1,0,0.0,0.36,9,0.36,0,14
728,0,-1,-0.0,0.36,9,0.36,0,14
729,0,-1,-13.524447,0.32,8,0.32,0,14
730,0,-1,-21.587927,0.28,7,0.28,0,14
731,2,1,20.385448,0.32,8,0.32,1,14
732,2,1,17.258259,0.4,10,0.4,0,14
733,0,-1,-21.50047,0.36,9,0.36,0,14
734,1,0,0.0,0.36,9,0.36,0,14
735,1,0,0.0,0.36,9,0.36,0,14
736,1,0,0.0,0.36,9,0.36,0,14
737,2,1,25.34452,0.4,10,0.4,0,14
738,0,-1,-26.000877,0.36,9,0.36,0,14
739,1,0,0.0,0.36,9,0.36,0,14
740,0,-1,-23.086311,0.32,8,0.32,0,14
741,1,0,0.0,0.32,8,0.32,0,14
742,2,1,25.934895,0.36,9,0.36,0,14
743,1,0,0.0,0.36,9,0.36,0,14
744,1,0,0.0,0.36,9,0.36,0,14
745,1,0,0.0,0.36,9,0.36,0,14
746,2,1,9.4717655,0.48,12,0.48,0,14
747,2,1,15.846876,0.52,13,0.52,0,14
748,1,0,0.0,0.52,13,0.52,1,14
749,1,0,0.0,0.52,13,0.52,0,14
750,0,-1,-22.64737,0.48,12,0.48,0,14
751,2,1,8.482715,0.56,14,0.56,0,14
752,0,-1,-13.650507,0.52,13,0.52,0,14
753,0,-1,-0.0,0.52,13,0.52,0,14
754,1,0,0.0,0.52,13,0.52,0,14
755,1,0,0.0,0.52,13,0.52,0,14
756,0,-1,-32.783028,0.56,14,0.56,0,14
757,1,0,0.0,0.56,14,0.56,0,14
758,1,0,0.0,0.56,14,0.56,0,14
759,1,0,0.0,0.56,14,0.56,0,14
760,2,1,19.358644,0.6,15,0.6,0,14
761,1,0,0.0,0.6,15,0.6,0,14
762,0,-1,-11.074094,0.56,14,0.56,1,14
763,2,1,11.066793,0.6,15,0.6,0,14
764,2,1,8.981463,0.64,16,0.64,0,14
765,1,0,0.0,0.64,16,0.64,0,14
766,1,0,0.0,0.64,16,0.64,0,14
767,2,1,-43.13826,0.76,19,0.76,0,14
768,1,0,0.0,0.76,19,0.76,0,14
769,2,1,-20.754688,0.8,20,0.8,0,14
770,2,1,-32.410873,0.84,21,0.84,0,14
771,0,-1,-128.17027,0.88,22,0.88,0,14
772,1,0,0.0,0.88,22,0.88,0,14
773,1,0,0.0,0.88,22,0.88,0,14
774,2,1,-183.48262,0.92,23,0.92,0,14
775,1,0,0.0,0.92,23,0.92,0,14
776,2,1,-599.3433,0.96,24,0.96,0,14
777,2,1,27.5657,1.0,25,1.0,0,14
778,0,-1,-1000.0,0.0,0,0.0,0,14
779,2,1,28.346605,0.2,5,0.2,0,15
780,0,-1,-28.346605,0.16,4,0.16,0,15
781,0,-1,-0.0,0.16,4,0.16,0,15
782,0,-1,-0.0,0.16,4,0.16,0,15
783,2,1,28.364332,0.2,5,0.2,0,15
784,2,1,-4.278605,0.24,6,0.24,0,15
785,0,-1,-0.0,0.24,6,0.24,0,15
786,1,0,0.0,0.24,6,0.24,0,15
787,1,0,0.0,0.24,6,0.24,0,15
788,2,1,27.971514,0.28,7,0.28,0,15
789,2,1,26.441492,0.32,8,0.32,0,15
790,2,1,26.003696,0.36,9,0.36,0,15
791,1,0,0.0,0.36,9,0.36,0,15
792,2,1,-5.8295965,0.4,10,0.4,0,15
793,2,1,6.666545,0.52,13,0.52,0,15
794,0,-1,-0.0036137272,0.52,13,0.52,0,15
795,1,0,0.0,0.52,13,0.52,0,15
796,1,0,0.0,0.52,13,0.52,0,15
797,2,1,-9.92201,0.56,14,0.56,1,15
798,2,1,-42.589043,0.72,18,0.72,0,15
799,2,1,-50.2939,0.8,20,0.8,0,15
800,1,0,0.0,0.8,20,0.8,0,15
801,0,-1,-0.0,0.8,20,0.8,0,15
802,1,0,0.0,0.8,20,0.8,0,15
803,1,0,0.0,0.8,20,0.8,0,15
804,2,1,-33.271954,0.84,21,0.84,0,15
805,0,-1,33.271954,0.8,20,0.8,0,15
806,1,0,0.0,0.8,20,0.8,0,15
807,0,-1,13.528861,0.76,19,0.76,0,15
808,2,1,-13.97539,0.8,20,0.8,0,15
809,2,1,-146.904,0.88,22,0.88,0,15
810,1,0,0.0,0.88,22,0.88,0,15
811,0,-1,76.13528,0.84,21,0.84,0,15
812,2,1,-295.6728,0.92,23,0.92,0,15
813,2,1,-599.07587,0.96,24,0.96,0,15
814,0,-1,-0.0,0.96,24,0.96,0,15
815,2,1,14.185633,1.0,25,1.0,0,15
816,2,1,-1000.0,0.0,0,0.0,0,15
817,1,0,0.0,0.16,4,0.16,0,16
818,2,1,-4.1407347,0.2,5,0.2,0,16
819,1,0,0.0,0.2,5,0.2,0,16
820,1,0,0.0,0.2,5,0.2,0,16
821,2,1,-4.278605,0.24,6,0.24,0,16
822,0,-1,-0.0,0.24,6,0.24,0,16
823,2,1,-4.5163865,0.28,7,0.28,0,16
824,2,1,-4.8479323,0.32,8,0.32,0,16
825,2,1,27.207449,0.36,9,0.36,0,16
826,0,-1,5.2804523,0.32,8,0.32,0,16
827,1,0,0.0,0.32,8,0.32,0,16
828,2,1,27.225174,0.36,9,0.36,0,16
829,0,-1,5.2804456,0.32,8,0.32,0,16
830,1,0,0.0,0.32,8,0.32,0,16
831,2,1,26.003696,0.36,9,0.36,0,16
832,0,-1,5.279892,0.32,8,0.32,0,16
833,0,-1,4.847297,0.28,7,0.28,0,16
834,1,0,0.0,0.28,7,0.28,1,16
835,0,-1,-30.589914,0.28,7,0.28,0,16
836,1,0,0.0,0.28,7,0.28,0,16
837,2,1,18.205067,0.36,9,0.36,0,16
838,2,1,22.585682,0.4,10,0.4,0,16
839,1,0,0.0,0.4,10,0.4,0,16
840,2,1,14.282389,0.48,12,0.48,0,16
841,1,0,0.0,0.48,12,0.48,0,16
842,2,1,10.30257,0.52,13,0.52,0,16
843,0,-1,-19.916996,0.48,12,0.48,0,16
844,0,-1,-20.941027,0.44,11,0.44,0,16
845,2,1,20.941027,0.48,12,0.48,0,16
846,2,1,11.036329,0.52,13,0.52,0,16
847,0,-1,-10.30257,0.48,12,0.48,0,16
848,1,0,0.0,0.48,12,0.48,0,16
849,2,1,22.801334,0.52,13,0.52,1,16
850,1,0,0.0,0.52,13,0.52,0,16
851,2,1,18.557253,0.56,14,0.56,0,16
852,2,1,0.57863474,0.64,16,0.64,0,16
853,1,0,0.0,0.64,16,0.64,0,16
854,2,1,10.593606,0.68,17,0.68,0,16
855,1,0,0.0,0.68,17,0.68,0,16
856,2,1,3.1422443,0.72,18,0.72,0,16
857,0,-1,-3.9758873,0.68,17,0.68,0,16
858,2,1,-22.57422,0.76,19,0.76,0,16
859,0,-1,-24.66274,0.76,19,0.76,0,16
860,1,0,0.0,0.76,19,0.76,0,16
861,2,1,-15.3342905,0.8,20,0.8,0,16
862,0,-1,15.3342905,0.76,19,0.76,0,16
863,2,1,-25.831257,0.8,20,0.8,0,16
864,2,1,-33.24251,0.84,21,0.84,1,16
865,1,0,0.0,0.84,21,0.84,0,16
866,0,-1,-0.0,0.84,21,0.84,0,16
867,1,0,0.0,0.84,21,0.84,0,16
868,0,-1,34.495872,0.8,20,0.8,0,16
869,1,0,0.0,0.8,20,0.8,0,16
870,1,0,0.0,0.8,20,0.8,0,16
871,1,0,0.0,0.8,20,0.8,0,16
872,0,-1,16.113857,0.76,19,0.76,0,16
873,2,1,-76.19239,0.84,21,0.84,0,16
874,1,0,0.0,0.84,21,0.84,0,16
875,0,-1,-22.90893,0.84,21,0.84,0,16
876,0,-1,-27.32183,0.84,21,0.84,0,16
877,2,1,-83.7056,0.88,22,0.88,0,16
878,0,-1,-28.304028,0.88,22,0.88,0,16
879,1,0,0.0,0.88,22,0.88,0,16
880,2,1,-183.36502,0.92,23,0.92,0,16
881,1,0,0.0,0.92,23,0.92,0,16
882,1,0,0.0,0.92,23,0.92,0,16
883,1,0,0.0,0.92,23,0.92,0,16
884,1,0,0.0,0.92,23,0.92,0,16
885,2,1,-596.2637,0.96,24,0.96,0,16
886,2,1,17.282093,1.0,25,1.0,0,16
887,1,0,-1000.0,0.0,0,0.0,0,16
888,1,0,0.0,0.16,4,0.16,0,17
889,2,1,-4.1406527,0.2,5,0.2,0,17
890,2,1,28.208652,0.24,6,0.24,0,17
891,2,1,-4.5163865,0.28,7,0.28,0,17
892,1,0,0.0,0.28,7,0.28,0,17
893,0,-1,-27.971514,0.24,6,0.24,0,17
894,1,0,0.0,0.24,6,0.24,0,17
895,1,0,0.0,0.24,6,0.24,0,17
896,2,1,27.98924,0.28,7,0.28,0,17
897,2,1,16.793488,0.4,10,0.4,0,17
898,1,0,0.0,0.4,10,0.4,0,17
899,1,0,0.0,0.4,10,0.4,0,17
900,1,0,0.0,0.4,10,0.4,0,17
901,0,-1,5.8295965,0.36,9,0.36,0,17
902,2,1,19.11238,0.44,11,0.44,0,17
903,1,0,0.0,0.44,11,0.44,0,17
904,1,0,0.0,0.44,11,0.44,0,17
905,2,1,-7.3917303,0.48,12,0.48,0,17
906,0,-1,-0.0,0.48,12,0.48,0,17
907,0,-1,-0.0,0.48,12,0.48,1,17
908,0,-1,-17.755827,0.44,11,0.44,0,17
909,2,1,7.6002293,0.48,12,0.48,0,17
910,0,-1,-0.0,0.48,12,0.48,0,17
911,0,-1,-7.6002293,0.44,11,0.44,0,17
912,2,1,7.6002293,0.48,12,0.48,0,17
913,1,0,0.0,0.48,12,0.48,0,17
914,1,0,0.0,0.48,12,0.48,0,17
915,0,-1,-0.0,0.48,12,0.48,0,17
916,2,1,1.3343337,0.52,13,0.52,1,17
917,2,1,-25.35469,0.68,17,0.68,0,17
918,0,-1,-0.0,0.68,17,0.68,0,17
919,0,-1,-12.631162,0.64,16,0.64,0,17
920,0,-1,-10.939854,0.6,15,0.6,0,17
921,1,0,0.0,0.6,15,0.6,0,17
922,1,0,0.0,0.6,15,0.6,0,17
923,2,1,-3.9849072,0.68,17,0.68,0,17
924,1,0,0.0,0.68,17,0.68,0,17
925,2,1,7.0063,0.72,18,0.72,0,17
926,2,1,-6.9882016,0.76,19,0.76,0,17
927,2,1,-13.40874,0.8,20,0.8,0,17
928,1,0,0.0,0.8,20,0.8,0,17
929,1,0,0.0,0.8,20,0.8,0,17
930,0,-1,-1.6200374e-12,0.8,20,0.8,0,17
931,2,1,-35.544647,0.84,21,0.84,0,17
932,0,-1,-0.0,0.84,21,0.84,0,17
933,1,0,0.0,0.84,21,0.84,0,17
934,2,1,-83.7878,0.88,22,0.88,0,17
935,0,-1,81.34729,0.84,21,0.84,0,17
936,0,-1,-0.0,0.84,21,0.84,0,17
937,2,1,-911.3312,0.96,24,0.96,1,17
938,1,0,0.0,0.96,24,0.96,0,17
939,0,-1,-18.409525,0.96,24,0.96,0,17
940,0,-1,-7.6337514,0.96,24,0.96,0,17
941,1,0,0.0,0.96,24,0.96,0,17
942,0,-1,-24.951746,0.96,24,0.96,0,17
943,1,0,0.0,0.96,24,0.96,0,17
944,0,-1,602.15985,0.92,23,0.92,0,17
945,1,0,0.0,0.92,23,0.92,0,17
946,1,0,0.0,0.92,23,0.92,0,17
947,0,-1,-648.36194,0.96,24,0.96,0,17
948,0,-1,602.1699,0.92,23,0.92,0,17
949,1,0,0.0,0.92,23,0.92,0,17
950,1,0,0.0,0.92,23,0.92,0,17
951,1,0,0.0,0.92,23,0.92,0,17
952,2,1,-1000.0,0.0,0,0.0,0,17
953,2,1,28.346605,0.2,5,0.2,0,18
954,1,0,0.0,0.2,5,0.2,0,18
955,0,-1,-28.346605,0.16,4,0.16,0,18
956,0,-1,-0.0,0.16,4,0.16,0,18
957,1,0,0.0,0.16,4,0.16,0,18
958,0,-1,-0.0,0.16,4,0.16,0,18
959,0,-1,-0.0,0.16,4,0.16,0,18
960,0,-1,-0.0,0.16,4,0.16,0,18
961,1,0,0.0,0.16,4,0.16,0,18
962,1,0,0.0,0.16,4,0.16,1,18
963,2,1,21.946438,0.2,5,0.2,0,18
964,2,1,24.899467,0.24,6,0.24,0,18
965,0,-1,-0.0,0.24,6,0.24,0,18
966,1,0,0.0,0.24,6,0.24,0,18
967,2,1,27.887657,0.28,7,0.28,0,18
968,2,1,22.143875,0.36,9,0.36,0,18
969,0,-1,-27.123592,0.32,8,0.32,0,18
970,2,1,21.303875,0.4,10,0.4,0,18
971,2,1,24.35852,0.44,11,0.44,0,18
972,2,1,15.274159,0.52,13,0.52,0,18
973,0,-1,-19.296515,0.48,12,0.48,0,18
974,0,-1,-0.0,0.48,12,0.48,0,18
975,1,0,0.0,0.48,12,0.48,0,18
976,0,-1,-21.495749,0.44,11,0.44,0,18
977,2,1,12.802939,0.52,13,0.52,0,18
978,2,1,14.782735,0.56,14,0.56,0,18
979,0,-1,-21.134075,0.52,13,0.52,0,18
980,0,-1,-22.381021,0.48,12,0.48,0,18
981,0,-1,-0.0,0.48,12,0.48,0,18
982,0,-1,-15.010214,0.44,11,0.44,0,18
983,2,1,23.664196,0.48,12,0.48,0,18
984,0,-1,-16.466318,0.44,11,0.44,0,18
985,2,1,20.402931,0.48,12,0.48,0,18
986,2,1,22.381021,0.52,13,0.52,0,18
987,1,0,0.0,0.52,13,0.52,0,18
988,0,-1,-22.55778,0.48,12,0.48,0,18
989,2,1,5.5019226,0.56,14,0.56,0,18
990,2,1,3.8523195,0.64,16,0.64,0,18
991,0,-1,-3.884736e-05,0.64,16,0.64,0,18
992,0,-1,-12.104414,0.6,15,0.6,1,18
993,2,1,16.724628,0.64,16,0.64,0,18
994,1,0,0.0,0.64,16,0.64,0,18
995,2,1,-15.973769,0.72,18,0.72,0,18
996,2,1,-3.0619733,0.76,19,0.76,0,18
997,1,0,0.0,0.76,19,0.76,0,18
998,2,1,-20.009592,0.8,20,0.8,0,18
999,0,-1,-0.0,0.8,20,0.8,0,18
1000,0,-1,10.9748535,0.76,19,0.76,0,18
1001,1,0,0.0,0.76,19,0.76,0,18
1002,0,-1,-0.0,0.76,19,0.76,0,18
1003,0,-1,0.22347392,0.72,18,0.72,0,18
1004,1,0,0.0,0.72,18,0.72,0,18
1005,0,-1,-0.0,0.72,18,0.72,0,18
1006,1,0,0.0,0.72,18,0.72,0,18
1007,1,0,0.0,0.72,18,0.72,0,18
1008,2,1,-10.257104,0.76,19,0.76,0,18
1009,0,-1,-68.83745,0.8,20,0.8,0,18
1010,0,-1,15.134589,0.76,19,0.76,0,18
1011,2,1,-391.00186,0.92,23,0.92,0,18
1012,1,0,0.0,0.92,23,0.92,0,18
1013,0,-1,176.7758,0.88,22,0.88,0,18
1014,1,0,0.0,0.88,22,0.88,0,18
1015,2,1,-189.10036,0.92,23,0.92,0,18
1016,1,0,0.0,0.92,23,0.92,0,18
1017,1,0,0.0,0.92,23,0.92,0,18
1018,1,0,0.0,0.92,23,0.92,0,18
1019,0,-1,189.10036,0.88,22,0.88,0,18
1020,1,0,0.0,0.88,22,0.88,0,18
1021,1,0,0.0,0.88,22,0.88,1,18
1022,0,-1,-13.652822,0.88,22,0.88,0,18
1023,0,-1,-32.03169,0.88,22,0.88,0,18
1024,0,-1,75.34274,0.84,21,0.84,0,18
1025,1,0,0.0,0.84,21,0.84,0,18
1026,2,1,-75.97,0.88,22,0.88,0,18
1027,1,0,0.0,0.88,22,0.88,0,18
1028,2,1,-187.9907,0.92,23,0.92,0,18
1029,1,0,0.0,0.92,23,0.92,0,18
1030,0,-1,-17.799313,0.92,23,0.92,0,18
1031,1,0,0.0,0.92,23,0.92,0,18
1032,1,0,0.0,0.92,23,0.92,0,18
1033,1,0,0.0,0.92,23,0.92,0,18
1034,1,0,0.0,0.92,23,0.92,0,18
1035,0,-1,-0.0,0.92,23,0.92,0,18
1036,1,0,0.0,0.92,23,0.92,0,18
1037,2,1,-601.992,0.96,24,0.96,0,18
1038,2,1,25.356512,1.0,25,1.0,1,18
1039,2,1,-1000.0,0.0,0,0.0,0,18
1040,0,-1,-0.0,0.16,4,0.16,0,19
1041,2,1,-4.1407347,0.2,5,0.2,0,19
1042,1,0,0.0,0.2,5,0.2,0,19
1043,1,0,0.0,0.2,5,0.2,0,19
1044,1,0,0.0,0.2,5,0.2,0,19
1045,2,1,28.208652,0.24,6,0.24,0,19
1046,1,0,0.0,0.24,6,0.24,0,19
1047,2,1,23.39962,0.32,8,0.32,1,19
1048,1,0,0.0,0.32,8,0.32,0,19
1049,1,0,0.0,0.32,8,0.32,0,19
1050,1,0,0.0,0.32,8,0.32,0,19
1051,2,1,15.593441,0.36,9,0.36,0,19
1052,1,0,0.0,0.36,9,0.36,0,19
1053,0,-1,-36.424553,0.4,10,0.4,0,19
1054,1,0,0.0,0.4,10,0.4,0,19
1055,0,-1,-0.24369948,0.4,10,0.4,0,19
1056,2,1,4.976012,0.48,12,0.48,0,19
1057,1,0,0.0,0.48,12,0.48,0,19
1058,1,0,0.0,0.48,12,0.48,0,19
1059,2,1,-0.9611521,0.56,14,0.56,0,19
1060,0,-1,-15.374629,0.52,13,0.52,0,19
1061,2,1,-7.6156344,0.64,16,0.64,0,19
1062,1,0,0.0,0.64,16,0.64,0,19
1063,1,0,0.0,0.64,16,0.64,0,19
1064,2,1,5.4425554,0.68,17,0.68,0,19
1065,2,1,-10.613781,0.72,18,0.72,0,19
1066,0,-1,-0.0,0.72,18,0.72,0,19
1067,0,-1,-8.554222,0.68,17,0.68,0,19
1068,2,1,-28.818602,0.76,19,0.76,0,19
1069,0,-1,-0.28644347,0.76,19,0.76,0,19
1070,2,1,-92.42897,0.84,21,0.84,1,19
1071,0,-1,-26.492298,0.84,21,0.84,0,19
1072,1,0,0.0,0.84,21,0.84,0,19
1073,2,1,-73.23733,0.88,22,0.88,0,19
1074,1,0,0.0,0.88,22,0.88,0,19
1075,2,1,16.334696,1.0,25,1.0,0,19
1076,2,1,-1000.0,0.0,0,0.0,0,19
1077,0,-1,-0.0,0.16,4,0.16,0,20
1078,2,1,28.364332,0.2,5,0.2,0,20
1079,1,0,0.0,0.2,5,0.2,0,20
1080,1,0,0.0,0.2,5,0.2,0,20
1081,1,0,0.0,0.2,5,0.2,1,20
1082,2,1,19.27303,0.28,7,0.28,0,20
1083,1,0,0.0,0.28,7,0.28,0,20
1084,0,-1,-23.277052,0.24,6,0.24,0,20
1085,0,-1,-28.283646,0.2,5,0.2,0,20
1086,1,0,0.0,0.2,5,0.2,0,20
1087,0,-1,-22.502874,0.16,4,0.16,0,20
1088,2,1,18.761639,0.2,5,0.2,0,20
1089,1,0,0.0,0.2,5,0.2,0,20
1090,2,1,28.104582,0.24,6,0.24,0,20
1091,0,-1,-18.623686,0.2,5,0.2,0,20
1092,2,1,18.623686,0.24,6,0.24,0,20
1093,2,1,22.127783,0.28,7,0.28,0,20
1094,1,0,0.0,0.28,7,0.28,0,20
1095,1,0,0.0,0.28,7,0.28,0,20
1096,2,1,27.64176,0.32,8,0.32,0,20
1097,0,-1,-18.054993,0.28,7,0.28,0,20
1098,1,0,0.0,0.28,7,0.28,0,20
1099,1,0,0.0,0.28,7,0.28,0,20
1100,0,-1,-22.127783,0.24,6,0.24,0,20
1101,0,-1,-0.0,0.24,6,0.24,0,20
1102,2,1,22.127783,0.28,7,0.28,0,20
1103,1,0,0.0,0.28,7,0.28,0,20
1104,0,-1,-27.867443,0.24,6,0.24,0,20
1105,1,0,0.0,0.24,6,0.24,0,20
1106,1,0,0.0,0.24,6,0.24,0,20
1107,2,1,23.294489,0.32,8,0.32,0,20
1108,0,-1,-21.79623,0.28,7,0.28,1,20
1109,2,1,19.161503,0.36,9,0.36,0,20
1110,0,-1,-27.926426,0.36,9,0.36,0,20
1111,0,-1,-0.13592368,0.36,9,0.36,0,20
1112,1,0,0.0,0.36,9,0.36,0,20
1113,2,1,18.718374,0.4,10,0.4,0,20
1114,1,0,0.0,0.4,10,0.4,0,20
1115,2,1,16.64849,0.44,11,0.44,0,20
1116,1,0,0.0,0.44,11,0.44,0,20
1117,2,1,11.777348,0.52,13,0.52,0,20
1118,2,1,11.861636,0.56,14,0.56,0,20
1119,2,1,13.683072,0.6,15,0.6,0,20
1120,1,0,0.0,0.6,15,0.6,0,20
1121,1,0,0.0,0.6,15,0.6,0,20
1122,1,0,0.0,0.6,15,0.6,0,20
1123,1,0,0.0,0.6,15,0.6,0,20
1124,2,1,14.183391,0.64,16,0.64,0,20
1125,0,-1,-0.0,0.64,16,0.64,0,20
1126,2,1,-80.94005,0.8,20,0.8,0,20
1127,0,-1,15.762437,0.76,19,0.76,0,20
1128,1,0,0.0,0.76,19,0.76,0,20
1129,2,1,-82.33378,0.84,21,0.84,0,20
1130,0,-1,43.179806,0.8,20,0.8,0,20
1131,2,1,-36.580612,0.84,21,0.84,0,20
1132,0,-1,-0.0,0.84,21,0.84,0,20
1133,0,-1,36.737198,0.8,20,0.8,0,20
1134,2,1,-34.734623,0.84,21,0.84,0,20
1135,1,0,0.0,0.84,21,0.84,0,20
1136,1,0,0.0,0.84,21,0.84,1,20
1137,1,0,0.0,0.84,21,0.84,0,20
1138,0,-1,36.383003,0.8,20,0.8,0,20
1139,0,-1,-0.0,0.8,20,0.8,0,20
1140,2,1,-348.6069,0.92,23,0.92,0,20
1141,2,1,29.113081,1.0,25,1.0,0,20
1142,1,0,-1000.0,0.0,0,0.0,0,20
1143,1,0,0.0,0.16,4,0.16,1,21
1144,1,0,0.0,0.16,4,0.16,0,21
1145,1,0,0.0,0.16,4,0.16,0,21
1146,2,1,25.03742,0.2,5,0.2,0,21
1147,2,1,23.618288,0.28,7,0.28,0,21
1148,2,1,16.833801,0.36,9,0.36,0,21
1149,0,-1,-18.93715,0.32,8,0.32,0,21
1150,0,-1,-31.368246,0.36,9,0.36,0,21
1151,0,-1,-21.615341,0.32,8,0.32,0,21
1152,2,1,26.991625,0.36,9,0.36,0,21
1153,0,-1,-0.30844936,0.36,9,0.36,0,21
1154,0,-1,-26.991625,0.32,8,0.32,0,21
1155,2,1,15.852144,0.4,10,0.4,0,21
1156,2,1,17.93077,0.44,11,0.44,0,21
1157,0,-1,-0.0,0.44,11,0.44,0,21
1158,1,0,0.0,0.44,11,0.44,0,21
1159,1,0,0.0,0.44,11,0.44,0,21
1160,1,0,0.0,0.44,11,0.44,0,21
1161,0,-1,-0.0,0.44,11,0.44,0,21
1162,1,0,0.0,0.44,11,0.44,0,21
1163,1,0,0.0,0.44,11,0.44,0,21
1164,1,0,0.0,0.44,11,0.44,0,21
1165,1,0,0.0,0.44,11,0.44,0,21
1166,1,0,0.0,0.44,11,0.44,0,21
1167,2,1,17.312855,0.48,12,0.48,0,21
1168,1,0,0.0,0.48,12,0.48,0,21
1169,2,1,14.073629,0.56,14,0.56,0,21
1170,2,1,9.949897,0.6,15,0.6,1,21
1171,0,-1,-13.589427,0.56,14,0.56,0,21
1172,0,-1,-0.0,0.56,14,0.56,0,21
1173,0,-1,-0.0,0.56,14,0.56,0,21
1174,0,-1,-16.4217,0.52,13,0.52,0,21
1175,2,1,-6.0032663,0.64,16,0.64,0,21
1176,0,-1,-15.774328,0.64,16,0.64,0,21
1177,0,-1,-0.01738266,0.64,16,0.64,0,21
1178,1,0,0.0,0.64,16,0.64,1,21
1179,0,-1,-14.005476,0.64,16,0.64,0,21
1180,1,0,0.0,0.64,16,0.64,0,21
1181,0,-1,-8.170082,0.6,15,0.6,0,21
1182,2,1,-0.5290997,0.68,17,0.68,0,21
1183,0,-1,-7.7841268,0.64,16,0.64,0,21
1184,1,0,0.0,0.64,16,0.64,0,21
1185,1,0,0.0,0.64,16,0.64,0,21
1186,2,1,10.491961,0.68,17,0.68,0,21
1187,2,1,-23.723042,0.76,19,0.76,1,21
1188,2,1,-12.57137,0.8,20,0.8,0,21
1189,2,1,-33.37492,0.84,21,0.84,0,21
1190,2,1,-287.68094,0.92,23,0.92,0,21
1191,2,1,-1000.0,0.0,0,0.0,0,21
1192,1,0,0.0,0.16,4,0.16,0,22
1193,0,-1,-0.0,0.16,4,0.16,0,22
1194,0,-1,-0.0,0.16,4,0.16,0,22
1195,0,-1,-0.0,0.16,4,0.16,0,22
1196,1,0,0.0,0.16,4,0.16,0,22
1197,2,1,28.364332,0.2,5,0.2,0,22
1198,2,1,-4.278605,0.24,6,0.24,0,22
1199,1,0,0.0,0.24,6,0.24,0,22
1200,0,-1,-0.0,0.24,6,0.24,0,22
1201,1,0,0.0,0.24,6,0.24,0,22
1202,2,1,23.526543,0.28,7,0.28,0,22
1203,0,-1,-0.0,0.28,7,0.28,0,22
1204,1,0,0.0,0.28,7,0.28,0,22
1205,0,-1,-23.526543,0.24,6,0.24,0,22
1206,1,0,0.0,0.24,6,0.24,1,22
1207,0,-1,-0.0,0.24,6,0.24,0,22
1208,1,0,0.0,0.24,6,0.24,0,22
1209,2,1,27.867443,0.28,7,0.28,0,22
1210,1,0,0.0,0.28,7,0.28,0,22
1211,0,-1,-23.255396,0.24,6,0.24,0,22
1212,0,-1,-0.0,0.24,6,0.24,0,22
1213,1,0,0.0,0.24,6,0.24,0,22
1214,1,0,0.0,0.24,6,0.24,0,22
1215,2,1,26.6574,0.28,7,0.28,0,22
1216,1,0,0.0,0.28,7,0.28,0,22
1217,2,1,26.353323,0.32,8,0.32,0,22
1218,2,1,21.365843,0.36,9,0.36,0,22
1219,1,0,0.0,0.36,9,0.36,0,22
1220,1,0,0.0,0.36,9,0.36,0,22
1221,2,1,19.443306,0.4,10,0.4,0,22
1222,0,-1,-25.371664,0.36,9,0.36,0,22
1223,1,0,0.0,0.36,9,0.36,0,22
1224,1,0,0.0,0.36,9,0.36,0,22
1225,2,1,21.963842,0.4,10,0.4,0,22
1226,1,0,0.0,0.4,10,0.4,0,22
1227,1,0,0.0,0.4,10,0.4,0,22
1228,0,-1,-0.0,0.4,10,0.4,0,22
1229,2,1,10.674616,0.48,12,0.48,0,22
1230,1,0,0.0,0.48,12,0.48,0,22
1231,1,0,0.0,0.48,12,0.48,0,22
1232,1,0,0.0,0.48,12,0.48,0,22
1233,1,0,0.0,0.48,12,0.48,1,22
1234,2,1,10.057496,0.56,14,0.56,0,22
1235,1,0,0.0,0.56,14,0.56,0,22
1236,1,0,0.0,0.56,14,0.56,0,22
1237,2,1,14.158845,0.6,15,0.6,0,22
1238,1,0,0.0,0.6,15,0.6,0,22
1239,2,1,-6.0240374,0.68,17,0.68,0,22
1240,2,1,0.36713806,0.72,18,0.72,0,22
1241,0,-1,-0.36713806,0.68,17,0.68,0,22
1242,2,1,3.448722,0.72,18,0.72,0,22
1243,0,-1,-17.762022,0.72,18,0.72,0,22
1244,1,0,0.0,0.72,18,0.72,0,22
1245,0,-1,-3.448722,0.68,17,0.68,0,22
1246,1,0,0.0,0.68,17,0.68,0,22
1247,1,0,0.0,0.68,17,0.68,0,22
1248,0,-1,-7.98507e-05,0.68,17,0.68,0,22
1249,1,0,0.0,0.68,17,0.68,0,22
1250,0,-1,-1.2865425e-05,0.68,17,0.68,0,22
1251,2,1,-1.0132365,0.72,18,0.72,0,22
1252,1,0,0.0,0.72,18,0.72,0,22
1253,1,0,0.0,0.72,18,0.72,0,22
1254,2,1,-45.75735,0.8,20,0.8,0,22
1255,0,-1,-24.07059,0.8,20,0.8,0,22
1256,1,0,0.0,0.8,20,0.8,0,22
1257,1,0,0.0,0.8,20,0.8,0,22
1258,1,0,0.0,0.8,20,0.8,0,22
1259,2,1,-135.75485,0.88,22,0.88,1,22
1260,1,0,0.0,0.88,22,0.88,0,22
1261,2,1,-179.69458,0.92,23,0.92,1,22
1262,0,-1,179.12003,0.88,22,0.88,0,22
1263,1,0,0.0,0.88,22,0.88,0,22
1264,1,0,0.0,0.88,22,0.88,0,22
1265,1,0,0.0,0.88,22,0.88,0,22
1266,1,0,0.0,0.88,22,0.88,0,22
1267,2,1,-810.2757,0.96,24,0.96,0,22
1268,0,-1,-17.266132,0.96,24,0.96,0,22
1269,1,0,0.0,0.96,24,0.96,0,22
1270,2,1,-1000.0,0.0,0,0.0,0,22
1271,2,1,28.364332,0.2,5,0.2,0,23
1272,2,1,19.247265,0.28,7,0.28,0,23
1273,1,0,0.0,0.28,7,0.28,0,23
1274,2,1,22.623116,0.36,9,0.36,0,23
1275,1,0,0.0,0.36,9,0.36,0,23
1276,1,0,0.0,0.36,9,0.36,0,23
1277,2,1,20.310715,0.4,10,0.4,0,23
1278,0,-1,-0.0,0.4,10,0.4,0,23
1279,0,-1,-0.0,0.4,10,0.4,0,23
1280,2,1,-6.520784,0.44,11,0.44,0,23
1281,2,1,2.7029142,0.56,14,0.56,0,23
1282,1,0,0.0,0.56,14,0.56,0,23
1283,1,0,0.0,0.56,14,0.56,0,23
1284,2,1,-39.786423,0.72,18,0.72,0,23
1285,1,0,0.0,0.72,18,0.72,0,23
1286,2,1,-8.189466,0.76,19,0.76,0,23
1287,1,0,0.0,0.76,19,0.76,0,23
1288,2,1,-73.32737,0.84,21,0.84,0,23
1289,1,0,0.0,0.84,21,0.84,0,23
1290,1,0,0.0,0.84,21,0.84,0,23
1291,0,-1,62.804153,0.8,20,0.8,0,23
1292,1,0,0.0,0.8,20,0.8,0,23
1293,2,1,-35.47031,0.84,21,0.84,0,23
1294,2,1,-286.12613,0.92,23,0.92,0,23
1295,2,1,-625.26587,0.96,24,0.96,0,23
1296,1,0,0.0,0.96,24,0.96,1,23
1297,2,1,-1000.0,0.0,0,0.0,0,23
1298,1,0,0.0,0.16,4,0.16,0,24
1299,1,0,0.0,0.16,4,0.16,0,24
1300,1,0,0.0,0.16,4,0.16,0,24
1301,0,-1,-0.0,0.16,4,0.16,0,24
1302,1,0,0.0,0.16,4,0.16,0,24
1303,2,1,28.364332,0.2,5,0.2,0,24
1304,2,1,19.247265,0.28,7,0.28,0,24
1305,0,-1,-23.526543,0.24,6,0.24,0,24
1306,0,-1,-28.22638,0.2,5,0.2,0,24
1307,2,1,-4.278687,0.24,6,0.24,0,24
1308,1,0,0.0,0.24,6,0.24,1,24
1309,0,-1,-19.820326,0.2,5,0.2,0,24
1310,1,0,0.0,0.2,5,0.2,0,24
1311,2,1,21.21308,0.24,6,0.24,0,24
1312,0,-1,-0.0,0.24,6,0.24,0,24
1313,2,1,27.93816,0.28,7,0.28,0,24
1314,2,1,27.480995,0.32,8,0.32,0,24
1315,2,1,23.19974,0.36,9,0.36,0,24
1316,2,1,17.098944,0.4,10,0.4,0,24
1317,2,1,15.033341,0.44,11,0.44,0,24
1318,1,0,0.0,0.44,11,0.44,0,24
1319,0,-1,-15.033341,0.4,10,0.4,0,24
1320,2,1,19.588116,0.44,11,0.44,0,24
1321,1,0,0.0,0.44,11,0.44,0,24
1322,2,1,13.653807,0.52,13,0.52,0,24
1323,2,1,6.225686,0.6,15,0.6,0,24
1324,0,-1,-0.0,0.6,15,0.6,0,24
1325,1,0,0.0,0.6,15,0.6,0,24
1326,0,-1,-0.0001442943,0.6,15,0.6,0,24
1327,1,0,0.0,0.6,15,0.6,0,24
1328,1,0,0.0,0.6,15,0.6,0,24
1329,1,0,0.0,0.6,15,0.6,0,24
1330,1,0,0.0,0.6,15,0.6,0,24
1331,0,-1,-0.00017941766,0.6,15,0.6,0,24
1332,2,1,9.208524,0.64,16,0.64,0,24
1333,1,0,0.0,0.64,16,0.64,0,24
1334,0,-1,-0.0,0.64,16,0.64,0,24
1335,0,-1,-0.007826345,0.64,16,0.64,0,24
1336,1,0,0.0,0.64,16,0.64,0,24
1337,1,0,0.0,0.64,16,0.64,0,24
1338,1,0,0.0,0.64,16,0.64,1,24
1339,2,1,4.479267,0.68,17,0.68,0,24
1340,2,1,1.6419352,0.72,18,0.72,0,24
1341,1,0,0.0,0.72,18,0.72,0,24
1342,0,-1,0.46062428,0.68,17,0.68,1,24
1343,1,0,0.0,0.68,17,0.68,0,24
1344,1,0,0.0,0.68,17,0.68,0,24
1345,1,0,0.0,0.68,17,0.68,0,24
1346,1,0,0.0,0.68,17,0.68,0,24
1347,0,-1,-17.427444,0.68,17,0.68,0,24
1348,0,-1,-24.797642,0.68,17,0.68,0,24
1349,2,1,1.8231786,0.72,18,0.72,0,24
1350,1,0,0.0,0.72,18,0.72,0,24
1351,2,1,-1.5495045,0.76,19,0.76,0,24
1352,0,-1,-0.0,0.76,19,0.76,0,24
1353,1,0,0.0,0.76,19,0.76,0,24
1354,0,-1,2.6217585,0.72,18,0.72,0,24
1355,1,0,0.0,0.72,18,0.72,1,24
1356,1,0,0.0,0.72,18,0.72,0,24
1357,2,1,-3.133165,0.76,19,0.76,0,24
1358,2,1,-15.994231,0.8,20,0.8,0,24
1359,1,0,0.0,0.8,20,0.8,0,24
1360,2,1,-969.9187,0.96,24,0.96,0,24
1361,1,0,0.0,0.96,24,0.96,0,24
1362,2,1,23.788124,1.0,25,1.0,0,24
1363,1,0,-1000.0,0.0,0,0.0,0,24
1364,0,-1,-0.0,0.16,4,0.16,0,25
1365,2,1,-4.1407347,0.2,5,0.2,0,25
1366,2,1,23.692236,0.28,7,0.28,0,25
1367,1,0,0.0,0.28,7,0.28,0,25
1368,1,0,0.0,0.28,7,0.28,0,25
1369,2,1,23.409119,0.32,8,0.32,0,25
1370,1,0,0.0,0.32,8,0.32,0,25
1371,2,1,-11.110067,0.4,10,0.4,0,25
1372,2,1,-6.5201416,0.44,11,0.44,0,25
1373,0,-1,-0.0,0.44,11,0.44,0,25
1374,1,0,0.0,0.44,11,0.44,0,25
1375,2,1,25.113762,0.48,12,0.48,0,25
1376,2,1,-18.420324,0.56,14,0.56,0,25
1377,2,1,-11.78691,0.6,15,0.6,0,25
1378,2,1,16.997652,0.64,16,0.64,0,25
1379,2,1,-17.735939,0.68,17,0.68,1,25
1380,0,-1,-0.0,0.68,17,0.68,0,25
1381,0,-1,-10.569979,0.64,16,0.64,0,25
1382,2,1,-39.042366,0.76,19,0.76,0,25
1383,0,-1,-0.0,0.76,19,0.76,0,25
1384,0,-1,30.097906,0.72,18,0.72,0,25
1385,2,1,-0.46127173,0.76,19,0.76,0,25
1386,2,1,-41.986008,0.8,20,0.8,0,25
1387,1,0,0.0,0.8,20,0.8,0,25
1388,0,-1,-0.0,0.8,20,0.8,0,25
1389,2,1,-35.07246,0.84,21,0.84,0,25
1390,1,0,0.0,0.84,21,0.84,0,25
1391,2,1,-313.06796,0.92,23,0.92,0,25
1392,2,1,-1000.0,0.0,0,0.0,0,25
1393,0,-1,-0.0,0.16,4,0.16,0,26
1394,0,-1,-0.0,0.16,4,0.16,0,26
1395,1,0,0.0,0.16,4,0.16,0,26
1396,0,-1,-0.0,0.16,4,0.16,0,26
1397,0,-1,-0.0,0.16,4,0.16,0,26
1398,2,1,28.364332,0.2,5,0.2,0,26
1399,1,0,0.0,0.2,5,0.2,0,26
1400,2,1,23.955872,0.28,7,0.28,0,26
1401,2,1,18.128635,0.36,9,0.36,0,26
1402,0,-1,-26.008978,0.32,8,0.32,1,26
1403,0,-1,-27.692976,0.28,7,0.28,0,26
1404,0,-1,-0.0,0.28,7,0.28,0,26
1405,1,0,0.0,0.28,7,0.28,0,26
1406,2,1,16.025953,0.32,8,0.32,0,26
1407,1,0,0.0,0.32,8,0.32,0,26
1408,1,0,0.0,0.32,8,0.32,0,26
1409,0,-1,-0.0,0.32,8,0.32,0,26
1410,1,0,0.0,0.32,8,0.32,0,26
1411,1,0,0.0,0.32,8,0.32,0,26
1412,2,1,15.125495,0.44,11,0.44,0,26
1413,0,-1,-18.775831,0.4,10,0.4,0,26
1414,1,0,0.0,0.4,10,0.4,0,26
1415,2,1,24.778831,0.44,11,0.44,0,26
1416,1,0,0.0,0.44,11,0.44,0,26
1417,0,-1,-21.858858,0.4,10,0.4,1,26
1418,2,1,6.759812,0.52,13,0.52,0,26
1419,1,0,0.0,0.52,13,0.52,0,26
1420,0,-1,-0.0035521798,0.52,13,0.52,0,26
1421,1,0,0.0,0.52,13,0.52,0,26
1422,0,-1,-0.0,0.52,13,0.52,0,26
1423,1,0,0.0,0.52,13,0.52,0,26
1424,1,0,0.0,0.52,13,0.52,0,26
1425,2,1,20.254015,0.56,14,0.56,0,26
1426,0,-1,-18.557251,0.52,13,0.52,0,26
1427,1,0,0.0,0.52,13,0.52,0,26
1428,1,0,0.0,0.52,13,0.52,0,26
1429,2,1,13.193215,0.56,14,0.56,0,26
1430,2,1,-13.9473,0.68,17,0.68,1,26
1431,1,0,0.0,0.68,17,0.68,0,26
1432,2,1,-65.855576,0.8,20,0.8,0,26
1433,2,1,-140.50153,0.88,22,0.88,0,26
1434,0,-1,-0.0,0.88,22,0.88,0,26
1435,1,0,0.0,0.88,22,0.88,0,26
1436,1,0,0.0,0.88,22,0.88,0,26
1437,2,1,-804.848,0.96,24,0.96,1,26
1438,2,1,25.862732,1.0,25,1.0,0,26
1439,1,0,-1000.0,0.0,0,0.0,0,26
1440,2,1,28.346605,0.2,5,0.2,0,27
1441,1,0,0.0,0.2,5,0.2,0,27
1442,1,0,0.0,0.2,5,0.2,0,27
1443,2,1,28.22638,0.24,6,0.24,0,27
1444,0,-1,-28.208652,0.2,5,0.2,0,27
1445,2,1,28.208652,0.24,6,0.24,1,27
1446,2,1,18.704454,0.32,8,0.32,0,27
1447,2,1,25.920689,0.36,9,0.36,0,27
1448,2,1,19.435226,0.4,10,0.4,0,27
1449,2,1,14.458331,0.48,12,0.48,0,27
1450,1,0,0.0,0.48,12,0.48,0,27
1451,1,0,0.0,0.48,12,0.48,0,27
1452,2,1,20.194326,0.52,13,0.52,0,27
1453,1,0,0.0,0.52,13,0.52,0,27
1454,1,0,0.0,0.52,13,0.52,0,27
1455,2,1,14.55928,0.56,14,0.56,0,27
1456,2,1,0.6592024,0.64,16,0.64,0,27
1457,1,0,0.0,0.64,16,0.64,0,27
1458,1,0,0.0,0.64,16,0.64,0,27
1459,1,0,0.0,0.64,16,0.64,1,27
1460,2,1,13.409723,0.68,17,0.68,0,27
1461,2,1,6.8629727,0.72,18,0.72,0,27
1462,0,-1,-6.0149007,0.68,17,0.68,0,27
1463,2,1,-30.19,0.76,19,0.76,0,27
1464,1,0,0.0,0.76,19,0.76,0,27
1465,0,-1,3.3311346,0.72,18,0.72,0,27
1466,2,1,-52.039,0.8,20,0.8,0,27
1467,1,0,0.0,0.8,20,0.8,0,27
1468,1,0,0.0,0.8,20,0.8,0,27
1469,1,0,0.0,0.8,20,0.8,0,27
1470,0,-1,15.032059,0.76,19,0.76,0,27
1471,2,1,-76.213196,0.84,21,0.84,0,27
1472,0,-1,-26.79809,0.84,21,0.84,0,27
1473,1,0,0.0,0.84,21,0.84,0,27
1474,1,0,0.0,0.84,21,0.84,0,27
1475,1,0,0.0,0.84,21,0.84,0,27
1476,0,-1,-0.0,0.84,21,0.84,0,27
1477,1,0,0.0,0.84,21,0.84,0,27
1478,1,0,0.0,0.84,21,0.84,0,27
1479,0,-1,-0.0,0.84,21,0.84,1,27
1480,1,0,0.0,0.84,21,0.84,0,27
1481,1,0,0.0,0.84,21,0.84,0,27
1482,1,0,0.0,0.84,21,0.84,0,27
1483,1,0,0.0,0.84,21,0.84,0,27
1484,0,-1,38.299618,0.8,20,0.8,0,27
1485,1,0,0.0,0.8,20,0.8,0,27
1486,0,-1,-0.0,0.8,20,0.8,0,27
1487,2,1,-140.3618,0.88,22,0.88,0,27
1488,1,0,0.0,0.88,22,0.88,0,27
1489,2,1,-803.61884,0.96,24,0.96,0,27
1490,2,1,-1000.0,0.0,0,0.0,0,27
1491,2,1,-4.1407347,0.2,5,0.2,0,28
1492,0,-1,-0.0,0.2,5,0.2,0,28
1493,0,-1,4.1407347,0.16,4,0.16,0,28
1494,2,1,28.364332,0.2,5,0.2,0,28
1495,1,0,0.0,0.2,5,0.2,1,28
1496,2,1,28.104582,0.24,6,0.24,0,28
1497,0,-1,-28.104582,0.2,5,0.2,0,28
1498,1,0,0.0,0.2,5,0.2,0,28
1499,2,1,22.364922,0.24,6,0.24,0,28
1500,2,1,23.286818,0.32,8,0.32,0,28
1501,2,1,17.924057,0.4,10,0.4,0,28
1502,1,0,0.0,0.4,10,0.4,0,28
1503,0,-1,-22.863203,0.36,9,0.36,0,28
1504,0,-1,-0.00045517276,0.36,9,0.36,0,28
1505,2,1,18.921907,0.44,11,0.44,0,28
1506,1,0,0.0,0.44,11,0.44,0,28
1507,1,0,0.0,0.44,11,0.44,0,28
1508,0,-1,-0.0,0.44,11,0.44,0,28
1509,2,1,10.561337,0.52,13,0.52,1,28
1510,2,1,4.194729,0.6,15,0.6,0,28
1511,1,0,0.0,0.6,15,0.6,0,28
1512,1,0,0.0,0.6,15,0.6,0,28
1513,2,1,-5.688402,0.68,17,0.68,0,28
1514,0,-1,-0.0,0.68,17,0.68,0,28
1515,2,1,-1.6234256,0.72,18,0.72,0,28
1516,1,0,0.0,0.72,18,0.72,0,28
1517,2,1,-47.572983,0.8,20,0.8,0,28
1518,2,1,-138.77005,0.88,22,0.88,0,28
1519,2,1,-184.2235,0.92,23,0.92,0,28
1520,2,1,-1000.0,0.0,0,0.0,0,28
1521,0,-1,-0.0,0.16,4,0.16,0,29
1522,0,-1,-0.0,0.16,4,0.16,0,29
1523,0,-1,-0.0,0.16,4,0.16,0,29
1524,1,0,0.0,0.16,4,0.16,0,29
1525,0,-1,-0.0,0.16,4,0.16,0,29
1526,1,0,0.0,0.16,4,0.16,0,29
1527,2,1,-4.1406527,0.2,5,0.2,1,29
1528,1,0,0.0,0.2,5,0.2,0,29
1529,0,-1,-0.0,0.2,5,0.2,0,29
1530,1,0,0.0,0.2,5,0.2,0,29
1531,1,0,0.0,0.2,5,0.2,0,29
1532,1,0,0.0,0.2,5,0.2,0,29
1533,0,-1,-25.554396,0.16,4,0.16,0,29
1534,2,1,24.49885,0.2,5,0.2,0,29
1535,0,-1,-24.49885,0.16,4,0.16,0,29
1536,2,1,28.313251,0.2,5,0.2,0,29
1537,2,1,23.789799,0.28,7,0.28,1,29
1538,2,1,18.456451,0.36,9,0.36,0,29
1539,0,-1,-0.0,0.36,9,0.36,0,29
1540,2,1,25.227175,0.4,10,0.4,0,29
1541,1,0,0.0,0.4,10,0.4,0,29
1542,1,0,0.0,0.4,10,0.4,0,29
1543,2,1,22.592535,0.44,11,0.44,0,29
1544,0,-1,-24.535988,0.4,10,0.4,0,29
1545,2,1,17.650026,0.44,11,0.44,0,29
1546,1,0,0.0,0.44,11,0.44,1,29
1547,0,-1,-0.0,0.44,11,0.44,0,29
1548,0,-1,-22.08946,0.4,10,0.4,0,29
1549,1,0,0.0,0.4,10,0.4,0,29
1550,2,1,18.468105,0.44,11,0.44,0,29
1551,0,-1,-25.738598,0.4,10,0.4,0,29
1552,0,-1,-27.153828,0.36,9,0.36,0,29
1553,2,1,17.51626,0.4,10,0.4,0,29
1554,2,1,25.8026,0.44,11,0.44,1,29
1555,2,1,23.568213,0.48,12,0.48,0,29
1556,2,1,22.450392,0.52,13,0.52,0,29
1557,0,-1,-0.0,0.52,13,0.52,0,29
1558,1,0,0.0,0.52,13,0.52,0,29
1559,2,1,10.897997,0.56,14,0.56,0,29
1560,2,1,17.593641,0.6,15,0.6,0,29
1561,2,1,14.555266,0.64,16,0.64,0,29
1562,0,-1,-0.0,0.64,16,0.64,0,29
1563,0,-1,-6.533486,0.6,15,0.6,0,29
1564,2,1,-24.43302,0.72,18,0.72,0,29
1565,0,-1,-3.9690876,0.68,17,0.68,0,29
1566,0,-1,-0.0,0.68,17,0.68,0,29
1567,1,0,0.0,0.68,17,0.68,0,29
1568,1,0,0.0,0.68,17,0.68,0,29
1569,1,0,0.0,0.68,17,0.68,0,29
1570,2,1,-65.35644,0.8,20,0.8,0,29
1571,1,0,0.0,0.8,20,0.8,0,29
1572,2,1,-140.9064,0.88,22,0.88,0,29
1573,1,0,0.0,0.88,22,0.88,0,29
1574,0,-1,-0.0,0.88,22,0.88,0,29
1575,2,1,-804.99664,0.96,24,0.96,0,29
1576,0,-1,601.96344,0.92,23,0.92,1,29
1577,2,1,28.724611,1.0,25,1.0,1,29
1578,1,0,-1000.0,0.0,0,0.0,0,29
1579,1,0,0.0,0.16,4,0.16,0,30
1580,2,1,-4.1406527,0.2,5,0.2,0,30
1581,2,1,23.70996,0.28,7,0.28,0,30
1582,1,0,0.0,0.28,7,0.28,0,30
1583,2,1,27.639961,0.32,8,0.32,0,30
1584,1,0,0.0,0.32,8,0.32,0,30
1585,2,1,26.008978,0.36,9,0.36,0,30
1586,0,-1,-0.0,0.36,9,0.36,0,30
1587,2,1,25.454552,0.4,10,0.4,0,30
1588,0,-1,-0.0,0.4,10,0.4,0,30
1589,2,1,-13.912674,0.48,12,0.48,0,30
1590,0,-1,7.3918905,0.44,11,0.44,0,30
1591,0,-1,-24.763365,0.4,10,0.4,0,30
1592,2,1,-6.5208097,0.44,11,0.44,0,30
1593,1,0,0.0,0.44,11,0.44,0,30
1594,1,0,0.0,0.44,11,0.44,0,30
1595,0,-1,-7.3924875,0.48,12,0.48,0,30
1596,1,0,0.0,0.48,12,0.48,0,30
1597,1,0,0.0,0.48,12,0.48,0,30
1598,2,1,-8.498147,0.52,13,0.52,0,30
1599,2,1,18.335072,0.56,14,0.56,0,30
1600,1,0,0.0,0.56,14,0.56,0,30
1601,0,-1,9.922011,0.52,13,0.52,0,30
1602,0,-1,-0.0,0.52,13,0.52,0,30
1603,2,1,16.63929,0.56,14,0.56,1,30
1604,2,1,4.450406,0.6,15,0.6,0,30
1605,0,-1,-1.1877489e-08,0.6,15,0.6,0,30
1606,2,1,-3.9965823,0.68,17,0.68,0,30
1607,1,0,0.0,0.68,17,0.68,0,30
1608,1,0,0.0,0.68,17,0.68,0,30
1609,0,-1,-8.888094,0.64,16,0.64,0,30
1610,2,1,-13.851827,0.72,18,0.72,0,30
1611,0,-1,-0.0,0.72,18,0.72,0,30
1612,2,1,-3.9078724,0.76,19,0.76,0,30
1613,2,1,-76.246605,0.84,21,0.84,0,30
1614,2,1,-916.42694,0.96,24,0.96,0,30
1615,1,0,0.0,0.96,24,0.96,0,30
1616,2,1,-1000.0,0.0,0,0.0,0,30
1617,1,0,0.0,0.16,4,0.16,0,31
1618,2,1,-4.1406527,0.2,5,0.2,0,31
1619,1,0,0.0,0.2,5,0.2,0,31
1620,0,-1,-0.0,0.2,5,0.2,0,31
1621,2,1,-4.2792473,0.24,6,0.24,0,31
1622,2,1,27.971514,0.28,7,0.28,0,31
1623,1,0,0.0,0.28,7,0.28,0,31
1624,2,1,-4.847379,0.32,8,0.32,0,31
1625,2,1,-5.2804456,0.36,9,0.36,0,31
1626,1,0,0.0,0.36,9,0.36,1,31
1627,0,-1,-27.129526,0.32,8,0.32,0,31
1628,0,-1,-13.079509,0.28,7,0.28,0,31
1629,2,1,11.863978,0.32,8,0.32,0,31
1630,2,1,21.394747,0.4,10,0.4,0,31
1631,0,-1,-21.17494,0.36,9,0.36,0,31
1632,2,1,20.060099,0.44,11,0.44,0,31
1633,1,0,0.0,0.44,11,0.44,0,31
1634,1,0,0.0,0.44,11,0.44,0,31
1635,1,0,0.0,0.44,11,0.44,0,31
1636,0,-1,6.520661,0.4,10,0.4,0,31
1637,1,0,0.0,0.4,10,0.4,0,31
1638,2,1,21.78353,0.44,11,0.44,0,31
1639,2,1,21.041882,0.48,12,0.48,0,31
1640,1,0,0.0,0.48,12,0.48,0,31
1641,1,0,0.0,0.48,12,0.48,0,31
1642,1,0,0.0,0.48,12,0.48,0,31
1643,1,0,0.0,0.48,12,0.48,0,31
1644,0,-1,-21.041882,0.44,11,0.44,0,31
1645,1,0,0.0,0.44,11,0.44,1,31
1646,1,0,0.0,0.44,11,0.44,0,31
1647,1,0,0.0,0.44,11,0.44,0,31
1648,2,1,23.753544,0.48,12,0.48,1,31
1649,2,1,-3.2757738,0.56,14,0.56,0,31
1650,0,-1,-15.9300785,0.52,13,0.52,0,31
1651,2,1,7.2860274,0.6,15,0.6,0,31
1652,2,1,-23.161345,0.72,18,0.72,0,31
1653,1,0,0.0,0.72,18,0.72,0,31
1654,0,-1,-29.196243,0.72,18,0.72,0,31
1655,0,-1,-0.0021334074,0.72,18,0.72,0,31
1656,2,1,-0.592684,0.76,19,0.76,0,31
1657,1,0,0.0,0.76,19,0.76,0,31
1658,2,1,-14.224243,0.8,20,0.8,0,31
1659,0,-1,14.224243,0.76,19,0.76,0,31
1660,0,-1,15.556161,0.72,18,0.72,0,31
1661,2,1,-1.013977,0.76,19,0.76,0,31
1662,0,-1,3.5852273,0.72,18,0.72,1,31
1663,2,1,-2.491974,0.76,19,0.76,0,31
1664,2,1,-14.852053,0.8,20,0.8,0,31
1665,0,-1,23.831272,0.76,19,0.76,0,31
1666,2,1,-15.510625,0.8,20,0.8,0,31
1667,2,1,-140.62387,0.88,22,0.88,0,31
1668,2,1,-180.98888,0.92,23,0.92,0,31
1669,0,-1,180.98888,0.88,22,0.88,0,31
1670,2,1,-180.98888,0.92,23,0.92,0,31
1671,0,-1,-3.2619134e-08,0.92,23,0.92,0,31
1672,1,0,0.0,0.92,23,0.92,0,31
1673,0,-1,-0.0,0.92,23,0.92,0,31
1674,1,0,0.0,0.92,23,0.92,0,31
1675,2,1,-609.56036,0.96,24,0.96,0,31
1676,2,1,-1000.0,0.0,0,0.0,0,31
1677,2,1,28.346605,0.2,5,0.2,0,32
1678,0,-1,-0.0,0.2,5,0.2,0,32
1679,0,-1,-28.346605,0.16,4,0.16,0,32
1680,2,1,-4.1406527,0.2,5,0.2,0,32
1681,1,0,0.0,0.2,5,0.2,0,32
1682,1,0,0.0,0.2,5,0.2,0,32
1683,1,0,0.0,0.2,5,0.2,0,32
1684,2,1,28.22638,0.24,6,0.24,0,32
1685,2,1,23.38718,0.32,8,0.32,0,32
1686,0,-1,4.847297,0.28,7,0.28,0,32
1687,2,1,-4.847297,0.32,8,0.32,1,32
1688,1,0,0.0,0.32,8,0.32,0,32
1689,2,1,25.94953,0.36,9,0.36,0,32
1690,2,1,15.982508,0.44,11,0.44,0,32
1691,1,0,0.0,0.44,11,0.44,0,32
1692,0,-1,-24.709198,0.4,10,0.4,0,32
1693,1,0,0.0,0.4,10,0.4,0,32
1694,1,0,0.0,0.4,10,0.4,0,32
1695,2,1,9.728749,0.44,11,0.44,0,32
1696,2,1,20.580414,0.48,12,0.48,0,32
1697,1,0,0.0,0.48,12,0.48,0,32
1698,2,1,20.030014,0.52,13,0.52,0,32
1699,0,-1,-7.751251,0.48,12,0.48,0,32
1700,1,0,0.0,0.48,12,0.48,0,32
1701,1,0,0.0,0.48,12,0.48,0,32
1702,0,-1,-21.13643,0.44,11,0.44,0,32
1703,1,0,0.0,0.44,11,0.44,0,32
1704,2,1,15.344105,0.52,13,0.52,0,32
1705,0,-1,-0.0,0.52,13,0.52,0,32
1706,1,0,0.0,0.52,13,0.52,0,32
1707,2,1,5.0190034,0.6,15,0.6,0,32
1708,2,1,14.129183,0.64,16,0.64,0,32
1709,0,-1,-8.514986e-05,0.64,16,0.64,0,32
1710,0,-1,-12.201034,0.6,15,0.6,0,32
1711,1,0,0.0,0.6,15,0.6,1,32
1712,0,-1,-14.618519,0.56,14,0.56,0,32
1713,0,-1,-18.07161,0.52,13,0.52,0,32
1714,1,0,0.0,0.52,13,0.52,0,32
1715,1,0,0.0,0.52,13,0.52,0,32
1716,1,0,0.0,0.52,13,0.52,0,32
1717,2,1,19.662197,0.56,14,0.56,0,32
1718,2,1,2.9010758,0.64,16,0.64,0,32
1719,1,0,0.0,0.64,16,0.64,0,32
1720,0,-1,-0.0,0.64,16,0.64,0,32
1721,2,1,-10.416314,0.72,18,0.72,0,32
1722,2,1,-1.9301673,0.76,19,0.76,0,32
1723,2,1,-16.226767,0.8,20,0.8,0,32
1724,2,1,-349.1089,0.92,23,0.92,0,32
1725,2,1,-598.99884,0.96,24,0.96,0,32
1726,1,0,0.0,0.96,24,0.96,0,32
1727,1,0,0.0,0.96,24,0.96,0,32
1728,0,-1,598.68475,0.92,23,0.92,0,32
1729,0,-1,182.85172,0.88,22,0.88,0,32
1730,2,1,-806.23804,0.96,24,0.96,0,32
1731,1,0,0.0,0.96,24,0.96,0,32
1732,2,1,-1000.0,0.0,0,0.0,0,32
1733,2,1,28.346605,0.2,5,0.2,0,33
1734,2,1,28.22638,0.24,6,0.24,0,33
1735,2,1,26.773045,0.28,7,0.28,0,33
1736,1,0,0.0,0.28,7,0.28,0,33
1737,1,0,0.0,0.28,7,0.28,0,33
1738,1,0,0.0,0.28,7,0.28,0,33
1739,2,1,21.334368,0.36,9,0.36,0,33
1740,1,0,0.0,0.36,9,0.36,0,33
1741,2,1,9.33523,0.48,12,0.48,0,33
1742,2,1,-1.2159384,0.6,15,0.6,0,33
1743,2,1,-14.286362,0.64,16,0.64,0,33
1744,0,-1,-14.21083,0.6,15,0.6,0,33
1745,0,-1,11.78675,0.56,14,0.56,0,33
1746,1,0,0.0,0.56,14,0.56,0,33
1747,1,0,0.0,0.56,14,0.56,0,33
1748,0,-1,-0.0,0.56,14,0.56,0,33
1749,0,-1,-18.335072,0.52,13,0.52,0,33
1750,2,1,-9.921985,0.56,14,0.56,0,33
1751,1,0,0.0,0.56,14,0.56,1,33
1752,1,0,0.0,0.56,14,0.56,1,33
1753,1,0,0.0,0.56,14,0.56,0,33
1754,2,1,2.9946504,0.64,16,0.64,0,33
1755,2,1,11.870562,0.68,17,0.68,0,33
1756,2,1,-25.936632,0.76,19,0.76,0,33
1757,2,1,-12.996705,0.8,20,0.8,0,33
1758,2,1,-44.894005,0.84,21,0.84,0,33
1759,2,1,-78.67368,0.88,22,0.88,0,33
1760,2,1,-181.91614,0.92,23,0.92,0,33
1761,1,0,0.0,0.92,23,0.92,0,33
1762,1,0,0.0,0.92,23,0.92,0,33
1763,2,1,-1000.0,0.0,0,0.0,0,33
1764,2,1,-4.1406527,0.2,5,0.2,0,34
1765,1,0,0.0,0.2,5,0.2,0,34
1766,2,1,-4.278687,0.24,6,0.24,0,34
1767,2,1,27.971514,0.28,7,0.28,0,34
1768,1,0,0.0,0.28,7,0.28,0,34
1769,2,1,27.657686,0.32,8,0.32,0,34
1770,0,-1,4.847379,0.28,7,0.28,0,34
1771,1,0,0.0,0.28,7,0.28,0,34
1772,1,0,0.0,0.28,7,0.28,0,34
1773,2,1,18.128635,0.36,9,0.36,0,34
1774,0,-1,-0.0,0.36,9,0.36,0,34
1775,2,1,22.213333,0.4,10,0.4,0,34
1776,0,-1,-0.0,0.4,10,0.4,0,34
1777,1,0,0.0,0.4,10,0.4,0,34
1778,1,0,0.0,0.4,10,0.4,0,34
1779,0,-1,-22.427462,0.36,9,0.36,0,34
1780,0,-1,-22.762478,0.32,8,0.32,0,34
1781,1,0,0.0,0.32,8,0.32,0,34
1782,2,1,-5.280317,0.36,9,0.36,0,34
1783,1,0,0.0,0.36,9,0.36,0,34
1784,0,-1,5.279892,0.32,8,0.32,0,34
1785,1,0,0.0,0.32,8,0.32,0,34
1786,2,1,26.003696,0.36,9,0.36,0,34
1787,2,1,25.459835,0.4,10,0.4,0,34
1788,1,0,0.0,0.4,10,0.4,0,34
1789,2,1,23.131649,0.44,11,0.44,0,34
1790,2,1,12.366879,0.52,13,0.52,1,34
1791,0,-1,-18.056812,0.52,13,0.52,0,34
1792,0,-1,-16.524137,0.48,12,0.48,0,34
1793,0,-1,-22.45551,0.44,11,0.44,0,34
1794,0,-1,-0.0,0.44,11,0.44,0,34
1795,1,0,0.0,0.44,11,0.44,0,34
1796,1,0,0.0,0.44,11,0.44,0,34
1797,2,1,10.714743,0.52,13,0.52,0,34
1798,2,1,13.961972,0.56,14,0.56,0,34
1799,2,1,4.4720554,0.6,15,0.6,0,34
1800,2,1,0.59643155,0.64,16,0.64,0,34
1801,2,1,-17.735903,0.68,17,0.68,0,34
1802,1,0,0.0,0.68,17,0.68,0,34
1803,1,0,0.0,0.68,17,0.68,0,34
1804,1,0,0.0,0.68,17,0.68,0,34
1805,0,-1,17.735903,0.64,16,0.64,0,34
1806,2,1,11.892598,0.68,17,0.68,0,34
1807,2,1,3.2473974,0.72,18,0.72,0,34
1808,2,1,-46.796917,0.8,20,0.8,0,34
1809,0,-1,-2.4350475e-05,0.8,20,0.8,0,34
1810,2,1,-34.34704,0.84,21,0.84,0,34
1811,1,0,0.0,0.84,21,0.84,0,34
1812,1,0,0.0,0.84,21,0.84,0,34
1813,1,0,0.0,0.84,21,0.84,0,34
1814,1,0,0.0,0.84,21,0.84,0,34
1815,2,1,-284.06494,0.92,23,0.92,0,34
1816,1,0,0.0,0.92,23,0.92,0,34
1817,1,0,0.0,0.92,23,0.92,0,34
1818,1,0,0.0,0.92,23,0.92,1,34
1819,2,1,23.635365,1.0,25,1.0,0,34
1820,2,1,-1000.0,0.0,0,0.0,0,34
1821,2,1,-4.1407347,0.2,5,0.2,0,35
1822,1,0,0.0,0.2,5,0.2,0,35
1823,2,1,-4.278605,0.24,6,0.24,0,35
1824,2,1,27.971514,0.28,7,0.28,0,35
1825,2,1,23.409119,0.32,8,0.32,0,35
1826,1,0,0.0,0.32,8,0.32,0,35
1827,2,1,27.225174,0.36,9,0.36,0,35
1828,1,0,0.0,0.36,9,0.36,0,35
1829,1,0,0.0,0.36,9,0.36,0,35
1830,2,1,-5.8295965,0.4,10,0.4,0,35
1831,2,1,24.763365,0.44,11,0.44,0,35
1832,0,-1,-0.0,0.44,11,0.44,0,35
1833,0,-1,6.520784,0.4,10,0.4,0,35
1834,0,-1,-0.0,0.4,10,0.4,0,35
1835,2,1,12.648595,0.48,12,0.48,0,35
1836,2,1,7.660382,0.56,14,0.56,0,35
1837,0,-1,-0.0,0.56,14,0.56,0,35
1838,2,1,-11.786878,0.6,15,0.6,0,35
1839,1,0,0.0,0.6,15,0.6,0,35
1840,1,0,0.0,0.6,15,0.6,1,35
1841,1,0,0.0,0.6,15,0.6,0,35
1842,1,0,0.0,0.6,15,0.6,0,35
1843,1,0,0.0,0.6,15,0.6,0,35
1844,1,0,0.0,0.6,15,0.6,0,35
1845,2,1,-3.5317721,0.68,17,0.68,0,35
1846,2,1,-69.480446,0.8,20,0.8,0,35
1847,1,0,0.0,0.8,20,0.8,0,35
1848,2,1,-143.7864,0.88,22,0.88,0,35
1849,1,0,0.0,0.88,22,0.88,0,35
1850,0,-1,90.96463,0.84,21,0.84,0,35
1851,1,0,0.0,0.84,21,0.84,0,35
1852,2,1,-288.74515,0.92,23,0.92,0,35
1853,2,1,31.47007,1.0,25,1.0,0,35
1854,2,1,-1000.0,0.0,0,0.0,0,35
1855,0,-1,-0.0,0.16,4,0.16,1,36
1856,2,1,28.130781,0.2,5,0.2,0,36
1857,2,1,28.124796,0.24,6,0.24,0,36
1858,2,1,20.929216,0.32,8,0.32,0,36
1859,1,0,0.0,0.32,8,0.32,0,36
1860,0,-1,-27.424137,0.28,7,0.28,0,36
1861,2,1,27.424137,0.32,8,0.32,0,36
1862,2,1,19.807507,0.4,10,0.4,0,36
1863,2,1,6.3752646,0.52,13,0.52,0,36
1864,0,-1,-0.25470963,0.52,13,0.52,0,36
1865,0,-1,-0.0023390423,0.52,13,0.52,0,36
1866,1,0,0.0,0.52,13,0.52,0,36
1867,1,0,0.0,0.52,13,0.52,1,36
1868,0,-1,-0.0,0.52,13,0.52,0,36
1869,1,0,0.0,0.52,13,0.52,0,36
1870,2,1,7.0307207,0.6,15,0.6,0,36
1871,1,0,0.0,0.6,15,0.6,0,36
1872,0,-1,-0.0,0.6,15,0.6,0,36
1873,1,0,0.0,0.6,15,0.6,0,36
1874,2,1,-0.97400415,0.68,17,0.68,1,36
1875,0,-1,-0.0,0.68,17,0.68,0,36
1876,1,0,0.0,0.68,17,0.68,0,36
1877,1,0,0.0,0.68,17,0.68,0,36
1878,2,1,2.2560167,0.72,18,0.72,0,36
1879,2,1,-1.5495343,0.76,19,0.76,0,36
1880,2,1,-15.118946,0.8,20,0.8,0,36
1881,1,0,0.0,0.8,20,0.8,0,36
1882,2,1,-140.2198,0.88,22,0.88,0,36
1883,1,0,0.0,0.88,22,0.88,0,36
1884,0,-1,-15.330078,0.88,22,0.88,0,36
1885,0,-1,77.589935,0.84,21,0.84,0,36
1886,2,1,-80.144394,0.88,22,0.88,0,36
1887,2,1,-180.50449,0.92,23,0.92,0,36
1888,0,-1,183.82419,0.88,22,0.88,1,36
1889,2,1,-184.68222,0.92,23,0.92,0,36
1890,2,1,-594.7327,0.96,24,0.96,1,36
1891,1,0,0.0,0.96,24,0.96,0,36
1892,2,1,29.414766,1.0,25,1.0,0,36
1893,2,1,-1000.0,0.0,0,0.0,0,36
1894,2,1,28.364332,0.2,5,0.2,0,37
1895,0,-1,-28.364332,0.16,4,0.16,0,37
1896,1,0,0.0,0.16,4,0.16,0,37
1897,2,1,-4.1407347,0.2,5,0.2,0,37
1898,1,0,0.0,0.2,5,0.2,0,37
1899,1,0,0.0,0.2,5,0.2,0,37
1900,2,1,-4.27924,0.24,6,0.24,0,37
1901,0,-1,-0.0,0.24,6,0.24,0,37
1902,2,1,-4.5164123,0.28,7,0.28,1,37
1903,2,1,20.560646,0.32,8,0.32,0,37
1904,2,1,7.427073,0.48,12,0.48,0,37
1905,0,-1,-14.308723,0.44,11,0.44,0,37
1906,0,-1,-0.12926555,0.44,11,0.44,0,37
1907,2,1,-4.0288515,0.52,13,0.52,0,37
1908,1,0,0.0,0.52,13,0.52,0,37
1909,0,-1,-0.18106055,0.52,13,0.52,0,37
1910,1,0,0.0,0.52,13,0.52,0,37
1911,0,-1,-14.804698,0.48,12,0.48,0,37
1912,2,1,9.925227,0.56,14,0.56,0,37
1913,1,0,0.0,0.56,14,0.56,0,37
1914,2,1,-11.047543,0.68,17,0.68,0,37
1915,2,1,3.9948163,0.72,18,0.72,0,37
1916,2,1,-6.06576,0.76,19,0.76,1,37
1917,2,1,-187.75293,0.88,22,0.88,0,37
1918,2,1,-204.40765,0.92,23,0.92,0,37
1919,1,0,0.0,0.92,23,0.92,0,37
1920,1,0,0.0,0.92,23,0.92,0,37
1921,2,1,-594.01495,0.96,24,0.96,0,37
1922,2,1,-1000.0,0.0,0,0.0,0,37
1923,2,1,28.364332,0.2,5,0.2,1,38
1924,2,1,18.623686,0.24,6,0.24,0,38
1925,1,0,0.0,0.24,6,0.24,0,38
1926,2,1,23.286818,0.32,8,0.32,0,38
1927,1,0,0.0,0.32,8,0.32,0,38
1928,1,0,0.0,0.32,8,0.32,0,38
1929,0,-1,-18.054993,0.28,7,0.28,0,38
1930,0,-1,-26.684875,0.24,6,0.24,0,38
1931,1,0,0.0,0.24,6,0.24,0,38
1932,2,1,22.127783,0.28,7,0.28,0,38
1933,2,1,26.353323,0.32,8,0.32,0,38
1934,2,1,20.16224,0.4,10,0.4,0,38
1935,2,1,15.683229,0.48,12,0.48,0,38
1936,2,1,15.983078,0.52,13,0.52,0,38
1937,0,-1,-0.0,0.52,13,0.52,0,38
1938,2,1,-8.24959,0.64,16,0.64,0,38
1939,2,1,10.762458,0.68,17,0.68,0,38
1940,0,-1,-6.745451,0.64,16,0.64,0,38
1941,2,1,3.7886758,0.68,17,0.68,0,38
1942,0,-1,-8.90826,0.64,16,0.64,0,38
1943,2,1,7.9714456,0.68,17,0.68,0,38
1944,2,1,-66.01024,0.8,20,0.8,0,38
1945,0,-1,14.755343,0.76,19,0.76,0,38
1946,0,-1,8.573292,0.72,18,0.72,0,38
1947,2,1,-105.69043,0.84,21,0.84,0,38
1948,2,1,-288.94705,0.92,23,0.92,0,38
1949,2,1,26.871311,1.0,25,1.0,0,38
1950,1,0,-1000.0,0.0,0,0.0,0,38
1951,2,1,28.364332,0.2,5,0.2,0,39
1952,2,1,28.208652,0.24,6,0.24,0,39
1953,2,1,-4.515826,0.28,7,0.28,0,39
1954,2,1,26.441492,0.32,8,0.32,0,39
1955,2,1,26.003696,0.36,9,0.36,0,39
1956,2,1,-5.8295894,0.4,10,0.4,0,39
1957,2,1,6.5802827,0.52,13,0.52,0,39
1958,1,0,0.0,0.52,13,0.52,0,39
1959,2,1,-9.92185,0.56,14,0.56,0,39
1960,2,1,0.6632423,0.64,16,0.64,0,39
1961,2,1,-15.770639,0.72,18,0.72,0,39
1962,2,1,-43.006348,0.8,20,0.8,0,39
1963,1,0,0.0,0.8,20,0.8,0,39
1964,1,0,0.0,0.8,20,0.8,0,39
1965,0,-1,41.985844,0.76,19,0.76,0,39
1966,2,1,-12.333545,0.8,20,0.8,0,39
1967,2,1,-140.69987,0.88,22,0.88,0,39
1968,2,1,-178.96065,0.92,23,0.92,0,39
1969,1,0,0.0,0.92,23,0.92,0,39
1970,1,0,0.0,0.92,23,0.92,0,39
1971,1,0,0.0,0.92,23,0.92,0,39
1972,0,-1,185.05414,0.88,22,0.88,0,39
1973,2,1,-181.2783,0.92,23,0.92,0,39
1974,2,1,27.857637,1.0,25,1.0,0,39
1975,2,1,-1000.0,0.0,0,0.0,0,39
1976,0,-1,-0.0,0.16,4,0.16,0,40
1977,0,-1,-0.0,0.16,4,0.16,0,40
1978,1,0,0.0,0.16,4,0.16,0,40
1979,2,1,-4.1407347,0.2,5,0.2,0,40
1980,1,0,0.0,0.2,5,0.2,0,40
1981,2,1,28.208652,0.24,6,0.24,0,40
1982,2,1,23.740671,0.28,7,0.28,0,40
1983,1,0,0.0,0.28,7,0.28,0,40
1984,2,1,16.432852,0.36,9,0.36,0,40
1985,1,0,0.0,0.36,9,0.36,0,40
1986,2,1,-5.8295894,0.4,10,0.4,0,40
1987,0,-1,-6.5214887,0.44,11,0.44,0,40
1988,2,1,-7.39189,0.48,12,0.48,0,40
1989,1,0,0.0,0.48,12,0.48,0,40
1990,1,0,0.0,0.48,12,0.48,0,40
1991,2,1,14.085329,0.56,14,0.56,0,40
1992,1,0,0.0,0.56,14,0.56,0,40
1993,2,1,-26.073439,0.64,16,0.64,0,40
1994,2,1,-17.735933,0.68,17,0.68,0,40
1995,0,-1,17.735773,0.64,16,0.64,0,40
1996,0,-1,14.285854,0.6,15,0.6,0,40
1997,0,-1,-14.774389,0.56,14,0.56,0,40
1998,1,0,0.0,0.56,14,0.56,0,40
1999,0,-1,-0.0,0.56,14,0.56,0,40
2000,1,0,0.0,0.56,14,0.56,0,40
2001,2,1,-11.786915,0.6,15,0.6,0,40
2002,2,1,12.274778,0.64,16,0.64,0,40
2003,2,1,-17.735939,0.68,17,0.68,0,40
2004,0,-1,-0.0,0.68,17,0.68,1,40
2005,1,0,0.0,0.68,17,0.68,0,40
2006,2,1,-63.49045,0.8,20,0.8,0,40
2007,1,0,0.0,0.8,20,0.8,0,40
2008,1,0,0.0,0.8,20,0.8,0,40
2009,1,0,0.0,0.8,20,0.8,0,40
2010,0,-1,30.296846,0.76,19,0.76,0,40
2011,2,1,-24.014612,0.8,20,0.8,0,40
2012,1,0,0.0,0.8,20,0.8,0,40
2013,2,1,-31.511091,0.84,21,0.84,0,40
2014,1,0,0.0,0.84,21,0.84,0,40
2015,0,-1,-0.0,0.84,21,0.84,0,40
2016,0,-1,36.192345,0.8,20,0.8,0,40
2017,0,-1,-84.07071,0.84,21,0.84,1,40
2018,2,1,-74.83945,0.88,22,0.88,0,40
2019,1,0,0.0,0.88,22,0.88,0,40
2020,0,-1,-238.25551,0.92,23,0.92,0,40
2021,0,-1,-0.0,0.92,23,0.92,0,40
2022,1,0,0.0,0.92,23,0.92,1,40
2023,1,0,0.0,0.92,23,0.92,0,40
2024,0,-1,-0.0,0.92,23,0.92,0,40
2025,2,1,-606.81256,0.96,24,0.96,0,40
2026,1,0,0.0,0.96,24,0.96,0,40
2027,2,1,25.339678,1.0,25,1.0,0,40
2028,1,0,-1000.0,0.0,0,0.0,0,40
2029,0,-1,-0.0,0.16,4,0.16,0,41
2030,2,1,28.346605,0.2,5,0.2,0,41
2031,2,1,19.461393,0.28,7,0.28,0,41
2032,0,-1,-0.0,0.28,7,0.28,0,41
2033,0,-1,-0.0,0.28,7,0.28,0,41
2034,2,1,22.635555,0.36,9,0.36,0,41
2035,2,1,-5.8295894,0.4,10,0.4,0,41
2036,0,-1,-0.0,0.4,10,0.4,0,41
2037,2,1,9.05587,0.52,13,0.52,0,41
2038,2,1,19.730448,0.56,14,0.56,0,41
2039,2,1,16.710442,0.6,15,0.6,0,41
2040,0,-1,-17.86555,0.56,14,0.56,0,41
2041,2,1,2.9178631,0.64,16,0.64,0,41
2042,1,0,0.0,0.64,16,0.64,0,41
2043,0,-1,-0.0,0.64,16,0.64,0,41
2044,2,1,-17.735909,0.68,17,0.68,0,41
2045,2,1,4.656823,0.72,18,0.72,0,41
2046,1,0,0.0,0.72,18,0.72,0,41
2047,2,1,-45.34723,0.8,20,0.8,1,41
2048,2,1,-33.177956,0.84,21,0.84,0,41
2049,1,0,0.0,0.84,21,0.84,0,41
2050,2,1,-76.696014,0.88,22,0.88,0,41
2051,0,-1,-0.0,0.88,22,0.88,0,41
2052,2,1,-181.86476,0.92,23,0.92,0,41
2053,1,0,0.0,0.92,23,0.92,0,41
2054,2,1,-612.31714,0.96,24,0.96,0,41
2055,2,1,27.686468,1.0,25,1.0,0,41
2056,0,-1,-1000.0,0.0,0,0.0,0,41
2057,2,1,28.364332,0.2,5,0.2,0,42
2058,1,0,0.0,0.2,5,0.2,0,42
2059,2,1,28.208652,0.24,6,0.24,0,42
2060,0,-1,-0.0,0.24,6,0.24,0,42
2061,2,1,26.767761,0.28,7,0.28,0,42
2062,1,0,0.0,0.28,7,0.28,0,42
2063,1,0,0.0,0.28,7,0.28,0,42
2064,0,-1,-26.767761,0.24,6,0.24,0,42
2065,1,0,0.0,0.24,6,0.24,0,42
2066,1,0,0.0,0.24,6,0.24,0,42
2067,2,1,26.767761,0.28,7,0.28,0,42
2068,2,1,26.441492,0.32,8,0.32,0,42
2069,2,1,16.93285,0.4,10,0.4,0,42
2070,1,0,0.0,0.4,10,0.4,0,42
2071,1,0,0.0,0.4,10,0.4,0,42
2072,0,-1,-0.0,0.4,10,0.4,1,42
2073,0,-1,-22.144985,0.36,9,0.36,0,42
2074,1,0,0.0,0.36,9,0.36,0,42
2075,2,1,23.77687,0.4,10,0.4,0,42
2076,1,0,0.0,0.4,10,0.4,0,42
2077,0,-1,-0.0,0.4,10,0.4,0,42
2078,2,1,23.144829,0.44,11,0.44,1,42
2079,2,1,21.667458,0.48,12,0.48,0,42
2080,0,-1,-19.744865,0.44,11,0.44,0,42
2081,2,1,18.582808,0.48,12,0.48,0,42
2082,2,1,9.959767,0.56,14,0.56,0,42
2083,0,-1,-0.0,0.56,14,0.56,0,42
2084,2,1,-67.35843,0.76,19,0.76,0,42
2085,1,0,0.0,0.76,19,0.76,0,42
2086,1,0,0.0,0.76,19,0.76,0,42
2087,2,1,-18.11906,0.8,20,0.8,0,42
2088,1,0,0.0,0.8,20,0.8,0,42
2089,1,0,0.0,0.8,20,0.8,0,42
2090,2,1,-351.60574,0.92,23,0.92,0,42
2091,2,1,-1000.0,0.0,0,0.0,0,42
2092,1,0,0.0,0.16,4,0.16,0,43
2093,1,0,0.0,0.16,4,0.16,0,43
2094,0,-1,-0.0,0.16,4,0.16,0,43
2095,2,1,28.346605,0.2,5,0.2,0,43
2096,1,0,0.0,0.2,5,0.2,0,43
2097,0,-1,-0.0,0.2,5,0.2,0,43
2098,0,-1,-28.346605,0.16,4,0.16,0,43
2099,2,1,28.346605,0.2,5,0.2,0,43
2100,1,0,0.0,0.2,5,0.2,0,43
2101,2,1,28.22638,0.24,6,0.24,0,43
2102,2,1,26.767761,0.28,7,0.28,0,43
2103,1,0,0.0,0.28,7,0.28,0,43
2104,2,1,13.119488,0.4,10,0.4,0,43
2105,2,1,19.483187,0.44,11,0.44,0,43
2106,1,0,0.0,0.44,11,0.44,0,43
2107,2,1,-7.3917303,0.48,12,0.48,0,43
2108,2,1,9.622631,0.56,14,0.56,0,43
2109,0,-1,-0.0,0.56,14,0.56,0,43
2110,1,0,0.0,0.56,14,0.56,1,43
2111,0,-1,-16.005745,0.52,13,0.52,0,43
2112,1,0,0.0,0.52,13,0.52,0,43
2113,2,1,13.961743,0.56,14,0.56,0,43
2114,1,0,0.0,0.56,14,0.56,0,43
2115,2,1,19.50075,0.6,15,0.6,0,43
2116,1,0,0.0,0.6,15,0.6,0,43
2117,1,0,0.0,0.6,15,0.6,0,43
2118,2,1,12.259334,0.64,16,0.64,0,43
2119,1,0,0.0,0.64,16,0.64,0,43
2120,0,-1,-24.979029,0.64,16,0.64,0,43
2121,0,-1,3.2383883,0.6,15,0.6,0,43
2122,0,-1,-0.0041542444,0.6,15,0.6,0,43
2123,1,0,0.0,0.6,15,0.6,0,43
2124,2,1,-6.7741137,0.68,17,0.68,0,43
2125,1,0,0.0,0.68,17,0.68,0,43
2126,1,0,0.0,0.68,17,0.68,0,43
2127,1,0,0.0,0.68,17,0.68,0,43
2128,2,1,6.941916,0.72,18,0.72,0,43
2129,1,0,0.0,0.72,18,0.72,0,43
2130,0,-1,-2.042016e-05,0.72,18,0.72,0,43
2131,1,0,0.0,0.72,18,0.72,0,43
2132,1,0,0.0,0.72,18,0.72,0,43
2133,1,0,0.0,0.72,18,0.72,0,43
2134,1,0,0.0,0.72,18,0.72,0,43
2135,0,-1,-2.5058947,0.68,17,0.68,0,43
2136,1,0,0.0,0.68,17,0.68,0,43
2137,1,0,0.0,0.68,17,0.68,1,43
2138,0,-1,-25.963257,0.68,17,0.68,0,43
2139,0,-1,-10.680002,0.64,16,0.64,0,43
2140,0,-1,-12.226431,0.6,15,0.6,0,43
2141,2,1,14.261952,0.64,16,0.64,0,43
2142,2,1,-0.6708903,0.68,17,0.68,0,43
2143,2,1,-1.9425668,0.72,18,0.72,0,43
2144,0,-1,-0.0,0.72,18,0.72,0,43
2145,2,1,-4.315036,0.76,19,0.76,0,43
2146,1,0,0.0,0.76,19,0.76,0,43
2147,2,1,-13.570308,0.8,20,0.8,0,43
2148,2,1,-36.875916,0.84,21,0.84,0,43
2149,2,1,-77.228775,0.88,22,0.88,0,43
2150,2,1,-184.70692,0.92,23,0.92,0,43
2151,1,0,0.0,0.92,23,0.92,1,43
2152,2,1,22.573826,1.0,25,1.0,0,43
2153,2,1,-1000.0,0.0,0,0.0,0,43
2154,1,0,0.0,0.16,4,0.16,0,44
2155,1,0,0.0,0.16,4,0.16,1,44
2156,1,0,0.0,0.16,4,0.16,0,44
2157,1,0,0.0,0.16,4,0.16,0,44
2158,1,0,0.0,0.16,4,0.16,0,44
2159,2,1,28.262749,0.2,5,0.2,0,44
2160,0,-1,-0.0,0.2,5,0.2,0,44
2161,1,0,0.0,0.2,5,0.2,0,44
2162,1,0,0.0,0.2,5,0.2,0,44
2163,2,1,27.992828,0.24,6,0.24,0,44
2164,0,-1,-0.0,0.24,6,0.24,0,44
2165,2,1,26.539675,0.28,7,0.28,0,44
2166,1,0,0.0,0.28,7,0.28,0,44
2167,2,1,21.239792,0.32,8,0.32,0,44
2168,1,0,0.0,0.32,8,0.32,0,44
2169,2,1,19.424269,0.36,9,0.36,0,44
2170,1,0,0.0,0.36,9,0.36,0,44
2171,2,1,10.1164875,0.48,12,0.48,0,44
2172,2,1,19.296515,0.52,13,0.52,0,44
2173,2,1,16.973808,0.56,14,0.56,0,44
2174,0,-1,-0.0035722945,0.56,14,0.56,0,44
2175,2,1,5.023007,0.64,16,0.64,0,44
2176,1,0,0.0,0.64,16,0.64,0,44
2177,2,1,-13.896348,0.72,18,0.72,0,44
2178,2,1,-4.667715,0.76,19,0.76,0,44
2179,1,0,0.0,0.76,19,0.76,0,44
2180,1,0,0.0,0.76,19,0.76,0,44
2181,2,1,-14.864642,0.8,20,0.8,0,44
2182,1,0,0.0,0.8,20,0.8,1,44
2183,2,1,-33.20134,0.84,21,0.84,0,44
2184,0,-1,-23.249262,0.84,21,0.84,0,44
2185,1,0,0.0,0.84,21,0.84,0,44
2186,2,1,-288.47818,0.92,23,0.92,0,44
2187,1,0,0.0,0.92,23,0.92,0,44
2188,0,-1,183.38666,0.88,22,0.88,0,44
2189,1,0,0.0,0.88,22,0.88,0,44
2190,0,-1,-233.49605,0.92,23,0.92,0,44
2191,1,0,0.0,0.92,23,0.92,0,44
2192,2,1,-1000.0,0.0,0,0.0,0,44
2193,2,1,28.364332,0.2,5,0.2,0,45
2194,1,0,0.0,0.2,5,0.2,0,45
2195,2,1,19.247265,0.28,7,0.28,1,45
2196,1,0,0.0,0.28,7,0.28,0,45
2197,2,1,16.620516,0.36,9,0.36,0,45
2198,2,1,12.960589,0.48,12,0.48,0,45
2199,0,-1,-0.2595938,0.48,12,0.48,0,45
2200,0,-1,-0.00010550817,0.48,12,0.48,0,45
2201,0,-1,-0.0,0.48,12,0.48,0,45
2202,1,0,0.0,0.48,12,0.48,0,45
2203,0,-1,-19.12234,0.44,11,0.44,0,45
2204,2,1,12.611576,0.52,13,0.52,0,45
2205,2,1,15.524709,0.56,14,0.56,0,45
2206,2,1,0.5465758,0.64,16,0.64,0,45
2207,2,1,-15.0761385,0.72,18,0.72,1,45
2208,1,0,0.0,0.72,18,0.72,0,45
2209,1,0,0.0,0.72,18,0.72,0,45
2210,0,-1,-3.0191352,0.68,17,0.68,0,45
2211,0,-1,-25.87237,0.68,17,0.68,0,45
2212,0,-1,-7.311919,0.64,16,0.64,0,45
2213,2,1,-15.435968,0.72,18,0.72,0,45
2214,1,0,0.0,0.72,18,0.72,0,45
2215,0,-1,-2.749836,0.68,17,0.68,0,45
2216,1,0,0.0,0.68,17,0.68,0,45
2217,0,-1,-25.993872,0.68,17,0.68,0,45
2218,0,-1,-0.015882296,0.68,17,0.68,0,45
2219,1,0,0.0,0.68,17,0.68,0,45
2220,0,-1,-0.0,0.68,17,0.68,0,45
2221,2,1,-28.618507,0.76,19,0.76,0,45
2222,0,-1,-0.00047984012,0.76,19,0.76,0,45
2223,1,0,0.0,0.76,19,0.76,0,45
2224,1,0,0.0,0.76,19,0.76,0,45
2225,2,1,-17.651695,0.8,20,0.8,0,45
2226,0,-1,-0.00016208045,0.8,20,0.8,0,45
2227,2,1,-43.40138,0.84,21,0.84,0,45
2228,1,0,0.0,0.84,21,0.84,0,45
2229,1,0,0.0,0.84,21,0.84,0,45
2230,1,0,0.0,0.84,21,0.84,0,45
2231,1,0,0.0,0.84,21,0.84,0,45
2232,2,1,-284.6691,0.92,23,0.92,0,45
2233,1,0,0.0,0.92,23,0.92,0,45
2234,1,0,0.0,0.92,23,0.92,0,45
2235,2,1,-609.08777,0.96,24,0.96,0,45
2236,2,1,25.047483,1.0,25,1.0,1,45
2237,1,0,-1000.0,0.0,0,0.0,0,45
2238,0,-1,-0.0,0.16,4,0.16,1,46
2239,0,-1,-0.0,0.16,4,0.16,0,46
2240,0,-1,-0.0,0.16,4,0.16,0,46
2241,1,0,0.0,0.16,4,0.16,0,46
2242,1,0,0.0,0.16,4,0.16,0,46
2243,1,0,0.0,0.16,4,0.16,0,46
2244,2,1,28.130781,0.2,5,0.2,0,46
2245,2,1,28.124796,0.24,6,0.24,0,46
2246,0,-1,-0.0,0.24,6,0.24,0,46
2247,0,-1,-0.0,0.24,6,0.24,0,46
2248,0,-1,-27.992828,0.2,5,0.2,0,46
2249,0,-1,-0.0,0.2,5,0.2,0,46
2250,0,-1,-0.0,0.2,5,0.2,0,46
2251,1,0,0.0,0.2,5,0.2,0,46
2252,1,0,0.0,0.2,5,0.2,0,46
2253,1,0,0.0,0.2,5,0.2,0,46
2254,2,1,21.808485,0.24,6,0.24,0,46
2255,2,1,23.12957,0.32,8,0.32,0,46
2256,1,0,0.0,0.32,8,0.32,0,46
2257,0,-1,-0.0,0.32,8,0.32,0,46
2258,2,1,18.577732,0.36,9,0.36,0,46
2259,1,0,0.0,0.36,9,0.36,0,46
2260,2,1,10.730822,0.48,12,0.48,1,46
2261,2,1,6.625689,0.56,14,0.56,0,46
2262,1,0,0.0,0.56,14,0.56,0,46
2263,0,-1,-27.759235,0.56,14,0.56,0,46
2264,2,1,16.453249,0.6,15,0.6,0,46
2265,0,-1,-17.068155,0.56,14,0.56,0,46
2266,2,1,15.226897,0.6,15,0.6,0,46
2267,1,0,0.0,0.6,15,0.6,0,46
2268,1,0,0.0,0.6,15,0.6,0,46
2269,0,-1,-0.10735096,0.6,15,0.6,0,46
2270,0,-1,-9.499055,0.56,14,0.56,0,46
2271,2,1,9.875841,0.6,15,0.6,0,46
2272,0,-1,-21.250889,0.6,15,0.6,0,46
2273,2,1,13.964406,0.64,16,0.64,0,46
2274,1,0,0.0,0.64,16,0.64,0,46
2275,2,1,9.951261,0.68,17,0.68,0,46
2276,1,0,0.0,0.68,17,0.68,0,46
2277,1,0,0.0,0.68,17,0.68,0,46
2278,1,0,0.0,0.68,17,0.68,0,46
2279,0,-1,-9.277873,0.64,16,0.64,0,46
2280,0,-1,-13.964406,0.6,15,0.6,0,46
2281,2,1,-3.4015594,0.68,17,0.68,1,46
2282,0,-1,-0.0,0.68,17,0.68,0,46
2283,1,0,0.0,0.68,17,0.68,0,46
2284,0,-1,-0.0,0.68,17,0.68,0,46
2285,2,1,4.654123,0.72,18,0.72,0,46
2286,2,1,-103.38686,0.84,21,0.84,0,46
2287,0,-1,35.474228,0.8,20,0.8,0,46
2288,1,0,0.0,0.8,20,0.8,0,46
2289,2,1,-35.474228,0.84,21,0.84,0,46
2290,0,-1,-0.07996316,0.84,21,0.84,1,46
2291,2,1,-76.2538,0.88,22,0.88,0,46
2292,0,-1,76.2538,0.84,21,0.84,0,46
2293,0,-1,-0.0,0.84,21,0.84,0,46
2294,2,1,-910.0822,0.96,24,0.96,0,46
2295,2,1,-1000.0,0.0,0,0.0,0,46
2296,0,-1,-0.0,0.16,4,0.16,0,47
2297,2,1,-4.1406527,0.2,5,0.2,0,47
2298,1,0,0.0,0.2,5,0.2,0,47
2299,2,1,-4.278687,0.24,6,0.24,0,47
2300,1,0,0.0,0.24,6,0.24,0,47
2301,1,0,0.0,0.24,6,0.24,0,47
2302,1,0,0.0,0.24,6,0.24,0,47
2303,1,0,0.0,0.24,6,0.24,1,47
2304,2,1,27.812548,0.28,7,0.28,0,47
2305,1,0,0.0,0.28,7,0.28,0,47
2306,1,0,0.0,0.28,7,0.28,0,47
2307,2,1,27.606607,0.32,8,0.32,0,47
2308,1,0,0.0,0.32,8,0.32,0,47
2309,1,0,0.0,0.32,8,0.32,0,47
2310,2,1,17.620775,0.36,9,0.36,0,47
2311,2,1,22.776497,0.4,10,0.4,0,47
2312,0,-1,-17.07163,0.36,9,0.36,0,47
2313,2,1,22.650597,0.4,10,0.4,0,47
2314,1,0,0.0,0.4,10,0.4,0,47
2315,2,1,18.971542,0.44,11,0.44,0,47
2316,0,-1,-22.08531,0.4,10,0.4,1,47
2317,2,1,13.66603,0.44,11,0.44,0,47
2318,1,0,0.0,0.44,11,0.44,0,47
2319,0,-1,-22.649595,0.4,10,0.4,0,47
2320,1,0,0.0,0.4,10,0.4,0,47
2321,1,0,0.0,0.4,10,0.4,0,47
2322,0,-1,-26.938894,0.36,9,0.36,1,47
2323,0,-1,-29.336624,0.36,9,0.36,0,47
2324,0,-1,-0.0,0.36,9,0.36,0,47
2325,2,1,16.345858,0.4,10,0.4,0,47
2326,1,0,0.0,0.4,10,0.4,1,47
2327,0,-1,-0.0,0.4,10,0.4,0,47
2328,1,0,0.0,0.4,10,0.4,0,47
2329,2,1,18.82403,0.48,12,0.48,0,47
2330,0,-1,-0.0,0.48,12,0.48,0,47
2331,1,0,0.0,0.48,12,0.48,0,47
2332,1,0,0.0,0.48,12,0.48,0,47
2333,2,1,13.777974,0.52,13,0.52,0,47
2334,1,0,0.0,0.52,13,0.52,0,47
2335,0,-1,-0.0,0.52,13,0.52,0,47
2336,1,0,0.0,0.52,13,0.52,0,47
2337,0,-1,-22.333456,0.48,12,0.48,1,47
2338,0,-1,-15.383683,0.44,11,0.44,0,47
2339,1,0,0.0,0.44,11,0.44,0,47
2340,2,1,12.875919,0.48,12,0.48,0,47
2341,2,1,10.017422,0.56,14,0.56,0,47
2342,0,-1,-10.345799,0.52,13,0.52,0,47
2343,0,-1,-15.2392235,0.48,12,0.48,0,47
2344,0,-1,-0.0,0.48,12,0.48,0,47
2345,1,0,0.0,0.48,12,0.48,0,47
2346,1,0,0.0,0.48,12,0.48,0,47
2347,0,-1,-0.0040528113,0.48,12,0.48,0,47
2348,2,1,18.210955,0.52,13,0.52,0,47
2349,2,1,-13.382391,0.64,16,0.64,0,47
2350,2,1,7.185731,0.68,17,0.68,0,47
2351,2,1,8.105327,0.72,18,0.72,0,47
2352,0,-1,-0.0,0.72,18,0.72,0,47
2353,2,1,-108.27168,0.84,21,0.84,0,47
2354,1,0,0.0,0.84,21,0.84,0,47
2355,1,0,0.0,0.84,21,0.84,0,47
2356,1,0,0.0,0.84,21,0.84,0,47
2357,1,0,0.0,0.84,21,0.84,0,47
2358,2,1,-915.28564,0.96,24,0.96,0,47
2359,2,1,-1000.0,0.0,0,0.0,0,47
2360,0,-1,-0.0,0.16,4,0.16,0,48
2361,0,-1,-0.0,0.16,4,0.16,0,48
2362,2,1,28.364332,0.2,5,0.2,0,48
2363,1,0,0.0,0.2,5,0.2,0,48
2364,2,1,23.955872,0.28,7,0.28,0,48
2365,2,1,26.436209,0.32,8,0.32,0,48
2366,0,-1,-0.0,0.32,8,0.32,0,48
2367,0,-1,-0.0,0.32,8,0.32,0,48
2368,1,0,0.0,0.32,8,0.32,0,48
2369,1,0,0.0,0.32,8,0.32,0,48
2370,0,-1,-0.0,0.32,8,0.32,0,48
2371,1,0,0.0,0.32,8,0.32,0,48
2372,2,1,24.37198,0.36,9,0.36,0,48
2373,2,1,15.692518,0.44,11,0.44,0,48
2374,1,0,0.0,0.44,11,0.44,0,48
2375,2,1,-7.391865,0.48,12,0.48,0,48
2376,1,0,0.0,0.48,12,0.48,0,48
2377,0,-1,7.391865,0.44,11,0.44,0,48
2378,2,1,10.7188425,0.52,13,0.52,0,48
2379,2,1,7.0632806,0.6,15,0.6,0,48
2380,2,1,-6.7586207,0.68,17,0.68,0,48
2381,2,1,6.9744883,0.72,18,0.72,0,48
2382,1,0,0.0,0.72,18,0.72,0,48
2383,2,1,-134.88806,0.84,21,0.84,0,48
2384,2,1,-911.5972,0.96,24,0.96,0,48
2385,0,-1,-0.0012614568,0.96,24,0.96,0,48
2386,1,0,0.0,0.96,24,0.96,0,48
2387,0,-1,-0.0,0.96,24,0.96,1,48
2388,2,1,5.734131e-06,1.0,25,1.0,0,48
2389,2,1,-1000.0,0.0,0,0.0,0,48
2390,2,1,-4.1407347,0.2,5,0.2,0,49
2391,0,-1,-0.0,0.2,5,0.2,0,49
2392,2,1,28.208652,0.24,6,0.24,0,49
2393,0,-1,4.278687,0.2,5,0.2,0,49
2394,1,0,0.0,0.2,5,0.2,0,49
2395,1,0,0.0,0.2,5,0.2,0,49
2396,1,0,0.0,0.2,5,0.2,0,49
2397,2,1,-4.278605,0.24,6,0.24,0,49
2398,1,0,0.0,0.24,6,0.24,0,49
2399,2,1,18.8927,0.32,8,0.32,0,49
2400,1,0,0.0,0.32,8,0.32,1,49
2401,2,1,15.524791,0.4,10,0.4,0,49
2402,1,0,0.0,0.4,10,0.4,0,49
2403,1,0,0.0,0.4,10,0.4,1,49
2404,2,1,25.979948,0.44,11,0.44,0,49
2405,2,1,20.912283,0.48,12,0.48,0,49
2406,2,1,1.0004338,0.6,15,0.6,0,49
2407,1,0,0.0,0.6,15,0.6,1,49
2408,2,1,-1.4222851,0.64,16,0.64,0,49
2409,2,1,9.59512,0.68,17,0.68,0,49
2410,0,-1,4.8716974,0.64,16,0.64,0,49
2411,2,1,-4.8716974,0.68,17,0.68,0,49
2412,1,0,0.0,0.68,17,0.68,0,49
2413,1,0,0.0,0.68,17,0.68,0,49
2414,0,-1,-9.59512,0.64,16,0.64,0,49
2415,0,-1,-9.416553,0.6,15,0.6,0,49
2416,2,1,10.020821,0.64,16,0.64,0,49
2417,2,1,9.59512,0.68,17,0.68,0,49
2418,2,1,-32.450397,0.76,19,0.76,0,49
2419,2,1,-76.428185,0.84,21,0.84,0,49
2420,0,-1,-0.0,0.84,21,0.84,0,49
2421,2,1,-281.68094,0.92,23,0.92,0,49
2422,2,1,29.596472,1.0,25,1.0,1,49
2423,2,1,-1000.0,0.0,0,0.0,0,49
2424,2,1,28.364332,0.2,5,0.2,0,50
2425,2,1,19.247265,0.28,7,0.28,0,50
2426,2,1,27.639961,0.32,8,0.32,0,50
2427,2,1,-5.2804523,0.36,9,0.36,0,50
2428,0,-1,-0.0,0.36,9,0.36,0,50
2429,0,-1,5.2804523,0.32,8,0.32,0,50
2430,2,1,26.003696,0.36,9,0.36,0,50
2431,0,-1,-26.003696,0.32,8,0.32,0,50
2432,0,-1,-27.639961,0.28,7,0.28,0,50
2433,0,-1,-23.526543,0.24,6,0.24,0,50
2434,0,-1,-28.22638,0.2,5,0.2,0,50
2435,2,1,-4.2792473,0.24,6,0.24,0,50
2436,2,1,17.860786,0.36,9,0.36,0,50
2437,0,-1,5.280317,0.32,8,0.32,0,50
2438,1,0,0.0,0.32,8,0.32,0,50
2439,0,-1,4.847379,0.28,7,0.28,0,50
2440,1,0,0.0,0.28,7,0.28,0,50
2441,2,1,16.793488,0.4,10,0.4,0,50
2442,2,1,17.550112,0.48,12,0.48,0,50
2443,2,1,-8.498307,0.52,13,0.52,0,50
2444,0,-1,8.498307,0.48,12,0.48,0,50
2445,2,1,19.758776,0.52,13,0.52,0,50
2446,2,1,7.2823744,0.6,15,0.6,0,50
2447,0,-1,-0.0,0.6,15,0.6,0,50
2448,0,-1,-16.470173,0.56,14,0.56,1,50
2449,0,-1,-10.814617,0.52,13,0.52,0,50
2450,2,1,17.39352,0.56,14,0.56,0,50
2451,2,1,-11.786754,0.6,15,0.6,0,50
2452,0,-1,-0.009330454,0.6,15,0.6,0,50
2453,0,-1,-0.0,0.6,15,0.6,0,50
2454,1,0,0.0,0.6,15,0.6,0,50
2455,2,1,14.0209,0.64,16,0.64,0,50
2456,1,0,0.0,0.64,16,0.64,0,50
2457,2,1,11.892597,0.68,17,0.68,0,50
2458,1,0,0.0,0.68,17,0.68,0,50
2459,1,0,0.0,0.68,17,0.68,0,50
2460,2,1,-24.041422,0.76,19,0.76,0,50
2461,2,1,-14.2348995,0.8,20,0.8,0,50
2462,1,0,0.0,0.8,20,0.8,0,50
2463,2,1,-37.4568,0.84,21,0.84,0,50
2464,2,1,-80.574,0.88,22,0.88,0,50
2465,0,-1,104.45684,0.84,21,0.84,0,50
2466,2,1,-287.3985,0.92,23,0.92,0,50
2467,0,-1,181.29543,0.88,22,0.88,0,50
2468,1,0,0.0,0.88,22,0.88,1,50
2469,1,0,0.0,0.88,22,0.88,1,50
2470,0,-1,-0.0,0.88,22,0.88,0,50
2471,1,0,0.0,0.88,22,0.88,0,50
2472,2,1,-185.18044,0.92,23,0.92,0,50
2473,0,-1,183.93185,0.88,22,0.88,0,50
2474,1,0,0.0,0.88,22,0.88,0,50
2475,1,0,0.0,0.88,22,0.88,0,50
2476,2,1,-180.29793,0.92,23,0.92,0,50
2477,2,1,-599.50354,0.96,24,0.96,0,50
2478,2,1,23.634827,1.0,25,1.0,0,50
2479,0,-1,-1000.0,0.0,0,0.0,0,50
2480,0,-1,-0.0,0.16,4,0.16,0,51
2481,2,1,28.364332,0.2,5,0.2,0,51
2482,2,1,-4.278605,0.24,6,0.24,0,51
2483,1,0,0.0,0.24,6,0.24,0,51
2484,1,0,0.0,0.24,6,0.24,0,51
2485,2,1,23.38718,0.32,8,0.32,0,51
2486,1,0,0.0,0.32,8,0.32,0,51
2487,0,-1,-0.0,0.32,8,0.32,0,51
2488,1,0,0.0,0.32,8,0.32,0,51
2489,2,1,-5.280317,0.36,9,0.36,0,51
2490,1,0,0.0,0.36,9,0.36,0,51
2491,1,0,0.0,0.36,9,0.36,0,51
2492,1,0,0.0,0.36,9,0.36,0,51
2493,2,1,22.213333,0.4,10,0.4,0,51
2494,2,1,-13.912674,0.48,12,0.48,0,51
2495,2,1,-8.498307,0.52,13,0.52,0,51
2496,2,1,6.5481567,0.6,15,0.6,0,51
2497,1,0,0.0,0.6,15,0.6,0,51
2498,1,0,0.0,0.6,15,0.6,0,51
2499,1,0,0.0,0.6,15,0.6,0,51
2500,1,0,0.0,0.6,15,0.6,0,51
2501,2,1,-14.286522,0.64,16,0.64,0,51
2502,0,-1,-13.7564335,0.6,15,0.6,0,51
2503,1,0,0.0,0.6,15,0.6,0,51
2504,2,1,-14.286527,0.64,16,0.64,0,51
2505,0,-1,-17.002935,0.6,15,0.6,1,51
2506,0,-1,-0.0,0.6,15,0.6,0,51
2507,0,-1,-16.519003,0.56,14,0.56,0,51
2508,1,0,0.0,0.56,14,0.56,0,51
2509,0,-1,-22.546951,0.52,13,0.52,0,51
2510,2,1,-9.922015,0.56,14,0.56,0,51
2511,2,1,-11.071479,0.68,17,0.68,0,51
2512,0,-1,17.7359,0.64,16,0.64,0,51
2513,1,0,0.0,0.64,16,0.64,0,51
2514,2,1,-54.759857,0.76,19,0.76,0,51
2515,2,1,-41.986004,0.8,20,0.8,0,51
2516,1,0,0.0,0.8,20,0.8,0,51
2517,1,0,0.0,0.8,20,0.8,0,51
2518,2,1,-135.8178,0.88,22,0.88,0,51
2519,1,0,0.0,0.88,22,0.88,0,51
2520,1,0,0.0,0.88,22,0.88,0,51
2521,2,1,-1000.0,0.0,0,0.0,0,51
2522,1,0,0.0,0.16,4,0.16,0,52
2523,0,-1,-0.0,0.16,4,0.16,0,52
2524,0,-1,-0.0,0.16,4,0.16,0,52
2525,0,-1,-0.0,0.16,4,0.16,0,52
2526,2,1,28.364332,0.2,5,0.2,0,52
2527,1,0,0.0,0.2,5,0.2,0,52
2528,1,0,0.0,0.2,5,0.2,0,52
2529,1,0,0.0,0.2,5,0.2,0,52
2530,2,1,23.955872,0.28,7,0.28,0,52
2531,2,1,13.033225,0.4,10,0.4,0,52
2532,1,0,0.0,0.4,10,0.4,1,52
2533,1,0,0.0,0.4,10,0.4,0,52
2534,2,1,17.362183,0.44,11,0.44,0,52
2535,0,-1,-17.362183,0.4,10,0.4,0,52
2536,1,0,0.0,0.4,10,0.4,0,52
2537,2,1,9.019411,0.52,13,0.52,0,52
2538,2,1,17.32496,0.56,14,0.56,0,52
2539,1,0,0.0,0.56,14,0.56,0,52
2540,0,-1,-0.0,0.56,14,0.56,0,52
2541,1,0,0.0,0.56,14,0.56,0,52
2542,1,0,0.0,0.56,14,0.56,0,52
2543,2,1,0.71123165,0.64,16,0.64,0,52
2544,0,-1,-25.089266,0.64,16,0.64,0,52
2545,1,0,0.0,0.64,16,0.64,0,52
2546,0,-1,-0.0,0.64,16,0.64,0,52
2547,0,-1,-12.448994,0.6,15,0.6,0,52
2548,2,1,-5.216194,0.68,17,0.68,0,52
2549,1,0,0.0,0.68,17,0.68,0,52
2550,0,-1,-9.511038,0.64,16,0.64,0,52
2551,1,0,0.0,0.64,16,0.64,0,52
2552,2,1,-15.814913,0.72,18,0.72,0,52
2553,1,0,0.0,0.72,18,0.72,0,52
2554,2,1,-43.77649,0.8,20,0.8,0,52
2555,2,1,-140.63768,0.88,22,0.88,0,52
2556,2,1,-181.36398,0.92,23,0.92,1,52
2557,1,0,0.0,0.92,23,0.92,0,52
2558,2,1,24.710943,1.0,25,1.0,0,52
2559,1,0,-1000.0,0.0,0,0.0,0,52
2560,1,0,0.0,0.16,4,0.16,0,53
2561,2,1,28.364332,0.2,5,0.2,0,53
2562,2,1,23.955872,0.28,7,0.28,0,53
2563,1,0,0.0,0.28,7,0.28,0,53
2564,0,-1,-0.0,0.28,7,0.28,0,53
2565,1,0,0.0,0.28,7,0.28,0,53
2566,2,1,26.436209,0.32,8,0.32,0,53
2567,2,1,11.446643,0.44,11,0.44,0,53
2568,0,-1,-21.976542,0.4,10,0.4,0,53
2569,1,0,0.0,0.4,10,0.4,0,53
2570,1,0,0.0,0.4,10,0.4,0,53
2571,2,1,23.131649,0.44,11,0.44,0,53
2572,2,1,10.671097,0.52,13,0.52,0,53
2573,1,0,0.0,0.52,13,0.52,0,53
2574,2,1,18.57534,0.56,14,0.56,0,53
2575,2,1,17.863403,0.6,15,0.6,0,53
2576,0,-1,-0.0,0.6,15,0.6,0,53
2577,0,-1,-16.710442,0.56,14,0.56,0,53
2578,0,-1,-0.0,0.56,14,0.56,0,53
2579,2,1,15.984867,0.6,15,0.6,0,53
2580,1,0,0.0,0.6,15,0.6,0,53
2581,1,0,0.0,0.6,15,0.6,0,53
2582,2,1,14.21083,0.64,16,0.64,1,53
2583,1,0,0.0,0.64,16,0.64,0,53
2584,0,-1,-0.0,0.64,16,0.64,0,53
2585,0,-1,-14.190836,0.6,15,0.6,0,53
2586,0,-1,-0.0,0.6,15,0.6,0,53
2587,1,0,0.0,0.6,15,0.6,0,53
2588,1,0,0.0,0.6,15,0.6,0,53
2589,0,-1,-0.0,0.6,15,0.6,0,53
2590,1,0,0.0,0.6,15,0.6,0,53
2591,1,0,0.0,0.6,15,0.6,0,53
2592,2,1,-97.58203,0.8,20,0.8,0,53
2593,2,1,-140.49847,0.88,22,0.88,1,53
2594,0,-1,-23.948833,0.88,22,0.88,0,53
2595,1,0,0.0,0.88,22,0.88,0,53
2596,1,0,0.0,0.88,22,0.88,0,53
2597,1,0,0.0,0.88,22,0.88,0,53
2598,1,0,0.0,0.88,22,0.88,0,53
2599,1,0,0.0,0.88,22,0.88,0,53
2600,2,1,-186.63872,0.92,23,0.92,0,53
2601,2,1,25.520002,1.0,25,1.0,0,53
2602,0,-1,-1000.0,0.0,0,0.0,0,53
2603,2,1,-4.1406527,0.2,5,0.2,0,54
2604,2,1,-4.278687,0.24,6,0.24,0,54
2605,1,0,0.0,0.24,6,0.24,0,54
2606,0,-1,4.278605,0.2,5,0.2,0,54
2607,2,1,-4.27924,0.24,6,0.24,0,54
2608,1,0,0.0,0.24,6,0.24,0,54
2609,1,0,0.0,0.24,6,0.24,0,54
2610,1,0,0.0,0.24,6,0.24,0,54
2611,2,1,27.98924,0.28,7,0.28,0,54
2612,2,1,27.639961,0.32,8,0.32,0,54
2613,0,-1,-0.0,0.32,8,0.32,0,54
2614,0,-1,-27.639961,0.28,7,0.28,0,54
2615,1,0,0.0,0.28,7,0.28,0,54
2616,2,1,16.793488,0.4,10,0.4,0,54
2617,2,1,24.763365,0.44,11,0.44,0,54
2618,0,-1,-24.768646,0.4,10,0.4,0,54
2619,0,-1,-0.30990842,0.4,10,0.4,0,54
2620,1,0,0.0,0.4,10,0.4,0,54
2621,0,-1,5.828954,0.36,9,0.36,0,54
2622,2,1,25.459835,0.4,10,0.4,0,54
2623,0,-1,-25.459835,0.36,9,0.36,0,54
2624,1,0,0.0,0.36,9,0.36,1,54
2625,2,1,11.682712,0.48,12,0.48,0,54
2626,2,1,10.526008,0.56,14,0.56,0,54
2627,1,0,0.0,0.56,14,0.56,1,54
2628,1,0,0.0,0.56,14,0.56,0,54
2629,0,-1,-12.788262,0.52,13,0.52,0,54
2630,2,1,13.104718,0.56,14,0.56,0,54
2631,1,0,0.0,0.56,14,0.56,0,54
2632,1,0,0.0,0.56,14,0.56,0,54
2633,1,0,0.0,0.56,14,0.56,0,54
2634,1,0,0.0,0.56,14,0.56,0,54
2635,1,0,0.0,0.56,14,0.56,0,54
2636,1,0,0.0,0.56,14,0.56,0,54
2637,2,1,17.809694,0.6,15,0.6,0,54
2638,2,1,13.424562,0.64,16,0.64,0,54
2639,1,0,0.0,0.64,16,0.64,0,54
2640,1,0,0.0,0.64,16,0.64,0,54
2641,0,-1,-0.0,0.64,16,0.64,0,54
2642,0,-1,-13.424562,0.6,15,0.6,0,54
2643,1,0,0.0,0.6,15,0.6,0,54
2644,2,1,13.423837,0.64,16,0.64,0,54
2645,2,1,-12.487403,0.72,18,0.72,0,54
2646,2,1,-105.67868,0.84,21,0.84,0,54
2647,0,-1,-0.004001256,0.84,21,0.84,0,54
2648,1,0,0.0,0.84,21,0.84,0,54
2649,1,0,0.0,0.84,21,0.84,0,54
2650,2,1,-77.797295,0.88,22,0.88,0,54
2651,2,1,-183.0846,0.92,23,0.92,1,54
2652,2,1,-598.0373,0.96,24,0.96,0,54
2653,1,0,0.0,0.96,24,0.96,0,54
2654,1,0,0.0,0.96,24,0.96,0,54
2655,1,0,0.0,0.96,24,0.96,1,54
2656,2,1,-1000.0,0.0,0,0.0,0,54
2657,2,1,28.346605,0.2,5,0.2,0,55
2658,2,1,-4.278687,0.24,6,0.24,0,55
2659,1,0,0.0,0.24,6,0.24,0,55
2660,0,-1,-28.208652,0.2,5,0.2,0,55
2661,1,0,0.0,0.2,5,0.2,0,55
2662,2,1,-4.278605,0.24,6,0.24,0,55
2663,1,0,0.0,0.24,6,0.24,0,55
2664,2,1,27.98924,0.28,7,0.28,0,55
2665,0,-1,-27.98924,0.24,6,0.24,0,55
2666,2,1,27.971514,0.28,7,0.28,0,55
2667,1,0,0.0,0.28,7,0.28,0,55
2668,0,-1,-0.0,0.28,7,0.28,0,55
2669,1,0,0.0,0.28,7,0.28,0,55
2670,1,0,0.0,0.28,7,0.28,0,55
2671,2,1,22.377203,0.36,9,0.36,0,55
2672,2,1,-5.8295894,0.4,10,0.4,0,55
2673,1,0,0.0,0.4,10,0.4,0,55
2674,1,0,0.0,0.4,10,0.4,0,55
2675,0,-1,-0.0,0.4,10,0.4,0,55
2676,2,1,-13.912674,0.48,12,0.48,0,55
2677,1,0,0.0,0.48,12,0.48,0,55
2678,2,1,-8.498307,0.52,13,0.52,0,55
2679,2,1,-21.708927,0.6,15,0.6,0,55
2680,2,1,-14.286526,0.64,16,0.64,0,55
2681,0,-1,-17.735945,0.68,17,0.68,0,55
2682,2,1,-22.67583,0.72,18,0.72,0,55
2683,1,0,0.0,0.72,18,0.72,0,55
2684,2,1,-2.054947,0.76,19,0.76,0,55
2685,1,0,0.0,0.76,19,0.76,1,55
2686,1,0,0.0,0.76,19,0.76,0,55
2687,2,1,-104.79019,0.84,21,0.84,0,55
2688,2,1,-300.5149,0.92,23,0.92,0,55
2689,1,0,0.0,0.92,23,0.92,0,55
2690,2,1,-593.97284,0.96,24,0.96,0,55
2691,0,-1,593.97284,0.92,23,0.92,0,55
2692,0,-1,-0.0,0.92,23,0.92,0,55
2693,1,0,0.0,0.92,23,0.92,0,55
2694,0,-1,208.61096,0.88,22,0.88,0,55
2695,1,0,0.0,0.88,22,0.88,0,55
2696,0,-1,-0.0,0.88,22,0.88,0,55
2697,2,1,-823.4018,0.96,24,0.96,0,55
2698,0,-1,625.2659,0.92,23,0.92,0,55
2699,1,0,0.0,0.92,23,0.92,0,55
2700,2,1,-1000.0,0.0,0,0.0,0,55
2701,2,1,28.346605,0.2,5,0.2,0,56
2702,2,1,28.22638,0.24,6,0.24,0,56
2703,2,1,26.773045,0.28,7,0.28,0,56
2704,0,-1,-0.0,0.28,7,0.28,0,56
2705,2,1,17.914507,0.36,9,0.36,0,56
2706,0,-1,-22.762478,0.32,8,0.32,0,56
2707,0,-1,-0.15642108,0.32,8,0.32,0,56
2708,0,-1,-0.0,0.32,8,0.32,1,56
2709,2,1,16.12428,0.36,9,0.36,0,56
2710,2,1,11.677651,0.48,12,0.48,0,56
2711,0,-1,-0.0,0.48,12,0.48,0,56
2712,2,1,19.834616,0.52,13,0.52,0,56
2713,2,1,18.050295,0.56,14,0.56,0,56
2714,0,-1,-18.410912,0.52,13,0.52,0,56
2715,2,1,8.01972,0.6,15,0.6,0,56
2716,1,0,0.0,0.6,15,0.6,0,56
2717,2,1,14.2418,0.64,16,0.64,0,56
2718,0,-1,-0.004104695,0.64,16,0.64,0,56
2719,2,1,8.973494,0.68,17,0.68,0,56
2720,2,1,-25.370188,0.76,19,0.76,0,56
2721,2,1,-16.20676,0.8,20,0.8,0,56
2722,1,0,0.0,0.8,20,0.8,0,56
2723,2,1,-35.073048,0.84,21,0.84,0,56
2724,2,1,-911.4166,0.96,24,0.96,0,56
2725,2,1,-1000.0,0.0,0,0.0,0,56
2726,1,0,0.0,0.16,4,0.16,0,57
2727,2,1,28.346605,0.2,5,0.2,0,57
2728,1,0,0.0,0.2,5,0.2,0,57
2729,2,1,28.22638,0.24,6,0.24,0,57
2730,2,1,26.767761,0.28,7,0.28,0,57
2731,0,-1,-26.767761,0.24,6,0.24,0,57
2732,0,-1,-28.208652,0.2,5,0.2,0,57
2733,2,1,23.955872,0.28,7,0.28,0,57
2734,1,0,0.0,0.28,7,0.28,0,57
2735,2,1,26.436209,0.32,8,0.32,0,57
2736,2,1,11.36038,0.44,11,0.44,0,57
2737,0,-1,-0.0,0.44,11,0.44,0,57
2738,1,0,0.0,0.44,11,0.44,0,57
2739,2,1,3.265344,0.56,14,0.56,0,57
2740,1,0,0.0,0.56,14,0.56,0,57
2741,2,1,0.5356077,0.64,16,0.64,0,57
2742,2,1,-17.7359,0.68,17,0.68,1,57
2743,0,-1,-24.956684,0.68,17,0.68,0,57
2744,1,0,0.0,0.68,17,0.68,0,57
2745,1,0,0.0,0.68,17,0.68,0,57
2746,1,0,0.0,0.68,17,0.68,0,57
2747,0,-1,-8.807928,0.64,16,0.64,0,57
2748,2,1,-17.735777,0.68,17,0.68,0,57
2749,1,0,0.0,0.68,17,0.68,0,57
2750,1,0,0.0,0.68,17,0.68,0,57
2751,2,1,-0.16597801,0.72,18,0.72,0,57
2752,0,-1,-19.939295,0.72,18,0.72,0,57
2753,2,1,-45.299053,0.8,20,0.8,0,57
2754,1,0,0.0,0.8,20,0.8,0,57
2755,2,1,-33.175644,0.84,21,0.84,0,57
2756,2,1,-288.31146,0.92,23,0.92,0,57
2757,1,0,0.0,0.92,23,0.92,0,57
2758,0,-1,-24.979027,0.92,23,0.92,0,57
2759,1,0,0.0,0.92,23,0.92,0,57
2760,2,1,-1000.0,0.0,0,0.0,0,57
2761,2,1,28.364332,0.2,5,0.2,0,58
2762,2,1,28.208652,0.24,6,0.24,0,58
2763,1,0,0.0,0.24,6,0.24,0,58
2764,2,1,26.767761,0.28,7,0.28,0,58
2765,2,1,-4.847297,0.32,8,0.32,0,58
2766,0,-1,4.847297,0.28,7,0.28,0,58
2767,2,1,13.119488,0.4,10,0.4,0,58
2768,0,-1,-0.0040504737,0.4,10,0.4,0,58
2769,1,0,0.0,0.4,10,0.4,0,58
2770,2,1,12.648595,0.48,12,0.48,0,58
2771,2,1,17.50569,0.52,13,0.52,0,58
2772,1,0,0.0,0.52,13,0.52,0,58
2773,0,-1,-0.0,0.52,13,0.52,0,58
2774,2,1,9.757961,0.6,15,0.6,0,58
2775,2,1,-25.706991,0.72,18,0.72,0,58
2776,2,1,-6.6230507,0.76,19,0.76,0,58
2777,2,1,-15.223097,0.8,20,0.8,0,58
2778,1,0,0.0,0.8,20,0.8,0,58
2779,0,-1,-0.0,0.8,20,0.8,0,58
2780,2,1,-62.804146,0.84,21,0.84,0,58
2781,1,0,0.0,0.84,21,0.84,0,58
2782,0,-1,62.804146,0.8,20,0.8,0,58
2783,2,1,-62.804146,0.84,21,0.84,0,58
2784,1,0,0.0,0.84,21,0.84,0,58
2785,1,0,0.0,0.84,21,0.84,0,58
2786,1,0,0.0,0.84,21,0.84,0,58
2787,1,0,0.0,0.84,21,0.84,0,58
2788,2,1,-104.45696,0.88,22,0.88,1,58
2789,0,-1,-0.0,0.88,22,0.88,0,58
2790,0,-1,-14.28522,0.88,22,0.88,0,58
2791,1,0,0.0,0.88,22,0.88,0,58
2792,2,1,-804.1067,0.96,24,0.96,0,58
2793,1,0,0.0,0.96,24,0.96,0,58
2794,2,1,27.320312,1.0,25,1.0,0,58
2795,0,-1,-1000.0,0.0,0,0.0,0,58
2796,2,1,-4.1406527,0.2,5,0.2,0,59
2797,2,1,28.208652,0.24,6,0.24,0,59
2798,2,1,-4.5163865,0.28,7,0.28,0,59
2799,2,1,16.547577,0.4,10,0.4,1,59
2800,2,1,24.681492,0.44,11,0.44,0,59
2801,1,0,0.0,0.44,11,0.44,0,59
2802,0,-1,-20.50118,0.4,10,0.4,0,59
2803,2,1,12.118342,0.48,12,0.48,0,59
2804,2,1,5.474379,0.56,14,0.56,0,59
2805,1,0,0.0,0.56,14,0.56,0,59
2806,1,0,0.0,0.56,14,0.56,0,59
2807,2,1,-11.786877,0.6,15,0.6,0,59
2808,1,0,0.0,0.6,15,0.6,1,59
2809,0,-1,-3.6586156,0.56,14,0.56,0,59
2810,1,0,0.0,0.56,14,0.56,0,59
2811,1,0,0.0,0.56,14,0.56,0,59
2812,1,0,0.0,0.56,14,0.56,0,59
2813,2,1,10.623965,0.6,15,0.6,0,59
2814,0,-1,-31.685438,0.6,15,0.6,0,59
2815,2,1,-2.9769237,0.68,17,0.68,0,59
2816,2,1,-1.8860233,0.72,18,0.72,0,59
2817,0,-1,-0.0,0.72,18,0.72,0,59
2818,1,0,0.0,0.72,18,0.72,0,59
2819,1,0,0.0,0.72,18,0.72,0,59
2820,0,-1,-22.945576,0.72,18,0.72,0,59
2821,0,-1,-0.0038069887,0.72,18,0.72,0,59
2822,1,0,0.0,0.72,18,0.72,0,59
2823,1,0,0.0,0.72,18,0.72,0,59
2824,2,1,-419.19284,0.92,23,0.92,0,59
2825,2,1,18.054829,1.0,25,1.0,0,59
2826,2,1,-1000.0,0.0,0,0.0,0,59
2827,0,-1,-0.0,0.16,4,0.16,0,60
2828,2,1,28.364332,0.2,5,0.2,0,60
2829,1,0,0.0,0.2,5,0.2,0,60
2830,0,-1,-0.0,0.2,5,0.2,1,60
2831,0,-1,-0.0,0.2,5,0.2,0,60
2832,2,1,23.855509,0.28,7,0.28,0,60
2833,2,1,18.054993,0.32,8,0.32,0,60
2834,2,1,15.480783,0.36,9,0.36,0,60
2835,2,1,9.379504,0.48,12,0.48,0,60
2836,1,0,0.0,0.48,12,0.48,0,60
2837,1,0,0.0,0.48,12,0.48,0,60
2838,1,0,0.0,0.48,12,0.48,0,60
2839,1,0,0.0,0.48,12,0.48,0,60
2840,1,0,0.0,0.48,12,0.48,0,60
2841,1,0,0.0,0.48,12,0.48,0,60
2842,1,0,0.0,0.48,12,0.48,0,60
2843,2,1,8.031218,0.56,14,0.56,0,60
2844,1,0,0.0,0.56,14,0.56,0,60
2845,1,0,0.0,0.56,14,0.56,0,60
2846,0,-1,-18.770813,0.52,13,0.52,0,60
2847,0,-1,-0.00030635018,0.52,13,0.52,0,60
2848,1,0,0.0,0.52,13,0.52,0,60
2849,2,1,18.770813,0.56,14,0.56,1,60
2850,2,1,2.4118428,0.64,16,0.64,0,60
2851,0,-1,-0.0039002348,0.64,16,0.64,0,60
2852,0,-1,-14.404383,0.6,15,0.6,0,60
2853,1,0,0.0,0.6,15,0.6,0,60
2854,2,1,-0.62724847,0.68,17,0.68,0,60
2855,1,0,0.0,0.68,17,0.68,0,60
2856,2,1,6.8614607,0.72,18,0.72,0,60
2857,1,0,0.0,0.72,18,0.72,0,60
2858,0,-1,-7.210127,0.68,17,0.68,0,60
2859,1,0,0.0,0.68,17,0.68,0,60
2860,0,-1,-8.409024,0.64,16,0.64,0,60
2861,0,-1,-5.0046964,0.6,15,0.6,0,60
2862,1,0,0.0,0.6,15,0.6,0,60
2863,0,-1,-16.698269,0.56,14,0.56,0,60
2864,2,1,3.0112379,0.64,16,0.64,0,60
2865,0,-1,-12.47759,0.6,15,0.6,0,60
2866,1,0,0.0,0.6,15,0.6,0,60
2867,1,0,0.0,0.6,15,0.6,0,60
2868,1,0,0.0,0.6,15,0.6,0,60
2869,2,1,15.59943,0.64,16,0.64,0,60
2870,2,1,6.7174993,0.68,17,0.68,0,60
2871,0,-1,-0.0,0.68,17,0.68,0,60
2872,0,-1,-3.0699425,0.64,16,0.64,1,60
2873,1,0,0.0,0.64,16,0.64,0,60
2874,1,0,0.0,0.64,16,0.64,0,60
2875,2,1,8.243111,0.68,17,0.68,1,60
2876,0,-1,-0.0,0.68,17,0.68,0,60
2877,0,-1,-10.462288,0.64,16,0.64,0,60
2878,1,0,0.0,0.64,16,0.64,0,60
2879,1,0,0.0,0.64,16,0.64,0,60
2880,2,1,5.2299037,0.68,17,0.68,0,60
2881,2,1,0.5706731,0.72,18,0.72,0,60
2882,0,-1,-53.770123,0.76,19,0.76,0,60
2883,1,0,0.0,0.76,19,0.76,0,60
2884,2,1,-12.471792,0.8,20,0.8,0,60
2885,0,-1,-17.736345,0.8,20,0.8,0,60
2886,2,1,-41.460125,0.84,21,0.84,0,60
2887,1,0,0.0,0.84,21,0.84,0,60
2888,1,0,0.0,0.84,21,0.84,0,60
2889,1,0,0.0,0.84,21,0.84,0,60
2890,0,-1,-0.0,0.84,21,0.84,0,60
2891,2,1,-909.6394,0.96,24,0.96,0,60
2892,1,0,0.0,0.96,24,0.96,0,60
2893,2,1,25.502983,1.0,25,1.0,0,60
2894,2,1,-1000.0,0.0,0,0.0,0,60
2895,0,-1,-0.0,0.16,4,0.16,0,61
2896,1,0,0.0,0.16,4,0.16,0,61
2897,1,0,0.0,0.16,4,0.16,0,61
2898,2,1,28.364332,0.2,5,0.2,0,61
2899,0,-1,-0.0,0.2,5,0.2,0,61
2900,1,0,0.0,0.2,5,0.2,0,61
2901,0,-1,-28.364332,0.16,4,0.16,0,61
2902,2,1,-4.1407347,0.2,5,0.2,0,61
2903,1,0,0.0,0.2,5,0.2,0,61
2904,2,1,-4.27924,0.24,6,0.24,0,61
2905,2,1,27.971514,0.28,7,0.28,1,61
2906,1,0,0.0,0.28,7,0.28,0,61
2907,2,1,18.033695,0.32,8,0.32,0,61
2908,1,0,0.0,0.32,8,0.32,0,61
2909,2,1,10.738318,0.36,9,0.36,0,61
2910,2,1,13.951112,0.4,10,0.4,0,61
2911,2,1,25.97995,0.44,11,0.44,0,61
2912,2,1,1.2584126,0.56,14,0.56,0,61
2913,1,0,0.0,0.56,14,0.56,0,61
2914,0,-1,-12.959648,0.52,13,0.52,0,61
2915,2,1,1.1840042,0.6,15,0.6,0,61
2916,2,1,-29.762413,0.72,18,0.72,0,61
2917,2,1,-18.608997,0.76,19,0.76,0,61
2918,1,0,0.0,0.76,19,0.76,0,61
2919,2,1,-10.70958,0.8,20,0.8,0,61
2920,0,-1,-7.7215145e-06,0.8,20,0.8,0,61
2921,1,0,0.0,0.8,20,0.8,0,61
2922,1,0,0.0,0.8,20,0.8,0,61
2923,2,1,28.354328,1.0,25,1.0,0,61
2924,0,-1,-1000.0,0.0,0,0.0,0,61
2925,0,-1,-0.0,0.16,4,0.16,0,62
2926,1,0,0.0,0.16,4,0.16,0,62
2927,2,1,28.364332,0.2,5,0.2,0,62
2928,2,1,-4.278605,0.24,6,0.24,0,62
2929,2,1,23.38718,0.32,8,0.32,1,62
2930,1,0,0.0,0.32,8,0.32,0,62
2931,0,-1,-21.587927,0.28,7,0.28,0,62
2932,2,1,26.382042,0.32,8,0.32,0,62
2933,0,-1,-0.0,0.32,8,0.32,0,62
2934,0,-1,-0.0,0.32,8,0.32,0,62
2935,2,1,12.345116,0.36,9,0.36,0,62
2936,0,-1,-12.345116,0.32,8,0.32,0,62
2937,2,1,11.373983,0.44,11,0.44,0,62
2938,2,1,13.826147,0.52,13,0.52,0,62
2939,2,1,-6.9271264,0.64,16,0.64,0,62
2940,1,0,0.0,0.64,16,0.64,0,62
2941,2,1,-13.084924,0.72,18,0.72,0,62
2942,2,1,-105.140366,0.84,21,0.84,0,62
2943,2,1,-77.174164,0.88,22,0.88,0,62
2944,0,-1,-0.0036460971,0.88,22,0.88,0,62
2945,2,1,-806.0011,0.96,24,0.96,0,62
2946,1,0,0.0,0.96,24,0.96,0,62
2947,1,0,0.0,0.96,24,0.96,0,62
2948,2,1,-1000.0,0.0,0,0.0,0,62
2949,0,-1,-0.0,0.16,4,0.16,0,63
2950,0,-1,-0.0,0.16,4,0.16,0,63
2951,2,1,-4.1406527,0.2,5,0.2,1,63
2952,2,1,18.648764,0.24,6,0.24,0,63
2953,2,1,27.93816,0.28,7,0.28,0,63
2954,0,-1,-25.179302,0.24,6,0.24,0,63
2955,2,1,23.221107,0.32,8,0.32,0,63
2956,2,1,18.71054,0.4,10,0.4,0,63
2957,2,1,20.675163,0.44,11,0.44,0,63
2958,0,-1,-0.003590735,0.44,11,0.44,0,63
2959,0,-1,-16.407227,0.4,10,0.4,0,63
2960,1,0,0.0,0.4,10,0.4,0,63
2961,2,1,24.595085,0.44,11,0.44,0,63
2962,1,0,0.0,0.44,11,0.44,0,63
2963,1,0,0.0,0.44,11,0.44,0,63
2964,1,0,0.0,0.44,11,0.44,0,63
2965,2,1,12.719325,0.52,13,0.52,0,63
2966,0,-1,-0.25366953,0.52,13,0.52,0,63
2967,2,1,16.041912,0.56,14,0.56,0,63
2968,0,-1,-0.0,0.56,14,0.56,0,63
2969,2,1,2.1819086,0.64,16,0.64,0,63
2970,0,-1,-0.0,0.64,16,0.64,1,63
2971,1,0,0.0,0.64,16,0.64,0,63
2972,0,-1,-12.944175,0.6,15,0.6,0,63
2973,1,0,0.0,0.6,15,0.6,0,63
2974,1,0,0.0,0.6,15,0.6,0,63
2975,0,-1,-11.740802,0.56,14,0.56,0,63
2976,0,-1,-19.531504,0.52,13,0.52,0,63
2977,1,0,0.0,0.52,13,0.52,0,63
2978,0,-1,-19.725079,0.48,12,0.48,0,63
2979,2,1,20.954794,0.52,13,0.52,0,63
2980,1,0,0.0,0.52,13,0.52,0,63
2981,2,1,-8.968106,0.64,16,0.64,0,63
2982,1,0,0.0,0.64,16,0.64,0,63
2983,2,1,-15.046072,0.72,18,0.72,0,63
2984,1,0,0.0,0.72,18,0.72,0,63
2985,2,1,-1.8745162,0.76,19,0.76,0,63
2986,2,1,-18.465252,0.8,20,0.8,0,63
2987,0,-1,-0.0087310355,0.8,20,0.8,0,63
2988,0,-1,10.676439,0.76,19,0.76,0,63
2989,0,-1,-0.0,0.76,19,0.76,0,63
2990,2,1,-20.491045,0.8,20,0.8,0,63
2991,2,1,-344.69257,0.92,23,0.92,0,63
2992,2,1,29.165392,1.0,25,1.0,0,63
2993,1,0,-1000.0,0.0,0,0.0,0,63
2994,1,0,0.0,0.16,4,0.16,0,64
2995,2,1,-4.1406527,0.2,5,0.2,1,64
2996,1,0,0.0,0.2,5,0.2,0,64
2997,2,1,28.1753,0.24,6,0.24,1,64
2998,0,-1,-28.670097,0.2,5,0.2,0,64
2999,2,1,28.04414,0.24,6,0.24,0,64
3000,1,0,0.0,0.24,6,0.24,1,64
3001,1,0,0.0,0.24,6,0.24,0,64
3002,2,1,17.067533,0.28,7,0.28,0,64
3003,1,0,0.0,0.28,7,0.28,0,64
3004,2,1,27.24152,0.32,8,0.32,0,64
3005,2,1,26.378891,0.36,9,0.36,0,64
3006,2,1,25.035477,0.4,10,0.4,0,64
3007,2,1,23.58647,0.44,11,0.44,0,64
3008,1,0,0.0,0.44,11,0.44,0,64
3009,1,0,0.0,0.44,11,0.44,0,64
3010,2,1,4.50454,0.56,14,0.56,0,64
3011,0,-1,-0.019165404,0.56,14,0.56,0,64
3012,2,1,17.51531,0.6,15,0.6,0,64
3013,1,0,0.0,0.6,15,0.6,0,64
3014,1,0,0.0,0.6,15,0.6,0,64
3015,1,0,0.0,0.6,15,0.6,0,64
3016,0,-1,-0.0,0.6,15,0.6,0,64
3017,2,1,14.451168,0.64,16,0.64,0,64
3018,2,1,2.2445652,0.68,17,0.68,0,64
3019,1,0,0.0,0.68,17,0.68,0,64
3020,1,0,0.0,0.68,17,0.68,0,64
3021,2,1,3.5833526,0.72,18,0.72,0,64
3022,1,0,0.0,0.72,18,0.72,0,64
3023,0,-1,-0.017051263,0.72,18,0.72,0,64
3024,1,0,0.0,0.72,18,0.72,0,64
3025,1,0,0.0,0.72,18,0.72,0,64
3026,2,1,-5.166133,0.76,19,0.76,0,64
3027,1,0,0.0,0.76,19,0.76,0,64
3028,2,1,-18.678505,0.8,20,0.8,0,64
3029,2,1,-138.38066,0.88,22,0.88,0,64
3030,2,1,27.95425,1.0,25,1.0,1,64
3031,2,1,-1000.0,0.0,0,0.0,0,64
3032,2,1,28.364332,0.2,5,0.2,0,65
3033,1,0,0.0,0.2,5,0.2,0,65
3034,2,1,28.208652,0.24,6,0.24,0,65
3035,2,1,-4.515826,0.28,7,0.28,0,65
3036,2,1,17.914507,0.36,9,0.36,0,65
3037,2,1,-5.829461,0.4,10,0.4,0,65
3038,1,0,0.0,0.4,10,0.4,0,65
3039,1,0,0.0,0.4,10,0.4,0,65
3040,2,1,20.088236,0.44,11,0.44,0,65
3041,1,0,0.0,0.44,11,0.44,0,65
3042,2,1,-15.890172,0.52,13,0.52,0,65
3043,1,0,0.0,0.52,13,0.52,0,65
3044,1,0,0.0,0.52,13,0.52,0,65
3045,2,1,21.367445,0.56,14,0.56,0,65
3046,1,0,0.0,0.56,14,0.56,0,65
3047,2,1,-11.78675,0.6,15,0.6,0,65
3048,1,0,0.0,0.6,15,0.6,0,65
3049,1,0,0.0,0.6,15,0.6,0,65
3050,1,0,0.0,0.6,15,0.6,0,65
3051,0,-1,-0.15642108,0.6,15,0.6,0,65
3052,1,0,0.0,0.6,15,0.6,0,65
3053,1,0,0.0,0.6,15,0.6,0,65
3054,1,0,0.0,0.6,15,0.6,0,65
3055,2,1,-32.02246,0.68,17,0.68,0,65
3056,2,1,-21.310917,0.76,19,0.76,1,65
3057,0,-1,-0.0,0.76,19,0.76,0,65
3058,1,0,0.0,0.76,19,0.76,0,65
3059,2,1,-75.711136,0.84,21,0.84,0,65
3060,2,1,-915.02185,0.96,24,0.96,0,65
3061,2,1,25.932505,1.0,25,1.0,0,65
3062,2,1,-1000.0,0.0,0,0.0,0,65
3063,1,0,0.0,0.16,4,0.16,0,66
3064,1,0,0.0,0.16,4,0.16,0,66
3065,0,-1,-0.0,0.16,4,0.16,0,66
3066,2,1,28.364332,0.2,5,0.2,0,66
3067,2,1,19.247265,0.28,7,0.28,0,66
3068,0,-1,-23.526543,0.24,6,0.24,0,66
3069,2,1,-4.5163865,0.28,7,0.28,1,66
3070,2,1,16.710663,0.4,10,0.4,0,66
3071,2,1,8.113125,0.44,11,0.44,0,66
3072,0,-1,-0.0,0.44,11,0.44,1,66
3073,2,1,9.817699,0.48,12,0.48,0,66
3074,2,1,4.976497,0.52,13,0.52,0,66
3075,2,1,10.462087,0.56,14,0.56,0,66
3076,2,1,-15.379023,0.68,17,0.68,0,66
3077,0,-1,-3.852631e-08,0.68,17,0.68,0,66
3078,1,0,0.0,0.68,17,0.68,0,66
3079,0,-1,-0.0,0.68,17,0.68,0,66
3080,1,0,0.0,0.68,17,0.68,0,66
3081,2,1,8.469651,0.72,18,0.72,1,66
3082,0,-1,2.0657823,0.68,17,0.68,0,66
3083,1,0,0.0,0.68,17,0.68,0,66
3084,1,0,0.0,0.68,17,0.68,0,66
3085,2,1,-25.710958,0.76,19,0.76,0,66
3086,2,1,-13.735605,0.8,20,0.8,0,66
3087,0,-1,-0.0005657341,0.8,20,0.8,0,66
3088,1,0,0.0,0.8,20,0.8,0,66
3089,1,0,0.0,0.8,20,0.8,0,66
3090,1,0,0.0,0.8,20,0.8,0,66
3091,1,0,0.0,0.8,20,0.8,1,66
3092,0,-1,-10.273073,0.8,20,0.8,0,66
3093,0,-1,30.760248,0.76,19,0.76,0,66
3094,2,1,-31.431793,0.8,20,0.8,0,66
3095,2,1,-38.198265,0.84,21,0.84,0,66
3096,1,0,0.0,0.84,21,0.84,0,66
3097,2,1,-286.3915,0.92,23,0.92,0,66
3098,1,0,0.0,0.92,23,0.92,0,66
3099,2,1,26.184341,1.0,25,1.0,0,66
3100,0,-1,-1000.0,0.0,0,0.0,0,66
3101,2,1,28.364332,0.2,5,0.2,0,67
3102,1,0,0.0,0.2,5,0.2,0,67
3103,2,1,-4.278605,0.24,6,0.24,0,67
3104,2,1,-4.5163865,0.28,7,0.28,0,67
3105,2,1,23.19499,0.32,8,0.32,0,67
3106,1,0,0.0,0.32,8,0.32,0,67
3107,2,1,-5.2804775,0.36,9,0.36,0,67
3108,0,-1,-0.0,0.36,9,0.36,0,67
3109,0,-1,-0.0,0.36,9,0.36,0,67
3110,2,1,6.866712,0.48,12,0.48,0,67
3111,0,-1,-0.0,0.48,12,0.48,0,67
3112,1,0,0.0,0.48,12,0.48,0,67
3113,2,1,-11.740859,0.64,16,0.64,0,67
3114,1,0,0.0,0.64,16,0.64,0,67
3115,0,-1,-12.322523,0.6,15,0.6,0,67
3116,0,-1,-0.0,0.6,15,0.6,0,67
3117,1,0,0.0,0.6,15,0.6,0,67
3118,0,-1,11.78691,0.56,14,0.56,0,67
3119,2,1,5.3893785,0.64,16,0.64,0,67
3120,0,-1,-0.13550168,0.64,16,0.64,0,67
3121,0,-1,14.2864895,0.6,15,0.6,0,67
3122,1,0,0.0,0.6,15,0.6,1,67
3123,1,0,0.0,0.6,15,0.6,0,67
3124,1,0,0.0,0.6,15,0.6,0,67
3125,2,1,-2.2140706,0.68,17,0.68,0,67
3126,2,1,-10.76379,0.72,18,0.72,0,67
3127,2,1,-10.041627,0.76,19,0.76,0,67
3128,2,1,-389.01996,0.92,23,0.92,0,67
3129,0,-1,182.99283,0.88,22,0.88,0,67
3130,1,0,0.0,0.88,22,0.88,0,67
3131,1,0,0.0,0.88,22,0.88,0,67
3132,2,1,-183.34363,0.92,23,0.92,0,67
3133,1,0,0.0,0.92,23,0.92,1,67
3134,2,1,-596.95,0.96,24,0.96,0,67
3135,0,-1,616.0874,0.92,23,0.92,0,67
3136,2,1,-1000.0,0.0,0,0.0,0,67
3137,2,1,28.346605,0.2,5,0.2,0,68
3138,0,-1,-0.0,0.2,5,0.2,0,68
3139,2,1,28.22638,0.24,6,0.24,0,68
3140,2,1,26.773045,0.28,7,0.28,0,68
3141,2,1,13.033225,0.4,10,0.4,0,68
3142,1,0,0.0,0.4,10,0.4,0,68
3143,1,0,0.0,0.4,10,0.4,0,68
3144,2,1,12.69634,0.48,12,0.48,0,68
3145,1,0,0.0,0.48,12,0.48,0,68
3146,1,0,0.0,0.48,12,0.48,0,68
3147,0,-1,-19.217155,0.44,11,0.44,1,68
3148,2,1,15.531043,0.52,13,0.52,0,68
3149,2,1,1.2968843,0.56,14,0.56,0,68
3150,0,-1,-18.615902,0.52,13,0.52,0,68
3151,2,1,19.706518,0.56,14,0.56,0,68
3152,2,1,16.520512,0.6,15,0.6,0,68
3153,0,-1,-8.083134e-11,0.6,15,0.6,0,68
3154,0,-1,-0.0,0.6,15,0.6,0,68
3155,2,1,13.464571,0.64,16,0.64,0,68
3156,1,0,0.0,0.64,16,0.64,0,68
3157,0,-1,-6.2243544e-11,0.64,16,0.64,0,68
3158,2,1,-41.73591,0.76,19,0.76,1,68
3159,1,0,0.0,0.76,19,0.76,0,68
3160,2,1,-76.01379,0.84,21,0.84,0,68
3161,2,1,-910.5534,0.96,24,0.96,0,68
3162,1,0,0.0,0.96,24,0.96,0,68
3163,2,1,23.634815,1.0,25,1.0,0,68
3164,0,-1,-1000.0,0.0,0,0.0,0,68
3165,2,1,28.364332,0.2,5,0.2,0,69
3166,2,1,28.208652,0.24,6,0.24,0,69
3167,2,1,-4.515744,0.28,7,0.28,0,69
3168,0,-1,-27.971514,0.24,6,0.24,0,69
3169,2,1,27.971514,0.28,7,0.28,0,69
3170,2,1,-4.847379,0.32,8,0.32,0,69
3171,0,-1,-27.639961,0.28,7,0.28,0,69
3172,2,1,22.623116,0.36,9,0.36,0,69
3173,2,1,25.454552,0.4,10,0.4,0,69
3174,2,1,-6.520784,0.44,11,0.44,0,69
3175,0,-1,-0.0,0.44,11,0.44,0,69
3176,1,0,0.0,0.44,11,0.44,0,69
3177,2,1,20.651064,0.48,12,0.48,0,69
3178,1,0,0.0,0.48,12,0.48,0,69
3179,2,1,17.642029,0.52,13,0.52,0,69
3180,2,1,-9.299347,0.64,16,0.64,0,69
3181,0,-1,-0.0,0.64,16,0.64,0,69
3182,0,-1,14.285936,0.6,15,0.6,0,69
3183,1,0,0.0,0.6,15,0.6,0,69
3184,2,1,-14.286522,0.64,16,0.64,0,69
3185,2,1,-70.50908,0.76,19,0.76,0,69
3186,1,0,0.0,0.76,19,0.76,0,69
3187,0,-1,-41.986046,0.8,20,0.8,0,69
3188,1,0,0.0,0.8,20,0.8,0,69
3189,2,1,-62.804016,0.84,21,0.84,0,69
3190,1,0,0.0,0.84,21,0.84,0,69
3191,2,1,-104.457,0.88,22,0.88,1,69
3192,1,0,0.0,0.88,22,0.88,0,69
3193,2,1,-180.09198,0.92,23,0.92,0,69
3194,2,1,23.727524,1.0,25,1.0,0,69
3195,0,-1,-1000.0,0.0,0,0.0,0,69
3196,2,1,28.346605,0.2,5,0.2,0,70
3197,2,1,-4.278605,0.24,6,0.24,0,70
3198,1,0,0.0,0.24,6,0.24,1,70
3199,2,1,27.971563,0.28,7,0.28,0,70
3200,1,0,0.0,0.28,7,0.28,0,70
3201,0,-1,-27.971563,0.24,6,0.24,0,70
3202,2,1,19.00322,0.32,8,0.32,0,70
3203,2,1,27.207499,0.36,9,0.36,0,70
3204,2,1,13.210749,0.4,10,0.4,0,70
3205,2,1,21.132511,0.44,11,0.44,0,70
3206,0,-1,-0.0,0.44,11,0.44,0,70
3207,0,-1,-0.0,0.44,11,0.44,0,70
3208,0,-1,-0.0,0.44,11,0.44,0,70
3209,2,1,17.023155,0.48,12,0.48,0,70
3210,2,1,1.3761915,0.56,14,0.56,0,70
3211,1,0,0.0,0.56,14,0.56,0,70
3212,1,0,0.0,0.56,14,0.56,0,70
3213,0,-1,-8.2509405e-07,0.56,14,0.56,0,70
3214,2,1,19.448513,0.6,15,0.6,0,70
3215,2,1,-14.389869,0.68,17,0.68,0,70
3216,1,0,0.0,0.68,17,0.68,0,70
3217,1,0,0.0,0.68,17,0.68,0,70
3218,2,1,-23.38376,0.76,19,0.76,0,70
3219,0,-1,-0.0,0.76,19,0.76,0,70
3220,2,1,-15.715197,0.8,20,0.8,0,70
3221,1,0,0.0,0.8,20,0.8,0,70
3222,2,1,-46.57402,0.84,21,0.84,0,70
3223,0,-1,-0.0,0.84,21,0.84,0,70
3224,0,-1,38.389133,0.8,20,0.8,0,70
3225,0,-1,-0.0,0.8,20,0.8,0,70
3226,2,1,-36.241783,0.84,21,0.84,0,70
3227,2,1,-86.0736,0.88,22,0.88,0,70
3228,2,1,24.41512,1.0,25,1.0,1,70
3229,2,1,-1000.0,0.0,0,0.0,0,70
3230,0,-1,-0.0,0.16,4,0.16,0,71
3231,2,1,28.364332,0.2,5,0.2,0,71
3232,0,-1,-28.364332,0.16,4,0.16,0,71
3233,0,-1,-0.0,0.16,4,0.16,0,71
3234,0,-1,-0.0,0.16,4,0.16,0,71
3235,1,0,0.0,0.16,4,0.16,0,71
3236,0,-1,-0.0,0.16,4,0.16,0,71
3237,2,1,28.364332,0.2,5,0.2,0,71
3238,1,0,0.0,0.2,5,0.2,0,71
3239,1,0,0.0,0.2,5,0.2,0,71
3240,2,1,23.955872,0.28,7,0.28,0,71
3241,0,-1,-0.15642108,0.28,7,0.28,0,71
3242,2,1,26.436209,0.32,8,0.32,0,71
3243,0,-1,-0.0,0.32,8,0.32,0,71
3244,2,1,16.93285,0.4,10,0.4,0,71
3245,1,0,0.0,0.4,10,0.4,1,71
3246,2,1,14.4202385,0.48,12,0.48,0,71
3247,0,-1,-26.36746,0.48,12,0.48,0,71
3248,1,0,0.0,0.48,12,0.48,0,71
3249,1,0,0.0,0.48,12,0.48,0,71
3250,2,1,20.030016,0.52,13,0.52,0,71
3251,2,1,5.092382,0.6,15,0.6,0,71
3252,2,1,-7.2729254,0.68,17,0.68,0,71
3253,0,-1,-0.0001153265,0.68,17,0.68,0,71
3254,1,0,0.0,0.68,17,0.68,0,71
3255,1,0,0.0,0.68,17,0.68,0,71
3256,0,-1,-0.0,0.68,17,0.68,0,71
3257,2,1,-65.03922,0.8,20,0.8,0,71
3258,1,0,0.0,0.8,20,0.8,0,71
3259,2,1,-46.55462,0.84,21,0.84,0,71
3260,0,-1,34.471256,0.8,20,0.8,0,71
3261,0,-1,-0.0,0.8,20,0.8,0,71
3262,2,1,-35.551495,0.84,21,0.84,0,71
3263,2,1,-79.56225,0.88,22,0.88,0,71
3264,2,1,-807.31305,0.96,24,0.96,0,71
3265,1,0,0.0,0.96,24,0.96,0,71
3266,2,1,-1000.0,0.0,0,0.0,0,71
3267,2,1,28.346605,0.2,5,0.2,0,72
3268,2,1,28.22638,0.24,6,0.24,0,72
3269,1,0,0.0,0.24,6,0.24,0,72
3270,2,1,-4.515826,0.28,7,0.28,0,72
3271,1,0,0.0,0.28,7,0.28,0,72
3272,2,1,17.914507,0.36,9,0.36,0,72
3273,0,-1,-0.0,0.36,9,0.36,0,72
3274,2,1,-5.829461,0.4,10,0.4,0,72
3275,1,0,0.0,0.4,10,0.4,0,72
3276,2,1,24.763365,0.44,11,0.44,0,72
3277,2,1,19.217155,0.48,12,0.48,0,72
3278,0,-1,-23.892282,0.44,11,0.44,0,72
3279,1,0,0.0,0.44,11,0.44,0,72
3280,2,1,23.897566,0.48,12,0.48,0,72
3281,0,-1,-23.897566,0.44,11,0.44,0,72
3282,1,0,0.0,0.44,11,0.44,0,72
3283,2,1,15.405041,0.52,13,0.52,0,72
3284,1,0,0.0,0.52,13,0.52,0,72
3285,2,1,21.362164,0.56,14,0.56,0,72
3286,2,1,-26.073406,0.64,16,0.64,0,72
3287,2,1,10.765354,0.68,17,0.68,0,72
3288,1,0,0.0,0.68,17,0.68,0,72
3289,2,1,-22.675665,0.72,18,0.72,0,72
3290,0,-1,22.675825,0.68,17,0.68,0,72
3291,1,0,0.0,0.68,17,0.68,0,72
3292,2,1,-23.067078,0.76,19,0.76,0,72
3293,1,0,0.0,0.76,19,0.76,1,72
3294,0,-1,-0.0,0.76,19,0.76,0,72
3295,1,0,0.0,0.76,19,0.76,0,72
3296,1,0,0.0,0.76,19,0.76,0,72
3297,1,0,0.0,0.76,19,0.76,0,72
3298,1,0,0.0,0.76,19,0.76,0,72
3299,2,1,-33.539494,0.8,20,0.8,0,72
3300,0,-1,15.819785,0.76,19,0.76,0,72
3301,1,0,0.0,0.76,19,0.76,0,72
3302,0,-1,-65.642876,0.8,20,0.8,1,72
3303,1,0,0.0,0.8,20,0.8,0,72
3304,0,-1,-0.0,0.8,20,0.8,0,72
3305,0,-1,15.189715,0.76,19,0.76,0,72
3306,1,0,0.0,0.76,19,0.76,0,72
3307,2,1,-15.794698,0.8,20,0.8,0,72
3308,1,0,0.0,0.8,20,0.8,0,72
3309,0,-1,15.442141,0.76,19,0.76,0,72
3310,0,-1,29.964096,0.72,18,0.72,0,72
3311,1,0,0.0,0.72,18,0.72,0,72
3312,1,0,0.0,0.72,18,0.72,0,72
3313,1,0,0.0,0.72,18,0.72,0,72
3314,1,0,0.0,0.72,18,0.72,0,72
3315,2,1,-43.005745,0.8,20,0.8,0,72
3316,2,1,-36.815853,0.84,21,0.84,0,72
3317,2,1,-294.47705,0.92,23,0.92,0,72
3318,2,1,-595.6374,0.96,24,0.96,0,72
3319,0,-1,-0.0,0.96,24,0.96,0,72
3320,1,0,0.0,0.96,24,0.96,0,72
3321,2,1,27.307886,1.0,25,1.0,1,72
3322,1,0,-1000.0,0.0,0,0.0,0,72
3323,1,0,0.0,0.16,4,0.16,0,73
3324,2,1,28.364332,0.2,5,0.2,0,73
3325,2,1,28.208652,0.24,6,0.24,0,73
3326,2,1,-4.515826,0.28,7,0.28,0,73
3327,2,1,-4.8479323,0.32,8,0.32,0,73
3328,2,1,-17.630081,0.44,11,0.44,0,73
3329,1,0,0.0,0.44,11,0.44,0,73
3330,0,-1,-0.0,0.44,11,0.44,0,73
3331,0,-1,-0.0,0.44,11,0.44,0,73
3332,0,-1,-25.984842,0.4,10,0.4,0,73
3333,1,0,0.0,0.4,10,0.4,0,73
3334,1,0,0.0,0.4,10,0.4,0,73
3335,2,1,25.984842,0.44,11,0.44,0,73
3336,1,0,0.0,0.44,11,0.44,0,73
3337,1,0,0.0,0.44,11,0.44,0,73
3338,0,-1,6.5208097,0.4,10,0.4,0,73
3339,2,1,-6.5206485,0.44,11,0.44,0,73
3340,2,1,12.366879,0.52,13,0.52,0,73
3341,2,1,-9.92201,0.56,14,0.56,0,73
3342,2,1,5.215814,0.64,16,0.64,0,73
3343,2,1,-8.944877,0.72,18,0.72,0,73
3344,0,-1,-0.0,0.72,18,0.72,0,73
3345,1,0,0.0,0.72,18,0.72,0,73
3346,1,0,0.0,0.72,18,0.72,0,73
3347,2,1,-72.08388,0.8,20,0.8,0,73
3348,1,0,0.0,0.8,20,0.8,0,73
3349,0,-1,-0.0,0.8,20,0.8,0,73
3350,2,1,-140.6086,0.88,22,0.88,1,73
3351,1,0,0.0,0.88,22,0.88,0,73
3352,1,0,0.0,0.88,22,0.88,0,73
3353,0,-1,-23.571123,0.88,22,0.88,0,73
3354,0,-1,-0.0,0.88,22,0.88,0,73
3355,1,0,0.0,0.88,22,0.88,0,73
3356,2,1,-178.98473,0.92,23,0.92,0,73
3357,0,-1,-0.0,0.92,23,0.92,0,73
3358,1,0,0.0,0.92,23,0.92,0,73
3359,0,-1,-2.4700452e-07,0.92,23,0.92,0,73
3360,1,0,0.0,0.92,23,0.92,0,73
3361,2,1,-625.2659,0.96,24,0.96,0,73
3362,1,0,0.0,0.96,24,0.96,0,73
3363,0,-1,605.9617,0.92,23,0.92,0,73
3364,1,0,0.0,0.92,23,0.92,0,73
3365,1,0,0.0,0.92,23,0.92,0,73
3366,0,-1,208.61096,0.88,22,0.88,0,73
3367,1,0,0.0,0.88,22,0.88,1,73
3368,0,-1,87.14834,0.84,21,0.84,0,73
3369,1,0,0.0,0.84,21,0.84,0,73
3370,2,1,-289.35007,0.92,23,0.92,0,73
3371,1,0,0.0,0.92,23,0.92,0,73
3372,1,0,0.0,0.92,23,0.92,0,73
3373,2,1,-1000.0,0.0,0,0.0,0,73
3374,0,-1,-0.0,0.16,4,0.16,0,74
3375,2,1,28.364332,0.2,5,0.2,0,74
3376,1,0,0.0,0.2,5,0.2,0,74
3377,0,-1,-0.0,0.2,5,0.2,0,74
3378,2,1,23.955872,0.28,7,0.28,0,74
3379,2,1,13.033225,0.4,10,0.4,0,74
3380,0,-1,-0.0,0.4,10,0.4,0,74
3381,0,-1,-0.0,0.4,10,0.4,0,74
3382,1,0,0.0,0.4,10,0.4,0,74
3383,1,0,0.0,0.4,10,0.4,0,74
3384,1,0,0.0,0.4,10,0.4,0,74
3385,2,1,9.060868,0.52,13,0.52,0,74
3386,0,-1,-0.0,0.52,13,0.52,0,74
3387,0,-1,-0.0038925202,0.52,13,0.52,0,74
3388,1,0,0.0,0.52,13,0.52,0,74
3389,2,1,8.083592,0.6,15,0.6,0,74
3390,1,0,0.0,0.6,15,0.6,0,74
3391,1,0,0.0,0.6,15,0.6,1,74
3392,0,-1,-0.0,0.6,15,0.6,0,74
3393,0,-1,-23.75646,0.6,15,0.6,0,74
3394,2,1,13.474459,0.64,16,0.64,0,74
3395,0,-1,-8.207118e-06,0.64,16,0.64,0,74
3396,0,-1,-0.0,0.64,16,0.64,0,74
3397,0,-1,-8.232215e-06,0.64,16,0.64,0,74
3398,1,0,0.0,0.64,16,0.64,0,74
3399,1,0,0.0,0.64,16,0.64,0,74
3400,2,1,8.040568,0.68,17,0.68,0,74
3401,0,-1,-0.0074251173,0.68,17,0.68,0,74
3402,2,1,-26.161493,0.76,19,0.76,0,74
3403,0,-1,-6.9599455e-06,0.76,19,0.76,0,74
3404,2,1,-1013.8605,0.96,24,0.96,0,74
3405,1,0,0.0,0.96,24,0.96,0,74
3406,1,0,0.0,0.96,24,0.96,0,74
3407,2,1,23.55062,1.0,25,1.0,0,74
3408,1,0,-1000.0,0.0,0,0.0,0,74
3409,2,1,28.346605,0.2,5,0.2,0,75
3410,2,1,28.22638,0.24,6,0.24,0,75
3411,2,1,-4.515744,0.28,7,0.28,0,75
3412,2,1,26.441492,0.32,8,0.32,0,75
3413,1,0,0.0,0.32,8,0.32,0,75
3414,1,0,0.0,0.32,8,0.32,0,75
3415,0,-1,4.847297,0.28,7,0.28,0,75
3416,2,1,13.033225,0.4,10,0.4,0,75
3417,1,0,0.0,0.4,10,0.4,0,75
3418,1,0,0.0,0.4,10,0.4,0,75
3419,0,-1,-0.0038925202,0.4,10,0.4,0,75
3420,2,1,-6.520784,0.44,11,0.44,0,75
3421,1,0,0.0,0.44,11,0.44,0,75
3422,1,0,0.0,0.44,11,0.44,0,75
3423,2,1,5.6505966,0.56,14,0.56,0,75
3424,1,0,0.0,0.56,14,0.56,0,75
3425,1,0,0.0,0.56,14,0.56,0,75
3426,1,0,0.0,0.56,14,0.56,0,75
3427,0,-1,-0.0,0.56,14,0.56,0,75
3428,2,1,14.353426,0.6,15,0.6,0,75
3429,2,1,12.478033,0.64,16,0.64,0,75
3430,0,-1,14.286496,0.6,15,0.6,0,75
3431,2,1,-4.609197,0.68,17,0.68,0,75
3432,2,1,-22.6758,0.72,18,0.72,0,75
3433,0,-1,22.6758,0.68,17,0.68,0,75
3434,2,1,6.9744883,0.72,18,0.72,0,75
3435,1,0,0.0,0.72,18,0.72,1,75
3436,0,-1,11.908821,0.68,17,0.68,0,75
3437,2,1,-24.967697,0.76,19,0.76,0,75
3438,1,0,0.0,0.76,19,0.76,0,75
3439,0,-1,-0.0,0.76,19,0.76,0,75
3440,0,-1,5.2497206,0.72,18,0.72,0,75
3441,0,-1,-0.0,0.72,18,0.72,0,75
3442,1,0,0.0,0.72,18,0.72,0,75
3443,2,1,-4.550944,0.76,19,0.76,0,75
3444,0,-1,-0.0,0.76,19,0.76,0,75
3445,2,1,-388.6195,0.92,23,0.92,0,75
3446,1,0,0.0,0.92,23,0.92,0,75
3447,0,-1,-1.588063e-11,0.92,23,0.92,0,75
3448,2,1,26.59533,1.0,25,1.0,0,75
3449,1,0,-1000.0,0.0,0,0.0,0,75
3450,2,1,28.364332,0.2,5,0.2,0,76
3451,2,1,23.955872,0.28,7,0.28,0,76
3452,0,-1,-0.0,0.28,7,0.28,0,76
3453,2,1,18.128635,0.36,9,0.36,0,76
3454,1,0,0.0,0.36,9,0.36,0,76
3455,1,0,0.0,0.36,9,0.36,0,76
3456,1,0,0.0,0.36,9,0.36,0,76
3457,2,1,9.248968,0.48,12,0.48,0,76
3458,1,0,0.0,0.48,12,0.48,0,76
3459,2,1,-8.498275,0.52,13,0.52,0,76
3460,0,-1,8.498275,0.48,12,0.48,0,76
3461,1,0,0.0,0.48,12,0.48,1,76
3462,2,1,1.2231966,0.6,15,0.6,0,76
3463,1,0,0.0,0.6,15,0.6,0,76
3464,1,0,0.0,0.6,15,0.6,0,76
3465,2,1,-5.2377925,0.68,17,0.68,0,76
3466,0,-1,-10.58578,0.64,16,0.64,0,76
3467,1,0,0.0,0.64,16,0.64,0,76
3468,2,1,-43.814503,0.76,19,0.76,0,76
3469,2,1,-14.73903,0.8,20,0.8,0,76
3470,1,0,0.0,0.8,20,0.8,0,76
3471,1,0,0.0,0.8,20,0.8,0,76
3472,1,0,0.0,0.8,20,0.8,0,76
3473,2,1,-137.53188,0.88,22,0.88,0,76
3474,2,1,-184.10332,0.92,23,0.92,0,76
3475,1,0,0.0,0.92,23,0.92,0,76
3476,0,-1,-0.0015728093,0.92,23,0.92,0,76
3477,0,-1,-0.0013660414,0.92,23,0.92,0,76
3478,1,0,0.0,0.92,23,0.92,0,76
3479,2,1,27.804155,1.0,25,1.0,0,76
3480,2,1,-1000.0,0.0,0,0.0,0,76
3481,2,1,28.346605,0.2,5,0.2,0,77
3482,2,1,-4.278687,0.24,6,0.24,0,77
3483,2,1,27.98924,0.28,7,0.28,0,77
3484,1,0,0.0,0.28,7,0.28,0,77
3485,0,-1,4.515826,0.24,6,0.24,0,77
3486,2,1,26.773045,0.28,7,0.28,0,77
3487,2,1,26.436209,0.32,8,0.32,0,77
3488,1,0,0.0,0.32,8,0.32,0,77
3489,1,0,0.0,0.32,8,0.32,0,77
3490,1,0,0.0,0.32,8,0.32,0,77
3491,1,0,0.0,0.32,8,0.32,0,77
3492,1,0,0.0,0.32,8,0.32,0,77
3493,0,-1,-0.0,0.32,8,0.32,0,77
3494,0,-1,-26.436209,0.28,7,0.28,0,77
3495,1,0,0.0,0.28,7,0.28,0,77
3496,2,1,21.334368,0.36,9,0.36,0,77
3497,0,-1,-0.18968947,0.36,9,0.36,0,77
3498,2,1,23.820692,0.4,10,0.4,0,77
3499,1,0,0.0,0.4,10,0.4,0,77
3500,1,0,0.0,0.4,10,0.4,0,77
3501,2,1,-3.0944927,0.56,14,0.56,0,77
3502,2,1,-11.78675,0.6,15,0.6,0,77
3503,1,0,0.0,0.6,15,0.6,0,77
3504,0,-1,-0.0,0.6,15,0.6,0,77
3505,1,0,0.0,0.6,15,0.6,0,77
3506,1,0,0.0,0.6,15,0.6,0,77
3507,1,0,0.0,0.6,15,0.6,0,77
3508,2,1,-14.285854,0.64,16,0.64,1,77
3509,0,-1,-9.526708,0.6,15,0.6,0,77
3510,2,1,-55.623604,0.76,19,0.76,0,77
3511,0,-1,-23.667292,0.76,19,0.76,0,77
3512,0,-1,-15.478152,0.76,19,0.76,0,77
3513,1,0,0.0,0.76,19,0.76,0,77
3514,1,0,0.0,0.76,19,0.76,0,77
3515,0,-1,22.51501,0.72,18,0.72,0,77
3516,0,-1,-4.644481,0.68,17,0.68,0,77
3517,2,1,-25.817312,0.76,19,0.76,0,77
3518,1,0,0.0,0.76,19,0.76,0,77
3519,1,0,0.0,0.76,19,0.76,0,77
3520,0,-1,-0.02184995,0.76,19,0.76,0,77
3521,1,0,0.0,0.76,19,0.76,0,77
3522,1,0,0.0,0.76,19,0.76,0,77
3523,0,-1,-7.3874303e-06,0.76,19,0.76,0,77
3524,0,-1,-0.0035878257,0.76,19,0.76,0,77
3525,2,1,-21.515198,0.8,20,0.8,0,77
3526,0,-1,13.508646,0.76,19,0.76,0,77
3527,1,0,0.0,0.76,19,0.76,0,77
3528,0,-1,-0.018234879,0.76,19,0.76,0,77
3529,2,1,-181.5002,0.88,22,0.88,0,77
3530,2,1,-810.52606,0.96,24,0.96,0,77
3531,1,0,0.0,0.96,24,0.96,0,77
3532,1,0,0.0,0.96,24,0.96,1,77
3533,2,1,-1000.0,0.0,0,0.0,0,77
3534,2,1,28.364332,0.2,5,0.2,0,78
3535,1,0,0.0,0.2,5,0.2,0,78
3536,0,-1,-0.0,0.2,5,0.2,1,78
3537,1,0,0.0,0.2,5,0.2,0,78
3538,0,-1,-28.421598,0.16,4,0.16,1,78
3539,1,0,0.0,0.16,4,0.16,0,78
3540,2,1,25.829277,0.2,5,0.2,0,78
3541,2,1,27.873142,0.24,6,0.24,0,78
3542,1,0,0.0,0.24,6,0.24,0,78
3543,1,0,0.0,0.24,6,0.24,0,78
3544,2,1,23.223915,0.32,8,0.32,0,78
3545,1,0,0.0,0.32,8,0.32,0,78
3546,0,-1,-26.082766,0.28,7,0.28,0,78
3547,2,1,25.389275,0.32,8,0.32,0,78
3548,2,1,19.859016,0.4,10,0.4,0,78
3549,2,1,8.161702,0.52,13,0.52,0,78
3550,2,1,-6.7208014,0.64,16,0.64,0,78
3551,1,0,0.0,0.64,16,0.64,0,78
3552,2,1,-41.10832,0.76,19,0.76,1,78
3553,0,-1,-0.032730132,0.76,19,0.76,0,78
3554,0,-1,-26.674955,0.76,19,0.76,0,78
3555,2,1,-76.36632,0.84,21,0.84,0,78
3556,0,-1,-0.0,0.84,21,0.84,0,78
3557,2,1,-911.86475,0.96,24,0.96,0,78
3558,0,-1,598.6294,0.92,23,0.92,0,78
3559,2,1,21.434702,1.0,25,1.0,0,78
3560,1,0,-1000.0,0.0,0,0.0,0,78
3561,2,1,-4.1406527,0.2,5,0.2,0,79
3562,2,1,-4.278687,0.24,6,0.24,0,79
3563,2,1,27.971514,0.28,7,0.28,0,79
3564,1,0,0.0,0.28,7,0.28,0,79
3565,1,0,0.0,0.28,7,0.28,0,79
3566,1,0,0.0,0.28,7,0.28,0,79
3567,1,0,0.0,0.28,7,0.28,0,79
3568,1,0,0.0,0.28,7,0.28,0,79
3569,0,-1,4.515744,0.24,6,0.24,0,79
3570,2,1,-4.516252,0.28,7,0.28,0,79
3571,2,1,27.657686,0.32,8,0.32,0,79
3572,2,1,16.93285,0.4,10,0.4,0,79
3573,2,1,21.736273,0.44,11,0.44,0,79
3574,1,0,0.0,0.44,11,0.44,0,79
3575,2,1,15.405041,0.52,13,0.52,0,79
3576,0,-1,-0.0,0.52,13,0.52,0,79
3577,1,0,0.0,0.52,13,0.52,0,79
3578,0,-1,-0.0,0.52,13,0.52,1,79
3579,0,-1,-0.0,0.52,13,0.52,0,79
3580,0,-1,-0.0,0.52,13,0.52,0,79
3581,2,1,5.070109,0.56,14,0.56,0,79
3582,1,0,0.0,0.56,14,0.56,0,79
3583,1,0,0.0,0.56,14,0.56,0,79
3584,2,1,14.818036,0.6,15,0.6,0,79
3585,1,0,0.0,0.6,15,0.6,0,79
3586,1,0,0.0,0.6,15,0.6,0,79
3587,1,0,0.0,0.6,15,0.6,0,79
3588,0,-1,-10.9894,0.6,15,0.6,0,79
3589,1,0,0.0,0.6,15,0.6,0,79
3590,2,1,5.2328906,0.64,16,0.64,0,79
3591,0,-1,-0.0,0.64,16,0.64,0,79
3592,0,-1,-5.2328906,0.6,15,0.6,0,79
3593,2,1,-6.5315156,0.64,16,0.64,0,79
3594,0,-1,6.5315156,0.6,15,0.6,0,79
3595,2,1,-28.003025,0.72,18,0.72,0,79
3596,1,0,0.0,0.72,18,0.72,0,79
3597,1,0,0.0,0.72,18,0.72,0,79
3598,0,-1,-2.1466021e-05,0.72,18,0.72,0,79
3599,1,0,0.0,0.72,18,0.72,0,79
3600,1,0,0.0,0.72,18,0.72,0,79
3601,1,0,0.0,0.72,18,0.72,0,79
3602,1,0,0.0,0.72,18,0.72,0,79
3603,1,0,0.0,0.72,18,0.72,1,79
3604,2,1,-40.835503,0.8,20,0.8,0,79
3605,0,-1,17.826523,0.76,19,0.76,0,79
3606,1,0,0.0,0.76,19,0.76,0,79
3607,1,0,0.0,0.76,19,0.76,1,79
3608,0,-1,-26.346445,0.76,19,0.76,0,79
3609,2,1,-81.27318,0.84,21,0.84,0,79
3610,0,-1,-1.7828326e-06,0.84,21,0.84,0,79
3611,0,-1,36.338337,0.8,20,0.8,0,79
3612,1,0,0.0,0.8,20,0.8,0,79
3613,0,-1,15.740283,0.76,19,0.76,0,79
3614,1,0,0.0,0.76,19,0.76,0,79
3615,1,0,0.0,0.76,19,0.76,0,79
3616,2,1,-15.778452,0.8,20,0.8,0,79
3617,2,1,-33.208782,0.84,21,0.84,0,79
3618,0,-1,36.596626,0.8,20,0.8,0,79
3619,2,1,-50.751625,0.84,21,0.84,0,79
3620,0,-1,39.375263,0.8,20,0.8,0,79
3621,2,1,-137.36594,0.88,22,0.88,0,79
3622,0,-1,92.40444,0.84,21,0.84,0,79
3623,2,1,-90.487854,0.88,22,0.88,0,79
3624,1,0,0.0,0.88,22,0.88,0,79
3625,1,0,0.0,0.88,22,0.88,0,79
3626,1,0,0.0,0.88,22,0.88,0,79
3627,1,0,0.0,0.88,22,0.88,0,79
3628,1,0,0.0,0.88,22,0.88,0,79
3629,0,-1,78.63094,0.84,21,0.84,0,79
3630,1,0,0.0,0.84,21,0.84,0,79
3631,2,1,-76.06189,0.88,22,0.88,0,79
3632,2,1,-806.44403,0.96,24,0.96,1,79
3633,1,0,0.0,0.96,24,0.96,0,79
3634,1,0,0.0,0.96,24,0.96,0,79
3635,1,0,0.0,0.96,24,0.96,0,79
3636,0,-1,597.2814,0.92,23,0.92,0,79
3637,0,-1,181.88403,0.88,22,0.88,0,79
3638,0,-1,82.28028,0.84,21,0.84,0,79
3639,1,0,0.0,0.84,21,0.84,0,79
3640,1,0,0.0,0.84,21,0.84,0,79
3641,1,0,0.0,0.84,21,0.84,0,79
3642,1,0,0.0,0.84,21,0.84,0,79
3643,1,0,0.0,0.84,21,0.84,0,79
3644,2,1,-79.15109,0.88,22,0.88,0,79
3645,1,0,0.0,0.88,22,0.88,0,79
3646,2,1,28.454782,1.0,25,1.0,0,79
3647,0,-1,-1000.0,0.0,0,0.0,0,79
3648,2,1,-4.1406527,0.2,5,0.2,0,80
3649,1,0,0.0,0.2,5,0.2,0,80
3650,2,1,-4.2792473,0.24,6,0.24,0,80
3651,2,1,27.971514,0.28,7,0.28,0,80
3652,1,0,0.0,0.28,7,0.28,0,80
3653,2,1,16.805927,0.4,10,0.4,0,80
3654,2,1,-6.520649,0.44,11,0.44,0,80
3655,2,1,-15.890165,0.52,13,0.52,0,80
3656,0,-1,-0.0,0.52,13,0.52,0,80
3657,1,0,0.0,0.52,13,0.52,0,80
3658,0,-1,-0.0,0.52,13,0.52,0,80
3659,2,1,6.5481567,0.6,15,0.6,0,80
3660,2,1,-14.286522,0.64,16,0.64,0,80
3661,1,0,0.0,0.64,16,0.64,0,80
3662,0,-1,14.286522,0.6,15,0.6,0,80
3663,1,0,0.0,0.6,15,0.6,0,80
3664,2,1,13.7564335,0.64,16,0.64,0,80
3665,2,1,-40.4116,0.72,18,0.72,1,80
3666,1,0,0.0,0.72,18,0.72,0,80
3667,1,0,0.0,0.72,18,0.72,0,80
3668,0,-1,-8.5679,0.68,17,0.68,0,80
3669,0,-1,-1.0439689,0.64,16,0.64,0,80
3670,1,0,0.0,0.64,16,0.64,0,80
3671,0,-1,-13.691622,0.6,15,0.6,0,80
3672,0,-1,-1.955185e-06,0.6,15,0.6,0,80
3673,1,0,0.0,0.6,15,0.6,0,80
3674,0,-1,-0.0,0.6,15,0.6,0,80
3675,0,-1,11.78691,0.56,14,0.56,0,80
3676,1,0,0.0,0.56,14,0.56,0,80
3677,1,0,0.0,0.56,14,0.56,0,80
3678,1,0,0.0,0.56,14,0.56,0,80
3679,1,0,0.0,0.56,14,0.56,0,80
3680,2,1,5.1749783,0.64,16,0.64,0,80
3681,1,0,0.0,0.64,16,0.64,1,80
3682,0,-1,-11.58155,0.6,15,0.6,1,80
3683,2,1,-6.779062,0.64,16,0.64,0,80
3684,2,1,-9.033568,0.72,18,0.72,0,80
3685,1,0,0.0,0.72,18,0.72,0,80
3686,0,-1,-27.30977,0.72,18,0.72,0,80
3687,0,-1,15.1683655,0.68,17,0.68,0,80
3688,0,-1,-9.705744,0.64,16,0.64,0,80
3689,2,1,-32.875805,0.72,18,0.72,0,80
3690,2,1,-66.723625,0.8,20,0.8,0,80
3691,2,1,-33.89772,0.84,21,0.84,0,80
3692,0,-1,41.398163,0.8,20,0.8,0,80
3693,1,0,0.0,0.8,20,0.8,0,80
3694,0,-1,-0.0,0.8,20,0.8,0,80
3695,0,-1,-0.0036842152,0.8,20,0.8,0,80
3696,0,-1,14.200064,0.76,19,0.76,1,80
3697,0,-1,0.5447429,0.72,18,0.72,0,80
3698,1,0,0.0,0.72,18,0.72,0,80
3699,1,0,0.0,0.72,18,0.72,0,80
3700,1,0,0.0,0.72,18,0.72,0,80
3701,1,0,0.0,0.72,18,0.72,0,80
3702,1,0,0.0,0.72,18,0.72,0,80
3703,2,1,-104.95567,0.84,21,0.84,0,80
3704,1,0,0.0,0.84,21,0.84,0,80
3705,1,0,0.0,0.84,21,0.84,0,80
3706,2,1,-99.7275,0.88,22,0.88,0,80
3707,1,0,0.0,0.88,22,0.88,0,80
3708,0,-1,99.7275,0.84,21,0.84,0,80
3709,2,1,-284.88434,0.92,23,0.92,0,80
3710,0,-1,-0.0,0.92,23,0.92,0,80
3711,2,1,-600.6145,0.96,24,0.96,0,80
3712,2,1,-1000.0,0.0,0,0.0,0,80
3713,0,-1,-0.0,0.16,4,0.16,0,81
3714,0,-1,-0.0,0.16,4,0.16,0,81
3715,1,0,0.0,0.16,4,0.16,0,81
3716,0,-1,-0.0,0.16,4,0.16,0,81
3717,0,-1,-0.0,0.16,4,0.16,0,81
3718,1,0,0.0,0.16,4,0.16,0,81
3719,0,-1,-0.0,0.16,4,0.16,0,81
3720,2,1,-4.1407347,0.2,5,0.2,0,81
3721,2,1,28.22638,0.24,6,0.24,0,81
3722,2,1,18.678572,0.32,8,0.32,0,81
3723,0,-1,-23.19499,0.28,7,0.28,0,81
3724,1,0,0.0,0.28,7,0.28,1,81
3725,0,-1,-16.605026,0.24,6,0.24,0,81
3726,2,1,15.496875,0.28,7,0.28,0,81
3727,0,-1,-23.255396,0.24,6,0.24,0,81
3728,0,-1,-0.0,0.24,6,0.24,0,81
3729,2,1,27.867443,0.28,7,0.28,0,81
3730,1,0,0.0,0.28,7,0.28,0,81
3731,1,0,0.0,0.28,7,0.28,0,81
3732,1,0,0.0,0.28,7,0.28,0,81
3733,2,1,21.798355,0.32,8,0.32,0,81
3734,0,-1,-21.798355,0.28,7,0.28,1,81
3735,1,0,0.0,0.28,7,0.28,0,81
3736,1,0,0.0,0.28,7,0.28,0,81
3737,1,0,0.0,0.28,7,0.28,0,81
3738,2,1,18.461597,0.36,9,0.36,0,81
3739,0,-1,-20.163916,0.32,8,0.32,0,81
3740,1,0,0.0,0.32,8,0.32,0,81
3741,1,0,0.0,0.32,8,0.32,0,81
3742,2,1,26.325085,0.36,9,0.36,0,81
3743,2,1,19.611574,0.4,10,0.4,0,81
3744,1,0,0.0,0.4,10,0.4,0,81
3745,2,1,20.002111,0.44,11,0.44,0,81
3746,0,-1,-0.0,0.44,11,0.44,0,81
3747,2,1,21.852482,0.48,12,0.48,0,81
3748,0,-1,-21.852482,0.44,11,0.44,0,81
3749,2,1,21.852482,0.48,12,0.48,0,81
3750,1,0,0.0,0.48,12,0.48,0,81
3751,2,1,22.558666,0.52,13,0.52,0,81
3752,2,1,-6.9976254,0.64,16,0.64,0,81
3753,1,0,0.0,0.64,16,0.64,0,81
3754,0,-1,-11.154675,0.6,15,0.6,0,81
3755,1,0,0.0,0.6,15,0.6,0,81
3756,2,1,-28.003222,0.72,18,0.72,0,81
3757,2,1,-42.143276,0.8,20,0.8,0,81
3758,2,1,-35.81591,0.84,21,0.84,0,81
3759,1,0,0.0,0.84,21,0.84,0,81
3760,1,0,0.0,0.84,21,0.84,0,81
3761,0,-1,38.543396,0.8,20,0.8,1,81
3762,1,0,0.0,0.8,20,0.8,0,81
3763,0,-1,-0.0,0.8,20,0.8,0,81
3764,0,-1,-23.423578,0.8,20,0.8,0,81
3765,0,-1,14.899782,0.76,19,0.76,0,81
3766,2,1,-16.635595,0.8,20,0.8,0,81
3767,0,-1,-26.47881,0.8,20,0.8,0,81
3768,1,0,0.0,0.8,20,0.8,0,81
3769,1,0,0.0,0.8,20,0.8,0,81
3770,0,-1,16.789165,0.76,19,0.76,0,81
3771,0,-1,-26.814701,0.76,19,0.76,0,81
3772,2,1,-78.04522,0.84,21,0.84,0,81
3773,2,1,-908.37,0.96,24,0.96,0,81
3774,1,0,0.0,0.96,24,0.96,0,81
3775,0,-1,-0.0,0.96,24,0.96,0,81
3776,1,0,0.0,0.96,24,0.96,0,81
3777,0,-1,598.55426,0.92,23,0.92,0,81
3778,0,-1,-0.14343253,0.92,23,0.92,0,81
3779,2,1,-602.25366,0.96,24,0.96,0,81
3780,1,0,0.0,0.96,24,0.96,0,81
3781,1,0,0.0,0.96,24,0.96,0,81
3782,0,-1,598.5342,0.92,23,0.92,0,81
3783,0,-1,-0.004867836,0.92,23,0.92,0,81
3784,1,0,0.0,0.92,23,0.92,0,81
3785,0,-1,186.19905,0.88,22,0.88,0,81
3786,2,1,-807.39075,0.96,24,0.96,0,81
3787,1,0,0.0,0.96,24,0.96,0,81
3788,2,1,26.41535,1.0,25,1.0,0,81
3789,0,-1,-1000.0,0.0,0,0.0,0,81
3790,2,1,28.364332,0.2,5,0.2,0,82
3791,1,0,0.0,0.2,5,0.2,0,82
3792,1,0,0.0,0.2,5,0.2,0,82
3793,0,-1,-0.0,0.2,5,0.2,0,82
3794,1,0,0.0,0.2,5,0.2,0,82
3795,2,1,-4.278687,0.24,6,0.24,0,82
3796,0,-1,4.278687,0.2,5,0.2,0,82
3797,1,0,0.0,0.2,5,0.2,0,82
3798,0,-1,-0.0,0.2,5,0.2,0,82
3799,2,1,28.208652,0.24,6,0.24,0,82
3800,0,-1,-0.0,0.24,6,0.24,0,82
3801,2,1,-4.515744,0.28,7,0.28,0,82
3802,0,-1,-0.0,0.28,7,0.28,0,82
3803,1,0,0.0,0.28,7,0.28,0,82
3804,0,-1,-27.971514,0.24,6,0.24,0,82
3805,1,0,0.0,0.24,6,0.24,0,82
3806,2,1,27.971514,0.28,7,0.28,0,82
3807,0,-1,4.515744,0.24,6,0.24,0,82
3808,2,1,-4.515744,0.28,7,0.28,0,82
3809,2,1,23.19499,0.32,8,0.32,0,82
3810,2,1,17.146978,0.4,10,0.4,0,82
3811,0,-1,-22.427462,0.36,9,0.36,0,82
3812,0,-1,5.279892,0.32,8,0.32,1,82
3813,1,0,0.0,0.32,8,0.32,0,82
3814,2,1,25.94953,0.36,9,0.36,0,82
3815,0,-1,-25.94953,0.32,8,0.32,0,82
3816,1,0,0.0,0.32,8,0.32,0,82
3817,1,0,0.0,0.32,8,0.32,0,82
3818,2,1,25.964912,0.36,9,0.36,0,82
3819,1,0,0.0,0.36,9,0.36,0,82
3820,1,0,0.0,0.36,9,0.36,0,82
3821,1,0,0.0,0.36,9,0.36,0,82
3822,2,1,25.400385,0.4,10,0.4,0,82
3823,1,0,0.0,0.4,10,0.4,0,82
3824,1,0,0.0,0.4,10,0.4,0,82
3825,1,0,0.0,0.4,10,0.4,0,82
3826,0,-1,-22.116686,0.36,9,0.36,0,82
3827,1,0,0.0,0.36,9,0.36,0,82
3828,0,-1,-0.0,0.36,9,0.36,1,82
3829,2,1,16.604912,0.44,11,0.44,0,82
3830,0,-1,-0.0036911885,0.44,11,0.44,0,82
3831,0,-1,-0.0039367187,0.44,11,0.44,0,82
3832,0,-1,-27.623762,0.44,11,0.44,1,82
3833,2,1,3.2053537,0.56,14,0.56,0,82
3834,1,0,0.0,0.56,14,0.56,0,82
3835,1,0,0.0,0.56,14,0.56,0,82
3836,2,1,14.094608,0.6,15,0.6,0,82
3837,1,0,0.0,0.6,15,0.6,0,82
3838,2,1,-2.4326913,0.68,17,0.68,0,82
3839,2,1,7.806246,0.72,18,0.72,0,82
3840,0,-1,-5.874645,0.68,17,0.68,0,82
3841,0,-1,-8.145584,0.64,16,0.64,0,82
3842,1,0,0.0,0.64,16,0.64,0,82
3843,1,0,0.0,0.64,16,0.64,0,82
3844,2,1,8.267304,0.68,17,0.68,0,82
3845,1,0,0.0,0.68,17,0.68,0,82
3846,0,-1,-6.941076e-06,0.68,17,0.68,0,82
3847,1,0,0.0,0.68,17,0.68,0,82
3848,1,0,0.0,0.68,17,0.68,0,82
3849,1,0,0.0,0.68,17,0.68,0,82
3850,1,0,0.0,0.68,17,0.68,1,82
3851,0,-1,-0.0,0.68,17,0.68,0,82
3852,2,1,6.468343,0.72,18,0.72,0,82
3853,1,0,0.0,0.72,18,0.72,0,82
3854,1,0,0.0,0.72,18,0.72,0,82
3855,1,0,0.0,0.72,18,0.72,0,82
3856,2,1,-43.14398,0.8,20,0.8,0,82
3857,0,-1,15.426554,0.76,19,0.76,0,82
3858,0,-1,-26.190798,0.76,19,0.76,0,82
3859,0,-1,-0.0030257518,0.76,19,0.76,0,82
3860,1,0,0.0,0.76,19,0.76,0,82
3861,1,0,0.0,0.76,19,0.76,0,82
3862,2,1,-76.34091,0.84,21,0.84,0,82
3863,0,-1,-0.10037355,0.84,21,0.84,0,82
3864,1,0,0.0,0.84,21,0.84,0,82
3865,1,0,0.0,0.84,21,0.84,0,82
3866,2,1,-287.16763,0.92,23,0.92,0,82
3867,0,-1,-27.211771,0.92,23,0.92,0,82
3868,1,0,0.0,0.92,23,0.92,0,82
3869,1,0,0.0,0.92,23,0.92,0,82
3870,0,-1,-22.822271,0.92,23,0.92,0,82
3871,0,-1,-0.003318886,0.92,23,0.92,0,82
3872,0,-1,-26.47334,0.92,23,0.92,0,82
3873,0,-1,182.04128,0.88,22,0.88,0,82
3874,1,0,0.0,0.88,22,0.88,0,82
3875,1,0,0.0,0.88,22,0.88,1,82
3876,1,0,0.0,0.88,22,0.88,0,82
3877,1,0,0.0,0.88,22,0.88,0,82
3878,0,-1,-24.759338,0.88,22,0.88,0,82
3879,1,0,0.0,0.88,22,0.88,0,82
3880,0,-1,-17.20546,0.88,22,0.88,0,82
3881,1,0,0.0,0.88,22,0.88,0,82
3882,2,1,-806.76733,0.96,24,0.96,0,82
3883,1,0,0.0,0.96,24,0.96,0,82
3884,2,1,-1000.0,0.0,0,0.0,0,82
3885,1,0,0.0,0.16,4,0.16,0,83
3886,1,0,0.0,0.16,4,0.16,0,83
3887,1,0,0.0,0.16,4,0.16,0,83
3888,0,-1,-0.0,0.16,4,0.16,0,83
3889,1,0,0.0,0.16,4,0.16,0,83
3890,2,1,28.364332,0.2,5,0.2,0,83
3891,2,1,23.955872,0.28,7,0.28,0,83
3892,0,-1,-0.0,0.28,7,0.28,0,83
3893,0,-1,-26.773045,0.24,6,0.24,0,83
3894,2,1,18.8927,0.32,8,0.32,0,83
3895,0,-1,-23.409119,0.28,7,0.28,0,83
3896,2,1,23.409119,0.32,8,0.32,1,83
3897,2,1,16.88699,0.4,10,0.4,0,83
3898,1,0,0.0,0.4,10,0.4,0,83
3899,1,0,0.0,0.4,10,0.4,0,83
3900,2,1,16.65768,0.44,11,0.44,0,83
3901,1,0,0.0,0.44,11,0.44,0,83
3902,2,1,23.8535,0.48,12,0.48,0,83
3903,0,-1,-22.001623,0.48,12,0.48,0,83
3904,2,1,11.039569,0.52,13,0.52,0,83
3905,2,1,9.525704,0.6,15,0.6,0,83
3906,1,0,0.0,0.6,15,0.6,0,83
3907,0,-1,-0.0,0.6,15,0.6,0,83
3908,2,1,-27.97153,0.72,18,0.72,0,83
3909,1,0,0.0,0.72,18,0.72,0,83
3910,1,0,0.0,0.72,18,0.72,0,83
3911,2,1,-48.017147,0.8,20,0.8,0,83
3912,0,-1,19.688715,0.76,19,0.76,0,83
3913,1,0,0.0,0.76,19,0.76,0,83
3914,1,0,0.0,0.76,19,0.76,0,83
3915,1,0,0.0,0.76,19,0.76,0,83
3916,2,1,-76.36313,0.84,21,0.84,0,83
3917,1,0,0.0,0.84,21,0.84,0,83
3918,2,1,-78.6325,0.88,22,0.88,0,83
3919,0,-1,81.2785,0.84,21,0.84,0,83
3920,1,0,0.0,0.84,21,0.84,1,83
3921,1,0,0.0,0.84,21,0.84,0,83
3922,0,-1,37.008137,0.8,20,0.8,0,83
3923,0,-1,-0.0,0.8,20,0.8,0,83
3924,2,1,-33.393307,0.84,21,0.84,0,83
3925,1,0,0.0,0.84,21,0.84,0,83
3926,0,-1,-18.120655,0.84,21,0.84,0,83
3927,0,-1,34.912308,0.8,20,0.8,0,83
3928,1,0,0.0,0.8,20,0.8,0,83
3929,0,-1,17.641476,0.76,19,0.76,0,83
3930,1,0,0.0,0.76,19,0.76,0,83
3931,2,1,-180.14214,0.88,22,0.88,0,83
3932,2,1,29.689703,1.0,25,1.0,0,83
3933,0,-1,-1000.0,0.0,0,0.0,0,83
3934,2,1,28.346605,0.2,5,0.2,0,84
3935,1,0,0.0,0.2,5,0.2,0,84
3936,2,1,28.22638,0.24,6,0.24,0,84
3937,2,1,18.678572,0.32,8,0.32,0,84
3938,0,-1,-23.19499,0.28,7,0.28,0,84
3939,0,-1,-27.971514,0.24,6,0.24,0,84
3940,1,0,0.0,0.24,6,0.24,0,84
3941,2,1,27.971514,0.28,7,0.28,0,84
3942,2,1,26.436209,0.32,8,0.32,0,84
3943,0,-1,-0.0,0.32,8,0.32,0,84
3944,0,-1,-0.0,0.32,8,0.32,0,84
3945,2,1,20.356783,0.4,10,0.4,0,84
3946,0,-1,-0.0,0.4,10,0.4,0,84
3947,2,1,14.3443775,0.48,12,0.48,0,84
3948,1,0,0.0,0.48,12,0.48,0,84
3949,2,1,21.154152,0.52,13,0.52,0,84
3950,2,1,17.849766,0.56,14,0.56,0,84
3951,2,1,-14.643596,0.68,17,0.68,0,84
3952,2,1,-25.83191,0.76,19,0.76,0,84
3953,2,1,-16.396084,0.8,20,0.8,1,84
3954,0,-1,-0.0050589615,0.8,20,0.8,0,84
3955,1,0,0.0,0.8,20,0.8,0,84
3956,1,0,0.0,0.8,20,0.8,0,84
3957,0,-1,-0.019134738,0.8,20,0.8,0,84
3958,0,-1,13.712611,0.76,19,0.76,0,84
3959,0,-1,-0.0,0.76,19,0.76,0,84
3960,1,0,0.0,0.76,19,0.76,0,84
3961,2,1,-79.3141,0.84,21,0.84,0,84
3962,1,0,0.0,0.84,21,0.84,0,84
3963,0,-1,-0.020401387,0.84,21,0.84,0,84
3964,1,0,0.0,0.84,21,0.84,0,84
3965,1,0,0.0,0.84,21,0.84,0,84
3966,0,-1,-22.396759,0.84,21,0.84,0,84
3967,2,1,-76.69109,0.88,22,0.88,0,84
3968,0,-1,-2.0203681e-06,0.88,22,0.88,0,84
3969,2,1,-182.82976,0.92,23,0.92,0,84
3970,1,0,0.0,0.92,23,0.92,0,84
3971,2,1,25.881157,1.0,25,1.0,0,84
3972,0,-1,-1000.0,0.0,0,0.0,0,84
3973,1,0,0.0,0.16,4,0.16,1,85
3974,2,1,28.130781,0.2,5,0.2,0,85
3975,1,0,0.0,0.2,5,0.2,0,85
3976,1,0,0.0,0.2,5,0.2,0,85
3977,2,1,23.839304,0.28,7,0.28,0,85
3978,0,-1,-0.0,0.28,7,0.28,0,85
3979,2,1,20.967997,0.36,9,0.36,0,85
3980,1,0,0.0,0.36,9,0.36,0,85
3981,0,-1,-0.0,0.36,9,0.36,0,85
3982,0,-1,-0.0,0.36,9,0.36,0,85
3983,1,0,0.0,0.36,9,0.36,0,85
3984,1,0,0.0,0.36,9,0.36,1,85
3985,2,1,24.363518,0.4,10,0.4,0,85
3986,1,0,0.0,0.4,10,0.4,0,85
3987,2,1,19.771591,0.44,11,0.44,0,85
3988,2,1,21.293732,0.48,12,0.48,0,85
3989,0,-1,-21.293732,0.44,11,0.44,0,85
3990,2,1,21.25041,0.48,12,0.48,0,85
3991,0,-1,-0.0,0.48,12,0.48,0,85
3992,1,0,0.0,0.48,12,0.48,0,85
3993,0,-1,-0.0002220961,0.48,12,0.48,0,85
3994,2,1,19.60669,0.52,13,0.52,0,85
3995,2,1,18.763613,0.56,14,0.56,0,85
3996,2,1,0.45820862,0.64,16,0.64,0,85
3997,1,0,0.0,0.64,16,0.64,0,85
3998,0,-1,-20.321253,0.64,16,0.64,0,85
3999,0,-1,-0.1480076,0.64,16,0.64,0,85
4000,2,1,-39.996082,0.76,19,0.76,0,85
4001,1,0,0.0,0.76,19,0.76,0,85
4002,1,0,0.0,0.76,19,0.76,0,85
4003,2,1,-13.967816,0.8,20,0.8,0,85
4004,0,-1,-0.00021211704,0.8,20,0.8,0,85
4005,2,1,-139.10088,0.88,22,0.88,0,85
4006,1,0,0.0,0.88,22,0.88,0,85
4007,2,1,-807.37915,0.96,24,0.96,0,85
4008,1,0,0.0,0.96,24,0.96,0,85
4009,0,-1,-0.008370208,0.96,24,0.96,1,85
4010,0,-1,-0.0,0.96,24,0.96,0,85
4011,1,0,0.0,0.96,24,0.96,0,85
4012,0,-1,-0.0,0.96,24,0.96,0,85
4013,2,1,-1000.0,0.0,0,0.0,0,85
4014,2,1,28.364332,0.2,5,0.2,0,86
4015,0,-1,-28.364332,0.16,4,0.16,0,86
4016,2,1,-4.1407347,0.2,5,0.2,0,86
4017,2,1,-4.27924,0.24,6,0.24,0,86
4018,2,1,27.98924,0.28,7,0.28,0,86
4019,0,-1,4.51638,0.24,6,0.24,0,86
4020,2,1,23.38718,0.32,8,0.32,0,86
4021,1,0,0.0,0.32,8,0.32,0,86
4022,0,-1,-0.0,0.32,8,0.32,0,86
4023,1,0,0.0,0.32,8,0.32,0,86
4024,0,-1,4.847379,0.28,7,0.28,0,86
4025,1,0,0.0,0.28,7,0.28,0,86
4026,2,1,-4.847297,0.32,8,0.32,0,86
4027,1,0,0.0,0.32,8,0.32,1,86
4028,0,-1,-26.408081,0.32,8,0.32,0,86
4029,0,-1,-0.16875598,0.32,8,0.32,0,86
4030,0,-1,-21.587927,0.28,7,0.28,0,86
4031,0,-1,-0.0,0.28,7,0.28,0,86
4032,0,-1,-0.0,0.28,7,0.28,0,86
4033,2,1,18.243057,0.36,9,0.36,0,86
4034,0,-1,-0.0,0.36,9,0.36,0,86
4035,2,1,9.26257,0.48,12,0.48,0,86
4036,2,1,17.730932,0.52,13,0.52,0,86
4037,0,-1,-19.873178,0.48,12,0.48,0,86
4038,1,0,0.0,0.48,12,0.48,0,86
4039,1,0,0.0,0.48,12,0.48,0,86
4040,1,0,0.0,0.48,12,0.48,1,86
4041,0,-1,-15.029466,0.44,11,0.44,0,86
4042,0,-1,-19.752861,0.4,10,0.4,0,86
4043,2,1,14.477215,0.48,12,0.48,0,86
4044,0,-1,-21.151487,0.44,11,0.44,0,86
4045,0,-1,-26.461681,0.44,11,0.44,0,86
4046,1,0,0.0,0.44,11,0.44,0,86
4047,2,1,18.88031,0.48,12,0.48,0,86
4048,1,0,0.0,0.48,12,0.48,0,86
4049,1,0,0.0,0.48,12,0.48,0,86
4050,2,1,8.330874,0.56,14,0.56,0,86
4051,0,-1,-0.0,0.56,14,0.56,0,86
4052,0,-1,-16.828665,0.52,13,0.52,0,86
4053,0,-1,-31.019707,0.52,13,0.52,0,86
4054,1,0,0.0,0.52,13,0.52,0,86
4055,1,0,0.0,0.52,13,0.52,0,86
4056,1,0,0.0,0.52,13,0.52,0,86
4057,0,-1,-0.24182045,0.52,13,0.52,0,86
4058,0,-1,-19.890789,0.48,12,0.48,1,86
4059,1,0,0.0,0.48,12,0.48,0,86
4060,0,-1,-20.410387,0.44,11,0.44,0,86
4061,1,0,0.0,0.44,11,0.44,0,86
4062,2,1,6.0712824,0.52,13,0.52,0,86
4063,0,-1,-26.664118,0.52,13,0.52,0,86
4064,0,-1,-19.713621,0.48,12,0.48,0,86
4065,2,1,10.508686,0.56,14,0.56,0,86
4066,1,0,0.0,0.56,14,0.56,0,86
4067,1,0,0.0,0.56,14,0.56,0,86
4068,2,1,14.029103,0.6,15,0.6,0,86
4069,2,1,16.887573,0.64,16,0.64,0,86
4070,0,-1,-16.887573,0.6,15,0.6,0,86
4071,0,-1,-16.734808,0.56,14,0.56,0,86
4072,1,0,0.0,0.56,14,0.56,0,86
4073,2,1,7.8813834,0.6,15,0.6,0,86
4074,1,0,0.0,0.6,15,0.6,0,86
4075,1,0,0.0,0.6,15,0.6,0,86
4076,0,-1,-0.00039743137,0.6,15,0.6,0,86
4077,0,-1,-7.8813834,0.56,14,0.56,0,86
4078,1,0,0.0,0.56,14,0.56,0,86
4079,1,0,0.0,0.56,14,0.56,0,86
4080,1,0,0.0,0.56,14,0.56,0,86
4081,1,0,0.0,0.56,14,0.56,1,86
4082,1,0,0.0,0.56,14,0.56,0,86
4083,1,0,0.0,0.56,14,0.56,0,86
4084,1,0,0.0,0.56,14,0.56,0,86
4085,1,0,0.0,0.56,14,0.56,0,86
4086,1,0,0.0,0.56,14,0.56,0,86
4087,0,-1,-26.965288,0.56,14,0.56,0,86
4088,0,-1,-31.230759,0.56,14,0.56,0,86
4089,2,1,17.167444,0.6,15,0.6,0,86
4090,1,0,0.0,0.6,15,0.6,0,86
4091,1,0,0.0,0.6,15,0.6,0,86
4092,1,0,0.0,0.6,15,0.6,1,86
4093,1,0,0.0,0.6,15,0.6,0,86
4094,1,0,0.0,0.6,15,0.6,0,86
4095,1,0,0.0,0.6,15,0.6,0,86
4096,2,1,-0.6135764,0.68,17,0.68,0,86
4097,0,-1,-1.5683403,0.64,16,0.64,0,86
4098,1,0,0.0,0.64,16,0.64,0,86
4099,1,0,0.0,0.64,16,0.64,1,86
4100,2,1,-12.037057,0.72,18,0.72,0,86
4101,2,1,-0.6059612,0.76,19,0.76,0,86
4102,2,1,-22.950918,0.8,20,0.8,0,86
4103,2,1,-33.542076,0.84,21,0.84,0,86
4104,1,0,0.0,0.84,21,0.84,0,86
4105,1,0,0.0,0.84,21,0.84,0,86
4106,0,-1,-0.0027154456,0.84,21,0.84,0,86
4107,1,0,0.0,0.84,21,0.84,0,86
4108,1,0,0.0,0.84,21,0.84,1,86
4109,1,0,0.0,0.84,21,0.84,0,86
4110,0,-1,45.096127,0.8,20,0.8,0,86
4111,1,0,0.0,0.8,20,0.8,0,86
4112,1,0,0.0,0.8,20,0.8,0,86
4113,2,1,-35.488625,0.84,21,0.84,0,86
4114,1,0,0.0,0.84,21,0.84,0,86
4115,1,0,0.0,0.84,21,0.84,0,86
4116,1,0,0.0,0.84,21,0.84,0,86
4117,2,1,-284.4382,0.92,23,0.92,0,86
4118,2,1,26.90214,1.0,25,1.0,0,86
4119,2,1,-1000.0,0.0,0,0.0,0,86
4120,1,0,0.0,0.16,4,0.16,0,87
4121,1,0,0.0,0.16,4,0.16,0,87
4122,1,0,0.0,0.16,4,0.16,0,87
4123,2,1,28.346605,0.2,5,0.2,0,87
4124,1,0,0.0,0.2,5,0.2,0,87
4125,2,1,-4.278605,0.24,6,0.24,0,87
4126,2,1,23.39962,0.32,8,0.32,0,87
4127,1,0,0.0,0.32,8,0.32,1,87
4128,0,-1,-0.0,0.32,8,0.32,0,87
4129,0,-1,-0.0,0.32,8,0.32,0,87
4130,0,-1,-0.0,0.32,8,0.32,0,87
4131,0,-1,-0.0,0.32,8,0.32,0,87
4132,2,1,20.312757,0.4,10,0.4,0,87
4133,1,0,0.0,0.4,10,0.4,0,87
4134,0,-1,-20.672495,0.36,9,0.36,0,87
4135,2,1,11.795971,0.4,10,0.4,0,87
4136,1,0,0.0,0.4,10,0.4,0,87
4137,2,1,15.155403,0.48,12,0.48,0,87
4138,1,0,0.0,0.48,12,0.48,0,87
4139,2,1,7.751251,0.52,13,0.52,0,87
4140,0,-1,-21.108187,0.48,12,0.48,0,87
4141,2,1,17.285006,0.52,13,0.52,0,87
4142,1,0,0.0,0.52,13,0.52,0,87
4143,0,-1,-17.285006,0.48,12,0.48,0,87
4144,1,0,0.0,0.48,12,0.48,0,87
4145,0,-1,-0.0,0.48,12,0.48,0,87
4146,1,0,0.0,0.48,12,0.48,0,87
4147,2,1,21.108187,0.52,13,0.52,0,87
4148,0,-1,-0.0,0.52,13,0.52,0,87
4149,2,1,17.360739,0.56,14,0.56,0,87
4150,1,0,0.0,0.56,14,0.56,0,87
4151,0,-1,-37.084526,0.6,15,0.6,0,87
4152,0,-1,-13.510696,0.56,14,0.56,0,87
4153,2,1,-14.837355,0.68,17,0.68,0,87
4154,1,0,0.0,0.68,17,0.68,1,87
4155,1,0,0.0,0.68,17,0.68,0,87
4156,1,0,0.0,0.68,17,0.68,0,87
4157,1,0,0.0,0.68,17,0.68,0,87
4158,0,-1,-9.534135,0.64,16,0.64,0,87
4159,2,1,-10.8315115,0.72,18,0.72,0,87
4160,1,0,0.0,0.72,18,0.72,0,87
4161,1,0,0.0,0.72,18,0.72,0,87
4162,1,0,0.0,0.72,18,0.72,0,87
4163,1,0,0.0,0.72,18,0.72,0,87
4164,1,0,0.0,0.72,18,0.72,0,87
4165,2,1,-3.010687,0.76,19,0.76,0,87
4166,1,0,0.0,0.76,19,0.76,0,87
4167,1,0,0.0,0.76,19,0.76,0,87
4168,2,1,-16.896498,0.8,20,0.8,0,87
4169,1,0,0.0,0.8,20,0.8,0,87
4170,0,-1,-26.380388,0.8,20,0.8,1,87
4171,0,-1,-25.351194,0.8,20,0.8,0,87
4172,0,-1,-26.239252,0.8,20,0.8,0,87
4173,1,0,0.0,0.8,20,0.8,0,87
4174,1,0,0.0,0.8,20,0.8,0,87
4175,2,1,-37.0704,0.84,21,0.84,0,87
4176,0,-1,34.420544,0.8,20,0.8,0,87
4177,0,-1,-0.0,0.8,20,0.8,0,87
4178,0,-1,13.43873,0.76,19,0.76,0,87
4179,2,1,-18.284504,0.8,20,0.8,0,87
4180,2,1,-138.49388,0.88,22,0.88,0,87
4181,2,1,-181.09084,0.92,23,0.92,1,87
4182,0,-1,180.22467,0.88,22,0.88,0,87
4183,1,0,0.0,0.88,22,0.88,0,87
4184,1,0,0.0,0.88,22,0.88,0,87
4185,1,0,0.0,0.88,22,0.88,0,87
4186,0,-1,-24.704649,0.88,22,0.88,0,87
4187,2,1,25.956041,1.0,25,1.0,0,87
4188,1,0,-1000.0,0.0,0,0.0,0,87
4189,2,1,28.364332,0.2,5,0.2,1,88
4190,1,0,0.0,0.2,5,0.2,0,88
4191,2,1,23.855509,0.28,7,0.28,0,88
4192,1,0,0.0,0.28,7,0.28,0,88
4193,2,1,13.163761,0.4,10,0.4,0,88
4194,1,0,0.0,0.4,10,0.4,0,88
4195,2,1,14.589395,0.48,12,0.48,0,88
4196,1,0,0.0,0.48,12,0.48,0,88
4197,0,-1,-9.9192e-06,0.48,12,0.48,0,88
4198,1,0,0.0,0.48,12,0.48,0,88
4199,2,1,13.026302,0.52,13,0.52,0,88
4200,2,1,9.563418,0.6,15,0.6,0,88
4201,0,-1,-16.711481,0.56,14,0.56,0,88
4202,1,0,0.0,0.56,14,0.56,0,88
4203,1,0,0.0,0.56,14,0.56,0,88
4204,2,1,17.77317,0.6,15,0.6,0,88
4205,1,0,0.0,0.6,15,0.6,0,88
4206,2,1,11.96324,0.64,16,0.64,0,88
4207,2,1,-12.673817,0.72,18,0.72,0,88
4208,2,1,-2.7918155,0.76,19,0.76,1,88
4209,2,1,-75.68412,0.84,21,0.84,0,88
4210,1,0,0.0,0.84,21,0.84,0,88
4211,2,1,-285.6905,0.92,23,0.92,0,88
4212,0,-1,180.28915,0.88,22,0.88,0,88
4213,2,1,28.653286,1.0,25,1.0,0,88
4214,0,-1,-1000.0,0.0,0,0.0,0,88
4215,1,0,0.0,0.16,4,0.16,0,89
4216,2,1,28.346605,0.2,5,0.2,0,89
4217,1,0,0.0,0.2,5,0.2,0,89
4218,0,-1,-0.0,0.2,5,0.2,0,89
4219,0,-1,-0.0,0.2,5,0.2,0,89
4220,1,0,0.0,0.2,5,0.2,0,89
4221,1,0,0.0,0.2,5,0.2,0,89
4222,1,0,0.0,0.2,5,0.2,0,89
4223,0,-1,-28.346605,0.16,4,0.16,0,89
4224,0,-1,-0.0,0.16,4,0.16,0,89
4225,2,1,28.346605,0.2,5,0.2,0,89
4226,1,0,0.0,0.2,5,0.2,0,89
4227,1,0,0.0,0.2,5,0.2,0,89
4228,2,1,-4.278605,0.24,6,0.24,0,89
4229,2,1,27.98924,0.28,7,0.28,0,89
4230,1,0,0.0,0.28,7,0.28,0,89
4231,1,0,0.0,0.28,7,0.28,0,89
4232,2,1,26.441492,0.32,8,0.32,0,89
4233,0,-1,-0.1677413,0.32,8,0.32,0,89
4234,1,0,0.0,0.32,8,0.32,0,89
4235,0,-1,-0.0,0.32,8,0.32,0,89
4236,1,0,0.0,0.32,8,0.32,0,89
4237,2,1,20.35271,0.4,10,0.4,1,89
4238,2,1,6.6671476,0.52,13,0.52,0,89
4239,0,-1,-16.649408,0.48,12,0.48,0,89
4240,1,0,0.0,0.48,12,0.48,0,89
4241,1,0,0.0,0.48,12,0.48,0,89
4242,0,-1,-3.6190642e-09,0.48,12,0.48,0,89
4243,0,-1,-0.0,0.48,12,0.48,0,89
4244,1,0,0.0,0.48,12,0.48,0,89
4245,1,0,0.0,0.48,12,0.48,0,89
4246,2,1,21.130224,0.52,13,0.52,0,89
4247,2,1,17.38587,0.56,14,0.56,0,89
4248,1,0,0.0,0.56,14,0.56,0,89
4249,1,0,0.0,0.56,14,0.56,0,89
4250,2,1,1.7641929,0.64,16,0.64,0,89
4251,2,1,-13.503916,0.72,18,0.72,0,89
4252,2,1,-5.289226,0.76,19,0.76,0,89
4253,1,0,0.0,0.76,19,0.76,0,89
4254,1,0,0.0,0.76,19,0.76,0,89
4255,1,0,0.0,0.76,19,0.76,0,89
4256,2,1,-76.68452,0.84,21,0.84,0,89
4257,2,1,-78.24974,0.88,22,0.88,0,89
4258,1,0,0.0,0.88,22,0.88,0,89
4259,1,0,0.0,0.88,22,0.88,0,89
4260,2,1,-183.74559,0.92,23,0.92,0,89
4261,2,1,-1000.0,0.0,0,0.0,0,89
4262,2,1,28.346605,0.2,5,0.2,0,90
4263,2,1,-4.278687,0.24,6,0.24,0,90
4264,2,1,23.39962,0.32,8,0.32,0,90
4265,2,1,22.976604,0.36,9,0.36,0,90
4266,1,0,0.0,0.36,9,0.36,0,90
4267,2,1,20.174376,0.4,10,0.4,0,90
4268,0,-1,-20.174376,0.36,9,0.36,0,90
4269,0,-1,-26.003696,0.32,8,0.32,0,90
4270,1,0,0.0,0.32,8,0.32,0,90
4271,2,1,26.008978,0.36,9,0.36,0,90
4272,1,0,0.0,0.36,9,0.36,0,90
4273,0,-1,-0.0,0.36,9,0.36,0,90
4274,0,-1,-26.008978,0.32,8,0.32,0,90
4275,1,0,0.0,0.32,8,0.32,0,90
4276,2,1,26.003696,0.36,9,0.36,0,90
4277,0,-1,-26.003696,0.32,8,0.32,0,90
4278,2,1,-5.27981,0.36,9,0.36,0,90
4279,1,0,0.0,0.36,9,0.36,0,90
4280,1,0,0.0,0.36,9,0.36,0,90
4281,1,0,0.0,0.36,9,0.36,0,90
4282,0,-1,-0.0,0.36,9,0.36,0,90
4283,2,1,-5.829461,0.4,10,0.4,0,90
4284,1,0,0.0,0.4,10,0.4,0,90
4285,1,0,0.0,0.4,10,0.4,1,90
4286,0,-1,-22.550047,0.36,9,0.36,0,90
4287,1,0,0.0,0.36,9,0.36,0,90
4288,1,0,0.0,0.36,9,0.36,0,90
4289,1,0,0.0,0.36,9,0.36,0,90
4290,0,-1,-10.61967,0.32,8,0.32,0,90
4291,2,1,25.949575,0.36,9,0.36,0,90
4292,2,1,19.072428,0.44,11,0.44,0,90
4293,1,0,0.0,0.44,11,0.44,0,90
4294,0,-1,-19.7958,0.4,10,0.4,0,90
4295,1,0,0.0,0.4,10,0.4,0,90
4296,2,1,-3.1096978,0.56,14,0.56,0,90
4297,0,-1,-16.60091,0.52,13,0.52,0,90
4298,1,0,0.0,0.52,13,0.52,1,90
4299,2,1,15.801563,0.56,14,0.56,0,90
4300,2,1,0.7845844,0.64,16,0.64,0,90
4301,2,1,11.674935,0.68,17,0.68,0,90
4302,0,-1,-0.013788808,0.68,17,0.68,0,90
4303,1,0,0.0,0.68,17,0.68,0,90
4304,0,-1,-22.024494,0.68,17,0.68,1,90
4305,0,-1,-18.47548,0.68,17,0.68,0,90
4306,2,1,2.0775783,0.72,18,0.72,0,90
4307,2,1,-107.077484,0.84,21,0.84,0,90
4308,2,1,-909.22455,0.96,24,0.96,0,90
4309,1,0,0.0,0.96,24,0.96,0,90
4310,0,-1,-0.11689748,0.96,24,0.96,0,90
4311,1,0,0.0,0.96,24,0.96,0,90
4312,0,-1,-21.47086,0.96,24,0.96,0,90
4313,0,-1,-25.25604,0.96,24,0.96,0,90
4314,2,1,28.19072,1.0,25,1.0,0,90
4315,1,0,-1000.0,0.0,0,0.0,0,90
4316,2,1,28.346605,0.2,5,0.2,0,91
4317,2,1,23.968313,0.28,7,0.28,0,91
4318,0,-1,-0.0,0.28,7,0.28,0,91
4319,2,1,17.914507,0.36,9,0.36,0,91
4320,0,-1,-22.762478,0.32,8,0.32,0,91
4321,2,1,20.356783,0.4,10,0.4,0,91
4322,1,0,0.0,0.4,10,0.4,0,91
4323,1,0,0.0,0.4,10,0.4,0,91
4324,1,0,0.0,0.4,10,0.4,0,91
4325,2,1,23.131649,0.44,11,0.44,0,91
4326,0,-1,-23.129503,0.4,10,0.4,0,91
4327,2,1,6.754763,0.52,13,0.52,0,91
4328,0,-1,-0.023737308,0.52,13,0.52,0,91
4329,2,1,8.083592,0.6,15,0.6,0,91
4330,1,0,0.0,0.6,15,0.6,0,91
4331,1,0,0.0,0.6,15,0.6,0,91
4332,1,0,0.0,0.6,15,0.6,0,91
4333,2,1,-5.0806384,0.68,17,0.68,0,91
4334,1,0,0.0,0.68,17,0.68,0,91
4335,0,-1,-0.020199759,0.68,17,0.68,0,91
4336,1,0,0.0,0.68,17,0.68,0,91
4337,2,1,-24.874136,0.76,19,0.76,0,91
4338,2,1,-79.319885,0.84,21,0.84,0,91
4339,1,0,0.0,0.84,21,0.84,1,91
4340,1,0,0.0,0.84,21,0.84,0,91
4341,2,1,-289.72464,0.92,23,0.92,0,91
4342,1,0,0.0,0.92,23,0.92,0,91
4343,1,0,0.0,0.92,23,0.92,0,91
4344,2,1,-599.6735,0.96,24,0.96,0,91
4345,2,1,-1000.0,0.0,0,0.0,0,91
4346,0,-1,-0.0,0.16,4,0.16,0,92
4347,1,0,0.0,0.16,4,0.16,0,92
4348,2,1,28.364332,0.2,5,0.2,0,92
4349,1,0,0.0,0.2,5,0.2,0,92
4350,2,1,-4.278687,0.24,6,0.24,0,92
4351,2,1,23.38718,0.32,8,0.32,0,92
4352,0,-1,-0.15642108,0.32,8,0.32,0,92
4353,2,1,11.36038,0.44,11,0.44,0,92
4354,0,-1,-21.980478,0.4,10,0.4,0,92
4355,2,1,21.980478,0.44,11,0.44,0,92
4356,1,0,0.0,0.44,11,0.44,0,92
4357,0,-1,6.5202236,0.4,10,0.4,0,92
4358,2,1,24.763365,0.44,11,0.44,0,92
4359,2,1,22.258423,0.48,12,0.48,0,92
4360,0,-1,-0.0,0.48,12,0.48,0,92
4361,0,-1,-0.0038925202,0.48,12,0.48,0,92
4362,0,-1,-0.0,0.48,12,0.48,0,92
4363,2,1,21.154152,0.52,13,0.52,0,92
4364,0,-1,-0.0038308254,0.52,13,0.52,0,92
4365,0,-1,-0.0,0.52,13,0.52,0,92
4366,0,-1,-0.0038230405,0.52,13,0.52,0,92
4367,2,1,17.849766,0.56,14,0.56,0,92
4368,2,1,1.4215518,0.64,16,0.64,0,92
4369,2,1,8.404402,0.68,17,0.68,0,92
4370,2,1,5.0949807,0.72,18,0.72,0,92
4371,1,0,0.0,0.72,18,0.72,0,92
4372,0,-1,-0.0,0.72,18,0.72,0,92
4373,2,1,-4.7266426,0.76,19,0.76,0,92
4374,2,1,-18.528473,0.8,20,0.8,1,92
4375,2,1,29.264292,1.0,25,1.0,1,92
4376,0,-1,-1000.0,0.0,0,0.0,0,92
4377,2,1,28.346605,0.2,5,0.2,0,93
4378,0,-1,-0.0,0.2,5,0.2,1,93
4379,2,1,28.208702,0.24,6,0.24,0,93
4380,2,1,26.719011,0.28,7,0.28,0,93
4381,1,0,0.0,0.28,7,0.28,0,93
4382,2,1,13.608458,0.4,10,0.4,0,93
4383,1,0,0.0,0.4,10,0.4,0,93
4384,1,0,0.0,0.4,10,0.4,0,93
4385,0,-1,-0.0,0.4,10,0.4,0,93
4386,0,-1,-22.79427,0.36,9,0.36,0,93
4387,0,-1,-0.0012392721,0.36,9,0.36,0,93
4388,0,-1,-0.0,0.36,9,0.36,0,93
4389,0,-1,-0.0,0.36,9,0.36,0,93
4390,1,0,0.0,0.36,9,0.36,0,93
4391,2,1,22.79427,0.4,10,0.4,0,93
4392,0,-1,-22.79427,0.36,9,0.36,0,93
4393,1,0,0.0,0.36,9,0.36,0,93
4394,1,0,0.0,0.36,9,0.36,0,93
4395,2,1,15.066294,0.44,11,0.44,0,93
4396,1,0,0.0,0.44,11,0.44,0,93
4397,1,0,0.0,0.44,11,0.44,0,93
4398,1,0,0.0,0.44,11,0.44,0,93
4399,0,-1,-0.0,0.44,11,0.44,1,93
4400,0,-1,-20.462984,0.4,10,0.4,0,93
4401,1,0,0.0,0.4,10,0.4,0,93
4402,0,-1,-22.328403,0.36,9,0.36,0,93
4403,0,-1,-28.261906,0.36,9,0.36,0,93
4404,2,1,20.974009,0.4,10,0.4,0,93
4405,2,1,22.032337,0.44,11,0.44,0,93
4406,2,1,23.753693,0.48,12,0.48,0,93
4407,2,1,18.484177,0.52,13,0.52,0,93
4408,1,0,0.0,0.52,13,0.52,0,93
4409,2,1,8.261319,0.6,15,0.6,0,93
4410,0,-1,-0.0012293493,0.6,15,0.6,0,93
4411,1,0,0.0,0.6,15,0.6,0,93
4412,1,0,0.0,0.6,15,0.6,0,93
4413,1,0,0.0,0.6,15,0.6,0,93
4414,2,1,13.382523,0.64,16,0.64,1,93
4415,0,-1,-12.69537,0.6,15,0.6,0,93
4416,0,-1,-24.988533,0.6,15,0.6,0,93
4417,2,1,11.414387,0.64,16,0.64,0,93
4418,0,-1,-26.43522,0.64,16,0.64,0,93
4419,0,-1,-0.006456329,0.64,16,0.64,0,93
4420,1,0,0.0,0.64,16,0.64,0,93
4421,1,0,0.0,0.64,16,0.64,0,93
4422,0,-1,-0.0,0.64,16,0.64,0,93
4423,2,1,-13.23983,0.72,18,0.72,0,93
4424,2,1,-0.5706308,0.76,19,0.76,0,93
4425,1,0,0.0,0.76,19,0.76,0,93
4426,2,1,-17.760887,0.8,20,0.8,0,93
4427,0,-1,-0.0,0.8,20,0.8,0,93
4428,0,-1,-0.0,0.8,20,0.8,0,93
4429,2,1,-33.59647,0.84,21,0.84,1,93
4430,2,1,-78.4577,0.88,22,0.88,0,93
4431,1,0,0.0,0.88,22,0.88,0,93
4432,2,1,-805.1792,0.96,24,0.96,0,93
4433,1,0,0.0,0.96,24,0.96,0,93
4434,2,1,-1000.0,0.0,0,0.0,0,93
4435,1,0,0.0,0.16,4,0.16,0,94
4436,2,1,28.346605,0.2,5,0.2,0,94
4437,2,1,-4.278687,0.24,6,0.24,0,94
4438,2,1,-4.51638,0.28,7,0.28,0,94
4439,1,0,0.0,0.28,7,0.28,0,94
4440,1,0,0.0,0.28,7,0.28,0,94
4441,1,0,0.0,0.28,7,0.28,0,94
4442,1,0,0.0,0.28,7,0.28,0,94
4443,1,0,0.0,0.28,7,0.28,0,94
4444,1,0,0.0,0.28,7,0.28,0,94
4445,2,1,16.805927,0.4,10,0.4,0,94
4446,2,1,24.768646,0.44,11,0.44,0,94
4447,0,-1,-24.768646,0.4,10,0.4,0,94
4448,1,0,0.0,0.4,10,0.4,0,94
4449,2,1,-13.91254,0.48,12,0.48,0,94
4450,0,-1,7.391891,0.44,11,0.44,0,94
4451,2,1,-7.3918905,0.48,12,0.48,0,94
4452,0,-1,7.3912225,0.44,11,0.44,0,94
4453,2,1,-7.39189,0.48,12,0.48,0,94
4454,1,0,0.0,0.48,12,0.48,0,94
4455,0,-1,7.3918905,0.44,11,0.44,0,94
4456,1,0,0.0,0.44,11,0.44,0,94
4457,1,0,0.0,0.44,11,0.44,0,94
4458,1,0,0.0,0.44,11,0.44,0,94
4459,1,0,0.0,0.44,11,0.44,1,94
4460,1,0,0.0,0.44,11,0.44,1,94
4461,2,1,23.79652,0.48,12,0.48,0,94
4462,0,-1,-0.0,0.48,12,0.48,0,94
4463,0,-1,-0.0,0.48,12,0.48,0,94
4464,1,0,0.0,0.48,12,0.48,0,94
4465,1,0,0.0,0.48,12,0.48,0,94
4466,0,-1,-23.79652,0.44,11,0.44,0,94
4467,1,0,0.0,0.44,11,0.44,0,94
4468,2,1,23.79652,0.48,12,0.48,0,94
4469,1,0,0.0,0.48,12,0.48,1,94
4470,1,0,0.0,0.48,12,0.48,0,94
4471,1,0,0.0,0.48,12,0.48,0,94
4472,2,1,-1.6491711,0.6,15,0.6,0,94
4473,0,-1,1.7029861,0.56,14,0.56,0,94
4474,1,0,0.0,0.56,14,0.56,0,94
4475,0,-1,-18.444704,0.52,13,0.52,0,94
4476,0,-1,-0.0,0.52,13,0.52,0,94
4477,1,0,0.0,0.52,13,0.52,0,94
4478,1,0,0.0,0.52,13,0.52,0,94
4479,1,0,0.0,0.52,13,0.52,0,94
4480,1,0,0.0,0.52,13,0.52,0,94
4481,2,1,19.628252,0.56,14,0.56,0,94
4482,1,0,0.0,0.56,14,0.56,0,94
4483,1,0,0.0,0.56,14,0.56,0,94
4484,2,1,4.0463386,0.64,16,0.64,0,94
4485,1,0,0.0,0.64,16,0.64,0,94
4486,2,1,-11.382664,0.72,18,0.72,0,94
4487,1,0,0.0,0.72,18,0.72,1,94
4488,1,0,0.0,0.72,18,0.72,0,94
4489,0,-1,-26.144697,0.72,18,0.72,0,94
4490,2,1,-1.1489547,0.76,19,0.76,0,94
4491,2,1,-77.42046,0.84,21,0.84,0,94
4492,1,0,0.0,0.84,21,0.84,0,94
4493,2,1,-78.766914,0.88,22,0.88,0,94
4494,2,1,-806.13574,0.96,24,0.96,0,94
4495,2,1,-1000.0,0.0,0,0.0,0,94
4496,2,1,28.364332,0.2,5,0.2,0,95
4497,2,1,19.247265,0.28,7,0.28,0,95
4498,0,-1,-0.0,0.28,7,0.28,0,95
4499,2,1,22.623116,0.36,9,0.36,0,95
4500,2,1,15.906646,0.44,11,0.44,0,95
4501,0,-1,-21.736273,0.4,10,0.4,0,95
4502,1,0,0.0,0.4,10,0.4,0,95
4503,2,1,24.763365,0.44,11,0.44,0,95
4504,2,1,-7.391858,0.48,12,0.48,0,95
4505,1,0,0.0,0.48,12,0.48,0,95
4506,2,1,21.152006,0.52,13,0.52,0,95
4507,1,0,0.0,0.52,13,0.52,1,95
4508,0,-1,-25.089266,0.52,13,0.52,0,95
4509,2,1,5.050921,0.56,14,0.56,0,95
4510,2,1,-17.238808,0.68,17,0.68,0,95
4511,0,-1,-4.083831,0.64,16,0.64,1,95
4512,0,-1,-0.0,0.64,16,0.64,0,95
4513,0,-1,-0.0,0.64,16,0.64,0,95
4514,2,1,-83.27194,0.8,20,0.8,0,95
4515,1,0,0.0,0.8,20,0.8,0,95
4516,0,-1,-0.0,0.8,20,0.8,0,95
4517,1,0,0.0,0.8,20,0.8,0,95
4518,2,1,-52.457943,0.84,21,0.84,0,95
4519,2,1,-286.19336,0.92,23,0.92,1,95
4520,0,-1,182.12859,0.88,22,0.88,0,95
4521,1,0,0.0,0.88,22,0.88,0,95
4522,2,1,-804.0277,0.96,24,0.96,0,95
4523,0,-1,597.3007,0.92,23,0.92,0,95
4524,1,0,0.0,0.92,23,0.92,1,95
4525,2,1,-599.72894,0.96,24,0.96,0,95
4526,1,0,0.0,0.96,24,0.96,0,95
4527,2,1,-1000.0,0.0,0,0.0,0,95
4528,2,1,28.346605,0.2,5,0.2,0,96
4529,2,1,19.461393,0.28,7,0.28,0,96
4530,2,1,-4.847297,0.32,8,0.32,0,96
4531,0,-1,-0.0,0.32,8,0.32,0,96
4532,0,-1,-0.0,0.32,8,0.32,0,96
4533,1,0,0.0,0.32,8,0.32,0,96
4534,1,0,0.0,0.32,8,0.32,0,96
4535,1,0,0.0,0.32,8,0.32,0,96
4536,0,-1,4.847297,0.28,7,0.28,0,96
4537,2,1,-4.847297,0.32,8,0.32,0,96
4538,2,1,-5.2804456,0.36,9,0.36,0,96
4539,1,0,0.0,0.36,9,0.36,0,96
4540,1,0,0.0,0.36,9,0.36,0,96
4541,2,1,13.022829,0.48,12,0.48,0,96
4542,2,1,22.79115,0.52,13,0.52,0,96
4543,1,0,0.0,0.52,13,0.52,0,96
4544,0,-1,-17.50569,0.48,12,0.48,0,96
4545,1,0,0.0,0.48,12,0.48,0,96
4546,1,0,0.0,0.48,12,0.48,0,96
4547,1,0,0.0,0.48,12,0.48,0,96
4548,1,0,0.0,0.48,12,0.48,0,96
4549,2,1,21.154152,0.52,13,0.52,0,96
4550,1,0,0.0,0.52,13,0.52,0,96
4551,2,1,-6.829673,0.64,16,0.64,1,96
4552,1,0,0.0,0.64,16,0.64,0,96
4553,1,0,0.0,0.64,16,0.64,0,96
4554,0,-1,-0.006984691,0.64,16,0.64,0,96
4555,2,1,-13.649062,0.72,18,0.72,0,96
4556,1,0,0.0,0.72,18,0.72,0,96
4557,1,0,0.0,0.72,18,0.72,0,96
4558,2,1,-4.134577,0.76,19,0.76,0,96
4559,0,-1,-0.0,0.76,19,0.76,0,96
4560,2,1,-179.46907,0.88,22,0.88,0,96
4561,2,1,-806.0449,0.96,24,0.96,0,96
4562,0,-1,-0.0,0.96,24,0.96,0,96
4563,1,0,0.0,0.96,24,0.96,0,96
4564,0,-1,599.94696,0.92,23,0.92,0,96
4565,1,0,0.0,0.92,23,0.92,0,96
4566,1,0,0.0,0.92,23,0.92,0,96
4567,2,1,-599.94696,0.96,24,0.96,0,96
4568,1,0,0.0,0.96,24,0.96,0,96
4569,2,1,-1000.0,0.0,0,0.0,0,96
4570,2,1,28.346605,0.2,5,0.2,0,97
4571,1,0,0.0,0.2,5,0.2,0,97
4572,1,0,0.0,0.2,5,0.2,0,97
4573,2,1,23.968313,0.28,7,0.28,0,97
4574,0,-1,-0.0,0.28,7,0.28,0,97
4575,1,0,0.0,0.28,7,0.28,0,97
4576,1,0,0.0,0.28,7,0.28,0,97
4577,2,1,21.33844,0.36,9,0.36,0,97
4578,2,1,15.692518,0.44,11,0.44,0,97
4579,1,0,0.0,0.44,11,0.44,0,97
4580,2,1,-8.360594,0.6,15,0.6,0,97
4581,1,0,0.0,0.6,15,0.6,0,97
4582,1,0,0.0,0.6,15,0.6,0,97
4583,1,0,0.0,0.6,15,0.6,0,97
4584,1,0,0.0,0.6,15,0.6,0,97
4585,1,0,0.0,0.6,15,0.6,0,97
4586,2,1,14.2147665,0.64,16,0.64,0,97
4587,1,0,0.0,0.64,16,0.64,0,97
4588,2,1,-10.617514,0.72,18,0.72,0,97
4589,2,1,-2.326125,0.76,19,0.76,0,97
4590,1,0,0.0,0.76,19,0.76,0,97
4591,0,-1,-0.0040504737,0.76,19,0.76,1,97
4592,2,1,-16.406963,0.8,20,0.8,0,97
4593,0,-1,-15.478152,0.8,20,0.8,0,97
4594,2,1,-35.45879,0.84,21,0.84,0,97
4595,1,0,0.0,0.84,21,0.84,0,97
4596,1,0,0.0,0.84,21,0.84,0,97
4597,1,0,0.0,0.84,21,0.84,0,97
4598,1,0,0.0,0.84,21,0.84,0,97
4599,1,0,0.0,0.84,21,0.84,0,97
4600,0,-1,-0.006989339,0.84,21,0.84,0,97
4601,0,-1,35.45879,0.8,20,0.8,0,97
4602,0,-1,-23.667292,0.8,20,0.8,0,97
4603,0,-1,-0.056174677,0.8,20,0.8,0,97
4604,2,1,-141.38214,0.88,22,0.88,0,97
4605,1,0,0.0,0.88,22,0.88,0,97
4606,2,1,25.514101,1.0,25,1.0,0,97
4607,1,0,-1000.0,0.0,0,0.0,0,97
4608,2,1,28.364332,0.2,5,0.2,0,98
4609,1,0,0.0,0.2,5,0.2,0,98
4610,2,1,23.955872,0.28,7,0.28,0,98
4611,2,1,13.033225,0.4,10,0.4,0,98
4612,2,1,17.550112,0.48,12,0.48,0,98
4613,1,0,0.0,0.48,12,0.48,0,98
4614,1,0,0.0,0.48,12,0.48,0,98
4615,1,0,0.0,0.48,12,0.48,0,98
4616,2,1,11.372195,0.56,14,0.56,0,98
4617,2,1,-37.246666,0.72,18,0.72,0,98
4618,1,0,0.0,0.72,18,0.72,0,98
4619,1,0,0.0,0.72,18,0.72,0,98
4620,2,1,-44.184315,0.8,20,0.8,0,98
4621,2,1,-141.3523,0.88,22,0.88,1,98
4622,0,-1,-7.953121,0.88,22,0.88,0,98
4623,0,-1,75.95075,0.84,21,0.84,1,98
4624,1,0,0.0,0.84,21,0.84,0,98
4625,1,0,0.0,0.84,21,0.84,0,98
4626,1,0,0.0,0.84,21,0.84,0,98
4627,2,1,-286.42224,0.92,23,0.92,0,98
4628,1,0,0.0,0.92,23,0.92,0,98
4629,1,0,0.0,0.92,23,0.92,0,98
4630,1,0,0.0,0.92,23,0.92,0,98
4631,0,-1,-0.0015222197,0.92,23,0.92,0,98
4632,2,1,25.719755,1.0,25,1.0,0,98
4633,0,-1,-1000.0,0.0,0,0.0,0,98
4634,0,-1,-0.0,0.16,4,0.16,0,99
4635,2,1,28.364332,0.2,5,0.2,0,99
4636,2,1,23.955872,0.28,7,0.28,0,99
4637,0,-1,-0.15642108,0.28,7,0.28,0,99
4638,2,1,21.334368,0.36,9,0.36,0,99
4639,1,0,0.0,0.36,9,0.36,0,99
4640,2,1,23.820692,0.4,10,0.4,0,99
4641,1,0,0.0,0.4,10,0.4,0,99
4642,1,0,0.0,0.4,10,0.4,0,99
4643,1,0,0.0,0.4,10,0.4,0,99
4644,2,1,21.249996,0.44,11,0.44,0,99
4645,1,0,0.0,0.44,11,0.44,0,99
4646,0,-1,-0.0,0.44,11,0.44,0,99
4647,2,1,3.1790812,0.56,14,0.56,0,99
4648,1,0,0.0,0.56,14,0.56,0,99
4649,2,1,15.546957,0.6,15,0.6,0,99
4650,2,1,-4.1220665,0.68,17,0.68,0,99
4651,0,-1,-0.0038925202,0.68,17,0.68,0,99
4652,0,-1,-0.0,0.68,17,0.68,0,99
4653,0,-1,-0.023737308,0.68,17,0.68,0,99
4654,0,-1,-0.0,0.68,17,0.68,0,99
4655,2,1,-441.36398,0.92,23,0.92,0,99
4656,2,1,-599.89526,0.96,24,0.96,0,99
4657,0,-1,-0.0173144,0.96,24,0.96,0,99
4658,0,-1,-0.0038308254,0.96,24,0.96,0,99
4659,1,0,0.0,0.96,24,0.96,0,99
4660,2,1,-1000.0,0.0,0,0.0,0,99
4661,2,1,28.364332,0.2,5,0.2,0,100
4662,1,0,0.0,0.2,5,0.2,0,100
4663,2,1,-4.278687,0.24,6,0.24,0,100
4664,0,-1,4.278687,0.2,5,0.2,0,100
4665,2,1,23.955872,0.28,7,0.28,0,100
4666,1,0,0.0,0.28,7,0.28,0,100
4667,2,1,21.334368,0.36,9,0.36,0,100
4668,2,1,23.820692,0.4,10,0.4,0,100
4669,1,0,0.0,0.4,10,0.4,0,100
4670,2,1,14.13025,0.48,12,0.48,0,100
4671,1,0,0.0,0.48,12,0.48,0,100
4672,2,1,-15.255225,0.64,16,0.64,0,100
4673,0,-1,-0.0,0.64,16,0.64,0,100
4674,2,1,10.035843,0.68,17,0.68,1,100
4675,1,0,0.0,0.68,17,0.68,0,100
4676,1,0,0.0,0.68,17,0.68,0,100
4677,1,0,0.0,0.68,17,0.68,0,100
4678,0,-1,-10.291478,0.64,16,0.64,0,100
4679,1,0,0.0,0.64,16,0.64,0,100
4680,2,1,-83.2968,0.8,20,0.8,0,100
4681,2,1,-139.41351,0.88,22,0.88,0,100
4682,1,0,0.0,0.88,22,0.88,0,100
4683,2,1,-808.36145,0.96,24,0.96,0,100
4684,2,1,25.776508,1.0,25,1.0,0,100
4685,1,0,-1000.0,0.0,0,0.0,0,100
4686,1,0,0.0,0.16,4,0.16,1,101
4687,0,-1,-0.0,0.16,4,0.16,0,101
4688,2,1,28.262749,0.2,5,0.2,0,101
4689,2,1,23.698263,0.28,7,0.28,0,101
4690,1,0,0.0,0.28,7,0.28,0,101
4691,1,0,0.0,0.28,7,0.28,0,101
4692,2,1,21.239792,0.32,8,0.32,0,101
4693,1,0,0.0,0.32,8,0.32,0,101
4694,2,1,12.842235,0.44,11,0.44,0,101
4695,0,-1,-19.566948,0.4,10,0.4,0,101
4696,0,-1,-0.0057454873,0.4,10,0.4,0,101
4697,2,1,24.535276,0.44,11,0.44,0,101
4698,2,1,3.385828,0.56,14,0.56,0,101
4699,2,1,17.675611,0.6,15,0.6,0,101
4700,2,1,9.571688,0.64,16,0.64,0,101
4701,1,0,0.0,0.64,16,0.64,0,101
4702,1,0,0.0,0.64,16,0.64,0,101
4703,1,0,0.0,0.64,16,0.64,0,101
4704,1,0,0.0,0.64,16,0.64,0,101
4705,2,1,-13.896348,0.72,18,0.72,0,101
4706,0,-1,-0.0,0.72,18,0.72,0,101
4707,1,0,0.0,0.72,18,0.72,0,101
4708,1,0,0.0,0.72,18,0.72,0,101
4709,0,-1,-2.7910266,0.68,17,0.68,0,101
4710,1,0,0.0,0.68,17,0.68,1,101
4711,0,-1,-6.0953946,0.64,16,0.64,0,101
4712,2,1,9.358074,0.68,17,0.68,0,101
4713,2,1,4.1605105,0.72,18,0.72,0,101
4714,2,1,0.09523682,0.76,19,0.76,0,101
4715,1,0,0.0,0.76,19,0.76,0,101
4716,2,1,-78.16099,0.84,21,0.84,0,101
4717,0,-1,36.570282,0.8,20,0.8,0,101
4718,2,1,-139.00076,0.88,22,0.88,0,101
4719,1,0,0.0,0.88,22,0.88,0,101
4720,1,0,0.0,0.88,22,0.88,0,101
4721,1,0,0.0,0.88,22,0.88,0,101
4722,0,-1,-0.0,0.88,22,0.88,0,101
4723,0,-1,-25.258114,0.88,22,0.88,0,101
4724,0,-1,75.60193,0.84,21,0.84,0,101
4725,1,0,0.0,0.84,21,0.84,0,101
4726,0,-1,-0.0038058017,0.84,21,0.84,0,101
4727,2,1,-79.05551,0.88,22,0.88,0,101
4728,1,0,0.0,0.88,22,0.88,0,101
4729,2,1,-183.74223,0.92,23,0.92,0,101
4730,1,0,0.0,0.92,23,0.92,0,101
4731,1,0,0.0,0.92,23,0.92,0,101
4732,1,0,0.0,0.92,23,0.92,0,101
4733,0,-1,-27.623034,0.92,23,0.92,0,101
4734,2,1,-596.5803,0.96,24,0.96,0,101
4735,2,1,24.543367,1.0,25,1.0,1,101
4736,1,0,-1000.0,0.0,0,0.0,0,101
4737,0,-1,-0.0,0.16,4,0.16,0,102
4738,1,0,0.0,0.16,4,0.16,0,102
4739,2,1,28.346605,0.2,5,0.2,0,102
4740,2,1,28.22638,0.24,6,0.24,1,102
4741,2,1,26.657764,0.28,7,0.28,0,102
4742,2,1,17.940388,0.36,9,0.36,0,102
4743,2,1,18.651669,0.4,10,0.4,0,102
4744,2,1,16.382149,0.44,11,0.44,0,102
4745,0,-1,-16.382149,0.4,10,0.4,0,102
4746,0,-1,-21.964022,0.36,9,0.36,0,102
4747,2,1,17.073336,0.4,10,0.4,0,102
4748,0,-1,-18.651669,0.36,9,0.36,0,102
4749,2,1,19.435226,0.4,10,0.4,0,102
4750,0,-1,-19.435226,0.36,9,0.36,0,102
4751,2,1,25.371544,0.4,10,0.4,0,102
4752,1,0,0.0,0.4,10,0.4,0,102
4753,2,1,22.38565,0.44,11,0.44,0,102
4754,2,1,22.169725,0.48,12,0.48,0,102
4755,0,-1,-0.0,0.48,12,0.48,0,102
4756,2,1,17.750984,0.52,13,0.52,0,102
4757,1,0,0.0,0.52,13,0.52,0,102
4758,2,1,15.342838,0.56,14,0.56,0,102
4759,0,-1,-12.9809475,0.52,13,0.52,0,102
4760,0,-1,-17.750984,0.48,12,0.48,0,102
4761,2,1,19.295338,0.52,13,0.52,0,102
4762,1,0,0.0,0.52,13,0.52,0,102
4763,0,-1,-21.063309,0.48,12,0.48,0,102
4764,1,0,0.0,0.48,12,0.48,0,102
4765,1,0,0.0,0.48,12,0.48,0,102
4766,2,1,11.177075,0.56,14,0.56,1,102
4767,0,-1,-19.433561,0.56,14,0.56,0,102
4768,1,0,0.0,0.56,14,0.56,0,102
4769,1,0,0.0,0.56,14,0.56,0,102
4770,1,0,0.0,0.56,14,0.56,0,102
4771,1,0,0.0,0.56,14,0.56,0,102
4772,1,0,0.0,0.56,14,0.56,0,102
4773,1,0,0.0,0.56,14,0.56,0,102
4774,2,1,15.893346,0.6,15,0.6,0,102
4775,2,1,-25.735538,0.72,18,0.72,0,102
4776,0,-1,-26.976645,0.72,18,0.72,0,102
4777,1,0,0.0,0.72,18,0.72,0,102
4778,1,0,0.0,0.72,18,0.72,0,102
4779,1,0,0.0,0.72,18,0.72,0,102
4780,1,0,0.0,0.72,18,0.72,0,102
4781,0,-1,-3.0800333,0.68,17,0.68,0,102
4782,2,1,-232.81252,0.88,22,0.88,1,102
4783,1,0,0.0,0.88,22,0.88,0,102
4784,1,0,0.0,0.88,22,0.88,0,102
4785,1,0,0.0,0.88,22,0.88,0,102
4786,1,0,0.0,0.88,22,0.88,0,102
4787,1,0,0.0,0.88,22,0.88,0,102
4788,0,-1,-25.741934,0.88,22,0.88,0,102
4789,1,0,0.0,0.88,22,0.88,0,102
4790,1,0,0.0,0.88,22,0.88,0,102
4791,0,-1,-0.0,0.88,22,0.88,0,102
4792,0,-1,-22.0226,0.88,22,0.88,0,102
4793,1,0,0.0,0.88,22,0.88,0,102
4794,2,1,-182.91634,0.92,23,0.92,0,102
4795,1,0,0.0,0.92,23,0.92,0,102
4796,1,0,0.0,0.92,23,0.92,0,102
4797,1,0,0.0,0.92,23,0.92,0,102
4798,1,0,0.0,0.92,23,0.92,0,102
4799,2,1,27.39131,1.0,25,1.0,0,102
4800,0,-1,-1000.0,0.0,0,0.0,0,102
4801,2,1,28.364332,0.2,5,0.2,0,103
4802,1,0,0.0,0.2,5,0.2,0,103
4803,2,1,-4.278687,0.24,6,0.24,0,103
4804,2,1,27.971514,0.28,7,0.28,0,103
4805,1,0,0.0,0.28,7,0.28,0,103
4806,2,1,-4.8479323,0.32,8,0.32,0,103
4807,1,0,0.0,0.32,8,0.32,0,103
4808,2,1,26.008978,0.36,9,0.36,0,103
4809,0,-1,5.2804456,0.32,8,0.32,0,103
4810,1,0,0.0,0.32,8,0.32,0,103
4811,1,0,0.0,0.32,8,0.32,0,103
4812,1,0,0.0,0.32,8,0.32,0,103
4813,1,0,0.0,0.32,8,0.32,0,103
4814,2,1,20.35271,0.4,10,0.4,0,103
4815,0,-1,5.829036,0.36,9,0.36,0,103
4816,2,1,17.442081,0.44,11,0.44,1,103
4817,2,1,3.2670417,0.56,14,0.56,0,103
4818,1,0,0.0,0.56,14,0.56,0,103
4819,1,0,0.0,0.56,14,0.56,0,103
4820,1,0,0.0,0.56,14,0.56,0,103
4821,2,1,14.95927,0.6,15,0.6,0,103
4822,2,1,-97.58203,0.8,20,0.8,0,103
4823,1,0,0.0,0.8,20,0.8,0,103
4824,1,0,0.0,0.8,20,0.8,0,103
4825,2,1,-347.84006,0.92,23,0.92,0,103
4826,2,1,24.235722,1.0,25,1.0,0,103
4827,2,1,-1000.0,0.0,0,0.0,0,103
4828,1,0,0.0,0.16,4,0.16,0,104
4829,1,0,0.0,0.16,4,0.16,0,104
4830,2,1,28.364332,0.2,5,0.2,0,104
4831,1,0,0.0,0.2,5,0.2,0,104
4832,2,1,19.247265,0.28,7,0.28,0,104
4833,2,1,16.79483,0.4,10,0.4,0,104
4834,1,0,0.0,0.4,10,0.4,0,104
4835,2,1,21.980478,0.44,11,0.44,0,104
4836,2,1,15.572613,0.52,13,0.52,0,104
4837,1,0,0.0,0.52,13,0.52,1,104
4838,2,1,13.960981,0.56,14,0.56,0,104
4839,1,0,0.0,0.56,14,0.56,0,104
4840,0,-1,-0.0,0.56,14,0.56,0,104
4841,2,1,3.7349534,0.64,16,0.64,1,104
4842,1,0,0.0,0.64,16,0.64,0,104
4843,2,1,10.005242,0.68,17,0.68,0,104
4844,1,0,0.0,0.68,17,0.68,0,104
4845,2,1,5.0127096,0.72,18,0.72,0,104
4846,2,1,-418.70056,0.92,23,0.92,0,104
4847,0,-1,180.0515,0.88,22,0.88,0,104
4848,2,1,28.846403,1.0,25,1.0,0,104
4849,2,1,-1000.0,0.0,0,0.0,0,104
4850,2,1,28.346605,0.2,5,0.2,0,105
4851,2,1,23.968313,0.28,7,0.28,0,105
4852,1,0,0.0,0.28,7,0.28,0,105
4853,0,-1,-0.0,0.28,7,0.28,0,105
4854,2,1,17.914507,0.36,9,0.36,0,105
4855,1,0,0.0,0.36,9,0.36,0,105
4856,2,1,9.33523,0.48,12,0.48,0,105
4857,0,-1,-21.105461,0.44,11,0.44,0,105
4858,1,0,0.0,0.44,11,0.44,0,105
4859,2,1,-7.3917294,0.48,12,0.48,0,105
4860,0,-1,7.3917294,0.44,11,0.44,0,105
4861,0,-1,-21.736273,0.4,10,0.4,0,105
4862,0,-1,-0.0,0.4,10,0.4,0,105
4863,2,1,21.736273,0.44,11,0.44,0,105
4864,1,0,0.0,0.44,11,0.44,0,105
4865,0,-1,-21.522146,0.4,10,0.4,0,105
4866,2,1,19.483187,0.44,11,0.44,0,105
4867,2,1,-7.391865,0.48,12,0.48,0,105
4868,2,1,13.046564,0.56,14,0.56,0,105
4869,2,1,17.86555,0.6,15,0.6,0,105
4870,2,1,-14.2864895,0.64,16,0.64,0,105
4871,0,-1,14.286496,0.6,15,0.6,0,105
4872,1,0,0.0,0.6,15,0.6,1,105
4873,2,1,-5.4175158,0.68,17,0.68,0,105
4874,0,-1,-0.0,0.68,17,0.68,0,105
4875,1,0,0.0,0.68,17,0.68,0,105
4876,1,0,0.0,0.68,17,0.68,0,105
4877,2,1,-7.7028937,0.72,18,0.72,0,105
4878,1,0,0.0,0.72,18,0.72,0,105
4879,0,-1,-0.0,0.72,18,0.72,0,105
4880,1,0,0.0,0.72,18,0.72,0,105
4881,1,0,0.0,0.72,18,0.72,0,105
4882,1,0,0.0,0.72,18,0.72,0,105
4883,2,1,-2.3467977,0.76,19,0.76,0,105
4884,2,1,-389.08426,0.92,23,0.92,0,105
4885,1,0,0.0,0.92,23,0.92,0,105
4886,1,0,0.0,0.92,23,0.92,0,105
4887,1,0,0.0,0.92,23,0.92,0,105
4888,0,-1,-0.06542981,0.92,23,0.92,0,105
4889,0,-1,182.6832,0.88,22,0.88,1,105
4890,0,-1,88.42887,0.84,21,0.84,0,105
4891,1,0,0.0,0.84,21,0.84,0,105
4892,1,0,0.0,0.84,21,0.84,0,105
4893,1,0,0.0,0.84,21,0.84,0,105
4894,2,1,-909.1623,0.96,24,0.96,0,105
4895,1,0,0.0,0.96,24,0.96,0,105
4896,1,0,0.0,0.96,24,0.96,0,105
4897,1,0,0.0,0.96,24,0.96,0,105
4898,1,0,0.0,0.96,24,0.96,0,105
4899,0,-1,-0.0,0.96,24,0.96,0,105
4900,0,-1,604.5103,0.92,23,0.92,0,105
4901,0,-1,-18.021057,0.92,23,0.92,0,105
4902,2,1,26.578014,1.0,25,1.0,0,105
4903,1,0,-1000.0,0.0,0,0.0,0,105
4904,2,1,28.364332,0.2,5,0.2,0,106
4905,2,1,28.208652,0.24,6,0.24,0,106
4906,1,0,0.0,0.24,6,0.24,0,106
4907,2,1,26.767761,0.28,7,0.28,0,106
4908,0,-1,-0.0,0.28,7,0.28,0,106
4909,2,1,21.33844,0.36,9,0.36,0,106
4910,0,-1,-0.0,0.36,9,0.36,0,106
4911,0,-1,-0.0,0.36,9,0.36,0,106
4912,2,1,15.692518,0.44,11,0.44,0,106
4913,0,-1,-21.522146,0.4,10,0.4,0,106
4914,2,1,14.3443775,0.48,12,0.48,0,106
4915,1,0,0.0,0.48,12,0.48,0,106
4916,2,1,11.373928,0.56,14,0.56,1,106
4917,1,0,0.0,0.56,14,0.56,0,106
4918,0,-1,-27.817152,0.56,14,0.56,0,106
4919,2,1,14.176415,0.6,15,0.6,0,106
4920,1,0,0.0,0.6,15,0.6,0,106
4921,1,0,0.0,0.6,15,0.6,0,106
4922,0,-1,-0.21036676,0.6,15,0.6,0,106
4923,2,1,-25.531075,0.72,18,0.72,0,106
4924,1,0,0.0,0.72,18,0.72,0,106
4925,1,0,0.0,0.72,18,0.72,0,106
4926,2,1,-2.4119673,0.76,19,0.76,0,106
4927,1,0,0.0,0.76,19,0.76,0,106
4928,2,1,-16.378183,0.8,20,0.8,0,106
4929,1,0,0.0,0.8,20,0.8,0,106
4930,1,0,0.0,0.8,20,0.8,0,106
4931,1,0,0.0,0.8,20,0.8,0,106
4932,0,-1,-23.75646,0.8,20,0.8,0,106
4933,1,0,0.0,0.8,20,0.8,0,106
4934,0,-1,-0.004099264,0.8,20,0.8,0,106
4935,2,1,-347.08032,0.92,23,0.92,0,106
4936,2,1,-604.0873,0.96,24,0.96,0,106
4937,1,0,0.0,0.96,24,0.96,0,106
4938,1,0,0.0,0.96,24,0.96,0,106
4939,1,0,0.0,0.96,24,0.96,0,106
4940,1,0,0.0,0.96,24,0.96,1,106
4941,2,1,25.35324,1.0,25,1.0,0,106
4942,0,-1,-1000.0,0.0,0,0.0,0,106
4943,2,1,-4.1406527,0.2,5,0.2,0,107
4944,2,1,-4.2792473,0.24,6,0.24,0,107
4945,2,1,27.98924,0.28,7,0.28,0,107
4946,2,1,-4.847965,0.32,8,0.32,0,107
4947,1,0,0.0,0.32,8,0.32,0,107
4948,2,1,-5.280317,0.36,9,0.36,0,107
4949,0,-1,-0.0,0.36,9,0.36,0,107
4950,1,0,0.0,0.36,9,0.36,0,107
4951,2,1,-5.829622,0.4,10,0.4,0,107
4952,1,0,0.0,0.4,10,0.4,0,107
4953,2,1,-16.076996,0.6,15,0.6,1,107
4954,2,1,0.7154372,0.68,17,0.68,0,107
4955,1,0,0.0,0.68,17,0.68,0,107
4956,2,1,-21.330355,0.76,19,0.76,0,107
4957,1,0,0.0,0.76,19,0.76,0,107
4958,1,0,0.0,0.76,19,0.76,0,107
4959,1,0,0.0,0.76,19,0.76,0,107
4960,0,-1,-0.20821261,0.76,19,0.76,0,107
4961,2,1,-12.352059,0.8,20,0.8,0,107
4962,1,0,0.0,0.8,20,0.8,0,107
4963,2,1,-35.072468,0.84,21,0.84,0,107
4964,1,0,0.0,0.84,21,0.84,1,107
4965,1,0,0.0,0.84,21,0.84,0,107
4966,2,1,-909.0984,0.96,24,0.96,0,107
4967,2,1,28.529776,1.0,25,1.0,1,107
4968,1,0,-1000.0,0.0,0,0.0,0,107
4969,2,1,28.346605,0.2,5,0.2,0,108
4970,2,1,23.968313,0.28,7,0.28,0,108
4971,2,1,17.914507,0.36,9,0.36,0,108
4972,1,0,0.0,0.36,9,0.36,0,108
4973,2,1,25.459835,0.4,10,0.4,0,108
4974,0,-1,-0.0,0.4,10,0.4,0,108
4975,2,1,23.129503,0.44,11,0.44,0,108
4976,2,1,13.904048,0.52,13,0.52,0,108
4977,0,-1,-0.0,0.52,13,0.52,0,108
4978,1,0,0.0,0.52,13,0.52,1,108
4979,2,1,6.0754504,0.6,15,0.6,0,108
4980,1,0,0.0,0.6,15,0.6,0,108
4981,2,1,-6.652438,0.68,17,0.68,0,108
4982,0,-1,-10.291477,0.64,16,0.64,0,108
4983,2,1,-146.10078,0.84,21,0.84,0,108
4984,2,1,-290.184,0.92,23,0.92,0,108
4985,1,0,0.0,0.92,23,0.92,0,108
4986,1,0,0.0,0.92,23,0.92,0,108
4987,2,1,-601.5061,0.96,24,0.96,0,108
4988,1,0,0.0,0.96,24,0.96,0,108
4989,1,0,0.0,0.96,24,0.96,0,108
4990,2,1,-1000.0,0.0,0,0.0,0,108
4991,0,-1,-0.0,0.16,4,0.16,0,109
4992,1,0,0.0,0.16,4,0.16,0,109
4993,2,1,28.364332,0.2,5,0.2,0,109
4994,2,1,-4.278687,0.24,6,0.24,0,109
4995,2,1,27.971514,0.28,7,0.28,0,109
4996,2,1,23.409119,0.32,8,0.32,0,109
4997,1,0,0.0,0.32,8,0.32,0,109
4998,2,1,26.003696,0.36,9,0.36,0,109
4999,2,1,25.459835,0.4,10,0.4,0,109
5000,1,0,0.0,0.4,10,0.4,0,109
5001,0,-1,-22.427462,0.36,9,0.36,0,109
5002,2,1,23.820692,0.4,10,0.4,0,109
5003,1,0,0.0,0.4,10,0.4,0,109
5004,0,-1,-0.0,0.4,10,0.4,0,109
5005,1,0,0.0,0.4,10,0.4,0,109
5006,2,1,6.8275237,0.52,13,0.52,1,109
5007,1,0,0.0,0.52,13,0.52,0,109
5008,2,1,16.824179,0.56,14,0.56,0,109
5009,1,0,0.0,0.56,14,0.56,0,109
5010,2,1,1.9581261,0.64,16,0.64,0,109
5011,1,0,0.0,0.64,16,0.64,0,109
5012,1,0,0.0,0.64,16,0.64,0,109
5013,0,-1,-7.95974e-06,0.64,16,0.64,0,109
5014,2,1,10.783036,0.68,17,0.68,0,109
5015,1,0,0.0,0.68,17,0.68,0,109
5016,0,-1,-10.783036,0.64,16,0.64,0,109
5017,2,1,10.783036,0.68,17,0.68,0,109
5018,0,-1,-7.636507e-06,0.68,17,0.68,0,109
5019,2,1,6.950396,0.72,18,0.72,0,109
5020,2,1,-2.4114394,0.76,19,0.76,0,109
5021,1,0,0.0,0.76,19,0.76,0,109
5022,1,0,0.0,0.76,19,0.76,0,109
5023,1,0,0.0,0.76,19,0.76,0,109
5024,0,-1,2.4114394,0.72,18,0.72,0,109
5025,1,0,0.0,0.72,18,0.72,0,109
5026,1,0,0.0,0.72,18,0.72,0,109
5027,1,0,0.0,0.72,18,0.72,0,109
5028,2,1,-2.4114394,0.76,19,0.76,0,109
5029,1,0,0.0,0.76,19,0.76,0,109
5030,1,0,0.0,0.76,19,0.76,0,109
5031,1,0,0.0,0.76,19,0.76,0,109
5032,1,0,0.0,0.76,19,0.76,0,109
5033,2,1,-14.225022,0.8,20,0.8,0,109
5034,2,1,-37.225136,0.84,21,0.84,0,109
5035,0,-1,-0.0,0.84,21,0.84,1,109
5036,1,0,0.0,0.84,21,0.84,0,109
5037,0,-1,-8.395235,0.84,21,0.84,0,109
5038,2,1,-287.57687,0.92,23,0.92,0,109
5039,1,0,0.0,0.92,23,0.92,0,109
5040,1,0,0.0,0.92,23,0.92,0,109
5041,1,0,0.0,0.92,23,0.92,0,109
5042,1,0,0.0,0.92,23,0.92,0,109
5043,1,0,0.0,0.92,23,0.92,0,109
5044,2,1,27.47406,1.0,25,1.0,1,109
5045,1,0,-1000.0,0.0,0,0.0,0,109
5046,0,-1,-0.0,0.16,4,0.16,0,110
5047,2,1,28.346605,0.2,5,0.2,0,110
5048,2,1,-4.278605,0.24,6,0.24,0,110
5049,0,-1,4.278605,0.2,5,0.2,0,110
5050,0,-1,-0.0,0.2,5,0.2,1,110
5051,0,-1,-28.241503,0.16,4,0.16,0,110
5052,0,-1,-0.0,0.16,4,0.16,0,110
5053,2,1,23.604147,0.2,5,0.2,0,110
5054,2,1,28.104471,0.24,6,0.24,0,110
5055,2,1,27.971563,0.28,7,0.28,0,110
5056,2,1,21.518433,0.32,8,0.32,0,110
5057,0,-1,-21.518433,0.28,7,0.28,0,110
5058,1,0,0.0,0.28,7,0.28,0,110
5059,0,-1,-27.867332,0.24,6,0.24,0,110
5060,1,0,0.0,0.24,6,0.24,0,110
5061,0,-1,-0.0,0.24,6,0.24,0,110
5062,2,1,27.867332,0.28,7,0.28,0,110
5063,1,0,0.0,0.28,7,0.28,0,110
5064,0,-1,-23.229055,0.24,6,0.24,0,110
5065,2,1,26.719011,0.28,7,0.28,1,110
5066,1,0,0.0,0.28,7,0.28,0,110
5067,2,1,13.72407,0.4,10,0.4,0,110
5068,1,0,0.0,0.4,10,0.4,0,110
5069,1,0,0.0,0.4,10,0.4,0,110
5070,2,1,17.635012,0.48,12,0.48,0,110
5071,2,1,18.557163,0.52,13,0.52,0,110
5072,1,0,0.0,0.52,13,0.52,0,110
5073,1,0,0.0,0.52,13,0.52,0,110
5074,1,0,0.0,0.52,13,0.52,0,110
5075,0,-1,-0.0062858355,0.52,13,0.52,0,110
5076,1,0,0.0,0.52,13,0.52,0,110
5077,2,1,16.298286,0.56,14,0.56,0,110
5078,1,0,0.0,0.56,14,0.56,0,110
5079,1,0,0.0,0.56,14,0.56,0,110
5080,0,-1,-16.298286,0.52,13,0.52,0,110
5081,2,1,6.7807612,0.6,15,0.6,0,110
5082,1,0,0.0,0.6,15,0.6,0,110
5083,0,-1,-0.15504597,0.6,15,0.6,0,110
5084,1,0,0.0,0.6,15,0.6,0,110
5085,2,1,-5.734005,0.68,17,0.68,0,110
5086,1,0,0.0,0.68,17,0.68,0,110
5087,1,0,0.0,0.68,17,0.68,0,110
5088,0,-1,-5.759757,0.64,16,0.64,0,110
5089,0,-1,-0.00010457257,0.64,16,0.64,0,110
5090,0,-1,-9.033652e-05,0.64,16,0.64,0,110
5091,1,0,0.0,0.64,16,0.64,0,110
5092,1,0,0.0,0.64,16,0.64,1,110
5093,0,-1,-11.912313,0.6,15,0.6,0,110
5094,2,1,-1.8664628,0.68,17,0.68,0,110
5095,0,-1,-24.959644,0.68,17,0.68,0,110
5096,1,0,0.0,0.68,17,0.68,0,110
5097,1,0,0.0,0.68,17,0.68,0,110
5098,1,0,0.0,0.68,17,0.68,0,110
5099,1,0,0.0,0.68,17,0.68,0,110
5100,1,0,0.0,0.68,17,0.68,0,110
5101,0,-1,-0.00010372178,0.68,17,0.68,0,110
5102,1,0,0.0,0.68,17,0.68,0,110
5103,2,1,-26.47923,0.76,19,0.76,0,110
5104,2,1,-76.13461,0.84,21,0.84,0,110
5105,1,0,0.0,0.84,21,0.84,0,110
5106,1,0,0.0,0.84,21,0.84,0,110
5107,1,0,0.0,0.84,21,0.84,0,110
5108,0,-1,-24.902067,0.84,21,0.84,0,110
5109,2,1,-286.49948,0.92,23,0.92,0,110
5110,1,0,0.0,0.92,23,0.92,1,110
5111,1,0,0.0,0.92,23,0.92,0,110
5112,1,0,0.0,0.92,23,0.92,1,110
5113,0,-1,-0.0,0.92,23,0.92,0,110
5114,1,0,0.0,0.92,23,0.92,0,110
5115,2,1,26.836426,1.0,25,1.0,0,110
5116,0,-1,-1000.0,0.0,0,0.0,0,110
5117,2,1,28.364332,0.2,5,0.2,0,111
5118,1,0,0.0,0.2,5,0.2,0,111
5119,1,0,0.0,0.2,5,0.2,0,111
5120,1,0,0.0,0.2,5,0.2,0,111
5121,1,0,0.0,0.2,5,0.2,0,111
5122,0,-1,-0.0,0.2,5,0.2,0,111
5123,2,1,23.955872,0.28,7,0.28,0,111
5124,2,1,26.436209,0.32,8,0.32,0,111
5125,1,0,0.0,0.32,8,0.32,0,111
5126,2,1,16.93285,0.4,10,0.4,0,111
5127,2,1,23.131649,0.44,11,0.44,0,111
5128,1,0,0.0,0.44,11,0.44,0,111
5129,1,0,0.0,0.44,11,0.44,0,111
5130,1,0,0.0,0.44,11,0.44,0,111
5131,0,-1,-0.13550168,0.44,11,0.44,0,111
5132,0,-1,-0.0,0.44,11,0.44,0,111
5133,2,1,-7.3913045,0.48,12,0.48,0,111
5134,1,0,0.0,0.48,12,0.48,0,111
5135,2,1,10.65724,0.56,14,0.56,0,111
5136,1,0,0.0,0.56,14,0.56,0,111
5137,2,1,0.5356077,0.64,16,0.64,0,111
5138,2,1,-17.735903,0.68,17,0.68,0,111
5139,0,-1,17.735903,0.64,16,0.64,0,111
5140,2,1,-10.707228,0.72,18,0.72,0,111
5141,2,1,-2.326125,0.76,19,0.76,0,111
5142,1,0,0.0,0.76,19,0.76,0,111
5143,1,0,0.0,0.76,19,0.76,1,111
5144,2,1,-76.76758,0.84,21,0.84,0,111
5145,1,0,0.0,0.84,21,0.84,0,111
5146,1,0,0.0,0.84,21,0.84,0,111
5147,1,0,0.0,0.84,21,0.84,0,111
5148,1,0,0.0,0.84,21,0.84,0,111
5149,1,0,0.0,0.84,21,0.84,0,111
5150,1,0,0.0,0.84,21,0.84,0,111
5151,2,1,-285.58612,0.92,23,0.92,0,111
5152,2,1,-1000.0,0.0,0,0.0,0,111
5153,2,1,28.346605,0.2,5,0.2,0,112
5154,1,0,0.0,0.2,5,0.2,0,112
5155,2,1,23.968313,0.28,7,0.28,0,112
5156,0,-1,-0.0,0.28,7,0.28,0,112
5157,2,1,13.119488,0.4,10,0.4,0,112
5158,0,-1,-0.2743589,0.4,10,0.4,0,112
5159,0,-1,-0.0,0.4,10,0.4,0,112
5160,1,0,0.0,0.4,10,0.4,0,112
5161,1,0,0.0,0.4,10,0.4,0,112
5162,1,0,0.0,0.4,10,0.4,0,112
5163,0,-1,-0.0,0.4,10,0.4,0,112
5164,2,1,24.768646,0.44,11,0.44,0,112
5165,2,1,-7.3912225,0.48,12,0.48,0,112
5166,2,1,10.570977,0.56,14,0.56,0,112
5167,0,-1,-18.579277,0.52,13,0.52,0,112
5168,1,0,0.0,0.52,13,0.52,0,112
5169,0,-1,-0.0040504737,0.52,13,0.52,0,112
5170,2,1,7.9956107,0.6,15,0.6,0,112
5171,2,1,15.365936,0.64,16,0.64,0,112
5172,0,-1,-13.7564335,0.6,15,0.6,0,112
5173,1,0,0.0,0.6,15,0.6,0,112
5174,0,-1,11.7862425,0.56,14,0.56,0,112
5175,1,0,0.0,0.56,14,0.56,0,112
5176,1,0,0.0,0.56,14,0.56,0,112
5177,2,1,15.983896,0.6,15,0.6,0,112
5178,2,1,-55.630417,0.76,19,0.76,0,112
5179,1,0,0.0,0.76,19,0.76,0,112
5180,0,-1,-0.004012119,0.76,19,0.76,0,112
5181,2,1,-76.93162,0.84,21,0.84,0,112
5182,2,1,-77.124344,0.88,22,0.88,1,112
5183,1,0,0.0,0.88,22,0.88,0,112
5184,0,-1,-22.396759,0.88,22,0.88,0,112
5185,1,0,0.0,0.88,22,0.88,0,112
5186,1,0,0.0,0.88,22,0.88,0,112
5187,2,1,-182.82341,0.92,23,0.92,0,112
5188,1,0,0.0,0.92,23,0.92,0,112
5189,2,1,25.89563,1.0,25,1.0,0,112
5190,1,0,-1000.0,0.0,0,0.0,0,112
5191,2,1,28.346605,0.2,5,0.2,0,113
5192,2,1,-4.278605,0.24,6,0.24,0,113
5193,2,1,23.39962,0.32,8,0.32,0,113
5194,1,0,0.0,0.32,8,0.32,0,113
5195,0,-1,-26.436209,0.28,7,0.28,0,113
5196,0,-1,-0.0,0.28,7,0.28,0,113
5197,2,1,26.436209,0.32,8,0.32,1,113
5198,2,1,12.345116,0.36,9,0.36,0,113
5199,0,-1,-12.345116,0.32,8,0.32,0,113
5200,1,0,0.0,0.32,8,0.32,0,113
5201,2,1,22.647081,0.36,9,0.36,0,113
5202,1,0,0.0,0.36,9,0.36,0,113
5203,1,0,0.0,0.36,9,0.36,0,113
5204,2,1,18.900702,0.44,11,0.44,0,113
5205,2,1,22.214603,0.48,12,0.48,0,113
5206,1,0,0.0,0.48,12,0.48,0,113
5207,1,0,0.0,0.48,12,0.48,0,113
5208,2,1,20.974771,0.52,13,0.52,0,113
5209,1,0,0.0,0.52,13,0.52,1,113
5210,2,1,17.789074,0.56,14,0.56,1,113
5211,0,-1,-0.0,0.56,14,0.56,0,113
5212,2,1,2.2894745,0.64,16,0.64,0,113
5213,1,0,0.0,0.64,16,0.64,0,113
5214,1,0,0.0,0.64,16,0.64,0,113
5215,1,0,0.0,0.64,16,0.64,0,113
5216,2,1,-10.920247,0.72,18,0.72,0,113
5217,2,1,-105.95394,0.84,21,0.84,0,113
5218,1,0,0.0,0.84,21,0.84,0,113
5219,1,0,0.0,0.84,21,0.84,1,113
5220,0,-1,34.424534,0.8,20,0.8,0,113
5221,0,-1,-27.48611,0.8,20,0.8,1,113
5222,1,0,0.0,0.8,20,0.8,0,113
5223,1,0,0.0,0.8,20,0.8,0,113
5224,2,1,-971.92126,0.96,24,0.96,0,113
5225,0,-1,-0.058285233,0.96,24,0.96,0,113
5226,0,-1,-0.011182187,0.96,24,0.96,0,113
5227,1,0,0.0,0.96,24,0.96,0,113
5228,1,0,0.0,0.96,24,0.96,0,113
5229,1,0,0.0,0.96,24,0.96,0,113
5230,2,1,-1000.0,0.0,0,0.0,0,113
5231,0,-1,-0.0,0.16,4,0.16,0,114
5232,2,1,28.364332,0.2,5,0.2,0,114
5233,2,1,23.955872,0.28,7,0.28,0,114
5234,1,0,0.0,0.28,7,0.28,0,114
5235,2,1,17.914507,0.36,9,0.36,0,114
5236,2,1,15.906646,0.44,11,0.44,0,114
5237,2,1,-7.3917303,0.48,12,0.48,0,114
5238,2,1,-8.498146,0.52,13,0.52,0,114
5239,1,0,0.0,0.52,13,0.52,0,114
5240,1,0,0.0,0.52,13,0.52,0,114
5241,2,1,9.75389,0.6,15,0.6,0,114
5242,1,0,0.0,0.6,15,0.6,0,114
5243,2,1,-14.2864895,0.64,16,0.64,0,114
5244,1,0,0.0,0.64,16,0.64,0,114
5245,1,0,0.0,0.64,16,0.64,0,114
5246,1,0,0.0,0.64,16,0.64,0,114
5247,1,0,0.0,0.64,16,0.64,0,114
5248,1,0,0.0,0.64,16,0.64,0,114
5249,1,0,0.0,0.64,16,0.64,0,114
5250,0,-1,-0.13550168,0.64,16,0.64,0,114
5251,1,0,0.0,0.64,16,0.64,0,114
5252,1,0,0.0,0.64,16,0.64,0,114
5253,0,-1,-0.18968947,0.64,16,0.64,1,114
5254,0,-1,-24.979027,0.64,16,0.64,0,114
5255,1,0,0.0,0.64,16,0.64,0,114
5256,1,0,0.0,0.64,16,0.64,0,114
5257,0,-1,-13.724497,0.6,15,0.6,0,114
5258,2,1,15.3420105,0.64,16,0.64,0,114
5259,1,0,0.0,0.64,16,0.64,1,114
5260,1,0,0.0,0.64,16,0.64,0,114
5261,1,0,0.0,0.64,16,0.64,0,114
5262,1,0,0.0,0.64,16,0.64,0,114
5263,1,0,0.0,0.64,16,0.64,0,114
5264,2,1,-56.096153,0.76,19,0.76,1,114
5265,1,0,0.0,0.76,19,0.76,0,114
5266,1,0,0.0,0.76,19,0.76,0,114
5267,1,0,0.0,0.76,19,0.76,0,114
5268,1,0,0.0,0.76,19,0.76,0,114
5269,0,-1,-0.51743346,0.72,18,0.72,0,114
5270,0,-1,-11.475098,0.72,18,0.72,0,114
5271,1,0,0.0,0.72,18,0.72,0,114
5272,1,0,0.0,0.72,18,0.72,0,114
5273,1,0,0.0,0.72,18,0.72,0,114
5274,2,1,-59.866833,0.8,20,0.8,0,114
5275,0,-1,-0.0,0.8,20,0.8,0,114
5276,0,-1,12.396189,0.76,19,0.76,0,114
5277,0,-1,-1.1114682,0.72,18,0.72,0,114
5278,0,-1,-26.641815,0.72,18,0.72,0,114
5279,2,1,-49.54852,0.8,20,0.8,0,114
5280,1,0,0.0,0.8,20,0.8,0,114
5281,2,1,-158.3594,0.88,22,0.88,0,114
5282,1,0,0.0,0.88,22,0.88,0,114
5283,0,-1,-0.0032457872,0.88,22,0.88,0,114
5284,2,1,-802.43414,0.96,24,0.96,0,114
5285,1,0,0.0,0.96,24,0.96,1,114
5286,0,-1,617.04694,0.92,23,0.92,1,114
5287,1,0,0.0,0.92,23,0.92,0,114
5288,0,-1,-0.0,0.92,23,0.92,1,114
5289,0,-1,-20.035114,0.92,23,0.92,0,114
5290,0,-1,-5.618346e-07,0.92,23,0.92,0,114
5291,0,-1,-2.8343618,0.92,23,0.92,0,114
5292,2,1,-595.7015,0.96,24,0.96,0,114
5293,1,0,0.0,0.96,24,0.96,0,114
5294,1,0,0.0,0.96,24,0.96,0,114
5295,1,0,0.0,0.96,24,0.96,0,114
5296,0,-1,-7.9225515e-12,0.96,24,0.96,0,114
5297,1,0,0.0,0.96,24,0.96,0,114
5298,1,0,0.0,0.96,24,0.96,0,114
5299,1,0,0.0,0.96,24,0.96,0,114
5300,0,-1,601.8891,0.92,23,0.92,0,114
5301,1,0,0.0,0.92,23,0.92,0,114
5302,1,0,0.0,0.92,23,0.92,0,114
5303,1,0,0.0,0.92,23,0.92,0,114
5304,1,0,0.0,0.92,23,0.92,0,114
5305,2,1,28.621622,1.0,25,1.0,0,114
5306,1,0,-1000.0,0.0,0,0.0,0,114
5307,2,1,28.346605,0.2,5,0.2,0,115
5308,2,1,28.22638,0.24,6,0.24,0,115
5309,2,1,-4.515744,0.28,7,0.28,0,115
5310,0,-1,-27.971514,0.24,6,0.24,0,115
5311,1,0,0.0,0.24,6,0.24,0,115
5312,1,0,0.0,0.24,6,0.24,0,115
5313,2,1,23.526543,0.28,7,0.28,0,115
5314,2,1,16.480597,0.36,9,0.36,0,115
5315,1,0,0.0,0.36,9,0.36,0,115
5316,2,1,26.658304,0.4,10,0.4,0,115
5317,2,1,24.763365,0.44,11,0.44,0,115
5318,0,-1,-0.0,0.44,11,0.44,0,115
5319,1,0,0.0,0.44,11,0.44,0,115
5320,2,1,9.373638,0.52,13,0.52,0,115
5321,1,0,0.0,0.52,13,0.52,0,115
5322,0,-1,-22.785866,0.48,12,0.48,0,115
5323,0,-1,-17.87195,0.44,11,0.44,0,115
5324,1,0,0.0,0.44,11,0.44,0,115
5325,2,1,-25.812185,0.56,14,0.56,1,115
5326,2,1,19.477139,0.6,15,0.6,0,115
5327,0,-1,-0.0,0.6,15,0.6,0,115
5328,2,1,-14.286522,0.64,16,0.64,0,115
5329,2,1,-39.04237,0.76,19,0.76,0,115
5330,2,1,-75.01162,0.84,21,0.84,0,115
5331,1,0,0.0,0.84,21,0.84,0,115
5332,1,0,0.0,0.84,21,0.84,0,115
5333,1,0,0.0,0.84,21,0.84,0,115
5334,1,0,0.0,0.84,21,0.84,0,115
5335,1,0,0.0,0.84,21,0.84,0,115
5336,1,0,0.0,0.84,21,0.84,0,115
5337,1,0,0.0,0.84,21,0.84,0,115
5338,0,-1,36.24592,0.8,20,0.8,0,115
5339,1,0,0.0,0.8,20,0.8,0,115
5340,1,0,0.0,0.8,20,0.8,0,115
5341,1,0,0.0,0.8,20,0.8,0,115
5342,1,0,0.0,0.8,20,0.8,0,115
5343,1,0,0.0,0.8,20,0.8,0,115
5344,0,-1,-15.09615,0.8,20,0.8,0,115
5345,1,0,0.0,0.8,20,0.8,0,115
5346,0,-1,21.247337,0.76,19,0.76,0,115
5347,2,1,-15.428933,0.8,20,0.8,0,115
5348,2,1,-35.07246,0.84,21,0.84,0,115
5349,2,1,29.262423,1.0,25,1.0,0,115
5350,0,-1,-1000.0,0.0,0,0.0,0,115
5351,1,0,0.0,0.16,4,0.16,0,116
5352,2,1,28.364332,0.2,5,0.2,0,116
5353,1,0,0.0,0.2,5,0.2,0,116
5354,2,1,23.955872,0.28,7,0.28,0,116
5355,0,-1,-0.0,0.28,7,0.28,0,116
5356,1,0,0.0,0.28,7,0.28,0,116
5357,1,0,0.0,0.28,7,0.28,0,116
5358,0,-1,-0.15642108,0.28,7,0.28,0,116
5359,2,1,-4.847297,0.32,8,0.32,0,116
5360,2,1,17.146978,0.4,10,0.4,0,116
5361,2,1,24.763365,0.44,11,0.44,0,116
5362,0,-1,-21.736273,0.4,10,0.4,0,116
5363,2,1,-6.520649,0.44,11,0.44,0,116
5364,0,-1,-0.0,0.44,11,0.44,0,116
5365,2,1,22.260569,0.48,12,0.48,0,116
5366,1,0,0.0,0.48,12,0.48,1,116
5367,2,1,10.657842,0.56,14,0.56,0,116
5368,1,0,0.0,0.56,14,0.56,0,116
5369,1,0,0.0,0.56,14,0.56,0,116
5370,2,1,14.836593,0.6,15,0.6,0,116
5371,2,1,-14.28649,0.64,16,0.64,1,116
5372,1,0,0.0,0.64,16,0.64,0,116
5373,0,-1,-0.0,0.64,16,0.64,0,116
5374,0,-1,-0.0,0.64,16,0.64,0,116
5375,1,0,0.0,0.64,16,0.64,0,116
5376,0,-1,-14.129309,0.6,15,0.6,0,116
5377,1,0,0.0,0.6,15,0.6,0,116
5378,0,-1,-14.641976,0.56,14,0.56,0,116
5379,1,0,0.0,0.56,14,0.56,0,116
5380,2,1,14.026425,0.6,15,0.6,0,116
5381,0,-1,1.2084059,0.56,14,0.56,0,116
5382,1,0,0.0,0.56,14,0.56,0,116
5383,2,1,-14.772825,0.68,17,0.68,0,116
5384,1,0,0.0,0.68,17,0.68,0,116
5385,2,1,-27.544535,0.76,19,0.76,0,116
5386,2,1,-74.75226,0.84,21,0.84,1,116
5387,1,0,0.0,0.84,21,0.84,0,116
5388,2,1,-292.43643,0.92,23,0.92,0,116
5389,1,0,0.0,0.92,23,0.92,0,116
5390,1,0,0.0,0.92,23,0.92,0,116
5391,0,-1,-12.857809,0.92,23,0.92,0,116
5392,1,0,0.0,0.92,23,0.92,0,116
5393,0,-1,179.23561,0.88,22,0.88,0,116
5394,0,-1,-18.25977,0.88,22,0.88,0,116
5395,2,1,-183.7908,0.92,23,0.92,0,116
5396,1,0,0.0,0.92,23,0.92,0,116
5397,1,0,0.0,0.92,23,0.92,0,116
5398,1,0,0.0,0.92,23,0.92,0,116
5399,1,0,0.0,0.92,23,0.92,0,116
5400,1,0,0.0,0.92,23,0.92,0,116
5401,0,-1,192.54778,0.88,22,0.88,0,116
5402,0,-1,-0.0037619022,0.88,22,0.88,0,116
5403,1,0,0.0,0.88,22,0.88,0,116
5404,1,0,0.0,0.88,22,0.88,0,116
5405,1,0,0.0,0.88,22,0.88,0,116
5406,1,0,0.0,0.88,22,0.88,0,116
5407,1,0,0.0,0.88,22,0.88,0,116
5408,0,-1,75.85625,0.84,21,0.84,0,116
5409,1,0,0.0,0.84,21,0.84,0,116
5410,1,0,0.0,0.84,21,0.84,0,116
5411,0,-1,37.239902,0.8,20,0.8,0,116
5412,0,-1,17.165846,0.76,19,0.76,0,116
5413,0,-1,9.476805,0.72,18,0.72,0,116
5414,0,-1,10.794199,0.68,17,0.68,0,116
5415,1,0,0.0,0.68,17,0.68,0,116
5416,1,0,0.0,0.68,17,0.68,1,116
5417,1,0,0.0,0.68,17,0.68,0,116
5418,1,0,0.0,0.68,17,0.68,0,116
5419,1,0,0.0,0.68,17,0.68,0,116
5420,0,-1,-0.0,0.68,17,0.68,0,116
5421,1,0,0.0,0.68,17,0.68,0,116
5422,1,0,0.0,0.68,17,0.68,0,116
5423,0,-1,-0.0,0.68,17,0.68,0,116
5424,1,0,0.0,0.68,17,0.68,0,116
5425,0,-1,-8.074392,0.64,16,0.64,0,116
5426,0,-1,-26.902561,0.64,16,0.64,0,116
5427,2,1,6.37725,0.68,17,0.68,0,116
5428,1,0,0.0,0.68,17,0.68,0,116
5429,1,0,0.0,0.68,17,0.68,0,116
5430,1,0,0.0,0.68,17,0.68,0,116
5431,1,0,0.0,0.68,17,0.68,0,116
5432,1,0,0.0,0.68,17,0.68,0,116
5433,1,0,0.0,0.68,17,0.68,0,116
5434,2,1,5.025131,0.72,18,0.72,0,116
5435,0,-1,-4.2809076,0.68,17,0.68,0,116
5436,2,1,-23.186438,0.76,19,0.76,0,116
5437,2,1,-13.345828,0.8,20,0.8,0,116
5438,1,0,0.0,0.8,20,0.8,0,116
5439,2,1,-35.3206,0.84,21,0.84,0,116
5440,1,0,0.0,0.84,21,0.84,0,116
5441,1,0,0.0,0.84,21,0.84,0,116
5442,0,-1,43.737583,0.8,20,0.8,0,116
5443,1,0,0.0,0.8,20,0.8,0,116
5444,0,-1,-0.0,0.8,20,0.8,0,116
5445,2,1,-347.19138,0.92,23,0.92,1,116
5446,0,-1,182.89645,0.88,22,0.88,0,116
5447,1,0,0.0,0.88,22,0.88,0,116
5448,2,1,-182.89645,0.92,23,0.92,0,116
5449,1,0,0.0,0.92,23,0.92,0,116
5450,0,-1,-19.102161,0.92,23,0.92,0,116
5451,2,1,28.189098,1.0,25,1.0,0,116
5452,1,0,-1000.0,0.0,0,0.0,0,116
5453,1,0,0.0,0.16,4,0.16,0,117
5454,1,0,0.0,0.16,4,0.16,0,117
5455,2,1,28.364332,0.2,5,0.2,0,117
5456,2,1,23.955872,0.28,7,0.28,0,117
5457,2,1,21.334368,0.36,9,0.36,0,117
5458,1,0,0.0,0.36,9,0.36,0,117
5459,1,0,0.0,0.36,9,0.36,0,117
5460,1,0,0.0,0.36,9,0.36,0,117
5461,0,-1,-0.13550168,0.36,9,0.36,1,117
5462,0,-1,-0.0,0.36,9,0.36,1,117
5463,2,1,15.983056,0.44,11,0.44,0,117
5464,1,0,0.0,0.44,11,0.44,0,117
5465,2,1,10.778883,0.52,13,0.52,0,117
5466,0,-1,-22.783237,0.52,13,0.52,0,117
5467,2,1,8.328986,0.6,15,0.6,0,117
5468,2,1,-97.53416,0.8,20,0.8,0,117
5469,1,0,0.0,0.8,20,0.8,0,117
5470,0,-1,-0.0034103917,0.8,20,0.8,0,117
5471,2,1,-138.95862,0.88,22,0.88,0,117
5472,1,0,0.0,0.88,22,0.88,0,117
5473,2,1,28.736998,1.0,25,1.0,0,117
5474,2,1,-1000.0,0.0,0,0.0,0,117
5475,1,0,0.0,0.16,4,0.16,0,118
5476,0,-1,-0.0,0.16,4,0.16,0,118
5477,0,-1,-0.0,0.16,4,0.16,0,118
5478,1,0,0.0,0.16,4,0.16,0,118
5479,2,1,28.364332,0.2,5,0.2,0,118
5480,2,1,23.955872,0.28,7,0.28,0,118
5481,0,-1,-0.15642108,0.28,7,0.28,0,118
5482,2,1,-4.847297,0.32,8,0.32,0,118
5483,2,1,22.762478,0.36,9,0.36,0,118
5484,0,-1,-0.0,0.36,9,0.36,0,118
5485,2,1,19.11238,0.44,11,0.44,0,118
5486,1,0,0.0,0.44,11,0.44,0,118
5487,2,1,22.258423,0.48,12,0.48,0,118
5488,1,0,0.0,0.48,12,0.48,0,118
5489,0,-1,-0.0,0.48,12,0.48,0,118
5490,2,1,10.351883,0.56,14,0.56,1,118
5491,1,0,0.0,0.56,14,0.56,0,118
5492,1,0,0.0,0.56,14,0.56,0,118
5493,2,1,15.97407,0.6,15,0.6,0,118
5494,1,0,0.0,0.6,15,0.6,0,118
5495,2,1,-97.518616,0.8,20,0.8,0,118
5496,1,0,0.0,0.8,20,0.8,0,118
5497,2,1,-37.44511,0.84,21,0.84,0,118
5498,1,0,0.0,0.84,21,0.84,0,118
5499,1,0,0.0,0.84,21,0.84,0,118
5500,1,0,0.0,0.84,21,0.84,0,118
5501,2,1,-93.53636,0.88,22,0.88,0,118
5502,2,1,-185.27428,0.92,23,0.92,0,118
5503,1,0,0.0,0.92,23,0.92,0,118
5504,1,0,0.0,0.92,23,0.92,0,118
5505,1,0,0.0,0.92,23,0.92,0,118
5506,0,-1,197.69032,0.88,22,0.88,0,118
5507,0,-1,-2.6554403e-10,0.88,22,0.88,0,118
5508,1,0,0.0,0.88,22,0.88,0,118
5509,1,0,0.0,0.88,22,0.88,0,118
5510,0,-1,-0.0,0.88,22,0.88,0,118
5511,1,0,0.0,0.88,22,0.88,0,118
5512,2,1,-806.9527,0.96,24,0.96,0,118
5513,1,0,0.0,0.96,24,0.96,0,118
5514,1,0,0.0,0.96,24,0.96,1,118
5515,0,-1,-23.097868,0.96,24,0.96,0,118
5516,0,-1,-10.878174,0.96,24,0.96,0,118
5517,1,0,0.0,0.96,24,0.96,0,118
5518,0,-1,-0.0045609763,0.96,24,0.96,0,118
5519,1,0,0.0,0.96,24,0.96,0,118
5520,1,0,0.0,0.96,24,0.96,0,118
5521,1,0,0.0,0.96,24,0.96,0,118
5522,1,0,0.0,0.96,24,0.96,0,118
5523,1,0,0.0,0.96,24,0.96,0,118
5524,0,-1,597.92126,0.92,23,0.92,0,118
5525,1,0,0.0,0.92,23,0.92,1,118
5526,1,0,0.0,0.92,23,0.92,0,118
5527,2,1,27.922668,1.0,25,1.0,0,118
5528,0,-1,-1000.0,0.0,0,0.0,0,118
5529,1,0,0.0,0.16,4,0.16,0,119
5530,2,1,28.346605,0.2,5,0.2,0,119
5531,1,0,0.0,0.2,5,0.2,0,119
5532,2,1,19.461393,0.28,7,0.28,0,119
5533,1,0,0.0,0.28,7,0.28,0,119
5534,0,-1,-23.740671,0.24,6,0.24,0,119
5535,1,0,0.0,0.24,6,0.24,0,119
5536,0,-1,4.278687,0.2,5,0.2,0,119
5537,1,0,0.0,0.2,5,0.2,0,119
5538,1,0,0.0,0.2,5,0.2,0,119
5539,2,1,28.22638,0.24,6,0.24,0,119
5540,1,0,0.0,0.24,6,0.24,1,119
5541,1,0,0.0,0.24,6,0.24,0,119
5542,1,0,0.0,0.24,6,0.24,0,119
5543,1,0,0.0,0.24,6,0.24,0,119
5544,2,1,26.684753,0.28,7,0.28,0,119
5545,0,-1,-27.696991,0.28,7,0.28,0,119
5546,2,1,18.054993,0.32,8,0.32,0,119
5547,0,-1,-18.054993,0.28,7,0.28,0,119
5548,0,-1,-0.15645675,0.28,7,0.28,0,119
5549,1,0,0.0,0.28,7,0.28,0,119
5550,2,1,21.796144,0.32,8,0.32,0,119
5551,1,0,0.0,0.32,8,0.32,0,119
5552,2,1,25.89323,0.36,9,0.36,0,119
5553,2,1,9.3714285,0.48,12,0.48,0,119
5554,0,-1,-20.94091,0.44,11,0.44,0,119
5555,1,0,0.0,0.44,11,0.44,0,119
5556,1,0,0.0,0.44,11,0.44,0,119
5557,0,-1,-21.976816,0.4,10,0.4,0,119
5558,2,1,22.38565,0.44,11,0.44,0,119
5559,2,1,3.3853815,0.56,14,0.56,1,119
5560,1,0,0.0,0.56,14,0.56,0,119
5561,1,0,0.0,0.56,14,0.56,0,119
5562,1,0,0.0,0.56,14,0.56,0,119
5563,2,1,17.76169,0.6,15,0.6,0,119
5564,2,1,14.585439,0.64,16,0.64,0,119
5565,1,0,0.0,0.64,16,0.64,0,119
5566,2,1,-12.130055,0.72,18,0.72,0,119
5567,1,0,0.0,0.72,18,0.72,0,119
5568,2,1,-4.4004025,0.76,19,0.76,0,119
5569,1,0,0.0,0.76,19,0.76,0,119
5570,1,0,0.0,0.76,19,0.76,0,119
5571,2,1,-18.320065,0.8,20,0.8,1,119
5572,2,1,-37.045948,0.84,21,0.84,0,119
5573,1,0,0.0,0.84,21,0.84,0,119
5574,1,0,0.0,0.84,21,0.84,0,119
5575,2,1,-78.75011,0.88,22,0.88,0,119
5576,1,0,0.0,0.88,22,0.88,0,119
5577,1,0,0.0,0.88,22,0.88,0,119
5578,2,1,-186.33734,0.92,23,0.92,0,119
5579,1,0,0.0,0.92,23,0.92,0,119
5580,2,1,-1000.0,0.0,0,0.0,0,119
5581,1,0,0.0,0.16,4,0.16,0,120
5582,1,0,0.0,0.16,4,0.16,0,120
5583,2,1,-4.1407347,0.2,5,0.2,0,120
5584,1,0,0.0,0.2,5,0.2,0,120
5585,2,1,28.22638,0.24,6,0.24,0,120
5586,2,1,23.38718,0.32,8,0.32,0,120
5587,1,0,0.0,0.32,8,0.32,0,120
5588,1,0,0.0,0.32,8,0.32,0,120
5589,1,0,0.0,0.32,8,0.32,0,120
5590,1,0,0.0,0.32,8,0.32,0,120
5591,1,0,0.0,0.32,8,0.32,0,120
5592,1,0,0.0,0.32,8,0.32,0,120
5593,2,1,22.976604,0.36,9,0.36,0,120
5594,1,0,0.0,0.36,9,0.36,0,120
5595,1,0,0.0,0.36,9,0.36,0,120
5596,2,1,18.938814,0.44,11,0.44,1,120
5597,0,-1,-19.406946,0.4,10,0.4,1,120
5598,0,-1,-25.773136,0.36,9,0.36,0,120
5599,2,1,22.544254,0.4,10,0.4,0,120
5600,1,0,0.0,0.4,10,0.4,0,120
5601,1,0,0.0,0.4,10,0.4,0,120
5602,1,0,0.0,0.4,10,0.4,0,120
5603,0,-1,-0.0,0.4,10,0.4,1,120
5604,0,-1,-0.0,0.4,10,0.4,0,120
5605,2,1,20.020067,0.44,11,0.44,0,120
5606,1,0,0.0,0.44,11,0.44,0,120
5607,1,0,0.0,0.44,11,0.44,0,120
5608,0,-1,-27.309404,0.44,11,0.44,0,120
5609,2,1,20.377756,0.48,12,0.48,0,120
5610,1,0,0.0,0.48,12,0.48,0,120
5611,2,1,22.709246,0.52,13,0.52,0,120
5612,0,-1,-23.7921,0.52,13,0.52,0,120
5613,1,0,0.0,0.52,13,0.52,0,120
5614,2,1,15.239747,0.56,14,0.56,0,120
5615,1,0,0.0,0.56,14,0.56,0,120
5616,2,1,11.988001,0.6,15,0.6,0,120
5617,1,0,0.0,0.6,15,0.6,0,120
5618,1,0,0.0,0.6,15,0.6,0,120
5619,1,0,0.0,0.6,15,0.6,0,120
5620,1,0,0.0,0.6,15,0.6,0,120
5621,1,0,0.0,0.6,15,0.6,0,120
5622,1,0,0.0,0.6,15,0.6,0,120
5623,1,0,0.0,0.6,15,0.6,0,120
5624,1,0,0.0,0.6,15,0.6,0,120
5625,1,0,0.0,0.6,15,0.6,0,120
5626,0,-1,-0.004044707,0.6,15,0.6,1,120
5627,1,0,0.0,0.6,15,0.6,0,120
5628,1,0,0.0,0.6,15,0.6,1,120
5629,0,-1,-23.831776,0.6,15,0.6,0,120
5630,0,-1,-15.244915,0.56,14,0.56,0,120
5631,1,0,0.0,0.56,14,0.56,0,120
5632,1,0,0.0,0.56,14,0.56,0,120
5633,1,0,0.0,0.56,14,0.56,0,120
5634,1,0,0.0,0.56,14,0.56,0,120
5635,1,0,0.0,0.56,14,0.56,0,120
5636,1,0,0.0,0.56,14,0.56,0,120
5637,1,0,0.0,0.56,14,0.56,0,120
5638,1,0,0.0,0.56,14,0.56,0,120
5639,1,0,0.0,0.56,14,0.56,0,120
5640,1,0,0.0,0.56,14,0.56,0,120
5641,0,-1,-1.990151e-05,0.56,14,0.56,0,120
5642,1,0,0.0,0.56,14,0.56,0,120
5643,1,0,0.0,0.56,14,0.56,0,120
5644,1,0,0.0,0.56,14,0.56,0,120
5645,1,0,0.0,0.56,14,0.56,0,120
5646,1,0,0.0,0.56,14,0.56,0,120
5647,0,-1,-1.6149057e-05,0.56,14,0.56,0,120
5648,0,-1,-27.384655,0.56,14,0.56,0,120
5649,0,-1,-0.002990755,0.56,14,0.56,0,120
5650,1,0,0.0,0.56,14,0.56,0,120
5651,0,-1,-0.0029922964,0.56,14,0.56,0,120
5652,0,-1,-18.315897,0.52,13,0.52,0,120
5653,1,0,0.0,0.52,13,0.52,0,120
5654,2,1,16.494873,0.56,14,0.56,0,120
5655,0,-1,-16.494873,0.52,13,0.52,0,120
5656,2,1,12.216529,0.56,14,0.56,1,120
5657,1,0,0.0,0.56,14,0.56,0,120
5658,1,0,0.0,0.56,14,0.56,0,120
5659,1,0,0.0,0.56,14,0.56,0,120
5660,2,1,9.5055895,0.6,15,0.6,0,120
5661,1,0,0.0,0.6,15,0.6,0,120
5662,1,0,0.0,0.6,15,0.6,0,120
5663,1,0,0.0,0.6,15,0.6,0,120
5664,1,0,0.0,0.6,15,0.6,0,120
5665,1,0,0.0,0.6,15,0.6,0,120
5666,1,0,0.0,0.6,15,0.6,0,120
5667,1,0,0.0,0.6,15,0.6,0,120
5668,1,0,0.0,0.6,15,0.6,0,120
5669,0,-1,-16.712626,0.56,14,0.56,0,120
5670,0,-1,-18.531124,0.52,13,0.52,0,120
5671,2,1,20.90213,0.56,14,0.56,0,120
5672,2,1,17.68178,0.6,15,0.6,0,120
5673,1,0,0.0,0.6,15,0.6,0,120
5674,1,0,0.0,0.6,15,0.6,0,120
5675,1,0,0.0,0.6,15,0.6,0,120
5676,1,0,0.0,0.6,15,0.6,0,120
5677,0,-1,-19.037231,0.56,14,0.56,1,120
5678,0,-1,-17.828655,0.52,13,0.52,0,120
5679,2,1,17.316845,0.56,14,0.56,0,120
5680,2,1,4.8664875,0.64,16,0.64,0,120
5681,2,1,-10.890772,0.72,18,0.72,0,120
5682,2,1,-105.368095,0.84,21,0.84,0,120
5683,0,-1,41.539665,0.8,20,0.8,0,120
5684,0,-1,-0.0,0.8,20,0.8,0,120
5685,1,0,0.0,0.8,20,0.8,0,120
5686,2,1,-41.542103,0.84,21,0.84,0,120
5687,1,0,0.0,0.84,21,0.84,0,120
5688,1,0,0.0,0.84,21,0.84,0,120
5689,2,1,-285.51358,0.92,23,0.92,0,120
5690,0,-1,-0.0043656044,0.92,23,0.92,0,120
5691,1,0,0.0,0.92,23,0.92,0,120
5692,1,0,0.0,0.92,23,0.92,0,120
5693,1,0,0.0,0.92,23,0.92,0,120
5694,2,1,-1000.0,0.0,0,0.0,0,120
5695,1,0,0.0,0.16,4,0.16,0,121
5696,1,0,0.0,0.16,4,0.16,0,121
5697,1,0,0.0,0.16,4,0.16,0,121
5698,1,0,0.0,0.16,4,0.16,0,121
5699,2,1,28.346605,0.2,5,0.2,0,121
5700,0,-1,-0.0,0.2,5,0.2,0,121
5701,2,1,-4.278605,0.24,6,0.24,0,121
5702,1,0,0.0,0.24,6,0.24,0,121
5703,2,1,23.39962,0.32,8,0.32,0,121
5704,2,1,20.356783,0.4,10,0.4,0,121
5705,1,0,0.0,0.4,10,0.4,0,121
5706,2,1,14.3443775,0.48,12,0.48,0,121
5707,1,0,0.0,0.48,12,0.48,0,121
5708,1,0,0.0,0.48,12,0.48,0,121
5709,1,0,0.0,0.48,12,0.48,0,121
5710,2,1,10.570977,0.56,14,0.56,0,121
5711,2,1,2.6954784,0.64,16,0.64,1,121
5712,1,0,0.0,0.64,16,0.64,0,121
5713,1,0,0.0,0.64,16,0.64,0,121
5714,1,0,0.0,0.64,16,0.64,0,121
5715,1,0,0.0,0.64,16,0.64,0,121
5716,1,0,0.0,0.64,16,0.64,0,121
5717,1,0,0.0,0.64,16,0.64,0,121
5718,1,0,0.0,0.64,16,0.64,1,121
5719,2,1,-13.503869,0.72,18,0.72,0,121
5720,2,1,-47.130325,0.8,20,0.8,0,121
5721,1,0,0.0,0.8,20,0.8,0,121
5722,2,1,-137.66994,0.88,22,0.88,0,121
5723,1,0,0.0,0.88,22,0.88,0,121
5724,2,1,-810.9413,0.96,24,0.96,1,121
5725,1,0,0.0,0.96,24,0.96,0,121
5726,1,0,0.0,0.96,24,0.96,0,121
5727,1,0,0.0,0.96,24,0.96,0,121
5728,1,0,0.0,0.96,24,0.96,0,121
5729,1,0,0.0,0.96,24,0.96,0,121
5730,1,0,0.0,0.96,24,0.96,0,121
5731,1,0,0.0,0.96,24,0.96,0,121
5732,0,-1,-0.0,0.96,24,0.96,0,121
5733,1,0,0.0,0.96,24,0.96,0,121
5734,1,0,0.0,0.96,24,0.96,0,121
5735,0,-1,598.53406,0.92,23,0.92,0,121
5736,0,-1,187.77809,0.88,22,0.88,0,121
5737,1,0,0.0,0.88,22,0.88,0,121
5738,1,0,0.0,0.88,22,0.88,0,121
5739,1,0,0.0,0.88,22,0.88,0,121
5740,1,0,0.0,0.88,22,0.88,0,121
5741,1,0,0.0,0.88,22,0.88,0,121
5742,1,0,0.0,0.88,22,0.88,0,121
5743,1,0,0.0,0.88,22,0.88,0,121
5744,1,0,0.0,0.88,22,0.88,0,121
5745,1,0,0.0,0.88,22,0.88,0,121
5746,2,1,-181.22621,0.92,23,0.92,0,121
5747,1,0,0.0,0.92,23,0.92,1,121
5748,2,1,-1000.0,0.0,0,0.0,0,121
5749,2,1,28.346605,0.2,5,0.2,0,122
5750,1,0,0.0,0.2,5,0.2,0,122
5751,1,0,0.0,0.2,5,0.2,0,122
5752,1,0,0.0,0.2,5,0.2,0,122
5753,2,1,-4.278687,0.24,6,0.24,0,122
5754,1,0,0.0,0.24,6,0.24,0,122
5755,2,1,-4.515744,0.28,7,0.28,0,122
5756,1,0,0.0,0.28,7,0.28,0,122
5757,2,1,22.377203,0.36,9,0.36,0,122
5758,1,0,0.0,0.36,9,0.36,0,122
5759,2,1,-5.8295894,0.4,10,0.4,0,122
5760,2,1,-13.91254,0.48,12,0.48,0,122
5761,0,-1,-0.0,0.48,12,0.48,0,122
5762,0,-1,-0.15642108,0.48,12,0.48,0,122
5763,2,1,-18.420292,0.56,14,0.56,0,122
5764,1,0,0.0,0.56,14,0.56,0,122
5765,1,0,0.0,0.56,14,0.56,0,122
5766,2,1,1.9695174,0.64,16,0.64,0,122
5767,0,-1,-0.0,0.64,16,0.64,0,122
5768,2,1,13.54824,0.68,17,0.68,0,122
5769,2,1,-22.675825,0.72,18,0.72,0,122
5770,2,1,-30.097902,0.76,19,0.76,0,122
5771,0,-1,-0.0038925202,0.76,19,0.76,0,122
5772,2,1,-73.323296,0.84,21,0.84,0,122
5773,0,-1,-0.0,0.84,21,0.84,0,122
5774,0,-1,62.804176,0.8,20,0.8,0,122
5775,0,-1,-0.0,0.8,20,0.8,0,122
5776,1,0,0.0,0.8,20,0.8,0,122
5777,2,1,-62.80418,0.84,21,0.84,1,122
5778,1,0,0.0,0.84,21,0.84,0,122
5779,0,-1,-104.45701,0.88,22,0.88,0,122
5780,0,-1,-0.0,0.88,22,0.88,0,122
5781,1,0,0.0,0.88,22,0.88,1,122
5782,2,1,-179.06654,0.92,23,0.92,0,122
5783,1,0,0.0,0.92,23,0.92,0,122
5784,2,1,-1000.0,0.0,0,0.0,0,122
5785,0,-1,-0.0,0.16,4,0.16,1,123
5786,1,0,0.0,0.16,4,0.16,0,123
5787,2,1,21.946438,0.2,5,0.2,0,123
5788,2,1,27.992828,0.24,6,0.24,0,123
5789,0,-1,-27.992828,0.2,5,0.2,0,123
5790,2,1,28.124796,0.24,6,0.24,0,123
5791,2,1,20.188334,0.28,7,0.28,0,123
5792,0,-1,-20.188334,0.24,6,0.24,0,123
5793,2,1,27.75569,0.28,7,0.28,0,123
5794,1,0,0.0,0.28,7,0.28,0,123
5795,2,1,19.010244,0.32,8,0.32,0,123
5796,2,1,17.583038,0.4,10,0.4,0,123
5797,1,0,0.0,0.4,10,0.4,1,123
5798,0,-1,-27.964514,0.4,10,0.4,0,123
5799,1,0,0.0,0.4,10,0.4,0,123
5800,1,0,0.0,0.4,10,0.4,0,123
5801,1,0,0.0,0.4,10,0.4,0,123
5802,0,-1,-26.726694,0.36,9,0.36,0,123
5803,0,-1,-0.0037245997,0.36,9,0.36,0,123
5804,2,1,20.231361,0.44,11,0.44,0,123
5805,0,-1,-0.0029013199,0.44,11,0.44,0,123
5806,1,0,0.0,0.44,11,0.44,0,123
5807,1,0,0.0,0.44,11,0.44,0,123
5808,1,0,0.0,0.44,11,0.44,0,123
5809,2,1,17.925138,0.48,12,0.48,0,123
5810,0,-1,-17.925138,0.44,11,0.44,0,123
5811,1,0,0.0,0.44,11,0.44,0,123
5812,1,0,0.0,0.44,11,0.44,0,123
5813,1,0,0.0,0.44,11,0.44,0,123
5814,0,-1,-0.0,0.44,11,0.44,0,123
5815,1,0,0.0,0.44,11,0.44,0,123
5816,1,0,0.0,0.44,11,0.44,0,123
5817,0,-1,-0.0034634422,0.44,11,0.44,0,123
5818,2,1,15.006805,0.52,13,0.52,0,123
5819,2,1,7.010705,0.6,15,0.6,0,123
5820,2,1,-6.6839533,0.68,17,0.68,0,123
5821,1,0,0.0,0.68,17,0.68,0,123
5822,1,0,0.0,0.68,17,0.68,1,123
5823,1,0,0.0,0.68,17,0.68,0,123
5824,1,0,0.0,0.68,17,0.68,0,123
5825,1,0,0.0,0.68,17,0.68,0,123
5826,1,0,0.0,0.68,17,0.68,0,123
5827,2,1,-64.52461,0.8,20,0.8,0,123
5828,2,1,-970.73834,0.96,24,0.96,0,123
5829,1,0,0.0,0.96,24,0.96,0,123
5830,1,0,0.0,0.96,24,0.96,0,123
5831,2,1,-1000.0,0.0,0,0.0,0,123
5832,1,0,0.0,0.16,4,0.16,0,124
5833,0,-1,-0.0,0.16,4,0.16,0,124
5834,2,1,28.346605,0.2,5,0.2,0,124
5835,0,-1,-0.0,0.2,5,0.2,0,124
5836,0,-1,-28.346605,0.16,4,0.16,1,124
5837,1,0,0.0,0.16,4,0.16,0,124
5838,1,0,0.0,0.16,4,0.16,0,124
5839,2,1,25.03742,0.2,5,0.2,0,124
5840,1,0,0.0,0.2,5,0.2,0,124
5841,0,-1,-0.0,0.2,5,0.2,0,124
5842,1,0,0.0,0.2,5,0.2,0,124
5843,1,0,0.0,0.2,5,0.2,0,124
5844,2,1,27.992828,0.24,6,0.24,0,124
5845,2,1,22.379406,0.28,7,0.28,0,124
5846,1,0,0.0,0.28,7,0.28,0,124
5847,2,1,16.457691,0.4,10,0.4,0,124
5848,2,1,17.3374,0.44,11,0.44,0,124
5849,2,1,23.487438,0.48,12,0.48,0,124
5850,1,0,0.0,0.48,12,0.48,0,124
5851,2,1,12.744039,0.56,14,0.56,0,124
5852,2,1,3.4574451,0.64,16,0.64,0,124
5853,0,-1,-0.0,0.64,16,0.64,0,124
5854,1,0,0.0,0.64,16,0.64,0,124
5855,0,-1,-9.571688,0.6,15,0.6,0,124
5856,0,-1,-16.007912,0.56,14,0.56,0,124
5857,1,0,0.0,0.56,14,0.56,0,124
5858,0,-1,-16.973808,0.52,13,0.52,0,124
5859,1,0,0.0,0.52,13,0.52,0,124
5860,1,0,0.0,0.52,13,0.52,0,124
5861,2,1,17.677105,0.56,14,0.56,0,124
5862,2,1,-37.18878,0.72,18,0.72,0,124
5863,1,0,0.0,0.72,18,0.72,0,124
5864,2,1,-0.20174256,0.76,19,0.76,0,124
5865,1,0,0.0,0.76,19,0.76,1,124
5866,2,1,-13.315797,0.8,20,0.8,0,124
5867,1,0,0.0,0.8,20,0.8,0,124
5868,1,0,0.0,0.8,20,0.8,0,124
5869,1,0,0.0,0.8,20,0.8,0,124
5870,2,1,-37.18791,0.84,21,0.84,0,124
5871,2,1,-77.66765,0.88,22,0.88,0,124
5872,1,0,0.0,0.88,22,0.88,1,124
5873,1,0,0.0,0.88,22,0.88,1,124
5874,1,0,0.0,0.88,22,0.88,0,124
5875,1,0,0.0,0.88,22,0.88,1,124
5876,2,1,-183.75859,0.92,23,0.92,0,124
5877,1,0,0.0,0.92,23,0.92,0,124
5878,1,0,0.0,0.92,23,0.92,0,124
5879,1,0,0.0,0.92,23,0.92,0,124
5880,1,0,0.0,0.92,23,0.92,0,124
5881,1,0,0.0,0.92,23,0.92,0,124
5882,1,0,0.0,0.92,23,0.92,0,124
5883,2,1,29.427042,1.0,25,1.0,0,124
5884,2,1,-1000.0,0.0,0,0.0,0,124
5885,2,1,28.364332,0.2,5,0.2,0,125
5886,2,1,19.247265,0.28,7,0.28,0,125
5887,2,1,-4.8479395,0.32,8,0.32,0,125
5888,1,0,0.0,0.32,8,0.32,0,125
5889,0,-1,-23.19499,0.28,7,0.28,0,125
5890,1,0,0.0,0.28,7,0.28,0,125
5891,1,0,0.0,0.28,7,0.28,0,125
5892,2,1,16.793488,0.4,10,0.4,0,125
5893,0,-1,-25.459835,0.36,9,0.36,0,125
5894,2,1,22.213333,0.4,10,0.4,0,125
5895,1,0,0.0,0.4,10,0.4,0,125
5896,1,0,0.0,0.4,10,0.4,0,125
5897,1,0,0.0,0.4,10,0.4,0,125
5898,1,0,0.0,0.4,10,0.4,0,125
5899,1,0,0.0,0.4,10,0.4,0,125
5900,1,0,0.0,0.4,10,0.4,0,125
5901,1,0,0.0,0.4,10,0.4,0,125
5902,1,0,0.0,0.4,10,0.4,0,125
5903,0,-1,5.829036,0.36,9,0.36,0,125
5904,1,0,0.0,0.36,9,0.36,0,125
5905,2,1,15.906646,0.44,11,0.44,0,125
5906,1,0,0.0,0.44,11,0.44,0,125
5907,1,0,0.0,0.44,11,0.44,0,125
5908,2,1,23.897566,0.48,12,0.48,1,125
5909,0,-1,-15.8414135,0.48,12,0.48,0,125
5910,1,0,0.0,0.48,12,0.48,0,125
5911,1,0,0.0,0.48,12,0.48,0,125
5912,0,-1,-0.0,0.48,12,0.48,0,125
5913,1,0,0.0,0.48,12,0.48,0,125
5914,1,0,0.0,0.48,12,0.48,0,125
5915,2,1,8.31209,0.56,14,0.56,0,125
5916,1,0,0.0,0.56,14,0.56,0,125
5917,2,1,9.531359,0.6,15,0.6,0,125
5918,2,1,-0.7878304,0.68,17,0.68,0,125
5919,2,1,6.930678,0.72,18,0.72,0,125
5920,1,0,0.0,0.72,18,0.72,0,125
5921,0,-1,-2.4701379e-09,0.72,18,0.72,0,125
5922,1,0,0.0,0.72,18,0.72,0,125
5923,2,1,-46.746872,0.8,20,0.8,0,125
5924,2,1,-50.197567,0.84,21,0.84,0,125
5925,1,0,0.0,0.84,21,0.84,0,125
5926,1,0,0.0,0.84,21,0.84,0,125
5927,1,0,0.0,0.84,21,0.84,0,125
5928,1,0,0.0,0.84,21,0.84,0,125
5929,2,1,-74.79136,0.88,22,0.88,1,125
5930,0,-1,-25.399656,0.88,22,0.88,0,125
5931,2,1,-180.02252,0.92,23,0.92,0,125
5932,1,0,0.0,0.92,23,0.92,0,125
5933,1,0,0.0,0.92,23,0.92,0,125
5934,0,-1,-0.0,0.92,23,0.92,0,125
5935,1,0,0.0,0.92,23,0.92,0,125
5936,1,0,0.0,0.92,23,0.92,1,125
5937,1,0,0.0,0.92,23,0.92,0,125
5938,1,0,0.0,0.92,23,0.92,0,125
5939,1,0,0.0,0.92,23,0.92,0,125
5940,1,0,0.0,0.92,23,0.92,0,125
5941,1,0,0.0,0.92,23,0.92,0,125
5942,1,0,0.0,0.92,23,0.92,0,125
5943,1,0,0.0,0.92,23,0.92,0,125
5944,0,-1,-25.401825,0.92,23,0.92,0,125
5945,1,0,0.0,0.92,23,0.92,0,125
5946,2,1,28.520987,1.0,25,1.0,0,125
5947,1,0,-1000.0,0.0,0,0.0,0,125
5948,2,1,-4.1406527,0.2,5,0.2,0,126
5949,1,0,0.0,0.2,5,0.2,0,126
5950,1,0,0.0,0.2,5,0.2,0,126
5951,2,1,28.22638,0.24,6,0.24,0,126
5952,2,1,23.38718,0.32,8,0.32,0,126
5953,1,0,0.0,0.32,8,0.32,0,126
5954,1,0,0.0,0.32,8,0.32,0,126
5955,1,0,0.0,0.32,8,0.32,0,126
5956,1,0,0.0,0.32,8,0.32,0,126
5957,1,0,0.0,0.32,8,0.32,0,126
5958,2,1,20.35271,0.4,10,0.4,0,126
5959,2,1,15.078595,0.48,12,0.48,0,126
5960,1,0,0.0,0.48,12,0.48,0,126
5961,1,0,0.0,0.48,12,0.48,0,126
5962,1,0,0.0,0.48,12,0.48,0,126
5963,2,1,-1.1296759,0.6,15,0.6,0,126
5964,1,0,0.0,0.6,15,0.6,0,126
5965,2,1,-2.2299426,0.68,17,0.68,0,126
5966,1,0,0.0,0.68,17,0.68,0,126
5967,1,0,0.0,0.68,17,0.68,0,126
5968,1,0,0.0,0.68,17,0.68,0,126
5969,1,0,0.0,0.68,17,0.68,0,126
5970,2,1,4.0887294,0.72,18,0.72,0,126
5971,1,0,0.0,0.72,18,0.72,0,126
5972,1,0,0.0,0.72,18,0.72,0,126
5973,1,0,0.0,0.72,18,0.72,1,126
5974,1,0,0.0,0.72,18,0.72,0,126
5975,1,0,0.0,0.72,18,0.72,0,126
5976,1,0,0.0,0.72,18,0.72,0,126
5977,1,0,0.0,0.72,18,0.72,0,126
5978,1,0,0.0,0.72,18,0.72,0,126
5979,1,0,0.0,0.72,18,0.72,0,126
5980,2,1,-2.7775955,0.76,19,0.76,0,126
5981,1,0,0.0,0.76,19,0.76,0,126
5982,1,0,0.0,0.76,19,0.76,0,126
5983,2,1,-77.29292,0.84,21,0.84,0,126
5984,1,0,0.0,0.84,21,0.84,0,126
5985,1,0,0.0,0.84,21,0.84,0,126
5986,1,0,0.0,0.84,21,0.84,0,126
5987,1,0,0.0,0.84,21,0.84,0,126
5988,1,0,0.0,0.84,21,0.84,0,126
5989,0,-1,-15.478152,0.84,21,0.84,0,126
5990,1,0,0.0,0.84,21,0.84,0,126
5991,1,0,0.0,0.84,21,0.84,0,126
5992,0,-1,-13.444613,0.84,21,0.84,0,126
5993,2,1,-286.14377,0.92,23,0.92,0,126
5994,0,-1,-0.0073439954,0.92,23,0.92,0,126
5995,1,0,0.0,0.92,23,0.92,0,126
5996,1,0,0.0,0.92,23,0.92,0,126
5997,1,0,0.0,0.92,23,0.92,0,126
5998,1,0,0.0,0.92,23,0.92,0,126
5999,1,0,0.0,0.92,23,0.92,0,126
6000,1,0,0.0,0.92,23,0.92,1,126
6001,1,0,0.0,0.92,23,0.92,0,126
6002,0,-1,-24.44074,0.92,23,0.92,1,126
6003,0,-1,-10.431293,0.92,23,0.92,0,126
6004,1,0,0.0,0.92,23,0.92,0,126
6005,1,0,0.0,0.92,23,0.92,0,126
6006,1,0,0.0,0.92,23,0.92,1,126
6007,1,0,0.0,0.92,23,0.92,0,126
6008,1,0,0.0,0.92,23,0.92,0,126
6009,1,0,0.0,0.92,23,0.92,0,126
6010,2,1,-609.5435,0.96,24,0.96,0,126
6011,2,1,-1000.0,0.0,0,0.0,0,126
6012,0,-1,-0.0,0.16,4,0.16,0,127
6013,1,0,0.0,0.16,4,0.16,0,127
6014,1,0,0.0,0.16,4,0.16,0,127
6015,2,1,28.364332,0.2,5,0.2,0,127
6016,1,0,0.0,0.2,5,0.2,1,127
6017,1,0,0.0,0.2,5,0.2,0,127
6018,2,1,18.623686,0.24,6,0.24,0,127
6019,2,1,22.127783,0.28,7,0.28,1,127
6020,2,1,22.558285,0.36,9,0.36,0,127
6021,1,0,0.0,0.36,9,0.36,0,127
6022,2,1,17.161827,0.44,11,0.44,0,127
6023,1,0,0.0,0.44,11,0.44,0,127
6024,1,0,0.0,0.44,11,0.44,0,127
6025,1,0,0.0,0.44,11,0.44,0,127
6026,0,-1,-28.197844,0.44,11,0.44,0,127
6027,1,0,0.0,0.44,11,0.44,0,127
6028,1,0,0.0,0.44,11,0.44,0,127
6029,1,0,0.0,0.44,11,0.44,0,127
6030,1,0,0.0,0.44,11,0.44,0,127
6031,1,0,0.0,0.44,11,0.44,0,127
6032,1,0,0.0,0.44,11,0.44,0,127
6033,1,0,0.0,0.44,11,0.44,0,127
6034,0,-1,-0.00468903,0.44,11,0.44,0,127
6035,2,1,15.991323,0.48,12,0.48,0,127
6036,1,0,0.0,0.48,12,0.48,0,127
6037,1,0,0.0,0.48,12,0.48,1,127
6038,2,1,22.527763,0.52,13,0.52,0,127
6039,0,-1,-22.527763,0.48,12,0.48,0,127
6040,1,0,0.0,0.48,12,0.48,0,127
6041,1,0,0.0,0.48,12,0.48,0,127
6042,1,0,0.0,0.48,12,0.48,0,127
6043,0,-1,-27.75616,0.48,12,0.48,0,127
6044,2,1,12.9787245,0.56,14,0.56,0,127
6045,2,1,14.424539,0.6,15,0.6,1,127
6046,2,1,-2.0101945,0.68,17,0.68,0,127
6047,1,0,0.0,0.68,17,0.68,0,127
6048,1,0,0.0,0.68,17,0.68,0,127
6049,1,0,0.0,0.68,17,0.68,0,127
6050,1,0,0.0,0.68,17,0.68,0,127
6051,1,0,0.0,0.68,17,0.68,0,127
6052,1,0,0.0,0.68,17,0.68,0,127
6053,1,0,0.0,0.68,17,0.68,0,127
6054,1,0,0.0,0.68,17,0.68,0,127
6055,2,1,-24.434158,0.76,19,0.76,0,127
6056,1,0,0.0,0.76,19,0.76,0,127
6057,1,0,0.0,0.76,19,0.76,0,127
6058,1,0,0.0,0.76,19,0.76,0,127
6059,0,-1,5.543105,0.72,18,0.72,0,127
6060,0,-1,-0.0,0.72,18,0.72,0,127
6061,1,0,0.0,0.72,18,0.72,0,127
6062,1,0,0.0,0.72,18,0.72,1,127
6063,0,-1,-4.061664,0.68,17,0.68,0,127
6064,1,0,0.0,0.68,17,0.68,0,127
6065,1,0,0.0,0.68,17,0.68,0,127
6066,1,0,0.0,0.68,17,0.68,0,127
6067,2,1,-67.51202,0.8,20,0.8,0,127
6068,2,1,-38.575844,0.84,21,0.84,0,127
6069,2,1,-287.8934,0.92,23,0.92,0,127
6070,1,0,0.0,0.92,23,0.92,0,127
6071,1,0,0.0,0.92,23,0.92,0,127
6072,1,0,0.0,0.92,23,0.92,0,127
6073,1,0,0.0,0.92,23,0.92,0,127
6074,1,0,0.0,0.92,23,0.92,1,127
6075,1,0,0.0,0.92,23,0.92,0,127
6076,1,0,0.0,0.92,23,0.92,0,127
6077,2,1,26.814764,1.0,25,1.0,0,127
6078,1,0,-1000.0,0.0,0,0.0,0,127
6079,1,0,0.0,0.16,4,0.16,0,128
6080,1,0,0.0,0.16,4,0.16,0,128
6081,2,1,28.346605,0.2,5,0.2,0,128
6082,1,0,0.0,0.2,5,0.2,0,128
6083,2,1,23.968313,0.28,7,0.28,0,128
6084,2,1,26.441492,0.32,8,0.32,0,128
6085,1,0,0.0,0.32,8,0.32,0,128
6086,0,-1,-0.0,0.32,8,0.32,0,128
6087,0,-1,-26.436209,0.28,7,0.28,0,128
6088,0,-1,-0.0,0.28,7,0.28,0,128
6089,1,0,0.0,0.28,7,0.28,0,128
6090,1,0,0.0,0.28,7,0.28,0,128
6091,1,0,0.0,0.28,7,0.28,0,128
6092,2,1,26.436209,0.32,8,0.32,0,128
6093,1,0,0.0,0.32,8,0.32,0,128
6094,2,1,11.36038,0.44,11,0.44,0,128
6095,0,-1,-0.0,0.44,11,0.44,0,128
6096,2,1,-7.391865,0.48,12,0.48,0,128
6097,1,0,0.0,0.48,12,0.48,0,128
6098,0,-1,-21.109398,0.44,11,0.44,0,128
6099,1,0,0.0,0.44,11,0.44,0,128
6100,1,0,0.0,0.44,11,0.44,0,128
6101,1,0,0.0,0.44,11,0.44,0,128
6102,1,0,0.0,0.44,11,0.44,0,128
6103,2,1,-25.811462,0.56,14,0.56,1,128
6104,1,0,0.0,0.56,14,0.56,0,128
6105,1,0,0.0,0.56,14,0.56,0,128
6106,0,-1,-25.680338,0.56,14,0.56,0,128
6107,1,0,0.0,0.56,14,0.56,0,128
6108,1,0,0.0,0.56,14,0.56,0,128
6109,2,1,-3.523719,0.64,16,0.64,0,128
6110,1,0,0.0,0.64,16,0.64,0,128
6111,1,0,0.0,0.64,16,0.64,0,128
6112,1,0,0.0,0.64,16,0.64,0,128
6113,1,0,0.0,0.64,16,0.64,0,128
6114,0,-1,-16.9572,0.6,15,0.6,0,128
6115,1,0,0.0,0.6,15,0.6,0,128
6116,1,0,0.0,0.6,15,0.6,0,128
6117,1,0,0.0,0.6,15,0.6,0,128
6118,1,0,0.0,0.6,15,0.6,0,128
6119,1,0,0.0,0.6,15,0.6,0,128
6120,1,0,0.0,0.6,15,0.6,0,128
6121,0,-1,-9.684558e-06,0.6,15,0.6,0,128
6122,1,0,0.0,0.6,15,0.6,0,128
6123,1,0,0.0,0.6,15,0.6,1,128
6124,2,1,-0.5981667,0.68,17,0.68,0,128
6125,1,0,0.0,0.68,17,0.68,0,128
6126,1,0,0.0,0.68,17,0.68,0,128
6127,1,0,0.0,0.68,17,0.68,0,128
6128,2,1,-18.394663,0.72,18,0.72,0,128
6129,1,0,0.0,0.72,18,0.72,1,128
6130,0,-1,15.393947,0.68,17,0.68,0,128
6131,1,0,0.0,0.68,17,0.68,0,128
6132,1,0,0.0,0.68,17,0.68,0,128
6133,0,-1,-3.8487844,0.64,16,0.64,0,128
6134,1,0,0.0,0.64,16,0.64,0,128
6135,1,0,0.0,0.64,16,0.64,0,128
6136,0,-1,-8.092713,0.6,15,0.6,0,128
6137,1,0,0.0,0.6,15,0.6,0,128
6138,2,1,15.297667,0.64,16,0.64,0,128
6139,0,-1,-13.707806,0.6,15,0.6,0,128
6140,0,-1,-0.0,0.6,15,0.6,0,128
6141,1,0,0.0,0.6,15,0.6,0,128
6142,1,0,0.0,0.6,15,0.6,0,128
6143,0,-1,-0.0,0.6,15,0.6,0,128
6144,0,-1,-11.622652,0.56,14,0.56,0,128
6145,1,0,0.0,0.56,14,0.56,0,128
6146,1,0,0.0,0.56,14,0.56,0,128
6147,1,0,0.0,0.56,14,0.56,0,128
6148,0,-1,-1.2386204,0.52,13,0.52,0,128
6149,1,0,0.0,0.52,13,0.52,0,128
6150,2,1,-7.007813,0.64,16,0.64,0,128
6151,1,0,0.0,0.64,16,0.64,0,128
6152,1,0,0.0,0.64,16,0.64,0,128
6153,1,0,0.0,0.64,16,0.64,0,128
6154,1,0,0.0,0.64,16,0.64,0,128
6155,0,-1,-0.0031884238,0.64,16,0.64,0,128
6156,2,1,-41.300056,0.76,19,0.76,0,128
6157,1,0,0.0,0.76,19,0.76,0,128
6158,1,0,0.0,0.76,19,0.76,1,128
6159,1,0,0.0,0.76,19,0.76,0,128
6160,1,0,0.0,0.76,19,0.76,0,128
6161,1,0,0.0,0.76,19,0.76,0,128
6162,2,1,-14.285138,0.8,20,0.8,0,128
6163,1,0,0.0,0.8,20,0.8,0,128
6164,2,1,-140.56165,0.88,22,0.88,0,128
6165,1,0,0.0,0.88,22,0.88,0,128
6166,1,0,0.0,0.88,22,0.88,0,128
6167,1,0,0.0,0.88,22,0.88,0,128
6168,1,0,0.0,0.88,22,0.88,0,128
6169,1,0,0.0,0.88,22,0.88,0,128
6170,1,0,0.0,0.88,22,0.88,0,128
6171,1,0,0.0,0.88,22,0.88,0,128
6172,0,-1,75.85824,0.84,21,0.84,0,128
6173,0,-1,34.791245,0.8,20,0.8,0,128
6174,1,0,0.0,0.8,20,0.8,0,128
6175,1,0,0.0,0.8,20,0.8,0,128
6176,1,0,0.0,0.8,20,0.8,1,128
6177,1,0,0.0,0.8,20,0.8,0,128
6178,1,0,0.0,0.8,20,0.8,0,128
6179,1,0,0.0,0.8,20,0.8,0,128
6180,1,0,0.0,0.8,20,0.8,0,128
6181,1,0,0.0,0.8,20,0.8,0,128
6182,1,0,0.0,0.8,20,0.8,0,128
6183,1,0,0.0,0.8,20,0.8,0,128
6184,1,0,-1000.0,0.0,0,0.0,0,128
6185,1,0,0.0,0.16,4,0.16,0,129
6186,1,0,0.0,0.16,4,0.16,0,129
6187,2,1,28.364332,0.2,5,0.2,0,129
6188,1,0,0.0,0.2,5,0.2,0,129
6189,1,0,0.0,0.2,5,0.2,0,129
6190,1,0,0.0,0.2,5,0.2,0,129
6191,2,1,-4.278605,0.24,6,0.24,0,129
6192,1,0,0.0,0.24,6,0.24,0,129
6193,0,-1,4.278605,0.2,5,0.2,0,129
6194,2,1,19.247265,0.28,7,0.28,0,129
6195,0,-1,-23.526543,0.24,6,0.24,0,129
6196,2,1,23.38718,0.32,8,0.32,0,129
6197,0,-1,-0.0,0.32,8,0.32,0,129
6198,1,0,0.0,0.32,8,0.32,0,129
6199,2,1,26.003696,0.36,9,0.36,0,129
6200,1,0,0.0,0.36,9,0.36,0,129
6201,1,0,0.0,0.36,9,0.36,0,129
6202,1,0,0.0,0.36,9,0.36,0,129
6203,1,0,0.0,0.36,9,0.36,0,129
6204,2,1,23.820692,0.4,10,0.4,0,129
6205,0,-1,-0.19770592,0.4,10,0.4,0,129
6206,2,1,14.3443775,0.48,12,0.48,1,129
6207,1,0,0.0,0.48,12,0.48,0,129
6208,0,-1,-22.236643,0.44,11,0.44,0,129
6209,2,1,18.531332,0.48,12,0.48,0,129
6210,2,1,19.95883,0.52,13,0.52,0,129
6211,1,0,0.0,0.52,13,0.52,0,129
6212,1,0,0.0,0.52,13,0.52,0,129
6213,1,0,0.0,0.52,13,0.52,0,129
6214,0,-1,-17.424915,0.48,12,0.48,1,129
6215,2,1,10.5545435,0.56,14,0.56,0,129
6216,1,0,0.0,0.56,14,0.56,0,129
6217,1,0,0.0,0.56,14,0.56,0,129
6218,1,0,0.0,0.56,14,0.56,0,129
6219,0,-1,-0.00318745,0.56,14,0.56,0,129
6220,0,-1,-18.595423,0.52,13,0.52,1,129
6221,1,0,0.0,0.52,13,0.52,0,129
6222,2,1,4.7918944,0.6,15,0.6,0,129
6223,0,-1,-13.979407,0.56,14,0.56,1,129
6224,1,0,0.0,0.56,14,0.56,0,129
6225,1,0,0.0,0.56,14,0.56,0,129
6226,1,0,0.0,0.56,14,0.56,0,129
6227,0,-1,-15.943048,0.52,13,0.52,1,129
6228,1,0,0.0,0.52,13,0.52,0,129
6229,1,0,0.0,0.52,13,0.52,0,129
6230,1,0,0.0,0.52,13,0.52,0,129
6231,1,0,0.0,0.52,13,0.52,0,129
6232,1,0,0.0,0.52,13,0.52,0,129
6233,2,1,4.7671957,0.6,15,0.6,0,129
6234,0,-1,-27.872131,0.6,15,0.6,0,129
6235,1,0,0.0,0.6,15,0.6,0,129
6236,0,-1,-16.289291,0.56,14,0.56,0,129
6237,1,0,0.0,0.56,14,0.56,0,129
6238,1,0,0.0,0.56,14,0.56,0,129
6239,1,0,0.0,0.56,14,0.56,0,129
6240,2,1,17.751968,0.6,15,0.6,0,129
6241,2,1,16.322697,0.64,16,0.64,0,129
6242,1,0,0.0,0.64,16,0.64,1,129
6243,1,0,0.0,0.64,16,0.64,0,129
6244,1,0,0.0,0.64,16,0.64,0,129
6245,1,0,0.0,0.64,16,0.64,0,129
6246,1,0,0.0,0.64,16,0.64,0,129
6247,1,0,0.0,0.64,16,0.64,0,129
6248,1,0,0.0,0.64,16,0.64,0,129
6249,1,0,0.0,0.64,16,0.64,0,129
6250,1,0,0.0,0.64,16,0.64,0,129
6251,1,0,0.0,0.64,16,0.64,1,129
6252,1,0,-1000.0,0.0,0,0.0,0,129
6253,2,1,-4.1407347,0.2,5,0.2,0,130
6254,2,1,-4.27924,0.24,6,0.24,0,130
6255,1,0,0.0,0.24,6,0.24,0,130
6256,0,-1,4.27924,0.2,5,0.2,0,130
6257,0,-1,4.1407347,0.16,4,0.16,0,130
6258,2,1,-4.1406527,0.2,5,0.2,0,130
6259,1,0,0.0,0.2,5,0.2,0,130
6260,0,-1,-0.0,0.2,5,0.2,0,130
6261,0,-1,4.1406527,0.16,4,0.16,0,130
6262,2,1,-4.1406527,0.2,5,0.2,0,130
6263,1,0,0.0,0.2,5,0.2,0,130
6264,2,1,-4.278687,0.24,6,0.24,0,130
6265,1,0,0.0,0.24,6,0.24,0,130
6266,2,1,27.98924,0.28,7,0.28,0,130
6267,1,0,0.0,0.28,7,0.28,1,130
6268,1,0,0.0,0.28,7,0.28,0,130
6269,2,1,18.441353,0.32,8,0.32,0,130
6270,0,-1,-27.714952,0.28,7,0.28,0,130
6271,0,-1,-16.605026,0.24,6,0.24,0,130
6272,0,-1,-0.0,0.24,6,0.24,0,130
6273,2,1,27.867443,0.28,7,0.28,0,130
6274,1,0,0.0,0.28,7,0.28,0,130
6275,1,0,0.0,0.28,7,0.28,0,130
6276,1,0,0.0,0.28,7,0.28,0,130
6277,2,1,27.64176,0.32,8,0.32,0,130
6278,1,0,0.0,0.32,8,0.32,0,130
6279,2,1,25.95311,0.36,9,0.36,0,130
6280,1,0,0.0,0.36,9,0.36,0,130
6281,2,1,9.685968,0.48,12,0.48,0,130
6282,1,0,0.0,0.48,12,0.48,0,130
6283,1,0,0.0,0.48,12,0.48,1,130
6284,1,0,0.0,0.48,12,0.48,0,130
6285,1,0,0.0,0.48,12,0.48,0,130
6286,0,-1,-27.190388,0.48,12,0.48,0,130
6287,1,0,0.0,0.48,12,0.48,0,130
6288,0,-1,-21.300272,0.44,11,0.44,0,130
6289,2,1,21.160723,0.48,12,0.48,0,130
6290,1,0,0.0,0.48,12,0.48,0,130
6291,0,-1,-21.160723,0.44,11,0.44,0,130
6292,1,0,0.0,0.44,11,0.44,0,130
6293,2,1,23.753172,0.48,12,0.48,0,130
6294,1,0,0.0,0.48,12,0.48,0,130
6295,1,0,0.0,0.48,12,0.48,0,130
6296,1,0,0.0,0.48,12,0.48,0,130
6297,1,0,0.0,0.48,12,0.48,0,130
6298,1,0,0.0,0.48,12,0.48,1,130
6299,1,0,0.0,0.48,12,0.48,0,130
6300,1,0,0.0,0.48,12,0.48,0,130
6301,2,1,18.311304,0.52,13,0.52,0,130
6302,2,1,20.896292,0.56,14,0.56,0,130
6303,1,0,0.0,0.56,14,0.56,0,130
6304,1,0,0.0,0.56,14,0.56,0,130
6305,1,0,0.0,0.56,14,0.56,0,130
6306,1,0,0.0,0.56,14,0.56,0,130
6307,1,0,0.0,0.56,14,0.56,0,130
6308,0,-1,-16.887602,0.52,13,0.52,0,130
6309,1,0,0.0,0.52,13,0.52,0,130
6310,1,0,0.0,0.52,13,0.52,0,130
6311,1,0,0.0,0.52,13,0.52,0,130
6312,1,0,0.0,0.52,13,0.52,0,130
6313,0,-1,-17.64978,0.48,12,0.48,0,130
6314,1,0,0.0,0.48,12,0.48,0,130
6315,1,0,0.0,0.48,12,0.48,0,130
6316,0,-1,-23.426413,0.44,11,0.44,0,130
6317,1,0,0.0,0.44,11,0.44,1,130
6318,2,1,19.709286,0.48,12,0.48,0,130
6319,2,1,17.098272,0.52,13,0.52,0,130
6320,2,1,6.8168364,0.6,15,0.6,0,130
6321,1,0,0.0,0.6,15,0.6,0,130
6322,1,0,0.0,0.6,15,0.6,0,130
6323,0,-1,-0.0024190645,0.6,15,0.6,0,130
6324,1,0,0.0,0.6,15,0.6,0,130
6325,1,0,0.0,0.6,15,0.6,0,130
6326,1,0,0.0,0.6,15,0.6,1,130
6327,1,0,0.0,0.6,15,0.6,0,130
6328,1,0,0.0,0.6,15,0.6,0,130
6329,2,1,8.841413,0.64,16,0.64,0,130
6330,1,0,0.0,0.64,16,0.64,0,130
6331,1,0,0.0,0.64,16,0.64,0,130
6332,2,1,13.375791,0.68,17,0.68,0,130
6333,2,1,6.7427154,0.72,18,0.72,0,130
6334,2,1,-4.197588,0.76,19,0.76,0,130
6335,1,0,0.0,0.76,19,0.76,0,130
6336,1,0,0.0,0.76,19,0.76,0,130
6337,1,0,0.0,0.76,19,0.76,0,130
6338,1,0,0.0,0.76,19,0.76,0,130
6339,1,0,0.0,0.76,19,0.76,0,130
6340,1,0,0.0,0.76,19,0.76,0,130
6341,1,0,0.0,0.76,19,0.76,1,130
6342,1,0,0.0,0.76,19,0.76,0,130
6343,2,1,-388.83606,0.92,23,0.92,0,130
6344,2,1,-605.5597,0.96,24,0.96,0,130
6345,2,1,29.618723,1.0,25,1.0,0,130
6346,1,0,-1000.0,0.0,0,0.0,0,130
6347,2,1,28.346605,0.2,5,0.2,0,131
6348,2,1,28.22638,0.24,6,0.24,0,131
6349,2,1,18.678572,0.32,8,0.32,0,131
6350,0,-1,-0.0,0.32,8,0.32,0,131
6351,1,0,0.0,0.32,8,0.32,0,131
6352,2,1,-5.2804523,0.36,9,0.36,0,131
6353,1,0,0.0,0.36,9,0.36,0,131
6354,2,1,25.459835,0.4,10,0.4,0,131
6355,1,0,0.0,0.4,10,0.4,0,131
6356,1,0,0.0,0.4,10,0.4,0,131
6357,0,-1,-0.0,0.4,10,0.4,0,131
6358,1,0,0.0,0.4,10,0.4,0,131
6359,1,0,0.0,0.4,10,0.4,0,131
6360,0,-1,-22.213333,0.36,9,0.36,0,131
6361,2,1,15.906646,0.44,11,0.44,1,131
6362,1,0,0.0,0.44,11,0.44,0,131
6363,1,0,0.0,0.44,11,0.44,0,131
6364,1,0,0.0,0.44,11,0.44,0,131
6365,1,0,0.0,0.44,11,0.44,0,131
6366,0,-1,-0.0,0.44,11,0.44,0,131
6367,0,-1,-21.858858,0.4,10,0.4,0,131
6368,2,1,21.451496,0.44,11,0.44,0,131
6369,0,-1,-9.379338,0.4,10,0.4,0,131
6370,0,-1,-25.48663,0.36,9,0.36,0,131
6371,2,1,25.414724,0.4,10,0.4,0,131
6372,1,0,0.0,0.4,10,0.4,0,131
6373,0,-1,-32.96222,0.44,11,0.44,0,131
6374,1,0,0.0,0.44,11,0.44,0,131
6375,0,-1,-21.451496,0.4,10,0.4,0,131
6376,1,0,0.0,0.4,10,0.4,0,131
6377,0,-1,-16.720264,0.36,9,0.36,0,131
6378,2,1,19.038286,0.44,11,0.44,0,131
6379,1,0,0.0,0.44,11,0.44,0,131
6380,1,0,0.0,0.44,11,0.44,0,131
6381,1,0,0.0,0.44,11,0.44,0,131
6382,2,1,3.3251657,0.56,14,0.56,0,131
6383,0,-1,-26.374168,0.56,14,0.56,0,131
6384,1,0,0.0,0.56,14,0.56,0,131
6385,1,0,0.0,0.56,14,0.56,0,131
6386,1,0,0.0,0.56,14,0.56,0,131
6387,1,0,0.0,0.56,14,0.56,0,131
6388,1,0,0.0,0.56,14,0.56,0,131
6389,1,0,0.0,0.56,14,0.56,0,131
6390,0,-1,-0.0041410103,0.56,14,0.56,1,131
6391,0,-1,-25.720606,0.56,14,0.56,0,131
6392,1,0,0.0,0.56,14,0.56,0,131
6393,0,-1,-11.872246,0.52,13,0.52,1,131
6394,2,1,-5.895603,0.64,16,0.64,0,131
6395,2,1,8.922351,0.68,17,0.68,0,131
6396,1,0,0.0,0.68,17,0.68,0,131
6397,1,0,0.0,0.68,17,0.68,0,131
6398,1,0,0.0,0.68,17,0.68,0,131
6399,1,0,0.0,0.68,17,0.68,0,131
6400,0,-1,-0.0,0.68,17,0.68,0,131
6401,1,0,0.0,0.68,17,0.68,0,131
6402,1,0,0.0,0.68,17,0.68,0,131
6403,1,0,0.0,0.68,17,0.68,0,131
6404,1,0,0.0,0.68,17,0.68,0,131
6405,1,0,0.0,0.68,17,0.68,0,131
6406,1,0,0.0,0.68,17,0.68,0,131
6407,1,0,0.0,0.68,17,0.68,0,131
6408,1,0,0.0,0.68,17,0.68,0,131
6409,2,1,-66.339874,0.8,20,0.8,0,131
6410,1,0,0.0,0.8,20,0.8,0,131
6411,1,0,0.0,0.8,20,0.8,0,131
6412,1,0,0.0,0.8,20,0.8,0,131
6413,1,0,0.0,0.8,20,0.8,0,131
6414,0,-1,-0.118360914,0.8,20,0.8,0,131
6415,1,0,0.0,0.8,20,0.8,0,131
6416,1,0,0.0,0.8,20,0.8,0,131
6417,1,0,0.0,0.8,20,0.8,0,131
6418,2,1,-138.87108,0.88,22,0.88,0,131
6419,1,0,0.0,0.88,22,0.88,1,131
6420,1,0,0.0,0.88,22,0.88,0,131
6421,2,1,-184.76443,0.92,23,0.92,0,131
6422,1,0,0.0,0.92,23,0.92,0,131
6423,1,0,0.0,0.92,23,0.92,0,131
6424,1,0,0.0,0.92,23,0.92,0,131
6425,1,0,0.0,0.92,23,0.92,0,131
6426,1,0,0.0,0.92,23,0.92,0,131
6427,1,0,0.0,0.92,23,0.92,0,131
6428,1,0,0.0,0.92,23,0.92,0,131
6429,1,0,0.0,0.92,23,0.92,0,131
6430,2,1,-1000.0,0.0,0,0.0,0,131
6431,2,1,28.346605,0.2,5,0.2,0,132
6432,2,1,28.22638,0.24,6,0.24,0,132
6433,1,0,0.0,0.24,6,0.24,0,132
6434,0,-1,-0.0,0.24,6,0.24,0,132
6435,2,1,-4.515744,0.28,7,0.28,0,132
6436,0,-1,4.515744,0.24,6,0.24,0,132
6437,1,0,0.0,0.24,6,0.24,0,132
6438,1,0,0.0,0.24,6,0.24,0,132
6439,1,0,0.0,0.24,6,0.24,0,132
6440,1,0,0.0,0.24,6,0.24,0,132
6441,1,0,0.0,0.24,6,0.24,0,132
6442,1,0,0.0,0.24,6,0.24,0,132
6443,1,0,0.0,0.24,6,0.24,0,132
6444,2,1,26.773045,0.28,7,0.28,0,132
6445,0,-1,-0.0,0.28,7,0.28,0,132
6446,1,0,0.0,0.28,7,0.28,0,132
6447,1,0,0.0,0.28,7,0.28,0,132
6448,1,0,0.0,0.28,7,0.28,0,132
6449,0,-1,-26.773045,0.24,6,0.24,0,132
6450,1,0,0.0,0.24,6,0.24,0,132
6451,2,1,26.767761,0.28,7,0.28,0,132
6452,2,1,26.441492,0.32,8,0.32,0,132
6453,1,0,0.0,0.32,8,0.32,0,132
6454,1,0,0.0,0.32,8,0.32,0,132
6455,0,-1,-0.0,0.32,8,0.32,0,132
6456,1,0,0.0,0.32,8,0.32,0,132
6457,2,1,24.37198,0.36,9,0.36,0,132
6458,1,0,0.0,0.36,9,0.36,0,132
6459,1,0,0.0,0.36,9,0.36,1,132
6460,2,1,13.070134,0.4,10,0.4,0,132
6461,1,0,0.0,0.4,10,0.4,0,132
6462,2,1,14.114658,0.48,12,0.48,0,132
6463,1,0,0.0,0.48,12,0.48,0,132
6464,1,0,0.0,0.48,12,0.48,0,132
6465,1,0,0.0,0.48,12,0.48,0,132
6466,1,0,0.0,0.48,12,0.48,0,132
6467,1,0,0.0,0.48,12,0.48,0,132
6468,1,0,0.0,0.48,12,0.48,0,132
6469,0,-1,-11.507866,0.44,11,0.44,0,132
6470,1,0,0.0,0.44,11,0.44,0,132
6471,2,1,12.907208,0.52,13,0.52,0,132
6472,1,0,0.0,0.52,13,0.52,0,132
6473,1,0,0.0,0.52,13,0.52,0,132
6474,1,0,0.0,0.52,13,0.52,0,132
6475,1,0,0.0,0.52,13,0.52,0,132
6476,0,-1,-0.0040648924,0.52,13,0.52,0,132
6477,1,0,0.0,0.52,13,0.52,0,132
6478,1,0,0.0,0.52,13,0.52,0,132
6479,1,0,0.0,0.52,13,0.52,0,132
6480,1,0,0.0,0.52,13,0.52,0,132
6481,2,1,8.099464,0.6,15,0.6,0,132
6482,1,0,0.0,0.6,15,0.6,0,132
6483,1,0,0.0,0.6,15,0.6,0,132
6484,1,0,0.0,0.6,15,0.6,0,132
6485,2,1,4.613234,0.64,16,0.64,0,132
6486,1,0,0.0,0.64,16,0.64,0,132
6487,1,0,0.0,0.64,16,0.64,1,132
6488,2,1,6.4495025,0.68,17,0.68,0,132
6489,1,0,0.0,0.68,17,0.68,0,132
6490,1,0,0.0,0.68,17,0.68,0,132
6491,2,1,2.5208452,0.72,18,0.72,0,132
6492,1,0,0.0,0.72,18,0.72,0,132
6493,2,1,-4.595268,0.76,19,0.76,0,132
6494,2,1,-19.127588,0.8,20,0.8,0,132
6495,1,0,0.0,0.8,20,0.8,1,132
6496,1,0,0.0,0.8,20,0.8,0,132
6497,1,0,0.0,0.8,20,0.8,0,132
6498,1,0,0.0,0.8,20,0.8,0,132
6499,0,-1,17.328531,0.76,19,0.76,0,132
6500,2,1,-80.93168,0.84,21,0.84,0,132
6501,0,-1,-0.0,0.84,21,0.84,0,132
6502,1,0,0.0,0.84,21,0.84,0,132
6503,1,0,0.0,0.84,21,0.84,0,132
6504,1,0,0.0,0.84,21,0.84,0,132
6505,1,0,0.0,0.84,21,0.84,0,132
6506,1,0,0.0,0.84,21,0.84,0,132
6507,1,0,0.0,0.84,21,0.84,0,132
6508,1,0,0.0,0.84,21,0.84,0,132
6509,1,0,0.0,0.84,21,0.84,0,132
6510,1,0,0.0,0.84,21,0.84,0,132
6511,1,0,0.0,0.84,21,0.84,0,132
6512,1,0,-1000.0,0.0,0,0.0,0,132
6513,2,1,-4.1406527,0.2,5,0.2,0,133
6514,1,0,0.0,0.2,5,0.2,0,133
6515,2,1,28.208652,0.24,6,0.24,0,133
6516,1,0,0.0,0.24,6,0.24,0,133
6517,1,0,0.0,0.24,6,0.24,0,133
6518,1,0,0.0,0.24,6,0.24,0,133
6519,0,-1,-28.208652,0.2,5,0.2,0,133
6520,2,1,23.70996,0.28,7,0.28,0,133
6521,1,0,0.0,0.28,7,0.28,0,133
6522,2,1,23.19499,0.32,8,0.32,0,133
6523,2,1,27.207449,0.36,9,0.36,0,133
6524,0,-1,-0.0,0.36,9,0.36,0,133
6525,1,0,0.0,0.36,9,0.36,0,133
6526,1,0,0.0,0.36,9,0.36,0,133
6527,1,0,0.0,0.36,9,0.36,0,133
6528,1,0,0.0,0.36,9,0.36,0,133
6529,1,0,0.0,0.36,9,0.36,1,133
6530,2,1,12.852884,0.4,10,0.4,0,133
6531,0,-1,-12.852884,0.36,9,0.36,0,133
6532,1,0,0.0,0.36,9,0.36,0,133
6533,1,0,0.0,0.36,9,0.36,0,133
6534,0,-1,-20.966585,0.32,8,0.32,0,133
6535,1,0,0.0,0.32,8,0.32,1,133
6536,1,0,0.0,0.32,8,0.32,0,133
6537,1,0,0.0,0.32,8,0.32,0,133
6538,1,0,0.0,0.32,8,0.32,0,133
6539,1,0,0.0,0.32,8,0.32,0,133
6540,1,0,0.0,0.32,8,0.32,0,133
6541,1,0,0.0,0.32,8,0.32,0,133
6542,1,0,0.0,0.32,8,0.32,0,133
6543,1,0,0.0,0.32,8,0.32,0,133
6544,2,1,25.920303,0.36,9,0.36,0,133
6545,1,0,0.0,0.36,9,0.36,0,133
6546,2,1,14.767467,0.44,11,0.44,0,133
6547,1,0,0.0,0.44,11,0.44,0,133
6548,1,0,0.0,0.44,11,0.44,1,133
6549,1,0,0.0,0.44,11,0.44,0,133
6550,1,0,0.0,0.44,11,0.44,0,133
6551,1,0,0.0,0.44,11,0.44,0,133
6552,2,1,23.753668,0.48,12,0.48,0,133
6553,1,0,0.0,0.48,12,0.48,0,133
6554,2,1,-1.1899855,0.6,15,0.6,0,133
6555,1,0,0.0,0.6,15,0.6,0,133
6556,1,0,0.0,0.6,15,0.6,0,133
6557,0,-1,-0.0032225037,0.6,15,0.6,0,133
6558,0,-1,-8.5063886e-07,0.6,15,0.6,0,133
6559,1,0,0.0,0.6,15,0.6,0,133
6560,1,0,0.0,0.6,15,0.6,0,133
6561,1,0,0.0,0.6,15,0.6,0,133
6562,0,-1,-16.49668,0.56,14,0.56,0,133
6563,1,0,0.0,0.56,14,0.56,0,133
6564,2,1,16.49668,0.6,15,0.6,0,133
6565,1,0,0.0,0.6,15,0.6,0,133
6566,0,-1,-26.353567,0.6,15,0.6,0,133
6567,2,1,12.809538,0.64,16,0.64,0,133
6568,1,0,0.0,0.64,16,0.64,0,133
6569,1,0,0.0,0.64,16,0.64,0,133
6570,1,0,0.0,0.64,16,0.64,0,133
6571,2,1,12.149071,0.68,17,0.68,1,133
6572,2,1,-23.899462,0.76,19,0.76,0,133
6573,1,0,0.0,0.76,19,0.76,0,133
6574,0,-1,3.734021,0.72,18,0.72,0,133
6575,2,1,-4.1602306,0.76,19,0.76,1,133
6576,1,0,0.0,0.76,19,0.76,0,133
6577,0,-1,-0.0,0.76,19,0.76,0,133
6578,2,1,-78.39154,0.84,21,0.84,0,133
6579,1,0,0.0,0.84,21,0.84,0,133
6580,2,1,-74.9529,0.88,22,0.88,0,133
6581,0,-1,-0.0,0.88,22,0.88,0,133
6582,1,0,0.0,0.88,22,0.88,0,133
6583,0,-1,79.7238,0.84,21,0.84,0,133
6584,1,0,0.0,0.84,21,0.84,0,133
6585,1,0,0.0,0.84,21,0.84,0,133
6586,1,0,0.0,0.84,21,0.84,0,133
6587,1,0,0.0,0.84,21,0.84,0,133
6588,2,1,-283.58566,0.92,23,0.92,0,133
6589,1,0,0.0,0.92,23,0.92,0,133
6590,1,0,0.0,0.92,23,0.92,0,133
6591,1,0,0.0,0.92,23,0.92,0,133
6592,1,0,0.0,0.92,23,0.92,0,133
6593,1,0,0.0,0.92,23,0.92,0,133
6594,1,0,0.0,0.92,23,0.92,0,133
6595,1,0,0.0,0.92,23,0.92,0,133
6596,1,0,0.0,0.92,23,0.92,0,133
6597,1,0,0.0,0.92,23,0.92,0,133
6598,1,0,0.0,0.92,23,0.92,0,133
6599,1,0,-1000.0,0.0,0,0.0,0,133
6600,2,1,28.364332,0.2,5,0.2,0,134
6601,2,1,23.955872,0.28,7,0.28,0,134
6602,2,1,13.033225,0.4,10,0.4,0,134
6603,2,1,17.550112,0.48,12,0.48,0,134
6604,1,0,0.0,0.48,12,0.48,0,134
6605,1,0,0.0,0.48,12,0.48,0,134
6606,1,0,0.0,0.48,12,0.48,0,134
6607,2,1,11.372195,0.56,14,0.56,0,134
6608,0,-1,-0.0,0.56,14,0.56,0,134
6609,1,0,0.0,0.56,14,0.56,0,134
6610,2,1,0.5356077,0.64,16,0.64,0,134
6611,1,0,0.0,0.64,16,0.64,0,134
6612,1,0,0.0,0.64,16,0.64,0,134
6613,1,0,0.0,0.64,16,0.64,0,134
6614,0,-1,-0.0,0.64,16,0.64,0,134
6615,1,0,0.0,0.64,16,0.64,0,134
6616,0,-1,-12.322523,0.6,15,0.6,0,134
6617,1,0,0.0,0.6,15,0.6,0,134
6618,1,0,0.0,0.6,15,0.6,0,134
6619,1,0,0.0,0.6,15,0.6,0,134
6620,1,0,0.0,0.6,15,0.6,0,134
6621,1,0,0.0,0.6,15,0.6,0,134
6622,1,0,0.0,0.6,15,0.6,0,134
6623,2,1,-14.285936,0.64,16,0.64,0,134
6624,2,1,-17.7359,0.68,17,0.68,1,134
6625,1,0,0.0,0.68,17,0.68,0,134
6626,1,0,0.0,0.68,17,0.68,0,134
6627,1,0,0.0,0.68,17,0.68,0,134
6628,1,0,0.0,0.68,17,0.68,0,134
6629,1,0,0.0,0.68,17,0.68,0,134
6630,1,0,0.0,0.68,17,0.68,0,134
6631,0,-1,8.767131,0.64,16,0.64,0,134
6632,2,1,-12.389157,0.72,18,0.72,0,134
6633,0,-1,-0.007716219,0.72,18,0.72,0,134
6634,0,-1,-0.0,0.72,18,0.72,0,134
6635,2,1,-45.94997,0.8,20,0.8,0,134
6636,1,0,0.0,0.8,20,0.8,1,134
6637,1,0,0.0,0.8,20,0.8,0,134
6638,0,-1,17.84115,0.76,19,0.76,0,134
6639,1,0,0.0,0.76,19,0.76,0,134
6640,1,0,0.0,0.76,19,0.76,0,134
6641,1,0,0.0,0.76,19,0.76,0,134
6642,1,0,0.0,0.76,19,0.76,0,134
6643,1,0,0.0,0.76,19,0.76,0,134
6644,1,0,0.0,0.76,19,0.76,0,134
6645,0,-1,1.571977,0.72,18,0.72,0,134
6646,0,-1,12.388884,0.68,17,0.68,0,134
6647,1,0,0.0,0.68,17,0.68,1,134
6648,1,0,0.0,0.68,17,0.68,1,134
6649,1,0,0.0,0.68,17,0.68,0,134
6650,2,1,-23.97041,0.76,19,0.76,0,134
6651,2,1,-79.05382,0.84,21,0.84,0,134
6652,1,0,0.0,0.84,21,0.84,0,134
6653,2,1,-82.05085,0.88,22,0.88,0,134
6654,1,0,0.0,0.88,22,0.88,0,134
6655,1,0,0.0,0.88,22,0.88,0,134
6656,2,1,-186.10443,0.92,23,0.92,0,134
6657,1,0,0.0,0.92,23,0.92,0,134
6658,1,0,0.0,0.92,23,0.92,0,134
6659,1,0,0.0,0.92,23,0.92,0,134
6660,2,1,26.781807,1.0,25,1.0,0,134
6661,1,0,-1000.0,0.0,0,0.0,0,134
6662,2,1,-4.1406527,0.2,5,0.2,0,135
6663,2,1,-4.2792473,0.24,6,0.24,0,135
6664,2,1,17.860786,0.36,9,0.36,0,135
6665,1,0,0.0,0.36,9,0.36,0,135
6666,2,1,-5.829622,0.4,10,0.4,0,135
6667,1,0,0.0,0.4,10,0.4,0,135
6668,2,1,25.967117,0.44,11,0.44,0,135
6669,1,0,0.0,0.44,11,0.44,0,135
6670,1,0,0.0,0.44,11,0.44,0,135
6671,1,0,0.0,0.44,11,0.44,0,135
6672,1,0,0.0,0.44,11,0.44,0,135
6673,2,1,23.897566,0.48,12,0.48,0,135
6674,1,0,0.0,0.48,12,0.48,0,135
6675,1,0,0.0,0.48,12,0.48,0,135
6676,2,1,-8.498307,0.52,13,0.52,1,135
6677,1,0,0.0,0.52,13,0.52,0,135
6678,1,0,0.0,0.52,13,0.52,0,135
6679,1,0,0.0,0.52,13,0.52,0,135
6680,1,0,0.0,0.52,13,0.52,1,135
6681,1,0,0.0,0.52,13,0.52,0,135
6682,1,0,0.0,0.52,13,0.52,0,135
6683,1,0,0.0,0.52,13,0.52,0,135
6684,1,0,0.0,0.52,13,0.52,1,135
6685,2,1,-6.975876,0.64,16,0.64,1,135
6686,1,0,0.0,0.64,16,0.64,0,135
6687,1,0,0.0,0.64,16,0.64,0,135
6688,1,0,0.0,0.64,16,0.64,0,135
6689,1,0,0.0,0.64,16,0.64,0,135
6690,1,0,0.0,0.64,16,0.64,0,135
6691,1,0,0.0,0.64,16,0.64,0,135
6692,2,1,-8.773922,0.72,18,0.72,0,135
6693,1,0,0.0,0.72,18,0.72,1,135
6694,0,-1,-0.0,0.72,18,0.72,0,135
6695,2,1,-41.948116,0.8,20,0.8,0,135
6696,1,0,0.0,0.8,20,0.8,0,135
6697,1,0,0.0,0.8,20,0.8,0,135
6698,1,0,0.0,0.8,20,0.8,0,135
6699,1,0,0.0,0.8,20,0.8,0,135
6700,2,1,-58.070793,0.84,21,0.84,0,135
6701,1,0,0.0,0.84,21,0.84,0,135
6702,1,0,0.0,0.84,21,0.84,0,135
6703,1,0,0.0,0.84,21,0.84,0,135
6704,1,0,0.0,0.84,21,0.84,0,135
6705,1,0,0.0,0.84,21,0.84,0,135
6706,1,0,0.0,0.84,21,0.84,0,135
6707,1,0,0.0,0.84,21,0.84,0,135
6708,1,0,0.0,0.84,21,0.84,0,135
6709,1,0,0.0,0.84,21,0.84,0,135
6710,1,0,0.0,0.84,21,0.84,0,135
6711,1,0,-1000.0,0.0,0,0.0,0,135
6712,2,1,28.364332,0.2,5,0.2,0,136
6713,2,1,23.955872,0.28,7,0.28,0,136
6714,1,0,0.0,0.28,7,0.28,0,136
6715,2,1,-4.847379,0.32,8,0.32,0,136
6716,1,0,0.0,0.32,8,0.32,0,136
6717,2,1,11.36038,0.44,11,0.44,0,136
6718,1,0,0.0,0.44,11,0.44,0,136
6719,1,0,0.0,0.44,11,0.44,0,136
6720,1,0,0.0,0.44,11,0.44,0,136
6721,1,0,0.0,0.44,11,0.44,0,136
6722,1,0,0.0,0.44,11,0.44,0,136
6723,1,0,0.0,0.44,11,0.44,0,136
6724,1,0,0.0,0.44,11,0.44,0,136
6725,1,0,0.0,0.44,11,0.44,1,136
6726,2,1,23.8654,0.48,12,0.48,0,136
6727,1,0,0.0,0.48,12,0.48,0,136
6728,0,-1,-23.8654,0.44,11,0.44,0,136
6729,1,0,0.0,0.44,11,0.44,0,136
6730,2,1,16.491102,0.48,12,0.48,0,136
6731,2,1,3.4442792,0.56,14,0.56,0,136
6732,0,-1,-0.0,0.56,14,0.56,0,136
6733,2,1,5.621245,0.6,15,0.6,0,136
6734,1,0,0.0,0.6,15,0.6,0,136
6735,1,0,0.0,0.6,15,0.6,0,136
6736,0,-1,-4.4147577,0.56,14,0.56,0,136
6737,1,0,0.0,0.56,14,0.56,0,136
6738,0,-1,-36.861694,0.6,15,0.6,0,136
6739,1,0,0.0,0.6,15,0.6,0,136
6740,2,1,16.970734,0.64,16,0.64,0,136
6741,1,0,0.0,0.64,16,0.64,0,136
6742,1,0,0.0,0.64,16,0.64,0,136
6743,1,0,0.0,0.64,16,0.64,0,136
6744,0,-1,-14.251391,0.6,15,0.6,0,136
6745,1,0,0.0,0.6,15,0.6,0,136
6746,1,0,0.0,0.6,15,0.6,0,136
6747,0,-1,-9.976955,0.56,14,0.56,1,136
6748,1,0,0.0,0.56,14,0.56,0,136
6749,1,0,0.0,0.56,14,0.56,0,136
6750,1,0,0.0,0.56,14,0.56,0,136
6751,1,0,0.0,0.56,14,0.56,0,136
6752,2,1,10.13182,0.6,15,0.6,0,136
6753,1,0,0.0,0.6,15,0.6,0,136
6754,1,0,0.0,0.6,15,0.6,0,136
6755,1,0,0.0,0.6,15,0.6,0,136
6756,0,-1,-5.7867165,0.56,14,0.56,0,136
6757,1,0,0.0,0.56,14,0.56,0,136
6758,1,0,0.0,0.56,14,0.56,0,136
6759,1,0,0.0,0.56,14,0.56,0,136
6760,1,0,0.0,0.56,14,0.56,0,136
6761,1,0,0.0,0.56,14,0.56,1,136
6762,1,0,0.0,0.56,14,0.56,0,136
6763,1,0,0.0,0.56,14,0.56,0,136
6764,1,0,0.0,0.56,14,0.56,0,136
6765,0,-1,-18.105337,0.52,13,0.52,0,136
6766,2,1,20.394844,0.56,14,0.56,0,136
6767,2,1,2.3010283,0.64,16,0.64,0,136
6768,0,-1,-9.217148,0.6,15,0.6,0,136
6769,1,0,0.0,0.6,15,0.6,0,136
6770,0,-1,-15.437791,0.56,14,0.56,0,136
6771,1,0,0.0,0.56,14,0.56,1,136
6772,1,0,0.0,0.56,14,0.56,0,136
6773,1,0,0.0,0.56,14,0.56,0,136
6774,1,0,0.0,0.56,14,0.56,0,136
6775,1,0,0.0,0.56,14,0.56,0,136
6776,1,0,0.0,0.56,14,0.56,0,136
6777,1,0,0.0,0.56,14,0.56,0,136
6778,1,0,0.0,0.56,14,0.56,0,136
6779,2,1,3.021926,0.6,15,0.6,0,136
6780,1,0,0.0,0.6,15,0.6,0,136
6781,1,0,0.0,0.6,15,0.6,0,136
6782,1,0,0.0,0.6,15,0.6,0,136
6783,2,1,-55.502697,0.76,19,0.76,0,136
6784,1,0,0.0,0.76,19,0.76,0,136
6785,2,1,-74.72936,0.84,21,0.84,0,136
6786,1,0,0.0,0.84,21,0.84,0,136
6787,0,-1,-0.003924882,0.84,21,0.84,0,136
6788,1,0,0.0,0.84,21,0.84,0,136
6789,1,0,0.0,0.84,21,0.84,1,136
6790,1,0,0.0,0.84,21,0.84,0,136
6791,0,-1,-24.773727,0.84,21,0.84,0,136
6792,1,0,0.0,0.84,21,0.84,0,136
6793,1,0,0.0,0.84,21,0.84,0,136
6794,1,0,0.0,0.84,21,0.84,0,136
6795,1,0,0.0,0.84,21,0.84,0,136
6796,0,-1,-0.0028797307,0.84,21,0.84,0,136
6797,1,0,0.0,0.84,21,0.84,0,136
6798,1,0,0.0,0.84,21,0.84,0,136
6799,1,0,0.0,0.84,21,0.84,0,136
6800,1,0,0.0,0.84,21,0.84,0,136
6801,1,0,0.0,0.84,21,0.84,0,136
6802,1,0,0.0,0.84,21,0.84,0,136
6803,1,0,0.0,0.84,21,0.84,0,136
6804,1,0,0.0,0.84,21,0.84,0,136
6805,1,0,0.0,0.84,21,0.84,0,136
6806,1,0,0.0,0.84,21,0.84,1,136
6807,1,0,-1000.0,0.0,0,0.0,0,136
6808,1,0,0.0,0.16,4,0.16,0,137
6809,2,1,-4.1406527,0.2,5,0.2,0,137
6810,1,0,0.0,0.2,5,0.2,0,137
6811,1,0,0.0,0.2,5,0.2,0,137
6812,2,1,23.70996,0.28,7,0.28,0,137
6813,2,1,-10.128417,0.36,9,0.36,0,137
6814,1,0,0.0,0.36,9,0.36,0,137
6815,1,0,0.0,0.36,9,0.36,0,137
6816,1,0,0.0,0.36,9,0.36,0,137
6817,1,0,0.0,0.36,9,0.36,0,137
6818,1,0,0.0,0.36,9,0.36,0,137
6819,1,0,0.0,0.36,9,0.36,0,137
6820,1,0,0.0,0.36,9,0.36,0,137
6821,2,1,13.00923,0.48,12,0.48,0,137
6822,1,0,0.0,0.48,12,0.48,0,137
6823,2,1,10.570977,0.56,14,0.56,0,137
6824,1,0,0.0,0.56,14,0.56,0,137
6825,1,0,0.0,0.56,14,0.56,0,137
6826,2,1,5.3893785,0.64,16,0.64,0,137
6827,1,0,0.0,0.64,16,0.64,0,137
6828,1,0,0.0,0.64,16,0.64,0,137
6829,1,0,0.0,0.64,16,0.64,0,137
6830,1,0,0.0,0.64,16,0.64,0,137
6831,1,0,0.0,0.64,16,0.64,1,137
6832,0,-1,-14.253913,0.6,15,0.6,1,137
6833,0,-1,2.238229,0.56,14,0.56,0,137
6834,1,0,0.0,0.56,14,0.56,0,137
6835,1,0,0.0,0.56,14,0.56,0,137
6836,2,1,17.819586,0.6,15,0.6,0,137
6837,1,0,0.0,0.6,15,0.6,0,137
6838,1,0,0.0,0.6,15,0.6,0,137
6839,0,-1,-16.752773,0.6,15,0.6,0,137
6840,1,0,0.0,0.6,15,0.6,0,137
6841,1,0,0.0,0.6,15,0.6,0,137
6842,2,1,14.702776,0.64,16,0.64,0,137
6843,1,0,0.0,0.64,16,0.64,0,137
6844,1,0,0.0,0.64,16,0.64,0,137
6845,1,0,0.0,0.64,16,0.64,1,137
6846,1,0,0.0,0.64,16,0.64,0,137
6847,1,0,0.0,0.64,16,0.64,0,137
6848,1,0,0.0,0.64,16,0.64,0,137
6849,1,0,0.0,0.64,16,0.64,0,137
6850,1,0,0.0,0.64,16,0.64,0,137
6851,1,0,0.0,0.64,16,0.64,0,137
6852,1,0,0.0,0.64,16,0.64,0,137
6853,1,0,-1000.0,0.0,0,0.0,0,137
6854,1,0,0.0,0.16,4,0.16,0,138
6855,2,1,28.364332,0.2,5,0.2,0,138
6856,1,0,0.0,0.2,5,0.2,0,138
6857,1,0,0.0,0.2,5,0.2,0,138
6858,2,1,23.955872,0.28,7,0.28,0,138
6859,1,0,0.0,0.28,7,0.28,0,138
6860,1,0,0.0,0.28,7,0.28,0,138
6861,0,-1,-0.15642108,0.28,7,0.28,0,138
6862,0,-1,-0.1677413,0.28,7,0.28,1,138
6863,2,1,17.906435,0.36,9,0.36,0,138
6864,2,1,18.02562,0.4,10,0.4,0,138
6865,1,0,0.0,0.4,10,0.4,0,138
6866,2,1,17.507278,0.48,12,0.48,0,138
6867,2,1,10.354274,0.56,14,0.56,0,138
6868,0,-1,-0.0034428386,0.56,14,0.56,0,138
6869,1,0,0.0,0.56,14,0.56,0,138
6870,0,-1,-0.0,0.56,14,0.56,0,138
6871,1,0,0.0,0.56,14,0.56,0,138
6872,2,1,11.326224,0.6,15,0.6,0,138
6873,1,0,0.0,0.6,15,0.6,0,138
6874,1,0,0.0,0.6,15,0.6,0,138
6875,1,0,0.0,0.6,15,0.6,0,138
6876,0,-1,-0.0,0.6,15,0.6,0,138
6877,1,0,0.0,0.6,15,0.6,0,138
6878,1,0,0.0,0.6,15,0.6,0,138
6879,1,0,0.0,0.6,15,0.6,0,138
6880,1,0,0.0,0.6,15,0.6,0,138
6881,2,1,15.319962,0.64,16,0.64,0,138
6882,1,0,0.0,0.64,16,0.64,0,138
6883,2,1,8.751621,0.68,17,0.68,0,138
6884,1,0,0.0,0.68,17,0.68,1,138
6885,1,0,0.0,0.68,17,0.68,0,138
6886,1,0,0.0,0.68,17,0.68,0,138
6887,1,0,0.0,0.68,17,0.68,0,138
6888,1,0,0.0,0.68,17,0.68,0,138
6889,1,0,0.0,0.68,17,0.68,0,138
6890,1,0,0.0,0.68,17,0.68,0,138
6891,1,0,0.0,0.68,17,0.68,0,138
6892,2,1,-67.98422,0.8,20,0.8,0,138
6893,1,0,0.0,0.8,20,0.8,0,138
6894,2,1,-34.215733,0.84,21,0.84,0,138
6895,1,0,0.0,0.84,21,0.84,0,138
6896,1,0,0.0,0.84,21,0.84,0,138
6897,1,0,0.0,0.84,21,0.84,0,138
6898,1,0,0.0,0.84,21,0.84,0,138
6899,1,0,0.0,0.84,21,0.84,0,138
6900,2,1,-287.34378,0.92,23,0.92,0,138
6901,1,0,0.0,0.92,23,0.92,1,138
6902,1,0,0.0,0.92,23,0.92,0,138
6903,2,1,-599.72345,0.96,24,0.96,0,138
6904,1,0,0.0,0.96,24,0.96,0,138
6905,1,0,0.0,0.96,24,0.96,0,138
6906,1,0,0.0,0.96,24,0.96,0,138
6907,1,0,0.0,0.96,24,0.96,0,138
6908,1,0,0.0,0.96,24,0.96,0,138
6909,1,0,0.0,0.96,24,0.96,0,138
6910,0,-1,-22.8685,0.96,24,0.96,0,138
6911,1,0,0.0,0.96,24,0.96,0,138
6912,1,0,0.0,0.96,24,0.96,0,138
6913,1,0,0.0,0.96,24,0.96,0,138
6914,1,0,0.0,0.96,24,0.96,0,138
6915,1,0,0.0,0.96,24,0.96,0,138
6916,1,0,0.0,0.96,24,0.96,0,138
6917,1,0,0.0,0.96,24,0.96,0,138
6918,1,0,0.0,0.96,24,0.96,0,138
6919,1,0,0.0,0.96,24,0.96,0,138
6920,1,0,0.0,0.96,24,0.96,0,138
6921,1,0,-1000.0,0.0,0,0.0,0,138
6922,2,1,28.346605,0.2,5,0.2,0,139
6923,0,-1,-0.0,0.2,5,0.2,0,139
6924,1,0,0.0,0.2,5,0.2,0,139
6925,2,1,23.968313,0.28,7,0.28,0,139
6926,2,1,26.441492,0.32,8,0.32,0,139
6927,2,1,24.369835,0.36,9,0.36,0,139
6928,1,0,0.0,0.36,9,0.36,0,139
6929,1,0,0.0,0.36,9,0.36,0,139
6930,1,0,0.0,0.36,9,0.36,0,139
6931,1,0,0.0,0.36,9,0.36,0,139
6932,1,0,0.0,0.36,9,0.36,0,139
6933,2,1,15.692518,0.44,11,0.44,0,139
6934,2,1,22.260569,0.48,12,0.48,0,139
6935,1,0,0.0,0.48,12,0.48,0,139
6936,1,0,0.0,0.48,12,0.48,0,139
6937,1,0,0.0,0.48,12,0.48,0,139
6938,2,1,19.27347,0.52,13,0.52,0,139
6939,0,-1,-0.0,0.52,13,0.52,0,139
6940,0,-1,-19.544647,0.48,12,0.48,0,139
6941,2,1,-8.498146,0.52,13,0.52,0,139
6942,1,0,0.0,0.52,13,0.52,0,139
6943,1,0,0.0,0.52,13,0.52,0,139
6944,0,-1,-0.0,0.52,13,0.52,0,139
6945,1,0,0.0,0.52,13,0.52,0,139
6946,2,1,-24.538006,0.68,17,0.68,0,139
6947,2,1,2.695434,0.72,18,0.72,0,139
6948,1,0,0.0,0.72,18,0.72,1,139
6949,0,-1,-2.7012172,0.68,17,0.68,0,139
6950,1,0,0.0,0.68,17,0.68,0,139
6951,1,0,0.0,0.68,17,0.68,0,139
6952,1,0,0.0,0.68,17,0.68,0,139
6953,1,0,0.0,0.68,17,0.68,1,139
6954,1,0,0.0,0.68,17,0.68,0,139
6955,2,1,-65.68049,0.8,20,0.8,0,139
6956,1,0,0.0,0.8,20,0.8,0,139
6957,1,0,0.0,0.8,20,0.8,0,139
6958,1,0,0.0,0.8,20,0.8,0,139
6959,1,0,0.0,0.8,20,0.8,0,139
6960,1,0,0.0,0.8,20,0.8,0,139
6961,1,0,0.0,0.8,20,0.8,1,139
6962,1,0,0.0,0.8,20,0.8,0,139
6963,1,0,0.0,0.8,20,0.8,0,139
6964,1,0,0.0,0.8,20,0.8,0,139
6965,1,0,0.0,0.8,20,0.8,0,139
6966,1,0,-1000.0,0.0,0,0.0,0,139
6967,2,1,-4.1406527,0.2,5,0.2,0,140
6968,1,0,0.0,0.2,5,0.2,0,140
6969,1,0,0.0,0.2,5,0.2,0,140
6970,2,1,-4.2792473,0.24,6,0.24,0,140
6971,2,1,27.971514,0.28,7,0.28,0,140
6972,2,1,-4.847379,0.32,8,0.32,0,140
6973,2,1,22.976604,0.36,9,0.36,0,140
6974,1,0,0.0,0.36,9,0.36,0,140
6975,1,0,0.0,0.36,9,0.36,0,140
6976,1,0,0.0,0.36,9,0.36,0,140
6977,2,1,20.413567,0.44,11,0.44,0,140
6978,1,0,0.0,0.44,11,0.44,0,140
6979,1,0,0.0,0.44,11,0.44,0,140
6980,1,0,0.0,0.44,11,0.44,0,140
6981,1,0,0.0,0.44,11,0.44,0,140
6982,1,0,0.0,0.44,11,0.44,0,140
6983,1,0,0.0,0.44,11,0.44,0,140
6984,2,1,23.897566,0.48,12,0.48,0,140
6985,1,0,0.0,0.48,12,0.48,0,140
6986,2,1,19.999044,0.52,13,0.52,0,140
6987,1,0,0.0,0.52,13,0.52,0,140
6988,2,1,19.730448,0.56,14,0.56,0,140
6989,1,0,0.0,0.56,14,0.56,0,140
6990,0,-1,-0.0,0.56,14,0.56,0,140
6991,1,0,0.0,0.56,14,0.56,0,140
6992,1,0,0.0,0.56,14,0.56,0,140
6993,2,1,14.217087,0.6,15,0.6,0,140
6994,1,0,0.0,0.6,15,0.6,0,140
6995,2,1,-14.286522,0.64,16,0.64,1,140
6996,1,0,0.0,0.64,16,0.64,0,140
6997,2,1,-40.701283,0.76,19,0.76,0,140
6998,1,0,0.0,0.76,19,0.76,0,140
6999,1,0,0.0,0.76,19,0.76,0,140
7000,1,0,0.0,0.76,19,0.76,0,140
7001,1,0,0.0,0.76,19,0.76,0,140
7002,1,0,0.0,0.76,19,0.76,0,140
7003,1,0,0.0,0.76,19,0.76,0,140
7004,2,1,-76.84553,0.84,21,0.84,0,140
7005,2,1,-104.45699,0.88,22,0.88,0,140
7006,1,0,0.0,0.88,22,0.88,1,140
7007,1,0,0.0,0.88,22,0.88,0,140
7008,1,0,0.0,0.88,22,0.88,0,140
7009,1,0,0.0,0.88,22,0.88,0,140
7010,0,-1,-0.0,0.88,22,0.88,0,140
7011,0,-1,78.54535,0.84,21,0.84,0,140
7012,1,0,0.0,0.84,21,0.84,0,140
7013,2,1,-285.60434,0.92,23,0.92,0,140
7014,1,0,0.0,0.92,23,0.92,0,140
7015,1,0,0.0,0.92,23,0.92,0,140
7016,1,0,0.0,0.92,23,0.92,1,140
7017,2,1,25.860027,1.0,25,1.0,0,140
7018,1,0,-1000.0,0.0,0,0.0,0,140
7019,2,1,-4.1407347,0.2,5,0.2,0,141
7020,1,0,0.0,0.2,5,0.2,0,141
7021,2,1,28.22638,0.24,6,0.24,0,141
7022,1,0,0.0,0.24,6,0.24,0,141
7023,2,1,23.123543,0.32,8,0.32,0,141
7024,1,0,0.0,0.32,8,0.32,0,141
7025,1,0,0.0,0.32,8,0.32,0,141
7026,0,-1,-0.0,0.32,8,0.32,0,141
7027,1,0,0.0,0.32,8,0.32,0,141
7028,1,0,0.0,0.32,8,0.32,0,141
7029,1,0,0.0,0.32,8,0.32,0,141
7030,1,0,0.0,0.32,8,0.32,0,141
7031,2,1,16.93285,0.4,10,0.4,0,141
7032,1,0,0.0,0.4,10,0.4,1,141
7033,0,-1,-8.684232,0.36,9,0.36,0,141
7034,1,0,0.0,0.36,9,0.36,0,141
7035,1,0,0.0,0.36,9,0.36,0,141
7036,1,0,0.0,0.36,9,0.36,0,141
7037,1,0,0.0,0.36,9,0.36,0,141
7038,0,-1,-13.524447,0.32,8,0.32,0,141
7039,2,1,25.94953,0.36,9,0.36,0,141
7040,2,1,25.415768,0.4,10,0.4,0,141
7041,2,1,23.085674,0.44,11,0.44,0,141
7042,1,0,0.0,0.44,11,0.44,0,141
7043,1,0,0.0,0.44,11,0.44,0,141
7044,1,0,0.0,0.44,11,0.44,0,141
7045,1,0,0.0,0.44,11,0.44,0,141
7046,1,0,0.0,0.44,11,0.44,0,141
7047,2,1,22.081184,0.48,12,0.48,0,141
7048,2,1,19.232824,0.52,13,0.52,1,141
7049,1,0,0.0,0.52,13,0.52,1,141
7050,1,0,0.0,0.52,13,0.52,0,141
7051,1,0,0.0,0.52,13,0.52,0,141
7052,2,1,8.982275,0.56,14,0.56,1,141
7053,1,0,0.0,0.56,14,0.56,0,141
7054,1,0,0.0,0.56,14,0.56,0,141
7055,1,0,0.0,0.56,14,0.56,0,141
7056,1,0,0.0,0.56,14,0.56,0,141
7057,2,1,0.9361278,0.64,16,0.64,0,141
7058,0,-1,-5.534246,0.6,15,0.6,0,141
7059,1,0,0.0,0.6,15,0.6,0,141
7060,1,0,0.0,0.6,15,0.6,0,141
7061,1,0,0.0,0.6,15,0.6,0,141
7062,1,0,0.0,0.6,15,0.6,0,141
7063,1,0,0.0,0.6,15,0.6,0,141
7064,1,0,0.0,0.6,15,0.6,0,141
7065,1,0,0.0,0.6,15,0.6,0,141
7066,1,0,0.0,0.6,15,0.6,0,141
7067,2,1,-3.2040772,0.68,17,0.68,0,141
7068,1,0,0.0,0.68,17,0.68,0,141
7069,1,0,0.0,0.68,17,0.68,0,141
7070,1,0,0.0,0.68,17,0.68,0,141
7071,1,0,0.0,0.68,17,0.68,1,141
7072,2,1,6.962509,0.72,18,0.72,0,141
7073,1,0,0.0,0.72,18,0.72,0,141
7074,1,0,0.0,0.72,18,0.72,0,141
7075,1,0,0.0,0.72,18,0.72,0,141
7076,1,0,0.0,0.72,18,0.72,0,141
7077,1,0,0.0,0.72,18,0.72,0,141
7078,0,-1,-3.7511494,0.68,17,0.68,1,141
7079,1,0,0.0,0.68,17,0.68,0,141
7080,1,0,0.0,0.68,17,0.68,0,141
7081,1,0,0.0,0.68,17,0.68,0,141
7082,1,0,0.0,0.68,17,0.68,0,141
7083,1,0,0.0,0.68,17,0.68,0,141
7084,1,0,0.0,0.68,17,0.68,0,141
7085,1,0,0.0,0.68,17,0.68,0,141
7086,1,0,0.0,0.68,17,0.68,0,141
7087,0,-1,-24.538567,0.68,17,0.68,0,141
7088,2,1,-128.38321,0.84,21,0.84,0,141
7089,1,0,0.0,0.84,21,0.84,0,141
7090,1,0,0.0,0.84,21,0.84,0,141
7091,1,0,0.0,0.84,21,0.84,0,141
7092,0,-1,-0.0,0.84,21,0.84,0,141
7093,2,1,-81.20316,0.88,22,0.88,0,141
7094,1,0,0.0,0.88,22,0.88,0,141
7095,2,1,-180.31221,0.92,23,0.92,0,141
7096,1,0,0.0,0.92,23,0.92,1,141
7097,1,0,0.0,0.92,23,0.92,0,141
7098,1,0,0.0,0.92,23,0.92,0,141
7099,1,0,0.0,0.92,23,0.92,0,141
7100,1,0,0.0,0.92,23,0.92,0,141
7101,1,0,0.0,0.92,23,0.92,0,141
7102,1,0,0.0,0.92,23,0.92,0,141
7103,1,0,0.0,0.92,23,0.92,0,141
7104,1,0,0.0,0.92,23,0.92,1,141
7105,1,0,0.0,0.92,23,0.92,0,141
7106,1,0,-1000.0,0.0,0,0.0,0,141
7107,2,1,28.346605,0.2,5,0.2,0,142
7108,1,0,0.0,0.2,5,0.2,0,142
7109,2,1,23.968313,0.28,7,0.28,0,142
7110,1,0,0.0,0.28,7,0.28,0,142
7111,1,0,0.0,0.28,7,0.28,0,142
7112,2,1,13.119488,0.4,10,0.4,0,142
7113,1,0,0.0,0.4,10,0.4,0,142
7114,1,0,0.0,0.4,10,0.4,0,142
7115,1,0,0.0,0.4,10,0.4,0,142
7116,2,1,24.768646,0.44,11,0.44,0,142
7117,2,1,22.260569,0.48,12,0.48,0,142
7118,1,0,0.0,0.48,12,0.48,0,142
7119,1,0,0.0,0.48,12,0.48,0,142
7120,1,0,0.0,0.48,12,0.48,0,142
7121,2,1,21.152006,0.52,13,0.52,0,142
7122,1,0,0.0,0.52,13,0.52,0,142
7123,2,1,-7.0041533,0.64,16,0.64,0,142
7124,1,0,0.0,0.64,16,0.64,0,142
7125,2,1,10.035843,0.68,17,0.68,0,142
7126,1,0,0.0,0.68,17,0.68,1,142
7127,0,-1,-0.006993784,0.68,17,0.68,0,142
7128,2,1,4.105228,0.72,18,0.72,0,142
7129,0,-1,-23.75646,0.72,18,0.72,0,142
7130,1,0,0.0,0.72,18,0.72,0,142
7131,1,0,0.0,0.72,18,0.72,0,142
7132,1,0,0.0,0.72,18,0.72,0,142
7133,1,0,0.0,0.72,18,0.72,0,142
7134,0,-1,-5.8015323,0.68,17,0.68,0,142
7135,1,0,0.0,0.68,17,0.68,0,142
7136,0,-1,-0.004537478,0.68,17,0.68,0,142
7137,1,0,0.0,0.68,17,0.68,0,142
7138,1,0,0.0,0.68,17,0.68,1,142
7139,1,0,0.0,0.68,17,0.68,0,142
7140,1,0,0.0,0.68,17,0.68,1,142
7141,1,0,0.0,0.68,17,0.68,0,142
7142,1,0,0.0,0.68,17,0.68,0,142
7143,1,0,0.0,0.68,17,0.68,0,142
7144,0,-1,-25.725523,0.68,17,0.68,0,142
7145,2,1,-0.08696527,0.72,18,0.72,0,142
7146,2,1,-2.3567243,0.76,19,0.76,0,142
7147,1,0,0.0,0.76,19,0.76,0,142
7148,0,-1,7.509042,0.72,18,0.72,0,142
7149,1,0,0.0,0.72,18,0.72,0,142
7150,1,0,0.0,0.72,18,0.72,0,142
7151,1,0,0.0,0.72,18,0.72,0,142
7152,2,1,-107.97523,0.84,21,0.84,0,142
7153,1,0,0.0,0.84,21,0.84,0,142
7154,1,0,0.0,0.84,21,0.84,0,142
7155,1,0,0.0,0.84,21,0.84,0,142
7156,1,0,0.0,0.84,21,0.84,1,142
7157,1,0,0.0,0.84,21,0.84,0,142
7158,1,0,0.0,0.84,21,0.84,0,142
7159,2,1,-81.8845,0.88,22,0.88,0,142
7160,1,0,0.0,0.88,22,0.88,0,142
7161,1,0,0.0,0.88,22,0.88,0,142
7162,1,0,0.0,0.88,22,0.88,0,142
7163,1,0,0.0,0.88,22,0.88,0,142
7164,1,0,0.0,0.88,22,0.88,0,142
7165,1,0,0.0,0.88,22,0.88,0,142
7166,1,0,0.0,0.88,22,0.88,0,142
7167,1,0,0.0,0.88,22,0.88,0,142
7168,1,0,0.0,0.88,22,0.88,0,142
7169,1,0,0.0,0.88,22,0.88,0,142
7170,1,0,-1000.0,0.0,0,0.0,0,142
7171,2,1,-4.1407347,0.2,5,0.2,0,143
7172,1,0,0.0,0.2,5,0.2,0,143
7173,1,0,0.0,0.2,5,0.2,0,143
7174,1,0,0.0,0.2,5,0.2,0,143
7175,0,-1,-0.0,0.2,5,0.2,0,143
7176,2,1,-4.27924,0.24,6,0.24,0,143
7177,1,0,0.0,0.24,6,0.24,0,143
7178,2,1,-4.5164123,0.28,7,0.28,0,143
7179,0,-1,-0.0,0.28,7,0.28,0,143
7180,1,0,0.0,0.28,7,0.28,0,143
7181,0,-1,4.5164123,0.24,6,0.24,0,143
7182,1,0,0.0,0.24,6,0.24,0,143
7183,1,0,0.0,0.24,6,0.24,0,143
7184,1,0,0.0,0.24,6,0.24,0,143
7185,2,1,12.0134325,0.4,10,0.4,0,143
7186,1,0,0.0,0.4,10,0.4,0,143
7187,1,0,0.0,0.4,10,0.4,0,143
7188,1,0,0.0,0.4,10,0.4,0,143
7189,0,-1,5.828954,0.36,9,0.36,1,143
7190,2,1,8.633443,0.48,12,0.48,0,143
7191,1,0,0.0,0.48,12,0.48,0,143
7192,1,0,0.0,0.48,12,0.48,0,143
7193,1,0,0.0,0.48,12,0.48,1,143
7194,1,0,0.0,0.48,12,0.48,0,143
7195,0,-1,-20.697197,0.44,11,0.44,0,143
7196,1,0,0.0,0.44,11,0.44,0,143
7197,1,0,0.0,0.44,11,0.44,0,143
7198,1,0,0.0,0.44,11,0.44,0,143
7199,1,0,0.0,0.44,11,0.44,0,143
7200,1,0,0.0,0.44,11,0.44,1,143
7201,1,0,0.0,0.44,11,0.44,0,143
7202,2,1,25.085514,0.48,12,0.48,0,143
7203,1,0,0.0,0.48,12,0.48,0,143
7204,2,1,18.123749,0.52,13,0.52,0,143
7205,1,0,0.0,0.52,13,0.52,0,143
7206,1,0,0.0,0.52,13,0.52,0,143
7207,1,0,0.0,0.52,13,0.52,0,143
7208,1,0,0.0,0.52,13,0.52,0,143
7209,1,0,0.0,0.52,13,0.52,0,143
7210,1,0,0.0,0.52,13,0.52,0,143
7211,1,0,0.0,0.52,13,0.52,0,143
7212,1,0,0.0,0.52,13,0.52,0,143
7213,2,1,21.286398,0.56,14,0.56,0,143
7214,2,1,-12.442446,0.68,17,0.68,0,143
7215,1,0,0.0,0.68,17,0.68,0,143
7216,1,0,0.0,0.68,17,0.68,1,143
7217,1,0,0.0,0.68,17,0.68,1,143
7218,1,0,0.0,0.68,17,0.68,0,143
7219,1,0,0.0,0.68,17,0.68,0,143
7220,1,0,0.0,0.68,17,0.68,0,143
7221,1,0,0.0,0.68,17,0.68,0,143
7222,1,0,0.0,0.68,17,0.68,0,143
7223,1,0,0.0,0.68,17,0.68,0,143
7224,1,0,0.0,0.68,17,0.68,0,143
7225,1,0,-1000.0,0.0,0,0.0,0,143
7226,2,1,28.346605,0.2,5,0.2,0,144
7227,2,1,23.968313,0.28,7,0.28,0,144
7228,1,0,0.0,0.28,7,0.28,0,144
7229,1,0,0.0,0.28,7,0.28,0,144
7230,1,0,0.0,0.28,7,0.28,0,144
7231,2,1,-4.847379,0.32,8,0.32,0,144
7232,1,0,0.0,0.32,8,0.32,0,144
7233,1,0,0.0,0.32,8,0.32,0,144
7234,1,0,0.0,0.32,8,0.32,0,144
7235,1,0,0.0,0.32,8,0.32,0,144
7236,1,0,0.0,0.32,8,0.32,0,144
7237,1,0,0.0,0.32,8,0.32,0,144
7238,1,0,0.0,0.32,8,0.32,0,144
7239,2,1,-5.27981,0.36,9,0.36,0,144
7240,0,-1,5.279892,0.32,8,0.32,0,144
7241,2,1,-5.280317,0.36,9,0.36,0,144
7242,2,1,-12.350406,0.44,11,0.44,0,144
7243,1,0,0.0,0.44,11,0.44,0,144
7244,2,1,-25.811628,0.56,14,0.56,0,144
7245,1,0,0.0,0.56,14,0.56,1,144
7246,1,0,0.0,0.56,14,0.56,0,144
7247,1,0,0.0,0.56,14,0.56,0,144
7248,1,0,0.0,0.56,14,0.56,0,144
7249,0,-1,-0.0,0.56,14,0.56,0,144
7250,1,0,0.0,0.56,14,0.56,0,144
7251,1,0,0.0,0.56,14,0.56,0,144
7252,2,1,-11.786877,0.6,15,0.6,0,144
7253,1,0,0.0,0.6,15,0.6,0,144
7254,1,0,0.0,0.6,15,0.6,1,144
7255,1,0,0.0,0.6,15,0.6,0,144
7256,1,0,0.0,0.6,15,0.6,0,144
7257,0,-1,-12.773163,0.6,15,0.6,0,144
7258,1,0,0.0,0.6,15,0.6,0,144
7259,1,0,0.0,0.6,15,0.6,0,144
7260,1,0,0.0,0.6,15,0.6,0,144
7261,2,1,13.683232,0.64,16,0.64,0,144
7262,1,0,0.0,0.64,16,0.64,0,144
7263,1,0,0.0,0.64,16,0.64,0,144
7264,1,0,0.0,0.64,16,0.64,0,144
7265,1,0,0.0,0.64,16,0.64,0,144
7266,0,-1,-4.4395328,0.6,15,0.6,1,144
7267,2,1,-0.6508544,0.68,17,0.68,0,144
7268,1,0,0.0,0.68,17,0.68,0,144
7269,1,0,0.0,0.68,17,0.68,0,144
7270,1,0,0.0,0.68,17,0.68,0,144
7271,1,0,0.0,0.68,17,0.68,1,144
7272,1,0,0.0,0.68,17,0.68,0,144
7273,1,0,0.0,0.68,17,0.68,0,144
7274,0,-1,-11.825713,0.64,16,0.64,0,144
7275,1,0,0.0,0.64,16,0.64,0,144
7276,1,0,0.0,0.64,16,0.64,0,144
7277,1,0,0.0,0.64,16,0.64,0,144
7278,1,0,0.0,0.64,16,0.64,0,144
7279,1,0,0.0,0.64,16,0.64,0,144
7280,0,-1,-13.953323,0.6,15,0.6,1,144
7281,1,0,0.0,0.6,15,0.6,0,144
7282,1,0,0.0,0.6,15,0.6,0,144
7283,0,-1,-0.0,0.6,15,0.6,0,144
7284,1,0,0.0,0.6,15,0.6,0,144
7285,1,0,0.0,0.6,15,0.6,0,144
7286,1,0,0.0,0.6,15,0.6,0,144
7287,1,0,0.0,0.6,15,0.6,0,144
7288,1,0,0.0,0.6,15,0.6,0,144
7289,1,0,0.0,0.6,15,0.6,0,144
7290,1,0,0.0,0.6,15,0.6,0,144
7291,1,0,0.0,0.6,15,0.6,0,144
7292,1,0,0.0,0.6,15,0.6,0,144
7293,1,0,0.0,0.6,15,0.6,1,144
7294,2,1,16.512833,0.64,16,0.64,0,144
7295,1,0,0.0,0.64,16,0.64,0,144
7296,1,0,0.0,0.64,16,0.64,0,144
7297,1,0,0.0,0.64,16,0.64,0,144
7298,1,0,0.0,0.64,16,0.64,0,144
7299,1,0,0.0,0.64,16,0.64,0,144
7300,1,0,0.0,0.64,16,0.64,0,144
7301,1,0,0.0,0.64,16,0.64,0,144
7302,1,0,0.0,0.64,16,0.64,0,144
7303,0,-1,-0.0,0.64,16,0.64,0,144
7304,0,-1,-9.216143,0.6,15,0.6,0,144
7305,1,0,0.0,0.6,15,0.6,0,144
7306,1,0,0.0,0.6,15,0.6,0,144
7307,1,0,0.0,0.6,15,0.6,0,144
7308,1,0,0.0,0.6,15,0.6,0,144
7309,1,0,0.0,0.6,15,0.6,0,144
7310,1,0,0.0,0.6,15,0.6,0,144
7311,1,0,0.0,0.6,15,0.6,0,144
7312,1,0,0.0,0.6,15,0.6,0,144
7313,2,1,-25.33419,0.72,18,0.72,0,144
7314,1,0,0.0,0.72,18,0.72,1,144
7315,0,-1,-0.0,0.72,18,0.72,0,144
7316,2,1,-4.003556,0.76,19,0.76,0,144
7317,2,1,-179.09004,0.88,22,0.88,0,144
7318,2,1,-181.9487,0.92,23,0.92,0,144
7319,1,0,0.0,0.92,23,0.92,0,144
7320,1,0,0.0,0.92,23,0.92,0,144
7321,1,0,0.0,0.92,23,0.92,0,144
7322,1,0,0.0,0.92,23,0.92,0,144
7323,1,0,0.0,0.92,23,0.92,0,144
7324,1,0,0.0,0.92,23,0.92,0,144
7325,1,0,0.0,0.92,23,0.92,0,144
7326,1,0,0.0,0.92,23,0.92,0,144
7327,0,-1,-0.0,0.92,23,0.92,0,144
7328,1,0,0.0,0.92,23,0.92,0,144
7329,1,0,0.0,0.92,23,0.92,0,144
7330,1,0,0.0,0.92,23,0.92,0,144
7331,1,0,0.0,0.92,23,0.92,0,144
7332,1,0,0.0,0.92,23,0.92,0,144
7333,1,0,0.0,0.92,23,0.92,0,144
7334,1,0,0.0,0.92,23,0.92,0,144
7335,1,0,0.0,0.92,23,0.92,0,144
7336,1,0,0.0,0.92,23,0.92,0,144
7337,1,0,0.0,0.92,23,0.92,0,144
7338,1,0,-1000.0,0.0,0,0.0,0,144
7339,0,-1,-0.0,0.16,4,0.16,0,145
7340,2,1,28.346605,0.2,5,0.2,0,145
7341,2,1,28.22638,0.24,6,0.24,0,145
7342,1,0,0.0,0.24,6,0.24,0,145
7343,2,1,-4.515744,0.28,7,0.28,0,145
7344,0,-1,-0.0,0.28,7,0.28,0,145
7345,2,1,26.436209,0.32,8,0.32,0,145
7346,2,1,26.008978,0.36,9,0.36,0,145
7347,1,0,0.0,0.36,9,0.36,0,145
7348,2,1,23.822836,0.4,10,0.4,0,145
7349,1,0,0.0,0.4,10,0.4,0,145
7350,1,0,0.0,0.4,10,0.4,0,145
7351,1,0,0.0,0.4,10,0.4,0,145
7352,1,0,0.0,0.4,10,0.4,0,145
7353,2,1,14.3443775,0.48,12,0.48,0,145
7354,1,0,0.0,0.48,12,0.48,0,145
7355,2,1,11.372195,0.56,14,0.56,0,145
7356,1,0,0.0,0.56,14,0.56,0,145
7357,1,0,0.0,0.56,14,0.56,0,145
7358,2,1,2.6954784,0.64,16,0.64,0,145
7359,1,0,0.0,0.64,16,0.64,0,145
7360,1,0,0.0,0.64,16,0.64,0,145
7361,1,0,0.0,0.64,16,0.64,0,145
7362,2,1,-13.471428,0.72,18,0.72,0,145
7363,1,0,0.0,0.72,18,0.72,0,145
7364,1,0,0.0,0.72,18,0.72,0,145
7365,1,0,0.0,0.72,18,0.72,0,145
7366,1,0,0.0,0.72,18,0.72,0,145
7367,1,0,0.0,0.72,18,0.72,1,145
7368,1,0,0.0,0.72,18,0.72,0,145
7369,2,1,-210.14847,0.88,22,0.88,0,145
7370,1,0,0.0,0.88,22,0.88,0,145
7371,1,0,0.0,0.88,22,0.88,0,145
7372,2,1,-180.84506,0.92,23,0.92,0,145
7373,1,0,0.0,0.92,23,0.92,0,145
7374,1,0,0.0,0.92,23,0.92,0,145
7375,1,0,0.0,0.92,23,0.92,0,145
7376,1,0,0.0,0.92,23,0.92,0,145
7377,1,0,0.0,0.92,23,0.92,0,145
7378,1,0,0.0,0.92,23,0.92,0,145
7379,2,1,-599.4784,0.96,24,0.96,0,145
7380,1,0,0.0,0.96,24,0.96,0,145
7381,1,0,0.0,0.96,24,0.96,0,145
7382,1,0,0.0,0.96,24,0.96,0,145
7383,1,0,0.0,0.96,24,0.96,1,145
7384,1,0,0.0,0.96,24,0.96,0,145
7385,2,1,22.541464,1.0,25,1.0,0,145
7386,0,-1,-1000.0,0.0,0,0.0,0,145
7387,2,1,28.364332,0.2,5,0.2,0,146
7388,1,0,0.0,0.2,5,0.2,0,146
7389,0,-1,-28.364332,0.16,4,0.16,0,146
7390,2,1,28.346605,0.2,5,0.2,0,146
7391,1,0,0.0,0.2,5,0.2,0,146
7392,1,0,0.0,0.2,5,0.2,0,146
7393,1,0,0.0,0.2,5,0.2,0,146
7394,2,1,19.461393,0.28,7,0.28,0,146
7395,0,-1,-0.0,0.28,7,0.28,0,146
7396,1,0,0.0,0.28,7,0.28,0,146
7397,2,1,22.635555,0.36,9,0.36,0,146
7398,0,-1,-0.0,0.36,9,0.36,0,146
7399,2,1,20.174376,0.4,10,0.4,0,146
7400,1,0,0.0,0.4,10,0.4,0,146
7401,1,0,0.0,0.4,10,0.4,0,146
7402,0,-1,-0.22802086,0.4,10,0.4,0,146
7403,1,0,0.0,0.4,10,0.4,0,146
7404,2,1,24.768646,0.44,11,0.44,0,146
7405,1,0,0.0,0.44,11,0.44,0,146
7406,1,0,0.0,0.44,11,0.44,0,146
7407,1,0,0.0,0.44,11,0.44,0,146
7408,2,1,0.8403588,0.56,14,0.56,0,146
7409,1,0,0.0,0.56,14,0.56,0,146
7410,1,0,0.0,0.56,14,0.56,0,146
7411,1,0,0.0,0.56,14,0.56,0,146
7412,1,0,0.0,0.56,14,0.56,0,146
7413,2,1,-14.818076,0.68,17,0.68,0,146
7414,1,0,0.0,0.68,17,0.68,0,146
7415,0,-1,-6.4775124,0.64,16,0.64,0,146
7416,1,0,0.0,0.64,16,0.64,1,146
7417,1,0,0.0,0.64,16,0.64,0,146
7418,1,0,0.0,0.64,16,0.64,0,146
7419,1,0,0.0,0.64,16,0.64,0,146
7420,2,1,11.796289,0.68,17,0.68,0,146
7421,0,-1,-19.939295,0.68,17,0.68,0,146
7422,1,0,0.0,0.68,17,0.68,0,146
7423,1,0,0.0,0.68,17,0.68,0,146
7424,0,-1,-8.888094,0.64,16,0.64,0,146
7425,1,0,0.0,0.64,16,0.64,0,146
7426,1,0,0.0,0.64,16,0.64,0,146
7427,1,0,0.0,0.64,16,0.64,0,146
7428,1,0,0.0,0.64,16,0.64,0,146
7429,1,0,0.0,0.64,16,0.64,0,146
7430,1,0,0.0,0.64,16,0.64,0,146
7431,0,-1,3.2383883,0.6,15,0.6,0,146
7432,1,0,0.0,0.6,15,0.6,0,146
7433,2,1,-5.2376027,0.68,17,0.68,0,146
7434,2,1,6.9527073,0.72,18,0.72,0,146
7435,0,-1,-0.0013363506,0.72,18,0.72,0,146
7436,1,0,0.0,0.72,18,0.72,0,146
7437,2,1,-2.8509293,0.76,19,0.76,0,146
7438,1,0,0.0,0.76,19,0.76,0,146
7439,2,1,-182.55208,0.88,22,0.88,0,146
7440,1,0,0.0,0.88,22,0.88,1,146
7441,0,-1,-9.550245,0.88,22,0.88,0,146
7442,1,0,0.0,0.88,22,0.88,0,146
7443,1,0,0.0,0.88,22,0.88,0,146
7444,1,0,0.0,0.88,22,0.88,0,146
7445,1,0,0.0,0.88,22,0.88,0,146
7446,1,0,0.0,0.88,22,0.88,0,146
7447,1,0,0.0,0.88,22,0.88,0,146
7448,1,0,0.0,0.88,22,0.88,0,146
7449,1,0,0.0,0.88,22,0.88,0,146
7450,1,0,0.0,0.88,22,0.88,0,146
7451,1,0,0.0,0.88,22,0.88,0,146
7452,1,0,-1000.0,0.0,0,0.0,0,146
7453,2,1,-4.1406527,0.2,5,0.2,0,147
7454,2,1,28.22638,0.24,6,0.24,1,147
7455,1,0,0.0,0.24,6,0.24,0,147
7456,1,0,0.0,0.24,6,0.24,0,147
7457,2,1,18.772905,0.28,7,0.28,0,147
7458,2,1,27.53589,0.32,8,0.32,0,147
7459,1,0,0.0,0.32,8,0.32,0,147
7460,2,1,22.512987,0.36,9,0.36,0,147
7461,2,1,11.463379,0.48,12,0.48,0,147
7462,2,1,-3.1179929,0.6,15,0.6,0,147
7463,1,0,0.0,0.6,15,0.6,0,147
7464,1,0,0.0,0.6,15,0.6,0,147
7465,1,0,0.0,0.6,15,0.6,0,147
7466,1,0,0.0,0.6,15,0.6,0,147
7467,1,0,0.0,0.6,15,0.6,0,147
7468,1,0,0.0,0.6,15,0.6,0,147
7469,1,0,0.0,0.6,15,0.6,0,147
7470,1,0,0.0,0.6,15,0.6,0,147
7471,1,0,0.0,0.6,15,0.6,0,147
7472,1,0,0.0,0.6,15,0.6,0,147
7473,1,0,-1000.0,0.0,0,0.0,0,147
7474,1,0,0.0,0.16,4,0.16,0,148
7475,2,1,28.364332,0.2,5,0.2,0,148
7476,1,0,0.0,0.2,5,0.2,0,148
7477,1,0,0.0,0.2,5,0.2,0,148
7478,1,0,0.0,0.2,5,0.2,0,148
7479,2,1,19.247265,0.28,7,0.28,0,148
7480,2,1,27.639961,0.32,8,0.32,0,148
7481,1,0,0.0,0.32,8,0.32,0,148
7482,1,0,0.0,0.32,8,0.32,0,148
7483,2,1,26.003696,0.36,9,0.36,0,148
7484,1,0,0.0,0.36,9,0.36,1,148
7485,2,1,25.41577,0.4,10,0.4,0,148
7486,2,1,12.836255,0.48,12,0.48,0,148
7487,1,0,0.0,0.48,12,0.48,0,148
7488,1,0,0.0,0.48,12,0.48,0,148
7489,0,-1,-9.154306e-05,0.48,12,0.48,0,148
7490,1,0,0.0,0.48,12,0.48,0,148
7491,1,0,0.0,0.48,12,0.48,0,148
7492,1,0,0.0,0.48,12,0.48,0,148
7493,1,0,0.0,0.48,12,0.48,0,148
7494,1,0,0.0,0.48,12,0.48,0,148
7495,1,0,0.0,0.48,12,0.48,0,148
7496,2,1,9.912621,0.56,14,0.56,0,148
7497,1,0,0.0,0.56,14,0.56,0,148
7498,1,0,0.0,0.56,14,0.56,0,148
7499,1,0,0.0,0.56,14,0.56,0,148
7500,1,0,0.0,0.56,14,0.56,0,148
7501,1,0,0.0,0.56,14,0.56,0,148
7502,1,0,0.0,0.56,14,0.56,0,148
7503,1,0,0.0,0.56,14,0.56,0,148
7504,1,0,0.0,0.56,14,0.56,0,148
7505,1,0,0.0,0.56,14,0.56,0,148
7506,1,0,0.0,0.56,14,0.56,0,148
7507,1,0,-1000.0,0.0,0,0.0,0,148
7508,1,0,0.0,0.16,4,0.16,0,149
7509,2,1,-4.1406527,0.2,5,0.2,0,149
7510,1,0,0.0,0.2,5,0.2,0,149
7511,1,0,0.0,0.2,5,0.2,0,149
7512,1,0,0.0,0.2,5,0.2,0,149
7513,2,1,-4.278687,0.24,6,0.24,0,149
7514,1,0,0.0,0.24,6,0.24,0,149
7515,2,1,-4.51638,0.28,7,0.28,0,149
7516,1,0,0.0,0.28,7,0.28,1,149
7517,0,-1,-0.0,0.28,7,0.28,0,149
7518,1,0,0.0,0.28,7,0.28,0,149
7519,2,1,16.452507,0.4,10,0.4,0,149
7520,2,1,18.592127,0.48,12,0.48,0,149
7521,1,0,0.0,0.48,12,0.48,0,149
7522,1,0,0.0,0.48,12,0.48,0,149
7523,1,0,0.0,0.48,12,0.48,0,149
7524,2,1,10.013801,0.56,14,0.56,0,149
7525,2,1,5.133268,0.64,16,0.64,0,149
7526,2,1,-20.570114,0.72,18,0.72,0,149
7527,2,1,-3.2937346,0.76,19,0.76,0,149
7528,2,1,-177.80157,0.88,22,0.88,0,149
7529,1,0,0.0,0.88,22,0.88,0,149
7530,1,0,0.0,0.88,22,0.88,0,149
7531,1,0,0.0,0.88,22,0.88,1,149
7532,1,0,0.0,0.88,22,0.88,0,149
7533,1,0,0.0,0.88,22,0.88,1,149
7534,1,0,0.0,0.88,22,0.88,0,149
7535,1,0,0.0,0.88,22,0.88,0,149
7536,1,0,0.0,0.88,22,0.88,0,149
7537,1,0,0.0,0.88,22,0.88,0,149
7538,1,0,0.0,0.88,22,0.88,0,149
7539,1,0,-1000.0,0.0,0,0.0,0,149
7540,1,0,0.0,0.16,4,0.16,0,150
7541,2,1,28.346605,0.2,5,0.2,0,150
7542,2,1,28.22638,0.24,6,0.24,0,150
7543,1,0,0.0,0.24,6,0.24,0,150
7544,0,-1,-0.0,0.24,6,0.24,0,150
7545,1,0,0.0,0.24,6,0.24,0,150
7546,2,1,26.767761,0.28,7,0.28,0,150
7547,0,-1,-0.2743589,0.28,7,0.28,0,150
7548,2,1,21.33844,0.36,9,0.36,0,150
7549,2,1,17.443815,0.44,11,0.44,0,150
7550,1,0,0.0,0.44,11,0.44,1,150
7551,1,0,0.0,0.44,11,0.44,0,150
7552,1,0,0.0,0.44,11,0.44,0,150
7553,2,1,11.894174,0.52,13,0.52,0,150
7554,1,0,0.0,0.52,13,0.52,0,150
7555,1,0,0.0,0.52,13,0.52,0,150
7556,2,1,-6.9161925,0.64,16,0.64,0,150
7557,1,0,0.0,0.64,16,0.64,0,150
7558,1,0,0.0,0.64,16,0.64,0,150
7559,2,1,-15.041741,0.72,18,0.72,0,150
7560,1,0,0.0,0.72,18,0.72,0,150
7561,2,1,-418.75937,0.92,23,0.92,0,150
7562,1,0,0.0,0.92,23,0.92,1,150
7563,1,0,0.0,0.92,23,0.92,0,150
7564,1,0,0.0,0.92,23,0.92,0,150
7565,1,0,0.0,0.92,23,0.92,0,150
7566,1,0,0.0,0.92,23,0.92,0,150
7567,1,0,0.0,0.92,23,0.92,0,150
7568,1,0,0.0,0.92,23,0.92,0,150
7569,1,0,0.0,0.92,23,0.92,0,150
7570,1,0,0.0,0.92,23,0.92,0,150
7571,1,0,0.0,0.92,23,0.92,0,150
7572,1,0,-1000.0,0.0,0,0.0,0,150
7573,0,-1,-0.0,0.16,4,0.16,0,151
7574,1,0,0.0,0.16,4,0.16,0,151
7575,2,1,28.346605,0.2,5,0.2,0,151
7576,0,-1,-28.346605,0.16,4,0.16,0,151
7577,1,0,0.0,0.16,4,0.16,0,151
7578,2,1,-4.1407347,0.2,5,0.2,0,151
7579,1,0,0.0,0.2,5,0.2,0,151
7580,1,0,0.0,0.2,5,0.2,0,151
7581,2,1,28.22638,0.24,6,0.24,0,151
7582,1,0,0.0,0.24,6,0.24,0,151
7583,1,0,0.0,0.24,6,0.24,0,151
7584,2,1,27.971514,0.28,7,0.28,0,151
7585,0,-1,-27.98924,0.24,6,0.24,0,151
7586,0,-1,4.278687,0.2,5,0.2,0,151
7587,1,0,0.0,0.2,5,0.2,0,151
7588,2,1,19.461393,0.28,7,0.28,1,151
7589,1,0,0.0,0.28,7,0.28,0,151
7590,2,1,22.627563,0.36,9,0.36,0,151
7591,1,0,0.0,0.36,9,0.36,0,151
7592,0,-1,-22.758741,0.36,9,0.36,0,151
7593,1,0,0.0,0.36,9,0.36,0,151
7594,1,0,0.0,0.36,9,0.36,0,151
7595,1,0,0.0,0.36,9,0.36,0,151
7596,0,-1,-3.5005776e-06,0.36,9,0.36,0,151
7597,1,0,0.0,0.36,9,0.36,0,151
7598,1,0,0.0,0.36,9,0.36,0,151
7599,2,1,25.470247,0.4,10,0.4,0,151
7600,1,0,0.0,0.4,10,0.4,0,151
7601,1,0,0.0,0.4,10,0.4,0,151
7602,1,0,0.0,0.4,10,0.4,0,151
7603,1,0,0.0,0.4,10,0.4,1,151
7604,1,0,0.0,0.4,10,0.4,0,151
7605,2,1,23.655636,0.44,11,0.44,0,151
7606,2,1,18.464382,0.48,12,0.48,0,151
7607,2,1,11.2904215,0.52,13,0.52,0,151
7608,1,0,0.0,0.52,13,0.52,0,151
7609,1,0,0.0,0.52,13,0.52,0,151
7610,1,0,0.0,0.52,13,0.52,0,151
7611,1,0,0.0,0.52,13,0.52,0,151
7612,1,0,0.0,0.52,13,0.52,0,151
7613,1,0,0.0,0.52,13,0.52,0,151
7614,1,0,0.0,0.52,13,0.52,0,151
7615,1,0,0.0,0.52,13,0.52,0,151
7616,1,0,0.0,0.52,13,0.52,0,151
7617,1,0,0.0,0.52,13,0.52,0,151
7618,1,0,-1000.0,0.0,0,0.0,0,151
7619,1,0,0.0,0.16,4,0.16,0,152
7620,1,0,0.0,0.16,4,0.16,0,152
7621,0,-1,-0.0,0.16,4,0.16,0,152
7622,1,0,0.0,0.16,4,0.16,0,152
7623,2,1,28.364332,0.2,5,0.2,0,152
7624,1,0,0.0,0.2,5,0.2,0,152
7625,2,1,-4.278687,0.24,6,0.24,0,152
7626,1,0,0.0,0.24,6,0.24,0,152
7627,2,1,23.38718,0.32,8,0.32,0,152
7628,1,0,0.0,0.32,8,0.32,0,152
7629,1,0,0.0,0.32,8,0.32,0,152
7630,1,0,0.0,0.32,8,0.32,0,152
7631,1,0,0.0,0.32,8,0.32,0,152
7632,1,0,0.0,0.32,8,0.32,0,152
7633,1,0,0.0,0.32,8,0.32,1,152
7634,1,0,0.0,0.32,8,0.32,0,152
7635,0,-1,-0.0,0.32,8,0.32,0,152
7636,1,0,0.0,0.32,8,0.32,0,152
7637,1,0,0.0,0.32,8,0.32,0,152
7638,1,0,0.0,0.32,8,0.32,0,152
7639,1,0,0.0,0.32,8,0.32,0,152
7640,1,0,0.0,0.32,8,0.32,0,152
7641,1,0,0.0,0.32,8,0.32,0,152
7642,1,0,0.0,0.32,8,0.32,1,152
7643,2,1,13.963408,0.36,9,0.36,0,152
7644,1,0,0.0,0.36,9,0.36,0,152
7645,1,0,0.0,0.36,9,0.36,0,152
7646,2,1,9.33242,0.48,12,0.48,0,152
7647,1,0,0.0,0.48,12,0.48,0,152
7648,1,0,0.0,0.48,12,0.48,0,152
7649,1,0,0.0,0.48,12,0.48,0,152
7650,0,-1,-11.851995,0.44,11,0.44,0,152
7651,2,1,15.637692,0.52,13,0.52,0,152
7652,1,0,0.0,0.52,13,0.52,0,152
7653,1,0,0.0,0.52,13,0.52,0,152
7654,1,0,0.0,0.52,13,0.52,0,152
7655,1,0,0.0,0.52,13,0.52,0,152
7656,0,-1,-15.343337,0.48,12,0.48,0,152
7657,2,1,-1.1641724,0.6,15,0.6,1,152
7658,1,0,0.0,0.6,15,0.6,0,152
7659,1,0,0.0,0.6,15,0.6,0,152
7660,1,0,0.0,0.6,15,0.6,0,152
7661,1,0,0.0,0.6,15,0.6,0,152
7662,2,1,8.123467,0.64,16,0.64,0,152
7663,1,0,0.0,0.64,16,0.64,0,152
7664,1,0,0.0,0.64,16,0.64,0,152
7665,1,0,0.0,0.64,16,0.64,0,152
7666,1,0,0.0,0.64,16,0.64,0,152
7667,1,0,0.0,0.64,16,0.64,0,152
7668,0,-1,-14.46946,0.6,15,0.6,0,152
7669,1,0,0.0,0.6,15,0.6,0,152
7670,1,0,0.0,0.6,15,0.6,0,152
7671,2,1,11.655369,0.64,16,0.64,1,152
7672,1,0,0.0,0.64,16,0.64,0,152
7673,1,0,0.0,0.64,16,0.64,0,152
7674,1,0,0.0,0.64,16,0.64,0,152
7675,1,0,0.0,0.64,16,0.64,0,152
7676,2,1,-10.845694,0.72,18,0.72,0,152
7677,2,1,-0.73844814,0.76,19,0.76,0,152
7678,1,0,0.0,0.76,19,0.76,0,152
7679,1,0,0.0,0.76,19,0.76,0,152
7680,1,0,0.0,0.76,19,0.76,0,152
7681,1,0,0.0,0.76,19,0.76,0,152
7682,2,1,-14.336808,0.8,20,0.8,0,152
7683,1,0,0.0,0.8,20,0.8,0,152
7684,1,0,0.0,0.8,20,0.8,0,152
7685,1,0,0.0,0.8,20,0.8,0,152
7686,1,0,0.0,0.8,20,0.8,0,152
7687,1,0,0.0,0.8,20,0.8,0,152
7688,1,0,0.0,0.8,20,0.8,0,152
7689,1,0,0.0,0.8,20,0.8,0,152
7690,1,0,0.0,0.8,20,0.8,0,152
7691,1,0,0.0,0.8,20,0.8,0,152
7692,2,1,-37.13422,0.84,21,0.84,0,152
7693,1,0,0.0,0.84,21,0.84,0,152
7694,0,-1,35.94822,0.8,20,0.8,0,152
7695,2,1,-138.16472,0.88,22,0.88,0,152
7696,1,0,0.0,0.88,22,0.88,0,152
7697,1,0,0.0,0.88,22,0.88,0,152
7698,1,0,0.0,0.88,22,0.88,0,152
7699,1,0,0.0,0.88,22,0.88,1,152
7700,1,0,0.0,0.88,22,0.88,1,152
7701,2,1,-182.24355,0.92,23,0.92,0,152
7702,1,0,0.0,0.92,23,0.92,0,152
7703,1,0,0.0,0.92,23,0.92,0,152
7704,1,0,0.0,0.92,23,0.92,0,152
7705,1,0,0.0,0.92,23,0.92,0,152
7706,1,0,0.0,0.92,23,0.92,0,152
7707,1,0,0.0,0.92,23,0.92,0,152
7708,1,0,0.0,0.92,23,0.92,0,152
7709,1,0,0.0,0.92,23,0.92,0,152
7710,1,0,0.0,0.92,23,0.92,0,152
7711,1,0,0.0,0.92,23,0.92,0,152
7712,1,0,-1000.0,0.0,0,0.0,0,152
7713,2,1,28.364332,0.2,5,0.2,0,153
7714,2,1,19.247265,0.28,7,0.28,0,153
7715,2,1,-4.847379,0.32,8,0.32,0,153
7716,2,1,27.207449,0.36,9,0.36,0,153
7717,1,0,0.0,0.36,9,0.36,0,153
7718,2,1,-5.8295894,0.4,10,0.4,0,153
7719,2,1,-13.91254,0.48,12,0.48,0,153
7720,1,0,0.0,0.48,12,0.48,0,153
7721,1,0,0.0,0.48,12,0.48,0,153
7722,1,0,0.0,0.48,12,0.48,0,153
7723,2,1,22.79115,0.52,13,0.52,0,153
7724,1,0,0.0,0.52,13,0.52,0,153
7725,1,0,0.0,0.52,13,0.52,0,153
7726,1,0,0.0,0.52,13,0.52,0,153
7727,1,0,0.0,0.52,13,0.52,0,153
7728,1,0,0.0,0.52,13,0.52,0,153
7729,1,0,0.0,0.52,13,0.52,0,153
7730,1,0,0.0,0.52,13,0.52,0,153
7731,1,0,0.0,0.52,13,0.52,0,153
7732,1,0,0.0,0.52,13,0.52,0,153
7733,1,0,0.0,0.52,13,0.52,0,153
7734,1,0,-1000.0,0.0,0,0.0,0,153
7735,2,1,-4.1406527,0.2,5,0.2,0,154
7736,1,0,0.0,0.2,5,0.2,0,154
7737,2,1,-4.2792473,0.24,6,0.24,0,154
7738,0,-1,-0.0,0.24,6,0.24,0,154
7739,2,1,17.860786,0.36,9,0.36,0,154
7740,1,0,0.0,0.36,9,0.36,0,154
7741,1,0,0.0,0.36,9,0.36,0,154
7742,1,0,0.0,0.36,9,0.36,0,154
7743,1,0,0.0,0.36,9,0.36,0,154
7744,2,1,20.401127,0.44,11,0.44,0,154
7745,1,0,0.0,0.44,11,0.44,0,154
7746,0,-1,6.5202236,0.4,10,0.4,0,154
7747,1,0,0.0,0.4,10,0.4,0,154
7748,1,0,0.0,0.4,10,0.4,0,154
7749,2,1,9.051798,0.52,13,0.52,0,154
7750,1,0,0.0,0.52,13,0.52,0,154
7751,1,0,0.0,0.52,13,0.52,0,154
7752,1,0,0.0,0.52,13,0.52,0,154
7753,1,0,0.0,0.52,13,0.52,0,154
7754,2,1,8.083592,0.6,15,0.6,1,154
7755,1,0,0.0,0.6,15,0.6,0,154
7756,2,1,-3.9998538,0.68,17,0.68,0,154
7757,1,0,0.0,0.68,17,0.68,0,154
7758,1,0,0.0,0.68,17,0.68,0,154
7759,1,0,0.0,0.68,17,0.68,1,154
7760,1,0,0.0,0.68,17,0.68,0,154
7761,1,0,0.0,0.68,17,0.68,0,154
7762,1,0,0.0,0.68,17,0.68,0,154
7763,1,0,0.0,0.68,17,0.68,0,154
7764,1,0,0.0,0.68,17,0.68,0,154
7765,1,0,0.0,0.68,17,0.68,0,154
7766,1,0,0.0,0.68,17,0.68,0,154
7767,1,0,-1000.0,0.0,0,0.0,0,154
7768,1,0,0.0,0.16,4,0.16,0,155
7769,2,1,28.346605,0.2,5,0.2,0,155
7770,2,1,-4.278605,0.24,6,0.24,1,155
7771,2,1,23.361662,0.32,8,0.32,0,155
7772,1,0,0.0,0.32,8,0.32,0,155
7773,1,0,0.0,0.32,8,0.32,0,155
7774,1,0,0.0,0.32,8,0.32,0,155
7775,0,-1,-24.03473,0.28,7,0.28,0,155
7776,1,0,0.0,0.28,7,0.28,0,155
7777,1,0,0.0,0.28,7,0.28,0,155
7778,2,1,13.083641,0.4,10,0.4,0,155
7779,2,1,21.226582,0.44,11,0.44,0,155
7780,1,0,0.0,0.44,11,0.44,0,155
7781,1,0,0.0,0.44,11,0.44,0,155
7782,1,0,0.0,0.44,11,0.44,0,155
7783,1,0,0.0,0.44,11,0.44,0,155
7784,1,0,0.0,0.44,11,0.44,0,155
7785,1,0,0.0,0.44,11,0.44,0,155
7786,2,1,23.843533,0.48,12,0.48,0,155
7787,1,0,0.0,0.48,12,0.48,0,155
7788,2,1,8.310308,0.56,14,0.56,0,155
7789,1,0,0.0,0.56,14,0.56,0,155
7790,0,-1,-16.808165,0.52,13,0.52,0,155
7791,1,0,0.0,0.52,13,0.52,0,155
7792,1,0,0.0,0.52,13,0.52,0,155
7793,1,0,0.0,0.52,13,0.52,0,155
7794,1,0,0.0,0.52,13,0.52,0,155
7795,1,0,0.0,0.52,13,0.52,0,155
7796,1,0,0.0,0.52,13,0.52,0,155
7797,1,0,0.0,0.52,13,0.52,0,155
7798,1,0,0.0,0.52,13,0.52,1,155
7799,1,0,0.0,0.52,13,0.52,0,155
7800,1,0,0.0,0.52,13,0.52,0,155
7801,1,0,-1000.0,0.0,0,0.0,0,155
7802,1,0,0.0,0.16,4,0.16,0,156
7803,1,0,0.0,0.16,4,0.16,0,156
7804,1,0,0.0,0.16,4,0.16,1,156
7805,2,1,25.03742,0.2,5,0.2,0,156
7806,1,0,0.0,0.2,5,0.2,0,156
7807,1,0,0.0,0.2,5,0.2,0,156
7808,1,0,0.0,0.2,5,0.2,0,156
7809,1,0,0.0,0.2,5,0.2,0,156
7810,1,0,0.0,0.2,5,0.2,0,156
7811,2,1,21.808485,0.24,6,0.24,0,156
7812,1,0,0.0,0.24,6,0.24,0,156
7813,2,1,22.907942,0.32,8,0.32,0,156
7814,1,0,0.0,0.32,8,0.32,0,156
7815,1,0,0.0,0.32,8,0.32,0,156
7816,2,1,27.123592,0.36,9,0.36,0,156
7817,1,0,0.0,0.36,9,0.36,0,156
7818,1,0,0.0,0.36,9,0.36,0,156
7819,2,1,12.389507,0.44,11,0.44,0,156
7820,1,0,0.0,0.44,11,0.44,0,156
7821,1,0,0.0,0.44,11,0.44,1,156
7822,1,0,0.0,0.44,11,0.44,0,156
7823,1,0,0.0,0.44,11,0.44,0,156
7824,2,1,23.590628,0.48,12,0.48,0,156
7825,1,0,0.0,0.48,12,0.48,0,156
7826,1,0,0.0,0.48,12,0.48,0,156
7827,1,0,0.0,0.48,12,0.48,0,156
7828,1,0,0.0,0.48,12,0.48,0,156
7829,1,0,0.0,0.48,12,0.48,0,156
7830,1,0,0.0,0.48,12,0.48,0,156
7831,1,0,0.0,0.48,12,0.48,0,156
7832,2,1,21.313286,0.52,13,0.52,0,156
7833,1,0,0.0,0.52,13,0.52,0,156
7834,1,0,0.0,0.52,13,0.52,0,156
7835,1,0,0.0,0.52,13,0.52,0,156
7836,1,0,0.0,0.52,13,0.52,0,156
7837,1,0,0.0,0.52,13,0.52,0,156
7838,1,0,0.0,0.52,13,0.52,0,156
7839,2,1,9.432401,0.6,15,0.6,0,156
7840,1,0,0.0,0.6,15,0.6,1,156
7841,2,1,-26.122381,0.72,18,0.72,0,156
7842,1,0,0.0,0.72,18,0.72,0,156
7843,1,0,0.0,0.72,18,0.72,0,156
7844,1,0,0.0,0.72,18,0.72,0,156
7845,1,0,0.0,0.72,18,0.72,0,156
7846,1,0,0.0,0.72,18,0.72,0,156
7847,1,0,0.0,0.72,18,0.72,0,156
7848,1,0,0.0,0.72,18,0.72,0,156
7849,1,0,0.0,0.72,18,0.72,0,156
7850,1,0,0.0,0.72,18,0.72,0,156
7851,1,0,0.0,0.72,18,0.72,0,156
7852,1,0,-1000.0,0.0,0,0.0,0,156
7853,2,1,28.364332,0.2,5,0.2,0,157
7854,2,1,23.955872,0.28,7,0.28,0,157
7855,1,0,0.0,0.28,7,0.28,0,157
7856,1,0,0.0,0.28,7,0.28,0,157
7857,1,0,0.0,0.28,7,0.28,0,157
7858,2,1,26.436209,0.32,8,0.32,0,157
7859,1,0,0.0,0.32,8,0.32,0,157
7860,2,1,-5.27981,0.36,9,0.36,0,157
7861,1,0,0.0,0.36,9,0.36,1,157
7862,2,1,16.63118,0.44,11,0.44,0,157
7863,2,1,10.928021,0.52,13,0.52,0,157
7864,1,0,0.0,0.52,13,0.52,0,157
7865,1,0,0.0,0.52,13,0.52,0,157
7866,1,0,0.0,0.52,13,0.52,0,157
7867,1,0,0.0,0.52,13,0.52,0,157
7868,1,0,0.0,0.52,13,0.52,0,157
7869,2,1,7.703583,0.56,14,0.56,0,157
7870,1,0,0.0,0.56,14,0.56,0,157
7871,1,0,0.0,0.56,14,0.56,0,157
7872,1,0,0.0,0.56,14,0.56,0,157
7873,0,-1,-0.0,0.56,14,0.56,0,157
7874,1,0,0.0,0.56,14,0.56,0,157
7875,1,0,0.0,0.56,14,0.56,0,157
7876,1,0,0.0,0.56,14,0.56,0,157
7877,1,0,0.0,0.56,14,0.56,0,157
7878,1,0,0.0,0.56,14,0.56,0,157
7879,1,0,0.0,0.56,14,0.56,0,157
7880,1,0,0.0,0.56,14,0.56,0,157
7881,1,0,0.0,0.56,14,0.56,0,157
7882,1,0,0.0,0.56,14,0.56,0,157
7883,1,0,0.0,0.56,14,0.56,0,157
7884,1,0,-1000.0,0.0,0,0.0,0,157
7885,2,1,-4.1407347,0.2,5,0.2,0,158
7886,0,-1,-0.0,0.2,5,0.2,0,158
7887,1,0,0.0,0.2,5,0.2,0,158
7888,2,1,28.208652,0.24,6,0.24,0,158
7889,0,-1,4.278687,0.2,5,0.2,0,158
7890,2,1,23.968313,0.28,7,0.28,0,158
7891,1,0,0.0,0.28,7,0.28,0,158
7892,1,0,0.0,0.28,7,0.28,0,158
7893,1,0,0.0,0.28,7,0.28,0,158
7894,1,0,0.0,0.28,7,0.28,1,158
7895,2,1,13.110316,0.4,10,0.4,0,158
7896,2,1,14.084391,0.48,12,0.48,0,158
7897,2,1,14.680182,0.52,13,0.52,0,158
7898,1,0,0.0,0.52,13,0.52,0,158
7899,1,0,0.0,0.52,13,0.52,0,158
7900,1,0,0.0,0.52,13,0.52,0,158
7901,1,0,0.0,0.52,13,0.52,0,158
7902,1,0,0.0,0.52,13,0.52,0,158
7903,1,0,0.0,0.52,13,0.52,0,158
7904,2,1,9.713936,0.6,15,0.6,1,158
7905,1,0,0.0,0.6,15,0.6,0,158
7906,2,1,4.357355,0.64,16,0.64,0,158
7907,1,0,0.0,0.64,16,0.64,0,158
7908,1,0,0.0,0.64,16,0.64,0,158
7909,1,0,0.0,0.64,16,0.64,0,158
7910,1,0,0.0,0.64,16,0.64,0,158
7911,1,0,0.0,0.64,16,0.64,0,158
7912,1,0,0.0,0.64,16,0.64,0,158
7913,1,0,0.0,0.64,16,0.64,0,158
7914,1,0,0.0,0.64,16,0.64,0,158
7915,1,0,0.0,0.64,16,0.64,0,158
7916,1,0,0.0,0.64,16,0.64,0,158
7917,0,-1,-4.357355,0.6,15,0.6,0,158
7918,2,1,12.970796,0.64,16,0.64,0,158
7919,1,0,0.0,0.64,16,0.64,0,158
7920,1,0,0.0,0.64,16,0.64,0,158
7921,1,0,0.0,0.64,16,0.64,0,158
7922,1,0,0.0,0.64,16,0.64,1,158
7923,1,0,0.0,0.64,16,0.64,0,158
7924,1,0,0.0,0.64,16,0.64,0,158
7925,2,1,-10.435047,0.72,18,0.72,0,158
7926,1,0,0.0,0.72,18,0.72,0,158
7927,1,0,0.0,0.72,18,0.72,0,158
7928,2,1,-4.6096787,0.76,19,0.76,0,158
7929,1,0,0.0,0.76,19,0.76,0,158
7930,1,0,0.0,0.76,19,0.76,0,158
7931,2,1,-13.886223,0.8,20,0.8,0,158
7932,2,1,-37.084846,0.84,21,0.84,0,158
7933,1,0,0.0,0.84,21,0.84,0,158
7934,1,0,0.0,0.84,21,0.84,0,158
7935,1,0,0.0,0.84,21,0.84,0,158
7936,1,0,0.0,0.84,21,0.84,0,158
7937,2,1,-286.2216,0.92,23,0.92,0,158
7938,1,0,0.0,0.92,23,0.92,0,158
7939,1,0,0.0,0.92,23,0.92,0,158
7940,1,0,0.0,0.92,23,0.92,0,158
7941,1,0,0.0,0.92,23,0.92,0,158
7942,1,0,0.0,0.92,23,0.92,0,158
7943,1,0,0.0,0.92,23,0.92,0,158
7944,1,0,0.0,0.92,23,0.92,0,158
7945,2,1,25.651838,1.0,25,1.0,0,158
7946,1,0,-1000.0,0.0,0,0.0,0,158
7947,1,0,0.0,0.16,4,0.16,0,159
7948,2,1,-4.1406527,0.2,5,0.2,0,159
7949,2,1,28.22638,0.24,6,0.24,0,159
7950,1,0,0.0,0.24,6,0.24,0,159
7951,1,0,0.0,0.24,6,0.24,0,159
7952,2,1,27.971514,0.28,7,0.28,0,159
7953,2,1,26.441492,0.32,8,0.32,0,159
7954,2,1,17.881195,0.4,10,0.4,0,159
7955,1,0,0.0,0.4,10,0.4,0,159
7956,1,0,0.0,0.4,10,0.4,0,159
7957,1,0,0.0,0.4,10,0.4,0,159
7958,2,1,-6.5206485,0.44,11,0.44,0,159
7959,0,-1,-0.0038925202,0.44,11,0.44,0,159
7960,1,0,0.0,0.44,11,0.44,0,159
7961,0,-1,6.5206485,0.4,10,0.4,0,159
7962,1,0,0.0,0.4,10,0.4,0,159
7963,1,0,0.0,0.4,10,0.4,0,159
7964,1,0,0.0,0.4,10,0.4,0,159
7965,1,0,0.0,0.4,10,0.4,0,159
7966,1,0,0.0,0.4,10,0.4,0,159
7967,1,0,0.0,0.4,10,0.4,0,159
7968,1,0,0.0,0.4,10,0.4,0,159
7969,2,1,19.619528,0.44,11,0.44,1,159
7970,1,0,0.0,0.44,11,0.44,0,159
7971,0,-1,-25.074736,0.44,11,0.44,0,159
7972,1,0,0.0,0.44,11,0.44,0,159
7973,2,1,23.865364,0.48,12,0.48,0,159
7974,1,0,0.0,0.48,12,0.48,0,159
7975,1,0,0.0,0.48,12,0.48,0,159
7976,0,-1,-21.146023,0.44,11,0.44,0,159
7977,0,-1,-0.0,0.44,11,0.44,0,159
7978,1,0,0.0,0.44,11,0.44,0,159
7979,1,0,0.0,0.44,11,0.44,0,159
7980,2,1,21.135738,0.48,12,0.48,0,159
7981,2,1,21.130121,0.52,13,0.52,0,159
7982,1,0,0.0,0.52,13,0.52,0,159
7983,1,0,0.0,0.52,13,0.52,0,159
7984,1,0,0.0,0.52,13,0.52,0,159
7985,1,0,0.0,0.52,13,0.52,0,159
7986,1,0,0.0,0.52,13,0.52,0,159
7987,2,1,7.884509,0.6,15,0.6,0,159
7988,1,0,0.0,0.6,15,0.6,0,159
7989,2,1,10.084422,0.64,16,0.64,0,159
7990,0,-1,-0.0,0.64,16,0.64,0,159
7991,1,0,0.0,0.64,16,0.64,0,159
7992,1,0,0.0,0.64,16,0.64,0,159
7993,1,0,0.0,0.64,16,0.64,0,159
7994,1,0,0.0,0.64,16,0.64,0,159
7995,1,0,0.0,0.64,16,0.64,1,159
7996,1,0,0.0,0.64,16,0.64,0,159
7997,1,0,0.0,0.64,16,0.64,0,159
7998,2,1,10.392066,0.68,17,0.68,0,159
7999,0,-1,-6.6982927,0.64,16,0.64,0,159
8000,1,0,0.0,0.64,16,0.64,0,159
8001,1,0,0.0,0.64,16,0.64,0,159
8002,1,0,0.0,0.64,16,0.64,0,159
8003,1,0,0.0,0.64,16,0.64,0,159
8004,2,1,-12.987393,0.72,18,0.72,0,159
8005,1,0,0.0,0.72,18,0.72,0,159
8006,1,0,0.0,0.72,18,0.72,0,159
8007,1,0,0.0,0.72,18,0.72,0,159
8008,1,0,0.0,0.72,18,0.72,0,159
8009,2,1,-46.499783,0.8,20,0.8,0,159
8010,1,0,0.0,0.8,20,0.8,0,159
8011,1,0,0.0,0.8,20,0.8,0,159
8012,2,1,-143.65944,0.88,22,0.88,0,159
8013,2,1,-192.15662,0.92,23,0.92,0,159
8014,1,0,0.0,0.92,23,0.92,0,159
8015,1,0,0.0,0.92,23,0.92,0,159
8016,1,0,0.0,0.92,23,0.92,1,159
8017,1,0,0.0,0.92,23,0.92,1,159
8018,2,1,-604.3966,0.96,24,0.96,0,159
8019,1,0,0.0,0.96,24,0.96,0,159
8020,1,0,0.0,0.96,24,0.96,0,159
8021,2,1,-1000.0,0.0,0,0.0,0,159
8022,1,0,0.0,0.16,4,0.16,0,160
8023,2,1,-4.1406527,0.2,5,0.2,0,160
8024,2,1,28.22638,0.24,6,0.24,0,160
8025,1,0,0.0,0.24,6,0.24,1,160
8026,2,1,23.286818,0.32,8,0.32,0,160
8027,1,0,0.0,0.32,8,0.32,0,160
8028,1,0,0.0,0.32,8,0.32,0,160
8029,2,1,17.388504,0.4,10,0.4,0,160
8030,1,0,0.0,0.4,10,0.4,0,160
8031,1,0,0.0,0.4,10,0.4,0,160
8032,2,1,17.35964,0.48,12,0.48,0,160
8033,1,0,0.0,0.48,12,0.48,0,160
8034,2,1,21.061775,0.52,13,0.52,0,160
8035,0,-1,-0.0,0.52,13,0.52,0,160
8036,1,0,0.0,0.52,13,0.52,0,160
8037,2,1,17.766697,0.56,14,0.56,0,160
8038,1,0,0.0,0.56,14,0.56,0,160
8039,1,0,0.0,0.56,14,0.56,0,160
8040,1,0,0.0,0.56,14,0.56,0,160
8041,1,0,0.0,0.56,14,0.56,0,160
8042,1,0,0.0,0.56,14,0.56,0,160
8043,1,0,0.0,0.56,14,0.56,0,160
8044,1,0,0.0,0.56,14,0.56,0,160
8045,2,1,0.6346106,0.64,16,0.64,0,160
8046,1,0,0.0,0.64,16,0.64,0,160
8047,1,0,0.0,0.64,16,0.64,0,160
8048,2,1,10.596876,0.68,17,0.68,0,160
8049,1,0,0.0,0.68,17,0.68,0,160
8050,1,0,0.0,0.68,17,0.68,0,160
8051,1,0,0.0,0.68,17,0.68,0,160
8052,1,0,0.0,0.68,17,0.68,1,160
8053,1,0,0.0,0.68,17,0.68,0,160
8054,1,0,0.0,0.68,17,0.68,0,160
8055,1,0,0.0,0.68,17,0.68,0,160
8056,1,0,0.0,0.68,17,0.68,0,160
8057,1,0,0.0,0.68,17,0.68,0,160
8058,1,0,0.0,0.68,17,0.68,0,160
8059,1,0,-1000.0,0.0,0,0.0,0,160
8060,1,0,0.0,0.16,4,0.16,0,161
8061,1,0,0.0,0.16,4,0.16,0,161
8062,2,1,28.364332,0.2,5,0.2,0,161
8063,1,0,0.0,0.2,5,0.2,0,161
8064,1,0,0.0,0.2,5,0.2,1,161
8065,0,-1,-0.0,0.2,5,0.2,0,161
8066,0,-1,-0.0,0.2,5,0.2,0,161
8067,2,1,28.104582,0.24,6,0.24,0,161
8068,1,0,0.0,0.24,6,0.24,0,161
8069,2,1,19.137716,0.32,8,0.32,0,161
8070,0,-1,-0.0,0.32,8,0.32,0,161
8071,1,0,0.0,0.32,8,0.32,0,161
8072,1,0,0.0,0.32,8,0.32,1,161
8073,1,0,0.0,0.32,8,0.32,0,161
8074,1,0,0.0,0.32,8,0.32,0,161
8075,2,1,25.836239,0.36,9,0.36,0,161
8076,1,0,0.0,0.36,9,0.36,0,161
8077,1,0,0.0,0.36,9,0.36,0,161
8078,1,0,0.0,0.36,9,0.36,0,161
8079,2,1,25.572435,0.4,10,0.4,0,161
8080,1,0,0.0,0.4,10,0.4,0,161
8081,1,0,0.0,0.4,10,0.4,0,161
8082,1,0,0.0,0.4,10,0.4,0,161
8083,1,0,0.0,0.4,10,0.4,0,161
8084,2,1,22.993496,0.44,11,0.44,0,161
8085,1,0,0.0,0.44,11,0.44,0,161
8086,1,0,0.0,0.44,11,0.44,0,161
8087,1,0,0.0,0.44,11,0.44,0,161
8088,2,1,13.703221,0.52,13,0.52,0,161
8089,2,1,-7.41076,0.64,16,0.64,0,161
8090,1,0,0.0,0.64,16,0.64,0,161
8091,2,1,-13.647317,0.72,18,0.72,0,161
8092,1,0,0.0,0.72,18,0.72,0,161
8093,1,0,0.0,0.72,18,0.72,0,161
8094,2,1,-2.2485545,0.76,19,0.76,0,161
8095,1,0,0.0,0.76,19,0.76,1,161
8096,1,0,0.0,0.76,19,0.76,0,161
8097,2,1,-13.932773,0.8,20,0.8,0,161
8098,1,0,0.0,0.8,20,0.8,0,161
8099,1,0,0.0,0.8,20,0.8,0,161
8100,1,0,0.0,0.8,20,0.8,0,161
8101,1,0,0.0,0.8,20,0.8,0,161
8102,1,0,0.0,0.8,20,0.8,0,161
8103,1,0,0.0,0.8,20,0.8,0,161
8104,1,0,0.0,0.8,20,0.8,0,161
8105,1,0,0.0,0.8,20,0.8,0,161
8106,1,0,0.0,0.8,20,0.8,0,161
8107,1,0,0.0,0.8,20,0.8,0,161
8108,1,0,-1000.0,0.0,0,0.0,0,161
8109,2,1,-4.1406527,0.2,5,0.2,1,162
8110,2,1,28.1753,0.24,6,0.24,0,162
8111,1,0,0.0,0.24,6,0.24,0,162
8112,2,1,24.937317,0.28,7,0.28,0,162
8113,1,0,0.0,0.28,7,0.28,0,162
8114,1,0,0.0,0.28,7,0.28,0,162
8115,1,0,0.0,0.28,7,0.28,0,162
8116,2,1,18.769676,0.36,9,0.36,0,162
8117,2,1,12.847711,0.48,12,0.48,0,162
8118,2,1,8.120249,0.56,14,0.56,0,162
8119,1,0,0.0,0.56,14,0.56,0,162
8120,1,0,0.0,0.56,14,0.56,0,162
8121,1,0,0.0,0.56,14,0.56,0,162
8122,2,1,-12.543806,0.68,17,0.68,0,162
8123,1,0,0.0,0.68,17,0.68,0,162
8124,1,0,0.0,0.68,17,0.68,0,162
8125,1,0,0.0,0.68,17,0.68,0,162
8126,1,0,0.0,0.68,17,0.68,0,162
8127,1,0,0.0,0.68,17,0.68,0,162
8128,1,0,0.0,0.68,17,0.68,0,162
8129,2,1,-23.15469,0.76,19,0.76,0,162
8130,1,0,0.0,0.76,19,0.76,1,162
8131,1,0,0.0,0.76,19,0.76,0,162
8132,1,0,0.0,0.76,19,0.76,0,162
8133,1,0,0.0,0.76,19,0.76,0,162
8134,1,0,0.0,0.76,19,0.76,0,162
8135,1,0,0.0,0.76,19,0.76,0,162
8136,1,0,0.0,0.76,19,0.76,0,162
8137,2,1,-180.00067,0.88,22,0.88,0,162
8138,1,0,0.0,0.88,22,0.88,0,162
8139,1,0,0.0,0.88,22,0.88,0,162
8140,1,0,0.0,0.88,22,0.88,0,162
8141,1,0,0.0,0.88,22,0.88,0,162
8142,1,0,0.0,0.88,22,0.88,1,162
8143,1,0,0.0,0.88,22,0.88,1,162
8144,1,0,0.0,0.88,22,0.88,0,162
8145,1,0,0.0,0.88,22,0.88,0,162
8146,1,0,0.0,0.88,22,0.88,0,162
8147,1,0,0.0,0.88,22,0.88,0,162
8148,1,0,-1000.0,0.0,0,0.0,0,162
8149,2,1,28.364332,0.2,5,0.2,0,163
8150,1,0,0.0,0.2,5,0.2,0,163
8151,1,0,0.0,0.2,5,0.2,0,163
8152,1,0,0.0,0.2,5,0.2,0,163
8153,2,1,23.955872,0.28,7,0.28,0,163
8154,0,-1,-0.0,0.28,7,0.28,0,163
8155,2,1,26.436209,0.32,8,0.32,1,163
8156,1,0,0.0,0.32,8,0.32,0,163
8157,2,1,24.38516,0.36,9,0.36,0,163
8158,2,1,17.378216,0.44,11,0.44,0,163
8159,1,0,0.0,0.44,11,0.44,0,163
8160,2,1,3.2561615,0.56,14,0.56,0,163
8161,1,0,0.0,0.56,14,0.56,0,163
8162,1,0,0.0,0.56,14,0.56,0,163
8163,2,1,7.7071857,0.6,15,0.6,0,163
8164,1,0,0.0,0.6,15,0.6,0,163
8165,1,0,0.0,0.6,15,0.6,0,163
8166,1,0,0.0,0.6,15,0.6,0,163
8167,2,1,11.496787,0.64,16,0.64,0,163
8168,1,0,0.0,0.64,16,0.64,1,163
8169,1,0,0.0,0.64,16,0.64,0,163
8170,1,0,0.0,0.64,16,0.64,0,163
8171,1,0,0.0,0.64,16,0.64,0,163
8172,1,0,0.0,0.64,16,0.64,0,163
8173,1,0,0.0,0.64,16,0.64,0,163
8174,1,0,0.0,0.64,16,0.64,0,163
8175,1,0,0.0,0.64,16,0.64,0,163
8176,1,0,0.0,0.64,16,0.64,0,163
8177,2,1,-83.30825,0.8,20,0.8,0,163
8178,1,0,0.0,0.8,20,0.8,0,163
8179,1,0,0.0,0.8,20,0.8,0,163
8180,1,0,0.0,0.8,20,0.8,0,163
8181,1,0,0.0,0.8,20,0.8,0,163
8182,1,0,0.0,0.8,20,0.8,0,163
8183,1,0,0.0,0.8,20,0.8,0,163
8184,1,0,0.0,0.8,20,0.8,0,163
8185,1,0,0.0,0.8,20,0.8,0,163
8186,0,-1,-0.0,0.8,20,0.8,0,163
8187,2,1,-37.295944,0.84,21,0.84,0,163
8188,1,0,0.0,0.84,21,0.84,0,163
8189,1,0,0.0,0.84,21,0.84,0,163
8190,1,0,0.0,0.84,21,0.84,0,163
8191,1,0,0.0,0.84,21,0.84,0,163
8192,0,-1,34.40992,0.8,20,0.8,0,163
8193,1,0,0.0,0.8,20,0.8,0,163
8194,2,1,-36.13048,0.84,21,0.84,1,163
8195,1,0,0.0,0.84,21,0.84,0,163
8196,1,0,0.0,0.84,21,0.84,0,163
8197,1,0,0.0,0.84,21,0.84,0,163
8198,1,0,0.0,0.84,21,0.84,0,163
8199,1,0,0.0,0.84,21,0.84,0,163
8200,1,0,0.0,0.84,21,0.84,0,163
8201,1,0,0.0,0.84,21,0.84,0,163
8202,1,0,0.0,0.84,21,0.84,0,163
8203,1,0,0.0,0.84,21,0.84,0,163
8204,1,0,0.0,0.84,21,0.84,0,163
8205,1,0,-1000.0,0.0,0,0.0,0,163
8206,2,1,-4.1407347,0.2,5,0.2,0,164
8207,2,1,28.22638,0.24,6,0.24,0,164
8208,1,0,0.0,0.24,6,0.24,0,164
8209,1,0,0.0,0.24,6,0.24,0,164
8210,2,1,-4.51638,0.28,7,0.28,0,164
8211,1,0,0.0,0.28,7,0.28,0,164
8212,1,0,0.0,0.28,7,0.28,0,164
8213,1,0,0.0,0.28,7,0.28,0,164
8214,1,0,0.0,0.28,7,0.28,0,164
8215,1,0,0.0,0.28,7,0.28,0,164
8216,2,1,-4.847297,0.32,8,0.32,0,164
8217,1,0,0.0,0.32,8,0.32,0,164
8218,1,0,0.0,0.32,8,0.32,0,164
8219,1,0,0.0,0.32,8,0.32,0,164
8220,1,0,0.0,0.32,8,0.32,0,164
8221,2,1,21.641457,0.4,10,0.4,0,164
8222,0,-1,-0.15642108,0.4,10,0.4,0,164
8223,1,0,0.0,0.4,10,0.4,0,164
8224,2,1,-6.520649,0.44,11,0.44,0,164
8225,1,0,0.0,0.44,11,0.44,0,164
8226,2,1,-7.3918905,0.48,12,0.48,0,164
8227,1,0,0.0,0.48,12,0.48,0,164
8228,1,0,0.0,0.48,12,0.48,0,164
8229,1,0,0.0,0.48,12,0.48,0,164
8230,1,0,0.0,0.48,12,0.48,0,164
8231,1,0,0.0,0.48,12,0.48,0,164
8232,1,0,0.0,0.48,12,0.48,0,164
8233,1,0,0.0,0.48,12,0.48,0,164
8234,1,0,0.0,0.48,12,0.48,0,164
8235,2,1,22.785866,0.52,13,0.52,1,164
8236,1,0,0.0,0.52,13,0.52,0,164
8237,1,0,0.0,0.52,13,0.52,0,164
8238,1,0,0.0,0.52,13,0.52,0,164
8239,1,0,0.0,0.52,13,0.52,0,164
8240,1,0,0.0,0.52,13,0.52,0,164
8241,1,0,0.0,0.52,13,0.52,0,164
8242,0,-1,8.498153,0.48,12,0.48,0,164
8243,1,0,0.0,0.48,12,0.48,0,164
8244,2,1,21.119238,0.52,13,0.52,0,164
8245,2,1,-6.2983046,0.64,16,0.64,0,164
8246,1,0,0.0,0.64,16,0.64,0,164
8247,1,0,0.0,0.64,16,0.64,0,164
8248,1,0,0.0,0.64,16,0.64,0,164
8249,1,0,0.0,0.64,16,0.64,0,164
8250,1,0,0.0,0.64,16,0.64,0,164
8251,2,1,-17.735779,0.68,17,0.68,0,164
8252,2,1,-22.675825,0.72,18,0.72,0,164
8253,1,0,0.0,0.72,18,0.72,0,164
8254,1,0,0.0,0.72,18,0.72,0,164
8255,1,0,0.0,0.72,18,0.72,0,164
8256,1,0,0.0,0.72,18,0.72,0,164
8257,1,0,0.0,0.72,18,0.72,0,164
8258,1,0,0.0,0.72,18,0.72,0,164
8259,1,0,0.0,0.72,18,0.72,0,164
8260,1,0,0.0,0.72,18,0.72,0,164
8261,1,0,0.0,0.72,18,0.72,0,164
8262,1,0,0.0,0.72,18,0.72,1,164
8263,1,0,-1000.0,0.0,0,0.0,0,164
8264,1,0,0.0,0.16,4,0.16,0,165
8265,1,0,0.0,0.16,4,0.16,0,165
8266,2,1,28.346605,0.2,5,0.2,0,165
8267,2,1,23.968313,0.28,7,0.28,0,165
8268,1,0,0.0,0.28,7,0.28,0,165
8269,1,0,0.0,0.28,7,0.28,0,165
8270,1,0,0.0,0.28,7,0.28,0,165
8271,1,0,0.0,0.28,7,0.28,0,165
8272,0,-1,-0.0,0.28,7,0.28,0,165
8273,1,0,0.0,0.28,7,0.28,0,165
8274,1,0,0.0,0.28,7,0.28,0,165
8275,1,0,0.0,0.28,7,0.28,0,165
8276,1,0,0.0,0.28,7,0.28,1,165
8277,1,0,0.0,0.28,7,0.28,0,165
8278,1,0,0.0,0.28,7,0.28,0,165
8279,1,0,0.0,0.28,7,0.28,0,165
8280,0,-1,-0.0,0.28,7,0.28,0,165
8281,2,1,26.397427,0.32,8,0.32,0,165
8282,2,1,24.326015,0.36,9,0.36,0,165
8283,1,0,0.0,0.36,9,0.36,0,165
8284,1,0,0.0,0.36,9,0.36,0,165
8285,1,0,0.0,0.36,9,0.36,0,165
8286,1,0,0.0,0.36,9,0.36,0,165
8287,1,0,0.0,0.36,9,0.36,1,165
8288,2,1,0.9695454,0.52,13,0.52,0,165
8289,1,0,0.0,0.52,13,0.52,0,165
8290,1,0,0.0,0.52,13,0.52,0,165
8291,1,0,0.0,0.52,13,0.52,0,165
8292,2,1,19.674593,0.56,14,0.56,0,165
8293,1,0,0.0,0.56,14,0.56,0,165
8294,1,0,0.0,0.56,14,0.56,0,165
8295,1,0,0.0,0.56,14,0.56,0,165
8296,1,0,0.0,0.56,14,0.56,0,165
8297,1,0,0.0,0.56,14,0.56,0,165
8298,1,0,0.0,0.56,14,0.56,0,165
8299,1,0,0.0,0.56,14,0.56,0,165
8300,1,0,0.0,0.56,14,0.56,0,165
8301,1,0,0.0,0.56,14,0.56,0,165
8302,1,0,0.0,0.56,14,0.56,0,165
8303,2,1,0.76728123,0.64,16,0.64,0,165
8304,0,-1,-0.0,0.64,16,0.64,0,165
8305,1,0,0.0,0.64,16,0.64,1,165
8306,1,0,0.0,0.64,16,0.64,0,165
8307,1,0,0.0,0.64,16,0.64,0,165
8308,1,0,0.0,0.64,16,0.64,0,165
8309,0,-1,-15.673433,0.6,15,0.6,0,165
8310,1,0,0.0,0.6,15,0.6,0,165
8311,1,0,0.0,0.6,15,0.6,0,165
8312,1,0,0.0,0.6,15,0.6,0,165
8313,1,0,0.0,0.6,15,0.6,0,165
8314,1,0,0.0,0.6,15,0.6,0,165
8315,1,0,0.0,0.6,15,0.6,0,165
8316,1,0,0.0,0.6,15,0.6,0,165
8317,1,0,0.0,0.6,15,0.6,0,165
8318,1,0,0.0,0.6,15,0.6,0,165
8319,1,0,0.0,0.6,15,0.6,0,165
8320,1,0,-1000.0,0.0,0,0.0,0,165
8321,2,1,28.364332,0.2,5,0.2,0,166
8322,1,0,0.0,0.2,5,0.2,0,166
8323,2,1,-4.278687,0.24,6,0.24,0,166
8324,2,1,23.38718,0.32,8,0.32,0,166
8325,2,1,20.35271,0.4,10,0.4,0,166
8326,2,1,23.129503,0.44,11,0.44,0,166
8327,2,1,3.4263225,0.56,14,0.56,0,166
8328,2,1,-37.319427,0.72,18,0.72,0,166
8329,1,0,0.0,0.72,18,0.72,0,166
8330,1,0,0.0,0.72,18,0.72,1,166
8331,1,0,0.0,0.72,18,0.72,0,166
8332,1,0,0.0,0.72,18,0.72,0,166
8333,1,0,0.0,0.72,18,0.72,0,166
8334,1,0,0.0,0.72,18,0.72,0,166
8335,1,0,0.0,0.72,18,0.72,0,166
8336,1,0,0.0,0.72,18,0.72,1,166
8337,1,0,0.0,0.72,18,0.72,0,166
8338,2,1,-2.3467977,0.76,19,0.76,0,166
8339,2,1,-31.901373,0.8,20,0.8,0,166
8340,1,0,0.0,0.8,20,0.8,0,166
8341,2,1,-139.19426,0.88,22,0.88,0,166
8342,1,0,0.0,0.88,22,0.88,0,166
8343,1,0,0.0,0.88,22,0.88,0,166
8344,1,0,0.0,0.88,22,0.88,0,166
8345,1,0,0.0,0.88,22,0.88,0,166
8346,1,0,0.0,0.88,22,0.88,0,166
8347,1,0,0.0,0.88,22,0.88,0,166
8348,1,0,0.0,0.88,22,0.88,0,166
8349,1,0,0.0,0.88,22,0.88,0,166
8350,1,0,0.0,0.88,22,0.88,0,166
8351,1,0,0.0,0.88,22,0.88,0,166
8352,1,0,-1000.0,0.0,0,0.0,0,166
8353,2,1,28.364332,0.2,5,0.2,0,167
8354,1,0,0.0,0.2,5,0.2,0,167
8355,2,1,19.247265,0.28,7,0.28,0,167
8356,1,0,0.0,0.28,7,0.28,0,167
8357,2,1,22.623116,0.36,9,0.36,0,167
8358,0,-1,-26.008978,0.32,8,0.32,0,167
8359,1,0,0.0,0.32,8,0.32,0,167
8360,2,1,15.4989395,0.4,10,0.4,0,167
8361,1,0,0.0,0.4,10,0.4,0,167
8362,1,0,0.0,0.4,10,0.4,0,167
8363,1,0,0.0,0.4,10,0.4,0,167
8364,2,1,-6.520784,0.44,11,0.44,0,167
8365,1,0,0.0,0.44,11,0.44,0,167
8366,1,0,0.0,0.44,11,0.44,0,167
8367,1,0,0.0,0.44,11,0.44,0,167
8368,1,0,0.0,0.44,11,0.44,0,167
8369,1,0,0.0,0.44,11,0.44,1,167
8370,1,0,0.0,0.44,11,0.44,0,167
8371,1,0,0.0,0.44,11,0.44,0,167
8372,1,0,0.0,0.44,11,0.44,0,167
8373,2,1,16.443464,0.48,12,0.48,0,167
8374,1,0,0.0,0.48,12,0.48,0,167
8375,1,0,0.0,0.48,12,0.48,0,167
8376,1,0,0.0,0.48,12,0.48,0,167
8377,1,0,0.0,0.48,12,0.48,0,167
8378,0,-1,-19.157274,0.44,11,0.44,0,167
8379,1,0,0.0,0.44,11,0.44,0,167
8380,1,0,0.0,0.44,11,0.44,0,167
8381,2,1,23.8654,0.48,12,0.48,0,167
8382,1,0,0.0,0.48,12,0.48,0,167
8383,1,0,0.0,0.48,12,0.48,0,167
8384,1,0,0.0,0.48,12,0.48,0,167
8385,1,0,0.0,0.48,12,0.48,0,167
8386,2,1,7.7390094,0.52,13,0.52,0,167
8387,2,1,-9.433013,0.64,16,0.64,0,167
8388,1,0,0.0,0.64,16,0.64,0,167
8389,1,0,0.0,0.64,16,0.64,0,167
8390,1,0,0.0,0.64,16,0.64,0,167
8391,1,0,0.0,0.64,16,0.64,0,167
8392,1,0,0.0,0.64,16,0.64,0,167
8393,1,0,0.0,0.64,16,0.64,0,167
8394,1,0,0.0,0.64,16,0.64,0,167
8395,2,1,13.551725,0.68,17,0.68,0,167
8396,1,0,0.0,0.68,17,0.68,0,167
8397,1,0,0.0,0.68,17,0.68,1,167
8398,1,0,0.0,0.68,17,0.68,0,167
8399,1,0,0.0,0.68,17,0.68,0,167
8400,1,0,0.0,0.68,17,0.68,0,167
8401,1,0,0.0,0.68,17,0.68,0,167
8402,1,0,0.0,0.68,17,0.68,0,167
8403,1,0,0.0,0.68,17,0.68,0,167
8404,1,0,0.0,0.68,17,0.68,0,167
8405,0,-1,-22.55937,0.68,17,0.68,0,167
8406,1,0,0.0,0.68,17,0.68,0,167
8407,1,0,0.0,0.68,17,0.68,0,167
8408,1,0,0.0,0.68,17,0.68,0,167
8409,1,0,0.0,0.68,17,0.68,0,167
8410,1,0,0.0,0.68,17,0.68,0,167
8411,1,0,0.0,0.68,17,0.68,0,167
8412,1,0,0.0,0.68,17,0.68,0,167
8413,0,-1,6.569039,0.64,16,0.64,0,167
8414,1,0,0.0,0.64,16,0.64,0,167
8415,1,0,0.0,0.64,16,0.64,0,167
8416,1,0,0.0,0.64,16,0.64,0,167
8417,1,0,0.0,0.64,16,0.64,0,167
8418,1,0,0.0,0.64,16,0.64,0,167
8419,1,0,0.0,0.64,16,0.64,0,167
8420,1,0,0.0,0.64,16,0.64,0,167
8421,1,0,0.0,0.64,16,0.64,0,167
8422,2,1,-4.3436885,0.68,17,0.68,1,167
8423,1,0,0.0,0.68,17,0.68,0,167
8424,1,0,0.0,0.68,17,0.68,0,167
8425,1,0,0.0,0.68,17,0.68,0,167
8426,1,0,0.0,0.68,17,0.68,0,167
8427,1,0,0.0,0.68,17,0.68,0,167
8428,1,0,0.0,0.68,17,0.68,0,167
8429,1,0,0.0,0.68,17,0.68,0,167
8430,1,0,0.0,0.68,17,0.68,0,167
8431,1,0,0.0,0.68,17,0.68,0,167
8432,2,1,-1.490299,0.72,18,0.72,0,167
8433,1,0,0.0,0.72,18,0.72,0,167
8434,1,0,0.0,0.72,18,0.72,0,167
8435,1,0,0.0,0.72,18,0.72,0,167
8436,1,0,0.0,0.72,18,0.72,0,167
8437,1,0,0.0,0.72,18,0.72,0,167
8438,1,0,0.0,0.72,18,0.72,0,167
8439,1,0,0.0,0.72,18,0.72,0,167
8440,1,0,0.0,0.72,18,0.72,0,167
8441,2,1,-0.39465767,0.76,19,0.76,0,167
8442,1,0,0.0,0.76,19,0.76,0,167
8443,1,0,0.0,0.76,19,0.76,0,167
8444,1,0,0.0,0.76,19,0.76,0,167
8445,1,0,0.0,0.76,19,0.76,0,167
8446,1,0,0.0,0.76,19,0.76,1,167
8447,0,-1,4.318622,0.72,18,0.72,0,167
8448,1,0,0.0,0.72,18,0.72,0,167
8449,1,0,0.0,0.72,18,0.72,0,167
8450,1,0,0.0,0.72,18,0.72,0,167
8451,1,0,0.0,0.72,18,0.72,0,167
8452,1,0,0.0,0.72,18,0.72,0,167
8453,1,0,0.0,0.72,18,0.72,0,167
8454,1,0,0.0,0.72,18,0.72,0,167
8455,1,0,0.0,0.72,18,0.72,0,167
8456,1,0,0.0,0.72,18,0.72,0,167
8457,1,0,0.0,0.72,18,0.72,0,167
8458,1,0,-1000.0,0.0,0,0.0,0,167
8459,2,1,28.364332,0.2,5,0.2,0,168
8460,2,1,19.247265,0.28,7,0.28,0,168
8461,1,0,0.0,0.28,7,0.28,0,168
8462,1,0,0.0,0.28,7,0.28,0,168
8463,2,1,27.639961,0.32,8,0.32,0,168
8464,0,-1,-23.19499,0.28,7,0.28,0,168
8465,1,0,0.0,0.28,7,0.28,0,168
8466,2,1,26.441492,0.32,8,0.32,1,168
8467,0,-1,-26.468287,0.28,7,0.28,0,168
8468,1,0,0.0,0.28,7,0.28,0,168
8469,2,1,26.39638,0.32,8,0.32,0,168
8470,1,0,0.0,0.32,8,0.32,0,168
8471,2,1,17.22284,0.4,10,0.4,0,168
8472,1,0,0.0,0.4,10,0.4,0,168
8473,2,1,24.709198,0.44,11,0.44,0,168
8474,1,0,0.0,0.44,11,0.44,0,168
8475,1,0,0.0,0.44,11,0.44,0,168
8476,1,0,0.0,0.44,11,0.44,0,168
8477,1,0,0.0,0.44,11,0.44,0,168
8478,1,0,0.0,0.44,11,0.44,0,168
8479,1,0,0.0,0.44,11,0.44,1,168
8480,1,0,0.0,0.44,11,0.44,0,168
8481,1,0,0.0,0.44,11,0.44,0,168
8482,1,0,0.0,0.44,11,0.44,0,168
8483,1,0,0.0,0.44,11,0.44,0,168
8484,1,0,-1000.0,0.0,0,0.0,0,168
8485,1,0,0.0,0.16,4,0.16,0,169
8486,1,0,0.0,0.16,4,0.16,0,169
8487,2,1,-4.1407347,0.2,5,0.2,0,169
8488,1,0,0.0,0.2,5,0.2,0,169
8489,1,0,0.0,0.2,5,0.2,0,169
8490,2,1,28.208652,0.24,6,0.24,0,169
8491,2,1,-4.516252,0.28,7,0.28,0,169
8492,1,0,0.0,0.28,7,0.28,0,169
8493,0,-1,-0.0,0.28,7,0.28,1,169
8494,1,0,0.0,0.28,7,0.28,0,169
8495,1,0,0.0,0.28,7,0.28,0,169
8496,2,1,27.652794,0.32,8,0.32,0,169
8497,1,0,0.0,0.32,8,0.32,0,169
8498,1,0,0.0,0.32,8,0.32,0,169
8499,1,0,0.0,0.32,8,0.32,0,169
8500,1,0,0.0,0.32,8,0.32,0,169
8501,1,0,0.0,0.32,8,0.32,0,169
8502,0,-1,-15.541093,0.28,7,0.28,0,169
8503,0,-1,-27.893593,0.24,6,0.24,0,169
8504,1,0,0.0,0.24,6,0.24,0,169
8505,1,0,0.0,0.24,6,0.24,0,169
8506,1,0,0.0,0.24,6,0.24,0,169
8507,2,1,22.554136,0.28,7,0.28,0,169
8508,1,0,0.0,0.28,7,0.28,0,169
8509,2,1,22.561012,0.36,9,0.36,0,169
8510,1,0,0.0,0.36,9,0.36,0,169
8511,1,0,0.0,0.36,9,0.36,0,169
8512,1,0,0.0,0.36,9,0.36,0,169
8513,1,0,0.0,0.36,9,0.36,0,169
8514,2,1,19.033947,0.44,11,0.44,0,169
8515,1,0,0.0,0.44,11,0.44,0,169
8516,1,0,0.0,0.44,11,0.44,0,169
8517,1,0,0.0,0.44,11,0.44,0,169
8518,2,1,22.191368,0.48,12,0.48,0,169
8519,1,0,0.0,0.48,12,0.48,0,169
8520,1,0,0.0,0.48,12,0.48,0,169
8521,1,0,0.0,0.48,12,0.48,0,169
8522,1,0,0.0,0.48,12,0.48,0,169
8523,1,0,0.0,0.48,12,0.48,1,169
8524,1,0,0.0,0.48,12,0.48,0,169
8525,2,1,21.037727,0.52,13,0.52,0,169
8526,1,0,0.0,0.52,13,0.52,0,169
8527,0,-1,-16.254337,0.48,12,0.48,0,169
8528,1,0,0.0,0.48,12,0.48,0,169
8529,1,0,0.0,0.48,12,0.48,0,169
8530,1,0,0.0,0.48,12,0.48,0,169
8531,1,0,0.0,0.48,12,0.48,0,169
8532,1,0,0.0,0.48,12,0.48,0,169
8533,2,1,-0.8858385,0.6,15,0.6,0,169
8534,1,0,0.0,0.6,15,0.6,0,169
8535,1,0,0.0,0.6,15,0.6,0,169
8536,1,0,0.0,0.6,15,0.6,0,169
8537,1,0,0.0,0.6,15,0.6,0,169
8538,1,0,0.0,0.6,15,0.6,0,169
8539,1,0,0.0,0.6,15,0.6,0,169
8540,1,0,0.0,0.6,15,0.6,1,169
8541,1,0,0.0,0.6,15,0.6,0,169
8542,1,0,0.0,0.6,15,0.6,0,169
8543,1,0,0.0,0.6,15,0.6,0,169
8544,1,0,-1000.0,0.0,0,0.0,0,169
8545,2,1,28.346605,0.2,5,0.2,0,170
8546,2,1,23.968313,0.28,7,0.28,0,170
8547,2,1,21.33844,0.36,9,0.36,0,170
8548,1,0,0.0,0.36,9,0.36,0,170
8549,1,0,0.0,0.36,9,0.36,0,170
8550,1,0,0.0,0.36,9,0.36,0,170
8551,2,1,23.822836,0.4,10,0.4,0,170
8552,2,1,21.249996,0.44,11,0.44,0,170
8553,1,0,0.0,0.44,11,0.44,1,170
8554,2,1,-22.622068,0.64,16,0.64,0,170
8555,1,0,0.0,0.64,16,0.64,0,170
8556,1,0,0.0,0.64,16,0.64,0,170
8557,1,0,0.0,0.64,16,0.64,0,170
8558,1,0,0.0,0.64,16,0.64,0,170
8559,1,0,0.0,0.64,16,0.64,0,170
8560,1,0,0.0,0.64,16,0.64,0,170
8561,1,0,0.0,0.64,16,0.64,0,170
8562,1,0,0.0,0.64,16,0.64,0,170
8563,1,0,0.0,0.64,16,0.64,0,170
8564,2,1,9.904257,0.68,17,0.68,0,170
8565,1,0,0.0,0.68,17,0.68,0,170
8566,1,0,0.0,0.68,17,0.68,0,170
8567,1,0,0.0,0.68,17,0.68,0,170
8568,2,1,2.475347,0.72,18,0.72,0,170
8569,1,0,0.0,0.72,18,0.72,0,170
8570,1,0,0.0,0.72,18,0.72,0,170
8571,1,0,0.0,0.72,18,0.72,0,170
8572,1,0,0.0,0.72,18,0.72,0,170
8573,1,0,0.0,0.72,18,0.72,0,170
8574,1,0,0.0,0.72,18,0.72,0,170
8575,1,0,0.0,0.72,18,0.72,0,170
8576,1,0,0.0,0.72,18,0.72,0,170
8577,1,0,0.0,0.72,18,0.72,0,170
8578,1,0,0.0,0.72,18,0.72,0,170
8579,1,0,-1000.0,0.0,0,0.0,0,170
8580,1,0,0.0,0.16,4,0.16,0,171
8581,1,0,0.0,0.16,4,0.16,0,171
8582,2,1,-4.1406527,0.2,5,0.2,0,171
8583,1,0,0.0,0.2,5,0.2,0,171
8584,1,0,0.0,0.2,5,0.2,0,171
8585,1,0,0.0,0.2,5,0.2,0,171
8586,0,-1,4.1406527,0.16,4,0.16,0,171
8587,1,0,0.0,0.16,4,0.16,0,171
8588,2,1,28.364332,0.2,5,0.2,0,171
8589,1,0,0.0,0.2,5,0.2,0,171
8590,1,0,0.0,0.2,5,0.2,0,171
8591,2,1,28.208652,0.24,6,0.24,0,171
8592,1,0,0.0,0.24,6,0.24,0,171
8593,1,0,0.0,0.24,6,0.24,0,171
8594,2,1,26.767761,0.28,7,0.28,0,171
8595,2,1,26.441492,0.32,8,0.32,0,171
8596,1,0,0.0,0.32,8,0.32,0,171
8597,1,0,0.0,0.32,8,0.32,1,171
8598,1,0,0.0,0.32,8,0.32,0,171
8599,1,0,0.0,0.32,8,0.32,0,171
8600,1,0,0.0,0.32,8,0.32,0,171
8601,1,0,0.0,0.32,8,0.32,0,171
8602,2,1,11.437461,0.44,11,0.44,0,171
8603,1,0,0.0,0.44,11,0.44,0,171
8604,1,0,0.0,0.44,11,0.44,0,171
8605,2,1,22.214603,0.48,12,0.48,0,171
8606,2,1,8.075023,0.56,14,0.56,0,171
8607,1,0,0.0,0.56,14,0.56,0,171
8608,1,0,0.0,0.56,14,0.56,0,171
8609,1,0,0.0,0.56,14,0.56,0,171
8610,1,0,0.0,0.56,14,0.56,0,171
8611,1,0,0.0,0.56,14,0.56,0,171
8612,1,0,0.0,0.56,14,0.56,0,171
8613,1,0,0.0,0.56,14,0.56,0,171
8614,1,0,0.0,0.56,14,0.56,0,171
8615,1,0,0.0,0.56,14,0.56,0,171
8616,1,0,0.0,0.56,14,0.56,0,171
8617,1,0,-1000.0,0.0,0,0.0,0,171
8618,2,1,-4.1406527,0.2,5,0.2,0,172
8619,2,1,23.70996,0.28,7,0.28,0,172
8620,1,0,0.0,0.28,7,0.28,0,172
8621,1,0,0.0,0.28,7,0.28,0,172
8622,2,1,27.639961,0.32,8,0.32,0,172
8623,2,1,26.008978,0.36,9,0.36,0,172
8624,2,1,16.640863,0.44,11,0.44,0,172
8625,1,0,0.0,0.44,11,0.44,0,172
8626,1,0,0.0,0.44,11,0.44,0,172
8627,1,0,0.0,0.44,11,0.44,0,172
8628,1,0,0.0,0.44,11,0.44,0,172
8629,1,0,0.0,0.44,11,0.44,0,172
8630,1,0,0.0,0.44,11,0.44,0,172
8631,2,1,23.892282,0.48,12,0.48,0,172
8632,1,0,0.0,0.48,12,0.48,0,172
8633,1,0,0.0,0.48,12,0.48,0,172
8634,1,0,0.0,0.48,12,0.48,0,172
8635,1,0,0.0,0.48,12,0.48,0,172
8636,1,0,0.0,0.48,12,0.48,0,172
8637,2,1,21.152006,0.52,13,0.52,1,172
8638,1,0,0.0,0.52,13,0.52,0,172
8639,1,0,0.0,0.52,13,0.52,1,172
8640,1,0,0.0,0.52,13,0.52,0,172
8641,2,1,8.004898,0.6,15,0.6,0,172
8642,1,0,0.0,0.6,15,0.6,0,172
8643,1,0,0.0,0.6,15,0.6,0,172
8644,1,0,0.0,0.6,15,0.6,0,172
8645,0,-1,-0.0,0.6,15,0.6,0,172
8646,1,0,0.0,0.6,15,0.6,0,172
8647,1,0,0.0,0.6,15,0.6,0,172
8648,1,0,0.0,0.6,15,0.6,0,172
8649,1,0,0.0,0.6,15,0.6,0,172
8650,1,0,0.0,0.6,15,0.6,0,172
8651,1,0,0.0,0.6,15,0.6,0,172
8652,1,0,0.0,0.6,15,0.6,0,172
8653,1,0,0.0,0.6,15,0.6,0,172
8654,1,0,0.0,0.6,15,0.6,0,172
8655,1,0,0.0,0.6,15,0.6,0,172
8656,2,1,-27.777384,0.72,18,0.72,0,172
8657,0,-1,-0.0,0.72,18,0.72,0,172
8658,1,0,0.0,0.72,18,0.72,0,172
8659,1,0,0.0,0.72,18,0.72,0,172
8660,1,0,0.0,0.72,18,0.72,0,172
8661,1,0,0.0,0.72,18,0.72,0,172
8662,1,0,0.0,0.72,18,0.72,0,172
8663,1,0,0.0,0.72,18,0.72,0,172
8664,1,0,0.0,0.72,18,0.72,0,172
8665,1,0,0.0,0.72,18,0.72,0,172
8666,1,0,0.0,0.72,18,0.72,0,172
8667,0,-1,-0.0012947106,0.72,18,0.72,0,172
8668,1,0,0.0,0.72,18,0.72,0,172
8669,1,0,0.0,0.72,18,0.72,1,172
8670,1,0,0.0,0.72,18,0.72,0,172
8671,1,0,0.0,0.72,18,0.72,0,172
8672,1,0,0.0,0.72,18,0.72,0,172
8673,1,0,0.0,0.72,18,0.72,0,172
8674,2,1,-2.3717124,0.76,19,0.76,0,172
8675,0,-1,-18.02756,0.76,19,0.76,0,172
8676,1,0,0.0,0.76,19,0.76,0,172
8677,2,1,-1013.8803,0.96,24,0.96,0,172
8678,1,0,0.0,0.96,24,0.96,0,172
8679,1,0,0.0,0.96,24,0.96,0,172
8680,1,0,0.0,0.96,24,0.96,0,172
8681,1,0,0.0,0.96,24,0.96,0,172
8682,1,0,0.0,0.96,24,0.96,0,172
8683,1,0,0.0,0.96,24,0.96,0,172
8684,1,0,0.0,0.96,24,0.96,0,172
8685,1,0,0.0,0.96,24,0.96,0,172
8686,1,0,0.0,0.96,24,0.96,0,172
8687,1,0,0.0,0.96,24,0.96,0,172
8688,1,0,-1000.0,0.0,0,0.0,0,172
8689,1,0,0.0,0.16,4,0.16,0,173
8690,1,0,0.0,0.16,4,0.16,0,173
8691,2,1,-4.1406527,0.2,5,0.2,0,173
8692,1,0,0.0,0.2,5,0.2,0,173
8693,2,1,28.22638,0.24,6,0.24,0,173
8694,2,1,23.38718,0.32,8,0.32,0,173
8695,1,0,0.0,0.32,8,0.32,0,173
8696,0,-1,4.847297,0.28,7,0.28,0,173
8697,2,1,18.128635,0.36,9,0.36,0,173
8698,2,1,14.210863,0.44,11,0.44,0,173
8699,1,0,0.0,0.44,11,0.44,0,173
8700,1,0,0.0,0.44,11,0.44,0,173
8701,1,0,0.0,0.44,11,0.44,0,173
8702,1,0,0.0,0.44,11,0.44,0,173
8703,2,1,23.892282,0.48,12,0.48,0,173
8704,1,0,0.0,0.48,12,0.48,1,173
8705,2,1,19.958836,0.52,13,0.52,0,173
8706,2,1,19.610212,0.56,14,0.56,0,173
8707,1,0,0.0,0.56,14,0.56,0,173
8708,1,0,0.0,0.56,14,0.56,0,173
8709,1,0,0.0,0.56,14,0.56,0,173
8710,1,0,0.0,0.56,14,0.56,0,173
8711,0,-1,-15.449821,0.56,14,0.56,0,173
8712,1,0,0.0,0.56,14,0.56,0,173
8713,2,1,17.841623,0.6,15,0.6,0,173
8714,1,0,0.0,0.6,15,0.6,0,173
8715,1,0,0.0,0.6,15,0.6,0,173
8716,1,0,0.0,0.6,15,0.6,0,173
8717,1,0,0.0,0.6,15,0.6,0,173
8718,1,0,0.0,0.6,15,0.6,0,173
8719,1,0,0.0,0.6,15,0.6,1,173
8720,1,0,0.0,0.6,15,0.6,1,173
8721,1,0,0.0,0.6,15,0.6,0,173
8722,1,0,0.0,0.6,15,0.6,0,173
8723,1,0,0.0,0.6,15,0.6,0,173
8724,1,0,-1000.0,0.0,0,0.0,0,173
8725,2,1,28.364332,0.2,5,0.2,0,174
8726,2,1,23.955872,0.28,7,0.28,1,174
8727,1,0,0.0,0.28,7,0.28,0,174
8728,2,1,16.022959,0.32,8,0.32,0,174
8729,0,-1,-16.022959,0.28,7,0.28,0,174
8730,2,1,16.022959,0.32,8,0.32,0,174
8731,2,1,23.052439,0.36,9,0.36,0,174
8732,0,-1,-26.035774,0.32,8,0.32,0,174
8733,1,0,0.0,0.32,8,0.32,0,174
8734,1,0,0.0,0.32,8,0.32,0,174
8735,2,1,20.124203,0.4,10,0.4,0,174
8736,1,0,0.0,0.4,10,0.4,0,174
8737,1,0,0.0,0.4,10,0.4,0,174
8738,1,0,0.0,0.4,10,0.4,0,174
8739,1,0,0.0,0.4,10,0.4,0,174
8740,2,1,17.50928,0.48,12,0.48,0,174
8741,1,0,0.0,0.48,12,0.48,0,174
8742,1,0,0.0,0.48,12,0.48,0,174
8743,1,0,0.0,0.48,12,0.48,0,174
8744,1,0,0.0,0.48,12,0.48,0,174
8745,2,1,16.73411,0.52,13,0.52,0,174
8746,1,0,0.0,0.52,13,0.52,0,174
8747,1,0,0.0,0.52,13,0.52,0,174
8748,1,0,0.0,0.52,13,0.52,0,174
8749,1,0,0.0,0.52,13,0.52,0,174
8750,0,-1,-16.73411,0.48,12,0.48,0,174
8751,1,0,0.0,0.48,12,0.48,0,174
8752,1,0,0.0,0.48,12,0.48,0,174
8753,1,0,0.0,0.48,12,0.48,0,174
8754,0,-1,-0.0,0.48,12,0.48,1,174
8755,1,0,0.0,0.48,12,0.48,0,174
8756,1,0,0.0,0.48,12,0.48,0,174
8757,1,0,0.0,0.48,12,0.48,0,174
8758,1,0,0.0,0.48,12,0.48,0,174
8759,1,0,0.0,0.48,12,0.48,0,174
8760,1,0,0.0,0.48,12,0.48,0,174
8761,1,0,0.0,0.48,12,0.48,0,174
8762,1,0,0.0,0.48,12,0.48,0,174
8763,1,0,0.0,0.48,12,0.48,0,174
8764,1,0,0.0,0.48,12,0.48,0,174
8765,2,1,21.097094,0.52,13,0.52,0,174
8766,2,1,-6.998117,0.64,16,0.64,0,174
8767,2,1,3.9228673,0.68,17,0.68,0,174
8768,1,0,0.0,0.68,17,0.68,0,174
8769,1,0,0.0,0.68,17,0.68,0,174
8770,1,0,0.0,0.68,17,0.68,0,174
8771,1,0,0.0,0.68,17,0.68,0,174
8772,1,0,0.0,0.68,17,0.68,0,174
8773,1,0,0.0,0.68,17,0.68,0,174
8774,1,0,0.0,0.68,17,0.68,1,174
8775,1,0,0.0,0.68,17,0.68,0,174
8776,1,0,0.0,0.68,17,0.68,0,174
8777,0,-1,-10.82307,0.64,16,0.64,0,174
8778,1,0,0.0,0.64,16,0.64,0,174
8779,1,0,0.0,0.64,16,0.64,0,174
8780,1,0,0.0,0.64,16,0.64,0,174
8781,1,0,0.0,0.64,16,0.64,0,174
8782,1,0,0.0,0.64,16,0.64,0,174
8783,1,0,0.0,0.64,16,0.64,0,174
8784,1,0,0.0,0.64,16,0.64,0,174
8785,1,0,0.0,0.64,16,0.64,0,174
8786,1,0,0.0,0.64,16,0.64,0,174
8787,1,0,0.0,0.64,16,0.64,1,174
8788,1,0,-1000.0,0.0,0,0.0,0,174
8789,1,0,0.0,0.16,4,0.16,0,175
8790,1,0,0.0,0.16,4,0.16,1,175
8791,2,1,28.130781,0.2,5,0.2,0,175
8792,2,1,23.839304,0.28,7,0.28,0,175
8793,2,1,26.031364,0.32,8,0.32,0,175
8794,1,0,0.0,0.32,8,0.32,0,175
8795,1,0,0.0,0.32,8,0.32,0,175
8796,1,0,0.0,0.32,8,0.32,0,175
8797,0,-1,-0.0,0.32,8,0.32,0,175
8798,1,0,0.0,0.32,8,0.32,0,175
8799,2,1,24.182045,0.36,9,0.36,0,175
8800,2,1,23.058016,0.4,10,0.4,0,175
8801,1,0,0.0,0.4,10,0.4,0,175
8802,1,0,0.0,0.4,10,0.4,0,175
8803,1,0,0.0,0.4,10,0.4,0,175
8804,2,1,21.078308,0.44,11,0.44,0,175
8805,2,1,3.385828,0.56,14,0.56,0,175
8806,1,0,0.0,0.56,14,0.56,0,175
8807,2,1,1.0054867,0.64,16,0.64,0,175
8808,1,0,0.0,0.64,16,0.64,0,175
8809,1,0,0.0,0.64,16,0.64,0,175
8810,1,0,0.0,0.64,16,0.64,0,175
8811,1,0,0.0,0.64,16,0.64,0,175
8812,2,1,6.9923873,0.68,17,0.68,0,175
8813,1,0,0.0,0.68,17,0.68,0,175
8814,1,0,0.0,0.68,17,0.68,1,175
8815,1,0,0.0,0.68,17,0.68,0,175
8816,1,0,0.0,0.68,17,0.68,0,175
8817,1,0,0.0,0.68,17,0.68,0,175
8818,2,1,5.8299837,0.72,18,0.72,0,175
8819,1,0,0.0,0.72,18,0.72,0,175
8820,1,0,0.0,0.72,18,0.72,0,175
8821,2,1,-6.5116544,0.76,19,0.76,0,175
8822,1,0,0.0,0.76,19,0.76,0,175
8823,2,1,30.525759,1.0,25,1.0,0,175
8824,1,0,-1000.0,0.0,0,0.0,0,175
8825,1,0,0.0,0.16,4,0.16,0,176
8826,2,1,28.364332,0.2,5,0.2,0,176
8827,1,0,0.0,0.2,5,0.2,0,176
8828,2,1,23.955872,0.28,7,0.28,0,176
8829,2,1,18.128635,0.36,9,0.36,0,176
8830,2,1,18.938814,0.44,11,0.44,0,176
8831,1,0,0.0,0.44,11,0.44,0,176
8832,1,0,0.0,0.44,11,0.44,0,176
8833,2,1,22.260569,0.48,12,0.48,0,176
8834,1,0,0.0,0.48,12,0.48,0,176
8835,2,1,21.152006,0.52,13,0.52,1,176
8836,1,0,0.0,0.52,13,0.52,0,176
8837,1,0,0.0,0.52,13,0.52,0,176
8838,1,0,0.0,0.52,13,0.52,0,176
8839,1,0,0.0,0.52,13,0.52,0,176
8840,2,1,18.082218,0.56,14,0.56,0,176
8841,1,0,0.0,0.56,14,0.56,0,176
8842,1,0,0.0,0.56,14,0.56,0,176
8843,1,0,0.0,0.56,14,0.56,0,176
8844,2,1,-14.800262,0.68,17,0.68,0,176
8845,1,0,0.0,0.68,17,0.68,0,176
8846,1,0,0.0,0.68,17,0.68,0,176
8847,1,0,0.0,0.68,17,0.68,0,176
8848,1,0,0.0,0.68,17,0.68,0,176
8849,1,0,0.0,0.68,17,0.68,0,176
8850,1,0,0.0,0.68,17,0.68,0,176
8851,2,1,-24.829073,0.76,19,0.76,0,176
8852,1,0,0.0,0.76,19,0.76,0,176
8853,1,0,0.0,0.76,19,0.76,0,176
8854,1,0,0.0,0.76,19,0.76,0,176
8855,1,0,0.0,0.76,19,0.76,0,176
8856,1,0,0.0,0.76,19,0.76,0,176
8857,1,0,0.0,0.76,19,0.76,0,176
8858,1,0,0.0,0.76,19,0.76,1,176
8859,2,1,-77.31565,0.84,21,0.84,0,176
8860,1,0,0.0,0.84,21,0.84,0,176
8861,2,1,-89.35235,0.88,22,0.88,0,176
8862,1,0,0.0,0.88,22,0.88,0,176
8863,1,0,0.0,0.88,22,0.88,0,176
8864,1,0,0.0,0.88,22,0.88,0,176
8865,1,0,0.0,0.88,22,0.88,0,176
8866,1,0,0.0,0.88,22,0.88,0,176
8867,1,0,0.0,0.88,22,0.88,0,176
8868,2,1,-182.84859,0.92,23,0.92,0,176
8869,1,0,0.0,0.92,23,0.92,0,176
8870,0,-1,-24.477354,0.92,23,0.92,0,176
8871,1,0,0.0,0.92,23,0.92,0,176
8872,1,0,0.0,0.92,23,0.92,0,176
8873,2,1,-598.6277,0.96,24,0.96,0,176
8874,1,0,0.0,0.96,24,0.96,0,176
8875,1,0,0.0,0.96,24,0.96,0,176
8876,1,0,0.0,0.96,24,0.96,0,176
8877,2,1,22.960194,1.0,25,1.0,0,176
8878,1,0,-1000.0,0.0,0,0.0,0,176
8879,1,0,0.0,0.16,4,0.16,0,177
8880,2,1,28.346605,0.2,5,0.2,0,177
8881,2,1,23.968313,0.28,7,0.28,0,177
8882,1,0,0.0,0.28,7,0.28,0,177
8883,1,0,0.0,0.28,7,0.28,0,177
8884,1,0,0.0,0.28,7,0.28,0,177
8885,1,0,0.0,0.28,7,0.28,0,177
8886,1,0,0.0,0.28,7,0.28,0,177
8887,2,1,13.119488,0.4,10,0.4,0,177
8888,2,1,24.768646,0.44,11,0.44,0,177
8889,2,1,22.260569,0.48,12,0.48,0,177
8890,1,0,0.0,0.48,12,0.48,0,177
8891,2,1,11.372195,0.56,14,0.56,0,177
8892,1,0,0.0,0.56,14,0.56,0,177
8893,1,0,0.0,0.56,14,0.56,0,177
8894,1,0,0.0,0.56,14,0.56,1,177
8895,1,0,0.0,0.56,14,0.56,0,177
8896,1,0,0.0,0.56,14,0.56,0,177
8897,0,-1,-0.0,0.56,14,0.56,0,177
8898,1,0,0.0,0.56,14,0.56,0,177
8899,1,0,0.0,0.56,14,0.56,0,177
8900,2,1,-67.382935,0.76,19,0.76,0,177
8901,1,0,0.0,0.76,19,0.76,0,177
8902,1,0,0.0,0.76,19,0.76,0,177
8903,1,0,0.0,0.76,19,0.76,0,177
8904,0,-1,-18.0131,0.76,19,0.76,0,177
8905,1,0,0.0,0.76,19,0.76,0,177
8906,1,0,0.0,0.76,19,0.76,0,177
8907,1,0,0.0,0.76,19,0.76,0,177
8908,1,0,0.0,0.76,19,0.76,0,177
8909,1,0,0.0,0.76,19,0.76,0,177
8910,1,0,0.0,0.76,19,0.76,0,177
8911,1,0,0.0,0.76,19,0.76,0,177
8912,1,0,0.0,0.76,19,0.76,1,177
8913,1,0,0.0,0.76,19,0.76,0,177
8914,1,0,0.0,0.76,19,0.76,0,177
8915,1,0,-1000.0,0.0,0,0.0,0,177
8916,1,0,0.0,0.16,4,0.16,0,178
8917,2,1,28.346605,0.2,5,0.2,0,178
8918,2,1,28.22638,0.24,6,0.24,0,178
8919,1,0,0.0,0.24,6,0.24,1,178
8920,2,1,18.704454,0.32,8,0.32,0,178
8921,1,0,0.0,0.32,8,0.32,0,178
8922,2,1,25.920689,0.36,9,0.36,0,178
8923,2,1,18.92227,0.44,11,0.44,0,178
8924,1,0,0.0,0.44,11,0.44,0,178
8925,1,0,0.0,0.44,11,0.44,0,178
8926,1,0,0.0,0.44,11,0.44,0,178
8927,1,0,0.0,0.44,11,0.44,0,178
8928,1,0,0.0,0.44,11,0.44,1,178
8929,1,0,0.0,0.44,11,0.44,1,178
8930,2,1,14.441752,0.52,13,0.52,0,178
8931,1,0,0.0,0.52,13,0.52,0,178
8932,1,0,0.0,0.52,13,0.52,0,178
8933,1,0,0.0,0.52,13,0.52,0,178
8934,2,1,14.365052,0.56,14,0.56,0,178
8935,2,1,-37.455544,0.72,18,0.72,0,178
8936,1,0,0.0,0.72,18,0.72,0,178
8937,1,0,0.0,0.72,18,0.72,0,178
8938,2,1,-3.5613182,0.76,19,0.76,0,178
8939,1,0,0.0,0.76,19,0.76,0,178
8940,1,0,0.0,0.76,19,0.76,0,178
8941,2,1,-76.016,0.84,21,0.84,0,178
8942,1,0,0.0,0.84,21,0.84,0,178
8943,1,0,0.0,0.84,21,0.84,0,178
8944,1,0,0.0,0.84,21,0.84,1,178
8945,1,0,0.0,0.84,21,0.84,0,178
8946,1,0,0.0,0.84,21,0.84,0,178
8947,1,0,0.0,0.84,21,0.84,0,178
8948,1,0,0.0,0.84,21,0.84,0,178
8949,2,1,-286.00647,0.92,23,0.92,0,178
8950,1,0,0.0,0.92,23,0.92,1,178
8951,2,1,-601.6341,0.96,24,0.96,0,178
8952,1,0,0.0,0.96,24,0.96,0,178
8953,1,0,0.0,0.96,24,0.96,0,178
8954,1,0,0.0,0.96,24,0.96,0,178
8955,1,0,0.0,0.96,24,0.96,0,178
8956,1,0,0.0,0.96,24,0.96,0,178
8957,1,0,0.0,0.96,24,0.96,0,178
8958,1,0,0.0,0.96,24,0.96,0,178
8959,1,0,0.0,0.96,24,0.96,0,178
8960,1,0,0.0,0.96,24,0.96,0,178
8961,1,0,0.0,0.96,24,0.96,0,178
8962,1,0,-1000.0,0.0,0,0.0,0,178
8963,1,0,0.0,0.16,4,0.16,0,179
8964,2,1,28.364332,0.2,5,0.2,0,179
8965,2,1,23.955872,0.28,7,0.28,1,179
8966,1,0,0.0,0.28,7,0.28,0,179
8967,1,0,0.0,0.28,7,0.28,0,179
8968,1,0,0.0,0.28,7,0.28,0,179
8969,1,0,0.0,0.28,7,0.28,0,179
8970,1,0,0.0,0.28,7,0.28,0,179
8971,2,1,21.291534,0.36,9,0.36,0,179
8972,1,0,0.0,0.36,9,0.36,0,179
8973,2,1,23.776861,0.4,10,0.4,0,179
8974,2,1,21.210321,0.44,11,0.44,0,179
8975,1,0,0.0,0.44,11,0.44,0,179
8976,2,1,12.443288,0.52,13,0.52,0,179
8977,1,0,0.0,0.52,13,0.52,0,179
8978,1,0,0.0,0.52,13,0.52,0,179
8979,1,0,0.0,0.52,13,0.52,0,179
8980,1,0,0.0,0.52,13,0.52,1,179
8981,1,0,0.0,0.52,13,0.52,0,179
8982,1,0,0.0,0.52,13,0.52,0,179
8983,1,0,0.0,0.52,13,0.52,0,179
8984,2,1,6.9357557,0.6,15,0.6,0,179
8985,1,0,0.0,0.6,15,0.6,0,179
8986,1,0,0.0,0.6,15,0.6,0,179
8987,1,0,0.0,0.6,15,0.6,0,179
8988,1,0,0.0,0.6,15,0.6,0,179
8989,2,1,-4.8229256,0.68,17,0.68,0,179
8990,1,0,0.0,0.68,17,0.68,0,179
8991,1,0,0.0,0.68,17,0.68,0,179
8992,1,0,0.0,0.68,17,0.68,0,179
8993,1,0,0.0,0.68,17,0.68,0,179
8994,1,0,0.0,0.68,17,0.68,0,179
8995,1,0,0.0,0.68,17,0.68,0,179
8996,1,0,0.0,0.68,17,0.68,0,179
8997,1,0,0.0,0.68,17,0.68,0,179
8998,1,0,0.0,0.68,17,0.68,0,179
8999,1,0,0.0,0.68,17,0.68,0,179
9000,1,0,-1000.0,0.0,0,0.0,0,179
9001,1,0,0.0,0.16,4,0.16,0,180
9002,1,0,0.0,0.16,4,0.16,0,180
9003,2,1,28.364332,0.2,5,0.2,0,180
9004,2,1,19.247265,0.28,7,0.28,0,180
9005,1,0,0.0,0.28,7,0.28,0,180
9006,1,0,0.0,0.28,7,0.28,0,180
9007,1,0,0.0,0.28,7,0.28,0,180
9008,2,1,-4.8479395,0.32,8,0.32,0,180
9009,2,1,15.120643,0.44,11,0.44,0,180
9010,1,0,0.0,0.44,11,0.44,0,180
9011,2,1,15.572613,0.52,13,0.52,0,180
9012,1,0,0.0,0.52,13,0.52,0,180
9013,1,0,0.0,0.52,13,0.52,1,180
9014,2,1,7.0884857,0.6,15,0.6,0,180
9015,1,0,0.0,0.6,15,0.6,0,180
9016,1,0,0.0,0.6,15,0.6,0,180
9017,1,0,0.0,0.6,15,0.6,0,180
9018,2,1,-2.2140706,0.68,17,0.68,0,180
9019,1,0,0.0,0.68,17,0.68,0,180
9020,1,0,0.0,0.68,17,0.68,0,180
9021,1,0,0.0,0.68,17,0.68,0,180
9022,1,0,0.0,0.68,17,0.68,0,180
9023,1,0,0.0,0.68,17,0.68,0,180
9024,1,0,0.0,0.68,17,0.68,0,180
9025,1,0,0.0,0.68,17,0.68,0,180
9026,0,-1,-3.0006938,0.64,16,0.64,0,180
9027,1,0,0.0,0.64,16,0.64,0,180
9028,1,0,0.0,0.64,16,0.64,0,180
9029,1,0,0.0,0.64,16,0.64,0,180
9030,1,0,0.0,0.64,16,0.64,0,180
9031,1,0,0.0,0.64,16,0.64,0,180
9032,1,0,0.0,0.64,16,0.64,0,180
9033,1,0,0.0,0.64,16,0.64,0,180
9034,1,0,0.0,0.64,16,0.64,0,180
9035,1,0,0.0,0.64,16,0.64,0,180
9036,2,1,10.015169,0.68,17,0.68,0,180
9037,1,0,0.0,0.68,17,0.68,0,180
9038,1,0,0.0,0.68,17,0.68,0,180
9039,1,0,0.0,0.68,17,0.68,0,180
9040,1,0,0.0,0.68,17,0.68,0,180
9041,1,0,0.0,0.68,17,0.68,0,180
9042,1,0,0.0,0.68,17,0.68,0,180
9043,1,0,0.0,0.68,17,0.68,1,180
9044,1,0,0.0,0.68,17,0.68,0,180
9045,1,0,0.0,0.68,17,0.68,1,180
9046,1,0,0.0,0.68,17,0.68,0,180
9047,1,0,-1000.0,0.0,0,0.0,0,180
9048,1,0,0.0,0.16,4,0.16,0,181
9049,2,1,28.364332,0.2,5,0.2,0,181
9050,2,1,28.208652,0.24,6,0.24,0,181
9051,2,1,18.8927,0.32,8,0.32,0,181
9052,1,0,0.0,0.32,8,0.32,0,181
9053,1,0,0.0,0.32,8,0.32,0,181
9054,2,1,26.008978,0.36,9,0.36,0,181
9055,1,0,0.0,0.36,9,0.36,0,181
9056,0,-1,-0.0,0.36,9,0.36,0,181
9057,2,1,9.248968,0.48,12,0.48,0,181
9058,1,0,0.0,0.48,12,0.48,0,181
9059,1,0,0.0,0.48,12,0.48,0,181
9060,1,0,0.0,0.48,12,0.48,0,181
9061,1,0,0.0,0.48,12,0.48,0,181
9062,2,1,13.042493,0.56,14,0.56,1,181
9063,2,1,3.7349544,0.64,16,0.64,0,181
9064,2,1,-12.467106,0.72,18,0.72,0,181
9065,1,0,0.0,0.72,18,0.72,0,181
9066,1,0,0.0,0.72,18,0.72,0,181
9067,1,0,0.0,0.72,18,0.72,0,181
9068,1,0,0.0,0.72,18,0.72,0,181
9069,1,0,0.0,0.72,18,0.72,0,181
9070,1,0,0.0,0.72,18,0.72,0,181
9071,1,0,0.0,0.72,18,0.72,1,181
9072,2,1,-44.609375,0.8,20,0.8,0,181
9073,1,0,0.0,0.8,20,0.8,0,181
9074,1,0,0.0,0.8,20,0.8,0,181
9075,1,0,0.0,0.8,20,0.8,0,181
9076,1,0,0.0,0.8,20,0.8,0,181
9077,1,0,0.0,0.8,20,0.8,0,181
9078,1,0,0.0,0.8,20,0.8,0,181
9079,1,0,0.0,0.8,20,0.8,0,181
9080,1,0,0.0,0.8,20,0.8,0,181
9081,1,0,0.0,0.8,20,0.8,0,181
9082,1,0,0.0,0.8,20,0.8,0,181
9083,1,0,-1000.0,0.0,0,0.0,0,181
9084,2,1,28.346605,0.2,5,0.2,0,182
9085,1,0,0.0,0.2,5,0.2,0,182
9086,2,1,28.22638,0.24,6,0.24,0,182
9087,1,0,0.0,0.24,6,0.24,0,182
9088,2,1,-4.515744,0.28,7,0.28,0,182
9089,1,0,0.0,0.28,7,0.28,0,182
9090,2,1,18.128635,0.36,9,0.36,0,182
9091,1,0,0.0,0.36,9,0.36,0,182
9092,1,0,0.0,0.36,9,0.36,0,182
9093,1,0,0.0,0.36,9,0.36,0,182
9094,1,0,0.0,0.36,9,0.36,0,182
9095,1,0,0.0,0.36,9,0.36,0,182
9096,0,-1,-0.0,0.36,9,0.36,0,182
9097,2,1,-5.829461,0.4,10,0.4,0,182
9098,1,0,0.0,0.4,10,0.4,0,182
9099,1,0,0.0,0.4,10,0.4,0,182
9100,1,0,0.0,0.4,10,0.4,0,182
9101,1,0,0.0,0.4,10,0.4,0,182
9102,1,0,0.0,0.4,10,0.4,0,182
9103,2,1,24.763365,0.44,11,0.44,0,182
9104,1,0,0.0,0.44,11,0.44,0,182
9105,1,0,0.0,0.44,11,0.44,0,182
9106,1,0,0.0,0.44,11,0.44,0,182
9107,2,1,23.897566,0.48,12,0.48,0,182
9108,1,0,0.0,0.48,12,0.48,0,182
9109,1,0,0.0,0.48,12,0.48,0,182
9110,2,1,21.152006,0.52,13,0.52,1,182
9111,1,0,0.0,0.52,13,0.52,0,182
9112,1,0,0.0,0.52,13,0.52,0,182
9113,1,0,0.0,0.52,13,0.52,0,182
9114,1,0,0.0,0.52,13,0.52,0,182
9115,0,-1,-19.823406,0.48,12,0.48,0,182
9116,1,0,0.0,0.48,12,0.48,0,182
9117,1,0,0.0,0.48,12,0.48,0,182
9118,2,1,19.809063,0.52,13,0.52,0,182
9119,1,0,0.0,0.52,13,0.52,0,182
9120,1,0,0.0,0.52,13,0.52,0,182
9121,1,0,0.0,0.52,13,0.52,0,182
9122,2,1,7.0234704,0.6,15,0.6,0,182
9123,1,0,0.0,0.6,15,0.6,0,182
9124,1,0,0.0,0.6,15,0.6,0,182
9125,1,0,0.0,0.6,15,0.6,0,182
9126,1,0,0.0,0.6,15,0.6,0,182
9127,1,0,0.0,0.6,15,0.6,0,182
9128,1,0,0.0,0.6,15,0.6,0,182
9129,1,0,0.0,0.6,15,0.6,0,182
9130,1,0,0.0,0.6,15,0.6,0,182
9131,1,0,0.0,0.6,15,0.6,0,182
9132,2,1,12.442794,0.64,16,0.64,0,182
9133,1,0,0.0,0.64,16,0.64,0,182
9134,2,1,7.3612695,0.68,17,0.68,0,182
9135,1,0,0.0,0.68,17,0.68,0,182
9136,1,0,0.0,0.68,17,0.68,0,182
9137,2,1,6.856398,0.72,18,0.72,1,182
9138,1,0,0.0,0.72,18,0.72,0,182
9139,1,0,0.0,0.72,18,0.72,0,182
9140,1,0,0.0,0.72,18,0.72,0,182
9141,1,0,0.0,0.72,18,0.72,0,182
9142,1,0,0.0,0.72,18,0.72,0,182
9143,1,0,0.0,0.72,18,0.72,0,182
9144,1,0,0.0,0.72,18,0.72,0,182
9145,1,0,0.0,0.72,18,0.72,0,182
9146,1,0,0.0,0.72,18,0.72,0,182
9147,1,0,0.0,0.72,18,0.72,0,182
9148,1,0,-1000.0,0.0,0,0.0,0,182
9149,1,0,0.0,0.16,4,0.16,0,183
9150,2,1,28.346605,0.2,5,0.2,0,183
9151,1,0,0.0,0.2,5,0.2,0,183
9152,2,1,28.22638,0.24,6,0.24,0,183
9153,2,1,18.678572,0.32,8,0.32,0,183
9154,1,0,0.0,0.32,8,0.32,0,183
9155,2,1,-5.2804523,0.36,9,0.36,0,183
9156,1,0,0.0,0.36,9,0.36,0,183
9157,1,0,0.0,0.36,9,0.36,0,183
9158,1,0,0.0,0.36,9,0.36,0,183
9159,2,1,25.454552,0.4,10,0.4,0,183
9160,2,1,9.05587,0.52,13,0.52,0,183
9161,2,1,-6.7569118,0.64,16,0.64,0,183
9162,1,0,0.0,0.64,16,0.64,0,183
9163,1,0,0.0,0.64,16,0.64,1,183
9164,1,0,0.0,0.64,16,0.64,0,183
9165,1,0,0.0,0.64,16,0.64,0,183
9166,1,0,0.0,0.64,16,0.64,0,183
9167,1,0,0.0,0.64,16,0.64,0,183
9168,1,0,0.0,0.64,16,0.64,0,183
9169,1,0,0.0,0.64,16,0.64,0,183
9170,1,0,0.0,0.64,16,0.64,0,183
9171,1,0,0.0,0.64,16,0.64,0,183
9172,1,0,-1000.0,0.0,0,0.0,0,183
9173,2,1,-4.1407347,0.2,5,0.2,0,184
9174,0,-1,-0.0,0.2,5,0.2,0,184
9175,0,-1,-0.0,0.2,5,0.2,0,184
9176,1,0,0.0,0.2,5,0.2,0,184
9177,2,1,28.22638,0.24,6,0.24,0,184
9178,2,1,27.971514,0.28,7,0.28,0,184
9179,1,0,0.0,0.28,7,0.28,1,184
9180,0,-1,-28.046495,0.24,6,0.24,0,184
9181,1,0,0.0,0.24,6,0.24,0,184
9182,2,1,22.127697,0.28,7,0.28,0,184
9183,1,0,0.0,0.28,7,0.28,0,184
9184,2,1,27.641806,0.32,8,0.32,0,184
9185,1,0,0.0,0.32,8,0.32,0,184
9186,1,0,0.0,0.32,8,0.32,0,184
9187,1,0,0.0,0.32,8,0.32,0,184
9188,1,0,0.0,0.32,8,0.32,0,184
9189,1,0,0.0,0.32,8,0.32,1,184
9190,2,1,25.776854,0.36,9,0.36,0,184
9191,2,1,25.57434,0.4,10,0.4,0,184
9192,2,1,21.878696,0.44,11,0.44,0,184
9193,1,0,0.0,0.44,11,0.44,0,184
9194,2,1,22.07682,0.48,12,0.48,0,184
9195,0,-1,-0.0,0.48,12,0.48,1,184
9196,2,1,21.749046,0.52,13,0.52,0,184
9197,1,0,0.0,0.52,13,0.52,0,184
9198,1,0,0.0,0.52,13,0.52,0,184
9199,1,0,0.0,0.52,13,0.52,0,184
9200,1,0,0.0,0.52,13,0.52,0,184
9201,1,0,0.0,0.52,13,0.52,0,184
9202,1,0,0.0,0.52,13,0.52,0,184
9203,1,0,0.0,0.52,13,0.52,0,184
9204,1,0,0.0,0.52,13,0.52,0,184
9205,2,1,4.6664915,0.6,15,0.6,0,184
9206,1,0,0.0,0.6,15,0.6,0,184
9207,1,0,0.0,0.6,15,0.6,0,184
9208,1,0,0.0,0.6,15,0.6,0,184
9209,1,0,0.0,0.6,15,0.6,0,184
9210,1,0,0.0,0.6,15,0.6,1,184
9211,2,1,13.277096,0.64,16,0.64,0,184
9212,1,0,0.0,0.64,16,0.64,0,184
9213,2,1,-41.502686,0.76,19,0.76,0,184
9214,1,0,0.0,0.76,19,0.76,0,184
9215,1,0,0.0,0.76,19,0.76,0,184
9216,1,0,0.0,0.76,19,0.76,1,184
9217,1,0,0.0,0.76,19,0.76,0,184
9218,1,0,0.0,0.76,19,0.76,0,184
9219,1,0,0.0,0.76,19,0.76,0,184
9220,1,0,0.0,0.76,19,0.76,0,184
9221,1,0,0.0,0.76,19,0.76,0,184
9222,1,0,0.0,0.76,19,0.76,0,184
9223,1,0,0.0,0.76,19,0.76,0,184
9224,1,0,-1000.0,0.0,0,0.0,0,184
9225,2,1,28.364332,0.2,5,0.2,1,185
9226,2,1,22.364922,0.24,6,0.24,0,185
9227,1,0,0.0,0.24,6,0.24,0,185
9228,1,0,0.0,0.24,6,0.24,0,185
9229,2,1,23.286818,0.32,8,0.32,0,185
9230,1,0,0.0,0.32,8,0.32,1,185
9231,2,1,18.358671,0.36,9,0.36,0,185
9232,1,0,0.0,0.36,9,0.36,0,185
9233,2,1,19.16104,0.44,11,0.44,0,185
9234,1,0,0.0,0.44,11,0.44,0,185
9235,2,1,14.046309,0.48,12,0.48,0,185
9236,1,0,0.0,0.48,12,0.48,0,185
9237,1,0,0.0,0.48,12,0.48,1,185
9238,1,0,0.0,0.48,12,0.48,0,185
9239,1,0,0.0,0.48,12,0.48,0,185
9240,1,0,0.0,0.48,12,0.48,0,185
9241,1,0,0.0,0.48,12,0.48,0,185
9242,1,0,0.0,0.48,12,0.48,0,185
9243,1,0,0.0,0.48,12,0.48,0,185
9244,2,1,20.99255,0.52,13,0.52,0,185
9245,1,0,0.0,0.52,13,0.52,0,185
9246,2,1,19.400316,0.56,14,0.56,0,185
9247,1,0,0.0,0.56,14,0.56,0,185
9248,0,-1,-18.121582,0.52,13,0.52,0,185
9249,1,0,0.0,0.52,13,0.52,0,185
9250,2,1,17.70413,0.56,14,0.56,0,185
9251,1,0,0.0,0.56,14,0.56,0,185
9252,1,0,0.0,0.56,14,0.56,0,185
9253,2,1,-67.121056,0.76,19,0.76,0,185
9254,1,0,0.0,0.76,19,0.76,0,185
9255,2,1,-180.08418,0.88,22,0.88,0,185
9256,1,0,0.0,0.88,22,0.88,0,185
9257,1,0,0.0,0.88,22,0.88,1,185
9258,1,0,0.0,0.88,22,0.88,0,185
9259,1,0,0.0,0.88,22,0.88,0,185
9260,1,0,0.0,0.88,22,0.88,0,185
9261,1,0,0.0,0.88,22,0.88,0,185
9262,1,0,0.0,0.88,22,0.88,0,185
9263,1,0,0.0,0.88,22,0.88,0,185
9264,1,0,0.0,0.88,22,0.88,0,185
9265,1,0,0.0,0.88,22,0.88,0,185
9266,1,0,-1000.0,0.0,0,0.0,0,185
9267,1,0,0.0,0.16,4,0.16,0,186
9268,2,1,28.364332,0.2,5,0.2,0,186
9269,1,0,0.0,0.2,5,0.2,0,186
9270,2,1,-4.278605,0.24,6,0.24,0,186
9271,1,0,0.0,0.24,6,0.24,0,186
9272,2,1,23.38718,0.32,8,0.32,0,186
9273,2,1,26.003696,0.36,9,0.36,0,186
9274,1,0,0.0,0.36,9,0.36,0,186
9275,2,1,22.213333,0.4,10,0.4,0,186
9276,2,1,14.3443775,0.48,12,0.48,0,186
9277,1,0,0.0,0.48,12,0.48,0,186
9278,2,1,21.154152,0.52,13,0.52,0,186
9279,1,0,0.0,0.52,13,0.52,0,186
9280,1,0,0.0,0.52,13,0.52,0,186
9281,2,1,-9.921985,0.56,14,0.56,0,186
9282,1,0,0.0,0.56,14,0.56,0,186
9283,1,0,0.0,0.56,14,0.56,0,186
9284,1,0,0.0,0.56,14,0.56,0,186
9285,1,0,0.0,0.56,14,0.56,0,186
9286,1,0,0.0,0.56,14,0.56,0,186
9287,2,1,17.863403,0.6,15,0.6,0,186
9288,1,0,0.0,0.6,15,0.6,0,186
9289,1,0,0.0,0.6,15,0.6,0,186
9290,1,0,0.0,0.6,15,0.6,0,186
9291,1,0,0.0,0.6,15,0.6,1,186
9292,1,0,0.0,0.6,15,0.6,0,186
9293,0,-1,-0.0,0.6,15,0.6,0,186
9294,2,1,13.717708,0.64,16,0.64,0,186
9295,1,0,0.0,0.64,16,0.64,0,186
9296,1,0,0.0,0.64,16,0.64,0,186
9297,1,0,0.0,0.64,16,0.64,0,186
9298,1,0,0.0,0.64,16,0.64,0,186
9299,1,0,0.0,0.64,16,0.64,0,186
9300,2,1,10.01517,0.68,17,0.68,0,186
9301,2,1,1.2071669,0.72,18,0.72,0,186
9302,1,0,0.0,0.72,18,0.72,0,186
9303,1,0,0.0,0.72,18,0.72,0,186
9304,1,0,0.0,0.72,18,0.72,0,186
9305,2,1,-3.8906524,0.76,19,0.76,0,186
9306,1,0,0.0,0.76,19,0.76,0,186
9307,1,0,0.0,0.76,19,0.76,0,186
9308,1,0,0.0,0.76,19,0.76,0,186
9309,1,0,0.0,0.76,19,0.76,0,186
9310,1,0,0.0,0.76,19,0.76,0,186
9311,1,0,0.0,0.76,19,0.76,1,186
9312,1,0,0.0,0.76,19,0.76,0,186
9313,1,0,0.0,0.76,19,0.76,0,186
9314,1,0,0.0,0.76,19,0.76,0,186
9315,1,0,0.0,0.76,19,0.76,0,186
9316,1,0,-1000.0,0.0,0,0.0,0,186
9317,1,0,0.0,0.16,4,0.16,0,187
9318,0,-1,-0.0,0.16,4,0.16,0,187
9319,2,1,28.364332,0.2,5,0.2,0,187
9320,2,1,-4.278687,0.24,6,0.24,0,187
9321,2,1,23.38718,0.32,8,0.32,1,187
9322,1,0,0.0,0.32,8,0.32,0,187
9323,2,1,11.693931,0.36,9,0.36,0,187
9324,1,0,0.0,0.36,9,0.36,0,187
9325,0,-1,-26.408081,0.36,9,0.36,0,187
9326,2,1,8.486754,0.44,11,0.44,0,187
9327,1,0,0.0,0.44,11,0.44,0,187
9328,2,1,12.144679,0.52,13,0.52,0,187
9329,1,0,0.0,0.52,13,0.52,0,187
9330,2,1,13.191124,0.56,14,0.56,0,187
9331,1,0,0.0,0.56,14,0.56,0,187
9332,1,0,0.0,0.56,14,0.56,0,187
9333,1,0,0.0,0.56,14,0.56,0,187
9334,1,0,0.0,0.56,14,0.56,0,187
9335,1,0,0.0,0.56,14,0.56,0,187
9336,1,0,0.0,0.56,14,0.56,0,187
9337,1,0,0.0,0.56,14,0.56,0,187
9338,1,0,0.0,0.56,14,0.56,0,187
9339,1,0,0.0,0.56,14,0.56,0,187
9340,1,0,0.0,0.56,14,0.56,1,187
9341,2,1,14.47098,0.6,15,0.6,0,187
9342,2,1,-0.52926415,0.68,17,0.68,0,187
9343,2,1,-1.0263281,0.72,18,0.72,0,187
9344,1,0,0.0,0.72,18,0.72,0,187
9345,1,0,0.0,0.72,18,0.72,0,187
9346,1,0,0.0,0.72,18,0.72,1,187
9347,1,0,0.0,0.72,18,0.72,0,187
9348,1,0,0.0,0.72,18,0.72,0,187
9349,1,0,0.0,0.72,18,0.72,0,187
9350,1,0,0.0,0.72,18,0.72,0,187
9351,1,0,0.0,0.72,18,0.72,0,187
9352,1,0,0.0,0.72,18,0.72,0,187
9353,1,0,0.0,0.72,18,0.72,0,187
9354,1,0,-1000.0,0.0,0,0.0,0,187
9355,2,1,28.346605,0.2,5,0.2,0,188
9356,2,1,28.22638,0.24,6,0.24,0,188
9357,1,0,0.0,0.24,6,0.24,0,188
9358,1,0,0.0,0.24,6,0.24,0,188
9359,2,1,26.773045,0.28,7,0.28,0,188
9360,1,0,0.0,0.28,7,0.28,0,188
9361,0,-1,-0.0,0.28,7,0.28,0,188
9362,1,0,0.0,0.28,7,0.28,0,188
9363,2,1,21.334368,0.36,9,0.36,0,188
9364,1,0,0.0,0.36,9,0.36,0,188
9365,1,0,0.0,0.36,9,0.36,0,188
9366,1,0,0.0,0.36,9,0.36,0,188
9367,2,1,23.820692,0.4,10,0.4,0,188
9368,1,0,0.0,0.4,10,0.4,0,188
9369,1,0,0.0,0.4,10,0.4,0,188
9370,2,1,6.5802827,0.52,13,0.52,0,188
9371,1,0,0.0,0.52,13,0.52,0,188
9372,1,0,0.0,0.52,13,0.52,0,188
9373,1,0,0.0,0.52,13,0.52,1,188
9374,1,0,0.0,0.52,13,0.52,0,188
9375,2,1,17.39352,0.56,14,0.56,0,188
9376,2,1,-37.249798,0.72,18,0.72,0,188
9377,1,0,0.0,0.72,18,0.72,0,188
9378,1,0,0.0,0.72,18,0.72,0,188
9379,1,0,0.0,0.72,18,0.72,0,188
9380,1,0,0.0,0.72,18,0.72,0,188
9381,1,0,0.0,0.72,18,0.72,0,188
9382,0,-1,-3.6246846e-09,0.72,18,0.72,0,188
9383,1,0,0.0,0.72,18,0.72,0,188
9384,1,0,0.0,0.72,18,0.72,0,188
9385,1,0,0.0,0.72,18,0.72,0,188
9386,1,0,0.0,0.72,18,0.72,1,188
9387,1,0,0.0,0.72,18,0.72,0,188
9388,1,0,0.0,0.72,18,0.72,0,188
9389,1,0,0.0,0.72,18,0.72,0,188
9390,1,0,0.0,0.72,18,0.72,0,188
9391,1,0,0.0,0.72,18,0.72,0,188
9392,1,0,0.0,0.72,18,0.72,1,188
9393,1,0,-1000.0,0.0,0,0.0,0,188
9394,2,1,28.346605,0.2,5,0.2,0,189
9395,1,0,0.0,0.2,5,0.2,0,189
9396,1,0,0.0,0.2,5,0.2,0,189
9397,2,1,19.461393,0.28,7,0.28,0,189
9398,1,0,0.0,0.28,7,0.28,0,189
9399,2,1,27.657686,0.32,8,0.32,0,189
9400,1,0,0.0,0.32,8,0.32,0,189
9401,2,1,16.93285,0.4,10,0.4,0,189
9402,1,0,0.0,0.4,10,0.4,0,189
9403,1,0,0.0,0.4,10,0.4,0,189
9404,2,1,12.69634,0.48,12,0.48,0,189
9405,1,0,0.0,0.48,12,0.48,0,189
9406,2,1,22.79115,0.52,13,0.52,0,189
9407,1,0,0.0,0.52,13,0.52,0,189
9408,1,0,0.0,0.52,13,0.52,0,189
9409,1,0,0.0,0.52,13,0.52,0,189
9410,1,0,0.0,0.52,13,0.52,0,189
9411,1,0,0.0,0.52,13,0.52,0,189
9412,2,1,-9.921985,0.56,14,0.56,0,189
9413,1,0,0.0,0.56,14,0.56,0,189
9414,1,0,0.0,0.56,14,0.56,0,189
9415,2,1,-0.80959666,0.64,16,0.64,0,189
9416,1,0,0.0,0.64,16,0.64,1,189
9417,1,0,0.0,0.64,16,0.64,0,189
9418,1,0,0.0,0.64,16,0.64,0,189
9419,1,0,0.0,0.64,16,0.64,0,189
9420,1,0,0.0,0.64,16,0.64,0,189
9421,1,0,0.0,0.64,16,0.64,0,189
9422,1,0,0.0,0.64,16,0.64,0,189
9423,1,0,0.0,0.64,16,0.64,0,189
9424,1,0,0.0,0.64,16,0.64,0,189
9425,1,0,0.0,0.64,16,0.64,0,189
9426,1,0,-1000.0,0.0,0,0.0,0,189
9427,2,1,28.346605,0.2,5,0.2,0,190
9428,1,0,0.0,0.2,5,0.2,0,190
9429,1,0,0.0,0.2,5,0.2,0,190
9430,2,1,23.968313,0.28,7,0.28,1,190
9431,1,0,0.0,0.28,7,0.28,0,190
9432,2,1,17.868649,0.36,9,0.36,0,190
9433,1,0,0.0,0.36,9,0.36,0,190
9434,2,1,19.072426,0.44,11,0.44,0,190
9435,2,1,18.697424,0.48,12,0.48,0,190
9436,2,1,11.214185,0.56,14,0.56,0,190
9437,1,0,0.0,0.56,14,0.56,0,190
9438,1,0,0.0,0.56,14,0.56,0,190
9439,1,0,0.0,0.56,14,0.56,0,190
9440,1,0,0.0,0.56,14,0.56,0,190
9441,1,0,0.0,0.56,14,0.56,0,190
9442,1,0,0.0,0.56,14,0.56,0,190
9443,1,0,0.0,0.56,14,0.56,0,190
9444,1,0,0.0,0.56,14,0.56,0,190
9445,2,1,16.711512,0.6,15,0.6,0,190
9446,1,0,0.0,0.6,15,0.6,0,190
9447,1,0,0.0,0.6,15,0.6,0,190
9448,1,0,0.0,0.6,15,0.6,0,190
9449,1,0,0.0,0.6,15,0.6,0,190
9450,0,-1,-0.0,0.6,15,0.6,0,190
9451,2,1,13.119075,0.64,16,0.64,0,190
9452,0,-1,-0.0,0.64,16,0.64,0,190
9453,1,0,0.0,0.64,16,0.64,0,190
9454,1,0,0.0,0.64,16,0.64,1,190
9455,1,0,0.0,0.64,16,0.64,0,190
9456,2,1,8.002633,0.68,17,0.68,0,190
9457,1,0,0.0,0.68,17,0.68,0,190
9458,1,0,0.0,0.68,17,0.68,0,190
9459,1,0,0.0,0.68,17,0.68,0,190
9460,2,1,-24.443161,0.76,19,0.76,0,190
9461,1,0,0.0,0.76,19,0.76,0,190
9462,1,0,0.0,0.76,19,0.76,0,190
9463,1,0,0.0,0.76,19,0.76,0,190
9464,1,0,0.0,0.76,19,0.76,0,190
9465,2,1,-15.072869,0.8,20,0.8,1,190
9466,1,0,0.0,0.8,20,0.8,0,190
9467,2,1,-973.4622,0.96,24,0.96,0,190
9468,2,1,-1000.0,0.0,0,0.0,0,190
9469,1,0,0.0,0.16,4,0.16,0,191
9470,1,0,0.0,0.16,4,0.16,0,191
9471,2,1,-4.1407347,0.2,5,0.2,0,191
9472,2,1,23.692236,0.28,7,0.28,0,191
9473,2,1,27.657686,0.32,8,0.32,0,191
9474,1,0,0.0,0.32,8,0.32,0,191
9475,1,0,0.0,0.32,8,0.32,0,191
9476,1,0,0.0,0.32,8,0.32,0,191
9477,1,0,0.0,0.32,8,0.32,1,191
9478,1,0,0.0,0.32,8,0.32,0,191
9479,2,1,25.907827,0.36,9,0.36,0,191
9480,2,1,16.185175,0.4,10,0.4,0,191
9481,2,1,14.093404,0.48,12,0.48,0,191
9482,1,0,0.0,0.48,12,0.48,0,191
9483,1,0,0.0,0.48,12,0.48,0,191
9484,2,1,20.02039,0.52,13,0.52,0,191
9485,1,0,0.0,0.52,13,0.52,0,191
9486,1,0,0.0,0.52,13,0.52,0,191
9487,1,0,0.0,0.52,13,0.52,1,191
9488,1,0,0.0,0.52,13,0.52,0,191
9489,1,0,0.0,0.52,13,0.52,0,191
9490,1,0,0.0,0.52,13,0.52,0,191
9491,1,0,0.0,0.52,13,0.52,0,191
9492,2,1,9.676228,0.6,15,0.6,0,191
9493,1,0,0.0,0.6,15,0.6,0,191
9494,2,1,-2.2739925,0.68,17,0.68,0,191
9495,2,1,5.0146055,0.72,18,0.72,0,191
9496,1,0,0.0,0.72,18,0.72,0,191
9497,1,0,0.0,0.72,18,0.72,0,191
9498,1,0,0.0,0.72,18,0.72,0,191
9499,1,0,0.0,0.72,18,0.72,0,191
9500,1,0,0.0,0.72,18,0.72,0,191
9501,2,1,-3.415544,0.76,19,0.76,0,191
9502,1,0,0.0,0.76,19,0.76,0,191
9503,1,0,0.0,0.76,19,0.76,0,191
9504,1,0,0.0,0.76,19,0.76,0,191
9505,1,0,0.0,0.76,19,0.76,0,191
9506,1,0,0.0,0.76,19,0.76,0,191
9507,1,0,0.0,0.76,19,0.76,0,191
9508,1,0,0.0,0.76,19,0.76,1,191
9509,1,0,0.0,0.76,19,0.76,0,191
9510,1,0,0.0,0.76,19,0.76,0,191
9511,1,0,0.0,0.76,19,0.76,0,191
9512,0,-1,-26.98004,0.76,19,0.76,0,191
9513,1,0,0.0,0.76,19,0.76,0,191
9514,1,0,0.0,0.76,19,0.76,0,191
9515,1,0,0.0,0.76,19,0.76,0,191
9516,1,0,0.0,0.76,19,0.76,0,191
9517,1,0,0.0,0.76,19,0.76,0,191
9518,1,0,0.0,0.76,19,0.76,0,191
9519,1,0,0.0,0.76,19,0.76,0,191
9520,2,1,-181.84023,0.88,22,0.88,0,191
9521,1,0,0.0,0.88,22,0.88,0,191
9522,1,0,0.0,0.88,22,0.88,1,191
9523,1,0,0.0,0.88,22,0.88,0,191
9524,1,0,0.0,0.88,22,0.88,0,191
9525,1,0,0.0,0.88,22,0.88,0,191
9526,1,0,0.0,0.88,22,0.88,0,191
9527,1,0,0.0,0.88,22,0.88,0,191
9528,1,0,0.0,0.88,22,0.88,0,191
9529,1,0,0.0,0.88,22,0.88,0,191
9530,1,0,0.0,0.88,22,0.88,0,191
9531,2,1,-182.90909,0.92,23,0.92,0,191
9532,1,0,0.0,0.92,23,0.92,0,191
9533,1,0,0.0,0.92,23,0.92,0,191
9534,1,0,0.0,0.92,23,0.92,1,191
9535,1,0,0.0,0.92,23,0.92,0,191
9536,1,0,0.0,0.92,23,0.92,0,191
9537,1,0,0.0,0.92,23,0.92,0,191
9538,2,1,27.739012,1.0,25,1.0,0,191
9539,1,0,-1000.0,0.0,0,0.0,0,191
9540,1,0,0.0,0.16,4,0.16,0,192
9541,2,1,28.346605,0.2,5,0.2,0,192
9542,1,0,0.0,0.2,5,0.2,0,192
9543,0,-1,-0.0,0.2,5,0.2,0,192
9544,1,0,0.0,0.2,5,0.2,0,192
9545,2,1,19.461393,0.28,7,0.28,0,192
9546,1,0,0.0,0.28,7,0.28,1,192
9547,2,1,27.662897,0.32,8,0.32,0,192
9548,2,1,26.01939,0.36,9,0.36,0,192
9549,1,0,0.0,0.36,9,0.36,0,192
9550,1,0,0.0,0.36,9,0.36,0,192
9551,1,0,0.0,0.36,9,0.36,0,192
9552,1,0,0.0,0.36,9,0.36,0,192
9553,1,0,0.0,0.36,9,0.36,0,192
9554,1,0,0.0,0.36,9,0.36,0,192
9555,2,1,19.064976,0.44,11,0.44,0,192
9556,1,0,0.0,0.44,11,0.44,0,192
9557,1,0,0.0,0.44,11,0.44,0,192
9558,2,1,22.214613,0.48,12,0.48,0,192
9559,1,0,0.0,0.48,12,0.48,0,192
9560,1,0,0.0,0.48,12,0.48,0,192
9561,1,0,0.0,0.48,12,0.48,0,192
9562,1,0,0.0,0.48,12,0.48,0,192
9563,0,-1,-20.987778,0.44,11,0.44,1,192
9564,0,-1,-0.0,0.44,11,0.44,0,192
9565,1,0,0.0,0.44,11,0.44,0,192
9566,2,1,20.319191,0.48,12,0.48,0,192
9567,1,0,0.0,0.48,12,0.48,0,192
9568,2,1,-15.2595415,0.64,16,0.64,1,192
9569,2,1,11.722455,0.68,17,0.68,0,192
9570,1,0,0.0,0.68,17,0.68,0,192
9571,1,0,0.0,0.68,17,0.68,0,192
9572,1,0,0.0,0.68,17,0.68,0,192
9573,2,1,5.3168716,0.72,18,0.72,0,192
9574,0,-1,-0.0,0.72,18,0.72,0,192
9575,1,0,0.0,0.72,18,0.72,0,192
9576,1,0,0.0,0.72,18,0.72,0,192
9577,1,0,0.0,0.72,18,0.72,0,192
9578,1,0,0.0,0.72,18,0.72,0,192
9579,2,1,-45.251865,0.8,20,0.8,0,192
9580,1,0,0.0,0.8,20,0.8,0,192
9581,1,0,0.0,0.8,20,0.8,0,192
9582,2,1,-140.3233,0.88,22,0.88,0,192
9583,1,0,0.0,0.88,22,0.88,0,192
9584,1,0,0.0,0.88,22,0.88,0,192
9585,1,0,0.0,0.88,22,0.88,0,192
9586,1,0,0.0,0.88,22,0.88,0,192
9587,1,0,0.0,0.88,22,0.88,0,192
9588,1,0,0.0,0.88,22,0.88,0,192
9589,1,0,0.0,0.88,22,0.88,0,192
9590,2,1,-1000.0,0.0,0,0.0,0,192
9591,2,1,-4.1407347,0.2,5,0.2,0,193
9592,2,1,-4.27924,0.24,6,0.24,0,193
9593,1,0,0.0,0.24,6,0.24,0,193
9594,0,-1,4.27924,0.2,5,0.2,0,193
9595,2,1,28.208652,0.24,6,0.24,0,193
9596,2,1,27.98924,0.28,7,0.28,0,193
9597,1,0,0.0,0.28,7,0.28,0,193
9598,2,1,26.441492,0.32,8,0.32,0,193
9599,1,0,0.0,0.32,8,0.32,0,193
9600,2,1,-5.2804456,0.36,9,0.36,0,193
9601,1,0,0.0,0.36,9,0.36,0,193
9602,1,0,0.0,0.36,9,0.36,1,193
9603,1,0,0.0,0.36,9,0.36,0,193
9604,1,0,0.0,0.36,9,0.36,0,193
9605,2,1,11.679703,0.48,12,0.48,0,193
9606,1,0,0.0,0.48,12,0.48,0,193
9607,2,1,11.308324,0.56,14,0.56,0,193
9608,0,-1,-0.19606513,0.56,14,0.56,0,193
9609,2,1,-8.557454,0.64,16,0.64,0,193
9610,1,0,0.0,0.64,16,0.64,0,193
9611,1,0,0.0,0.64,16,0.64,0,193
9612,1,0,0.0,0.64,16,0.64,0,193
9613,1,0,0.0,0.64,16,0.64,0,193
9614,1,0,0.0,0.64,16,0.64,0,193
9615,1,0,0.0,0.64,16,0.64,0,193
9616,1,0,0.0,0.64,16,0.64,0,193
9617,1,0,0.0,0.64,16,0.64,0,193
9618,1,0,0.0,0.64,16,0.64,0,193
9619,2,1,3.0149472,0.68,17,0.68,0,193
9620,2,1,5.657097,0.72,18,0.72,0,193
9621,1,0,0.0,0.72,18,0.72,0,193
9622,1,0,0.0,0.72,18,0.72,0,193
9623,2,1,-418.7845,0.92,23,0.92,0,193
9624,1,0,0.0,0.92,23,0.92,0,193
9625,1,0,0.0,0.92,23,0.92,1,193
9626,1,0,0.0,0.92,23,0.92,0,193
9627,1,0,0.0,0.92,23,0.92,0,193
9628,1,0,0.0,0.92,23,0.92,0,193
9629,1,0,0.0,0.92,23,0.92,0,193
9630,1,0,0.0,0.92,23,0.92,0,193
9631,1,0,0.0,0.92,23,0.92,0,193
9632,1,0,0.0,0.92,23,0.92,0,193
9633,1,0,0.0,0.92,23,0.92,0,193
9634,1,0,-1000.0,0.0,0,0.0,0,193
9635,2,1,28.346605,0.2,5,0.2,0,194
9636,1,0,0.0,0.2,5,0.2,0,194
9637,2,1,23.968313,0.28,7,0.28,0,194
9638,2,1,-4.847297,0.32,8,0.32,0,194
9639,2,1,11.446643,0.44,11,0.44,0,194
9640,1,0,0.0,0.44,11,0.44,0,194
9641,2,1,20.651064,0.48,12,0.48,0,194
9642,1,0,0.0,0.48,12,0.48,0,194
9643,2,1,13.046564,0.56,14,0.56,0,194
9644,1,0,0.0,0.56,14,0.56,0,194
9645,1,0,0.0,0.56,14,0.56,0,194
9646,1,0,0.0,0.56,14,0.56,0,194
9647,1,0,0.0,0.56,14,0.56,0,194
9648,1,0,0.0,0.56,14,0.56,0,194
9649,1,0,0.0,0.56,14,0.56,0,194
9650,1,0,0.0,0.56,14,0.56,0,194
9651,2,1,17.86555,0.6,15,0.6,0,194
9652,1,0,0.0,0.6,15,0.6,0,194
9653,1,0,0.0,0.6,15,0.6,0,194
9654,1,0,0.0,0.6,15,0.6,0,194
9655,1,0,0.0,0.6,15,0.6,0,194
9656,1,0,0.0,0.6,15,0.6,0,194
9657,1,0,0.0,0.6,15,0.6,0,194
9658,2,1,13.484284,0.64,16,0.64,1,194
9659,1,0,0.0,0.64,16,0.64,0,194
9660,2,1,9.5843725,0.68,17,0.68,0,194
9661,2,1,2.9032147,0.72,18,0.72,0,194
9662,1,0,0.0,0.72,18,0.72,0,194
9663,1,0,0.0,0.72,18,0.72,0,194
9664,1,0,0.0,0.72,18,0.72,0,194
9665,1,0,0.0,0.72,18,0.72,0,194
9666,1,0,0.0,0.72,18,0.72,0,194
9667,1,0,0.0,0.72,18,0.72,0,194
9668,1,0,0.0,0.72,18,0.72,0,194
9669,1,0,0.0,0.72,18,0.72,0,194
9670,1,0,0.0,0.72,18,0.72,0,194
9671,1,0,0.0,0.72,18,0.72,0,194
9672,1,0,-1000.0,0.0,0,0.0,0,194
9673,2,1,-4.1407347,0.2,5,0.2,0,195
9674,2,1,28.208652,0.24,6,0.24,0,195
9675,1,0,0.0,0.24,6,0.24,0,195
9676,1,0,0.0,0.24,6,0.24,0,195
9677,2,1,23.39962,0.32,8,0.32,0,195
9678,1,0,0.0,0.32,8,0.32,0,195
9679,2,1,20.356783,0.4,10,0.4,0,195
9680,1,0,0.0,0.4,10,0.4,0,195
9681,2,1,15.881546,0.48,12,0.48,0,195
9682,2,1,9.480072,0.56,14,0.56,1,195
9683,2,1,-67.31526,0.76,19,0.76,0,195
9684,1,0,0.0,0.76,19,0.76,0,195
9685,1,0,0.0,0.76,19,0.76,0,195
9686,1,0,0.0,0.76,19,0.76,0,195
9687,1,0,0.0,0.76,19,0.76,0,195
9688,2,1,-81.1082,0.84,21,0.84,0,195
9689,1,0,0.0,0.84,21,0.84,0,195
9690,2,1,-1000.0,0.0,0,0.0,0,195
9691,2,1,28.346605,0.2,5,0.2,0,196
9692,2,1,-4.278605,0.24,6,0.24,0,196
9693,2,1,23.39962,0.32,8,0.32,0,196
9694,1,0,0.0,0.32,8,0.32,0,196
9695,1,0,0.0,0.32,8,0.32,0,196
9696,2,1,-5.279892,0.36,9,0.36,0,196
9697,1,0,0.0,0.36,9,0.36,0,196
9698,1,0,0.0,0.36,9,0.36,0,196
9699,2,1,16.727127,0.44,11,0.44,0,196
9700,2,1,-7.391858,0.48,12,0.48,0,196
9701,2,1,13.046564,0.56,14,0.56,0,196
9702,1,0,0.0,0.56,14,0.56,0,196
9703,1,0,0.0,0.56,14,0.56,0,196
9704,1,0,0.0,0.56,14,0.56,0,196
9705,1,0,0.0,0.56,14,0.56,0,196
9706,1,0,0.0,0.56,14,0.56,0,196
9707,2,1,17.86555,0.6,15,0.6,0,196
9708,1,0,0.0,0.6,15,0.6,0,196
9709,1,0,0.0,0.6,15,0.6,0,196
9710,1,0,0.0,0.6,15,0.6,0,196
9711,1,0,0.0,0.6,15,0.6,0,196
9712,1,0,0.0,0.6,15,0.6,1,196
9713,2,1,13.724479,0.64,16,0.64,0,196
9714,1,0,0.0,0.64,16,0.64,0,196
9715,1,0,0.0,0.64,16,0.64,0,196
9716,1,0,0.0,0.64,16,0.64,0,196
9717,1,0,0.0,0.64,16,0.64,0,196
9718,1,0,0.0,0.64,16,0.64,0,196
9719,1,0,0.0,0.64,16,0.64,0,196
9720,0,-1,-25.089266,0.64,16,0.64,0,196
9721,1,0,0.0,0.64,16,0.64,0,196
9722,1,0,0.0,0.64,16,0.64,0,196
9723,1,0,0.0,0.64,16,0.64,1,196
9724,2,1,8.9591675,0.68,17,0.68,0,196
9725,1,0,0.0,0.68,17,0.68,0,196
9726,1,0,0.0,0.68,17,0.68,0,196
9727,1,0,0.0,0.68,17,0.68,0,196
9728,2,1,5.055375,0.72,18,0.72,0,196
9729,1,0,0.0,0.72,18,0.72,0,196
9730,1,0,0.0,0.72,18,0.72,0,196
9731,2,1,-4.2504272,0.76,19,0.76,0,196
9732,2,1,-18.072233,0.8,20,0.8,1,196
9733,1,0,0.0,0.8,20,0.8,0,196
9734,1,0,0.0,0.8,20,0.8,0,196
9735,1,0,0.0,0.8,20,0.8,0,196
9736,2,1,-33.53698,0.84,21,0.84,0,196
9737,1,0,0.0,0.84,21,0.84,0,196
9738,1,0,0.0,0.84,21,0.84,0,196
9739,1,0,0.0,0.84,21,0.84,0,196
9740,1,0,0.0,0.84,21,0.84,0,196
9741,1,0,0.0,0.84,21,0.84,0,196
9742,1,0,0.0,0.84,21,0.84,0,196
9743,1,0,0.0,0.84,21,0.84,0,196
9744,1,0,0.0,0.84,21,0.84,0,196
9745,1,0,0.0,0.84,21,0.84,0,196
9746,1,0,0.0,0.84,21,0.84,0,196
9747,1,0,-1000.0,0.0,0,0.0,0,196
9748,2,1,28.364332,0.2,5,0.2,0,197
9749,1,0,0.0,0.2,5,0.2,0,197
9750,1,0,0.0,0.2,5,0.2,0,197
9751,1,0,0.0,0.2,5,0.2,0,197
9752,2,1,-4.278687,0.24,6,0.24,0,197
9753,2,1,23.38718,0.32,8,0.32,0,197
9754,1,0,0.0,0.32,8,0.32,0,197
9755,2,1,11.36038,0.44,11,0.44,0,197
9756,1,0,0.0,0.44,11,0.44,0,197
9757,1,0,0.0,0.44,11,0.44,0,197
9758,0,-1,-0.0,0.44,11,0.44,0,197
9759,1,0,0.0,0.44,11,0.44,0,197
9760,1,0,0.0,0.44,11,0.44,0,197
9761,2,1,-7.391858,0.48,12,0.48,0,197
9762,1,0,0.0,0.48,12,0.48,0,197
9763,2,1,-8.4982815,0.52,13,0.52,0,197
9764,2,1,4.900119,0.6,15,0.6,0,197
9765,1,0,0.0,0.6,15,0.6,0,197
9766,1,0,0.0,0.6,15,0.6,0,197
9767,1,0,0.0,0.6,15,0.6,0,197
9768,1,0,0.0,0.6,15,0.6,0,197
9769,1,0,0.0,0.6,15,0.6,0,197
9770,1,0,0.0,0.6,15,0.6,0,197
9771,1,0,0.0,0.6,15,0.6,0,197
9772,1,0,0.0,0.6,15,0.6,1,197
9773,1,0,0.0,0.6,15,0.6,0,197
9774,1,0,0.0,0.6,15,0.6,0,197
9775,1,0,-1000.0,0.0,0,0.0,0,197
9776,2,1,28.346605,0.2,5,0.2,1,198
9777,2,1,23.930355,0.28,7,0.28,0,198
9778,1,0,0.0,0.28,7,0.28,0,198
9779,1,0,0.0,0.28,7,0.28,0,198
9780,1,0,0.0,0.28,7,0.28,0,198
9781,2,1,26.387459,0.32,8,0.32,0,198
9782,0,-1,-0.0,0.32,8,0.32,0,198
9783,2,1,17.268839,0.4,10,0.4,0,198
9784,2,1,23.000498,0.44,11,0.44,1,198
9785,2,1,3.8541725,0.56,14,0.56,0,198
9786,1,0,0.0,0.56,14,0.56,0,198
9787,2,1,4.2422934,0.64,16,0.64,0,198
9788,1,0,0.0,0.64,16,0.64,0,198
9789,1,0,0.0,0.64,16,0.64,0,198
9790,1,0,0.0,0.64,16,0.64,0,198
9791,1,0,0.0,0.64,16,0.64,0,198
9792,2,1,9.934036,0.68,17,0.68,0,198
9793,1,0,0.0,0.68,17,0.68,0,198
9794,2,1,3.0138755,0.72,18,0.72,0,198
9795,1,0,0.0,0.72,18,0.72,0,198
9796,1,0,0.0,0.72,18,0.72,0,198
9797,1,0,0.0,0.72,18,0.72,0,198
9798,1,0,0.0,0.72,18,0.72,0,198
9799,1,0,0.0,0.72,18,0.72,0,198
9800,1,0,0.0,0.72,18,0.72,0,198
9801,1,0,0.0,0.72,18,0.72,0,198
9802,2,1,-106.267365,0.84,21,0.84,0,198
9803,1,0,0.0,0.84,21,0.84,0,198
9804,1,0,0.0,0.84,21,0.84,0,198
9805,1,0,0.0,0.84,21,0.84,1,198
9806,1,0,0.0,0.84,21,0.84,0,198
9807,1,0,0.0,0.84,21,0.84,0,198
9808,2,1,-285.23874,0.92,23,0.92,0,198
9809,1,0,0.0,0.92,23,0.92,0,198
9810,1,0,0.0,0.92,23,0.92,1,198
9811,1,0,0.0,0.92,23,0.92,0,198
9812,1,0,0.0,0.92,23,0.92,0,198
9813,1,0,0.0,0.92,23,0.92,0,198
9814,1,0,0.0,0.92,23,0.92,0,198
9815,2,1,-596.69073,0.96,24,0.96,0,198
9816,2,1,24.91157,1.0,25,1.0,0,198
9817,2,1,-1000.0,0.0,0,0.0,0,198
9818,1,0,0.0,0.16,4,0.16,0,199
9819,2,1,28.364332,0.2,5,0.2,0,199
9820,2,1,28.208652,0.24,6,0.24,0,199
9821,2,1,18.8927,0.32,8,0.32,0,199
9822,1,0,0.0,0.32,8,0.32,0,199
9823,2,1,26.003696,0.36,9,0.36,0,199
9824,1,0,0.0,0.36,9,0.36,0,199
9825,1,0,0.0,0.36,9,0.36,0,199
9826,1,0,0.0,0.36,9,0.36,0,199
9827,1,0,0.0,0.36,9,0.36,0,199
9828,2,1,19.116451,0.44,11,0.44,1,199
9829,1,0,0.0,0.44,11,0.44,0,199
9830,2,1,21.065247,0.48,12,0.48,0,199
9831,2,1,8.174664,0.56,14,0.56,0,199
9832,1,0,0.0,0.56,14,0.56,0,199
9833,1,0,0.0,0.56,14,0.56,0,199
9834,1,0,0.0,0.56,14,0.56,0,199
9835,1,0,0.0,0.56,14,0.56,0,199
9836,1,0,0.0,0.56,14,0.56,0,199
9837,1,0,0.0,0.56,14,0.56,0,199
9838,1,0,0.0,0.56,14,0.56,0,199
9839,1,0,0.0,0.56,14,0.56,0,199
9840,1,0,0.0,0.56,14,0.56,0,199
9841,2,1,15.520974,0.6,15,0.6,0,199
9842,1,0,0.0,0.6,15,0.6,0,199
9843,1,0,0.0,0.6,15,0.6,0,199
9844,1,0,0.0,0.6,15,0.6,0,199
9845,1,0,0.0,0.6,15,0.6,0,199
9846,2,1,15.245702,0.64,16,0.64,0,199
9847,2,1,10.01517,0.68,17,0.68,0,199
9848,1,0,0.0,0.68,17,0.68,0,199
9849,2,1,-25.208336,0.76,19,0.76,0,199
9850,1,0,0.0,0.76,19,0.76,1,199
9851,1,0,0.0,0.76,19,0.76,0,199
9852,1,0,0.0,0.76,19,0.76,0,199
9853,2,1,-79.09109,0.84,21,0.84,0,199
9854,1,0,0.0,0.84,21,0.84,0,199
9855,1,0,0.0,0.84,21,0.84,0,199
9856,2,1,-77.27133,0.88,22,0.88,0,199
9857,1,0,0.0,0.88,22,0.88,0,199
9858,2,1,-810.0373,0.96,24,0.96,0,199
9859,1,0,0.0,0.96,24,0.96,0,199
9860,1,0,0.0,0.96,24,0.96,0,199
9861,1,0,0.0,0.96,24,0.96,0,199
9862,1,0,0.0,0.96,24,0.96,0,199
9863,1,0,0.0,0.96,24,0.96,0,199
9864,1,0,0.0,0.96,24,0.96,0,199
9865,1,0,0.0,0.96,24,0.96,0,199
9866,1,0,0.0,0.96,24,0.96,0,199
9867,2,1,-1000.0,0.0,0,0.0,0,199
9868,2,1,28.364332,0.2,5,0.2,0,200
9869,2,1,-4.278605,0.24,6,0.24,0,200
9870,1,0,0.0,0.24,6,0.24,0,200
9871,2,1,23.38718,0.32,8,0.32,0,200
9872,1,0,0.0,0.32,8,0.32,1,200
9873,1,0,0.0,0.32,8,0.32,0,200
9874,2,1,25.94953,0.36,9,0.36,0,200
9875,2,1,11.795971,0.4,10,0.4,0,200
9876,2,1,23.085674,0.44,11,0.44,0,200
9877,2,1,20.941032,0.48,12,0.48,1,200
9878,1,0,0.0,0.48,12,0.48,0,200
9879,0,-1,-21.002623,0.44,11,0.44,0,200
9880,2,1,14.171908,0.52,13,0.52,0,200
9881,0,-1,-11.271562,0.48,12,0.48,0,200
9882,2,1,17.403322,0.52,13,0.52,0,200
9883,1,0,0.0,0.52,13,0.52,0,200
9884,2,1,6.542471,0.6,15,0.6,0,200
9885,2,1,-5.115201,0.68,17,0.68,0,200
9886,2,1,2.4584534,0.72,18,0.72,0,200
9887,1,0,0.0,0.72,18,0.72,0,200
9888,1,0,0.0,0.72,18,0.72,0,200
9889,2,1,-210.13525,0.88,22,0.88,0,200
9890,1,0,0.0,0.88,22,0.88,0,200
9891,2,1,25.67935,1.0,25,1.0,0,200
9892,2,1,-1000.0,0.0,0,0.0,0,200
9893,2,1,-4.1407347,0.2,5,0.2,0,201
9894,1,0,0.0,0.2,5,0.2,0,201
9895,1,0,0.0,0.2,5,0.2,0,201
9896,2,1,-4.27924,0.24,6,0.24,0,201
9897,2,1,17.84306,0.36,9,0.36,0,201
9898,1,0,0.0,0.36,9,0.36,0,201
9899,2,1,15.906646,0.44,11,0.44,0,201
9900,1,0,0.0,0.44,11,0.44,0,201
9901,2,1,25.113762,0.48,12,0.48,0,201
9902,1,0,0.0,0.48,12,0.48,0,201
9903,2,1,-8.498146,0.52,13,0.52,0,201
9904,0,-1,8.498275,0.48,12,0.48,0,201
9905,1,0,0.0,0.48,12,0.48,0,201
9906,0,-1,7.3918586,0.44,11,0.44,0,201
9907,2,1,23.892282,0.48,12,0.48,0,201
9908,2,1,22.79115,0.52,13,0.52,0,201
9909,1,0,0.0,0.52,13,0.52,0,201
9910,1,0,0.0,0.52,13,0.52,0,201
9911,1,0,0.0,0.52,13,0.52,0,201
9912,2,1,19.730448,0.56,14,0.56,0,201
9913,1,0,0.0,0.56,14,0.56,1,201
9914,1,0,0.0,0.56,14,0.56,0,201
9915,1,0,0.0,0.56,14,0.56,0,201
9916,1,0,0.0,0.56,14,0.56,0,201
9917,1,0,0.0,0.56,14,0.56,0,201
9918,1,0,0.0,0.56,14,0.56,0,201
9919,1,0,0.0,0.56,14,0.56,0,201
9920,1,0,0.0,0.56,14,0.56,0,201
9921,1,0,0.0,0.56,14,0.56,0,201
9922,2,1,17.841623,0.6,15,0.6,0,201
9923,1,0,0.0,0.6,15,0.6,0,201
9924,1,0,0.0,0.6,15,0.6,0,201
9925,1,0,0.0,0.6,15,0.6,0,201
9926,1,0,0.0,0.6,15,0.6,0,201
9927,1,0,0.0,0.6,15,0.6,0,201
9928,1,0,0.0,0.6,15,0.6,0,201
9929,0,-1,-0.0,0.6,15,0.6,0,201
9930,1,0,0.0,0.6,15,0.6,1,201
9931,1,0,0.0,0.6,15,0.6,0,201
9932,1,0,0.0,0.6,15,0.6,0,201
9933,2,1,13.444678,0.64,16,0.64,0,201
9934,1,0,0.0,0.64,16,0.64,0,201
9935,2,1,-3.335661,0.68,17,0.68,0,201
9936,1,0,0.0,0.68,17,0.68,0,201
9937,1,0,0.0,0.68,17,0.68,0,201
9938,1,0,0.0,0.68,17,0.68,0,201
9939,1,0,0.0,0.68,17,0.68,0,201
9940,2,1,-23.746063,0.76,19,0.76,0,201
9941,2,1,-389.11496,0.92,23,0.92,0,201
9942,2,1,23.646477,1.0,25,1.0,0,201
9943,2,1,-1000.0,0.0,0,0.0,0,201
9944,1,0,0.0,0.16,4,0.16,0,202
9945,2,1,28.346605,0.2,5,0.2,0,202
9946,1,0,0.0,0.2,5,0.2,0,202
9947,2,1,23.968313,0.28,7,0.28,0,202
9948,1,0,0.0,0.28,7,0.28,0,202
9949,1,0,0.0,0.28,7,0.28,0,202
9950,2,1,21.33844,0.36,9,0.36,0,202
9951,1,0,0.0,0.36,9,0.36,0,202
9952,2,1,-5.828954,0.4,10,0.4,0,202
9953,2,1,23.131649,0.44,11,0.44,0,202
9954,2,1,20.379887,0.48,12,0.48,0,202
9955,2,1,-1.041458,0.6,15,0.6,0,202
9956,1,0,0.0,0.6,15,0.6,0,202
9957,1,0,0.0,0.6,15,0.6,0,202
9958,1,0,0.0,0.6,15,0.6,0,202
9959,1,0,0.0,0.6,15,0.6,0,202
9960,1,0,0.0,0.6,15,0.6,0,202
9961,1,0,0.0,0.6,15,0.6,0,202
9962,1,0,0.0,0.6,15,0.6,0,202
9963,2,1,-55.55766,0.76,19,0.76,0,202
9964,1,0,0.0,0.76,19,0.76,0,202
9965,1,0,0.0,0.76,19,0.76,1,202
9966,1,0,0.0,0.76,19,0.76,0,202
9967,2,1,-16.448414,0.8,20,0.8,0,202
9968,1,0,0.0,0.8,20,0.8,0,202
9969,1,0,0.0,0.8,20,0.8,0,202
9970,2,1,-140.33699,0.88,22,0.88,0,202
9971,1,0,0.0,0.88,22,0.88,0,202
9972,1,0,0.0,0.88,22,0.88,0,202
9973,1,0,0.0,0.88,22,0.88,1,202
9974,1,0,0.0,0.88,22,0.88,0,202
9975,1,0,0.0,0.88,22,0.88,0,202
9976,1,0,0.0,0.88,22,0.88,0,202
9977,1,0,0.0,0.88,22,0.88,0,202
9978,1,0,0.0,0.88,22,0.88,0,202
9979,1,0,0.0,0.88,22,0.88,0,202
9980,2,1,26.72359,1.0,25,1.0,0,202
9981,1,0,-1000.0,0.0,0,0.0,0,202
9982,1,0,0.0,0.16,4,0.16,0,203
9983,0,-1,-0.0,0.16,4,0.16,0,203
9984,2,1,28.364332,0.2,5,0.2,0,203
9985,2,1,28.208652,0.24,6,0.24,0,203
9986,2,1,26.767761,0.28,7,0.28,0,203
9987,1,0,0.0,0.28,7,0.28,0,203
9988,2,1,-4.847297,0.32,8,0.32,0,203
9989,1,0,0.0,0.32,8,0.32,0,203
9990,1,0,0.0,0.32,8,0.32,0,203
9991,1,0,0.0,0.32,8,0.32,0,203
9992,2,1,20.356783,0.4,10,0.4,0,203
9993,1,0,0.0,0.4,10,0.4,0,203
9994,2,1,14.3443775,0.48,12,0.48,0,203
9995,1,0,0.0,0.48,12,0.48,0,203
9996,1,0,0.0,0.48,12,0.48,0,203
9997,2,1,21.154152,0.52,13,0.52,0,203
9998,2,1,-9.92185,0.56,14,0.56,0,203
9999,2,1,-11.786749,0.6,15,0.6,0,203
10000,2,1,13.485255,0.64,16,0.64,0,203
10001,1,0,0.0,0.64,16,0.64,0,203
10002,1,0,0.0,0.64,16,0.64,1,203
10003,1,0,0.0,0.64,16,0.64,0,203
10004,2,1,-12.389157,0.72,18,0.72,0,203
10005,2,1,-210.14621,0.88,22,0.88,0,203
10006,1,0,0.0,0.88,22,0.88,0,203
10007,2,1,-185.24396,0.92,23,0.92,0,203
10008,1,0,0.0,0.92,23,0.92,0,203
10009,1,0,0.0,0.92,23,0.92,0,203
10010,1,0,0.0,0.92,23,0.92,0,203
10011,1,0,0.0,0.92,23,0.92,0,203
10012,1,0,0.0,0.92,23,0.92,1,203
10013,1,0,0.0,0.92,23,0.92,0,203
10014,1,0,0.0,0.92,23,0.92,0,203
10015,1,0,0.0,0.92,23,0.92,0,203
10016,1,0,0.0,0.92,23,0.92,0,203
10017,1,0,0.0,0.92,23,0.92,0,203
10018,1,0,-1000.0,0.0,0,0.0,0,203
10019,2,1,-4.1406527,0.2,5,0.2,0,204
10020,2,1,28.208652,0.24,6,0.24,0,204
10021,2,1,18.8927,0.32,8,0.32,0,204
10022,1,0,0.0,0.32,8,0.32,0,204
10023,2,1,21.653898,0.4,10,0.4,0,204
10024,2,1,24.768646,0.44,11,0.44,0,204
10025,1,0,0.0,0.44,11,0.44,0,204
10026,1,0,0.0,0.44,11,0.44,0,204
10027,1,0,0.0,0.44,11,0.44,0,204
10028,1,0,0.0,0.44,11,0.44,0,204
10029,1,0,0.0,0.44,11,0.44,1,204
10030,1,0,0.0,0.44,11,0.44,0,204
10031,1,0,0.0,0.44,11,0.44,0,204
10032,1,0,0.0,0.44,11,0.44,0,204
10033,1,0,0.0,0.44,11,0.44,0,204
10034,2,1,10.744693,0.52,13,0.52,0,204
10035,1,0,0.0,0.52,13,0.52,0,204
10036,1,0,0.0,0.52,13,0.52,0,204
10037,1,0,0.0,0.52,13,0.52,0,204
10038,1,0,0.0,0.52,13,0.52,0,204
10039,2,1,15.923604,0.56,14,0.56,0,204
10040,2,1,-0.8645494,0.64,16,0.64,0,204
10041,2,1,11.929704,0.68,17,0.68,0,204
10042,1,0,0.0,0.68,17,0.68,0,204
10043,2,1,6.930678,0.72,18,0.72,0,204
10044,1,0,0.0,0.72,18,0.72,0,204
10045,1,0,0.0,0.72,18,0.72,0,204
10046,1,0,0.0,0.72,18,0.72,0,204
10047,2,1,-2.1255972,0.76,19,0.76,0,204
10048,1,0,0.0,0.76,19,0.76,0,204
10049,1,0,0.0,0.76,19,0.76,0,204
10050,1,0,0.0,0.76,19,0.76,0,204
10051,2,1,-14.42023,0.8,20,0.8,0,204
10052,1,0,0.0,0.8,20,0.8,0,204
10053,1,0,0.0,0.8,20,0.8,0,204
10054,2,1,-139.38535,0.88,22,0.88,0,204
10055,1,0,0.0,0.88,22,0.88,0,204
10056,1,0,0.0,0.88,22,0.88,0,204
10057,1,0,0.0,0.88,22,0.88,0,204
10058,1,0,0.0,0.88,22,0.88,1,204
10059,2,1,-183.21416,0.92,23,0.92,0,204
10060,1,0,0.0,0.92,23,0.92,0,204
10061,1,0,0.0,0.92,23,0.92,0,204
10062,1,0,0.0,0.92,23,0.92,0,204
10063,1,0,0.0,0.92,23,0.92,0,204
10064,1,0,0.0,0.92,23,0.92,0,204
10065,1,0,0.0,0.92,23,0.92,0,204
10066,1,0,0.0,0.92,23,0.92,0,204
10067,1,0,0.0,0.92,23,0.92,0,204
10068,1,0,0.0,0.92,23,0.92,0,204
10069,1,0,0.0,0.92,23,0.92,0,204
10070,1,0,-1000.0,0.0,0,0.0,0,204
10071,0,-1,-0.0,0.16,4,0.16,0,205
10072,1,0,0.0,0.16,4,0.16,0,205
10073,2,1,28.346605,0.2,5,0.2,0,205
10074,2,1,28.22638,0.24,6,0.24,0,205
10075,0,-1,-28.22638,0.2,5,0.2,0,205
10076,2,1,23.968313,0.28,7,0.28,0,205
10077,1,0,0.0,0.28,7,0.28,0,205
10078,2,1,13.119488,0.4,10,0.4,0,205
10079,1,0,0.0,0.4,10,0.4,0,205
10080,1,0,0.0,0.4,10,0.4,0,205
10081,1,0,0.0,0.4,10,0.4,0,205
10082,2,1,17.554182,0.48,12,0.48,0,205
10083,2,1,8.140976,0.56,14,0.56,0,205
10084,1,0,0.0,0.56,14,0.56,0,205
10085,1,0,0.0,0.56,14,0.56,0,205
10086,1,0,0.0,0.56,14,0.56,0,205
10087,1,0,0.0,0.56,14,0.56,0,205
10088,2,1,0.5891884,0.64,16,0.64,0,205
10089,2,1,-10.617514,0.72,18,0.72,0,205
10090,1,0,0.0,0.72,18,0.72,1,205
10091,1,0,0.0,0.72,18,0.72,0,205
10092,1,0,0.0,0.72,18,0.72,0,205
10093,2,1,-2.4577115,0.76,19,0.76,0,205
10094,2,1,-16.2095,0.8,20,0.8,0,205
10095,1,0,0.0,0.8,20,0.8,0,205
10096,1,0,0.0,0.8,20,0.8,0,205
10097,2,1,29.19669,1.0,25,1.0,1,205
10098,1,0,-1000.0,0.0,0,0.0,0,205
10099,2,1,28.364332,0.2,5,0.2,0,206
10100,2,1,23.955872,0.28,7,0.28,0,206
10101,2,1,26.436209,0.32,8,0.32,0,206
10102,2,1,24.37198,0.36,9,0.36,0,206
10103,1,0,0.0,0.36,9,0.36,0,206
10104,1,0,0.0,0.36,9,0.36,0,206
10105,2,1,17.442081,0.44,11,0.44,0,206
10106,1,0,0.0,0.44,11,0.44,0,206
10107,2,1,20.378916,0.48,12,0.48,0,206
10108,2,1,17.288023,0.52,13,0.52,0,206
10109,1,0,0.0,0.52,13,0.52,0,206
10110,1,0,0.0,0.52,13,0.52,0,206
10111,2,1,15.863857,0.56,14,0.56,0,206
10112,1,0,0.0,0.56,14,0.56,0,206
10113,2,1,11.965692,0.6,15,0.6,0,206
10114,1,0,0.0,0.6,15,0.6,0,206
10115,1,0,0.0,0.6,15,0.6,0,206
10116,1,0,0.0,0.6,15,0.6,1,206
10117,2,1,-97.51792,0.8,20,0.8,0,206
10118,1,0,0.0,0.8,20,0.8,0,206
10119,1,0,0.0,0.8,20,0.8,1,206
10120,1,0,0.0,0.8,20,0.8,0,206
10121,1,0,0.0,0.8,20,0.8,0,206
10122,2,1,-37.439293,0.84,21,0.84,0,206
10123,1,0,0.0,0.84,21,0.84,0,206
10124,0,-1,-0.0,0.84,21,0.84,0,206
10125,1,0,0.0,0.84,21,0.84,0,206
10126,1,0,0.0,0.84,21,0.84,0,206
10127,1,0,0.0,0.84,21,0.84,0,206
10128,1,0,0.0,0.84,21,0.84,0,206
10129,1,0,0.0,0.84,21,0.84,0,206
10130,1,0,0.0,0.84,21,0.84,0,206
10131,1,0,0.0,0.84,21,0.84,0,206
10132,1,0,0.0,0.84,21,0.84,0,206
10133,1,0,0.0,0.84,21,0.84,0,206
10134,1,0,0.0,0.84,21,0.84,0,206
10135,1,0,-1000.0,0.0,0,0.0,0,206
10136,2,1,28.364332,0.2,5,0.2,0,207
10137,2,1,28.208652,0.24,6,0.24,0,207
10138,2,1,26.773045,0.28,7,0.28,0,207
10139,1,0,0.0,0.28,7,0.28,0,207
10140,1,0,0.0,0.28,7,0.28,0,207
10141,2,1,18.128635,0.36,9,0.36,0,207
10142,2,1,19.11238,0.44,11,0.44,0,207
10143,2,1,22.258423,0.48,12,0.48,0,207
10144,1,0,0.0,0.48,12,0.48,0,207
10145,1,0,0.0,0.48,12,0.48,0,207
10146,1,0,0.0,0.48,12,0.48,0,207
10147,1,0,0.0,0.48,12,0.48,1,207
10148,1,0,0.0,0.48,12,0.48,0,207
10149,1,0,0.0,0.48,12,0.48,0,207
10150,1,0,0.0,0.48,12,0.48,0,207
10151,1,0,0.0,0.48,12,0.48,0,207
10152,1,0,0.0,0.48,12,0.48,0,207
10153,2,1,-1.1981242,0.6,15,0.6,1,207
10154,1,0,0.0,0.6,15,0.6,0,207
10155,1,0,0.0,0.6,15,0.6,0,207
10156,1,0,0.0,0.6,15,0.6,0,207
10157,2,1,14.702775,0.64,16,0.64,0,207
10158,2,1,-12.109162,0.72,18,0.72,0,207
10159,1,0,0.0,0.72,18,0.72,0,207
10160,2,1,-44.493164,0.8,20,0.8,0,207
10161,1,0,0.0,0.8,20,0.8,0,207
10162,2,1,-38.194744,0.84,21,0.84,0,207
10163,2,1,-909.5967,0.96,24,0.96,0,207
10164,1,0,0.0,0.96,24,0.96,0,207
10165,1,0,0.0,0.96,24,0.96,0,207
10166,1,0,0.0,0.96,24,0.96,0,207
10167,1,0,0.0,0.96,24,0.96,0,207
10168,2,1,25.323792,1.0,25,1.0,0,207
10169,1,0,-1000.0,0.0,0,0.0,0,207
10170,2,1,28.346605,0.2,5,0.2,0,208
10171,2,1,23.968313,0.28,7,0.28,0,208
10172,2,1,26.441492,0.32,8,0.32,0,208
10173,2,1,24.37198,0.36,9,0.36,0,208
10174,2,1,-5.829036,0.4,10,0.4,0,208
10175,1,0,0.0,0.4,10,0.4,0,208
10176,2,1,15.879813,0.48,12,0.48,0,208
10177,2,1,10.65724,0.56,14,0.56,0,208
10178,1,0,0.0,0.56,14,0.56,0,208
10179,1,0,0.0,0.56,14,0.56,0,208
10180,1,0,0.0,0.56,14,0.56,0,208
10181,1,0,0.0,0.56,14,0.56,0,208
10182,1,0,0.0,0.56,14,0.56,0,208
10183,1,0,0.0,0.56,14,0.56,0,208
10184,1,0,0.0,0.56,14,0.56,0,208
10185,2,1,1.8261597,0.64,16,0.64,0,208
10186,1,0,0.0,0.64,16,0.64,0,208
10187,2,1,-14.502877,0.72,18,0.72,0,208
10188,2,1,29.197863,1.0,25,1.0,1,208
10189,1,0,-1000.0,0.0,0,0.0,0,208
10190,1,0,0.0,0.16,4,0.16,1,209
10191,2,1,28.130781,0.2,5,0.2,0,209
10192,2,1,19.967,0.28,7,0.28,0,209
10193,1,0,0.0,0.28,7,0.28,0,209
10194,1,0,0.0,0.28,7,0.28,0,209
10195,1,0,0.0,0.28,7,0.28,0,209
10196,1,0,0.0,0.28,7,0.28,0,209
10197,1,0,0.0,0.28,7,0.28,0,209
10198,1,0,0.0,0.28,7,0.28,0,209
10199,1,0,0.0,0.28,7,0.28,0,209
10200,0,-1,-0.00022991234,0.28,7,0.28,1,209
10201,2,1,22.433792,0.36,9,0.36,0,209
10202,1,0,0.0,0.36,9,0.36,0,209
10203,1,0,0.0,0.36,9,0.36,0,209
10204,2,1,18.299692,0.44,11,0.44,0,209
10205,1,0,0.0,0.44,11,0.44,0,209
10206,2,1,19.949923,0.48,12,0.48,0,209
10207,2,1,19.764225,0.52,13,0.52,0,209
10208,1,0,0.0,0.52,13,0.52,0,209
10209,2,1,9.108868,0.6,15,0.6,0,209
10210,1,0,0.0,0.6,15,0.6,0,209
10211,1,0,0.0,0.6,15,0.6,0,209
10212,2,1,13.774628,0.64,16,0.64,0,209
10213,1,0,0.0,0.64,16,0.64,0,209
10214,1,0,0.0,0.64,16,0.64,0,209
10215,1,0,0.0,0.64,16,0.64,0,209
10216,1,0,0.0,0.64,16,0.64,0,209
10217,0,-1,-13.774628,0.6,15,0.6,0,209
10218,2,1,-3.6484609,0.68,17,0.68,0,209
10219,2,1,5.3853245,0.72,18,0.72,0,209
10220,1,0,0.0,0.72,18,0.72,0,209
10221,2,1,-2.5415642,0.76,19,0.76,0,209
10222,1,0,0.0,0.76,19,0.76,0,209
10223,1,0,0.0,0.76,19,0.76,0,209
10224,1,0,0.0,0.76,19,0.76,0,209
10225,1,0,0.0,0.76,19,0.76,0,209
10226,1,0,0.0,0.76,19,0.76,1,209
10227,1,0,0.0,0.76,19,0.76,0,209
10228,1,0,0.0,0.76,19,0.76,0,209
10229,1,0,0.0,0.76,19,0.76,0,209
10230,2,1,-75.29201,0.84,21,0.84,0,209
10231,1,0,0.0,0.84,21,0.84,0,209
10232,1,0,0.0,0.84,21,0.84,0,209
10233,1,0,0.0,0.84,21,0.84,0,209
10234,1,0,0.0,0.84,21,0.84,0,209
10235,1,0,0.0,0.84,21,0.84,0,209
10236,1,0,0.0,0.84,21,0.84,1,209
10237,1,0,0.0,0.84,21,0.84,0,209
10238,1,0,0.0,0.84,21,0.84,0,209
10239,0,-1,35.758995,0.8,20,0.8,0,209
10240,1,0,0.0,0.8,20,0.8,0,209
10241,1,0,0.0,0.8,20,0.8,0,209
10242,1,0,0.0,0.8,20,0.8,0,209
10243,1,0,0.0,0.8,20,0.8,0,209
10244,1,0,0.0,0.8,20,0.8,0,209
10245,2,1,-348.63638,0.92,23,0.92,0,209
10246,1,0,0.0,0.92,23,0.92,0,209
10247,1,0,0.0,0.92,23,0.92,0,209
10248,2,1,-1000.0,0.0,0,0.0,0,209
10249,2,1,28.346605,0.2,5,0.2,0,210
10250,2,1,28.22638,0.24,6,0.24,0,210
10251,2,1,18.678572,0.32,8,0.32,0,210
10252,2,1,26.003696,0.36,9,0.36,0,210
10253,1,0,0.0,0.36,9,0.36,1,210
10254,1,0,0.0,0.36,9,0.36,0,210
10255,2,1,9.325786,0.48,12,0.48,0,210
10256,1,0,0.0,0.48,12,0.48,1,210
10257,1,0,0.0,0.48,12,0.48,0,210
10258,2,1,10.10796,0.52,13,0.52,0,210
10259,1,0,0.0,0.52,13,0.52,0,210
10260,1,0,0.0,0.52,13,0.52,0,210
10261,2,1,9.662675,0.6,15,0.6,0,210
10262,1,0,0.0,0.6,15,0.6,0,210
10263,1,0,0.0,0.6,15,0.6,1,210
10264,1,0,0.0,0.6,15,0.6,0,210
10265,1,0,0.0,0.6,15,0.6,1,210
10266,1,0,0.0,0.6,15,0.6,0,210
10267,1,0,0.0,0.6,15,0.6,0,210
10268,2,1,15.989818,0.64,16,0.64,0,210
10269,1,0,0.0,0.64,16,0.64,0,210
10270,2,1,9.934303,0.68,17,0.68,0,210
10271,2,1,6.041974,0.72,18,0.72,0,210
10272,1,0,0.0,0.72,18,0.72,0,210
10273,2,1,-2.8923337,0.76,19,0.76,0,210
10274,1,0,0.0,0.76,19,0.76,0,210
10275,2,1,-16.73481,0.8,20,0.8,0,210
10276,1,0,0.0,0.8,20,0.8,0,210
10277,0,-1,-0.0,0.8,20,0.8,0,210
10278,1,0,0.0,0.8,20,0.8,0,210
10279,1,0,0.0,0.8,20,0.8,0,210
10280,1,0,0.0,0.8,20,0.8,0,210
10281,1,0,0.0,0.8,20,0.8,0,210
10282,1,0,0.0,0.8,20,0.8,0,210
10283,1,0,0.0,0.8,20,0.8,0,210
10284,1,0,0.0,0.8,20,0.8,0,210
10285,1,0,0.0,0.8,20,0.8,0,210
10286,1,0,0.0,0.8,20,0.8,0,210
10287,1,0,0.0,0.8,20,0.8,0,210
10288,2,1,-35.45164,0.84,21,0.84,0,210
10289,1,0,0.0,0.84,21,0.84,0,210
10290,1,0,0.0,0.84,21,0.84,0,210
10291,2,1,28.955887,1.0,25,1.0,0,210
10292,1,0,-1000.0,0.0,0,0.0,0,210
10293,2,1,28.364332,0.2,5,0.2,0,211
10294,1,0,0.0,0.2,5,0.2,0,211
10295,2,1,23.955872,0.28,7,0.28,0,211
10296,2,1,18.128635,0.36,9,0.36,0,211
10297,2,1,-5.828954,0.4,10,0.4,0,211
10298,1,0,0.0,0.4,10,0.4,0,211
10299,2,1,15.078595,0.48,12,0.48,0,211
10300,1,0,0.0,0.48,12,0.48,0,211
10301,2,1,22.785866,0.52,13,0.52,0,211
10302,2,1,7.9977293,0.6,15,0.6,0,211
10303,1,0,0.0,0.6,15,0.6,0,211
10304,1,0,0.0,0.6,15,0.6,0,211
10305,1,0,0.0,0.6,15,0.6,0,211
10306,1,0,0.0,0.6,15,0.6,0,211
10307,2,1,-2.2299426,0.68,17,0.68,0,211
10308,2,1,-24.874136,0.76,19,0.76,1,211
10309,1,0,0.0,0.76,19,0.76,0,211
10310,1,0,0.0,0.76,19,0.76,0,211
10311,1,0,0.0,0.76,19,0.76,0,211
10312,2,1,-16.204811,0.8,20,0.8,0,211
10313,1,0,0.0,0.8,20,0.8,0,211
10314,1,0,0.0,0.8,20,0.8,0,211
10315,1,0,0.0,0.8,20,0.8,0,211
10316,1,0,0.0,0.8,20,0.8,0,211
10317,1,0,0.0,0.8,20,0.8,0,211
10318,1,0,0.0,0.8,20,0.8,0,211
10319,1,0,0.0,0.8,20,0.8,0,211
10320,1,0,0.0,0.8,20,0.8,0,211
10321,1,0,0.0,0.8,20,0.8,0,211
10322,1,0,0.0,0.8,20,0.8,0,211
10323,2,1,-348.3522,0.92,23,0.92,0,211
10324,1,0,0.0,0.92,23,0.92,0,211
10325,1,0,0.0,0.92,23,0.92,0,211
10326,1,0,0.0,0.92,23,0.92,0,211
10327,0,-1,-10.707916,0.92,23,0.92,0,211
10328,1,0,0.0,0.92,23,0.92,0,211
10329,1,0,0.0,0.92,23,0.92,0,211
10330,1,0,0.0,0.92,23,0.92,0,211
10331,1,0,0.0,0.92,23,0.92,1,211
10332,2,1,23.6854,1.0,25,1.0,0,211
10333,1,0,-1000.0,0.0,0,0.0,0,211
10334,1,0,0.0,0.16,4,0.16,0,212
10335,2,1,28.364332,0.2,5,0.2,0,212
10336,2,1,23.955872,0.28,7,0.28,0,212
10337,1,0,0.0,0.28,7,0.28,0,212
10338,0,-1,-0.0,0.28,7,0.28,1,212
10339,0,-1,-0.0,0.28,7,0.28,0,212
10340,2,1,26.382042,0.32,8,0.32,0,212
10341,2,1,17.223385,0.4,10,0.4,0,212
10342,1,0,0.0,0.4,10,0.4,1,212
10343,0,-1,-23.624767,0.4,10,0.4,0,212
10344,2,1,6.6637383,0.52,13,0.52,0,212
10345,1,0,0.0,0.52,13,0.52,0,212
10346,1,0,0.0,0.52,13,0.52,0,212
10347,1,0,0.0,0.52,13,0.52,0,212
10348,2,1,11.452144,0.56,14,0.56,0,212
10349,2,1,16.542803,0.6,15,0.6,0,212
10350,1,0,0.0,0.6,15,0.6,0,212
10351,1,0,0.0,0.6,15,0.6,0,212
10352,1,0,0.0,0.6,15,0.6,0,212
10353,1,0,0.0,0.6,15,0.6,0,212
10354,1,0,0.0,0.6,15,0.6,0,212
10355,1,0,0.0,0.6,15,0.6,0,212
10356,1,0,0.0,0.6,15,0.6,0,212
10357,1,0,0.0,0.6,15,0.6,0,212
10358,1,0,0.0,0.6,15,0.6,0,212
10359,1,0,0.0,0.6,15,0.6,0,212
10360,1,0,-1000.0,0.0,0,0.0,0,212
10361,2,1,28.364332,0.2,5,0.2,0,213
10362,1,0,0.0,0.2,5,0.2,0,213
10363,1,0,0.0,0.2,5,0.2,0,213
10364,1,0,0.0,0.2,5,0.2,0,213
10365,2,1,23.955872,0.28,7,0.28,0,213
10366,2,1,-4.847297,0.32,8,0.32,0,213
10367,0,-1,-26.441492,0.28,7,0.28,1,213
10368,1,0,0.0,0.28,7,0.28,0,213
10369,2,1,18.238665,0.36,9,0.36,0,213
10370,1,0,0.0,0.36,9,0.36,0,213
10371,1,0,0.0,0.36,9,0.36,1,213
10372,1,0,0.0,0.36,9,0.36,0,213
10373,2,1,21.318066,0.4,10,0.4,0,213
10374,2,1,24.881096,0.44,11,0.44,0,213
10375,1,0,0.0,0.44,11,0.44,1,213
10376,1,0,0.0,0.44,11,0.44,0,213
10377,2,1,15.615856,0.52,13,0.52,0,213
10378,1,0,0.0,0.52,13,0.52,0,213
10379,2,1,18.223885,0.56,14,0.56,0,213
10380,1,0,0.0,0.56,14,0.56,0,213
10381,0,-1,-0.0,0.56,14,0.56,0,213
10382,2,1,17.682005,0.6,15,0.6,0,213
10383,2,1,14.81888,0.64,16,0.64,0,213
10384,1,0,0.0,0.64,16,0.64,0,213
10385,1,0,0.0,0.64,16,0.64,0,213
10386,2,1,-41.148083,0.76,19,0.76,0,213
10387,1,0,0.0,0.76,19,0.76,0,213
10388,1,0,0.0,0.76,19,0.76,0,213
10389,1,0,0.0,0.76,19,0.76,0,213
10390,2,1,-76.492546,0.84,21,0.84,0,213
10391,1,0,0.0,0.84,21,0.84,0,213
10392,1,0,0.0,0.84,21,0.84,0,213
10393,1,0,0.0,0.84,21,0.84,0,213
10394,1,0,0.0,0.84,21,0.84,0,213
10395,1,0,0.0,0.84,21,0.84,1,213
10396,1,0,0.0,0.84,21,0.84,0,213
10397,1,0,0.0,0.84,21,0.84,0,213
10398,1,0,0.0,0.84,21,0.84,0,213
10399,1,0,0.0,0.84,21,0.84,0,213
10400,1,0,0.0,0.84,21,0.84,0,213
10401,1,0,-1000.0,0.0,0,0.0,0,213
10402,2,1,-4.1407347,0.2,5,0.2,0,214
10403,2,1,28.208652,0.24,6,0.24,0,214
10404,1,0,0.0,0.24,6,0.24,0,214
10405,2,1,27.98924,0.28,7,0.28,0,214
10406,2,1,23.409119,0.32,8,0.32,0,214
10407,1,0,0.0,0.32,8,0.32,0,214
10408,2,1,-5.27981,0.36,9,0.36,0,214
10409,1,0,0.0,0.36,9,0.36,0,214
10410,2,1,18.938814,0.44,11,0.44,0,214
10411,1,0,0.0,0.44,11,0.44,0,214
10412,1,0,0.0,0.44,11,0.44,1,214
10413,1,0,0.0,0.44,11,0.44,0,214
10414,1,0,0.0,0.44,11,0.44,0,214
10415,1,0,0.0,0.44,11,0.44,0,214
10416,1,0,0.0,0.44,11,0.44,0,214
10417,1,0,0.0,0.44,11,0.44,0,214
10418,1,0,0.0,0.44,11,0.44,0,214
10419,1,0,0.0,0.44,11,0.44,0,214
10420,1,0,0.0,0.44,11,0.44,0,214
10421,1,0,-1000.0,0.0,0,0.0,0,214
10422,2,1,-4.1406527,0.2,5,0.2,0,215
10423,2,1,-4.278687,0.24,6,0.24,0,215
10424,1,0,0.0,0.24,6,0.24,0,215
10425,2,1,27.98924,0.28,7,0.28,0,215
10426,1,0,0.0,0.28,7,0.28,0,215
10427,2,1,22.359478,0.36,9,0.36,0,215
10428,2,1,25.459835,0.4,10,0.4,0,215
10429,1,0,0.0,0.4,10,0.4,0,215
10430,1,0,0.0,0.4,10,0.4,0,215
10431,2,1,15.078595,0.48,12,0.48,0,215
10432,2,1,8.316357,0.56,14,0.56,0,215
10433,1,0,0.0,0.56,14,0.56,0,215
10434,1,0,0.0,0.56,14,0.56,0,215
10435,1,0,0.0,0.56,14,0.56,0,215
10436,1,0,0.0,0.56,14,0.56,0,215
10437,1,0,0.0,0.56,14,0.56,0,215
10438,1,0,0.0,0.56,14,0.56,0,215
10439,1,0,0.0,0.56,14,0.56,0,215
10440,1,0,0.0,0.56,14,0.56,0,215
10441,2,1,19.497263,0.6,15,0.6,0,215
10442,1,0,0.0,0.6,15,0.6,0,215
10443,1,0,0.0,0.6,15,0.6,1,215
10444,2,1,-1.9951882,0.64,16,0.64,0,215
10445,1,0,0.0,0.64,16,0.64,1,215
10446,1,0,0.0,0.64,16,0.64,0,215
10447,1,0,0.0,0.64,16,0.64,0,215
10448,1,0,0.0,0.64,16,0.64,0,215
10449,1,0,0.0,0.64,16,0.64,0,215
10450,2,1,-15.654245,0.72,18,0.72,0,215
10451,1,0,0.0,0.72,18,0.72,0,215
10452,1,0,0.0,0.72,18,0.72,0,215
10453,2,1,-0.46937028,0.76,19,0.76,0,215
10454,1,0,0.0,0.76,19,0.76,0,215
10455,1,0,0.0,0.76,19,0.76,0,215
10456,1,0,0.0,0.76,19,0.76,0,215
10457,1,0,0.0,0.76,19,0.76,0,215
10458,1,0,0.0,0.76,19,0.76,1,215
10459,1,0,0.0,0.76,19,0.76,0,215
10460,1,0,0.0,0.76,19,0.76,0,215
10461,1,0,0.0,0.76,19,0.76,1,215
10462,1,0,0.0,0.76,19,0.76,0,215
10463,1,0,0.0,0.76,19,0.76,0,215
10464,1,0,-1000.0,0.0,0,0.0,0,215
10465,1,0,0.0,0.16,4,0.16,0,216
10466,2,1,28.346605,0.2,5,0.2,0,216
10467,2,1,28.22638,0.24,6,0.24,0,216
10468,1,0,0.0,0.24,6,0.24,0,216
10469,2,1,-4.515826,0.28,7,0.28,1,216
10470,2,1,26.3532,0.32,8,0.32,0,216
10471,0,-1,-27.696583,0.32,8,0.32,0,216
10472,1,0,0.0,0.32,8,0.32,0,216
10473,1,0,0.0,0.32,8,0.32,0,216
10474,2,1,25.89323,0.36,9,0.36,0,216
10475,1,0,0.0,0.36,9,0.36,0,216
10476,1,0,0.0,0.36,9,0.36,0,216
10477,2,1,20.814486,0.4,10,0.4,0,216
10478,2,1,12.916812,0.44,11,0.44,0,216
10479,1,0,0.0,0.44,11,0.44,0,216
10480,2,1,15.436991,0.48,12,0.48,0,216
10481,1,0,0.0,0.48,12,0.48,0,216
10482,2,1,20.408154,0.52,13,0.52,0,216
10483,1,0,0.0,0.52,13,0.52,0,216
10484,1,0,0.0,0.52,13,0.52,0,216
10485,1,0,0.0,0.52,13,0.52,0,216
10486,1,0,0.0,0.52,13,0.52,0,216
10487,1,0,0.0,0.52,13,0.52,0,216
10488,1,0,0.0,0.52,13,0.52,0,216
10489,2,1,7.886861,0.6,15,0.6,0,216
10490,1,0,0.0,0.6,15,0.6,0,216
10491,1,0,0.0,0.6,15,0.6,0,216
10492,1,0,0.0,0.6,15,0.6,0,216
10493,1,0,0.0,0.6,15,0.6,0,216
10494,1,0,0.0,0.6,15,0.6,1,216
10495,1,0,0.0,0.6,15,0.6,0,216
10496,2,1,13.391817,0.64,16,0.64,0,216
10497,1,0,0.0,0.64,16,0.64,0,216
10498,2,1,-83.23158,0.8,20,0.8,0,216
10499,1,0,0.0,0.8,20,0.8,1,216
10500,1,0,0.0,0.8,20,0.8,0,216
10501,1,0,0.0,0.8,20,0.8,0,216
10502,1,0,0.0,0.8,20,0.8,0,216
10503,1,0,0.0,0.8,20,0.8,0,216
10504,2,1,-34.022247,0.84,21,0.84,0,216
10505,1,0,0.0,0.84,21,0.84,0,216
10506,1,0,0.0,0.84,21,0.84,0,216
10507,2,1,29.217182,1.0,25,1.0,0,216
10508,1,0,-1000.0,0.0,0,0.0,0,216
10509,2,1,28.346605,0.2,5,0.2,0,217
10510,2,1,23.968313,0.28,7,0.28,0,217
10511,1,0,0.0,0.28,7,0.28,1,217
10512,1,0,0.0,0.28,7,0.28,0,217
10513,2,1,21.294415,0.36,9,0.36,0,217
10514,1,0,0.0,0.36,9,0.36,0,217
10515,2,1,17.284071,0.44,11,0.44,0,217
10516,2,1,11.689866,0.52,13,0.52,0,217
10517,1,0,0.0,0.52,13,0.52,0,217
10518,1,0,0.0,0.52,13,0.52,0,217
10519,2,1,15.379331,0.56,14,0.56,0,217
10520,1,0,0.0,0.56,14,0.56,0,217
10521,2,1,-14.837379,0.68,17,0.68,1,217
10522,2,1,-232.77684,0.88,22,0.88,0,217
10523,1,0,0.0,0.88,22,0.88,0,217
10524,1,0,0.0,0.88,22,0.88,0,217
10525,1,0,0.0,0.88,22,0.88,0,217
10526,2,1,-181.06583,0.92,23,0.92,0,217
10527,2,1,-601.6506,0.96,24,0.96,0,217
10528,1,0,0.0,0.96,24,0.96,0,217
10529,1,0,0.0,0.96,24,0.96,0,217
10530,1,0,0.0,0.96,24,0.96,0,217
10531,1,0,0.0,0.96,24,0.96,0,217
10532,1,0,0.0,0.96,24,0.96,0,217
10533,1,0,0.0,0.96,24,0.96,0,217
10534,1,0,0.0,0.96,24,0.96,0,217
10535,1,0,0.0,0.96,24,0.96,0,217
10536,1,0,0.0,0.96,24,0.96,0,217
10537,1,0,0.0,0.96,24,0.96,1,217
10538,1,0,-1000.0,0.0,0,0.0,0,217
10539,1,0,0.0,0.16,4,0.16,0,218
10540,2,1,-4.1407347,0.2,5,0.2,0,218
10541,2,1,23.692236,0.28,7,0.28,1,218
10542,1,0,0.0,0.28,7,0.28,0,218
10543,2,1,12.865294,0.36,9,0.36,0,218
10544,1,0,0.0,0.36,9,0.36,0,218
10545,2,1,13.003201,0.48,12,0.48,0,218
10546,1,0,0.0,0.48,12,0.48,0,218
10547,2,1,12.317736,0.52,13,0.52,0,218
10548,1,0,0.0,0.52,13,0.52,0,218
10549,1,0,0.0,0.52,13,0.52,0,218
10550,2,1,6.645398,0.6,15,0.6,0,218
10551,2,1,-0.5770514,0.68,17,0.68,0,218
10552,1,0,0.0,0.68,17,0.68,0,218
10553,1,0,0.0,0.68,17,0.68,0,218
10554,2,1,6.91693,0.72,18,0.72,0,218
10555,2,1,-1.7935637,0.76,19,0.76,0,218
10556,1,0,0.0,0.76,19,0.76,0,218
10557,1,0,0.0,0.76,19,0.76,0,218
10558,1,0,0.0,0.76,19,0.76,0,218
10559,1,0,0.0,0.76,19,0.76,0,218
10560,2,1,-76.13367,0.84,21,0.84,0,218
10561,1,0,0.0,0.84,21,0.84,0,218
10562,1,0,0.0,0.84,21,0.84,0,218
10563,1,0,0.0,0.84,21,0.84,1,218
10564,1,0,0.0,0.84,21,0.84,0,218
10565,1,0,0.0,0.84,21,0.84,0,218
10566,1,0,0.0,0.84,21,0.84,0,218
10567,1,0,0.0,0.84,21,0.84,0,218
10568,1,0,0.0,0.84,21,0.84,1,218
10569,1,0,0.0,0.84,21,0.84,0,218
10570,1,0,0.0,0.84,21,0.84,0,218
10571,1,0,-1000.0,0.0,0,0.0,0,218
10572,0,-1,-0.0,0.16,4,0.16,0,219
10573,2,1,-4.1407347,0.2,5,0.2,0,219
10574,2,1,28.208652,0.24,6,0.24,0,219
10575,2,1,23.39962,0.32,8,0.32,0,219
10576,1,0,0.0,0.32,8,0.32,1,219
10577,2,1,20.016163,0.36,9,0.36,0,219
10578,2,1,17.348867,0.4,10,0.4,0,219
10579,1,0,0.0,0.4,10,0.4,0,219
10580,1,0,0.0,0.4,10,0.4,0,219
10581,2,1,17.510157,0.48,12,0.48,0,219
10582,1,0,0.0,0.48,12,0.48,0,219
10583,0,-1,-15.786599,0.44,11,0.44,0,219
10584,2,1,15.786599,0.48,12,0.48,0,219
10585,1,0,0.0,0.48,12,0.48,0,219
10586,2,1,11.214185,0.56,14,0.56,0,219
10587,1,0,0.0,0.56,14,0.56,0,219
10588,2,1,2.8728933,0.64,16,0.64,1,219
10589,1,0,0.0,0.64,16,0.64,0,219
10590,1,0,0.0,0.64,16,0.64,0,219
10591,1,0,0.0,0.64,16,0.64,0,219
10592,1,0,0.0,0.64,16,0.64,0,219
10593,2,1,-41.29448,0.76,19,0.76,0,219
10594,1,0,0.0,0.76,19,0.76,0,219
10595,2,1,-16.448994,0.8,20,0.8,0,219
10596,1,0,0.0,0.8,20,0.8,0,219
10597,2,1,-34.25831,0.84,21,0.84,0,219
10598,1,0,0.0,0.84,21,0.84,0,219
10599,2,1,-285.49017,0.92,23,0.92,0,219
10600,1,0,0.0,0.92,23,0.92,0,219
10601,2,1,25.527403,1.0,25,1.0,0,219
10602,1,0,-1000.0,0.0,0,0.0,0,219
10603,2,1,-4.1406527,0.2,5,0.2,0,220
10604,2,1,23.70996,0.28,7,0.28,0,220
10605,1,0,0.0,0.28,7,0.28,1,220
10606,0,-1,-0.0,0.28,7,0.28,0,220
10607,2,1,12.583627,0.36,9,0.36,0,220
10608,1,0,0.0,0.36,9,0.36,0,220
10609,1,0,0.0,0.36,9,0.36,0,220
10610,1,0,0.0,0.36,9,0.36,0,220
10611,1,0,0.0,0.36,9,0.36,0,220
10612,1,0,0.0,0.36,9,0.36,0,220
10613,1,0,0.0,0.36,9,0.36,0,220
10614,2,1,12.550853,0.4,10,0.4,0,220
10615,0,-1,-16.828611,0.36,9,0.36,0,220
10616,2,1,12.926406,0.48,12,0.48,0,220
10617,1,0,0.0,0.48,12,0.48,0,220
10618,1,0,0.0,0.48,12,0.48,0,220
10619,2,1,19.935816,0.52,13,0.52,0,220
10620,1,0,0.0,0.52,13,0.52,0,220
10621,2,1,5.4150386,0.56,14,0.56,0,220
10622,1,0,0.0,0.56,14,0.56,0,220
10623,2,1,16.058737,0.6,15,0.6,0,220
10624,1,0,0.0,0.6,15,0.6,0,220
10625,1,0,0.0,0.6,15,0.6,0,220
10626,1,0,0.0,0.6,15,0.6,0,220
10627,1,0,0.0,0.6,15,0.6,0,220
10628,2,1,-0.69468236,0.68,17,0.68,0,220
10629,1,0,0.0,0.68,17,0.68,0,220
10630,1,0,0.0,0.68,17,0.68,0,220
10631,1,0,0.0,0.68,17,0.68,1,220
10632,1,0,0.0,0.68,17,0.68,0,220
10633,1,0,0.0,0.68,17,0.68,0,220
10634,1,0,0.0,0.68,17,0.68,0,220
10635,1,0,0.0,0.68,17,0.68,0,220
10636,1,0,0.0,0.68,17,0.68,0,220
10637,2,1,-5.1992383,0.72,18,0.72,0,220
10638,1,0,0.0,0.72,18,0.72,0,220
10639,1,0,0.0,0.72,18,0.72,0,220
10640,1,0,0.0,0.72,18,0.72,0,220
10641,1,0,0.0,0.72,18,0.72,0,220
10642,1,0,0.0,0.72,18,0.72,0,220
10643,1,0,0.0,0.72,18,0.72,1,220
10644,1,0,0.0,0.72,18,0.72,0,220
10645,1,0,0.0,0.72,18,0.72,0,220
10646,1,0,0.0,0.72,18,0.72,0,220
10647,1,0,0.0,0.72,18,0.72,0,220
10648,2,1,-43.19076,0.8,20,0.8,0,220
10649,1,0,0.0,0.8,20,0.8,0,220
10650,1,0,0.0,0.8,20,0.8,0,220
10651,1,0,0.0,0.8,20,0.8,0,220
10652,1,0,0.0,0.8,20,0.8,1,220
10653,1,0,0.0,0.8,20,0.8,0,220
10654,1,0,0.0,0.8,20,0.8,0,220
10655,1,0,0.0,0.8,20,0.8,0,220
10656,1,0,0.0,0.8,20,0.8,0,220
10657,1,0,0.0,0.8,20,0.8,0,220
10658,1,0,0.0,0.8,20,0.8,0,220
10659,1,0,-1000.0,0.0,0,0.0,0,220
10660,2,1,28.346605,0.2,5,0.2,0,221
10661,2,1,23.968313,0.28,7,0.28,0,221
10662,1,0,0.0,0.28,7,0.28,0,221
10663,2,1,-4.847379,0.32,8,0.32,0,221
10664,1,0,0.0,0.32,8,0.32,0,221
10665,1,0,0.0,0.32,8,0.32,0,221
10666,1,0,0.0,0.32,8,0.32,0,221
10667,2,1,20.356783,0.4,10,0.4,0,221
10668,1,0,0.0,0.4,10,0.4,0,221
10669,1,0,0.0,0.4,10,0.4,0,221
10670,1,0,0.0,0.4,10,0.4,0,221
10671,0,-1,-0.19770592,0.4,10,0.4,0,221
10672,1,0,0.0,0.4,10,0.4,0,221
10673,1,0,0.0,0.4,10,0.4,0,221
10674,2,1,15.881546,0.48,12,0.48,0,221
10675,1,0,0.0,0.48,12,0.48,0,221
10676,1,0,0.0,0.48,12,0.48,0,221
10677,1,0,0.0,0.48,12,0.48,0,221
10678,1,0,0.0,0.48,12,0.48,0,221
10679,2,1,19.27347,0.52,13,0.52,0,221
10680,1,0,0.0,0.52,13,0.52,0,221
10681,1,0,0.0,0.52,13,0.52,0,221
10682,1,0,0.0,0.52,13,0.52,0,221
10683,2,1,15.863857,0.56,14,0.56,0,221
10684,2,1,-37.220985,0.72,18,0.72,0,221
10685,2,1,-46.575573,0.8,20,0.8,0,221
10686,2,1,-37.01785,0.84,21,0.84,0,221
10687,1,0,0.0,0.84,21,0.84,1,221
10688,2,1,-81.111855,0.88,22,0.88,0,221
10689,2,1,-184.57481,0.92,23,0.92,0,221
10690,2,1,-601.5158,0.96,24,0.96,0,221
10691,1,0,0.0,0.96,24,0.96,0,221
10692,1,0,0.0,0.96,24,0.96,0,221
10693,1,0,0.0,0.96,24,0.96,0,221
10694,2,1,-1000.0,0.0,0,0.0,0,221
10695,2,1,-4.1406527,0.2,5,0.2,0,222
10696,0,-1,4.1406527,0.16,4,0.16,0,222
10697,2,1,-4.1407347,0.2,5,0.2,0,222
10698,1,0,0.0,0.2,5,0.2,0,222
10699,2,1,28.22638,0.24,6,0.24,0,222
10700,2,1,23.38718,0.32,8,0.32,0,222
10701,1,0,0.0,0.32,8,0.32,0,222
10702,1,0,0.0,0.32,8,0.32,0,222
10703,1,0,0.0,0.32,8,0.32,0,222
10704,2,1,-5.27981,0.36,9,0.36,0,222
10705,1,0,0.0,0.36,9,0.36,0,222
10706,1,0,0.0,0.36,9,0.36,0,222
10707,1,0,0.0,0.36,9,0.36,0,222
10708,2,1,16.640863,0.44,11,0.44,0,222
10709,0,-1,-0.0,0.44,11,0.44,0,222
10710,2,1,20.865192,0.48,12,0.48,0,222
10711,1,0,0.0,0.48,12,0.48,0,222
10712,2,1,-8.4982815,0.52,13,0.52,1,222
10713,2,1,9.712326,0.6,15,0.6,0,222
10714,2,1,1.3204587,0.64,16,0.64,0,222
10715,2,1,-40.780376,0.76,19,0.76,0,222
10716,1,0,0.0,0.76,19,0.76,0,222
10717,1,0,0.0,0.76,19,0.76,0,222
10718,0,-1,-0.0,0.76,19,0.76,0,222
10719,1,0,0.0,0.76,19,0.76,0,222
10720,1,0,0.0,0.76,19,0.76,0,222
10721,1,0,0.0,0.76,19,0.76,0,222
10722,1,0,0.0,0.76,19,0.76,1,222
10723,1,0,0.0,0.76,19,0.76,0,222
10724,2,1,-77.34565,0.84,21,0.84,0,222
10725,1,0,0.0,0.84,21,0.84,0,222
10726,1,0,0.0,0.84,21,0.84,0,222
10727,1,0,0.0,0.84,21,0.84,0,222
10728,1,0,0.0,0.84,21,0.84,0,222
10729,2,1,-287.42184,0.92,23,0.92,0,222
10730,1,0,0.0,0.92,23,0.92,0,222
10731,2,1,-617.97015,0.96,24,0.96,0,222
10732,1,0,0.0,0.96,24,0.96,0,222
10733,1,0,0.0,0.96,24,0.96,0,222
10734,1,0,0.0,0.96,24,0.96,0,222
10735,1,0,0.0,0.96,24,0.96,0,222
10736,2,1,23.519714,1.0,25,1.0,0,222
10737,2,1,-1000.0,0.0,0,0.0,0,222
10738,2,1,-4.1406527,0.2,5,0.2,0,223
10739,1,0,0.0,0.2,5,0.2,0,223
10740,1,0,0.0,0.2,5,0.2,0,223
10741,1,0,0.0,0.2,5,0.2,0,223
10742,2,1,28.208652,0.24,6,0.24,0,223
10743,2,1,27.98924,0.28,7,0.28,0,223
10744,0,-1,4.515744,0.24,6,0.24,0,223
10745,2,1,26.767761,0.28,7,0.28,0,223
10746,2,1,-4.847297,0.32,8,0.32,0,223
10747,0,-1,-0.0,0.32,8,0.32,0,223
10748,2,1,26.008978,0.36,9,0.36,0,223
10749,1,0,0.0,0.36,9,0.36,0,223
10750,1,0,0.0,0.36,9,0.36,0,223
10751,1,0,0.0,0.36,9,0.36,0,223
10752,1,0,0.0,0.36,9,0.36,0,223
10753,1,0,0.0,0.36,9,0.36,0,223
10754,1,0,0.0,0.36,9,0.36,0,223
10755,2,1,23.822836,0.4,10,0.4,1,223
10756,1,0,0.0,0.4,10,0.4,0,223
10757,1,0,0.0,0.4,10,0.4,0,223
10758,2,1,15.895685,0.48,12,0.48,0,223
10759,2,1,9.887099,0.56,14,0.56,0,223
10760,2,1,2.929578,0.64,16,0.64,0,223
10761,1,0,0.0,0.64,16,0.64,1,223
10762,1,0,0.0,0.64,16,0.64,0,223
10763,1,0,0.0,0.64,16,0.64,0,223
10764,1,0,0.0,0.64,16,0.64,0,223
10765,1,0,0.0,0.64,16,0.64,0,223
10766,2,1,10.005242,0.68,17,0.68,0,223
10767,2,1,-66.00433,0.8,20,0.8,0,223
10768,1,0,0.0,0.8,20,0.8,0,223
10769,2,1,-141.40115,0.88,22,0.88,0,223
10770,1,0,0.0,0.88,22,0.88,0,223
10771,1,0,0.0,0.88,22,0.88,0,223
10772,1,0,0.0,0.88,22,0.88,0,223
10773,1,0,0.0,0.88,22,0.88,0,223
10774,1,0,0.0,0.88,22,0.88,0,223
10775,1,0,0.0,0.88,22,0.88,0,223
10776,1,0,0.0,0.88,22,0.88,0,223
10777,1,0,0.0,0.88,22,0.88,0,223
10778,1,0,0.0,0.88,22,0.88,0,223
10779,1,0,0.0,0.88,22,0.88,0,223
10780,1,0,-1000.0,0.0,0,0.0,0,223
10781,2,1,28.346605,0.2,5,0.2,0,224
10782,1,0,0.0,0.2,5,0.2,0,224
10783,0,-1,-28.346605,0.16,4,0.16,0,224
10784,2,1,28.346605,0.2,5,0.2,0,224
10785,1,0,0.0,0.2,5,0.2,0,224
10786,2,1,28.22638,0.24,6,0.24,0,224
10787,1,0,0.0,0.24,6,0.24,0,224
10788,2,1,26.773045,0.28,7,0.28,0,224
10789,2,1,21.334368,0.36,9,0.36,0,224
10790,1,0,0.0,0.36,9,0.36,0,224
10791,2,1,17.442081,0.44,11,0.44,0,224
10792,1,0,0.0,0.44,11,0.44,0,224
10793,1,0,0.0,0.44,11,0.44,0,224
10794,2,1,20.378916,0.48,12,0.48,0,224
10795,1,0,0.0,0.48,12,0.48,0,224
10796,2,1,-33.03632,0.68,17,0.68,1,224
10797,1,0,0.0,0.68,17,0.68,0,224
10798,1,0,0.0,0.68,17,0.68,0,224
10799,2,1,3.1117225,0.72,18,0.72,0,224
10800,1,0,0.0,0.72,18,0.72,0,224
10801,1,0,0.0,0.72,18,0.72,0,224
10802,2,1,-4.720918,0.76,19,0.76,0,224
10803,1,0,0.0,0.76,19,0.76,0,224
10804,1,0,0.0,0.76,19,0.76,0,224
10805,1,0,0.0,0.76,19,0.76,0,224
10806,1,0,0.0,0.76,19,0.76,0,224
10807,1,0,0.0,0.76,19,0.76,0,224
10808,1,0,0.0,0.76,19,0.76,0,224
10809,1,0,0.0,0.76,19,0.76,1,224
10810,1,0,0.0,0.76,19,0.76,0,224
10811,2,1,-388.62,0.92,23,0.92,0,224
10812,1,0,0.0,0.92,23,0.92,0,224
10813,1,0,0.0,0.92,23,0.92,0,224
10814,1,0,0.0,0.92,23,0.92,0,224
10815,1,0,0.0,0.92,23,0.92,1,224
10816,1,0,0.0,0.92,23,0.92,0,224
10817,1,0,0.0,0.92,23,0.92,0,224
10818,1,0,0.0,0.92,23,0.92,0,224
10819,2,1,-601.7307,0.96,24,0.96,0,224
10820,1,0,0.0,0.96,24,0.96,0,224
10821,1,0,0.0,0.96,24,0.96,0,224
10822,1,0,0.0,0.96,24,0.96,0,224
10823,1,0,0.0,0.96,24,0.96,0,224
10824,1,0,0.0,0.96,24,0.96,0,224
10825,1,0,0.0,0.96,24,0.96,0,224
10826,1,0,0.0,0.96,24,0.96,0,224
10827,1,0,0.0,0.96,24,0.96,0,224
10828,1,0,0.0,0.96,24,0.96,0,224
10829,1,0,0.0,0.96,24,0.96,0,224
10830,1,0,-1000.0,0.0,0,0.0,0,224
10831,2,1,28.346605,0.2,5,0.2,0,225
10832,2,1,23.968313,0.28,7,0.28,0,225
10833,1,0,0.0,0.28,7,0.28,0,225
10834,1,0,0.0,0.28,7,0.28,0,225
10835,0,-1,-0.0,0.28,7,0.28,0,225
10836,1,0,0.0,0.28,7,0.28,0,225
10837,1,0,0.0,0.28,7,0.28,0,225
10838,2,1,21.33844,0.36,9,0.36,0,225
10839,2,1,15.906646,0.44,11,0.44,0,225
10840,1,0,0.0,0.44,11,0.44,0,225
10841,1,0,0.0,0.44,11,0.44,0,225
10842,1,0,0.0,0.44,11,0.44,0,225
10843,1,0,0.0,0.44,11,0.44,0,225
10844,1,0,0.0,0.44,11,0.44,0,225
10845,2,1,22.260569,0.48,12,0.48,1,225
10846,1,0,0.0,0.48,12,0.48,0,225
10847,2,1,19.252796,0.52,13,0.52,0,225
10848,1,0,0.0,0.52,13,0.52,0,225
10849,0,-1,-20.023867,0.52,13,0.52,0,225
10850,0,-1,-0.0,0.52,13,0.52,0,225
10851,1,0,0.0,0.52,13,0.52,0,225
10852,1,0,0.0,0.52,13,0.52,0,225
10853,1,0,0.0,0.52,13,0.52,0,225
10854,1,0,0.0,0.52,13,0.52,0,225
10855,2,1,-7.22166,0.64,16,0.64,0,225
10856,1,0,0.0,0.64,16,0.64,0,225
10857,1,0,0.0,0.64,16,0.64,0,225
10858,1,0,0.0,0.64,16,0.64,0,225
10859,1,0,0.0,0.64,16,0.64,0,225
10860,1,0,0.0,0.64,16,0.64,0,225
10861,1,0,0.0,0.64,16,0.64,0,225
10862,1,0,0.0,0.64,16,0.64,0,225
10863,1,0,0.0,0.64,16,0.64,0,225
10864,1,0,0.0,0.64,16,0.64,0,225
10865,1,0,0.0,0.64,16,0.64,0,225
10866,1,0,-1000.0,0.0,0,0.0,0,225
10867,2,1,28.346605,0.2,5,0.2,0,226
10868,1,0,0.0,0.2,5,0.2,0,226
10869,2,1,-4.278687,0.24,6,0.24,0,226
10870,1,0,0.0,0.24,6,0.24,0,226
10871,1,0,0.0,0.24,6,0.24,0,226
10872,2,1,27.98924,0.28,7,0.28,1,226
10873,2,1,26.326212,0.32,8,0.32,0,226
10874,2,1,25.920689,0.36,9,0.36,0,226
10875,2,1,23.076838,0.4,10,0.4,0,226
10876,1,0,0.0,0.4,10,0.4,0,226
10877,1,0,0.0,0.4,10,0.4,0,226
10878,2,1,15.684693,0.48,12,0.48,0,226
10879,1,0,0.0,0.48,12,0.48,0,226
10880,1,0,0.0,0.48,12,0.48,0,226
10881,2,1,-15.221235,0.64,16,0.64,0,226
10882,1,0,0.0,0.64,16,0.64,0,226
10883,1,0,0.0,0.64,16,0.64,0,226
10884,1,0,0.0,0.64,16,0.64,0,226
10885,1,0,0.0,0.64,16,0.64,0,226
10886,1,0,0.0,0.64,16,0.64,0,226
10887,1,0,0.0,0.64,16,0.64,0,226
10888,1,0,0.0,0.64,16,0.64,0,226
10889,1,0,0.0,0.64,16,0.64,0,226
10890,1,0,0.0,0.64,16,0.64,0,226
10891,1,0,0.0,0.64,16,0.64,0,226
10892,1,0,-1000.0,0.0,0,0.0,0,226
10893,1,0,0.0,0.16,4,0.16,0,227
10894,1,0,0.0,0.16,4,0.16,0,227
10895,1,0,0.0,0.16,4,0.16,0,227
10896,1,0,0.0,0.16,4,0.16,0,227
10897,1,0,0.0,0.16,4,0.16,0,227
10898,2,1,28.364332,0.2,5,0.2,0,227
10899,1,0,0.0,0.2,5,0.2,0,227
10900,1,0,0.0,0.2,5,0.2,0,227
10901,2,1,23.955872,0.28,7,0.28,0,227
10902,1,0,0.0,0.28,7,0.28,0,227
10903,1,0,0.0,0.28,7,0.28,0,227
10904,2,1,21.334368,0.36,9,0.36,0,227
10905,1,0,0.0,0.36,9,0.36,0,227
10906,2,1,15.906646,0.44,11,0.44,0,227
10907,2,1,13.902316,0.52,13,0.52,0,227
10908,1,0,0.0,0.52,13,0.52,0,227
10909,1,0,0.0,0.52,13,0.52,0,227
10910,1,0,0.0,0.52,13,0.52,0,227
10911,1,0,0.0,0.52,13,0.52,0,227
10912,1,0,0.0,0.52,13,0.52,0,227
10913,2,1,7.0599895,0.6,15,0.6,0,227
10914,1,0,0.0,0.6,15,0.6,0,227
10915,2,1,-3.9795065,0.68,17,0.68,0,227
10916,1,0,0.0,0.68,17,0.68,0,227
10917,1,0,0.0,0.68,17,0.68,0,227
10918,1,0,0.0,0.68,17,0.68,0,227
10919,1,0,0.0,0.68,17,0.68,1,227
10920,1,0,0.0,0.68,17,0.68,0,227
10921,1,0,0.0,0.68,17,0.68,0,227
10922,1,0,0.0,0.68,17,0.68,0,227
10923,1,0,0.0,0.68,17,0.68,0,227
10924,1,0,0.0,0.68,17,0.68,0,227
10925,1,0,0.0,0.68,17,0.68,0,227
10926,2,1,-65.93179,0.8,20,0.8,1,227
10927,1,0,0.0,0.8,20,0.8,0,227
10928,1,0,0.0,0.8,20,0.8,0,227
10929,1,0,0.0,0.8,20,0.8,0,227
10930,1,0,0.0,0.8,20,0.8,0,227
10931,1,0,0.0,0.8,20,0.8,0,227
10932,1,0,0.0,0.8,20,0.8,0,227
10933,1,0,0.0,0.8,20,0.8,0,227
10934,1,0,0.0,0.8,20,0.8,0,227
10935,1,0,0.0,0.8,20,0.8,0,227
10936,1,0,0.0,0.8,20,0.8,0,227
10937,1,0,-1000.0,0.0,0,0.0,0,227
10938,1,0,0.0,0.16,4,0.16,0,228
10939,2,1,28.346605,0.2,5,0.2,0,228
10940,2,1,-4.278687,0.24,6,0.24,0,228
10941,1,0,0.0,0.24,6,0.24,0,228
10942,1,0,0.0,0.24,6,0.24,0,228
10943,2,1,23.39962,0.32,8,0.32,0,228
10944,1,0,0.0,0.32,8,0.32,0,228
10945,2,1,20.356783,0.4,10,0.4,0,228
10946,2,1,21.736273,0.44,11,0.44,0,228
10947,1,0,0.0,0.44,11,0.44,0,228
10948,1,0,0.0,0.44,11,0.44,0,228
10949,1,0,0.0,0.44,11,0.44,0,228
10950,1,0,0.0,0.44,11,0.44,0,228
10951,1,0,0.0,0.44,11,0.44,0,228
10952,1,0,0.0,0.44,11,0.44,0,228
10953,1,0,0.0,0.44,11,0.44,0,228
10954,1,0,0.0,0.44,11,0.44,1,228
10955,1,0,0.0,0.44,11,0.44,0,228
10956,1,0,0.0,0.44,11,0.44,0,228
10957,2,1,12.842194,0.52,13,0.52,0,228
10958,1,0,0.0,0.52,13,0.52,0,228
10959,1,0,0.0,0.52,13,0.52,0,228
10960,1,0,0.0,0.52,13,0.52,0,228
10961,1,0,0.0,0.52,13,0.52,0,228
10962,1,0,0.0,0.52,13,0.52,0,228
10963,2,1,19.610212,0.56,14,0.56,0,228
10964,2,1,15.597468,0.6,15,0.6,0,228
10965,1,0,0.0,0.6,15,0.6,0,228
10966,1,0,0.0,0.6,15,0.6,0,228
10967,1,0,0.0,0.6,15,0.6,0,228
10968,1,0,0.0,0.6,15,0.6,0,228
10969,1,0,0.0,0.6,15,0.6,0,228
10970,1,0,0.0,0.6,15,0.6,0,228
10971,1,0,0.0,0.6,15,0.6,1,228
10972,1,0,0.0,0.6,15,0.6,0,228
10973,1,0,0.0,0.6,15,0.6,0,228
10974,1,0,0.0,0.6,15,0.6,0,228
10975,1,0,-1000.0,0.0,0,0.0,0,228
10976,2,1,28.346605,0.2,5,0.2,0,229
10977,1,0,0.0,0.2,5,0.2,0,229
10978,2,1,28.22638,0.24,6,0.24,0,229
10979,1,0,0.0,0.24,6,0.24,0,229
10980,1,0,0.0,0.24,6,0.24,0,229
10981,2,1,26.767761,0.28,7,0.28,0,229
10982,2,1,-4.847379,0.32,8,0.32,0,229
10983,1,0,0.0,0.32,8,0.32,0,229
10984,1,0,0.0,0.32,8,0.32,0,229
10985,1,0,0.0,0.32,8,0.32,0,229
10986,1,0,0.0,0.32,8,0.32,0,229
10987,2,1,-5.27981,0.36,9,0.36,0,229
10988,1,0,0.0,0.36,9,0.36,0,229
10989,1,0,0.0,0.36,9,0.36,0,229
10990,2,1,25.459835,0.4,10,0.4,0,229
10991,1,0,0.0,0.4,10,0.4,0,229
10992,2,1,23.129503,0.44,11,0.44,0,229
10993,1,0,0.0,0.44,11,0.44,0,229
10994,2,1,13.904048,0.52,13,0.52,1,229
10995,1,0,0.0,0.52,13,0.52,0,229
10996,1,0,0.0,0.52,13,0.52,0,229
10997,2,1,17.71818,0.56,14,0.56,0,229
10998,1,0,0.0,0.56,14,0.56,0,229
10999,1,0,0.0,0.56,14,0.56,0,229
11000,1,0,0.0,0.56,14,0.56,0,229
11001,1,0,0.0,0.56,14,0.56,0,229
11002,1,0,0.0,0.56,14,0.56,0,229
11003,2,1,-37.28983,0.72,18,0.72,0,229
11004,2,1,-45.12749,0.8,20,0.8,0,229
11005,2,1,-37.449844,0.84,21,0.84,0,229
11006,1,0,0.0,0.84,21,0.84,0,229
11007,1,0,0.0,0.84,21,0.84,0,229
11008,1,0,0.0,0.84,21,0.84,0,229
11009,1,0,0.0,0.84,21,0.84,0,229
11010,1,0,0.0,0.84,21,0.84,0,229
11011,1,0,0.0,0.84,21,0.84,0,229
11012,1,0,0.0,0.84,21,0.84,0,229
11013,1,0,0.0,0.84,21,0.84,0,229
11014,1,0,0.0,0.84,21,0.84,0,229
11015,1,0,0.0,0.84,21,0.84,0,229
11016,2,1,-287.69464,0.92,23,0.92,0,229
11017,1,0,0.0,0.92,23,0.92,0,229
11018,1,0,0.0,0.92,23,0.92,0,229
11019,1,0,0.0,0.92,23,0.92,1,229
11020,1,0,0.0,0.92,23,0.92,0,229
11021,1,0,0.0,0.92,23,0.92,0,229
11022,2,1,-599.49176,0.96,24,0.96,0,229
11023,1,0,0.0,0.96,24,0.96,0,229
11024,1,0,0.0,0.96,24,0.96,0,229
11025,1,0,0.0,0.96,24,0.96,0,229
11026,1,0,0.0,0.96,24,0.96,0,229
11027,1,0,0.0,0.96,24,0.96,0,229
11028,1,0,0.0,0.96,24,0.96,0,229
11029,1,0,0.0,0.96,24,0.96,0,229
11030,1,0,0.0,0.96,24,0.96,0,229
11031,1,0,0.0,0.96,24,0.96,0,229
11032,2,1,23.74094,1.0,25,1.0,0,229
11033,1,0,-1000.0,0.0,0,0.0,0,229
11034,1,0,0.0,0.16,4,0.16,0,230
11035,2,1,-4.1406527,0.2,5,0.2,0,230
11036,1,0,0.0,0.2,5,0.2,0,230
11037,2,1,-4.278687,0.24,6,0.24,0,230
11038,1,0,0.0,0.24,6,0.24,0,230
11039,2,1,27.971514,0.28,7,0.28,0,230
11040,1,0,0.0,0.28,7,0.28,0,230
11041,2,1,-4.8479323,0.32,8,0.32,0,230
11042,1,0,0.0,0.32,8,0.32,0,230
11043,1,0,0.0,0.32,8,0.32,0,230
11044,2,1,27.225174,0.36,9,0.36,0,230
11045,1,0,0.0,0.36,9,0.36,0,230
11046,2,1,25.459835,0.4,10,0.4,0,230
11047,2,1,21.736273,0.44,11,0.44,0,230
11048,1,0,0.0,0.44,11,0.44,0,230
11049,1,0,0.0,0.44,11,0.44,0,230
11050,1,0,0.0,0.44,11,0.44,0,230
11051,1,0,0.0,0.44,11,0.44,0,230
11052,1,0,0.0,0.44,11,0.44,0,230
11053,1,0,0.0,0.44,11,0.44,0,230
11054,1,0,0.0,0.44,11,0.44,0,230
11055,1,0,0.0,0.44,11,0.44,0,230
11056,1,0,0.0,0.44,11,0.44,0,230
11057,1,0,0.0,0.44,11,0.44,0,230
11058,1,0,-1000.0,0.0,0,0.0,0,230
11059,2,1,28.346605,0.2,5,0.2,0,231
11060,2,1,23.968313,0.28,7,0.28,0,231
11061,1,0,0.0,0.28,7,0.28,0,231
11062,2,1,-4.847379,0.32,8,0.32,0,231
11063,1,0,0.0,0.32,8,0.32,0,231
11064,1,0,0.0,0.32,8,0.32,0,231
11065,1,0,0.0,0.32,8,0.32,0,231
11066,1,0,0.0,0.32,8,0.32,0,231
11067,2,1,26.008978,0.36,9,0.36,0,231
11068,2,1,15.692518,0.44,11,0.44,0,231
11069,1,0,0.0,0.44,11,0.44,0,231
11070,1,0,0.0,0.44,11,0.44,0,231
11071,1,0,0.0,0.44,11,0.44,0,231
11072,2,1,22.260569,0.48,12,0.48,0,231
11073,1,0,0.0,0.48,12,0.48,0,231
11074,1,0,0.0,0.48,12,0.48,0,231
11075,1,0,0.0,0.48,12,0.48,0,231
11076,1,0,0.0,0.48,12,0.48,0,231
11077,1,0,0.0,0.48,12,0.48,0,231
11078,1,0,0.0,0.48,12,0.48,0,231
11079,1,0,0.0,0.48,12,0.48,0,231
11080,1,0,0.0,0.48,12,0.48,0,231
11081,1,0,0.0,0.48,12,0.48,0,231
11082,1,0,0.0,0.48,12,0.48,0,231
11083,1,0,-1000.0,0.0,0,0.0,0,231
11084,2,1,28.364332,0.2,5,0.2,0,232
11085,1,0,0.0,0.2,5,0.2,0,232
11086,2,1,-4.278687,0.24,6,0.24,0,232
11087,2,1,18.678572,0.32,8,0.32,0,232
11088,2,1,21.377821,0.4,10,0.4,0,232
11089,1,0,0.0,0.4,10,0.4,0,232
11090,1,0,0.0,0.4,10,0.4,0,232
11091,1,0,0.0,0.4,10,0.4,0,232
11092,1,0,0.0,0.4,10,0.4,0,232
11093,2,1,24.763365,0.44,11,0.44,1,232
11094,1,0,0.0,0.44,11,0.44,0,232
11095,1,0,0.0,0.44,11,0.44,0,232
11096,1,0,0.0,0.44,11,0.44,1,232
11097,1,0,0.0,0.44,11,0.44,0,232
11098,2,1,23.808882,0.48,12,0.48,0,232
11099,0,-1,-21.045631,0.44,11,0.44,0,232
11100,1,0,0.0,0.44,11,0.44,0,232
11101,1,0,0.0,0.44,11,0.44,0,232
11102,0,-1,-24.679964,0.4,10,0.4,0,232
11103,1,0,0.0,0.4,10,0.4,0,232
11104,1,0,0.0,0.4,10,0.4,0,232
11105,2,1,24.679964,0.44,11,0.44,0,232
11106,1,0,0.0,0.44,11,0.44,0,232
11107,1,0,0.0,0.44,11,0.44,0,232
11108,1,0,0.0,0.44,11,0.44,0,232
11109,1,0,0.0,0.44,11,0.44,0,232
11110,2,1,21.514565,0.48,12,0.48,0,232
11111,1,0,0.0,0.48,12,0.48,0,232
11112,1,0,0.0,0.48,12,0.48,0,232
11113,2,1,-1.0328827,0.6,15,0.6,0,232
11114,1,0,0.0,0.6,15,0.6,0,232
11115,1,0,0.0,0.6,15,0.6,0,232
11116,1,0,0.0,0.6,15,0.6,0,232
11117,1,0,0.0,0.6,15,0.6,0,232
11118,1,0,0.0,0.6,15,0.6,0,232
11119,1,0,0.0,0.6,15,0.6,0,232
11120,1,0,0.0,0.6,15,0.6,0,232
11121,1,0,0.0,0.6,15,0.6,1,232
11122,2,1,-2.0620975,0.68,17,0.68,0,232
11123,1,0,0.0,0.68,17,0.68,1,232
11124,2,1,-24.028393,0.76,19,0.76,0,232
11125,1,0,0.0,0.76,19,0.76,0,232
11126,1,0,0.0,0.76,19,0.76,1,232
11127,1,0,0.0,0.76,19,0.76,0,232
11128,1,0,0.0,0.76,19,0.76,0,232
11129,1,0,0.0,0.76,19,0.76,0,232
11130,1,0,0.0,0.76,19,0.76,0,232
11131,1,0,0.0,0.76,19,0.76,0,232
11132,1,0,0.0,0.76,19,0.76,1,232
11133,1,0,0.0,0.76,19,0.76,0,232
11134,1,0,0.0,0.76,19,0.76,0,232
11135,1,0,-1000.0,0.0,0,0.0,0,232
11136,2,1,28.346605,0.2,5,0.2,0,233
11137,1,0,0.0,0.2,5,0.2,0,233
11138,2,1,19.461393,0.28,7,0.28,0,233
11139,2,1,27.657686,0.32,8,0.32,0,233
11140,1,0,0.0,0.32,8,0.32,0,233
11141,1,0,0.0,0.32,8,0.32,0,233
11142,2,1,20.179146,0.4,10,0.4,0,233
11143,1,0,0.0,0.4,10,0.4,0,233
11144,0,-1,-0.0,0.4,10,0.4,0,233
11145,1,0,0.0,0.4,10,0.4,0,233
11146,1,0,0.0,0.4,10,0.4,0,233
11147,1,0,0.0,0.4,10,0.4,0,233
11148,1,0,0.0,0.4,10,0.4,0,233
11149,1,0,0.0,0.4,10,0.4,0,233
11150,1,0,0.0,0.4,10,0.4,0,233
11151,1,0,0.0,0.4,10,0.4,0,233
11152,1,0,0.0,0.4,10,0.4,1,233
11153,1,0,0.0,0.4,10,0.4,0,233
11154,1,0,0.0,0.4,10,0.4,0,233
11155,1,0,-1000.0,0.0,0,0.0,0,233
11156,2,1,-4.1406527,0.2,5,0.2,0,234
11157,2,1,-4.2792473,0.24,6,0.24,0,234
11158,2,1,27.971514,0.28,7,0.28,0,234
11159,1,0,0.0,0.28,7,0.28,0,234
11160,1,0,0.0,0.28,7,0.28,0,234
11161,0,-1,4.5163865,0.24,6,0.24,0,234
11162,1,0,0.0,0.24,6,0.24,0,234
11163,2,1,23.39962,0.32,8,0.32,1,234
11164,1,0,0.0,0.32,8,0.32,0,234
11165,2,1,20.312757,0.4,10,0.4,0,234
11166,2,1,22.952269,0.44,11,0.44,0,234
11167,1,0,0.0,0.44,11,0.44,0,234
11168,2,1,20.013706,0.48,12,0.48,0,234
11169,1,0,0.0,0.48,12,0.48,0,234
11170,1,0,0.0,0.48,12,0.48,0,234
11171,1,0,0.0,0.48,12,0.48,0,234
11172,1,0,0.0,0.48,12,0.48,0,234
11173,1,0,0.0,0.48,12,0.48,0,234
11174,1,0,0.0,0.48,12,0.48,0,234
11175,1,0,0.0,0.48,12,0.48,0,234
11176,1,0,0.0,0.48,12,0.48,0,234
11177,1,0,0.0,0.48,12,0.48,0,234
11178,2,1,-15.339498,0.64,16,0.64,0,234
11179,1,0,0.0,0.64,16,0.64,0,234
11180,1,0,0.0,0.64,16,0.64,0,234
11181,1,0,0.0,0.64,16,0.64,0,234
11182,1,0,0.0,0.64,16,0.64,0,234
11183,1,0,0.0,0.64,16,0.64,0,234
11184,1,0,0.0,0.64,16,0.64,0,234
11185,1,0,0.0,0.64,16,0.64,1,234
11186,1,0,0.0,0.64,16,0.64,0,234
11187,1,0,0.0,0.64,16,0.64,0,234
11188,1,0,0.0,0.64,16,0.64,0,234
11189,2,1,7.58524,0.68,17,0.68,0,234
11190,1,0,0.0,0.68,17,0.68,0,234
11191,1,0,0.0,0.68,17,0.68,0,234
11192,1,0,0.0,0.68,17,0.68,0,234
11193,1,0,0.0,0.68,17,0.68,0,234
11194,1,0,0.0,0.68,17,0.68,0,234
11195,1,0,0.0,0.68,17,0.68,0,234
11196,1,0,0.0,0.68,17,0.68,0,234
11197,1,0,0.0,0.68,17,0.68,0,234
11198,1,0,0.0,0.68,17,0.68,0,234
11199,2,1,-24.328947,0.76,19,0.76,0,234
11200,1,0,0.0,0.76,19,0.76,0,234
11201,1,0,0.0,0.76,19,0.76,0,234
11202,1,0,0.0,0.76,19,0.76,0,234
11203,1,0,0.0,0.76,19,0.76,1,234
11204,1,0,0.0,0.76,19,0.76,0,234
11205,1,0,0.0,0.76,19,0.76,0,234
11206,1,0,0.0,0.76,19,0.76,0,234
11207,1,0,0.0,0.76,19,0.76,0,234
11208,1,0,0.0,0.76,19,0.76,0,234
11209,1,0,0.0,0.76,19,0.76,0,234
11210,2,1,-16.247435,0.8,20,0.8,0,234
11211,1,0,0.0,0.8,20,0.8,0,234
11212,1,0,0.0,0.8,20,0.8,0,234
11213,1,0,0.0,0.8,20,0.8,0,234
11214,1,0,0.0,0.8,20,0.8,0,234
11215,1,0,0.0,0.8,20,0.8,0,234
11216,1,0,0.0,0.8,20,0.8,0,234
11217,1,0,0.0,0.8,20,0.8,0,234
11218,1,0,0.0,0.8,20,0.8,0,234
11219,1,0,0.0,0.8,20,0.8,0,234
11220,1,0,0.0,0.8,20,0.8,0,234
11221,1,0,-1000.0,0.0,0,0.0,0,234
11222,2,1,28.346605,0.2,5,0.2,0,235
11223,2,1,23.968313,0.28,7,0.28,0,235
11224,1,0,0.0,0.28,7,0.28,0,235
11225,2,1,-4.847297,0.32,8,0.32,0,235
11226,1,0,0.0,0.32,8,0.32,0,235
11227,0,-1,-26.436209,0.28,7,0.28,0,235
11228,2,1,26.436209,0.32,8,0.32,0,235
11229,2,1,20.356783,0.4,10,0.4,0,235
11230,1,0,0.0,0.4,10,0.4,0,235
11231,1,0,0.0,0.4,10,0.4,0,235
11232,1,0,0.0,0.4,10,0.4,0,235
11233,1,0,0.0,0.4,10,0.4,0,235
11234,1,0,0.0,0.4,10,0.4,0,235
11235,1,0,0.0,0.4,10,0.4,0,235
11236,1,0,0.0,0.4,10,0.4,0,235
11237,1,0,0.0,0.4,10,0.4,0,235
11238,1,0,0.0,0.4,10,0.4,0,235
11239,1,0,0.0,0.4,10,0.4,0,235
11240,1,0,-1000.0,0.0,0,0.0,0,235
11241,1,0,0.0,0.16,4,0.16,0,236
11242,1,0,0.0,0.16,4,0.16,0,236
11243,1,0,0.0,0.16,4,0.16,0,236
11244,2,1,28.364332,0.2,5,0.2,0,236
11245,2,1,23.955872,0.28,7,0.28,0,236
11246,2,1,21.334368,0.36,9,0.36,0,236
11247,2,1,23.820692,0.4,10,0.4,0,236
11248,1,0,0.0,0.4,10,0.4,0,236
11249,1,0,0.0,0.4,10,0.4,0,236
11250,2,1,21.250967,0.44,11,0.44,0,236
11251,1,0,0.0,0.44,11,0.44,0,236
11252,1,0,0.0,0.44,11,0.44,0,236
11253,1,0,0.0,0.44,11,0.44,0,236
11254,1,0,0.0,0.44,11,0.44,0,236
11255,1,0,0.0,0.44,11,0.44,0,236
11256,2,1,20.378916,0.48,12,0.48,0,236
11257,2,1,17.28756,0.52,13,0.52,0,236
11258,1,0,0.0,0.52,13,0.52,0,236
11259,1,0,0.0,0.52,13,0.52,0,236
11260,1,0,0.0,0.52,13,0.52,0,236
11261,1,0,0.0,0.52,13,0.52,1,236
11262,1,0,0.0,0.52,13,0.52,0,236
11263,1,0,0.0,0.52,13,0.52,0,236
11264,1,0,0.0,0.52,13,0.52,0,236
11265,1,0,0.0,0.52,13,0.52,0,236
11266,1,0,0.0,0.52,13,0.52,0,236
11267,1,0,0.0,0.52,13,0.52,0,236
11268,1,0,-1000.0,0.0,0,0.0,0,236
11269,2,1,28.346605,0.2,5,0.2,0,237
11270,2,1,-4.278605,0.24,6,0.24,1,237
11271,2,1,27.971563,0.28,7,0.28,0,237
11272,2,1,18.239153,0.36,9,0.36,0,237
11273,1,0,0.0,0.36,9,0.36,1,237
11274,1,0,0.0,0.36,9,0.36,0,237
11275,2,1,16.035002,0.4,10,0.4,0,237
11276,1,0,0.0,0.4,10,0.4,0,237
11277,1,0,0.0,0.4,10,0.4,0,237
11278,2,1,24.59601,0.44,11,0.44,0,237
11279,1,0,0.0,0.44,11,0.44,1,237
11280,1,0,0.0,0.44,11,0.44,0,237
11281,1,0,0.0,0.44,11,0.44,1,237
11282,0,-1,-24.478107,0.4,10,0.4,0,237
11283,2,1,21.972029,0.44,11,0.44,0,237
11284,2,1,24.342701,0.48,12,0.48,0,237
11285,1,0,0.0,0.48,12,0.48,0,237
11286,1,0,0.0,0.48,12,0.48,0,237
11287,1,0,0.0,0.48,12,0.48,0,237
11288,1,0,0.0,0.48,12,0.48,0,237
11289,0,-1,-14.895163,0.44,11,0.44,1,237
11290,1,0,0.0,0.44,11,0.44,0,237
11291,1,0,0.0,0.44,11,0.44,0,237
11292,1,0,0.0,0.44,11,0.44,0,237
11293,1,0,0.0,0.44,11,0.44,0,237
11294,2,1,20.99864,0.48,12,0.48,0,237
11295,1,0,0.0,0.48,12,0.48,0,237
11296,1,0,0.0,0.48,12,0.48,0,237
11297,1,0,0.0,0.48,12,0.48,0,237
11298,2,1,18.651855,0.52,13,0.52,0,237
11299,1,0,0.0,0.52,13,0.52,1,237
11300,1,0,0.0,0.52,13,0.52,0,237
11301,1,0,0.0,0.52,13,0.52,0,237
11302,1,0,0.0,0.52,13,0.52,0,237
11303,1,0,0.0,0.52,13,0.52,0,237
11304,2,1,9.73573,0.6,15,0.6,0,237
11305,1,0,0.0,0.6,15,0.6,0,237
11306,1,0,0.0,0.6,15,0.6,0,237
11307,1,0,0.0,0.6,15,0.6,0,237
11308,1,0,0.0,0.6,15,0.6,0,237
11309,1,0,0.0,0.6,15,0.6,1,237
11310,2,1,-2.6032062,0.68,17,0.68,0,237
11311,2,1,-68.68454,0.8,20,0.8,0,237
11312,1,0,0.0,0.8,20,0.8,0,237
11313,1,0,0.0,0.8,20,0.8,0,237
11314,1,0,0.0,0.8,20,0.8,0,237
11315,1,0,0.0,0.8,20,0.8,0,237
11316,1,0,0.0,0.8,20,0.8,0,237
11317,1,0,0.0,0.8,20,0.8,0,237
11318,1,0,0.0,0.8,20,0.8,0,237
11319,1,0,0.0,0.8,20,0.8,0,237
11320,1,0,0.0,0.8,20,0.8,0,237
11321,1,0,0.0,0.8,20,0.8,0,237
11322,1,0,-1000.0,0.0,0,0.0,0,237
11323,2,1,-4.1406527,0.2,5,0.2,0,238
11324,2,1,28.208652,0.24,6,0.24,0,238
11325,1,0,0.0,0.24,6,0.24,0,238
11326,2,1,-4.515826,0.28,7,0.28,0,238
11327,1,0,0.0,0.28,7,0.28,0,238
11328,2,1,-4.8478045,0.32,8,0.32,0,238
11329,2,1,27.225174,0.36,9,0.36,0,238
11330,2,1,25.454552,0.4,10,0.4,0,238
11331,1,0,0.0,0.4,10,0.4,0,238
11332,1,0,0.0,0.4,10,0.4,0,238
11333,1,0,0.0,0.4,10,0.4,0,238
11334,1,0,0.0,0.4,10,0.4,0,238
11335,2,1,17.554182,0.48,12,0.48,0,238
11336,1,0,0.0,0.48,12,0.48,0,238
11337,1,0,0.0,0.48,12,0.48,0,238
11338,1,0,0.0,0.48,12,0.48,0,238
11339,1,0,0.0,0.48,12,0.48,0,238
11340,2,1,21.154152,0.52,13,0.52,0,238
11341,1,0,0.0,0.52,13,0.52,0,238
11342,1,0,0.0,0.52,13,0.52,0,238
11343,1,0,0.0,0.52,13,0.52,0,238
11344,1,0,0.0,0.52,13,0.52,0,238
11345,1,0,0.0,0.52,13,0.52,0,238
11346,2,1,6.5481567,0.6,15,0.6,0,238
11347,1,0,0.0,0.6,15,0.6,0,238
11348,2,1,13.485255,0.64,16,0.64,0,238
11349,1,0,0.0,0.64,16,0.64,0,238
11350,1,0,0.0,0.64,16,0.64,1,238
11351,2,1,10.025046,0.68,17,0.68,0,238
11352,1,0,0.0,0.68,17,0.68,0,238
11353,1,0,0.0,0.68,17,0.68,0,238
11354,1,0,0.0,0.68,17,0.68,0,238
11355,1,0,0.0,0.68,17,0.68,1,238
11356,1,0,0.0,0.68,17,0.68,0,238
11357,1,0,0.0,0.68,17,0.68,0,238
11358,1,0,0.0,0.68,17,0.68,0,238
11359,1,0,0.0,0.68,17,0.68,0,238
11360,1,0,0.0,0.68,17,0.68,0,238
11361,1,0,0.0,0.68,17,0.68,0,238
11362,1,0,-1000.0,0.0,0,0.0,0,238
11363,1,0,0.0,0.16,4,0.16,0,239
11364,0,-1,-0.0,0.16,4,0.16,1,239
11365,2,1,28.262749,0.2,5,0.2,0,239
11366,1,0,0.0,0.2,5,0.2,0,239
11367,2,1,21.808485,0.24,6,0.24,0,239
11368,2,1,23.12957,0.32,8,0.32,0,239
11369,2,1,20.054256,0.4,10,0.4,0,239
11370,1,0,0.0,0.4,10,0.4,0,239
11371,0,-1,-0.0,0.4,10,0.4,0,239
11372,1,0,0.0,0.4,10,0.4,0,239
11373,1,0,0.0,0.4,10,0.4,0,239
11374,1,0,0.0,0.4,10,0.4,0,239
11375,1,0,0.0,0.4,10,0.4,1,239
11376,2,1,8.122098,0.52,13,0.52,0,239
11377,1,0,0.0,0.52,13,0.52,1,239
11378,1,0,0.0,0.52,13,0.52,0,239
11379,2,1,17.13923,0.56,14,0.56,0,239
11380,2,1,17.62777,0.6,15,0.6,0,239
11381,1,0,0.0,0.6,15,0.6,0,239
11382,2,1,15.944721,0.64,16,0.64,0,239
11383,2,1,-11.322589,0.72,18,0.72,0,239
11384,1,0,0.0,0.72,18,0.72,0,239
11385,1,0,0.0,0.72,18,0.72,0,239
11386,1,0,0.0,0.72,18,0.72,0,239
11387,1,0,0.0,0.72,18,0.72,0,239
11388,1,0,0.0,0.72,18,0.72,0,239
11389,1,0,0.0,0.72,18,0.72,0,239
11390,1,0,0.0,0.72,18,0.72,0,239
11391,1,0,0.0,0.72,18,0.72,1,239
11392,1,0,0.0,0.72,18,0.72,0,239
11393,1,0,0.0,0.72,18,0.72,0,239
11394,1,0,-1000.0,0.0,0,0.0,0,239
11395,2,1,-4.1407347,0.2,5,0.2,0,240
11396,1,0,0.0,0.2,5,0.2,0,240
11397,2,1,28.208652,0.24,6,0.24,0,240
11398,2,1,-4.51638,0.28,7,0.28,0,240
11399,2,1,23.409119,0.32,8,0.32,0,240
11400,2,1,15.133083,0.44,11,0.44,0,240
11401,1,0,0.0,0.44,11,0.44,0,240
11402,2,1,15.576685,0.52,13,0.52,0,240
11403,1,0,0.0,0.52,13,0.52,0,240
11404,1,0,0.0,0.52,13,0.52,0,240
11405,1,0,0.0,0.52,13,0.52,0,240
11406,1,0,0.0,0.52,13,0.52,0,240
11407,1,0,0.0,0.52,13,0.52,0,240
11408,1,0,0.0,0.52,13,0.52,0,240
11409,1,0,0.0,0.52,13,0.52,0,240
11410,2,1,19.730448,0.56,14,0.56,0,240
11411,0,-1,-19.730448,0.52,13,0.52,0,240
11412,1,0,0.0,0.52,13,0.52,0,240
11413,2,1,-9.921985,0.56,14,0.56,0,240
11414,1,0,0.0,0.56,14,0.56,0,240
11415,1,0,0.0,0.56,14,0.56,0,240
11416,1,0,0.0,0.56,14,0.56,0,240
11417,1,0,0.0,0.56,14,0.56,0,240
11418,1,0,0.0,0.56,14,0.56,0,240
11419,2,1,14.217087,0.6,15,0.6,0,240
11420,1,0,0.0,0.6,15,0.6,0,240
11421,1,0,0.0,0.6,15,0.6,1,240
11422,1,0,0.0,0.6,15,0.6,0,240
11423,1,0,0.0,0.6,15,0.6,0,240
11424,1,0,0.0,0.6,15,0.6,0,240
11425,1,0,0.0,0.6,15,0.6,0,240
11426,1,0,0.0,0.6,15,0.6,0,240
11427,1,0,0.0,0.6,15,0.6,0,240
11428,1,0,0.0,0.6,15,0.6,0,240
11429,1,0,0.0,0.6,15,0.6,0,240
11430,1,0,-1000.0,0.0,0,0.0,0,240
11431,2,1,28.364332,0.2,5,0.2,0,241
11432,1,0,0.0,0.2,5,0.2,0,241
11433,1,0,0.0,0.2,5,0.2,0,241
11434,1,0,0.0,0.2,5,0.2,0,241
11435,2,1,28.208652,0.24,6,0.24,0,241
11436,1,0,0.0,0.24,6,0.24,0,241
11437,1,0,0.0,0.24,6,0.24,0,241
11438,2,1,26.767761,0.28,7,0.28,0,241
11439,0,-1,-0.0,0.28,7,0.28,0,241
11440,2,1,-4.847297,0.32,8,0.32,0,241
11441,2,1,-5.2804523,0.36,9,0.36,0,241
11442,2,1,-5.829622,0.4,10,0.4,0,241
11443,2,1,6.666545,0.52,13,0.52,0,241
11444,1,0,0.0,0.52,13,0.52,1,241
11445,1,0,0.0,0.52,13,0.52,0,241
11446,0,-1,-0.0,0.52,13,0.52,0,241
11447,1,0,0.0,0.52,13,0.52,0,241
11448,1,0,0.0,0.52,13,0.52,0,241
11449,1,0,0.0,0.52,13,0.52,0,241
11450,0,-1,-8.318282,0.48,12,0.48,0,241
11451,1,0,0.0,0.48,12,0.48,0,241
11452,2,1,22.789352,0.52,13,0.52,0,241
11453,1,0,0.0,0.52,13,0.52,0,241
11454,1,0,0.0,0.52,13,0.52,0,241
11455,1,0,0.0,0.52,13,0.52,0,241
11456,1,0,0.0,0.52,13,0.52,0,241
11457,1,0,0.0,0.52,13,0.52,0,241
11458,0,-1,-24.979027,0.52,13,0.52,0,241
11459,2,1,19.706522,0.56,14,0.56,0,241
11460,1,0,0.0,0.56,14,0.56,0,241
11461,2,1,17.830832,0.6,15,0.6,0,241
11462,1,0,0.0,0.6,15,0.6,0,241
11463,2,1,13.464582,0.64,16,0.64,0,241
11464,1,0,0.0,0.64,16,0.64,0,241
11465,1,0,0.0,0.64,16,0.64,1,241
11466,2,1,10.430955,0.68,17,0.68,0,241
11467,1,0,0.0,0.68,17,0.68,0,241
11468,1,0,0.0,0.68,17,0.68,0,241
11469,1,0,0.0,0.68,17,0.68,0,241
11470,1,0,0.0,0.68,17,0.68,0,241
11471,1,0,0.0,0.68,17,0.68,0,241
11472,1,0,0.0,0.68,17,0.68,0,241
11473,1,0,0.0,0.68,17,0.68,0,241
11474,1,0,0.0,0.68,17,0.68,0,241
11475,1,0,0.0,0.68,17,0.68,0,241
11476,1,0,0.0,0.68,17,0.68,0,241
11477,2,1,3.766825,0.72,18,0.72,0,241
11478,1,0,0.0,0.72,18,0.72,0,241
11479,1,0,0.0,0.72,18,0.72,0,241
11480,2,1,-4.236227,0.76,19,0.76,0,241
11481,1,0,0.0,0.76,19,0.76,0,241
11482,1,0,0.0,0.76,19,0.76,0,241
11483,1,0,0.0,0.76,19,0.76,0,241
11484,1,0,0.0,0.76,19,0.76,0,241
11485,1,0,0.0,0.76,19,0.76,0,241
11486,2,1,-78.5985,0.84,21,0.84,0,241
11487,1,0,0.0,0.84,21,0.84,0,241
11488,1,0,0.0,0.84,21,0.84,0,241
11489,1,0,0.0,0.84,21,0.84,0,241
11490,2,1,-288.7954,0.92,23,0.92,0,241
11491,1,0,0.0,0.92,23,0.92,0,241
11492,1,0,0.0,0.92,23,0.92,0,241
11493,1,0,0.0,0.92,23,0.92,0,241
11494,1,0,0.0,0.92,23,0.92,0,241
11495,1,0,0.0,0.92,23,0.92,1,241
11496,2,1,25.4744,1.0,25,1.0,0,241
11497,1,0,-1000.0,0.0,0,0.0,0,241
11498,2,1,28.364332,0.2,5,0.2,0,242
11499,2,1,28.208652,0.24,6,0.24,0,242
11500,1,0,0.0,0.24,6,0.24,0,242
11501,1,0,0.0,0.24,6,0.24,0,242
11502,1,0,0.0,0.24,6,0.24,0,242
11503,2,1,18.678572,0.32,8,0.32,0,242
11504,0,-1,-23.19499,0.28,7,0.28,0,242
11505,1,0,0.0,0.28,7,0.28,0,242
11506,2,1,26.436209,0.32,8,0.32,0,242
11507,0,-1,-0.27334774,0.32,8,0.32,0,242
11508,2,1,-5.279892,0.36,9,0.36,0,242
11509,1,0,0.0,0.36,9,0.36,0,242
11510,2,1,22.427462,0.4,10,0.4,0,242
11511,2,1,24.768646,0.44,11,0.44,0,242
11512,1,0,0.0,0.44,11,0.44,0,242
11513,1,0,0.0,0.44,11,0.44,0,242
11514,1,0,0.0,0.44,11,0.44,0,242
11515,2,1,22.260569,0.48,12,0.48,0,242
11516,1,0,0.0,0.48,12,0.48,0,242
11517,1,0,0.0,0.48,12,0.48,0,242
11518,2,1,8.140976,0.56,14,0.56,0,242
11519,1,0,0.0,0.56,14,0.56,0,242
11520,1,0,0.0,0.56,14,0.56,0,242
11521,1,0,0.0,0.56,14,0.56,0,242
11522,1,0,0.0,0.56,14,0.56,1,242
11523,1,0,0.0,0.56,14,0.56,0,242
11524,1,0,0.0,0.56,14,0.56,0,242
11525,1,0,0.0,0.56,14,0.56,0,242
11526,1,0,0.0,0.56,14,0.56,0,242
11527,1,0,0.0,0.56,14,0.56,0,242
11528,1,0,0.0,0.56,14,0.56,0,242
11529,1,0,-1000.0,0.0,0,0.0,0,242
11530,2,1,28.346605,0.2,5,0.2,0,243
11531,1,0,0.0,0.2,5,0.2,0,243
11532,1,0,0.0,0.2,5,0.2,1,243
11533,2,1,28.208702,0.24,6,0.24,1,243
11534,2,1,19.900248,0.32,8,0.32,0,243
11535,1,0,0.0,0.32,8,0.32,0,243
11536,1,0,0.0,0.32,8,0.32,0,243
11537,2,1,16.82047,0.4,10,0.4,0,243
11538,1,0,0.0,0.4,10,0.4,0,243
11539,1,0,0.0,0.4,10,0.4,0,243
11540,1,0,0.0,0.4,10,0.4,0,243
11541,2,1,24.88453,0.44,11,0.44,0,243
11542,2,1,23.665438,0.48,12,0.48,0,243
11543,1,0,0.0,0.48,12,0.48,0,243
11544,1,0,0.0,0.48,12,0.48,0,243
11545,1,0,0.0,0.48,12,0.48,0,243
11546,1,0,0.0,0.48,12,0.48,0,243
11547,1,0,0.0,0.48,12,0.48,0,243
11548,2,1,16.652582,0.52,13,0.52,0,243
11549,1,0,0.0,0.52,13,0.52,0,243
11550,1,0,0.0,0.52,13,0.52,0,243
11551,1,0,0.0,0.52,13,0.52,0,243
11552,2,1,19.698595,0.56,14,0.56,0,243
11553,2,1,17.354156,0.6,15,0.6,0,243
11554,1,0,0.0,0.6,15,0.6,0,243
11555,1,0,0.0,0.6,15,0.6,1,243
11556,2,1,12.849989,0.64,16,0.64,0,243
11557,1,0,0.0,0.64,16,0.64,0,243
11558,1,0,0.0,0.64,16,0.64,0,243
11559,1,0,0.0,0.64,16,0.64,0,243
11560,1,0,0.0,0.64,16,0.64,0,243
11561,1,0,0.0,0.64,16,0.64,1,243
11562,1,0,0.0,0.64,16,0.64,0,243
11563,1,0,0.0,0.64,16,0.64,1,243
11564,1,0,0.0,0.64,16,0.64,0,243
11565,1,0,0.0,0.64,16,0.64,0,243
11566,1,0,0.0,0.64,16,0.64,0,243
11567,1,0,-1000.0,0.0,0,0.0,0,243
11568,2,1,28.346605,0.2,5,0.2,0,244
11569,2,1,-4.278605,0.24,6,0.24,0,244
11570,1,0,0.0,0.24,6,0.24,0,244
11571,2,1,27.98924,0.28,7,0.28,0,244
11572,2,1,26.436209,0.32,8,0.32,0,244
11573,1,0,0.0,0.32,8,0.32,0,244
11574,2,1,-5.2804523,0.36,9,0.36,0,244
11575,2,1,25.459835,0.4,10,0.4,0,244
11576,1,0,0.0,0.4,10,0.4,0,244
11577,1,0,0.0,0.4,10,0.4,0,244
11578,1,0,0.0,0.4,10,0.4,0,244
11579,2,1,-6.520809,0.44,11,0.44,0,244
11580,2,1,22.258423,0.48,12,0.48,0,244
11581,1,0,0.0,0.48,12,0.48,0,244
11582,1,0,0.0,0.48,12,0.48,0,244
11583,1,0,0.0,0.48,12,0.48,0,244
11584,2,1,-32.991165,0.68,17,0.68,1,244
11585,1,0,0.0,0.68,17,0.68,0,244
11586,1,0,0.0,0.68,17,0.68,0,244
11587,1,0,0.0,0.68,17,0.68,0,244
11588,1,0,0.0,0.68,17,0.68,0,244
11589,1,0,0.0,0.68,17,0.68,0,244
11590,1,0,0.0,0.68,17,0.68,0,244
11591,2,1,-23.003532,0.76,19,0.76,0,244
11592,1,0,0.0,0.76,19,0.76,0,244
11593,1,0,0.0,0.76,19,0.76,0,244
11594,1,0,0.0,0.76,19,0.76,0,244
11595,1,0,0.0,0.76,19,0.76,0,244
11596,1,0,0.0,0.76,19,0.76,0,244
11597,1,0,0.0,0.76,19,0.76,0,244
11598,1,0,0.0,0.76,19,0.76,0,244
11599,1,0,0.0,0.76,19,0.76,0,244
11600,1,0,0.0,0.76,19,0.76,0,244
11601,1,0,0.0,0.76,19,0.76,0,244
11602,1,0,-1000.0,0.0,0,0.0,0,244
11603,1,0,0.0,0.16,4,0.16,0,245
11604,2,1,-4.1406527,0.2,5,0.2,0,245
11605,2,1,28.208652,0.24,6,0.24,0,245
11606,2,1,23.39962,0.32,8,0.32,0,245
11607,2,1,11.446643,0.44,11,0.44,0,245
11608,1,0,0.0,0.44,11,0.44,0,245
11609,1,0,0.0,0.44,11,0.44,0,245
11610,2,1,18.612106,0.48,12,0.48,0,245
11611,2,1,22.79115,0.52,13,0.52,0,245
11612,1,0,0.0,0.52,13,0.52,0,245
11613,1,0,0.0,0.52,13,0.52,0,245
11614,1,0,0.0,0.52,13,0.52,0,245
11615,1,0,0.0,0.52,13,0.52,0,245
11616,1,0,0.0,0.52,13,0.52,0,245
11617,0,-1,-17.50569,0.48,12,0.48,0,245
11618,1,0,0.0,0.48,12,0.48,0,245
11619,0,-1,-21.105461,0.44,11,0.44,0,245
11620,1,0,0.0,0.44,11,0.44,1,245
11621,1,0,0.0,0.44,11,0.44,0,245
11622,2,1,22.273746,0.48,12,0.48,0,245
11623,2,1,21.108196,0.52,13,0.52,0,245
11624,1,0,0.0,0.52,13,0.52,0,245
11625,1,0,0.0,0.52,13,0.52,0,245
11626,1,0,0.0,0.52,13,0.52,0,245
11627,1,0,0.0,0.52,13,0.52,0,245
11628,2,1,17.809189,0.56,14,0.56,0,245
11629,1,0,0.0,0.56,14,0.56,0,245
11630,2,1,15.778863,0.6,15,0.6,0,245
11631,1,0,0.0,0.6,15,0.6,0,245
11632,1,0,0.0,0.6,15,0.6,0,245
11633,1,0,0.0,0.6,15,0.6,0,245
11634,1,0,0.0,0.6,15,0.6,0,245
11635,1,0,0.0,0.6,15,0.6,0,245
11636,2,1,-25.961102,0.72,18,0.72,0,245
11637,2,1,-4.227103,0.76,19,0.76,0,245
11638,2,1,-78.93974,0.84,21,0.84,0,245
11639,1,0,0.0,0.84,21,0.84,0,245
11640,1,0,0.0,0.84,21,0.84,0,245
11641,1,0,0.0,0.84,21,0.84,0,245
11642,2,1,-912.8546,0.96,24,0.96,0,245
11643,1,0,0.0,0.96,24,0.96,1,245
11644,1,0,0.0,0.96,24,0.96,0,245
11645,1,0,0.0,0.96,24,0.96,0,245
11646,1,0,0.0,0.96,24,0.96,0,245
11647,1,0,0.0,0.96,24,0.96,0,245
11648,1,0,0.0,0.96,24,0.96,1,245
11649,1,0,0.0,0.96,24,0.96,0,245
11650,1,0,0.0,0.96,24,0.96,0,245
11651,1,0,0.0,0.96,24,0.96,0,245
11652,2,1,-1000.0,0.0,0,0.0,0,245
11653,1,0,0.0,0.16,4,0.16,0,246
11654,2,1,28.346605,0.2,5,0.2,0,246
11655,0,-1,-28.346605,0.16,4,0.16,0,246
11656,2,1,28.346605,0.2,5,0.2,0,246
11657,2,1,23.968313,0.28,7,0.28,0,246
11658,1,0,0.0,0.28,7,0.28,0,246
11659,1,0,0.0,0.28,7,0.28,0,246
11660,1,0,0.0,0.28,7,0.28,0,246
11661,1,0,0.0,0.28,7,0.28,0,246
11662,2,1,13.119488,0.4,10,0.4,0,246
11663,1,0,0.0,0.4,10,0.4,0,246
11664,1,0,0.0,0.4,10,0.4,0,246
11665,1,0,0.0,0.4,10,0.4,0,246
11666,2,1,-6.520649,0.44,11,0.44,0,246
11667,1,0,0.0,0.44,11,0.44,0,246
11668,1,0,0.0,0.44,11,0.44,0,246
11669,1,0,0.0,0.44,11,0.44,0,246
11670,1,0,0.0,0.44,11,0.44,0,246
11671,1,0,0.0,0.44,11,0.44,0,246
11672,2,1,23.897566,0.48,12,0.48,0,246
11673,1,0,0.0,0.48,12,0.48,0,246
11674,1,0,0.0,0.48,12,0.48,0,246
11675,1,0,0.0,0.48,12,0.48,0,246
11676,1,0,0.0,0.48,12,0.48,0,246
11677,1,0,0.0,0.48,12,0.48,0,246
11678,1,0,0.0,0.48,12,0.48,0,246
11679,1,0,0.0,0.48,12,0.48,0,246
11680,1,0,0.0,0.48,12,0.48,0,246
11681,1,0,0.0,0.48,12,0.48,1,246
11682,1,0,0.0,0.48,12,0.48,0,246
11683,1,0,-1000.0,0.0,0,0.0,0,246
11684,2,1,28.346605,0.2,5,0.2,0,247
11685,2,1,28.22638,0.24,6,0.24,0,247
11686,2,1,-4.515744,0.28,7,0.28,0,247
11687,1,0,0.0,0.28,7,0.28,0,247
11688,1,0,0.0,0.28,7,0.28,0,247
11689,1,0,0.0,0.28,7,0.28,0,247
11690,1,0,0.0,0.28,7,0.28,1,247
11691,2,1,15.164034,0.32,8,0.32,0,247
11692,1,0,0.0,0.32,8,0.32,0,247
11693,2,1,25.893698,0.36,9,0.36,0,247
11694,2,1,19.028095,0.44,11,0.44,0,247
11695,2,1,21.51457,0.48,12,0.48,0,247
11696,1,0,0.0,0.48,12,0.48,0,247
11697,2,1,18.046495,0.52,13,0.52,0,247
11698,1,0,0.0,0.52,13,0.52,0,247
11699,2,1,16.32728,0.56,14,0.56,0,247
11700,1,0,0.0,0.56,14,0.56,0,247
11701,1,0,0.0,0.56,14,0.56,0,247
11702,1,0,0.0,0.56,14,0.56,0,247
11703,1,0,0.0,0.56,14,0.56,0,247
11704,1,0,0.0,0.56,14,0.56,0,247
11705,2,1,1.6661124,0.64,16,0.64,0,247
11706,1,0,0.0,0.64,16,0.64,0,247
11707,1,0,0.0,0.64,16,0.64,0,247
11708,1,0,0.0,0.64,16,0.64,0,247
11709,1,0,0.0,0.64,16,0.64,0,247
11710,1,0,0.0,0.64,16,0.64,0,247
11711,1,0,0.0,0.64,16,0.64,0,247
11712,1,0,0.0,0.64,16,0.64,0,247
11713,2,1,7.9733043,0.68,17,0.68,0,247
11714,1,0,0.0,0.68,17,0.68,0,247
11715,2,1,-232.8171,0.88,22,0.88,0,247
11716,1,0,0.0,0.88,22,0.88,0,247
11717,1,0,0.0,0.88,22,0.88,1,247
11718,1,0,0.0,0.88,22,0.88,0,247
11719,1,0,0.0,0.88,22,0.88,0,247
11720,1,0,0.0,0.88,22,0.88,0,247
11721,1,0,0.0,0.88,22,0.88,0,247
11722,1,0,0.0,0.88,22,0.88,0,247
11723,1,0,0.0,0.88,22,0.88,0,247
11724,1,0,0.0,0.88,22,0.88,0,247
11725,1,0,0.0,0.88,22,0.88,0,247
11726,2,1,-181.26001,0.92,23,0.92,0,247
11727,1,0,0.0,0.92,23,0.92,0,247
11728,1,0,0.0,0.92,23,0.92,0,247
11729,1,0,0.0,0.92,23,0.92,0,247
11730,1,0,0.0,0.92,23,0.92,0,247
11731,1,0,0.0,0.92,23,0.92,0,247
11732,2,1,-604.36615,0.96,24,0.96,0,247
11733,1,0,0.0,0.96,24,0.96,0,247
11734,1,0,0.0,0.96,24,0.96,0,247
11735,1,0,0.0,0.96,24,0.96,0,247
11736,1,0,0.0,0.96,24,0.96,0,247
11737,1,0,0.0,0.96,24,0.96,0,247
11738,1,0,0.0,0.96,24,0.96,0,247
11739,1,0,0.0,0.96,24,0.96,0,247
11740,1,0,0.0,0.96,24,0.96,0,247
11741,1,0,0.0,0.96,24,0.96,0,247
11742,1,0,0.0,0.96,24,0.96,0,247
11743,2,1,23.675116,1.0,25,1.0,0,247
11744,1,0,-1000.0,0.0,0,0.0,0,247
11745,2,1,28.364332,0.2,5,0.2,0,248
11746,1,0,0.0,0.2,5,0.2,0,248
11747,2,1,28.208652,0.24,6,0.24,0,248
11748,1,0,0.0,0.24,6,0.24,0,248
11749,1,0,0.0,0.24,6,0.24,0,248
11750,1,0,0.0,0.24,6,0.24,0,248
11751,2,1,-4.515744,0.28,7,0.28,0,248
11752,1,0,0.0,0.28,7,0.28,0,248
11753,2,1,26.441492,0.32,8,0.32,0,248
11754,1,0,0.0,0.32,8,0.32,0,248
11755,2,1,26.003696,0.36,9,0.36,0,248
11756,2,1,23.820692,0.4,10,0.4,0,248
11757,2,1,-6.520784,0.44,11,0.44,0,248
11758,1,0,0.0,0.44,11,0.44,0,248
11759,1,0,0.0,0.44,11,0.44,0,248
11760,1,0,0.0,0.44,11,0.44,0,248
11761,1,0,0.0,0.44,11,0.44,1,248
11762,1,0,0.0,0.44,11,0.44,1,248
11763,2,1,3.9880166,0.56,14,0.56,0,248
11764,2,1,16.546011,0.6,15,0.6,0,248
11765,1,0,0.0,0.6,15,0.6,0,248
11766,1,0,0.0,0.6,15,0.6,0,248
11767,1,0,0.0,0.6,15,0.6,0,248
11768,1,0,0.0,0.6,15,0.6,0,248
11769,1,0,0.0,0.6,15,0.6,0,248
11770,1,0,0.0,0.6,15,0.6,0,248
11771,2,1,13.277322,0.64,16,0.64,0,248
11772,1,0,0.0,0.64,16,0.64,0,248
11773,1,0,0.0,0.64,16,0.64,0,248
11774,2,1,-11.436898,0.72,18,0.72,0,248
11775,2,1,-4.2296734,0.76,19,0.76,0,248
11776,1,0,0.0,0.76,19,0.76,0,248
11777,1,0,0.0,0.76,19,0.76,0,248
11778,1,0,0.0,0.76,19,0.76,0,248
11779,1,0,0.0,0.76,19,0.76,0,248
11780,2,1,-14.7296095,0.8,20,0.8,0,248
11781,1,0,0.0,0.8,20,0.8,0,248
11782,2,1,-141.74515,0.88,22,0.88,1,248
11783,1,0,0.0,0.88,22,0.88,0,248
11784,1,0,0.0,0.88,22,0.88,0,248
11785,1,0,0.0,0.88,22,0.88,0,248
11786,1,0,0.0,0.88,22,0.88,0,248
11787,1,0,0.0,0.88,22,0.88,0,248
11788,1,0,0.0,0.88,22,0.88,0,248
11789,1,0,0.0,0.88,22,0.88,0,248
11790,2,1,-805.18713,0.96,24,0.96,0,248
11791,1,0,0.0,0.96,24,0.96,0,248
11792,1,0,0.0,0.96,24,0.96,0,248
11793,1,0,0.0,0.96,24,0.96,1,248
11794,1,0,0.0,0.96,24,0.96,0,248
11795,1,0,0.0,0.96,24,0.96,0,248
11796,1,0,0.0,0.96,24,0.96,0,248
11797,1,0,0.0,0.96,24,0.96,0,248
11798,1,0,0.0,0.96,24,0.96,0,248
11799,1,0,0.0,0.96,24,0.96,0,248
11800,1,0,0.0,0.96,24,0.96,0,248
11801,1,0,-1000.0,0.0,0,0.0,0,248
11802,2,1,28.346605,0.2,5,0.2,0,249
11803,2,1,23.968313,0.28,7,0.28,0,249
11804,1,0,0.0,0.28,7,0.28,0,249
11805,2,1,13.119488,0.4,10,0.4,0,249
11806,1,0,0.0,0.4,10,0.4,0,249
11807,2,1,12.749921,0.48,12,0.48,0,249
11808,1,0,0.0,0.48,12,0.48,0,249
11809,2,1,22.79115,0.52,13,0.52,0,249
11810,1,0,0.0,0.52,13,0.52,0,249
11811,1,0,0.0,0.52,13,0.52,0,249
11812,1,0,0.0,0.52,13,0.52,0,249
11813,1,0,0.0,0.52,13,0.52,0,249
11814,1,0,0.0,0.52,13,0.52,0,249
11815,1,0,0.0,0.52,13,0.52,0,249
11816,2,1,19.730448,0.56,14,0.56,0,249
11817,1,0,0.0,0.56,14,0.56,0,249
11818,2,1,3.6310995,0.64,16,0.64,0,249
11819,1,0,0.0,0.64,16,0.64,0,249
11820,1,0,0.0,0.64,16,0.64,0,249
11821,1,0,0.0,0.64,16,0.64,0,249
11822,1,0,0.0,0.64,16,0.64,0,249
11823,2,1,10.034872,0.68,17,0.68,0,249
11824,1,0,0.0,0.68,17,0.68,0,249
11825,1,0,0.0,0.68,17,0.68,1,249
11826,1,0,0.0,0.68,17,0.68,0,249
11827,1,0,0.0,0.68,17,0.68,0,249
11828,2,1,-11.064621,0.72,18,0.72,0,249
11829,1,0,0.0,0.72,18,0.72,0,249
11830,1,0,0.0,0.72,18,0.72,0,249
11831,1,0,0.0,0.72,18,0.72,0,249
11832,1,0,0.0,0.72,18,0.72,0,249
11833,1,0,0.0,0.72,18,0.72,0,249
11834,2,1,-44.60208,0.8,20,0.8,0,249
11835,1,0,0.0,0.8,20,0.8,0,249
11836,1,0,0.0,0.8,20,0.8,0,249
11837,1,0,0.0,0.8,20,0.8,0,249
11838,1,0,0.0,0.8,20,0.8,0,249
11839,1,0,0.0,0.8,20,0.8,0,249
11840,1,0,0.0,0.8,20,0.8,0,249
11841,1,0,0.0,0.8,20,0.8,0,249
11842,1,0,0.0,0.8,20,0.8,0,249
11843,1,0,0.0,0.8,20,0.8,0,249
11844,1,0,0.0,0.8,20,0.8,0,249
11845,2,1,-35.163986,0.84,21,0.84,0,249
11846,1,0,0.0,0.84,21,0.84,0,249
11847,1,0,0.0,0.84,21,0.84,0,249
11848,1,0,0.0,0.84,21,0.84,0,249
11849,1,0,0.0,0.84,21,0.84,1,249
11850,1,0,0.0,0.84,21,0.84,0,249
11851,1,0,0.0,0.84,21,0.84,0,249
11852,1,0,0.0,0.84,21,0.84,0,249
11853,1,0,0.0,0.84,21,0.84,0,249
11854,1,0,0.0,0.84,21,0.84,0,249
11855,1,0,0.0,0.84,21,0.84,0,249
11856,1,0,-1000.0,0.0,0,0.0,0,249
11857,2,1,-4.1406527,0.2,5,0.2,0,250
11858,1,0,0.0,0.2,5,0.2,0,250
11859,2,1,28.208652,0.24,6,0.24,0,250
11860,0,-1,-0.0,0.24,6,0.24,0,250
11861,2,1,23.39962,0.32,8,0.32,0,250
11862,2,1,-5.279892,0.36,9,0.36,0,250
11863,2,1,19.116451,0.44,11,0.44,0,250
11864,1,0,0.0,0.44,11,0.44,0,250
11865,1,0,0.0,0.44,11,0.44,0,250
11866,1,0,0.0,0.44,11,0.44,1,250
11867,2,1,22.140333,0.48,12,0.48,0,250
11868,2,1,10.575268,0.56,14,0.56,0,250
11869,2,1,14.9829445,0.6,15,0.6,0,250
11870,1,0,0.0,0.6,15,0.6,0,250
11871,1,0,0.0,0.6,15,0.6,0,250
11872,1,0,0.0,0.6,15,0.6,0,250
11873,1,0,0.0,0.6,15,0.6,0,250
11874,1,0,0.0,0.6,15,0.6,0,250
11875,2,1,13.464582,0.64,16,0.64,0,250
11876,1,0,0.0,0.64,16,0.64,0,250
11877,1,0,0.0,0.64,16,0.64,0,250
11878,1,0,0.0,0.64,16,0.64,0,250
11879,2,1,-12.846369,0.72,18,0.72,0,250
11880,1,0,0.0,0.72,18,0.72,0,250
11881,1,0,0.0,0.72,18,0.72,0,250
11882,1,0,0.0,0.72,18,0.72,0,250
11883,1,0,0.0,0.72,18,0.72,0,250
11884,1,0,0.0,0.72,18,0.72,0,250
11885,1,0,0.0,0.72,18,0.72,0,250
11886,1,0,0.0,0.72,18,0.72,0,250
11887,1,0,0.0,0.72,18,0.72,0,250
11888,2,1,-44.665337,0.8,20,0.8,0,250
11889,1,0,0.0,0.8,20,0.8,0,250
11890,1,0,0.0,0.8,20,0.8,0,250
11891,1,0,0.0,0.8,20,0.8,0,250
11892,1,0,0.0,0.8,20,0.8,0,250
11893,1,0,0.0,0.8,20,0.8,0,250
11894,1,0,0.0,0.8,20,0.8,0,250
11895,1,0,0.0,0.8,20,0.8,1,250
11896,1,0,0.0,0.8,20,0.8,0,250
11897,1,0,0.0,0.8,20,0.8,0,250
11898,1,0,0.0,0.8,20,0.8,0,250
11899,1,0,-1000.0,0.0,0,0.0,0,250
11900,2,1,28.346605,0.2,5,0.2,0,251
11901,2,1,28.22638,0.24,6,0.24,0,251
11902,2,1,26.773045,0.28,7,0.28,0,251
11903,2,1,13.033225,0.4,10,0.4,0,251
11904,1,0,0.0,0.4,10,0.4,0,251
11905,2,1,-6.520784,0.44,11,0.44,0,251
11906,1,0,0.0,0.44,11,0.44,0,251
11907,1,0,0.0,0.44,11,0.44,1,251
11908,1,0,0.0,0.44,11,0.44,0,251
11909,1,0,0.0,0.44,11,0.44,0,251
11910,1,0,0.0,0.44,11,0.44,0,251
11911,2,1,12.417218,0.52,13,0.52,0,251
11912,1,0,0.0,0.52,13,0.52,0,251
11913,1,0,0.0,0.52,13,0.52,0,251
11914,1,0,0.0,0.52,13,0.52,0,251
11915,1,0,0.0,0.52,13,0.52,0,251
11916,1,0,0.0,0.52,13,0.52,0,251
11917,1,0,0.0,0.52,13,0.52,0,251
11918,2,1,9.712319,0.6,15,0.6,0,251
11919,1,0,0.0,0.6,15,0.6,0,251
11920,2,1,-2.2931669,0.68,17,0.68,0,251
11921,1,0,0.0,0.68,17,0.68,0,251
11922,1,0,0.0,0.68,17,0.68,0,251
11923,1,0,0.0,0.68,17,0.68,0,251
11924,2,1,-25.355158,0.76,19,0.76,0,251
11925,1,0,0.0,0.76,19,0.76,1,251
11926,1,0,0.0,0.76,19,0.76,0,251
11927,1,0,0.0,0.76,19,0.76,0,251
11928,1,0,0.0,0.76,19,0.76,0,251
11929,1,0,0.0,0.76,19,0.76,0,251
11930,1,0,0.0,0.76,19,0.76,0,251
11931,1,0,0.0,0.76,19,0.76,0,251
11932,2,1,-76.06712,0.84,21,0.84,0,251
11933,1,0,0.0,0.84,21,0.84,0,251
11934,1,0,0.0,0.84,21,0.84,0,251
11935,1,0,0.0,0.84,21,0.84,0,251
11936,1,0,0.0,0.84,21,0.84,0,251
11937,1,0,0.0,0.84,21,0.84,0,251
11938,1,0,0.0,0.84,21,0.84,0,251
11939,1,0,0.0,0.84,21,0.84,0,251
11940,1,0,0.0,0.84,21,0.84,0,251
11941,1,0,0.0,0.84,21,0.84,0,251
11942,1,0,0.0,0.84,21,0.84,0,251
11943,1,0,-1000.0,0.0,0,0.0,0,251
11944,2,1,28.346605,0.2,5,0.2,0,252
11945,2,1,23.968313,0.28,7,0.28,0,252
11946,1,0,0.0,0.28,7,0.28,0,252
11947,2,1,13.119488,0.4,10,0.4,0,252
11948,1,0,0.0,0.4,10,0.4,0,252
11949,1,0,0.0,0.4,10,0.4,0,252
11950,2,1,12.749921,0.48,12,0.48,0,252
11951,2,1,1.268667,0.6,15,0.6,0,252
11952,1,0,0.0,0.6,15,0.6,0,252
11953,1,0,0.0,0.6,15,0.6,0,252
11954,1,0,0.0,0.6,15,0.6,0,252
11955,2,1,-5.4611616,0.68,17,0.68,0,252
11956,1,0,0.0,0.68,17,0.68,0,252
11957,1,0,0.0,0.68,17,0.68,0,252
11958,1,0,0.0,0.68,17,0.68,0,252
11959,1,0,0.0,0.68,17,0.68,0,252
11960,1,0,0.0,0.68,17,0.68,0,252
11961,1,0,0.0,0.68,17,0.68,0,252
11962,1,0,0.0,0.68,17,0.68,0,252
11963,1,0,0.0,0.68,17,0.68,0,252
11964,1,0,0.0,0.68,17,0.68,0,252
11965,1,0,0.0,0.68,17,0.68,0,252
11966,1,0,-1000.0,0.0,0,0.0,0,252
11967,2,1,28.364332,0.2,5,0.2,0,253
11968,2,1,28.208652,0.24,6,0.24,0,253
11969,0,-1,-0.0,0.24,6,0.24,0,253
11970,1,0,0.0,0.24,6,0.24,0,253
11971,2,1,26.773045,0.28,7,0.28,0,253
11972,1,0,0.0,0.28,7,0.28,0,253
11973,1,0,0.0,0.28,7,0.28,0,253
11974,1,0,0.0,0.28,7,0.28,0,253
11975,2,1,-4.847297,0.32,8,0.32,0,253
11976,1,0,0.0,0.32,8,0.32,0,253
11977,2,1,20.35271,0.4,10,0.4,0,253
11978,2,1,23.129503,0.44,11,0.44,0,253
11979,2,1,-8.360594,0.6,15,0.6,0,253
11980,1,0,0.0,0.6,15,0.6,0,253
11981,1,0,0.0,0.6,15,0.6,0,253
11982,2,1,13.7564335,0.64,16,0.64,0,253
11983,1,0,0.0,0.64,16,0.64,0,253
11984,1,0,0.0,0.64,16,0.64,0,253
11985,1,0,0.0,0.64,16,0.64,0,253
11986,1,0,0.0,0.64,16,0.64,0,253
11987,1,0,0.0,0.64,16,0.64,0,253
11988,1,0,0.0,0.64,16,0.64,0,253
11989,1,0,0.0,0.64,16,0.64,0,253
11990,1,0,0.0,0.64,16,0.64,0,253
11991,1,0,0.0,0.64,16,0.64,1,253
11992,1,0,0.0,0.64,16,0.64,0,253
11993,1,0,-1000.0,0.0,0,0.0,0,253
11994,2,1,28.346605,0.2,5,0.2,0,254
11995,0,-1,-0.0,0.2,5,0.2,0,254
11996,1,0,0.0,0.2,5,0.2,0,254
11997,1,0,0.0,0.2,5,0.2,0,254
11998,1,0,0.0,0.2,5,0.2,0,254
11999,1,0,0.0,0.2,5,0.2,0,254
12000,2,1,28.22638,0.24,6,0.24,0,254
12001,2,1,26.773045,0.28,7,0.28,0,254
12002,1,0,0.0,0.28,7,0.28,0,254
12003,2,1,21.334368,0.36,9,0.36,0,254
12004,1,0,0.0,0.36,9,0.36,0,254
12005,1,0,0.0,0.36,9,0.36,0,254
12006,2,1,23.820692,0.4,10,0.4,0,254
12007,2,1,21.249996,0.44,11,0.44,0,254
12008,1,0,0.0,0.44,11,0.44,0,254
12009,2,1,12.010192,0.52,13,0.52,0,254
12010,2,1,-47.143,0.72,18,0.72,1,254
12011,1,0,0.0,0.72,18,0.72,0,254
12012,2,1,-4.310354,0.76,19,0.76,0,254
12013,1,0,0.0,0.76,19,0.76,0,254
12014,2,1,-1013.9271,0.96,24,0.96,1,254
12015,1,0,0.0,0.96,24,0.96,0,254
12016,1,0,0.0,0.96,24,0.96,0,254
12017,1,0,0.0,0.96,24,0.96,0,254
12018,2,1,23.649317,1.0,25,1.0,0,254
12019,1,0,-1000.0,0.0,0,0.0,0,254
12020,2,1,28.346605,0.2,5,0.2,0,255
12021,2,1,19.461393,0.28,7,0.28,0,255
12022,2,1,22.635555,0.36,9,0.36,0,255
12023,1,0,0.0,0.36,9,0.36,0,255
12024,1,0,0.0,0.36,9,0.36,0,255
12025,1,0,0.0,0.36,9,0.36,0,255
12026,1,0,0.0,0.36,9,0.36,0,255
12027,1,0,0.0,0.36,9,0.36,0,255
12028,1,0,0.0,0.36,9,0.36,0,255
12029,1,0,0.0,0.36,9,0.36,0,255
12030,1,0,0.0,0.36,9,0.36,0,255
12031,2,1,22.66773,0.4,10,0.4,0,255
12032,1,0,0.0,0.4,10,0.4,1,255
12033,1,0,0.0,0.4,10,0.4,0,255
12034,1,0,0.0,0.4,10,0.4,0,255
12035,1,0,0.0,0.4,10,0.4,0,255
12036,1,0,0.0,0.4,10,0.4,0,255
12037,1,0,0.0,0.4,10,0.4,0,255
12038,1,0,0.0,0.4,10,0.4,0,255
12039,1,0,0.0,0.4,10,0.4,0,255
12040,1,0,0.0,0.4,10,0.4,0,255
12041,2,1,7.805922,0.44,11,0.44,0,255
12042,1,0,0.0,0.44,11,0.44,0,255
12043,1,0,0.0,0.44,11,0.44,0,255
12044,1,0,0.0,0.44,11,0.44,0,255
12045,1,0,0.0,0.44,11,0.44,0,255
12046,1,0,0.0,0.44,11,0.44,0,255
12047,1,0,0.0,0.44,11,0.44,0,255
12048,2,1,5.658415,0.56,14,0.56,0,255
12049,2,1,-7.179964,0.64,16,0.64,0,255
12050,1,0,0.0,0.64,16,0.64,0,255
12051,2,1,-40.74522,0.76,19,0.76,0,255
12052,1,0,0.0,0.76,19,0.76,0,255
12053,2,1,-180.09172,0.88,22,0.88,0,255
12054,1,0,0.0,0.88,22,0.88,0,255
12055,1,0,0.0,0.88,22,0.88,0,255
12056,1,0,0.0,0.88,22,0.88,0,255
12057,1,0,0.0,0.88,22,0.88,0,255
12058,1,0,0.0,0.88,22,0.88,0,255
12059,1,0,0.0,0.88,22,0.88,0,255
12060,2,1,-806.49005,0.96,24,0.96,0,255
12061,1,0,0.0,0.96,24,0.96,0,255
12062,1,0,0.0,0.96,24,0.96,1,255
12063,1,0,0.0,0.96,24,0.96,0,255
12064,1,0,0.0,0.96,24,0.96,0,255
12065,1,0,0.0,0.96,24,0.96,0,255
12066,1,0,0.0,0.96,24,0.96,0,255
12067,1,0,0.0,0.96,24,0.96,0,255
12068,1,0,0.0,0.96,24,0.96,0,255
12069,1,0,0.0,0.96,24,0.96,0,255
12070,1,0,0.0,0.96,24,0.96,0,255
12071,1,0,-1000.0,0.0,0,0.0,0,255
12072,2,1,28.364332,0.2,5,0.2,0,256
12073,1,0,0.0,0.2,5,0.2,0,256
12074,1,0,0.0,0.2,5,0.2,0,256
12075,1,0,0.0,0.2,5,0.2,0,256
12076,1,0,0.0,0.2,5,0.2,0,256
12077,2,1,-4.278687,0.24,6,0.24,0,256
12078,1,0,0.0,0.24,6,0.24,0,256
12079,1,0,0.0,0.24,6,0.24,0,256
12080,2,1,23.38718,0.32,8,0.32,1,256
12081,2,1,20.309877,0.4,10,0.4,0,256
12082,1,0,0.0,0.4,10,0.4,0,256
12083,2,1,10.453599,0.44,11,0.44,1,256
12084,1,0,0.0,0.44,11,0.44,0,256
12085,1,0,0.0,0.44,11,0.44,0,256
12086,1,0,0.0,0.44,11,0.44,0,256
12087,2,1,3.235872,0.56,14,0.56,0,256
12088,1,0,0.0,0.56,14,0.56,0,256
12089,1,0,0.0,0.56,14,0.56,0,256
12090,1,0,0.0,0.56,14,0.56,0,256
12091,2,1,3.9755282,0.64,16,0.64,0,256
12092,1,0,0.0,0.64,16,0.64,0,256
12093,1,0,0.0,0.64,16,0.64,0,256
12094,2,1,6.8608913,0.68,17,0.68,0,256
12095,1,0,0.0,0.68,17,0.68,0,256
12096,1,0,0.0,0.68,17,0.68,0,256
12097,1,0,0.0,0.68,17,0.68,0,256
12098,1,0,0.0,0.68,17,0.68,0,256
12099,1,0,0.0,0.68,17,0.68,0,256
12100,1,0,0.0,0.68,17,0.68,0,256
12101,1,0,0.0,0.68,17,0.68,0,256
12102,1,0,0.0,0.68,17,0.68,0,256
12103,1,0,0.0,0.68,17,0.68,0,256
12104,1,0,0.0,0.68,17,0.68,0,256
12105,1,0,-1000.0,0.0,0,0.0,0,256
12106,2,1,28.346605,0.2,5,0.2,0,257
12107,2,1,23.968313,0.28,7,0.28,0,257
12108,1,0,0.0,0.28,7,0.28,0,257
12109,2,1,-4.847379,0.32,8,0.32,0,257
12110,2,1,20.356783,0.4,10,0.4,0,257
12111,0,-1,-0.19770592,0.4,10,0.4,0,257
12112,1,0,0.0,0.4,10,0.4,0,257
12113,1,0,0.0,0.4,10,0.4,0,257
12114,2,1,-6.5201416,0.44,11,0.44,0,257
12115,1,0,0.0,0.44,11,0.44,0,257
12116,2,1,20.651064,0.48,12,0.48,0,257
12117,2,1,21.154152,0.52,13,0.52,0,257
12118,2,1,17.848795,0.56,14,0.56,0,257
12119,2,1,-37.220985,0.72,18,0.72,0,257
12120,2,1,-1.5966138,0.76,19,0.76,0,257
12121,1,0,0.0,0.76,19,0.76,0,257
12122,1,0,0.0,0.76,19,0.76,0,257
12123,1,0,0.0,0.76,19,0.76,0,257
12124,2,1,-14.214226,0.8,20,0.8,0,257
12125,1,0,0.0,0.8,20,0.8,0,257
12126,1,0,0.0,0.8,20,0.8,0,257
12127,1,0,0.0,0.8,20,0.8,0,257
12128,1,0,0.0,0.8,20,0.8,1,257
12129,1,0,0.0,0.8,20,0.8,0,257
12130,1,0,0.0,0.8,20,0.8,0,257
12131,2,1,-37.01663,0.84,21,0.84,0,257
12132,2,1,-910.8174,0.96,24,0.96,0,257
12133,1,0,0.0,0.96,24,0.96,0,257
12134,2,1,25.781197,1.0,25,1.0,0,257
12135,1,0,-1000.0,0.0,0,0.0,0,257
12136,1,0,0.0,0.16,4,0.16,0,258
12137,2,1,28.364332,0.2,5,0.2,0,258
12138,2,1,23.955872,0.28,7,0.28,0,258
12139,2,1,13.033225,0.4,10,0.4,0,258
12140,2,1,24.763365,0.44,11,0.44,0,258
12141,1,0,0.0,0.44,11,0.44,1,258
12142,1,0,0.0,0.44,11,0.44,0,258
12143,2,1,18.798958,0.48,12,0.48,0,258
12144,1,0,0.0,0.48,12,0.48,0,258
12145,1,0,0.0,0.48,12,0.48,0,258
12146,2,1,15.384685,0.52,13,0.52,0,258
12147,2,1,5.079567,0.56,14,0.56,0,258
12148,1,0,0.0,0.56,14,0.56,0,258
12149,1,0,0.0,0.56,14,0.56,0,258
12150,1,0,0.0,0.56,14,0.56,0,258
12151,2,1,17.841621,0.6,15,0.6,0,258
12152,1,0,0.0,0.6,15,0.6,0,258
12153,1,0,0.0,0.6,15,0.6,0,258
12154,1,0,0.0,0.6,15,0.6,0,258
12155,1,0,0.0,0.6,15,0.6,0,258
12156,1,0,0.0,0.6,15,0.6,0,258
12157,1,0,0.0,0.6,15,0.6,0,258
12158,1,0,0.0,0.6,15,0.6,0,258
12159,1,0,0.0,0.6,15,0.6,0,258
12160,2,1,14.0209,0.64,16,0.64,1,258
12161,1,0,0.0,0.64,16,0.64,0,258
12162,1,0,0.0,0.64,16,0.64,0,258
12163,1,0,0.0,0.64,16,0.64,0,258
12164,1,0,0.0,0.64,16,0.64,0,258
12165,1,0,0.0,0.64,16,0.64,0,258
12166,1,0,0.0,0.64,16,0.64,0,258
12167,2,1,6.7646713,0.68,17,0.68,1,258
12168,1,0,0.0,0.68,17,0.68,0,258
12169,1,0,0.0,0.68,17,0.68,0,258
12170,1,0,0.0,0.68,17,0.68,0,258
12171,1,0,0.0,0.68,17,0.68,0,258
12172,1,0,0.0,0.68,17,0.68,0,258
12173,1,0,0.0,0.68,17,0.68,0,258
12174,1,0,0.0,0.68,17,0.68,0,258
12175,1,0,0.0,0.68,17,0.68,0,258
12176,1,0,0.0,0.68,17,0.68,0,258
12177,1,0,0.0,0.68,17,0.68,0,258
12178,1,0,-1000.0,0.0,0,0.0,0,258
12179,1,0,0.0,0.16,4,0.16,0,259
12180,2,1,28.364332,0.2,5,0.2,0,259
12181,1,0,0.0,0.2,5,0.2,0,259
12182,2,1,19.247265,0.28,7,0.28,0,259
12183,1,0,0.0,0.28,7,0.28,0,259
12184,1,0,0.0,0.28,7,0.28,0,259
12185,1,0,0.0,0.28,7,0.28,1,259
12186,1,0,0.0,0.28,7,0.28,0,259
12187,1,0,0.0,0.28,7,0.28,0,259
12188,2,1,27.58887,0.32,8,0.32,0,259
12189,2,1,25.964893,0.36,9,0.36,0,259
12190,1,0,0.0,0.36,9,0.36,0,259
12191,2,1,19.038664,0.44,11,0.44,0,259
12192,1,0,0.0,0.44,11,0.44,0,259
12193,2,1,13.820915,0.52,13,0.52,0,259
12194,1,0,0.0,0.52,13,0.52,1,259
12195,2,1,-7.1573825,0.64,16,0.64,0,259
12196,2,1,7.848207,0.68,17,0.68,0,259
12197,1,0,0.0,0.68,17,0.68,0,259
12198,1,0,0.0,0.68,17,0.68,0,259
12199,1,0,0.0,0.68,17,0.68,0,259
12200,2,1,-24.015333,0.76,19,0.76,0,259
12201,2,1,-16.247984,0.8,20,0.8,0,259
12202,1,0,0.0,0.8,20,0.8,0,259
12203,1,0,0.0,0.8,20,0.8,0,259
12204,1,0,0.0,0.8,20,0.8,0,259
12205,2,1,-39.115486,0.84,21,0.84,0,259
12206,1,0,0.0,0.84,21,0.84,0,259
12207,1,0,0.0,0.84,21,0.84,0,259
12208,1,0,0.0,0.84,21,0.84,0,259
12209,1,0,0.0,0.84,21,0.84,1,259
12210,1,0,0.0,0.84,21,0.84,0,259
12211,1,0,0.0,0.84,21,0.84,0,259
12212,2,1,-77.33607,0.88,22,0.88,0,259
12213,1,0,0.0,0.88,22,0.88,0,259
12214,1,0,0.0,0.88,22,0.88,1,259
12215,1,0,0.0,0.88,22,0.88,0,259
12216,2,1,-807.90326,0.96,24,0.96,0,259
12217,1,0,0.0,0.96,24,0.96,0,259
12218,1,0,0.0,0.96,24,0.96,0,259
12219,1,0,0.0,0.96,24,0.96,0,259
12220,1,0,0.0,0.96,24,0.96,0,259
12221,1,0,0.0,0.96,24,0.96,0,259
12222,1,0,0.0,0.96,24,0.96,0,259
12223,1,0,0.0,0.96,24,0.96,0,259
12224,1,0,0.0,0.96,24,0.96,0,259
12225,1,0,0.0,0.96,24,0.96,0,259
12226,1,0,0.0,0.96,24,0.96,0,259
12227,1,0,-1000.0,0.0,0,0.0,0,259
12228,2,1,-4.1407347,0.2,5,0.2,0,260
12229,0,-1,4.1407347,0.16,4,0.16,0,260
12230,1,0,0.0,0.16,4,0.16,0,260
12231,2,1,28.346605,0.2,5,0.2,1,260
12232,1,0,0.0,0.2,5,0.2,0,260
12233,1,0,0.0,0.2,5,0.2,0,260
12234,0,-1,-0.0,0.2,5,0.2,0,260
12235,2,1,23.466194,0.24,6,0.24,0,260
12236,2,1,23.361662,0.32,8,0.32,0,260
12237,2,1,18.690866,0.36,9,0.36,0,260
12238,2,1,16.690813,0.44,11,0.44,0,260
12239,0,-1,-21.224659,0.4,10,0.4,0,260
12240,2,1,15.1601925,0.48,12,0.48,0,260
12241,1,0,0.0,0.48,12,0.48,0,260
12242,1,0,0.0,0.48,12,0.48,0,260
12243,1,0,0.0,0.48,12,0.48,0,260
12244,1,0,0.0,0.48,12,0.48,0,260
12245,1,0,0.0,0.48,12,0.48,0,260
12246,1,0,0.0,0.48,12,0.48,0,260
12247,2,1,12.824401,0.56,14,0.56,0,260
12248,1,0,0.0,0.56,14,0.56,0,260
12249,1,0,0.0,0.56,14,0.56,0,260
12250,2,1,17.734398,0.6,15,0.6,0,260
12251,2,1,14.33737,0.64,16,0.64,0,260
12252,1,0,0.0,0.64,16,0.64,0,260
12253,1,0,0.0,0.64,16,0.64,0,260
12254,1,0,0.0,0.64,16,0.64,0,260
12255,1,0,0.0,0.64,16,0.64,0,260
12256,1,0,0.0,0.64,16,0.64,0,260
12257,2,1,-13.674328,0.72,18,0.72,0,260
12258,1,0,0.0,0.72,18,0.72,0,260
12259,1,0,0.0,0.72,18,0.72,0,260
12260,1,0,0.0,0.72,18,0.72,1,260
12261,1,0,0.0,0.72,18,0.72,0,260
12262,2,1,-41.76817,0.8,20,0.8,0,260
12263,1,0,0.0,0.8,20,0.8,0,260
12264,2,1,-35.134197,0.84,21,0.84,0,260
12265,1,0,0.0,0.84,21,0.84,0,260
12266,2,1,-285.69794,0.92,23,0.92,0,260
12267,1,0,0.0,0.92,23,0.92,0,260
12268,1,0,0.0,0.92,23,0.92,0,260
12269,1,0,0.0,0.92,23,0.92,0,260
12270,1,0,0.0,0.92,23,0.92,0,260
12271,1,0,0.0,0.92,23,0.92,0,260
12272,1,0,0.0,0.92,23,0.92,0,260
12273,1,0,0.0,0.92,23,0.92,0,260
12274,1,0,0.0,0.92,23,0.92,0,260
12275,1,0,0.0,0.92,23,0.92,0,260
12276,1,0,0.0,0.92,23,0.92,0,260
12277,1,0,-1000.0,0.0,0,0.0,0,260
12278,2,1,28.346605,0.2,5,0.2,0,261
12279,2,1,23.968313,0.28,7,0.28,0,261
12280,0,-1,-0.2743589,0.28,7,0.28,0,261
12281,2,1,26.441492,0.32,8,0.32,1,261
12282,1,0,0.0,0.32,8,0.32,0,261
12283,0,-1,-0.0,0.32,8,0.32,0,261
12284,1,0,0.0,0.32,8,0.32,0,261
12285,2,1,11.373961,0.44,11,0.44,0,261
12286,1,0,0.0,0.44,11,0.44,0,261
12287,1,0,0.0,0.44,11,0.44,0,261
12288,1,0,0.0,0.44,11,0.44,0,261
12289,1,0,0.0,0.44,11,0.44,0,261
12290,1,0,0.0,0.44,11,0.44,0,261
12291,1,0,0.0,0.44,11,0.44,1,261
12292,1,0,0.0,0.44,11,0.44,0,261
12293,1,0,0.0,0.44,11,0.44,0,261
12294,1,0,0.0,0.44,11,0.44,0,261
12295,1,0,0.0,0.44,11,0.44,0,261
12296,1,0,-1000.0,0.0,0,0.0,0,261
12297,2,1,28.364332,0.2,5,0.2,0,262
12298,1,0,0.0,0.2,5,0.2,0,262
12299,2,1,23.955872,0.28,7,0.28,0,262
12300,2,1,21.334368,0.36,9,0.36,0,262
12301,1,0,0.0,0.36,9,0.36,0,262
12302,1,0,0.0,0.36,9,0.36,0,262
12303,2,1,-5.828954,0.4,10,0.4,0,262
12304,1,0,0.0,0.4,10,0.4,0,262
12305,1,0,0.0,0.4,10,0.4,0,262
12306,1,0,0.0,0.4,10,0.4,0,262
12307,2,1,14.3443775,0.48,12,0.48,0,262
12308,1,0,0.0,0.48,12,0.48,0,262
12309,1,0,0.0,0.48,12,0.48,0,262
12310,1,0,0.0,0.48,12,0.48,0,262
12311,1,0,0.0,0.48,12,0.48,0,262
12312,1,0,0.0,0.48,12,0.48,0,262
12313,1,0,0.0,0.48,12,0.48,0,262
12314,1,0,0.0,0.48,12,0.48,0,262
12315,1,0,0.0,0.48,12,0.48,0,262
12316,1,0,0.0,0.48,12,0.48,0,262
12317,1,0,0.0,0.48,12,0.48,0,262
12318,1,0,-1000.0,0.0,0,0.0,0,262
12319,2,1,-4.1406527,0.2,5,0.2,0,263
12320,2,1,-4.278687,0.24,6,0.24,0,263
12321,1,0,0.0,0.24,6,0.24,0,263
12322,1,0,0.0,0.24,6,0.24,0,263
12323,1,0,0.0,0.24,6,0.24,0,263
12324,2,1,27.971514,0.28,7,0.28,0,263
12325,1,0,0.0,0.28,7,0.28,0,263
12326,1,0,0.0,0.28,7,0.28,0,263
12327,1,0,0.0,0.28,7,0.28,0,263
12328,2,1,-4.8478045,0.32,8,0.32,0,263
12329,1,0,0.0,0.32,8,0.32,0,263
12330,1,0,0.0,0.32,8,0.32,0,263
12331,1,0,0.0,0.32,8,0.32,0,263
12332,2,1,27.225174,0.36,9,0.36,1,263
12333,1,0,0.0,0.36,9,0.36,0,263
12334,1,0,0.0,0.36,9,0.36,0,263
12335,1,0,0.0,0.36,9,0.36,0,263
12336,2,1,25.358683,0.4,10,0.4,0,263
12337,1,0,0.0,0.4,10,0.4,1,263
12338,2,1,6.605144,0.48,12,0.48,0,263
12339,1,0,0.0,0.48,12,0.48,0,263
12340,1,0,0.0,0.48,12,0.48,0,263
12341,2,1,10.6071005,0.52,13,0.52,0,263
12342,2,1,17.91988,0.56,14,0.56,1,263
12343,1,0,0.0,0.56,14,0.56,0,263
12344,1,0,0.0,0.56,14,0.56,0,263
12345,1,0,0.0,0.56,14,0.56,0,263
12346,1,0,0.0,0.56,14,0.56,0,263
12347,2,1,-15.439081,0.68,17,0.68,0,263
12348,1,0,0.0,0.68,17,0.68,0,263
12349,1,0,0.0,0.68,17,0.68,0,263
12350,1,0,0.0,0.68,17,0.68,0,263
12351,1,0,0.0,0.68,17,0.68,0,263
12352,1,0,0.0,0.68,17,0.68,0,263
12353,1,0,0.0,0.68,17,0.68,0,263
12354,1,0,0.0,0.68,17,0.68,0,263
12355,1,0,0.0,0.68,17,0.68,0,263
12356,1,0,0.0,0.68,17,0.68,0,263
12357,1,0,0.0,0.68,17,0.68,0,263
12358,1,0,-1000.0,0.0,0,0.0,0,263
12359,2,1,28.364332,0.2,5,0.2,0,264
12360,2,1,19.247265,0.28,7,0.28,0,264
12361,1,0,0.0,0.28,7,0.28,0,264
12362,1,0,0.0,0.28,7,0.28,0,264
12363,2,1,27.639961,0.32,8,0.32,0,264
12364,2,1,26.008978,0.36,9,0.36,0,264
12365,1,0,0.0,0.36,9,0.36,0,264
12366,2,1,25.454552,0.4,10,0.4,0,264
12367,1,0,0.0,0.4,10,0.4,0,264
12368,1,0,0.0,0.4,10,0.4,0,264
12369,1,0,0.0,0.4,10,0.4,0,264
12370,1,0,0.0,0.4,10,0.4,0,264
12371,1,0,0.0,0.4,10,0.4,0,264
12372,1,0,0.0,0.4,10,0.4,0,264
12373,2,1,23.129503,0.44,11,0.44,0,264
12374,2,1,22.260569,0.48,12,0.48,0,264
12375,2,1,-1.1296759,0.6,15,0.6,0,264
12376,1,0,0.0,0.6,15,0.6,0,264
12377,1,0,0.0,0.6,15,0.6,0,264
12378,1,0,0.0,0.6,15,0.6,0,264
12379,1,0,0.0,0.6,15,0.6,0,264
12380,1,0,0.0,0.6,15,0.6,0,264
12381,1,0,0.0,0.6,15,0.6,0,264
12382,1,0,0.0,0.6,15,0.6,1,264
12383,1,0,0.0,0.6,15,0.6,0,264
12384,1,0,0.0,0.6,15,0.6,0,264
12385,2,1,-3.2250495,0.68,17,0.68,0,264
12386,1,0,0.0,0.68,17,0.68,0,264
12387,1,0,0.0,0.68,17,0.68,0,264
12388,1,0,0.0,0.68,17,0.68,0,264
12389,1,0,0.0,0.68,17,0.68,0,264
12390,1,0,0.0,0.68,17,0.68,0,264
12391,1,0,0.0,0.68,17,0.68,0,264
12392,1,0,0.0,0.68,17,0.68,0,264
12393,1,0,0.0,0.68,17,0.68,0,264
12394,1,0,0.0,0.68,17,0.68,0,264
12395,1,0,0.0,0.68,17,0.68,0,264
12396,1,0,-1000.0,0.0,0,0.0,0,264
12397,2,1,28.364332,0.2,5,0.2,0,265
12398,1,0,0.0,0.2,5,0.2,0,265
12399,2,1,23.955872,0.28,7,0.28,0,265
12400,1,0,0.0,0.28,7,0.28,0,265
12401,1,0,0.0,0.28,7,0.28,0,265
12402,1,0,0.0,0.28,7,0.28,0,265
12403,1,0,0.0,0.28,7,0.28,0,265
12404,2,1,17.914507,0.36,9,0.36,0,265
12405,1,0,0.0,0.36,9,0.36,0,265
12406,1,0,0.0,0.36,9,0.36,0,265
12407,1,0,0.0,0.36,9,0.36,0,265
12408,1,0,0.0,0.36,9,0.36,0,265
12409,1,0,0.0,0.36,9,0.36,0,265
12410,2,1,25.454552,0.4,10,0.4,0,265
12411,1,0,0.0,0.4,10,0.4,0,265
12412,1,0,0.0,0.4,10,0.4,0,265
12413,1,0,0.0,0.4,10,0.4,0,265
12414,1,0,0.0,0.4,10,0.4,0,265
12415,2,1,23.129503,0.44,11,0.44,0,265
12416,1,0,0.0,0.44,11,0.44,0,265
12417,1,0,0.0,0.44,11,0.44,0,265
12418,1,0,0.0,0.44,11,0.44,0,265
12419,1,0,0.0,0.44,11,0.44,0,265
12420,2,1,12.366879,0.52,13,0.52,0,265
12421,1,0,0.0,0.52,13,0.52,0,265
12422,1,0,0.0,0.52,13,0.52,0,265
12423,2,1,19.730448,0.56,14,0.56,0,265
12424,1,0,0.0,0.56,14,0.56,1,265
12425,2,1,15.964194,0.6,15,0.6,0,265
12426,1,0,0.0,0.6,15,0.6,0,265
12427,1,0,0.0,0.6,15,0.6,0,265
12428,1,0,0.0,0.6,15,0.6,0,265
12429,1,0,0.0,0.6,15,0.6,0,265
12430,1,0,0.0,0.6,15,0.6,0,265
12431,1,0,0.0,0.6,15,0.6,0,265
12432,2,1,-25.924498,0.72,18,0.72,0,265
12433,1,0,0.0,0.72,18,0.72,0,265
12434,1,0,0.0,0.72,18,0.72,0,265
12435,2,1,-2.093673,0.76,19,0.76,0,265
12436,1,0,0.0,0.76,19,0.76,0,265
12437,1,0,0.0,0.76,19,0.76,0,265
12438,1,0,0.0,0.76,19,0.76,0,265
12439,1,0,0.0,0.76,19,0.76,0,265
12440,1,0,0.0,0.76,19,0.76,0,265
12441,1,0,0.0,0.76,19,0.76,0,265
12442,1,0,0.0,0.76,19,0.76,0,265
12443,1,0,0.0,0.76,19,0.76,0,265
12444,1,0,0.0,0.76,19,0.76,0,265
12445,1,0,0.0,0.76,19,0.76,0,265
12446,1,0,-1000.0,0.0,0,0.0,0,265
12447,1,0,0.0,0.16,4,0.16,0,266
12448,2,1,28.364332,0.2,5,0.2,0,266
12449,2,1,28.208652,0.24,6,0.24,0,266
12450,2,1,18.8927,0.32,8,0.32,0,266
12451,2,1,20.179146,0.4,10,0.4,0,266
12452,1,0,0.0,0.4,10,0.4,0,266
12453,2,1,17.554182,0.48,12,0.48,0,266
12454,1,0,0.0,0.48,12,0.48,0,266
12455,1,0,0.0,0.48,12,0.48,0,266
12456,1,0,0.0,0.48,12,0.48,0,266
12457,1,0,0.0,0.48,12,0.48,0,266
12458,2,1,10.348593,0.56,14,0.56,0,266
12459,0,-1,-16.081985,0.52,13,0.52,0,266
12460,1,0,0.0,0.52,13,0.52,0,266
12461,1,0,0.0,0.52,13,0.52,0,266
12462,1,0,0.0,0.52,13,0.52,0,266
12463,1,0,0.0,0.52,13,0.52,0,266
12464,1,0,0.0,0.52,13,0.52,0,266
12465,1,0,0.0,0.52,13,0.52,0,266
12466,1,0,0.0,0.52,13,0.52,0,266
12467,1,0,0.0,0.52,13,0.52,0,266
12468,1,0,0.0,0.52,13,0.52,0,266
12469,1,0,0.0,0.52,13,0.52,0,266
12470,1,0,-1000.0,0.0,0,0.0,0,266
12471,2,1,28.364332,0.2,5,0.2,0,267
12472,2,1,28.208652,0.24,6,0.24,0,267
12473,2,1,-4.515744,0.28,7,0.28,0,267
12474,2,1,-4.8479395,0.32,8,0.32,0,267
12475,1,0,0.0,0.32,8,0.32,0,267
12476,1,0,0.0,0.32,8,0.32,0,267
12477,1,0,0.0,0.32,8,0.32,0,267
12478,2,1,26.008978,0.36,9,0.36,0,267
12479,1,0,0.0,0.36,9,0.36,0,267
12480,1,0,0.0,0.36,9,0.36,0,267
12481,1,0,0.0,0.36,9,0.36,0,267
12482,2,1,11.720483,0.48,12,0.48,0,267
12483,1,0,0.0,0.48,12,0.48,0,267
12484,1,0,0.0,0.48,12,0.48,0,267
12485,1,0,0.0,0.48,12,0.48,0,267
12486,1,0,0.0,0.48,12,0.48,0,267
12487,1,0,0.0,0.48,12,0.48,0,267
12488,1,0,0.0,0.48,12,0.48,0,267
12489,1,0,0.0,0.48,12,0.48,0,267
12490,2,1,11.372195,0.56,14,0.56,0,267
12491,1,0,0.0,0.56,14,0.56,0,267
12492,1,0,0.0,0.56,14,0.56,0,267
12493,2,1,-37.29182,0.72,18,0.72,0,267
12494,2,1,-106.975525,0.84,21,0.84,0,267
12495,1,0,0.0,0.84,21,0.84,0,267
12496,1,0,0.0,0.84,21,0.84,0,267
12497,1,0,0.0,0.84,21,0.84,0,267
12498,1,0,0.0,0.84,21,0.84,1,267
12499,1,0,0.0,0.84,21,0.84,0,267
12500,1,0,0.0,0.84,21,0.84,0,267
12501,1,0,0.0,0.84,21,0.84,0,267
12502,1,0,0.0,0.84,21,0.84,0,267
12503,1,0,0.0,0.84,21,0.84,0,267
12504,1,0,0.0,0.84,21,0.84,0,267
12505,1,0,-1000.0,0.0,0,0.0,0,267
12506,2,1,28.346605,0.2,5,0.2,0,268
12507,2,1,28.22638,0.24,6,0.24,0,268
12508,1,0,0.0,0.24,6,0.24,0,268
12509,1,0,0.0,0.24,6,0.24,0,268
12510,1,0,0.0,0.24,6,0.24,0,268
12511,1,0,0.0,0.24,6,0.24,0,268
12512,2,1,26.773045,0.28,7,0.28,0,268
12513,1,0,0.0,0.28,7,0.28,0,268
12514,2,1,26.436209,0.32,8,0.32,0,268
12515,1,0,0.0,0.32,8,0.32,0,268
12516,1,0,0.0,0.32,8,0.32,0,268
12517,2,1,11.446643,0.44,11,0.44,0,268
12518,2,1,3.1790812,0.56,14,0.56,0,268
12519,1,0,0.0,0.56,14,0.56,0,268
12520,2,1,17.863403,0.6,15,0.6,0,268
12521,1,0,0.0,0.6,15,0.6,0,268
12522,1,0,0.0,0.6,15,0.6,0,268
12523,1,0,0.0,0.6,15,0.6,0,268
12524,1,0,0.0,0.6,15,0.6,0,268
12525,1,0,0.0,0.6,15,0.6,0,268
12526,1,0,0.0,0.6,15,0.6,0,268
12527,1,0,0.0,0.6,15,0.6,1,268
12528,1,0,0.0,0.6,15,0.6,0,268
12529,1,0,0.0,0.6,15,0.6,0,268
12530,1,0,0.0,0.6,15,0.6,0,268
12531,2,1,5.2328906,0.64,16,0.64,0,268
12532,1,0,0.0,0.64,16,0.64,0,268
12533,1,0,0.0,0.64,16,0.64,0,268
12534,1,0,0.0,0.64,16,0.64,0,268
12535,1,0,0.0,0.64,16,0.64,0,268
12536,2,1,11.796289,0.68,17,0.68,0,268
12537,2,1,4.708553,0.72,18,0.72,0,268
12538,1,0,0.0,0.72,18,0.72,0,268
12539,1,0,0.0,0.72,18,0.72,0,268
12540,1,0,0.0,0.72,18,0.72,0,268
12541,1,0,0.0,0.72,18,0.72,0,268
12542,1,0,0.0,0.72,18,0.72,0,268
12543,1,0,0.0,0.72,18,0.72,0,268
12544,1,0,0.0,0.72,18,0.72,0,268
12545,1,0,0.0,0.72,18,0.72,0,268
12546,1,0,0.0,0.72,18,0.72,0,268
12547,2,1,-44.665337,0.8,20,0.8,0,268
12548,1,0,0.0,0.8,20,0.8,0,268
12549,1,0,0.0,0.8,20,0.8,0,268
12550,1,0,0.0,0.8,20,0.8,0,268
12551,1,0,0.0,0.8,20,0.8,0,268
12552,1,0,0.0,0.8,20,0.8,0,268
12553,1,0,0.0,0.8,20,0.8,0,268
12554,1,0,0.0,0.8,20,0.8,0,268
12555,1,0,0.0,0.8,20,0.8,0,268
12556,2,1,-35.053074,0.84,21,0.84,1,268
12557,1,0,0.0,0.84,21,0.84,0,268
12558,1,0,0.0,0.84,21,0.84,0,268
12559,2,1,-286.4623,0.92,23,0.92,0,268
12560,1,0,0.0,0.92,23,0.92,0,268
12561,1,0,0.0,0.92,23,0.92,0,268
12562,1,0,0.0,0.92,23,0.92,0,268
12563,1,0,0.0,0.92,23,0.92,0,268
12564,1,0,0.0,0.92,23,0.92,0,268
12565,1,0,0.0,0.92,23,0.92,1,268
12566,1,0,0.0,0.92,23,0.92,0,268
12567,1,0,0.0,0.92,23,0.92,0,268
12568,1,0,0.0,0.92,23,0.92,0,268
12569,1,0,0.0,0.92,23,0.92,1,268
12570,2,1,27.45138,1.0,25,1.0,0,268
12571,1,0,-1000.0,0.0,0,0.0,0,268
12572,2,1,28.364332,0.2,5,0.2,0,269
12573,2,1,-4.278687,0.24,6,0.24,0,269
12574,2,1,-4.515744,0.28,7,0.28,0,269
12575,2,1,-4.847804,0.32,8,0.32,0,269
12576,1,0,0.0,0.32,8,0.32,0,269
12577,2,1,21.641457,0.4,10,0.4,0,269
12578,1,0,0.0,0.4,10,0.4,0,269
12579,1,0,0.0,0.4,10,0.4,0,269
12580,1,0,0.0,0.4,10,0.4,0,269
12581,2,1,-6.520649,0.44,11,0.44,0,269
12582,1,0,0.0,0.44,11,0.44,0,269
12583,1,0,0.0,0.44,11,0.44,0,269
12584,1,0,0.0,0.44,11,0.44,0,269
12585,1,0,0.0,0.44,11,0.44,0,269
12586,1,0,0.0,0.44,11,0.44,0,269
12587,1,0,0.0,0.44,11,0.44,0,269
12588,1,0,0.0,0.44,11,0.44,0,269
12589,1,0,0.0,0.44,11,0.44,0,269
12590,1,0,0.0,0.44,11,0.44,0,269
12591,1,0,0.0,0.44,11,0.44,1,269
12592,1,0,-1000.0,0.0,0,0.0,0,269
12593,2,1,-4.1406527,0.2,5,0.2,0,270
12594,1,0,0.0,0.2,5,0.2,0,270
12595,2,1,28.208652,0.24,6,0.24,0,270
12596,1,0,0.0,0.24,6,0.24,0,270
12597,1,0,0.0,0.24,6,0.24,0,270
12598,2,1,23.39962,0.32,8,0.32,0,270
12599,1,0,0.0,0.32,8,0.32,1,270
12600,2,1,25.964912,0.36,9,0.36,0,270
12601,1,0,0.0,0.36,9,0.36,0,270
12602,1,0,0.0,0.36,9,0.36,0,270
12603,1,0,0.0,0.36,9,0.36,0,270
12604,1,0,0.0,0.36,9,0.36,0,270
12605,1,0,0.0,0.36,9,0.36,0,270
12606,1,0,0.0,0.36,9,0.36,0,270
12607,2,1,22.097937,0.4,10,0.4,0,270
12608,1,0,0.0,0.4,10,0.4,0,270
12609,1,0,0.0,0.4,10,0.4,0,270
12610,1,0,0.0,0.4,10,0.4,0,270
12611,2,1,21.977612,0.44,11,0.44,0,270
12612,1,0,0.0,0.44,11,0.44,0,270
12613,1,0,0.0,0.44,11,0.44,0,270
12614,2,1,17.858255,0.48,12,0.48,0,270
12615,1,0,0.0,0.48,12,0.48,0,270
12616,1,0,0.0,0.48,12,0.48,0,270
12617,1,0,0.0,0.48,12,0.48,0,270
12618,2,1,21.108187,0.52,13,0.52,1,270
12619,1,0,0.0,0.52,13,0.52,0,270
12620,1,0,0.0,0.52,13,0.52,0,270
12621,1,0,0.0,0.52,13,0.52,0,270
12622,1,0,0.0,0.52,13,0.52,0,270
12623,1,0,0.0,0.52,13,0.52,0,270
12624,1,0,0.0,0.52,13,0.52,0,270
12625,2,1,19.674593,0.56,14,0.56,0,270
12626,1,0,0.0,0.56,14,0.56,0,270
12627,1,0,0.0,0.56,14,0.56,0,270
12628,1,0,0.0,0.56,14,0.56,0,270
12629,2,1,15.924174,0.6,15,0.6,0,270
12630,1,0,0.0,0.6,15,0.6,0,270
12631,1,0,0.0,0.6,15,0.6,0,270
12632,1,0,0.0,0.6,15,0.6,0,270
12633,2,1,-25.641945,0.72,18,0.72,0,270
12634,2,1,-48.768898,0.8,20,0.8,0,270
12635,1,0,0.0,0.8,20,0.8,0,270
12636,1,0,0.0,0.8,20,0.8,0,270
12637,1,0,0.0,0.8,20,0.8,0,270
12638,1,0,0.0,0.8,20,0.8,1,270
12639,1,0,0.0,0.8,20,0.8,0,270
12640,1,0,0.0,0.8,20,0.8,0,270
12641,1,0,0.0,0.8,20,0.8,1,270
12642,1,0,0.0,0.8,20,0.8,0,270
12643,1,0,0.0,0.8,20,0.8,0,270
12644,1,0,0.0,0.8,20,0.8,0,270
12645,2,1,-35.58382,0.84,21,0.84,0,270
12646,1,0,0.0,0.84,21,0.84,0,270
12647,2,1,-286.6271,0.92,23,0.92,0,270
12648,1,0,0.0,0.92,23,0.92,0,270
12649,1,0,0.0,0.92,23,0.92,0,270
12650,1,0,0.0,0.92,23,0.92,0,270
12651,1,0,0.0,0.92,23,0.92,0,270
12652,1,0,0.0,0.92,23,0.92,0,270
12653,1,0,0.0,0.92,23,0.92,0,270
12654,1,0,0.0,0.92,23,0.92,0,270
12655,1,0,0.0,0.92,23,0.92,0,270
12656,1,0,0.0,0.92,23,0.92,0,270
12657,1,0,0.0,0.92,23,0.92,0,270
12658,1,0,-1000.0,0.0,0,0.0,0,270
12659,1,0,0.0,0.16,4,0.16,0,271
12660,2,1,28.346605,0.2,5,0.2,0,271
12661,2,1,19.461393,0.28,7,0.28,0,271
12662,2,1,22.635555,0.36,9,0.36,0,271
12663,1,0,0.0,0.36,9,0.36,0,271
12664,1,0,0.0,0.36,9,0.36,0,271
12665,1,0,0.0,0.36,9,0.36,0,271
12666,2,1,-5.8295894,0.4,10,0.4,1,271
12667,2,1,9.014029,0.52,13,0.52,0,271
12668,1,0,0.0,0.52,13,0.52,0,271
12669,1,0,0.0,0.52,13,0.52,0,271
12670,1,0,0.0,0.52,13,0.52,0,271
12671,1,0,0.0,0.52,13,0.52,0,271
12672,1,0,0.0,0.52,13,0.52,0,271
12673,1,0,0.0,0.52,13,0.52,0,271
12674,1,0,0.0,0.52,13,0.52,0,271
12675,1,0,0.0,0.52,13,0.52,0,271
12676,1,0,0.0,0.52,13,0.52,0,271
12677,1,0,0.0,0.52,13,0.52,0,271
12678,0,-1,-0.22270875,0.52,13,0.52,0,271
12679,1,0,0.0,0.52,13,0.52,0,271
12680,1,0,0.0,0.52,13,0.52,0,271
12681,1,0,0.0,0.52,13,0.52,0,271
12682,1,0,0.0,0.52,13,0.52,0,271
12683,2,1,7.9255824,0.6,15,0.6,0,271
12684,1,0,0.0,0.6,15,0.6,0,271
12685,2,1,-25.961102,0.72,18,0.72,0,271
12686,1,0,0.0,0.72,18,0.72,0,271
12687,2,1,-2.6923044,0.76,19,0.76,0,271
12688,1,0,0.0,0.76,19,0.76,0,271
12689,1,0,0.0,0.76,19,0.76,1,271
12690,1,0,0.0,0.76,19,0.76,0,271
12691,1,0,0.0,0.76,19,0.76,0,271
12692,1,0,0.0,0.76,19,0.76,0,271
12693,1,0,0.0,0.76,19,0.76,0,271
12694,1,0,0.0,0.76,19,0.76,0,271
12695,1,0,0.0,0.76,19,0.76,1,271
12696,1,0,0.0,0.76,19,0.76,0,271
12697,1,0,0.0,0.76,19,0.76,0,271
12698,2,1,-13.665482,0.8,20,0.8,0,271
12699,1,0,0.0,0.8,20,0.8,0,271
12700,1,0,0.0,0.8,20,0.8,0,271
12701,1,0,0.0,0.8,20,0.8,0,271
12702,1,0,0.0,0.8,20,0.8,0,271
12703,1,0,0.0,0.8,20,0.8,0,271
12704,1,0,0.0,0.8,20,0.8,0,271
12705,1,0,0.0,0.8,20,0.8,0,271
12706,1,0,0.0,0.8,20,0.8,0,271
12707,1,0,0.0,0.8,20,0.8,0,271
12708,1,0,0.0,0.8,20,0.8,0,271
12709,1,0,-1000.0,0.0,0,0.0,0,271
12710,1,0,0.0,0.16,4,0.16,0,272
12711,2,1,28.346605,0.2,5,0.2,0,272
12712,2,1,-4.278687,0.24,6,0.24,0,272
12713,2,1,-4.516252,0.28,7,0.28,0,272
12714,2,1,18.128635,0.36,9,0.36,0,272
12715,1,0,0.0,0.36,9,0.36,1,272
12716,1,0,0.0,0.36,9,0.36,0,272
12717,1,0,0.0,0.36,9,0.36,0,272
12718,1,0,0.0,0.36,9,0.36,0,272
12719,2,1,8.331578,0.44,11,0.44,0,272
12720,2,1,25.121323,0.48,12,0.48,0,272
12721,1,0,0.0,0.48,12,0.48,0,272
12722,1,0,0.0,0.48,12,0.48,0,272
12723,1,0,0.0,0.48,12,0.48,0,272
12724,1,0,0.0,0.48,12,0.48,0,272
12725,1,0,0.0,0.48,12,0.48,0,272
12726,1,0,0.0,0.48,12,0.48,0,272
12727,2,1,18.11924,0.52,13,0.52,0,272
12728,1,0,0.0,0.52,13,0.52,0,272
12729,1,0,0.0,0.52,13,0.52,0,272
12730,1,0,0.0,0.52,13,0.52,1,272
12731,2,1,21.312971,0.56,14,0.56,0,272
12732,1,0,0.0,0.56,14,0.56,0,272
12733,2,1,14.604676,0.6,15,0.6,0,272
12734,2,1,-0.64738154,0.68,17,0.68,1,272
12735,1,0,0.0,0.68,17,0.68,0,272
12736,1,0,0.0,0.68,17,0.68,0,272
12737,1,0,0.0,0.68,17,0.68,0,272
12738,2,1,-65.59294,0.8,20,0.8,0,272
12739,1,0,0.0,0.8,20,0.8,0,272
12740,1,0,0.0,0.8,20,0.8,0,272
12741,1,0,0.0,0.8,20,0.8,0,272
12742,1,0,0.0,0.8,20,0.8,0,272
12743,1,0,0.0,0.8,20,0.8,0,272
12744,1,0,0.0,0.8,20,0.8,0,272
12745,1,0,0.0,0.8,20,0.8,0,272
12746,1,0,0.0,0.8,20,0.8,0,272
12747,1,0,0.0,0.8,20,0.8,0,272
12748,1,0,0.0,0.8,20,0.8,0,272
12749,1,0,-1000.0,0.0,0,0.0,0,272
12750,2,1,28.346605,0.2,5,0.2,0,273
12751,2,1,28.22638,0.24,6,0.24,0,273
12752,2,1,26.773045,0.28,7,0.28,0,273
12753,2,1,26.436209,0.32,8,0.32,0,273
12754,2,1,24.369835,0.36,9,0.36,0,273
12755,2,1,17.443815,0.44,11,0.44,0,273
12756,1,0,0.0,0.44,11,0.44,1,273
12757,2,1,-8.3609705,0.6,15,0.6,0,273
12758,1,0,0.0,0.6,15,0.6,0,273
12759,1,0,0.0,0.6,15,0.6,0,273
12760,1,0,0.0,0.6,15,0.6,0,273
12761,2,1,-4.2380843,0.68,17,0.68,0,273
12762,2,1,-232.82423,0.88,22,0.88,0,273
12763,1,0,0.0,0.88,22,0.88,0,273
12764,1,0,0.0,0.88,22,0.88,0,273
12765,1,0,0.0,0.88,22,0.88,0,273
12766,1,0,0.0,0.88,22,0.88,0,273
12767,1,0,0.0,0.88,22,0.88,0,273
12768,1,0,0.0,0.88,22,0.88,0,273
12769,1,0,0.0,0.88,22,0.88,0,273
12770,1,0,0.0,0.88,22,0.88,0,273
12771,1,0,0.0,0.88,22,0.88,0,273
12772,1,0,0.0,0.88,22,0.88,0,273
12773,1,0,-1000.0,0.0,0,0.0,0,273
12774,2,1,28.346605,0.2,5,0.2,0,274
12775,2,1,19.461393,0.28,7,0.28,0,274
12776,2,1,-4.847297,0.32,8,0.32,0,274
12777,1,0,0.0,0.32,8,0.32,0,274
12778,2,1,21.653898,0.4,10,0.4,0,274
12779,1,0,0.0,0.4,10,0.4,0,274
12780,1,0,0.0,0.4,10,0.4,0,274
12781,1,0,0.0,0.4,10,0.4,0,274
12782,1,0,0.0,0.4,10,0.4,0,274
12783,2,1,17.554182,0.48,12,0.48,0,274
12784,1,0,0.0,0.48,12,0.48,0,274
12785,1,0,0.0,0.48,12,0.48,0,274
12786,1,0,0.0,0.48,12,0.48,0,274
12787,1,0,0.0,0.48,12,0.48,0,274
12788,2,1,11.373928,0.56,14,0.56,1,274
12789,1,0,0.0,0.56,14,0.56,0,274
12790,1,0,0.0,0.56,14,0.56,0,274
12791,1,0,0.0,0.56,14,0.56,0,274
12792,1,0,0.0,0.56,14,0.56,0,274
12793,2,1,15.85328,0.6,15,0.6,0,274
12794,2,1,-25.90647,0.72,18,0.72,0,274
12795,1,0,0.0,0.72,18,0.72,0,274
12796,1,0,0.0,0.72,18,0.72,0,274
12797,1,0,0.0,0.72,18,0.72,1,274
12798,1,0,0.0,0.72,18,0.72,1,274
12799,1,0,0.0,0.72,18,0.72,0,274
12800,1,0,0.0,0.72,18,0.72,0,274
12801,1,0,0.0,0.72,18,0.72,0,274
12802,1,0,0.0,0.72,18,0.72,0,274
12803,1,0,0.0,0.72,18,0.72,0,274
12804,1,0,0.0,0.72,18,0.72,1,274
12805,1,0,-1000.0,0.0,0,0.0,0,274
12806,2,1,28.346605,0.2,5,0.2,0,275
12807,2,1,28.22638,0.24,6,0.24,0,275
12808,2,1,18.8927,0.32,8,0.32,0,275
12809,1,0,0.0,0.32,8,0.32,0,275
12810,1,0,0.0,0.32,8,0.32,0,275
12811,1,0,0.0,0.32,8,0.32,0,275
12812,1,0,0.0,0.32,8,0.32,0,275
12813,1,0,0.0,0.32,8,0.32,0,275
12814,1,0,0.0,0.32,8,0.32,0,275
12815,2,1,20.179146,0.4,10,0.4,0,275
12816,1,0,0.0,0.4,10,0.4,0,275
12817,1,0,0.0,0.4,10,0.4,0,275
12818,1,0,0.0,0.4,10,0.4,0,275
12819,1,0,0.0,0.4,10,0.4,0,275
12820,1,0,0.0,0.4,10,0.4,0,275
12821,2,1,24.768646,0.44,11,0.44,0,275
12822,1,0,0.0,0.44,11,0.44,0,275
12823,2,1,-7.391858,0.48,12,0.48,0,275
12824,1,0,0.0,0.48,12,0.48,0,275
12825,1,0,0.0,0.48,12,0.48,0,275
12826,1,0,0.0,0.48,12,0.48,0,275
12827,1,0,0.0,0.48,12,0.48,0,275
12828,2,1,21.152006,0.52,13,0.52,0,275
12829,1,0,0.0,0.52,13,0.52,0,275
12830,2,1,-7.0041533,0.64,16,0.64,0,275
12831,1,0,0.0,0.64,16,0.64,0,275
12832,1,0,0.0,0.64,16,0.64,0,275
12833,0,-1,-11.717475,0.6,15,0.6,0,275
12834,1,0,0.0,0.6,15,0.6,0,275
12835,1,0,0.0,0.6,15,0.6,1,275
12836,1,0,0.0,0.6,15,0.6,0,275
12837,1,0,0.0,0.6,15,0.6,0,275
12838,1,0,0.0,0.6,15,0.6,0,275
12839,1,0,0.0,0.6,15,0.6,0,275
12840,1,0,0.0,0.6,15,0.6,0,275
12841,1,0,0.0,0.6,15,0.6,0,275
12842,1,0,0.0,0.6,15,0.6,0,275
12843,1,0,0.0,0.6,15,0.6,0,275
12844,1,0,-1000.0,0.0,0,0.0,0,275
12845,2,1,28.346605,0.2,5,0.2,0,276
12846,2,1,-4.278605,0.24,6,0.24,0,276
12847,2,1,18.8927,0.32,8,0.32,0,276
12848,2,1,27.225174,0.36,9,0.36,0,276
12849,1,0,0.0,0.36,9,0.36,0,276
12850,1,0,0.0,0.36,9,0.36,0,276
12851,1,0,0.0,0.36,9,0.36,0,276
12852,2,1,25.459835,0.4,10,0.4,0,276
12853,1,0,0.0,0.4,10,0.4,0,276
12854,2,1,15.078595,0.48,12,0.48,0,276
12855,1,0,0.0,0.48,12,0.48,1,276
12856,1,0,0.0,0.48,12,0.48,0,276
12857,1,0,0.0,0.48,12,0.48,0,276
12858,0,-1,-25.089266,0.48,12,0.48,0,276
12859,1,0,0.0,0.48,12,0.48,0,276
12860,1,0,0.0,0.48,12,0.48,0,276
12861,1,0,0.0,0.48,12,0.48,0,276
12862,1,0,0.0,0.48,12,0.48,0,276
12863,1,0,0.0,0.48,12,0.48,0,276
12864,1,0,0.0,0.48,12,0.48,0,276
12865,2,1,17.692541,0.52,13,0.52,0,276
12866,1,0,0.0,0.52,13,0.52,0,276
12867,1,0,0.0,0.52,13,0.52,0,276
12868,1,0,0.0,0.52,13,0.52,1,276
12869,1,0,0.0,0.52,13,0.52,0,276
12870,1,0,0.0,0.52,13,0.52,0,276
12871,1,0,0.0,0.52,13,0.52,0,276
12872,1,0,0.0,0.52,13,0.52,0,276
12873,1,0,0.0,0.52,13,0.52,1,276
12874,1,0,0.0,0.52,13,0.52,0,276
12875,1,0,0.0,0.52,13,0.52,0,276
12876,1,0,-1000.0,0.0,0,0.0,0,276
12877,2,1,-4.1406527,0.2,5,0.2,0,277
12878,2,1,23.70996,0.28,7,0.28,0,277
12879,2,1,27.639961,0.32,8,0.32,0,277
12880,2,1,26.003696,0.36,9,0.36,0,277
12881,1,0,0.0,0.36,9,0.36,0,277
12882,1,0,0.0,0.36,9,0.36,0,277
12883,2,1,9.33523,0.48,12,0.48,0,277
12884,1,0,0.0,0.48,12,0.48,0,277
12885,1,0,0.0,0.48,12,0.48,0,277
12886,1,0,0.0,0.48,12,0.48,0,277
12887,2,1,8.242303,0.56,14,0.56,0,277
12888,1,0,0.0,0.56,14,0.56,0,277
12889,1,0,0.0,0.56,14,0.56,0,277
12890,1,0,0.0,0.56,14,0.56,0,277
12891,1,0,0.0,0.56,14,0.56,0,277
12892,1,0,0.0,0.56,14,0.56,0,277
12893,1,0,0.0,0.56,14,0.56,0,277
12894,1,0,0.0,0.56,14,0.56,0,277
12895,1,0,0.0,0.56,14,0.56,0,277
12896,1,0,0.0,0.56,14,0.56,0,277
12897,2,1,19.502546,0.6,15,0.6,1,277
12898,1,0,0.0,0.6,15,0.6,0,277
12899,0,-1,-11.932444,0.56,14,0.56,0,277
12900,1,0,0.0,0.56,14,0.56,0,277
12901,1,0,0.0,0.56,14,0.56,0,277
12902,1,0,0.0,0.56,14,0.56,0,277
12903,1,0,0.0,0.56,14,0.56,0,277
12904,2,1,17.839312,0.6,15,0.6,0,277
12905,1,0,0.0,0.6,15,0.6,0,277
12906,1,0,0.0,0.6,15,0.6,0,277
12907,1,0,0.0,0.6,15,0.6,0,277
12908,1,0,0.0,0.6,15,0.6,0,277
12909,1,0,0.0,0.6,15,0.6,0,277
12910,1,0,0.0,0.6,15,0.6,0,277
12911,1,0,0.0,0.6,15,0.6,0,277
12912,1,0,0.0,0.6,15,0.6,0,277
12913,1,0,0.0,0.6,15,0.6,0,277
12914,1,0,0.0,0.6,15,0.6,0,277
12915,2,1,13.740857,0.64,16,0.64,0,277
12916,1,0,0.0,0.64,16,0.64,0,277
12917,1,0,0.0,0.64,16,0.64,0,277
12918,1,0,0.0,0.64,16,0.64,0,277
12919,2,1,-10.639663,0.72,18,0.72,0,277
12920,1,0,0.0,0.72,18,0.72,1,277
12921,1,0,0.0,0.72,18,0.72,0,277
12922,1,0,0.0,0.72,18,0.72,0,277
12923,1,0,0.0,0.72,18,0.72,0,277
12924,1,0,0.0,0.72,18,0.72,0,277
12925,1,0,0.0,0.72,18,0.72,0,277
12926,1,0,0.0,0.72,18,0.72,0,277
12927,1,0,0.0,0.72,18,0.72,0,277
12928,1,0,0.0,0.72,18,0.72,0,277
12929,1,0,0.0,0.72,18,0.72,0,277
12930,1,0,-1000.0,0.0,0,0.0,0,277
12931,2,1,28.364332,0.2,5,0.2,0,278
12932,2,1,-4.278605,0.24,6,0.24,0,278
12933,1,0,0.0,0.24,6,0.24,0,278
12934,2,1,23.38718,0.32,8,0.32,0,278
12935,1,0,0.0,0.32,8,0.32,0,278
12936,1,0,0.0,0.32,8,0.32,0,278
12937,1,0,0.0,0.32,8,0.32,0,278
12938,1,0,0.0,0.32,8,0.32,0,278
12939,1,0,0.0,0.32,8,0.32,0,278
12940,2,1,20.35271,0.4,10,0.4,0,278
12941,1,0,0.0,0.4,10,0.4,0,278
12942,2,1,15.879813,0.48,12,0.48,0,278
12943,1,0,0.0,0.48,12,0.48,0,278
12944,0,-1,-0.0,0.48,12,0.48,0,278
12945,1,0,0.0,0.48,12,0.48,0,278
12946,2,1,-1.041458,0.6,15,0.6,0,278
12947,2,1,-4.1228642,0.68,17,0.68,0,278
12948,1,0,0.0,0.68,17,0.68,0,278
12949,1,0,0.0,0.68,17,0.68,0,278
12950,1,0,0.0,0.68,17,0.68,0,278
12951,1,0,0.0,0.68,17,0.68,0,278
12952,1,0,0.0,0.68,17,0.68,0,278
12953,1,0,0.0,0.68,17,0.68,0,278
12954,1,0,0.0,0.68,17,0.68,0,278
12955,1,0,0.0,0.68,17,0.68,0,278
12956,2,1,-26.864845,0.76,19,0.76,0,278
12957,1,0,0.0,0.76,19,0.76,1,278
12958,1,0,0.0,0.76,19,0.76,0,278
12959,1,0,0.0,0.76,19,0.76,0,278
12960,1,0,0.0,0.76,19,0.76,0,278
12961,1,0,0.0,0.76,19,0.76,0,278
12962,1,0,0.0,0.76,19,0.76,0,278
12963,2,1,-80.32811,0.84,21,0.84,0,278
12964,1,0,0.0,0.84,21,0.84,0,278
12965,1,0,0.0,0.84,21,0.84,0,278
12966,1,0,0.0,0.84,21,0.84,0,278
12967,1,0,0.0,0.84,21,0.84,0,278
12968,1,0,0.0,0.84,21,0.84,0,278
12969,1,0,0.0,0.84,21,0.84,0,278
12970,1,0,0.0,0.84,21,0.84,0,278
12971,1,0,0.0,0.84,21,0.84,0,278
12972,1,0,0.0,0.84,21,0.84,0,278
12973,1,0,0.0,0.84,21,0.84,0,278
12974,1,0,-1000.0,0.0,0,0.0,0,278
12975,2,1,28.364332,0.2,5,0.2,0,279
12976,1,0,0.0,0.2,5,0.2,0,279
12977,2,1,28.208652,0.24,6,0.24,0,279
12978,0,-1,-0.0,0.24,6,0.24,0,279
12979,1,0,0.0,0.24,6,0.24,0,279
12980,1,0,0.0,0.24,6,0.24,0,279
12981,1,0,0.0,0.24,6,0.24,0,279
12982,2,1,18.678572,0.32,8,0.32,0,279
12983,1,0,0.0,0.32,8,0.32,0,279
12984,1,0,0.0,0.32,8,0.32,0,279
12985,2,1,26.008978,0.36,9,0.36,0,279
12986,1,0,0.0,0.36,9,0.36,0,279
12987,1,0,0.0,0.36,9,0.36,0,279
12988,2,1,22.671667,0.4,10,0.4,0,279
12989,1,0,0.0,0.4,10,0.4,0,279
12990,2,1,24.763365,0.44,11,0.44,0,279
12991,1,0,0.0,0.44,11,0.44,0,279
12992,1,0,0.0,0.44,11,0.44,0,279
12993,1,0,0.0,0.44,11,0.44,0,279
12994,1,0,0.0,0.44,11,0.44,0,279
12995,2,1,22.260569,0.48,12,0.48,0,279
12996,2,1,17.642029,0.52,13,0.52,0,279
12997,2,1,8.083592,0.6,15,0.6,0,279
12998,1,0,0.0,0.6,15,0.6,0,279
12999,1,0,0.0,0.6,15,0.6,0,279
13000,1,0,0.0,0.6,15,0.6,0,279
13001,1,0,0.0,0.6,15,0.6,0,279
13002,1,0,0.0,0.6,15,0.6,1,279
13003,1,0,0.0,0.6,15,0.6,0,279
13004,1,0,0.0,0.6,15,0.6,0,279
13005,1,0,0.0,0.6,15,0.6,0,279
13006,1,0,0.0,0.6,15,0.6,0,279
13007,1,0,0.0,0.6,15,0.6,0,279
13008,1,0,-1000.0,0.0,0,0.0,0,279
13009,2,1,28.346605,0.2,5,0.2,0,280
13010,1,0,0.0,0.2,5,0.2,0,280
13011,1,0,0.0,0.2,5,0.2,0,280
13012,2,1,-4.278687,0.24,6,0.24,0,280
13013,1,0,0.0,0.24,6,0.24,0,280
13014,1,0,0.0,0.24,6,0.24,0,280
13015,2,1,27.98924,0.28,7,0.28,0,280
13016,2,1,26.441492,0.32,8,0.32,0,280
13017,1,0,0.0,0.32,8,0.32,0,280
13018,2,1,-5.280318,0.36,9,0.36,0,280
13019,1,0,0.0,0.36,9,0.36,0,280
13020,1,0,0.0,0.36,9,0.36,0,280
13021,2,1,22.427462,0.4,10,0.4,0,280
13022,2,1,17.550112,0.48,12,0.48,0,280
13023,1,0,0.0,0.48,12,0.48,0,280
13024,1,0,0.0,0.48,12,0.48,0,280
13025,2,1,-8.49764,0.52,13,0.52,0,280
13026,1,0,0.0,0.52,13,0.52,0,280
13027,1,0,0.0,0.52,13,0.52,1,280
13028,1,0,0.0,0.52,13,0.52,0,280
13029,1,0,0.0,0.52,13,0.52,0,280
13030,1,0,0.0,0.52,13,0.52,0,280
13031,1,0,0.0,0.52,13,0.52,0,280
13032,1,0,0.0,0.52,13,0.52,0,280
13033,2,1,8.099465,0.6,15,0.6,0,280
13034,1,0,0.0,0.6,15,0.6,0,280
13035,1,0,0.0,0.6,15,0.6,0,280
13036,1,0,0.0,0.6,15,0.6,0,280
13037,1,0,0.0,0.6,15,0.6,0,280
13038,1,0,0.0,0.6,15,0.6,0,280
13039,1,0,0.0,0.6,15,0.6,0,280
13040,1,0,0.0,0.6,15,0.6,0,280
13041,1,0,0.0,0.6,15,0.6,0,280
13042,1,0,0.0,0.6,15,0.6,0,280
13043,1,0,0.0,0.6,15,0.6,0,280
13044,1,0,-1000.0,0.0,0,0.0,0,280
13045,2,1,28.346605,0.2,5,0.2,0,281
13046,2,1,19.461393,0.28,7,0.28,0,281
13047,2,1,-4.847297,0.32,8,0.32,0,281
13048,1,0,0.0,0.32,8,0.32,0,281
13049,2,1,21.653898,0.4,10,0.4,0,281
13050,1,0,0.0,0.4,10,0.4,0,281
13051,1,0,0.0,0.4,10,0.4,0,281
13052,2,1,17.554182,0.48,12,0.48,0,281
13053,1,0,0.0,0.48,12,0.48,0,281
13054,1,0,0.0,0.48,12,0.48,0,281
13055,2,1,10.570977,0.56,14,0.56,0,281
13056,1,0,0.0,0.56,14,0.56,0,281
13057,1,0,0.0,0.56,14,0.56,0,281
13058,1,0,0.0,0.56,14,0.56,0,281
13059,1,0,0.0,0.56,14,0.56,0,281
13060,1,0,0.0,0.56,14,0.56,0,281
13061,1,0,0.0,0.56,14,0.56,0,281
13062,1,0,0.0,0.56,14,0.56,0,281
13063,1,0,0.0,0.56,14,0.56,0,281
13064,2,1,2.6954784,0.64,16,0.64,0,281
13065,1,0,0.0,0.64,16,0.64,0,281
13066,1,0,0.0,0.64,16,0.64,0,281
13067,1,0,0.0,0.64,16,0.64,0,281
13068,1,0,0.0,0.64,16,0.64,1,281
13069,1,0,0.0,0.64,16,0.64,0,281
13070,1,0,0.0,0.64,16,0.64,0,281
13071,1,0,0.0,0.64,16,0.64,0,281
13072,1,0,0.0,0.64,16,0.64,0,281
13073,1,0,0.0,0.64,16,0.64,0,281
13074,1,0,0.0,0.64,16,0.64,0,281
13075,1,0,-1000.0,0.0,0,0.0,0,281
13076,2,1,28.346605,0.2,5,0.2,0,282
13077,1,0,0.0,0.2,5,0.2,0,282
13078,2,1,23.968313,0.28,7,0.28,0,282
13079,2,1,18.128635,0.36,9,0.36,0,282
13080,2,1,14.210863,0.44,11,0.44,1,282
13081,1,0,0.0,0.44,11,0.44,0,282
13082,2,1,15.571666,0.52,13,0.52,0,282
13083,2,1,19.69573,0.56,14,0.56,0,282
13084,1,0,0.0,0.56,14,0.56,0,282
13085,1,0,0.0,0.56,14,0.56,0,282
13086,1,0,0.0,0.56,14,0.56,0,282
13087,1,0,0.0,0.56,14,0.56,0,282
13088,2,1,15.907576,0.6,15,0.6,0,282
13089,1,0,0.0,0.6,15,0.6,0,282
13090,1,0,0.0,0.6,15,0.6,0,282
13091,1,0,0.0,0.6,15,0.6,0,282
13092,1,0,0.0,0.6,15,0.6,0,282
13093,2,1,-4.152077,0.68,17,0.68,0,282
13094,1,0,0.0,0.68,17,0.68,0,282
13095,2,1,-26.894157,0.76,19,0.76,0,282
13096,1,0,0.0,0.76,19,0.76,0,282
13097,1,0,0.0,0.76,19,0.76,0,282
13098,1,0,0.0,0.76,19,0.76,1,282
13099,1,0,0.0,0.76,19,0.76,0,282
13100,1,0,0.0,0.76,19,0.76,0,282
13101,1,0,0.0,0.76,19,0.76,0,282
13102,1,0,0.0,0.76,19,0.76,1,282
13103,1,0,0.0,0.76,19,0.76,0,282
13104,1,0,0.0,0.76,19,0.76,0,282
13105,1,0,0.0,0.76,19,0.76,0,282
13106,1,0,-1000.0,0.0,0,0.0,0,282
13107,1,0,0.0,0.16,4,0.16,0,283
13108,2,1,28.364332,0.2,5,0.2,0,283
13109,2,1,19.247265,0.28,7,0.28,0,283
13110,1,0,0.0,0.28,7,0.28,0,283
13111,2,1,22.623116,0.36,9,0.36,0,283
13112,1,0,0.0,0.36,9,0.36,0,283
13113,1,0,0.0,0.36,9,0.36,0,283
13114,1,0,0.0,0.36,9,0.36,0,283
13115,1,0,0.0,0.36,9,0.36,0,283
13116,1,0,0.0,0.36,9,0.36,0,283
13117,1,0,0.0,0.36,9,0.36,0,283
13118,1,0,0.0,0.36,9,0.36,0,283
13119,2,1,15.906646,0.44,11,0.44,0,283
13120,1,0,0.0,0.44,11,0.44,0,283
13121,1,0,0.0,0.44,11,0.44,0,283
13122,1,0,0.0,0.44,11,0.44,1,283
13123,1,0,0.0,0.44,11,0.44,0,283
13124,1,0,0.0,0.44,11,0.44,0,283
13125,1,0,0.0,0.44,11,0.44,0,283
13126,2,1,21.136433,0.48,12,0.48,0,283
13127,1,0,0.0,0.48,12,0.48,0,283
13128,2,1,22.731747,0.52,13,0.52,0,283
13129,1,0,0.0,0.52,13,0.52,0,283
13130,1,0,0.0,0.52,13,0.52,1,283
13131,2,1,16.32217,0.56,14,0.56,0,283
13132,1,0,0.0,0.56,14,0.56,0,283
13133,1,0,0.0,0.56,14,0.56,0,283
13134,1,0,0.0,0.56,14,0.56,0,283
13135,1,0,0.0,0.56,14,0.56,0,283
13136,2,1,18.175076,0.6,15,0.6,0,283
13137,2,1,-2.2210646,0.68,17,0.68,0,283
13138,1,0,0.0,0.68,17,0.68,0,283
13139,1,0,0.0,0.68,17,0.68,0,283
13140,1,0,0.0,0.68,17,0.68,0,283
13141,1,0,0.0,0.68,17,0.68,0,283
13142,1,0,0.0,0.68,17,0.68,1,283
13143,1,0,0.0,0.68,17,0.68,0,283
13144,2,1,-24.22639,0.76,19,0.76,0,283
13145,1,0,0.0,0.76,19,0.76,0,283
13146,1,0,0.0,0.76,19,0.76,0,283
13147,1,0,0.0,0.76,19,0.76,0,283
13148,1,0,0.0,0.76,19,0.76,0,283
13149,2,1,-77.75113,0.84,21,0.84,0,283
13150,1,0,0.0,0.84,21,0.84,0,283
13151,1,0,0.0,0.84,21,0.84,0,283
13152,1,0,0.0,0.84,21,0.84,0,283
13153,2,1,-284.4301,0.92,23,0.92,0,283
13154,1,0,0.0,0.92,23,0.92,0,283
13155,2,1,-1000.0,0.0,0,0.0,0,283
13156,2,1,28.364332,0.2,5,0.2,1,284
13157,1,0,0.0,0.2,5,0.2,0,284
13158,1,0,0.0,0.2,5,0.2,0,284
13159,1,0,0.0,0.2,5,0.2,0,284
13160,1,0,0.0,0.2,5,0.2,0,284
13161,1,0,0.0,0.2,5,0.2,0,284
13162,2,1,23.855509,0.28,7,0.28,0,284
13163,2,1,13.163761,0.4,10,0.4,0,284
13164,2,1,24.653002,0.44,11,0.44,0,284
13165,2,1,21.514233,0.48,12,0.48,0,284
13166,1,0,0.0,0.48,12,0.48,0,284
13167,2,1,8.031218,0.56,14,0.56,0,284
13168,1,0,0.0,0.56,14,0.56,0,284
13169,1,0,0.0,0.56,14,0.56,0,284
13170,1,0,0.0,0.56,14,0.56,0,284
13171,1,0,0.0,0.56,14,0.56,0,284
13172,1,0,0.0,0.56,14,0.56,0,284
13173,1,0,0.0,0.56,14,0.56,0,284
13174,1,0,0.0,0.56,14,0.56,0,284
13175,1,0,0.0,0.56,14,0.56,0,284
13176,2,1,15.5191765,0.6,15,0.6,0,284
13177,1,0,0.0,0.6,15,0.6,0,284
13178,1,0,0.0,0.6,15,0.6,0,284
13179,1,0,0.0,0.6,15,0.6,1,284
13180,1,0,0.0,0.6,15,0.6,0,284
13181,1,0,0.0,0.6,15,0.6,0,284
13182,2,1,-5.8241444,0.68,17,0.68,0,284
13183,1,0,0.0,0.68,17,0.68,0,284
13184,1,0,0.0,0.68,17,0.68,0,284
13185,1,0,0.0,0.68,17,0.68,0,284
13186,1,0,0.0,0.68,17,0.68,0,284
13187,1,0,0.0,0.68,17,0.68,0,284
13188,1,0,0.0,0.68,17,0.68,0,284
13189,1,0,0.0,0.68,17,0.68,1,284
13190,1,0,0.0,0.68,17,0.68,0,284
13191,1,0,0.0,0.68,17,0.68,0,284
13192,1,0,0.0,0.68,17,0.68,0,284
13193,1,0,-1000.0,0.0,0,0.0,0,284
13194,2,1,28.346605,0.2,5,0.2,0,285
13195,1,0,0.0,0.2,5,0.2,0,285
13196,2,1,19.461393,0.28,7,0.28,0,285
13197,1,0,0.0,0.28,7,0.28,0,285
13198,2,1,16.432852,0.36,9,0.36,0,285
13199,1,0,0.0,0.36,9,0.36,0,285
13200,1,0,0.0,0.36,9,0.36,0,285
13201,2,1,-5.828954,0.4,10,0.4,0,285
13202,2,1,18.851297,0.48,12,0.48,0,285
13203,1,0,0.0,0.48,12,0.48,0,285
13204,1,0,0.0,0.48,12,0.48,0,285
13205,1,0,0.0,0.48,12,0.48,0,285
13206,1,0,0.0,0.48,12,0.48,0,285
13207,1,0,0.0,0.48,12,0.48,0,285
13208,1,0,0.0,0.48,12,0.48,0,285
13209,2,1,13.046564,0.56,14,0.56,0,285
13210,1,0,0.0,0.56,14,0.56,0,285
13211,1,0,0.0,0.56,14,0.56,0,285
13212,1,0,0.0,0.56,14,0.56,0,285
13213,2,1,3.720814,0.64,16,0.64,0,285
13214,2,1,-14.331059,0.72,18,0.72,0,285
13215,1,0,0.0,0.72,18,0.72,0,285
13216,1,0,0.0,0.72,18,0.72,0,285
13217,1,0,0.0,0.72,18,0.72,0,285
13218,1,0,0.0,0.72,18,0.72,0,285
13219,2,1,-43.314995,0.8,20,0.8,0,285
13220,2,1,-346.70636,0.92,23,0.92,1,285
13221,1,0,0.0,0.92,23,0.92,0,285
13222,1,0,0.0,0.92,23,0.92,0,285
13223,2,1,27.784382,1.0,25,1.0,0,285
13224,1,0,-1000.0,0.0,0,0.0,0,285
13225,2,1,28.364332,0.2,5,0.2,0,286
13226,1,0,0.0,0.2,5,0.2,0,286
13227,1,0,0.0,0.2,5,0.2,0,286
13228,2,1,23.955872,0.28,7,0.28,0,286
13229,2,1,-4.847379,0.32,8,0.32,0,286
13230,1,0,0.0,0.32,8,0.32,0,286
13231,2,1,16.93285,0.4,10,0.4,0,286
13232,1,0,0.0,0.4,10,0.4,0,286
13233,2,1,-6.5207767,0.44,11,0.44,0,286
13234,1,0,0.0,0.44,11,0.44,0,286
13235,1,0,0.0,0.44,11,0.44,0,286
13236,2,1,23.892282,0.48,12,0.48,0,286
13237,1,0,0.0,0.48,12,0.48,0,286
13238,1,0,0.0,0.48,12,0.48,0,286
13239,1,0,0.0,0.48,12,0.48,0,286
13240,1,0,0.0,0.48,12,0.48,0,286
13241,1,0,0.0,0.48,12,0.48,0,286
13242,1,0,0.0,0.48,12,0.48,0,286
13243,1,0,0.0,0.48,12,0.48,0,286
13244,1,0,0.0,0.48,12,0.48,0,286
13245,1,0,0.0,0.48,12,0.48,0,286
13246,2,1,-8.498147,0.52,13,0.52,1,286
13247,1,0,0.0,0.52,13,0.52,0,286
13248,1,0,0.0,0.52,13,0.52,0,286
13249,1,0,0.0,0.52,13,0.52,0,286
13250,2,1,19.743628,0.56,14,0.56,0,286
13251,1,0,0.0,0.56,14,0.56,0,286
13252,1,0,0.0,0.56,14,0.56,0,286
13253,1,0,0.0,0.56,14,0.56,0,286
13254,1,0,0.0,0.56,14,0.56,0,286
13255,2,1,17.819584,0.6,15,0.6,0,286
13256,2,1,13.444674,0.64,16,0.64,0,286
13257,1,0,0.0,0.64,16,0.64,0,286
13258,1,0,0.0,0.64,16,0.64,0,286
13259,1,0,0.0,0.64,16,0.64,0,286
13260,1,0,0.0,0.64,16,0.64,0,286
13261,1,0,0.0,0.64,16,0.64,0,286
13262,1,0,0.0,0.64,16,0.64,0,286
13263,1,0,0.0,0.64,16,0.64,0,286
13264,1,0,0.0,0.64,16,0.64,0,286
13265,1,0,0.0,0.64,16,0.64,1,286
13266,1,0,0.0,0.64,16,0.64,0,286
13267,1,0,-1000.0,0.0,0,0.0,0,286
13268,1,0,0.0,0.16,4,0.16,0,287
13269,1,0,0.0,0.16,4,0.16,0,287
13270,2,1,28.364332,0.2,5,0.2,0,287
13271,2,1,23.955872,0.28,7,0.28,0,287
13272,2,1,21.334368,0.36,9,0.36,0,287
13273,2,1,17.442081,0.44,11,0.44,0,287
13274,2,1,-7.3913045,0.48,12,0.48,0,287
13275,1,0,0.0,0.48,12,0.48,0,287
13276,2,1,19.2725,0.52,13,0.52,0,287
13277,2,1,-24.46717,0.68,17,0.68,0,287
13278,2,1,3.110505,0.72,18,0.72,0,287
13279,2,1,-418.76266,0.92,23,0.92,0,287
13280,1,0,0.0,0.92,23,0.92,0,287
13281,1,0,0.0,0.92,23,0.92,0,287
13282,2,1,25.508877,1.0,25,1.0,0,287
13283,1,0,-1000.0,0.0,0,0.0,0,287
13284,2,1,-4.1406527,0.2,5,0.2,0,288
13285,2,1,28.22638,0.24,6,0.24,0,288
13286,2,1,-4.5163865,0.28,7,0.28,0,288
13287,2,1,27.639961,0.32,8,0.32,0,288
13288,1,0,0.0,0.32,8,0.32,0,288
13289,1,0,0.0,0.32,8,0.32,0,288
13290,1,0,0.0,0.32,8,0.32,0,288
13291,1,0,0.0,0.32,8,0.32,0,288
13292,2,1,26.003696,0.36,9,0.36,0,288
13293,1,0,0.0,0.36,9,0.36,0,288
13294,2,1,-5.829461,0.4,10,0.4,0,288
13295,2,1,24.768646,0.44,11,0.44,0,288
13296,1,0,0.0,0.44,11,0.44,0,288
13297,1,0,0.0,0.44,11,0.44,0,288
13298,1,0,0.0,0.44,11,0.44,0,288
13299,1,0,0.0,0.44,11,0.44,0,288
13300,1,0,0.0,0.44,11,0.44,0,288
13301,1,0,0.0,0.44,11,0.44,0,288
13302,1,0,0.0,0.44,11,0.44,0,288
13303,2,1,22.260569,0.48,12,0.48,0,288
13304,1,0,0.0,0.48,12,0.48,0,288
13305,1,0,0.0,0.48,12,0.48,0,288
13306,1,0,0.0,0.48,12,0.48,0,288
13307,1,0,0.0,0.48,12,0.48,0,288
13308,1,0,0.0,0.48,12,0.48,0,288
13309,2,1,-2.1642842,0.6,15,0.6,0,288
13310,1,0,0.0,0.6,15,0.6,0,288
13311,2,1,-14.286522,0.64,16,0.64,0,288
13312,1,0,0.0,0.64,16,0.64,1,288
13313,1,0,0.0,0.64,16,0.64,0,288
13314,1,0,0.0,0.64,16,0.64,0,288
13315,1,0,0.0,0.64,16,0.64,1,288
13316,1,0,0.0,0.64,16,0.64,0,288
13317,1,0,0.0,0.64,16,0.64,0,288
13318,1,0,0.0,0.64,16,0.64,0,288
13319,1,0,0.0,0.64,16,0.64,0,288
13320,2,1,10.841329,0.68,17,0.68,0,288
13321,1,0,0.0,0.68,17,0.68,0,288
13322,1,0,0.0,0.68,17,0.68,0,288
13323,1,0,0.0,0.68,17,0.68,0,288
13324,1,0,0.0,0.68,17,0.68,0,288
13325,2,1,6.9306703,0.72,18,0.72,0,288
13326,1,0,0.0,0.72,18,0.72,0,288
13327,1,0,0.0,0.72,18,0.72,0,288
13328,1,0,0.0,0.72,18,0.72,0,288
13329,1,0,0.0,0.72,18,0.72,0,288
13330,2,1,-2.3667061,0.76,19,0.76,0,288
13331,1,0,0.0,0.76,19,0.76,0,288
13332,1,0,0.0,0.76,19,0.76,0,288
13333,1,0,0.0,0.76,19,0.76,0,288
13334,1,0,0.0,0.76,19,0.76,0,288
13335,1,0,0.0,0.76,19,0.76,0,288
13336,2,1,-12.996705,0.8,20,0.8,0,288
13337,1,0,0.0,0.8,20,0.8,0,288
13338,1,0,0.0,0.8,20,0.8,0,288
13339,1,0,0.0,0.8,20,0.8,0,288
13340,1,0,0.0,0.8,20,0.8,0,288
13341,1,0,0.0,0.8,20,0.8,0,288
13342,1,0,0.0,0.8,20,0.8,0,288
13343,1,0,0.0,0.8,20,0.8,0,288
13344,1,0,0.0,0.8,20,0.8,1,288
13345,1,0,0.0,0.8,20,0.8,0,288
13346,1,0,0.0,0.8,20,0.8,0,288
13347,1,0,-1000.0,0.0,0,0.0,0,288
13348,2,1,-4.1407347,0.2,5,0.2,0,289
13349,2,1,28.22638,0.24,6,0.24,0,289
13350,2,1,23.38718,0.32,8,0.32,0,289
13351,2,1,20.35271,0.4,10,0.4,0,289
13352,1,0,0.0,0.4,10,0.4,0,289
13353,1,0,0.0,0.4,10,0.4,0,289
13354,2,1,15.879813,0.48,12,0.48,0,289
13355,2,1,19.2725,0.52,13,0.52,0,289
13356,1,0,0.0,0.52,13,0.52,0,289
13357,2,1,-47.213837,0.72,18,0.72,0,289
13358,1,0,0.0,0.72,18,0.72,0,289
13359,1,0,0.0,0.72,18,0.72,0,289
13360,1,0,0.0,0.72,18,0.72,0,289
13361,1,0,0.0,0.72,18,0.72,0,289
13362,1,0,0.0,0.72,18,0.72,0,289
13363,1,0,0.0,0.72,18,0.72,0,289
13364,1,0,0.0,0.72,18,0.72,0,289
13365,1,0,0.0,0.72,18,0.72,0,289
13366,2,1,-4.3120346,0.76,19,0.76,0,289
13367,1,0,0.0,0.76,19,0.76,0,289
13368,1,0,0.0,0.76,19,0.76,0,289
13369,1,0,0.0,0.76,19,0.76,0,289
13370,1,0,0.0,0.76,19,0.76,0,289
13371,1,0,0.0,0.76,19,0.76,0,289
13372,1,0,0.0,0.76,19,0.76,0,289
13373,1,0,0.0,0.76,19,0.76,0,289
13374,1,0,0.0,0.76,19,0.76,0,289
13375,1,0,0.0,0.76,19,0.76,1,289
13376,1,0,0.0,0.76,19,0.76,0,289
13377,1,0,-1000.0,0.0,0,0.0,0,289
13378,2,1,-4.1407347,0.2,5,0.2,0,290
13379,2,1,28.208652,0.24,6,0.24,0,290
13380,2,1,23.39962,0.32,8,0.32,0,290
13381,1,0,0.0,0.32,8,0.32,0,290
13382,1,0,0.0,0.32,8,0.32,0,290
13383,2,1,-5.280318,0.36,9,0.36,0,290
13384,2,1,15.692518,0.44,11,0.44,0,290
13385,1,0,0.0,0.44,11,0.44,0,290
13386,1,0,0.0,0.44,11,0.44,0,290
13387,1,0,0.0,0.44,11,0.44,0,290
13388,1,0,0.0,0.44,11,0.44,0,290
13389,1,0,0.0,0.44,11,0.44,0,290
13390,2,1,10.7188425,0.52,13,0.52,0,290
13391,1,0,0.0,0.52,13,0.52,0,290
13392,1,0,0.0,0.52,13,0.52,0,290
13393,1,0,0.0,0.52,13,0.52,0,290
13394,1,0,0.0,0.52,13,0.52,0,290
13395,1,0,0.0,0.52,13,0.52,0,290
13396,1,0,0.0,0.52,13,0.52,0,290
13397,1,0,0.0,0.52,13,0.52,0,290
13398,1,0,0.0,0.52,13,0.52,0,290
13399,2,1,9.757961,0.6,15,0.6,0,290
13400,1,0,0.0,0.6,15,0.6,0,290
13401,1,0,0.0,0.6,15,0.6,0,290
13402,1,0,0.0,0.6,15,0.6,1,290
13403,1,0,0.0,0.6,15,0.6,0,290
13404,1,0,0.0,0.6,15,0.6,0,290
13405,1,0,0.0,0.6,15,0.6,0,290
13406,1,0,0.0,0.6,15,0.6,0,290
13407,2,1,11.8996525,0.64,16,0.64,0,290
13408,1,0,0.0,0.64,16,0.64,0,290
13409,1,0,0.0,0.64,16,0.64,0,290
13410,1,0,0.0,0.64,16,0.64,0,290
13411,1,0,0.0,0.64,16,0.64,0,290
13412,1,0,0.0,0.64,16,0.64,0,290
13413,1,0,0.0,0.64,16,0.64,0,290
13414,1,0,0.0,0.64,16,0.64,0,290
13415,1,0,0.0,0.64,16,0.64,0,290
13416,1,0,0.0,0.64,16,0.64,0,290
13417,1,0,0.0,0.64,16,0.64,0,290
13418,2,1,11.796289,0.68,17,0.68,0,290
13419,1,0,0.0,0.68,17,0.68,0,290
13420,1,0,0.0,0.68,17,0.68,0,290
13421,1,0,0.0,0.68,17,0.68,0,290
13422,1,0,0.0,0.68,17,0.68,0,290
13423,1,0,0.0,0.68,17,0.68,1,290
13424,1,0,0.0,0.68,17,0.68,0,290
13425,1,0,0.0,0.68,17,0.68,0,290
13426,2,1,2.4029734,0.72,18,0.72,0,290
13427,1,0,0.0,0.72,18,0.72,0,290
13428,1,0,0.0,0.72,18,0.72,0,290
13429,1,0,0.0,0.72,18,0.72,0,290
13430,1,0,0.0,0.72,18,0.72,0,290
13431,1,0,0.0,0.72,18,0.72,0,290
13432,2,1,-2.3667037,0.76,19,0.76,0,290
13433,2,1,-75.96922,0.84,21,0.84,0,290
13434,1,0,0.0,0.84,21,0.84,0,290
13435,1,0,0.0,0.84,21,0.84,0,290
13436,1,0,0.0,0.84,21,0.84,0,290
13437,1,0,0.0,0.84,21,0.84,0,290
13438,1,0,0.0,0.84,21,0.84,0,290
13439,1,0,0.0,0.84,21,0.84,0,290
13440,2,1,-285.77594,0.92,23,0.92,0,290
13441,1,0,0.0,0.92,23,0.92,0,290
13442,1,0,0.0,0.92,23,0.92,0,290
13443,1,0,0.0,0.92,23,0.92,0,290
13444,1,0,0.0,0.92,23,0.92,0,290
13445,1,0,0.0,0.92,23,0.92,0,290
13446,1,0,0.0,0.92,23,0.92,0,290
13447,1,0,0.0,0.92,23,0.92,0,290
13448,2,1,-1000.0,0.0,0,0.0,0,290
13449,1,0,0.0,0.16,4,0.16,0,291
13450,2,1,28.346605,0.2,5,0.2,0,291
13451,1,0,0.0,0.2,5,0.2,0,291
13452,1,0,0.0,0.2,5,0.2,0,291
13453,2,1,19.461393,0.28,7,0.28,0,291
13454,1,0,0.0,0.28,7,0.28,1,291
13455,2,1,16.506554,0.36,9,0.36,0,291
13456,1,0,0.0,0.36,9,0.36,0,291
13457,2,1,4.516502,0.52,13,0.52,0,291
13458,1,0,0.0,0.52,13,0.52,0,291
13459,1,0,0.0,0.52,13,0.52,0,291
13460,1,0,0.0,0.52,13,0.52,0,291
13461,2,1,21.37786,0.56,14,0.56,0,291
13462,1,0,0.0,0.56,14,0.56,0,291
13463,1,0,0.0,0.56,14,0.56,0,291
13464,1,0,0.0,0.56,14,0.56,0,291
13465,1,0,0.0,0.56,14,0.56,0,291
13466,2,1,17.819593,0.6,15,0.6,0,291
13467,1,0,0.0,0.6,15,0.6,0,291
13468,1,0,0.0,0.6,15,0.6,0,291
13469,1,0,0.0,0.6,15,0.6,0,291
13470,1,0,0.0,0.6,15,0.6,0,291
13471,1,0,0.0,0.6,15,0.6,0,291
13472,1,0,0.0,0.6,15,0.6,0,291
13473,1,0,0.0,0.6,15,0.6,0,291
13474,1,0,0.0,0.6,15,0.6,0,291
13475,1,0,0.0,0.6,15,0.6,0,291
13476,2,1,-25.582184,0.72,18,0.72,1,291
13477,2,1,-109.80495,0.84,21,0.84,0,291
13478,1,0,0.0,0.84,21,0.84,0,291
13479,1,0,0.0,0.84,21,0.84,1,291
13480,1,0,0.0,0.84,21,0.84,0,291
13481,1,0,0.0,0.84,21,0.84,0,291
13482,1,0,0.0,0.84,21,0.84,0,291
13483,1,0,0.0,0.84,21,0.84,0,291
13484,1,0,0.0,0.84,21,0.84,0,291
13485,1,0,0.0,0.84,21,0.84,0,291
13486,1,0,0.0,0.84,21,0.84,0,291
13487,1,0,0.0,0.84,21,0.84,0,291
13488,2,1,-74.82572,0.88,22,0.88,0,291
13489,1,0,0.0,0.88,22,0.88,0,291
13490,1,0,0.0,0.88,22,0.88,0,291
13491,1,0,0.0,0.88,22,0.88,0,291
13492,1,0,0.0,0.88,22,0.88,0,291
13493,1,0,0.0,0.88,22,0.88,0,291
13494,1,0,0.0,0.88,22,0.88,0,291
13495,1,0,0.0,0.88,22,0.88,0,291
13496,2,1,-181.10956,0.92,23,0.92,0,291
13497,1,0,0.0,0.92,23,0.92,0,291
13498,1,0,0.0,0.92,23,0.92,0,291
13499,1,0,0.0,0.92,23,0.92,0,291
13500,1,0,0.0,0.92,23,0.92,0,291
13501,1,0,0.0,0.92,23,0.92,0,291
13502,1,0,0.0,0.92,23,0.92,0,291
13503,2,1,26.895031,1.0,25,1.0,0,291
13504,1,0,-1000.0,0.0,0,0.0,0,291
13505,2,1,28.346605,0.2,5,0.2,0,292
13506,2,1,23.968313,0.28,7,0.28,0,292
13507,1,0,0.0,0.28,7,0.28,1,292
13508,2,1,20.448675,0.32,8,0.32,0,292
13509,1,0,0.0,0.32,8,0.32,0,292
13510,2,1,17.22341,0.4,10,0.4,0,292
13511,1,0,0.0,0.4,10,0.4,0,292
13512,1,0,0.0,0.4,10,0.4,0,292
13513,1,0,0.0,0.4,10,0.4,0,292
13514,1,0,0.0,0.4,10,0.4,0,292
13515,2,1,24.72458,0.44,11,0.44,0,292
13516,1,0,0.0,0.44,11,0.44,0,292
13517,1,0,0.0,0.44,11,0.44,0,292
13518,2,1,16.52763,0.48,12,0.48,0,292
13519,1,0,0.0,0.48,12,0.48,0,292
13520,1,0,0.0,0.48,12,0.48,0,292
13521,1,0,0.0,0.48,12,0.48,0,292
13522,1,0,0.0,0.48,12,0.48,0,292
13523,2,1,21.108187,0.52,13,0.52,1,292
13524,1,0,0.0,0.52,13,0.52,0,292
13525,1,0,0.0,0.52,13,0.52,0,292
13526,1,0,0.0,0.52,13,0.52,0,292
13527,1,0,0.0,0.52,13,0.52,0,292
13528,1,0,0.0,0.52,13,0.52,0,292
13529,1,0,0.0,0.52,13,0.52,0,292
13530,1,0,0.0,0.52,13,0.52,0,292
13531,1,0,0.0,0.52,13,0.52,0,292
13532,2,1,19.674593,0.56,14,0.56,0,292
13533,1,0,0.0,0.56,14,0.56,0,292
13534,1,0,0.0,0.56,14,0.56,0,292
13535,1,0,0.0,0.56,14,0.56,0,292
13536,1,0,0.0,0.56,14,0.56,0,292
13537,1,0,0.0,0.56,14,0.56,0,292
13538,1,0,0.0,0.56,14,0.56,0,292
13539,1,0,0.0,0.56,14,0.56,0,292
13540,1,0,0.0,0.56,14,0.56,0,292
13541,2,1,2.5827072,0.64,16,0.64,0,292
13542,1,0,0.0,0.64,16,0.64,0,292
13543,1,0,0.0,0.64,16,0.64,0,292
13544,1,0,0.0,0.64,16,0.64,0,292
13545,1,0,0.0,0.64,16,0.64,0,292
13546,1,0,0.0,0.64,16,0.64,0,292
13547,1,0,0.0,0.64,16,0.64,0,292
13548,1,0,0.0,0.64,16,0.64,0,292
13549,1,0,0.0,0.64,16,0.64,0,292
13550,1,0,0.0,0.64,16,0.64,1,292
13551,1,0,0.0,0.64,16,0.64,0,292
13552,1,0,-1000.0,0.0,0,0.0,0,292
13553,1,0,0.0,0.16,4,0.16,0,293
13554,1,0,0.0,0.16,4,0.16,0,293
13555,1,0,0.0,0.16,4,0.16,0,293
13556,2,1,-4.1407347,0.2,5,0.2,0,293
13557,1,0,0.0,0.2,5,0.2,0,293
13558,2,1,-4.278605,0.24,6,0.24,0,293
13559,1,0,0.0,0.24,6,0.24,0,293
13560,2,1,23.123543,0.32,8,0.32,0,293
13561,1,0,0.0,0.32,8,0.32,0,293
13562,2,1,27.225174,0.36,9,0.36,0,293
13563,2,1,25.454552,0.4,10,0.4,0,293
13564,2,1,15.164858,0.48,12,0.48,1,293
13565,1,0,0.0,0.48,12,0.48,0,293
13566,1,0,0.0,0.48,12,0.48,0,293
13567,1,0,0.0,0.48,12,0.48,0,293
13568,1,0,0.0,0.48,12,0.48,0,293
13569,2,1,17.424915,0.52,13,0.52,0,293
13570,2,1,14.166317,0.56,14,0.56,0,293
13571,1,0,0.0,0.56,14,0.56,1,293
13572,1,0,0.0,0.56,14,0.56,0,293
13573,2,1,5.3700786,0.64,16,0.64,0,293
13574,1,0,0.0,0.64,16,0.64,0,293
13575,1,0,0.0,0.64,16,0.64,0,293
13576,1,0,0.0,0.64,16,0.64,0,293
13577,1,0,0.0,0.64,16,0.64,0,293
13578,2,1,11.823796,0.68,17,0.68,0,293
13579,2,1,5.0653524,0.72,18,0.72,0,293
13580,1,0,0.0,0.72,18,0.72,0,293
13581,1,0,0.0,0.72,18,0.72,0,293
13582,1,0,0.0,0.72,18,0.72,0,293
13583,1,0,0.0,0.72,18,0.72,0,293
13584,1,0,0.0,0.72,18,0.72,0,293
13585,1,0,0.0,0.72,18,0.72,0,293
13586,1,0,0.0,0.72,18,0.72,0,293
13587,1,0,0.0,0.72,18,0.72,0,293
13588,1,0,0.0,0.72,18,0.72,0,293
13589,1,0,0.0,0.72,18,0.72,0,293
13590,1,0,-1000.0,0.0,0,0.0,0,293
13591,2,1,28.364332,0.2,5,0.2,0,294
13592,2,1,23.955872,0.28,7,0.28,0,294
13593,2,1,18.128635,0.36,9,0.36,0,294
13594,1,0,0.0,0.36,9,0.36,0,294
13595,1,0,0.0,0.36,9,0.36,1,294
13596,1,0,0.0,0.36,9,0.36,0,294
13597,1,0,0.0,0.36,9,0.36,0,294
13598,2,1,15.0022545,0.4,10,0.4,0,294
13599,1,0,0.0,0.4,10,0.4,0,294
13600,2,1,9.011056,0.52,13,0.52,0,294
13601,1,0,0.0,0.52,13,0.52,0,294
13602,1,0,0.0,0.52,13,0.52,0,294
13603,1,0,0.0,0.52,13,0.52,0,294
13604,1,0,0.0,0.52,13,0.52,0,294
13605,2,1,8.019736,0.6,15,0.6,0,294
13606,1,0,0.0,0.6,15,0.6,0,294
13607,1,0,0.0,0.6,15,0.6,1,294
13608,1,0,0.0,0.6,15,0.6,0,294
13609,1,0,0.0,0.6,15,0.6,0,294
13610,1,0,0.0,0.6,15,0.6,0,294
13611,2,1,13.688944,0.64,16,0.64,0,294
13612,1,0,0.0,0.64,16,0.64,0,294
13613,1,0,0.0,0.64,16,0.64,0,294
13614,1,0,0.0,0.64,16,0.64,0,294
13615,1,0,0.0,0.64,16,0.64,0,294
13616,1,0,0.0,0.64,16,0.64,0,294
13617,1,0,0.0,0.64,16,0.64,0,294
13618,1,0,0.0,0.64,16,0.64,0,294
13619,1,0,0.0,0.64,16,0.64,0,294
13620,1,0,0.0,0.64,16,0.64,0,294
13621,1,0,0.0,0.64,16,0.64,0,294
13622,1,0,-1000.0,0.0,0,0.0,0,294
13623,2,1,28.346605,0.2,5,0.2,0,295
13624,2,1,19.461393,0.28,7,0.28,0,295
13625,2,1,-4.847297,0.32,8,0.32,0,295
13626,2,1,-5.280318,0.36,9,0.36,0,295
13627,2,1,26.67603,0.4,10,0.4,1,295
13628,1,0,0.0,0.4,10,0.4,0,295
13629,1,0,0.0,0.4,10,0.4,0,295
13630,2,1,17.321926,0.48,12,0.48,0,295
13631,1,0,0.0,0.48,12,0.48,0,295
13632,1,0,0.0,0.48,12,0.48,0,295
13633,1,0,0.0,0.48,12,0.48,0,295
13634,2,1,13.002541,0.56,14,0.56,0,295
13635,2,1,14.847984,0.6,15,0.6,0,295
13636,2,1,10.963624,0.64,16,0.64,0,295
13637,1,0,0.0,0.64,16,0.64,0,295
13638,1,0,0.0,0.64,16,0.64,0,295
13639,1,0,0.0,0.64,16,0.64,0,295
13640,1,0,0.0,0.64,16,0.64,0,295
13641,2,1,-0.13242485,0.68,17,0.68,0,295
13642,1,0,0.0,0.68,17,0.68,0,295
13643,1,0,0.0,0.68,17,0.68,0,295
13644,1,0,0.0,0.68,17,0.68,0,295
13645,1,0,0.0,0.68,17,0.68,0,295
13646,1,0,0.0,0.68,17,0.68,0,295
13647,1,0,0.0,0.68,17,0.68,0,295
13648,1,0,0.0,0.68,17,0.68,0,295
13649,1,0,0.0,0.68,17,0.68,0,295
13650,1,0,0.0,0.68,17,0.68,0,295
13651,1,0,0.0,0.68,17,0.68,0,295
13652,1,0,-1000.0,0.0,0,0.0,0,295
13653,1,0,0.0,0.16,4,0.16,0,296
13654,1,0,0.0,0.16,4,0.16,0,296
13655,2,1,28.364332,0.2,5,0.2,0,296
13656,2,1,28.208652,0.24,6,0.24,0,296
13657,2,1,-4.515744,0.28,7,0.28,0,296
13658,1,0,0.0,0.28,7,0.28,0,296
13659,2,1,-4.847379,0.32,8,0.32,0,296
13660,1,0,0.0,0.32,8,0.32,0,296
13661,1,0,0.0,0.32,8,0.32,0,296
13662,1,0,0.0,0.32,8,0.32,0,296
13663,1,0,0.0,0.32,8,0.32,0,296
13664,2,1,26.003696,0.36,9,0.36,0,296
13665,2,1,25.459835,0.4,10,0.4,0,296
13666,1,0,0.0,0.4,10,0.4,1,296
13667,2,1,11.0827,0.44,11,0.44,0,296
13668,1,0,0.0,0.44,11,0.44,0,296
13669,2,1,22.273748,0.48,12,0.48,0,296
13670,1,0,0.0,0.48,12,0.48,0,296
13671,2,1,21.108187,0.52,13,0.52,0,296
13672,1,0,0.0,0.52,13,0.52,0,296
13673,2,1,18.410912,0.56,14,0.56,0,296
13674,1,0,0.0,0.56,14,0.56,0,296
13675,2,1,-10.481395,0.64,16,0.64,0,296
13676,1,0,0.0,0.64,16,0.64,0,296
13677,1,0,0.0,0.64,16,0.64,0,296
13678,1,0,0.0,0.64,16,0.64,0,296
13679,1,0,0.0,0.64,16,0.64,0,296
13680,1,0,0.0,0.64,16,0.64,0,296
13681,1,0,0.0,0.64,16,0.64,0,296
13682,1,0,0.0,0.64,16,0.64,0,296
13683,1,0,0.0,0.64,16,0.64,0,296
13684,0,-1,-6.315517e-10,0.64,16,0.64,0,296
13685,1,0,0.0,0.64,16,0.64,0,296
13686,1,0,0.0,0.64,16,0.64,0,296
13687,1,0,0.0,0.64,16,0.64,0,296
13688,1,0,0.0,0.64,16,0.64,0,296
13689,1,0,0.0,0.64,16,0.64,0,296
13690,1,0,0.0,0.64,16,0.64,0,296
13691,2,1,-41.364685,0.76,19,0.76,0,296
13692,1,0,0.0,0.76,19,0.76,0,296
13693,1,0,0.0,0.76,19,0.76,0,296
13694,1,0,0.0,0.76,19,0.76,1,296
13695,1,0,0.0,0.76,19,0.76,0,296
13696,1,0,0.0,0.76,19,0.76,0,296
13697,1,0,0.0,0.76,19,0.76,0,296
13698,2,1,-14.264836,0.8,20,0.8,0,296
13699,1,0,0.0,0.8,20,0.8,0,296
13700,1,0,0.0,0.8,20,0.8,0,296
13701,1,0,0.0,0.8,20,0.8,0,296
13702,1,0,0.0,0.8,20,0.8,0,296
13703,1,0,0.0,0.8,20,0.8,0,296
13704,1,0,0.0,0.8,20,0.8,0,296
13705,1,0,0.0,0.8,20,0.8,0,296
13706,1,0,0.0,0.8,20,0.8,0,296
13707,1,0,0.0,0.8,20,0.8,0,296
13708,1,0,0.0,0.8,20,0.8,0,296
13709,1,0,-1000.0,0.0,0,0.0,0,296
13710,2,1,28.346605,0.2,5,0.2,0,297
13711,2,1,23.968313,0.28,7,0.28,0,297
13712,2,1,21.33844,0.36,9,0.36,0,297
13713,1,0,0.0,0.36,9,0.36,0,297
13714,1,0,0.0,0.36,9,0.36,0,297
13715,1,0,0.0,0.36,9,0.36,0,297
13716,1,0,0.0,0.36,9,0.36,0,297
13717,1,0,0.0,0.36,9,0.36,0,297
13718,2,1,9.33523,0.48,12,0.48,0,297
13719,1,0,0.0,0.48,12,0.48,0,297
13720,1,0,0.0,0.48,12,0.48,0,297
13721,1,0,0.0,0.48,12,0.48,0,297
13722,1,0,0.0,0.48,12,0.48,1,297
13723,1,0,0.0,0.48,12,0.48,0,297
13724,1,0,0.0,0.48,12,0.48,0,297
13725,1,0,0.0,0.48,12,0.48,0,297
13726,1,0,0.0,0.48,12,0.48,0,297
13727,1,0,0.0,0.48,12,0.48,0,297
13728,1,0,0.0,0.48,12,0.48,0,297
13729,2,1,21.033916,0.52,13,0.52,0,297
13730,2,1,17.829094,0.56,14,0.56,0,297
13731,2,1,15.597468,0.6,15,0.6,0,297
13732,2,1,-97.59372,0.8,20,0.8,0,297
13733,1,0,0.0,0.8,20,0.8,0,297
13734,1,0,0.0,0.8,20,0.8,0,297
13735,1,0,0.0,0.8,20,0.8,0,297
13736,2,1,-37.963036,0.84,21,0.84,0,297
13737,1,0,0.0,0.84,21,0.84,0,297
13738,1,0,0.0,0.84,21,0.84,0,297
13739,2,1,-77.14911,0.88,22,0.88,0,297
13740,1,0,0.0,0.88,22,0.88,0,297
13741,1,0,0.0,0.88,22,0.88,0,297
13742,1,0,0.0,0.88,22,0.88,0,297
13743,1,0,0.0,0.88,22,0.88,0,297
13744,1,0,0.0,0.88,22,0.88,0,297
13745,1,0,0.0,0.88,22,0.88,0,297
13746,1,0,0.0,0.88,22,0.88,0,297
13747,1,0,0.0,0.88,22,0.88,0,297
13748,1,0,0.0,0.88,22,0.88,0,297
13749,1,0,0.0,0.88,22,0.88,0,297
13750,2,1,-808.227,0.96,24,0.96,1,297
13751,1,0,0.0,0.96,24,0.96,0,297
13752,1,0,0.0,0.96,24,0.96,0,297
13753,1,0,0.0,0.96,24,0.96,0,297
13754,1,0,0.0,0.96,24,0.96,0,297
13755,1,0,0.0,0.96,24,0.96,0,297
13756,1,0,0.0,0.96,24,0.96,0,297
13757,1,0,0.0,0.96,24,0.96,0,297
13758,1,0,0.0,0.96,24,0.96,0,297
13759,1,0,0.0,0.96,24,0.96,0,297
13760,1,0,0.0,0.96,24,0.96,0,297
13761,1,0,-1000.0,0.0,0,0.0,0,297
13762,1,0,0.0,0.16,4,0.16,0,298
13763,2,1,-4.1407347,0.2,5,0.2,0,298
13764,2,1,23.692236,0.28,7,0.28,0,298
13765,0,-1,-0.15642108,0.28,7,0.28,0,298
13766,1,0,0.0,0.28,7,0.28,0,298
13767,2,1,22.635555,0.36,9,0.36,0,298
13768,1,0,0.0,0.36,9,0.36,0,298
13769,1,0,0.0,0.36,9,0.36,0,298
13770,2,1,-5.828954,0.4,10,0.4,0,298
13771,1,0,0.0,0.4,10,0.4,0,298
13772,1,0,0.0,0.4,10,0.4,0,298
13773,2,1,24.768646,0.44,11,0.44,0,298
13774,1,0,0.0,0.44,11,0.44,0,298
13775,2,1,22.260569,0.48,12,0.48,0,298
13776,1,0,0.0,0.48,12,0.48,0,298
13777,1,0,0.0,0.48,12,0.48,0,298
13778,1,0,0.0,0.48,12,0.48,0,298
13779,1,0,0.0,0.48,12,0.48,0,298
13780,2,1,-1.041458,0.6,15,0.6,0,298
13781,1,0,0.0,0.6,15,0.6,0,298
13782,1,0,0.0,0.6,15,0.6,0,298
13783,1,0,0.0,0.6,15,0.6,0,298
13784,1,0,0.0,0.6,15,0.6,0,298
13785,1,0,0.0,0.6,15,0.6,0,298
13786,1,0,0.0,0.6,15,0.6,0,298
13787,1,0,0.0,0.6,15,0.6,1,298
13788,1,0,0.0,0.6,15,0.6,0,298
13789,1,0,0.0,0.6,15,0.6,0,298
13790,1,0,0.0,0.6,15,0.6,0,298
13791,1,0,-1000.0,0.0,0,0.0,0,298
13792,2,1,28.346605,0.2,5,0.2,0,299
13793,1,0,0.0,0.2,5,0.2,0,299
13794,2,1,-4.278687,0.24,6,0.24,0,299
13795,1,0,0.0,0.24,6,0.24,0,299
13796,1,0,0.0,0.24,6,0.24,0,299
13797,2,1,-4.516252,0.28,7,0.28,0,299
13798,1,0,0.0,0.28,7,0.28,0,299
13799,1,0,0.0,0.28,7,0.28,0,299
13800,2,1,22.635555,0.36,9,0.36,0,299
13801,1,0,0.0,0.36,9,0.36,0,299
13802,2,1,15.692518,0.44,11,0.44,0,299
13803,1,0,0.0,0.44,11,0.44,0,299
13804,2,1,15.405041,0.52,13,0.52,0,299
13805,1,0,0.0,0.52,13,0.52,0,299
13806,1,0,0.0,0.52,13,0.52,0,299
13807,1,0,0.0,0.52,13,0.52,0,299
13808,1,0,0.0,0.52,13,0.52,0,299
13809,2,1,19.728302,0.56,14,0.56,0,299
13810,1,0,0.0,0.56,14,0.56,0,299
13811,1,0,0.0,0.56,14,0.56,0,299
13812,1,0,0.0,0.56,14,0.56,0,299
13813,1,0,0.0,0.56,14,0.56,0,299
13814,1,0,0.0,0.56,14,0.56,0,299
13815,1,0,0.0,0.56,14,0.56,0,299
13816,1,0,0.0,0.56,14,0.56,1,299
13817,0,-1,-25.089266,0.56,14,0.56,0,299
13818,1,0,0.0,0.56,14,0.56,0,299
13819,2,1,3.6144636,0.64,16,0.64,0,299
13820,1,0,0.0,0.64,16,0.64,0,299
13821,1,0,0.0,0.64,16,0.64,0,299
13822,1,0,0.0,0.64,16,0.64,0,299
13823,1,0,0.0,0.64,16,0.64,0,299
13824,1,0,0.0,0.64,16,0.64,0,299
13825,1,0,0.0,0.64,16,0.64,0,299
13826,1,0,0.0,0.64,16,0.64,0,299
13827,1,0,0.0,0.64,16,0.64,0,299
13828,2,1,-12.846369,0.72,18,0.72,0,299
13829,1,0,0.0,0.72,18,0.72,0,299
13830,1,0,0.0,0.72,18,0.72,0,299
13831,2,1,-106.07505,0.84,21,0.84,0,299
13832,1,0,0.0,0.84,21,0.84,0,299
13833,1,0,0.0,0.84,21,0.84,0,299
13834,1,0,0.0,0.84,21,0.84,0,299
13835,1,0,0.0,0.84,21,0.84,0,299
13836,1,0,0.0,0.84,21,0.84,0,299
13837,1,0,0.0,0.84,21,0.84,0,299
13838,1,0,0.0,0.84,21,0.84,0,299
13839,1,0,0.0,0.84,21,0.84,0,299
13840,1,0,0.0,0.84,21,0.84,0,299
13841,2,1,-909.09845,0.96,24,0.96,1,299
13842,1,0,0.0,0.96,24,0.96,0,299
13843,1,0,0.0,0.96,24,0.96,0,299
13844,1,0,0.0,0.96,24,0.96,0,299
13845,1,0,0.0,0.96,24,0.96,0,299
13846,1,0,0.0,0.96,24,0.96,0,299
13847,1,0,0.0,0.96,24,0.96,0,299
13848,1,0,0.0,0.96,24,0.96,0,299
13849,1,0,0.0,0.96,24,0.96,0,299
13850,1,0,0.0,0.96,24,0.96,0,299
13851,1,0,0.0,0.96,24,0.96,0,299
13852,1,0,-1000.0,0.0,0,0.0,0,299
13853,2,1,-4.1407347,0.2,5,0.2,0,300
13854,2,1,28.208652,0.24,6,0.24,0,300
13855,1,0,0.0,0.24,6,0.24,0,300
13856,2,1,-4.516252,0.28,7,0.28,0,300
13857,1,0,0.0,0.28,7,0.28,0,300
13858,2,1,27.657686,0.32,8,0.32,0,300
13859,2,1,16.93285,0.4,10,0.4,0,300
13860,2,1,24.768646,0.44,11,0.44,0,300
13861,1,0,0.0,0.44,11,0.44,0,300
13862,1,0,0.0,0.44,11,0.44,0,300
13863,1,0,0.0,0.44,11,0.44,0,300
13864,1,0,0.0,0.44,11,0.44,0,300
13865,1,0,0.0,0.44,11,0.44,0,300
13866,1,0,0.0,0.44,11,0.44,0,300
13867,1,0,0.0,0.44,11,0.44,0,300
13868,1,0,0.0,0.44,11,0.44,0,300
13869,1,0,0.0,0.44,11,0.44,0,300
13870,1,0,0.0,0.44,11,0.44,0,300
13871,2,1,15.572613,0.52,13,0.52,0,300
13872,1,0,0.0,0.52,13,0.52,0,300
13873,1,0,0.0,0.52,13,0.52,0,300
13874,1,0,0.0,0.52,13,0.52,0,300
13875,1,0,0.0,0.52,13,0.52,0,300
13876,1,0,0.0,0.52,13,0.52,0,300
13877,1,0,0.0,0.52,13,0.52,0,300
13878,1,0,0.0,0.52,13,0.52,0,300
13879,1,0,0.0,0.52,13,0.52,0,300
13880,1,0,0.0,0.52,13,0.52,1,300
13881,1,0,0.0,0.52,13,0.52,0,300
13882,1,0,-1000.0,0.0,0,0.0,0,300
13883,1,0,0.0,0.16,4,0.16,0,301
13884,2,1,28.346605,0.2,5,0.2,0,301
13885,2,1,28.22638,0.24,6,0.24,0,301
13886,2,1,26.767761,0.28,7,0.28,0,301
13887,1,0,0.0,0.28,7,0.28,0,301
13888,1,0,0.0,0.28,7,0.28,0,301
13889,2,1,26.441492,0.32,8,0.32,0,301
13890,2,1,17.146978,0.4,10,0.4,0,301
13891,1,0,0.0,0.4,10,0.4,0,301
13892,2,1,23.129503,0.44,11,0.44,0,301
13893,1,0,0.0,0.44,11,0.44,0,301
13894,2,1,22.260569,0.48,12,0.48,0,301
13895,2,1,17.50569,0.52,13,0.52,0,301
13896,1,0,0.0,0.52,13,0.52,0,301
13897,2,1,6.3340287,0.6,15,0.6,0,301
13898,1,0,0.0,0.6,15,0.6,0,301
13899,1,0,0.0,0.6,15,0.6,0,301
13900,1,0,0.0,0.6,15,0.6,0,301
13901,1,0,0.0,0.6,15,0.6,0,301
13902,1,0,0.0,0.6,15,0.6,0,301
13903,1,0,0.0,0.6,15,0.6,0,301
13904,1,0,0.0,0.6,15,0.6,0,301
13905,1,0,0.0,0.6,15,0.6,0,301
13906,1,0,0.0,0.6,15,0.6,0,301
13907,1,0,0.0,0.6,15,0.6,0,301
13908,1,0,-1000.0,0.0,0,0.0,0,301
13909,2,1,28.364332,0.2,5,0.2,0,302
13910,1,0,0.0,0.2,5,0.2,0,302
13911,1,0,0.0,0.2,5,0.2,0,302
13912,2,1,-4.278687,0.24,6,0.24,0,302
13913,1,0,0.0,0.24,6,0.24,0,302
13914,2,1,23.38718,0.32,8,0.32,0,302
13915,1,0,0.0,0.32,8,0.32,0,302
13916,1,0,0.0,0.32,8,0.32,0,302
13917,1,0,0.0,0.32,8,0.32,0,302
13918,1,0,0.0,0.32,8,0.32,0,302
13919,1,0,0.0,0.32,8,0.32,0,302
13920,1,0,0.0,0.32,8,0.32,0,302
13921,2,1,22.976604,0.36,9,0.36,0,302
13922,2,1,25.454552,0.4,10,0.4,0,302
13923,1,0,0.0,0.4,10,0.4,0,302
13924,1,0,0.0,0.4,10,0.4,0,302
13925,2,1,23.129503,0.44,11,0.44,0,302
13926,2,1,21.105461,0.48,12,0.48,0,302
13927,1,0,0.0,0.48,12,0.48,0,302
13928,1,0,0.0,0.48,12,0.48,0,302
13929,1,0,0.0,0.48,12,0.48,0,302
13930,1,0,0.0,0.48,12,0.48,0,302
13931,1,0,0.0,0.48,12,0.48,0,302
13932,1,0,0.0,0.48,12,0.48,0,302
13933,1,0,0.0,0.48,12,0.48,0,302
13934,2,1,21.154152,0.52,13,0.52,0,302
13935,1,0,0.0,0.52,13,0.52,0,302
13936,1,0,0.0,0.52,13,0.52,0,302
13937,1,0,0.0,0.52,13,0.52,0,302
13938,1,0,0.0,0.52,13,0.52,1,302
13939,1,0,0.0,0.52,13,0.52,0,302
13940,1,0,0.0,0.52,13,0.52,0,302
13941,1,0,0.0,0.52,13,0.52,0,302
13942,2,1,6.3184376,0.6,15,0.6,0,302
13943,1,0,0.0,0.6,15,0.6,0,302
13944,1,0,0.0,0.6,15,0.6,0,302
13945,1,0,0.0,0.6,15,0.6,0,302
13946,1,0,0.0,0.6,15,0.6,0,302
13947,1,0,0.0,0.6,15,0.6,0,302
13948,1,0,0.0,0.6,15,0.6,0,302
13949,1,0,0.0,0.6,15,0.6,0,302
13950,1,0,0.0,0.6,15,0.6,0,302
13951,1,0,0.0,0.6,15,0.6,0,302
13952,1,0,0.0,0.6,15,0.6,0,302
13953,1,0,-1000.0,0.0,0,0.0,0,302
13954,2,1,28.346605,0.2,5,0.2,0,303
13955,2,1,28.22638,0.24,6,0.24,0,303
13956,2,1,18.678572,0.32,8,0.32,0,303
13957,1,0,0.0,0.32,8,0.32,0,303
13958,1,0,0.0,0.32,8,0.32,0,303
13959,1,0,0.0,0.32,8,0.32,0,303
13960,2,1,20.185139,0.4,10,0.4,0,303
13961,1,0,0.0,0.4,10,0.4,0,303
13962,1,0,0.0,0.4,10,0.4,0,303
13963,1,0,0.0,0.4,10,0.4,0,303
13964,1,0,0.0,0.4,10,0.4,0,303
13965,1,0,0.0,0.4,10,0.4,0,303
13966,1,0,0.0,0.4,10,0.4,1,303
13967,1,0,0.0,0.4,10,0.4,0,303
13968,1,0,0.0,0.4,10,0.4,0,303
13969,1,0,0.0,0.4,10,0.4,0,303
13970,2,1,24.736483,0.44,11,0.44,0,303
13971,1,0,0.0,0.44,11,0.44,0,303
13972,2,1,22.236639,0.48,12,0.48,0,303
13973,2,1,6.50327,0.52,13,0.52,0,303
13974,1,0,0.0,0.52,13,0.52,0,303
13975,1,0,0.0,0.52,13,0.52,0,303
13976,1,0,0.0,0.52,13,0.52,0,303
13977,1,0,0.0,0.52,13,0.52,0,303
13978,1,0,0.0,0.52,13,0.52,0,303
13979,1,0,0.0,0.52,13,0.52,0,303
13980,1,0,0.0,0.52,13,0.52,0,303
13981,1,0,0.0,0.52,13,0.52,0,303
13982,1,0,0.0,0.52,13,0.52,0,303
13983,1,0,0.0,0.52,13,0.52,0,303
13984,1,0,-1000.0,0.0,0,0.0,0,303
13985,1,0,0.0,0.16,4,0.16,0,304
13986,2,1,28.364332,0.2,5,0.2,1,304
13987,2,1,23.855509,0.28,7,0.28,0,304
13988,1,0,0.0,0.28,7,0.28,0,304
13989,1,0,0.0,0.28,7,0.28,0,304
13990,2,1,21.143896,0.36,9,0.36,0,304
13991,1,0,0.0,0.36,9,0.36,0,304
13992,1,0,0.0,0.36,9,0.36,0,304
13993,2,1,23.73046,0.4,10,0.4,0,304
13994,1,0,0.0,0.4,10,0.4,0,304
13995,1,0,0.0,0.4,10,0.4,0,304
13996,2,1,21.167898,0.44,11,0.44,0,304
13997,2,1,18.85787,0.48,12,0.48,1,304
13998,1,0,0.0,0.48,12,0.48,0,304
13999,1,0,0.0,0.48,12,0.48,0,304
14000,2,1,20.083023,0.52,13,0.52,1,304
14001,1,0,0.0,0.52,13,0.52,0,304
14002,1,0,0.0,0.52,13,0.52,0,304
14003,1,0,0.0,0.52,13,0.52,0,304
14004,1,0,0.0,0.52,13,0.52,0,304
14005,1,0,0.0,0.52,13,0.52,0,304
14006,1,0,0.0,0.52,13,0.52,0,304
14007,2,1,17.002573,0.56,14,0.56,0,304
14008,1,0,0.0,0.56,14,0.56,1,304
14009,1,0,0.0,0.56,14,0.56,0,304
14010,1,0,0.0,0.56,14,0.56,0,304
14011,1,0,0.0,0.56,14,0.56,0,304
14012,1,0,0.0,0.56,14,0.56,1,304
14013,1,0,0.0,0.56,14,0.56,0,304
14014,2,1,-14.607793,0.68,17,0.68,0,304
14015,1,0,0.0,0.68,17,0.68,0,304
14016,1,0,0.0,0.68,17,0.68,0,304
14017,1,0,0.0,0.68,17,0.68,0,304
14018,1,0,0.0,0.68,17,0.68,0,304
14019,1,0,0.0,0.68,17,0.68,0,304
14020,1,0,0.0,0.68,17,0.68,0,304
14021,1,0,0.0,0.68,17,0.68,0,304
14022,1,0,0.0,0.68,17,0.68,0,304
14023,1,0,0.0,0.68,17,0.68,0,304
14024,2,1,-232.77597,0.88,22,0.88,0,304
14025,1,0,0.0,0.88,22,0.88,0,304
14026,1,0,0.0,0.88,22,0.88,0,304
14027,1,0,0.0,0.88,22,0.88,0,304
14028,1,0,0.0,0.88,22,0.88,0,304
14029,1,0,0.0,0.88,22,0.88,0,304
14030,1,0,0.0,0.88,22,0.88,0,304
14031,1,0,0.0,0.88,22,0.88,0,304
14032,1,0,0.0,0.88,22,0.88,0,304
14033,1,0,0.0,0.88,22,0.88,0,304
14034,1,0,0.0,0.88,22,0.88,0,304
14035,2,1,-183.45811,0.92,23,0.92,0,304
14036,1,0,0.0,0.92,23,0.92,0,304
14037,1,0,0.0,0.92,23,0.92,0,304
14038,1,0,0.0,0.92,23,0.92,1,304
14039,1,0,0.0,0.92,23,0.92,0,304
14040,1,0,0.0,0.92,23,0.92,0,304
14041,1,0,0.0,0.92,23,0.92,0,304
14042,1,0,0.0,0.92,23,0.92,0,304
14043,1,0,0.0,0.92,23,0.92,0,304
14044,1,0,0.0,0.92,23,0.92,0,304
14045,1,0,0.0,0.92,23,0.92,0,304
14046,2,1,-599.3249,0.96,24,0.96,0,304
14047,1,0,0.0,0.96,24,0.96,0,304
14048,1,0,0.0,0.96,24,0.96,0,304
14049,1,0,0.0,0.96,24,0.96,0,304
14050,1,0,0.0,0.96,24,0.96,0,304
14051,1,0,0.0,0.96,24,0.96,0,304
14052,1,0,0.0,0.96,24,0.96,0,304
14053,1,0,0.0,0.96,24,0.96,0,304
14054,1,0,0.0,0.96,24,0.96,0,304
14055,1,0,0.0,0.96,24,0.96,0,304
14056,1,0,0.0,0.96,24,0.96,0,304
14057,1,0,-1000.0,0.0,0,0.0,0,304
14058,1,0,0.0,0.16,4,0.16,0,305
14059,2,1,28.364332,0.2,5,0.2,1,305
14060,1,0,0.0,0.2,5,0.2,0,305
14061,2,1,18.623686,0.24,6,0.24,0,305
14062,1,0,0.0,0.24,6,0.24,0,305
14063,2,1,18.704338,0.32,8,0.32,0,305
14064,2,1,16.244131,0.36,9,0.36,0,305
14065,2,1,20.300762,0.44,11,0.44,0,305
14066,2,1,15.382141,0.52,13,0.52,0,305
14067,1,0,0.0,0.52,13,0.52,0,305
14068,1,0,0.0,0.52,13,0.52,0,305
14069,1,0,0.0,0.52,13,0.52,0,305
14070,1,0,0.0,0.52,13,0.52,0,305
14071,1,0,0.0,0.52,13,0.52,0,305
14072,1,0,0.0,0.52,13,0.52,0,305
14073,1,0,0.0,0.52,13,0.52,0,305
14074,1,0,0.0,0.52,13,0.52,0,305
14075,1,0,0.0,0.52,13,0.52,1,305
14076,1,0,0.0,0.52,13,0.52,0,305
14077,2,1,16.116665,0.56,14,0.56,1,305
14078,1,0,0.0,0.56,14,0.56,0,305
14079,1,0,0.0,0.56,14,0.56,0,305
14080,1,0,0.0,0.56,14,0.56,0,305
14081,2,1,14.022629,0.6,15,0.6,0,305
14082,1,0,0.0,0.6,15,0.6,0,305
14083,1,0,0.0,0.6,15,0.6,0,305
14084,1,0,0.0,0.6,15,0.6,0,305
14085,1,0,0.0,0.6,15,0.6,0,305
14086,1,0,0.0,0.6,15,0.6,0,305
14087,1,0,0.0,0.6,15,0.6,0,305
14088,1,0,0.0,0.6,15,0.6,0,305
14089,1,0,0.0,0.6,15,0.6,0,305
14090,2,1,-1.6909883,0.68,17,0.68,0,305
14091,1,0,0.0,0.68,17,0.68,1,305
14092,1,0,0.0,0.68,17,0.68,0,305
14093,1,0,0.0,0.68,17,0.68,0,305
14094,1,0,0.0,0.68,17,0.68,0,305
14095,1,0,0.0,0.68,17,0.68,0,305
14096,1,0,0.0,0.68,17,0.68,0,305
14097,1,0,0.0,0.68,17,0.68,0,305
14098,1,0,0.0,0.68,17,0.68,0,305
14099,1,0,0.0,0.68,17,0.68,0,305
14100,1,0,0.0,0.68,17,0.68,0,305
14101,1,0,-1000.0,0.0,0,0.0,0,305
14102,2,1,28.346605,0.2,5,0.2,0,306
14103,2,1,28.22638,0.24,6,0.24,1,306
14104,1,0,0.0,0.24,6,0.24,0,306
14105,2,1,26.684753,0.28,7,0.28,0,306
14106,2,1,21.144258,0.36,9,0.36,0,306
14107,2,1,9.37942,0.48,12,0.48,0,306
14108,1,0,0.0,0.48,12,0.48,0,306
14109,2,1,11.177075,0.56,14,0.56,0,306
14110,1,0,0.0,0.56,14,0.56,0,306
14111,1,0,0.0,0.56,14,0.56,0,306
14112,1,0,0.0,0.56,14,0.56,0,306
14113,1,0,0.0,0.56,14,0.56,0,306
14114,1,0,0.0,0.56,14,0.56,0,306
14115,1,0,0.0,0.56,14,0.56,0,306
14116,1,0,0.0,0.56,14,0.56,0,306
14117,1,0,0.0,0.56,14,0.56,0,306
14118,1,0,0.0,0.56,14,0.56,0,306
14119,1,0,0.0,0.56,14,0.56,0,306
14120,2,1,15.903578,0.6,15,0.6,0,306
14121,1,0,0.0,0.6,15,0.6,0,306
14122,1,0,0.0,0.6,15,0.6,0,306
14123,1,0,0.0,0.6,15,0.6,0,306
14124,1,0,0.0,0.6,15,0.6,0,306
14125,1,0,0.0,0.6,15,0.6,0,306
14126,1,0,0.0,0.6,15,0.6,0,306
14127,1,0,0.0,0.6,15,0.6,1,306
14128,1,0,0.0,0.6,15,0.6,0,306
14129,1,0,0.0,0.6,15,0.6,0,306
14130,1,0,0.0,0.6,15,0.6,0,306
14131,1,0,-1000.0,0.0,0,0.0,0,306
14132,1,0,0.0,0.16,4,0.16,0,307
14133,2,1,28.346605,0.2,5,0.2,0,307
14134,2,1,-4.278605,0.24,6,0.24,0,307
14135,2,1,23.39962,0.32,8,0.32,0,307
14136,1,0,0.0,0.32,8,0.32,0,307
14137,2,1,-5.280317,0.36,9,0.36,0,307
14138,2,1,15.906646,0.44,11,0.44,0,307
14139,1,0,0.0,0.44,11,0.44,0,307
14140,1,0,0.0,0.44,11,0.44,0,307
14141,1,0,0.0,0.44,11,0.44,0,307
14142,2,1,12.152752,0.52,13,0.52,0,307
14143,2,1,9.586318,0.6,15,0.6,0,307
14144,2,1,15.363791,0.64,16,0.64,0,307
14145,2,1,-10.617514,0.72,18,0.72,0,307
14146,1,0,0.0,0.72,18,0.72,1,307
14147,2,1,-43.333164,0.8,20,0.8,0,307
14148,1,0,0.0,0.8,20,0.8,0,307
14149,1,0,0.0,0.8,20,0.8,0,307
14150,1,0,0.0,0.8,20,0.8,0,307
14151,1,0,0.0,0.8,20,0.8,0,307
14152,1,0,0.0,0.8,20,0.8,0,307
14153,1,0,0.0,0.8,20,0.8,0,307
14154,1,0,0.0,0.8,20,0.8,0,307
14155,1,0,0.0,0.8,20,0.8,0,307
14156,1,0,0.0,0.8,20,0.8,0,307
14157,1,0,0.0,0.8,20,0.8,0,307
14158,2,1,-34.28326,0.84,21,0.84,0,307
14159,1,0,0.0,0.84,21,0.84,0,307
14160,1,0,0.0,0.84,21,0.84,0,307
14161,1,0,0.0,0.84,21,0.84,0,307
14162,1,0,0.0,0.84,21,0.84,0,307
14163,1,0,0.0,0.84,21,0.84,0,307
14164,1,0,0.0,0.84,21,0.84,0,307
14165,1,0,0.0,0.84,21,0.84,0,307
14166,1,0,0.0,0.84,21,0.84,0,307
14167,1,0,0.0,0.84,21,0.84,1,307
14168,1,0,0.0,0.84,21,0.84,0,307
14169,2,1,-78.888374,0.88,22,0.88,0,307
14170,1,0,0.0,0.88,22,0.88,0,307
14171,1,0,0.0,0.88,22,0.88,1,307
14172,1,0,0.0,0.88,22,0.88,0,307
14173,1,0,0.0,0.88,22,0.88,0,307
14174,1,0,0.0,0.88,22,0.88,0,307
14175,1,0,0.0,0.88,22,0.88,0,307
14176,1,0,0.0,0.88,22,0.88,0,307
14177,1,0,0.0,0.88,22,0.88,0,307
14178,1,0,0.0,0.88,22,0.88,0,307
14179,1,0,0.0,0.88,22,0.88,0,307
14180,1,0,-1000.0,0.0,0,0.0,0,307
14181,2,1,28.364332,0.2,5,0.2,0,308
14182,2,1,28.208652,0.24,6,0.24,0,308
14183,2,1,-4.515826,0.28,7,0.28,0,308
14184,2,1,17.914507,0.36,9,0.36,0,308
14185,1,0,0.0,0.36,9,0.36,0,308
14186,2,1,25.459835,0.4,10,0.4,1,308
14187,1,0,0.0,0.4,10,0.4,0,308
14188,1,0,0.0,0.4,10,0.4,0,308
14189,2,1,12.819709,0.48,12,0.48,1,308
14190,0,-1,-26.199095,0.48,12,0.48,0,308
14191,2,1,22.703985,0.52,13,0.52,0,308
14192,1,0,0.0,0.52,13,0.52,0,308
14193,1,0,0.0,0.52,13,0.52,0,308
14194,1,0,0.0,0.52,13,0.52,0,308
14195,1,0,0.0,0.52,13,0.52,0,308
14196,1,0,0.0,0.52,13,0.52,0,308
14197,1,0,0.0,0.52,13,0.52,0,308
14198,1,0,0.0,0.52,13,0.52,0,308
14199,1,0,0.0,0.52,13,0.52,0,308
14200,1,0,0.0,0.52,13,0.52,0,308
14201,1,0,0.0,0.52,13,0.52,0,308
14202,1,0,-1000.0,0.0,0,0.0,0,308
14203,2,1,-4.1406527,0.2,5,0.2,0,309
14204,1,0,0.0,0.2,5,0.2,0,309
14205,1,0,0.0,0.2,5,0.2,0,309
14206,2,1,28.208652,0.24,6,0.24,0,309
14207,1,0,0.0,0.24,6,0.24,0,309
14208,1,0,0.0,0.24,6,0.24,0,309
14209,2,1,23.39962,0.32,8,0.32,0,309
14210,1,0,0.0,0.32,8,0.32,0,309
14211,1,0,0.0,0.32,8,0.32,0,309
14212,0,-1,4.847297,0.28,7,0.28,0,309
14213,2,1,21.33844,0.36,9,0.36,0,309
14214,1,0,0.0,0.36,9,0.36,0,309
14215,1,0,0.0,0.36,9,0.36,0,309
14216,2,1,9.33523,0.48,12,0.48,0,309
14217,0,-1,-0.0040504737,0.48,12,0.48,0,309
14218,2,1,9.622631,0.56,14,0.56,0,309
14219,2,1,0.5891884,0.64,16,0.64,0,309
14220,1,0,0.0,0.64,16,0.64,0,309
14221,1,0,0.0,0.64,16,0.64,1,309
14222,1,0,0.0,0.64,16,0.64,0,309
14223,1,0,0.0,0.64,16,0.64,0,309
14224,1,0,0.0,0.64,16,0.64,1,309
14225,1,0,0.0,0.64,16,0.64,0,309
14226,1,0,0.0,0.64,16,0.64,0,309
14227,1,0,0.0,0.64,16,0.64,0,309
14228,2,1,1.7880133,0.68,17,0.68,0,309
14229,1,0,0.0,0.68,17,0.68,0,309
14230,1,0,0.0,0.68,17,0.68,0,309
14231,1,0,0.0,0.68,17,0.68,0,309
14232,1,0,0.0,0.68,17,0.68,0,309
14233,1,0,0.0,0.68,17,0.68,0,309
14234,1,0,0.0,0.68,17,0.68,0,309
14235,1,0,0.0,0.68,17,0.68,0,309
14236,1,0,0.0,0.68,17,0.68,0,309
14237,1,0,0.0,0.68,17,0.68,0,309
14238,1,0,0.0,0.68,17,0.68,0,309
14239,1,0,-1000.0,0.0,0,0.0,0,309
14240,2,1,-4.1406527,0.2,5,0.2,0,310
14241,2,1,23.70996,0.28,7,0.28,0,310
14242,1,0,0.0,0.28,7,0.28,0,310
14243,2,1,27.639961,0.32,8,0.32,0,310
14244,2,1,26.003696,0.36,9,0.36,0,310
14245,1,0,0.0,0.36,9,0.36,0,310
14246,1,0,0.0,0.36,9,0.36,0,310
14247,2,1,-5.829036,0.4,10,0.4,0,310
14248,1,0,0.0,0.4,10,0.4,0,310
14249,2,1,21.522146,0.44,11,0.44,0,310
14250,1,0,0.0,0.44,11,0.44,0,310
14251,1,0,0.0,0.44,11,0.44,0,310
14252,1,0,0.0,0.44,11,0.44,0,310
14253,2,1,-7.391858,0.48,12,0.48,0,310
14254,2,1,10.65724,0.56,14,0.56,0,310
14255,2,1,-11.786878,0.6,15,0.6,1,310
14256,2,1,17.001137,0.64,16,0.64,0,310
14257,1,0,0.0,0.64,16,0.64,0,310
14258,1,0,0.0,0.64,16,0.64,0,310
14259,1,0,0.0,0.64,16,0.64,0,310
14260,1,0,0.0,0.64,16,0.64,0,310
14261,2,1,-13.806819,0.72,18,0.72,0,310
14262,1,0,0.0,0.72,18,0.72,0,310
14263,1,0,0.0,0.72,18,0.72,0,310
14264,2,1,-3.552046,0.76,19,0.76,0,310
14265,1,0,0.0,0.76,19,0.76,0,310
14266,1,0,0.0,0.76,19,0.76,0,310
14267,1,0,0.0,0.76,19,0.76,0,310
14268,1,0,0.0,0.76,19,0.76,0,310
14269,1,0,0.0,0.76,19,0.76,0,310
14270,1,0,0.0,0.76,19,0.76,0,310
14271,1,0,0.0,0.76,19,0.76,0,310
14272,2,1,-41.985973,0.8,20,0.8,0,310
14273,1,0,0.0,0.8,20,0.8,0,310
14274,1,0,0.0,0.8,20,0.8,0,310
14275,1,0,0.0,0.8,20,0.8,0,310
14276,1,0,0.0,0.8,20,0.8,0,310
14277,1,0,0.0,0.8,20,0.8,0,310
14278,2,1,-62.804176,0.84,21,0.84,0,310
14279,1,0,0.0,0.84,21,0.84,0,310
14280,1,0,0.0,0.84,21,0.84,1,310
14281,1,0,0.0,0.84,21,0.84,0,310
14282,1,0,0.0,0.84,21,0.84,0,310
14283,1,0,0.0,0.84,21,0.84,0,310
14284,1,0,0.0,0.84,21,0.84,0,310
14285,1,0,0.0,0.84,21,0.84,0,310
14286,1,0,0.0,0.84,21,0.84,0,310
14287,1,0,0.0,0.84,21,0.84,0,310
14288,1,0,0.0,0.84,21,0.84,0,310
14289,1,0,-1000.0,0.0,0,0.0,0,310
14290,2,1,28.346605,0.2,5,0.2,0,311
14291,2,1,23.968313,0.28,7,0.28,1,311
14292,2,1,16.063423,0.32,8,0.32,0,311
14293,2,1,25.964912,0.36,9,0.36,0,311
14294,2,1,9.229665,0.48,12,0.48,0,311
14295,1,0,0.0,0.48,12,0.48,0,311
14296,2,1,8.081287,0.56,14,0.56,1,311
14297,0,-1,-12.494239,0.52,13,0.52,0,311
14298,1,0,0.0,0.52,13,0.52,0,311
14299,1,0,0.0,0.52,13,0.52,0,311
14300,1,0,0.0,0.52,13,0.52,0,311
14301,1,0,0.0,0.52,13,0.52,0,311
14302,2,1,19.674595,0.56,14,0.56,0,311
14303,1,0,0.0,0.56,14,0.56,0,311
14304,1,0,0.0,0.56,14,0.56,0,311
14305,1,0,0.0,0.56,14,0.56,0,311
14306,1,0,0.0,0.56,14,0.56,0,311
14307,1,0,0.0,0.56,14,0.56,0,311
14308,1,0,0.0,0.56,14,0.56,0,311
14309,2,1,17.797287,0.6,15,0.6,0,311
14310,1,0,0.0,0.6,15,0.6,0,311
14311,1,0,0.0,0.6,15,0.6,0,311
14312,1,0,0.0,0.6,15,0.6,0,311
14313,2,1,-5.8743873,0.68,17,0.68,1,311
14314,1,0,0.0,0.68,17,0.68,0,311
14315,1,0,0.0,0.68,17,0.68,0,311
14316,1,0,0.0,0.68,17,0.68,0,311
14317,2,1,-24.409294,0.76,19,0.76,0,311
14318,1,0,0.0,0.76,19,0.76,0,311
14319,1,0,0.0,0.76,19,0.76,0,311
14320,1,0,0.0,0.76,19,0.76,0,311
14321,1,0,0.0,0.76,19,0.76,0,311
14322,1,0,0.0,0.76,19,0.76,0,311
14323,1,0,0.0,0.76,19,0.76,0,311
14324,1,0,0.0,0.76,19,0.76,0,311
14325,1,0,0.0,0.76,19,0.76,0,311
14326,1,0,0.0,0.76,19,0.76,0,311
14327,1,0,0.0,0.76,19,0.76,0,311
14328,1,0,-1000.0,0.0,0,0.0,0,311
14329,1,0,0.0,0.16,4,0.16,0,312
14330,2,1,-4.1407347,0.2,5,0.2,0,312
14331,2,1,23.692236,0.28,7,0.28,0,312
14332,2,1,-10.12841,0.36,9,0.36,0,312
14333,2,1,-5.828954,0.4,10,0.4,0,312
14334,2,1,-6.520784,0.44,11,0.44,0,312
14335,1,0,0.0,0.44,11,0.44,0,312
14336,2,1,25.113762,0.48,12,0.48,0,312
14337,2,1,-18.420158,0.56,14,0.56,0,312
14338,1,0,0.0,0.56,14,0.56,0,312
14339,1,0,0.0,0.56,14,0.56,0,312
14340,1,0,0.0,0.56,14,0.56,0,312
14341,1,0,0.0,0.56,14,0.56,0,312
14342,2,1,1.9695174,0.64,16,0.64,0,312
14343,1,0,0.0,0.64,16,0.64,0,312
14344,1,0,0.0,0.64,16,0.64,0,312
14345,1,0,0.0,0.64,16,0.64,0,312
14346,1,0,0.0,0.64,16,0.64,0,312
14347,1,0,0.0,0.64,16,0.64,0,312
14348,1,0,0.0,0.64,16,0.64,1,312
14349,1,0,0.0,0.64,16,0.64,0,312
14350,1,0,0.0,0.64,16,0.64,0,312
14351,1,0,0.0,0.64,16,0.64,1,312
14352,1,0,0.0,0.64,16,0.64,0,312
14353,1,0,-1000.0,0.0,0,0.0,0,312
14354,1,0,0.0,0.16,4,0.16,0,313
14355,1,0,0.0,0.16,4,0.16,0,313
14356,2,1,28.364332,0.2,5,0.2,0,313
14357,2,1,19.247265,0.28,7,0.28,0,313
14358,2,1,16.79483,0.4,10,0.4,0,313
14359,1,0,0.0,0.4,10,0.4,1,313
14360,1,0,0.0,0.4,10,0.4,0,313
14361,1,0,0.0,0.4,10,0.4,0,313
14362,2,1,14.394717,0.48,12,0.48,0,313
14363,2,1,11.021106,0.52,13,0.52,0,313
14364,2,1,3.7041821,0.56,14,0.56,0,313
14365,1,0,0.0,0.56,14,0.56,0,313
14366,1,0,0.0,0.56,14,0.56,0,313
14367,1,0,0.0,0.56,14,0.56,0,313
14368,2,1,5.3478084,0.64,16,0.64,0,313
14369,1,0,0.0,0.64,16,0.64,0,313
14370,1,0,0.0,0.64,16,0.64,0,313
14371,1,0,0.0,0.64,16,0.64,0,313
14372,1,0,0.0,0.64,16,0.64,0,313
14373,1,0,0.0,0.64,16,0.64,0,313
14374,1,0,0.0,0.64,16,0.64,0,313
14375,1,0,0.0,0.64,16,0.64,0,313
14376,1,0,0.0,0.64,16,0.64,0,313
14377,1,0,0.0,0.64,16,0.64,0,313
14378,1,0,0.0,0.64,16,0.64,0,313
14379,1,0,-1000.0,0.0,0,0.0,0,313
14380,2,1,-4.1407347,0.2,5,0.2,0,314
14381,2,1,28.208652,0.24,6,0.24,0,314
14382,2,1,-4.51638,0.28,7,0.28,0,314
14383,2,1,-4.847965,0.32,8,0.32,0,314
14384,1,0,0.0,0.32,8,0.32,0,314
14385,2,1,15.133083,0.44,11,0.44,0,314
14386,1,0,0.0,0.44,11,0.44,0,314
14387,1,0,0.0,0.44,11,0.44,0,314
14388,1,0,0.0,0.44,11,0.44,1,314
14389,1,0,0.0,0.44,11,0.44,0,314
14390,1,0,0.0,0.44,11,0.44,0,314
14391,2,1,20.578526,0.48,12,0.48,0,314
14392,1,0,0.0,0.48,12,0.48,0,314
14393,2,1,12.167341,0.52,13,0.52,0,314
14394,1,0,0.0,0.52,13,0.52,0,314
14395,1,0,0.0,0.52,13,0.52,0,314
14396,2,1,8.614294,0.56,14,0.56,0,314
14397,1,0,0.0,0.56,14,0.56,0,314
14398,1,0,0.0,0.56,14,0.56,0,314
14399,2,1,5.370071,0.64,16,0.64,0,314
14400,1,0,0.0,0.64,16,0.64,0,314
14401,1,0,0.0,0.64,16,0.64,0,314
14402,1,0,0.0,0.64,16,0.64,0,314
14403,1,0,0.0,0.64,16,0.64,0,314
14404,1,0,0.0,0.64,16,0.64,0,314
14405,1,0,0.0,0.64,16,0.64,0,314
14406,1,0,0.0,0.64,16,0.64,0,314
14407,1,0,0.0,0.64,16,0.64,0,314
14408,1,0,0.0,0.64,16,0.64,0,314
14409,2,1,-45.812344,0.76,19,0.76,0,314
14410,1,0,0.0,0.76,19,0.76,0,314
14411,1,0,0.0,0.76,19,0.76,0,314
14412,1,0,0.0,0.76,19,0.76,0,314
14413,1,0,0.0,0.76,19,0.76,0,314
14414,1,0,0.0,0.76,19,0.76,1,314
14415,1,0,0.0,0.76,19,0.76,0,314
14416,1,0,0.0,0.76,19,0.76,0,314
14417,1,0,0.0,0.76,19,0.76,0,314
14418,1,0,0.0,0.76,19,0.76,0,314
14419,1,0,0.0,0.76,19,0.76,0,314
14420,1,0,-1000.0,0.0,0,0.0,0,314
14421,2,1,28.346605,0.2,5,0.2,0,315
14422,2,1,19.461393,0.28,7,0.28,0,315
14423,1,0,0.0,0.28,7,0.28,0,315
14424,1,0,0.0,0.28,7,0.28,0,315
14425,2,1,22.635555,0.36,9,0.36,0,315
14426,2,1,25.459835,0.4,10,0.4,0,315
14427,2,1,6.5802827,0.52,13,0.52,0,315
14428,1,0,0.0,0.52,13,0.52,0,315
14429,2,1,5.0277534,0.6,15,0.6,0,315
14430,1,0,0.0,0.6,15,0.6,0,315
14431,1,0,0.0,0.6,15,0.6,0,315
14432,1,0,0.0,0.6,15,0.6,0,315
14433,1,0,0.0,0.6,15,0.6,1,315
14434,1,0,0.0,0.6,15,0.6,0,315
14435,1,0,0.0,0.6,15,0.6,0,315
14436,1,0,0.0,0.6,15,0.6,0,315
14437,1,0,0.0,0.6,15,0.6,0,315
14438,1,0,0.0,0.6,15,0.6,0,315
14439,1,0,0.0,0.6,15,0.6,0,315
14440,1,0,-1000.0,0.0,0,0.0,0,315
14441,2,1,-4.1407347,0.2,5,0.2,0,316
14442,2,1,28.208652,0.24,6,0.24,0,316
14443,2,1,23.740671,0.28,7,0.28,0,316
14444,2,1,27.657686,0.32,8,0.32,0,316
14445,2,1,20.179146,0.4,10,0.4,0,316
14446,2,1,24.768646,0.44,11,0.44,0,316
14447,2,1,22.260569,0.48,12,0.48,0,316
14448,1,0,0.0,0.48,12,0.48,0,316
14449,2,1,21.152006,0.52,13,0.52,0,316
14450,1,0,0.0,0.52,13,0.52,0,316
14451,2,1,17.848795,0.56,14,0.56,0,316
14452,1,0,0.0,0.56,14,0.56,0,316
14453,1,0,0.0,0.56,14,0.56,0,316
14454,1,0,0.0,0.56,14,0.56,0,316
14455,1,0,0.0,0.56,14,0.56,0,316
14456,1,0,0.0,0.56,14,0.56,0,316
14457,2,1,2.6954784,0.64,16,0.64,0,316
14458,1,0,0.0,0.64,16,0.64,0,316
14459,2,1,10.035843,0.68,17,0.68,0,316
14460,2,1,4.087081,0.72,18,0.72,0,316
14461,1,0,0.0,0.72,18,0.72,1,316
14462,1,0,0.0,0.72,18,0.72,0,316
14463,1,0,0.0,0.72,18,0.72,0,316
14464,1,0,0.0,0.72,18,0.72,0,316
14465,2,1,-3.5440915,0.76,19,0.76,1,316
14466,2,1,-16.882126,0.8,20,0.8,1,316
14467,2,1,-1000.0,0.0,0,0.0,0,316
14468,2,1,-4.1406527,0.2,5,0.2,0,317
14469,2,1,-4.278687,0.24,6,0.24,0,317
14470,2,1,27.98924,0.28,7,0.28,0,317
14471,2,1,27.639961,0.32,8,0.32,0,317
14472,2,1,-5.280317,0.36,9,0.36,0,317
14473,1,0,0.0,0.36,9,0.36,0,317
14474,1,0,0.0,0.36,9,0.36,0,317
14475,2,1,22.213333,0.4,10,0.4,0,317
14476,1,0,0.0,0.4,10,0.4,0,317
14477,2,1,-13.912674,0.48,12,0.48,0,317
14478,1,0,0.0,0.48,12,0.48,1,317
14479,2,1,-8.498153,0.52,13,0.52,0,317
14480,2,1,21.32169,0.56,14,0.56,0,317
14481,2,1,16.53605,0.6,15,0.6,0,317
14482,1,0,0.0,0.6,15,0.6,0,317
14483,1,0,0.0,0.6,15,0.6,0,317
14484,1,0,0.0,0.6,15,0.6,0,317
14485,1,0,0.0,0.6,15,0.6,0,317
14486,1,0,0.0,0.6,15,0.6,0,317
14487,2,1,12.356636,0.64,16,0.64,0,317
14488,2,1,8.791005,0.68,17,0.68,0,317
14489,1,0,0.0,0.68,17,0.68,0,317
14490,1,0,0.0,0.68,17,0.68,0,317
14491,2,1,-63.486736,0.8,20,0.8,0,317
14492,1,0,0.0,0.8,20,0.8,0,317
14493,1,0,0.0,0.8,20,0.8,0,317
14494,1,0,0.0,0.8,20,0.8,0,317
14495,1,0,0.0,0.8,20,0.8,0,317
14496,1,0,0.0,0.8,20,0.8,0,317
14497,1,0,0.0,0.8,20,0.8,0,317
14498,1,0,0.0,0.8,20,0.8,0,317
14499,1,0,0.0,0.8,20,0.8,0,317
14500,1,0,0.0,0.8,20,0.8,0,317
14501,1,0,0.0,0.8,20,0.8,0,317
14502,1,0,-1000.0,0.0,0,0.0,0,317
14503,2,1,-4.1406527,0.2,5,0.2,0,318
14504,1,0,0.0,0.2,5,0.2,0,318
14505,2,1,28.208652,0.24,6,0.24,0,318
14506,2,1,23.39962,0.32,8,0.32,0,318
14507,1,0,0.0,0.32,8,0.32,0,318
14508,2,1,26.008978,0.36,9,0.36,0,318
14509,1,0,0.0,0.36,9,0.36,0,318
14510,2,1,23.820692,0.4,10,0.4,0,318
14511,2,1,23.131649,0.44,11,0.44,0,318
14512,1,0,0.0,0.44,11,0.44,0,318
14513,2,1,-8.360594,0.6,15,0.6,0,318
14514,1,0,0.0,0.6,15,0.6,0,318
14515,2,1,13.484284,0.64,16,0.64,0,318
14516,1,0,0.0,0.64,16,0.64,0,318
14517,2,1,-41.34389,0.76,19,0.76,0,318
14518,1,0,0.0,0.76,19,0.76,0,318
14519,1,0,0.0,0.76,19,0.76,0,318
14520,1,0,0.0,0.76,19,0.76,0,318
14521,1,0,0.0,0.76,19,0.76,0,318
14522,1,0,0.0,0.76,19,0.76,1,318
14523,1,0,0.0,0.76,19,0.76,0,318
14524,1,0,0.0,0.76,19,0.76,0,318
14525,2,1,-77.005806,0.84,21,0.84,0,318
14526,1,0,0.0,0.84,21,0.84,0,318
14527,2,1,-79.305824,0.88,22,0.88,0,318
14528,1,0,0.0,0.88,22,0.88,0,318
14529,1,0,0.0,0.88,22,0.88,0,318
14530,1,0,0.0,0.88,22,0.88,0,318
14531,1,0,0.0,0.88,22,0.88,0,318
14532,1,0,0.0,0.88,22,0.88,0,318
14533,1,0,0.0,0.88,22,0.88,0,318
14534,1,0,0.0,0.88,22,0.88,0,318
14535,2,1,-186.08647,0.92,23,0.92,0,318
14536,1,0,0.0,0.92,23,0.92,0,318
14537,1,0,0.0,0.92,23,0.92,0,318
14538,1,0,0.0,0.92,23,0.92,0,318
14539,1,0,0.0,0.92,23,0.92,0,318
14540,2,1,-599.6869,0.96,24,0.96,0,318
14541,1,0,0.0,0.96,24,0.96,0,318
14542,1,0,0.0,0.96,24,0.96,1,318
14543,2,1,25.480051,1.0,25,1.0,0,318
14544,1,0,-1000.0,0.0,0,0.0,0,318
14545,0,-1,-0.0,0.16,4,0.16,0,319
14546,2,1,-4.1407347,0.2,5,0.2,0,319
14547,2,1,28.208652,0.24,6,0.24,0,319
14548,2,1,23.740671,0.28,7,0.28,0,319
14549,1,0,0.0,0.28,7,0.28,0,319
14550,2,1,22.635555,0.36,9,0.36,0,319
14551,1,0,0.0,0.36,9,0.36,0,319
14552,1,0,0.0,0.36,9,0.36,0,319
14553,2,1,19.116451,0.44,11,0.44,0,319
14554,1,0,0.0,0.44,11,0.44,0,319
14555,1,0,0.0,0.44,11,0.44,0,319
14556,1,0,0.0,0.44,11,0.44,0,319
14557,1,0,0.0,0.44,11,0.44,0,319
14558,2,1,3.1790812,0.56,14,0.56,0,319
14559,1,0,0.0,0.56,14,0.56,0,319
14560,1,0,0.0,0.56,14,0.56,1,319
14561,1,0,0.0,0.56,14,0.56,0,319
14562,1,0,0.0,0.56,14,0.56,0,319
14563,1,0,0.0,0.56,14,0.56,0,319
14564,1,0,0.0,0.56,14,0.56,0,319
14565,1,0,0.0,0.56,14,0.56,0,319
14566,1,0,0.0,0.56,14,0.56,0,319
14567,1,0,0.0,0.56,14,0.56,0,319
14568,1,0,0.0,0.56,14,0.56,0,319
14569,2,1,3.6144636,0.64,16,0.64,0,319
14570,1,0,0.0,0.64,16,0.64,0,319
14571,1,0,0.0,0.64,16,0.64,0,319
14572,1,0,0.0,0.64,16,0.64,0,319
14573,1,0,0.0,0.64,16,0.64,0,319
14574,1,0,0.0,0.64,16,0.64,0,319
14575,1,0,0.0,0.64,16,0.64,0,319
14576,1,0,0.0,0.64,16,0.64,0,319
14577,1,0,0.0,0.64,16,0.64,0,319
14578,2,1,8.187288,0.68,17,0.68,0,319
14579,1,0,0.0,0.68,17,0.68,1,319
14580,1,0,0.0,0.68,17,0.68,0,319
14581,1,0,0.0,0.68,17,0.68,0,319
14582,1,0,0.0,0.68,17,0.68,0,319
14583,2,1,-6.242784,0.72,18,0.72,0,319
14584,1,0,0.0,0.72,18,0.72,0,319
14585,1,0,0.0,0.72,18,0.72,0,319
14586,1,0,0.0,0.72,18,0.72,0,319
14587,1,0,0.0,0.72,18,0.72,0,319
14588,1,0,0.0,0.72,18,0.72,0,319
14589,1,0,0.0,0.72,18,0.72,0,319
14590,1,0,0.0,0.72,18,0.72,0,319
14591,1,0,0.0,0.72,18,0.72,0,319
14592,1,0,0.0,0.72,18,0.72,0,319
14593,1,0,0.0,0.72,18,0.72,0,319
14594,1,0,-1000.0,0.0,0,0.0,0,319
14595,2,1,28.346605,0.2,5,0.2,0,320
14596,2,1,28.22638,0.24,6,0.24,0,320
14597,2,1,-4.515826,0.28,7,0.28,0,320
14598,2,1,23.409119,0.32,8,0.32,0,320
14599,1,0,0.0,0.32,8,0.32,0,320
14600,2,1,20.179146,0.4,10,0.4,0,320
14601,2,1,17.554182,0.48,12,0.48,0,320
14602,1,0,0.0,0.48,12,0.48,0,320
14603,2,1,19.999044,0.52,13,0.52,0,320
14604,1,0,0.0,0.52,13,0.52,0,320
14605,2,1,16.840895,0.56,14,0.56,0,320
14606,1,0,0.0,0.56,14,0.56,0,320
14607,1,0,0.0,0.56,14,0.56,0,320
14608,1,0,0.0,0.56,14,0.56,0,320
14609,1,0,0.0,0.56,14,0.56,0,320
14610,1,0,0.0,0.56,14,0.56,0,320
14611,1,0,0.0,0.56,14,0.56,0,320
14612,1,0,0.0,0.56,14,0.56,0,320
14613,1,0,0.0,0.56,14,0.56,0,320
14614,1,0,0.0,0.56,14,0.56,0,320
14615,2,1,0.4878623,0.64,16,0.64,0,320
14616,1,0,0.0,0.64,16,0.64,0,320
14617,1,0,0.0,0.64,16,0.64,1,320
14618,1,0,0.0,0.64,16,0.64,0,320
14619,1,0,0.0,0.64,16,0.64,0,320
14620,1,0,0.0,0.64,16,0.64,0,320
14621,1,0,0.0,0.64,16,0.64,0,320
14622,1,0,0.0,0.64,16,0.64,0,320
14623,1,0,0.0,0.64,16,0.64,0,320
14624,1,0,0.0,0.64,16,0.64,0,320
14625,1,0,0.0,0.64,16,0.64,0,320
14626,1,0,-1000.0,0.0,0,0.0,0,320
14627,2,1,28.346605,0.2,5,0.2,0,321
14628,2,1,-4.278687,0.24,6,0.24,0,321
14629,2,1,-4.515744,0.28,7,0.28,0,321
14630,2,1,-4.8479395,0.32,8,0.32,0,321
14631,2,1,21.653898,0.4,10,0.4,0,321
14632,1,0,0.0,0.4,10,0.4,0,321
14633,1,0,0.0,0.4,10,0.4,0,321
14634,2,1,24.768646,0.44,11,0.44,0,321
14635,1,0,0.0,0.44,11,0.44,0,321
14636,0,-1,6.5202236,0.4,10,0.4,0,321
14637,1,0,0.0,0.4,10,0.4,0,321
14638,2,1,-6.520809,0.44,11,0.44,0,321
14639,1,0,0.0,0.44,11,0.44,1,321
14640,1,0,0.0,0.44,11,0.44,0,321
14641,2,1,22.15264,0.48,12,0.48,0,321
14642,2,1,21.119238,0.52,13,0.52,0,321
14643,1,0,0.0,0.52,13,0.52,0,321
14644,2,1,-11.327295,0.64,16,0.64,0,321
14645,2,1,10.005241,0.68,17,0.68,0,321
14646,1,0,0.0,0.68,17,0.68,0,321
14647,2,1,-128.33354,0.84,21,0.84,0,321
14648,1,0,0.0,0.84,21,0.84,0,321
14649,1,0,0.0,0.84,21,0.84,0,321
14650,1,0,0.0,0.84,21,0.84,0,321
14651,1,0,0.0,0.84,21,0.84,0,321
14652,1,0,0.0,0.84,21,0.84,1,321
14653,1,0,0.0,0.84,21,0.84,0,321
14654,1,0,0.0,0.84,21,0.84,1,321
14655,1,0,0.0,0.84,21,0.84,0,321
14656,1,0,0.0,0.84,21,0.84,0,321
14657,1,0,0.0,0.84,21,0.84,0,321
14658,2,1,-82.11857,0.88,22,0.88,0,321
14659,1,0,0.0,0.88,22,0.88,0,321
14660,1,0,0.0,0.88,22,0.88,1,321
14661,1,0,0.0,0.88,22,0.88,0,321
14662,1,0,0.0,0.88,22,0.88,0,321
14663,1,0,0.0,0.88,22,0.88,0,321
14664,1,0,0.0,0.88,22,0.88,0,321
14665,1,0,0.0,0.88,22,0.88,0,321
14666,1,0,0.0,0.88,22,0.88,0,321
14667,1,0,0.0,0.88,22,0.88,0,321
14668,1,0,0.0,0.88,22,0.88,0,321
14669,2,1,-804.85864,0.96,24,0.96,0,321
14670,1,0,0.0,0.96,24,0.96,0,321
14671,1,0,0.0,0.96,24,0.96,0,321
14672,1,0,0.0,0.96,24,0.96,0,321
14673,1,0,0.0,0.96,24,0.96,0,321
14674,1,0,0.0,0.96,24,0.96,0,321
14675,2,1,29.261282,1.0,25,1.0,0,321
14676,1,0,-1000.0,0.0,0,0.0,0,321
14677,2,1,-4.1406527,0.2,5,0.2,0,322
14678,2,1,-4.278687,0.24,6,0.24,0,322
14679,0,-1,4.278605,0.2,5,0.2,0,322
14680,1,0,0.0,0.2,5,0.2,0,322
14681,2,1,28.22638,0.24,6,0.24,0,322
14682,2,1,-4.515744,0.28,7,0.28,0,322
14683,2,1,-4.8479323,0.32,8,0.32,0,322
14684,1,0,0.0,0.32,8,0.32,0,322
14685,1,0,0.0,0.32,8,0.32,1,322
14686,2,1,17.250711,0.36,9,0.36,0,322
14687,1,0,0.0,0.36,9,0.36,0,322
14688,1,0,0.0,0.36,9,0.36,0,322
14689,2,1,20.318302,0.44,11,0.44,0,322
14690,1,0,0.0,0.44,11,0.44,0,322
14691,2,1,23.81019,0.48,12,0.48,0,322
14692,1,0,0.0,0.48,12,0.48,0,322
14693,1,0,0.0,0.48,12,0.48,0,322
14694,1,0,0.0,0.48,12,0.48,0,322
14695,1,0,0.0,0.48,12,0.48,0,322
14696,1,0,0.0,0.48,12,0.48,0,322
14697,1,0,0.0,0.48,12,0.48,1,322
14698,1,0,0.0,0.48,12,0.48,0,322
14699,1,0,0.0,0.48,12,0.48,0,322
14700,1,0,0.0,0.48,12,0.48,0,322
14701,1,0,0.0,0.48,12,0.48,0,322
14702,2,1,21.039684,0.52,13,0.52,0,322
14703,1,0,0.0,0.52,13,0.52,0,322
14704,2,1,8.639051,0.6,15,0.6,0,322
14705,1,0,0.0,0.6,15,0.6,0,322
14706,1,0,0.0,0.6,15,0.6,0,322
14707,1,0,0.0,0.6,15,0.6,0,322
14708,2,1,14.432054,0.64,16,0.64,0,322
14709,1,0,0.0,0.64,16,0.64,0,322
14710,2,1,9.617391,0.68,17,0.68,0,322
14711,1,0,0.0,0.68,17,0.68,0,322
14712,1,0,0.0,0.68,17,0.68,0,322
14713,1,0,0.0,0.68,17,0.68,0,322
14714,1,0,0.0,0.68,17,0.68,0,322
14715,1,0,0.0,0.68,17,0.68,0,322
14716,2,1,-65.56044,0.8,20,0.8,1,322
14717,1,0,0.0,0.8,20,0.8,0,322
14718,1,0,0.0,0.8,20,0.8,0,322
14719,1,0,0.0,0.8,20,0.8,0,322
14720,2,1,-37.55983,0.84,21,0.84,0,322
14721,1,0,0.0,0.84,21,0.84,0,322
14722,1,0,0.0,0.84,21,0.84,0,322
14723,1,0,0.0,0.84,21,0.84,0,322
14724,1,0,0.0,0.84,21,0.84,0,322
14725,1,0,0.0,0.84,21,0.84,0,322
14726,1,0,0.0,0.84,21,0.84,0,322
14727,2,1,-1000.0,0.0,0,0.0,0,322
14728,2,1,28.364332,0.2,5,0.2,0,323
14729,2,1,-4.278687,0.24,6,0.24,0,323
14730,2,1,23.38718,0.32,8,0.32,0,323
14731,1,0,0.0,0.32,8,0.32,0,323
14732,2,1,26.003696,0.36,9,0.36,0,323
14733,2,1,22.427462,0.4,10,0.4,0,323
14734,1,0,0.0,0.4,10,0.4,0,323
14735,1,0,0.0,0.4,10,0.4,0,323
14736,1,0,0.0,0.4,10,0.4,0,323
14737,1,0,0.0,0.4,10,0.4,0,323
14738,1,0,0.0,0.4,10,0.4,0,323
14739,1,0,0.0,0.4,10,0.4,0,323
14740,0,-1,-0.0,0.4,10,0.4,1,323
14741,1,0,0.0,0.4,10,0.4,0,323
14742,1,0,0.0,0.4,10,0.4,0,323
14743,1,0,0.0,0.4,10,0.4,0,323
14744,1,0,0.0,0.4,10,0.4,0,323
14745,2,1,23.144829,0.44,11,0.44,0,323
14746,2,1,13.838459,0.52,13,0.52,0,323
14747,1,0,0.0,0.52,13,0.52,0,323
14748,2,1,17.809189,0.56,14,0.56,0,323
14749,1,0,0.0,0.56,14,0.56,0,323
14750,1,0,0.0,0.56,14,0.56,0,323
14751,1,0,0.0,0.56,14,0.56,0,323
14752,1,0,0.0,0.56,14,0.56,0,323
14753,1,0,0.0,0.56,14,0.56,0,323
14754,1,0,0.0,0.56,14,0.56,0,323
14755,1,0,0.0,0.56,14,0.56,0,323
14756,2,1,2.621692,0.64,16,0.64,0,323
14757,1,0,0.0,0.64,16,0.64,0,323
14758,1,0,0.0,0.64,16,0.64,0,323
14759,1,0,0.0,0.64,16,0.64,0,323
14760,1,0,0.0,0.64,16,0.64,0,323
14761,1,0,0.0,0.64,16,0.64,0,323
14762,2,1,8.134865,0.68,17,0.68,0,323
14763,1,0,0.0,0.68,17,0.68,0,323
14764,1,0,0.0,0.68,17,0.68,0,323
14765,1,0,0.0,0.68,17,0.68,1,323
14766,1,0,0.0,0.68,17,0.68,0,323
14767,1,0,0.0,0.68,17,0.68,0,323
14768,1,0,0.0,0.68,17,0.68,0,323
14769,1,0,0.0,0.68,17,0.68,0,323
14770,1,0,0.0,0.68,17,0.68,0,323
14771,1,0,0.0,0.68,17,0.68,0,323
14772,1,0,0.0,0.68,17,0.68,0,323
14773,2,1,-25.368526,0.76,19,0.76,0,323
14774,1,0,0.0,0.76,19,0.76,0,323
14775,1,0,0.0,0.76,19,0.76,0,323
14776,1,0,0.0,0.76,19,0.76,1,323
14777,1,0,0.0,0.76,19,0.76,1,323
14778,1,0,0.0,0.76,19,0.76,0,323
14779,1,0,0.0,0.76,19,0.76,0,323
14780,1,0,0.0,0.76,19,0.76,0,323
14781,1,0,0.0,0.76,19,0.76,0,323
14782,1,0,0.0,0.76,19,0.76,0,323
14783,1,0,0.0,0.76,19,0.76,0,323
14784,1,0,-1000.0,0.0,0,0.0,0,323
14785,1,0,0.0,0.16,4,0.16,0,324
14786,2,1,-4.1407347,0.2,5,0.2,0,324
14787,2,1,-4.27924,0.24,6,0.24,0,324
14788,2,1,27.971514,0.28,7,0.28,0,324
14789,2,1,-4.847965,0.32,8,0.32,0,324
14790,1,0,0.0,0.32,8,0.32,0,324
14791,1,0,0.0,0.32,8,0.32,0,324
14792,2,1,15.133083,0.44,11,0.44,0,324
14793,2,1,-7.3917303,0.48,12,0.48,0,324
14794,1,0,0.0,0.48,12,0.48,0,324
14795,1,0,0.0,0.48,12,0.48,1,324
14796,1,0,0.0,0.48,12,0.48,0,324
14797,2,1,7.9413643,0.52,13,0.52,0,324
14798,1,0,0.0,0.52,13,0.52,0,324
14799,1,0,0.0,0.52,13,0.52,0,324
14800,2,1,-4.5519247,0.64,16,0.64,0,324
14801,1,0,0.0,0.64,16,0.64,0,324
14802,1,0,0.0,0.64,16,0.64,0,324
14803,1,0,0.0,0.64,16,0.64,0,324
14804,1,0,0.0,0.64,16,0.64,0,324
14805,1,0,0.0,0.64,16,0.64,0,324
14806,1,0,0.0,0.64,16,0.64,0,324
14807,1,0,0.0,0.64,16,0.64,0,324
14808,2,1,-40.799564,0.76,19,0.76,0,324
14809,1,0,0.0,0.76,19,0.76,0,324
14810,1,0,0.0,0.76,19,0.76,0,324
14811,1,0,0.0,0.76,19,0.76,0,324
14812,1,0,0.0,0.76,19,0.76,0,324
14813,2,1,-388.60266,0.92,23,0.92,0,324
14814,1,0,0.0,0.92,23,0.92,0,324
14815,1,0,0.0,0.92,23,0.92,0,324
14816,1,0,0.0,0.92,23,0.92,0,324
14817,1,0,0.0,0.92,23,0.92,0,324
14818,1,0,0.0,0.92,23,0.92,0,324
14819,1,0,0.0,0.92,23,0.92,0,324
14820,1,0,0.0,0.92,23,0.92,0,324
14821,1,0,0.0,0.92,23,0.92,1,324
14822,1,0,0.0,0.92,23,0.92,1,324
14823,1,0,0.0,0.92,23,0.92,0,324
14824,1,0,-1000.0,0.0,0,0.0,0,324
14825,2,1,28.364332,0.2,5,0.2,0,325
14826,2,1,23.955872,0.28,7,0.28,0,325
14827,2,1,21.334368,0.36,9,0.36,0,325
14828,1,0,0.0,0.36,9,0.36,0,325
14829,2,1,9.33523,0.48,12,0.48,0,325
14830,1,0,0.0,0.48,12,0.48,0,325
14831,1,0,0.0,0.48,12,0.48,0,325
14832,1,0,0.0,0.48,12,0.48,0,325
14833,1,0,0.0,0.48,12,0.48,0,325
14834,1,0,0.0,0.48,12,0.48,0,325
14835,2,1,21.152006,0.52,13,0.52,0,325
14836,2,1,16.081985,0.56,14,0.56,0,325
14837,1,0,0.0,0.56,14,0.56,0,325
14838,1,0,0.0,0.56,14,0.56,0,325
14839,1,0,0.0,0.56,14,0.56,0,325
14840,1,0,0.0,0.56,14,0.56,0,325
14841,1,0,0.0,0.56,14,0.56,0,325
14842,2,1,15.983896,0.6,15,0.6,0,325
14843,1,0,0.0,0.6,15,0.6,0,325
14844,1,0,0.0,0.6,15,0.6,0,325
14845,1,0,0.0,0.6,15,0.6,1,325
14846,1,0,0.0,0.6,15,0.6,0,325
14847,2,1,-4.540633,0.68,17,0.68,0,325
14848,1,0,0.0,0.68,17,0.68,0,325
14849,2,1,-128.39133,0.84,21,0.84,0,325
14850,1,0,0.0,0.84,21,0.84,0,325
14851,1,0,0.0,0.84,21,0.84,0,325
14852,1,0,0.0,0.84,21,0.84,0,325
14853,1,0,0.0,0.84,21,0.84,0,325
14854,1,0,0.0,0.84,21,0.84,0,325
14855,1,0,0.0,0.84,21,0.84,0,325
14856,1,0,0.0,0.84,21,0.84,0,325
14857,1,0,0.0,0.84,21,0.84,0,325
14858,2,1,-286.11154,0.92,23,0.92,0,325
14859,1,0,0.0,0.92,23,0.92,0,325
14860,1,0,0.0,0.92,23,0.92,0,325
14861,1,0,0.0,0.92,23,0.92,0,325
14862,1,0,0.0,0.92,23,0.92,0,325
14863,1,0,0.0,0.92,23,0.92,0,325
14864,1,0,0.0,0.92,23,0.92,0,325
14865,1,0,0.0,0.92,23,0.92,1,325
14866,1,0,0.0,0.92,23,0.92,0,325
14867,1,0,0.0,0.92,23,0.92,0,325
14868,1,0,0.0,0.92,23,0.92,0,325
14869,1,0,-1000.0,0.0,0,0.0,0,325
14870,2,1,-4.1407347,0.2,5,0.2,0,326
14871,1,0,0.0,0.2,5,0.2,0,326
14872,2,1,28.22638,0.24,6,0.24,0,326
14873,2,1,-4.51638,0.28,7,0.28,0,326
14874,2,1,27.639961,0.32,8,0.32,0,326
14875,2,1,26.003696,0.36,9,0.36,0,326
14876,1,0,0.0,0.36,9,0.36,0,326
14877,2,1,-5.828954,0.4,10,0.4,0,326
14878,1,0,0.0,0.4,10,0.4,0,326
14879,1,0,0.0,0.4,10,0.4,0,326
14880,1,0,0.0,0.4,10,0.4,1,326
14881,1,0,0.0,0.4,10,0.4,0,326
14882,1,0,0.0,0.4,10,0.4,0,326
14883,1,0,0.0,0.4,10,0.4,1,326
14884,1,0,0.0,0.4,10,0.4,0,326
14885,1,0,0.0,0.4,10,0.4,0,326
14886,2,1,21.195206,0.44,11,0.44,0,326
14887,1,0,0.0,0.44,11,0.44,0,326
14888,1,0,0.0,0.44,11,0.44,0,326
14889,1,0,0.0,0.44,11,0.44,0,326
14890,1,0,0.0,0.44,11,0.44,0,326
14891,1,0,0.0,0.44,11,0.44,0,326
14892,1,0,0.0,0.44,11,0.44,0,326
14893,1,0,0.0,0.44,11,0.44,0,326
14894,2,1,0.698502,0.52,13,0.52,0,326
14895,1,0,0.0,0.52,13,0.52,0,326
14896,1,0,0.0,0.52,13,0.52,0,326
14897,1,0,0.0,0.52,13,0.52,0,326
14898,2,1,9.66928,0.6,15,0.6,0,326
14899,1,0,0.0,0.6,15,0.6,0,326
14900,1,0,0.0,0.6,15,0.6,0,326
14901,1,0,0.0,0.6,15,0.6,0,326
14902,1,0,0.0,0.6,15,0.6,0,326
14903,1,0,0.0,0.6,15,0.6,0,326
14904,1,0,0.0,0.6,15,0.6,0,326
14905,1,0,0.0,0.6,15,0.6,0,326
14906,1,0,0.0,0.6,15,0.6,0,326
14907,1,0,0.0,0.6,15,0.6,1,326
14908,1,0,0.0,0.6,15,0.6,0,326
14909,1,0,-1000.0,0.0,0,0.0,0,326
14910,2,1,28.346605,0.2,5,0.2,0,327
14911,2,1,-4.278687,0.24,6,0.24,0,327
14912,2,1,23.39962,0.32,8,0.32,0,327
14913,2,1,26.008978,0.36,9,0.36,0,327
14914,1,0,0.0,0.36,9,0.36,0,327
14915,1,0,0.0,0.36,9,0.36,0,327
14916,2,1,23.820692,0.4,10,0.4,0,327
14917,2,1,15.881546,0.48,12,0.48,0,327
14918,1,0,0.0,0.48,12,0.48,1,327
14919,1,0,0.0,0.48,12,0.48,0,327
14920,2,1,9.611272,0.56,14,0.56,0,327
14921,1,0,0.0,0.56,14,0.56,0,327
14922,2,1,1.7109395,0.64,16,0.64,0,327
14923,1,0,0.0,0.64,16,0.64,0,327
14924,1,0,0.0,0.64,16,0.64,0,327
14925,1,0,0.0,0.64,16,0.64,0,327
14926,1,0,0.0,0.64,16,0.64,0,327
14927,1,0,0.0,0.64,16,0.64,0,327
14928,1,0,0.0,0.64,16,0.64,0,327
14929,1,0,0.0,0.64,16,0.64,0,327
14930,2,1,-41.686802,0.76,19,0.76,0,327
14931,1,0,0.0,0.76,19,0.76,0,327
14932,1,0,0.0,0.76,19,0.76,0,327
14933,1,0,0.0,0.76,19,0.76,0,327
14934,1,0,0.0,0.76,19,0.76,0,327
14935,1,0,0.0,0.76,19,0.76,0,327
14936,1,0,0.0,0.76,19,0.76,0,327
14937,2,1,-1013.8569,0.96,24,0.96,0,327
14938,1,0,0.0,0.96,24,0.96,0,327
14939,1,0,0.0,0.96,24,0.96,0,327
14940,1,0,0.0,0.96,24,0.96,0,327
14941,1,0,0.0,0.96,24,0.96,0,327
14942,1,0,0.0,0.96,24,0.96,1,327
14943,2,1,-1000.0,0.0,0,0.0,0,327
14944,2,1,28.346605,0.2,5,0.2,0,328
14945,2,1,-4.278687,0.24,6,0.24,0,328
14946,2,1,-4.516252,0.28,7,0.28,0,328
14947,1,0,0.0,0.28,7,0.28,0,328
14948,1,0,0.0,0.28,7,0.28,0,328
14949,0,-1,4.516252,0.24,6,0.24,0,328
14950,2,1,23.740671,0.28,7,0.28,0,328
14951,2,1,-4.8479323,0.32,8,0.32,0,328
14952,1,0,0.0,0.32,8,0.32,0,328
14953,1,0,0.0,0.32,8,0.32,0,328
14954,1,0,0.0,0.32,8,0.32,0,328
14955,2,1,-5.2804775,0.36,9,0.36,0,328
14956,1,0,0.0,0.36,9,0.36,0,328
14957,2,1,13.02167,0.48,12,0.48,1,328
14958,1,0,0.0,0.48,12,0.48,0,328
14959,1,0,0.0,0.48,12,0.48,0,328
14960,1,0,0.0,0.48,12,0.48,0,328
14961,1,0,0.0,0.48,12,0.48,0,328
14962,1,0,0.0,0.48,12,0.48,0,328
14963,1,0,0.0,0.48,12,0.48,0,328
14964,1,0,0.0,0.48,12,0.48,0,328
14965,1,0,0.0,0.48,12,0.48,0,328
14966,1,0,0.0,0.48,12,0.48,0,328
14967,1,0,0.0,0.48,12,0.48,0,328
14968,1,0,-1000.0,0.0,0,0.0,0,328
14969,1,0,0.0,0.16,4,0.16,1,329
14970,2,1,21.946438,0.2,5,0.2,0,329
14971,2,1,23.476633,0.28,7,0.28,0,329
14972,2,1,22.506546,0.36,9,0.36,0,329
14973,2,1,23.349117,0.4,10,0.4,0,329
14974,2,1,15.23973,0.48,12,0.48,0,329
14975,1,0,0.0,0.48,12,0.48,0,329
14976,1,0,0.0,0.48,12,0.48,0,329
14977,1,0,0.0,0.48,12,0.48,0,329
14978,2,1,19.296515,0.52,13,0.52,0,329
14979,1,0,0.0,0.52,13,0.52,0,329
14980,1,0,0.0,0.52,13,0.52,0,329
14981,1,0,0.0,0.52,13,0.52,0,329
14982,1,0,0.0,0.52,13,0.52,0,329
14983,2,1,9.387518,0.6,15,0.6,0,329
14984,1,0,0.0,0.6,15,0.6,0,329
14985,1,0,0.0,0.6,15,0.6,1,329
14986,1,0,0.0,0.6,15,0.6,0,329
14987,2,1,-1.758727,0.68,17,0.68,0,329
14988,1,0,0.0,0.68,17,0.68,0,329
14989,1,0,0.0,0.68,17,0.68,0,329
14990,1,0,0.0,0.68,17,0.68,0,329
14991,1,0,0.0,0.68,17,0.68,0,329
14992,1,0,0.0,0.68,17,0.68,1,329
14993,1,0,0.0,0.68,17,0.68,0,329
14994,2,1,-0.32749495,0.72,18,0.72,0,329
14995,1,0,0.0,0.72,18,0.72,0,329
14996,1,0,0.0,0.72,18,0.72,0,329
14997,2,1,-109.744545,0.84,21,0.84,0,329
14998,1,0,0.0,0.84,21,0.84,0,329
14999,1,0,0.0,0.84,21,0.84,0,329
15000,1,0,0.0,0.84,21,0.84,0,329
15001,1,0,0.0,0.84,21,0.84,0,329
15002,2,1,-75.055145,0.88,22,0.88,0,329
15003,1,0,0.0,0.88,22,0.88,0,329
15004,1,0,0.0,0.88,22,0.88,0,329
15005,1,0,0.0,0.88,22,0.88,0,329
15006,1,0,0.0,0.88,22,0.88,1,329
15007,1,0,0.0,0.88,22,0.88,1,329
15008,1,0,0.0,0.88,22,0.88,0,329
15009,1,0,0.0,0.88,22,0.88,0,329
15010,1,0,0.0,0.88,22,0.88,0,329
15011,1,0,0.0,0.88,22,0.88,0,329
15012,1,0,0.0,0.88,22,0.88,0,329
15013,1,0,-1000.0,0.0,0,0.0,0,329
15014,2,1,28.346605,0.2,5,0.2,1,330
15015,2,1,28.208702,0.24,6,0.24,0,330
15016,2,1,23.229055,0.28,7,0.28,0,330
15017,2,1,26.326212,0.32,8,0.32,0,330
15018,1,0,0.0,0.32,8,0.32,0,330
15019,1,0,0.0,0.32,8,0.32,0,330
15020,1,0,0.0,0.32,8,0.32,0,330
15021,2,1,21.08592,0.36,9,0.36,0,330
15022,2,1,19.758892,0.4,10,0.4,0,330
15023,2,1,17.450535,0.44,11,0.44,0,330
15024,2,1,15.517097,0.52,13,0.52,0,330
15025,2,1,19.599297,0.56,14,0.56,0,330
15026,1,0,0.0,0.56,14,0.56,0,330
15027,1,0,0.0,0.56,14,0.56,0,330
15028,1,0,0.0,0.56,14,0.56,0,330
15029,1,0,0.0,0.56,14,0.56,0,330
15030,1,0,0.0,0.56,14,0.56,0,330
15031,2,1,15.819912,0.6,15,0.6,0,330
15032,1,0,0.0,0.6,15,0.6,0,330
15033,1,0,0.0,0.6,15,0.6,0,330
15034,1,0,0.0,0.6,15,0.6,0,330
15035,1,0,0.0,0.6,15,0.6,0,330
15036,1,0,0.0,0.6,15,0.6,0,330
15037,2,1,-55.277905,0.76,19,0.76,1,330
15038,1,0,0.0,0.76,19,0.76,0,330
15039,2,1,-75.972786,0.84,21,0.84,0,330
15040,1,0,0.0,0.84,21,0.84,0,330
15041,1,0,0.0,0.84,21,0.84,0,330
15042,1,0,0.0,0.84,21,0.84,0,330
15043,1,0,0.0,0.84,21,0.84,0,330
15044,1,0,0.0,0.84,21,0.84,0,330
15045,1,0,0.0,0.84,21,0.84,0,330
15046,1,0,0.0,0.84,21,0.84,0,330
15047,1,0,0.0,0.84,21,0.84,0,330
15048,1,0,0.0,0.84,21,0.84,0,330
15049,1,0,0.0,0.84,21,0.84,0,330
15050,1,0,-1000.0,0.0,0,0.0,0,330
15051,2,1,28.364332,0.2,5,0.2,0,331
15052,2,1,28.208652,0.24,6,0.24,1,331
15053,1,0,0.0,0.24,6,0.24,0,331
15054,1,0,0.0,0.24,6,0.24,0,331
15055,2,1,22.127697,0.28,7,0.28,0,331
15056,2,1,19.633326,0.32,8,0.32,0,331
15057,1,0,0.0,0.32,8,0.32,0,331
15058,1,0,0.0,0.32,8,0.32,0,331
15059,0,-1,-27.534859,0.28,7,0.28,0,331
15060,2,1,22.945679,0.32,8,0.32,0,331
15061,1,0,0.0,0.32,8,0.32,0,331
15062,2,1,7.7563787,0.44,11,0.44,0,331
15063,1,0,0.0,0.44,11,0.44,0,331
15064,1,0,0.0,0.44,11,0.44,0,331
15065,1,0,0.0,0.44,11,0.44,0,331
15066,2,1,24.991854,0.48,12,0.48,0,331
15067,2,1,22.675402,0.52,13,0.52,1,331
15068,1,0,0.0,0.52,13,0.52,0,331
15069,1,0,0.0,0.52,13,0.52,0,331
15070,1,0,0.0,0.52,13,0.52,0,331
15071,1,0,0.0,0.52,13,0.52,0,331
15072,1,0,0.0,0.52,13,0.52,0,331
15073,1,0,0.0,0.52,13,0.52,0,331
15074,1,0,0.0,0.52,13,0.52,0,331
15075,1,0,0.0,0.52,13,0.52,0,331
15076,1,0,0.0,0.52,13,0.52,0,331
15077,1,0,0.0,0.52,13,0.52,0,331
15078,2,1,9.797372,0.6,15,0.6,0,331
15079,1,0,0.0,0.6,15,0.6,0,331
15080,1,0,0.0,0.6,15,0.6,0,331
15081,1,0,0.0,0.6,15,0.6,0,331
15082,1,0,0.0,0.6,15,0.6,0,331
15083,1,0,0.0,0.6,15,0.6,0,331
15084,2,1,15.015843,0.64,16,0.64,1,331
15085,1,0,0.0,0.64,16,0.64,0,331
15086,1,0,0.0,0.64,16,0.64,0,331
15087,1,0,0.0,0.64,16,0.64,0,331
15088,2,1,-17.437252,0.72,18,0.72,0,331
15089,1,0,0.0,0.72,18,0.72,0,331
15090,2,1,-105.85283,0.84,21,0.84,0,331
15091,1,0,0.0,0.84,21,0.84,0,331
15092,1,0,0.0,0.84,21,0.84,0,331
15093,1,0,0.0,0.84,21,0.84,0,331
15094,1,0,0.0,0.84,21,0.84,0,331
15095,1,0,0.0,0.84,21,0.84,0,331
15096,2,1,-75.51219,0.88,22,0.88,0,331
15097,1,0,0.0,0.88,22,0.88,0,331
15098,1,0,0.0,0.88,22,0.88,0,331
15099,1,0,0.0,0.88,22,0.88,0,331
15100,1,0,0.0,0.88,22,0.88,1,331
15101,1,0,0.0,0.88,22,0.88,0,331
15102,1,0,0.0,0.88,22,0.88,0,331
15103,1,0,0.0,0.88,22,0.88,0,331
15104,1,0,0.0,0.88,22,0.88,0,331
15105,1,0,0.0,0.88,22,0.88,0,331
15106,1,0,0.0,0.88,22,0.88,0,331
15107,1,0,-1000.0,0.0,0,0.0,0,331
15108,2,1,-4.1406527,0.2,5,0.2,0,332
15109,2,1,23.70996,0.28,7,0.28,0,332
15110,1,0,0.0,0.28,7,0.28,0,332
15111,2,1,-4.847379,0.32,8,0.32,0,332
15112,2,1,21.641457,0.4,10,0.4,0,332
15113,1,0,0.0,0.4,10,0.4,0,332
15114,2,1,24.763365,0.44,11,0.44,0,332
15115,2,1,-7.391858,0.48,12,0.48,0,332
15116,2,1,21.152006,0.52,13,0.52,1,332
15117,1,0,0.0,0.52,13,0.52,0,332
15118,2,1,1.2968843,0.56,14,0.56,0,332
15119,2,1,-14.121474,0.68,17,0.68,0,332
15120,1,0,0.0,0.68,17,0.68,0,332
15121,1,0,0.0,0.68,17,0.68,0,332
15122,1,0,0.0,0.68,17,0.68,0,332
15123,1,0,0.0,0.68,17,0.68,0,332
15124,2,1,4.708553,0.72,18,0.72,0,332
15125,1,0,0.0,0.72,18,0.72,0,332
15126,1,0,0.0,0.72,18,0.72,0,332
15127,1,0,0.0,0.72,18,0.72,0,332
15128,1,0,0.0,0.72,18,0.72,0,332
15129,1,0,0.0,0.72,18,0.72,0,332
15130,1,0,0.0,0.72,18,0.72,0,332
15131,1,0,0.0,0.72,18,0.72,0,332
15132,2,1,-44.058033,0.8,20,0.8,1,332
15133,1,0,0.0,0.8,20,0.8,0,332
15134,1,0,0.0,0.8,20,0.8,0,332
15135,1,0,0.0,0.8,20,0.8,0,332
15136,1,0,0.0,0.8,20,0.8,0,332
15137,1,0,0.0,0.8,20,0.8,1,332
15138,1,0,0.0,0.8,20,0.8,0,332
15139,1,0,0.0,0.8,20,0.8,0,332
15140,1,0,0.0,0.8,20,0.8,0,332
15141,1,0,0.0,0.8,20,0.8,0,332
15142,1,0,0.0,0.8,20,0.8,0,332
15143,1,0,-1000.0,0.0,0,0.0,0,332
15144,2,1,28.346605,0.2,5,0.2,0,333
15145,2,1,23.968313,0.28,7,0.28,0,333
15146,2,1,26.441492,0.32,8,0.32,0,333
15147,1,0,0.0,0.32,8,0.32,0,333
15148,2,1,16.93285,0.4,10,0.4,0,333
15149,2,1,23.131649,0.44,11,0.44,0,333
15150,2,1,3.265344,0.56,14,0.56,0,333
15151,1,0,0.0,0.56,14,0.56,0,333
15152,1,0,0.0,0.56,14,0.56,0,333
15153,2,1,16.714378,0.6,15,0.6,0,333
15154,1,0,0.0,0.6,15,0.6,0,333
15155,1,0,0.0,0.6,15,0.6,0,333
15156,1,0,0.0,0.6,15,0.6,0,333
15157,1,0,0.0,0.6,15,0.6,0,333
15158,1,0,0.0,0.6,15,0.6,0,333
15159,1,0,0.0,0.6,15,0.6,0,333
15160,1,0,0.0,0.6,15,0.6,0,333
15161,1,0,0.0,0.6,15,0.6,0,333
15162,2,1,-2.2299426,0.68,17,0.68,0,333
15163,1,0,0.0,0.68,17,0.68,0,333
15164,1,0,0.0,0.68,17,0.68,0,333
15165,1,0,0.0,0.68,17,0.68,0,333
15166,1,0,0.0,0.68,17,0.68,0,333
15167,1,0,0.0,0.68,17,0.68,0,333
15168,1,0,0.0,0.68,17,0.68,0,333
15169,1,0,0.0,0.68,17,0.68,0,333
15170,1,0,0.0,0.68,17,0.68,0,333
15171,1,0,0.0,0.68,17,0.68,0,333
15172,1,0,0.0,0.68,17,0.68,0,333
15173,1,0,-1000.0,0.0,0,0.0,0,333
15174,2,1,-4.1406527,0.2,5,0.2,0,334
15175,1,0,0.0,0.2,5,0.2,0,334
15176,1,0,0.0,0.2,5,0.2,0,334
15177,1,0,0.0,0.2,5,0.2,0,334
15178,2,1,28.22638,0.24,6,0.24,0,334
15179,2,1,-4.5163865,0.28,7,0.28,0,334
15180,2,1,27.639961,0.32,8,0.32,0,334
15181,1,0,0.0,0.32,8,0.32,0,334
15182,1,0,0.0,0.32,8,0.32,0,334
15183,1,0,0.0,0.32,8,0.32,0,334
15184,2,1,26.003696,0.36,9,0.36,0,334
15185,2,1,-5.829036,0.4,10,0.4,0,334
15186,1,0,0.0,0.4,10,0.4,0,334
15187,2,1,15.164858,0.48,12,0.48,0,334
15188,1,0,0.0,0.48,12,0.48,0,334
15189,1,0,0.0,0.48,12,0.48,0,334
15190,1,0,0.0,0.48,12,0.48,0,334
15191,2,1,8.140976,0.56,14,0.56,0,334
15192,1,0,0.0,0.56,14,0.56,0,334
15193,2,1,19.502546,0.6,15,0.6,0,334
15194,1,0,0.0,0.6,15,0.6,0,334
15195,1,0,0.0,0.6,15,0.6,0,334
15196,1,0,0.0,0.6,15,0.6,0,334
15197,1,0,0.0,0.6,15,0.6,0,334
15198,1,0,0.0,0.6,15,0.6,0,334
15199,1,0,0.0,0.6,15,0.6,1,334
15200,1,0,0.0,0.6,15,0.6,0,334
15201,1,0,0.0,0.6,15,0.6,0,334
15202,1,0,0.0,0.6,15,0.6,0,334
15203,1,0,0.0,0.6,15,0.6,0,334
15204,1,0,-1000.0,0.0,0,0.0,0,334
15205,2,1,28.364332,0.2,5,0.2,0,335
15206,2,1,23.955872,0.28,7,0.28,0,335
15207,1,0,0.0,0.28,7,0.28,0,335
15208,2,1,21.334368,0.36,9,0.36,0,335
15209,2,1,17.442081,0.44,11,0.44,0,335
15210,2,1,3.1790812,0.56,14,0.56,0,335
15211,1,0,0.0,0.56,14,0.56,0,335
15212,1,0,0.0,0.56,14,0.56,0,335
15213,1,0,0.0,0.56,14,0.56,0,335
15214,1,0,0.0,0.56,14,0.56,0,335
15215,1,0,0.0,0.56,14,0.56,0,335
15216,1,0,0.0,0.56,14,0.56,0,335
15217,1,0,0.0,0.56,14,0.56,0,335
15218,1,0,0.0,0.56,14,0.56,0,335
15219,1,0,0.0,0.56,14,0.56,0,335
15220,1,0,0.0,0.56,14,0.56,0,335
15221,1,0,-1000.0,0.0,0,0.0,0,335
15222,2,1,28.346605,0.2,5,0.2,0,336
15223,2,1,-4.278687,0.24,6,0.24,0,336
15224,1,0,0.0,0.24,6,0.24,0,336
15225,2,1,-4.51638,0.28,7,0.28,0,336
15226,1,0,0.0,0.28,7,0.28,0,336
15227,2,1,-15.957237,0.4,10,0.4,0,336
15228,1,0,0.0,0.4,10,0.4,0,336
15229,1,0,0.0,0.4,10,0.4,0,336
15230,1,0,0.0,0.4,10,0.4,0,336
15231,1,0,0.0,0.4,10,0.4,1,336
15232,1,0,0.0,0.4,10,0.4,0,336
15233,2,1,14.410255,0.48,12,0.48,0,336
15234,2,1,14.340506,0.56,14,0.56,0,336
15235,1,0,0.0,0.56,14,0.56,0,336
15236,1,0,0.0,0.56,14,0.56,0,336
15237,1,0,0.0,0.56,14,0.56,0,336
15238,1,0,0.0,0.56,14,0.56,0,336
15239,1,0,0.0,0.56,14,0.56,0,336
15240,2,1,19.51786,0.6,15,0.6,0,336
15241,1,0,0.0,0.6,15,0.6,0,336
15242,1,0,0.0,0.6,15,0.6,0,336
15243,2,1,7.011119,0.64,16,0.64,0,336
15244,1,0,0.0,0.64,16,0.64,0,336
15245,1,0,0.0,0.64,16,0.64,0,336
15246,1,0,0.0,0.64,16,0.64,0,336
15247,1,0,0.0,0.64,16,0.64,0,336
15248,1,0,0.0,0.64,16,0.64,0,336
15249,1,0,0.0,0.64,16,0.64,0,336
15250,1,0,0.0,0.64,16,0.64,0,336
15251,1,0,0.0,0.64,16,0.64,0,336
15252,1,0,0.0,0.64,16,0.64,1,336
15253,1,0,0.0,0.64,16,0.64,0,336
15254,1,0,-1000.0,0.0,0,0.0,0,336
15255,2,1,-4.1406527,0.2,5,0.2,0,337
15256,2,1,-4.2792473,0.24,6,0.24,0,337
15257,0,-1,4.2792473,0.2,5,0.2,0,337
15258,2,1,28.208652,0.24,6,0.24,0,337
15259,2,1,23.39962,0.32,8,0.32,0,337
15260,2,1,20.356783,0.4,10,0.4,0,337
15261,1,0,0.0,0.4,10,0.4,0,337
15262,2,1,-3.0944927,0.56,14,0.56,0,337
15263,1,0,0.0,0.56,14,0.56,0,337
15264,1,0,0.0,0.56,14,0.56,0,337
15265,1,0,0.0,0.56,14,0.56,0,337
15266,1,0,0.0,0.56,14,0.56,0,337
15267,1,0,0.0,0.56,14,0.56,0,337
15268,1,0,0.0,0.56,14,0.56,0,337
15269,1,0,0.0,0.56,14,0.56,0,337
15270,1,0,0.0,0.56,14,0.56,0,337
15271,1,0,0.0,0.56,14,0.56,1,337
15272,0,-1,-23.667292,0.56,14,0.56,0,337
15273,1,0,0.0,0.56,14,0.56,0,337
15274,1,0,0.0,0.56,14,0.56,1,337
15275,1,0,0.0,0.56,14,0.56,1,337
15276,1,0,0.0,0.56,14,0.56,0,337
15277,1,0,0.0,0.56,14,0.56,0,337
15278,1,0,0.0,0.56,14,0.56,0,337
15279,1,0,0.0,0.56,14,0.56,0,337
15280,1,0,0.0,0.56,14,0.56,0,337
15281,1,0,0.0,0.56,14,0.56,0,337
15282,1,0,0.0,0.56,14,0.56,0,337
15283,1,0,-1000.0,0.0,0,0.0,0,337
15284,2,1,-4.1407347,0.2,5,0.2,0,338
15285,2,1,-4.27924,0.24,6,0.24,0,338
15286,1,0,0.0,0.24,6,0.24,0,338
15287,2,1,17.84306,0.36,9,0.36,0,338
15288,2,1,20.155214,0.44,11,0.44,0,338
15289,1,0,0.0,0.44,11,0.44,1,338
15290,2,1,-7.391891,0.48,12,0.48,0,338
15291,2,1,19.856016,0.52,13,0.52,0,338
15292,1,0,0.0,0.52,13,0.52,0,338
15293,1,0,0.0,0.52,13,0.52,0,338
15294,1,0,0.0,0.52,13,0.52,0,338
15295,2,1,1.003149,0.6,15,0.6,0,338
15296,1,0,0.0,0.6,15,0.6,0,338
15297,1,0,0.0,0.6,15,0.6,0,338
15298,1,0,0.0,0.6,15,0.6,0,338
15299,1,0,0.0,0.6,15,0.6,0,338
15300,1,0,0.0,0.6,15,0.6,0,338
15301,2,1,16.91578,0.64,16,0.64,0,338
15302,1,0,0.0,0.64,16,0.64,0,338
15303,1,0,0.0,0.64,16,0.64,1,338
15304,1,0,0.0,0.64,16,0.64,0,338
15305,1,0,0.0,0.64,16,0.64,0,338
15306,1,0,0.0,0.64,16,0.64,0,338
15307,1,0,0.0,0.64,16,0.64,0,338
15308,1,0,0.0,0.64,16,0.64,0,338
15309,1,0,0.0,0.64,16,0.64,0,338
15310,1,0,0.0,0.64,16,0.64,0,338
15311,1,0,0.0,0.64,16,0.64,0,338
15312,1,0,-1000.0,0.0,0,0.0,0,338
15313,1,0,0.0,0.16,4,0.16,0,339
15314,2,1,-4.1406527,0.2,5,0.2,0,339
15315,2,1,23.70996,0.28,7,0.28,0,339
15316,2,1,-4.847379,0.32,8,0.32,0,339
15317,1,0,0.0,0.32,8,0.32,1,339
15318,2,1,21.558634,0.4,10,0.4,0,339
15319,1,0,0.0,0.4,10,0.4,0,339
15320,2,1,21.913315,0.44,11,0.44,0,339
15321,2,1,12.086438,0.52,13,0.52,0,339
15322,1,0,0.0,0.52,13,0.52,0,339
15323,2,1,21.28007,0.56,14,0.56,0,339
15324,2,1,17.404814,0.6,15,0.6,0,339
15325,2,1,-2.384534,0.68,17,0.68,0,339
15326,1,0,0.0,0.68,17,0.68,0,339
15327,1,0,0.0,0.68,17,0.68,0,339
15328,1,0,0.0,0.68,17,0.68,0,339
15329,1,0,0.0,0.68,17,0.68,0,339
15330,2,1,-26.356085,0.76,19,0.76,0,339
15331,1,0,0.0,0.76,19,0.76,1,339
15332,1,0,0.0,0.76,19,0.76,0,339
15333,1,0,0.0,0.76,19,0.76,0,339
15334,1,0,0.0,0.76,19,0.76,0,339
15335,1,0,0.0,0.76,19,0.76,0,339
15336,1,0,0.0,0.76,19,0.76,0,339
15337,1,0,0.0,0.76,19,0.76,0,339
15338,1,0,0.0,0.76,19,0.76,0,339
15339,1,0,0.0,0.76,19,0.76,0,339
15340,1,0,0.0,0.76,19,0.76,0,339
15341,1,0,-1000.0,0.0,0,0.0,0,339
15342,2,1,28.364332,0.2,5,0.2,0,340
15343,2,1,28.208652,0.24,6,0.24,0,340
15344,1,0,0.0,0.24,6,0.24,0,340
15345,1,0,0.0,0.24,6,0.24,0,340
15346,2,1,18.8927,0.32,8,0.32,0,340
15347,1,0,0.0,0.32,8,0.32,0,340
15348,2,1,26.003696,0.36,9,0.36,0,340
15349,1,0,0.0,0.36,9,0.36,0,340
15350,0,-1,-26.003696,0.32,8,0.32,0,340
15351,1,0,0.0,0.32,8,0.32,0,340
15352,0,-1,-23.409119,0.28,7,0.28,0,340
15353,2,1,23.409119,0.32,8,0.32,0,340
15354,1,0,0.0,0.32,8,0.32,0,340
15355,2,1,26.003696,0.36,9,0.36,0,340
15356,1,0,0.0,0.36,9,0.36,0,340
15357,2,1,20.174376,0.4,10,0.4,0,340
15358,2,1,14.598689,0.48,12,0.48,0,340
15359,1,0,0.0,0.48,12,0.48,0,340
15360,1,0,0.0,0.48,12,0.48,0,340
15361,1,0,0.0,0.48,12,0.48,1,340
15362,1,0,0.0,0.48,12,0.48,0,340
15363,1,0,0.0,0.48,12,0.48,0,340
15364,1,0,0.0,0.48,12,0.48,0,340
15365,2,1,3.1128974,0.52,13,0.52,0,340
15366,2,1,6.3215766,0.6,15,0.6,0,340
15367,1,0,0.0,0.6,15,0.6,0,340
15368,1,0,0.0,0.6,15,0.6,0,340
15369,1,0,0.0,0.6,15,0.6,0,340
15370,1,0,0.0,0.6,15,0.6,0,340
15371,1,0,0.0,0.6,15,0.6,0,340
15372,1,0,0.0,0.6,15,0.6,0,340
15373,1,0,0.0,0.6,15,0.6,0,340
15374,1,0,0.0,0.6,15,0.6,0,340
15375,1,0,0.0,0.6,15,0.6,0,340
15376,1,0,0.0,0.6,15,0.6,0,340
15377,1,0,-1000.0,0.0,0,0.0,0,340
15378,2,1,-4.1407347,0.2,5,0.2,0,341
15379,2,1,23.692236,0.28,7,0.28,0,341
15380,2,1,22.635555,0.36,9,0.36,0,341
15381,2,1,15.692518,0.44,11,0.44,0,341
15382,1,0,0.0,0.44,11,0.44,0,341
15383,2,1,12.366879,0.52,13,0.52,0,341
15384,2,1,21.367445,0.56,14,0.56,0,341
15385,2,1,-11.786749,0.6,15,0.6,0,341
15386,1,0,0.0,0.6,15,0.6,0,341
15387,1,0,0.0,0.6,15,0.6,0,341
15388,2,1,11.853814,0.64,16,0.64,0,341
15389,1,0,0.0,0.64,16,0.64,0,341
15390,2,1,11.914379,0.68,17,0.68,0,341
15391,1,0,0.0,0.68,17,0.68,0,341
15392,1,0,0.0,0.68,17,0.68,0,341
15393,1,0,0.0,0.68,17,0.68,0,341
15394,1,0,0.0,0.68,17,0.68,0,341
15395,2,1,6.976633,0.72,18,0.72,0,341
15396,2,1,-3.536602,0.76,19,0.76,1,341
15397,1,0,0.0,0.76,19,0.76,0,341
15398,1,0,0.0,0.76,19,0.76,0,341
15399,1,0,0.0,0.76,19,0.76,0,341
15400,2,1,-15.442141,0.8,20,0.8,0,341
15401,1,0,0.0,0.8,20,0.8,0,341
15402,1,0,0.0,0.8,20,0.8,0,341
15403,1,0,0.0,0.8,20,0.8,0,341
15404,1,0,0.0,0.8,20,0.8,0,341
15405,1,0,0.0,0.8,20,0.8,0,341
15406,1,0,0.0,0.8,20,0.8,0,341
15407,1,0,0.0,0.8,20,0.8,0,341
15408,1,0,0.0,0.8,20,0.8,0,341
15409,2,1,-141.26395,0.88,22,0.88,0,341
15410,1,0,0.0,0.88,22,0.88,0,341
15411,1,0,0.0,0.88,22,0.88,0,341
15412,1,0,0.0,0.88,22,0.88,0,341
15413,1,0,0.0,0.88,22,0.88,0,341
15414,1,0,0.0,0.88,22,0.88,1,341
15415,1,0,0.0,0.88,22,0.88,0,341
15416,1,0,0.0,0.88,22,0.88,0,341
15417,1,0,0.0,0.88,22,0.88,0,341
15418,2,1,-180.04471,0.92,23,0.92,0,341
15419,1,0,0.0,0.92,23,0.92,0,341
15420,1,0,0.0,0.92,23,0.92,0,341
15421,1,0,0.0,0.92,23,0.92,0,341
15422,1,0,0.0,0.92,23,0.92,0,341
15423,1,0,0.0,0.92,23,0.92,1,341
15424,1,0,0.0,0.92,23,0.92,0,341
15425,1,0,0.0,0.92,23,0.92,0,341
15426,1,0,0.0,0.92,23,0.92,0,341
15427,1,0,0.0,0.92,23,0.92,0,341
15428,1,0,0.0,0.92,23,0.92,0,341
15429,1,0,-1000.0,0.0,0,0.0,0,341
15430,2,1,-4.1406527,0.2,5,0.2,0,342
15431,1,0,0.0,0.2,5,0.2,0,342
15432,0,-1,-0.0,0.2,5,0.2,0,342
15433,1,0,0.0,0.2,5,0.2,0,342
15434,2,1,23.70996,0.28,7,0.28,0,342
15435,2,1,27.639961,0.32,8,0.32,0,342
15436,1,0,0.0,0.32,8,0.32,0,342
15437,1,0,0.0,0.32,8,0.32,0,342
15438,1,0,0.0,0.32,8,0.32,0,342
15439,2,1,26.003696,0.36,9,0.36,0,342
15440,1,0,0.0,0.36,9,0.36,1,342
15441,2,1,9.491181,0.44,11,0.44,0,342
15442,2,1,-6.156641,0.56,14,0.56,0,342
15443,2,1,-15.820686,0.68,17,0.68,0,342
15444,1,0,0.0,0.68,17,0.68,0,342
15445,1,0,0.0,0.68,17,0.68,0,342
15446,1,0,0.0,0.68,17,0.68,0,342
15447,2,1,8.569566,0.72,18,0.72,0,342
15448,1,0,0.0,0.72,18,0.72,0,342
15449,1,0,0.0,0.72,18,0.72,0,342
15450,1,0,0.0,0.72,18,0.72,0,342
15451,2,1,-0.6248242,0.76,19,0.76,0,342
15452,1,0,0.0,0.76,19,0.76,0,342
15453,1,0,0.0,0.76,19,0.76,0,342
15454,1,0,0.0,0.76,19,0.76,0,342
15455,2,1,-12.37951,0.8,20,0.8,0,342
15456,1,0,0.0,0.8,20,0.8,0,342
15457,1,0,0.0,0.8,20,0.8,0,342
15458,1,0,0.0,0.8,20,0.8,0,342
15459,1,0,0.0,0.8,20,0.8,0,342
15460,1,0,0.0,0.8,20,0.8,0,342
15461,1,0,0.0,0.8,20,0.8,0,342
15462,1,0,0.0,0.8,20,0.8,0,342
15463,1,0,0.0,0.8,20,0.8,0,342
15464,1,0,0.0,0.8,20,0.8,0,342
15465,2,1,-35.398582,0.84,21,0.84,0,342
15466,2,1,-909.5267,0.96,24,0.96,0,342
15467,1,0,0.0,0.96,24,0.96,0,342
15468,1,0,0.0,0.96,24,0.96,1,342
15469,1,0,0.0,0.96,24,0.96,0,342
15470,1,0,0.0,0.96,24,0.96,0,342
15471,1,0,0.0,0.96,24,0.96,0,342
15472,1,0,0.0,0.96,24,0.96,0,342
15473,1,0,0.0,0.96,24,0.96,0,342
15474,1,0,0.0,0.96,24,0.96,1,342
15475,1,0,0.0,0.96,24,0.96,0,342
15476,1,0,0.0,0.96,24,0.96,0,342
15477,1,0,-1000.0,0.0,0,0.0,0,342
15478,2,1,28.346605,0.2,5,0.2,0,343
15479,2,1,23.968313,0.28,7,0.28,0,343
15480,1,0,0.0,0.28,7,0.28,0,343
15481,1,0,0.0,0.28,7,0.28,0,343
15482,1,0,0.0,0.28,7,0.28,0,343
15483,2,1,17.914507,0.36,9,0.36,0,343
15484,1,0,0.0,0.36,9,0.36,0,343
15485,2,1,18.944807,0.44,11,0.44,0,343
15486,2,1,22.258423,0.48,12,0.48,0,343
15487,2,1,21.154152,0.52,13,0.52,0,343
15488,2,1,-9.921985,0.56,14,0.56,0,343
15489,1,0,0.0,0.56,14,0.56,0,343
15490,1,0,0.0,0.56,14,0.56,0,343
15491,2,1,15.983896,0.6,15,0.6,0,343
15492,1,0,0.0,0.6,15,0.6,0,343
15493,1,0,0.0,0.6,15,0.6,0,343
15494,1,0,0.0,0.6,15,0.6,1,343
15495,2,1,-26.913916,0.72,18,0.72,0,343
15496,1,0,0.0,0.72,18,0.72,1,343
15497,1,0,0.0,0.72,18,0.72,0,343
15498,1,0,0.0,0.72,18,0.72,0,343
15499,2,1,-45.269302,0.8,20,0.8,0,343
15500,1,0,0.0,0.8,20,0.8,0,343
15501,1,0,0.0,0.8,20,0.8,0,343
15502,1,0,0.0,0.8,20,0.8,0,343
15503,1,0,0.0,0.8,20,0.8,0,343
15504,2,1,-347.04337,0.92,23,0.92,0,343
15505,1,0,0.0,0.92,23,0.92,0,343
15506,2,1,-619.707,0.96,24,0.96,0,343
15507,1,0,0.0,0.96,24,0.96,0,343
15508,1,0,0.0,0.96,24,0.96,0,343
15509,1,0,0.0,0.96,24,0.96,0,343
15510,1,0,0.0,0.96,24,0.96,0,343
15511,1,0,0.0,0.96,24,0.96,0,343
15512,1,0,0.0,0.96,24,0.96,0,343
15513,1,0,0.0,0.96,24,0.96,0,343
15514,1,0,0.0,0.96,24,0.96,0,343
15515,1,0,0.0,0.96,24,0.96,0,343
15516,1,0,0.0,0.96,24,0.96,0,343
15517,1,0,-1000.0,0.0,0,0.0,0,343
15518,2,1,-4.1406527,0.2,5,0.2,0,344
15519,2,1,-4.278687,0.24,6,0.24,0,344
15520,2,1,-4.51638,0.28,7,0.28,0,344
15521,1,0,0.0,0.28,7,0.28,0,344
15522,2,1,27.657686,0.32,8,0.32,0,344
15523,2,1,-5.2804523,0.36,9,0.36,0,344
15524,1,0,0.0,0.36,9,0.36,0,344
15525,2,1,20.13749,0.44,11,0.44,0,344
15526,1,0,0.0,0.44,11,0.44,1,344
15527,2,1,20.962433,0.48,12,0.48,0,344
15528,1,0,0.0,0.48,12,0.48,0,344
15529,1,0,0.0,0.48,12,0.48,0,344
15530,1,0,0.0,0.48,12,0.48,0,344
15531,1,0,0.0,0.48,12,0.48,0,344
15532,2,1,22.703993,0.52,13,0.52,0,344
15533,2,1,6.7899323,0.56,14,0.56,1,344
15534,1,0,0.0,0.56,14,0.56,0,344
15535,1,0,0.0,0.56,14,0.56,0,344
15536,1,0,0.0,0.56,14,0.56,0,344
15537,1,0,0.0,0.56,14,0.56,1,344
15538,2,1,4.4489994,0.6,15,0.6,0,344
15539,2,1,17.1151,0.64,16,0.64,0,344
15540,1,0,0.0,0.64,16,0.64,0,344
15541,1,0,0.0,0.64,16,0.64,0,344
15542,1,0,0.0,0.64,16,0.64,0,344
15543,1,0,0.0,0.64,16,0.64,0,344
15544,1,0,0.0,0.64,16,0.64,0,344
15545,1,0,0.0,0.64,16,0.64,0,344
15546,2,1,-41.170258,0.76,19,0.76,0,344
15547,1,0,0.0,0.76,19,0.76,0,344
15548,1,0,0.0,0.76,19,0.76,1,344
15549,1,0,0.0,0.76,19,0.76,1,344
15550,1,0,0.0,0.76,19,0.76,0,344
15551,1,0,0.0,0.76,19,0.76,0,344
15552,1,0,0.0,0.76,19,0.76,0,344
15553,1,0,0.0,0.76,19,0.76,0,344
15554,1,0,0.0,0.76,19,0.76,0,344
15555,1,0,0.0,0.76,19,0.76,0,344
15556,1,0,0.0,0.76,19,0.76,0,344
15557,1,0,-1000.0,0.0,0,0.0,0,344
15558,2,1,28.364332,0.2,5,0.2,0,345
15559,1,0,0.0,0.2,5,0.2,0,345
15560,2,1,-4.278605,0.24,6,0.24,0,345
15561,1,0,0.0,0.24,6,0.24,0,345
15562,2,1,23.526543,0.28,7,0.28,0,345
15563,2,1,22.623116,0.36,9,0.36,0,345
15564,1,0,0.0,0.36,9,0.36,0,345
15565,1,0,0.0,0.36,9,0.36,0,345
15566,2,1,14.258608,0.44,11,0.44,0,345
15567,1,0,0.0,0.44,11,0.44,0,345
15568,1,0,0.0,0.44,11,0.44,0,345
15569,1,0,0.0,0.44,11,0.44,0,345
15570,1,0,0.0,0.44,11,0.44,0,345
15571,2,1,10.3112135,0.52,13,0.52,0,345
15572,1,0,0.0,0.52,13,0.52,0,345
15573,1,0,0.0,0.52,13,0.52,0,345
15574,1,0,0.0,0.52,13,0.52,0,345
15575,1,0,0.0,0.52,13,0.52,0,345
15576,1,0,0.0,0.52,13,0.52,0,345
15577,1,0,0.0,0.52,13,0.52,0,345
15578,2,1,-9.921425,0.56,14,0.56,0,345
15579,1,0,0.0,0.56,14,0.56,0,345
15580,1,0,0.0,0.56,14,0.56,1,345
15581,1,0,0.0,0.56,14,0.56,0,345
15582,2,1,19.48387,0.6,15,0.6,0,345
15583,1,0,0.0,0.6,15,0.6,0,345
15584,1,0,0.0,0.6,15,0.6,0,345
15585,1,0,0.0,0.6,15,0.6,0,345
15586,2,1,-0.6627146,0.64,16,0.64,0,345
15587,1,0,0.0,0.64,16,0.64,0,345
15588,2,1,0.41431144,0.68,17,0.68,1,345
15589,1,0,0.0,0.68,17,0.68,0,345
15590,1,0,0.0,0.68,17,0.68,0,345
15591,1,0,0.0,0.68,17,0.68,0,345
15592,1,0,0.0,0.68,17,0.68,0,345
15593,1,0,0.0,0.68,17,0.68,0,345
15594,1,0,0.0,0.68,17,0.68,0,345
15595,1,0,0.0,0.68,17,0.68,0,345
15596,1,0,0.0,0.68,17,0.68,0,345
15597,2,1,6.8564506,0.72,18,0.72,0,345
15598,2,1,-18.675991,0.76,19,0.76,0,345
15599,1,0,0.0,0.76,19,0.76,0,345
15600,1,0,0.0,0.76,19,0.76,0,345
15601,1,0,0.0,0.76,19,0.76,0,345
15602,2,1,-13.458394,0.8,20,0.8,0,345
15603,1,0,0.0,0.8,20,0.8,0,345
15604,1,0,0.0,0.8,20,0.8,0,345
15605,1,0,0.0,0.8,20,0.8,0,345
15606,1,0,0.0,0.8,20,0.8,0,345
15607,1,0,0.0,0.8,20,0.8,0,345
15608,1,0,0.0,0.8,20,0.8,0,345
15609,2,1,-33.175648,0.84,21,0.84,1,345
15610,1,0,0.0,0.84,21,0.84,0,345
15611,1,0,0.0,0.84,21,0.84,0,345
15612,1,0,0.0,0.84,21,0.84,0,345
15613,1,0,0.0,0.84,21,0.84,0,345
15614,1,0,0.0,0.84,21,0.84,0,345
15615,1,0,0.0,0.84,21,0.84,0,345
15616,1,0,0.0,0.84,21,0.84,0,345
15617,1,0,0.0,0.84,21,0.84,0,345
15618,1,0,0.0,0.84,21,0.84,1,345
15619,1,0,0.0,0.84,21,0.84,0,345
15620,1,0,-1000.0,0.0,0,0.0,0,345
15621,1,0,0.0,0.16,4,0.16,0,346
15622,1,0,0.0,0.16,4,0.16,0,346
15623,2,1,28.364332,0.2,5,0.2,0,346
15624,2,1,28.208652,0.24,6,0.24,0,346
15625,1,0,0.0,0.24,6,0.24,0,346
15626,1,0,0.0,0.24,6,0.24,0,346
15627,2,1,18.8927,0.32,8,0.32,0,346
15628,2,1,26.003696,0.36,9,0.36,0,346
15629,2,1,-5.828954,0.4,10,0.4,0,346
15630,1,0,0.0,0.4,10,0.4,0,346
15631,1,0,0.0,0.4,10,0.4,0,346
15632,1,0,0.0,0.4,10,0.4,0,346
15633,1,0,0.0,0.4,10,0.4,0,346
15634,1,0,0.0,0.4,10,0.4,0,346
15635,1,0,0.0,0.4,10,0.4,1,346
15636,2,1,17.510159,0.48,12,0.48,0,346
15637,2,1,11.214185,0.56,14,0.56,0,346
15638,1,0,0.0,0.56,14,0.56,0,346
15639,1,0,0.0,0.56,14,0.56,0,346
15640,1,0,0.0,0.56,14,0.56,0,346
15641,1,0,0.0,0.56,14,0.56,0,346
15642,2,1,-15.072186,0.68,17,0.68,0,346
15643,1,0,0.0,0.68,17,0.68,0,346
15644,1,0,0.0,0.68,17,0.68,0,346
15645,1,0,0.0,0.68,17,0.68,1,346
15646,1,0,0.0,0.68,17,0.68,0,346
15647,1,0,0.0,0.68,17,0.68,0,346
15648,1,0,0.0,0.68,17,0.68,0,346
15649,1,0,0.0,0.68,17,0.68,0,346
15650,1,0,0.0,0.68,17,0.68,0,346
15651,1,0,0.0,0.68,17,0.68,0,346
15652,1,0,0.0,0.68,17,0.68,0,346
15653,1,0,-1000.0,0.0,0,0.0,0,346
15654,2,1,28.364332,0.2,5,0.2,0,347
15655,2,1,-4.278687,0.24,6,0.24,0,347
15656,2,1,27.971514,0.28,7,0.28,0,347
15657,1,0,0.0,0.28,7,0.28,0,347
15658,1,0,0.0,0.28,7,0.28,0,347
15659,2,1,26.441492,0.32,8,0.32,0,347
15660,1,0,0.0,0.32,8,0.32,0,347
15661,2,1,22.976604,0.36,9,0.36,0,347
15662,1,0,0.0,0.36,9,0.36,0,347
15663,1,0,0.0,0.36,9,0.36,0,347
15664,1,0,0.0,0.36,9,0.36,0,347
15665,1,0,0.0,0.36,9,0.36,0,347
15666,1,0,0.0,0.36,9,0.36,0,347
15667,1,0,0.0,0.36,9,0.36,0,347
15668,1,0,0.0,0.36,9,0.36,0,347
15669,2,1,25.454552,0.4,10,0.4,0,347
15670,2,1,23.131649,0.44,11,0.44,0,347
15671,1,0,0.0,0.44,11,0.44,0,347
15672,1,0,0.0,0.44,11,0.44,0,347
15673,1,0,0.0,0.44,11,0.44,0,347
15674,2,1,3.1790812,0.56,14,0.56,0,347
15675,1,0,0.0,0.56,14,0.56,0,347
15676,1,0,0.0,0.56,14,0.56,0,347
15677,1,0,0.0,0.56,14,0.56,0,347
15678,1,0,0.0,0.56,14,0.56,0,347
15679,1,0,0.0,0.56,14,0.56,1,347
15680,1,0,0.0,0.56,14,0.56,0,347
15681,2,1,17.841623,0.6,15,0.6,0,347
15682,1,0,0.0,0.6,15,0.6,0,347
15683,1,0,0.0,0.6,15,0.6,0,347
15684,1,0,0.0,0.6,15,0.6,0,347
15685,1,0,0.0,0.6,15,0.6,0,347
15686,1,0,0.0,0.6,15,0.6,0,347
15687,1,0,0.0,0.6,15,0.6,0,347
15688,1,0,0.0,0.6,15,0.6,0,347
15689,1,0,0.0,0.6,15,0.6,0,347
15690,1,0,0.0,0.6,15,0.6,0,347
15691,1,0,0.0,0.6,15,0.6,0,347
15692,1,0,-1000.0,0.0,0,0.0,0,347
15693,2,1,28.346605,0.2,5,0.2,0,348
15694,2,1,23.968313,0.28,7,0.28,0,348
15695,2,1,-4.847379,0.32,8,0.32,0,348
15696,1,0,0.0,0.32,8,0.32,0,348
15697,2,1,20.356783,0.4,10,0.4,0,348
15698,1,0,0.0,0.4,10,0.4,0,348
15699,2,1,15.881546,0.48,12,0.48,0,348
15700,1,0,0.0,0.48,12,0.48,0,348
15701,1,0,0.0,0.48,12,0.48,0,348
15702,1,0,0.0,0.48,12,0.48,0,348
15703,1,0,0.0,0.48,12,0.48,0,348
15704,2,1,9.480072,0.56,14,0.56,0,348
15705,1,0,0.0,0.56,14,0.56,0,348
15706,1,0,0.0,0.56,14,0.56,0,348
15707,1,0,0.0,0.56,14,0.56,0,348
15708,1,0,0.0,0.56,14,0.56,0,348
15709,1,0,0.0,0.56,14,0.56,0,348
15710,1,0,0.0,0.56,14,0.56,1,348
15711,1,0,0.0,0.56,14,0.56,1,348
15712,1,0,0.0,0.56,14,0.56,0,348
15713,1,0,0.0,0.56,14,0.56,0,348
15714,1,0,0.0,0.56,14,0.56,0,348
15715,1,0,-1000.0,0.0,0,0.0,0,348
15716,1,0,0.0,0.16,4,0.16,0,349
15717,2,1,28.346605,0.2,5,0.2,0,349
15718,2,1,23.968313,0.28,7,0.28,0,349
15719,2,1,-4.847379,0.32,8,0.32,0,349
15720,1,0,0.0,0.32,8,0.32,0,349
15721,2,1,20.356783,0.4,10,0.4,0,349
15722,1,0,0.0,0.4,10,0.4,0,349
15723,1,0,0.0,0.4,10,0.4,0,349
15724,1,0,0.0,0.4,10,0.4,0,349
15725,2,1,15.881546,0.48,12,0.48,0,349
15726,1,0,0.0,0.48,12,0.48,0,349
15727,1,0,0.0,0.48,12,0.48,0,349
15728,1,0,0.0,0.48,12,0.48,0,349
15729,1,0,0.0,0.48,12,0.48,0,349
15730,2,1,9.622631,0.56,14,0.56,0,349
15731,1,0,0.0,0.56,14,0.56,0,349
15732,1,0,0.0,0.56,14,0.56,0,349
15733,1,0,0.0,0.56,14,0.56,0,349
15734,1,0,0.0,0.56,14,0.56,0,349
15735,2,1,-11.786749,0.6,15,0.6,0,349
15736,1,0,0.0,0.6,15,0.6,0,349
15737,1,0,0.0,0.6,15,0.6,0,349
15738,2,1,-4.1220665,0.68,17,0.68,0,349
15739,1,0,0.0,0.68,17,0.68,0,349
15740,1,0,0.0,0.68,17,0.68,0,349
15741,1,0,0.0,0.68,17,0.68,1,349
15742,1,0,0.0,0.68,17,0.68,0,349
15743,1,0,0.0,0.68,17,0.68,0,349
15744,1,0,0.0,0.68,17,0.68,0,349
15745,1,0,0.0,0.68,17,0.68,0,349
15746,1,0,0.0,0.68,17,0.68,0,349
15747,1,0,0.0,0.68,17,0.68,0,349
15748,1,0,0.0,0.68,17,0.68,0,349
15749,1,0,-1000.0,0.0,0,0.0,0,349
15750,1,0,0.0,0.16,4,0.16,0,350
15751,2,1,28.364332,0.2,5,0.2,0,350
15752,2,1,23.955872,0.28,7,0.28,0,350
15753,1,0,0.0,0.28,7,0.28,0,350
15754,2,1,-4.847297,0.32,8,0.32,0,350
15755,1,0,0.0,0.32,8,0.32,1,350
15756,2,1,12.345116,0.36,9,0.36,0,350
15757,2,1,10.419936,0.4,10,0.4,0,350
15758,1,0,0.0,0.4,10,0.4,0,350
15759,1,0,0.0,0.4,10,0.4,0,350
15760,1,0,0.0,0.4,10,0.4,0,350
15761,1,0,0.0,0.4,10,0.4,0,350
15762,1,0,0.0,0.4,10,0.4,0,350
15763,2,1,9.0075035,0.44,11,0.44,0,350
15764,1,0,0.0,0.44,11,0.44,0,350
15765,2,1,13.0914135,0.52,13,0.52,0,350
15766,1,0,0.0,0.52,13,0.52,0,350
15767,1,0,0.0,0.52,13,0.52,0,350
15768,2,1,15.262581,0.56,14,0.56,0,350
15769,1,0,0.0,0.56,14,0.56,0,350
15770,2,1,19.443096,0.6,15,0.6,0,350
15771,1,0,0.0,0.6,15,0.6,0,350
15772,1,0,0.0,0.6,15,0.6,1,350
15773,1,0,0.0,0.6,15,0.6,0,350
15774,2,1,15.29767,0.64,16,0.64,0,350
15775,1,0,0.0,0.64,16,0.64,0,350
15776,2,1,-10.349654,0.72,18,0.72,0,350
15777,1,0,0.0,0.72,18,0.72,0,350
15778,2,1,-105.678535,0.84,21,0.84,0,350
15779,1,0,0.0,0.84,21,0.84,0,350
15780,1,0,0.0,0.84,21,0.84,0,350
15781,1,0,0.0,0.84,21,0.84,0,350
15782,1,0,0.0,0.84,21,0.84,0,350
15783,1,0,0.0,0.84,21,0.84,0,350
15784,1,0,0.0,0.84,21,0.84,0,350
15785,1,0,0.0,0.84,21,0.84,0,350
15786,1,0,0.0,0.84,21,0.84,1,350
15787,1,0,0.0,0.84,21,0.84,0,350
15788,1,0,0.0,0.84,21,0.84,0,350
15789,1,0,-1000.0,0.0,0,0.0,0,350
15790,2,1,28.364332,0.2,5,0.2,0,351
15791,2,1,28.208652,0.24,6,0.24,0,351
15792,2,1,18.8927,0.32,8,0.32,0,351
15793,2,1,16.93285,0.4,10,0.4,0,351
15794,1,0,0.0,0.4,10,0.4,0,351
15795,1,0,0.0,0.4,10,0.4,1,351
15796,2,1,24.709246,0.44,11,0.44,0,351
15797,1,0,0.0,0.44,11,0.44,0,351
15798,2,1,21.024118,0.48,12,0.48,0,351
15799,2,1,22.747084,0.52,13,0.52,0,351
15800,1,0,0.0,0.52,13,0.52,0,351
15801,2,1,5.0400343,0.6,15,0.6,0,351
15802,1,0,0.0,0.6,15,0.6,0,351
15803,1,0,0.0,0.6,15,0.6,0,351
15804,1,0,0.0,0.6,15,0.6,0,351
15805,1,0,0.0,0.6,15,0.6,0,351
15806,2,1,15.319982,0.64,16,0.64,1,351
15807,1,0,0.0,0.64,16,0.64,0,351
15808,1,0,0.0,0.64,16,0.64,0,351
15809,1,0,0.0,0.64,16,0.64,0,351
15810,1,0,0.0,0.64,16,0.64,0,351
15811,1,0,0.0,0.64,16,0.64,0,351
15812,1,0,0.0,0.64,16,0.64,0,351
15813,1,0,0.0,0.64,16,0.64,0,351
15814,1,0,0.0,0.64,16,0.64,0,351
15815,1,0,0.0,0.64,16,0.64,0,351
15816,1,0,0.0,0.64,16,0.64,0,351
15817,1,0,-1000.0,0.0,0,0.0,0,351
15818,2,1,28.346605,0.2,5,0.2,0,352
15819,2,1,23.968313,0.28,7,0.28,0,352
15820,2,1,21.33844,0.36,9,0.36,0,352
15821,2,1,0.9978961,0.52,13,0.52,0,352
15822,2,1,6.3340287,0.6,15,0.6,0,352
15823,1,0,0.0,0.6,15,0.6,0,352
15824,1,0,0.0,0.6,15,0.6,1,352
15825,1,0,0.0,0.6,15,0.6,0,352
15826,1,0,0.0,0.6,15,0.6,1,352
15827,2,1,12.442796,0.64,16,0.64,0,352
15828,1,0,0.0,0.64,16,0.64,0,352
15829,1,0,0.0,0.64,16,0.64,0,352
15830,1,0,0.0,0.64,16,0.64,1,352
15831,1,0,0.0,0.64,16,0.64,0,352
15832,1,0,0.0,0.64,16,0.64,0,352
15833,1,0,0.0,0.64,16,0.64,0,352
15834,1,0,0.0,0.64,16,0.64,0,352
15835,2,1,11.808478,0.68,17,0.68,0,352
15836,1,0,0.0,0.68,17,0.68,0,352
15837,1,0,0.0,0.68,17,0.68,0,352
15838,1,0,0.0,0.68,17,0.68,0,352
15839,1,0,0.0,0.68,17,0.68,0,352
15840,1,0,0.0,0.68,17,0.68,0,352
15841,2,1,-24.003428,0.76,19,0.76,0,352
15842,1,0,0.0,0.76,19,0.76,0,352
15843,1,0,0.0,0.76,19,0.76,0,352
15844,2,1,-78.000114,0.84,21,0.84,0,352
15845,1,0,0.0,0.84,21,0.84,0,352
15846,1,0,0.0,0.84,21,0.84,0,352
15847,1,0,0.0,0.84,21,0.84,0,352
15848,1,0,0.0,0.84,21,0.84,0,352
15849,1,0,0.0,0.84,21,0.84,0,352
15850,1,0,0.0,0.84,21,0.84,0,352
15851,1,0,0.0,0.84,21,0.84,0,352
15852,1,0,0.0,0.84,21,0.84,0,352
15853,1,0,0.0,0.84,21,0.84,0,352
15854,1,0,0.0,0.84,21,0.84,0,352
15855,1,0,-1000.0,0.0,0,0.0,0,352
15856,1,0,0.0,0.16,4,0.16,0,353
15857,1,0,0.0,0.16,4,0.16,0,353
15858,2,1,-4.1407347,0.2,5,0.2,0,353
15859,2,1,28.208652,0.24,6,0.24,0,353
15860,2,1,-4.51638,0.28,7,0.28,0,353
15861,2,1,-4.847965,0.32,8,0.32,0,353
15862,1,0,0.0,0.32,8,0.32,0,353
15863,2,1,22.976604,0.36,9,0.36,0,353
15864,1,0,0.0,0.36,9,0.36,0,353
15865,1,0,0.0,0.36,9,0.36,0,353
15866,1,0,0.0,0.36,9,0.36,0,353
15867,1,0,0.0,0.36,9,0.36,0,353
15868,1,0,0.0,0.36,9,0.36,0,353
15869,1,0,0.0,0.36,9,0.36,0,353
15870,2,1,13.02167,0.48,12,0.48,0,353
15871,2,1,-30.207043,0.6,15,0.6,0,353
15872,1,0,0.0,0.6,15,0.6,0,353
15873,1,0,0.0,0.6,15,0.6,0,353
15874,2,1,-0.5555736,0.68,17,0.68,0,353
15875,1,0,0.0,0.68,17,0.68,0,353
15876,1,0,0.0,0.68,17,0.68,0,353
15877,1,0,0.0,0.68,17,0.68,1,353
15878,1,0,0.0,0.68,17,0.68,0,353
15879,1,0,0.0,0.68,17,0.68,0,353
15880,1,0,0.0,0.68,17,0.68,0,353
15881,1,0,0.0,0.68,17,0.68,0,353
15882,1,0,0.0,0.68,17,0.68,0,353
15883,2,1,-23.085833,0.76,19,0.76,0,353
15884,1,0,0.0,0.76,19,0.76,0,353
15885,1,0,0.0,0.76,19,0.76,0,353
15886,1,0,0.0,0.76,19,0.76,0,353
15887,1,0,0.0,0.76,19,0.76,0,353
15888,1,0,0.0,0.76,19,0.76,0,353
15889,1,0,0.0,0.76,19,0.76,0,353
15890,1,0,0.0,0.76,19,0.76,0,353
15891,1,0,0.0,0.76,19,0.76,0,353
15892,1,0,0.0,0.76,19,0.76,0,353
15893,1,0,0.0,0.76,19,0.76,0,353
15894,1,0,-1000.0,0.0,0,0.0,0,353
15895,2,1,28.364332,0.2,5,0.2,0,354
15896,2,1,23.955872,0.28,7,0.28,0,354
15897,2,1,-4.847379,0.32,8,0.32,0,354
15898,2,1,22.976604,0.36,9,0.36,1,354
15899,2,1,9.262548,0.48,12,0.48,0,354
15900,2,1,15.356935,0.52,13,0.52,0,354
15901,2,1,9.711095,0.6,15,0.6,0,354
15902,1,0,0.0,0.6,15,0.6,0,354
15903,1,0,0.0,0.6,15,0.6,0,354
15904,1,0,0.0,0.6,15,0.6,0,354
15905,1,0,0.0,0.6,15,0.6,0,354
15906,1,0,0.0,0.6,15,0.6,0,354
15907,1,0,0.0,0.6,15,0.6,0,354
15908,1,0,0.0,0.6,15,0.6,0,354
15909,1,0,0.0,0.6,15,0.6,0,354
15910,1,0,0.0,0.6,15,0.6,0,354
15911,1,0,0.0,0.6,15,0.6,0,354
15912,1,0,-1000.0,0.0,0,0.0,0,354
15913,2,1,-4.1407347,0.2,5,0.2,0,355
15914,1,0,0.0,0.2,5,0.2,0,355
15915,2,1,23.692236,0.28,7,0.28,0,355
15916,1,0,0.0,0.28,7,0.28,0,355
15917,2,1,-10.12841,0.36,9,0.36,0,355
15918,2,1,-5.8296223,0.4,10,0.4,0,355
15919,1,0,0.0,0.4,10,0.4,0,355
15920,1,0,0.0,0.4,10,0.4,0,355
15921,1,0,0.0,0.4,10,0.4,0,355
15922,1,0,0.0,0.4,10,0.4,0,355
15923,1,0,0.0,0.4,10,0.4,0,355
15924,1,0,0.0,0.4,10,0.4,1,355
15925,1,0,0.0,0.4,10,0.4,0,355
15926,1,0,0.0,0.4,10,0.4,0,355
15927,1,0,0.0,0.4,10,0.4,0,355
15928,1,0,0.0,0.4,10,0.4,0,355
15929,1,0,-1000.0,0.0,0,0.0,0,355
15930,2,1,-4.1407347,0.2,5,0.2,0,356
15931,2,1,28.22638,0.24,6,0.24,0,356
15932,1,0,0.0,0.24,6,0.24,0,356
15933,2,1,27.971514,0.28,7,0.28,0,356
15934,1,0,0.0,0.28,7,0.28,0,356
15935,2,1,23.409119,0.32,8,0.32,0,356
15936,2,1,16.93285,0.4,10,0.4,0,356
15937,1,0,0.0,0.4,10,0.4,0,356
15938,1,0,0.0,0.4,10,0.4,0,356
15939,1,0,0.0,0.4,10,0.4,1,356
15940,1,0,0.0,0.4,10,0.4,0,356
15941,1,0,0.0,0.4,10,0.4,0,356
15942,1,0,0.0,0.4,10,0.4,0,356
15943,1,0,0.0,0.4,10,0.4,0,356
15944,2,1,24.72458,0.44,11,0.44,0,356
15945,1,0,0.0,0.44,11,0.44,0,356
15946,2,1,15.344428,0.52,13,0.52,0,356
15947,1,0,0.0,0.52,13,0.52,0,356
15948,1,0,0.0,0.52,13,0.52,0,356
15949,2,1,19.684492,0.56,14,0.56,0,356
15950,2,1,17.686167,0.6,15,0.6,0,356
15951,1,0,0.0,0.6,15,0.6,0,356
15952,1,0,0.0,0.6,15,0.6,0,356
15953,1,0,0.0,0.6,15,0.6,0,356
15954,1,0,0.0,0.6,15,0.6,0,356
15955,1,0,0.0,0.6,15,0.6,0,356
15956,2,1,13.119075,0.64,16,0.64,0,356
15957,1,0,0.0,0.64,16,0.64,0,356
15958,1,0,0.0,0.64,16,0.64,0,356
15959,1,0,0.0,0.64,16,0.64,1,356
15960,1,0,0.0,0.64,16,0.64,0,356
15961,1,0,0.0,0.64,16,0.64,0,356
15962,1,0,0.0,0.64,16,0.64,0,356
15963,1,0,0.0,0.64,16,0.64,0,356
15964,1,0,0.0,0.64,16,0.64,0,356
15965,2,1,-11.653402,0.72,18,0.72,0,356
15966,1,0,0.0,0.72,18,0.72,0,356
15967,1,0,0.0,0.72,18,0.72,0,356
15968,1,0,0.0,0.72,18,0.72,0,356
15969,1,0,0.0,0.72,18,0.72,0,356
15970,1,0,0.0,0.72,18,0.72,0,356
15971,1,0,0.0,0.72,18,0.72,0,356
15972,1,0,0.0,0.72,18,0.72,0,356
15973,1,0,0.0,0.72,18,0.72,0,356
15974,1,0,0.0,0.72,18,0.72,0,356
15975,1,0,0.0,0.72,18,0.72,1,356
15976,1,0,-1000.0,0.0,0,0.0,0,356
15977,2,1,-4.1407347,0.2,5,0.2,0,357
15978,2,1,-4.278605,0.24,6,0.24,0,357
15979,2,1,23.123543,0.32,8,0.32,0,357
15980,2,1,-5.2804456,0.36,9,0.36,0,357
15981,1,0,0.0,0.36,9,0.36,0,357
15982,1,0,0.0,0.36,9,0.36,0,357
15983,2,1,-5.829622,0.4,10,0.4,0,357
15984,2,1,25.984842,0.44,11,0.44,0,357
15985,1,0,0.0,0.44,11,0.44,0,357
15986,1,0,0.0,0.44,11,0.44,0,357
15987,1,0,0.0,0.44,11,0.44,0,357
15988,1,0,0.0,0.44,11,0.44,0,357
15989,1,0,0.0,0.44,11,0.44,0,357
15990,1,0,0.0,0.44,11,0.44,0,357
15991,2,1,-7.39189,0.48,12,0.48,0,357
15992,1,0,0.0,0.48,12,0.48,0,357
15993,1,0,0.0,0.48,12,0.48,0,357
15994,1,0,0.0,0.48,12,0.48,0,357
15995,1,0,0.0,0.48,12,0.48,0,357
15996,2,1,22.785866,0.52,13,0.52,0,357
15997,2,1,21.367445,0.56,14,0.56,0,357
15998,1,0,0.0,0.56,14,0.56,1,357
15999,1,0,0.0,0.56,14,0.56,0,357
16000,1,0,0.0,0.56,14,0.56,0,357
16001,1,0,0.0,0.56,14,0.56,0,357
16002,2,1,17.75762,0.6,15,0.6,0,357
16003,1,0,0.0,0.6,15,0.6,0,357
16004,1,0,0.0,0.6,15,0.6,0,357
16005,1,0,0.0,0.6,15,0.6,0,357
16006,1,0,0.0,0.6,15,0.6,0,357
16007,2,1,-14.286522,0.64,16,0.64,1,357
16008,1,0,0.0,0.64,16,0.64,0,357
16009,1,0,0.0,0.64,16,0.64,0,357
16010,1,0,0.0,0.64,16,0.64,0,357
16011,1,0,0.0,0.64,16,0.64,0,357
16012,1,0,0.0,0.64,16,0.64,0,357
16013,1,0,0.0,0.64,16,0.64,0,357
16014,1,0,0.0,0.64,16,0.64,0,357
16015,1,0,0.0,0.64,16,0.64,0,357
16016,2,1,11.859445,0.68,17,0.68,0,357
16017,1,0,0.0,0.68,17,0.68,0,357
16018,1,0,0.0,0.68,17,0.68,0,357
16019,1,0,0.0,0.68,17,0.68,0,357
16020,1,0,0.0,0.68,17,0.68,0,357
16021,1,0,0.0,0.68,17,0.68,0,357
16022,1,0,0.0,0.68,17,0.68,0,357
16023,1,0,0.0,0.68,17,0.68,0,357
16024,1,0,0.0,0.68,17,0.68,0,357
16025,2,1,5.045339,0.72,18,0.72,0,357
16026,1,0,0.0,0.72,18,0.72,0,357
16027,1,0,0.0,0.72,18,0.72,0,357
16028,1,0,0.0,0.72,18,0.72,0,357
16029,1,0,0.0,0.72,18,0.72,0,357
16030,1,0,0.0,0.72,18,0.72,0,357
16031,1,0,0.0,0.72,18,0.72,0,357
16032,1,0,0.0,0.72,18,0.72,0,357
16033,1,0,0.0,0.72,18,0.72,0,357
16034,1,0,0.0,0.72,18,0.72,0,357
16035,1,0,0.0,0.72,18,0.72,0,357
16036,1,0,-1000.0,0.0,0,0.0,0,357
16037,2,1,28.364332,0.2,5,0.2,0,358
16038,1,0,0.0,0.2,5,0.2,0,358
16039,2,1,-4.278605,0.24,6,0.24,0,358
16040,2,1,23.38718,0.32,8,0.32,0,358
16041,1,0,0.0,0.32,8,0.32,0,358
16042,1,0,0.0,0.32,8,0.32,0,358
16043,1,0,0.0,0.32,8,0.32,0,358
16044,2,1,20.35271,0.4,10,0.4,0,358
16045,1,0,0.0,0.4,10,0.4,0,358
16046,1,0,0.0,0.4,10,0.4,0,358
16047,2,1,23.129503,0.44,11,0.44,0,358
16048,1,0,0.0,0.44,11,0.44,0,358
16049,1,0,0.0,0.44,11,0.44,0,358
16050,1,0,0.0,0.44,11,0.44,1,358
16051,2,1,-8.363724,0.6,15,0.6,0,358
16052,1,0,0.0,0.6,15,0.6,0,358
16053,2,1,-5.1146164,0.68,17,0.68,0,358
16054,1,0,0.0,0.68,17,0.68,0,358
16055,1,0,0.0,0.68,17,0.68,1,358
16056,1,0,0.0,0.68,17,0.68,0,358
16057,1,0,0.0,0.68,17,0.68,0,358
16058,1,0,0.0,0.68,17,0.68,0,358
16059,1,0,0.0,0.68,17,0.68,0,358
16060,1,0,0.0,0.68,17,0.68,0,358
16061,1,0,0.0,0.68,17,0.68,0,358
16062,1,0,0.0,0.68,17,0.68,0,358
16063,2,1,-66.91858,0.8,20,0.8,0,358
16064,1,0,0.0,0.8,20,0.8,0,358
16065,1,0,0.0,0.8,20,0.8,0,358
16066,1,0,0.0,0.8,20,0.8,0,358
16067,1,0,0.0,0.8,20,0.8,0,358
16068,1,0,0.0,0.8,20,0.8,0,358
16069,1,0,0.0,0.8,20,0.8,0,358
16070,1,0,0.0,0.8,20,0.8,0,358
16071,1,0,0.0,0.8,20,0.8,0,358
16072,1,0,0.0,0.8,20,0.8,0,358
16073,1,0,0.0,0.8,20,0.8,0,358
16074,1,0,-1000.0,0.0,0,0.0,0,358
16075,2,1,-4.1406527,0.2,5,0.2,0,359
16076,2,1,-4.2792473,0.24,6,0.24,0,359
16077,1,0,0.0,0.24,6,0.24,0,359
16078,1,0,0.0,0.24,6,0.24,0,359
16079,2,1,12.031158,0.4,10,0.4,0,359
16080,1,0,0.0,0.4,10,0.4,0,359
16081,2,1,25.967117,0.44,11,0.44,0,359
16082,1,0,0.0,0.44,11,0.44,0,359
16083,1,0,0.0,0.44,11,0.44,0,359
16084,1,0,0.0,0.44,11,0.44,0,359
16085,1,0,0.0,0.44,11,0.44,0,359
16086,2,1,-15.8902025,0.52,13,0.52,0,359
16087,1,0,0.0,0.52,13,0.52,0,359
16088,2,1,21.367445,0.56,14,0.56,1,359
16089,1,0,0.0,0.56,14,0.56,0,359
16090,1,0,0.0,0.56,14,0.56,0,359
16091,2,1,1.9545814,0.64,16,0.64,0,359
16092,1,0,0.0,0.64,16,0.64,0,359
16093,1,0,0.0,0.64,16,0.64,0,359
16094,1,0,0.0,0.64,16,0.64,0,359
16095,1,0,0.0,0.64,16,0.64,0,359
16096,2,1,-8.97628,0.72,18,0.72,0,359
16097,1,0,0.0,0.72,18,0.72,0,359
16098,1,0,0.0,0.72,18,0.72,0,359
16099,1,0,0.0,0.72,18,0.72,0,359
16100,1,0,0.0,0.72,18,0.72,1,359
16101,1,0,0.0,0.72,18,0.72,0,359
16102,1,0,0.0,0.72,18,0.72,0,359
16103,1,0,0.0,0.72,18,0.72,0,359
16104,1,0,0.0,0.72,18,0.72,0,359
16105,1,0,0.0,0.72,18,0.72,0,359
16106,1,0,0.0,0.72,18,0.72,0,359
16107,1,0,-1000.0,0.0,0,0.0,0,359
16108,2,1,-4.1406527,0.2,5,0.2,0,360
16109,1,0,0.0,0.2,5,0.2,0,360
16110,0,-1,4.1406527,0.16,4,0.16,0,360
16111,2,1,-4.1407347,0.2,5,0.2,0,360
16112,2,1,-4.27924,0.24,6,0.24,0,360
16113,2,1,27.971514,0.28,7,0.28,0,360
16114,1,0,0.0,0.28,7,0.28,0,360
16115,2,1,23.409119,0.32,8,0.32,0,360
16116,2,1,27.225174,0.36,9,0.36,0,360
16117,2,1,25.454552,0.4,10,0.4,0,360
16118,1,0,0.0,0.4,10,0.4,0,360
16119,1,0,0.0,0.4,10,0.4,0,360
16120,1,0,0.0,0.4,10,0.4,0,360
16121,1,0,0.0,0.4,10,0.4,0,360
16122,2,1,9.05587,0.52,13,0.52,0,360
16123,2,1,19.730448,0.56,14,0.56,0,360
16124,2,1,2.9178631,0.64,16,0.64,0,360
16125,2,1,9.597933,0.68,17,0.68,0,360
16126,1,0,0.0,0.68,17,0.68,0,360
16127,1,0,0.0,0.68,17,0.68,0,360
16128,1,0,0.0,0.68,17,0.68,0,360
16129,1,0,0.0,0.68,17,0.68,1,360
16130,1,0,0.0,0.68,17,0.68,0,360
16131,2,1,-25.81663,0.76,19,0.76,0,360
16132,1,0,0.0,0.76,19,0.76,0,360
16133,1,0,0.0,0.76,19,0.76,0,360
16134,1,0,0.0,0.76,19,0.76,0,360
16135,1,0,0.0,0.76,19,0.76,0,360
16136,1,0,0.0,0.76,19,0.76,0,360
16137,1,0,0.0,0.76,19,0.76,0,360
16138,1,0,0.0,0.76,19,0.76,0,360
16139,1,0,0.0,0.76,19,0.76,1,360
16140,1,0,0.0,0.76,19,0.76,0,360
16141,1,0,0.0,0.76,19,0.76,0,360
16142,1,0,-1000.0,0.0,0,0.0,0,360
16143,2,1,-4.1406527,0.2,5,0.2,0,361
16144,2,1,23.70996,0.28,7,0.28,0,361
16145,1,0,0.0,0.28,7,0.28,0,361
16146,2,1,-4.8479395,0.32,8,0.32,0,361
16147,2,1,22.762478,0.36,9,0.36,0,361
16148,1,0,0.0,0.36,9,0.36,0,361
16149,1,0,0.0,0.36,9,0.36,0,361
16150,2,1,-5.829622,0.4,10,0.4,0,361
16151,2,1,25.967117,0.44,11,0.44,0,361
16152,1,0,0.0,0.44,11,0.44,0,361
16153,2,1,-7.3913045,0.48,12,0.48,0,361
16154,2,1,22.79115,0.52,13,0.52,0,361
16155,1,0,0.0,0.52,13,0.52,0,361
16156,1,0,0.0,0.52,13,0.52,0,361
16157,1,0,0.0,0.52,13,0.52,0,361
16158,1,0,0.0,0.52,13,0.52,0,361
16159,1,0,0.0,0.52,13,0.52,0,361
16160,1,0,0.0,0.52,13,0.52,0,361
16161,1,0,0.0,0.52,13,0.52,1,361
16162,1,0,0.0,0.52,13,0.52,0,361
16163,1,0,0.0,0.52,13,0.52,0,361
16164,1,0,0.0,0.52,13,0.52,0,361
16165,0,-1,-19.494453,0.48,12,0.48,0,361
16166,1,0,0.0,0.48,12,0.48,0,361
16167,1,0,0.0,0.48,12,0.48,0,361
16168,2,1,22.745394,0.52,13,0.52,0,361
16169,1,0,0.0,0.52,13,0.52,0,361
16170,1,0,0.0,0.52,13,0.52,0,361
16171,1,0,0.0,0.52,13,0.52,0,361
16172,1,0,0.0,0.52,13,0.52,0,361
16173,1,0,0.0,0.52,13,0.52,0,361
16174,2,1,19.62252,0.56,14,0.56,0,361
16175,2,1,-14.112603,0.68,17,0.68,0,361
16176,1,0,0.0,0.68,17,0.68,0,361
16177,1,0,0.0,0.68,17,0.68,0,361
16178,1,0,0.0,0.68,17,0.68,1,361
16179,1,0,0.0,0.68,17,0.68,0,361
16180,1,0,0.0,0.68,17,0.68,0,361
16181,1,0,0.0,0.68,17,0.68,0,361
16182,1,0,0.0,0.68,17,0.68,0,361
16183,1,0,0.0,0.68,17,0.68,0,361
16184,2,1,-65.5365,0.8,20,0.8,0,361
16185,1,0,0.0,0.8,20,0.8,0,361
16186,1,0,0.0,0.8,20,0.8,0,361
16187,1,0,0.0,0.8,20,0.8,0,361
16188,1,0,0.0,0.8,20,0.8,0,361
16189,1,0,0.0,0.8,20,0.8,0,361
16190,1,0,0.0,0.8,20,0.8,0,361
16191,1,0,0.0,0.8,20,0.8,1,361
16192,1,0,0.0,0.8,20,0.8,0,361
16193,1,0,0.0,0.8,20,0.8,0,361
16194,1,0,0.0,0.8,20,0.8,0,361
16195,1,0,-1000.0,0.0,0,0.0,0,361
16196,2,1,28.364332,0.2,5,0.2,0,362
16197,2,1,-4.278605,0.24,6,0.24,0,362
16198,1,0,0.0,0.24,6,0.24,0,362
16199,1,0,0.0,0.24,6,0.24,0,362
16200,1,0,0.0,0.24,6,0.24,0,362
16201,2,1,-4.515826,0.28,7,0.28,0,362
16202,1,0,0.0,0.28,7,0.28,0,362
16203,2,1,22.359478,0.36,9,0.36,0,362
16204,1,0,0.0,0.36,9,0.36,0,362
16205,2,1,25.454552,0.4,10,0.4,0,362
16206,1,0,0.0,0.4,10,0.4,0,362
16207,1,0,0.0,0.4,10,0.4,0,362
16208,1,0,0.0,0.4,10,0.4,0,362
16209,1,0,0.0,0.4,10,0.4,0,362
16210,1,0,0.0,0.4,10,0.4,1,362
16211,1,0,0.0,0.4,10,0.4,0,362
16212,1,0,0.0,0.4,10,0.4,0,362
16213,1,0,0.0,0.4,10,0.4,0,362
16214,1,0,0.0,0.4,10,0.4,0,362
16215,0,-1,-0.0,0.4,10,0.4,0,362
16216,2,1,21.40675,0.44,11,0.44,0,362
16217,1,0,0.0,0.44,11,0.44,0,362
16218,2,1,10.802416,0.52,13,0.52,0,362
16219,1,0,0.0,0.52,13,0.52,0,362
16220,1,0,0.0,0.52,13,0.52,0,362
16221,1,0,0.0,0.52,13,0.52,0,362
16222,2,1,6.623996,0.6,15,0.6,0,362
16223,1,0,0.0,0.6,15,0.6,0,362
16224,1,0,0.0,0.6,15,0.6,0,362
16225,2,1,16.95887,0.64,16,0.64,0,362
16226,1,0,0.0,0.64,16,0.64,0,362
16227,1,0,0.0,0.64,16,0.64,0,362
16228,1,0,0.0,0.64,16,0.64,0,362
16229,2,1,3.7161145,0.68,17,0.68,0,362
16230,1,0,0.0,0.68,17,0.68,0,362
16231,1,0,0.0,0.68,17,0.68,0,362
16232,1,0,0.0,0.68,17,0.68,1,362
16233,1,0,0.0,0.68,17,0.68,0,362
16234,1,0,0.0,0.68,17,0.68,0,362
16235,1,0,0.0,0.68,17,0.68,0,362
16236,2,1,6.920779,0.72,18,0.72,0,362
16237,1,0,0.0,0.72,18,0.72,0,362
16238,2,1,-43.318707,0.8,20,0.8,0,362
16239,1,0,0.0,0.8,20,0.8,0,362
16240,1,0,0.0,0.8,20,0.8,0,362
16241,1,0,0.0,0.8,20,0.8,0,362
16242,1,0,0.0,0.8,20,0.8,0,362
16243,1,0,0.0,0.8,20,0.8,1,362
16244,1,0,0.0,0.8,20,0.8,0,362
16245,1,0,0.0,0.8,20,0.8,0,362
16246,1,0,0.0,0.8,20,0.8,0,362
16247,1,0,0.0,0.8,20,0.8,0,362
16248,1,0,0.0,0.8,20,0.8,0,362
16249,1,0,-1000.0,0.0,0,0.0,0,362
16250,2,1,28.346605,0.2,5,0.2,1,363
16251,2,1,23.466194,0.24,6,0.24,0,363
16252,2,1,27.971563,0.28,7,0.28,0,363
16253,1,0,0.0,0.28,7,0.28,0,363
16254,1,0,0.0,0.28,7,0.28,0,363
16255,2,1,20.74055,0.32,8,0.32,0,363
16256,2,1,25.893698,0.36,9,0.36,0,363
16257,2,1,6.7438316,0.48,12,0.48,0,363
16258,1,0,0.0,0.48,12,0.48,0,363
16259,2,1,15.64907,0.52,13,0.52,0,363
16260,1,0,0.0,0.52,13,0.52,0,363
16261,1,0,0.0,0.52,13,0.52,0,363
16262,1,0,0.0,0.52,13,0.52,0,363
16263,1,0,0.0,0.52,13,0.52,0,363
16264,2,1,-4.5880046,0.64,16,0.64,0,363
16265,1,0,0.0,0.64,16,0.64,1,363
16266,1,0,0.0,0.64,16,0.64,0,363
16267,1,0,0.0,0.64,16,0.64,0,363
16268,1,0,0.0,0.64,16,0.64,0,363
16269,2,1,-16.428541,0.72,18,0.72,0,363
16270,1,0,0.0,0.72,18,0.72,0,363
16271,1,0,0.0,0.72,18,0.72,0,363
16272,1,0,0.0,0.72,18,0.72,0,363
16273,1,0,0.0,0.72,18,0.72,0,363
16274,1,0,0.0,0.72,18,0.72,0,363
16275,1,0,0.0,0.72,18,0.72,0,363
16276,1,0,0.0,0.72,18,0.72,0,363
16277,1,0,0.0,0.72,18,0.72,0,363
16278,1,0,0.0,0.72,18,0.72,0,363
16279,1,0,0.0,0.72,18,0.72,1,363
16280,2,1,0.2820185,0.76,19,0.76,0,363
16281,1,0,0.0,0.76,19,0.76,0,363
16282,1,0,0.0,0.76,19,0.76,0,363
16283,1,0,0.0,0.76,19,0.76,0,363
16284,1,0,0.0,0.76,19,0.76,0,363
16285,1,0,0.0,0.76,19,0.76,0,363
16286,1,0,0.0,0.76,19,0.76,0,363
16287,1,0,0.0,0.76,19,0.76,0,363
16288,1,0,0.0,0.76,19,0.76,1,363
16289,1,0,0.0,0.76,19,0.76,0,363
16290,1,0,0.0,0.76,19,0.76,0,363
16291,1,0,-1000.0,0.0,0,0.0,0,363
16292,2,1,28.364332,0.2,5,0.2,0,364
16293,2,1,-4.278605,0.24,6,0.24,0,364
16294,2,1,-4.515826,0.28,7,0.28,0,364
16295,1,0,0.0,0.28,7,0.28,0,364
16296,1,0,0.0,0.28,7,0.28,0,364
16297,2,1,23.19499,0.32,8,0.32,0,364
16298,1,0,0.0,0.32,8,0.32,0,364
16299,0,-1,-23.19499,0.28,7,0.28,0,364
16300,1,0,0.0,0.28,7,0.28,0,364
16301,2,1,-4.847804,0.32,8,0.32,0,364
16302,2,1,27.207449,0.36,9,0.36,0,364
16303,1,0,0.0,0.36,9,0.36,0,364
16304,2,1,-5.8295965,0.4,10,0.4,0,364
16305,2,1,24.763365,0.44,11,0.44,0,364
16306,2,1,12.152752,0.52,13,0.52,0,364
16307,1,0,0.0,0.52,13,0.52,0,364
16308,1,0,0.0,0.52,13,0.52,0,364
16309,1,0,0.0,0.52,13,0.52,0,364
16310,1,0,0.0,0.52,13,0.52,1,364
16311,1,0,0.0,0.52,13,0.52,0,364
16312,1,0,0.0,0.52,13,0.52,0,364
16313,1,0,0.0,0.52,13,0.52,0,364
16314,1,0,0.0,0.52,13,0.52,0,364
16315,1,0,0.0,0.52,13,0.52,0,364
16316,1,0,0.0,0.52,13,0.52,0,364
16317,1,0,-1000.0,0.0,0,0.0,0,364
16318,2,1,-4.1406527,0.2,5,0.2,0,365
16319,2,1,28.208652,0.24,6,0.24,0,365
16320,2,1,27.98924,0.28,7,0.28,0,365
16321,1,0,0.0,0.28,7,0.28,0,365
16322,2,1,-4.8479395,0.32,8,0.32,0,365
16323,2,1,-5.280317,0.36,9,0.36,0,365
16324,1,0,0.0,0.36,9,0.36,0,365
16325,1,0,0.0,0.36,9,0.36,1,365
16326,2,1,25.372679,0.4,10,0.4,0,365
16327,1,0,0.0,0.4,10,0.4,0,365
16328,1,0,0.0,0.4,10,0.4,0,365
16329,1,0,0.0,0.4,10,0.4,0,365
16330,2,1,10.884281,0.44,11,0.44,0,365
16331,1,0,0.0,0.44,11,0.44,0,365
16332,1,0,0.0,0.44,11,0.44,0,365
16333,1,0,0.0,0.44,11,0.44,0,365
16334,1,0,0.0,0.44,11,0.44,0,365
16335,2,1,3.2446606,0.56,14,0.56,0,365
16336,1,0,0.0,0.56,14,0.56,0,365
16337,1,0,0.0,0.56,14,0.56,0,365
16338,2,1,3.5401707,0.6,15,0.6,0,365
16339,2,1,16.901783,0.64,16,0.64,0,365
16340,1,0,0.0,0.64,16,0.64,0,365
16341,1,0,0.0,0.64,16,0.64,0,365
16342,1,0,0.0,0.64,16,0.64,0,365
16343,1,0,0.0,0.64,16,0.64,0,365
16344,1,0,0.0,0.64,16,0.64,0,365
16345,2,1,11.456043,0.68,17,0.68,0,365
16346,1,0,0.0,0.68,17,0.68,0,365
16347,1,0,0.0,0.68,17,0.68,0,365
16348,1,0,0.0,0.68,17,0.68,0,365
16349,1,0,0.0,0.68,17,0.68,0,365
16350,1,0,0.0,0.68,17,0.68,0,365
16351,1,0,0.0,0.68,17,0.68,0,365
16352,1,0,0.0,0.68,17,0.68,1,365
16353,1,0,0.0,0.68,17,0.68,0,365
16354,1,0,0.0,0.68,17,0.68,0,365
16355,1,0,0.0,0.68,17,0.68,0,365
16356,1,0,-1000.0,0.0,0,0.0,0,365
16357,2,1,28.346605,0.2,5,0.2,0,366
16358,2,1,-4.278687,0.24,6,0.24,0,366
16359,1,0,0.0,0.24,6,0.24,0,366
16360,2,1,23.39962,0.32,8,0.32,0,366
16361,2,1,-5.280318,0.36,9,0.36,0,366
16362,1,0,0.0,0.36,9,0.36,0,366
16363,2,1,-12.350399,0.44,11,0.44,0,366
16364,1,0,0.0,0.44,11,0.44,0,366
16365,1,0,0.0,0.44,11,0.44,0,366
16366,2,1,3.265344,0.56,14,0.56,0,366
16367,1,0,0.0,0.56,14,0.56,1,366
16368,1,0,0.0,0.56,14,0.56,0,366
16369,1,0,0.0,0.56,14,0.56,0,366
16370,2,1,19.50075,0.6,15,0.6,0,366
16371,1,0,0.0,0.6,15,0.6,0,366
16372,1,0,0.0,0.6,15,0.6,0,366
16373,1,0,0.0,0.6,15,0.6,0,366
16374,1,0,0.0,0.6,15,0.6,0,366
16375,2,1,15.3420105,0.64,16,0.64,0,366
16376,1,0,0.0,0.64,16,0.64,0,366
16377,1,0,0.0,0.64,16,0.64,0,366
16378,1,0,0.0,0.64,16,0.64,0,366
16379,1,0,0.0,0.64,16,0.64,0,366
16380,1,0,0.0,0.64,16,0.64,0,366
16381,1,0,0.0,0.64,16,0.64,0,366
16382,1,0,0.0,0.64,16,0.64,0,366
16383,2,1,10.267195,0.68,17,0.68,0,366
16384,1,0,0.0,0.68,17,0.68,0,366
16385,1,0,0.0,0.68,17,0.68,0,366
16386,1,0,0.0,0.68,17,0.68,0,366
16387,1,0,0.0,0.68,17,0.68,0,366
16388,1,0,0.0,0.68,17,0.68,0,366
16389,1,0,0.0,0.68,17,0.68,0,366
16390,1,0,0.0,0.68,17,0.68,0,366
16391,1,0,0.0,0.68,17,0.68,0,366
16392,1,0,0.0,0.68,17,0.68,0,366
16393,1,0,0.0,0.68,17,0.68,0,366
16394,2,1,3.9291205,0.72,18,0.72,1,366
16395,1,0,0.0,0.72,18,0.72,0,366
16396,1,0,0.0,0.72,18,0.72,0,366
16397,1,0,0.0,0.72,18,0.72,0,366
16398,1,0,0.0,0.72,18,0.72,0,366
16399,1,0,0.0,0.72,18,0.72,0,366
16400,1,0,0.0,0.72,18,0.72,0,366
16401,1,0,0.0,0.72,18,0.72,0,366
16402,1,0,0.0,0.72,18,0.72,0,366
16403,1,0,0.0,0.72,18,0.72,0,366
16404,1,0,0.0,0.72,18,0.72,0,366
16405,1,0,-1000.0,0.0,0,0.0,0,366
16406,2,1,28.346605,0.2,5,0.2,0,367
16407,2,1,-4.278605,0.24,6,0.24,0,367
16408,2,1,-4.515826,0.28,7,0.28,0,367
16409,2,1,27.657686,0.32,8,0.32,0,367
16410,2,1,-5.280317,0.36,9,0.36,0,367
16411,2,1,25.454552,0.4,10,0.4,1,367
16412,1,0,0.0,0.4,10,0.4,0,367
16413,2,1,24.72458,0.44,11,0.44,0,367
16414,2,1,11.290616,0.48,12,0.48,0,367
16415,2,1,-8.498155,0.52,13,0.52,0,367
16416,1,0,0.0,0.52,13,0.52,0,367
16417,1,0,0.0,0.52,13,0.52,0,367
16418,2,1,19.551067,0.56,14,0.56,0,367
16419,2,1,17.819584,0.6,15,0.6,1,367
16420,1,0,0.0,0.6,15,0.6,0,367
16421,1,0,0.0,0.6,15,0.6,1,367
16422,1,0,0.0,0.6,15,0.6,1,367
16423,1,0,0.0,0.6,15,0.6,0,367
16424,1,0,0.0,0.6,15,0.6,1,367
16425,1,0,0.0,0.6,15,0.6,0,367
16426,1,0,0.0,0.6,15,0.6,0,367
16427,1,0,0.0,0.6,15,0.6,0,367
16428,2,1,15.428879,0.64,16,0.64,0,367
16429,1,0,0.0,0.64,16,0.64,0,367
16430,2,1,9.913564,0.68,17,0.68,0,367
16431,1,0,0.0,0.68,17,0.68,0,367
16432,1,0,0.0,0.68,17,0.68,0,367
16433,1,0,0.0,0.68,17,0.68,0,367
16434,2,1,-128.11916,0.84,21,0.84,1,367
16435,1,0,0.0,0.84,21,0.84,0,367
16436,1,0,0.0,0.84,21,0.84,0,367
16437,1,0,0.0,0.84,21,0.84,0,367
16438,2,1,-909.1981,0.96,24,0.96,0,367
16439,1,0,0.0,0.96,24,0.96,0,367
16440,1,0,0.0,0.96,24,0.96,1,367
16441,1,0,0.0,0.96,24,0.96,0,367
16442,1,0,0.0,0.96,24,0.96,0,367
16443,1,0,0.0,0.96,24,0.96,0,367
16444,1,0,0.0,0.96,24,0.96,0,367
16445,1,0,0.0,0.96,24,0.96,0,367
16446,1,0,0.0,0.96,24,0.96,0,367
16447,1,0,0.0,0.96,24,0.96,0,367
16448,1,0,0.0,0.96,24,0.96,0,367
16449,1,0,-1000.0,0.0,0,0.0,0,367
16450,2,1,28.364332,0.2,5,0.2,0,368
16451,1,0,0.0,0.2,5,0.2,0,368
16452,1,0,0.0,0.2,5,0.2,0,368
16453,2,1,-4.278605,0.24,6,0.24,0,368
16454,1,0,0.0,0.24,6,0.24,0,368
16455,2,1,-4.5163865,0.28,7,0.28,0,368
16456,1,0,0.0,0.28,7,0.28,0,368
16457,2,1,27.639961,0.32,8,0.32,0,368
16458,2,1,22.762478,0.36,9,0.36,0,368
16459,2,1,25.459835,0.4,10,0.4,0,368
16460,2,1,24.763365,0.44,11,0.44,0,368
16461,2,1,-25.811462,0.56,14,0.56,0,368
16462,2,1,14.353426,0.6,15,0.6,0,368
16463,2,1,-3.5073278,0.68,17,0.68,0,368
16464,1,0,0.0,0.68,17,0.68,0,368
16465,1,0,0.0,0.68,17,0.68,0,368
16466,1,0,0.0,0.68,17,0.68,1,368
16467,1,0,0.0,0.68,17,0.68,0,368
16468,1,0,0.0,0.68,17,0.68,0,368
16469,1,0,0.0,0.68,17,0.68,0,368
16470,1,0,0.0,0.68,17,0.68,0,368
16471,1,0,0.0,0.68,17,0.68,0,368
16472,1,0,0.0,0.68,17,0.68,0,368
16473,1,0,0.0,0.68,17,0.68,0,368
16474,1,0,-1000.0,0.0,0,0.0,0,368
16475,2,1,28.346605,0.2,5,0.2,0,369
16476,2,1,23.968313,0.28,7,0.28,0,369
16477,2,1,21.33844,0.36,9,0.36,0,369
16478,2,1,23.822836,0.4,10,0.4,0,369
16479,1,0,0.0,0.4,10,0.4,1,369
16480,1,0,0.0,0.4,10,0.4,0,369
16481,2,1,21.48342,0.44,11,0.44,0,369
16482,2,1,20.359213,0.48,12,0.48,0,369
16483,1,0,0.0,0.48,12,0.48,0,369
16484,1,0,0.0,0.48,12,0.48,0,369
16485,1,0,0.0,0.48,12,0.48,0,369
16486,2,1,17.268785,0.52,13,0.52,0,369
16487,1,0,0.0,0.52,13,0.52,0,369
16488,2,1,-77.24084,0.76,19,0.76,1,369
16489,1,0,0.0,0.76,19,0.76,0,369
16490,1,0,0.0,0.76,19,0.76,0,369
16491,1,0,0.0,0.76,19,0.76,0,369
16492,1,0,0.0,0.76,19,0.76,0,369
16493,1,0,0.0,0.76,19,0.76,0,369
16494,1,0,0.0,0.76,19,0.76,0,369
16495,1,0,0.0,0.76,19,0.76,0,369
16496,1,0,0.0,0.76,19,0.76,0,369
16497,2,1,-1013.9175,0.96,24,0.96,0,369
16498,1,0,0.0,0.96,24,0.96,0,369
16499,1,0,0.0,0.96,24,0.96,0,369
16500,1,0,0.0,0.96,24,0.96,0,369
16501,1,0,0.0,0.96,24,0.96,0,369
16502,1,0,0.0,0.96,24,0.96,0,369
16503,1,0,0.0,0.96,24,0.96,0,369
16504,1,0,0.0,0.96,24,0.96,0,369
16505,1,0,0.0,0.96,24,0.96,0,369
16506,1,0,0.0,0.96,24,0.96,0,369
16507,1,0,0.0,0.96,24,0.96,0,369
16508,1,0,-1000.0,0.0,0,0.0,0,369
16509,2,1,28.346605,0.2,5,0.2,0,370
16510,2,1,28.22638,0.24,6,0.24,0,370
16511,2,1,-4.515744,0.28,7,0.28,0,370
16512,1,0,0.0,0.28,7,0.28,0,370
16513,2,1,-4.847379,0.32,8,0.32,0,370
16514,2,1,22.762478,0.36,9,0.36,0,370
16515,1,0,0.0,0.36,9,0.36,0,370
16516,1,0,0.0,0.36,9,0.36,0,370
16517,1,0,0.0,0.36,9,0.36,0,370
16518,1,0,0.0,0.36,9,0.36,0,370
16519,2,1,-5.829462,0.4,10,0.4,0,370
16520,1,0,0.0,0.4,10,0.4,0,370
16521,1,0,0.0,0.4,10,0.4,0,370
16522,1,0,0.0,0.4,10,0.4,0,370
16523,1,0,0.0,0.4,10,0.4,0,370
16524,1,0,0.0,0.4,10,0.4,0,370
16525,2,1,24.768646,0.44,11,0.44,0,370
16526,1,0,0.0,0.44,11,0.44,0,370
16527,2,1,18.748446,0.48,12,0.48,0,370
16528,1,0,0.0,0.48,12,0.48,0,370
16529,2,1,8.188722,0.56,14,0.56,0,370
16530,1,0,0.0,0.56,14,0.56,0,370
16531,1,0,0.0,0.56,14,0.56,0,370
16532,2,1,-0.80959666,0.64,16,0.64,0,370
16533,1,0,0.0,0.64,16,0.64,0,370
16534,1,0,0.0,0.64,16,0.64,0,370
16535,1,0,0.0,0.64,16,0.64,0,370
16536,1,0,0.0,0.64,16,0.64,0,370
16537,1,0,0.0,0.64,16,0.64,0,370
16538,1,0,0.0,0.64,16,0.64,1,370
16539,1,0,0.0,0.64,16,0.64,0,370
16540,1,0,0.0,0.64,16,0.64,0,370
16541,1,0,0.0,0.64,16,0.64,0,370
16542,1,0,0.0,0.64,16,0.64,0,370
16543,1,0,-1000.0,0.0,0,0.0,0,370
16544,2,1,-4.1407347,0.2,5,0.2,0,371
16545,1,0,0.0,0.2,5,0.2,0,371
16546,2,1,28.22638,0.24,6,0.24,0,371
16547,2,1,-4.51638,0.28,7,0.28,0,371
16548,1,0,0.0,0.28,7,0.28,0,371
16549,2,1,16.793488,0.4,10,0.4,0,371
16550,2,1,15.078595,0.48,12,0.48,0,371
16551,2,1,13.042493,0.56,14,0.56,0,371
16552,1,0,0.0,0.56,14,0.56,0,371
16553,1,0,0.0,0.56,14,0.56,0,371
16554,1,0,0.0,0.56,14,0.56,0,371
16555,1,0,0.0,0.56,14,0.56,0,371
16556,0,-1,-0.0,0.56,14,0.56,0,371
16557,1,0,0.0,0.56,14,0.56,0,371
16558,1,0,0.0,0.56,14,0.56,0,371
16559,2,1,16.470173,0.6,15,0.6,0,371
16560,1,0,0.0,0.6,15,0.6,1,371
16561,1,0,0.0,0.6,15,0.6,0,371
16562,2,1,-2.2140696,0.68,17,0.68,0,371
16563,2,1,-25.290014,0.76,19,0.76,0,371
16564,1,0,0.0,0.76,19,0.76,1,371
16565,1,0,0.0,0.76,19,0.76,0,371
16566,1,0,0.0,0.76,19,0.76,0,371
16567,2,1,-14.239856,0.8,20,0.8,0,371
16568,1,0,0.0,0.8,20,0.8,0,371
16569,1,0,0.0,0.8,20,0.8,0,371
16570,1,0,0.0,0.8,20,0.8,0,371
16571,2,1,-141.94229,0.88,22,0.88,0,371
16572,1,0,0.0,0.88,22,0.88,0,371
16573,1,0,0.0,0.88,22,0.88,0,371
16574,1,0,0.0,0.88,22,0.88,0,371
16575,1,0,0.0,0.88,22,0.88,0,371
16576,1,0,0.0,0.88,22,0.88,0,371
16577,1,0,0.0,0.88,22,0.88,0,371
16578,1,0,0.0,0.88,22,0.88,0,371
16579,1,0,0.0,0.88,22,0.88,0,371
16580,1,0,0.0,0.88,22,0.88,0,371
16581,1,0,0.0,0.88,22,0.88,0,371
16582,1,0,-1000.0,0.0,0,0.0,0,371
16583,2,1,-4.1406527,0.2,5,0.2,0,372
16584,2,1,23.70996,0.28,7,0.28,0,372
16585,2,1,22.623116,0.36,9,0.36,0,372
16586,2,1,25.454552,0.4,10,0.4,0,372
16587,2,1,6.666545,0.52,13,0.52,0,372
16588,1,0,0.0,0.52,13,0.52,0,372
16589,1,0,0.0,0.52,13,0.52,0,372
16590,1,0,0.0,0.52,13,0.52,0,372
16591,2,1,-9.921985,0.56,14,0.56,0,372
16592,1,0,0.0,0.56,14,0.56,0,372
16593,2,1,17.86555,0.6,15,0.6,1,372
16594,2,1,-2.2140696,0.68,17,0.68,0,372
16595,2,1,-2.6195505,0.72,18,0.72,0,372
16596,1,0,0.0,0.72,18,0.72,0,372
16597,1,0,0.0,0.72,18,0.72,0,372
16598,1,0,0.0,0.72,18,0.72,0,372
16599,1,0,0.0,0.72,18,0.72,0,372
16600,1,0,0.0,0.72,18,0.72,0,372
16601,1,0,0.0,0.72,18,0.72,0,372
16602,1,0,0.0,0.72,18,0.72,0,372
16603,1,0,0.0,0.72,18,0.72,0,372
16604,1,0,0.0,0.72,18,0.72,0,372
16605,1,0,0.0,0.72,18,0.72,0,372
16606,1,0,-1000.0,0.0,0,0.0,0,372
16607,2,1,-4.1407347,0.2,5,0.2,0,373
16608,1,0,0.0,0.2,5,0.2,0,373
16609,2,1,23.692236,0.28,7,0.28,0,373
16610,1,0,0.0,0.28,7,0.28,0,373
16611,2,1,27.657686,0.32,8,0.32,0,373
16612,2,1,-5.27981,0.36,9,0.36,0,373
16613,1,0,0.0,0.36,9,0.36,0,373
16614,1,0,0.0,0.36,9,0.36,0,373
16615,1,0,0.0,0.36,9,0.36,0,373
16616,2,1,22.427462,0.4,10,0.4,0,373
16617,1,0,0.0,0.4,10,0.4,0,373
16618,2,1,24.763365,0.44,11,0.44,0,373
16619,1,0,0.0,0.44,11,0.44,0,373
16620,2,1,15.576685,0.52,13,0.52,0,373
16621,1,0,0.0,0.52,13,0.52,0,373
16622,2,1,-9.921979,0.56,14,0.56,0,373
16623,1,0,0.0,0.56,14,0.56,0,373
16624,1,0,0.0,0.56,14,0.56,0,373
16625,1,0,0.0,0.56,14,0.56,0,373
16626,2,1,17.86555,0.6,15,0.6,0,373
16627,1,0,0.0,0.6,15,0.6,0,373
16628,2,1,13.485255,0.64,16,0.64,0,373
16629,1,0,0.0,0.64,16,0.64,0,373
16630,1,0,0.0,0.64,16,0.64,0,373
16631,1,0,0.0,0.64,16,0.64,0,373
16632,2,1,-41.34389,0.76,19,0.76,1,373
16633,1,0,0.0,0.76,19,0.76,0,373
16634,1,0,0.0,0.76,19,0.76,0,373
16635,1,0,0.0,0.76,19,0.76,0,373
16636,2,1,-76.76758,0.84,21,0.84,0,373
16637,1,0,0.0,0.84,21,0.84,0,373
16638,1,0,0.0,0.84,21,0.84,1,373
16639,1,0,0.0,0.84,21,0.84,0,373
16640,1,0,0.0,0.84,21,0.84,0,373
16641,1,0,0.0,0.84,21,0.84,0,373
16642,1,0,0.0,0.84,21,0.84,0,373
16643,1,0,0.0,0.84,21,0.84,0,373
16644,1,0,0.0,0.84,21,0.84,0,373
16645,1,0,0.0,0.84,21,0.84,0,373
16646,1,0,0.0,0.84,21,0.84,0,373
16647,1,0,-1000.0,0.0,0,0.0,0,373
16648,2,1,-4.1407347,0.2,5,0.2,0,374
16649,2,1,23.692236,0.28,7,0.28,0,374
16650,2,1,23.409119,0.32,8,0.32,0,374
16651,1,0,0.0,0.32,8,0.32,0,374
16652,1,0,0.0,0.32,8,0.32,0,374
16653,2,1,21.653898,0.4,10,0.4,0,374
16654,2,1,21.976542,0.44,11,0.44,0,374
16655,1,0,0.0,0.44,11,0.44,0,374
16656,2,1,18.612106,0.48,12,0.48,0,374
16657,1,0,0.0,0.48,12,0.48,0,374
16658,1,0,0.0,0.48,12,0.48,0,374
16659,2,1,22.79115,0.52,13,0.52,0,374
16660,1,0,0.0,0.52,13,0.52,0,374
16661,1,0,0.0,0.52,13,0.52,0,374
16662,1,0,0.0,0.52,13,0.52,0,374
16663,2,1,-7.0041533,0.64,16,0.64,0,374
16664,1,0,0.0,0.64,16,0.64,0,374
16665,1,0,0.0,0.64,16,0.64,0,374
16666,1,0,0.0,0.64,16,0.64,0,374
16667,1,0,0.0,0.64,16,0.64,0,374
16668,1,0,0.0,0.64,16,0.64,0,374
16669,1,0,0.0,0.64,16,0.64,0,374
16670,1,0,0.0,0.64,16,0.64,1,374
16671,1,0,0.0,0.64,16,0.64,0,374
16672,2,1,11.892598,0.68,17,0.68,0,374
16673,1,0,0.0,0.68,17,0.68,0,374
16674,1,0,0.0,0.68,17,0.68,0,374
16675,1,0,0.0,0.68,17,0.68,0,374
16676,2,1,1.4144053,0.72,18,0.72,0,374
16677,1,0,0.0,0.72,18,0.72,0,374
16678,1,0,0.0,0.72,18,0.72,1,374
16679,1,0,0.0,0.72,18,0.72,0,374
16680,1,0,0.0,0.72,18,0.72,0,374
16681,1,0,0.0,0.72,18,0.72,0,374
16682,1,0,0.0,0.72,18,0.72,0,374
16683,1,0,0.0,0.72,18,0.72,0,374
16684,1,0,0.0,0.72,18,0.72,0,374
16685,2,1,-0.5534746,0.76,19,0.76,0,374
16686,1,0,0.0,0.76,19,0.76,0,374
16687,1,0,0.0,0.76,19,0.76,0,374
16688,1,0,0.0,0.76,19,0.76,0,374
16689,1,0,0.0,0.76,19,0.76,0,374
16690,1,0,0.0,0.76,19,0.76,0,374
16691,1,0,0.0,0.76,19,0.76,0,374
16692,1,0,0.0,0.76,19,0.76,0,374
16693,1,0,0.0,0.76,19,0.76,0,374
16694,2,1,-14.864412,0.8,20,0.8,1,374
16695,1,0,0.0,0.8,20,0.8,0,374
16696,1,0,0.0,0.8,20,0.8,0,374
16697,1,0,0.0,0.8,20,0.8,0,374
16698,1,0,0.0,0.8,20,0.8,0,374
16699,1,0,0.0,0.8,20,0.8,0,374
16700,1,0,0.0,0.8,20,0.8,0,374
16701,1,0,0.0,0.8,20,0.8,0,374
16702,1,0,0.0,0.8,20,0.8,0,374
16703,1,0,0.0,0.8,20,0.8,0,374
16704,1,0,0.0,0.8,20,0.8,0,374
16705,1,0,-1000.0,0.0,0,0.0,0,374
16706,2,1,-4.1407347,0.2,5,0.2,0,375
16707,2,1,28.208652,0.24,6,0.24,0,375
16708,2,1,27.98924,0.28,7,0.28,0,375
16709,2,1,23.409119,0.32,8,0.32,0,375
16710,2,1,26.003696,0.36,9,0.36,0,375
16711,2,1,-5.8295894,0.4,10,0.4,0,375
16712,1,0,0.0,0.4,10,0.4,0,375
16713,2,1,4.1502814,0.52,13,0.52,0,375
16714,1,0,0.0,0.52,13,0.52,0,375
16715,1,0,0.0,0.52,13,0.52,1,375
16716,1,0,0.0,0.52,13,0.52,0,375
16717,1,0,0.0,0.52,13,0.52,0,375
16718,2,1,18.081118,0.56,14,0.56,0,375
16719,1,0,0.0,0.56,14,0.56,0,375
16720,1,0,0.0,0.56,14,0.56,0,375
16721,1,0,0.0,0.56,14,0.56,0,375
16722,1,0,0.0,0.56,14,0.56,0,375
16723,1,0,0.0,0.56,14,0.56,0,375
16724,1,0,0.0,0.56,14,0.56,0,375
16725,1,0,0.0,0.56,14,0.56,0,375
16726,1,0,0.0,0.56,14,0.56,1,375
16727,1,0,0.0,0.56,14,0.56,0,375
16728,2,1,14.0431595,0.6,15,0.6,0,375
16729,1,0,0.0,0.6,15,0.6,0,375
16730,1,0,0.0,0.6,15,0.6,0,375
16731,1,0,0.0,0.6,15,0.6,0,375
16732,1,0,0.0,0.6,15,0.6,0,375
16733,1,0,0.0,0.6,15,0.6,0,375
16734,1,0,0.0,0.6,15,0.6,0,375
16735,1,0,0.0,0.6,15,0.6,0,375
16736,2,1,-0.46426588,0.64,16,0.64,0,375
16737,1,0,0.0,0.64,16,0.64,0,375
16738,2,1,-0.31610614,0.68,17,0.68,0,375
16739,1,0,0.0,0.68,17,0.68,0,375
16740,1,0,0.0,0.68,17,0.68,0,375
16741,1,0,0.0,0.68,17,0.68,0,375
16742,1,0,0.0,0.68,17,0.68,0,375
16743,1,0,0.0,0.68,17,0.68,0,375
16744,1,0,0.0,0.68,17,0.68,0,375
16745,1,0,0.0,0.68,17,0.68,0,375
16746,2,1,-63.33682,0.8,20,0.8,0,375
16747,1,0,0.0,0.8,20,0.8,0,375
16748,1,0,0.0,0.8,20,0.8,0,375
16749,1,0,0.0,0.8,20,0.8,0,375
16750,2,1,-43.50016,0.84,21,0.84,1,375
16751,1,0,0.0,0.84,21,0.84,0,375
16752,1,0,0.0,0.84,21,0.84,0,375
16753,1,0,0.0,0.84,21,0.84,0,375
16754,1,0,0.0,0.84,21,0.84,0,375
16755,1,0,0.0,0.84,21,0.84,0,375
16756,1,0,0.0,0.84,21,0.84,0,375
16757,1,0,0.0,0.84,21,0.84,0,375
16758,1,0,0.0,0.84,21,0.84,0,375
16759,1,0,0.0,0.84,21,0.84,0,375
16760,1,0,0.0,0.84,21,0.84,0,375
16761,1,0,-1000.0,0.0,0,0.0,0,375
16762,1,0,0.0,0.16,4,0.16,0,376
16763,2,1,28.346605,0.2,5,0.2,0,376
16764,1,0,0.0,0.2,5,0.2,0,376
16765,2,1,28.22638,0.24,6,0.24,0,376
16766,2,1,26.767761,0.28,7,0.28,0,376
16767,2,1,26.441492,0.32,8,0.32,0,376
16768,1,0,0.0,0.32,8,0.32,0,376
16769,1,0,0.0,0.32,8,0.32,0,376
16770,2,1,11.36038,0.44,11,0.44,0,376
16771,1,0,0.0,0.44,11,0.44,0,376
16772,1,0,0.0,0.44,11,0.44,0,376
16773,2,1,-7.3913045,0.48,12,0.48,0,376
16774,1,0,0.0,0.48,12,0.48,0,376
16775,1,0,0.0,0.48,12,0.48,0,376
16776,1,0,0.0,0.48,12,0.48,1,376
16777,1,0,0.0,0.48,12,0.48,0,376
16778,0,-1,-25.089266,0.48,12,0.48,0,376
16779,1,0,0.0,0.48,12,0.48,0,376
16780,1,0,0.0,0.48,12,0.48,0,376
16781,1,0,0.0,0.48,12,0.48,0,376
16782,1,0,0.0,0.48,12,0.48,0,376
16783,2,1,21.130224,0.52,13,0.52,0,376
16784,1,0,0.0,0.52,13,0.52,1,376
16785,1,0,0.0,0.52,13,0.52,0,376
16786,1,0,0.0,0.52,13,0.52,0,376
16787,1,0,0.0,0.52,13,0.52,0,376
16788,1,0,0.0,0.52,13,0.52,0,376
16789,2,1,8.004898,0.6,15,0.6,0,376
16790,1,0,0.0,0.6,15,0.6,0,376
16791,1,0,0.0,0.6,15,0.6,0,376
16792,1,0,0.0,0.6,15,0.6,0,376
16793,2,1,-4.721575,0.68,17,0.68,0,376
16794,1,0,0.0,0.68,17,0.68,0,376
16795,1,0,0.0,0.68,17,0.68,0,376
16796,1,0,0.0,0.68,17,0.68,0,376
16797,1,0,0.0,0.68,17,0.68,0,376
16798,1,0,0.0,0.68,17,0.68,0,376
16799,1,0,0.0,0.68,17,0.68,0,376
16800,1,0,0.0,0.68,17,0.68,0,376
16801,1,0,0.0,0.68,17,0.68,0,376
16802,1,0,0.0,0.68,17,0.68,0,376
16803,1,0,0.0,0.68,17,0.68,0,376
16804,1,0,-1000.0,0.0,0,0.0,0,376
16805,2,1,28.346605,0.2,5,0.2,0,377
16806,2,1,23.968313,0.28,7,0.28,0,377
16807,2,1,21.33844,0.36,9,0.36,0,377
16808,1,0,0.0,0.36,9,0.36,0,377
16809,1,0,0.0,0.36,9,0.36,0,377
16810,2,1,23.822836,0.4,10,0.4,0,377
16811,1,0,0.0,0.4,10,0.4,0,377
16812,1,0,0.0,0.4,10,0.4,0,377
16813,2,1,-3.0944927,0.56,14,0.56,0,377
16814,1,0,0.0,0.56,14,0.56,0,377
16815,1,0,0.0,0.56,14,0.56,0,377
16816,2,1,-14.818076,0.68,17,0.68,1,377
16817,1,0,0.0,0.68,17,0.68,0,377
16818,1,0,0.0,0.68,17,0.68,0,377
16819,1,0,0.0,0.68,17,0.68,0,377
16820,1,0,0.0,0.68,17,0.68,0,377
16821,1,0,0.0,0.68,17,0.68,0,377
16822,1,0,0.0,0.68,17,0.68,0,377
16823,1,0,0.0,0.68,17,0.68,0,377
16824,1,0,0.0,0.68,17,0.68,0,377
16825,1,0,0.0,0.68,17,0.68,0,377
16826,1,0,0.0,0.68,17,0.68,0,377
16827,1,0,-1000.0,0.0,0,0.0,0,377
16828,2,1,-4.1406527,0.2,5,0.2,0,378
16829,2,1,-4.2792473,0.24,6,0.24,0,378
16830,2,1,-4.516412,0.28,7,0.28,0,378
16831,2,1,-5.8634477,0.52,13,0.52,0,378
16832,1,0,0.0,0.52,13,0.52,0,378
16833,2,1,22.565916,0.56,14,0.56,0,378
16834,1,0,0.0,0.56,14,0.56,0,378
16835,1,0,0.0,0.56,14,0.56,0,378
16836,1,0,0.0,0.56,14,0.56,0,378
16837,1,0,0.0,0.56,14,0.56,0,378
16838,2,1,-11.78691,0.6,15,0.6,0,378
16839,1,0,0.0,0.6,15,0.6,0,378
16840,1,0,0.0,0.6,15,0.6,0,378
16841,1,0,0.0,0.6,15,0.6,0,378
16842,1,0,0.0,0.6,15,0.6,0,378
16843,1,0,0.0,0.6,15,0.6,0,378
16844,1,0,0.0,0.6,15,0.6,0,378
16845,1,0,0.0,0.6,15,0.6,0,378
16846,1,0,0.0,0.6,15,0.6,0,378
16847,1,0,0.0,0.6,15,0.6,0,378
16848,1,0,0.0,0.6,15,0.6,0,378
16849,1,0,-1000.0,0.0,0,0.0,0,378
16850,2,1,-4.1406527,0.2,5,0.2,0,379
16851,1,0,0.0,0.2,5,0.2,0,379
16852,2,1,28.22638,0.24,6,0.24,0,379
16853,1,0,0.0,0.24,6,0.24,0,379
16854,2,1,-4.5163865,0.28,7,0.28,0,379
16855,1,0,0.0,0.28,7,0.28,0,379
16856,2,1,27.639961,0.32,8,0.32,0,379
16857,2,1,26.003696,0.36,9,0.36,0,379
16858,0,-1,-0.0,0.36,9,0.36,1,379
16859,1,0,0.0,0.36,9,0.36,0,379
16860,2,1,25.41577,0.4,10,0.4,0,379
16861,1,0,0.0,0.4,10,0.4,0,379
16862,1,0,0.0,0.4,10,0.4,0,379
16863,2,1,6.6570907,0.52,13,0.52,0,379
16864,1,0,0.0,0.52,13,0.52,0,379
16865,1,0,0.0,0.52,13,0.52,0,379
16866,1,0,0.0,0.52,13,0.52,0,379
16867,1,0,0.0,0.52,13,0.52,0,379
16868,1,0,0.0,0.52,13,0.52,0,379
16869,1,0,0.0,0.52,13,0.52,0,379
16870,1,0,0.0,0.52,13,0.52,0,379
16871,1,0,0.0,0.52,13,0.52,0,379
16872,1,0,0.0,0.52,13,0.52,0,379
16873,1,0,0.0,0.52,13,0.52,0,379
16874,1,0,-1000.0,0.0,0,0.0,0,379
16875,2,1,28.364332,0.2,5,0.2,0,380
16876,2,1,-4.278605,0.24,6,0.24,0,380
16877,1,0,0.0,0.24,6,0.24,0,380
16878,2,1,-4.5163865,0.28,7,0.28,0,380
16879,2,1,27.639961,0.32,8,0.32,0,380
16880,1,0,0.0,0.32,8,0.32,0,380
16881,1,0,0.0,0.32,8,0.32,0,380
16882,2,1,26.003696,0.36,9,0.36,0,380
16883,1,0,0.0,0.36,9,0.36,1,380
16884,1,0,0.0,0.36,9,0.36,0,380
16885,2,1,25.41577,0.4,10,0.4,0,380
16886,1,0,0.0,0.4,10,0.4,0,380
16887,1,0,0.0,0.4,10,0.4,0,380
16888,1,0,0.0,0.4,10,0.4,0,380
16889,1,0,0.0,0.4,10,0.4,0,380
16890,1,0,0.0,0.4,10,0.4,0,380
16891,1,0,0.0,0.4,10,0.4,0,380
16892,1,0,0.0,0.4,10,0.4,0,380
16893,2,1,22.952269,0.44,11,0.44,0,380
16894,1,0,0.0,0.44,11,0.44,0,380
16895,1,0,0.0,0.44,11,0.44,0,380
16896,1,0,0.0,0.44,11,0.44,0,380
16897,1,0,0.0,0.44,11,0.44,0,380
16898,1,0,0.0,0.44,11,0.44,0,380
16899,1,0,0.0,0.44,11,0.44,0,380
16900,1,0,0.0,0.44,11,0.44,0,380
16901,1,0,0.0,0.44,11,0.44,0,380
16902,2,1,-8.467268,0.6,15,0.6,0,380
16903,1,0,0.0,0.6,15,0.6,1,380
16904,2,1,-2.1268973,0.68,17,0.68,0,380
16905,1,0,0.0,0.68,17,0.68,0,380
16906,1,0,0.0,0.68,17,0.68,0,380
16907,1,0,0.0,0.68,17,0.68,1,380
16908,1,0,0.0,0.68,17,0.68,0,380
16909,1,0,0.0,0.68,17,0.68,0,380
16910,1,0,0.0,0.68,17,0.68,0,380
16911,1,0,0.0,0.68,17,0.68,0,380
16912,1,0,0.0,0.68,17,0.68,0,380
16913,2,1,-24.097588,0.76,19,0.76,0,380
16914,1,0,0.0,0.76,19,0.76,0,380
16915,1,0,0.0,0.76,19,0.76,0,380
16916,1,0,0.0,0.76,19,0.76,0,380
16917,1,0,0.0,0.76,19,0.76,0,380
16918,1,0,0.0,0.76,19,0.76,1,380
16919,1,0,0.0,0.76,19,0.76,0,380
16920,1,0,0.0,0.76,19,0.76,0,380
16921,1,0,0.0,0.76,19,0.76,0,380
16922,1,0,0.0,0.76,19,0.76,0,380
16923,1,0,0.0,0.76,19,0.76,0,380
16924,1,0,-1000.0,0.0,0,0.0,0,380
16925,2,1,28.364332,0.2,5,0.2,1,381
16926,1,0,0.0,0.2,5,0.2,1,381
16927,1,0,0.0,0.2,5,0.2,0,381
16928,2,1,27.99284,0.24,6,0.24,0,381
16929,2,1,27.089767,0.28,7,0.28,0,381
16930,2,1,21.18558,0.36,9,0.36,0,381
16931,1,0,0.0,0.36,9,0.36,0,381
16932,2,1,16.356531,0.44,11,0.44,0,381
16933,1,0,0.0,0.44,11,0.44,0,381
16934,1,0,0.0,0.44,11,0.44,0,381
16935,2,1,3.851125,0.56,14,0.56,0,381
16936,1,0,0.0,0.56,14,0.56,0,381
16937,1,0,0.0,0.56,14,0.56,0,381
16938,1,0,0.0,0.56,14,0.56,0,381
16939,1,0,0.0,0.56,14,0.56,1,381
16940,1,0,0.0,0.56,14,0.56,0,381
16941,1,0,0.0,0.56,14,0.56,0,381
16942,1,0,0.0,0.56,14,0.56,0,381
16943,1,0,0.0,0.56,14,0.56,0,381
16944,1,0,0.0,0.56,14,0.56,0,381
16945,1,0,0.0,0.56,14,0.56,0,381
16946,1,0,-1000.0,0.0,0,0.0,0,381
16947,2,1,-4.1407347,0.2,5,0.2,0,382
16948,2,1,28.208652,0.24,6,0.24,0,382
16949,2,1,23.39962,0.32,8,0.32,0,382
16950,2,1,-5.280318,0.36,9,0.36,0,382
16951,1,0,0.0,0.36,9,0.36,0,382
16952,1,0,0.0,0.36,9,0.36,0,382
16953,1,0,0.0,0.36,9,0.36,0,382
16954,1,0,0.0,0.36,9,0.36,0,382
16955,2,1,15.692518,0.44,11,0.44,0,382
16956,1,0,0.0,0.44,11,0.44,0,382
16957,2,1,15.405041,0.52,13,0.52,0,382
16958,1,0,0.0,0.52,13,0.52,0,382
16959,1,0,0.0,0.52,13,0.52,1,382
16960,1,0,0.0,0.52,13,0.52,0,382
16961,2,1,19.70652,0.56,14,0.56,0,382
16962,1,0,0.0,0.56,14,0.56,0,382
16963,1,0,0.0,0.56,14,0.56,0,382
16964,1,0,0.0,0.56,14,0.56,0,382
16965,1,0,0.0,0.56,14,0.56,0,382
16966,1,0,0.0,0.56,14,0.56,0,382
16967,1,0,0.0,0.56,14,0.56,0,382
16968,1,0,0.0,0.56,14,0.56,0,382
16969,1,0,0.0,0.56,14,0.56,0,382
16970,1,0,0.0,0.56,14,0.56,0,382
16971,1,0,0.0,0.56,14,0.56,1,382
16972,1,0,-1000.0,0.0,0,0.0,0,382
16973,2,1,28.364332,0.2,5,0.2,0,383
16974,2,1,28.208652,0.24,6,0.24,0,383
16975,2,1,18.8927,0.32,8,0.32,0,383
16976,1,0,0.0,0.32,8,0.32,0,383
16977,1,0,0.0,0.32,8,0.32,0,383
16978,1,0,0.0,0.32,8,0.32,0,383
16979,2,1,15.451195,0.4,10,0.4,0,383
16980,2,1,-6.5207767,0.44,11,0.44,1,383
16981,2,1,23.865408,0.48,12,0.48,0,383
16982,2,1,19.958836,0.52,13,0.52,0,383
16983,1,0,0.0,0.52,13,0.52,0,383
16984,1,0,0.0,0.52,13,0.52,0,383
16985,1,0,0.0,0.52,13,0.52,0,383
16986,1,0,0.0,0.52,13,0.52,0,383
16987,1,0,0.0,0.52,13,0.52,0,383
16988,1,0,0.0,0.52,13,0.52,0,383
16989,1,0,0.0,0.52,13,0.52,0,383
16990,1,0,0.0,0.52,13,0.52,0,383
16991,1,0,0.0,0.52,13,0.52,0,383
16992,1,0,0.0,0.52,13,0.52,0,383
16993,1,0,-1000.0,0.0,0,0.0,0,383
16994,2,1,28.364332,0.2,5,0.2,0,384
16995,2,1,-4.278605,0.24,6,0.24,0,384
16996,2,1,23.38718,0.32,8,0.32,0,384
16997,2,1,-5.279892,0.36,9,0.36,0,384
16998,1,0,0.0,0.36,9,0.36,0,384
16999,1,0,0.0,0.36,9,0.36,0,384
17000,1,0,0.0,0.36,9,0.36,0,384
17001,2,1,-5.8295965,0.4,10,0.4,0,384
17002,2,1,24.763365,0.44,11,0.44,0,384
17003,2,1,13.18736,0.52,13,0.52,0,384
17004,1,0,0.0,0.52,13,0.52,0,384
17005,1,0,0.0,0.52,13,0.52,0,384
17006,1,0,0.0,0.52,13,0.52,0,384
17007,2,1,18.120945,0.56,14,0.56,0,384
17008,1,0,0.0,0.56,14,0.56,0,384
17009,1,0,0.0,0.56,14,0.56,0,384
17010,2,1,17.863403,0.6,15,0.6,0,384
17011,1,0,0.0,0.6,15,0.6,0,384
17012,1,0,0.0,0.6,15,0.6,0,384
17013,1,0,0.0,0.6,15,0.6,0,384
17014,1,0,0.0,0.6,15,0.6,0,384
17015,1,0,0.0,0.6,15,0.6,1,384
17016,2,1,15.245702,0.64,16,0.64,0,384
17017,1,0,0.0,0.64,16,0.64,0,384
17018,1,0,0.0,0.64,16,0.64,0,384
17019,1,0,0.0,0.64,16,0.64,0,384
17020,1,0,0.0,0.64,16,0.64,0,384
17021,1,0,0.0,0.64,16,0.64,0,384
17022,1,0,0.0,0.64,16,0.64,0,384
17023,1,0,0.0,0.64,16,0.64,1,384
17024,2,1,7.442042,0.68,17,0.68,0,384
17025,1,0,0.0,0.68,17,0.68,0,384
17026,1,0,0.0,0.68,17,0.68,0,384
17027,1,0,0.0,0.68,17,0.68,0,384
17028,1,0,0.0,0.68,17,0.68,0,384
17029,1,0,0.0,0.68,17,0.68,0,384
17030,1,0,0.0,0.68,17,0.68,0,384
17031,1,0,0.0,0.68,17,0.68,0,384
17032,1,0,0.0,0.68,17,0.68,0,384
17033,1,0,0.0,0.68,17,0.68,0,384
17034,1,0,0.0,0.68,17,0.68,1,384
17035,2,1,-3.6997097,0.72,18,0.72,0,384
17036,1,0,0.0,0.72,18,0.72,0,384
17037,1,0,0.0,0.72,18,0.72,0,384
17038,1,0,0.0,0.72,18,0.72,0,384
17039,1,0,0.0,0.72,18,0.72,0,384
17040,1,0,0.0,0.72,18,0.72,0,384
17041,1,0,0.0,0.72,18,0.72,0,384
17042,1,0,0.0,0.72,18,0.72,0,384
17043,1,0,0.0,0.72,18,0.72,0,384
17044,1,0,0.0,0.72,18,0.72,0,384
17045,1,0,0.0,0.72,18,0.72,0,384
17046,1,0,-1000.0,0.0,0,0.0,0,384
17047,2,1,-4.1407347,0.2,5,0.2,0,385
17048,2,1,-4.27924,0.24,6,0.24,0,385
17049,2,1,27.98924,0.28,7,0.28,0,385
17050,2,1,16.52985,0.4,10,0.4,0,385
17051,2,1,-6.5206485,0.44,11,0.44,0,385
17052,2,1,23.897566,0.48,12,0.48,0,385
17053,2,1,-8.498307,0.52,13,0.52,0,385
17054,1,0,0.0,0.52,13,0.52,0,385
17055,2,1,21.362164,0.56,14,0.56,0,385
17056,2,1,17.86555,0.6,15,0.6,0,385
17057,1,0,0.0,0.6,15,0.6,0,385
17058,1,0,0.0,0.6,15,0.6,0,385
17059,1,0,0.0,0.6,15,0.6,0,385
17060,0,-1,-17.86555,0.56,14,0.56,0,385
17061,1,0,0.0,0.56,14,0.56,0,385
17062,1,0,0.0,0.56,14,0.56,0,385
17063,1,0,0.0,0.56,14,0.56,0,385
17064,2,1,17.86555,0.6,15,0.6,0,385
17065,1,0,0.0,0.6,15,0.6,0,385
17066,1,0,0.0,0.6,15,0.6,0,385
17067,1,0,0.0,0.6,15,0.6,0,385
17068,1,0,0.0,0.6,15,0.6,0,385
17069,2,1,15.363791,0.64,16,0.64,0,385
17070,1,0,0.0,0.64,16,0.64,1,385
17071,1,0,0.0,0.64,16,0.64,0,385
17072,1,0,0.0,0.64,16,0.64,0,385
17073,1,0,0.0,0.64,16,0.64,0,385
17074,1,0,0.0,0.64,16,0.64,0,385
17075,1,0,0.0,0.64,16,0.64,0,385
17076,1,0,0.0,0.64,16,0.64,0,385
17077,2,1,-6.5170393,0.68,17,0.68,0,385
17078,1,0,0.0,0.68,17,0.68,0,385
17079,1,0,0.0,0.68,17,0.68,0,385
17080,1,0,0.0,0.68,17,0.68,0,385
17081,1,0,0.0,0.68,17,0.68,0,385
17082,1,0,0.0,0.68,17,0.68,0,385
17083,1,0,0.0,0.68,17,0.68,0,385
17084,1,0,0.0,0.68,17,0.68,0,385
17085,1,0,0.0,0.68,17,0.68,0,385
17086,1,0,0.0,0.68,17,0.68,0,385
17087,1,0,0.0,0.68,17,0.68,0,385
17088,1,0,-1000.0,0.0,0,0.0,0,385
17089,2,1,28.346605,0.2,5,0.2,0,386
17090,2,1,23.968313,0.28,7,0.28,0,386
17091,1,0,0.0,0.28,7,0.28,0,386
17092,2,1,26.441492,0.32,8,0.32,0,386
17093,2,1,11.446643,0.44,11,0.44,0,386
17094,1,0,0.0,0.44,11,0.44,0,386
17095,1,0,0.0,0.44,11,0.44,0,386
17096,1,0,0.0,0.44,11,0.44,0,386
17097,1,0,0.0,0.44,11,0.44,0,386
17098,1,0,0.0,0.44,11,0.44,0,386
17099,0,-1,-0.0040504737,0.44,11,0.44,0,386
17100,1,0,0.0,0.44,11,0.44,0,386
17101,1,0,0.0,0.44,11,0.44,0,386
17102,1,0,0.0,0.44,11,0.44,0,386
17103,0,-1,-0.0,0.44,11,0.44,0,386
17104,1,0,0.0,0.44,11,0.44,0,386
17105,1,0,0.0,0.44,11,0.44,0,386
17106,1,0,0.0,0.44,11,0.44,0,386
17107,1,0,0.0,0.44,11,0.44,0,386
17108,2,1,22.258423,0.48,12,0.48,0,386
17109,2,1,18.834341,0.52,13,0.52,0,386
17110,1,0,0.0,0.52,13,0.52,1,386
17111,1,0,0.0,0.52,13,0.52,0,386
17112,1,0,0.0,0.52,13,0.52,0,386
17113,1,0,0.0,0.52,13,0.52,0,386
17114,1,0,0.0,0.52,13,0.52,1,386
17115,1,0,0.0,0.52,13,0.52,0,386
17116,1,0,0.0,0.52,13,0.52,0,386
17117,1,0,0.0,0.52,13,0.52,0,386
17118,1,0,0.0,0.52,13,0.52,0,386
17119,1,0,0.0,0.52,13,0.52,0,386
17120,1,0,-1000.0,0.0,0,0.0,0,386
17121,2,1,28.346605,0.2,5,0.2,0,387
17122,2,1,-4.278605,0.24,6,0.24,0,387
17123,2,1,23.39962,0.32,8,0.32,0,387
17124,1,0,0.0,0.32,8,0.32,0,387
17125,2,1,20.356783,0.4,10,0.4,0,387
17126,1,0,0.0,0.4,10,0.4,0,387
17127,2,1,15.078595,0.48,12,0.48,0,387
17128,1,0,0.0,0.48,12,0.48,0,387
17129,1,0,0.0,0.48,12,0.48,0,387
17130,2,1,21.154152,0.52,13,0.52,0,387
17131,1,0,0.0,0.52,13,0.52,0,387
17132,2,1,-24.492851,0.68,17,0.68,0,387
17133,1,0,0.0,0.68,17,0.68,0,387
17134,1,0,0.0,0.68,17,0.68,0,387
17135,1,0,0.0,0.68,17,0.68,0,387
17136,1,0,0.0,0.68,17,0.68,0,387
17137,1,0,0.0,0.68,17,0.68,0,387
17138,1,0,0.0,0.68,17,0.68,1,387
17139,1,0,0.0,0.68,17,0.68,0,387
17140,1,0,0.0,0.68,17,0.68,0,387
17141,1,0,0.0,0.68,17,0.68,0,387
17142,1,0,0.0,0.68,17,0.68,0,387
17143,1,0,-1000.0,0.0,0,0.0,0,387
17144,2,1,28.346605,0.2,5,0.2,0,388
17145,2,1,23.968313,0.28,7,0.28,0,388
17146,1,0,0.0,0.28,7,0.28,0,388
17147,2,1,17.914507,0.36,9,0.36,0,388
17148,2,1,25.459835,0.4,10,0.4,0,388
17149,1,0,0.0,0.4,10,0.4,0,388
17150,1,0,0.0,0.4,10,0.4,0,388
17151,1,0,0.0,0.4,10,0.4,0,388
17152,1,0,0.0,0.4,10,0.4,0,388
17153,1,0,0.0,0.4,10,0.4,0,388
17154,1,0,0.0,0.4,10,0.4,0,388
17155,1,0,0.0,0.4,10,0.4,0,388
17156,1,0,0.0,0.4,10,0.4,0,388
17157,1,0,0.0,0.4,10,0.4,0,388
17158,1,0,0.0,0.4,10,0.4,0,388
17159,2,1,-6.5202236,0.44,11,0.44,0,388
17160,2,1,-7.3917303,0.48,12,0.48,0,388
17161,1,0,0.0,0.48,12,0.48,0,388
17162,1,0,0.0,0.48,12,0.48,0,388
17163,1,0,0.0,0.48,12,0.48,0,388
17164,1,0,0.0,0.48,12,0.48,0,388
17165,1,0,0.0,0.48,12,0.48,0,388
17166,1,0,0.0,0.48,12,0.48,0,388
17167,1,0,0.0,0.48,12,0.48,0,388
17168,2,1,21.152006,0.52,13,0.52,0,388
17169,1,0,0.0,0.52,13,0.52,0,388
17170,1,0,0.0,0.52,13,0.52,1,388
17171,1,0,0.0,0.52,13,0.52,0,388
17172,1,0,0.0,0.52,13,0.52,0,388
17173,1,0,0.0,0.52,13,0.52,0,388
17174,2,1,19.610212,0.56,14,0.56,0,388
17175,1,0,0.0,0.56,14,0.56,0,388
17176,1,0,0.0,0.56,14,0.56,0,388
17177,1,0,0.0,0.56,14,0.56,0,388
17178,1,0,0.0,0.56,14,0.56,0,388
17179,1,0,0.0,0.56,14,0.56,0,388
17180,1,0,0.0,0.56,14,0.56,0,388
17181,1,0,0.0,0.56,14,0.56,0,388
17182,2,1,15.597468,0.6,15,0.6,0,388
17183,1,0,0.0,0.6,15,0.6,0,388
17184,1,0,0.0,0.6,15,0.6,0,388
17185,2,1,0.7055979,0.64,16,0.64,0,388
17186,1,0,0.0,0.64,16,0.64,0,388
17187,2,1,-11.3336,0.72,18,0.72,0,388
17188,1,0,0.0,0.72,18,0.72,0,388
17189,1,0,0.0,0.72,18,0.72,0,388
17190,1,0,0.0,0.72,18,0.72,0,388
17191,1,0,0.0,0.72,18,0.72,0,388
17192,1,0,0.0,0.72,18,0.72,0,388
17193,1,0,0.0,0.72,18,0.72,0,388
17194,1,0,0.0,0.72,18,0.72,0,388
17195,1,0,0.0,0.72,18,0.72,0,388
17196,1,0,0.0,0.72,18,0.72,0,388
17197,1,0,0.0,0.72,18,0.72,1,388
17198,1,0,-1000.0,0.0,0,0.0,0,388
17199,2,1,-4.1407347,0.2,5,0.2,0,389
17200,2,1,28.22638,0.24,6,0.24,0,389
17201,1,0,0.0,0.24,6,0.24,0,389
17202,2,1,27.971514,0.28,7,0.28,0,389
17203,1,0,0.0,0.28,7,0.28,1,389
17204,1,0,0.0,0.28,7,0.28,0,389
17205,2,1,21.796144,0.32,8,0.32,0,389
17206,1,0,0.0,0.32,8,0.32,0,389
17207,1,0,0.0,0.32,8,0.32,0,389
17208,2,1,25.920689,0.36,9,0.36,0,389
17209,2,1,18.92227,0.44,11,0.44,0,389
17210,2,1,22.169725,0.48,12,0.48,0,389
17211,1,0,0.0,0.48,12,0.48,0,389
17212,1,0,0.0,0.48,12,0.48,0,389
17213,1,0,0.0,0.48,12,0.48,0,389
17214,1,0,0.0,0.48,12,0.48,0,389
17215,1,0,0.0,0.48,12,0.48,0,389
17216,1,0,0.0,0.48,12,0.48,1,389
17217,2,1,-1.0393084,0.6,15,0.6,0,389
17218,1,0,0.0,0.6,15,0.6,0,389
17219,1,0,0.0,0.6,15,0.6,0,389
17220,1,0,0.0,0.6,15,0.6,0,389
17221,1,0,0.0,0.6,15,0.6,0,389
17222,1,0,0.0,0.6,15,0.6,0,389
17223,1,0,0.0,0.6,15,0.6,0,389
17224,1,0,0.0,0.6,15,0.6,0,389
17225,1,0,0.0,0.6,15,0.6,0,389
17226,1,0,0.0,0.6,15,0.6,0,389
17227,2,1,-4.2671947,0.68,17,0.68,0,389
17228,1,0,0.0,0.68,17,0.68,0,389
17229,1,0,0.0,0.68,17,0.68,0,389
17230,1,0,0.0,0.68,17,0.68,0,389
17231,1,0,0.0,0.68,17,0.68,0,389
17232,1,0,0.0,0.68,17,0.68,0,389
17233,1,0,0.0,0.68,17,0.68,0,389
17234,1,0,0.0,0.68,17,0.68,0,389
17235,1,0,0.0,0.68,17,0.68,0,389
17236,1,0,0.0,0.68,17,0.68,0,389
17237,1,0,0.0,0.68,17,0.68,0,389
17238,1,0,-1000.0,0.0,0,0.0,0,389
17239,2,1,28.346605,0.2,5,0.2,0,390
17240,1,0,0.0,0.2,5,0.2,0,390
17241,2,1,23.968313,0.28,7,0.28,0,390
17242,2,1,13.119488,0.4,10,0.4,0,390
17243,1,0,0.0,0.4,10,0.4,0,390
17244,2,1,9.064888,0.52,13,0.52,0,390
17245,2,1,19.730448,0.56,14,0.56,0,390
17246,1,0,0.0,0.56,14,0.56,0,390
17247,2,1,-11.78675,0.6,15,0.6,0,390
17248,1,0,0.0,0.6,15,0.6,0,390
17249,1,0,0.0,0.6,15,0.6,0,390
17250,1,0,0.0,0.6,15,0.6,0,390
17251,1,0,0.0,0.6,15,0.6,0,390
17252,1,0,0.0,0.6,15,0.6,1,390
17253,1,0,0.0,0.6,15,0.6,0,390
17254,1,0,0.0,0.6,15,0.6,0,390
17255,1,0,0.0,0.6,15,0.6,0,390
17256,1,0,0.0,0.6,15,0.6,0,390
17257,1,0,0.0,0.6,15,0.6,0,390
17258,1,0,-1000.0,0.0,0,0.0,0,390
17259,2,1,28.346605,0.2,5,0.2,0,391
17260,2,1,-4.278687,0.24,6,0.24,0,391
17261,1,0,0.0,0.24,6,0.24,0,391
17262,2,1,23.39962,0.32,8,0.32,0,391
17263,1,0,0.0,0.32,8,0.32,0,391
17264,2,1,-5.27981,0.36,9,0.36,0,391
17265,1,0,0.0,0.36,9,0.36,0,391
17266,1,0,0.0,0.36,9,0.36,0,391
17267,2,1,19.116451,0.44,11,0.44,0,391
17268,1,0,0.0,0.44,11,0.44,0,391
17269,1,0,0.0,0.44,11,0.44,0,391
17270,1,0,0.0,0.44,11,0.44,0,391
17271,2,1,13.904048,0.52,13,0.52,1,391
17272,1,0,0.0,0.52,13,0.52,0,391
17273,1,0,0.0,0.52,13,0.52,1,391
17274,1,0,0.0,0.52,13,0.52,0,391
17275,1,0,0.0,0.52,13,0.52,0,391
17276,2,1,0.16262168,0.56,14,0.56,0,391
17277,1,0,0.0,0.56,14,0.56,0,391
17278,1,0,0.0,0.56,14,0.56,0,391
17279,1,0,0.0,0.56,14,0.56,0,391
17280,1,0,0.0,0.56,14,0.56,0,391
17281,1,0,0.0,0.56,14,0.56,0,391
17282,1,0,0.0,0.56,14,0.56,0,391
17283,1,0,0.0,0.56,14,0.56,0,391
17284,1,0,0.0,0.56,14,0.56,0,391
17285,1,0,0.0,0.56,14,0.56,0,391
17286,1,0,0.0,0.56,14,0.56,0,391
17287,2,1,12.096106,0.6,15,0.6,0,391
17288,2,1,-55.535553,0.76,19,0.76,0,391
17289,1,0,0.0,0.76,19,0.76,0,391
17290,2,1,-76.77511,0.84,21,0.84,0,391
17291,1,0,0.0,0.84,21,0.84,0,391
17292,1,0,0.0,0.84,21,0.84,0,391
17293,1,0,0.0,0.84,21,0.84,0,391
17294,1,0,0.0,0.84,21,0.84,0,391
17295,1,0,0.0,0.84,21,0.84,0,391
17296,1,0,0.0,0.84,21,0.84,0,391
17297,1,0,0.0,0.84,21,0.84,1,391
17298,1,0,0.0,0.84,21,0.84,0,391
17299,1,0,0.0,0.84,21,0.84,0,391
17300,1,0,0.0,0.84,21,0.84,0,391
17301,1,0,-1000.0,0.0,0,0.0,0,391
17302,2,1,28.364332,0.2,5,0.2,0,392
17303,2,1,23.955872,0.28,7,0.28,0,392
17304,2,1,26.436209,0.32,8,0.32,0,392
17305,1,0,0.0,0.32,8,0.32,0,392
17306,2,1,24.37198,0.36,9,0.36,0,392
17307,1,0,0.0,0.36,9,0.36,0,392
17308,1,0,0.0,0.36,9,0.36,0,392
17309,1,0,0.0,0.36,9,0.36,0,392
17310,2,1,17.442081,0.44,11,0.44,0,392
17311,1,0,0.0,0.44,11,0.44,0,392
17312,2,1,12.366879,0.52,13,0.52,0,392
17313,1,0,0.0,0.52,13,0.52,0,392
17314,1,0,0.0,0.52,13,0.52,0,392
17315,1,0,0.0,0.52,13,0.52,0,392
17316,1,0,0.0,0.52,13,0.52,0,392
17317,1,0,0.0,0.52,13,0.52,0,392
17318,1,0,0.0,0.52,13,0.52,0,392
17319,1,0,0.0,0.52,13,0.52,0,392
17320,1,0,0.0,0.52,13,0.52,0,392
17321,1,0,0.0,0.52,13,0.52,0,392
17322,1,0,0.0,0.52,13,0.52,0,392
17323,1,0,-1000.0,0.0,0,0.0,0,392
17324,1,0,0.0,0.16,4,0.16,0,393
17325,2,1,-4.1406527,0.2,5,0.2,0,393
17326,2,1,-4.278687,0.24,6,0.24,0,393
17327,2,1,23.123543,0.32,8,0.32,0,393
17328,2,1,21.653898,0.4,10,0.4,0,393
17329,1,0,0.0,0.4,10,0.4,0,393
17330,2,1,24.768646,0.44,11,0.44,0,393
17331,2,1,22.260569,0.48,12,0.48,0,393
17332,1,0,0.0,0.48,12,0.48,0,393
17333,1,0,0.0,0.48,12,0.48,0,393
17334,1,0,0.0,0.48,12,0.48,0,393
17335,1,0,0.0,0.48,12,0.48,0,393
17336,1,0,0.0,0.48,12,0.48,0,393
17337,1,0,0.0,0.48,12,0.48,1,393
17338,1,0,0.0,0.48,12,0.48,0,393
17339,1,0,0.0,0.48,12,0.48,1,393
17340,1,0,0.0,0.48,12,0.48,0,393
17341,1,0,0.0,0.48,12,0.48,0,393
17342,1,0,-1000.0,0.0,0,0.0,0,393
17343,2,1,28.346605,0.2,5,0.2,0,394
17344,2,1,-4.278605,0.24,6,0.24,0,394
17345,2,1,23.39962,0.32,8,0.32,0,394
17346,1,0,0.0,0.32,8,0.32,0,394
17347,1,0,0.0,0.32,8,0.32,0,394
17348,1,0,0.0,0.32,8,0.32,1,394
17349,1,0,0.0,0.32,8,0.32,0,394
17350,2,1,20.312757,0.4,10,0.4,0,394
17351,1,0,0.0,0.4,10,0.4,0,394
17352,1,0,0.0,0.4,10,0.4,0,394
17353,1,0,0.0,0.4,10,0.4,0,394
17354,1,0,0.0,0.4,10,0.4,0,394
17355,2,1,6.6571007,0.52,13,0.52,0,394
17356,2,1,15.861302,0.56,14,0.56,0,394
17357,1,0,0.0,0.56,14,0.56,0,394
17358,1,0,0.0,0.56,14,0.56,0,394
17359,1,0,0.0,0.56,14,0.56,0,394
17360,1,0,0.0,0.56,14,0.56,0,394
17361,1,0,0.0,0.56,14,0.56,0,394
17362,1,0,0.0,0.56,14,0.56,0,394
17363,1,0,0.0,0.56,14,0.56,0,394
17364,1,0,0.0,0.56,14,0.56,0,394
17365,1,0,0.0,0.56,14,0.56,0,394
17366,1,0,0.0,0.56,14,0.56,0,394
17367,2,1,3.5610702,0.64,16,0.64,0,394
17368,1,0,0.0,0.64,16,0.64,0,394
17369,1,0,0.0,0.64,16,0.64,1,394
17370,2,1,8.941588,0.68,17,0.68,0,394
17371,1,0,0.0,0.68,17,0.68,0,394
17372,1,0,0.0,0.68,17,0.68,0,394
17373,1,0,0.0,0.68,17,0.68,0,394
17374,1,0,0.0,0.68,17,0.68,0,394
17375,1,0,0.0,0.68,17,0.68,0,394
17376,1,0,0.0,0.68,17,0.68,0,394
17377,1,0,0.0,0.68,17,0.68,0,394
17378,1,0,0.0,0.68,17,0.68,0,394
17379,2,1,-4.858647,0.72,18,0.72,0,394
17380,1,0,0.0,0.72,18,0.72,0,394
17381,1,0,0.0,0.72,18,0.72,0,394
17382,1,0,0.0,0.72,18,0.72,0,394
17383,1,0,0.0,0.72,18,0.72,0,394
17384,1,0,0.0,0.72,18,0.72,0,394
17385,1,0,0.0,0.72,18,0.72,1,394
17386,1,0,0.0,0.72,18,0.72,0,394
17387,1,0,0.0,0.72,18,0.72,1,394
17388,1,0,0.0,0.72,18,0.72,0,394
17389,1,0,0.0,0.72,18,0.72,0,394
17390,1,0,-1000.0,0.0,0,0.0,0,394
17391,2,1,-4.1407347,0.2,5,0.2,0,395
17392,2,1,-4.278605,0.24,6,0.24,0,395
17393,1,0,0.0,0.24,6,0.24,0,395
17394,1,0,0.0,0.24,6,0.24,0,395
17395,2,1,27.98924,0.28,7,0.28,0,395
17396,2,1,27.639961,0.32,8,0.32,1,395
17397,2,1,21.264326,0.36,9,0.36,0,395
17398,2,1,25.371544,0.4,10,0.4,0,395
17399,2,1,24.653368,0.44,11,0.44,0,395
17400,1,0,0.0,0.44,11,0.44,0,395
17401,2,1,22.169725,0.48,12,0.48,0,395
17402,1,0,0.0,0.48,12,0.48,0,395
17403,1,0,0.0,0.48,12,0.48,0,395
17404,1,0,0.0,0.48,12,0.48,0,395
17405,1,0,0.0,0.48,12,0.48,0,395
17406,1,0,0.0,0.48,12,0.48,0,395
17407,2,1,9.442829,0.56,14,0.56,0,395
17408,2,1,16.905724,0.6,15,0.6,0,395
17409,1,0,0.0,0.6,15,0.6,0,395
17410,1,0,0.0,0.6,15,0.6,1,395
17411,1,0,0.0,0.6,15,0.6,0,395
17412,1,0,0.0,0.6,15,0.6,0,395
17413,1,0,0.0,0.6,15,0.6,0,395
17414,1,0,0.0,0.6,15,0.6,0,395
17415,2,1,-2.0335767,0.68,17,0.68,0,395
17416,1,0,0.0,0.68,17,0.68,0,395
17417,1,0,0.0,0.68,17,0.68,0,395
17418,1,0,0.0,0.68,17,0.68,0,395
17419,1,0,0.0,0.68,17,0.68,0,395
17420,1,0,0.0,0.68,17,0.68,0,395
17421,1,0,0.0,0.68,17,0.68,0,395
17422,1,0,0.0,0.68,17,0.68,0,395
17423,1,0,0.0,0.68,17,0.68,0,395
17424,1,0,0.0,0.68,17,0.68,0,395
17425,1,0,0.0,0.68,17,0.68,0,395
17426,1,0,-1000.0,0.0,0,0.0,0,395
17427,2,1,28.364332,0.2,5,0.2,0,396
17428,2,1,19.247265,0.28,7,0.28,0,396
17429,1,0,0.0,0.28,7,0.28,0,396
17430,2,1,-4.8479395,0.32,8,0.32,0,396
17431,1,0,0.0,0.32,8,0.32,0,396
17432,1,0,0.0,0.32,8,0.32,0,396
17433,1,0,0.0,0.32,8,0.32,0,396
17434,1,0,0.0,0.32,8,0.32,0,396
17435,1,0,0.0,0.32,8,0.32,0,396
17436,2,1,27.207449,0.36,9,0.36,0,396
17437,2,1,25.459835,0.4,10,0.4,0,396
17438,1,0,0.0,0.4,10,0.4,1,396
17439,1,0,0.0,0.4,10,0.4,0,396
17440,1,0,0.0,0.4,10,0.4,0,396
17441,2,1,24.709198,0.44,11,0.44,0,396
17442,1,0,0.0,0.44,11,0.44,0,396
17443,1,0,0.0,0.44,11,0.44,0,396
17444,1,0,0.0,0.44,11,0.44,0,396
17445,1,0,0.0,0.44,11,0.44,0,396
17446,1,0,0.0,0.44,11,0.44,0,396
17447,1,0,0.0,0.44,11,0.44,0,396
17448,1,0,0.0,0.44,11,0.44,0,396
17449,2,1,22.214594,0.48,12,0.48,0,396
17450,2,1,-1.138922,0.6,15,0.6,0,396
17451,1,0,0.0,0.6,15,0.6,0,396
17452,1,0,0.0,0.6,15,0.6,0,396
17453,1,0,0.0,0.6,15,0.6,0,396
17454,2,1,-6.823669,0.68,17,0.68,0,396
17455,1,0,0.0,0.68,17,0.68,0,396
17456,1,0,0.0,0.68,17,0.68,0,396
17457,1,0,0.0,0.68,17,0.68,0,396
17458,1,0,0.0,0.68,17,0.68,0,396
17459,1,0,0.0,0.68,17,0.68,0,396
17460,1,0,0.0,0.68,17,0.68,0,396
17461,1,0,0.0,0.68,17,0.68,0,396
17462,1,0,0.0,0.68,17,0.68,0,396
17463,1,0,0.0,0.68,17,0.68,1,396
17464,1,0,0.0,0.68,17,0.68,0,396
17465,1,0,-1000.0,0.0,0,0.0,0,396
17466,2,1,-4.1407347,0.2,5,0.2,0,397
17467,2,1,23.692236,0.28,7,0.28,0,397
17468,2,1,18.128635,0.36,9,0.36,0,397
17469,2,1,14.210863,0.44,11,0.44,0,397
17470,1,0,0.0,0.44,11,0.44,1,397
17471,1,0,0.0,0.44,11,0.44,0,397
17472,1,0,0.0,0.44,11,0.44,0,397
17473,1,0,0.0,0.44,11,0.44,0,397
17474,1,0,0.0,0.44,11,0.44,0,397
17475,1,0,0.0,0.44,11,0.44,0,397
17476,1,0,0.0,0.44,11,0.44,0,397
17477,1,0,0.0,0.44,11,0.44,0,397
17478,1,0,0.0,0.44,11,0.44,0,397
17479,1,0,0.0,0.44,11,0.44,0,397
17480,1,0,-1000.0,0.0,0,0.0,0,397
17481,2,1,-4.1406527,0.2,5,0.2,0,398
17482,2,1,28.22638,0.24,6,0.24,0,398
17483,2,1,-4.515826,0.28,7,0.28,0,398
17484,1,0,0.0,0.28,7,0.28,0,398
17485,1,0,0.0,0.28,7,0.28,0,398
17486,2,1,27.639961,0.32,8,0.32,0,398
17487,1,0,0.0,0.32,8,0.32,0,398
17488,2,1,-5.2804456,0.36,9,0.36,0,398
17489,1,0,0.0,0.36,9,0.36,0,398
17490,2,1,25.459835,0.4,10,0.4,0,398
17491,2,1,24.763365,0.44,11,0.44,0,398
17492,2,1,22.258423,0.48,12,0.48,0,398
17493,2,1,-18.420158,0.56,14,0.56,0,398
17494,1,0,0.0,0.56,14,0.56,0,398
17495,1,0,0.0,0.56,14,0.56,0,398
17496,1,0,0.0,0.56,14,0.56,1,398
17497,1,0,0.0,0.56,14,0.56,1,398
17498,1,0,0.0,0.56,14,0.56,0,398
17499,1,0,0.0,0.56,14,0.56,0,398
17500,1,0,0.0,0.56,14,0.56,0,398
17501,1,0,0.0,0.56,14,0.56,0,398
17502,1,0,0.0,0.56,14,0.56,0,398
17503,2,1,13.394458,0.6,15,0.6,0,398
17504,1,0,0.0,0.6,15,0.6,0,398
17505,1,0,0.0,0.6,15,0.6,0,398
17506,1,0,0.0,0.6,15,0.6,0,398
17507,1,0,0.0,0.6,15,0.6,0,398
17508,1,0,0.0,0.6,15,0.6,0,398
17509,1,0,0.0,0.6,15,0.6,0,398
17510,1,0,0.0,0.6,15,0.6,1,398
17511,1,0,0.0,0.6,15,0.6,0,398
17512,1,0,0.0,0.6,15,0.6,0,398
17513,1,0,0.0,0.6,15,0.6,0,398
17514,1,0,-1000.0,0.0,0,0.0,0,398
17515,2,1,28.346605,0.2,5,0.2,0,399
17516,2,1,23.968313,0.28,7,0.28,0,399
17517,2,1,13.119488,0.4,10,0.4,0,399
17518,1,0,0.0,0.4,10,0.4,0,399
17519,2,1,-6.520649,0.44,11,0.44,0,399
17520,2,1,23.897566,0.48,12,0.48,0,399
17521,2,1,18.062992,0.52,13,0.52,0,399
17522,2,1,19.730448,0.56,14,0.56,0,399
17523,2,1,-37.319427,0.72,18,0.72,1,399
17524,1,0,0.0,0.72,18,0.72,0,399
17525,1,0,0.0,0.72,18,0.72,0,399
17526,1,0,0.0,0.72,18,0.72,0,399
17527,2,1,-0.45844835,0.76,19,0.76,0,399
17528,1,0,0.0,0.76,19,0.76,0,399
17529,1,0,0.0,0.76,19,0.76,0,399
17530,1,0,0.0,0.76,19,0.76,0,399
17531,1,0,0.0,0.76,19,0.76,0,399
17532,1,0,0.0,0.76,19,0.76,0,399
17533,1,0,0.0,0.76,19,0.76,0,399
17534,2,1,-78.75036,0.84,21,0.84,0,399
17535,1,0,0.0,0.84,21,0.84,0,399
17536,1,0,0.0,0.84,21,0.84,0,399
17537,1,0,0.0,0.84,21,0.84,0,399
17538,1,0,0.0,0.84,21,0.84,0,399
17539,1,0,0.0,0.84,21,0.84,0,399
17540,1,0,0.0,0.84,21,0.84,0,399
17541,1,0,0.0,0.84,21,0.84,0,399
17542,1,0,0.0,0.84,21,0.84,0,399
17543,1,0,0.0,0.84,21,0.84,0,399
17544,1,0,0.0,0.84,21,0.84,0,399
17545,1,0,-1000.0,0.0,0,0.0,0,399
17546,2,1,28.346605,0.2,5,0.2,0,400
17547,2,1,28.22638,0.24,6,0.24,0,400
17548,1,0,0.0,0.24,6,0.24,0,400
17549,2,1,-4.515744,0.28,7,0.28,0,400
17550,2,1,26.436209,0.32,8,0.32,0,400
17551,1,0,0.0,0.32,8,0.32,0,400
17552,2,1,17.146978,0.4,10,0.4,0,400
17553,1,0,0.0,0.4,10,0.4,0,400
17554,1,0,0.0,0.4,10,0.4,0,400
17555,2,1,19.483187,0.44,11,0.44,0,400
17556,1,0,0.0,0.44,11,0.44,1,400
17557,2,1,23.89577,0.48,12,0.48,0,400
17558,2,1,21.119434,0.52,13,0.52,0,400
17559,1,0,0.0,0.52,13,0.52,0,400
17560,2,1,19.706522,0.56,14,0.56,0,400
17561,1,0,0.0,0.56,14,0.56,0,400
17562,1,0,0.0,0.56,14,0.56,0,400
17563,1,0,0.0,0.56,14,0.56,0,400
17564,2,1,15.964194,0.6,15,0.6,0,400
17565,1,0,0.0,0.6,15,0.6,0,400
17566,1,0,0.0,0.6,15,0.6,0,400
17567,1,0,0.0,0.6,15,0.6,0,400
17568,1,0,0.0,0.6,15,0.6,0,400
17569,1,0,0.0,0.6,15,0.6,0,400
17570,1,0,0.0,0.6,15,0.6,0,400
17571,1,0,0.0,0.6,15,0.6,0,400
17572,1,0,0.0,0.6,15,0.6,0,400
17573,1,0,0.0,0.6,15,0.6,0,400
17574,1,0,0.0,0.6,15,0.6,1,400
17575,1,0,-1000.0,0.0,0,0.0,0,400
17576,1,0,0.0,0.16,4,0.16,0,401
17577,2,1,28.364332,0.2,5,0.2,0,401
17578,2,1,23.955872,0.28,7,0.28,0,401
17579,1,0,0.0,0.28,7,0.28,0,401
17580,2,1,13.033225,0.4,10,0.4,0,401
17581,1,0,0.0,0.4,10,0.4,0,401
17582,2,1,-6.5206485,0.44,11,0.44,0,401
17583,1,0,0.0,0.44,11,0.44,0,401
17584,1,0,0.0,0.44,11,0.44,0,401
17585,1,0,0.0,0.44,11,0.44,0,401
17586,1,0,0.0,0.44,11,0.44,0,401
17587,1,0,0.0,0.44,11,0.44,0,401
17588,2,1,5.6596665,0.56,14,0.56,0,401
17589,1,0,0.0,0.56,14,0.56,0,401
17590,1,0,0.0,0.56,14,0.56,0,401
17591,1,0,0.0,0.56,14,0.56,0,401
17592,1,0,0.0,0.56,14,0.56,1,401
17593,1,0,0.0,0.56,14,0.56,0,401
17594,1,0,0.0,0.56,14,0.56,0,401
17595,1,0,0.0,0.56,14,0.56,1,401
17596,1,0,0.0,0.56,14,0.56,0,401
17597,1,0,0.0,0.56,14,0.56,0,401
17598,1,0,0.0,0.56,14,0.56,0,401
17599,1,0,-1000.0,0.0,0,0.0,0,401
17600,2,1,-4.1406527,0.2,5,0.2,1,402
17601,2,1,28.1753,0.24,6,0.24,0,402
17602,2,1,23.221107,0.32,8,0.32,0,402
17603,2,1,24.173252,0.36,9,0.36,0,402
17604,2,1,25.286272,0.4,10,0.4,0,402
17605,2,1,18.971542,0.44,11,0.44,0,402
17606,1,0,0.0,0.44,11,0.44,0,402
17607,1,0,0.0,0.44,11,0.44,0,402
17608,1,0,0.0,0.44,11,0.44,0,402
17609,1,0,0.0,0.44,11,0.44,0,402
17610,2,1,22.120354,0.48,12,0.48,0,402
17611,2,1,20.792362,0.52,13,0.52,0,402
17612,1,0,0.0,0.52,13,0.52,0,402
17613,1,0,0.0,0.52,13,0.52,0,402
17614,1,0,0.0,0.52,13,0.52,0,402
17615,1,0,0.0,0.52,13,0.52,0,402
17616,1,0,0.0,0.52,13,0.52,0,402
17617,1,0,0.0,0.52,13,0.52,0,402
17618,2,1,-6.8580127,0.64,16,0.64,0,402
17619,1,0,0.0,0.64,16,0.64,0,402
17620,1,0,0.0,0.64,16,0.64,0,402
17621,1,0,0.0,0.64,16,0.64,1,402
17622,1,0,0.0,0.64,16,0.64,0,402
17623,2,1,8.780169,0.68,17,0.68,0,402
17624,1,0,0.0,0.68,17,0.68,0,402
17625,1,0,0.0,0.68,17,0.68,0,402
17626,1,0,0.0,0.68,17,0.68,0,402
17627,1,0,0.0,0.68,17,0.68,0,402
17628,1,0,0.0,0.68,17,0.68,0,402
17629,2,1,5.997237,0.72,18,0.72,0,402
17630,1,0,0.0,0.72,18,0.72,1,402
17631,2,1,-45.20896,0.8,20,0.8,0,402
17632,1,0,0.0,0.8,20,0.8,0,402
17633,1,0,0.0,0.8,20,0.8,0,402
17634,1,0,0.0,0.8,20,0.8,0,402
17635,1,0,0.0,0.8,20,0.8,0,402
17636,1,0,0.0,0.8,20,0.8,0,402
17637,2,1,-32.69848,0.84,21,0.84,0,402
17638,1,0,0.0,0.84,21,0.84,0,402
17639,1,0,0.0,0.84,21,0.84,0,402
17640,1,0,0.0,0.84,21,0.84,0,402
17641,1,0,0.0,0.84,21,0.84,0,402
17642,1,0,0.0,0.84,21,0.84,0,402
17643,1,0,0.0,0.84,21,0.84,0,402
17644,1,0,0.0,0.84,21,0.84,0,402
17645,1,0,0.0,0.84,21,0.84,0,402
17646,1,0,0.0,0.84,21,0.84,1,402
17647,1,0,0.0,0.84,21,0.84,0,402
17648,1,0,-1000.0,0.0,0,0.0,0,402
17649,2,1,28.346605,0.2,5,0.2,0,403
17650,2,1,23.968313,0.28,7,0.28,0,403
17651,2,1,26.441492,0.32,8,0.32,0,403
17652,2,1,24.37198,0.36,9,0.36,0,403
17653,1,0,0.0,0.36,9,0.36,0,403
17654,1,0,0.0,0.36,9,0.36,0,403
17655,1,0,0.0,0.36,9,0.36,0,403
17656,2,1,15.692518,0.44,11,0.44,0,403
17657,2,1,13.902316,0.52,13,0.52,0,403
17658,1,0,0.0,0.52,13,0.52,0,403
17659,1,0,0.0,0.52,13,0.52,0,403
17660,1,0,0.0,0.52,13,0.52,0,403
17661,1,0,0.0,0.52,13,0.52,0,403
17662,1,0,0.0,0.52,13,0.52,0,403
17663,1,0,0.0,0.52,13,0.52,0,403
17664,2,1,6.5481567,0.6,15,0.6,0,403
17665,1,0,0.0,0.6,15,0.6,0,403
17666,1,0,0.0,0.6,15,0.6,0,403
17667,1,0,0.0,0.6,15,0.6,0,403
17668,1,0,0.0,0.6,15,0.6,0,403
17669,1,0,0.0,0.6,15,0.6,0,403
17670,2,1,13.484284,0.64,16,0.64,0,403
17671,1,0,0.0,0.64,16,0.64,1,403
17672,1,0,0.0,0.64,16,0.64,0,403
17673,1,0,0.0,0.64,16,0.64,0,403
17674,1,0,0.0,0.64,16,0.64,0,403
17675,1,0,0.0,0.64,16,0.64,0,403
17676,1,0,0.0,0.64,16,0.64,0,403
17677,1,0,0.0,0.64,16,0.64,0,403
17678,1,0,0.0,0.64,16,0.64,1,403
17679,1,0,0.0,0.64,16,0.64,0,403
17680,1,0,0.0,0.64,16,0.64,0,403
17681,1,0,-1000.0,0.0,0,0.0,0,403
17682,1,0,0.0,0.16,4,0.16,0,404
17683,2,1,28.364332,0.2,5,0.2,0,404
17684,2,1,23.955872,0.28,7,0.28,0,404
17685,2,1,17.914507,0.36,9,0.36,0,404
17686,2,1,-5.8295965,0.4,10,0.4,0,404
17687,2,1,21.980478,0.44,11,0.44,0,404
17688,1,0,0.0,0.44,11,0.44,0,404
17689,2,1,23.892282,0.48,12,0.48,0,404
17690,1,0,0.0,0.48,12,0.48,0,404
17691,1,0,0.0,0.48,12,0.48,0,404
17692,1,0,0.0,0.48,12,0.48,0,404
17693,1,0,0.0,0.48,12,0.48,0,404
17694,1,0,0.0,0.48,12,0.48,0,404
17695,1,0,0.0,0.48,12,0.48,0,404
17696,0,-1,-8.502794,0.52,13,0.52,0,404
17697,2,1,19.730448,0.56,14,0.56,0,404
17698,1,0,0.0,0.56,14,0.56,0,404
17699,1,0,0.0,0.56,14,0.56,0,404
17700,1,0,0.0,0.56,14,0.56,0,404
17701,1,0,0.0,0.56,14,0.56,0,404
17702,2,1,3.7190814,0.64,16,0.64,0,404
17703,1,0,0.0,0.64,16,0.64,0,404
17704,1,0,0.0,0.64,16,0.64,0,404
17705,1,0,0.0,0.64,16,0.64,0,404
17706,1,0,0.0,0.64,16,0.64,0,404
17707,1,0,0.0,0.64,16,0.64,1,404
17708,1,0,0.0,0.64,16,0.64,0,404
17709,1,0,0.0,0.64,16,0.64,0,404
17710,2,1,9.045119,0.68,17,0.68,0,404
17711,1,0,0.0,0.68,17,0.68,0,404
17712,1,0,0.0,0.68,17,0.68,1,404
17713,1,0,0.0,0.68,17,0.68,0,404
17714,2,1,-25.278996,0.76,19,0.76,0,404
17715,1,0,0.0,0.76,19,0.76,0,404
17716,1,0,0.0,0.76,19,0.76,0,404
17717,1,0,0.0,0.76,19,0.76,0,404
17718,1,0,0.0,0.76,19,0.76,0,404
17719,1,0,0.0,0.76,19,0.76,0,404
17720,1,0,0.0,0.76,19,0.76,0,404
17721,1,0,0.0,0.76,19,0.76,0,404
17722,2,1,-14.234899,0.8,20,0.8,0,404
17723,1,0,0.0,0.8,20,0.8,0,404
17724,1,0,0.0,0.8,20,0.8,0,404
17725,1,0,0.0,0.8,20,0.8,0,404
17726,1,0,0.0,0.8,20,0.8,0,404
17727,1,0,0.0,0.8,20,0.8,0,404
17728,1,0,0.0,0.8,20,0.8,0,404
17729,1,0,0.0,0.8,20,0.8,1,404
17730,2,1,-37.041805,0.84,21,0.84,0,404
17731,1,0,0.0,0.84,21,0.84,0,404
17732,1,0,0.0,0.84,21,0.84,0,404
17733,1,0,0.0,0.84,21,0.84,0,404
17734,1,0,0.0,0.84,21,0.84,0,404
17735,1,0,0.0,0.84,21,0.84,1,404
17736,1,0,0.0,0.84,21,0.84,0,404
17737,1,0,0.0,0.84,21,0.84,0,404
17738,1,0,0.0,0.84,21,0.84,0,404
17739,1,0,0.0,0.84,21,0.84,0,404
17740,1,0,0.0,0.84,21,0.84,0,404
17741,1,0,-1000.0,0.0,0,0.0,0,404
17742,2,1,28.346605,0.2,5,0.2,0,405
17743,2,1,-4.278687,0.24,6,0.24,0,405
17744,2,1,-4.515744,0.28,7,0.28,0,405
17745,1,0,0.0,0.28,7,0.28,0,405
17746,2,1,27.657686,0.32,8,0.32,0,405
17747,1,0,0.0,0.32,8,0.32,0,405
17748,2,1,26.008978,0.36,9,0.36,0,405
17749,1,0,0.0,0.36,9,0.36,0,405
17750,1,0,0.0,0.36,9,0.36,0,405
17751,1,0,0.0,0.36,9,0.36,0,405
17752,2,1,19.11238,0.44,11,0.44,0,405
17753,1,0,0.0,0.44,11,0.44,0,405
17754,2,1,22.258423,0.48,12,0.48,0,405
17755,1,0,0.0,0.48,12,0.48,0,405
17756,1,0,0.0,0.48,12,0.48,0,405
17757,1,0,0.0,0.48,12,0.48,0,405
17758,1,0,0.0,0.48,12,0.48,0,405
17759,2,1,19.2725,0.52,13,0.52,0,405
17760,1,0,0.0,0.52,13,0.52,1,405
17761,1,0,0.0,0.52,13,0.52,0,405
17762,1,0,0.0,0.52,13,0.52,0,405
17763,1,0,0.0,0.52,13,0.52,0,405
17764,1,0,0.0,0.52,13,0.52,0,405
17765,1,0,0.0,0.52,13,0.52,0,405
17766,1,0,0.0,0.52,13,0.52,0,405
17767,1,0,0.0,0.52,13,0.52,0,405
17768,2,1,6.0754504,0.6,15,0.6,0,405
17769,1,0,0.0,0.6,15,0.6,0,405
17770,1,0,0.0,0.6,15,0.6,1,405
17771,1,0,0.0,0.6,15,0.6,0,405
17772,1,0,0.0,0.6,15,0.6,0,405
17773,1,0,0.0,0.6,15,0.6,0,405
17774,1,0,0.0,0.6,15,0.6,0,405
17775,2,1,-25.461216,0.72,18,0.72,0,405
17776,1,0,0.0,0.72,18,0.72,0,405
17777,1,0,0.0,0.72,18,0.72,0,405
17778,1,0,0.0,0.72,18,0.72,0,405
17779,1,0,0.0,0.72,18,0.72,0,405
17780,1,0,0.0,0.72,18,0.72,0,405
17781,1,0,0.0,0.72,18,0.72,0,405
17782,1,0,0.0,0.72,18,0.72,0,405
17783,1,0,0.0,0.72,18,0.72,0,405
17784,1,0,0.0,0.72,18,0.72,0,405
17785,1,0,0.0,0.72,18,0.72,0,405
17786,1,0,-1000.0,0.0,0,0.0,0,405
17787,2,1,-4.1407347,0.2,5,0.2,0,406
17788,2,1,-4.278605,0.24,6,0.24,0,406
17789,2,1,27.971514,0.28,7,0.28,0,406
17790,1,0,0.0,0.28,7,0.28,0,406
17791,1,0,0.0,0.28,7,0.28,0,406
17792,2,1,27.657686,0.32,8,0.32,0,406
17793,1,0,0.0,0.32,8,0.32,0,406
17794,1,0,0.0,0.32,8,0.32,0,406
17795,2,1,26.008978,0.36,9,0.36,0,406
17796,1,0,0.0,0.36,9,0.36,0,406
17797,2,1,-5.8295965,0.4,10,0.4,0,406
17798,2,1,21.522146,0.44,11,0.44,0,406
17799,1,0,0.0,0.44,11,0.44,0,406
17800,1,0,0.0,0.44,11,0.44,0,406
17801,1,0,0.0,0.44,11,0.44,0,406
17802,1,0,0.0,0.44,11,0.44,0,406
17803,1,0,0.0,0.44,11,0.44,0,406
17804,1,0,0.0,0.44,11,0.44,0,406
17805,2,1,23.892282,0.48,12,0.48,0,406
17806,1,0,0.0,0.48,12,0.48,0,406
17807,1,0,0.0,0.48,12,0.48,0,406
17808,2,1,-8.498275,0.52,13,0.52,0,406
17809,2,1,-21.708761,0.6,15,0.6,0,406
17810,1,0,0.0,0.6,15,0.6,0,406
17811,1,0,0.0,0.6,15,0.6,0,406
17812,1,0,0.0,0.6,15,0.6,0,406
17813,2,1,-32.02246,0.68,17,0.68,0,406
17814,2,1,6.9744883,0.72,18,0.72,1,406
17815,1,0,0.0,0.72,18,0.72,0,406
17816,1,0,0.0,0.72,18,0.72,0,406
17817,1,0,0.0,0.72,18,0.72,0,406
17818,1,0,0.0,0.72,18,0.72,0,406
17819,1,0,0.0,0.72,18,0.72,0,406
17820,1,0,0.0,0.72,18,0.72,0,406
17821,1,0,0.0,0.72,18,0.72,0,406
17822,1,0,0.0,0.72,18,0.72,0,406
17823,1,0,0.0,0.72,18,0.72,0,406
17824,2,1,-42.34788,0.8,20,0.8,0,406
17825,1,0,0.0,0.8,20,0.8,0,406
17826,1,0,0.0,0.8,20,0.8,0,406
17827,1,0,0.0,0.8,20,0.8,0,406
17828,1,0,0.0,0.8,20,0.8,0,406
17829,1,0,0.0,0.8,20,0.8,0,406
17830,1,0,0.0,0.8,20,0.8,0,406
17831,2,1,-139.53935,0.88,22,0.88,0,406
17832,1,0,0.0,0.88,22,0.88,0,406
17833,1,0,0.0,0.88,22,0.88,1,406
17834,1,0,0.0,0.88,22,0.88,0,406
17835,1,0,0.0,0.88,22,0.88,0,406
17836,1,0,0.0,0.88,22,0.88,0,406
17837,1,0,0.0,0.88,22,0.88,0,406
17838,1,0,0.0,0.88,22,0.88,0,406
17839,1,0,0.0,0.88,22,0.88,0,406
17840,1,0,0.0,0.88,22,0.88,0,406
17841,1,0,0.0,0.88,22,0.88,0,406
17842,1,0,-1000.0,0.0,0,0.0,0,406
17843,2,1,28.346605,0.2,5,0.2,0,407
17844,2,1,-4.278605,0.24,6,0.24,0,407
17845,2,1,23.39962,0.32,8,0.32,0,407
17846,1,0,0.0,0.32,8,0.32,0,407
17847,2,1,20.356783,0.4,10,0.4,0,407
17848,1,0,0.0,0.4,10,0.4,0,407
17849,1,0,0.0,0.4,10,0.4,0,407
17850,2,1,23.131649,0.44,11,0.44,0,407
17851,1,0,0.0,0.44,11,0.44,0,407
17852,1,0,0.0,0.44,11,0.44,0,407
17853,1,0,0.0,0.44,11,0.44,0,407
17854,1,0,0.0,0.44,11,0.44,0,407
17855,1,0,0.0,0.44,11,0.44,1,407
17856,1,0,0.0,0.44,11,0.44,0,407
17857,1,0,0.0,0.44,11,0.44,0,407
17858,2,1,3.2659464,0.56,14,0.56,0,407
17859,1,0,0.0,0.56,14,0.56,0,407
17860,1,0,0.0,0.56,14,0.56,0,407
17861,1,0,0.0,0.56,14,0.56,0,407
17862,1,0,0.0,0.56,14,0.56,0,407
17863,1,0,0.0,0.56,14,0.56,0,407
17864,2,1,15.964193,0.6,15,0.6,0,407
17865,1,0,0.0,0.6,15,0.6,0,407
17866,2,1,13.717708,0.64,16,0.64,0,407
17867,1,0,0.0,0.64,16,0.64,0,407
17868,1,0,0.0,0.64,16,0.64,0,407
17869,2,1,8.99333,0.68,17,0.68,0,407
17870,1,0,0.0,0.68,17,0.68,0,407
17871,1,0,0.0,0.68,17,0.68,0,407
17872,1,0,0.0,0.68,17,0.68,0,407
17873,1,0,0.0,0.68,17,0.68,0,407
17874,1,0,0.0,0.68,17,0.68,0,407
17875,1,0,0.0,0.68,17,0.68,0,407
17876,1,0,0.0,0.68,17,0.68,0,407
17877,1,0,0.0,0.68,17,0.68,0,407
17878,1,0,0.0,0.68,17,0.68,0,407
17879,1,0,0.0,0.68,17,0.68,0,407
17880,2,1,-26.188944,0.76,19,0.76,1,407
17881,1,0,0.0,0.76,19,0.76,0,407
17882,0,-1,4.2464957,0.72,18,0.72,0,407
17883,1,0,0.0,0.72,18,0.72,0,407
17884,1,0,0.0,0.72,18,0.72,0,407
17885,1,0,0.0,0.72,18,0.72,0,407
17886,1,0,0.0,0.72,18,0.72,0,407
17887,1,0,0.0,0.72,18,0.72,0,407
17888,1,0,0.0,0.72,18,0.72,0,407
17889,1,0,0.0,0.72,18,0.72,0,407
17890,1,0,0.0,0.72,18,0.72,0,407
17891,1,0,0.0,0.72,18,0.72,0,407
17892,1,0,0.0,0.72,18,0.72,0,407
17893,1,0,-1000.0,0.0,0,0.0,0,407
17894,2,1,28.364332,0.2,5,0.2,0,408
17895,2,1,-4.278687,0.24,6,0.24,0,408
17896,2,1,-4.515744,0.28,7,0.28,0,408
17897,2,1,-4.847804,0.32,8,0.32,0,408
17898,2,1,-5.2804456,0.36,9,0.36,0,408
17899,1,0,0.0,0.36,9,0.36,0,408
17900,1,0,0.0,0.36,9,0.36,0,408
17901,1,0,0.0,0.36,9,0.36,0,408
17902,1,0,0.0,0.36,9,0.36,0,408
17903,1,0,0.0,0.36,9,0.36,0,408
17904,1,0,0.0,0.36,9,0.36,0,408
17905,1,0,0.0,0.36,9,0.36,0,408
17906,1,0,0.0,0.36,9,0.36,0,408
17907,1,0,0.0,0.36,9,0.36,0,408
17908,1,0,0.0,0.36,9,0.36,0,408
17909,1,0,-1000.0,0.0,0,0.0,0,408
17910,2,1,28.364332,0.2,5,0.2,0,409
17911,2,1,-4.278605,0.24,6,0.24,1,409
17912,1,0,0.0,0.24,6,0.24,0,409
17913,2,1,23.286818,0.32,8,0.32,0,409
17914,2,1,22.512987,0.36,9,0.36,0,409
17915,1,0,0.0,0.36,9,0.36,0,409
17916,1,0,0.0,0.36,9,0.36,0,409
17917,2,1,22.863203,0.4,10,0.4,0,409
17918,1,0,0.0,0.4,10,0.4,0,409
17919,1,0,0.0,0.4,10,0.4,0,409
17920,1,0,0.0,0.4,10,0.4,0,409
17921,2,1,24.653002,0.44,11,0.44,0,409
17922,1,0,0.0,0.44,11,0.44,0,409
17923,1,0,0.0,0.44,11,0.44,0,409
17924,2,1,21.514233,0.48,12,0.48,0,409
17925,1,0,0.0,0.48,12,0.48,0,409
17926,2,1,21.061775,0.52,13,0.52,0,409
17927,1,0,0.0,0.52,13,0.52,0,409
17928,1,0,0.0,0.52,13,0.52,0,409
17929,1,0,0.0,0.52,13,0.52,0,409
17930,1,0,0.0,0.52,13,0.52,0,409
17931,1,0,0.0,0.52,13,0.52,0,409
17932,1,0,0.0,0.52,13,0.52,0,409
17933,2,1,17.384075,0.56,14,0.56,0,409
17934,1,0,0.0,0.56,14,0.56,1,409
17935,1,0,0.0,0.56,14,0.56,0,409
17936,1,0,0.0,0.56,14,0.56,0,409
17937,1,0,0.0,0.56,14,0.56,0,409
17938,0,-1,-27.870821,0.56,14,0.56,0,409
17939,1,0,0.0,0.56,14,0.56,0,409
17940,1,0,0.0,0.56,14,0.56,0,409
17941,2,1,14.324027,0.6,15,0.6,0,409
17942,1,0,0.0,0.6,15,0.6,0,409
17943,2,1,-4.640835,0.68,17,0.68,0,409
17944,1,0,0.0,0.68,17,0.68,0,409
17945,1,0,0.0,0.68,17,0.68,0,409
17946,1,0,0.0,0.68,17,0.68,0,409
17947,1,0,0.0,0.68,17,0.68,0,409
17948,1,0,0.0,0.68,17,0.68,0,409
17949,2,1,5.002664,0.72,18,0.72,0,409
17950,1,0,0.0,0.72,18,0.72,0,409
17951,1,0,0.0,0.72,18,0.72,0,409
17952,1,0,0.0,0.72,18,0.72,0,409
17953,1,0,0.0,0.72,18,0.72,0,409
17954,1,0,0.0,0.72,18,0.72,0,409
17955,1,0,0.0,0.72,18,0.72,0,409
17956,1,0,0.0,0.72,18,0.72,0,409
17957,1,0,0.0,0.72,18,0.72,0,409
17958,1,0,0.0,0.72,18,0.72,0,409
17959,1,0,0.0,0.72,18,0.72,0,409
17960,1,0,-1000.0,0.0,0,0.0,0,409
17961,0,-1,-0.0,0.16,4,0.16,0,410
17962,2,1,28.364332,0.2,5,0.2,0,410
17963,2,1,23.955872,0.28,7,0.28,0,410
17964,1,0,0.0,0.28,7,0.28,0,410
17965,2,1,26.436209,0.32,8,0.32,0,410
17966,1,0,0.0,0.32,8,0.32,0,410
17967,2,1,16.93285,0.4,10,0.4,0,410
17968,2,1,12.69634,0.48,12,0.48,0,410
17969,0,-1,-19.217155,0.44,11,0.44,1,410
17970,1,0,0.0,0.44,11,0.44,0,410
17971,2,1,3.2558894,0.56,14,0.56,0,410
17972,1,0,0.0,0.56,14,0.56,0,410
17973,1,0,0.0,0.56,14,0.56,0,410
17974,1,0,0.0,0.56,14,0.56,0,410
17975,1,0,0.0,0.56,14,0.56,0,410
17976,2,1,17.878729,0.6,15,0.6,0,410
17977,1,0,0.0,0.6,15,0.6,0,410
17978,1,0,0.0,0.6,15,0.6,0,410
17979,1,0,0.0,0.6,15,0.6,0,410
17980,1,0,0.0,0.6,15,0.6,0,410
17981,1,0,0.0,0.6,15,0.6,0,410
17982,1,0,0.0,0.6,15,0.6,1,410
17983,1,0,0.0,0.6,15,0.6,0,410
17984,2,1,11.454202,0.64,16,0.64,0,410
17985,1,0,0.0,0.64,16,0.64,0,410
17986,1,0,0.0,0.64,16,0.64,0,410
17987,1,0,0.0,0.64,16,0.64,0,410
17988,1,0,0.0,0.64,16,0.64,0,410
17989,1,0,0.0,0.64,16,0.64,0,410
17990,1,0,0.0,0.64,16,0.64,0,410
17991,1,0,0.0,0.64,16,0.64,0,410
17992,2,1,11.848276,0.68,17,0.68,0,410
17993,1,0,0.0,0.68,17,0.68,1,410
17994,1,0,0.0,0.68,17,0.68,0,410
17995,1,0,0.0,0.68,17,0.68,0,410
17996,1,0,0.0,0.68,17,0.68,0,410
17997,1,0,0.0,0.68,17,0.68,0,410
17998,1,0,0.0,0.68,17,0.68,0,410
17999,2,1,6.797081,0.72,18,0.72,0,410
18000,1,0,0.0,0.72,18,0.72,0,410
18001,1,0,0.0,0.72,18,0.72,0,410
18002,1,0,0.0,0.72,18,0.72,0,410
18003,1,0,0.0,0.72,18,0.72,0,410
18004,1,0,0.0,0.72,18,0.72,0,410
18005,1,0,0.0,0.72,18,0.72,0,410
18006,1,0,0.0,0.72,18,0.72,0,410
18007,1,0,0.0,0.72,18,0.72,0,410
18008,1,0,0.0,0.72,18,0.72,0,410
18009,1,0,0.0,0.72,18,0.72,0,410
18010,1,0,-1000.0,0.0,0,0.0,0,410
18011,2,1,-4.1407347,0.2,5,0.2,1,411
18012,2,1,28.1753,0.24,6,0.24,0,411
18013,2,1,27.812548,0.28,7,0.28,0,411
18014,1,0,0.0,0.28,7,0.28,0,411
18015,1,0,0.0,0.28,7,0.28,0,411
18016,1,0,0.0,0.28,7,0.28,0,411
18017,2,1,17.437479,0.32,8,0.32,1,411
18018,1,0,0.0,0.32,8,0.32,0,411
18019,2,1,25.745924,0.36,9,0.36,0,411
18020,1,0,0.0,0.36,9,0.36,0,411
18021,1,0,0.0,0.36,9,0.36,0,411
18022,1,0,0.0,0.36,9,0.36,0,411
18023,1,0,0.0,0.36,9,0.36,0,411
18024,1,0,0.0,0.36,9,0.36,0,411
18025,2,1,25.45761,0.4,10,0.4,0,411
18026,1,0,0.0,0.4,10,0.4,0,411
18027,2,1,23.000383,0.44,11,0.44,0,411
18028,2,1,22.049492,0.48,12,0.48,0,411
18029,1,0,0.0,0.48,12,0.48,0,411
18030,2,1,-14.219478,0.64,16,0.64,1,411
18031,1,0,0.0,0.64,16,0.64,0,411
18032,1,0,0.0,0.64,16,0.64,0,411
18033,1,0,0.0,0.64,16,0.64,0,411
18034,1,0,0.0,0.64,16,0.64,0,411
18035,1,0,0.0,0.64,16,0.64,0,411
18036,1,0,0.0,0.64,16,0.64,0,411
18037,1,0,0.0,0.64,16,0.64,0,411
18038,1,0,0.0,0.64,16,0.64,0,411
18039,1,0,0.0,0.64,16,0.64,0,411
18040,1,0,0.0,0.64,16,0.64,0,411
18041,1,0,-1000.0,0.0,0,0.0,0,411
18042,1,0,0.0,0.16,4,0.16,0,412
18043,2,1,-4.1407347,0.2,5,0.2,0,412
18044,2,1,28.208652,0.24,6,0.24,0,412
18045,2,1,23.39962,0.32,8,0.32,0,412
18046,1,0,0.0,0.32,8,0.32,0,412
18047,2,1,26.008978,0.36,9,0.36,0,412
18048,1,0,0.0,0.36,9,0.36,0,412
18049,1,0,0.0,0.36,9,0.36,0,412
18050,1,0,0.0,0.36,9,0.36,0,412
18051,2,1,15.692518,0.44,11,0.44,0,412
18052,1,0,0.0,0.44,11,0.44,0,412
18053,1,0,0.0,0.44,11,0.44,0,412
18054,1,0,0.0,0.44,11,0.44,0,412
18055,2,1,10.7188425,0.52,13,0.52,0,412
18056,1,0,0.0,0.52,13,0.52,0,412
18057,1,0,0.0,0.52,13,0.52,0,412
18058,1,0,0.0,0.52,13,0.52,0,412
18059,1,0,0.0,0.52,13,0.52,0,412
18060,1,0,0.0,0.52,13,0.52,0,412
18061,1,0,0.0,0.52,13,0.52,0,412
18062,1,0,0.0,0.52,13,0.52,0,412
18063,1,0,0.0,0.52,13,0.52,0,412
18064,1,0,0.0,0.52,13,0.52,0,412
18065,1,0,0.0,0.52,13,0.52,0,412
18066,1,0,-1000.0,0.0,0,0.0,0,412
18067,2,1,28.346605,0.2,5,0.2,0,413
18068,2,1,28.22638,0.24,6,0.24,0,413
18069,2,1,26.773045,0.28,7,0.28,0,413
18070,2,1,21.334368,0.36,9,0.36,0,413
18071,2,1,17.442081,0.44,11,0.44,0,413
18072,1,0,0.0,0.44,11,0.44,0,413
18073,1,0,0.0,0.44,11,0.44,0,413
18074,1,0,0.0,0.44,11,0.44,0,413
18075,1,0,0.0,0.44,11,0.44,0,413
18076,1,0,0.0,0.44,11,0.44,0,413
18077,1,0,0.0,0.44,11,0.44,0,413
18078,1,0,0.0,0.44,11,0.44,0,413
18079,1,0,0.0,0.44,11,0.44,0,413
18080,1,0,0.0,0.44,11,0.44,0,413
18081,1,0,0.0,0.44,11,0.44,0,413
18082,1,0,-1000.0,0.0,0,0.0,0,413
18083,2,1,-4.1407347,0.2,5,0.2,0,414
18084,1,0,0.0,0.2,5,0.2,0,414
18085,1,0,0.0,0.2,5,0.2,0,414
18086,2,1,-4.27924,0.24,6,0.24,0,414
18087,1,0,0.0,0.24,6,0.24,0,414
18088,2,1,27.98924,0.28,7,0.28,0,414
18089,2,1,27.639961,0.32,8,0.32,0,414
18090,1,0,0.0,0.32,8,0.32,0,414
18091,1,0,0.0,0.32,8,0.32,0,414
18092,2,1,26.003696,0.36,9,0.36,0,414
18093,1,0,0.0,0.36,9,0.36,0,414
18094,1,0,0.0,0.36,9,0.36,0,414
18095,2,1,11.724555,0.48,12,0.48,1,414
18096,1,0,0.0,0.48,12,0.48,0,414
18097,1,0,0.0,0.48,12,0.48,0,414
18098,1,0,0.0,0.48,12,0.48,1,414
18099,1,0,0.0,0.48,12,0.48,0,414
18100,1,0,0.0,0.48,12,0.48,0,414
18101,1,0,0.0,0.48,12,0.48,0,414
18102,1,0,0.0,0.48,12,0.48,0,414
18103,1,0,0.0,0.48,12,0.48,0,414
18104,2,1,11.379912,0.56,14,0.56,0,414
18105,1,0,0.0,0.56,14,0.56,0,414
18106,1,0,0.0,0.56,14,0.56,0,414
18107,2,1,2.9946504,0.64,16,0.64,0,414
18108,2,1,-12.697157,0.72,18,0.72,0,414
18109,1,0,0.0,0.72,18,0.72,0,414
18110,1,0,0.0,0.72,18,0.72,0,414
18111,1,0,0.0,0.72,18,0.72,0,414
18112,1,0,0.0,0.72,18,0.72,0,414
18113,1,0,0.0,0.72,18,0.72,0,414
18114,1,0,0.0,0.72,18,0.72,0,414
18115,1,0,0.0,0.72,18,0.72,1,414
18116,1,0,0.0,0.72,18,0.72,0,414
18117,1,0,0.0,0.72,18,0.72,0,414
18118,2,1,-44.55882,0.8,20,0.8,0,414
18119,1,0,0.0,0.8,20,0.8,0,414
18120,1,0,0.0,0.8,20,0.8,0,414
18121,1,0,0.0,0.8,20,0.8,0,414
18122,1,0,0.0,0.8,20,0.8,0,414
18123,1,0,0.0,0.8,20,0.8,1,414
18124,1,0,0.0,0.8,20,0.8,0,414
18125,1,0,0.0,0.8,20,0.8,0,414
18126,1,0,0.0,0.8,20,0.8,0,414
18127,1,0,0.0,0.8,20,0.8,0,414
18128,1,0,0.0,0.8,20,0.8,0,414
18129,1,0,-1000.0,0.0,0,0.0,0,414
18130,2,1,28.346605,0.2,5,0.2,0,415
18131,1,0,0.0,0.2,5,0.2,1,415
18132,2,1,19.583254,0.28,7,0.28,0,415
18133,2,1,27.64001,0.32,8,0.32,0,415
18134,2,1,15.627332,0.4,10,0.4,0,415
18135,1,0,0.0,0.4,10,0.4,0,415
18136,1,0,0.0,0.4,10,0.4,0,415
18137,2,1,24.653366,0.44,11,0.44,0,415
18138,2,1,15.517097,0.52,13,0.52,0,415
18139,1,0,0.0,0.52,13,0.52,0,415
18140,1,0,0.0,0.52,13,0.52,0,415
18141,1,0,0.0,0.52,13,0.52,0,415
18142,1,0,0.0,0.52,13,0.52,0,415
18143,2,1,18.407158,0.56,14,0.56,0,415
18144,1,0,0.0,0.56,14,0.56,0,415
18145,1,0,0.0,0.56,14,0.56,0,415
18146,1,0,0.0,0.56,14,0.56,0,415
18147,1,0,0.0,0.56,14,0.56,0,415
18148,1,0,0.0,0.56,14,0.56,0,415
18149,1,0,0.0,0.56,14,0.56,0,415
18150,1,0,0.0,0.56,14,0.56,0,415
18151,1,0,0.0,0.56,14,0.56,0,415
18152,1,0,0.0,0.56,14,0.56,0,415
18153,1,0,0.0,0.56,14,0.56,1,415
18154,1,0,-1000.0,0.0,0,0.0,0,415
18155,2,1,28.346605,0.2,5,0.2,0,416
18156,2,1,-4.278687,0.24,6,0.24,0,416
18157,1,0,0.0,0.24,6,0.24,0,416
18158,0,-1,4.278687,0.2,5,0.2,0,416
18159,2,1,28.22638,0.24,6,0.24,0,416
18160,2,1,26.767761,0.28,7,0.28,0,416
18161,2,1,-4.847297,0.32,8,0.32,0,416
18162,1,0,0.0,0.32,8,0.32,0,416
18163,2,1,20.356783,0.4,10,0.4,0,416
18164,2,1,15.078595,0.48,12,0.48,0,416
18165,2,1,11.373928,0.56,14,0.56,0,416
18166,2,1,15.984867,0.6,15,0.6,0,416
18167,1,0,0.0,0.6,15,0.6,0,416
18168,1,0,0.0,0.6,15,0.6,0,416
18169,2,1,-25.62073,0.72,18,0.72,0,416
18170,1,0,0.0,0.72,18,0.72,0,416
18171,1,0,0.0,0.72,18,0.72,0,416
18172,1,0,0.0,0.72,18,0.72,0,416
18173,1,0,0.0,0.72,18,0.72,0,416
18174,1,0,0.0,0.72,18,0.72,1,416
18175,1,0,0.0,0.72,18,0.72,0,416
18176,1,0,0.0,0.72,18,0.72,0,416
18177,1,0,0.0,0.72,18,0.72,0,416
18178,1,0,0.0,0.72,18,0.72,0,416
18179,1,0,0.0,0.72,18,0.72,0,416
18180,1,0,-1000.0,0.0,0,0.0,0,416
18181,2,1,28.346605,0.2,5,0.2,0,417
18182,2,1,-4.278605,0.24,6,0.24,0,417
18183,1,0,0.0,0.24,6,0.24,0,417
18184,2,1,18.8927,0.32,8,0.32,0,417
18185,1,0,0.0,0.32,8,0.32,0,417
18186,1,0,0.0,0.32,8,0.32,0,417
18187,2,1,15.134242,0.44,11,0.44,0,417
18188,1,0,0.0,0.44,11,0.44,0,417
18189,1,0,0.0,0.44,11,0.44,0,417
18190,2,1,23.897566,0.48,12,0.48,0,417
18191,1,0,0.0,0.48,12,0.48,0,417
18192,1,0,0.0,0.48,12,0.48,0,417
18193,1,0,0.0,0.48,12,0.48,0,417
18194,1,0,0.0,0.48,12,0.48,0,417
18195,1,0,0.0,0.48,12,0.48,0,417
18196,1,0,0.0,0.48,12,0.48,0,417
18197,1,0,0.0,0.48,12,0.48,0,417
18198,1,0,0.0,0.48,12,0.48,0,417
18199,1,0,0.0,0.48,12,0.48,0,417
18200,1,0,0.0,0.48,12,0.48,0,417
18201,1,0,-1000.0,0.0,0,0.0,0,417
18202,1,0,0.0,0.16,4,0.16,0,418
18203,2,1,-4.1407347,0.2,5,0.2,0,418
18204,1,0,0.0,0.2,5,0.2,0,418
18205,2,1,28.22638,0.24,6,0.24,0,418
18206,1,0,0.0,0.24,6,0.24,0,418
18207,2,1,23.38718,0.32,8,0.32,0,418
18208,2,1,26.003696,0.36,9,0.36,0,418
18209,2,1,15.692518,0.44,11,0.44,0,418
18210,1,0,0.0,0.44,11,0.44,0,418
18211,2,1,22.260569,0.48,12,0.48,0,418
18212,1,0,0.0,0.48,12,0.48,0,418
18213,2,1,11.372195,0.56,14,0.56,0,418
18214,2,1,-14.570835,0.68,17,0.68,0,418
18215,1,0,0.0,0.68,17,0.68,0,418
18216,1,0,0.0,0.68,17,0.68,0,418
18217,1,0,0.0,0.68,17,0.68,0,418
18218,1,0,0.0,0.68,17,0.68,0,418
18219,1,0,0.0,0.68,17,0.68,0,418
18220,1,0,0.0,0.68,17,0.68,0,418
18221,1,0,0.0,0.68,17,0.68,1,418
18222,1,0,0.0,0.68,17,0.68,0,418
18223,1,0,0.0,0.68,17,0.68,0,418
18224,1,0,0.0,0.68,17,0.68,0,418
18225,1,0,-1000.0,0.0,0,0.0,0,418
18226,2,1,28.346605,0.2,5,0.2,0,419
18227,2,1,-4.278687,0.24,6,0.24,0,419
18228,2,1,27.98924,0.28,7,0.28,0,419
18229,1,0,0.0,0.28,7,0.28,0,419
18230,2,1,23.409119,0.32,8,0.32,0,419
18231,2,1,20.179146,0.4,10,0.4,0,419
18232,2,1,4.24156,0.52,13,0.52,0,419
18233,1,0,0.0,0.52,13,0.52,0,419
18234,2,1,9.757961,0.6,15,0.6,0,419
18235,1,0,0.0,0.6,15,0.6,0,419
18236,1,0,0.0,0.6,15,0.6,0,419
18237,1,0,0.0,0.6,15,0.6,0,419
18238,2,1,14.21083,0.64,16,0.64,0,419
18239,2,1,-10.617514,0.72,18,0.72,0,419
18240,1,0,0.0,0.72,18,0.72,0,419
18241,1,0,0.0,0.72,18,0.72,0,419
18242,1,0,0.0,0.72,18,0.72,0,419
18243,1,0,0.0,0.72,18,0.72,0,419
18244,1,0,0.0,0.72,18,0.72,0,419
18245,1,0,0.0,0.72,18,0.72,0,419
18246,1,0,0.0,0.72,18,0.72,0,419
18247,1,0,0.0,0.72,18,0.72,0,419
18248,1,0,0.0,0.72,18,0.72,0,419
18249,1,0,0.0,0.72,18,0.72,0,419
18250,1,0,-1000.0,0.0,0,0.0,0,419
18251,2,1,-4.1406527,0.2,5,0.2,0,420
18252,2,1,23.70996,0.28,7,0.28,0,420
18253,2,1,17.914507,0.36,9,0.36,0,420
18254,1,0,0.0,0.36,9,0.36,0,420
18255,2,1,-5.829036,0.4,10,0.4,0,420
18256,2,1,25.967117,0.44,11,0.44,0,420
18257,1,0,0.0,0.44,11,0.44,0,420
18258,1,0,0.0,0.44,11,0.44,0,420
18259,1,0,0.0,0.44,11,0.44,0,420
18260,1,0,0.0,0.44,11,0.44,1,420
18261,1,0,0.0,0.44,11,0.44,0,420
18262,1,0,0.0,0.44,11,0.44,0,420
18263,1,0,0.0,0.44,11,0.44,0,420
18264,2,1,23.85181,0.48,12,0.48,0,420
18265,2,1,0.06885396,0.56,14,0.56,0,420
18266,1,0,0.0,0.56,14,0.56,0,420
18267,1,0,0.0,0.56,14,0.56,0,420
18268,1,0,0.0,0.56,14,0.56,0,420
18269,1,0,0.0,0.56,14,0.56,0,420
18270,1,0,0.0,0.56,14,0.56,0,420
18271,2,1,5.3700695,0.64,16,0.64,0,420
18272,1,0,0.0,0.64,16,0.64,0,420
18273,1,0,0.0,0.64,16,0.64,0,420
18274,1,0,0.0,0.64,16,0.64,0,420
18275,1,0,0.0,0.64,16,0.64,0,420
18276,2,1,11.823791,0.68,17,0.68,0,420
18277,1,0,0.0,0.68,17,0.68,0,420
18278,1,0,0.0,0.68,17,0.68,0,420
18279,1,0,0.0,0.68,17,0.68,0,420
18280,1,0,0.0,0.68,17,0.68,0,420
18281,1,0,0.0,0.68,17,0.68,0,420
18282,1,0,0.0,0.68,17,0.68,1,420
18283,1,0,0.0,0.68,17,0.68,0,420
18284,1,0,0.0,0.68,17,0.68,0,420
18285,2,1,6.3440204,0.72,18,0.72,0,420
18286,1,0,0.0,0.72,18,0.72,0,420
18287,1,0,0.0,0.72,18,0.72,0,420
18288,1,0,0.0,0.72,18,0.72,0,420
18289,1,0,0.0,0.72,18,0.72,0,420
18290,1,0,0.0,0.72,18,0.72,0,420
18291,1,0,0.0,0.72,18,0.72,0,420
18292,2,1,-106.00707,0.84,21,0.84,0,420
18293,1,0,0.0,0.84,21,0.84,0,420
18294,1,0,0.0,0.84,21,0.84,0,420
18295,1,0,0.0,0.84,21,0.84,0,420
18296,1,0,0.0,0.84,21,0.84,0,420
18297,1,0,0.0,0.84,21,0.84,0,420
18298,1,0,0.0,0.84,21,0.84,0,420
18299,1,0,0.0,0.84,21,0.84,0,420
18300,1,0,0.0,0.84,21,0.84,0,420
18301,2,1,-76.735855,0.88,22,0.88,0,420
18302,1,0,0.0,0.88,22,0.88,0,420
18303,1,0,0.0,0.88,22,0.88,0,420
18304,1,0,0.0,0.88,22,0.88,1,420
18305,1,0,0.0,0.88,22,0.88,0,420
18306,1,0,0.0,0.88,22,0.88,0,420
18307,1,0,0.0,0.88,22,0.88,0,420
18308,1,0,0.0,0.88,22,0.88,0,420
18309,1,0,0.0,0.88,22,0.88,0,420
18310,1,0,0.0,0.88,22,0.88,0,420
18311,1,0,0.0,0.88,22,0.88,0,420
18312,1,0,-1000.0,0.0,0,0.0,0,420
18313,2,1,28.346605,0.2,5,0.2,0,421
18314,2,1,23.968313,0.28,7,0.28,0,421
18315,1,0,0.0,0.28,7,0.28,0,421
18316,2,1,13.119488,0.4,10,0.4,0,421
18317,1,0,0.0,0.4,10,0.4,0,421
18318,1,0,0.0,0.4,10,0.4,0,421
18319,1,0,0.0,0.4,10,0.4,0,421
18320,1,0,0.0,0.4,10,0.4,0,421
18321,1,0,0.0,0.4,10,0.4,0,421
18322,1,0,0.0,0.4,10,0.4,0,421
18323,1,0,0.0,0.4,10,0.4,0,421
18324,1,0,0.0,0.4,10,0.4,0,421
18325,2,1,24.768646,0.44,11,0.44,0,421
18326,1,0,0.0,0.44,11,0.44,0,421
18327,1,0,0.0,0.44,11,0.44,0,421
18328,2,1,-7.3917303,0.48,12,0.48,0,421
18329,1,0,0.0,0.48,12,0.48,0,421
18330,1,0,0.0,0.48,12,0.48,0,421
18331,1,0,0.0,0.48,12,0.48,0,421
18332,1,0,0.0,0.48,12,0.48,0,421
18333,1,0,0.0,0.48,12,0.48,0,421
18334,1,0,0.0,0.48,12,0.48,0,421
18335,1,0,0.0,0.48,12,0.48,0,421
18336,1,0,0.0,0.48,12,0.48,0,421
18337,1,0,0.0,0.48,12,0.48,0,421
18338,1,0,0.0,0.48,12,0.48,0,421
18339,1,0,-1000.0,0.0,0,0.0,0,421
18340,2,1,28.346605,0.2,5,0.2,0,422
18341,2,1,28.22638,0.24,6,0.24,0,422
18342,2,1,18.678572,0.32,8,0.32,0,422
18343,1,0,0.0,0.32,8,0.32,0,422
18344,1,0,0.0,0.32,8,0.32,0,422
18345,2,1,26.003696,0.36,9,0.36,0,422
18346,2,1,-5.829036,0.4,10,0.4,0,422
18347,1,0,0.0,0.4,10,0.4,0,422
18348,1,0,0.0,0.4,10,0.4,0,422
18349,2,1,17.554182,0.48,12,0.48,0,422
18350,1,0,0.0,0.48,12,0.48,0,422
18351,1,0,0.0,0.48,12,0.48,0,422
18352,1,0,0.0,0.48,12,0.48,0,422
18353,1,0,0.0,0.48,12,0.48,0,422
18354,1,0,0.0,0.48,12,0.48,0,422
18355,2,1,11.373928,0.56,14,0.56,1,422
18356,1,0,0.0,0.56,14,0.56,0,422
18357,1,0,0.0,0.56,14,0.56,0,422
18358,1,0,0.0,0.56,14,0.56,0,422
18359,1,0,0.0,0.56,14,0.56,0,422
18360,1,0,0.0,0.56,14,0.56,0,422
18361,1,0,0.0,0.56,14,0.56,0,422
18362,1,0,0.0,0.56,14,0.56,0,422
18363,1,0,0.0,0.56,14,0.56,0,422
18364,1,0,0.0,0.56,14,0.56,0,422
18365,1,0,0.0,0.56,14,0.56,0,422
18366,1,0,-1000.0,0.0,0,0.0,0,422
18367,2,1,28.364332,0.2,5,0.2,0,423
18368,2,1,19.247265,0.28,7,0.28,0,423
18369,1,0,0.0,0.28,7,0.28,0,423
18370,2,1,27.639961,0.32,8,0.32,0,423
18371,2,1,-5.279892,0.36,9,0.36,0,423
18372,0,-1,-0.0,0.36,9,0.36,0,423
18373,2,1,25.454552,0.4,10,0.4,0,423
18374,2,1,17.554182,0.48,12,0.48,0,423
18375,2,1,21.154152,0.52,13,0.52,0,423
18376,1,0,0.0,0.52,13,0.52,0,423
18377,2,1,-9.921978,0.56,14,0.56,0,423
18378,1,0,0.0,0.56,14,0.56,0,423
18379,2,1,0.5356077,0.64,16,0.64,1,423
18380,1,0,0.0,0.64,16,0.64,0,423
18381,2,1,-11.614353,0.72,18,0.72,0,423
18382,1,0,0.0,0.72,18,0.72,0,423
18383,1,0,0.0,0.72,18,0.72,0,423
18384,1,0,0.0,0.72,18,0.72,0,423
18385,1,0,0.0,0.72,18,0.72,0,423
18386,2,1,-45.114784,0.8,20,0.8,0,423
18387,1,0,0.0,0.8,20,0.8,0,423
18388,1,0,0.0,0.8,20,0.8,0,423
18389,1,0,0.0,0.8,20,0.8,1,423
18390,1,0,0.0,0.8,20,0.8,0,423
18391,1,0,0.0,0.8,20,0.8,0,423
18392,1,0,0.0,0.8,20,0.8,0,423
18393,1,0,0.0,0.8,20,0.8,0,423
18394,1,0,0.0,0.8,20,0.8,0,423
18395,1,0,0.0,0.8,20,0.8,0,423
18396,1,0,0.0,0.8,20,0.8,0,423
18397,1,0,-1000.0,0.0,0,0.0,0,423
18398,2,1,28.364332,0.2,5,0.2,0,424
18399,1,0,0.0,0.2,5,0.2,0,424
18400,2,1,28.208652,0.24,6,0.24,0,424
18401,2,1,26.773045,0.28,7,0.28,0,424
18402,2,1,21.334368,0.36,9,0.36,0,424
18403,2,1,9.33523,0.48,12,0.48,0,424
18404,1,0,0.0,0.48,12,0.48,0,424
18405,1,0,0.0,0.48,12,0.48,0,424
18406,1,0,0.0,0.48,12,0.48,0,424
18407,1,0,0.0,0.48,12,0.48,0,424
18408,1,0,0.0,0.48,12,0.48,0,424
18409,1,0,0.0,0.48,12,0.48,0,424
18410,1,0,0.0,0.48,12,0.48,0,424
18411,1,0,0.0,0.48,12,0.48,0,424
18412,1,0,0.0,0.48,12,0.48,0,424
18413,1,0,0.0,0.48,12,0.48,0,424
18414,1,0,-1000.0,0.0,0,0.0,0,424
18415,2,1,-4.1406527,0.2,5,0.2,0,425
18416,1,0,0.0,0.2,5,0.2,0,425
18417,0,-1,4.1406527,0.16,4,0.16,0,425
18418,2,1,-4.1406527,0.2,5,0.2,0,425
18419,2,1,23.70996,0.28,7,0.28,0,425
18420,2,1,-10.128417,0.36,9,0.36,0,425
18421,1,0,0.0,0.36,9,0.36,0,425
18422,1,0,0.0,0.36,9,0.36,0,425
18423,1,0,0.0,0.36,9,0.36,0,425
18424,1,0,0.0,0.36,9,0.36,0,425
18425,2,1,26.658304,0.4,10,0.4,0,425
18426,1,0,0.0,0.4,10,0.4,0,425
18427,2,1,24.768646,0.44,11,0.44,0,425
18428,1,0,0.0,0.44,11,0.44,0,425
18429,1,0,0.0,0.44,11,0.44,0,425
18430,1,0,0.0,0.44,11,0.44,0,425
18431,1,0,0.0,0.44,11,0.44,0,425
18432,1,0,0.0,0.44,11,0.44,0,425
18433,1,0,0.0,0.44,11,0.44,0,425
18434,2,1,5.6505966,0.56,14,0.56,0,425
18435,1,0,0.0,0.56,14,0.56,0,425
18436,2,1,17.863403,0.6,15,0.6,0,425
18437,1,0,0.0,0.6,15,0.6,0,425
18438,1,0,0.0,0.6,15,0.6,0,425
18439,1,0,0.0,0.6,15,0.6,0,425
18440,1,0,0.0,0.6,15,0.6,0,425
18441,1,0,0.0,0.6,15,0.6,0,425
18442,1,0,0.0,0.6,15,0.6,0,425
18443,1,0,0.0,0.6,15,0.6,0,425
18444,1,0,0.0,0.6,15,0.6,1,425
18445,1,0,0.0,0.6,15,0.6,0,425
18446,2,1,-0.9881971,0.64,16,0.64,0,425
18447,1,0,0.0,0.64,16,0.64,0,425
18448,1,0,0.0,0.64,16,0.64,1,425
18449,1,0,0.0,0.64,16,0.64,0,425
18450,1,0,0.0,0.64,16,0.64,0,425
18451,1,0,0.0,0.64,16,0.64,0,425
18452,2,1,10.596986,0.68,17,0.68,0,425
18453,1,0,0.0,0.68,17,0.68,0,425
18454,1,0,0.0,0.68,17,0.68,0,425
18455,1,0,0.0,0.68,17,0.68,0,425
18456,1,0,0.0,0.68,17,0.68,0,425
18457,1,0,0.0,0.68,17,0.68,0,425
18458,1,0,0.0,0.68,17,0.68,0,425
18459,1,0,0.0,0.68,17,0.68,1,425
18460,1,0,0.0,0.68,17,0.68,0,425
18461,1,0,0.0,0.68,17,0.68,0,425
18462,1,0,0.0,0.68,17,0.68,0,425
18463,1,0,-1000.0,0.0,0,0.0,0,425
18464,1,0,0.0,0.16,4,0.16,0,426
18465,2,1,-4.1407347,0.2,5,0.2,0,426
18466,2,1,23.692236,0.28,7,0.28,0,426
18467,1,0,0.0,0.28,7,0.28,0,426
18468,2,1,23.409119,0.32,8,0.32,0,426
18469,1,0,0.0,0.32,8,0.32,1,426
18470,1,0,0.0,0.32,8,0.32,0,426
18471,2,1,8.017847,0.36,9,0.36,0,426
18472,1,0,0.0,0.36,9,0.36,0,426
18473,1,0,0.0,0.36,9,0.36,0,426
18474,2,1,26.68124,0.4,10,0.4,0,426
18475,2,1,20.114086,0.44,11,0.44,0,426
18476,1,0,0.0,0.44,11,0.44,0,426
18477,1,0,0.0,0.44,11,0.44,0,426
18478,1,0,0.0,0.44,11,0.44,0,426
18479,1,0,0.0,0.44,11,0.44,1,426
18480,1,0,0.0,0.44,11,0.44,0,426
18481,1,0,0.0,0.44,11,0.44,0,426
18482,2,1,23.810543,0.48,12,0.48,0,426
18483,1,0,0.0,0.48,12,0.48,0,426
18484,1,0,0.0,0.48,12,0.48,0,426
18485,1,0,0.0,0.48,12,0.48,0,426
18486,1,0,0.0,0.48,12,0.48,0,426
18487,1,0,0.0,0.48,12,0.48,0,426
18488,1,0,0.0,0.48,12,0.48,0,426
18489,1,0,0.0,0.48,12,0.48,0,426
18490,1,0,0.0,0.48,12,0.48,0,426
18491,1,0,0.0,0.48,12,0.48,1,426
18492,1,0,0.0,0.48,12,0.48,0,426
18493,1,0,-1000.0,0.0,0,0.0,0,426
18494,2,1,28.346605,0.2,5,0.2,0,427
18495,2,1,-4.278687,0.24,6,0.24,0,427
18496,1,0,0.0,0.24,6,0.24,0,427
18497,2,1,23.39962,0.32,8,0.32,0,427
18498,1,0,0.0,0.32,8,0.32,0,427
18499,1,0,0.0,0.32,8,0.32,0,427
18500,1,0,0.0,0.32,8,0.32,0,427
18501,2,1,16.93285,0.4,10,0.4,0,427
18502,1,0,0.0,0.4,10,0.4,0,427
18503,1,0,0.0,0.4,10,0.4,1,427
18504,1,0,0.0,0.4,10,0.4,0,427
18505,2,1,15.155403,0.48,12,0.48,0,427
18506,1,0,0.0,0.48,12,0.48,0,427
18507,1,0,0.0,0.48,12,0.48,0,427
18508,0,-1,-0.0,0.48,12,0.48,0,427
18509,1,0,0.0,0.48,12,0.48,0,427
18510,1,0,0.0,0.48,12,0.48,0,427
18511,0,-1,-21.023413,0.44,11,0.44,0,427
18512,1,0,0.0,0.44,11,0.44,0,427
18513,1,0,0.0,0.44,11,0.44,0,427
18514,2,1,23.8535,0.48,12,0.48,0,427
18515,1,0,0.0,0.48,12,0.48,0,427
18516,1,0,0.0,0.48,12,0.48,0,427
18517,1,0,0.0,0.48,12,0.48,0,427
18518,1,0,0.0,0.48,12,0.48,0,427
18519,1,0,0.0,0.48,12,0.48,0,427
18520,1,0,0.0,0.48,12,0.48,0,427
18521,1,0,0.0,0.48,12,0.48,0,427
18522,1,0,0.0,0.48,12,0.48,0,427
18523,1,0,0.0,0.48,12,0.48,1,427
18524,1,0,0.0,0.48,12,0.48,0,427
18525,1,0,-1000.0,0.0,0,0.0,0,427
18526,2,1,-4.1406527,0.2,5,0.2,0,428
18527,2,1,-4.278687,0.24,6,0.24,0,428
18528,2,1,-4.51638,0.28,7,0.28,0,428
18529,1,0,0.0,0.28,7,0.28,0,428
18530,1,0,0.0,0.28,7,0.28,0,428
18531,1,0,0.0,0.28,7,0.28,0,428
18532,2,1,-4.8479395,0.32,8,0.32,0,428
18533,2,1,27.207449,0.36,9,0.36,0,428
18534,0,-1,5.2804456,0.32,8,0.32,1,428
18535,1,0,0.0,0.32,8,0.32,0,428
18536,1,0,0.0,0.32,8,0.32,0,428
18537,1,0,0.0,0.32,8,0.32,0,428
18538,1,0,0.0,0.32,8,0.32,0,428
18539,1,0,0.0,0.32,8,0.32,0,428
18540,2,1,21.631992,0.4,10,0.4,0,428
18541,2,1,24.755613,0.44,11,0.44,0,428
18542,1,0,0.0,0.44,11,0.44,0,428
18543,1,0,0.0,0.44,11,0.44,0,428
18544,1,0,0.0,0.44,11,0.44,0,428
18545,1,0,0.0,0.44,11,0.44,0,428
18546,2,1,9.320052,0.48,12,0.48,0,428
18547,1,0,0.0,0.48,12,0.48,0,428
18548,1,0,0.0,0.48,12,0.48,0,428
18549,1,0,0.0,0.48,12,0.48,1,428
18550,1,0,0.0,0.48,12,0.48,0,428
18551,2,1,21.040491,0.52,13,0.52,0,428
18552,1,0,0.0,0.52,13,0.52,0,428
18553,1,0,0.0,0.52,13,0.52,0,428
18554,1,0,0.0,0.52,13,0.52,0,428
18555,1,0,0.0,0.52,13,0.52,0,428
18556,1,0,0.0,0.52,13,0.52,0,428
18557,1,0,0.0,0.52,13,0.52,0,428
18558,1,0,0.0,0.52,13,0.52,0,428
18559,1,0,0.0,0.52,13,0.52,0,428
18560,1,0,0.0,0.52,13,0.52,0,428
18561,1,0,0.0,0.52,13,0.52,0,428
18562,1,0,-1000.0,0.0,0,0.0,0,428
18563,2,1,28.364332,0.2,5,0.2,0,429
18564,2,1,28.208652,0.24,6,0.24,0,429
18565,1,0,0.0,0.24,6,0.24,0,429
18566,2,1,26.773045,0.28,7,0.28,0,429
18567,1,0,0.0,0.28,7,0.28,0,429
18568,2,1,21.334368,0.36,9,0.36,1,429
18569,1,0,0.0,0.36,9,0.36,0,429
18570,2,1,17.457954,0.44,11,0.44,0,429
18571,1,0,0.0,0.44,11,0.44,0,429
18572,1,0,0.0,0.44,11,0.44,0,429
18573,1,0,0.0,0.44,11,0.44,0,429
18574,1,0,0.0,0.44,11,0.44,0,429
18575,2,1,20.359213,0.48,12,0.48,0,429
18576,1,0,0.0,0.48,12,0.48,0,429
18577,1,0,0.0,0.48,12,0.48,0,429
18578,1,0,0.0,0.48,12,0.48,0,429
18579,1,0,0.0,0.48,12,0.48,0,429
18580,1,0,0.0,0.48,12,0.48,0,429
18581,2,1,-33.02376,0.68,17,0.68,0,429
18582,1,0,0.0,0.68,17,0.68,0,429
18583,1,0,0.0,0.68,17,0.68,0,429
18584,1,0,0.0,0.68,17,0.68,0,429
18585,1,0,0.0,0.68,17,0.68,0,429
18586,1,0,0.0,0.68,17,0.68,0,429
18587,2,1,-3.7760694,0.72,18,0.72,0,429
18588,1,0,0.0,0.72,18,0.72,0,429
18589,1,0,0.0,0.72,18,0.72,0,429
18590,1,0,0.0,0.72,18,0.72,0,429
18591,1,0,0.0,0.72,18,0.72,0,429
18592,1,0,0.0,0.72,18,0.72,0,429
18593,1,0,0.0,0.72,18,0.72,0,429
18594,2,1,-210.08444,0.88,22,0.88,0,429
18595,1,0,0.0,0.88,22,0.88,0,429
18596,1,0,0.0,0.88,22,0.88,0,429
18597,1,0,0.0,0.88,22,0.88,0,429
18598,1,0,0.0,0.88,22,0.88,1,429
18599,1,0,0.0,0.88,22,0.88,0,429
18600,1,0,0.0,0.88,22,0.88,0,429
18601,1,0,0.0,0.88,22,0.88,0,429
18602,1,0,0.0,0.88,22,0.88,0,429
18603,1,0,0.0,0.88,22,0.88,0,429
18604,1,0,0.0,0.88,22,0.88,0,429
18605,1,0,-1000.0,0.0,0,0.0,0,429
18606,1,0,0.0,0.16,4,0.16,0,430
18607,2,1,28.364332,0.2,5,0.2,0,430
18608,1,0,0.0,0.2,5,0.2,0,430
18609,2,1,19.247265,0.28,7,0.28,0,430
18610,1,0,0.0,0.28,7,0.28,0,430
18611,1,0,0.0,0.28,7,0.28,0,430
18612,2,1,-4.847804,0.32,8,0.32,0,430
18613,2,1,21.641457,0.4,10,0.4,0,430
18614,1,0,0.0,0.4,10,0.4,0,430
18615,1,0,0.0,0.4,10,0.4,0,430
18616,1,0,0.0,0.4,10,0.4,0,430
18617,1,0,0.0,0.4,10,0.4,0,430
18618,2,1,-13.912674,0.48,12,0.48,0,430
18619,1,0,0.0,0.48,12,0.48,0,430
18620,1,0,0.0,0.48,12,0.48,0,430
18621,1,0,0.0,0.48,12,0.48,0,430
18622,1,0,0.0,0.48,12,0.48,1,430
18623,2,1,20.030718,0.52,13,0.52,0,430
18624,1,0,0.0,0.52,13,0.52,0,430
18625,1,0,0.0,0.52,13,0.52,0,430
18626,1,0,0.0,0.52,13,0.52,0,430
18627,1,0,0.0,0.52,13,0.52,0,430
18628,1,0,0.0,0.52,13,0.52,0,430
18629,1,0,0.0,0.52,13,0.52,0,430
18630,1,0,0.0,0.52,13,0.52,0,430
18631,1,0,0.0,0.52,13,0.52,0,430
18632,1,0,0.0,0.52,13,0.52,0,430
18633,2,1,-4.5838385,0.64,16,0.64,0,430
18634,1,0,0.0,0.64,16,0.64,0,430
18635,1,0,0.0,0.64,16,0.64,0,430
18636,1,0,0.0,0.64,16,0.64,0,430
18637,1,0,0.0,0.64,16,0.64,0,430
18638,1,0,0.0,0.64,16,0.64,0,430
18639,1,0,0.0,0.64,16,0.64,0,430
18640,1,0,0.0,0.64,16,0.64,0,430
18641,1,0,0.0,0.64,16,0.64,0,430
18642,1,0,0.0,0.64,16,0.64,0,430
18643,1,0,0.0,0.64,16,0.64,0,430
18644,1,0,-1000.0,0.0,0,0.0,0,430
18645,2,1,28.364332,0.2,5,0.2,0,431
18646,2,1,-4.278687,0.24,6,0.24,0,431
18647,0,-1,4.278687,0.2,5,0.2,0,431
18648,2,1,-4.278605,0.24,6,0.24,0,431
18649,2,1,27.971514,0.28,7,0.28,0,431
18650,1,0,0.0,0.28,7,0.28,0,431
18651,2,1,-4.847804,0.32,8,0.32,0,431
18652,1,0,0.0,0.32,8,0.32,0,431
18653,1,0,0.0,0.32,8,0.32,0,431
18654,2,1,26.008978,0.36,9,0.36,0,431
18655,2,1,19.11238,0.44,11,0.44,0,431
18656,2,1,22.258423,0.48,12,0.48,0,431
18657,1,0,0.0,0.48,12,0.48,0,431
18658,1,0,0.0,0.48,12,0.48,0,431
18659,1,0,0.0,0.48,12,0.48,0,431
18660,1,0,0.0,0.48,12,0.48,0,431
18661,2,1,19.27347,0.52,13,0.52,1,431
18662,1,0,0.0,0.52,13,0.52,0,431
18663,1,0,0.0,0.52,13,0.52,0,431
18664,1,0,0.0,0.52,13,0.52,0,431
18665,1,0,0.0,0.52,13,0.52,0,431
18666,1,0,0.0,0.52,13,0.52,0,431
18667,1,0,0.0,0.52,13,0.52,0,431
18668,2,1,6.313681,0.6,15,0.6,0,431
18669,1,0,0.0,0.6,15,0.6,0,431
18670,1,0,0.0,0.6,15,0.6,0,431
18671,2,1,11.489981,0.64,16,0.64,0,431
18672,1,0,0.0,0.64,16,0.64,0,431
18673,1,0,0.0,0.64,16,0.64,0,431
18674,1,0,0.0,0.64,16,0.64,0,431
18675,1,0,0.0,0.64,16,0.64,0,431
18676,1,0,0.0,0.64,16,0.64,0,431
18677,1,0,0.0,0.64,16,0.64,0,431
18678,1,0,0.0,0.64,16,0.64,0,431
18679,1,0,0.0,0.64,16,0.64,0,431
18680,1,0,0.0,0.64,16,0.64,0,431
18681,1,0,0.0,0.64,16,0.64,0,431
18682,1,0,-1000.0,0.0,0,0.0,0,431
18683,2,1,-4.1407347,0.2,5,0.2,0,432
18684,1,0,0.0,0.2,5,0.2,0,432
18685,2,1,-4.27924,0.24,6,0.24,0,432
18686,2,1,-4.515744,0.28,7,0.28,0,432
18687,2,1,27.639961,0.32,8,0.32,0,432
18688,2,1,-5.2804775,0.36,9,0.36,0,432
18689,1,0,0.0,0.36,9,0.36,0,432
18690,1,0,0.0,0.36,9,0.36,0,432
18691,2,1,22.427462,0.4,10,0.4,0,432
18692,1,0,0.0,0.4,10,0.4,0,432
18693,2,1,0.4321276,0.56,14,0.56,0,432
18694,1,0,0.0,0.56,14,0.56,0,432
18695,1,0,0.0,0.56,14,0.56,0,432
18696,1,0,0.0,0.56,14,0.56,0,432
18697,2,1,-11.786915,0.6,15,0.6,0,432
18698,1,0,0.0,0.6,15,0.6,0,432
18699,1,0,0.0,0.6,15,0.6,0,432
18700,1,0,0.0,0.6,15,0.6,1,432
18701,2,1,17.006565,0.64,16,0.64,0,432
18702,1,0,0.0,0.64,16,0.64,0,432
18703,1,0,0.0,0.64,16,0.64,0,432
18704,1,0,0.0,0.64,16,0.64,0,432
18705,1,0,0.0,0.64,16,0.64,0,432
18706,1,0,0.0,0.64,16,0.64,0,432
18707,1,0,0.0,0.64,16,0.64,0,432
18708,1,0,0.0,0.64,16,0.64,0,432
18709,1,0,0.0,0.64,16,0.64,0,432
18710,1,0,0.0,0.64,16,0.64,0,432
18711,1,0,0.0,0.64,16,0.64,0,432
18712,1,0,-1000.0,0.0,0,0.0,0,432
18713,2,1,-4.1407347,0.2,5,0.2,0,433
18714,2,1,28.22638,0.24,6,0.24,0,433
18715,1,0,0.0,0.24,6,0.24,0,433
18716,2,1,27.971514,0.28,7,0.28,0,433
18717,1,0,0.0,0.28,7,0.28,0,433
18718,1,0,0.0,0.28,7,0.28,0,433
18719,0,-1,4.515826,0.24,6,0.24,0,433
18720,2,1,26.767761,0.28,7,0.28,0,433
18721,1,0,0.0,0.28,7,0.28,0,433
18722,1,0,0.0,0.28,7,0.28,0,433
18723,1,0,0.0,0.28,7,0.28,0,433
18724,2,1,18.128635,0.36,9,0.36,0,433
18725,1,0,0.0,0.36,9,0.36,0,433
18726,2,1,25.459835,0.4,10,0.4,0,433
18727,1,0,0.0,0.4,10,0.4,0,433
18728,1,0,0.0,0.4,10,0.4,0,433
18729,1,0,0.0,0.4,10,0.4,0,433
18730,2,1,23.129503,0.44,11,0.44,0,433
18731,1,0,0.0,0.44,11,0.44,0,433
18732,1,0,0.0,0.44,11,0.44,0,433
18733,1,0,0.0,0.44,11,0.44,0,433
18734,2,1,22.260569,0.48,12,0.48,1,433
18735,0,-1,-0.0,0.48,12,0.48,0,433
18736,2,1,17.424915,0.52,13,0.52,0,433
18737,1,0,0.0,0.52,13,0.52,1,433
18738,1,0,0.0,0.52,13,0.52,0,433
18739,2,1,6.986231,0.6,15,0.6,0,433
18740,1,0,0.0,0.6,15,0.6,0,433
18741,1,0,0.0,0.6,15,0.6,0,433
18742,1,0,0.0,0.6,15,0.6,0,433
18743,1,0,0.0,0.6,15,0.6,0,433
18744,1,0,0.0,0.6,15,0.6,0,433
18745,1,0,0.0,0.6,15,0.6,0,433
18746,1,0,0.0,0.6,15,0.6,0,433
18747,1,0,0.0,0.6,15,0.6,0,433
18748,1,0,0.0,0.6,15,0.6,0,433
18749,1,0,0.0,0.6,15,0.6,0,433
18750,1,0,-1000.0,0.0,0,0.0,0,433
18751,2,1,28.364332,0.2,5,0.2,0,434
18752,2,1,-4.278687,0.24,6,0.24,0,434
18753,2,1,23.123543,0.32,8,0.32,0,434
18754,2,1,26.003696,0.36,9,0.36,0,434
18755,2,1,16.727127,0.44,11,0.44,0,434
18756,1,0,0.0,0.44,11,0.44,0,434
18757,1,0,0.0,0.44,11,0.44,0,434
18758,1,0,0.0,0.44,11,0.44,0,434
18759,1,0,0.0,0.44,11,0.44,0,434
18760,1,0,0.0,0.44,11,0.44,0,434
18761,1,0,0.0,0.44,11,0.44,0,434
18762,2,1,10.772423,0.52,13,0.52,0,434
18763,1,0,0.0,0.52,13,0.52,0,434
18764,1,0,0.0,0.52,13,0.52,0,434
18765,1,0,0.0,0.52,13,0.52,0,434
18766,1,0,0.0,0.52,13,0.52,0,434
18767,1,0,0.0,0.52,13,0.52,0,434
18768,1,0,0.0,0.52,13,0.52,0,434
18769,1,0,0.0,0.52,13,0.52,0,434
18770,1,0,0.0,0.52,13,0.52,0,434
18771,1,0,0.0,0.52,13,0.52,0,434
18772,2,1,21.367445,0.56,14,0.56,0,434
18773,1,0,0.0,0.56,14,0.56,1,434
18774,1,0,0.0,0.56,14,0.56,1,434
18775,1,0,0.0,0.56,14,0.56,0,434
18776,1,0,0.0,0.56,14,0.56,0,434
18777,1,0,0.0,0.56,14,0.56,0,434
18778,1,0,0.0,0.56,14,0.56,0,434
18779,1,0,0.0,0.56,14,0.56,1,434
18780,1,0,0.0,0.56,14,0.56,0,434
18781,1,0,0.0,0.56,14,0.56,0,434
18782,1,0,0.0,0.56,14,0.56,0,434
18783,1,0,-1000.0,0.0,0,0.0,0,434
18784,2,1,28.364332,0.2,5,0.2,0,435
18785,2,1,28.208652,0.24,6,0.24,0,435
18786,2,1,18.8927,0.32,8,0.32,0,435
18787,1,0,0.0,0.32,8,0.32,0,435
18788,2,1,20.179146,0.4,10,0.4,0,435
18789,1,0,0.0,0.4,10,0.4,0,435
18790,2,1,-6.520649,0.44,11,0.44,0,435
18791,1,0,0.0,0.44,11,0.44,0,435
18792,1,0,0.0,0.44,11,0.44,0,435
18793,2,1,-15.890165,0.52,13,0.52,1,435
18794,1,0,0.0,0.52,13,0.52,0,435
18795,2,1,-4.5330505,0.64,16,0.64,0,435
18796,1,0,0.0,0.64,16,0.64,0,435
18797,1,0,0.0,0.64,16,0.64,0,435
18798,1,0,0.0,0.64,16,0.64,0,435
18799,1,0,0.0,0.64,16,0.64,0,435
18800,1,0,0.0,0.64,16,0.64,0,435
18801,2,1,10.721209,0.68,17,0.68,0,435
18802,1,0,0.0,0.68,17,0.68,0,435
18803,1,0,0.0,0.68,17,0.68,0,435
18804,2,1,-23.012201,0.76,19,0.76,0,435
18805,1,0,0.0,0.76,19,0.76,0,435
18806,1,0,0.0,0.76,19,0.76,0,435
18807,1,0,0.0,0.76,19,0.76,0,435
18808,1,0,0.0,0.76,19,0.76,0,435
18809,1,0,0.0,0.76,19,0.76,0,435
18810,1,0,0.0,0.76,19,0.76,0,435
18811,2,1,-13.982874,0.8,20,0.8,0,435
18812,1,0,0.0,0.8,20,0.8,0,435
18813,1,0,0.0,0.8,20,0.8,0,435
18814,1,0,0.0,0.8,20,0.8,0,435
18815,1,0,0.0,0.8,20,0.8,0,435
18816,1,0,0.0,0.8,20,0.8,0,435
18817,1,0,0.0,0.8,20,0.8,0,435
18818,1,0,0.0,0.8,20,0.8,0,435
18819,1,0,0.0,0.8,20,0.8,0,435
18820,1,0,0.0,0.8,20,0.8,0,435
18821,1,0,0.0,0.8,20,0.8,0,435
18822,1,0,-1000.0,0.0,0,0.0,0,435
18823,2,1,-4.1407347,0.2,5,0.2,0,436
18824,2,1,-4.27924,0.24,6,0.24,0,436
18825,1,0,0.0,0.24,6,0.24,0,436
18826,1,0,0.0,0.24,6,0.24,0,436
18827,2,1,12.0134325,0.4,10,0.4,0,436
18828,2,1,25.984842,0.44,11,0.44,0,436
18829,1,0,0.0,0.44,11,0.44,0,436
18830,1,0,0.0,0.44,11,0.44,0,436
18831,2,1,-7.3917294,0.48,12,0.48,0,436
18832,1,0,0.0,0.48,12,0.48,0,436
18833,1,0,0.0,0.48,12,0.48,0,436
18834,1,0,0.0,0.48,12,0.48,0,436
18835,1,0,0.0,0.48,12,0.48,0,436
18836,2,1,22.79115,0.52,13,0.52,0,436
18837,2,1,9.75389,0.6,15,0.6,0,436
18838,1,0,0.0,0.6,15,0.6,0,436
18839,1,0,0.0,0.6,15,0.6,0,436
18840,1,0,0.0,0.6,15,0.6,0,436
18841,1,0,0.0,0.6,15,0.6,0,436
18842,1,0,0.0,0.6,15,0.6,0,436
18843,1,0,0.0,0.6,15,0.6,1,436
18844,1,0,0.0,0.6,15,0.6,0,436
18845,1,0,0.0,0.6,15,0.6,1,436
18846,2,1,0.06251011,0.64,16,0.64,0,436
18847,1,0,0.0,0.64,16,0.64,0,436
18848,1,0,0.0,0.64,16,0.64,0,436
18849,1,0,0.0,0.64,16,0.64,0,436
18850,1,0,0.0,0.64,16,0.64,0,436
18851,1,0,0.0,0.64,16,0.64,0,436
18852,1,0,0.0,0.64,16,0.64,0,436
18853,1,0,0.0,0.64,16,0.64,0,436
18854,1,0,0.0,0.64,16,0.64,0,436
18855,1,0,0.0,0.64,16,0.64,0,436
18856,1,0,0.0,0.64,16,0.64,0,436
18857,1,0,-1000.0,0.0,0,0.0,0,436
18858,2,1,-4.1406527,0.2,5,0.2,0,437
18859,1,0,0.0,0.2,5,0.2,0,437
18860,2,1,28.208652,0.24,6,0.24,0,437
18861,1,0,0.0,0.24,6,0.24,0,437
18862,2,1,23.39962,0.32,8,0.32,0,437
18863,1,0,0.0,0.32,8,0.32,0,437
18864,2,1,-5.279892,0.36,9,0.36,0,437
18865,1,0,0.0,0.36,9,0.36,0,437
18866,2,1,-5.829461,0.4,10,0.4,0,437
18867,1,0,0.0,0.4,10,0.4,0,437
18868,1,0,0.0,0.4,10,0.4,0,437
18869,1,0,0.0,0.4,10,0.4,0,437
18870,1,0,0.0,0.4,10,0.4,0,437
18871,1,0,0.0,0.4,10,0.4,0,437
18872,2,1,15.164858,0.48,12,0.48,0,437
18873,2,1,13.046564,0.56,14,0.56,0,437
18874,1,0,0.0,0.56,14,0.56,0,437
18875,2,1,3.720814,0.64,16,0.64,0,437
18876,1,0,0.0,0.64,16,0.64,0,437
18877,1,0,0.0,0.64,16,0.64,0,437
18878,2,1,-12.917889,0.72,18,0.72,0,437
18879,1,0,0.0,0.72,18,0.72,0,437
18880,1,0,0.0,0.72,18,0.72,0,437
18881,1,0,0.0,0.72,18,0.72,0,437
18882,2,1,-105.72231,0.84,21,0.84,0,437
18883,1,0,0.0,0.84,21,0.84,0,437
18884,1,0,0.0,0.84,21,0.84,0,437
18885,1,0,0.0,0.84,21,0.84,0,437
18886,1,0,0.0,0.84,21,0.84,1,437
18887,1,0,0.0,0.84,21,0.84,0,437
18888,1,0,0.0,0.84,21,0.84,0,437
18889,1,0,0.0,0.84,21,0.84,0,437
18890,1,0,0.0,0.84,21,0.84,0,437
18891,1,0,0.0,0.84,21,0.84,0,437
18892,1,0,0.0,0.84,21,0.84,0,437
18893,1,0,-1000.0,0.0,0,0.0,0,437
18894,2,1,28.346605,0.2,5,0.2,0,438
18895,2,1,-4.278605,0.24,6,0.24,0,438
18896,2,1,-4.515826,0.28,7,0.28,0,438
18897,1,0,0.0,0.28,7,0.28,0,438
18898,2,1,27.657686,0.32,8,0.32,0,438
18899,2,1,-5.2804456,0.36,9,0.36,0,438
18900,1,0,0.0,0.36,9,0.36,0,438
18901,1,0,0.0,0.36,9,0.36,0,438
18902,1,0,0.0,0.36,9,0.36,0,438
18903,2,1,-5.829622,0.4,10,0.4,0,438
18904,1,0,0.0,0.4,10,0.4,0,438
18905,2,1,-6.5206485,0.44,11,0.44,1,438
18906,2,1,2.1927557,0.56,14,0.56,0,438
18907,1,0,0.0,0.56,14,0.56,1,438
18908,1,0,0.0,0.56,14,0.56,0,438
18909,1,0,0.0,0.56,14,0.56,0,438
18910,1,0,0.0,0.56,14,0.56,1,438
18911,1,0,0.0,0.56,14,0.56,0,438
18912,2,1,-3.8196588,0.64,16,0.64,0,438
18913,1,0,0.0,0.64,16,0.64,0,438
18914,1,0,0.0,0.64,16,0.64,0,438
18915,1,0,0.0,0.64,16,0.64,0,438
18916,1,0,0.0,0.64,16,0.64,0,438
18917,1,0,0.0,0.64,16,0.64,0,438
18918,2,1,13.520641,0.68,17,0.68,0,438
18919,1,0,0.0,0.68,17,0.68,0,438
18920,1,0,0.0,0.68,17,0.68,0,438
18921,1,0,0.0,0.68,17,0.68,0,438
18922,1,0,0.0,0.68,17,0.68,0,438
18923,2,1,-83.6059,0.8,20,0.8,0,438
18924,1,0,0.0,0.8,20,0.8,0,438
18925,1,0,0.0,0.8,20,0.8,0,438
18926,1,0,0.0,0.8,20,0.8,0,438
18927,1,0,0.0,0.8,20,0.8,0,438
18928,1,0,0.0,0.8,20,0.8,0,438
18929,1,0,0.0,0.8,20,0.8,0,438
18930,1,0,0.0,0.8,20,0.8,0,438
18931,1,0,0.0,0.8,20,0.8,0,438
18932,1,0,0.0,0.8,20,0.8,0,438
18933,1,0,0.0,0.8,20,0.8,1,438
18934,1,0,-1000.0,0.0,0,0.0,0,438
18935,2,1,28.346605,0.2,5,0.2,0,439
18936,2,1,19.461393,0.28,7,0.28,0,439
18937,1,0,0.0,0.28,7,0.28,0,439
18938,1,0,0.0,0.28,7,0.28,0,439
18939,2,1,22.635555,0.36,9,0.36,0,439
18940,2,1,25.459835,0.4,10,0.4,0,439
18941,1,0,0.0,0.4,10,0.4,0,439
18942,2,1,23.129503,0.44,11,0.44,0,439
18943,1,0,0.0,0.44,11,0.44,0,439
18944,2,1,12.878713,0.52,13,0.52,0,439
18945,2,1,8.085325,0.6,15,0.6,0,439
18946,1,0,0.0,0.6,15,0.6,0,439
18947,2,1,-4.1220665,0.68,17,0.68,1,439
18948,1,0,0.0,0.68,17,0.68,0,439
18949,1,0,0.0,0.68,17,0.68,0,439
18950,1,0,0.0,0.68,17,0.68,0,439
18951,1,0,0.0,0.68,17,0.68,1,439
18952,1,0,0.0,0.68,17,0.68,0,439
18953,1,0,0.0,0.68,17,0.68,0,439
18954,1,0,0.0,0.68,17,0.68,0,439
18955,1,0,0.0,0.68,17,0.68,0,439
18956,1,0,0.0,0.68,17,0.68,0,439
18957,1,0,0.0,0.68,17,0.68,0,439
18958,1,0,-1000.0,0.0,0,0.0,0,439
18959,2,1,28.346605,0.2,5,0.2,0,440
18960,2,1,23.968313,0.28,7,0.28,0,440
18961,2,1,21.33844,0.36,9,0.36,0,440
18962,1,0,0.0,0.36,9,0.36,0,440
18963,1,0,0.0,0.36,9,0.36,0,440
18964,1,0,0.0,0.36,9,0.36,0,440
18965,1,0,0.0,0.36,9,0.36,0,440
18966,1,0,0.0,0.36,9,0.36,0,440
18967,1,0,0.0,0.36,9,0.36,0,440
18968,1,0,0.0,0.36,9,0.36,0,440
18969,2,1,17.443815,0.44,11,0.44,0,440
18970,1,0,0.0,0.44,11,0.44,0,440
18971,1,0,0.0,0.44,11,0.44,0,440
18972,1,0,0.0,0.44,11,0.44,0,440
18973,1,0,0.0,0.44,11,0.44,0,440
18974,2,1,-22.621439,0.64,16,0.64,1,440
18975,1,0,0.0,0.64,16,0.64,0,440
18976,2,1,3.4471655,0.68,17,0.68,0,440
18977,2,1,5.0390286,0.72,18,0.72,0,440
18978,1,0,0.0,0.72,18,0.72,0,440
18979,1,0,0.0,0.72,18,0.72,0,440
18980,1,0,0.0,0.72,18,0.72,0,440
18981,1,0,0.0,0.72,18,0.72,0,440
18982,1,0,0.0,0.72,18,0.72,0,440
18983,1,0,0.0,0.72,18,0.72,1,440
18984,1,0,0.0,0.72,18,0.72,0,440
18985,1,0,0.0,0.72,18,0.72,0,440
18986,1,0,0.0,0.72,18,0.72,0,440
18987,1,0,0.0,0.72,18,0.72,0,440
18988,1,0,-1000.0,0.0,0,0.0,0,440
18989,2,1,28.364332,0.2,5,0.2,0,441
18990,2,1,-4.278605,0.24,6,0.24,1,441
18991,2,1,22.028486,0.28,7,0.28,0,441
18992,1,0,0.0,0.28,7,0.28,0,441
18993,2,1,15.164034,0.32,8,0.32,0,441
18994,2,1,21.541094,0.4,10,0.4,0,441
18995,2,1,12.112934,0.44,11,0.44,0,441
18996,1,0,0.0,0.44,11,0.44,0,441
18997,2,1,15.382142,0.52,13,0.52,0,441
18998,1,0,0.0,0.52,13,0.52,0,441
18999,1,0,0.0,0.52,13,0.52,0,441
19000,2,1,-6.7977905,0.64,16,0.64,0,441
19001,1,0,0.0,0.64,16,0.64,0,441
19002,2,1,-15.80844,0.72,18,0.72,0,441
19003,1,0,0.0,0.72,18,0.72,0,441
19004,1,0,0.0,0.72,18,0.72,0,441
19005,1,0,0.0,0.72,18,0.72,1,441
19006,1,0,0.0,0.72,18,0.72,0,441
19007,1,0,0.0,0.72,18,0.72,0,441
19008,1,0,0.0,0.72,18,0.72,0,441
19009,1,0,0.0,0.72,18,0.72,0,441
19010,1,0,0.0,0.72,18,0.72,0,441
19011,1,0,0.0,0.72,18,0.72,0,441
19012,1,0,0.0,0.72,18,0.72,0,441
19013,1,0,-1000.0,0.0,0,0.0,0,441
19014,2,1,28.364332,0.2,5,0.2,0,442
19015,2,1,23.955872,0.28,7,0.28,0,442
19016,1,0,0.0,0.28,7,0.28,0,442
19017,1,0,0.0,0.28,7,0.28,0,442
19018,1,0,0.0,0.28,7,0.28,0,442
19019,2,1,21.334368,0.36,9,0.36,0,442
19020,1,0,0.0,0.36,9,0.36,0,442
19021,1,0,0.0,0.36,9,0.36,0,442
19022,1,0,0.0,0.36,9,0.36,0,442
19023,2,1,17.442081,0.44,11,0.44,0,442
19024,2,1,12.009394,0.52,13,0.52,0,442
19025,1,0,0.0,0.52,13,0.52,0,442
19026,1,0,0.0,0.52,13,0.52,0,442
19027,1,0,0.0,0.52,13,0.52,0,442
19028,2,1,4.199961,0.6,15,0.6,0,442
19029,2,1,-160.3185,0.84,21,0.84,0,442
19030,1,0,0.0,0.84,21,0.84,0,442
19031,1,0,0.0,0.84,21,0.84,0,442
19032,1,0,0.0,0.84,21,0.84,0,442
19033,1,0,0.0,0.84,21,0.84,0,442
19034,1,0,0.0,0.84,21,0.84,0,442
19035,2,1,-289.19525,0.92,23,0.92,1,442
19036,1,0,0.0,0.92,23,0.92,0,442
19037,1,0,0.0,0.92,23,0.92,0,442
19038,1,0,0.0,0.92,23,0.92,0,442
19039,1,0,0.0,0.92,23,0.92,0,442
19040,1,0,0.0,0.92,23,0.92,0,442
19041,1,0,0.0,0.92,23,0.92,0,442
19042,1,0,0.0,0.92,23,0.92,0,442
19043,1,0,0.0,0.92,23,0.92,0,442
19044,1,0,0.0,0.92,23,0.92,0,442
19045,1,0,0.0,0.92,23,0.92,0,442
19046,1,0,-1000.0,0.0,0,0.0,0,442
19047,2,1,-4.1406527,0.2,5,0.2,0,443
19048,2,1,-4.278687,0.24,6,0.24,0,443
19049,2,1,27.971514,0.28,7,0.28,0,443
19050,2,1,-4.8479395,0.32,8,0.32,0,443
19051,2,1,22.976604,0.36,9,0.36,0,443
19052,2,1,26.67603,0.4,10,0.4,0,443
19053,1,0,0.0,0.4,10,0.4,0,443
19054,1,0,0.0,0.4,10,0.4,0,443
19055,1,0,0.0,0.4,10,0.4,1,443
19056,1,0,0.0,0.4,10,0.4,0,443
19057,1,0,0.0,0.4,10,0.4,0,443
19058,1,0,0.0,0.4,10,0.4,0,443
19059,1,0,0.0,0.4,10,0.4,0,443
19060,1,0,0.0,0.4,10,0.4,0,443
19061,2,1,24.709246,0.44,11,0.44,0,443
19062,1,0,0.0,0.44,11,0.44,0,443
19063,1,0,0.0,0.44,11,0.44,0,443
19064,2,1,20.535667,0.48,12,0.48,0,443
19065,1,0,0.0,0.48,12,0.48,0,443
19066,1,0,0.0,0.48,12,0.48,0,443
19067,1,0,0.0,0.48,12,0.48,0,443
19068,1,0,0.0,0.48,12,0.48,0,443
19069,1,0,0.0,0.48,12,0.48,0,443
19070,1,0,0.0,0.48,12,0.48,1,443
19071,1,0,0.0,0.48,12,0.48,0,443
19072,1,0,0.0,0.48,12,0.48,0,443
19073,2,1,12.95789,0.56,14,0.56,0,443
19074,2,1,16.54392,0.6,15,0.6,0,443
19075,1,0,0.0,0.6,15,0.6,0,443
19076,1,0,0.0,0.6,15,0.6,0,443
19077,1,0,0.0,0.6,15,0.6,0,443
19078,1,0,0.0,0.6,15,0.6,0,443
19079,1,0,0.0,0.6,15,0.6,0,443
19080,1,0,0.0,0.6,15,0.6,0,443
19081,1,0,0.0,0.6,15,0.6,0,443
19082,1,0,0.0,0.6,15,0.6,0,443
19083,1,0,0.0,0.6,15,0.6,0,443
19084,1,0,0.0,0.6,15,0.6,0,443
19085,1,0,-1000.0,0.0,0,0.0,0,443
19086,2,1,28.346605,0.2,5,0.2,0,444
19087,2,1,28.22638,0.24,6,0.24,0,444
19088,1,0,0.0,0.24,6,0.24,0,444
19089,2,1,18.678572,0.32,8,0.32,0,444
19090,1,0,0.0,0.32,8,0.32,0,444
19091,1,0,0.0,0.32,8,0.32,0,444
19092,2,1,26.008978,0.36,9,0.36,0,444
19093,1,0,0.0,0.36,9,0.36,0,444
19094,2,1,19.11238,0.44,11,0.44,0,444
19095,2,1,13.902316,0.52,13,0.52,0,444
19096,1,0,0.0,0.52,13,0.52,0,444
19097,2,1,-6.9178905,0.64,16,0.64,0,444
19098,1,0,0.0,0.64,16,0.64,0,444
19099,2,1,-12.512168,0.72,18,0.72,0,444
19100,1,0,0.0,0.72,18,0.72,0,444
19101,1,0,0.0,0.72,18,0.72,0,444
19102,1,0,0.0,0.72,18,0.72,0,444
19103,1,0,0.0,0.72,18,0.72,0,444
19104,1,0,0.0,0.72,18,0.72,0,444
19105,1,0,0.0,0.72,18,0.72,0,444
19106,1,0,0.0,0.72,18,0.72,0,444
19107,1,0,0.0,0.72,18,0.72,0,444
19108,1,0,0.0,0.72,18,0.72,0,444
19109,1,0,0.0,0.72,18,0.72,0,444
19110,1,0,-1000.0,0.0,0,0.0,0,444
19111,2,1,28.364332,0.2,5,0.2,0,445
19112,2,1,28.208652,0.24,6,0.24,0,445
19113,2,1,-4.515826,0.28,7,0.28,0,445
19114,2,1,26.441492,0.32,8,0.32,0,445
19115,2,1,-5.27981,0.36,9,0.36,0,445
19116,1,0,0.0,0.36,9,0.36,0,445
19117,1,0,0.0,0.36,9,0.36,0,445
19118,2,1,19.11238,0.44,11,0.44,0,445
19119,1,0,0.0,0.44,11,0.44,0,445
19120,2,1,3.3535616,0.56,14,0.56,0,445
19121,1,0,0.0,0.56,14,0.56,0,445
19122,1,0,0.0,0.56,14,0.56,0,445
19123,1,0,0.0,0.56,14,0.56,0,445
19124,1,0,0.0,0.56,14,0.56,0,445
19125,1,0,0.0,0.56,14,0.56,0,445
19126,1,0,0.0,0.56,14,0.56,0,445
19127,1,0,0.0,0.56,14,0.56,0,445
19128,1,0,0.0,0.56,14,0.56,0,445
19129,2,1,3.0041258,0.64,16,0.64,0,445
19130,1,0,0.0,0.64,16,0.64,0,445
19131,1,0,0.0,0.64,16,0.64,0,445
19132,1,0,0.0,0.64,16,0.64,0,445
19133,1,0,0.0,0.64,16,0.64,0,445
19134,1,0,0.0,0.64,16,0.64,0,445
19135,1,0,0.0,0.64,16,0.64,0,445
19136,1,0,0.0,0.64,16,0.64,0,445
19137,1,0,0.0,0.64,16,0.64,0,445
19138,1,0,0.0,0.64,16,0.64,0,445
19139,1,0,0.0,0.64,16,0.64,0,445
19140,1,0,-1000.0,0.0,0,0.0,0,445
19141,1,0,0.0,0.16,4,0.16,0,446
19142,2,1,-4.1407347,0.2,5,0.2,0,446
19143,1,0,0.0,0.2,5,0.2,0,446
19144,2,1,-4.27924,0.24,6,0.24,0,446
19145,1,0,0.0,0.24,6,0.24,0,446
19146,2,1,12.0134325,0.4,10,0.4,1,446
19147,1,0,0.0,0.4,10,0.4,0,446
19148,2,1,21.802153,0.44,11,0.44,1,446
19149,1,0,0.0,0.44,11,0.44,0,446
19150,1,0,0.0,0.44,11,0.44,0,446
19151,1,0,0.0,0.44,11,0.44,1,446
19152,1,0,0.0,0.44,11,0.44,0,446
19153,1,0,0.0,0.44,11,0.44,0,446
19154,1,0,0.0,0.44,11,0.44,0,446
19155,1,0,0.0,0.44,11,0.44,0,446
19156,1,0,0.0,0.44,11,0.44,0,446
19157,1,0,0.0,0.44,11,0.44,1,446
19158,1,0,0.0,0.44,11,0.44,0,446
19159,1,0,-1000.0,0.0,0,0.0,0,446
19160,2,1,28.346605,0.2,5,0.2,0,447
19161,2,1,-4.278687,0.24,6,0.24,0,447
19162,2,1,23.39962,0.32,8,0.32,0,447
19163,1,0,0.0,0.32,8,0.32,0,447
19164,1,0,0.0,0.32,8,0.32,0,447
19165,1,0,0.0,0.32,8,0.32,1,447
19166,2,1,23.052444,0.36,9,0.36,0,447
19167,2,1,14.318348,0.44,11,0.44,0,447
19168,1,0,0.0,0.44,11,0.44,0,447
19169,2,1,9.471473,0.52,13,0.52,0,447
19170,1,0,0.0,0.52,13,0.52,0,447
19171,1,0,0.0,0.52,13,0.52,0,447
19172,1,0,0.0,0.52,13,0.52,0,447
19173,1,0,0.0,0.52,13,0.52,0,447
19174,2,1,18.493294,0.56,14,0.56,0,447
19175,1,0,0.0,0.56,14,0.56,0,447
19176,1,0,0.0,0.56,14,0.56,0,447
19177,1,0,0.0,0.56,14,0.56,0,447
19178,1,0,0.0,0.56,14,0.56,0,447
19179,1,0,0.0,0.56,14,0.56,0,447
19180,1,0,0.0,0.56,14,0.56,0,447
19181,2,1,19.45848,0.6,15,0.6,0,447
19182,2,1,15.319971,0.64,16,0.64,0,447
19183,1,0,0.0,0.64,16,0.64,0,447
19184,1,0,0.0,0.64,16,0.64,0,447
19185,1,0,0.0,0.64,16,0.64,0,447
19186,1,0,0.0,0.64,16,0.64,0,447
19187,1,0,0.0,0.64,16,0.64,0,447
19188,1,0,0.0,0.64,16,0.64,0,447
19189,1,0,0.0,0.64,16,0.64,1,447
19190,1,0,0.0,0.64,16,0.64,0,447
19191,1,0,0.0,0.64,16,0.64,0,447
19192,1,0,0.0,0.64,16,0.64,0,447
19193,2,1,8.048824,0.68,17,0.68,0,447
19194,2,1,-23.19348,0.76,19,0.76,0,447
19195,1,0,0.0,0.76,19,0.76,0,447
19196,1,0,0.0,0.76,19,0.76,0,447
19197,1,0,0.0,0.76,19,0.76,0,447
19198,1,0,0.0,0.76,19,0.76,0,447
19199,1,0,0.0,0.76,19,0.76,0,447
19200,1,0,0.0,0.76,19,0.76,0,447
19201,1,0,0.0,0.76,19,0.76,0,447
19202,1,0,0.0,0.76,19,0.76,0,447
19203,1,0,0.0,0.76,19,0.76,0,447
19204,1,0,0.0,0.76,19,0.76,0,447
19205,1,0,-1000.0,0.0,0,0.0,0,447
19206,2,1,28.364332,0.2,5,0.2,0,448
19207,2,1,-4.278687,0.24,6,0.24,0,448
19208,2,1,27.971514,0.28,7,0.28,0,448
19209,2,1,26.436209,0.32,8,0.32,0,448
19210,1,0,0.0,0.32,8,0.32,0,448
19211,1,0,0.0,0.32,8,0.32,0,448
19212,1,0,0.0,0.32,8,0.32,0,448
19213,2,1,26.008978,0.36,9,0.36,0,448
19214,2,1,-5.829462,0.4,10,0.4,0,448
19215,1,0,0.0,0.4,10,0.4,0,448
19216,2,1,23.131649,0.44,11,0.44,0,448
19217,1,0,0.0,0.44,11,0.44,0,448
19218,1,0,0.0,0.44,11,0.44,0,448
19219,2,1,20.865192,0.48,12,0.48,0,448
19220,1,0,0.0,0.48,12,0.48,0,448
19221,1,0,0.0,0.48,12,0.48,0,448
19222,1,0,0.0,0.48,12,0.48,0,448
19223,1,0,0.0,0.48,12,0.48,1,448
19224,1,0,0.0,0.48,12,0.48,0,448
19225,1,0,0.0,0.48,12,0.48,0,448
19226,2,1,11.388068,0.56,14,0.56,0,448
19227,1,0,0.0,0.56,14,0.56,0,448
19228,2,1,-67.377174,0.76,19,0.76,0,448
19229,1,0,0.0,0.76,19,0.76,0,448
19230,1,0,0.0,0.76,19,0.76,0,448
19231,1,0,0.0,0.76,19,0.76,0,448
19232,1,0,0.0,0.76,19,0.76,0,448
19233,1,0,0.0,0.76,19,0.76,0,448
19234,1,0,0.0,0.76,19,0.76,0,448
19235,1,0,0.0,0.76,19,0.76,0,448
19236,1,0,0.0,0.76,19,0.76,0,448
19237,1,0,0.0,0.76,19,0.76,0,448
19238,1,0,0.0,0.76,19,0.76,0,448
19239,1,0,-1000.0,0.0,0,0.0,0,448
19240,2,1,28.364332,0.2,5,0.2,0,449
19241,1,0,0.0,0.2,5,0.2,0,449
19242,2,1,-4.278605,0.24,6,0.24,0,449
19243,2,1,27.971514,0.28,7,0.28,0,449
19244,2,1,26.436209,0.32,8,0.32,0,449
19245,1,0,0.0,0.32,8,0.32,0,449
19246,2,1,20.356783,0.4,10,0.4,0,449
19247,2,1,15.078595,0.48,12,0.48,0,449
19248,1,0,0.0,0.48,12,0.48,0,449
19249,1,0,0.0,0.48,12,0.48,0,449
19250,1,0,0.0,0.48,12,0.48,1,449
19251,1,0,0.0,0.48,12,0.48,0,449
19252,1,0,0.0,0.48,12,0.48,0,449
19253,1,0,0.0,0.48,12,0.48,0,449
19254,1,0,0.0,0.48,12,0.48,1,449
19255,1,0,0.0,0.48,12,0.48,0,449
19256,1,0,0.0,0.48,12,0.48,0,449
19257,2,1,8.406086,0.56,14,0.56,0,449
19258,1,0,0.0,0.56,14,0.56,0,449
19259,1,0,0.0,0.56,14,0.56,0,449
19260,1,0,0.0,0.56,14,0.56,0,449
19261,2,1,17.8783,0.6,15,0.6,0,449
19262,1,0,0.0,0.6,15,0.6,0,449
19263,1,0,0.0,0.6,15,0.6,0,449
19264,1,0,0.0,0.6,15,0.6,0,449
19265,1,0,0.0,0.6,15,0.6,0,449
19266,1,0,0.0,0.6,15,0.6,0,449
19267,1,0,0.0,0.6,15,0.6,0,449
19268,1,0,0.0,0.6,15,0.6,0,449
19269,1,0,0.0,0.6,15,0.6,1,449
19270,2,1,13.010873,0.64,16,0.64,0,449
19271,2,1,-83.28049,0.8,20,0.8,0,449
19272,1,0,0.0,0.8,20,0.8,0,449
19273,1,0,0.0,0.8,20,0.8,0,449
19274,1,0,0.0,0.8,20,0.8,0,449
19275,1,0,0.0,0.8,20,0.8,0,449
19276,1,0,0.0,0.8,20,0.8,0,449
19277,1,0,0.0,0.8,20,0.8,0,449
19278,1,0,0.0,0.8,20,0.8,0,449
19279,1,0,0.0,0.8,20,0.8,0,449
19280,1,0,0.0,0.8,20,0.8,0,449
19281,1,0,0.0,0.8,20,0.8,0,449
19282,1,0,-1000.0,0.0,0,0.0,0,449
19283,2,1,-4.1407347,0.2,5,0.2,0,450
19284,2,1,23.692236,0.28,7,0.28,0,450
19285,1,0,0.0,0.28,7,0.28,0,450
19286,2,1,22.635555,0.36,9,0.36,0,450
19287,1,0,0.0,0.36,9,0.36,0,450
19288,2,1,15.906646,0.44,11,0.44,0,450
19289,1,0,0.0,0.44,11,0.44,0,450
19290,2,1,15.576685,0.52,13,0.52,0,450
19291,1,0,0.0,0.52,13,0.52,0,450
19292,1,0,0.0,0.52,13,0.52,0,450
19293,1,0,0.0,0.52,13,0.52,0,450
19294,1,0,0.0,0.52,13,0.52,0,450
19295,1,0,0.0,0.52,13,0.52,0,450
19296,1,0,0.0,0.52,13,0.52,0,450
19297,1,0,0.0,0.52,13,0.52,1,450
19298,1,0,0.0,0.52,13,0.52,0,450
19299,1,0,0.0,0.52,13,0.52,0,450
19300,1,0,0.0,0.52,13,0.52,0,450
19301,1,0,-1000.0,0.0,0,0.0,0,450
19302,2,1,28.364332,0.2,5,0.2,0,451
19303,1,0,0.0,0.2,5,0.2,0,451
19304,2,1,28.208652,0.24,6,0.24,0,451
19305,1,0,0.0,0.24,6,0.24,1,451
19306,2,1,18.704454,0.32,8,0.32,0,451
19307,2,1,19.200813,0.36,9,0.36,0,451
19308,2,1,25.344555,0.4,10,0.4,0,451
19309,2,1,24.680357,0.44,11,0.44,0,451
19310,1,0,0.0,0.44,11,0.44,0,451
19311,2,1,22.169725,0.48,12,0.48,0,451
19312,1,0,0.0,0.48,12,0.48,0,451
19313,1,0,0.0,0.48,12,0.48,0,451
19314,2,1,14.540842,0.52,13,0.52,0,451
19315,1,0,0.0,0.52,13,0.52,0,451
19316,1,0,0.0,0.52,13,0.52,0,451
19317,1,0,0.0,0.52,13,0.52,0,451
19318,2,1,18.98445,0.56,14,0.56,1,451
19319,1,0,0.0,0.56,14,0.56,0,451
19320,1,0,0.0,0.56,14,0.56,0,451
19321,1,0,0.0,0.56,14,0.56,0,451
19322,1,0,0.0,0.56,14,0.56,0,451
19323,1,0,0.0,0.56,14,0.56,0,451
19324,1,0,0.0,0.56,14,0.56,0,451
19325,1,0,0.0,0.56,14,0.56,0,451
19326,1,0,0.0,0.56,14,0.56,0,451
19327,1,0,0.0,0.56,14,0.56,0,451
19328,2,1,15.883064,0.6,15,0.6,0,451
19329,1,0,0.0,0.6,15,0.6,0,451
19330,1,0,0.0,0.6,15,0.6,0,451
19331,1,0,0.0,0.6,15,0.6,0,451
19332,1,0,0.0,0.6,15,0.6,0,451
19333,2,1,-160.391,0.84,21,0.84,0,451
19334,1,0,0.0,0.84,21,0.84,0,451
19335,1,0,0.0,0.84,21,0.84,0,451
19336,1,0,0.0,0.84,21,0.84,0,451
19337,1,0,0.0,0.84,21,0.84,0,451
19338,1,0,0.0,0.84,21,0.84,0,451
19339,1,0,0.0,0.84,21,0.84,0,451
19340,1,0,0.0,0.84,21,0.84,0,451
19341,1,0,0.0,0.84,21,0.84,0,451
19342,1,0,0.0,0.84,21,0.84,0,451
19343,1,0,0.0,0.84,21,0.84,1,451
19344,1,0,-1000.0,0.0,0,0.0,0,451
19345,2,1,28.346605,0.2,5,0.2,0,452
19346,2,1,-4.278687,0.24,6,0.24,0,452
19347,2,1,27.98924,0.28,7,0.28,0,452
19348,2,1,17.914507,0.36,9,0.36,0,452
19349,2,1,-5.8295965,0.4,10,0.4,0,452
19350,1,0,0.0,0.4,10,0.4,0,452
19351,2,1,24.768646,0.44,11,0.44,0,452
19352,1,0,0.0,0.44,11,0.44,0,452
19353,2,1,23.892282,0.48,12,0.48,0,452
19354,2,1,21.154152,0.52,13,0.52,0,452
19355,1,0,0.0,0.52,13,0.52,0,452
19356,1,0,0.0,0.52,13,0.52,0,452
19357,0,-1,8.4982815,0.48,12,0.48,0,452
19358,1,0,0.0,0.48,12,0.48,0,452
19359,1,0,0.0,0.48,12,0.48,0,452
19360,1,0,0.0,0.48,12,0.48,0,452
19361,2,1,10.65724,0.56,14,0.56,0,452
19362,1,0,0.0,0.56,14,0.56,0,452
19363,1,0,0.0,0.56,14,0.56,0,452
19364,1,0,0.0,0.56,14,0.56,1,452
19365,2,1,-1.9542693,0.6,15,0.6,0,452
19366,1,0,0.0,0.6,15,0.6,0,452
19367,1,0,0.0,0.6,15,0.6,0,452
19368,1,0,0.0,0.6,15,0.6,0,452
19369,1,0,0.0,0.6,15,0.6,0,452
19370,1,0,0.0,0.6,15,0.6,0,452
19371,1,0,0.0,0.6,15,0.6,0,452
19372,1,0,0.0,0.6,15,0.6,0,452
19373,1,0,0.0,0.6,15,0.6,0,452
19374,2,1,15.3420105,0.64,16,0.64,0,452
19375,1,0,0.0,0.64,16,0.64,0,452
19376,1,0,0.0,0.64,16,0.64,0,452
19377,1,0,0.0,0.64,16,0.64,0,452
19378,1,0,0.0,0.64,16,0.64,0,452
19379,1,0,0.0,0.64,16,0.64,0,452
19380,1,0,0.0,0.64,16,0.64,0,452
19381,1,0,0.0,0.64,16,0.64,1,452
19382,1,0,0.0,0.64,16,0.64,0,452
19383,1,0,0.0,0.64,16,0.64,0,452
19384,1,0,0.0,0.64,16,0.64,0,452
19385,1,0,-1000.0,0.0,0,0.0,0,452
19386,2,1,28.364332,0.2,5,0.2,0,453
19387,2,1,28.208652,0.24,6,0.24,0,453
19388,2,1,26.767761,0.28,7,0.28,0,453
19389,1,0,0.0,0.28,7,0.28,0,453
19390,1,0,0.0,0.28,7,0.28,0,453
19391,2,1,21.33844,0.36,9,0.36,0,453
19392,2,1,17.443815,0.44,11,0.44,0,453
19393,2,1,3.1790812,0.56,14,0.56,0,453
19394,1,0,0.0,0.56,14,0.56,0,453
19395,1,0,0.0,0.56,14,0.56,0,453
19396,1,0,0.0,0.56,14,0.56,1,453
19397,1,0,0.0,0.56,14,0.56,0,453
19398,1,0,0.0,0.56,14,0.56,0,453
19399,2,1,-37.247047,0.72,18,0.72,0,453
19400,1,0,0.0,0.72,18,0.72,0,453
19401,2,1,-19.177267,0.76,19,0.76,0,453
19402,1,0,0.0,0.76,19,0.76,1,453
19403,1,0,0.0,0.76,19,0.76,0,453
19404,1,0,0.0,0.76,19,0.76,0,453
19405,1,0,0.0,0.76,19,0.76,0,453
19406,1,0,0.0,0.76,19,0.76,0,453
19407,1,0,0.0,0.76,19,0.76,0,453
19408,1,0,0.0,0.76,19,0.76,0,453
19409,1,0,0.0,0.76,19,0.76,0,453
19410,1,0,0.0,0.76,19,0.76,0,453
19411,1,0,0.0,0.76,19,0.76,0,453
19412,1,0,-1000.0,0.0,0,0.0,0,453
19413,2,1,28.346605,0.2,5,0.2,0,454
19414,2,1,19.461393,0.28,7,0.28,0,454
19415,1,0,0.0,0.28,7,0.28,0,454
19416,1,0,0.0,0.28,7,0.28,0,454
19417,2,1,22.635555,0.36,9,0.36,0,454
19418,2,1,-5.829462,0.4,10,0.4,0,454
19419,0,-1,-0.0,0.4,10,0.4,0,454
19420,1,0,0.0,0.4,10,0.4,0,454
19421,1,0,0.0,0.4,10,0.4,1,454
19422,1,0,0.0,0.4,10,0.4,0,454
19423,2,1,24.724583,0.44,11,0.44,0,454
19424,2,1,3.1597784,0.56,14,0.56,0,454
19425,2,1,17.819593,0.6,15,0.6,0,454
19426,1,0,0.0,0.6,15,0.6,0,454
19427,1,0,0.0,0.6,15,0.6,0,454
19428,1,0,0.0,0.6,15,0.6,0,454
19429,1,0,0.0,0.6,15,0.6,0,454
19430,2,1,-0.9881971,0.64,16,0.64,0,454
19431,1,0,0.0,0.64,16,0.64,0,454
19432,1,0,0.0,0.64,16,0.64,0,454
19433,1,0,0.0,0.64,16,0.64,0,454
19434,1,0,0.0,0.64,16,0.64,0,454
19435,1,0,0.0,0.64,16,0.64,0,454
19436,1,0,0.0,0.64,16,0.64,0,454
19437,1,0,0.0,0.64,16,0.64,0,454
19438,1,0,0.0,0.64,16,0.64,1,454
19439,1,0,0.0,0.64,16,0.64,0,454
19440,1,0,0.0,0.64,16,0.64,0,454
19441,1,0,-1000.0,0.0,0,0.0,0,454
19442,1,0,0.0,0.16,4,0.16,1,455
19443,2,1,25.03742,0.2,5,0.2,0,455
19444,2,1,27.992828,0.24,6,0.24,0,455
19445,2,1,27.887657,0.28,7,0.28,0,455
19446,1,0,0.0,0.28,7,0.28,0,455
19447,1,0,0.0,0.28,7,0.28,0,455
19448,2,1,26.031364,0.32,8,0.32,0,455
19449,2,1,20.80728,0.36,9,0.36,0,455
19450,1,0,0.0,0.36,9,0.36,0,455
19451,2,1,25.226465,0.4,10,0.4,0,455
19452,1,0,0.0,0.4,10,0.4,0,455
19453,2,1,22.941713,0.44,11,0.44,0,455
19454,1,0,0.0,0.44,11,0.44,0,455
19455,1,0,0.0,0.44,11,0.44,0,455
19456,1,0,0.0,0.44,11,0.44,0,455
19457,1,0,0.0,0.44,11,0.44,0,455
19458,1,0,0.0,0.44,11,0.44,0,455
19459,1,0,0.0,0.44,11,0.44,0,455
19460,1,0,0.0,0.44,11,0.44,0,455
19461,1,0,0.0,0.44,11,0.44,0,455
19462,1,0,0.0,0.44,11,0.44,0,455
19463,1,0,0.0,0.44,11,0.44,0,455
19464,2,1,13.240912,0.52,13,0.52,0,455
19465,1,0,0.0,0.52,13,0.52,1,455
19466,1,0,0.0,0.52,13,0.52,0,455
19467,1,0,0.0,0.52,13,0.52,0,455
19468,2,1,8.439249,0.6,15,0.6,0,455
19469,1,0,0.0,0.6,15,0.6,0,455
19470,1,0,0.0,0.6,15,0.6,1,455
19471,1,0,0.0,0.6,15,0.6,0,455
19472,1,0,0.0,0.6,15,0.6,0,455
19473,1,0,0.0,0.6,15,0.6,0,455
19474,1,0,0.0,0.6,15,0.6,0,455
19475,1,0,0.0,0.6,15,0.6,0,455
19476,1,0,0.0,0.6,15,0.6,0,455
19477,1,0,0.0,0.6,15,0.6,0,455
19478,1,0,0.0,0.6,15,0.6,0,455
19479,1,0,-1000.0,0.0,0,0.0,0,455
19480,2,1,-4.1407347,0.2,5,0.2,0,456
19481,2,1,28.22638,0.24,6,0.24,0,456
19482,2,1,27.971514,0.28,7,0.28,0,456
19483,0,-1,4.515826,0.24,6,0.24,0,456
19484,2,1,26.767761,0.28,7,0.28,0,456
19485,2,1,21.33844,0.36,9,0.36,0,456
19486,1,0,0.0,0.36,9,0.36,0,456
19487,1,0,0.0,0.36,9,0.36,0,456
19488,2,1,9.248968,0.48,12,0.48,0,456
19489,1,0,0.0,0.48,12,0.48,0,456
19490,1,0,0.0,0.48,12,0.48,0,456
19491,2,1,-8.497722,0.52,13,0.52,0,456
19492,1,0,0.0,0.52,13,0.52,0,456
19493,2,1,8.085325,0.6,15,0.6,0,456
19494,1,0,0.0,0.6,15,0.6,0,456
19495,1,0,0.0,0.6,15,0.6,0,456
19496,1,0,0.0,0.6,15,0.6,0,456
19497,1,0,0.0,0.6,15,0.6,0,456
19498,1,0,0.0,0.6,15,0.6,0,456
19499,1,0,0.0,0.6,15,0.6,0,456
19500,1,0,0.0,0.6,15,0.6,0,456
19501,1,0,0.0,0.6,15,0.6,0,456
19502,1,0,0.0,0.6,15,0.6,0,456
19503,1,0,0.0,0.6,15,0.6,1,456
19504,1,0,-1000.0,0.0,0,0.0,0,456
19505,2,1,-4.1406527,0.2,5,0.2,0,457
19506,2,1,28.208652,0.24,6,0.24,0,457
19507,1,0,0.0,0.24,6,0.24,0,457
19508,2,1,23.39962,0.32,8,0.32,0,457
19509,1,0,0.0,0.32,8,0.32,0,457
19510,2,1,-5.280317,0.36,9,0.36,0,457
19511,1,0,0.0,0.36,9,0.36,0,457
19512,1,0,0.0,0.36,9,0.36,0,457
19513,1,0,0.0,0.36,9,0.36,0,457
19514,1,0,0.0,0.36,9,0.36,0,457
19515,1,0,0.0,0.36,9,0.36,0,457
19516,1,0,0.0,0.36,9,0.36,1,457
19517,2,1,15.637739,0.44,11,0.44,0,457
19518,1,0,0.0,0.44,11,0.44,0,457
19519,1,0,0.0,0.44,11,0.44,0,457
19520,1,0,0.0,0.44,11,0.44,0,457
19521,1,0,0.0,0.44,11,0.44,0,457
19522,1,0,0.0,0.44,11,0.44,0,457
19523,2,1,-2.606573,0.56,14,0.56,0,457
19524,2,1,19.45848,0.6,15,0.6,0,457
19525,1,0,0.0,0.6,15,0.6,0,457
19526,1,0,0.0,0.6,15,0.6,0,457
19527,1,0,0.0,0.6,15,0.6,0,457
19528,1,0,0.0,0.6,15,0.6,0,457
19529,1,0,0.0,0.6,15,0.6,0,457
19530,1,0,0.0,0.6,15,0.6,0,457
19531,1,0,0.0,0.6,15,0.6,0,457
19532,1,0,0.0,0.6,15,0.6,1,457
19533,1,0,0.0,0.6,15,0.6,0,457
19534,1,0,0.0,0.6,15,0.6,0,457
19535,1,0,-1000.0,0.0,0,0.0,0,457
19536,2,1,-4.1406527,0.2,5,0.2,0,458
19537,2,1,28.208652,0.24,6,0.24,1,458
19538,1,0,0.0,0.24,6,0.24,0,458
19539,2,1,27.971563,0.28,7,0.28,0,458
19540,2,1,26.387459,0.32,8,0.32,0,458
19541,2,1,25.893698,0.36,9,0.36,1,458
19542,1,0,0.0,0.36,9,0.36,0,458
19543,1,0,0.0,0.36,9,0.36,0,458
19544,1,0,0.0,0.36,9,0.36,1,458
19545,2,1,9.193846,0.48,12,0.48,0,458
19546,1,0,0.0,0.48,12,0.48,0,458
19547,1,0,0.0,0.48,12,0.48,1,458
19548,1,0,0.0,0.48,12,0.48,0,458
19549,1,0,0.0,0.48,12,0.48,0,458
19550,1,0,0.0,0.48,12,0.48,0,458
19551,2,1,20.946644,0.52,13,0.52,0,458
19552,1,0,0.0,0.52,13,0.52,0,458
19553,1,0,0.0,0.52,13,0.52,0,458
19554,1,0,0.0,0.52,13,0.52,0,458
19555,1,0,0.0,0.52,13,0.52,0,458
19556,1,0,0.0,0.52,13,0.52,0,458
19557,1,0,0.0,0.52,13,0.52,0,458
19558,1,0,0.0,0.52,13,0.52,0,458
19559,1,0,0.0,0.52,13,0.52,0,458
19560,1,0,0.0,0.52,13,0.52,0,458
19561,1,0,0.0,0.52,13,0.52,0,458
19562,1,0,-1000.0,0.0,0,0.0,0,458
19563,2,1,28.364332,0.2,5,0.2,0,459
19564,1,0,0.0,0.2,5,0.2,0,459
19565,2,1,-4.278605,0.24,6,0.24,0,459
19566,2,1,27.971514,0.28,7,0.28,0,459
19567,2,1,-4.847804,0.32,8,0.32,0,459
19568,1,0,0.0,0.32,8,0.32,0,459
19569,1,0,0.0,0.32,8,0.32,0,459
19570,1,0,0.0,0.32,8,0.32,0,459
19571,1,0,0.0,0.32,8,0.32,0,459
19572,2,1,17.146978,0.4,10,0.4,0,459
19573,1,0,0.0,0.4,10,0.4,0,459
19574,1,0,0.0,0.4,10,0.4,0,459
19575,1,0,0.0,0.4,10,0.4,0,459
19576,1,0,0.0,0.4,10,0.4,0,459
19577,1,0,0.0,0.4,10,0.4,0,459
19578,1,0,0.0,0.4,10,0.4,0,459
19579,1,0,0.0,0.4,10,0.4,1,459
19580,1,0,0.0,0.4,10,0.4,0,459
19581,1,0,0.0,0.4,10,0.4,0,459
19582,2,1,17.321926,0.48,12,0.48,0,459
19583,1,0,0.0,0.48,12,0.48,0,459
19584,1,0,0.0,0.48,12,0.48,0,459
19585,1,0,0.0,0.48,12,0.48,0,459
19586,1,0,0.0,0.48,12,0.48,0,459
19587,2,1,13.002541,0.56,14,0.56,0,459
19588,1,0,0.0,0.56,14,0.56,0,459
19589,1,0,0.0,0.56,14,0.56,1,459
19590,1,0,0.0,0.56,14,0.56,0,459
19591,1,0,0.0,0.56,14,0.56,0,459
19592,1,0,0.0,0.56,14,0.56,0,459
19593,1,0,0.0,0.56,14,0.56,0,459
19594,2,1,2.5837264,0.64,16,0.64,0,459
19595,1,0,0.0,0.64,16,0.64,0,459
19596,1,0,0.0,0.64,16,0.64,0,459
19597,1,0,0.0,0.64,16,0.64,0,459
19598,1,0,0.0,0.64,16,0.64,0,459
19599,1,0,0.0,0.64,16,0.64,0,459
19600,1,0,0.0,0.64,16,0.64,0,459
19601,1,0,0.0,0.64,16,0.64,0,459
19602,1,0,0.0,0.64,16,0.64,0,459
19603,1,0,0.0,0.64,16,0.64,0,459
19604,1,0,0.0,0.64,16,0.64,0,459
19605,1,0,-1000.0,0.0,0,0.0,0,459
19606,2,1,-4.1407347,0.2,5,0.2,0,460
19607,1,0,0.0,0.2,5,0.2,0,460
19608,1,0,0.0,0.2,5,0.2,0,460
19609,2,1,28.22638,0.24,6,0.24,0,460
19610,1,0,0.0,0.24,6,0.24,1,460
19611,2,1,27.867443,0.28,7,0.28,0,460
19612,1,0,0.0,0.28,7,0.28,0,460
19613,2,1,26.353323,0.32,8,0.32,0,460
19614,1,0,0.0,0.32,8,0.32,0,460
19615,1,0,0.0,0.32,8,0.32,0,460
19616,1,0,0.0,0.32,8,0.32,0,460
19617,1,0,0.0,0.32,8,0.32,0,460
19618,1,0,0.0,0.32,8,0.32,0,460
19619,2,1,20.16224,0.4,10,0.4,0,460
19620,1,0,0.0,0.4,10,0.4,0,460
19621,1,0,0.0,0.4,10,0.4,0,460
19622,1,0,0.0,0.4,10,0.4,0,460
19623,1,0,0.0,0.4,10,0.4,0,460
19624,1,0,0.0,0.4,10,0.4,0,460
19625,2,1,20.123386,0.44,11,0.44,1,460
19626,1,0,0.0,0.44,11,0.44,0,460
19627,1,0,0.0,0.44,11,0.44,0,460
19628,1,0,0.0,0.44,11,0.44,0,460
19629,1,0,0.0,0.44,11,0.44,0,460
19630,1,0,0.0,0.44,11,0.44,0,460
19631,1,0,0.0,0.44,11,0.44,0,460
19632,2,1,12.675711,0.48,12,0.48,0,460
19633,1,0,0.0,0.48,12,0.48,0,460
19634,1,0,0.0,0.48,12,0.48,0,460
19635,1,0,0.0,0.48,12,0.48,0,460
19636,1,0,0.0,0.48,12,0.48,0,460
19637,1,0,0.0,0.48,12,0.48,0,460
19638,2,1,19.986927,0.52,13,0.52,0,460
19639,1,0,0.0,0.52,13,0.52,0,460
19640,1,0,0.0,0.52,13,0.52,0,460
19641,1,0,0.0,0.52,13,0.52,0,460
19642,1,0,0.0,0.52,13,0.52,0,460
19643,1,0,0.0,0.52,13,0.52,0,460
19644,1,0,0.0,0.52,13,0.52,0,460
19645,1,0,0.0,0.52,13,0.52,0,460
19646,1,0,0.0,0.52,13,0.52,0,460
19647,1,0,0.0,0.52,13,0.52,0,460
19648,1,0,0.0,0.52,13,0.52,0,460
19649,2,1,19.615307,0.56,14,0.56,0,460
19650,1,0,0.0,0.56,14,0.56,0,460
19651,1,0,0.0,0.56,14,0.56,0,460
19652,1,0,0.0,0.56,14,0.56,0,460
19653,1,0,0.0,0.56,14,0.56,0,460
19654,1,0,0.0,0.56,14,0.56,0,460
19655,1,0,0.0,0.56,14,0.56,1,460
19656,1,0,0.0,0.56,14,0.56,0,460
19657,1,0,0.0,0.56,14,0.56,1,460
19658,1,0,0.0,0.56,14,0.56,1,460
19659,1,0,0.0,0.56,14,0.56,0,460
19660,1,0,-1000.0,0.0,0,0.0,0,460
19661,2,1,28.364332,0.2,5,0.2,0,461
19662,1,0,0.0,0.2,5,0.2,0,461
19663,1,0,0.0,0.2,5,0.2,0,461
19664,2,1,23.955872,0.28,7,0.28,0,461
19665,2,1,26.436209,0.32,8,0.32,0,461
19666,1,0,0.0,0.32,8,0.32,0,461
19667,2,1,24.37198,0.36,9,0.36,0,461
19668,1,0,0.0,0.36,9,0.36,0,461
19669,1,0,0.0,0.36,9,0.36,0,461
19670,1,0,0.0,0.36,9,0.36,0,461
19671,1,0,0.0,0.36,9,0.36,0,461
19672,2,1,0.9251354,0.52,13,0.52,0,461
19673,1,0,0.0,0.52,13,0.52,0,461
19674,1,0,0.0,0.52,13,0.52,1,461
19675,2,1,5.2481766,0.6,15,0.6,0,461
19676,1,0,0.0,0.6,15,0.6,0,461
19677,1,0,0.0,0.6,15,0.6,0,461
19678,1,0,0.0,0.6,15,0.6,0,461
19679,2,1,15.352932,0.64,16,0.64,0,461
19680,1,0,0.0,0.64,16,0.64,0,461
19681,1,0,0.0,0.64,16,0.64,0,461
19682,1,0,0.0,0.64,16,0.64,0,461
19683,1,0,0.0,0.64,16,0.64,0,461
19684,1,0,0.0,0.64,16,0.64,0,461
19685,2,1,10.025046,0.68,17,0.68,0,461
19686,1,0,0.0,0.68,17,0.68,0,461
19687,1,0,0.0,0.68,17,0.68,0,461
19688,1,0,0.0,0.68,17,0.68,0,461
19689,1,0,0.0,0.68,17,0.68,0,461
19690,1,0,0.0,0.68,17,0.68,0,461
19691,1,0,0.0,0.68,17,0.68,0,461
19692,1,0,0.0,0.68,17,0.68,1,461
19693,1,0,0.0,0.68,17,0.68,1,461
19694,1,0,0.0,0.68,17,0.68,0,461
19695,1,0,0.0,0.68,17,0.68,0,461
19696,1,0,-1000.0,0.0,0,0.0,0,461
19697,1,0,0.0,0.16,4,0.16,0,462
19698,2,1,28.346605,0.2,5,0.2,0,462
19699,2,1,-4.278687,0.24,6,0.24,0,462
19700,2,1,-4.516252,0.28,7,0.28,0,462
19701,1,0,0.0,0.28,7,0.28,0,462
19702,1,0,0.0,0.28,7,0.28,0,462
19703,2,1,23.409119,0.32,8,0.32,0,462
19704,1,0,0.0,0.32,8,0.32,0,462
19705,1,0,0.0,0.32,8,0.32,0,462
19706,1,0,0.0,0.32,8,0.32,0,462
19707,1,0,0.0,0.32,8,0.32,0,462
19708,2,1,15.134242,0.44,11,0.44,0,462
19709,1,0,0.0,0.44,11,0.44,0,462
19710,2,1,15.576685,0.52,13,0.52,0,462
19711,1,0,0.0,0.52,13,0.52,1,462
19712,1,0,0.0,0.52,13,0.52,0,462
19713,1,0,0.0,0.52,13,0.52,0,462
19714,1,0,0.0,0.52,13,0.52,0,462
19715,1,0,0.0,0.52,13,0.52,0,462
19716,1,0,0.0,0.52,13,0.52,0,462
19717,1,0,0.0,0.52,13,0.52,0,462
19718,1,0,0.0,0.52,13,0.52,0,462
19719,1,0,0.0,0.52,13,0.52,0,462
19720,1,0,0.0,0.52,13,0.52,0,462
19721,2,1,19.610212,0.56,14,0.56,0,462
19722,1,0,0.0,0.56,14,0.56,0,462
19723,1,0,0.0,0.56,14,0.56,0,462
19724,1,0,0.0,0.56,14,0.56,0,462
19725,1,0,0.0,0.56,14,0.56,0,462
19726,1,0,0.0,0.56,14,0.56,0,462
19727,1,0,0.0,0.56,14,0.56,0,462
19728,1,0,0.0,0.56,14,0.56,0,462
19729,1,0,0.0,0.56,14,0.56,0,462
19730,1,0,0.0,0.56,14,0.56,0,462
19731,1,0,0.0,0.56,14,0.56,0,462
19732,1,0,-1000.0,0.0,0,0.0,0,462
19733,1,0,0.0,0.16,4,0.16,0,463
19734,2,1,28.364332,0.2,5,0.2,0,463
19735,2,1,19.247265,0.28,7,0.28,0,463
19736,1,0,0.0,0.28,7,0.28,0,463
19737,1,0,0.0,0.28,7,0.28,0,463
19738,2,1,22.623116,0.36,9,0.36,0,463
19739,1,0,0.0,0.36,9,0.36,0,463
19740,2,1,-5.8295965,0.4,10,0.4,0,463
19741,1,0,0.0,0.4,10,0.4,0,463
19742,1,0,0.0,0.4,10,0.4,0,463
19743,1,0,0.0,0.4,10,0.4,0,463
19744,1,0,0.0,0.4,10,0.4,0,463
19745,2,1,24.763365,0.44,11,0.44,0,463
19746,1,0,0.0,0.44,11,0.44,0,463
19747,1,0,0.0,0.44,11,0.44,0,463
19748,1,0,0.0,0.44,11,0.44,0,463
19749,1,0,0.0,0.44,11,0.44,0,463
19750,1,0,0.0,0.44,11,0.44,0,463
19751,2,1,22.260569,0.48,12,0.48,0,463
19752,1,0,0.0,0.48,12,0.48,0,463
19753,1,0,0.0,0.48,12,0.48,0,463
19754,1,0,0.0,0.48,12,0.48,0,463
19755,1,0,0.0,0.48,12,0.48,0,463
19756,1,0,0.0,0.48,12,0.48,1,463
19757,1,0,0.0,0.48,12,0.48,0,463
19758,2,1,21.130224,0.52,13,0.52,0,463
19759,1,0,0.0,0.52,13,0.52,0,463
19760,1,0,0.0,0.52,13,0.52,0,463
19761,1,0,0.0,0.52,13,0.52,0,463
19762,1,0,0.0,0.52,13,0.52,0,463
19763,1,0,0.0,0.52,13,0.52,0,463
19764,1,0,0.0,0.52,13,0.52,0,463
19765,2,1,17.829092,0.56,14,0.56,0,463
19766,1,0,0.0,0.56,14,0.56,0,463
19767,1,0,0.0,0.56,14,0.56,0,463
19768,2,1,-15.011965,0.68,17,0.68,0,463
19769,1,0,0.0,0.68,17,0.68,0,463
19770,1,0,0.0,0.68,17,0.68,0,463
19771,1,0,0.0,0.68,17,0.68,0,463
19772,1,0,0.0,0.68,17,0.68,0,463
19773,1,0,0.0,0.68,17,0.68,0,463
19774,1,0,0.0,0.68,17,0.68,0,463
19775,1,0,0.0,0.68,17,0.68,0,463
19776,1,0,0.0,0.68,17,0.68,0,463
19777,1,0,0.0,0.68,17,0.68,0,463
19778,1,0,0.0,0.68,17,0.68,0,463
19779,1,0,-1000.0,0.0,0,0.0,0,463
19780,2,1,28.346605,0.2,5,0.2,0,464
19781,2,1,-4.278687,0.24,6,0.24,0,464
19782,1,0,0.0,0.24,6,0.24,0,464
19783,1,0,0.0,0.24,6,0.24,0,464
19784,2,1,23.740671,0.28,7,0.28,0,464
19785,1,0,0.0,0.28,7,0.28,0,464
19786,2,1,16.807087,0.4,10,0.4,0,464
19787,2,1,-6.5207767,0.44,11,0.44,0,464
19788,1,0,0.0,0.44,11,0.44,0,464
19789,1,0,0.0,0.44,11,0.44,0,464
19790,1,0,0.0,0.44,11,0.44,0,464
19791,1,0,0.0,0.44,11,0.44,0,464
19792,1,0,0.0,0.44,11,0.44,0,464
19793,1,0,0.0,0.44,11,0.44,0,464
19794,1,0,0.0,0.44,11,0.44,0,464
19795,2,1,5.6546683,0.56,14,0.56,0,464
19796,1,0,0.0,0.56,14,0.56,0,464
19797,1,0,0.0,0.56,14,0.56,0,464
19798,2,1,3.720814,0.64,16,0.64,0,464
19799,1,0,0.0,0.64,16,0.64,0,464
19800,1,0,0.0,0.64,16,0.64,0,464
19801,1,0,0.0,0.64,16,0.64,0,464
19802,1,0,0.0,0.64,16,0.64,0,464
19803,1,0,0.0,0.64,16,0.64,1,464
19804,1,0,0.0,0.64,16,0.64,0,464
19805,1,0,0.0,0.64,16,0.64,0,464
19806,1,0,0.0,0.64,16,0.64,0,464
19807,1,0,0.0,0.64,16,0.64,0,464
19808,1,0,0.0,0.64,16,0.64,0,464
19809,1,0,-1000.0,0.0,0,0.0,0,464
19810,2,1,28.346605,0.2,5,0.2,0,465
19811,1,0,0.0,0.2,5,0.2,0,465
19812,1,0,0.0,0.2,5,0.2,0,465
19813,1,0,0.0,0.2,5,0.2,0,465
19814,2,1,23.968313,0.28,7,0.28,0,465
19815,1,0,0.0,0.28,7,0.28,0,465
19816,1,0,0.0,0.28,7,0.28,0,465
19817,1,0,0.0,0.28,7,0.28,0,465
19818,1,0,0.0,0.28,7,0.28,0,465
19819,1,0,0.0,0.28,7,0.28,0,465
19820,1,0,0.0,0.28,7,0.28,0,465
19821,2,1,-4.847297,0.32,8,0.32,1,465
19822,1,0,0.0,0.32,8,0.32,0,465
19823,1,0,0.0,0.32,8,0.32,0,465
19824,1,0,0.0,0.32,8,0.32,0,465
19825,1,0,0.0,0.32,8,0.32,0,465
19826,2,1,25.964912,0.36,9,0.36,0,465
19827,1,0,0.0,0.36,9,0.36,1,465
19828,2,1,16.605495,0.44,11,0.44,0,465
19829,1,0,0.0,0.44,11,0.44,0,465
19830,1,0,0.0,0.44,11,0.44,1,465
19831,1,0,0.0,0.44,11,0.44,0,465
19832,2,1,14.613487,0.52,13,0.52,0,465
19833,1,0,0.0,0.52,13,0.52,1,465
19834,1,0,0.0,0.52,13,0.52,0,465
19835,1,0,0.0,0.52,13,0.52,0,465
19836,1,0,0.0,0.52,13,0.52,0,465
19837,1,0,0.0,0.52,13,0.52,0,465
19838,1,0,0.0,0.52,13,0.52,0,465
19839,1,0,0.0,0.52,13,0.52,0,465
19840,1,0,0.0,0.52,13,0.52,0,465
19841,1,0,0.0,0.52,13,0.52,0,465
19842,1,0,0.0,0.52,13,0.52,0,465
19843,1,0,-1000.0,0.0,0,0.0,0,465
19844,2,1,28.346605,0.2,5,0.2,0,466
19845,2,1,-4.278605,0.24,6,0.24,0,466
19846,2,1,23.39962,0.32,8,0.32,0,466
19847,2,1,20.356783,0.4,10,0.4,0,466
19848,1,0,0.0,0.4,10,0.4,0,466
19849,1,0,0.0,0.4,10,0.4,0,466
19850,1,0,0.0,0.4,10,0.4,0,466
19851,1,0,0.0,0.4,10,0.4,0,466
19852,2,1,23.131649,0.44,11,0.44,0,466
19853,1,0,0.0,0.44,11,0.44,0,466
19854,1,0,0.0,0.44,11,0.44,0,466
19855,1,0,0.0,0.44,11,0.44,0,466
19856,1,0,0.0,0.44,11,0.44,0,466
19857,1,0,0.0,0.44,11,0.44,0,466
19858,2,1,3.265344,0.56,14,0.56,0,466
19859,1,0,0.0,0.56,14,0.56,0,466
19860,1,0,0.0,0.56,14,0.56,0,466
19861,1,0,0.0,0.56,14,0.56,1,466
19862,1,0,0.0,0.56,14,0.56,0,466
19863,1,0,0.0,0.56,14,0.56,0,466
19864,1,0,0.0,0.56,14,0.56,0,466
19865,1,0,0.0,0.56,14,0.56,0,466
19866,1,0,0.0,0.56,14,0.56,0,466
19867,1,0,0.0,0.56,14,0.56,0,466
19868,1,0,0.0,0.56,14,0.56,0,466
19869,1,0,-1000.0,0.0,0,0.0,0,466
19870,2,1,-4.1407347,0.2,5,0.2,0,467
19871,2,1,28.22638,0.24,6,0.24,0,467
19872,2,1,-4.515744,0.28,7,0.28,0,467
19873,1,0,0.0,0.28,7,0.28,0,467
19874,1,0,0.0,0.28,7,0.28,0,467
19875,2,1,27.639961,0.32,8,0.32,0,467
19876,1,0,0.0,0.32,8,0.32,0,467
19877,2,1,-5.280317,0.36,9,0.36,0,467
19878,1,0,0.0,0.36,9,0.36,0,467
19879,1,0,0.0,0.36,9,0.36,0,467
19880,1,0,0.0,0.36,9,0.36,1,467
19881,1,0,0.0,0.36,9,0.36,0,467
19882,1,0,0.0,0.36,9,0.36,0,467
19883,1,0,0.0,0.36,9,0.36,0,467
19884,1,0,0.0,0.36,9,0.36,0,467
19885,2,1,25.358683,0.4,10,0.4,0,467
19886,1,0,0.0,0.4,10,0.4,0,467
19887,2,1,17.415298,0.48,12,0.48,0,467
19888,1,0,0.0,0.48,12,0.48,0,467
19889,2,1,-1.0906085,0.6,15,0.6,0,467
19890,1,0,0.0,0.6,15,0.6,0,467
19891,1,0,0.0,0.6,15,0.6,0,467
19892,1,0,0.0,0.6,15,0.6,0,467
19893,1,0,0.0,0.6,15,0.6,0,467
19894,1,0,0.0,0.6,15,0.6,0,467
19895,1,0,0.0,0.6,15,0.6,0,467
19896,1,0,0.0,0.6,15,0.6,0,467
19897,2,1,15.297654,0.64,16,0.64,0,467
19898,1,0,0.0,0.64,16,0.64,0,467
19899,1,0,0.0,0.64,16,0.64,0,467
19900,1,0,0.0,0.64,16,0.64,0,467
19901,1,0,0.0,0.64,16,0.64,0,467
19902,1,0,0.0,0.64,16,0.64,0,467
19903,1,0,0.0,0.64,16,0.64,1,467
19904,1,0,0.0,0.64,16,0.64,0,467
19905,1,0,0.0,0.64,16,0.64,0,467
19906,1,0,0.0,0.64,16,0.64,0,467
19907,1,0,0.0,0.64,16,0.64,0,467
19908,1,0,-1000.0,0.0,0,0.0,0,467
19909,1,0,0.0,0.16,4,0.16,0,468
19910,1,0,0.0,0.16,4,0.16,0,468
19911,2,1,28.346605,0.2,5,0.2,1,468
19912,1,0,0.0,0.2,5,0.2,0,468
19913,2,1,28.208702,0.24,6,0.24,0,468
19914,1,0,0.0,0.24,6,0.24,0,468
19915,2,1,26.657764,0.28,7,0.28,0,468
19916,2,1,21.278852,0.36,9,0.36,0,468
19917,1,0,0.0,0.36,9,0.36,0,468
19918,1,0,0.0,0.36,9,0.36,0,468
19919,1,0,0.0,0.36,9,0.36,0,468
19920,2,1,0.9576299,0.52,13,0.52,0,468
19921,1,0,0.0,0.52,13,0.52,1,468
19922,1,0,0.0,0.52,13,0.52,0,468
19923,2,1,-6.2673473,0.64,16,0.64,0,468
19924,1,0,0.0,0.64,16,0.64,0,468
19925,1,0,0.0,0.64,16,0.64,0,468
19926,1,0,0.0,0.64,16,0.64,0,468
19927,1,0,0.0,0.64,16,0.64,0,468
19928,1,0,0.0,0.64,16,0.64,0,468
19929,1,0,0.0,0.64,16,0.64,0,468
19930,1,0,0.0,0.64,16,0.64,0,468
19931,1,0,0.0,0.64,16,0.64,0,468
19932,1,0,0.0,0.64,16,0.64,0,468
19933,1,0,0.0,0.64,16,0.64,0,468
19934,1,0,-1000.0,0.0,0,0.0,0,468
19935,2,1,28.346605,0.2,5,0.2,0,469
19936,2,1,28.22638,0.24,6,0.24,0,469
19937,2,1,26.773045,0.28,7,0.28,0,469
19938,0,-1,-26.773045,0.24,6,0.24,0,469
19939,2,1,26.773045,0.28,7,0.28,0,469
19940,2,1,21.334368,0.36,9,0.36,0,469
19941,1,0,0.0,0.36,9,0.36,0,469
19942,1,0,0.0,0.36,9,0.36,0,469
19943,1,0,0.0,0.36,9,0.36,0,469
19944,1,0,0.0,0.36,9,0.36,1,469
19945,1,0,0.0,0.36,9,0.36,0,469
19946,1,0,0.0,0.36,9,0.36,0,469
19947,1,0,0.0,0.36,9,0.36,0,469
19948,1,0,0.0,0.36,9,0.36,0,469
19949,1,0,0.0,0.36,9,0.36,0,469
19950,1,0,0.0,0.36,9,0.36,0,469
19951,1,0,-1000.0,0.0,0,0.0,0,469
19952,2,1,-4.1406527,0.2,5,0.2,0,470
19953,1,0,0.0,0.2,5,0.2,0,470
19954,2,1,23.70996,0.28,7,0.28,0,470
19955,1,0,0.0,0.28,7,0.28,0,470
19956,1,0,0.0,0.28,7,0.28,0,470
19957,2,1,22.623116,0.36,9,0.36,0,470
19958,1,0,0.0,0.36,9,0.36,0,470
19959,1,0,0.0,0.36,9,0.36,0,470
19960,1,0,0.0,0.36,9,0.36,0,470
19961,1,0,0.0,0.36,9,0.36,0,470
19962,1,0,0.0,0.36,9,0.36,0,470
19963,2,1,19.11238,0.44,11,0.44,0,470
19964,1,0,0.0,0.44,11,0.44,0,470
19965,1,0,0.0,0.44,11,0.44,0,470
19966,2,1,13.902316,0.52,13,0.52,0,470
19967,1,0,0.0,0.52,13,0.52,0,470
19968,1,0,0.0,0.52,13,0.52,0,470
19969,1,0,0.0,0.52,13,0.52,0,470
19970,1,0,0.0,0.52,13,0.52,0,470
19971,1,0,0.0,0.52,13,0.52,0,470
19972,1,0,0.0,0.52,13,0.52,0,470
19973,2,1,-24.538006,0.68,17,0.68,0,470
19974,1,0,0.0,0.68,17,0.68,0,470
19975,1,0,0.0,0.68,17,0.68,0,470
19976,1,0,0.0,0.68,17,0.68,0,470
19977,1,0,0.0,0.68,17,0.68,0,470
19978,1,0,0.0,0.68,17,0.68,1,470
19979,1,0,0.0,0.68,17,0.68,0,470
19980,1,0,0.0,0.68,17,0.68,0,470
19981,1,0,0.0,0.68,17,0.68,0,470
19982,1,0,0.0,0.68,17,0.68,0,470
19983,1,0,0.0,0.68,17,0.68,0,470
19984,1,0,-1000.0,0.0,0,0.0,0,470
19985,2,1,-4.1406527,0.2,5,0.2,0,471
19986,1,0,0.0,0.2,5,0.2,0,471
19987,1,0,0.0,0.2,5,0.2,0,471
19988,0,-1,4.1406527,0.16,4,0.16,0,471
19989,2,1,28.364332,0.2,5,0.2,0,471
19990,1,0,0.0,0.2,5,0.2,0,471
19991,1,0,0.0,0.2,5,0.2,0,471
19992,1,0,0.0,0.2,5,0.2,0,471
19993,1,0,0.0,0.2,5,0.2,0,471
19994,2,1,28.208652,0.24,6,0.24,0,471
19995,1,0,0.0,0.24,6,0.24,0,471
19996,2,1,26.773045,0.28,7,0.28,0,471
19997,2,1,18.128635,0.36,9,0.36,0,471
19998,2,1,19.11238,0.44,11,0.44,0,471
19999,1,0,0.0,0.44,11,0.44,0,471
20000,1,0,0.0,0.44,11,0.44,0,471
