==================================================
SLURM Job ID: 2068519
Job Name: baseline_ref_6_budget_50_max_6
Node: cpu106
Start Time: Mon Jul 21 21:43:06 MDT 2025
==================================================
Working directory: /bsuhome/antonechacartegu/projects/drl-amr/1D-Wave-AMR
Configuration: ref_6_budget_50_max_6
Thresholds: 0.3,0.2,0.1,0.01,0.001,0.0001

Starting baseline evaluation...
Time: Mon Jul 21 21:43:06 MDT 2025
Using multiple thresholds: [0.3, 0.2, 0.1, 0.01, 0.001, 0.0001]
Generating conventional-AMR baseline with threshold 0.3...
Using max refinement level: 0/6
Using max refinement level: 6/6
Time step updated: 1.000000e-02 -> 1.562500e-04
Running conventional-amr evaluation:
  Initial refinement: 6
  Max refinement level: 6
  Element budget: 50
  Time final: 1.0
  Threshold: 0.3
Starting conventional-amr simulation to time 1.0
Initial elements: 256
Using max refinement level: 6/6
Using max refinement level: 6/6
Using max refinement level: 6/6
Using max refinement level: 6/6
Using max refinement level: 6/6
Using max refinement level: 6/6
Using max refinement level: 6/6
Using max refinement level: 6/6
Using max refinement level: 6/6
Using max refinement level: 6/6
Using max refinement level: 6/6
Using max refinement level: 6/6
Using max refinement level: 6/6
Using max refinement level: 6/6
Using max refinement level: 6/6
Using max refinement level: 6/6
Using max refinement level: 6/6
Using max refinement level: 6/6
Using max refinement level: 6/6
Using max refinement level: 6/6
Using max refinement level: 6/6
Using max refinement level: 6/6
Using max refinement level: 6/6
Using max refinement level: 6/6
Using max refinement level: 6/6
Using max refinement level: 6/6
Using max refinement level: 6/6
Using max refinement level: 6/6
Using max refinement level: 6/6
Using max refinement level: 6/6
Using max refinement level: 6/6
Using max refinement level: 6/6
Using max refinement level: 6/6
Using max refinement level: 6/6
Using max refinement level: 6/6
Using max refinement level: 6/6
Using max refinement level: 6/6
Using max refinement level: 6/6
Using max refinement level: 6/6
Using max refinement level: 6/6
Using max refinement level: 6/6
Using max refinement level: 6/6
Using max refinement level: 6/6
Using max refinement level: 6/6
Using max refinement level: 6/6
Using max refinement level: 6/6
Using max refinement level: 6/6
Using max refinement level: 6/6
Using max refinement level: 6/6
Using max refinement level: 6/6
Using max refinement level: 6/6
Using max refinement level: 6/6
Using max refinement level: 6/6
Using max refinement level: 6/6
Using max refinement level: 6/6
Using max refinement level: 6/6
Using max refinement level: 6/6
Using max refinement level: 6/6
Using max refinement level: 6/6
Using max refinement level: 6/6
Using max refinement level: 6/6
Using max refinement level: 6/6
Using max refinement level: 6/6
Using max refinement level: 6/6
Using max refinement level: 6/6
Using max refinement level: 6/6
Using max refinement level: 6/6
Using max refinement level: 6/6
Using max refinement level: 6/6
Using max refinement level: 6/6
Using max refinement level: 6/6
Using max refinement level: 6/6
Using max refinement level: 6/6
Using max refinement level: 6/6
Using max refinement level: 6/6
Using max refinement level: 6/6
Using max refinement level: 6/6
Using max refinement level: 6/6
Using max refinement level: 6/6
Using max refinement level: 6/6
Using max refinement level: 6/6
Using max refinement level: 6/6
Using max refinement level: 6/6
Using max refinement level: 6/6
Using max refinement level: 6/6
Using max refinement level: 6/6
Using max refinement level: 6/6
Using max refinement level: 6/6
Using max refinement level: 6/6
Using max refinement level: 6/6
Using max refinement level: 6/6
Using max refinement level: 6/6
Using max refinement level: 6/6
Using max refinement level: 6/6
Using max refinement level: 6/6
Using max refinement level: 6/6
Using max refinement level: 6/6
Using max refinement level: 6/6
Using max refinement level: 6/6
Using max refinement level: 6/6
Using max refinement level: 6/6
Using max refinement level: 6/6
Using max refinement level: 6/6
Using max refinement level: 6/6
Using max refinement level: 6/6
Using max refinement level: 6/6
Using max refinement level: 6/6
Using max refinement level: 6/6
Using max refinement level: 6/6
Using max refinement level: 6/6
Using max refinement level: 6/6
Using max refinement level: 6/6
Using max refinement level: 6/6
Using max refinement level: 6/6
Using max refinement level: 6/6
Using max refinement level: 6/6
Using max refinement level: 6/6
Using max refinement level: 6/6
Using max refinement level: 6/6
Using max refinement level: 6/6
Using max refinement level: 6/6
Using max refinement level: 6/6
Using max refinement level: 6/6
Using max refinement level: 6/6
Using max refinement level: 6/6
Using max refinement level: 6/6
Using max refinement level: 6/6
Using max refinement level: 6/6
Using max refinement level: 6/6
Using max refinement level: 6/6
Using max refinement level: 6/6
Using max refinement level: 6/6
Using max refinement level: 6/6
Using max refinement level: 6/6
Using max refinement level: 6/6
Using max refinement level: 6/6
Using max refinement level: 6/6
Using max refinement level: 6/6
Using max refinement level: 6/6
Using max refinement level: 6/6
Using max refinement level: 6/6
Time step updated: 1.562500e-04 -> 2.343750e-04
Using max refinement level: 6/6
Using max refinement level: 6/6
Using max refinement level: 6/6
Using max refinement level: 6/6
Using max refinement level: 6/6
Using max refinement level: 6/6
Using max refinement level: 6/6
Using max refinement level: 6/6
Using max refinement level: 6/6
Using max refinement level: 6/6
Using max refinement level: 6/6
Using max refinement level: 6/6
Using max refinement level: 6/6
Using max refinement level: 6/6
Using max refinement level: 6/6
Using max refinement level: 6/6
Using max refinement level: 6/6
Using max refinement level: 6/6
Using max refinement level: 6/6
Using max refinement level: 6/6
Using max refinement level: 6/6
Using max refinement level: 6/6
Using max refinement level: 6/6
Using max refinement level: 6/6
Using max refinement level: 6/6
Using max refinement level: 6/6
Using max refinement level: 6/6
Using max refinement level: 6/6
Using max refinement level: 6/6
Using max refinement level: 6/6
Using max refinement level: 6/6
Using max refinement level: 6/6
Using max refinement level: 6/6
Using max refinement level: 6/6
Using max refinement level: 6/6
Using max refinement level: 6/6
Using max refinement level: 6/6
Using max refinement level: 6/6
Using max refinement level: 6/6
Using max refinement level: 6/6
Using max refinement level: 6/6
Using max refinement level: 6/6
Using max refinement level: 6/6
Using max refinement level: 6/6
Using max refinement level: 6/6
Using max refinement level: 6/6
Using max refinement level: 6/6
Using max refinement level: 6/6
Using max refinement level: 6/6
Using max refinement level: 6/6
Using max refinement level: 6/6
Using max refinement level: 6/6
Using max refinement level: 6/6
Using max refinement level: 6/6
Using max refinement level: 6/6
Using max refinement level: 6/6
Using max refinement level: 6/6
Using max refinement level: 6/6
Using max refinement level: 6/6
Using max refinement level: 6/6
Using max refinement level: 6/6
Using max refinement level: 6/6
Using max refinement level: 6/6
Using max refinement level: 6/6
Using max refinement level: 6/6
Using max refinement level: 6/6
Using max refinement level: 6/6
Using max refinement level: 6/6
Using max refinement level: 6/6
Using max refinement level: 6/6
Using max refinement level: 6/6
Using max refinement level: 6/6
Using max refinement level: 6/6
Using max refinement level: 6/6
Using max refinement level: 6/6
Using max refinement level: 6/6
Using max refinement level: 6/6
Using max refinement level: 6/6
Using max refinement level: 6/6
Using max refinement level: 6/6
Using max refinement level: 6/6
Using max refinement level: 6/6
Using max refinement level: 6/6
Using max refinement level: 6/6
Using max refinement level: 6/6
Using max refinement level: 6/6
Using max refinement level: 6/6
Using max refinement level: 6/6
Using max refinement level: 6/6
Using max refinement level: 6/6
Using max refinement level: 6/6
Using max refinement level: 6/6
Using max refinement level: 6/6
Using max refinement level: 6/6
Using max refinement level: 6/6
Using max refinement level: 6/6
Using max refinement level: 6/6
Using max refinement level: 6/6
Using max refinement level: 6/6
Using max refinement level: 6/6
Using max refinement level: 6/6
Using max refinement level: 6/6
Using max refinement level: 6/6
Using max refinement level: 6/6
Using max refinement level: 6/6
Using max refinement level: 6/6
Using max refinement level: 6/6
Using max refinement level: 6/6
Using max refinement level: 6/6
Using max refinement level: 6/6
Using max refinement level: 6/6
Using max refinement level: 6/6
Using max refinement level: 6/6
Using max refinement level: 6/6
Using max refinement level: 6/6
Using max refinement level: 6/6
Using max refinement level: 6/6
Using max refinement level: 6/6
Using max refinement level: 6/6
Using max refinement level: 6/6
Using max refinement level: 6/6
Using max refinement level: 6/6
Using max refinement level: 6/6
Using max refinement level: 6/6
Using max refinement level: 6/6
Using max refinement level: 6/6
Using max refinement level: 6/6
Using max refinement level: 6/6
Using max refinement level: 6/6
Using max refinement level: 6/6
Using max refinement level: 6/6
Using max refinement level: 6/6
Using max refinement level: 6/6
Using max refinement level: 6/6
Using max refinement level: 6/6
Using max refinement level: 6/6
Using max refinement level: 6/6
Using max refinement level: 6/6
Using max refinement level: 6/6
Using max refinement level: 6/6
Using max refinement level: 6/6
Using max refinement level: 6/6
Using max refinement level: 6/6
Using max refinement level: 6/6
Using max refinement level: 6/6
Using max refinement level: 6/6
Using max refinement level: 6/6
Using max refinement level: 6/6
Using max refinement level: 6/6
Using max refinement level: 6/6
Using max refinement level: 6/6
Using max refinement level: 6/6
Using max refinement level: 6/6
Using max refinement level: 6/6
Using max refinement level: 6/6
Using max refinement level: 6/6
Using max refinement level: 6/6
Using max refinement level: 6/6
Using max refinement level: 6/6
Using max refinement level: 6/6
Using max refinement level: 6/6
Using max refinement level: 6/6
Using max refinement level: 6/6
Using max refinement level: 6/6
Using max refinement level: 6/6
Using max refinement level: 6/6
Using max refinement level: 6/6
Using max refinement level: 6/6
Using max refinement level: 6/6
Using max refinement level: 6/6
Using max refinement level: 6/6
Using max refinement level: 6/6
Using max refinement level: 6/6
Using max refinement level: 6/6
Using max refinement level: 6/6
Using max refinement level: 6/6
Using max refinement level: 6/6
Using max refinement level: 6/6
Using max refinement level: 6/6
Using max refinement level: 6/6
Using max refinement level: 6/6
Using max refinement level: 6/6
Using max refinement level: 6/6
Using max refinement level: 6/6
Using max refinement level: 6/6
Using max refinement level: 6/6
Using max refinement level: 6/6
Using max refinement level: 6/6
Using max refinement level: 6/6
Using max refinement level: 6/6
Using max refinement level: 6/6
Using max refinement level: 6/6
Using max refinement level: 6/6
Using max refinement level: 6/6
Using max refinement level: 6/6
Using max refinement level: 6/6
Using max refinement level: 6/6
Using max refinement level: 6/6
Using max refinement level: 6/6
Using max refinement level: 6/6
Using max refinement level: 6/6
Using max refinement level: 6/6
Using max refinement level: 6/6
Using max refinement level: 6/6
Using max refinement level: 6/6
Using max refinement level: 6/6
Using max refinement level: 6/6
Using max refinement level: 6/6
Using max refinement level: 6/6
Using max refinement level: 6/6
Using max refinement level: 6/6
Using max refinement level: 6/6
Using max refinement level: 6/6
Using max refinement level: 6/6
Using max refinement level: 6/6
Using max refinement level: 6/6
Using max refinement level: 6/6
Using max refinement level: 6/6
Using max refinement level: 6/6
Using max refinement level: 6/6
Using max refinement level: 6/6
Using max refinement level: 6/6
Using max refinement level: 6/6
Using max refinement level: 6/6
Using max refinement level: 6/6
Using max refinement level: 6/6
Using max refinement level: 6/6
Using max refinement level: 6/6
Using max refinement level: 6/6
Using max refinement level: 6/6
Using max refinement level: 6/6
Time step updated: 2.343750e-04 -> 1.562500e-04
Using max refinement level: 6/6
Using max refinement level: 6/6
Using max refinement level: 6/6
Using max refinement level: 6/6
Using max refinement level: 6/6
Using max refinement level: 6/6
Using max refinement level: 6/6
Using max refinement level: 6/6
Using max refinement level: 6/6
Using max refinement level: 6/6
Using max refinement level: 6/6
Using max refinement level: 6/6
Using max refinement level: 6/6
Using max refinement level: 6/6
Using max refinement level: 6/6
Using max refinement level: 6/6
Using max refinement level: 6/6
Using max refinement level: 6/6
Using max refinement level: 6/6
Using max refinement level: 6/6
Using max refinement level: 6/6
Using max refinement level: 6/6
Using max refinement level: 6/6
Using max refinement level: 6/6
Using max refinement level: 6/6
Using max refinement level: 6/6
Using max refinement level: 6/6
Using max refinement level: 6/6
Using max refinement level: 6/6
Using max refinement level: 6/6
Using max refinement level: 6/6
Using max refinement level: 6/6
Using max refinement level: 6/6
Using max refinement level: 6/6
Using max refinement level: 6/6
Using max refinement level: 6/6
Using max refinement level: 6/6
Using max refinement level: 6/6
Using max refinement level: 6/6
Using max refinement level: 6/6
Using max refinement level: 6/6
Using max refinement level: 6/6
Using max refinement level: 6/6
Using max refinement level: 6/6
Using max refinement level: 6/6
Using max refinement level: 6/6
Using max refinement level: 6/6
Using max refinement level: 6/6
Using max refinement level: 6/6
Using max refinement level: 6/6
Using max refinement level: 6/6
Using max refinement level: 6/6
Using max refinement level: 6/6
Using max refinement level: 6/6
Using max refinement level: 6/6
Using max refinement level: 6/6
Using max refinement level: 6/6
Using max refinement level: 6/6
Using max refinement level: 6/6
Using max refinement level: 6/6
Using max refinement level: 6/6
Using max refinement level: 6/6
Using max refinement level: 6/6
Using max refinement level: 6/6
Using max refinement level: 6/6
Using max refinement level: 6/6
Using max refinement level: 6/6
Using max refinement level: 6/6
Using max refinement level: 6/6
Using max refinement level: 6/6
Using max refinement level: 6/6
Using max refinement level: 6/6
Using max refinement level: 6/6
Using max refinement level: 6/6
Using max refinement level: 6/6
Using max refinement level: 6/6
Using max refinement level: 6/6
Using max refinement level: 6/6
Using max refinement level: 6/6
Using max refinement level: 6/6
Using max refinement level: 6/6
Using max refinement level: 6/6
Using max refinement level: 6/6
Using max refinement level: 6/6
Using max refinement level: 6/6
Using max refinement level: 6/6
Using max refinement level: 6/6
Using max refinement level: 6/6
Using max refinement level: 6/6
Using max refinement level: 6/6
Using max refinement level: 6/6
Using max refinement level: 6/6
Using max refinement level: 6/6
Using max refinement level: 6/6
Using max refinement level: 6/6
Using max refinement level: 6/6
Using max refinement level: 6/6
Using max refinement level: 6/6
Using max refinement level: 6/6
Using max refinement level: 6/6
Using max refinement level: 6/6
Using max refinement level: 6/6
Using max refinement level: 6/6
Using max refinement level: 6/6
Using max refinement level: 6/6
Using max refinement level: 6/6
Using max refinement level: 6/6
Using max refinement level: 6/6
Using max refinement level: 6/6
Using max refinement level: 6/6
Using max refinement level: 6/6
Using max refinement level: 6/6
Using max refinement level: 6/6
Using max refinement level: 6/6
Using max refinement level: 6/6
Using max refinement level: 6/6
Using max refinement level: 6/6
Using max refinement level: 6/6
Using max refinement level: 6/6
Using max refinement level: 6/6
Using max refinement level: 6/6
Using max refinement level: 6/6
Using max refinement level: 6/6
Using max refinement level: 6/6
Using max refinement level: 6/6
Using max refinement level: 6/6
Using max refinement level: 6/6
Using max refinement level: 6/6
Using max refinement level: 6/6
Using max refinement level: 6/6
Using max refinement level: 6/6
Simulation complete:
  Final L2 error: 0.098090
  Total cost: 132111
  Final elements: 27
  Adaptations: 493
  Cost ratio calculation:
    Total cost: 132111
    Initial elements: 256
    Number of timesteps: 6401
    No-AMR baseline cost: 1638656
    Cost ratio: 0.0806
Generating conventional-AMR baseline with threshold 0.2...
Using max refinement level: 0/6
Using max refinement level: 6/6
Time step updated: 1.000000e-02 -> 1.562500e-04
Running conventional-amr evaluation:
  Initial refinement: 6
  Max refinement level: 6
  Element budget: 50
  Time final: 1.0
  Threshold: 0.2
Starting conventional-amr simulation to time 1.0
Initial elements: 256
Using max refinement level: 6/6
Using max refinement level: 6/6
Using max refinement level: 6/6
Using max refinement level: 6/6
Using max refinement level: 6/6
Using max refinement level: 6/6
Using max refinement level: 6/6
Using max refinement level: 6/6
Using max refinement level: 6/6
Using max refinement level: 6/6
Using max refinement level: 6/6
Using max refinement level: 6/6
Using max refinement level: 6/6
Using max refinement level: 6/6
Using max refinement level: 6/6
Using max refinement level: 6/6
Using max refinement level: 6/6
Using max refinement level: 6/6
Using max refinement level: 6/6
Using max refinement level: 6/6
Using max refinement level: 6/6
Using max refinement level: 6/6
Using max refinement level: 6/6
Using max refinement level: 6/6
Using max refinement level: 6/6
Using max refinement level: 6/6
Using max refinement level: 6/6
Using max refinement level: 6/6
Using max refinement level: 6/6
Using max refinement level: 6/6
Using max refinement level: 6/6
Using max refinement level: 6/6
Using max refinement level: 6/6
Using max refinement level: 6/6
Using max refinement level: 6/6
Using max refinement level: 6/6
Using max refinement level: 6/6
Using max refinement level: 6/6
Using max refinement level: 6/6
Using max refinement level: 6/6
Using max refinement level: 6/6
Using max refinement level: 6/6
Using max refinement level: 6/6
Using max refinement level: 6/6
Using max refinement level: 6/6
Using max refinement level: 6/6
Using max refinement level: 6/6
Using max refinement level: 6/6
Using max refinement level: 6/6
Using max refinement level: 6/6
Using max refinement level: 6/6
Using max refinement level: 6/6
Using max refinement level: 6/6
Using max refinement level: 6/6
Using max refinement level: 6/6
Using max refinement level: 6/6
Using max refinement level: 6/6
Using max refinement level: 6/6
Using max refinement level: 6/6
Using max refinement level: 6/6
Using max refinement level: 6/6
Using max refinement level: 6/6
Using max refinement level: 6/6
Using max refinement level: 6/6
Using max refinement level: 6/6
Using max refinement level: 6/6
Using max refinement level: 6/6
Using max refinement level: 6/6
Using max refinement level: 6/6
Using max refinement level: 6/6
Using max refinement level: 6/6
Using max refinement level: 6/6
Using max refinement level: 6/6
Using max refinement level: 6/6
Using max refinement level: 6/6
Using max refinement level: 6/6
Using max refinement level: 6/6
Using max refinement level: 6/6
Using max refinement level: 6/6
Using max refinement level: 6/6
Using max refinement level: 6/6
Using max refinement level: 6/6
Using max refinement level: 6/6
Using max refinement level: 6/6
Using max refinement level: 6/6
Using max refinement level: 6/6
Using max refinement level: 6/6
Using max refinement level: 6/6
Using max refinement level: 6/6
Using max refinement level: 6/6
Using max refinement level: 6/6
Using max refinement level: 6/6
Using max refinement level: 6/6
Using max refinement level: 6/6
Using max refinement level: 6/6
Using max refinement level: 6/6
Using max refinement level: 6/6
Using max refinement level: 6/6
Using max refinement level: 6/6
Using max refinement level: 6/6
Using max refinement level: 6/6
Using max refinement level: 6/6
Using max refinement level: 6/6
Using max refinement level: 6/6
Using max refinement level: 6/6
Using max refinement level: 6/6
Using max refinement level: 6/6
Using max refinement level: 6/6
Using max refinement level: 6/6
Using max refinement level: 6/6
Using max refinement level: 6/6
Using max refinement level: 6/6
Using max refinement level: 6/6
Using max refinement level: 6/6
Using max refinement level: 6/6
Using max refinement level: 6/6
Using max refinement level: 6/6
Using max refinement level: 6/6
Using max refinement level: 6/6
Using max refinement level: 6/6
Using max refinement level: 6/6
Using max refinement level: 6/6
Using max refinement level: 6/6
Using max refinement level: 6/6
Using max refinement level: 6/6
Using max refinement level: 6/6
Using max refinement level: 6/6
Using max refinement level: 6/6
Using max refinement level: 6/6
Using max refinement level: 6/6
Using max refinement level: 6/6
Using max refinement level: 6/6
Using max refinement level: 6/6
Using max refinement level: 6/6
Using max refinement level: 6/6
Using max refinement level: 6/6
Using max refinement level: 6/6
Using max refinement level: 6/6
Using max refinement level: 6/6
Using max refinement level: 6/6
Using max refinement level: 6/6
Using max refinement level: 6/6
Using max refinement level: 6/6
Using max refinement level: 6/6
Using max refinement level: 6/6
Time step updated: 1.562500e-04 -> 2.343750e-04
Using max refinement level: 6/6
Using max refinement level: 6/6
Using max refinement level: 6/6
Using max refinement level: 6/6
Using max refinement level: 6/6
Using max refinement level: 6/6
Using max refinement level: 6/6
Using max refinement level: 6/6
Using max refinement level: 6/6
Using max refinement level: 6/6
Using max refinement level: 6/6
Using max refinement level: 6/6
Using max refinement level: 6/6
Using max refinement level: 6/6
Using max refinement level: 6/6
Using max refinement level: 6/6
Using max refinement level: 6/6
Using max refinement level: 6/6
Using max refinement level: 6/6
Using max refinement level: 6/6
Using max refinement level: 6/6
Using max refinement level: 6/6
Using max refinement level: 6/6
Using max refinement level: 6/6
Using max refinement level: 6/6
Using max refinement level: 6/6
Using max refinement level: 6/6
Using max refinement level: 6/6
Using max refinement level: 6/6
Using max refinement level: 6/6
Using max refinement level: 6/6
Using max refinement level: 6/6
Using max refinement level: 6/6
Using max refinement level: 6/6
Using max refinement level: 6/6
Using max refinement level: 6/6
Using max refinement level: 6/6
Using max refinement level: 6/6
Using max refinement level: 6/6
Using max refinement level: 6/6
Using max refinement level: 6/6
Using max refinement level: 6/6
Using max refinement level: 6/6
Using max refinement level: 6/6
Using max refinement level: 6/6
Using max refinement level: 6/6
Using max refinement level: 6/6
Using max refinement level: 6/6
Using max refinement level: 6/6
Using max refinement level: 6/6
Using max refinement level: 6/6
Using max refinement level: 6/6
Using max refinement level: 6/6
Using max refinement level: 6/6
Using max refinement level: 6/6
Using max refinement level: 6/6
Using max refinement level: 6/6
Using max refinement level: 6/6
Using max refinement level: 6/6
Using max refinement level: 6/6
Using max refinement level: 6/6
Using max refinement level: 6/6
Using max refinement level: 6/6
Using max refinement level: 6/6
Using max refinement level: 6/6
Using max refinement level: 6/6
Using max refinement level: 6/6
Using max refinement level: 6/6
Using max refinement level: 6/6
Using max refinement level: 6/6
Using max refinement level: 6/6
Using max refinement level: 6/6
Using max refinement level: 6/6
Using max refinement level: 6/6
Using max refinement level: 6/6
Using max refinement level: 6/6
Using max refinement level: 6/6
Using max refinement level: 6/6
Using max refinement level: 6/6
Using max refinement level: 6/6
Using max refinement level: 6/6
Using max refinement level: 6/6
Using max refinement level: 6/6
Using max refinement level: 6/6
Using max refinement level: 6/6
Using max refinement level: 6/6
Using max refinement level: 6/6
Using max refinement level: 6/6
Using max refinement level: 6/6
Using max refinement level: 6/6
Using max refinement level: 6/6
Using max refinement level: 6/6
Using max refinement level: 6/6
Using max refinement level: 6/6
Using max refinement level: 6/6
Using max refinement level: 6/6
Using max refinement level: 6/6
Using max refinement level: 6/6
Using max refinement level: 6/6
Using max refinement level: 6/6
Using max refinement level: 6/6
Using max refinement level: 6/6
Using max refinement level: 6/6
Using max refinement level: 6/6
Using max refinement level: 6/6
Using max refinement level: 6/6
Using max refinement level: 6/6
Using max refinement level: 6/6
Using max refinement level: 6/6
Using max refinement level: 6/6
Using max refinement level: 6/6
Using max refinement level: 6/6
Using max refinement level: 6/6
Using max refinement level: 6/6
Using max refinement level: 6/6
Using max refinement level: 6/6
Using max refinement level: 6/6
Using max refinement level: 6/6
Using max refinement level: 6/6
Using max refinement level: 6/6
Using max refinement level: 6/6
Using max refinement level: 6/6
Using max refinement level: 6/6
Using max refinement level: 6/6
Using max refinement level: 6/6
Using max refinement level: 6/6
Using max refinement level: 6/6
Using max refinement level: 6/6
Using max refinement level: 6/6
Using max refinement level: 6/6
Using max refinement level: 6/6
Using max refinement level: 6/6
Using max refinement level: 6/6
Using max refinement level: 6/6
Using max refinement level: 6/6
Using max refinement level: 6/6
Using max refinement level: 6/6
Using max refinement level: 6/6
Using max refinement level: 6/6
Using max refinement level: 6/6
Using max refinement level: 6/6
Using max refinement level: 6/6
Using max refinement level: 6/6
Using max refinement level: 6/6
Using max refinement level: 6/6
Using max refinement level: 6/6
Using max refinement level: 6/6
Using max refinement level: 6/6
Using max refinement level: 6/6
Using max refinement level: 6/6
Using max refinement level: 6/6
Using max refinement level: 6/6
Using max refinement level: 6/6
Using max refinement level: 6/6
Using max refinement level: 6/6
Using max refinement level: 6/6
Using max refinement level: 6/6
Using max refinement level: 6/6
Using max refinement level: 6/6
Using max refinement level: 6/6
Using max refinement level: 6/6
Using max refinement level: 6/6
Using max refinement level: 6/6
Using max refinement level: 6/6
Using max refinement level: 6/6
Using max refinement level: 6/6
Using max refinement level: 6/6
Using max refinement level: 6/6
Using max refinement level: 6/6
Using max refinement level: 6/6
Using max refinement level: 6/6
Using max refinement level: 6/6
Using max refinement level: 6/6
Using max refinement level: 6/6
Using max refinement level: 6/6
Using max refinement level: 6/6
Using max refinement level: 6/6
Using max refinement level: 6/6
Using max refinement level: 6/6
Using max refinement level: 6/6
Using max refinement level: 6/6
Using max refinement level: 6/6
Using max refinement level: 6/6
Using max refinement level: 6/6
Using max refinement level: 6/6
Using max refinement level: 6/6
Using max refinement level: 6/6
Using max refinement level: 6/6
Using max refinement level: 6/6
Using max refinement level: 6/6
Using max refinement level: 6/6
Using max refinement level: 6/6
Using max refinement level: 6/6
Using max refinement level: 6/6
Using max refinement level: 6/6
Using max refinement level: 6/6
Using max refinement level: 6/6
Using max refinement level: 6/6
Using max refinement level: 6/6
Using max refinement level: 6/6
Using max refinement level: 6/6
Using max refinement level: 6/6
Using max refinement level: 6/6
Using max refinement level: 6/6
Using max refinement level: 6/6
Using max refinement level: 6/6
Using max refinement level: 6/6
Using max refinement level: 6/6
Using max refinement level: 6/6
Using max refinement level: 6/6
Using max refinement level: 6/6
Using max refinement level: 6/6
Using max refinement level: 6/6
Using max refinement level: 6/6
Using max refinement level: 6/6
Using max refinement level: 6/6
Using max refinement level: 6/6
Using max refinement level: 6/6
Using max refinement level: 6/6
Using max refinement level: 6/6
Using max refinement level: 6/6
Using max refinement level: 6/6
Using max refinement level: 6/6
Using max refinement level: 6/6
Using max refinement level: 6/6
Using max refinement level: 6/6
Using max refinement level: 6/6
Time step updated: 2.343750e-04 -> 1.562500e-04
Using max refinement level: 6/6
Using max refinement level: 6/6
Using max refinement level: 6/6
Using max refinement level: 6/6
Using max refinement level: 6/6
Using max refinement level: 6/6
Using max refinement level: 6/6
Using max refinement level: 6/6
Using max refinement level: 6/6
Using max refinement level: 6/6
Using max refinement level: 6/6
Using max refinement level: 6/6
Using max refinement level: 6/6
Using max refinement level: 6/6
Using max refinement level: 6/6
Using max refinement level: 6/6
Using max refinement level: 6/6
Using max refinement level: 6/6
Using max refinement level: 6/6
Using max refinement level: 6/6
Using max refinement level: 6/6
Using max refinement level: 6/6
Using max refinement level: 6/6
Using max refinement level: 6/6
Using max refinement level: 6/6
Using max refinement level: 6/6
Using max refinement level: 6/6
Using max refinement level: 6/6
Using max refinement level: 6/6
Using max refinement level: 6/6
Using max refinement level: 6/6
Using max refinement level: 6/6
Using max refinement level: 6/6
Using max refinement level: 6/6
Using max refinement level: 6/6
Using max refinement level: 6/6
Using max refinement level: 6/6
Using max refinement level: 6/6
Using max refinement level: 6/6
Using max refinement level: 6/6
Using max refinement level: 6/6
Using max refinement level: 6/6
Using max refinement level: 6/6
Using max refinement level: 6/6
Using max refinement level: 6/6
Using max refinement level: 6/6
Using max refinement level: 6/6
Using max refinement level: 6/6
Using max refinement level: 6/6
Using max refinement level: 6/6
Using max refinement level: 6/6
Using max refinement level: 6/6
Using max refinement level: 6/6
Using max refinement level: 6/6
Using max refinement level: 6/6
Using max refinement level: 6/6
Using max refinement level: 6/6
Using max refinement level: 6/6
Using max refinement level: 6/6
Using max refinement level: 6/6
Using max refinement level: 6/6
Using max refinement level: 6/6
Using max refinement level: 6/6
Using max refinement level: 6/6
Using max refinement level: 6/6
Using max refinement level: 6/6
Using max refinement level: 6/6
Using max refinement level: 6/6
Using max refinement level: 6/6
Using max refinement level: 6/6
Using max refinement level: 6/6
Using max refinement level: 6/6
Using max refinement level: 6/6
Using max refinement level: 6/6
Using max refinement level: 6/6
Using max refinement level: 6/6
Using max refinement level: 6/6
Using max refinement level: 6/6
Using max refinement level: 6/6
Using max refinement level: 6/6
Using max refinement level: 6/6
Using max refinement level: 6/6
Using max refinement level: 6/6
Using max refinement level: 6/6
Using max refinement level: 6/6
Using max refinement level: 6/6
Using max refinement level: 6/6
Using max refinement level: 6/6
Using max refinement level: 6/6
Using max refinement level: 6/6
Using max refinement level: 6/6
Using max refinement level: 6/6
Using max refinement level: 6/6
Using max refinement level: 6/6
Using max refinement level: 6/6
Using max refinement level: 6/6
Using max refinement level: 6/6
Using max refinement level: 6/6
Using max refinement level: 6/6
Using max refinement level: 6/6
Using max refinement level: 6/6
Using max refinement level: 6/6
Using max refinement level: 6/6
Using max refinement level: 6/6
Using max refinement level: 6/6
Using max refinement level: 6/6
Using max refinement level: 6/6
Using max refinement level: 6/6
Using max refinement level: 6/6
Using max refinement level: 6/6
Using max refinement level: 6/6
Using max refinement level: 6/6
Using max refinement level: 6/6
Using max refinement level: 6/6
Using max refinement level: 6/6
Using max refinement level: 6/6
Using max refinement level: 6/6
Using max refinement level: 6/6
Using max refinement level: 6/6
Using max refinement level: 6/6
Using max refinement level: 6/6
Using max refinement level: 6/6
Using max refinement level: 6/6
Using max refinement level: 6/6
Using max refinement level: 6/6
Using max refinement level: 6/6
Using max refinement level: 6/6
Using max refinement level: 6/6
Using max refinement level: 6/6
Using max refinement level: 6/6
Using max refinement level: 6/6
Using max refinement level: 6/6
Using max refinement level: 6/6
Simulation complete:
  Final L2 error: 0.079186
  Total cost: 147787
  Final elements: 31
  Adaptations: 491
  Cost ratio calculation:
    Total cost: 147787
    Initial elements: 256
    Number of timesteps: 6401
    No-AMR baseline cost: 1638656
    Cost ratio: 0.0902
Generating conventional-AMR baseline with threshold 0.1...
Using max refinement level: 0/6
Using max refinement level: 6/6
Time step updated: 1.000000e-02 -> 1.562500e-04
Running conventional-amr evaluation:
  Initial refinement: 6
  Max refinement level: 6
  Element budget: 50
  Time final: 1.0
  Threshold: 0.1
Starting conventional-amr simulation to time 1.0
Initial elements: 256
Using max refinement level: 6/6
Using max refinement level: 6/6
Using max refinement level: 6/6
Using max refinement level: 6/6
Using max refinement level: 6/6
Using max refinement level: 6/6
Using max refinement level: 6/6
Using max refinement level: 6/6
Using max refinement level: 6/6
Using max refinement level: 6/6
Using max refinement level: 6/6
Using max refinement level: 6/6
Using max refinement level: 6/6
Using max refinement level: 6/6
Using max refinement level: 6/6
Using max refinement level: 6/6
Using max refinement level: 6/6
Using max refinement level: 6/6
Using max refinement level: 6/6
Using max refinement level: 6/6
Using max refinement level: 6/6
Using max refinement level: 6/6
Using max refinement level: 6/6
Using max refinement level: 6/6
Using max refinement level: 6/6
Using max refinement level: 6/6
Using max refinement level: 6/6
Using max refinement level: 6/6
Using max refinement level: 6/6
Using max refinement level: 6/6
Using max refinement level: 6/6
Using max refinement level: 6/6
Using max refinement level: 6/6
Using max refinement level: 6/6
Using max refinement level: 6/6
Using max refinement level: 6/6
Using max refinement level: 6/6
Using max refinement level: 6/6
Using max refinement level: 6/6
Using max refinement level: 6/6
Using max refinement level: 6/6
Using max refinement level: 6/6
Using max refinement level: 6/6
Using max refinement level: 6/6
Using max refinement level: 6/6
Using max refinement level: 6/6
Using max refinement level: 6/6
Using max refinement level: 6/6
Using max refinement level: 6/6
Using max refinement level: 6/6
Using max refinement level: 6/6
Using max refinement level: 6/6
Using max refinement level: 6/6
Using max refinement level: 6/6
Using max refinement level: 6/6
Using max refinement level: 6/6
Using max refinement level: 6/6
Using max refinement level: 6/6
Using max refinement level: 6/6
Using max refinement level: 6/6
Using max refinement level: 6/6
Using max refinement level: 6/6
Using max refinement level: 6/6
Using max refinement level: 6/6
Using max refinement level: 6/6
Using max refinement level: 6/6
Using max refinement level: 6/6
Using max refinement level: 6/6
Using max refinement level: 6/6
Using max refinement level: 6/6
Using max refinement level: 6/6
Using max refinement level: 6/6
Using max refinement level: 6/6
Using max refinement level: 6/6
Using max refinement level: 6/6
Using max refinement level: 6/6
Using max refinement level: 6/6
Using max refinement level: 6/6
Using max refinement level: 6/6
Using max refinement level: 6/6
Using max refinement level: 6/6
Using max refinement level: 6/6
Using max refinement level: 6/6
Using max refinement level: 6/6
Using max refinement level: 6/6
Using max refinement level: 6/6
Using max refinement level: 6/6
Using max refinement level: 6/6
Using max refinement level: 6/6
Using max refinement level: 6/6
Using max refinement level: 6/6
Using max refinement level: 6/6
Using max refinement level: 6/6
Using max refinement level: 6/6
Using max refinement level: 6/6
Using max refinement level: 6/6
Using max refinement level: 6/6
Using max refinement level: 6/6
Using max refinement level: 6/6
Using max refinement level: 6/6
Using max refinement level: 6/6
Using max refinement level: 6/6
Using max refinement level: 6/6
Using max refinement level: 6/6
Using max refinement level: 6/6
Using max refinement level: 6/6
Using max refinement level: 6/6
Using max refinement level: 6/6
Using max refinement level: 6/6
Using max refinement level: 6/6
Using max refinement level: 6/6
Using max refinement level: 6/6
Using max refinement level: 6/6
Using max refinement level: 6/6
Using max refinement level: 6/6
Using max refinement level: 6/6
Using max refinement level: 6/6
Using max refinement level: 6/6
Using max refinement level: 6/6
Using max refinement level: 6/6
Using max refinement level: 6/6
Using max refinement level: 6/6
Using max refinement level: 6/6
Using max refinement level: 6/6
Using max refinement level: 6/6
Using max refinement level: 6/6
Using max refinement level: 6/6
Using max refinement level: 6/6
Using max refinement level: 6/6
Using max refinement level: 6/6
Using max refinement level: 6/6
Using max refinement level: 6/6
Using max refinement level: 6/6
Using max refinement level: 6/6
Using max refinement level: 6/6
Using max refinement level: 6/6
Using max refinement level: 6/6
Using max refinement level: 6/6
Using max refinement level: 6/6
Using max refinement level: 6/6
Using max refinement level: 6/6
Using max refinement level: 6/6
Using max refinement level: 6/6
Using max refinement level: 6/6
Using max refinement level: 6/6
Using max refinement level: 6/6
Using max refinement level: 6/6
Using max refinement level: 6/6
Using max refinement level: 6/6
Using max refinement level: 6/6
Using max refinement level: 6/6
Using max refinement level: 6/6
Using max refinement level: 6/6
Using max refinement level: 6/6
Using max refinement level: 6/6
Using max refinement level: 6/6
Using max refinement level: 6/6
Time step updated: 1.562500e-04 -> 2.343750e-04
Using max refinement level: 6/6
Using max refinement level: 6/6
Using max refinement level: 6/6
Using max refinement level: 6/6
Using max refinement level: 6/6
Using max refinement level: 6/6
Using max refinement level: 6/6
Using max refinement level: 6/6
Using max refinement level: 6/6
Using max refinement level: 6/6
Using max refinement level: 6/6
Using max refinement level: 6/6
Using max refinement level: 6/6
Using max refinement level: 6/6
Using max refinement level: 6/6
Using max refinement level: 6/6
Using max refinement level: 6/6
Using max refinement level: 6/6
Using max refinement level: 6/6
Using max refinement level: 6/6
Using max refinement level: 6/6
Using max refinement level: 6/6
Using max refinement level: 6/6
Using max refinement level: 6/6
Using max refinement level: 6/6
Using max refinement level: 6/6
Using max refinement level: 6/6
Using max refinement level: 6/6
Using max refinement level: 6/6
Using max refinement level: 6/6
Using max refinement level: 6/6
Using max refinement level: 6/6
Using max refinement level: 6/6
Using max refinement level: 6/6
Using max refinement level: 6/6
Using max refinement level: 6/6
Using max refinement level: 6/6
Using max refinement level: 6/6
Using max refinement level: 6/6
Using max refinement level: 6/6
Using max refinement level: 6/6
Using max refinement level: 6/6
Using max refinement level: 6/6
Using max refinement level: 6/6
Using max refinement level: 6/6
Using max refinement level: 6/6
Using max refinement level: 6/6
Using max refinement level: 6/6
Using max refinement level: 6/6
Using max refinement level: 6/6
Using max refinement level: 6/6
Using max refinement level: 6/6
Using max refinement level: 6/6
Using max refinement level: 6/6
Using max refinement level: 6/6
Using max refinement level: 6/6
Using max refinement level: 6/6
Using max refinement level: 6/6
Using max refinement level: 6/6
Using max refinement level: 6/6
Using max refinement level: 6/6
Using max refinement level: 6/6
Using max refinement level: 6/6
Using max refinement level: 6/6
Using max refinement level: 6/6
Using max refinement level: 6/6
Using max refinement level: 6/6
Using max refinement level: 6/6
Using max refinement level: 6/6
Using max refinement level: 6/6
Using max refinement level: 6/6
Using max refinement level: 6/6
Using max refinement level: 6/6
Using max refinement level: 6/6
Using max refinement level: 6/6
Using max refinement level: 6/6
Using max refinement level: 6/6
Using max refinement level: 6/6
Using max refinement level: 6/6
Using max refinement level: 6/6
Using max refinement level: 6/6
Using max refinement level: 6/6
Using max refinement level: 6/6
Using max refinement level: 6/6
Using max refinement level: 6/6
Using max refinement level: 6/6
Using max refinement level: 6/6
Using max refinement level: 6/6
Using max refinement level: 6/6
Using max refinement level: 6/6
Using max refinement level: 6/6
Using max refinement level: 6/6
Using max refinement level: 6/6
Using max refinement level: 6/6
Using max refinement level: 6/6
Using max refinement level: 6/6
Using max refinement level: 6/6
Using max refinement level: 6/6
Using max refinement level: 6/6
Using max refinement level: 6/6
Using max refinement level: 6/6
Using max refinement level: 6/6
Using max refinement level: 6/6
Using max refinement level: 6/6
Using max refinement level: 6/6
Using max refinement level: 6/6
Using max refinement level: 6/6
Using max refinement level: 6/6
Using max refinement level: 6/6
Using max refinement level: 6/6
Using max refinement level: 6/6
Using max refinement level: 6/6
Using max refinement level: 6/6
Using max refinement level: 6/6
Using max refinement level: 6/6
Using max refinement level: 6/6
Using max refinement level: 6/6
Using max refinement level: 6/6
Using max refinement level: 6/6
Using max refinement level: 6/6
Using max refinement level: 6/6
Using max refinement level: 6/6
Using max refinement level: 6/6
Using max refinement level: 6/6
Using max refinement level: 6/6
Using max refinement level: 6/6
Using max refinement level: 6/6
Using max refinement level: 6/6
Using max refinement level: 6/6
Using max refinement level: 6/6
Using max refinement level: 6/6
Using max refinement level: 6/6
Using max refinement level: 6/6
Using max refinement level: 6/6
Using max refinement level: 6/6
Using max refinement level: 6/6
Using max refinement level: 6/6
Using max refinement level: 6/6
Using max refinement level: 6/6
Using max refinement level: 6/6
Using max refinement level: 6/6
Using max refinement level: 6/6
Using max refinement level: 6/6
Using max refinement level: 6/6
Using max refinement level: 6/6
Using max refinement level: 6/6
Using max refinement level: 6/6
Using max refinement level: 6/6
Using max refinement level: 6/6
Using max refinement level: 6/6
Using max refinement level: 6/6
Using max refinement level: 6/6
Using max refinement level: 6/6
Using max refinement level: 6/6
Using max refinement level: 6/6
Using max refinement level: 6/6
Using max refinement level: 6/6
Using max refinement level: 6/6
Using max refinement level: 6/6
Using max refinement level: 6/6
Using max refinement level: 6/6
Using max refinement level: 6/6
Using max refinement level: 6/6
Using max refinement level: 6/6
Using max refinement level: 6/6
Using max refinement level: 6/6
Using max refinement level: 6/6
Using max refinement level: 6/6
Using max refinement level: 6/6
Using max refinement level: 6/6
Using max refinement level: 6/6
Using max refinement level: 6/6
Using max refinement level: 6/6
Using max refinement level: 6/6
Using max refinement level: 6/6
Using max refinement level: 6/6
Using max refinement level: 6/6
Using max refinement level: 6/6
Using max refinement level: 6/6
Using max refinement level: 6/6
Using max refinement level: 6/6
Using max refinement level: 6/6
Using max refinement level: 6/6
Using max refinement level: 6/6
Using max refinement level: 6/6
Using max refinement level: 6/6
Using max refinement level: 6/6
Using max refinement level: 6/6
Using max refinement level: 6/6
Using max refinement level: 6/6
Using max refinement level: 6/6
Using max refinement level: 6/6
Using max refinement level: 6/6
Using max refinement level: 6/6
Using max refinement level: 6/6
Using max refinement level: 6/6
Using max refinement level: 6/6
Using max refinement level: 6/6
Using max refinement level: 6/6
Using max refinement level: 6/6
Using max refinement level: 6/6
Using max refinement level: 6/6
Using max refinement level: 6/6
Using max refinement level: 6/6
Using max refinement level: 6/6
Using max refinement level: 6/6
Using max refinement level: 6/6
Using max refinement level: 6/6
Using max refinement level: 6/6
Using max refinement level: 6/6
Using max refinement level: 6/6
Using max refinement level: 6/6
Using max refinement level: 6/6
Using max refinement level: 6/6
Using max refinement level: 6/6
Using max refinement level: 6/6
Using max refinement level: 6/6
Using max refinement level: 6/6
Time step updated: 2.343750e-04 -> 1.562500e-04
Using max refinement level: 6/6
Using max refinement level: 6/6
Using max refinement level: 6/6
Using max refinement level: 6/6
Using max refinement level: 6/6
Using max refinement level: 6/6
Using max refinement level: 6/6
Using max refinement level: 6/6
Using max refinement level: 6/6
Using max refinement level: 6/6
Using max refinement level: 6/6
Using max refinement level: 6/6
Using max refinement level: 6/6
Using max refinement level: 6/6
Using max refinement level: 6/6
Using max refinement level: 6/6
Using max refinement level: 6/6
Using max refinement level: 6/6
Using max refinement level: 6/6
Using max refinement level: 6/6
Using max refinement level: 6/6
Using max refinement level: 6/6
Using max refinement level: 6/6
Using max refinement level: 6/6
Using max refinement level: 6/6
Using max refinement level: 6/6
Using max refinement level: 6/6
Using max refinement level: 6/6
Using max refinement level: 6/6
Using max refinement level: 6/6
Using max refinement level: 6/6
Using max refinement level: 6/6
Using max refinement level: 6/6
Using max refinement level: 6/6
Using max refinement level: 6/6
Using max refinement level: 6/6
Using max refinement level: 6/6
Using max refinement level: 6/6
Using max refinement level: 6/6
Using max refinement level: 6/6
Using max refinement level: 6/6
Using max refinement level: 6/6
Using max refinement level: 6/6
Using max refinement level: 6/6
Using max refinement level: 6/6
Using max refinement level: 6/6
Using max refinement level: 6/6
Using max refinement level: 6/6
Using max refinement level: 6/6
Using max refinement level: 6/6
Using max refinement level: 6/6
Using max refinement level: 6/6
Using max refinement level: 6/6
Using max refinement level: 6/6
Using max refinement level: 6/6
Using max refinement level: 6/6
Using max refinement level: 6/6
Using max refinement level: 6/6
Using max refinement level: 6/6
Using max refinement level: 6/6
Using max refinement level: 6/6
Using max refinement level: 6/6
Using max refinement level: 6/6
Using max refinement level: 6/6
Using max refinement level: 6/6
Using max refinement level: 6/6
Using max refinement level: 6/6
Using max refinement level: 6/6
Using max refinement level: 6/6
Using max refinement level: 6/6
Using max refinement level: 6/6
Using max refinement level: 6/6
Using max refinement level: 6/6
Using max refinement level: 6/6
Using max refinement level: 6/6
Using max refinement level: 6/6
Using max refinement level: 6/6
Using max refinement level: 6/6
Using max refinement level: 6/6
Using max refinement level: 6/6
Using max refinement level: 6/6
Using max refinement level: 6/6
Using max refinement level: 6/6
Using max refinement level: 6/6
Using max refinement level: 6/6
Using max refinement level: 6/6
Using max refinement level: 6/6
Using max refinement level: 6/6
Using max refinement level: 6/6
Using max refinement level: 6/6
Using max refinement level: 6/6
Using max refinement level: 6/6
Using max refinement level: 6/6
Using max refinement level: 6/6
Using max refinement level: 6/6
Using max refinement level: 6/6
Using max refinement level: 6/6
Using max refinement level: 6/6
Using max refinement level: 6/6
Using max refinement level: 6/6
Using max refinement level: 6/6
Using max refinement level: 6/6
Using max refinement level: 6/6
Using max refinement level: 6/6
Using max refinement level: 6/6
Using max refinement level: 6/6
Using max refinement level: 6/6
Using max refinement level: 6/6
Using max refinement level: 6/6
Using max refinement level: 6/6
Using max refinement level: 6/6
Using max refinement level: 6/6
Using max refinement level: 6/6
Using max refinement level: 6/6
Using max refinement level: 6/6
Using max refinement level: 6/6
Using max refinement level: 6/6
Using max refinement level: 6/6
Using max refinement level: 6/6
Using max refinement level: 6/6
Using max refinement level: 6/6
Using max refinement level: 6/6
Using max refinement level: 6/6
Using max refinement level: 6/6
Using max refinement level: 6/6
Using max refinement level: 6/6
Using max refinement level: 6/6
Using max refinement level: 6/6
Using max refinement level: 6/6
Using max refinement level: 6/6
Using max refinement level: 6/6
Using max refinement level: 6/6
Using max refinement level: 6/6
Using max refinement level: 6/6
Simulation complete:
  Final L2 error: 0.047111
  Total cost: 170953
  Final elements: 36
  Adaptations: 490
  Cost ratio calculation:
    Total cost: 170953
    Initial elements: 256
    Number of timesteps: 6401
    No-AMR baseline cost: 1638656
    Cost ratio: 0.1043
Generating conventional-AMR baseline with threshold 0.01...
Using max refinement level: 0/6
Using max refinement level: 6/6
Time step updated: 1.000000e-02 -> 1.562500e-04
Running conventional-amr evaluation:
  Initial refinement: 6
  Max refinement level: 6
  Element budget: 50
  Time final: 1.0
  Threshold: 0.01
Starting conventional-amr simulation to time 1.0
Initial elements: 256
Using max refinement level: 6/6
Using max refinement level: 6/6
Using max refinement level: 6/6
Using max refinement level: 6/6
Using max refinement level: 6/6
Using max refinement level: 6/6
Using max refinement level: 6/6
Using max refinement level: 6/6
Using max refinement level: 6/6
Using max refinement level: 6/6
Using max refinement level: 6/6
Using max refinement level: 6/6
Using max refinement level: 6/6
Using max refinement level: 6/6
Using max refinement level: 6/6
Using max refinement level: 6/6
Using max refinement level: 6/6
Using max refinement level: 6/6
Using max refinement level: 6/6
Using max refinement level: 6/6
Using max refinement level: 6/6
Using max refinement level: 6/6
Using max refinement level: 6/6
Using max refinement level: 6/6
Using max refinement level: 6/6
Using max refinement level: 6/6
Using max refinement level: 6/6
Using max refinement level: 6/6
Using max refinement level: 6/6
Using max refinement level: 6/6
Using max refinement level: 6/6
Using max refinement level: 6/6
Using max refinement level: 6/6
Using max refinement level: 6/6
Using max refinement level: 6/6
Using max refinement level: 6/6
Using max refinement level: 6/6
Using max refinement level: 6/6
Using max refinement level: 6/6
Using max refinement level: 6/6
Using max refinement level: 6/6
Using max refinement level: 6/6
Using max refinement level: 6/6
Using max refinement level: 6/6
Using max refinement level: 6/6
Using max refinement level: 6/6
Using max refinement level: 6/6
Using max refinement level: 6/6
Using max refinement level: 6/6
Using max refinement level: 6/6
Using max refinement level: 6/6
Using max refinement level: 6/6
Using max refinement level: 6/6
Using max refinement level: 6/6
Using max refinement level: 6/6
Using max refinement level: 6/6
Using max refinement level: 6/6
Using max refinement level: 6/6
Using max refinement level: 6/6
Using max refinement level: 6/6
Using max refinement level: 6/6
Using max refinement level: 6/6
Using max refinement level: 6/6
Using max refinement level: 6/6
Using max refinement level: 6/6
Using max refinement level: 6/6
Using max refinement level: 6/6
Using max refinement level: 6/6
Using max refinement level: 6/6
Using max refinement level: 6/6
Using max refinement level: 6/6
Using max refinement level: 6/6
Using max refinement level: 6/6
Using max refinement level: 6/6
Using max refinement level: 6/6
Using max refinement level: 6/6
Using max refinement level: 6/6
Using max refinement level: 6/6
Using max refinement level: 6/6
Using max refinement level: 6/6
Using max refinement level: 6/6
Using max refinement level: 6/6
Using max refinement level: 6/6
Using max refinement level: 6/6
Using max refinement level: 6/6
Using max refinement level: 6/6
Using max refinement level: 6/6
Using max refinement level: 6/6
Using max refinement level: 6/6
Using max refinement level: 6/6
Using max refinement level: 6/6
Using max refinement level: 6/6
Using max refinement level: 6/6
Using max refinement level: 6/6
Using max refinement level: 6/6
Using max refinement level: 6/6
Using max refinement level: 6/6
Using max refinement level: 6/6
Using max refinement level: 6/6
Using max refinement level: 6/6
Using max refinement level: 6/6
Using max refinement level: 6/6
Using max refinement level: 6/6
Using max refinement level: 6/6
Using max refinement level: 6/6
Using max refinement level: 6/6
Using max refinement level: 6/6
Using max refinement level: 6/6
Using max refinement level: 6/6
Using max refinement level: 6/6
Using max refinement level: 6/6
Using max refinement level: 6/6
Using max refinement level: 6/6
Using max refinement level: 6/6
Using max refinement level: 6/6
Using max refinement level: 6/6
Using max refinement level: 6/6
Using max refinement level: 6/6
Using max refinement level: 6/6
Using max refinement level: 6/6
Using max refinement level: 6/6
Using max refinement level: 6/6
Using max refinement level: 6/6
Using max refinement level: 6/6
Using max refinement level: 6/6
Using max refinement level: 6/6
Using max refinement level: 6/6
Using max refinement level: 6/6
Using max refinement level: 6/6
Using max refinement level: 6/6
Using max refinement level: 6/6
Using max refinement level: 6/6
Using max refinement level: 6/6
Using max refinement level: 6/6
Using max refinement level: 6/6
Using max refinement level: 6/6
Using max refinement level: 6/6
Using max refinement level: 6/6
Using max refinement level: 6/6
Using max refinement level: 6/6
Using max refinement level: 6/6
Using max refinement level: 6/6
Using max refinement level: 6/6
Using max refinement level: 6/6
Using max refinement level: 6/6
Using max refinement level: 6/6
Using max refinement level: 6/6
Using max refinement level: 6/6
Using max refinement level: 6/6
Using max refinement level: 6/6
Using max refinement level: 6/6
Using max refinement level: 6/6
Using max refinement level: 6/6
Using max refinement level: 6/6
Using max refinement level: 6/6
Using max refinement level: 6/6
Using max refinement level: 6/6
Using max refinement level: 6/6
Using max refinement level: 6/6
Using max refinement level: 6/6
Using max refinement level: 6/6
Using max refinement level: 6/6
Using max refinement level: 6/6
Using max refinement level: 6/6
Using max refinement level: 6/6
Using max refinement level: 6/6
Time step updated: 1.562500e-04 -> 2.343750e-04
Using max refinement level: 6/6
Using max refinement level: 6/6
Using max refinement level: 6/6
Using max refinement level: 6/6
Using max refinement level: 6/6
Using max refinement level: 6/6
Using max refinement level: 6/6
Using max refinement level: 6/6
Using max refinement level: 6/6
Using max refinement level: 6/6
Using max refinement level: 6/6
Using max refinement level: 6/6
Using max refinement level: 6/6
Using max refinement level: 6/6
Using max refinement level: 6/6
Using max refinement level: 6/6
Using max refinement level: 6/6
Using max refinement level: 6/6
Using max refinement level: 6/6
Using max refinement level: 6/6
Using max refinement level: 6/6
Using max refinement level: 6/6
Using max refinement level: 6/6
Using max refinement level: 6/6
Using max refinement level: 6/6
Using max refinement level: 6/6
Using max refinement level: 6/6
Using max refinement level: 6/6
Using max refinement level: 6/6
Using max refinement level: 6/6
Using max refinement level: 6/6
Using max refinement level: 6/6
Using max refinement level: 6/6
Using max refinement level: 6/6
Using max refinement level: 6/6
Using max refinement level: 6/6
Using max refinement level: 6/6
Using max refinement level: 6/6
Using max refinement level: 6/6
Using max refinement level: 6/6
Using max refinement level: 6/6
Using max refinement level: 6/6
Using max refinement level: 6/6
Using max refinement level: 6/6
Using max refinement level: 6/6
Using max refinement level: 6/6
Using max refinement level: 6/6
Using max refinement level: 6/6
Using max refinement level: 6/6
Using max refinement level: 6/6
Using max refinement level: 6/6
Using max refinement level: 6/6
Using max refinement level: 6/6
Using max refinement level: 6/6
Using max refinement level: 6/6
Using max refinement level: 6/6
Using max refinement level: 6/6
Using max refinement level: 6/6
Using max refinement level: 6/6
Using max refinement level: 6/6
Using max refinement level: 6/6
Using max refinement level: 6/6
Using max refinement level: 6/6
Using max refinement level: 6/6
Using max refinement level: 6/6
Using max refinement level: 6/6
Using max refinement level: 6/6
Using max refinement level: 6/6
Using max refinement level: 6/6
Using max refinement level: 6/6
Using max refinement level: 6/6
Using max refinement level: 6/6
Using max refinement level: 6/6
Using max refinement level: 6/6
Using max refinement level: 6/6
Using max refinement level: 6/6
Using max refinement level: 6/6
Using max refinement level: 6/6
Using max refinement level: 6/6
Using max refinement level: 6/6
Using max refinement level: 6/6
Using max refinement level: 6/6
Using max refinement level: 6/6
Using max refinement level: 6/6
Using max refinement level: 6/6
Using max refinement level: 6/6
Using max refinement level: 6/6
Using max refinement level: 6/6
Using max refinement level: 6/6
Using max refinement level: 6/6
Using max refinement level: 6/6
Using max refinement level: 6/6
Using max refinement level: 6/6
Using max refinement level: 6/6
Using max refinement level: 6/6
Using max refinement level: 6/6
Using max refinement level: 6/6
Using max refinement level: 6/6
Using max refinement level: 6/6
Using max refinement level: 6/6
Using max refinement level: 6/6
Using max refinement level: 6/6
Using max refinement level: 6/6
Using max refinement level: 6/6
Using max refinement level: 6/6
Using max refinement level: 6/6
Using max refinement level: 6/6
Using max refinement level: 6/6
Using max refinement level: 6/6
Using max refinement level: 6/6
Using max refinement level: 6/6
Using max refinement level: 6/6
Using max refinement level: 6/6
Using max refinement level: 6/6
Using max refinement level: 6/6
Using max refinement level: 6/6
Using max refinement level: 6/6
Using max refinement level: 6/6
Using max refinement level: 6/6
Using max refinement level: 6/6
Using max refinement level: 6/6
Using max refinement level: 6/6
Using max refinement level: 6/6
Using max refinement level: 6/6
Using max refinement level: 6/6
Using max refinement level: 6/6
Using max refinement level: 6/6
Using max refinement level: 6/6
Using max refinement level: 6/6
Using max refinement level: 6/6
Using max refinement level: 6/6
Using max refinement level: 6/6
Using max refinement level: 6/6
Using max refinement level: 6/6
Using max refinement level: 6/6
Using max refinement level: 6/6
Using max refinement level: 6/6
Using max refinement level: 6/6
Using max refinement level: 6/6
Using max refinement level: 6/6
Using max refinement level: 6/6
Using max refinement level: 6/6
Using max refinement level: 6/6
Using max refinement level: 6/6
Using max refinement level: 6/6
Using max refinement level: 6/6
Using max refinement level: 6/6
Using max refinement level: 6/6
Using max refinement level: 6/6
Using max refinement level: 6/6
Using max refinement level: 6/6
Using max refinement level: 6/6
Using max refinement level: 6/6
Using max refinement level: 6/6
Using max refinement level: 6/6
Using max refinement level: 6/6
Using max refinement level: 6/6
Using max refinement level: 6/6
Using max refinement level: 6/6
Using max refinement level: 6/6
Using max refinement level: 6/6
Using max refinement level: 6/6
Using max refinement level: 6/6
Using max refinement level: 6/6
Using max refinement level: 6/6
Using max refinement level: 6/6
Using max refinement level: 6/6
Using max refinement level: 6/6
Using max refinement level: 6/6
Using max refinement level: 6/6
Using max refinement level: 6/6
Using max refinement level: 6/6
Using max refinement level: 6/6
Using max refinement level: 6/6
Using max refinement level: 6/6
Using max refinement level: 6/6
Using max refinement level: 6/6
Using max refinement level: 6/6
Using max refinement level: 6/6
Using max refinement level: 6/6
Using max refinement level: 6/6
Using max refinement level: 6/6
Using max refinement level: 6/6
Using max refinement level: 6/6
Using max refinement level: 6/6
Using max refinement level: 6/6
Using max refinement level: 6/6
Using max refinement level: 6/6
Using max refinement level: 6/6
Using max refinement level: 6/6
Using max refinement level: 6/6
Using max refinement level: 6/6
Using max refinement level: 6/6
Using max refinement level: 6/6
Using max refinement level: 6/6
Using max refinement level: 6/6
Using max refinement level: 6/6
Using max refinement level: 6/6
Using max refinement level: 6/6
Using max refinement level: 6/6
Using max refinement level: 6/6
Using max refinement level: 6/6
Using max refinement level: 6/6
Using max refinement level: 6/6
Using max refinement level: 6/6
Using max refinement level: 6/6
Using max refinement level: 6/6
Using max refinement level: 6/6
Using max refinement level: 6/6
Using max refinement level: 6/6
Using max refinement level: 6/6
Using max refinement level: 6/6
Using max refinement level: 6/6
Using max refinement level: 6/6
Using max refinement level: 6/6
Using max refinement level: 6/6
Using max refinement level: 6/6
Using max refinement level: 6/6
Using max refinement level: 6/6
Using max refinement level: 6/6
Using max refinement level: 6/6
Using max refinement level: 6/6
Using max refinement level: 6/6
Using max refinement level: 6/6
Using max refinement level: 6/6
Using max refinement level: 6/6
Using max refinement level: 6/6
Using max refinement level: 6/6
Time step updated: 2.343750e-04 -> 1.562500e-04
Using max refinement level: 6/6
Using max refinement level: 6/6
Using max refinement level: 6/6
Using max refinement level: 6/6
Using max refinement level: 6/6
Using max refinement level: 6/6
Using max refinement level: 6/6
Using max refinement level: 6/6
Using max refinement level: 6/6
Using max refinement level: 6/6
Using max refinement level: 6/6
Using max refinement level: 6/6
Using max refinement level: 6/6
Using max refinement level: 6/6
Using max refinement level: 6/6
Using max refinement level: 6/6
Using max refinement level: 6/6
Using max refinement level: 6/6
Using max refinement level: 6/6
Using max refinement level: 6/6
Using max refinement level: 6/6
Using max refinement level: 6/6
Using max refinement level: 6/6
Using max refinement level: 6/6
Using max refinement level: 6/6
Using max refinement level: 6/6
Using max refinement level: 6/6
Using max refinement level: 6/6
Using max refinement level: 6/6
Using max refinement level: 6/6
Using max refinement level: 6/6
Using max refinement level: 6/6
Using max refinement level: 6/6
Using max refinement level: 6/6
Using max refinement level: 6/6
Using max refinement level: 6/6
Using max refinement level: 6/6
Using max refinement level: 6/6
Using max refinement level: 6/6
Using max refinement level: 6/6
Using max refinement level: 6/6
Using max refinement level: 6/6
Using max refinement level: 6/6
Using max refinement level: 6/6
Using max refinement level: 6/6
Using max refinement level: 6/6
Using max refinement level: 6/6
Using max refinement level: 6/6
Using max refinement level: 6/6
Using max refinement level: 6/6
Using max refinement level: 6/6
Using max refinement level: 6/6
Using max refinement level: 6/6
Using max refinement level: 6/6
Using max refinement level: 6/6
Using max refinement level: 6/6
Using max refinement level: 6/6
Using max refinement level: 6/6
Using max refinement level: 6/6
Using max refinement level: 6/6
Using max refinement level: 6/6
Using max refinement level: 6/6
Using max refinement level: 6/6
Using max refinement level: 6/6
Using max refinement level: 6/6
Using max refinement level: 6/6
Using max refinement level: 6/6
Using max refinement level: 6/6
Using max refinement level: 6/6
Using max refinement level: 6/6
Using max refinement level: 6/6
Using max refinement level: 6/6
Using max refinement level: 6/6
Using max refinement level: 6/6
Using max refinement level: 6/6
Using max refinement level: 6/6
Using max refinement level: 6/6
Using max refinement level: 6/6
Using max refinement level: 6/6
Using max refinement level: 6/6
Using max refinement level: 6/6
Using max refinement level: 6/6
Using max refinement level: 6/6
Using max refinement level: 6/6
Using max refinement level: 6/6
Using max refinement level: 6/6
Using max refinement level: 6/6
Using max refinement level: 6/6
Using max refinement level: 6/6
Using max refinement level: 6/6
Using max refinement level: 6/6
Using max refinement level: 6/6
Using max refinement level: 6/6
Using max refinement level: 6/6
Using max refinement level: 6/6
Using max refinement level: 6/6
Using max refinement level: 6/6
Using max refinement level: 6/6
Using max refinement level: 6/6
Using max refinement level: 6/6
Using max refinement level: 6/6
Using max refinement level: 6/6
Using max refinement level: 6/6
Using max refinement level: 6/6
Using max refinement level: 6/6
Using max refinement level: 6/6
Using max refinement level: 6/6
Using max refinement level: 6/6
Using max refinement level: 6/6
Using max refinement level: 6/6
Using max refinement level: 6/6
Using max refinement level: 6/6
Using max refinement level: 6/6
Using max refinement level: 6/6
Using max refinement level: 6/6
Using max refinement level: 6/6
Using max refinement level: 6/6
Using max refinement level: 6/6
Using max refinement level: 6/6
Using max refinement level: 6/6
Using max refinement level: 6/6
Using max refinement level: 6/6
Using max refinement level: 6/6
Using max refinement level: 6/6
Using max refinement level: 6/6
Using max refinement level: 6/6
Using max refinement level: 6/6
Using max refinement level: 6/6
Using max refinement level: 6/6
Using max refinement level: 6/6
Using max refinement level: 6/6
Using max refinement level: 6/6
Using max refinement level: 6/6
Using max refinement level: 6/6
Using max refinement level: 6/6
Using max refinement level: 6/6
Using max refinement level: 6/6
Using max refinement level: 6/6
Using max refinement level: 6/6
Using max refinement level: 6/6
Using max refinement level: 6/6
Using max refinement level: 6/6
Using max refinement level: 6/6
Using max refinement level: 6/6
Using max refinement level: 6/6
Using max refinement level: 6/6
Using max refinement level: 6/6
Using max refinement level: 6/6
Simulation complete:
  Final L2 error: 0.006281
  Total cost: 230356
  Final elements: 50
  Adaptations: 534
  Cost ratio calculation:
    Total cost: 230356
    Initial elements: 256
    Number of timesteps: 6401
    No-AMR baseline cost: 1638656
    Cost ratio: 0.1406
Generating conventional-AMR baseline with threshold 0.001...
Using max refinement level: 0/6
Using max refinement level: 6/6
Time step updated: 1.000000e-02 -> 1.562500e-04
Running conventional-amr evaluation:
  Initial refinement: 6
  Max refinement level: 6
  Element budget: 50
  Time final: 1.0
  Threshold: 0.001
Starting conventional-amr simulation to time 1.0
Initial elements: 256
Using max refinement level: 6/6
Using max refinement level: 6/6
Using max refinement level: 6/6
Using max refinement level: 6/6
Using max refinement level: 6/6
Using max refinement level: 6/6
Using max refinement level: 6/6
Using max refinement level: 6/6
Using max refinement level: 6/6
Using max refinement level: 6/6
Using max refinement level: 6/6
Using max refinement level: 6/6
Using max refinement level: 6/6
Using max refinement level: 6/6
Using max refinement level: 6/6
Using max refinement level: 6/6
Using max refinement level: 6/6
Using max refinement level: 6/6
Using max refinement level: 6/6
Using max refinement level: 6/6
Using max refinement level: 6/6
Using max refinement level: 6/6
Using max refinement level: 6/6
Using max refinement level: 6/6
Using max refinement level: 6/6
Using max refinement level: 6/6
Using max refinement level: 6/6
Using max refinement level: 6/6
Using max refinement level: 6/6
Using max refinement level: 6/6
Using max refinement level: 6/6
Using max refinement level: 6/6
Using max refinement level: 6/6
Using max refinement level: 6/6
Using max refinement level: 6/6
Using max refinement level: 6/6
Using max refinement level: 6/6
Using max refinement level: 6/6
Using max refinement level: 6/6
Using max refinement level: 6/6
Using max refinement level: 6/6
Using max refinement level: 6/6
Using max refinement level: 6/6
Using max refinement level: 6/6
Using max refinement level: 6/6
Using max refinement level: 6/6
Using max refinement level: 6/6
Using max refinement level: 6/6
Using max refinement level: 6/6
Using max refinement level: 6/6
Using max refinement level: 6/6
Using max refinement level: 6/6
Using max refinement level: 6/6
Using max refinement level: 6/6
Using max refinement level: 6/6
Using max refinement level: 6/6
Using max refinement level: 6/6
Using max refinement level: 6/6
Using max refinement level: 6/6
Using max refinement level: 6/6
Using max refinement level: 6/6
Using max refinement level: 6/6
Using max refinement level: 6/6
Using max refinement level: 6/6
Using max refinement level: 6/6
Using max refinement level: 6/6
Using max refinement level: 6/6
Using max refinement level: 6/6
Using max refinement level: 6/6
Using max refinement level: 6/6
Using max refinement level: 6/6
Using max refinement level: 6/6
Using max refinement level: 6/6
Using max refinement level: 6/6
Using max refinement level: 6/6
Using max refinement level: 6/6
Using max refinement level: 6/6
Using max refinement level: 6/6
Using max refinement level: 6/6
Using max refinement level: 6/6
Using max refinement level: 6/6
Using max refinement level: 6/6
Using max refinement level: 6/6
Using max refinement level: 6/6
Using max refinement level: 6/6
Using max refinement level: 6/6
Using max refinement level: 6/6
Using max refinement level: 6/6
Using max refinement level: 6/6
Using max refinement level: 6/6
Using max refinement level: 6/6
Using max refinement level: 6/6
Using max refinement level: 6/6
Using max refinement level: 6/6
Using max refinement level: 6/6
Using max refinement level: 6/6
Using max refinement level: 6/6
Using max refinement level: 6/6
Using max refinement level: 6/6
Using max refinement level: 6/6
Using max refinement level: 6/6
Using max refinement level: 6/6
Using max refinement level: 6/6
Using max refinement level: 6/6
Using max refinement level: 6/6
Using max refinement level: 6/6
Using max refinement level: 6/6
Using max refinement level: 6/6
Using max refinement level: 6/6
Using max refinement level: 6/6
Using max refinement level: 6/6
Using max refinement level: 6/6
Using max refinement level: 6/6
Using max refinement level: 6/6
Using max refinement level: 6/6
Using max refinement level: 6/6
Using max refinement level: 6/6
Using max refinement level: 6/6
Using max refinement level: 6/6
Using max refinement level: 6/6
Using max refinement level: 6/6
Using max refinement level: 6/6
Using max refinement level: 6/6
Using max refinement level: 6/6
Using max refinement level: 6/6
Using max refinement level: 6/6
Using max refinement level: 6/6
Using max refinement level: 6/6
Using max refinement level: 6/6
Using max refinement level: 6/6
Using max refinement level: 6/6
Using max refinement level: 6/6
Using max refinement level: 6/6
Using max refinement level: 6/6
Using max refinement level: 6/6
Using max refinement level: 6/6
Using max refinement level: 6/6
Using max refinement level: 6/6
Using max refinement level: 6/6
Using max refinement level: 6/6
Using max refinement level: 6/6
Using max refinement level: 6/6
Using max refinement level: 6/6
Using max refinement level: 6/6
Using max refinement level: 6/6
Using max refinement level: 6/6
Using max refinement level: 6/6
Using max refinement level: 6/6
Using max refinement level: 6/6
Using max refinement level: 6/6
Using max refinement level: 6/6
Using max refinement level: 6/6
Using max refinement level: 6/6
Using max refinement level: 6/6
Using max refinement level: 6/6
Using max refinement level: 6/6
Using max refinement level: 6/6
Using max refinement level: 6/6
Using max refinement level: 6/6
Using max refinement level: 6/6
Using max refinement level: 6/6
Using max refinement level: 6/6
Using max refinement level: 6/6
Using max refinement level: 6/6
Using max refinement level: 6/6
Using max refinement level: 6/6
Using max refinement level: 6/6
Using max refinement level: 6/6
Using max refinement level: 6/6
Using max refinement level: 6/6
Using max refinement level: 6/6
Using max refinement level: 6/6
Using max refinement level: 6/6
Time step updated: 1.562500e-04 -> 2.343750e-04
Using max refinement level: 6/6
Using max refinement level: 6/6
Using max refinement level: 6/6
Using max refinement level: 6/6
Using max refinement level: 6/6
Using max refinement level: 6/6
Using max refinement level: 6/6
Using max refinement level: 6/6
Using max refinement level: 6/6
Using max refinement level: 6/6
Using max refinement level: 6/6
Using max refinement level: 6/6
Using max refinement level: 6/6
Using max refinement level: 6/6
Using max refinement level: 6/6
Using max refinement level: 6/6
Using max refinement level: 6/6
Using max refinement level: 6/6
Using max refinement level: 6/6
Using max refinement level: 6/6
Using max refinement level: 6/6
Using max refinement level: 6/6
Using max refinement level: 6/6
Using max refinement level: 6/6
Using max refinement level: 6/6
Using max refinement level: 6/6
Using max refinement level: 6/6
Using max refinement level: 6/6
Using max refinement level: 6/6
Using max refinement level: 6/6
Using max refinement level: 6/6
Using max refinement level: 6/6
Using max refinement level: 6/6
Using max refinement level: 6/6
Using max refinement level: 6/6
Using max refinement level: 6/6
Using max refinement level: 6/6
Using max refinement level: 6/6
Using max refinement level: 6/6
Using max refinement level: 6/6
Using max refinement level: 6/6
Using max refinement level: 6/6
Using max refinement level: 6/6
Using max refinement level: 6/6
Using max refinement level: 6/6
Using max refinement level: 6/6
Using max refinement level: 6/6
Using max refinement level: 6/6
Using max refinement level: 6/6
Using max refinement level: 6/6
Using max refinement level: 6/6
Using max refinement level: 6/6
Using max refinement level: 6/6
Using max refinement level: 6/6
Using max refinement level: 6/6
Using max refinement level: 6/6
Using max refinement level: 6/6
Using max refinement level: 6/6
Using max refinement level: 6/6
Using max refinement level: 6/6
Using max refinement level: 6/6
Using max refinement level: 6/6
Using max refinement level: 6/6
Using max refinement level: 6/6
Using max refinement level: 6/6
Using max refinement level: 6/6
Using max refinement level: 6/6
Using max refinement level: 6/6
Using max refinement level: 6/6
Using max refinement level: 6/6
Using max refinement level: 6/6
Using max refinement level: 6/6
Using max refinement level: 6/6
Using max refinement level: 6/6
Using max refinement level: 6/6
Using max refinement level: 6/6
Using max refinement level: 6/6
Using max refinement level: 6/6
Using max refinement level: 6/6
Using max refinement level: 6/6
Using max refinement level: 6/6
Using max refinement level: 6/6
Using max refinement level: 6/6
Using max refinement level: 6/6
Using max refinement level: 6/6
Using max refinement level: 6/6
Using max refinement level: 6/6
Using max refinement level: 6/6
Using max refinement level: 6/6
Using max refinement level: 6/6
Using max refinement level: 6/6
Using max refinement level: 6/6
Using max refinement level: 6/6
Using max refinement level: 6/6
Using max refinement level: 6/6
Using max refinement level: 6/6
Using max refinement level: 6/6
Using max refinement level: 6/6
Using max refinement level: 6/6
Using max refinement level: 6/6
Using max refinement level: 6/6
Using max refinement level: 6/6
Using max refinement level: 6/6
Using max refinement level: 6/6
Using max refinement level: 6/6
Using max refinement level: 6/6
Using max refinement level: 6/6
Using max refinement level: 6/6
Using max refinement level: 6/6
Using max refinement level: 6/6
Using max refinement level: 6/6
Using max refinement level: 6/6
Using max refinement level: 6/6
Using max refinement level: 6/6
Using max refinement level: 6/6
Using max refinement level: 6/6
Using max refinement level: 6/6
Using max refinement level: 6/6
Using max refinement level: 6/6
Using max refinement level: 6/6
Using max refinement level: 6/6
Using max refinement level: 6/6
Using max refinement level: 6/6
Using max refinement level: 6/6
Using max refinement level: 6/6
Using max refinement level: 6/6
Using max refinement level: 6/6
Using max refinement level: 6/6
Using max refinement level: 6/6
Using max refinement level: 6/6
Using max refinement level: 6/6
Using max refinement level: 6/6
Using max refinement level: 6/6
Using max refinement level: 6/6
Using max refinement level: 6/6
Using max refinement level: 6/6
Using max refinement level: 6/6
Using max refinement level: 6/6
Using max refinement level: 6/6
Using max refinement level: 6/6
Using max refinement level: 6/6
Using max refinement level: 6/6
Using max refinement level: 6/6
Using max refinement level: 6/6
Using max refinement level: 6/6
Using max refinement level: 6/6
Using max refinement level: 6/6
Using max refinement level: 6/6
Using max refinement level: 6/6
Using max refinement level: 6/6
Using max refinement level: 6/6
Using max refinement level: 6/6
Using max refinement level: 6/6
Using max refinement level: 6/6
Using max refinement level: 6/6
Using max refinement level: 6/6
Using max refinement level: 6/6
Using max refinement level: 6/6
Using max refinement level: 6/6
Using max refinement level: 6/6
Using max refinement level: 6/6
Using max refinement level: 6/6
Using max refinement level: 6/6
Using max refinement level: 6/6
Using max refinement level: 6/6
Using max refinement level: 6/6
Using max refinement level: 6/6
Using max refinement level: 6/6
Using max refinement level: 6/6
Using max refinement level: 6/6
Using max refinement level: 6/6
Using max refinement level: 6/6
Using max refinement level: 6/6
Using max refinement level: 6/6
Using max refinement level: 6/6
Using max refinement level: 6/6
Using max refinement level: 6/6
Using max refinement level: 6/6
Using max refinement level: 6/6
Using max refinement level: 6/6
Using max refinement level: 6/6
Using max refinement level: 6/6
Using max refinement level: 6/6
Using max refinement level: 6/6
Using max refinement level: 6/6
Using max refinement level: 6/6
Using max refinement level: 6/6
Using max refinement level: 6/6
Using max refinement level: 6/6
Using max refinement level: 6/6
Using max refinement level: 6/6
Using max refinement level: 6/6
Using max refinement level: 6/6
Using max refinement level: 6/6
Using max refinement level: 6/6
Using max refinement level: 6/6
Using max refinement level: 6/6
Using max refinement level: 6/6
Using max refinement level: 6/6
Using max refinement level: 6/6
Using max refinement level: 6/6
Time step updated: 2.343750e-04 -> 1.562500e-04
Using max refinement level: 6/6
Using max refinement level: 6/6
Using max refinement level: 6/6
Using max refinement level: 6/6
Using max refinement level: 6/6
Using max refinement level: 6/6
Using max refinement level: 6/6
Using max refinement level: 6/6
Using max refinement level: 6/6
Using max refinement level: 6/6
Using max refinement level: 6/6
Using max refinement level: 6/6
Using max refinement level: 6/6
Using max refinement level: 6/6
Using max refinement level: 6/6
Using max refinement level: 6/6
Using max refinement level: 6/6
Using max refinement level: 6/6
Using max refinement level: 6/6
Using max refinement level: 6/6
Using max refinement level: 6/6
Using max refinement level: 6/6
Using max refinement level: 6/6
Using max refinement level: 6/6
Using max refinement level: 6/6
Using max refinement level: 6/6
Using max refinement level: 6/6
Using max refinement level: 6/6
Using max refinement level: 6/6
Using max refinement level: 6/6
Using max refinement level: 6/6
Using max refinement level: 6/6
Using max refinement level: 6/6
Using max refinement level: 6/6
Using max refinement level: 6/6
Using max refinement level: 6/6
Using max refinement level: 6/6
Using max refinement level: 6/6
Using max refinement level: 6/6
Using max refinement level: 6/6
Using max refinement level: 6/6
Using max refinement level: 6/6
Using max refinement level: 6/6
Using max refinement level: 6/6
Using max refinement level: 6/6
Using max refinement level: 6/6
Using max refinement level: 6/6
Using max refinement level: 6/6
Using max refinement level: 6/6
Using max refinement level: 6/6
Using max refinement level: 6/6
Using max refinement level: 6/6
Using max refinement level: 6/6
Using max refinement level: 6/6
Using max refinement level: 6/6
Using max refinement level: 6/6
Using max refinement level: 6/6
Using max refinement level: 6/6
Using max refinement level: 6/6
Using max refinement level: 6/6
Using max refinement level: 6/6
Using max refinement level: 6/6
Using max refinement level: 6/6
Using max refinement level: 6/6
Using max refinement level: 6/6
Using max refinement level: 6/6
Using max refinement level: 6/6
Using max refinement level: 6/6
Using max refinement level: 6/6
Using max refinement level: 6/6
Using max refinement level: 6/6
Using max refinement level: 6/6
Using max refinement level: 6/6
Using max refinement level: 6/6
Using max refinement level: 6/6
Using max refinement level: 6/6
Using max refinement level: 6/6
Using max refinement level: 6/6
Using max refinement level: 6/6
Using max refinement level: 6/6
Using max refinement level: 6/6
Using max refinement level: 6/6
Using max refinement level: 6/6
Using max refinement level: 6/6
Using max refinement level: 6/6
Using max refinement level: 6/6
Using max refinement level: 6/6
Using max refinement level: 6/6
Using max refinement level: 6/6
Using max refinement level: 6/6
Using max refinement level: 6/6
Using max refinement level: 6/6
Using max refinement level: 6/6
Using max refinement level: 6/6
Using max refinement level: 6/6
Using max refinement level: 6/6
Using max refinement level: 6/6
Using max refinement level: 6/6
Using max refinement level: 6/6
Using max refinement level: 6/6
Using max refinement level: 6/6
Using max refinement level: 6/6
Using max refinement level: 6/6
Using max refinement level: 6/6
Using max refinement level: 6/6
Using max refinement level: 6/6
Using max refinement level: 6/6
Using max refinement level: 6/6
Using max refinement level: 6/6
Using max refinement level: 6/6
Using max refinement level: 6/6
Using max refinement level: 6/6
Using max refinement level: 6/6
Using max refinement level: 6/6
Using max refinement level: 6/6
Using max refinement level: 6/6
Using max refinement level: 6/6
Using max refinement level: 6/6
Using max refinement level: 6/6
Using max refinement level: 6/6
Using max refinement level: 6/6
Using max refinement level: 6/6
Using max refinement level: 6/6
Using max refinement level: 6/6
Using max refinement level: 6/6
Using max refinement level: 6/6
Using max refinement level: 6/6
Using max refinement level: 6/6
Using max refinement level: 6/6
Using max refinement level: 6/6
Using max refinement level: 6/6
Using max refinement level: 6/6
Using max refinement level: 6/6
Using max refinement level: 6/6
Using max refinement level: 6/6
Using max refinement level: 6/6
Using max refinement level: 6/6
Using max refinement level: 6/6
Using max refinement level: 6/6
Using max refinement level: 6/6
Using max refinement level: 6/6
Using max refinement level: 6/6
Using max refinement level: 6/6
Using max refinement level: 6/6
Using max refinement level: 6/6
Using max refinement level: 6/6
Using max refinement level: 6/6
Using max refinement level: 6/6
Using max refinement level: 6/6
Using max refinement level: 6/6
Using max refinement level: 6/6
Using max refinement level: 6/6
Using max refinement level: 6/6
Using max refinement level: 6/6
Using max refinement level: 6/6
Using max refinement level: 6/6
Using max refinement level: 6/6
Using max refinement level: 6/6
Using max refinement level: 6/6
Using max refinement level: 6/6
Using max refinement level: 6/6
Using max refinement level: 6/6
Using max refinement level: 6/6
Using max refinement level: 6/6
Using max refinement level: 6/6
Using max refinement level: 6/6
Using max refinement level: 6/6
Using max refinement level: 6/6
Simulation complete:
  Final L2 error: 0.000725
  Total cost: 276427
  Final elements: 60
  Adaptations: 533
  Cost ratio calculation:
    Total cost: 276427
    Initial elements: 256
    Number of timesteps: 6401
    No-AMR baseline cost: 1638656
    Cost ratio: 0.1687
Generating conventional-AMR baseline with threshold 0.0001...
Using max refinement level: 0/6
Using max refinement level: 6/6
Time step updated: 1.000000e-02 -> 1.562500e-04
Running conventional-amr evaluation:
  Initial refinement: 6
  Max refinement level: 6
  Element budget: 50
  Time final: 1.0
  Threshold: 0.0001
Starting conventional-amr simulation to time 1.0
Initial elements: 256
Using max refinement level: 6/6
Using max refinement level: 6/6
Using max refinement level: 6/6
Using max refinement level: 6/6
Using max refinement level: 6/6
Using max refinement level: 6/6
Using max refinement level: 6/6
Using max refinement level: 6/6
Using max refinement level: 6/6
Using max refinement level: 6/6
Using max refinement level: 6/6
Using max refinement level: 6/6
Using max refinement level: 6/6
Using max refinement level: 6/6
Using max refinement level: 6/6
Using max refinement level: 6/6
Using max refinement level: 6/6
Using max refinement level: 6/6
Using max refinement level: 6/6
Using max refinement level: 6/6
Using max refinement level: 6/6
Using max refinement level: 6/6
Using max refinement level: 6/6
Using max refinement level: 6/6
Using max refinement level: 6/6
Using max refinement level: 6/6
Using max refinement level: 6/6
Using max refinement level: 6/6
Using max refinement level: 6/6
Using max refinement level: 6/6
Using max refinement level: 6/6
Using max refinement level: 6/6
Using max refinement level: 6/6
Using max refinement level: 6/6
Using max refinement level: 6/6
Using max refinement level: 6/6
Using max refinement level: 6/6
Using max refinement level: 6/6
Using max refinement level: 6/6
Using max refinement level: 6/6
Using max refinement level: 6/6
Using max refinement level: 6/6
Using max refinement level: 6/6
Using max refinement level: 6/6
Using max refinement level: 6/6
Using max refinement level: 6/6
Using max refinement level: 6/6
Using max refinement level: 6/6
Using max refinement level: 6/6
Using max refinement level: 6/6
Using max refinement level: 6/6
Using max refinement level: 6/6
Using max refinement level: 6/6
Using max refinement level: 6/6
Using max refinement level: 6/6
Using max refinement level: 6/6
Using max refinement level: 6/6
Using max refinement level: 6/6
Using max refinement level: 6/6
Using max refinement level: 6/6
Using max refinement level: 6/6
Using max refinement level: 6/6
Using max refinement level: 6/6
Using max refinement level: 6/6
Using max refinement level: 6/6
Using max refinement level: 6/6
Using max refinement level: 6/6
Using max refinement level: 6/6
Using max refinement level: 6/6
Using max refinement level: 6/6
Using max refinement level: 6/6
Using max refinement level: 6/6
Using max refinement level: 6/6
Using max refinement level: 6/6
Using max refinement level: 6/6
Using max refinement level: 6/6
Using max refinement level: 6/6
Using max refinement level: 6/6
Using max refinement level: 6/6
Using max refinement level: 6/6
Using max refinement level: 6/6
Using max refinement level: 6/6
Using max refinement level: 6/6
Using max refinement level: 6/6
Using max refinement level: 6/6
Using max refinement level: 6/6
Using max refinement level: 6/6
Using max refinement level: 6/6
Using max refinement level: 6/6
Using max refinement level: 6/6
Using max refinement level: 6/6
Using max refinement level: 6/6
Using max refinement level: 6/6
Using max refinement level: 6/6
Using max refinement level: 6/6
Using max refinement level: 6/6
Using max refinement level: 6/6
Using max refinement level: 6/6
Using max refinement level: 6/6
Using max refinement level: 6/6
Using max refinement level: 6/6
Using max refinement level: 6/6
Using max refinement level: 6/6
Using max refinement level: 6/6
Using max refinement level: 6/6
Using max refinement level: 6/6
Using max refinement level: 6/6
Using max refinement level: 6/6
Using max refinement level: 6/6
Using max refinement level: 6/6
Using max refinement level: 6/6
Using max refinement level: 6/6
Using max refinement level: 6/6
Using max refinement level: 6/6
Using max refinement level: 6/6
Using max refinement level: 6/6
Using max refinement level: 6/6
Using max refinement level: 6/6
Using max refinement level: 6/6
Using max refinement level: 6/6
Using max refinement level: 6/6
Using max refinement level: 6/6
Using max refinement level: 6/6
Using max refinement level: 6/6
Using max refinement level: 6/6
Using max refinement level: 6/6
Using max refinement level: 6/6
Using max refinement level: 6/6
Using max refinement level: 6/6
Using max refinement level: 6/6
Using max refinement level: 6/6
Using max refinement level: 6/6
Using max refinement level: 6/6
Using max refinement level: 6/6
Using max refinement level: 6/6
Using max refinement level: 6/6
Using max refinement level: 6/6
Using max refinement level: 6/6
Using max refinement level: 6/6
Using max refinement level: 6/6
Using max refinement level: 6/6
Using max refinement level: 6/6
Using max refinement level: 6/6
Using max refinement level: 6/6
Using max refinement level: 6/6
Using max refinement level: 6/6
Using max refinement level: 6/6
Using max refinement level: 6/6
Using max refinement level: 6/6
Using max refinement level: 6/6
Using max refinement level: 6/6
Using max refinement level: 6/6
Using max refinement level: 6/6
Using max refinement level: 6/6
Using max refinement level: 6/6
Using max refinement level: 6/6
Using max refinement level: 6/6
Using max refinement level: 6/6
Using max refinement level: 6/6
Using max refinement level: 6/6
Using max refinement level: 6/6
Using max refinement level: 6/6
Using max refinement level: 6/6
Using max refinement level: 6/6
Using max refinement level: 6/6
Using max refinement level: 6/6
Using max refinement level: 6/6
Using max refinement level: 6/6
Using max refinement level: 6/6
Using max refinement level: 6/6
Using max refinement level: 6/6
Using max refinement level: 6/6
Using max refinement level: 6/6
Using max refinement level: 6/6
Using max refinement level: 6/6
Using max refinement level: 6/6
Using max refinement level: 6/6
Using max refinement level: 6/6
Using max refinement level: 6/6
Using max refinement level: 6/6
Using max refinement level: 6/6
Using max refinement level: 6/6
Using max refinement level: 6/6
Time step updated: 1.562500e-04 -> 2.343750e-04
Using max refinement level: 6/6
Using max refinement level: 6/6
Using max refinement level: 6/6
Using max refinement level: 6/6
Using max refinement level: 6/6
Using max refinement level: 6/6
Using max refinement level: 6/6
Using max refinement level: 6/6
Using max refinement level: 6/6
Using max refinement level: 6/6
Using max refinement level: 6/6
Using max refinement level: 6/6
Using max refinement level: 6/6
Using max refinement level: 6/6
Using max refinement level: 6/6
Using max refinement level: 6/6
Using max refinement level: 6/6
Using max refinement level: 6/6
Using max refinement level: 6/6
Using max refinement level: 6/6
Using max refinement level: 6/6
Using max refinement level: 6/6
Using max refinement level: 6/6
Using max refinement level: 6/6
Using max refinement level: 6/6
Using max refinement level: 6/6
Using max refinement level: 6/6
Using max refinement level: 6/6
Using max refinement level: 6/6
Using max refinement level: 6/6
Using max refinement level: 6/6
Using max refinement level: 6/6
Using max refinement level: 6/6
Using max refinement level: 6/6
Using max refinement level: 6/6
Using max refinement level: 6/6
Using max refinement level: 6/6
Using max refinement level: 6/6
Using max refinement level: 6/6
Using max refinement level: 6/6
Using max refinement level: 6/6
Using max refinement level: 6/6
Using max refinement level: 6/6
Using max refinement level: 6/6
Using max refinement level: 6/6
Using max refinement level: 6/6
Using max refinement level: 6/6
Using max refinement level: 6/6
Using max refinement level: 6/6
Using max refinement level: 6/6
Using max refinement level: 6/6
Using max refinement level: 6/6
Using max refinement level: 6/6
Using max refinement level: 6/6
Using max refinement level: 6/6
Using max refinement level: 6/6
Using max refinement level: 6/6
Using max refinement level: 6/6
Using max refinement level: 6/6
Using max refinement level: 6/6
Using max refinement level: 6/6
Using max refinement level: 6/6
Using max refinement level: 6/6
Using max refinement level: 6/6
Using max refinement level: 6/6
Using max refinement level: 6/6
Using max refinement level: 6/6
Using max refinement level: 6/6
Using max refinement level: 6/6
Using max refinement level: 6/6
Using max refinement level: 6/6
Using max refinement level: 6/6
Using max refinement level: 6/6
Using max refinement level: 6/6
Using max refinement level: 6/6
Using max refinement level: 6/6
Using max refinement level: 6/6
Using max refinement level: 6/6
Using max refinement level: 6/6
Using max refinement level: 6/6
Using max refinement level: 6/6
Using max refinement level: 6/6
Using max refinement level: 6/6
Using max refinement level: 6/6
Using max refinement level: 6/6
Using max refinement level: 6/6
Using max refinement level: 6/6
Using max refinement level: 6/6
Using max refinement level: 6/6
Using max refinement level: 6/6
Using max refinement level: 6/6
Using max refinement level: 6/6
Using max refinement level: 6/6
Using max refinement level: 6/6
Using max refinement level: 6/6
Using max refinement level: 6/6
Using max refinement level: 6/6
Using max refinement level: 6/6
Using max refinement level: 6/6
Using max refinement level: 6/6
Using max refinement level: 6/6
Using max refinement level: 6/6
Using max refinement level: 6/6
Using max refinement level: 6/6
Using max refinement level: 6/6
Using max refinement level: 6/6
Using max refinement level: 6/6
Using max refinement level: 6/6
Using max refinement level: 6/6
Using max refinement level: 6/6
Using max refinement level: 6/6
Using max refinement level: 6/6
Using max refinement level: 6/6
Using max refinement level: 6/6
Using max refinement level: 6/6
Using max refinement level: 6/6
Using max refinement level: 6/6
Using max refinement level: 6/6
Using max refinement level: 6/6
Using max refinement level: 6/6
Using max refinement level: 6/6
Using max refinement level: 6/6
Using max refinement level: 6/6
Using max refinement level: 6/6
Using max refinement level: 6/6
Using max refinement level: 6/6
Using max refinement level: 6/6
Using max refinement level: 6/6
Using max refinement level: 6/6
Using max refinement level: 6/6
Using max refinement level: 6/6
Using max refinement level: 6/6
Using max refinement level: 6/6
Using max refinement level: 6/6
Using max refinement level: 6/6
Using max refinement level: 6/6
Using max refinement level: 6/6
Using max refinement level: 6/6
Using max refinement level: 6/6
Using max refinement level: 6/6
Using max refinement level: 6/6
Using max refinement level: 6/6
Using max refinement level: 6/6
Using max refinement level: 6/6
Using max refinement level: 6/6
Using max refinement level: 6/6
Using max refinement level: 6/6
Using max refinement level: 6/6
Using max refinement level: 6/6
Using max refinement level: 6/6
Using max refinement level: 6/6
Using max refinement level: 6/6
Using max refinement level: 6/6
Using max refinement level: 6/6
Using max refinement level: 6/6
Using max refinement level: 6/6
Using max refinement level: 6/6
Using max refinement level: 6/6
Using max refinement level: 6/6
Using max refinement level: 6/6
Using max refinement level: 6/6
Using max refinement level: 6/6
Using max refinement level: 6/6
Using max refinement level: 6/6
Using max refinement level: 6/6
Using max refinement level: 6/6
Using max refinement level: 6/6
Using max refinement level: 6/6
Using max refinement level: 6/6
Using max refinement level: 6/6
Using max refinement level: 6/6
Using max refinement level: 6/6
Using max refinement level: 6/6
Using max refinement level: 6/6
Using max refinement level: 6/6
Using max refinement level: 6/6
Using max refinement level: 6/6
Using max refinement level: 6/6
Using max refinement level: 6/6
Using max refinement level: 6/6
Using max refinement level: 6/6
Using max refinement level: 6/6
Using max refinement level: 6/6
Using max refinement level: 6/6
Using max refinement level: 6/6
Using max refinement level: 6/6
Using max refinement level: 6/6
Using max refinement level: 6/6
Using max refinement level: 6/6
Using max refinement level: 6/6
Using max refinement level: 6/6
Using max refinement level: 6/6
Using max refinement level: 6/6
Using max refinement level: 6/6
Using max refinement level: 6/6
Using max refinement level: 6/6
Using max refinement level: 6/6
Time step updated: 2.343750e-04 -> 1.562500e-04
Using max refinement level: 6/6
Using max refinement level: 6/6
Using max refinement level: 6/6
Using max refinement level: 6/6
Using max refinement level: 6/6
Using max refinement level: 6/6
Using max refinement level: 6/6
Using max refinement level: 6/6
Using max refinement level: 6/6
Using max refinement level: 6/6
Using max refinement level: 6/6
Using max refinement level: 6/6
Using max refinement level: 6/6
Using max refinement level: 6/6
Using max refinement level: 6/6
Using max refinement level: 6/6
Using max refinement level: 6/6
Using max refinement level: 6/6
Using max refinement level: 6/6
Using max refinement level: 6/6
Using max refinement level: 6/6
Using max refinement level: 6/6
Using max refinement level: 6/6
Using max refinement level: 6/6
Using max refinement level: 6/6
Using max refinement level: 6/6
Using max refinement level: 6/6
Using max refinement level: 6/6
Using max refinement level: 6/6
Using max refinement level: 6/6
Using max refinement level: 6/6
Using max refinement level: 6/6
Using max refinement level: 6/6
Using max refinement level: 6/6
Using max refinement level: 6/6
Using max refinement level: 6/6
Using max refinement level: 6/6
Using max refinement level: 6/6
Using max refinement level: 6/6
Using max refinement level: 6/6
Using max refinement level: 6/6
Using max refinement level: 6/6
Using max refinement level: 6/6
Using max refinement level: 6/6
Using max refinement level: 6/6
Using max refinement level: 6/6
Using max refinement level: 6/6
Using max refinement level: 6/6
Using max refinement level: 6/6
Using max refinement level: 6/6
Using max refinement level: 6/6
Using max refinement level: 6/6
Using max refinement level: 6/6
Using max refinement level: 6/6
Using max refinement level: 6/6
Using max refinement level: 6/6
Using max refinement level: 6/6
Using max refinement level: 6/6
Using max refinement level: 6/6
Using max refinement level: 6/6
Using max refinement level: 6/6
Using max refinement level: 6/6
Using max refinement level: 6/6
Using max refinement level: 6/6
Using max refinement level: 6/6
Using max refinement level: 6/6
Using max refinement level: 6/6
Using max refinement level: 6/6
Using max refinement level: 6/6
Using max refinement level: 6/6
Using max refinement level: 6/6
Using max refinement level: 6/6
Using max refinement level: 6/6
Using max refinement level: 6/6
Using max refinement level: 6/6
Using max refinement level: 6/6
Using max refinement level: 6/6
Using max refinement level: 6/6
Using max refinement level: 6/6
Using max refinement level: 6/6
Using max refinement level: 6/6
Using max refinement level: 6/6
Using max refinement level: 6/6
Using max refinement level: 6/6
Using max refinement level: 6/6
Using max refinement level: 6/6
Using max refinement level: 6/6
Using max refinement level: 6/6
Using max refinement level: 6/6
Using max refinement level: 6/6
Using max refinement level: 6/6
Using max refinement level: 6/6
Using max refinement level: 6/6
Using max refinement level: 6/6
Using max refinement level: 6/6
Using max refinement level: 6/6
Using max refinement level: 6/6
Using max refinement level: 6/6
Using max refinement level: 6/6
Using max refinement level: 6/6
Using max refinement level: 6/6
Using max refinement level: 6/6
Using max refinement level: 6/6
Using max refinement level: 6/6
Using max refinement level: 6/6
Using max refinement level: 6/6
Using max refinement level: 6/6
Using max refinement level: 6/6
Using max refinement level: 6/6
Using max refinement level: 6/6
Using max refinement level: 6/6
Using max refinement level: 6/6
Using max refinement level: 6/6
Using max refinement level: 6/6
Using max refinement level: 6/6
Using max refinement level: 6/6
Using max refinement level: 6/6
Using max refinement level: 6/6
Using max refinement level: 6/6
Using max refinement level: 6/6
Using max refinement level: 6/6
Using max refinement level: 6/6
Using max refinement level: 6/6
Using max refinement level: 6/6
Using max refinement level: 6/6
Using max refinement level: 6/6
Using max refinement level: 6/6
Using max refinement level: 6/6
Using max refinement level: 6/6
Using max refinement level: 6/6
Using max refinement level: 6/6
Using max refinement level: 6/6
Using max refinement level: 6/6
Using max refinement level: 6/6
Using max refinement level: 6/6
Using max refinement level: 6/6
Using max refinement level: 6/6
Using max refinement level: 6/6
Using max refinement level: 6/6
Using max refinement level: 6/6
Using max refinement level: 6/6
Using max refinement level: 6/6
Using max refinement level: 6/6
Using max refinement level: 6/6
Using max refinement level: 6/6
Using max refinement level: 6/6
Using max refinement level: 6/6
Using max refinement level: 6/6
Using max refinement level: 6/6
Using max refinement level: 6/6
Using max refinement level: 6/6
Using max refinement level: 6/6
Using max refinement level: 6/6
Using max refinement level: 6/6
Using max refinement level: 6/6
Using max refinement level: 6/6
Using max refinement level: 6/6
Using max refinement level: 6/6
Using max refinement level: 6/6
Using max refinement level: 6/6
Using max refinement level: 6/6
Using max refinement level: 6/6
Using max refinement level: 6/6
Using max refinement level: 6/6
Using max refinement level: 6/6
Simulation complete:
  Final L2 error: 0.000076
  Total cost: 316047
  Final elements: 66
  Adaptations: 523
  Cost ratio calculation:
    Total cost: 316047
    Initial elements: 256
    Number of timesteps: 6401
    No-AMR baseline cost: 1638656
    Cost ratio: 0.1929
Results saved to: analysis/data/model_performance/session3_100k_uniform/baseline_results_conventional-amr_ref6_budget50_max6.csv
Generated 6 baseline data points
Baseline evaluation complete: analysis/data/model_performance/session3_100k_uniform/baseline_results_conventional-amr_ref6_budget50_max6.csv

Baseline evaluation completed with exit code: 0
End Time: Mon Jul 21 21:44:04 MDT 2025
✓ Baseline file created: /bsuhome/antonechacartegu/projects/drl-amr/1D-Wave-AMR/analysis/data/model_performance/session3_100k_uniform/baseline_results_conventional-amr_ref6_budget50_max6.csv
  File contains 7 lines (expected: 7 = header + 6 thresholds)
==================================================
Job completed at Mon Jul 21 21:44:04 MDT 2025
==================================================
