==================================================
SLURM Job ID: 2044382
Job Name: baseline_ref_6_budget_80
Node: cpu125
Start Time: Wed Jul 16 15:11:55 MDT 2025
==================================================
Working directory: /bsuhome/antonechacartegu/projects/drl-amr/1D-Wave-AMR
Configuration: ref_6_budget_80
Thresholds: 0.3,0.2,0.1,0.01,0.001,0.0001

Starting baseline evaluation...
Time: Wed Jul 16 15:11:55 MDT 2025
Using multiple thresholds: [0.3, 0.2, 0.1, 0.01, 0.001, 0.0001]
Generating conventional-AMR baseline with threshold 0.3...
Using max refinement level: 0/6
Using max refinement level: 6/6
Time step updated: 1.000000e-02 -> 1.562500e-04
Running conventional-amr evaluation:
  Initial refinement: 6
  Max refinement level: 6
  Element budget: 80
  Time final: 1.0
  Threshold: 0.3
Starting conventional-amr simulation to time 1.0
Initial elements: 256
Using max refinement level: 6/6
Using max refinement level: 6/6
Using max refinement level: 6/6
Using max refinement level: 6/6
Using max refinement level: 6/6
Using max refinement level: 6/6
Using max refinement level: 6/6
Using max refinement level: 6/6
Using max refinement level: 6/6
Using max refinement level: 6/6
Using max refinement level: 6/6
Using max refinement level: 6/6
Using max refinement level: 6/6
Using max refinement level: 6/6
Using max refinement level: 6/6
Using max refinement level: 6/6
Using max refinement level: 6/6
Using max refinement level: 6/6
Using max refinement level: 6/6
Using max refinement level: 6/6
Using max refinement level: 6/6
Using max refinement level: 6/6
Using max refinement level: 6/6
Using max refinement level: 6/6
Using max refinement level: 6/6
Using max refinement level: 6/6
Using max refinement level: 6/6
Using max refinement level: 6/6
Using max refinement level: 6/6
Using max refinement level: 6/6
Using max refinement level: 6/6
Using max refinement level: 6/6
Using max refinement level: 6/6
Using max refinement level: 6/6
Using max refinement level: 6/6
Using max refinement level: 6/6
Using max refinement level: 6/6
Using max refinement level: 6/6
Using max refinement level: 6/6
Using max refinement level: 6/6
Using max refinement level: 6/6
Using max refinement level: 6/6
Using max refinement level: 6/6
Using max refinement level: 6/6
Using max refinement level: 6/6
Using max refinement level: 6/6
Using max refinement level: 6/6
Using max refinement level: 6/6
Using max refinement level: 6/6
Using max refinement level: 6/6
Using max refinement level: 6/6
Using max refinement level: 6/6
Using max refinement level: 6/6
Using max refinement level: 6/6
Using max refinement level: 6/6
Using max refinement level: 6/6
Using max refinement level: 6/6
Using max refinement level: 6/6
Using max refinement level: 6/6
Using max refinement level: 6/6
Using max refinement level: 6/6
Using max refinement level: 6/6
Using max refinement level: 6/6
Using max refinement level: 6/6
Using max refinement level: 6/6
Using max refinement level: 6/6
Using max refinement level: 6/6
Using max refinement level: 6/6
Using max refinement level: 6/6
Using max refinement level: 6/6
Using max refinement level: 6/6
Using max refinement level: 6/6
Using max refinement level: 6/6
Using max refinement level: 6/6
Using max refinement level: 6/6
Using max refinement level: 6/6
Using max refinement level: 6/6
Using max refinement level: 6/6
Using max refinement level: 6/6
Using max refinement level: 6/6
Using max refinement level: 6/6
Using max refinement level: 6/6
Using max refinement level: 6/6
Using max refinement level: 6/6
Using max refinement level: 6/6
Using max refinement level: 6/6
Using max refinement level: 6/6
Using max refinement level: 6/6
Using max refinement level: 6/6
Using max refinement level: 6/6
Using max refinement level: 6/6
Using max refinement level: 6/6
Using max refinement level: 6/6
Using max refinement level: 6/6
Using max refinement level: 6/6
Using max refinement level: 6/6
Using max refinement level: 6/6
Using max refinement level: 6/6
Using max refinement level: 6/6
Using max refinement level: 6/6
Using max refinement level: 6/6
Using max refinement level: 6/6
Using max refinement level: 6/6
Using max refinement level: 6/6
Using max refinement level: 6/6
Using max refinement level: 6/6
Using max refinement level: 6/6
Using max refinement level: 6/6
Using max refinement level: 6/6
Using max refinement level: 6/6
Using max refinement level: 6/6
Using max refinement level: 6/6
Using max refinement level: 6/6
Using max refinement level: 6/6
Using max refinement level: 6/6
Using max refinement level: 6/6
Using max refinement level: 6/6
Using max refinement level: 6/6
Using max refinement level: 6/6
Using max refinement level: 6/6
Using max refinement level: 6/6
Using max refinement level: 6/6
Using max refinement level: 6/6
Using max refinement level: 6/6
Using max refinement level: 6/6
Using max refinement level: 6/6
Using max refinement level: 6/6
Using max refinement level: 6/6
Using max refinement level: 6/6
Using max refinement level: 6/6
Using max refinement level: 6/6
Using max refinement level: 6/6
Using max refinement level: 6/6
Using max refinement level: 6/6
Using max refinement level: 6/6
Using max refinement level: 6/6
Using max refinement level: 6/6
Using max refinement level: 6/6
Using max refinement level: 6/6
Using max refinement level: 6/6
Using max refinement level: 6/6
Time step updated: 1.562500e-04 -> 2.343750e-04
Using max refinement level: 6/6
Using max refinement level: 6/6
Using max refinement level: 6/6
Using max refinement level: 6/6
Using max refinement level: 6/6
Using max refinement level: 6/6
Using max refinement level: 6/6
Using max refinement level: 6/6
Using max refinement level: 6/6
Using max refinement level: 6/6
Using max refinement level: 6/6
Using max refinement level: 6/6
Using max refinement level: 6/6
Using max refinement level: 6/6
Using max refinement level: 6/6
Using max refinement level: 6/6
Using max refinement level: 6/6
Using max refinement level: 6/6
Using max refinement level: 6/6
Using max refinement level: 6/6
Using max refinement level: 6/6
Using max refinement level: 6/6
Using max refinement level: 6/6
Using max refinement level: 6/6
Using max refinement level: 6/6
Using max refinement level: 6/6
Using max refinement level: 6/6
Using max refinement level: 6/6
Using max refinement level: 6/6
Using max refinement level: 6/6
Using max refinement level: 6/6
Using max refinement level: 6/6
Using max refinement level: 6/6
Using max refinement level: 6/6
Using max refinement level: 6/6
Using max refinement level: 6/6
Using max refinement level: 6/6
Using max refinement level: 6/6
Using max refinement level: 6/6
Using max refinement level: 6/6
Using max refinement level: 6/6
Using max refinement level: 6/6
Using max refinement level: 6/6
Using max refinement level: 6/6
Using max refinement level: 6/6
Using max refinement level: 6/6
Using max refinement level: 6/6
Using max refinement level: 6/6
Using max refinement level: 6/6
Using max refinement level: 6/6
Using max refinement level: 6/6
Using max refinement level: 6/6
Using max refinement level: 6/6
Using max refinement level: 6/6
Using max refinement level: 6/6
Using max refinement level: 6/6
Using max refinement level: 6/6
Using max refinement level: 6/6
Using max refinement level: 6/6
Using max refinement level: 6/6
Using max refinement level: 6/6
Using max refinement level: 6/6
Using max refinement level: 6/6
Using max refinement level: 6/6
Using max refinement level: 6/6
Using max refinement level: 6/6
Using max refinement level: 6/6
Using max refinement level: 6/6
Using max refinement level: 6/6
Using max refinement level: 6/6
Using max refinement level: 6/6
Using max refinement level: 6/6
Using max refinement level: 6/6
Using max refinement level: 6/6
Using max refinement level: 6/6
Using max refinement level: 6/6
Using max refinement level: 6/6
Using max refinement level: 6/6
Using max refinement level: 6/6
Using max refinement level: 6/6
Using max refinement level: 6/6
Using max refinement level: 6/6
Using max refinement level: 6/6
Using max refinement level: 6/6
Using max refinement level: 6/6
Using max refinement level: 6/6
Using max refinement level: 6/6
Using max refinement level: 6/6
Using max refinement level: 6/6
Using max refinement level: 6/6
Using max refinement level: 6/6
Using max refinement level: 6/6
Using max refinement level: 6/6
Using max refinement level: 6/6
Using max refinement level: 6/6
Using max refinement level: 6/6
Using max refinement level: 6/6
Using max refinement level: 6/6
Using max refinement level: 6/6
Using max refinement level: 6/6
Using max refinement level: 6/6
Using max refinement level: 6/6
Using max refinement level: 6/6
Using max refinement level: 6/6
Using max refinement level: 6/6
Using max refinement level: 6/6
Using max refinement level: 6/6
Using max refinement level: 6/6
Using max refinement level: 6/6
Using max refinement level: 6/6
Using max refinement level: 6/6
Using max refinement level: 6/6
Using max refinement level: 6/6
Using max refinement level: 6/6
Using max refinement level: 6/6
Using max refinement level: 6/6
Using max refinement level: 6/6
Using max refinement level: 6/6
Using max refinement level: 6/6
Using max refinement level: 6/6
Using max refinement level: 6/6
Using max refinement level: 6/6
Using max refinement level: 6/6
Using max refinement level: 6/6
Using max refinement level: 6/6
Using max refinement level: 6/6
Using max refinement level: 6/6
Using max refinement level: 6/6
Using max refinement level: 6/6
Using max refinement level: 6/6
Using max refinement level: 6/6
Using max refinement level: 6/6
Using max refinement level: 6/6
Using max refinement level: 6/6
Using max refinement level: 6/6
Using max refinement level: 6/6
Using max refinement level: 6/6
Using max refinement level: 6/6
Using max refinement level: 6/6
Using max refinement level: 6/6
Using max refinement level: 6/6
Using max refinement level: 6/6
Using max refinement level: 6/6
Using max refinement level: 6/6
Using max refinement level: 6/6
Using max refinement level: 6/6
Using max refinement level: 6/6
Using max refinement level: 6/6
Using max refinement level: 6/6
Using max refinement level: 6/6
Using max refinement level: 6/6
Using max refinement level: 6/6
Using max refinement level: 6/6
Using max refinement level: 6/6
Using max refinement level: 6/6
Using max refinement level: 6/6
Using max refinement level: 6/6
Using max refinement level: 6/6
Using max refinement level: 6/6
Using max refinement level: 6/6
Using max refinement level: 6/6
Using max refinement level: 6/6
Using max refinement level: 6/6
Using max refinement level: 6/6
Using max refinement level: 6/6
Using max refinement level: 6/6
Using max refinement level: 6/6
Using max refinement level: 6/6
Using max refinement level: 6/6
Using max refinement level: 6/6
Using max refinement level: 6/6
Using max refinement level: 6/6
Using max refinement level: 6/6
Using max refinement level: 6/6
Using max refinement level: 6/6
Using max refinement level: 6/6
Using max refinement level: 6/6
Using max refinement level: 6/6
Using max refinement level: 6/6
Using max refinement level: 6/6
Using max refinement level: 6/6
Using max refinement level: 6/6
Using max refinement level: 6/6
Using max refinement level: 6/6
Using max refinement level: 6/6
Using max refinement level: 6/6
Using max refinement level: 6/6
Using max refinement level: 6/6
Using max refinement level: 6/6
Using max refinement level: 6/6
Using max refinement level: 6/6
Using max refinement level: 6/6
Using max refinement level: 6/6
Using max refinement level: 6/6
Using max refinement level: 6/6
Using max refinement level: 6/6
Using max refinement level: 6/6
Using max refinement level: 6/6
Using max refinement level: 6/6
Using max refinement level: 6/6
Using max refinement level: 6/6
Using max refinement level: 6/6
Using max refinement level: 6/6
Using max refinement level: 6/6
Using max refinement level: 6/6
Using max refinement level: 6/6
Using max refinement level: 6/6
Using max refinement level: 6/6
Using max refinement level: 6/6
Using max refinement level: 6/6
Using max refinement level: 6/6
Using max refinement level: 6/6
Using max refinement level: 6/6
Using max refinement level: 6/6
Using max refinement level: 6/6
Using max refinement level: 6/6
Using max refinement level: 6/6
Using max refinement level: 6/6
Using max refinement level: 6/6
Using max refinement level: 6/6
Using max refinement level: 6/6
Using max refinement level: 6/6
Using max refinement level: 6/6
Using max refinement level: 6/6
Using max refinement level: 6/6
Using max refinement level: 6/6
Using max refinement level: 6/6
Using max refinement level: 6/6
Using max refinement level: 6/6
Using max refinement level: 6/6
Using max refinement level: 6/6
Time step updated: 2.343750e-04 -> 1.562500e-04
Using max refinement level: 6/6
Using max refinement level: 6/6
Using max refinement level: 6/6
Using max refinement level: 6/6
Using max refinement level: 6/6
Using max refinement level: 6/6
Using max refinement level: 6/6
Using max refinement level: 6/6
Using max refinement level: 6/6
Using max refinement level: 6/6
Using max refinement level: 6/6
Using max refinement level: 6/6
Using max refinement level: 6/6
Using max refinement level: 6/6
Using max refinement level: 6/6
Using max refinement level: 6/6
Using max refinement level: 6/6
Using max refinement level: 6/6
Using max refinement level: 6/6
Using max refinement level: 6/6
Using max refinement level: 6/6
Using max refinement level: 6/6
Using max refinement level: 6/6
Using max refinement level: 6/6
Using max refinement level: 6/6
Using max refinement level: 6/6
Using max refinement level: 6/6
Using max refinement level: 6/6
Using max refinement level: 6/6
Using max refinement level: 6/6
Using max refinement level: 6/6
Using max refinement level: 6/6
Using max refinement level: 6/6
Using max refinement level: 6/6
Using max refinement level: 6/6
Using max refinement level: 6/6
Using max refinement level: 6/6
Using max refinement level: 6/6
Using max refinement level: 6/6
Using max refinement level: 6/6
Using max refinement level: 6/6
Using max refinement level: 6/6
Using max refinement level: 6/6
Using max refinement level: 6/6
Using max refinement level: 6/6
Using max refinement level: 6/6
Using max refinement level: 6/6
Using max refinement level: 6/6
Using max refinement level: 6/6
Using max refinement level: 6/6
Using max refinement level: 6/6
Using max refinement level: 6/6
Using max refinement level: 6/6
Using max refinement level: 6/6
Using max refinement level: 6/6
Using max refinement level: 6/6
Using max refinement level: 6/6
Using max refinement level: 6/6
Using max refinement level: 6/6
Using max refinement level: 6/6
Using max refinement level: 6/6
Using max refinement level: 6/6
Using max refinement level: 6/6
Using max refinement level: 6/6
Using max refinement level: 6/6
Using max refinement level: 6/6
Using max refinement level: 6/6
Using max refinement level: 6/6
Using max refinement level: 6/6
Using max refinement level: 6/6
Using max refinement level: 6/6
Using max refinement level: 6/6
Using max refinement level: 6/6
Using max refinement level: 6/6
Using max refinement level: 6/6
Using max refinement level: 6/6
Using max refinement level: 6/6
Using max refinement level: 6/6
Using max refinement level: 6/6
Using max refinement level: 6/6
Using max refinement level: 6/6
Using max refinement level: 6/6
Using max refinement level: 6/6
Using max refinement level: 6/6
Using max refinement level: 6/6
Using max refinement level: 6/6
Using max refinement level: 6/6
Using max refinement level: 6/6
Using max refinement level: 6/6
Using max refinement level: 6/6
Using max refinement level: 6/6
Using max refinement level: 6/6
Using max refinement level: 6/6
Using max refinement level: 6/6
Using max refinement level: 6/6
Using max refinement level: 6/6
Using max refinement level: 6/6
Using max refinement level: 6/6
Using max refinement level: 6/6
Using max refinement level: 6/6
Using max refinement level: 6/6
Using max refinement level: 6/6
Using max refinement level: 6/6
Using max refinement level: 6/6
Using max refinement level: 6/6
Using max refinement level: 6/6
Using max refinement level: 6/6
Using max refinement level: 6/6
Using max refinement level: 6/6
Using max refinement level: 6/6
Using max refinement level: 6/6
Using max refinement level: 6/6
Using max refinement level: 6/6
Using max refinement level: 6/6
Using max refinement level: 6/6
Using max refinement level: 6/6
Using max refinement level: 6/6
Using max refinement level: 6/6
Using max refinement level: 6/6
Using max refinement level: 6/6
Using max refinement level: 6/6
Using max refinement level: 6/6
Using max refinement level: 6/6
Using max refinement level: 6/6
Using max refinement level: 6/6
Using max refinement level: 6/6
Using max refinement level: 6/6
Using max refinement level: 6/6
Using max refinement level: 6/6
Using max refinement level: 6/6
Using max refinement level: 6/6
Simulation complete:
  Final L2 error: 0.098090
  Total cost: 132111
  Final elements: 27
  Adaptations: 493
Generating conventional-AMR baseline with threshold 0.2...
Using max refinement level: 0/6
Using max refinement level: 6/6
Time step updated: 1.000000e-02 -> 1.562500e-04
Running conventional-amr evaluation:
  Initial refinement: 6
  Max refinement level: 6
  Element budget: 80
  Time final: 1.0
  Threshold: 0.2
Starting conventional-amr simulation to time 1.0
Initial elements: 256
Using max refinement level: 6/6
Using max refinement level: 6/6
Using max refinement level: 6/6
Using max refinement level: 6/6
Using max refinement level: 6/6
Using max refinement level: 6/6
Using max refinement level: 6/6
Using max refinement level: 6/6
Using max refinement level: 6/6
Using max refinement level: 6/6
Using max refinement level: 6/6
Using max refinement level: 6/6
Using max refinement level: 6/6
Using max refinement level: 6/6
Using max refinement level: 6/6
Using max refinement level: 6/6
Using max refinement level: 6/6
Using max refinement level: 6/6
Using max refinement level: 6/6
Using max refinement level: 6/6
Using max refinement level: 6/6
Using max refinement level: 6/6
Using max refinement level: 6/6
Using max refinement level: 6/6
Using max refinement level: 6/6
Using max refinement level: 6/6
Using max refinement level: 6/6
Using max refinement level: 6/6
Using max refinement level: 6/6
Using max refinement level: 6/6
Using max refinement level: 6/6
Using max refinement level: 6/6
Using max refinement level: 6/6
Using max refinement level: 6/6
Using max refinement level: 6/6
Using max refinement level: 6/6
Using max refinement level: 6/6
Using max refinement level: 6/6
Using max refinement level: 6/6
Using max refinement level: 6/6
Using max refinement level: 6/6
Using max refinement level: 6/6
Using max refinement level: 6/6
Using max refinement level: 6/6
Using max refinement level: 6/6
Using max refinement level: 6/6
Using max refinement level: 6/6
Using max refinement level: 6/6
Using max refinement level: 6/6
Using max refinement level: 6/6
Using max refinement level: 6/6
Using max refinement level: 6/6
Using max refinement level: 6/6
Using max refinement level: 6/6
Using max refinement level: 6/6
Using max refinement level: 6/6
Using max refinement level: 6/6
Using max refinement level: 6/6
Using max refinement level: 6/6
Using max refinement level: 6/6
Using max refinement level: 6/6
Using max refinement level: 6/6
Using max refinement level: 6/6
Using max refinement level: 6/6
Using max refinement level: 6/6
Using max refinement level: 6/6
Using max refinement level: 6/6
Using max refinement level: 6/6
Using max refinement level: 6/6
Using max refinement level: 6/6
Using max refinement level: 6/6
Using max refinement level: 6/6
Using max refinement level: 6/6
Using max refinement level: 6/6
Using max refinement level: 6/6
Using max refinement level: 6/6
Using max refinement level: 6/6
Using max refinement level: 6/6
Using max refinement level: 6/6
Using max refinement level: 6/6
Using max refinement level: 6/6
Using max refinement level: 6/6
Using max refinement level: 6/6
Using max refinement level: 6/6
Using max refinement level: 6/6
Using max refinement level: 6/6
Using max refinement level: 6/6
Using max refinement level: 6/6
Using max refinement level: 6/6
Using max refinement level: 6/6
Using max refinement level: 6/6
Using max refinement level: 6/6
Using max refinement level: 6/6
Using max refinement level: 6/6
Using max refinement level: 6/6
Using max refinement level: 6/6
Using max refinement level: 6/6
Using max refinement level: 6/6
Using max refinement level: 6/6
Using max refinement level: 6/6
Using max refinement level: 6/6
Using max refinement level: 6/6
Using max refinement level: 6/6
Using max refinement level: 6/6
Using max refinement level: 6/6
Using max refinement level: 6/6
Using max refinement level: 6/6
Using max refinement level: 6/6
Using max refinement level: 6/6
Using max refinement level: 6/6
Using max refinement level: 6/6
Using max refinement level: 6/6
Using max refinement level: 6/6
Using max refinement level: 6/6
Using max refinement level: 6/6
Using max refinement level: 6/6
Using max refinement level: 6/6
Using max refinement level: 6/6
Using max refinement level: 6/6
Using max refinement level: 6/6
Using max refinement level: 6/6
Using max refinement level: 6/6
Using max refinement level: 6/6
Using max refinement level: 6/6
Using max refinement level: 6/6
Using max refinement level: 6/6
Using max refinement level: 6/6
Using max refinement level: 6/6
Using max refinement level: 6/6
Using max refinement level: 6/6
Using max refinement level: 6/6
Using max refinement level: 6/6
Using max refinement level: 6/6
Using max refinement level: 6/6
Using max refinement level: 6/6
Using max refinement level: 6/6
Using max refinement level: 6/6
Using max refinement level: 6/6
Using max refinement level: 6/6
Using max refinement level: 6/6
Using max refinement level: 6/6
Using max refinement level: 6/6
Using max refinement level: 6/6
Using max refinement level: 6/6
Using max refinement level: 6/6
Time step updated: 1.562500e-04 -> 2.343750e-04
Using max refinement level: 6/6
Using max refinement level: 6/6
Using max refinement level: 6/6
Using max refinement level: 6/6
Using max refinement level: 6/6
Using max refinement level: 6/6
Using max refinement level: 6/6
Using max refinement level: 6/6
Using max refinement level: 6/6
Using max refinement level: 6/6
Using max refinement level: 6/6
Using max refinement level: 6/6
Using max refinement level: 6/6
Using max refinement level: 6/6
Using max refinement level: 6/6
Using max refinement level: 6/6
Using max refinement level: 6/6
Using max refinement level: 6/6
Using max refinement level: 6/6
Using max refinement level: 6/6
Using max refinement level: 6/6
Using max refinement level: 6/6
Using max refinement level: 6/6
Using max refinement level: 6/6
Using max refinement level: 6/6
Using max refinement level: 6/6
Using max refinement level: 6/6
Using max refinement level: 6/6
Using max refinement level: 6/6
Using max refinement level: 6/6
Using max refinement level: 6/6
Using max refinement level: 6/6
Using max refinement level: 6/6
Using max refinement level: 6/6
Using max refinement level: 6/6
Using max refinement level: 6/6
Using max refinement level: 6/6
Using max refinement level: 6/6
Using max refinement level: 6/6
Using max refinement level: 6/6
Using max refinement level: 6/6
Using max refinement level: 6/6
Using max refinement level: 6/6
Using max refinement level: 6/6
Using max refinement level: 6/6
Using max refinement level: 6/6
Using max refinement level: 6/6
Using max refinement level: 6/6
Using max refinement level: 6/6
Using max refinement level: 6/6
Using max refinement level: 6/6
Using max refinement level: 6/6
Using max refinement level: 6/6
Using max refinement level: 6/6
Using max refinement level: 6/6
Using max refinement level: 6/6
Using max refinement level: 6/6
Using max refinement level: 6/6
Using max refinement level: 6/6
Using max refinement level: 6/6
Using max refinement level: 6/6
Using max refinement level: 6/6
Using max refinement level: 6/6
Using max refinement level: 6/6
Using max refinement level: 6/6
Using max refinement level: 6/6
Using max refinement level: 6/6
Using max refinement level: 6/6
Using max refinement level: 6/6
Using max refinement level: 6/6
Using max refinement level: 6/6
Using max refinement level: 6/6
Using max refinement level: 6/6
Using max refinement level: 6/6
Using max refinement level: 6/6
Using max refinement level: 6/6
Using max refinement level: 6/6
Using max refinement level: 6/6
Using max refinement level: 6/6
Using max refinement level: 6/6
Using max refinement level: 6/6
Using max refinement level: 6/6
Using max refinement level: 6/6
Using max refinement level: 6/6
Using max refinement level: 6/6
Using max refinement level: 6/6
Using max refinement level: 6/6
Using max refinement level: 6/6
Using max refinement level: 6/6
Using max refinement level: 6/6
Using max refinement level: 6/6
Using max refinement level: 6/6
Using max refinement level: 6/6
Using max refinement level: 6/6
Using max refinement level: 6/6
Using max refinement level: 6/6
Using max refinement level: 6/6
Using max refinement level: 6/6
Using max refinement level: 6/6
Using max refinement level: 6/6
Using max refinement level: 6/6
Using max refinement level: 6/6
Using max refinement level: 6/6
Using max refinement level: 6/6
Using max refinement level: 6/6
Using max refinement level: 6/6
Using max refinement level: 6/6
Using max refinement level: 6/6
Using max refinement level: 6/6
Using max refinement level: 6/6
Using max refinement level: 6/6
Using max refinement level: 6/6
Using max refinement level: 6/6
Using max refinement level: 6/6
Using max refinement level: 6/6
Using max refinement level: 6/6
Using max refinement level: 6/6
Using max refinement level: 6/6
Using max refinement level: 6/6
Using max refinement level: 6/6
Using max refinement level: 6/6
Using max refinement level: 6/6
Using max refinement level: 6/6
Using max refinement level: 6/6
Using max refinement level: 6/6
Using max refinement level: 6/6
Using max refinement level: 6/6
Using max refinement level: 6/6
Using max refinement level: 6/6
Using max refinement level: 6/6
Using max refinement level: 6/6
Using max refinement level: 6/6
Using max refinement level: 6/6
Using max refinement level: 6/6
Using max refinement level: 6/6
Using max refinement level: 6/6
Using max refinement level: 6/6
Using max refinement level: 6/6
Using max refinement level: 6/6
Using max refinement level: 6/6
Using max refinement level: 6/6
Using max refinement level: 6/6
Using max refinement level: 6/6
Using max refinement level: 6/6
Using max refinement level: 6/6
Using max refinement level: 6/6
Using max refinement level: 6/6
Using max refinement level: 6/6
Using max refinement level: 6/6
Using max refinement level: 6/6
Using max refinement level: 6/6
Using max refinement level: 6/6
Using max refinement level: 6/6
Using max refinement level: 6/6
Using max refinement level: 6/6
Using max refinement level: 6/6
Using max refinement level: 6/6
Using max refinement level: 6/6
Using max refinement level: 6/6
Using max refinement level: 6/6
Using max refinement level: 6/6
Using max refinement level: 6/6
Using max refinement level: 6/6
Using max refinement level: 6/6
Using max refinement level: 6/6
Using max refinement level: 6/6
Using max refinement level: 6/6
Using max refinement level: 6/6
Using max refinement level: 6/6
Using max refinement level: 6/6
Using max refinement level: 6/6
Using max refinement level: 6/6
Using max refinement level: 6/6
Using max refinement level: 6/6
Using max refinement level: 6/6
Using max refinement level: 6/6
Using max refinement level: 6/6
Using max refinement level: 6/6
Using max refinement level: 6/6
Using max refinement level: 6/6
Using max refinement level: 6/6
Using max refinement level: 6/6
Using max refinement level: 6/6
Using max refinement level: 6/6
Using max refinement level: 6/6
Using max refinement level: 6/6
Using max refinement level: 6/6
Using max refinement level: 6/6
Using max refinement level: 6/6
Using max refinement level: 6/6
Using max refinement level: 6/6
Using max refinement level: 6/6
Using max refinement level: 6/6
Using max refinement level: 6/6
Using max refinement level: 6/6
Using max refinement level: 6/6
Using max refinement level: 6/6
Using max refinement level: 6/6
Using max refinement level: 6/6
Using max refinement level: 6/6
Using max refinement level: 6/6
Using max refinement level: 6/6
Using max refinement level: 6/6
Using max refinement level: 6/6
Using max refinement level: 6/6
Using max refinement level: 6/6
Using max refinement level: 6/6
Using max refinement level: 6/6
Using max refinement level: 6/6
Using max refinement level: 6/6
Using max refinement level: 6/6
Using max refinement level: 6/6
Using max refinement level: 6/6
Using max refinement level: 6/6
Using max refinement level: 6/6
Using max refinement level: 6/6
Using max refinement level: 6/6
Using max refinement level: 6/6
Using max refinement level: 6/6
Using max refinement level: 6/6
Using max refinement level: 6/6
Using max refinement level: 6/6
Using max refinement level: 6/6
Using max refinement level: 6/6
Using max refinement level: 6/6
Using max refinement level: 6/6
Using max refinement level: 6/6
Time step updated: 2.343750e-04 -> 1.562500e-04
Using max refinement level: 6/6
Using max refinement level: 6/6
Using max refinement level: 6/6
Using max refinement level: 6/6
Using max refinement level: 6/6
Using max refinement level: 6/6
Using max refinement level: 6/6
Using max refinement level: 6/6
Using max refinement level: 6/6
Using max refinement level: 6/6
Using max refinement level: 6/6
Using max refinement level: 6/6
Using max refinement level: 6/6
Using max refinement level: 6/6
Using max refinement level: 6/6
Using max refinement level: 6/6
Using max refinement level: 6/6
Using max refinement level: 6/6
Using max refinement level: 6/6
Using max refinement level: 6/6
Using max refinement level: 6/6
Using max refinement level: 6/6
Using max refinement level: 6/6
Using max refinement level: 6/6
Using max refinement level: 6/6
Using max refinement level: 6/6
Using max refinement level: 6/6
Using max refinement level: 6/6
Using max refinement level: 6/6
Using max refinement level: 6/6
Using max refinement level: 6/6
Using max refinement level: 6/6
Using max refinement level: 6/6
Using max refinement level: 6/6
Using max refinement level: 6/6
Using max refinement level: 6/6
Using max refinement level: 6/6
Using max refinement level: 6/6
Using max refinement level: 6/6
Using max refinement level: 6/6
Using max refinement level: 6/6
Using max refinement level: 6/6
Using max refinement level: 6/6
Using max refinement level: 6/6
Using max refinement level: 6/6
Using max refinement level: 6/6
Using max refinement level: 6/6
Using max refinement level: 6/6
Using max refinement level: 6/6
Using max refinement level: 6/6
Using max refinement level: 6/6
Using max refinement level: 6/6
Using max refinement level: 6/6
Using max refinement level: 6/6
Using max refinement level: 6/6
Using max refinement level: 6/6
Using max refinement level: 6/6
Using max refinement level: 6/6
Using max refinement level: 6/6
Using max refinement level: 6/6
Using max refinement level: 6/6
Using max refinement level: 6/6
Using max refinement level: 6/6
Using max refinement level: 6/6
Using max refinement level: 6/6
Using max refinement level: 6/6
Using max refinement level: 6/6
Using max refinement level: 6/6
Using max refinement level: 6/6
Using max refinement level: 6/6
Using max refinement level: 6/6
Using max refinement level: 6/6
Using max refinement level: 6/6
Using max refinement level: 6/6
Using max refinement level: 6/6
Using max refinement level: 6/6
Using max refinement level: 6/6
Using max refinement level: 6/6
Using max refinement level: 6/6
Using max refinement level: 6/6
Using max refinement level: 6/6
Using max refinement level: 6/6
Using max refinement level: 6/6
Using max refinement level: 6/6
Using max refinement level: 6/6
Using max refinement level: 6/6
Using max refinement level: 6/6
Using max refinement level: 6/6
Using max refinement level: 6/6
Using max refinement level: 6/6
Using max refinement level: 6/6
Using max refinement level: 6/6
Using max refinement level: 6/6
Using max refinement level: 6/6
Using max refinement level: 6/6
Using max refinement level: 6/6
Using max refinement level: 6/6
Using max refinement level: 6/6
Using max refinement level: 6/6
Using max refinement level: 6/6
Using max refinement level: 6/6
Using max refinement level: 6/6
Using max refinement level: 6/6
Using max refinement level: 6/6
Using max refinement level: 6/6
Using max refinement level: 6/6
Using max refinement level: 6/6
Using max refinement level: 6/6
Using max refinement level: 6/6
Using max refinement level: 6/6
Using max refinement level: 6/6
Using max refinement level: 6/6
Using max refinement level: 6/6
Using max refinement level: 6/6
Using max refinement level: 6/6
Using max refinement level: 6/6
Using max refinement level: 6/6
Using max refinement level: 6/6
Using max refinement level: 6/6
Using max refinement level: 6/6
Using max refinement level: 6/6
Using max refinement level: 6/6
Using max refinement level: 6/6
Using max refinement level: 6/6
Using max refinement level: 6/6
Using max refinement level: 6/6
Using max refinement level: 6/6
Using max refinement level: 6/6
Using max refinement level: 6/6
Using max refinement level: 6/6
Using max refinement level: 6/6
Using max refinement level: 6/6
Using max refinement level: 6/6
Simulation complete:
  Final L2 error: 0.079186
  Total cost: 147787
  Final elements: 31
  Adaptations: 491
Generating conventional-AMR baseline with threshold 0.1...
Using max refinement level: 0/6
Using max refinement level: 6/6
Time step updated: 1.000000e-02 -> 1.562500e-04
Running conventional-amr evaluation:
  Initial refinement: 6
  Max refinement level: 6
  Element budget: 80
  Time final: 1.0
  Threshold: 0.1
Starting conventional-amr simulation to time 1.0
Initial elements: 256
Using max refinement level: 6/6
Using max refinement level: 6/6
Using max refinement level: 6/6
Using max refinement level: 6/6
Using max refinement level: 6/6
Using max refinement level: 6/6
Using max refinement level: 6/6
Using max refinement level: 6/6
Using max refinement level: 6/6
Using max refinement level: 6/6
Using max refinement level: 6/6
Using max refinement level: 6/6
Using max refinement level: 6/6
Using max refinement level: 6/6
Using max refinement level: 6/6
Using max refinement level: 6/6
Using max refinement level: 6/6
Using max refinement level: 6/6
Using max refinement level: 6/6
Using max refinement level: 6/6
Using max refinement level: 6/6
Using max refinement level: 6/6
Using max refinement level: 6/6
Using max refinement level: 6/6
Using max refinement level: 6/6
Using max refinement level: 6/6
Using max refinement level: 6/6
Using max refinement level: 6/6
Using max refinement level: 6/6
Using max refinement level: 6/6
Using max refinement level: 6/6
Using max refinement level: 6/6
Using max refinement level: 6/6
Using max refinement level: 6/6
Using max refinement level: 6/6
Using max refinement level: 6/6
Using max refinement level: 6/6
Using max refinement level: 6/6
Using max refinement level: 6/6
Using max refinement level: 6/6
Using max refinement level: 6/6
Using max refinement level: 6/6
Using max refinement level: 6/6
Using max refinement level: 6/6
Using max refinement level: 6/6
Using max refinement level: 6/6
Using max refinement level: 6/6
Using max refinement level: 6/6
Using max refinement level: 6/6
Using max refinement level: 6/6
Using max refinement level: 6/6
Using max refinement level: 6/6
Using max refinement level: 6/6
Using max refinement level: 6/6
Using max refinement level: 6/6
Using max refinement level: 6/6
Using max refinement level: 6/6
Using max refinement level: 6/6
Using max refinement level: 6/6
Using max refinement level: 6/6
Using max refinement level: 6/6
Using max refinement level: 6/6
Using max refinement level: 6/6
Using max refinement level: 6/6
Using max refinement level: 6/6
Using max refinement level: 6/6
Using max refinement level: 6/6
Using max refinement level: 6/6
Using max refinement level: 6/6
Using max refinement level: 6/6
Using max refinement level: 6/6
Using max refinement level: 6/6
Using max refinement level: 6/6
Using max refinement level: 6/6
Using max refinement level: 6/6
Using max refinement level: 6/6
Using max refinement level: 6/6
Using max refinement level: 6/6
Using max refinement level: 6/6
Using max refinement level: 6/6
Using max refinement level: 6/6
Using max refinement level: 6/6
Using max refinement level: 6/6
Using max refinement level: 6/6
Using max refinement level: 6/6
Using max refinement level: 6/6
Using max refinement level: 6/6
Using max refinement level: 6/6
Using max refinement level: 6/6
Using max refinement level: 6/6
Using max refinement level: 6/6
Using max refinement level: 6/6
Using max refinement level: 6/6
Using max refinement level: 6/6
Using max refinement level: 6/6
Using max refinement level: 6/6
Using max refinement level: 6/6
Using max refinement level: 6/6
Using max refinement level: 6/6
Using max refinement level: 6/6
Using max refinement level: 6/6
Using max refinement level: 6/6
Using max refinement level: 6/6
Using max refinement level: 6/6
Using max refinement level: 6/6
Using max refinement level: 6/6
Using max refinement level: 6/6
Using max refinement level: 6/6
Using max refinement level: 6/6
Using max refinement level: 6/6
Using max refinement level: 6/6
Using max refinement level: 6/6
Using max refinement level: 6/6
Using max refinement level: 6/6
Using max refinement level: 6/6
Using max refinement level: 6/6
Using max refinement level: 6/6
Using max refinement level: 6/6
Using max refinement level: 6/6
Using max refinement level: 6/6
Using max refinement level: 6/6
Using max refinement level: 6/6
Using max refinement level: 6/6
Using max refinement level: 6/6
Using max refinement level: 6/6
Using max refinement level: 6/6
Using max refinement level: 6/6
Using max refinement level: 6/6
Using max refinement level: 6/6
Using max refinement level: 6/6
Using max refinement level: 6/6
Using max refinement level: 6/6
Using max refinement level: 6/6
Using max refinement level: 6/6
Using max refinement level: 6/6
Using max refinement level: 6/6
Using max refinement level: 6/6
Using max refinement level: 6/6
Using max refinement level: 6/6
Using max refinement level: 6/6
Using max refinement level: 6/6
Using max refinement level: 6/6
Using max refinement level: 6/6
Using max refinement level: 6/6
Using max refinement level: 6/6
Using max refinement level: 6/6
Using max refinement level: 6/6
Using max refinement level: 6/6
Using max refinement level: 6/6
Using max refinement level: 6/6
Using max refinement level: 6/6
Using max refinement level: 6/6
Using max refinement level: 6/6
Using max refinement level: 6/6
Using max refinement level: 6/6
Using max refinement level: 6/6
Using max refinement level: 6/6
Time step updated: 1.562500e-04 -> 2.343750e-04
Using max refinement level: 6/6
Using max refinement level: 6/6
Using max refinement level: 6/6
Using max refinement level: 6/6
Using max refinement level: 6/6
Using max refinement level: 6/6
Using max refinement level: 6/6
Using max refinement level: 6/6
Using max refinement level: 6/6
Using max refinement level: 6/6
Using max refinement level: 6/6
Using max refinement level: 6/6
Using max refinement level: 6/6
Using max refinement level: 6/6
Using max refinement level: 6/6
Using max refinement level: 6/6
Using max refinement level: 6/6
Using max refinement level: 6/6
Using max refinement level: 6/6
Using max refinement level: 6/6
Using max refinement level: 6/6
Using max refinement level: 6/6
Using max refinement level: 6/6
Using max refinement level: 6/6
Using max refinement level: 6/6
Using max refinement level: 6/6
Using max refinement level: 6/6
Using max refinement level: 6/6
Using max refinement level: 6/6
Using max refinement level: 6/6
Using max refinement level: 6/6
Using max refinement level: 6/6
Using max refinement level: 6/6
Using max refinement level: 6/6
Using max refinement level: 6/6
Using max refinement level: 6/6
Using max refinement level: 6/6
Using max refinement level: 6/6
Using max refinement level: 6/6
Using max refinement level: 6/6
Using max refinement level: 6/6
Using max refinement level: 6/6
Using max refinement level: 6/6
Using max refinement level: 6/6
Using max refinement level: 6/6
Using max refinement level: 6/6
Using max refinement level: 6/6
Using max refinement level: 6/6
Using max refinement level: 6/6
Using max refinement level: 6/6
Using max refinement level: 6/6
Using max refinement level: 6/6
Using max refinement level: 6/6
Using max refinement level: 6/6
Using max refinement level: 6/6
Using max refinement level: 6/6
Using max refinement level: 6/6
Using max refinement level: 6/6
Using max refinement level: 6/6
Using max refinement level: 6/6
Using max refinement level: 6/6
Using max refinement level: 6/6
Using max refinement level: 6/6
Using max refinement level: 6/6
Using max refinement level: 6/6
Using max refinement level: 6/6
Using max refinement level: 6/6
Using max refinement level: 6/6
Using max refinement level: 6/6
Using max refinement level: 6/6
Using max refinement level: 6/6
Using max refinement level: 6/6
Using max refinement level: 6/6
Using max refinement level: 6/6
Using max refinement level: 6/6
Using max refinement level: 6/6
Using max refinement level: 6/6
Using max refinement level: 6/6
Using max refinement level: 6/6
Using max refinement level: 6/6
Using max refinement level: 6/6
Using max refinement level: 6/6
Using max refinement level: 6/6
Using max refinement level: 6/6
Using max refinement level: 6/6
Using max refinement level: 6/6
Using max refinement level: 6/6
Using max refinement level: 6/6
Using max refinement level: 6/6
Using max refinement level: 6/6
Using max refinement level: 6/6
Using max refinement level: 6/6
Using max refinement level: 6/6
Using max refinement level: 6/6
Using max refinement level: 6/6
Using max refinement level: 6/6
Using max refinement level: 6/6
Using max refinement level: 6/6
Using max refinement level: 6/6
Using max refinement level: 6/6
Using max refinement level: 6/6
Using max refinement level: 6/6
Using max refinement level: 6/6
Using max refinement level: 6/6
Using max refinement level: 6/6
Using max refinement level: 6/6
Using max refinement level: 6/6
Using max refinement level: 6/6
Using max refinement level: 6/6
Using max refinement level: 6/6
Using max refinement level: 6/6
Using max refinement level: 6/6
Using max refinement level: 6/6
Using max refinement level: 6/6
Using max refinement level: 6/6
Using max refinement level: 6/6
Using max refinement level: 6/6
Using max refinement level: 6/6
Using max refinement level: 6/6
Using max refinement level: 6/6
Using max refinement level: 6/6
Using max refinement level: 6/6
Using max refinement level: 6/6
Using max refinement level: 6/6
Using max refinement level: 6/6
Using max refinement level: 6/6
Using max refinement level: 6/6
Using max refinement level: 6/6
Using max refinement level: 6/6
Using max refinement level: 6/6
Using max refinement level: 6/6
Using max refinement level: 6/6
Using max refinement level: 6/6
Using max refinement level: 6/6
Using max refinement level: 6/6
Using max refinement level: 6/6
Using max refinement level: 6/6
Using max refinement level: 6/6
Using max refinement level: 6/6
Using max refinement level: 6/6
Using max refinement level: 6/6
Using max refinement level: 6/6
Using max refinement level: 6/6
Using max refinement level: 6/6
Using max refinement level: 6/6
Using max refinement level: 6/6
Using max refinement level: 6/6
Using max refinement level: 6/6
Using max refinement level: 6/6
Using max refinement level: 6/6
Using max refinement level: 6/6
Using max refinement level: 6/6
Using max refinement level: 6/6
Using max refinement level: 6/6
Using max refinement level: 6/6
Using max refinement level: 6/6
Using max refinement level: 6/6
Using max refinement level: 6/6
Using max refinement level: 6/6
Using max refinement level: 6/6
Using max refinement level: 6/6
Using max refinement level: 6/6
Using max refinement level: 6/6
Using max refinement level: 6/6
Using max refinement level: 6/6
Using max refinement level: 6/6
Using max refinement level: 6/6
Using max refinement level: 6/6
Using max refinement level: 6/6
Using max refinement level: 6/6
Using max refinement level: 6/6
Using max refinement level: 6/6
Using max refinement level: 6/6
Using max refinement level: 6/6
Using max refinement level: 6/6
Using max refinement level: 6/6
Using max refinement level: 6/6
Using max refinement level: 6/6
Using max refinement level: 6/6
Using max refinement level: 6/6
Using max refinement level: 6/6
Using max refinement level: 6/6
Using max refinement level: 6/6
Using max refinement level: 6/6
Using max refinement level: 6/6
Using max refinement level: 6/6
Using max refinement level: 6/6
Using max refinement level: 6/6
Using max refinement level: 6/6
Using max refinement level: 6/6
Using max refinement level: 6/6
Using max refinement level: 6/6
Using max refinement level: 6/6
Using max refinement level: 6/6
Using max refinement level: 6/6
Using max refinement level: 6/6
Using max refinement level: 6/6
Using max refinement level: 6/6
Using max refinement level: 6/6
Using max refinement level: 6/6
Using max refinement level: 6/6
Using max refinement level: 6/6
Using max refinement level: 6/6
Using max refinement level: 6/6
Using max refinement level: 6/6
Using max refinement level: 6/6
Using max refinement level: 6/6
Using max refinement level: 6/6
Using max refinement level: 6/6
Using max refinement level: 6/6
Using max refinement level: 6/6
Using max refinement level: 6/6
Using max refinement level: 6/6
Using max refinement level: 6/6
Using max refinement level: 6/6
Using max refinement level: 6/6
Using max refinement level: 6/6
Using max refinement level: 6/6
Time step updated: 2.343750e-04 -> 1.562500e-04
Using max refinement level: 6/6
Using max refinement level: 6/6
Using max refinement level: 6/6
Using max refinement level: 6/6
Using max refinement level: 6/6
Using max refinement level: 6/6
Using max refinement level: 6/6
Using max refinement level: 6/6
Using max refinement level: 6/6
Using max refinement level: 6/6
Using max refinement level: 6/6
Using max refinement level: 6/6
Using max refinement level: 6/6
Using max refinement level: 6/6
Using max refinement level: 6/6
Using max refinement level: 6/6
Using max refinement level: 6/6
Using max refinement level: 6/6
Using max refinement level: 6/6
Using max refinement level: 6/6
Using max refinement level: 6/6
Using max refinement level: 6/6
Using max refinement level: 6/6
Using max refinement level: 6/6
Using max refinement level: 6/6
Using max refinement level: 6/6
Using max refinement level: 6/6
Using max refinement level: 6/6
Using max refinement level: 6/6
Using max refinement level: 6/6
Using max refinement level: 6/6
Using max refinement level: 6/6
Using max refinement level: 6/6
Using max refinement level: 6/6
Using max refinement level: 6/6
Using max refinement level: 6/6
Using max refinement level: 6/6
Using max refinement level: 6/6
Using max refinement level: 6/6
Using max refinement level: 6/6
Using max refinement level: 6/6
Using max refinement level: 6/6
Using max refinement level: 6/6
Using max refinement level: 6/6
Using max refinement level: 6/6
Using max refinement level: 6/6
Using max refinement level: 6/6
Using max refinement level: 6/6
Using max refinement level: 6/6
Using max refinement level: 6/6
Using max refinement level: 6/6
Using max refinement level: 6/6
Using max refinement level: 6/6
Using max refinement level: 6/6
Using max refinement level: 6/6
Using max refinement level: 6/6
Using max refinement level: 6/6
Using max refinement level: 6/6
Using max refinement level: 6/6
Using max refinement level: 6/6
Using max refinement level: 6/6
Using max refinement level: 6/6
Using max refinement level: 6/6
Using max refinement level: 6/6
Using max refinement level: 6/6
Using max refinement level: 6/6
Using max refinement level: 6/6
Using max refinement level: 6/6
Using max refinement level: 6/6
Using max refinement level: 6/6
Using max refinement level: 6/6
Using max refinement level: 6/6
Using max refinement level: 6/6
Using max refinement level: 6/6
Using max refinement level: 6/6
Using max refinement level: 6/6
Using max refinement level: 6/6
Using max refinement level: 6/6
Using max refinement level: 6/6
Using max refinement level: 6/6
Using max refinement level: 6/6
Using max refinement level: 6/6
Using max refinement level: 6/6
Using max refinement level: 6/6
Using max refinement level: 6/6
Using max refinement level: 6/6
Using max refinement level: 6/6
Using max refinement level: 6/6
Using max refinement level: 6/6
Using max refinement level: 6/6
Using max refinement level: 6/6
Using max refinement level: 6/6
Using max refinement level: 6/6
Using max refinement level: 6/6
Using max refinement level: 6/6
Using max refinement level: 6/6
Using max refinement level: 6/6
Using max refinement level: 6/6
Using max refinement level: 6/6
Using max refinement level: 6/6
Using max refinement level: 6/6
Using max refinement level: 6/6
Using max refinement level: 6/6
Using max refinement level: 6/6
Using max refinement level: 6/6
Using max refinement level: 6/6
Using max refinement level: 6/6
Using max refinement level: 6/6
Using max refinement level: 6/6
Using max refinement level: 6/6
Using max refinement level: 6/6
Using max refinement level: 6/6
Using max refinement level: 6/6
Using max refinement level: 6/6
Using max refinement level: 6/6
Using max refinement level: 6/6
Using max refinement level: 6/6
Using max refinement level: 6/6
Using max refinement level: 6/6
Using max refinement level: 6/6
Using max refinement level: 6/6
Using max refinement level: 6/6
Using max refinement level: 6/6
Using max refinement level: 6/6
Using max refinement level: 6/6
Using max refinement level: 6/6
Using max refinement level: 6/6
Using max refinement level: 6/6
Using max refinement level: 6/6
Using max refinement level: 6/6
Using max refinement level: 6/6
Using max refinement level: 6/6
Using max refinement level: 6/6
Using max refinement level: 6/6
Simulation complete:
  Final L2 error: 0.047111
  Total cost: 170953
  Final elements: 36
  Adaptations: 490
Generating conventional-AMR baseline with threshold 0.01...
Using max refinement level: 0/6
Using max refinement level: 6/6
Time step updated: 1.000000e-02 -> 1.562500e-04
Running conventional-amr evaluation:
  Initial refinement: 6
  Max refinement level: 6
  Element budget: 80
  Time final: 1.0
  Threshold: 0.01
Starting conventional-amr simulation to time 1.0
Initial elements: 256
Using max refinement level: 6/6
Using max refinement level: 6/6
Using max refinement level: 6/6
Using max refinement level: 6/6
Using max refinement level: 6/6
Using max refinement level: 6/6
Using max refinement level: 6/6
Using max refinement level: 6/6
Using max refinement level: 6/6
Using max refinement level: 6/6
Using max refinement level: 6/6
Using max refinement level: 6/6
Using max refinement level: 6/6
Using max refinement level: 6/6
Using max refinement level: 6/6
Using max refinement level: 6/6
Using max refinement level: 6/6
Using max refinement level: 6/6
Using max refinement level: 6/6
Using max refinement level: 6/6
Using max refinement level: 6/6
Using max refinement level: 6/6
Using max refinement level: 6/6
Using max refinement level: 6/6
Using max refinement level: 6/6
Using max refinement level: 6/6
Using max refinement level: 6/6
Using max refinement level: 6/6
Using max refinement level: 6/6
Using max refinement level: 6/6
Using max refinement level: 6/6
Using max refinement level: 6/6
Using max refinement level: 6/6
Using max refinement level: 6/6
Using max refinement level: 6/6
Using max refinement level: 6/6
Using max refinement level: 6/6
Using max refinement level: 6/6
Using max refinement level: 6/6
Using max refinement level: 6/6
Using max refinement level: 6/6
Using max refinement level: 6/6
Using max refinement level: 6/6
Using max refinement level: 6/6
Using max refinement level: 6/6
Using max refinement level: 6/6
Using max refinement level: 6/6
Using max refinement level: 6/6
Using max refinement level: 6/6
Using max refinement level: 6/6
Using max refinement level: 6/6
Using max refinement level: 6/6
Using max refinement level: 6/6
Using max refinement level: 6/6
Using max refinement level: 6/6
Using max refinement level: 6/6
Using max refinement level: 6/6
Using max refinement level: 6/6
Using max refinement level: 6/6
Using max refinement level: 6/6
Using max refinement level: 6/6
Using max refinement level: 6/6
Using max refinement level: 6/6
Using max refinement level: 6/6
Using max refinement level: 6/6
Using max refinement level: 6/6
Using max refinement level: 6/6
Using max refinement level: 6/6
Using max refinement level: 6/6
Using max refinement level: 6/6
Using max refinement level: 6/6
Using max refinement level: 6/6
Using max refinement level: 6/6
Using max refinement level: 6/6
Using max refinement level: 6/6
Using max refinement level: 6/6
Using max refinement level: 6/6
Using max refinement level: 6/6
Using max refinement level: 6/6
Using max refinement level: 6/6
Using max refinement level: 6/6
Using max refinement level: 6/6
Using max refinement level: 6/6
Using max refinement level: 6/6
Using max refinement level: 6/6
Using max refinement level: 6/6
Using max refinement level: 6/6
Using max refinement level: 6/6
Using max refinement level: 6/6
Using max refinement level: 6/6
Using max refinement level: 6/6
Using max refinement level: 6/6
Using max refinement level: 6/6
Using max refinement level: 6/6
Using max refinement level: 6/6
Using max refinement level: 6/6
Using max refinement level: 6/6
Using max refinement level: 6/6
Using max refinement level: 6/6
Using max refinement level: 6/6
Using max refinement level: 6/6
Using max refinement level: 6/6
Using max refinement level: 6/6
Using max refinement level: 6/6
Using max refinement level: 6/6
Using max refinement level: 6/6
Using max refinement level: 6/6
Using max refinement level: 6/6
Using max refinement level: 6/6
Using max refinement level: 6/6
Using max refinement level: 6/6
Using max refinement level: 6/6
Using max refinement level: 6/6
Using max refinement level: 6/6
Using max refinement level: 6/6
Using max refinement level: 6/6
Using max refinement level: 6/6
Using max refinement level: 6/6
Using max refinement level: 6/6
Using max refinement level: 6/6
Using max refinement level: 6/6
Using max refinement level: 6/6
Using max refinement level: 6/6
Using max refinement level: 6/6
Using max refinement level: 6/6
Using max refinement level: 6/6
Using max refinement level: 6/6
Using max refinement level: 6/6
Using max refinement level: 6/6
Using max refinement level: 6/6
Using max refinement level: 6/6
Using max refinement level: 6/6
Using max refinement level: 6/6
Using max refinement level: 6/6
Using max refinement level: 6/6
Using max refinement level: 6/6
Using max refinement level: 6/6
Using max refinement level: 6/6
Using max refinement level: 6/6
Using max refinement level: 6/6
Using max refinement level: 6/6
Using max refinement level: 6/6
Using max refinement level: 6/6
Using max refinement level: 6/6
Using max refinement level: 6/6
Using max refinement level: 6/6
Using max refinement level: 6/6
Using max refinement level: 6/6
Using max refinement level: 6/6
Using max refinement level: 6/6
Using max refinement level: 6/6
Using max refinement level: 6/6
Using max refinement level: 6/6
Using max refinement level: 6/6
Using max refinement level: 6/6
Using max refinement level: 6/6
Using max refinement level: 6/6
Using max refinement level: 6/6
Using max refinement level: 6/6
Using max refinement level: 6/6
Using max refinement level: 6/6
Using max refinement level: 6/6
Using max refinement level: 6/6
Using max refinement level: 6/6
Using max refinement level: 6/6
Using max refinement level: 6/6
Time step updated: 1.562500e-04 -> 2.343750e-04
Using max refinement level: 6/6
Using max refinement level: 6/6
Using max refinement level: 6/6
Using max refinement level: 6/6
Using max refinement level: 6/6
Using max refinement level: 6/6
Using max refinement level: 6/6
Using max refinement level: 6/6
Using max refinement level: 6/6
Using max refinement level: 6/6
Using max refinement level: 6/6
Using max refinement level: 6/6
Using max refinement level: 6/6
Using max refinement level: 6/6
Using max refinement level: 6/6
Using max refinement level: 6/6
Using max refinement level: 6/6
Using max refinement level: 6/6
Using max refinement level: 6/6
Using max refinement level: 6/6
Using max refinement level: 6/6
Using max refinement level: 6/6
Using max refinement level: 6/6
Using max refinement level: 6/6
Using max refinement level: 6/6
Using max refinement level: 6/6
Using max refinement level: 6/6
Using max refinement level: 6/6
Using max refinement level: 6/6
Using max refinement level: 6/6
Using max refinement level: 6/6
Using max refinement level: 6/6
Using max refinement level: 6/6
Using max refinement level: 6/6
Using max refinement level: 6/6
Using max refinement level: 6/6
Using max refinement level: 6/6
Using max refinement level: 6/6
Using max refinement level: 6/6
Using max refinement level: 6/6
Using max refinement level: 6/6
Using max refinement level: 6/6
Using max refinement level: 6/6
Using max refinement level: 6/6
Using max refinement level: 6/6
Using max refinement level: 6/6
Using max refinement level: 6/6
Using max refinement level: 6/6
Using max refinement level: 6/6
Using max refinement level: 6/6
Using max refinement level: 6/6
Using max refinement level: 6/6
Using max refinement level: 6/6
Using max refinement level: 6/6
Using max refinement level: 6/6
Using max refinement level: 6/6
Using max refinement level: 6/6
Using max refinement level: 6/6
Using max refinement level: 6/6
Using max refinement level: 6/6
Using max refinement level: 6/6
Using max refinement level: 6/6
Using max refinement level: 6/6
Using max refinement level: 6/6
Using max refinement level: 6/6
Using max refinement level: 6/6
Using max refinement level: 6/6
Using max refinement level: 6/6
Using max refinement level: 6/6
Using max refinement level: 6/6
Using max refinement level: 6/6
Using max refinement level: 6/6
Using max refinement level: 6/6
Using max refinement level: 6/6
Using max refinement level: 6/6
Using max refinement level: 6/6
Using max refinement level: 6/6
Using max refinement level: 6/6
Using max refinement level: 6/6
Using max refinement level: 6/6
Using max refinement level: 6/6
Using max refinement level: 6/6
Using max refinement level: 6/6
Using max refinement level: 6/6
Using max refinement level: 6/6
Using max refinement level: 6/6
Using max refinement level: 6/6
Using max refinement level: 6/6
Using max refinement level: 6/6
Using max refinement level: 6/6
Using max refinement level: 6/6
Using max refinement level: 6/6
Using max refinement level: 6/6
Using max refinement level: 6/6
Using max refinement level: 6/6
Using max refinement level: 6/6
Using max refinement level: 6/6
Using max refinement level: 6/6
Using max refinement level: 6/6
Using max refinement level: 6/6
Using max refinement level: 6/6
Using max refinement level: 6/6
Using max refinement level: 6/6
Using max refinement level: 6/6
Using max refinement level: 6/6
Using max refinement level: 6/6
Using max refinement level: 6/6
Using max refinement level: 6/6
Using max refinement level: 6/6
Using max refinement level: 6/6
Using max refinement level: 6/6
Using max refinement level: 6/6
Using max refinement level: 6/6
Using max refinement level: 6/6
Using max refinement level: 6/6
Using max refinement level: 6/6
Using max refinement level: 6/6
Using max refinement level: 6/6
Using max refinement level: 6/6
Using max refinement level: 6/6
Using max refinement level: 6/6
Using max refinement level: 6/6
Using max refinement level: 6/6
Using max refinement level: 6/6
Using max refinement level: 6/6
Using max refinement level: 6/6
Using max refinement level: 6/6
Using max refinement level: 6/6
Using max refinement level: 6/6
Using max refinement level: 6/6
Using max refinement level: 6/6
Using max refinement level: 6/6
Using max refinement level: 6/6
Using max refinement level: 6/6
Using max refinement level: 6/6
Using max refinement level: 6/6
Using max refinement level: 6/6
Using max refinement level: 6/6
Using max refinement level: 6/6
Using max refinement level: 6/6
Using max refinement level: 6/6
Using max refinement level: 6/6
Using max refinement level: 6/6
Using max refinement level: 6/6
Using max refinement level: 6/6
Using max refinement level: 6/6
Using max refinement level: 6/6
Using max refinement level: 6/6
Using max refinement level: 6/6
Using max refinement level: 6/6
Using max refinement level: 6/6
Using max refinement level: 6/6
Using max refinement level: 6/6
Using max refinement level: 6/6
Using max refinement level: 6/6
Using max refinement level: 6/6
Using max refinement level: 6/6
Using max refinement level: 6/6
Using max refinement level: 6/6
Using max refinement level: 6/6
Using max refinement level: 6/6
Using max refinement level: 6/6
Using max refinement level: 6/6
Using max refinement level: 6/6
Using max refinement level: 6/6
Using max refinement level: 6/6
Using max refinement level: 6/6
Using max refinement level: 6/6
Using max refinement level: 6/6
Using max refinement level: 6/6
Using max refinement level: 6/6
Using max refinement level: 6/6
Using max refinement level: 6/6
Using max refinement level: 6/6
Using max refinement level: 6/6
Using max refinement level: 6/6
Using max refinement level: 6/6
Using max refinement level: 6/6
Using max refinement level: 6/6
Using max refinement level: 6/6
Using max refinement level: 6/6
Using max refinement level: 6/6
Using max refinement level: 6/6
Using max refinement level: 6/6
Using max refinement level: 6/6
Using max refinement level: 6/6
Using max refinement level: 6/6
Using max refinement level: 6/6
Using max refinement level: 6/6
Using max refinement level: 6/6
Using max refinement level: 6/6
Using max refinement level: 6/6
Using max refinement level: 6/6
Using max refinement level: 6/6
Using max refinement level: 6/6
Using max refinement level: 6/6
Using max refinement level: 6/6
Using max refinement level: 6/6
Using max refinement level: 6/6
Using max refinement level: 6/6
Using max refinement level: 6/6
Using max refinement level: 6/6
Using max refinement level: 6/6
Using max refinement level: 6/6
Using max refinement level: 6/6
Using max refinement level: 6/6
Using max refinement level: 6/6
Using max refinement level: 6/6
Using max refinement level: 6/6
Using max refinement level: 6/6
Using max refinement level: 6/6
Using max refinement level: 6/6
Using max refinement level: 6/6
Using max refinement level: 6/6
Using max refinement level: 6/6
Using max refinement level: 6/6
Using max refinement level: 6/6
Using max refinement level: 6/6
Using max refinement level: 6/6
Using max refinement level: 6/6
Using max refinement level: 6/6
Using max refinement level: 6/6
Using max refinement level: 6/6
Using max refinement level: 6/6
Using max refinement level: 6/6
Using max refinement level: 6/6
Using max refinement level: 6/6
Using max refinement level: 6/6
Time step updated: 2.343750e-04 -> 1.562500e-04
Using max refinement level: 6/6
Using max refinement level: 6/6
Using max refinement level: 6/6
Using max refinement level: 6/6
Using max refinement level: 6/6
Using max refinement level: 6/6
Using max refinement level: 6/6
Using max refinement level: 6/6
Using max refinement level: 6/6
Using max refinement level: 6/6
Using max refinement level: 6/6
Using max refinement level: 6/6
Using max refinement level: 6/6
Using max refinement level: 6/6
Using max refinement level: 6/6
Using max refinement level: 6/6
Using max refinement level: 6/6
Using max refinement level: 6/6
Using max refinement level: 6/6
Using max refinement level: 6/6
Using max refinement level: 6/6
Using max refinement level: 6/6
Using max refinement level: 6/6
Using max refinement level: 6/6
Using max refinement level: 6/6
Using max refinement level: 6/6
Using max refinement level: 6/6
Using max refinement level: 6/6
Using max refinement level: 6/6
Using max refinement level: 6/6
Using max refinement level: 6/6
Using max refinement level: 6/6
Using max refinement level: 6/6
Using max refinement level: 6/6
Using max refinement level: 6/6
Using max refinement level: 6/6
Using max refinement level: 6/6
Using max refinement level: 6/6
Using max refinement level: 6/6
Using max refinement level: 6/6
Using max refinement level: 6/6
Using max refinement level: 6/6
Using max refinement level: 6/6
Using max refinement level: 6/6
Using max refinement level: 6/6
Using max refinement level: 6/6
Using max refinement level: 6/6
Using max refinement level: 6/6
Using max refinement level: 6/6
Using max refinement level: 6/6
Using max refinement level: 6/6
Using max refinement level: 6/6
Using max refinement level: 6/6
Using max refinement level: 6/6
Using max refinement level: 6/6
Using max refinement level: 6/6
Using max refinement level: 6/6
Using max refinement level: 6/6
Using max refinement level: 6/6
Using max refinement level: 6/6
Using max refinement level: 6/6
Using max refinement level: 6/6
Using max refinement level: 6/6
Using max refinement level: 6/6
Using max refinement level: 6/6
Using max refinement level: 6/6
Using max refinement level: 6/6
Using max refinement level: 6/6
Using max refinement level: 6/6
Using max refinement level: 6/6
Using max refinement level: 6/6
Using max refinement level: 6/6
Using max refinement level: 6/6
Using max refinement level: 6/6
Using max refinement level: 6/6
Using max refinement level: 6/6
Using max refinement level: 6/6
Using max refinement level: 6/6
Using max refinement level: 6/6
Using max refinement level: 6/6
Using max refinement level: 6/6
Using max refinement level: 6/6
Using max refinement level: 6/6
Using max refinement level: 6/6
Using max refinement level: 6/6
Using max refinement level: 6/6
Using max refinement level: 6/6
Using max refinement level: 6/6
Using max refinement level: 6/6
Using max refinement level: 6/6
Using max refinement level: 6/6
Using max refinement level: 6/6
Using max refinement level: 6/6
Using max refinement level: 6/6
Using max refinement level: 6/6
Using max refinement level: 6/6
Using max refinement level: 6/6
Using max refinement level: 6/6
Using max refinement level: 6/6
Using max refinement level: 6/6
Using max refinement level: 6/6
Using max refinement level: 6/6
Using max refinement level: 6/6
Using max refinement level: 6/6
Using max refinement level: 6/6
Using max refinement level: 6/6
Using max refinement level: 6/6
Using max refinement level: 6/6
Using max refinement level: 6/6
Using max refinement level: 6/6
Using max refinement level: 6/6
Using max refinement level: 6/6
Using max refinement level: 6/6
Using max refinement level: 6/6
Using max refinement level: 6/6
Using max refinement level: 6/6
Using max refinement level: 6/6
Using max refinement level: 6/6
Using max refinement level: 6/6
Using max refinement level: 6/6
Using max refinement level: 6/6
Using max refinement level: 6/6
Using max refinement level: 6/6
Using max refinement level: 6/6
Using max refinement level: 6/6
Using max refinement level: 6/6
Using max refinement level: 6/6
Using max refinement level: 6/6
Using max refinement level: 6/6
Using max refinement level: 6/6
Using max refinement level: 6/6
Using max refinement level: 6/6
Using max refinement level: 6/6
Using max refinement level: 6/6
Using max refinement level: 6/6
Using max refinement level: 6/6
Using max refinement level: 6/6
Using max refinement level: 6/6
Using max refinement level: 6/6
Using max refinement level: 6/6
Using max refinement level: 6/6
Using max refinement level: 6/6
Using max refinement level: 6/6
Using max refinement level: 6/6
Using max refinement level: 6/6
Using max refinement level: 6/6
Using max refinement level: 6/6
Using max refinement level: 6/6
Simulation complete:
  Final L2 error: 0.006281
  Total cost: 230356
  Final elements: 50
  Adaptations: 534
Generating conventional-AMR baseline with threshold 0.001...
Using max refinement level: 0/6
Using max refinement level: 6/6
Time step updated: 1.000000e-02 -> 1.562500e-04
Running conventional-amr evaluation:
  Initial refinement: 6
  Max refinement level: 6
  Element budget: 80
  Time final: 1.0
  Threshold: 0.001
Starting conventional-amr simulation to time 1.0
Initial elements: 256
Using max refinement level: 6/6
Using max refinement level: 6/6
Using max refinement level: 6/6
Using max refinement level: 6/6
Using max refinement level: 6/6
Using max refinement level: 6/6
Using max refinement level: 6/6
Using max refinement level: 6/6
Using max refinement level: 6/6
Using max refinement level: 6/6
Using max refinement level: 6/6
Using max refinement level: 6/6
Using max refinement level: 6/6
Using max refinement level: 6/6
Using max refinement level: 6/6
Using max refinement level: 6/6
Using max refinement level: 6/6
Using max refinement level: 6/6
Using max refinement level: 6/6
Using max refinement level: 6/6
Using max refinement level: 6/6
Using max refinement level: 6/6
Using max refinement level: 6/6
Using max refinement level: 6/6
Using max refinement level: 6/6
Using max refinement level: 6/6
Using max refinement level: 6/6
Using max refinement level: 6/6
Using max refinement level: 6/6
Using max refinement level: 6/6
Using max refinement level: 6/6
Using max refinement level: 6/6
Using max refinement level: 6/6
Using max refinement level: 6/6
Using max refinement level: 6/6
Using max refinement level: 6/6
Using max refinement level: 6/6
Using max refinement level: 6/6
Using max refinement level: 6/6
Using max refinement level: 6/6
Using max refinement level: 6/6
Using max refinement level: 6/6
Using max refinement level: 6/6
Using max refinement level: 6/6
Using max refinement level: 6/6
Using max refinement level: 6/6
Using max refinement level: 6/6
Using max refinement level: 6/6
Using max refinement level: 6/6
Using max refinement level: 6/6
Using max refinement level: 6/6
Using max refinement level: 6/6
Using max refinement level: 6/6
Using max refinement level: 6/6
Using max refinement level: 6/6
Using max refinement level: 6/6
Using max refinement level: 6/6
Using max refinement level: 6/6
Using max refinement level: 6/6
Using max refinement level: 6/6
Using max refinement level: 6/6
Using max refinement level: 6/6
Using max refinement level: 6/6
Using max refinement level: 6/6
Using max refinement level: 6/6
Using max refinement level: 6/6
Using max refinement level: 6/6
Using max refinement level: 6/6
Using max refinement level: 6/6
Using max refinement level: 6/6
Using max refinement level: 6/6
Using max refinement level: 6/6
Using max refinement level: 6/6
Using max refinement level: 6/6
Using max refinement level: 6/6
Using max refinement level: 6/6
Using max refinement level: 6/6
Using max refinement level: 6/6
Using max refinement level: 6/6
Using max refinement level: 6/6
Using max refinement level: 6/6
Using max refinement level: 6/6
Using max refinement level: 6/6
Using max refinement level: 6/6
Using max refinement level: 6/6
Using max refinement level: 6/6
Using max refinement level: 6/6
Using max refinement level: 6/6
Using max refinement level: 6/6
Using max refinement level: 6/6
Using max refinement level: 6/6
Using max refinement level: 6/6
Using max refinement level: 6/6
Using max refinement level: 6/6
Using max refinement level: 6/6
Using max refinement level: 6/6
Using max refinement level: 6/6
Using max refinement level: 6/6
Using max refinement level: 6/6
Using max refinement level: 6/6
Using max refinement level: 6/6
Using max refinement level: 6/6
Using max refinement level: 6/6
Using max refinement level: 6/6
Using max refinement level: 6/6
Using max refinement level: 6/6
Using max refinement level: 6/6
Using max refinement level: 6/6
Using max refinement level: 6/6
Using max refinement level: 6/6
Using max refinement level: 6/6
Using max refinement level: 6/6
Using max refinement level: 6/6
Using max refinement level: 6/6
Using max refinement level: 6/6
Using max refinement level: 6/6
Using max refinement level: 6/6
Using max refinement level: 6/6
Using max refinement level: 6/6
Using max refinement level: 6/6
Using max refinement level: 6/6
Using max refinement level: 6/6
Using max refinement level: 6/6
Using max refinement level: 6/6
Using max refinement level: 6/6
Using max refinement level: 6/6
Using max refinement level: 6/6
Using max refinement level: 6/6
Using max refinement level: 6/6
Using max refinement level: 6/6
Using max refinement level: 6/6
Using max refinement level: 6/6
Using max refinement level: 6/6
Using max refinement level: 6/6
Using max refinement level: 6/6
Using max refinement level: 6/6
Using max refinement level: 6/6
Using max refinement level: 6/6
Using max refinement level: 6/6
Using max refinement level: 6/6
Using max refinement level: 6/6
Using max refinement level: 6/6
Using max refinement level: 6/6
Using max refinement level: 6/6
Using max refinement level: 6/6
Using max refinement level: 6/6
Using max refinement level: 6/6
Using max refinement level: 6/6
Using max refinement level: 6/6
Using max refinement level: 6/6
Using max refinement level: 6/6
Using max refinement level: 6/6
Using max refinement level: 6/6
Using max refinement level: 6/6
Using max refinement level: 6/6
Using max refinement level: 6/6
Using max refinement level: 6/6
Using max refinement level: 6/6
Using max refinement level: 6/6
Using max refinement level: 6/6
Using max refinement level: 6/6
Using max refinement level: 6/6
Using max refinement level: 6/6
Using max refinement level: 6/6
Using max refinement level: 6/6
Using max refinement level: 6/6
Using max refinement level: 6/6
Using max refinement level: 6/6
Using max refinement level: 6/6
Using max refinement level: 6/6
Using max refinement level: 6/6
Using max refinement level: 6/6
Using max refinement level: 6/6
Time step updated: 1.562500e-04 -> 2.343750e-04
Using max refinement level: 6/6
Using max refinement level: 6/6
Using max refinement level: 6/6
Using max refinement level: 6/6
Using max refinement level: 6/6
Using max refinement level: 6/6
Using max refinement level: 6/6
Using max refinement level: 6/6
Using max refinement level: 6/6
Using max refinement level: 6/6
Using max refinement level: 6/6
Using max refinement level: 6/6
Using max refinement level: 6/6
Using max refinement level: 6/6
Using max refinement level: 6/6
Using max refinement level: 6/6
Using max refinement level: 6/6
Using max refinement level: 6/6
Using max refinement level: 6/6
Using max refinement level: 6/6
Using max refinement level: 6/6
Using max refinement level: 6/6
Using max refinement level: 6/6
Using max refinement level: 6/6
Using max refinement level: 6/6
Using max refinement level: 6/6
Using max refinement level: 6/6
Using max refinement level: 6/6
Using max refinement level: 6/6
Using max refinement level: 6/6
Using max refinement level: 6/6
Using max refinement level: 6/6
Using max refinement level: 6/6
Using max refinement level: 6/6
Using max refinement level: 6/6
Using max refinement level: 6/6
Using max refinement level: 6/6
Using max refinement level: 6/6
Using max refinement level: 6/6
Using max refinement level: 6/6
Using max refinement level: 6/6
Using max refinement level: 6/6
Using max refinement level: 6/6
Using max refinement level: 6/6
Using max refinement level: 6/6
Using max refinement level: 6/6
Using max refinement level: 6/6
Using max refinement level: 6/6
Using max refinement level: 6/6
Using max refinement level: 6/6
Using max refinement level: 6/6
Using max refinement level: 6/6
Using max refinement level: 6/6
Using max refinement level: 6/6
Using max refinement level: 6/6
Using max refinement level: 6/6
Using max refinement level: 6/6
Using max refinement level: 6/6
Using max refinement level: 6/6
Using max refinement level: 6/6
Using max refinement level: 6/6
Using max refinement level: 6/6
Using max refinement level: 6/6
Using max refinement level: 6/6
Using max refinement level: 6/6
Using max refinement level: 6/6
Using max refinement level: 6/6
Using max refinement level: 6/6
Using max refinement level: 6/6
Using max refinement level: 6/6
Using max refinement level: 6/6
Using max refinement level: 6/6
Using max refinement level: 6/6
Using max refinement level: 6/6
Using max refinement level: 6/6
Using max refinement level: 6/6
Using max refinement level: 6/6
Using max refinement level: 6/6
Using max refinement level: 6/6
Using max refinement level: 6/6
Using max refinement level: 6/6
Using max refinement level: 6/6
Using max refinement level: 6/6
Using max refinement level: 6/6
Using max refinement level: 6/6
Using max refinement level: 6/6
Using max refinement level: 6/6
Using max refinement level: 6/6
Using max refinement level: 6/6
Using max refinement level: 6/6
Using max refinement level: 6/6
Using max refinement level: 6/6
Using max refinement level: 6/6
Using max refinement level: 6/6
Using max refinement level: 6/6
Using max refinement level: 6/6
Using max refinement level: 6/6
Using max refinement level: 6/6
Using max refinement level: 6/6
Using max refinement level: 6/6
Using max refinement level: 6/6
Using max refinement level: 6/6
Using max refinement level: 6/6
Using max refinement level: 6/6
Using max refinement level: 6/6
Using max refinement level: 6/6
Using max refinement level: 6/6
Using max refinement level: 6/6
Using max refinement level: 6/6
Using max refinement level: 6/6
Using max refinement level: 6/6
Using max refinement level: 6/6
Using max refinement level: 6/6
Using max refinement level: 6/6
Using max refinement level: 6/6
Using max refinement level: 6/6
Using max refinement level: 6/6
Using max refinement level: 6/6
Using max refinement level: 6/6
Using max refinement level: 6/6
Using max refinement level: 6/6
Using max refinement level: 6/6
Using max refinement level: 6/6
Using max refinement level: 6/6
Using max refinement level: 6/6
Using max refinement level: 6/6
Using max refinement level: 6/6
Using max refinement level: 6/6
Using max refinement level: 6/6
Using max refinement level: 6/6
Using max refinement level: 6/6
Using max refinement level: 6/6
Using max refinement level: 6/6
Using max refinement level: 6/6
Using max refinement level: 6/6
Using max refinement level: 6/6
Using max refinement level: 6/6
Using max refinement level: 6/6
Using max refinement level: 6/6
Using max refinement level: 6/6
Using max refinement level: 6/6
Using max refinement level: 6/6
Using max refinement level: 6/6
Using max refinement level: 6/6
Using max refinement level: 6/6
Using max refinement level: 6/6
Using max refinement level: 6/6
Using max refinement level: 6/6
Using max refinement level: 6/6
Using max refinement level: 6/6
Using max refinement level: 6/6
Using max refinement level: 6/6
Using max refinement level: 6/6
Using max refinement level: 6/6
Using max refinement level: 6/6
Using max refinement level: 6/6
Using max refinement level: 6/6
Using max refinement level: 6/6
Using max refinement level: 6/6
Using max refinement level: 6/6
Using max refinement level: 6/6
Using max refinement level: 6/6
Using max refinement level: 6/6
Using max refinement level: 6/6
Using max refinement level: 6/6
Using max refinement level: 6/6
Using max refinement level: 6/6
Using max refinement level: 6/6
Using max refinement level: 6/6
Using max refinement level: 6/6
Using max refinement level: 6/6
Using max refinement level: 6/6
Using max refinement level: 6/6
Using max refinement level: 6/6
Using max refinement level: 6/6
Using max refinement level: 6/6
Using max refinement level: 6/6
Using max refinement level: 6/6
Using max refinement level: 6/6
Using max refinement level: 6/6
Using max refinement level: 6/6
Using max refinement level: 6/6
Using max refinement level: 6/6
Using max refinement level: 6/6
Using max refinement level: 6/6
Using max refinement level: 6/6
Using max refinement level: 6/6
Using max refinement level: 6/6
Using max refinement level: 6/6
Using max refinement level: 6/6
Using max refinement level: 6/6
Using max refinement level: 6/6
Using max refinement level: 6/6
Using max refinement level: 6/6
Using max refinement level: 6/6
Using max refinement level: 6/6
Using max refinement level: 6/6
Using max refinement level: 6/6
Using max refinement level: 6/6
Using max refinement level: 6/6
Using max refinement level: 6/6
Time step updated: 2.343750e-04 -> 1.562500e-04
Using max refinement level: 6/6
Using max refinement level: 6/6
Using max refinement level: 6/6
Using max refinement level: 6/6
Using max refinement level: 6/6
Using max refinement level: 6/6
Using max refinement level: 6/6
Using max refinement level: 6/6
Using max refinement level: 6/6
Using max refinement level: 6/6
Using max refinement level: 6/6
Using max refinement level: 6/6
Using max refinement level: 6/6
Using max refinement level: 6/6
Using max refinement level: 6/6
Using max refinement level: 6/6
Using max refinement level: 6/6
Using max refinement level: 6/6
Using max refinement level: 6/6
Using max refinement level: 6/6
Using max refinement level: 6/6
Using max refinement level: 6/6
Using max refinement level: 6/6
Using max refinement level: 6/6
Using max refinement level: 6/6
Using max refinement level: 6/6
Using max refinement level: 6/6
Using max refinement level: 6/6
Using max refinement level: 6/6
Using max refinement level: 6/6
Using max refinement level: 6/6
Using max refinement level: 6/6
Using max refinement level: 6/6
Using max refinement level: 6/6
Using max refinement level: 6/6
Using max refinement level: 6/6
Using max refinement level: 6/6
Using max refinement level: 6/6
Using max refinement level: 6/6
Using max refinement level: 6/6
Using max refinement level: 6/6
Using max refinement level: 6/6
Using max refinement level: 6/6
Using max refinement level: 6/6
Using max refinement level: 6/6
Using max refinement level: 6/6
Using max refinement level: 6/6
Using max refinement level: 6/6
Using max refinement level: 6/6
Using max refinement level: 6/6
Using max refinement level: 6/6
Using max refinement level: 6/6
Using max refinement level: 6/6
Using max refinement level: 6/6
Using max refinement level: 6/6
Using max refinement level: 6/6
Using max refinement level: 6/6
Using max refinement level: 6/6
Using max refinement level: 6/6
Using max refinement level: 6/6
Using max refinement level: 6/6
Using max refinement level: 6/6
Using max refinement level: 6/6
Using max refinement level: 6/6
Using max refinement level: 6/6
Using max refinement level: 6/6
Using max refinement level: 6/6
Using max refinement level: 6/6
Using max refinement level: 6/6
Using max refinement level: 6/6
Using max refinement level: 6/6
Using max refinement level: 6/6
Using max refinement level: 6/6
Using max refinement level: 6/6
Using max refinement level: 6/6
Using max refinement level: 6/6
Using max refinement level: 6/6
Using max refinement level: 6/6
Using max refinement level: 6/6
Using max refinement level: 6/6
Using max refinement level: 6/6
Using max refinement level: 6/6
Using max refinement level: 6/6
Using max refinement level: 6/6
Using max refinement level: 6/6
Using max refinement level: 6/6
Using max refinement level: 6/6
Using max refinement level: 6/6
Using max refinement level: 6/6
Using max refinement level: 6/6
Using max refinement level: 6/6
Using max refinement level: 6/6
Using max refinement level: 6/6
Using max refinement level: 6/6
Using max refinement level: 6/6
Using max refinement level: 6/6
Using max refinement level: 6/6
Using max refinement level: 6/6
Using max refinement level: 6/6
Using max refinement level: 6/6
Using max refinement level: 6/6
Using max refinement level: 6/6
Using max refinement level: 6/6
Using max refinement level: 6/6
Using max refinement level: 6/6
Using max refinement level: 6/6
Using max refinement level: 6/6
Using max refinement level: 6/6
Using max refinement level: 6/6
Using max refinement level: 6/6
Using max refinement level: 6/6
Using max refinement level: 6/6
Using max refinement level: 6/6
Using max refinement level: 6/6
Using max refinement level: 6/6
Using max refinement level: 6/6
Using max refinement level: 6/6
Using max refinement level: 6/6
Using max refinement level: 6/6
Using max refinement level: 6/6
Using max refinement level: 6/6
Using max refinement level: 6/6
Using max refinement level: 6/6
Using max refinement level: 6/6
Using max refinement level: 6/6
Using max refinement level: 6/6
Using max refinement level: 6/6
Using max refinement level: 6/6
Using max refinement level: 6/6
Using max refinement level: 6/6
Using max refinement level: 6/6
Using max refinement level: 6/6
Using max refinement level: 6/6
Using max refinement level: 6/6
Using max refinement level: 6/6
Using max refinement level: 6/6
Using max refinement level: 6/6
Using max refinement level: 6/6
Using max refinement level: 6/6
Using max refinement level: 6/6
Using max refinement level: 6/6
Using max refinement level: 6/6
Using max refinement level: 6/6
Using max refinement level: 6/6
Using max refinement level: 6/6
Using max refinement level: 6/6
Using max refinement level: 6/6
Using max refinement level: 6/6
Using max refinement level: 6/6
Using max refinement level: 6/6
Using max refinement level: 6/6
Using max refinement level: 6/6
Using max refinement level: 6/6
Using max refinement level: 6/6
Using max refinement level: 6/6
Using max refinement level: 6/6
Using max refinement level: 6/6
Using max refinement level: 6/6
Using max refinement level: 6/6
Using max refinement level: 6/6
Using max refinement level: 6/6
Using max refinement level: 6/6
Using max refinement level: 6/6
Using max refinement level: 6/6
Using max refinement level: 6/6
Using max refinement level: 6/6
Using max refinement level: 6/6
Using max refinement level: 6/6
Simulation complete:
  Final L2 error: 0.000725
  Total cost: 276427
  Final elements: 60
  Adaptations: 533
Generating conventional-AMR baseline with threshold 0.0001...
Using max refinement level: 0/6
Using max refinement level: 6/6
Time step updated: 1.000000e-02 -> 1.562500e-04
Running conventional-amr evaluation:
  Initial refinement: 6
  Max refinement level: 6
  Element budget: 80
  Time final: 1.0
  Threshold: 0.0001
Starting conventional-amr simulation to time 1.0
Initial elements: 256
Using max refinement level: 6/6
Using max refinement level: 6/6
Using max refinement level: 6/6
Using max refinement level: 6/6
Using max refinement level: 6/6
Using max refinement level: 6/6
Using max refinement level: 6/6
Using max refinement level: 6/6
Using max refinement level: 6/6
Using max refinement level: 6/6
Using max refinement level: 6/6
Using max refinement level: 6/6
Using max refinement level: 6/6
Using max refinement level: 6/6
Using max refinement level: 6/6
Using max refinement level: 6/6
Using max refinement level: 6/6
Using max refinement level: 6/6
Using max refinement level: 6/6
Using max refinement level: 6/6
Using max refinement level: 6/6
Using max refinement level: 6/6
Using max refinement level: 6/6
Using max refinement level: 6/6
Using max refinement level: 6/6
Using max refinement level: 6/6
Using max refinement level: 6/6
Using max refinement level: 6/6
Using max refinement level: 6/6
Using max refinement level: 6/6
Using max refinement level: 6/6
Using max refinement level: 6/6
Using max refinement level: 6/6
Using max refinement level: 6/6
Using max refinement level: 6/6
Using max refinement level: 6/6
Using max refinement level: 6/6
Using max refinement level: 6/6
Using max refinement level: 6/6
Using max refinement level: 6/6
Using max refinement level: 6/6
Using max refinement level: 6/6
Using max refinement level: 6/6
Using max refinement level: 6/6
Using max refinement level: 6/6
Using max refinement level: 6/6
Using max refinement level: 6/6
Using max refinement level: 6/6
Using max refinement level: 6/6
Using max refinement level: 6/6
Using max refinement level: 6/6
Using max refinement level: 6/6
Using max refinement level: 6/6
Using max refinement level: 6/6
Using max refinement level: 6/6
Using max refinement level: 6/6
Using max refinement level: 6/6
Using max refinement level: 6/6
Using max refinement level: 6/6
Using max refinement level: 6/6
Using max refinement level: 6/6
Using max refinement level: 6/6
Using max refinement level: 6/6
Using max refinement level: 6/6
Using max refinement level: 6/6
Using max refinement level: 6/6
Using max refinement level: 6/6
Using max refinement level: 6/6
Using max refinement level: 6/6
Using max refinement level: 6/6
Using max refinement level: 6/6
Using max refinement level: 6/6
Using max refinement level: 6/6
Using max refinement level: 6/6
Using max refinement level: 6/6
Using max refinement level: 6/6
Using max refinement level: 6/6
Using max refinement level: 6/6
Using max refinement level: 6/6
Using max refinement level: 6/6
Using max refinement level: 6/6
Using max refinement level: 6/6
Using max refinement level: 6/6
Using max refinement level: 6/6
Using max refinement level: 6/6
Using max refinement level: 6/6
Using max refinement level: 6/6
Using max refinement level: 6/6
Using max refinement level: 6/6
Using max refinement level: 6/6
Using max refinement level: 6/6
Using max refinement level: 6/6
Using max refinement level: 6/6
Using max refinement level: 6/6
Using max refinement level: 6/6
Using max refinement level: 6/6
Using max refinement level: 6/6
Using max refinement level: 6/6
Using max refinement level: 6/6
Using max refinement level: 6/6
Using max refinement level: 6/6
Using max refinement level: 6/6
Using max refinement level: 6/6
Using max refinement level: 6/6
Using max refinement level: 6/6
Using max refinement level: 6/6
Using max refinement level: 6/6
Using max refinement level: 6/6
Using max refinement level: 6/6
Using max refinement level: 6/6
Using max refinement level: 6/6
Using max refinement level: 6/6
Using max refinement level: 6/6
Using max refinement level: 6/6
Using max refinement level: 6/6
Using max refinement level: 6/6
Using max refinement level: 6/6
Using max refinement level: 6/6
Using max refinement level: 6/6
Using max refinement level: 6/6
Using max refinement level: 6/6
Using max refinement level: 6/6
Using max refinement level: 6/6
Using max refinement level: 6/6
Using max refinement level: 6/6
Using max refinement level: 6/6
Using max refinement level: 6/6
Using max refinement level: 6/6
Using max refinement level: 6/6
Using max refinement level: 6/6
Using max refinement level: 6/6
Using max refinement level: 6/6
Using max refinement level: 6/6
Using max refinement level: 6/6
Using max refinement level: 6/6
Using max refinement level: 6/6
Using max refinement level: 6/6
Using max refinement level: 6/6
Using max refinement level: 6/6
Using max refinement level: 6/6
Using max refinement level: 6/6
Using max refinement level: 6/6
Using max refinement level: 6/6
Using max refinement level: 6/6
Using max refinement level: 6/6
Using max refinement level: 6/6
Using max refinement level: 6/6
Using max refinement level: 6/6
Using max refinement level: 6/6
Using max refinement level: 6/6
Using max refinement level: 6/6
Using max refinement level: 6/6
Using max refinement level: 6/6
Using max refinement level: 6/6
Using max refinement level: 6/6
Using max refinement level: 6/6
Using max refinement level: 6/6
Using max refinement level: 6/6
Using max refinement level: 6/6
Using max refinement level: 6/6
Using max refinement level: 6/6
Using max refinement level: 6/6
Using max refinement level: 6/6
Using max refinement level: 6/6
Using max refinement level: 6/6
Using max refinement level: 6/6
Using max refinement level: 6/6
Using max refinement level: 6/6
Using max refinement level: 6/6
Using max refinement level: 6/6
Using max refinement level: 6/6
Using max refinement level: 6/6
Using max refinement level: 6/6
Using max refinement level: 6/6
Using max refinement level: 6/6
Using max refinement level: 6/6
Using max refinement level: 6/6
Using max refinement level: 6/6
Using max refinement level: 6/6
Using max refinement level: 6/6
Using max refinement level: 6/6
Using max refinement level: 6/6
Using max refinement level: 6/6
Time step updated: 1.562500e-04 -> 2.343750e-04
Using max refinement level: 6/6
Using max refinement level: 6/6
Using max refinement level: 6/6
Using max refinement level: 6/6
Using max refinement level: 6/6
Using max refinement level: 6/6
Using max refinement level: 6/6
Using max refinement level: 6/6
Using max refinement level: 6/6
Using max refinement level: 6/6
Using max refinement level: 6/6
Using max refinement level: 6/6
Using max refinement level: 6/6
Using max refinement level: 6/6
Using max refinement level: 6/6
Using max refinement level: 6/6
Using max refinement level: 6/6
Using max refinement level: 6/6
Using max refinement level: 6/6
Using max refinement level: 6/6
Using max refinement level: 6/6
Using max refinement level: 6/6
Using max refinement level: 6/6
Using max refinement level: 6/6
Using max refinement level: 6/6
Using max refinement level: 6/6
Using max refinement level: 6/6
Using max refinement level: 6/6
Using max refinement level: 6/6
Using max refinement level: 6/6
Using max refinement level: 6/6
Using max refinement level: 6/6
Using max refinement level: 6/6
Using max refinement level: 6/6
Using max refinement level: 6/6
Using max refinement level: 6/6
Using max refinement level: 6/6
Using max refinement level: 6/6
Using max refinement level: 6/6
Using max refinement level: 6/6
Using max refinement level: 6/6
Using max refinement level: 6/6
Using max refinement level: 6/6
Using max refinement level: 6/6
Using max refinement level: 6/6
Using max refinement level: 6/6
Using max refinement level: 6/6
Using max refinement level: 6/6
Using max refinement level: 6/6
Using max refinement level: 6/6
Using max refinement level: 6/6
Using max refinement level: 6/6
Using max refinement level: 6/6
Using max refinement level: 6/6
Using max refinement level: 6/6
Using max refinement level: 6/6
Using max refinement level: 6/6
Using max refinement level: 6/6
Using max refinement level: 6/6
Using max refinement level: 6/6
Using max refinement level: 6/6
Using max refinement level: 6/6
Using max refinement level: 6/6
Using max refinement level: 6/6
Using max refinement level: 6/6
Using max refinement level: 6/6
Using max refinement level: 6/6
Using max refinement level: 6/6
Using max refinement level: 6/6
Using max refinement level: 6/6
Using max refinement level: 6/6
Using max refinement level: 6/6
Using max refinement level: 6/6
Using max refinement level: 6/6
Using max refinement level: 6/6
Using max refinement level: 6/6
Using max refinement level: 6/6
Using max refinement level: 6/6
Using max refinement level: 6/6
Using max refinement level: 6/6
Using max refinement level: 6/6
Using max refinement level: 6/6
Using max refinement level: 6/6
Using max refinement level: 6/6
Using max refinement level: 6/6
Using max refinement level: 6/6
Using max refinement level: 6/6
Using max refinement level: 6/6
Using max refinement level: 6/6
Using max refinement level: 6/6
Using max refinement level: 6/6
Using max refinement level: 6/6
Using max refinement level: 6/6
Using max refinement level: 6/6
Using max refinement level: 6/6
Using max refinement level: 6/6
Using max refinement level: 6/6
Using max refinement level: 6/6
Using max refinement level: 6/6
Using max refinement level: 6/6
Using max refinement level: 6/6
Using max refinement level: 6/6
Using max refinement level: 6/6
Using max refinement level: 6/6
Using max refinement level: 6/6
Using max refinement level: 6/6
Using max refinement level: 6/6
Using max refinement level: 6/6
Using max refinement level: 6/6
Using max refinement level: 6/6
Using max refinement level: 6/6
Using max refinement level: 6/6
Using max refinement level: 6/6
Using max refinement level: 6/6
Using max refinement level: 6/6
Using max refinement level: 6/6
Using max refinement level: 6/6
Using max refinement level: 6/6
Using max refinement level: 6/6
Using max refinement level: 6/6
Using max refinement level: 6/6
Using max refinement level: 6/6
Using max refinement level: 6/6
Using max refinement level: 6/6
Using max refinement level: 6/6
Using max refinement level: 6/6
Using max refinement level: 6/6
Using max refinement level: 6/6
Using max refinement level: 6/6
Using max refinement level: 6/6
Using max refinement level: 6/6
Using max refinement level: 6/6
Using max refinement level: 6/6
Using max refinement level: 6/6
Using max refinement level: 6/6
Using max refinement level: 6/6
Using max refinement level: 6/6
Using max refinement level: 6/6
Using max refinement level: 6/6
Using max refinement level: 6/6
Using max refinement level: 6/6
Using max refinement level: 6/6
Using max refinement level: 6/6
Using max refinement level: 6/6
Using max refinement level: 6/6
Using max refinement level: 6/6
Using max refinement level: 6/6
Using max refinement level: 6/6
Using max refinement level: 6/6
Using max refinement level: 6/6
Using max refinement level: 6/6
Using max refinement level: 6/6
Using max refinement level: 6/6
Using max refinement level: 6/6
Using max refinement level: 6/6
Using max refinement level: 6/6
Using max refinement level: 6/6
Using max refinement level: 6/6
Using max refinement level: 6/6
Using max refinement level: 6/6
Using max refinement level: 6/6
Using max refinement level: 6/6
Using max refinement level: 6/6
Using max refinement level: 6/6
Using max refinement level: 6/6
Using max refinement level: 6/6
Using max refinement level: 6/6
Using max refinement level: 6/6
Using max refinement level: 6/6
Using max refinement level: 6/6
Using max refinement level: 6/6
Using max refinement level: 6/6
Using max refinement level: 6/6
Using max refinement level: 6/6
Using max refinement level: 6/6
Using max refinement level: 6/6
Using max refinement level: 6/6
Using max refinement level: 6/6
Using max refinement level: 6/6
Using max refinement level: 6/6
Using max refinement level: 6/6
Using max refinement level: 6/6
Using max refinement level: 6/6
Using max refinement level: 6/6
Using max refinement level: 6/6
Using max refinement level: 6/6
Using max refinement level: 6/6
Using max refinement level: 6/6
Using max refinement level: 6/6
Using max refinement level: 6/6
Using max refinement level: 6/6
Using max refinement level: 6/6
Using max refinement level: 6/6
Using max refinement level: 6/6
Using max refinement level: 6/6
Using max refinement level: 6/6
Using max refinement level: 6/6
Time step updated: 2.343750e-04 -> 1.562500e-04
Using max refinement level: 6/6
Using max refinement level: 6/6
Using max refinement level: 6/6
Using max refinement level: 6/6
Using max refinement level: 6/6
Using max refinement level: 6/6
Using max refinement level: 6/6
Using max refinement level: 6/6
Using max refinement level: 6/6
Using max refinement level: 6/6
Using max refinement level: 6/6
Using max refinement level: 6/6
Using max refinement level: 6/6
Using max refinement level: 6/6
Using max refinement level: 6/6
Using max refinement level: 6/6
Using max refinement level: 6/6
Using max refinement level: 6/6
Using max refinement level: 6/6
Using max refinement level: 6/6
Using max refinement level: 6/6
Using max refinement level: 6/6
Using max refinement level: 6/6
Using max refinement level: 6/6
Using max refinement level: 6/6
Using max refinement level: 6/6
Using max refinement level: 6/6
Using max refinement level: 6/6
Using max refinement level: 6/6
Using max refinement level: 6/6
Using max refinement level: 6/6
Using max refinement level: 6/6
Using max refinement level: 6/6
Using max refinement level: 6/6
Using max refinement level: 6/6
Using max refinement level: 6/6
Using max refinement level: 6/6
Using max refinement level: 6/6
Using max refinement level: 6/6
Using max refinement level: 6/6
Using max refinement level: 6/6
Using max refinement level: 6/6
Using max refinement level: 6/6
Using max refinement level: 6/6
Using max refinement level: 6/6
Using max refinement level: 6/6
Using max refinement level: 6/6
Using max refinement level: 6/6
Using max refinement level: 6/6
Using max refinement level: 6/6
Using max refinement level: 6/6
Using max refinement level: 6/6
Using max refinement level: 6/6
Using max refinement level: 6/6
Using max refinement level: 6/6
Using max refinement level: 6/6
Using max refinement level: 6/6
Using max refinement level: 6/6
Using max refinement level: 6/6
Using max refinement level: 6/6
Using max refinement level: 6/6
Using max refinement level: 6/6
Using max refinement level: 6/6
Using max refinement level: 6/6
Using max refinement level: 6/6
Using max refinement level: 6/6
Using max refinement level: 6/6
Using max refinement level: 6/6
Using max refinement level: 6/6
Using max refinement level: 6/6
Using max refinement level: 6/6
Using max refinement level: 6/6
Using max refinement level: 6/6
Using max refinement level: 6/6
Using max refinement level: 6/6
Using max refinement level: 6/6
Using max refinement level: 6/6
Using max refinement level: 6/6
Using max refinement level: 6/6
Using max refinement level: 6/6
Using max refinement level: 6/6
Using max refinement level: 6/6
Using max refinement level: 6/6
Using max refinement level: 6/6
Using max refinement level: 6/6
Using max refinement level: 6/6
Using max refinement level: 6/6
Using max refinement level: 6/6
Using max refinement level: 6/6
Using max refinement level: 6/6
Using max refinement level: 6/6
Using max refinement level: 6/6
Using max refinement level: 6/6
Using max refinement level: 6/6
Using max refinement level: 6/6
Using max refinement level: 6/6
Using max refinement level: 6/6
Using max refinement level: 6/6
Using max refinement level: 6/6
Using max refinement level: 6/6
Using max refinement level: 6/6
Using max refinement level: 6/6
Using max refinement level: 6/6
Using max refinement level: 6/6
Using max refinement level: 6/6
Using max refinement level: 6/6
Using max refinement level: 6/6
Using max refinement level: 6/6
Using max refinement level: 6/6
Using max refinement level: 6/6
Using max refinement level: 6/6
Using max refinement level: 6/6
Using max refinement level: 6/6
Using max refinement level: 6/6
Using max refinement level: 6/6
Using max refinement level: 6/6
Using max refinement level: 6/6
Using max refinement level: 6/6
Using max refinement level: 6/6
Using max refinement level: 6/6
Using max refinement level: 6/6
Using max refinement level: 6/6
Using max refinement level: 6/6
Using max refinement level: 6/6
Using max refinement level: 6/6
Using max refinement level: 6/6
Using max refinement level: 6/6
Using max refinement level: 6/6
Using max refinement level: 6/6
Using max refinement level: 6/6
Using max refinement level: 6/6
Using max refinement level: 6/6
Using max refinement level: 6/6
Using max refinement level: 6/6
Using max refinement level: 6/6
Using max refinement level: 6/6
Using max refinement level: 6/6
Using max refinement level: 6/6
Using max refinement level: 6/6
Using max refinement level: 6/6
Using max refinement level: 6/6
Using max refinement level: 6/6
Using max refinement level: 6/6
Using max refinement level: 6/6
Using max refinement level: 6/6
Using max refinement level: 6/6
Using max refinement level: 6/6
Using max refinement level: 6/6
Using max refinement level: 6/6
Using max refinement level: 6/6
Using max refinement level: 6/6
Using max refinement level: 6/6
Using max refinement level: 6/6
Using max refinement level: 6/6
Using max refinement level: 6/6
Using max refinement level: 6/6
Using max refinement level: 6/6
Using max refinement level: 6/6
Using max refinement level: 6/6
Using max refinement level: 6/6
Using max refinement level: 6/6
Using max refinement level: 6/6
Using max refinement level: 6/6
Using max refinement level: 6/6
Using max refinement level: 6/6
Simulation complete:
  Final L2 error: 0.000076
  Total cost: 316047
  Final elements: 66
  Adaptations: 523
Results saved to: analysis/data/model_performance/session3_100k_uniform/baseline_results_conventional-amr_ref6_budget80.csv
Generated 6 baseline data points
Baseline evaluation complete: analysis/data/model_performance/session3_100k_uniform/baseline_results_conventional-amr_ref6_budget80.csv

Baseline evaluation completed with exit code: 0
End Time: Wed Jul 16 15:13:05 MDT 2025
✓ Baseline file created: /bsuhome/antonechacartegu/projects/drl-amr/1D-Wave-AMR/analysis/data/model_performance/session3_100k_uniform/baseline_results_conventional-amr_ref6_budget80.csv
  File contains 7 lines (expected: 7 = header + 6 thresholds)
==================================================
Job completed at Wed Jul 16 15:13:05 MDT 2025
==================================================
