timestep,action,mapped_action,reward,resource_usage,element_count,budget_proximity,took_timestep,episode
1,1,0,0.0,0.16,4,0.16,0,0
2,2,1,28.364332,0.2,5,0.2,0,0
3,2,1,28.208652,0.24,6,0.24,0,0
4,0,-1,-0.0,0.24,6,0.24,0,0
5,0,-1,-28.22638,0.2,5,0.2,0,0
6,2,1,-4.278605,0.24,6,0.24,0,0
7,1,0,0.0,0.24,6,0.24,0,0
8,2,1,-4.516251,0.28,7,0.28,0,0
9,1,0,0.0,0.28,7,0.28,0,0
10,1,0,0.0,0.28,7,0.28,0,0
11,1,0,0.0,0.28,7,0.28,0,0
12,0,-1,-0.0,0.28,7,0.28,0,0
13,1,0,0.0,0.28,7,0.28,0,0
14,2,1,-4.847933,0.32,8,0.32,0,0
15,1,0,0.0,0.32,8,0.32,0,0
16,2,1,26.003696,0.36,9,0.36,0,0
17,1,0,0.0,0.36,9,0.36,0,0
18,2,1,-5.829624,0.4,10,0.4,0,0
19,2,1,-6.5208144,0.44,11,0.44,0,0
20,2,1,21.105461,0.48,12,0.48,0,0
21,2,1,24.007345,0.52,13,0.52,0,0
22,1,0,0.0,0.52,13,0.52,0,0
23,2,1,-9.922016,0.56,14,0.56,0,0
24,0,-1,-18.57534,0.52,13,0.52,0,0
25,1,0,0.0,0.52,13,0.52,0,0
26,2,1,-9.921985,0.56,14,0.56,0,0
27,2,1,-11.786916,0.6,15,0.6,0,0
28,2,1,15.363791,0.64,16,0.64,0,0
29,2,1,10.521149,0.68,17,0.68,0,0
30,1,0,0.0,0.68,17,0.68,0,0
31,0,-1,17.735939,0.64,16,0.64,0,0
32,1,0,0.0,0.64,16,0.64,0,0
33,1,0,0.0,0.64,16,0.64,0,0
34,1,0,0.0,0.64,16,0.64,0,0
35,2,1,10.034872,0.68,17,0.68,0,0
36,0,-1,17.735939,0.64,16,0.64,0,0
37,1,0,0.0,0.64,16,0.64,0,0
38,0,-1,-0.0,0.64,16,0.64,0,0
39,0,-1,-13.970561,0.6,15,0.6,0,0
40,0,-1,-0.0,0.6,15,0.6,0,0
41,1,0,0.0,0.6,15,0.6,0,0
42,1,0,0.0,0.6,15,0.6,0,0
43,2,1,-14.286527,0.64,16,0.64,0,0
44,1,0,0.0,0.64,16,0.64,0,0
45,1,0,0.0,0.64,16,0.64,0,0
46,1,0,0.0,0.64,16,0.64,0,0
47,2,1,-17.735939,0.68,17,0.68,0,0
48,1,0,0.0,0.68,17,0.68,0,0
49,2,1,5.8215265,0.72,18,0.72,0,0
50,1,0,0.0,0.72,18,0.72,0,0
51,2,1,-30.097908,0.76,19,0.76,0,0
52,0,-1,30.097908,0.72,18,0.72,0,0
53,0,-1,22.67583,0.68,17,0.68,0,0
54,1,0,0.0,0.68,17,0.68,0,0
55,1,0,0.0,0.68,17,0.68,0,0
56,0,-1,-10.034872,0.64,16,0.64,0,0
57,0,-1,-15.363791,0.6,15,0.6,0,0
58,2,1,13.970561,0.64,16,0.64,1,0
59,0,-1,14.286497,0.6,15,0.6,0,0
60,0,-1,-16.695467,0.56,14,0.56,0,0
61,0,-1,-0.0,0.56,14,0.56,0,0
62,0,-1,-22.591854,0.52,13,0.52,0,0
63,0,-1,-0.0,0.52,13,0.52,0,0
64,2,1,19.720163,0.56,14,0.56,0,0
65,2,1,14.186586,0.6,15,0.6,0,0
66,1,0,0.0,0.6,15,0.6,0,0
67,0,-1,-0.0,0.6,15,0.6,0,0
68,0,-1,-0.0,0.6,15,0.6,0,0
69,1,0,0.0,0.6,15,0.6,0,0
70,0,-1,-14.186586,0.56,14,0.56,0,0
71,1,0,0.0,0.56,14,0.56,0,0
72,2,1,-11.786916,0.6,15,0.6,0,0
73,1,0,0.0,0.6,15,0.6,0,0
74,1,0,0.0,0.6,15,0.6,0,0
75,2,1,-14.286528,0.64,16,0.64,0,0
76,2,1,9.587465,0.68,17,0.68,0,0
77,2,1,3.2976716,0.72,18,0.72,0,0
78,1,0,0.0,0.72,18,0.72,0,0
79,0,-1,-0.0,0.72,18,0.72,0,0
80,2,1,-12.37302,0.76,19,0.76,0,0
81,1,0,0.0,0.76,19,0.76,0,0
82,1,0,0.0,0.76,19,0.76,0,0
83,1,0,0.0,0.76,19,0.76,0,0
84,2,1,-17.801233,0.8,20,0.8,0,0
85,0,-1,-0.0,0.8,20,0.8,0,0
86,1,0,0.0,0.8,20,0.8,0,0
87,2,1,-47.393566,0.84,21,0.84,0,0
88,0,-1,-0.0,0.84,21,0.84,0,0
89,0,-1,47.393566,0.8,20,0.8,0,0
90,1,0,0.0,0.8,20,0.8,0,0
91,0,-1,41.986008,0.76,19,0.76,0,0
92,0,-1,30.097908,0.72,18,0.72,0,0
93,1,0,0.0,0.72,18,0.72,0,0
94,2,1,-1.6155256,0.76,19,0.76,0,0
95,1,0,0.0,0.76,19,0.76,0,0
96,2,1,-15.400155,0.8,20,0.8,0,0
97,2,1,-36.890396,0.84,21,0.84,0,0
98,2,1,-79.09502,0.88,22,0.88,0,0
99,2,1,-193.8839,0.92,23,0.92,0,0
100,2,1,-625.2653,0.96,24,0.96,0,0
101,0,-1,599.90393,0.92,23,0.92,0,0
102,1,0,0.0,0.92,23,0.92,0,0
103,0,-1,-0.0,0.92,23,0.92,0,0
104,2,1,-604.4395,0.96,24,0.96,0,0
105,1,0,0.0,0.96,24,0.96,0,0
106,0,-1,597.9425,0.92,23,0.92,0,0
107,0,-1,193.8839,0.88,22,0.88,0,0
108,1,0,0.0,0.88,22,0.88,0,0
109,0,-1,86.73211,0.84,21,0.84,0,0
110,0,-1,43.920933,0.8,20,0.8,0,0
111,0,-1,12.343828,0.76,19,0.76,0,0
112,1,0,0.0,0.76,19,0.76,0,0
113,1,0,0.0,0.76,19,0.76,0,0
114,0,-1,-0.0,0.76,19,0.76,0,0
115,0,-1,9.271471,0.72,18,0.72,0,0
116,0,-1,-3.2379577,0.68,17,0.68,0,0
117,1,0,0.0,0.68,17,0.68,0,0
118,0,-1,-0.0,0.68,17,0.68,0,0
119,2,1,6.966349,0.72,18,0.72,0,0
120,2,1,-30.09787,0.76,19,0.76,0,0
121,1,0,0.0,0.76,19,0.76,0,0
122,1,0,0.0,0.76,19,0.76,0,0
123,1,0,0.0,0.76,19,0.76,0,0
124,1,0,0.0,0.76,19,0.76,0,0
125,0,-1,17.022457,0.72,18,0.72,0,0
126,2,1,-30.097744,0.76,19,0.76,0,0
127,0,-1,-0.0,0.76,19,0.76,0,0
128,2,1,-14.662603,0.8,20,0.8,0,0
129,0,-1,15.400155,0.76,19,0.76,0,0
130,0,-1,-0.0,0.76,19,0.76,0,0
131,1,0,0.0,0.76,19,0.76,0,0
132,1,0,0.0,0.76,19,0.76,0,0
133,2,1,-17.759996,0.8,20,0.8,0,0
134,1,0,0.0,0.8,20,0.8,0,0
135,0,-1,17.801233,0.76,19,0.76,0,0
136,0,-1,30.09787,0.72,18,0.72,0,0
137,1,0,0.0,0.72,18,0.72,0,0
138,0,-1,-0.0,0.72,18,0.72,0,0
139,0,-1,-5.806551,0.68,17,0.68,0,0
140,1,0,0.0,0.68,17,0.68,0,0
141,2,1,-0.748099,0.72,18,0.72,0,0
142,2,1,2.4141517,0.76,19,0.76,0,0
143,1,0,0.0,0.76,19,0.76,0,0
144,2,1,-24.132498,0.8,20,0.8,0,0
145,2,1,-62.804176,0.84,21,0.84,0,0
146,1,0,0.0,0.84,21,0.84,0,0
147,0,-1,30.292124,0.8,20,0.8,0,0
148,2,1,-36.21833,0.84,21,0.84,0,0
149,2,1,-82.516205,0.88,22,0.88,0,0
150,2,1,-186.34518,0.92,23,0.92,0,0
151,2,1,-625.2659,0.96,24,0.96,0,0
152,1,0,0.0,0.96,24,0.96,0,0
153,2,1,20.18191,1.0,25,1.0,0,0
154,2,1,-1000.0,0.0,0,0.0,0,0
155,2,1,-4.1407347,0.2,5,0.2,0,1
156,1,0,0.0,0.2,5,0.2,0,1
157,2,1,-4.278605,0.24,6,0.24,0,1
158,0,-1,4.278605,0.2,5,0.2,0,1
159,1,0,0.0,0.2,5,0.2,0,1
160,0,-1,4.1407347,0.16,4,0.16,0,1
161,2,1,28.364332,0.2,5,0.2,0,1
162,0,-1,-28.364332,0.16,4,0.16,0,1
163,0,-1,-0.0,0.16,4,0.16,0,1
164,2,1,-4.1406527,0.2,5,0.2,0,1
165,0,-1,-0.0,0.2,5,0.2,0,1
166,0,-1,4.1406527,0.16,4,0.16,0,1
167,1,0,0.0,0.16,4,0.16,0,1
168,2,1,-4.1407347,0.2,5,0.2,0,1
169,1,0,0.0,0.2,5,0.2,0,1
170,2,1,-4.279113,0.24,6,0.24,0,1
171,1,0,0.0,0.24,6,0.24,0,1
172,2,1,27.971514,0.28,7,0.28,0,1
173,0,-1,4.516252,0.24,6,0.24,0,1
174,1,0,0.0,0.24,6,0.24,0,1
175,2,1,26.767761,0.28,7,0.28,0,1
176,2,1,23.649387,0.32,8,0.32,0,1
177,0,-1,-23.649387,0.28,7,0.28,0,1
178,1,0,0.0,0.28,7,0.28,0,1
179,1,0,0.0,0.28,7,0.28,0,1
180,2,1,23.649387,0.32,8,0.32,0,1
181,0,-1,-0.0,0.32,8,0.32,0,1
182,0,-1,-0.0,0.32,8,0.32,0,1
183,0,-1,-0.0,0.32,8,0.32,0,1
184,0,-1,4.847379,0.28,7,0.28,0,1
185,0,-1,-23.98094,0.24,6,0.24,0,1
186,2,1,23.740671,0.28,7,0.28,0,1
187,2,1,23.649387,0.32,8,0.32,0,1
188,1,0,0.0,0.32,8,0.32,0,1
189,1,0,0.0,0.32,8,0.32,0,1
190,2,1,21.280823,0.36,9,0.36,0,1
191,2,1,20.933285,0.4,10,0.4,0,1
192,0,-1,-20.933285,0.36,9,0.36,0,1
193,2,1,26.67603,0.4,10,0.4,0,1
194,2,1,16.954042,0.44,11,0.44,0,1
195,1,0,0.0,0.44,11,0.44,0,1
196,1,0,0.0,0.44,11,0.44,0,1
197,2,1,17.875881,0.48,12,0.48,0,1
198,2,1,22.79115,0.52,13,0.52,0,1
199,0,-1,-22.79115,0.48,12,0.48,0,1
200,1,0,0.0,0.48,12,0.48,0,1
201,2,1,12.262621,0.52,13,0.52,0,1
202,2,1,-9.921343,0.56,14,0.56,0,1
203,2,1,10.912448,0.6,15,0.6,0,1
204,1,0,0.0,0.6,15,0.6,0,1
205,1,0,0.0,0.6,15,0.6,0,1
206,2,1,17.002935,0.64,16,0.64,0,1
207,2,1,11.916524,0.68,17,0.68,0,1
208,1,0,0.0,0.68,17,0.68,0,1
209,1,0,0.0,0.68,17,0.68,0,1
210,1,0,0.0,0.68,17,0.68,0,1
211,1,0,0.0,0.68,17,0.68,0,1
212,0,-1,-0.0,0.68,17,0.68,0,1
213,1,0,0.0,0.68,17,0.68,0,1
214,0,-1,-0.0,0.68,17,0.68,0,1
215,2,1,-22.6758,0.72,18,0.72,0,1
216,0,-1,-0.02353259,0.68,17,0.68,0,1
217,2,1,-4.2884793,0.72,18,0.72,0,1
218,1,0,0.0,0.72,18,0.72,0,1
219,1,0,0.0,0.72,18,0.72,0,1
220,0,-1,-6.976633,0.68,17,0.68,0,1
221,1,0,0.0,0.68,17,0.68,0,1
222,0,-1,-7.531838,0.64,16,0.64,0,1
223,2,1,10.307021,0.68,17,0.68,0,1
224,2,1,-0.73196423,0.72,18,0.72,0,1
225,2,1,-10.063852,0.76,19,0.76,0,1
226,1,0,0.0,0.76,19,0.76,0,1
227,1,0,0.0,0.76,19,0.76,0,1
228,0,-1,-1.1915543,0.72,18,0.72,0,1
229,0,-1,22.6758,0.68,17,0.68,0,1
230,2,1,-22.67524,0.72,18,0.72,0,1
231,0,-1,2.6417754,0.68,17,0.68,0,1
232,1,0,0.0,0.68,17,0.68,0,1
233,2,1,4.087081,0.72,18,0.72,0,1
234,2,1,1.1915543,0.76,19,0.76,0,1
235,2,1,-16.718231,0.8,20,0.8,0,1
236,2,1,-62.804146,0.84,21,0.84,0,1
237,0,-1,62.80351,0.8,20,0.8,0,1
238,1,0,0.0,0.8,20,0.8,0,1
239,0,-1,23.598658,0.76,19,0.76,0,1
240,2,1,-15.845667,0.8,20,0.8,0,1
241,0,-1,10.696547,0.76,19,0.76,0,1
242,2,1,-41.985336,0.8,20,0.8,0,1
243,1,0,0.0,0.8,20,0.8,0,1
244,0,-1,21.225075,0.76,19,0.76,0,1
245,1,0,0.0,0.76,19,0.76,0,1
246,2,1,-41.985844,0.8,20,0.8,0,1
247,0,-1,-0.0,0.8,20,0.8,0,1
248,2,1,-43.165245,0.84,21,0.84,0,1
249,0,-1,-0.0,0.84,21,0.84,0,1
250,0,-1,36.66384,0.8,20,0.8,0,1
251,1,0,0.0,0.8,20,0.8,0,1
252,2,1,-33.153866,0.84,21,0.84,0,1
253,2,1,-81.75764,0.88,22,0.88,0,1
254,0,-1,81.75764,0.84,21,0.84,0,1
255,2,1,-78.452995,0.88,22,0.88,0,1
256,0,-1,74.80668,0.84,21,0.84,0,1
257,1,0,0.0,0.84,21,0.84,0,1
258,1,0,0.0,0.84,21,0.84,0,1
259,0,-1,43.165245,0.8,20,0.8,0,1
260,1,0,0.0,0.8,20,0.8,0,1
261,1,0,0.0,0.8,20,0.8,0,1
262,2,1,-38.565407,0.84,21,0.84,0,1
263,1,0,0.0,0.84,21,0.84,0,1
264,1,0,0.0,0.84,21,0.84,0,1
265,0,-1,38.565407,0.8,20,0.8,0,1
266,2,1,-31.51472,0.84,21,0.84,0,1
267,1,0,0.0,0.84,21,0.84,0,1
268,1,0,0.0,0.84,21,0.84,0,1
269,2,1,-84.42294,0.88,22,0.88,0,1
270,1,0,0.0,0.88,22,0.88,0,1
271,0,-1,76.41404,0.84,21,0.84,0,1
272,2,1,-74.804535,0.88,22,0.88,0,1
273,0,-1,-0.0,0.88,22,0.88,0,1
274,2,1,-208.6108,0.92,23,0.92,0,1
275,1,0,0.0,0.92,23,0.92,0,1
276,1,0,0.0,0.92,23,0.92,0,1
277,2,1,-595.6156,0.96,24,0.96,0,1
278,0,-1,599.2619,0.92,23,0.92,0,1
279,2,1,-625.2659,0.96,24,0.96,0,1
280,0,-1,-0.0,0.96,24,0.96,0,1
281,0,-1,-0.0,0.96,24,0.96,0,1
282,0,-1,-0.0,0.96,24,0.96,0,1
283,2,1,19.638939,1.0,25,1.0,0,1
284,0,-1,-1000.0,0.0,0,0.0,0,1
285,2,1,28.346605,0.2,5,0.2,0,2
286,2,1,-4.278605,0.24,6,0.24,0,2
287,1,0,0.0,0.24,6,0.24,0,2
288,1,0,0.0,0.24,6,0.24,0,2
289,2,1,-4.515826,0.28,7,0.28,0,2
290,0,-1,4.515744,0.24,6,0.24,0,2
291,0,-1,-28.208652,0.2,5,0.2,0,2
292,1,0,0.0,0.2,5,0.2,0,2
293,2,1,-4.279113,0.24,6,0.24,0,2
294,1,0,0.0,0.24,6,0.24,0,2
295,0,-1,-0.0,0.24,6,0.24,0,2
296,1,0,0.0,0.24,6,0.24,0,2
297,1,0,0.0,0.24,6,0.24,0,2
298,2,1,-4.5163803,0.28,7,0.28,0,2
299,0,-1,-0.0,0.28,7,0.28,0,2
300,1,0,0.0,0.28,7,0.28,0,2
301,1,0,0.0,0.28,7,0.28,0,2
302,2,1,27.657686,0.32,8,0.32,0,2
303,0,-1,-0.0,0.32,8,0.32,0,2
304,0,-1,-27.657686,0.28,7,0.28,0,2
305,0,-1,-0.0,0.28,7,0.28,0,2
306,0,-1,4.5163803,0.24,6,0.24,0,2
307,2,1,-4.516412,0.28,7,0.28,0,2
308,0,-1,-0.0,0.28,7,0.28,0,2
309,2,1,-4.847297,0.32,8,0.32,0,2
310,0,-1,-0.0,0.32,8,0.32,0,2
311,0,-1,4.847965,0.28,7,0.28,0,2
312,1,0,0.0,0.28,7,0.28,0,2
313,1,0,0.0,0.28,7,0.28,0,2
314,1,0,0.0,0.28,7,0.28,0,2
315,2,1,-4.847965,0.32,8,0.32,0,2
316,2,1,-5.2804523,0.36,9,0.36,0,2
317,0,-1,-0.0,0.36,9,0.36,0,2
318,2,1,26.658304,0.4,10,0.4,0,2
319,2,1,24.763365,0.44,11,0.44,0,2
320,0,-1,-0.0,0.44,11,0.44,0,2
321,2,1,22.258423,0.48,12,0.48,0,2
322,2,1,19.758776,0.52,13,0.52,0,2
323,1,0,0.0,0.52,13,0.52,0,2
324,2,1,-9.921978,0.56,14,0.56,0,2
325,2,1,-11.786911,0.6,15,0.6,0,2
326,2,1,13.484284,0.64,16,0.64,0,2
327,0,-1,14.286522,0.6,15,0.6,0,2
328,2,1,14.21083,0.64,16,0.64,0,2
329,0,-1,-14.21083,0.6,15,0.6,0,2
330,0,-1,11.786878,0.56,14,0.56,0,2
331,1,0,0.0,0.56,14,0.56,0,2
332,2,1,13.998958,0.6,15,0.6,0,2
333,0,-1,-0.0,0.6,15,0.6,0,2
334,0,-1,-0.0,0.6,15,0.6,0,2
335,2,1,12.274778,0.64,16,0.64,0,2
336,2,1,-17.735903,0.68,17,0.68,0,2
337,1,0,0.0,0.68,17,0.68,0,2
338,0,-1,17.735909,0.64,16,0.64,0,2
339,2,1,-17.735773,0.68,17,0.68,0,2
340,0,-1,-8.825366,0.64,16,0.64,0,2
341,2,1,-17.735939,0.68,17,0.68,0,2
342,2,1,-22.675829,0.72,18,0.72,0,2
343,1,0,0.0,0.72,18,0.72,0,2
344,2,1,2.4077501,0.76,19,0.76,0,2
345,0,-1,-2.4077501,0.72,18,0.72,0,2
346,1,0,0.0,0.72,18,0.72,0,2
347,1,0,0.0,0.72,18,0.72,0,2
348,0,-1,-0.0,0.72,18,0.72,0,2
349,0,-1,-0.0,0.72,18,0.72,0,2
350,2,1,-30.097904,0.76,19,0.76,0,2
351,2,1,-41.986008,0.8,20,0.8,0,2
352,0,-1,-0.0,0.8,20,0.8,0,2
353,2,1,-62.804146,0.84,21,0.84,0,2
354,0,-1,-0.0,0.84,21,0.84,0,2
355,2,1,-104.45696,0.88,22,0.88,0,2
356,2,1,-182.60696,0.92,23,0.92,0,2
357,2,1,-625.2659,0.96,24,0.96,0,2
358,2,1,3.9917488e-08,1.0,25,1.0,0,2
359,2,1,-1000.0,0.0,0,0.0,0,2
360,0,-1,-0.0,0.16,4,0.16,0,3
361,2,1,-4.1406527,0.2,5,0.2,0,3
362,0,-1,-0.0,0.2,5,0.2,0,3
363,2,1,-4.2792473,0.24,6,0.24,0,3
364,0,-1,-0.0,0.24,6,0.24,0,3
365,0,-1,-0.0,0.24,6,0.24,0,3
366,0,-1,4.2792473,0.2,5,0.2,0,3
367,2,1,28.22638,0.24,6,0.24,0,3
368,1,0,0.0,0.24,6,0.24,0,3
369,2,1,-4.515826,0.28,7,0.28,0,3
370,2,1,-4.8479395,0.32,8,0.32,0,3
371,1,0,0.0,0.32,8,0.32,0,3
372,1,0,0.0,0.32,8,0.32,0,3
373,2,1,-5.2804785,0.36,9,0.36,0,3
374,2,1,26.658304,0.4,10,0.4,0,3
375,2,1,21.736273,0.44,11,0.44,0,3
376,2,1,20.651064,0.48,12,0.48,0,3
377,0,-1,-0.0,0.48,12,0.48,0,3
378,2,1,-8.498146,0.52,13,0.52,0,3
379,0,-1,-0.0,0.52,13,0.52,0,3
380,1,0,0.0,0.52,13,0.52,0,3
381,0,-1,8.498146,0.48,12,0.48,0,3
382,2,1,22.785866,0.52,13,0.52,0,3
383,1,0,0.0,0.52,13,0.52,0,3
384,0,-1,-19.544647,0.48,12,0.48,0,3
385,1,0,0.0,0.48,12,0.48,0,3
386,0,-1,-20.865192,0.44,11,0.44,0,3
387,0,-1,-24.763365,0.4,10,0.4,0,3
388,2,1,24.763365,0.44,11,0.44,0,3
389,2,1,22.258423,0.48,12,0.48,0,3
390,0,-1,-25.113762,0.44,11,0.44,0,3
391,2,1,25.113762,0.48,12,0.48,0,3
392,2,1,19.999044,0.52,13,0.52,0,3
393,0,-1,-0.0,0.52,13,0.52,0,3
394,1,0,0.0,0.52,13,0.52,0,3
395,2,1,17.410637,0.56,14,0.56,0,3
396,0,-1,-18.57534,0.52,13,0.52,0,3
397,0,-1,-18.834341,0.48,12,0.48,0,3
398,2,1,19.544647,0.52,13,0.52,0,3
399,1,0,0.0,0.52,13,0.52,0,3
400,0,-1,-0.0,0.52,13,0.52,0,3
401,0,-1,8.498307,0.48,12,0.48,0,3
402,0,-1,7.3913045,0.44,11,0.44,0,3
403,0,-1,-23.129503,0.4,10,0.4,0,3
404,2,1,-6.5202236,0.44,11,0.44,0,3
405,2,1,18.748446,0.48,12,0.48,0,3
406,2,1,-8.498307,0.52,13,0.52,0,3
407,1,0,0.0,0.52,13,0.52,0,3
408,0,-1,-22.785866,0.48,12,0.48,0,3
409,2,1,-8.498275,0.52,13,0.52,0,3
410,1,0,0.0,0.52,13,0.52,0,3
411,1,0,0.0,0.52,13,0.52,0,3
412,0,-1,-17.642029,0.48,12,0.48,0,3
413,0,-1,-0.0,0.48,12,0.48,0,3
414,0,-1,-0.0,0.48,12,0.48,0,3
415,1,0,0.0,0.48,12,0.48,0,3
416,0,-1,7.391858,0.44,11,0.44,0,3
417,0,-1,-0.0,0.44,11,0.44,0,3
418,0,-1,-21.522146,0.4,10,0.4,0,3
419,2,1,-6.5208144,0.44,11,0.44,0,3
420,0,-1,-0.0,0.44,11,0.44,0,3
421,2,1,-7.39189,0.48,12,0.48,0,3
422,0,-1,7.3918953,0.44,11,0.44,0,3
423,1,0,0.0,0.44,11,0.44,0,3
424,2,1,-7.3917303,0.48,12,0.48,0,3
425,1,0,0.0,0.48,12,0.48,0,3
426,1,0,0.0,0.48,12,0.48,0,3
427,1,0,0.0,0.48,12,0.48,0,3
428,0,-1,-0.0,0.48,12,0.48,0,3
429,2,1,-8.498275,0.52,13,0.52,0,3
430,2,1,-9.922016,0.56,14,0.56,0,3
431,0,-1,-0.0,0.56,14,0.56,0,3
432,2,1,-11.786749,0.6,15,0.6,0,3
433,1,0,0.0,0.6,15,0.6,0,3
434,1,0,0.0,0.6,15,0.6,0,3
435,2,1,-14.286526,0.64,16,0.64,0,3
436,2,1,-17.735903,0.68,17,0.68,0,3
437,0,-1,17.735939,0.64,16,0.64,0,3
438,1,0,0.0,0.64,16,0.64,0,3
439,0,-1,14.286527,0.6,15,0.6,0,3
440,0,-1,11.786749,0.56,14,0.56,0,3
441,1,0,0.0,0.56,14,0.56,0,3
442,0,-1,-22.565916,0.52,13,0.52,0,3
443,1,0,0.0,0.52,13,0.52,0,3
444,0,-1,8.498307,0.48,12,0.48,0,3
445,0,-1,7.391891,0.44,11,0.44,0,3
446,2,1,-7.3917294,0.48,12,0.48,0,3
447,0,-1,-25.113762,0.44,11,0.44,0,3
448,0,-1,-0.0,0.44,11,0.44,0,3
449,0,-1,-0.0,0.44,11,0.44,0,3
450,1,0,0.0,0.44,11,0.44,0,3
451,1,0,0.0,0.44,11,0.44,0,3
452,2,1,25.113762,0.48,12,0.48,0,3
453,0,-1,7.391865,0.44,11,0.44,0,3
454,1,0,0.0,0.44,11,0.44,0,3
455,2,1,23.897566,0.48,12,0.48,0,3
456,0,-1,-0.0,0.48,12,0.48,0,3
457,1,0,0.0,0.48,12,0.48,0,3
458,1,0,0.0,0.48,12,0.48,0,3
459,1,0,0.0,0.48,12,0.48,0,3
460,0,-1,7.3917294,0.44,11,0.44,0,3
461,2,1,21.109398,0.48,12,0.48,0,3
462,0,-1,7.3918586,0.44,11,0.44,0,3
463,2,1,18.544453,0.48,12,0.48,0,3
464,1,0,0.0,0.48,12,0.48,0,3
465,1,0,0.0,0.48,12,0.48,0,3
466,1,0,0.0,0.48,12,0.48,0,3
467,0,-1,-0.0,0.48,12,0.48,0,3
468,0,-1,7.391858,0.44,11,0.44,0,3
469,1,0,0.0,0.44,11,0.44,0,3
470,2,1,-7.3918586,0.48,12,0.48,0,3
471,0,-1,-0.0,0.48,12,0.48,0,3
472,0,-1,-0.0,0.48,12,0.48,0,3
473,1,0,0.0,0.48,12,0.48,0,3
474,1,0,0.0,0.48,12,0.48,0,3
475,0,-1,7.3918586,0.44,11,0.44,0,3
476,2,1,22.260569,0.48,12,0.48,0,3
477,2,1,-8.498275,0.52,13,0.52,0,3
478,2,1,-9.921985,0.56,14,0.56,0,3
479,2,1,-11.78691,0.6,15,0.6,0,3
480,0,-1,-14.149434,0.56,14,0.56,0,3
481,0,-1,9.921979,0.52,13,0.52,0,3
482,2,1,16.842545,0.56,14,0.56,0,3
483,0,-1,9.92201,0.52,13,0.52,0,3
484,1,0,0.0,0.52,13,0.52,0,3
485,1,0,0.0,0.52,13,0.52,0,3
486,0,-1,-18.266247,0.48,12,0.48,0,3
487,0,-1,7.391865,0.44,11,0.44,0,3
488,2,1,-7.3917294,0.48,12,0.48,0,3
489,0,-1,-0.0,0.48,12,0.48,0,3
490,0,-1,7.3917294,0.44,11,0.44,0,3
491,2,1,19.372663,0.48,12,0.48,0,3
492,0,-1,-0.0,0.48,12,0.48,0,3
493,1,0,0.0,0.48,12,0.48,0,3
494,0,-1,-0.0,0.48,12,0.48,0,3
495,1,0,0.0,0.48,12,0.48,0,3
496,2,1,16.342228,0.52,13,0.52,0,3
497,0,-1,-21.154152,0.48,12,0.48,0,3
498,0,-1,-17.448645,0.44,11,0.44,0,3
499,1,0,0.0,0.44,11,0.44,0,3
500,1,0,0.0,0.44,11,0.44,0,3
501,1,0,0.0,0.44,11,0.44,0,3
502,0,-1,-20.243746,0.4,10,0.4,0,3
503,0,-1,-0.0,0.4,10,0.4,0,3
504,2,1,21.522146,0.44,11,0.44,0,3
505,1,0,0.0,0.44,11,0.44,0,3
506,0,-1,6.520649,0.4,10,0.4,0,3
507,0,-1,5.829036,0.36,9,0.36,0,3
508,0,-1,5.27981,0.32,8,0.32,0,3
509,2,1,21.328568,0.36,9,0.36,0,3
510,1,0,0.0,0.36,9,0.36,0,3
511,0,-1,-0.0,0.36,9,0.36,0,3
512,0,-1,-0.0,0.36,9,0.36,0,3
513,1,0,0.0,0.36,9,0.36,0,3
514,2,1,26.658304,0.4,10,0.4,0,3
515,2,1,18.743032,0.44,11,0.44,0,3
516,1,0,0.0,0.44,11,0.44,0,3
517,1,0,0.0,0.44,11,0.44,0,3
518,0,-1,-25.967117,0.4,10,0.4,0,3
519,1,0,0.0,0.4,10,0.4,1,3
520,1,0,0.0,0.4,10,0.4,0,3
521,0,-1,-19.393982,0.36,9,0.36,0,3
522,0,-1,-0.0,0.36,9,0.36,0,3
523,1,0,0.0,0.36,9,0.36,0,3
524,0,-1,-21.292006,0.32,8,0.32,0,3
525,2,1,21.292006,0.36,9,0.36,0,3
526,0,-1,-23.240255,0.32,8,0.32,0,3
527,1,0,0.0,0.32,8,0.32,0,3
528,2,1,19.943125,0.36,9,0.36,0,3
529,0,-1,-0.0,0.36,9,0.36,0,3
530,2,1,16.723461,0.4,10,0.4,0,3
531,0,-1,-0.0,0.4,10,0.4,0,3
532,2,1,23.10541,0.44,11,0.44,0,3
533,2,1,13.073057,0.48,12,0.48,0,3
534,0,-1,-0.0,0.48,12,0.48,0,3
535,1,0,0.0,0.48,12,0.48,0,3
536,2,1,19.188148,0.52,13,0.52,0,3
537,1,0,0.0,0.52,13,0.52,0,3
538,2,1,15.687703,0.56,14,0.56,0,3
539,2,1,13.80469,0.6,15,0.6,0,3
540,1,0,0.0,0.6,15,0.6,0,3
541,1,0,0.0,0.6,15,0.6,0,3
542,0,-1,-8.678038,0.56,14,0.56,0,3
543,0,-1,-15.301593,0.52,13,0.52,0,3
544,1,0,0.0,0.52,13,0.52,0,3
545,2,1,11.255584,0.56,14,0.56,0,3
546,2,1,20.68842,0.6,15,0.6,0,3
547,0,-1,-20.68842,0.56,14,0.56,0,3
548,1,0,0.0,0.56,14,0.56,0,3
549,1,0,0.0,0.56,14,0.56,0,3
550,1,0,0.0,0.56,14,0.56,0,3
551,0,-1,-0.0,0.56,14,0.56,0,3
552,0,-1,-15.66959,0.52,13,0.52,0,3
553,0,-1,-0.0,0.52,13,0.52,0,3
554,0,-1,-0.0,0.52,13,0.52,0,3
555,1,0,0.0,0.52,13,0.52,0,3
556,2,1,6.9501762,0.56,14,0.56,0,3
557,1,0,0.0,0.56,14,0.56,0,3
558,1,0,0.0,0.56,14,0.56,0,3
559,2,1,0.0,0.0,0,0.0,0,3
560,2,1,28.364332,0.2,5,0.2,0,4
561,2,1,27.010183,0.24,6,0.24,0,4
562,1,0,0.0,0.24,6,0.24,0,4
563,1,0,0.0,0.24,6,0.24,0,4
564,0,-1,-0.0,0.24,6,0.24,0,4
565,0,-1,-27.010183,0.2,5,0.2,0,4
566,2,1,28.208652,0.24,6,0.24,0,4
567,2,1,23.740671,0.28,7,0.28,0,4
568,1,0,0.0,0.28,7,0.28,0,4
569,0,-1,-0.0,0.28,7,0.28,0,4
570,0,-1,-27.98924,0.24,6,0.24,0,4
571,1,0,0.0,0.24,6,0.24,0,4
572,1,0,0.0,0.24,6,0.24,0,4
573,1,0,0.0,0.24,6,0.24,0,4
574,0,-1,-23.97781,0.2,5,0.2,1,4
575,2,1,23.466194,0.24,6,0.24,0,4
576,2,1,19.454931,0.28,7,0.28,0,4
577,0,-1,-27.866411,0.24,6,0.24,0,4
578,1,0,0.0,0.24,6,0.24,0,4
579,2,1,27.867332,0.28,7,0.28,0,4
580,1,0,0.0,0.28,7,0.28,0,4
581,1,0,0.0,0.28,7,0.28,0,4
582,2,1,20.74055,0.32,8,0.32,0,4
583,1,0,0.0,0.32,8,0.32,0,4
584,2,1,25.89323,0.36,9,0.36,0,4
585,2,1,17.214396,0.4,10,0.4,0,4
586,1,0,0.0,0.4,10,0.4,0,4
587,0,-1,-17.214396,0.36,9,0.36,0,4
588,2,1,18.317755,0.4,10,0.4,0,4
589,2,1,16.001549,0.44,11,0.44,0,4
590,1,0,0.0,0.44,11,0.44,0,4
591,1,0,0.0,0.44,11,0.44,0,4
592,2,1,22.168053,0.48,12,0.48,0,4
593,1,0,0.0,0.48,12,0.48,0,4
594,2,1,17.86809,0.52,13,0.52,0,4
595,2,1,11.385769,0.56,14,0.56,0,4
596,0,-1,-14.049334,0.52,13,0.52,0,4
597,2,1,13.122006,0.56,14,0.56,0,4
598,0,-1,-16.444387,0.52,13,0.52,0,4
599,0,-1,-21.061636,0.48,12,0.48,0,4
600,0,-1,-0.0,0.48,12,0.48,0,4
601,1,0,0.0,0.48,12,0.48,0,4
602,2,1,19.834496,0.52,13,0.52,0,4
603,2,1,15.790088,0.56,14,0.56,0,4
604,1,0,0.0,0.56,14,0.56,0,4
605,0,-1,-0.0,0.56,14,0.56,0,4
606,1,0,0.0,0.56,14,0.56,0,4
607,2,1,9.423024,0.6,15,0.6,0,4
608,1,0,0.0,0.6,15,0.6,0,4
609,1,0,0.0,0.6,15,0.6,0,4
610,0,-1,-9.520869,0.56,14,0.56,0,4
611,0,-1,-0.0,0.56,14,0.56,0,4
612,1,0,0.0,0.56,14,0.56,0,4
613,1,0,0.0,0.56,14,0.56,0,4
614,0,-1,-11.287924,0.52,13,0.52,0,4
615,2,1,14.049334,0.56,14,0.56,0,4
616,0,-1,-12.600347,0.52,13,0.52,0,4
617,1,0,0.0,0.52,13,0.52,0,4
618,2,1,11.920167,0.56,14,0.56,0,4
619,0,-1,-0.0,0.56,14,0.56,0,4
620,2,1,9.423024,0.6,15,0.6,0,4
621,2,1,14.211083,0.64,16,0.64,0,4
622,1,0,0.0,0.64,16,0.64,0,4
623,0,-1,-0.0,0.64,16,0.64,0,4
624,0,-1,-9.860855,0.6,15,0.6,0,4
625,1,0,0.0,0.6,15,0.6,0,4
626,2,1,8.998719,0.64,16,0.64,0,4
627,2,1,1.539476,0.68,17,0.68,0,4
628,2,1,-3.5543582,0.72,18,0.72,0,4
629,2,1,-5.950525,0.76,19,0.76,0,4
630,1,0,0.0,0.76,19,0.76,0,4
631,0,-1,-0.0,0.76,19,0.76,0,4
632,0,-1,6.8126607,0.72,18,0.72,0,4
633,2,1,-3.7315047,0.76,19,0.76,0,4
634,0,-1,-0.0,0.76,19,0.76,0,4
635,2,1,-21.527258,0.8,20,0.8,0,4
636,0,-1,13.488398,0.76,19,0.76,0,4
637,0,-1,-0.0,0.76,19,0.76,0,4
638,2,1,-20.678223,0.8,20,0.8,0,4
639,2,1,-34.306572,0.84,21,0.84,0,4
640,2,1,-77.57558,0.88,22,0.88,0,4
641,1,0,0.0,0.88,22,0.88,1,4
642,2,1,-185.3541,0.92,23,0.92,0,4
643,0,-1,189.10231,0.88,22,0.88,0,4
644,1,0,0.0,0.88,22,0.88,0,4
645,1,0,0.0,0.88,22,0.88,0,4
646,0,-1,-0.0,0.88,22,0.88,0,4
647,2,1,-187.6417,0.92,23,0.92,0,4
648,0,-1,187.6417,0.88,22,0.88,0,4
649,1,0,0.0,0.88,22,0.88,0,4
650,0,-1,85.18288,0.84,21,0.84,0,4
651,0,-1,41.52032,0.8,20,0.8,0,4
652,1,0,0.0,0.8,20,0.8,0,4
653,0,-1,14.496903,0.76,19,0.76,0,4
654,1,0,0.0,0.76,19,0.76,0,4
655,0,-1,-0.0,0.76,19,0.76,0,4
656,1,0,0.0,0.76,19,0.76,0,4
657,0,-1,5.9644256,0.72,18,0.72,0,4
658,2,1,-4.656517,0.76,19,0.76,0,4
659,2,1,-23.171207,0.8,20,0.8,0,4
660,0,-1,16.544617,0.76,19,0.76,0,4
661,1,0,0.0,0.76,19,0.76,0,4
662,1,0,0.0,0.76,19,0.76,0,4
663,1,0,0.0,0.76,19,0.76,0,4
664,2,1,-9.505708,0.8,20,0.8,0,4
665,0,-1,-0.0,0.8,20,0.8,0,4
666,0,-1,-0.0,0.8,20,0.8,0,4
667,0,-1,23.171207,0.76,19,0.76,0,4
668,2,1,-18.104166,0.8,20,0.8,0,4
669,0,-1,-0.0,0.8,20,0.8,0,4
670,0,-1,18.104166,0.76,19,0.76,0,4
671,1,0,0.0,0.76,19,0.76,0,4
672,1,0,0.0,0.76,19,0.76,0,4
673,2,1,-17.852526,0.8,20,0.8,0,4
674,0,-1,-0.0,0.8,20,0.8,0,4
675,1,0,0.0,0.8,20,0.8,0,4
676,0,-1,-0.0,0.8,20,0.8,0,4
677,1,0,0.0,0.8,20,0.8,0,4
678,0,-1,20.77646,0.76,19,0.76,0,4
679,2,1,-13.077712,0.8,20,0.8,0,4
680,1,0,0.0,0.8,20,0.8,0,4
681,1,0,0.0,0.8,20,0.8,0,4
682,1,0,0.0,0.8,20,0.8,0,4
683,2,1,-43.6129,0.84,21,0.84,0,4
684,2,1,-77.613976,0.88,22,0.88,0,4
685,1,0,0.0,0.88,22,0.88,0,4
686,2,1,-191.49852,0.92,23,0.92,0,4
687,1,0,0.0,0.92,23,0.92,0,4
688,1,0,0.0,0.92,23,0.92,0,4
689,2,1,-598.5664,0.96,24,0.96,0,4
690,0,-1,608.1535,0.92,23,0.92,0,4
691,2,1,-608.1535,0.96,24,0.96,0,4
692,0,-1,598.4229,0.92,23,0.92,0,4
693,1,0,0.0,0.92,23,0.92,0,4
694,2,1,-601.3841,0.96,24,0.96,0,4
695,1,0,0.0,0.96,24,0.96,0,4
696,0,-1,598.5664,0.92,23,0.92,0,4
697,2,1,-603.3396,0.96,24,0.96,1,4
698,1,0,0.0,0.96,24,0.96,0,4
699,1,0,0.0,0.96,24,0.96,0,4
700,2,1,19.778429,1.0,25,1.0,0,4
701,0,-1,-1000.0,0.0,0,0.0,0,4
702,0,-1,-0.0,0.16,4,0.16,0,5
703,2,1,28.364332,0.2,5,0.2,0,5
704,1,0,0.0,0.2,5,0.2,0,5
705,0,-1,-28.364332,0.16,4,0.16,0,5
706,1,0,0.0,0.16,4,0.16,0,5
707,2,1,-4.1406527,0.2,5,0.2,0,5
708,0,-1,-0.0,0.2,5,0.2,0,5
709,2,1,28.208652,0.24,6,0.24,0,5
710,1,0,0.0,0.24,6,0.24,0,5
711,1,0,0.0,0.24,6,0.24,0,5
712,0,-1,-28.208652,0.2,5,0.2,0,5
713,0,-1,-0.0,0.2,5,0.2,0,5
714,2,1,-4.278687,0.24,6,0.24,0,5
715,1,0,0.0,0.24,6,0.24,0,5
716,1,0,0.0,0.24,6,0.24,0,5
717,0,-1,4.278687,0.2,5,0.2,0,5
718,2,1,28.22638,0.24,6,0.24,0,5
719,0,-1,-28.22638,0.2,5,0.2,0,5
720,1,0,0.0,0.2,5,0.2,0,5
721,2,1,-4.2792473,0.24,6,0.24,0,5
722,2,1,27.98924,0.28,7,0.28,0,5
723,1,0,0.0,0.28,7,0.28,0,5
724,1,0,0.0,0.28,7,0.28,0,5
725,0,-1,-0.0,0.28,7,0.28,0,5
726,1,0,0.0,0.28,7,0.28,0,5
727,0,-1,-0.0,0.28,7,0.28,0,5
728,2,1,-4.847965,0.32,8,0.32,0,5
729,0,-1,-0.0,0.32,8,0.32,0,5
730,0,-1,-0.0,0.32,8,0.32,0,5
731,0,-1,-0.0,0.32,8,0.32,0,5
732,0,-1,-0.0,0.32,8,0.32,0,5
733,0,-1,-0.0,0.32,8,0.32,0,5
734,1,0,0.0,0.32,8,0.32,0,5
735,0,-1,-0.0,0.32,8,0.32,0,5
736,0,-1,-0.0,0.32,8,0.32,0,5
737,0,-1,-0.0,0.32,8,0.32,0,5
738,0,-1,-0.0,0.32,8,0.32,0,5
739,2,1,-5.280317,0.36,9,0.36,0,5
740,0,-1,-0.0,0.36,9,0.36,0,5
741,0,-1,5.280317,0.32,8,0.32,0,5
742,0,-1,-0.0,0.32,8,0.32,0,5
743,0,-1,-0.0,0.32,8,0.32,0,5
744,1,0,0.0,0.32,8,0.32,0,5
745,2,1,22.762478,0.36,9,0.36,0,5
746,1,0,0.0,0.36,9,0.36,0,5
747,1,0,0.0,0.36,9,0.36,0,5
748,2,1,-5.829461,0.4,10,0.4,0,5
749,2,1,-6.5208135,0.44,11,0.44,0,5
750,0,-1,6.5206485,0.4,10,0.4,0,5
751,1,0,0.0,0.4,10,0.4,0,5
752,0,-1,-22.213333,0.36,9,0.36,0,5
753,2,1,-5.8296275,0.4,10,0.4,0,5
754,2,1,-6.5202236,0.44,11,0.44,0,5
755,1,0,0.0,0.44,11,0.44,0,5
756,1,0,0.0,0.44,11,0.44,0,5
757,1,0,0.0,0.44,11,0.44,0,5
758,2,1,-7.3918962,0.48,12,0.48,0,5
759,2,1,23.989618,0.52,13,0.52,0,5
760,0,-1,8.498313,0.48,12,0.48,0,5
761,1,0,0.0,0.48,12,0.48,0,5
762,2,1,19.758776,0.52,13,0.52,0,5
763,2,1,16.63929,0.56,14,0.56,0,5
764,0,-1,-0.0,0.56,14,0.56,0,5
765,0,-1,-16.63929,0.52,13,0.52,0,5
766,0,-1,-0.0,0.52,13,0.52,0,5
767,1,0,0.0,0.52,13,0.52,0,5
768,1,0,0.0,0.52,13,0.52,0,5
769,0,-1,-0.0,0.52,13,0.52,0,5
770,1,0,0.0,0.52,13,0.52,0,5
771,0,-1,-24.007345,0.48,12,0.48,0,5
772,1,0,0.0,0.48,12,0.48,0,5
773,2,1,22.785866,0.52,13,0.52,0,5
774,2,1,-9.921978,0.56,14,0.56,0,5
775,0,-1,-18.335072,0.52,13,0.52,0,5
776,1,0,0.0,0.52,13,0.52,0,5
777,0,-1,-0.0,0.52,13,0.52,0,5
778,0,-1,-22.785866,0.48,12,0.48,0,5
779,0,-1,-0.0,0.48,12,0.48,0,5
780,2,1,-8.498146,0.52,13,0.52,0,5
781,2,1,-9.922016,0.56,14,0.56,0,5
782,2,1,-11.78691,0.6,15,0.6,0,5
783,1,0,0.0,0.6,15,0.6,0,5
784,2,1,-14.286528,0.64,16,0.64,0,5
785,1,0,0.0,0.64,16,0.64,0,5
786,2,1,13.54824,0.68,17,0.68,0,5
787,2,1,-22.675825,0.72,18,0.72,0,5
788,0,-1,-0.0,0.72,18,0.72,0,5
789,1,0,0.0,0.72,18,0.72,0,5
790,0,-1,-8.608348,0.68,17,0.68,0,5
791,2,1,-22.67583,0.72,18,0.72,0,5
792,2,1,-30.097906,0.76,19,0.76,0,5
793,1,0,0.0,0.76,19,0.76,0,5
794,2,1,-41.986008,0.8,20,0.8,0,5
795,1,0,0.0,0.8,20,0.8,0,5
796,2,1,-30.298525,0.84,21,0.84,0,5
797,0,-1,62.804184,0.8,20,0.8,0,5
798,2,1,-62.804016,0.84,21,0.84,0,5
799,0,-1,62.804184,0.8,20,0.8,0,5
800,0,-1,-0.0,0.8,20,0.8,0,5
801,2,1,-34.547096,0.84,21,0.84,0,5
802,0,-1,-0.0,0.84,21,0.84,0,5
803,2,1,-104.457,0.88,22,0.88,0,5
804,2,1,-208.61096,0.92,23,0.92,0,5
805,1,0,0.0,0.92,23,0.92,0,5
806,2,1,-625.2659,0.96,24,0.96,0,5
807,2,1,2.2770146e-07,1.0,25,1.0,0,5
808,0,-1,-1000.0,0.0,0,0.0,0,5
809,0,-1,-0.0,0.16,4,0.16,0,6
810,2,1,28.346605,0.2,5,0.2,0,6
811,1,0,0.0,0.2,5,0.2,0,6
812,1,0,0.0,0.2,5,0.2,0,6
813,1,0,0.0,0.2,5,0.2,0,6
814,0,-1,-0.0,0.2,5,0.2,0,6
815,1,0,0.0,0.2,5,0.2,0,6
816,1,0,0.0,0.2,5,0.2,0,6
817,1,0,0.0,0.2,5,0.2,0,6
818,0,-1,-28.346605,0.16,4,0.16,0,6
819,0,-1,-0.0,0.16,4,0.16,0,6
820,2,1,-4.1407347,0.2,5,0.2,0,6
821,2,1,-4.279113,0.24,6,0.24,0,6
822,0,-1,-0.0,0.24,6,0.24,0,6
823,0,-1,-0.0,0.24,6,0.24,0,6
824,1,0,0.0,0.24,6,0.24,0,6
825,2,1,27.971514,0.28,7,0.28,0,6
826,2,1,27.657686,0.32,8,0.32,0,6
827,2,1,-5.2804456,0.36,9,0.36,0,6
828,1,0,0.0,0.36,9,0.36,0,6
829,0,-1,5.2804456,0.32,8,0.32,0,6
830,0,-1,-27.657686,0.28,7,0.28,0,6
831,2,1,26.436209,0.32,8,0.32,0,6
832,1,0,0.0,0.32,8,0.32,0,6
833,1,0,0.0,0.32,8,0.32,0,6
834,0,-1,-0.0,0.32,8,0.32,0,6
835,1,0,0.0,0.32,8,0.32,0,6
836,2,1,24.369835,0.36,9,0.36,0,6
837,2,1,-5.829622,0.4,10,0.4,0,6
838,1,0,0.0,0.4,10,0.4,0,6
839,2,1,-6.520815,0.44,11,0.44,0,6
840,0,-1,-0.0,0.44,11,0.44,0,6
841,1,0,0.0,0.44,11,0.44,0,6
842,2,1,21.105461,0.48,12,0.48,0,6
843,1,0,0.0,0.48,12,0.48,0,6
844,2,1,-8.498311,0.52,13,0.52,0,6
845,2,1,16.840895,0.56,14,0.56,0,6
846,0,-1,-16.840895,0.52,13,0.52,0,6
847,2,1,16.011715,0.56,14,0.56,0,6
848,0,-1,9.922016,0.52,13,0.52,0,6
849,2,1,17.410637,0.56,14,0.56,0,6
850,2,1,-11.7862425,0.6,15,0.6,0,6
851,2,1,-14.2864895,0.64,16,0.64,0,6
852,1,0,0.0,0.64,16,0.64,0,6
853,1,0,0.0,0.64,16,0.64,0,6
854,2,1,10.521149,0.68,17,0.68,0,6
855,1,0,0.0,0.68,17,0.68,0,6
856,1,0,0.0,0.68,17,0.68,0,6
857,0,-1,17.7359,0.64,16,0.64,0,6
858,2,1,-17.735939,0.68,17,0.68,0,6
859,2,1,5.0949807,0.72,18,0.72,0,6
860,0,-1,-3.2579012,0.68,17,0.68,0,6
861,2,1,9.829827,0.72,18,0.72,0,6
862,1,0,0.0,0.72,18,0.72,0,6
863,0,-1,-9.829827,0.68,17,0.68,0,6
864,2,1,3.2579012,0.72,18,0.72,0,6
865,2,1,-30.097908,0.76,19,0.76,0,6
866,0,-1,-0.0,0.76,19,0.76,0,6
867,1,0,0.0,0.76,19,0.76,0,6
868,0,-1,-0.0,0.76,19,0.76,0,6
869,0,-1,1.8408189,0.72,18,0.72,0,6
870,2,1,-4.3120346,0.76,19,0.76,0,6
871,1,0,0.0,0.76,19,0.76,0,6
872,2,1,-41.986008,0.8,20,0.8,0,6
873,0,-1,-0.0,0.8,20,0.8,0,6
874,1,0,0.0,0.8,20,0.8,0,6
875,1,0,0.0,0.8,20,0.8,0,6
876,0,-1,-0.0,0.8,20,0.8,0,6
877,0,-1,-0.0,0.8,20,0.8,0,6
878,0,-1,-0.0,0.8,20,0.8,0,6
879,0,-1,41.985336,0.76,19,0.76,0,6
880,2,1,-18.430752,0.8,20,0.8,0,6
881,1,0,0.0,0.8,20,0.8,0,6
882,1,0,0.0,0.8,20,0.8,0,6
883,1,0,0.0,0.8,20,0.8,0,6
884,0,-1,-0.0,0.8,20,0.8,0,6
885,1,0,0.0,0.8,20,0.8,0,6
886,2,1,-62.80351,0.84,21,0.84,0,6
887,0,-1,-0.0,0.84,21,0.84,0,6
888,0,-1,-0.0,0.84,21,0.84,0,6
889,1,0,0.0,0.84,21,0.84,0,6
890,0,-1,35.47153,0.8,20,0.8,0,6
891,2,1,-62.804016,0.84,21,0.84,0,6
892,0,-1,39.248924,0.8,20,0.8,0,6
893,0,-1,16.200136,0.76,19,0.76,0,6
894,2,1,-16.200136,0.8,20,0.8,0,6
895,0,-1,-0.0,0.8,20,0.8,0,6
896,2,1,-30.298525,0.84,21,0.84,1,6
897,1,0,0.0,0.84,21,0.84,0,6
898,1,0,0.0,0.84,21,0.84,0,6
899,0,-1,37.02006,0.8,20,0.8,0,6
900,1,0,0.0,0.8,20,0.8,0,6
901,1,0,0.0,0.8,20,0.8,0,6
902,1,0,0.0,0.8,20,0.8,0,6
903,2,1,-62.804184,0.84,21,0.84,0,6
904,0,-1,-0.0,0.84,21,0.84,0,6
905,2,1,-78.67288,0.88,22,0.88,0,6
906,1,0,0.0,0.88,22,0.88,0,6
907,1,0,0.0,0.88,22,0.88,0,6
908,1,0,0.0,0.88,22,0.88,0,6
909,0,-1,78.52823,0.84,21,0.84,0,6
910,0,-1,30.29644,0.8,20,0.8,0,6
911,1,0,0.0,0.8,20,0.8,0,6
912,0,-1,16.201887,0.76,19,0.76,0,6
913,1,0,0.0,0.76,19,0.76,0,6
914,2,1,-15.226219,0.8,20,0.8,0,6
915,2,1,-43.57886,0.84,21,0.84,0,6
916,2,1,-78.67288,0.88,22,0.88,0,6
917,1,0,0.0,0.88,22,0.88,0,6
918,0,-1,-0.0,0.88,22,0.88,0,6
919,2,1,-190.76097,0.92,23,0.92,0,6
920,0,-1,-0.0,0.92,23,0.92,0,6
921,1,0,0.0,0.92,23,0.92,0,6
922,2,1,-625.26587,0.96,24,0.96,0,6
923,2,1,28.263023,1.0,25,1.0,0,6
924,0,-1,-1000.0,0.0,0,0.0,0,6
925,2,1,28.346605,0.2,5,0.2,0,7
926,1,0,0.0,0.2,5,0.2,0,7
927,0,-1,-0.0,0.2,5,0.2,0,7
928,2,1,-4.278687,0.24,6,0.24,0,7
929,0,-1,-0.0,0.24,6,0.24,0,7
930,1,0,0.0,0.24,6,0.24,0,7
931,2,1,-4.51638,0.28,7,0.28,0,7
932,2,1,-4.847965,0.32,8,0.32,0,7
933,1,0,0.0,0.32,8,0.32,0,7
934,2,1,-5.2804823,0.36,9,0.36,0,7
935,0,-1,-0.0,0.36,9,0.36,0,7
936,2,1,25.454552,0.4,10,0.4,0,7
937,0,-1,-0.0,0.4,10,0.4,0,7
938,0,-1,-0.0,0.4,10,0.4,0,7
939,1,0,0.0,0.4,10,0.4,0,7
940,2,1,-6.5208097,0.44,11,0.44,0,7
941,1,0,0.0,0.44,11,0.44,0,7
942,2,1,20.865192,0.48,12,0.48,0,7
943,2,1,-8.498312,0.52,13,0.52,0,7
944,0,-1,8.498312,0.48,12,0.48,0,7
945,0,-1,-20.865192,0.44,11,0.44,0,7
946,1,0,0.0,0.44,11,0.44,0,7
947,0,-1,6.5208097,0.4,10,0.4,0,7
948,0,-1,-0.0,0.4,10,0.4,0,7
949,2,1,-6.5201416,0.44,11,0.44,0,7
950,0,-1,-24.763365,0.4,10,0.4,0,7
951,1,0,0.0,0.4,10,0.4,0,7
952,0,-1,5.828954,0.36,9,0.36,0,7
953,0,-1,5.2804823,0.32,8,0.32,0,7
954,1,0,0.0,0.32,8,0.32,0,7
955,2,1,22.976604,0.36,9,0.36,0,7
956,0,-1,-0.0,0.36,9,0.36,0,7
957,0,-1,5.2804775,0.32,8,0.32,0,7
958,0,-1,-0.0,0.32,8,0.32,0,7
959,1,0,0.0,0.32,8,0.32,0,7
960,0,-1,-0.0,0.32,8,0.32,0,7
961,2,1,26.003696,0.36,9,0.36,0,7
962,1,0,0.0,0.36,9,0.36,0,7
963,1,0,0.0,0.36,9,0.36,0,7
964,0,-1,-22.976604,0.32,8,0.32,0,7
965,2,1,27.225174,0.36,9,0.36,0,7
966,0,-1,-27.225174,0.32,8,0.32,0,7
967,0,-1,-0.0,0.32,8,0.32,0,7
968,0,-1,4.8479323,0.28,7,0.28,0,7
969,1,0,0.0,0.28,7,0.28,0,7
970,0,-1,4.515826,0.24,6,0.24,0,7
971,2,1,27.98924,0.28,7,0.28,0,7
972,1,0,0.0,0.28,7,0.28,0,7
973,2,1,24.80235,0.32,8,0.32,0,7
974,0,-1,-0.0,0.32,8,0.32,0,7
975,2,1,-5.27981,0.36,9,0.36,0,7
976,0,-1,-0.0,0.36,9,0.36,0,7
977,2,1,22.66773,0.4,10,0.4,0,7
978,2,1,-6.5202236,0.44,11,0.44,0,7
979,2,1,-7.391865,0.48,12,0.48,0,7
980,0,-1,7.3913045,0.44,11,0.44,0,7
981,1,0,0.0,0.44,11,0.44,0,7
982,1,0,0.0,0.44,11,0.44,0,7
983,2,1,20.378916,0.48,12,0.48,0,7
984,0,-1,-0.0,0.48,12,0.48,0,7
985,2,1,19.544647,0.52,13,0.52,0,7
986,0,-1,-19.544647,0.48,12,0.48,0,7
987,1,0,0.0,0.48,12,0.48,0,7
988,1,0,0.0,0.48,12,0.48,0,7
989,1,0,0.0,0.48,12,0.48,0,7
990,2,1,17.091099,0.52,13,0.52,0,7
991,1,0,0.0,0.52,13,0.52,0,7
992,2,1,-9.921425,0.56,14,0.56,0,7
993,0,-1,9.921985,0.52,13,0.52,1,7
994,2,1,15.85918,0.56,14,0.56,0,7
995,1,0,0.0,0.56,14,0.56,0,7
996,0,-1,-0.84499305,0.52,13,0.52,0,7
997,0,-1,-13.955783,0.48,12,0.48,0,7
998,2,1,19.536829,0.52,13,0.52,0,7
999,2,1,15.998419,0.56,14,0.56,0,7
1000,0,-1,-18.113125,0.52,13,0.52,0,7
1001,1,0,0.0,0.52,13,0.52,0,7
1002,2,1,-0.36696783,0.56,14,0.56,0,7
1003,2,1,11.768761,0.6,15,0.6,0,7
1004,0,-1,-0.0,0.6,15,0.6,0,7
1005,0,-1,-20.72426,0.56,14,0.56,0,7
1006,2,1,11.960897,0.6,15,0.6,0,7
1007,2,1,9.79549,0.64,16,0.64,0,7
1008,0,-1,-0.0,0.64,16,0.64,0,7
1009,2,1,3.9551432,0.68,17,0.68,0,7
1010,1,0,0.0,0.68,17,0.68,0,7
1011,0,-1,8.180891,0.64,16,0.64,0,7
1012,0,-1,-7.4045553,0.6,15,0.6,0,7
1013,2,1,9.367594,0.64,16,0.64,0,7
1014,1,0,0.0,0.64,16,0.64,0,7
1015,2,1,5.716012,0.68,17,0.68,0,7
1016,2,1,-1.2769034,0.72,18,0.72,0,7
1017,0,-1,-0.0,0.72,18,0.72,0,7
1018,1,0,0.0,0.72,18,0.72,0,7
1019,2,1,-8.452564,0.76,19,0.76,0,7
1020,0,-1,6.0158896,0.72,18,0.72,0,7
1021,1,0,0.0,0.72,18,0.72,0,7
1022,2,1,-8.913269,0.76,19,0.76,0,7
1023,1,0,0.0,0.76,19,0.76,0,7
1024,2,1,-32.43096,0.8,20,0.8,0,7
1025,0,-1,20.340666,0.76,19,0.76,0,7
1026,2,1,-13.713687,0.8,20,0.8,0,7
1027,2,1,-36.224117,0.84,21,0.84,0,7
1028,1,0,0.0,0.84,21,0.84,0,7
1029,2,1,-83.11136,0.88,22,0.88,0,7
1030,1,0,0.0,0.88,22,0.88,0,7
1031,1,0,0.0,0.88,22,0.88,0,7
1032,1,0,0.0,0.88,22,0.88,1,7
1033,0,-1,88.711,0.84,21,0.84,0,7
1034,2,1,-83.00749,0.88,22,0.88,0,7
1035,2,1,-100.0,0.0,0,0.0,0,7
1036,1,0,0.0,0.16,4,0.16,0,8
1037,1,0,0.0,0.16,4,0.16,0,8
1038,2,1,-4.1407347,0.2,5,0.2,0,8
1039,2,1,-4.278605,0.24,6,0.24,0,8
1040,2,1,27.98924,0.28,7,0.28,0,8
1041,2,1,-4.847804,0.32,8,0.32,0,8
1042,1,0,0.0,0.32,8,0.32,0,8
1043,1,0,0.0,0.32,8,0.32,0,8
1044,2,1,22.762478,0.36,9,0.36,0,8
1045,2,1,-5.829462,0.4,10,0.4,0,8
1046,0,-1,-0.0,0.4,10,0.4,0,8
1047,0,-1,-0.0,0.4,10,0.4,0,8
1048,0,-1,-22.213333,0.36,9,0.36,0,8
1049,0,-1,-0.0,0.36,9,0.36,0,8
1050,0,-1,-0.0,0.36,9,0.36,0,8
1051,1,0,0.0,0.36,9,0.36,0,8
1052,1,0,0.0,0.36,9,0.36,0,8
1053,1,0,0.0,0.36,9,0.36,0,8
1054,0,-1,5.280318,0.32,8,0.32,0,8
1055,2,1,22.762478,0.36,9,0.36,0,8
1056,2,1,-5.82959,0.4,10,0.4,0,8
1057,2,1,19.619528,0.44,11,0.44,0,8
1058,2,1,23.897566,0.48,12,0.48,0,8
1059,1,0,0.0,0.48,12,0.48,0,8
1060,0,-1,-0.0,0.48,12,0.48,0,8
1061,0,-1,-18.748446,0.44,11,0.44,0,8
1062,2,1,-7.391865,0.48,12,0.48,0,8
1063,0,-1,-0.0,0.48,12,0.48,0,8
1064,1,0,0.0,0.48,12,0.48,0,8
1065,1,0,0.0,0.48,12,0.48,1,8
1066,2,1,21.046268,0.52,13,0.52,0,8
1067,2,1,18.607006,0.56,14,0.56,0,8
1068,1,0,0.0,0.56,14,0.56,0,8
1069,1,0,0.0,0.56,14,0.56,0,8
1070,0,-1,-15.641251,0.52,13,0.52,0,8
1071,0,-1,-8.106286,0.48,12,0.48,0,8
1072,2,1,18.623861,0.52,13,0.52,0,8
1073,2,1,17.318716,0.56,14,0.56,0,8
1074,0,-1,-18.07075,0.52,13,0.52,0,8
1075,2,1,18.0701,0.56,14,0.56,0,8
1076,2,1,12.842303,0.6,15,0.6,0,8
1077,1,0,0.0,0.6,15,0.6,0,8
1078,2,1,18.163261,0.64,16,0.64,0,8
1079,2,1,10.609616,0.68,17,0.68,0,8
1080,2,1,3.3120143,0.72,18,0.72,0,8
1081,0,-1,-3.1027062,0.68,17,0.68,0,8
1082,1,0,0.0,0.68,17,0.68,0,8
1083,0,-1,-8.187729,0.64,16,0.64,0,8
1084,1,0,0.0,0.64,16,0.64,0,8
1085,0,-1,-14.059029,0.6,15,0.6,0,8
1086,0,-1,-15.453817,0.56,14,0.56,0,8
1087,0,-1,-16.065828,0.52,13,0.52,0,8
1088,1,0,0.0,0.52,13,0.52,0,8
1089,1,0,0.0,0.52,13,0.52,0,8
1090,0,-1,-20.03071,0.48,12,0.48,0,8
1091,1,0,0.0,0.48,12,0.48,0,8
1092,0,-1,-25.057894,0.44,11,0.44,0,8
1093,0,-1,-21.471302,0.4,10,0.4,0,8
1094,1,0,0.0,0.4,10,0.4,0,8
1095,1,0,0.0,0.4,10,0.4,0,8
1096,1,0,0.0,0.4,10,0.4,1,8
1097,2,1,13.013676,0.44,11,0.44,0,8
1098,2,1,19.729244,0.48,12,0.48,0,8
1099,2,1,16.104599,0.52,13,0.52,0,8
1100,1,0,0.0,0.52,13,0.52,0,8
1101,1,0,0.0,0.52,13,0.52,0,8
1102,0,-1,-0.0,0.52,13,0.52,0,8
1103,0,-1,-0.0,0.52,13,0.52,0,8
1104,0,-1,-0.0,0.52,13,0.52,0,8
1105,2,1,14.357559,0.56,14,0.56,0,8
1106,0,-1,-0.0,0.56,14,0.56,0,8
1107,2,1,13.190993,0.6,15,0.6,0,8
1108,2,1,-100.0,0.0,0,0.0,0,8
1109,1,0,0.0,0.16,4,0.16,0,9
1110,2,1,28.364332,0.2,5,0.2,0,9
1111,1,0,0.0,0.2,5,0.2,0,9
1112,0,-1,-28.364332,0.16,4,0.16,0,9
1113,1,0,0.0,0.16,4,0.16,0,9
1114,0,-1,-0.0,0.16,4,0.16,0,9
1115,1,0,0.0,0.16,4,0.16,0,9
1116,0,-1,-0.0,0.16,4,0.16,0,9
1117,1,0,0.0,0.16,4,0.16,0,9
1118,0,-1,-0.0,0.16,4,0.16,0,9
1119,2,1,28.346605,0.2,5,0.2,0,9
1120,0,-1,-28.346605,0.16,4,0.16,0,9
1121,0,-1,-0.0,0.16,4,0.16,0,9
1122,1,0,0.0,0.16,4,0.16,0,9
1123,2,1,28.346605,0.2,5,0.2,0,9
1124,2,1,27.0049,0.24,6,0.24,0,9
1125,2,1,25.133902,0.28,7,0.28,0,9
1126,1,0,0.0,0.28,7,0.28,0,9
1127,1,0,0.0,0.28,7,0.28,0,9
1128,0,-1,-0.0,0.28,7,0.28,0,9
1129,0,-1,-0.0,0.28,7,0.28,0,9
1130,2,1,22.484684,0.32,8,0.32,0,9
1131,0,-1,-0.0,0.32,8,0.32,0,9
1132,0,-1,-0.0,0.32,8,0.32,0,9
1133,0,-1,-0.0,0.32,8,0.32,0,9
1134,0,-1,-0.0,0.32,8,0.32,0,9
1135,2,1,27.225174,0.36,9,0.36,0,9
1136,1,0,0.0,0.36,9,0.36,0,9
1137,0,-1,-22.05217,0.32,8,0.32,0,9
1138,0,-1,-0.0,0.32,8,0.32,0,9
1139,0,-1,-0.0,0.32,8,0.32,0,9
1140,2,1,22.490328,0.36,9,0.36,0,9
1141,0,-1,-27.225174,0.32,8,0.32,0,9
1142,0,-1,-0.0,0.32,8,0.32,0,9
1143,1,0,0.0,0.32,8,0.32,0,9
1144,2,1,22.976604,0.36,9,0.36,0,9
1145,2,1,-5.828954,0.4,10,0.4,0,9
1146,1,0,0.0,0.4,10,0.4,0,9
1147,1,0,0.0,0.4,10,0.4,0,9
1148,0,-1,-22.427462,0.36,9,0.36,0,9
1149,2,1,21.503027,0.4,10,0.4,0,9
1150,0,-1,-0.0,0.4,10,0.4,0,9
1151,1,0,0.0,0.4,10,0.4,0,9
1152,2,1,-6.5206485,0.44,11,0.44,0,9
1153,2,1,18.393976,0.48,12,0.48,0,9
1154,1,0,0.0,0.48,12,0.48,0,9
1155,0,-1,-0.0,0.48,12,0.48,0,9
1156,1,0,0.0,0.48,12,0.48,0,9
1157,1,0,0.0,0.48,12,0.48,0,9
1158,2,1,-8.498307,0.52,13,0.52,0,9
1159,0,-1,8.498307,0.48,12,0.48,0,9
1160,0,-1,-0.0,0.48,12,0.48,0,9
1161,2,1,-8.497722,0.52,13,0.52,0,9
1162,0,-1,-0.0,0.52,13,0.52,0,9
1163,1,0,0.0,0.52,13,0.52,0,9
1164,2,1,-9.921985,0.56,14,0.56,0,9
1165,1,0,0.0,0.56,14,0.56,0,9
1166,2,1,-11.78691,0.6,15,0.6,0,9
1167,2,1,9.465854,0.64,16,0.64,0,9
1168,1,0,0.0,0.64,16,0.64,0,9
1169,0,-1,14.286522,0.6,15,0.6,0,9
1170,0,-1,-11.965466,0.56,14,0.56,0,9
1171,2,1,13.5837755,0.6,15,0.6,0,9
1172,0,-1,-0.0,0.6,15,0.6,0,9
1173,1,0,0.0,0.6,15,0.6,0,9
1174,0,-1,-0.0,0.6,15,0.6,0,9
1175,0,-1,11.786749,0.56,14,0.56,0,9
1176,0,-1,-0.0,0.56,14,0.56,0,9
1177,2,1,11.965466,0.6,15,0.6,0,9
1178,0,-1,-0.0,0.6,15,0.6,0,9
1179,0,-1,-0.0,0.6,15,0.6,0,9
1180,0,-1,11.7863245,0.56,14,0.56,0,9
1181,2,1,13.336845,0.6,15,0.6,0,9
1182,2,1,9.061434,0.64,16,0.64,0,9
1183,2,1,3.5041993,0.68,17,0.68,0,9
1184,1,0,0.0,0.68,17,0.68,0,9
1185,2,1,-100.0,0.0,0,0.0,0,9
1186,2,1,-4.1406527,0.2,5,0.2,0,10
1187,1,0,0.0,0.2,5,0.2,0,10
1188,1,0,0.0,0.2,5,0.2,0,10
1189,2,1,28.208652,0.24,6,0.24,0,10
1190,2,1,-4.515826,0.28,7,0.28,0,10
1191,0,-1,4.515826,0.24,6,0.24,0,10
1192,0,-1,4.278605,0.2,5,0.2,0,10
1193,2,1,27.0049,0.24,6,0.24,0,10
1194,0,-1,-0.0,0.24,6,0.24,0,10
1195,1,0,0.0,0.24,6,0.24,0,10
1196,0,-1,-0.0,0.24,6,0.24,0,10
1197,0,-1,-0.0,0.24,6,0.24,0,10
1198,0,-1,-0.0,0.24,6,0.24,0,10
1199,2,1,27.98924,0.28,7,0.28,0,10
1200,2,1,24.80235,0.32,8,0.32,0,10
1201,1,0,0.0,0.32,8,0.32,0,10
1202,0,-1,-24.80235,0.28,7,0.28,0,10
1203,2,1,23.409119,0.32,8,0.32,0,10
1204,1,0,0.0,0.32,8,0.32,0,10
1205,1,0,0.0,0.32,8,0.32,0,10
1206,1,0,0.0,0.32,8,0.32,0,10
1207,2,1,26.008978,0.36,9,0.36,0,10
1208,2,1,20.731678,0.4,10,0.4,0,10
1209,1,0,0.0,0.4,10,0.4,0,10
1210,1,0,0.0,0.4,10,0.4,0,10
1211,0,-1,-0.0,0.4,10,0.4,0,10
1212,2,1,19.483187,0.44,11,0.44,0,10
1213,2,1,22.260569,0.48,12,0.48,0,10
1214,0,-1,-0.0,0.48,12,0.48,0,10
1215,0,-1,-19.169409,0.44,11,0.44,0,10
1216,2,1,22.258423,0.48,12,0.48,0,10
1217,0,-1,-0.0,0.48,12,0.48,0,10
1218,1,0,0.0,0.48,12,0.48,0,10
1219,1,0,0.0,0.48,12,0.48,0,10
1220,1,0,0.0,0.48,12,0.48,0,10
1221,0,-1,-0.0,0.48,12,0.48,0,10
1222,1,0,0.0,0.48,12,0.48,0,10
1223,0,-1,-0.0,0.48,12,0.48,0,10
1224,2,1,18.062992,0.52,13,0.52,0,10
1225,0,-1,-18.062992,0.48,12,0.48,0,10
1226,0,-1,-0.0,0.48,12,0.48,0,10
1227,1,0,0.0,0.48,12,0.48,0,10
1228,1,0,0.0,0.48,12,0.48,0,10
1229,2,1,15.740465,0.52,13,0.52,0,10
1230,2,1,17.410637,0.56,14,0.56,0,10
1231,0,-1,-0.0,0.56,14,0.56,0,10
1232,1,0,0.0,0.56,14,0.56,0,10
1233,2,1,13.5837755,0.6,15,0.6,0,10
1234,0,-1,-0.0,0.6,15,0.6,0,10
1235,1,0,0.0,0.6,15,0.6,0,10
1236,0,-1,-0.0,0.6,15,0.6,0,10
1237,2,1,14.2147665,0.64,16,0.64,0,10
1238,2,1,10.034872,0.68,17,0.68,0,10
1239,1,0,0.0,0.68,17,0.68,0,10
1240,0,-1,-0.0,0.68,17,0.68,0,10
1241,1,0,0.0,0.68,17,0.68,0,10
1242,0,-1,-7.6347513,0.64,16,0.64,0,10
1243,1,0,0.0,0.64,16,0.64,0,10
1244,2,1,5.008619,0.68,17,0.68,0,10
1245,0,-1,-0.0,0.68,17,0.68,0,10
1246,2,1,3.1100423,0.72,18,0.72,0,10
1247,2,1,-30.097235,0.76,19,0.76,0,10
1248,0,-1,0.44544354,0.72,18,0.72,0,10
1249,1,0,0.0,0.72,18,0.72,0,10
1250,0,-1,-4.656823,0.68,17,0.68,0,10
1251,0,-1,-0.0,0.68,17,0.68,0,10
1252,0,-1,17.735266,0.64,16,0.64,0,10
1253,0,-1,-0.0,0.64,16,0.64,0,10
1254,0,-1,-0.0,0.64,16,0.64,1,10
1255,2,1,10.299351,0.68,17,0.68,0,10
1256,0,-1,-0.0,0.68,17,0.68,0,10
1257,0,-1,-4.9815664,0.64,16,0.64,0,10
1258,1,0,0.0,0.64,16,0.64,0,10
1259,1,0,0.0,0.64,16,0.64,0,10
1260,0,-1,-0.0,0.64,16,0.64,0,10
1261,0,-1,-0.0,0.64,16,0.64,0,10
1262,2,1,9.590553,0.68,17,0.68,1,10
1263,1,0,0.0,0.68,17,0.68,1,10
1264,2,1,1.0628139,0.72,18,0.72,0,10
1265,1,0,0.0,0.72,18,0.72,0,10
1266,0,-1,-0.0,0.72,18,0.72,0,10
1267,0,-1,-5.3435025,0.68,17,0.68,0,10
1268,0,-1,-6.3935676,0.64,16,0.64,0,10
1269,2,1,11.851525,0.68,17,0.68,0,10
1270,0,-1,-0.0,0.68,17,0.68,0,10
1271,1,0,0.0,0.68,17,0.68,0,10
1272,1,0,0.0,0.68,17,0.68,0,10
1273,2,1,2.8980107,0.72,18,0.72,0,10
1274,2,1,-2.8139694,0.76,19,0.76,0,10
1275,2,1,-16.521133,0.8,20,0.8,0,10
1276,2,1,-34.78485,0.84,21,0.84,0,10
1277,1,0,0.0,0.84,21,0.84,0,10
1278,2,1,-86.39327,0.88,22,0.88,0,10
1279,0,-1,-0.0,0.88,22,0.88,0,10
1280,0,-1,75.92733,0.84,21,0.84,0,10
1281,2,1,-80.8125,0.88,22,0.88,0,10
1282,0,-1,86.39327,0.84,21,0.84,0,10
1283,0,-1,39.065536,0.8,20,0.8,0,10
1284,1,0,0.0,0.8,20,0.8,0,10
1285,1,0,0.0,0.8,20,0.8,0,10
1286,2,1,-41.215187,0.84,21,0.84,0,10
1287,0,-1,37.230343,0.8,20,0.8,0,10
1288,2,1,-37.7003,0.84,21,0.84,0,10
1289,1,0,0.0,0.84,21,0.84,0,10
1290,2,1,-81.50091,0.88,22,0.88,0,10
1291,0,-1,76.43767,0.84,21,0.84,0,10
1292,0,-1,-0.0,0.84,21,0.84,0,10
1293,2,1,-80.328156,0.88,22,0.88,0,10
1294,1,0,0.0,0.88,22,0.88,0,10
1295,2,1,-183.03712,0.92,23,0.92,0,10
1296,1,0,0.0,0.92,23,0.92,0,10
1297,2,1,-601.7204,0.96,24,0.96,0,10
1298,0,-1,601.7204,0.92,23,0.92,0,10
1299,2,1,-603.72516,0.96,24,0.96,0,10
1300,0,-1,599.6921,0.92,23,0.92,0,10
1301,2,1,-100.0,0.0,0,0.0,0,10
1302,2,1,28.346605,0.2,5,0.2,0,11
1303,1,0,0.0,0.2,5,0.2,0,11
1304,1,0,0.0,0.2,5,0.2,0,11
1305,1,0,0.0,0.2,5,0.2,0,11
1306,1,0,0.0,0.2,5,0.2,0,11
1307,0,-1,-0.0,0.2,5,0.2,0,11
1308,2,1,27.0049,0.24,6,0.24,0,11
1309,1,0,0.0,0.24,6,0.24,0,11
1310,0,-1,-0.0,0.24,6,0.24,0,11
1311,1,0,0.0,0.24,6,0.24,0,11
1312,0,-1,-0.0,0.24,6,0.24,0,11
1313,2,1,-4.515826,0.28,7,0.28,0,11
1314,2,1,23.649387,0.32,8,0.32,0,11
1315,2,1,27.225174,0.36,9,0.36,0,11
1316,1,0,0.0,0.36,9,0.36,0,11
1317,0,-1,-23.216873,0.32,8,0.32,0,11
1318,0,-1,-0.0,0.32,8,0.32,0,11
1319,0,-1,-0.0,0.32,8,0.32,0,11
1320,2,1,-5.2804456,0.36,9,0.36,0,11
1321,2,1,22.427462,0.4,10,0.4,0,11
1322,2,1,19.483187,0.44,11,0.44,0,11
1323,2,1,-7.3917303,0.48,12,0.48,0,11
1324,0,-1,7.391858,0.44,11,0.44,0,11
1325,1,0,0.0,0.44,11,0.44,0,11
1326,1,0,0.0,0.44,11,0.44,0,11
1327,0,-1,-0.0,0.44,11,0.44,0,11
1328,2,1,-7.39189,0.48,12,0.48,0,11
1329,0,-1,7.39189,0.44,11,0.44,0,11
1330,1,0,0.0,0.44,11,0.44,0,11
1331,2,1,-7.39189,0.48,12,0.48,0,11
1332,1,0,0.0,0.48,12,0.48,0,11
1333,0,-1,-25.113762,0.44,11,0.44,0,11
1334,0,-1,6.520809,0.4,10,0.4,0,11
1335,1,0,0.0,0.4,10,0.4,0,11
1336,1,0,0.0,0.4,10,0.4,0,11
1337,1,0,0.0,0.4,10,0.4,0,11
1338,2,1,25.984842,0.44,11,0.44,0,11
1339,2,1,-7.3918586,0.48,12,0.48,0,11
1340,0,-1,7.3918586,0.44,11,0.44,0,11
1341,2,1,-7.39189,0.48,12,0.48,0,11
1342,1,0,0.0,0.48,12,0.48,0,11
1343,2,1,-8.498313,0.52,13,0.52,0,11
1344,0,-1,8.498313,0.48,12,0.48,0,11
1345,1,0,0.0,0.48,12,0.48,0,11
1346,2,1,-8.49764,0.52,13,0.52,0,11
1347,0,-1,-17.50569,0.48,12,0.48,0,11
1348,2,1,19.999044,0.52,13,0.52,0,11
1349,2,1,21.367445,0.56,14,0.56,0,11
1350,0,-1,9.921343,0.52,13,0.52,0,11
1351,1,0,0.0,0.52,13,0.52,1,11
1352,0,-1,-0.0,0.52,13,0.52,0,11
1353,0,-1,-19.958836,0.48,12,0.48,0,11
1354,1,0,0.0,0.48,12,0.48,0,11
1355,0,-1,-0.0,0.48,12,0.48,0,11
1356,0,-1,-0.0,0.48,12,0.48,0,11
1357,1,0,0.0,0.48,12,0.48,0,11
1358,2,1,19.512306,0.52,13,0.52,0,11
1359,1,0,0.0,0.52,13,0.52,0,11
1360,2,1,19.706522,0.56,14,0.56,0,11
1361,1,0,0.0,0.56,14,0.56,0,11
1362,2,1,16.74116,0.6,15,0.6,0,11
1363,1,0,0.0,0.6,15,0.6,0,11
1364,0,-1,-16.74116,0.56,14,0.56,0,11
1365,2,1,16.670227,0.6,15,0.6,0,11
1366,1,0,0.0,0.6,15,0.6,0,11
1367,2,1,15.245702,0.64,16,0.64,0,11
1368,0,-1,-15.245702,0.6,15,0.6,0,11
1369,0,-1,-0.0,0.6,15,0.6,0,11
1370,2,1,11.636701,0.64,16,0.64,0,11
1371,0,-1,-0.0,0.64,16,0.64,0,11
1372,1,0,0.0,0.64,16,0.64,0,11
1373,0,-1,-14.170615,0.6,15,0.6,0,11
1374,0,-1,-16.223703,0.56,14,0.56,0,11
1375,0,-1,-5.538326,0.52,13,0.52,0,11
1376,0,-1,-7.0224156,0.48,12,0.48,0,11
1377,2,1,20.029762,0.52,13,0.52,0,11
1378,0,-1,-11.587283,0.48,12,0.48,0,11
1379,2,1,15.59002,0.52,13,0.52,0,11
1380,1,0,0.0,0.52,13,0.52,0,11
1381,1,0,0.0,0.52,13,0.52,0,11
1382,0,-1,-15.59002,0.48,12,0.48,0,11
1383,0,-1,-0.0,0.48,12,0.48,0,11
1384,2,1,19.252796,0.52,13,0.52,0,11
1385,0,-1,-20.029762,0.48,12,0.48,0,11
1386,2,1,15.750462,0.52,13,0.52,0,11
1387,1,0,0.0,0.52,13,0.52,0,11
1388,1,0,0.0,0.52,13,0.52,0,11
1389,2,1,19.610212,0.56,14,0.56,0,11
1390,2,1,13.980183,0.6,15,0.6,0,11
1391,0,-1,-0.0,0.6,15,0.6,0,11
1392,1,0,0.0,0.6,15,0.6,0,11
1393,2,1,4.613607,0.64,16,0.64,0,11
1394,0,-1,-4.613607,0.6,15,0.6,0,11
1395,2,1,13.0978565,0.64,16,0.64,0,11
1396,2,1,5.90373,0.68,17,0.68,0,11
1397,1,0,0.0,0.68,17,0.68,0,11
1398,1,0,0.0,0.68,17,0.68,0,11
1399,0,-1,-0.0,0.68,17,0.68,0,11
1400,2,1,1.0582134,0.72,18,0.72,0,11
1401,2,1,-8.513681,0.76,19,0.76,0,11
1402,1,0,0.0,0.76,19,0.76,0,11
1403,2,1,-20.354599,0.8,20,0.8,0,11
1404,2,1,-37.963036,0.84,21,0.84,0,11
1405,0,-1,-0.0,0.84,21,0.84,0,11
1406,1,0,0.0,0.84,21,0.84,0,11
1407,0,-1,38.55541,0.8,20,0.8,0,11
1408,1,0,0.0,0.8,20,0.8,0,11
1409,0,-1,16.06278,0.76,19,0.76,0,11
1410,0,-1,-0.0,0.76,19,0.76,0,11
1411,0,-1,-0.0,0.76,19,0.76,0,11
1412,2,1,-100.0,0.0,0,0.0,0,11
1413,2,1,-4.1406527,0.2,5,0.2,0,12
1414,0,-1,-0.0,0.2,5,0.2,0,12
1415,2,1,28.208652,0.24,6,0.24,0,12
1416,0,-1,-0.0,0.24,6,0.24,0,12
1417,0,-1,4.278605,0.2,5,0.2,0,12
1418,0,-1,-0.0,0.2,5,0.2,0,12
1419,2,1,23.97781,0.24,6,0.24,0,12
1420,0,-1,-23.97781,0.2,5,0.2,0,12
1421,1,0,0.0,0.2,5,0.2,0,12
1422,2,1,27.0049,0.24,6,0.24,0,12
1423,2,1,25.133902,0.28,7,0.28,0,12
1424,2,1,22.922842,0.32,8,0.32,0,12
1425,2,1,20.308928,0.36,9,0.36,0,12
1426,2,1,17.627645,0.4,10,0.4,0,12
1427,2,1,-6.5202236,0.44,11,0.44,0,12
1428,2,1,18.393976,0.48,12,0.48,0,12
1429,0,-1,-0.0,0.48,12,0.48,0,12
1430,2,1,12.852722,0.52,13,0.52,0,12
1431,2,1,13.638702,0.56,14,0.56,0,12
1432,1,0,0.0,0.56,14,0.56,0,12
1433,2,1,9.719348,0.6,15,0.6,0,12
1434,2,1,-100.0,0.0,0,0.0,0,12
1435,2,1,28.364332,0.2,5,0.2,0,13
1436,2,1,23.763681,0.24,6,0.24,0,13
1437,0,-1,-0.0,0.24,6,0.24,0,13
1438,0,-1,-0.0,0.24,6,0.24,0,13
1439,0,-1,-0.0,0.24,6,0.24,0,13
1440,1,0,0.0,0.24,6,0.24,0,13
1441,0,-1,-23.763681,0.2,5,0.2,0,13
1442,1,0,0.0,0.2,5,0.2,0,13
1443,2,1,23.763681,0.24,6,0.24,0,13
1444,2,1,22.092632,0.28,7,0.28,0,13
1445,2,1,26.441492,0.32,8,0.32,0,13
1446,0,-1,-0.0,0.32,8,0.32,0,13
1447,0,-1,-0.0,0.32,8,0.32,0,13
1448,2,1,-5.27981,0.36,9,0.36,0,13
1449,1,0,0.0,0.36,9,0.36,0,13
1450,2,1,20.310715,0.4,10,0.4,0,13
1451,0,-1,-20.310715,0.36,9,0.36,0,13
1452,2,1,26.658304,0.4,10,0.4,0,13
1453,2,1,23.131649,0.44,11,0.44,0,13
1454,0,-1,6.5201416,0.4,10,0.4,0,13
1455,2,1,-6.5202236,0.44,11,0.44,0,13
1456,2,1,20.379887,0.48,12,0.48,0,13
1457,0,-1,-0.0,0.48,12,0.48,0,13
1458,0,-1,7.3913045,0.44,11,0.44,0,13
1459,2,1,18.39444,0.48,12,0.48,0,13
1460,2,1,15.254294,0.52,13,0.52,0,13
1461,1,0,0.0,0.52,13,0.52,0,13
1462,2,1,13.737136,0.56,14,0.56,0,13
1463,1,0,0.0,0.56,14,0.56,0,13
1464,1,0,0.0,0.56,14,0.56,0,13
1465,2,1,9.76856,0.6,15,0.6,0,13
1466,2,1,-100.0,0.0,0,0.0,0,13
1467,0,-1,-0.0,0.16,4,0.16,0,14
1468,0,-1,-0.0,0.16,4,0.16,0,14
1469,1,0,0.0,0.16,4,0.16,0,14
1470,0,-1,-0.0,0.16,4,0.16,0,14
1471,2,1,28.346605,0.2,5,0.2,0,14
1472,0,-1,-0.0,0.2,5,0.2,0,14
1473,0,-1,-0.0,0.2,5,0.2,0,14
1474,1,0,0.0,0.2,5,0.2,0,14
1475,2,1,23.97781,0.24,6,0.24,0,14
1476,2,1,27.98924,0.28,7,0.28,0,14
1477,2,1,21.156033,0.32,8,0.32,0,14
1478,0,-1,-0.0,0.32,8,0.32,0,14
1479,0,-1,-0.0,0.32,8,0.32,0,14
1480,2,1,26.008978,0.36,9,0.36,0,14
1481,0,-1,-0.0,0.36,9,0.36,0,14
1482,2,1,-5.828954,0.4,10,0.4,0,14
1483,2,1,17.692636,0.44,11,0.44,0,14
1484,0,-1,-0.0,0.44,11,0.44,0,14
1485,1,0,0.0,0.44,11,0.44,0,14
1486,0,-1,-0.0,0.44,11,0.44,0,14
1487,2,1,23.892282,0.48,12,0.48,0,14
1488,2,1,-8.4982815,0.52,13,0.52,0,14
1489,0,-1,-0.0,0.52,13,0.52,0,14
1490,2,1,19.728302,0.56,14,0.56,0,14
1491,1,0,0.0,0.56,14,0.56,0,14
1492,0,-1,-0.0,0.56,14,0.56,0,14
1493,1,0,0.0,0.56,14,0.56,0,14
1494,1,0,0.0,0.56,14,0.56,0,14
1495,1,0,0.0,0.56,14,0.56,0,14
1496,0,-1,-21.367445,0.52,13,0.52,0,14
1497,2,1,-9.92201,0.56,14,0.56,0,14
1498,1,0,0.0,0.56,14,0.56,0,14
1499,2,1,16.256044,0.6,15,0.6,0,14
1500,2,1,13.484284,0.64,16,0.64,0,14
1501,1,0,0.0,0.64,16,0.64,0,14
1502,1,0,0.0,0.64,16,0.64,0,14
1503,1,0,0.0,0.64,16,0.64,0,14
1504,0,-1,14.286522,0.6,15,0.6,0,14
1505,2,1,13.046126,0.64,16,0.64,0,14
1506,2,1,7.853472,0.68,17,0.68,0,14
1507,1,0,0.0,0.68,17,0.68,0,14
1508,2,1,3.9332201,0.72,18,0.72,0,14
1509,1,0,0.0,0.72,18,0.72,0,14
1510,0,-1,-1.5376211,0.68,17,0.68,0,14
1511,0,-1,-9.596714,0.64,16,0.64,0,14
1512,2,1,-17.735935,0.68,17,0.68,0,14
1513,2,1,3.8854747,0.72,18,0.72,0,14
1514,0,-1,-0.0,0.72,18,0.72,0,14
1515,2,1,-6.640635,0.76,19,0.76,0,14
1516,2,1,-16.200136,0.8,20,0.8,0,14
1517,1,0,0.0,0.8,20,0.8,0,14
1518,2,1,-39.4287,0.84,21,0.84,0,14
1519,2,1,-83.052826,0.88,22,0.88,0,14
1520,0,-1,83.052826,0.84,21,0.84,0,14
1521,1,0,0.0,0.84,21,0.84,0,14
1522,2,1,-80.89628,0.88,22,0.88,0,14
1523,0,-1,-0.0,0.88,22,0.88,0,14
1524,2,1,-187.20679,0.92,23,0.92,0,14
1525,0,-1,182.04965,0.88,22,0.88,0,14
1526,0,-1,-0.0,0.88,22,0.88,0,14
1527,2,1,-187.79002,0.92,23,0.92,0,14
1528,2,1,-603.9149,0.96,24,0.96,0,14
1529,2,1,23.752382,1.0,25,1.0,0,14
1530,2,1,-1000.0,0.0,0,0.0,0,14
1531,2,1,28.364332,0.2,5,0.2,0,15
1532,1,0,0.0,0.2,5,0.2,0,15
1533,1,0,0.0,0.2,5,0.2,0,15
1534,0,-1,-28.364332,0.16,4,0.16,0,15
1535,2,1,28.364332,0.2,5,0.2,0,15
1536,0,-1,-0.0,0.2,5,0.2,0,15
1537,1,0,0.0,0.2,5,0.2,0,15
1538,2,1,27.010183,0.24,6,0.24,0,15
1539,0,-1,-27.010183,0.2,5,0.2,0,15
1540,1,0,0.0,0.2,5,0.2,0,15
1541,1,0,0.0,0.2,5,0.2,0,15
1542,0,-1,-28.364332,0.16,4,0.16,0,15
1543,2,1,28.364332,0.2,5,0.2,0,15
1544,2,1,28.208652,0.24,6,0.24,0,15
1545,0,-1,-28.208652,0.2,5,0.2,0,15
1546,2,1,28.208652,0.24,6,0.24,0,15
1547,2,1,23.740671,0.28,7,0.28,0,15
1548,1,0,0.0,0.28,7,0.28,0,15
1549,1,0,0.0,0.28,7,0.28,0,15
1550,0,-1,-0.0,0.28,7,0.28,0,15
1551,2,1,23.19499,0.32,8,0.32,0,15
1552,1,0,0.0,0.32,8,0.32,0,15
1553,2,1,20.859858,0.36,9,0.36,0,15
1554,1,0,0.0,0.36,9,0.36,0,15
1555,1,0,0.0,0.36,9,0.36,0,15
1556,1,0,0.0,0.36,9,0.36,0,15
1557,1,0,0.0,0.36,9,0.36,0,15
1558,1,0,0.0,0.36,9,0.36,0,15
1559,1,0,0.0,0.36,9,0.36,0,15
1560,2,1,20.779423,0.4,10,0.4,0,15
1561,2,1,20.040491,0.44,11,0.44,0,15
1562,0,-1,-0.0,0.44,11,0.44,0,15
1563,2,1,23.892282,0.48,12,0.48,0,15
1564,2,1,-8.49764,0.52,13,0.52,0,15
1565,0,-1,-18.110739,0.48,12,0.48,0,15
1566,0,-1,-23.892282,0.44,11,0.44,0,15
1567,2,1,16.819864,0.48,12,0.48,0,15
1568,0,-1,-0.0,0.48,12,0.48,0,15
1569,2,1,22.79115,0.52,13,0.52,0,15
1570,1,0,0.0,0.52,13,0.52,0,15
1571,2,1,-9.921985,0.56,14,0.56,0,15
1572,1,0,0.0,0.56,14,0.56,0,15
1573,2,1,14.822135,0.6,15,0.6,0,15
1574,0,-1,-19.502546,0.56,14,0.56,0,15
1575,0,-1,-16.63929,0.52,13,0.52,0,15
1576,0,-1,-19.758776,0.48,12,0.48,0,15
1577,1,0,0.0,0.48,12,0.48,0,15
1578,0,-1,-0.0,0.48,12,0.48,0,15
1579,0,-1,7.391865,0.44,11,0.44,0,15
1580,1,0,0.0,0.44,11,0.44,0,15
1581,0,-1,-20.088236,0.4,10,0.4,0,15
1582,2,1,24.763365,0.44,11,0.44,0,15
1583,0,-1,-17.690945,0.4,10,0.4,0,15
1584,0,-1,-0.0,0.4,10,0.4,0,15
1585,2,1,21.976542,0.44,11,0.44,0,15
1586,2,1,19.371016,0.48,12,0.48,0,15
1587,0,-1,-19.371016,0.44,11,0.44,0,15
1588,2,1,20.865192,0.48,12,0.48,0,15
1589,2,1,-8.4982815,0.52,13,0.52,0,15
1590,2,1,16.011715,0.56,14,0.56,0,15
1591,0,-1,-16.011715,0.52,13,0.52,0,15
1592,0,-1,-0.0,0.52,13,0.52,0,15
1593,0,-1,-17.642029,0.48,12,0.48,0,15
1594,0,-1,-20.865192,0.44,11,0.44,0,15
1595,0,-1,-21.976542,0.4,10,0.4,0,15
1596,2,1,19.619528,0.44,11,0.44,0,15
1597,2,1,23.897566,0.48,12,0.48,0,15
1598,1,0,0.0,0.48,12,0.48,0,15
1599,1,0,0.0,0.48,12,0.48,0,15
1600,2,1,21.154152,0.52,13,0.52,0,15
1601,0,-1,8.4982815,0.48,12,0.48,0,15
1602,2,1,18.110739,0.52,13,0.52,0,15
1603,2,1,15.34183,0.56,14,0.56,0,15
1604,0,-1,-21.362164,0.52,13,0.52,0,15
1605,0,-1,8.49764,0.48,12,0.48,0,15
1606,2,1,19.27347,0.52,13,0.52,0,15
1607,1,0,0.0,0.52,13,0.52,0,15
1608,2,1,15.86432,0.56,14,0.56,0,15
1609,2,1,11.965692,0.6,15,0.6,0,15
1610,0,-1,-20.701015,0.56,14,0.56,0,15
1611,2,1,15.546957,0.6,15,0.6,0,15
1612,2,1,-14.285854,0.64,16,0.64,0,15
1613,1,0,0.0,0.64,16,0.64,0,15
1614,2,1,14.751992,0.68,17,0.68,0,15
1615,2,1,8.608348,0.72,18,0.72,0,15
1616,1,0,0.0,0.72,18,0.72,0,15
1617,0,-1,-0.0,0.72,18,0.72,0,15
1618,1,0,0.0,0.72,18,0.72,0,15
1619,2,1,-30.097317,0.76,19,0.76,0,15
1620,2,1,-20.335928,0.8,20,0.8,0,15
1621,2,1,-39.277065,0.84,21,0.84,0,15
1622,2,1,-74.80668,0.88,22,0.88,0,15
1623,1,0,0.0,0.88,22,0.88,0,15
1624,1,0,0.0,0.88,22,0.88,0,15
1625,2,1,-181.2783,0.92,23,0.92,0,15
1626,1,0,0.0,0.92,23,0.92,0,15
1627,1,0,0.0,0.92,23,0.92,0,15
1628,1,0,0.0,0.92,23,0.92,0,15
1629,1,0,0.0,0.92,23,0.92,0,15
1630,1,0,0.0,0.92,23,0.92,0,15
1631,0,-1,-0.0,0.92,23,0.92,0,15
1632,0,-1,185.08385,0.88,22,0.88,0,15
1633,1,0,0.0,0.88,22,0.88,0,15
1634,1,0,0.0,0.88,22,0.88,0,15
1635,0,-1,-0.0,0.88,22,0.88,0,15
1636,2,1,-185.23547,0.92,23,0.92,0,15
1637,1,0,0.0,0.92,23,0.92,0,15
1638,0,-1,182.47061,0.88,22,0.88,0,15
1639,2,1,-182.47061,0.92,23,0.92,0,15
1640,1,0,0.0,0.92,23,0.92,0,15
1641,0,-1,208.61029,0.88,22,0.88,0,15
1642,1,0,0.0,0.88,22,0.88,0,15
1643,1,0,0.0,0.88,22,0.88,0,15
1644,2,1,-186.91525,0.92,23,0.92,0,15
1645,2,1,-599.89465,0.96,24,0.96,0,15
1646,2,1,25.370691,1.0,25,1.0,0,15
1647,2,1,-1000.0,0.0,0,0.0,0,15
1648,0,-1,-0.0,0.16,4,0.16,0,16
1649,2,1,28.346605,0.2,5,0.2,0,16
1650,2,1,-4.278605,0.24,6,0.24,0,16
1651,0,-1,-0.0,0.24,6,0.24,0,16
1652,2,1,-4.5163865,0.28,7,0.28,0,16
1653,0,-1,-0.0,0.28,7,0.28,0,16
1654,2,1,26.436209,0.32,8,0.32,0,16
1655,1,0,0.0,0.32,8,0.32,0,16
1656,0,-1,-0.0,0.32,8,0.32,0,16
1657,2,1,24.369835,0.36,9,0.36,0,16
1658,2,1,26.67603,0.4,10,0.4,0,16
1659,0,-1,-0.0,0.4,10,0.4,0,16
1660,1,0,0.0,0.4,10,0.4,0,16
1661,2,1,20.811838,0.44,11,0.44,0,16
1662,1,0,0.0,0.44,11,0.44,0,16
1663,1,0,0.0,0.44,11,0.44,0,16
1664,2,1,20.378916,0.48,12,0.48,0,16
1665,0,-1,7.391865,0.44,11,0.44,0,16
1666,0,-1,6.5201416,0.4,10,0.4,0,16
1667,0,-1,-0.0,0.4,10,0.4,0,16
1668,2,1,19.068598,0.44,11,0.44,0,16
1669,2,1,17.978796,0.48,12,0.48,0,16
1670,0,-1,-17.978796,0.44,11,0.44,0,16
1671,0,-1,-0.0,0.44,11,0.44,0,16
1672,0,-1,-25.984842,0.4,10,0.4,0,16
1673,0,-1,-0.0,0.4,10,0.4,0,16
1674,2,1,21.976542,0.44,11,0.44,0,16
1675,0,-1,-0.0,0.44,11,0.44,0,16
1676,2,1,16.065376,0.48,12,0.48,0,16
1677,0,-1,-19.940758,0.44,11,0.44,0,16
1678,2,1,18.393976,0.48,12,0.48,0,16
1679,2,1,15.062407,0.52,13,0.52,0,16
1680,0,-1,-14.95896,0.48,12,0.48,0,16
1681,0,-1,-0.0,0.48,12,0.48,0,16
1682,1,0,0.0,0.48,12,0.48,0,16
1683,2,1,19.758776,0.52,13,0.52,0,16
1684,0,-1,-19.758776,0.48,12,0.48,0,16
1685,0,-1,-0.0,0.48,12,0.48,0,16
1686,1,0,0.0,0.48,12,0.48,0,16
1687,2,1,13.007951,0.52,13,0.52,0,16
1688,2,1,13.830365,0.56,14,0.56,0,16
1689,1,0,0.0,0.56,14,0.56,0,16
1690,2,1,15.545738,0.6,15,0.6,0,16
1691,0,-1,-16.710442,0.56,14,0.56,0,16
1692,2,1,16.710442,0.6,15,0.6,0,16
1693,2,1,10.837234,0.64,16,0.64,0,16
1694,2,1,3.9596586,0.68,17,0.68,0,16
1695,2,1,0.98308426,0.72,18,0.72,0,16
1696,2,1,-8.49467,0.76,19,0.76,0,16
1697,2,1,-100.0,0.0,0,0.0,0,16
1698,2,1,-4.1406527,0.2,5,0.2,0,17
1699,2,1,-4.279112,0.24,6,0.24,0,17
1700,2,1,-4.515826,0.28,7,0.28,0,17
1701,0,-1,4.516251,0.24,6,0.24,0,17
1702,0,-1,-0.0,0.24,6,0.24,0,17
1703,0,-1,4.278605,0.2,5,0.2,0,17
1704,2,1,-4.279113,0.24,6,0.24,0,17
1705,2,1,27.971514,0.28,7,0.28,0,17
1706,1,0,0.0,0.28,7,0.28,0,17
1707,2,1,26.436209,0.32,8,0.32,0,17
1708,2,1,-5.2804775,0.36,9,0.36,0,17
1709,0,-1,-0.0,0.36,9,0.36,0,17
1710,2,1,-5.8296275,0.4,10,0.4,0,17
1711,0,-1,5.8296275,0.36,9,0.36,0,17
1712,2,1,-5.828954,0.4,10,0.4,0,17
1713,2,1,-6.5206485,0.44,11,0.44,0,17
1714,0,-1,6.5206485,0.4,10,0.4,0,17
1715,0,-1,-0.0,0.4,10,0.4,0,17
1716,1,0,0.0,0.4,10,0.4,0,17
1717,2,1,21.736273,0.44,11,0.44,0,17
1718,2,1,-7.3918586,0.48,12,0.48,0,17
1719,0,-1,7.3918586,0.44,11,0.44,0,17
1720,0,-1,-0.0,0.44,11,0.44,0,17
1721,1,0,0.0,0.44,11,0.44,0,17
1722,2,1,18.612106,0.48,12,0.48,0,17
1723,2,1,21.152006,0.52,13,0.52,0,17
1724,1,0,0.0,0.52,13,0.52,0,17
1725,0,-1,-0.0,0.52,13,0.52,0,17
1726,0,-1,-17.50569,0.48,12,0.48,0,17
1727,0,-1,7.39189,0.44,11,0.44,0,17
1728,0,-1,6.5201416,0.4,10,0.4,0,17
1729,0,-1,-22.427462,0.36,9,0.36,0,17
1730,1,0,0.0,0.36,9,0.36,0,17
1731,2,1,21.503027,0.4,10,0.4,0,17
1732,0,-1,5.829462,0.36,9,0.36,0,17
1733,2,1,21.941185,0.4,10,0.4,0,17
1734,2,1,19.068598,0.44,11,0.44,0,17
1735,1,0,0.0,0.44,11,0.44,0,17
1736,1,0,0.0,0.44,11,0.44,0,17
1737,2,1,-7.3912225,0.48,12,0.48,0,17
1738,0,-1,-0.0,0.48,12,0.48,0,17
1739,0,-1,7.3913045,0.44,11,0.44,0,17
1740,1,0,0.0,0.44,11,0.44,0,17
1741,1,0,0.0,0.44,11,0.44,0,17
1742,2,1,16.168823,0.48,12,0.48,0,17
1743,2,1,14.95896,0.52,13,0.52,0,17
1744,0,-1,-0.0,0.52,13,0.52,0,17
1745,2,1,-9.92185,0.56,14,0.56,0,17
1746,2,1,13.336845,0.6,15,0.6,0,17
1747,2,1,7.169366,0.64,16,0.64,0,17
1748,1,0,0.0,0.64,16,0.64,0,17
1749,2,1,3.6150951,0.68,17,0.68,0,17
1750,2,1,-22.67524,0.72,18,0.72,0,17
1751,2,1,-100.0,0.0,0,0.0,0,17
1752,2,1,28.364332,0.2,5,0.2,0,18
1753,1,0,0.0,0.2,5,0.2,0,18
1754,0,-1,-0.0,0.2,5,0.2,0,18
1755,0,-1,-28.364332,0.16,4,0.16,0,18
1756,2,1,28.364332,0.2,5,0.2,0,18
1757,2,1,27.010183,0.24,6,0.24,0,18
1758,1,0,0.0,0.24,6,0.24,0,18
1759,0,-1,-0.0,0.24,6,0.24,0,18
1760,2,1,25.136045,0.28,7,0.28,0,18
1761,2,1,22.923813,0.32,8,0.32,0,18
1762,2,1,22.053389,0.36,9,0.36,0,18
1763,1,0,0.0,0.36,9,0.36,0,18
1764,2,1,-5.828954,0.4,10,0.4,0,18
1765,1,0,0.0,0.4,10,0.4,0,18
1766,2,1,21.980478,0.44,11,0.44,0,18
1767,2,1,18.198029,0.48,12,0.48,0,18
1768,0,-1,7.3912225,0.44,11,0.44,0,18
1769,2,1,19.372663,0.48,12,0.48,0,18
1770,2,1,23.989618,0.52,13,0.52,0,18
1771,0,-1,-23.989618,0.48,12,0.48,0,18
1772,1,0,0.0,0.48,12,0.48,0,18
1773,2,1,15.062655,0.52,13,0.52,0,18
1774,1,0,0.0,0.52,13,0.52,0,18
1775,0,-1,-0.0,0.52,13,0.52,0,18
1776,0,-1,-0.0,0.52,13,0.52,0,18
1777,1,0,0.0,0.52,13,0.52,0,18
1778,2,1,16.014334,0.56,14,0.56,0,18
1779,0,-1,-16.014334,0.52,13,0.52,0,18
1780,2,1,13.53552,0.56,14,0.56,0,18
1781,1,0,0.0,0.56,14,0.56,0,18
1782,2,1,13.58435,0.6,15,0.6,1,18
1783,2,1,7.166022,0.64,16,0.64,0,18
1784,2,1,5.6151094,0.68,17,0.68,0,18
1785,0,-1,-0.0,0.68,17,0.68,0,18
1786,2,1,-1.2692783,0.72,18,0.72,0,18
1787,0,-1,-0.0,0.72,18,0.72,0,18
1788,2,1,-100.0,0.0,0,0.0,0,18
1789,1,0,0.0,0.16,4,0.16,0,19
1790,2,1,28.346605,0.2,5,0.2,0,19
1791,0,-1,-0.0,0.2,5,0.2,0,19
1792,1,0,0.0,0.2,5,0.2,0,19
1793,2,1,-4.278605,0.24,6,0.24,0,19
1794,2,1,26.767761,0.28,7,0.28,0,19
1795,1,0,0.0,0.28,7,0.28,0,19
1796,1,0,0.0,0.28,7,0.28,0,19
1797,1,0,0.0,0.28,7,0.28,0,19
1798,0,-1,4.515744,0.24,6,0.24,0,19
1799,1,0,0.0,0.24,6,0.24,0,19
1800,2,1,25.133902,0.28,7,0.28,0,19
1801,0,-1,-0.0,0.28,7,0.28,0,19
1802,2,1,22.922842,0.32,8,0.32,0,19
1803,2,1,-5.27981,0.36,9,0.36,0,19
1804,0,-1,5.27981,0.32,8,0.32,0,19
1805,2,1,20.308928,0.36,9,0.36,0,19
1806,0,-1,-0.0,0.36,9,0.36,0,19
1807,2,1,-5.828954,0.4,10,0.4,0,19
1808,1,0,0.0,0.4,10,0.4,0,19
1809,2,1,17.039904,0.44,11,0.44,0,19
1810,2,1,18.393976,0.48,12,0.48,0,19
1811,2,1,13.007951,0.52,13,0.52,0,19
1812,2,1,22.583641,0.56,14,0.56,0,19
1813,2,1,16.710442,0.6,15,0.6,0,19
1814,0,-1,-0.0,0.6,15,0.6,0,19
1815,2,1,9.170745,0.64,16,0.64,0,19
1816,0,-1,-0.0,0.64,16,0.64,0,19
1817,0,-1,-18.21913,0.6,15,0.6,0,19
1818,2,1,11.647204,0.64,16,0.64,0,19
1819,0,-1,-9.170745,0.6,15,0.6,0,19
1820,0,-1,-14.146816,0.56,14,0.56,0,19
1821,2,1,14.146816,0.6,15,0.6,0,19
1822,2,1,9.372388,0.64,16,0.64,0,19
1823,2,1,3.8194168,0.68,17,0.68,0,19
1824,2,1,4.087081,0.72,18,0.72,0,19
1825,2,1,-100.0,0.0,0,0.0,0,19
1826,0,-1,-0.0,0.16,4,0.16,0,20
1827,2,1,28.346605,0.2,5,0.2,0,20
1828,0,-1,-0.0,0.2,5,0.2,0,20
1829,1,0,0.0,0.2,5,0.2,0,20
1830,0,-1,-28.346605,0.16,4,0.16,0,20
1831,0,-1,-0.0,0.16,4,0.16,0,20
1832,1,0,0.0,0.16,4,0.16,0,20
1833,2,1,28.346605,0.2,5,0.2,0,20
1834,0,-1,-28.346605,0.16,4,0.16,0,20
1835,2,1,28.346605,0.2,5,0.2,0,20
1836,2,1,-4.278687,0.24,6,0.24,0,20
1837,2,1,-4.51638,0.28,7,0.28,0,20
1838,1,0,0.0,0.28,7,0.28,0,20
1839,2,1,23.409119,0.32,8,0.32,0,20
1840,1,0,0.0,0.32,8,0.32,0,20
1841,1,0,0.0,0.32,8,0.32,0,20
1842,1,0,0.0,0.32,8,0.32,0,20
1843,2,1,26.003696,0.36,9,0.36,0,20
1844,2,1,23.820692,0.4,10,0.4,0,20
1845,2,1,-6.520649,0.44,11,0.44,0,20
1846,1,0,0.0,0.44,11,0.44,0,20
1847,0,-1,-0.0,0.44,11,0.44,0,20
1848,0,-1,6.5207767,0.4,10,0.4,0,20
1849,2,1,21.976542,0.44,11,0.44,0,20
1850,2,1,-7.3912225,0.48,12,0.48,0,20
1851,2,1,17.43542,0.52,13,0.52,0,20
1852,0,-1,8.49764,0.48,12,0.48,0,20
1853,1,0,0.0,0.48,12,0.48,0,20
1854,2,1,-8.498307,0.52,13,0.52,0,20
1855,2,1,17.848795,0.56,14,0.56,0,20
1856,0,-1,-16.011715,0.52,13,0.52,0,20
1857,2,1,15.667396,0.56,14,0.56,0,20
1858,2,1,20.718742,0.6,15,0.6,0,20
1859,2,1,12.274778,0.64,16,0.64,0,20
1860,2,1,-17.735939,0.68,17,0.68,0,20
1861,1,0,0.0,0.68,17,0.68,0,20
1862,2,1,0.78144157,0.72,18,0.72,0,20
1863,2,1,-4.3120346,0.76,19,0.76,0,20
1864,0,-1,-2.4077501,0.72,18,0.72,0,20
1865,2,1,-30.097235,0.76,19,0.76,0,20
1866,2,1,-41.985977,0.8,20,0.8,0,20
1867,0,-1,41.986008,0.76,19,0.76,0,20
1868,0,-1,6.640635,0.72,18,0.72,0,20
1869,1,0,0.0,0.72,18,0.72,0,20
1870,1,0,0.0,0.72,18,0.72,0,20
1871,1,0,0.0,0.72,18,0.72,0,20
1872,1,0,0.0,0.72,18,0.72,0,20
1873,2,1,-30.097902,0.76,19,0.76,0,20
1874,1,0,0.0,0.76,19,0.76,0,20
1875,0,-1,3.536602,0.72,18,0.72,0,20
1876,2,1,2.4077501,0.76,19,0.76,0,20
1877,1,0,0.0,0.76,19,0.76,0,20
1878,2,1,-18.42529,0.8,20,0.8,0,20
1879,2,1,-41.34829,0.84,21,0.84,0,20
1880,1,0,0.0,0.84,21,0.84,0,20
1881,1,0,0.0,0.84,21,0.84,0,20
1882,0,-1,34.306828,0.8,20,0.8,0,20
1883,1,0,0.0,0.8,20,0.8,0,20
1884,0,-1,13.72892,0.76,19,0.76,0,20
1885,2,1,-18.233627,0.8,20,0.8,0,20
1886,0,-1,41.986004,0.76,19,0.76,0,20
1887,2,1,-22.596834,0.8,20,0.8,0,20
1888,0,-1,-0.0,0.8,20,0.8,0,20
1889,2,1,-39.346912,0.84,21,0.84,0,20
1890,2,1,-77.124344,0.88,22,0.88,0,20
1891,1,0,0.0,0.88,22,0.88,0,20
1892,2,1,-208.61096,0.92,23,0.92,0,20
1893,0,-1,-0.0,0.92,23,0.92,0,20
1894,1,0,0.0,0.92,23,0.92,0,20
1895,1,0,0.0,0.92,23,0.92,0,20
1896,2,1,-603.9149,0.96,24,0.96,0,20
1897,2,1,31.289461,1.0,25,1.0,0,20
1898,2,1,-1000.0,0.0,0,0.0,0,20
1899,2,1,28.364332,0.2,5,0.2,0,21
1900,0,-1,-0.0,0.2,5,0.2,0,21
1901,2,1,27.010183,0.24,6,0.24,0,21
1902,0,-1,-0.0,0.24,6,0.24,0,21
1903,2,1,-4.515744,0.28,7,0.28,0,21
1904,0,-1,4.515744,0.24,6,0.24,0,21
1905,2,1,23.526543,0.28,7,0.28,0,21
1906,2,1,23.653324,0.32,8,0.32,0,21
1907,0,-1,-23.653324,0.28,7,0.28,0,21
1908,0,-1,-0.0,0.28,7,0.28,0,21
1909,1,0,0.0,0.28,7,0.28,0,21
1910,0,-1,-23.526543,0.24,6,0.24,0,21
1911,0,-1,-0.0,0.24,6,0.24,0,21
1912,1,0,0.0,0.24,6,0.24,0,21
1913,1,0,0.0,0.24,6,0.24,0,21
1914,2,1,27.971514,0.28,7,0.28,0,21
1915,2,1,23.19499,0.32,8,0.32,0,21
1916,2,1,24.37198,0.36,9,0.36,0,21
1917,0,-1,-27.207449,0.32,8,0.32,0,21
1918,2,1,27.207449,0.36,9,0.36,0,21
1919,2,1,21.942156,0.4,10,0.4,0,21
1920,2,1,20.813057,0.44,11,0.44,0,21
1921,1,0,0.0,0.44,11,0.44,0,21
1922,0,-1,-0.0,0.44,11,0.44,0,21
1923,1,0,0.0,0.44,11,0.44,0,21
1924,1,0,0.0,0.44,11,0.44,0,21
1925,2,1,18.198029,0.48,12,0.48,0,21
1926,2,1,16.872952,0.52,13,0.52,0,21
1927,2,1,21.362164,0.56,14,0.56,0,21
1928,1,0,0.0,0.56,14,0.56,0,21
1929,2,1,13.99942,0.6,15,0.6,0,21
1930,1,0,0.0,0.6,15,0.6,0,21
1931,2,1,-14.285854,0.64,16,0.64,0,21
1932,2,1,10.765354,0.68,17,0.68,0,21
1933,2,1,6.9744883,0.72,18,0.72,0,21
1934,2,1,-6.4387555,0.76,19,0.76,0,21
1935,1,0,0.0,0.76,19,0.76,0,21
1936,2,1,-14.215197,0.8,20,0.8,0,21
1937,2,1,-37.01831,0.84,21,0.84,0,21
1938,1,0,0.0,0.84,21,0.84,0,21
1939,2,1,-75.95964,0.88,22,0.88,0,21
1940,1,0,0.0,0.88,22,0.88,0,21
1941,1,0,0.0,0.88,22,0.88,0,21
1942,2,1,-183.48654,0.92,23,0.92,0,21
1943,2,1,-598.65686,0.96,24,0.96,0,21
1944,0,-1,-0.0,0.96,24,0.96,0,21
1945,1,0,0.0,0.96,24,0.96,0,21
1946,0,-1,600.14154,0.92,23,0.92,0,21
1947,2,1,-601.8084,0.96,24,0.96,0,21
1948,0,-1,-0.0,0.96,24,0.96,0,21
1949,0,-1,596.76855,0.92,23,0.92,0,21
1950,2,1,-599.3296,0.96,24,0.96,0,21
1951,2,1,3.120783e-05,1.0,25,1.0,0,21
1952,1,0,-1000.0,0.0,0,0.0,0,21
1953,2,1,28.364332,0.2,5,0.2,0,22
1954,0,-1,-28.364332,0.16,4,0.16,0,22
1955,2,1,-4.1407347,0.2,5,0.2,0,22
1956,2,1,28.208652,0.24,6,0.24,0,22
1957,1,0,0.0,0.24,6,0.24,0,22
1958,1,0,0.0,0.24,6,0.24,0,22
1959,0,-1,-28.208652,0.2,5,0.2,0,22
1960,2,1,28.208652,0.24,6,0.24,0,22
1961,1,0,0.0,0.24,6,0.24,0,22
1962,0,-1,-0.0,0.24,6,0.24,0,22
1963,0,-1,4.278687,0.2,5,0.2,0,22
1964,0,-1,-28.346605,0.16,4,0.16,0,22
1965,0,-1,-0.0,0.16,4,0.16,0,22
1966,0,-1,-0.0,0.16,4,0.16,0,22
1967,2,1,28.346605,0.2,5,0.2,0,22
1968,2,1,27.0049,0.24,6,0.24,0,22
1969,1,0,0.0,0.24,6,0.24,0,22
1970,2,1,27.98924,0.28,7,0.28,0,22
1971,1,0,0.0,0.28,7,0.28,0,22
1972,1,0,0.0,0.28,7,0.28,0,22
1973,0,-1,-27.98924,0.24,6,0.24,0,22
1974,1,0,0.0,0.24,6,0.24,0,22
1975,2,1,-4.515826,0.28,7,0.28,0,22
1976,0,-1,4.515826,0.24,6,0.24,0,22
1977,2,1,-4.515826,0.28,7,0.28,0,22
1978,2,1,27.657686,0.32,8,0.32,0,22
1979,0,-1,-26.436209,0.28,7,0.28,0,22
1980,1,0,0.0,0.28,7,0.28,0,22
1981,2,1,26.441492,0.32,8,0.32,0,22
1982,1,0,0.0,0.32,8,0.32,0,22
1983,1,0,0.0,0.32,8,0.32,0,22
1984,2,1,26.003696,0.36,9,0.36,0,22
1985,2,1,22.213333,0.4,10,0.4,0,22
1986,1,0,0.0,0.4,10,0.4,0,22
1987,2,1,23.131649,0.44,11,0.44,0,22
1988,0,-1,-21.522146,0.4,10,0.4,0,22
1989,2,1,-6.520649,0.44,11,0.44,0,22
1990,1,0,0.0,0.44,11,0.44,0,22
1991,2,1,20.865192,0.48,12,0.48,0,22
1992,2,1,-8.498275,0.52,13,0.52,0,22
1993,2,1,19.728302,0.56,14,0.56,0,22
1994,0,-1,-0.0,0.56,14,0.56,0,22
1995,0,-1,-19.730448,0.52,13,0.52,0,22
1996,1,0,0.0,0.52,13,0.52,0,22
1997,1,0,0.0,0.52,13,0.52,0,22
1998,0,-1,8.498147,0.48,12,0.48,0,22
1999,2,1,21.154152,0.52,13,0.52,0,22
2000,0,-1,-0.0,0.52,13,0.52,0,22
2001,1,0,0.0,0.52,13,0.52,0,22
2002,0,-1,-19.758776,0.48,12,0.48,0,22
2003,0,-1,-0.0,0.48,12,0.48,0,22
2004,2,1,18.834341,0.52,13,0.52,0,22
2005,2,1,15.448675,0.56,14,0.56,0,22
2006,0,-1,-0.0,0.56,14,0.56,0,22
2007,2,1,-11.78675,0.6,15,0.6,0,22
2008,0,-1,-0.0,0.6,15,0.6,0,22
2009,0,-1,11.78675,0.56,14,0.56,0,22
2010,2,1,11.561046,0.6,15,0.6,0,22
2011,2,1,13.485255,0.64,16,0.64,0,22
2012,2,1,8.050396,0.68,17,0.68,0,22
2013,2,1,0.55622095,0.72,18,0.72,0,22
2014,2,1,-2.764035,0.76,19,0.76,0,22
2015,1,0,0.0,0.76,19,0.76,0,22
2016,1,0,0.0,0.76,19,0.76,0,22
2017,2,1,-13.72892,0.8,20,0.8,0,22
2018,0,-1,-0.0,0.8,20,0.8,0,22
2019,2,1,-62.80351,0.84,21,0.84,0,22
2020,2,1,-83.160614,0.88,22,0.88,0,22
2021,2,1,-184.85835,0.92,23,0.92,0,22
2022,2,1,-600.14215,0.96,24,0.96,0,22
2023,1,0,0.0,0.96,24,0.96,0,22
2024,0,-1,-0.0,0.96,24,0.96,0,22
2025,0,-1,-0.0,0.96,24,0.96,0,22
2026,2,1,23.10866,1.0,25,1.0,0,22
2027,2,1,-1000.0,0.0,0,0.0,0,22
2028,0,-1,-0.0,0.16,4,0.16,0,23
2029,0,-1,-0.0,0.16,4,0.16,0,23
2030,2,1,-4.1407347,0.2,5,0.2,0,23
2031,2,1,28.22638,0.24,6,0.24,0,23
2032,1,0,0.0,0.24,6,0.24,0,23
2033,2,1,-4.51638,0.28,7,0.28,0,23
2034,2,1,23.19499,0.32,8,0.32,0,23
2035,0,-1,-23.19499,0.28,7,0.28,0,23
2036,1,0,0.0,0.28,7,0.28,0,23
2037,2,1,26.441492,0.32,8,0.32,0,23
2038,2,1,-5.280318,0.36,9,0.36,0,23
2039,2,1,22.213333,0.4,10,0.4,0,23
2040,1,0,0.0,0.4,10,0.4,0,23
2041,2,1,21.980478,0.44,11,0.44,0,23
2042,1,0,0.0,0.44,11,0.44,0,23
2043,0,-1,-21.980478,0.4,10,0.4,0,23
2044,0,-1,5.829462,0.36,9,0.36,0,23
2045,1,0,0.0,0.36,9,0.36,0,23
2046,2,1,-5.8296223,0.4,10,0.4,0,23
2047,1,0,0.0,0.4,10,0.4,0,23
2048,2,1,23.131649,0.44,11,0.44,0,23
2049,2,1,20.379887,0.48,12,0.48,0,23
2050,2,1,-8.498312,0.52,13,0.52,0,23
2051,2,1,15.86432,0.56,14,0.56,0,23
2052,0,-1,-18.120945,0.52,13,0.52,0,23
2053,2,1,15.667908,0.56,14,0.56,0,23
2054,1,0,0.0,0.56,14,0.56,0,23
2055,2,1,20.701015,0.6,15,0.6,0,23
2056,1,0,0.0,0.6,15,0.6,0,23
2057,2,1,9.274441,0.64,16,0.64,0,23
2058,1,0,0.0,0.64,16,0.64,0,23
2059,0,-1,-0.0,0.64,16,0.64,0,23
2060,2,1,6.016668,0.68,17,0.68,0,23
2061,2,1,-1.1694442,0.72,18,0.72,0,23
2062,0,-1,-0.0,0.72,18,0.72,0,23
2063,2,1,-30.097908,0.76,19,0.76,0,23
2064,0,-1,30.097908,0.72,18,0.72,0,23
2065,2,1,-8.402198,0.76,19,0.76,0,23
2066,2,1,-14.652136,0.8,20,0.8,0,23
2067,1,0,0.0,0.8,20,0.8,0,23
2068,2,1,-41.154102,0.84,21,0.84,0,23
2069,0,-1,-0.0,0.84,21,0.84,0,23
2070,2,1,-100.0,0.0,0,0.0,0,23
2071,2,1,28.346605,0.2,5,0.2,0,24
2072,0,-1,-0.0,0.2,5,0.2,0,24
2073,2,1,27.0049,0.24,6,0.24,0,24
2074,2,1,27.98924,0.28,7,0.28,0,24
2075,1,0,0.0,0.28,7,0.28,0,24
2076,2,1,26.441492,0.32,8,0.32,0,24
2077,0,-1,-0.0,0.32,8,0.32,0,24
2078,0,-1,-0.0,0.32,8,0.32,1,24
2079,1,0,0.0,0.32,8,0.32,0,24
2080,0,-1,-0.0,0.32,8,0.32,0,24
2081,1,0,0.0,0.32,8,0.32,0,24
2082,0,-1,-26.382082,0.28,7,0.28,0,24
2083,2,1,24.817673,0.32,8,0.32,0,24
2084,2,1,22.285297,0.36,9,0.36,0,24
2085,0,-1,-27.156118,0.32,8,0.32,0,24
2086,0,-1,-0.0,0.32,8,0.32,0,24
2087,1,0,0.0,0.32,8,0.32,0,24
2088,2,1,20.157213,0.36,9,0.36,0,24
2089,2,1,22.142683,0.4,10,0.4,0,24
2090,0,-1,-0.0,0.4,10,0.4,0,24
2091,2,1,25.91601,0.44,11,0.44,0,24
2092,2,1,19.095665,0.48,12,0.48,0,24
2093,2,1,14.362915,0.52,13,0.52,0,24
2094,1,0,0.0,0.52,13,0.52,0,24
2095,2,1,17.330671,0.56,14,0.56,0,24
2096,2,1,11.867709,0.6,15,0.6,0,24
2097,1,0,0.0,0.6,15,0.6,0,24
2098,1,0,0.0,0.6,15,0.6,0,24
2099,1,0,0.0,0.6,15,0.6,0,24
2100,2,1,7.368358,0.64,16,0.64,0,24
2101,2,1,8.134868,0.68,17,0.68,0,24
2102,0,-1,-0.0,0.68,17,0.68,0,24
2103,2,1,-100.0,0.0,0,0.0,0,24
2104,2,1,28.364332,0.2,5,0.2,0,25
2105,0,-1,-0.0,0.2,5,0.2,0,25
2106,2,1,27.010183,0.24,6,0.24,0,25
2107,0,-1,-27.010183,0.2,5,0.2,0,25
2108,0,-1,-0.0,0.2,5,0.2,0,25
2109,2,1,28.208652,0.24,6,0.24,0,25
2110,1,0,0.0,0.24,6,0.24,0,25
2111,0,-1,-0.0,0.24,6,0.24,0,25
2112,1,0,0.0,0.24,6,0.24,0,25
2113,0,-1,-0.0,0.24,6,0.24,0,25
2114,2,1,26.767761,0.28,7,0.28,0,25
2115,2,1,23.19499,0.32,8,0.32,0,25
2116,2,1,23.216873,0.36,9,0.36,0,25
2117,0,-1,-0.0,0.36,9,0.36,0,25
2118,2,1,25.459835,0.4,10,0.4,0,25
2119,2,1,20.242096,0.44,11,0.44,0,25
2120,0,-1,-20.242096,0.4,10,0.4,0,25
2121,2,1,23.129503,0.44,11,0.44,0,25
2122,0,-1,-23.129503,0.4,10,0.4,0,25
2123,2,1,21.736273,0.44,11,0.44,0,25
2124,2,1,22.260569,0.48,12,0.48,0,25
2125,1,0,0.0,0.48,12,0.48,0,25
2126,2,1,21.152006,0.52,13,0.52,0,25
2127,2,1,-9.921425,0.56,14,0.56,0,25
2128,2,1,15.546957,0.6,15,0.6,0,25
2129,2,1,13.046126,0.64,16,0.64,0,25
2130,1,0,0.0,0.64,16,0.64,0,25
2131,1,0,0.0,0.64,16,0.64,0,25
2132,2,1,9.026972,0.68,17,0.68,0,25
2133,2,1,5.0949807,0.72,18,0.72,0,25
2134,1,0,0.0,0.72,18,0.72,0,25
2135,1,0,0.0,0.72,18,0.72,0,25
2136,0,-1,-5.36713,0.68,17,0.68,0,25
2137,0,-1,17.735348,0.64,16,0.64,0,25
2138,2,1,8.268063,0.68,17,0.68,0,25
2139,2,1,2.695434,0.72,18,0.72,0,25
2140,2,1,-5.593234,0.76,19,0.76,0,25
2141,1,0,0.0,0.76,19,0.76,0,25
2142,0,-1,5.593234,0.72,18,0.72,0,25
2143,1,0,0.0,0.72,18,0.72,0,25
2144,2,1,-5.593234,0.76,19,0.76,0,25
2145,0,-1,-0.0,0.76,19,0.76,0,25
2146,1,0,0.0,0.76,19,0.76,0,25
2147,1,0,0.0,0.76,19,0.76,0,25
2148,2,1,-16.615316,0.8,20,0.8,0,25
2149,1,0,0.0,0.8,20,0.8,0,25
2150,2,1,-40.290188,0.84,21,0.84,0,25
2151,1,0,0.0,0.84,21,0.84,0,25
2152,2,1,-81.10876,0.88,22,0.88,0,25
2153,2,1,-208.61037,0.92,23,0.92,0,25
2154,1,0,0.0,0.92,23,0.92,0,25
2155,2,1,-601.91797,0.96,24,0.96,1,25
2156,1,0,0.0,0.96,24,0.96,0,25
2157,2,1,6.1089997,1.0,25,1.0,0,25
2158,2,1,-1000.0,0.0,0,0.0,0,25
2159,0,-1,-0.0,0.16,4,0.16,0,26
2160,0,-1,-0.0,0.16,4,0.16,0,26
2161,1,0,0.0,0.16,4,0.16,0,26
2162,2,1,28.364332,0.2,5,0.2,0,26
2163,1,0,0.0,0.2,5,0.2,0,26
2164,1,0,0.0,0.2,5,0.2,0,26
2165,2,1,28.208652,0.24,6,0.24,0,26
2166,1,0,0.0,0.24,6,0.24,0,26
2167,0,-1,-28.22638,0.2,5,0.2,0,26
2168,0,-1,-28.346605,0.16,4,0.16,0,26
2169,0,-1,-0.0,0.16,4,0.16,0,26
2170,1,0,0.0,0.16,4,0.16,0,26
2171,2,1,28.364332,0.2,5,0.2,0,26
2172,0,-1,-28.364332,0.16,4,0.16,0,26
2173,2,1,28.346605,0.2,5,0.2,0,26
2174,2,1,-4.278687,0.24,6,0.24,0,26
2175,2,1,26.767761,0.28,7,0.28,0,26
2176,1,0,0.0,0.28,7,0.28,0,26
2177,2,1,-4.8479323,0.32,8,0.32,0,26
2178,2,1,-5.2804785,0.36,9,0.36,0,26
2179,0,-1,5.2804785,0.32,8,0.32,0,26
2180,1,0,0.0,0.32,8,0.32,0,26
2181,0,-1,-0.0,0.32,8,0.32,0,26
2182,1,0,0.0,0.32,8,0.32,0,26
2183,0,-1,-0.0,0.32,8,0.32,0,26
2184,2,1,-5.280318,0.36,9,0.36,0,26
2185,2,1,26.67603,0.4,10,0.4,0,26
2186,2,1,-6.520809,0.44,11,0.44,0,26
2187,2,1,-7.391896,0.48,12,0.48,0,26
2188,0,-1,7.3917303,0.44,11,0.44,0,26
2189,0,-1,-0.0,0.44,11,0.44,0,26
2190,1,0,0.0,0.44,11,0.44,0,26
2191,1,0,0.0,0.44,11,0.44,0,26
2192,1,0,0.0,0.44,11,0.44,0,26
2193,0,-1,-24.763365,0.4,10,0.4,0,26
2194,2,1,24.768646,0.44,11,0.44,0,26
2195,0,-1,-0.0,0.44,11,0.44,0,26
2196,1,0,0.0,0.44,11,0.44,0,26
2197,0,-1,-0.0,0.44,11,0.44,0,26
2198,0,-1,-24.768646,0.4,10,0.4,0,26
2199,1,0,0.0,0.4,10,0.4,0,26
2200,2,1,-6.5208097,0.44,11,0.44,0,26
2201,2,1,20.865192,0.48,12,0.48,0,26
2202,2,1,22.79115,0.52,13,0.52,0,26
2203,2,1,18.120945,0.56,14,0.56,0,26
2204,1,0,0.0,0.56,14,0.56,0,26
2205,0,-1,-0.0,0.56,14,0.56,0,26
2206,1,0,0.0,0.56,14,0.56,0,26
2207,1,0,0.0,0.56,14,0.56,0,26
2208,2,1,-11.786915,0.6,15,0.6,0,26
2209,0,-1,-16.256044,0.56,14,0.56,0,26
2210,1,0,0.0,0.56,14,0.56,0,26
2211,2,1,17.86555,0.6,15,0.6,0,26
2212,0,-1,11.786915,0.56,14,0.56,0,26
2213,0,-1,-18.335072,0.52,13,0.52,0,26
2214,1,0,0.0,0.52,13,0.52,0,26
2215,0,-1,-0.0,0.52,13,0.52,0,26
2216,2,1,17.411856,0.56,14,0.56,0,26
2217,2,1,-11.786916,0.6,15,0.6,0,26
2218,2,1,-14.286526,0.64,16,0.64,0,26
2219,0,-1,-18.201405,0.6,15,0.6,0,26
2220,1,0,0.0,0.6,15,0.6,0,26
2221,1,0,0.0,0.6,15,0.6,0,26
2222,2,1,13.485255,0.64,16,0.64,0,26
2223,2,1,7.8539844,0.68,17,0.68,0,26
2224,0,-1,17.735935,0.64,16,0.64,0,26
2225,2,1,5.825029,0.68,17,0.68,0,26
2226,0,-1,17.735939,0.64,16,0.64,0,26
2227,2,1,5.7215962,0.68,17,0.68,0,26
2228,2,1,-1.3246624,0.72,18,0.72,0,26
2229,2,1,2.3900242,0.76,19,0.76,0,26
2230,2,1,-20.52999,0.8,20,0.8,0,26
2231,0,-1,41.986008,0.76,19,0.76,0,26
2232,2,1,-100.0,0.0,0,0.0,0,26
2233,0,-1,-0.0,0.16,4,0.16,0,27
2234,2,1,28.364332,0.2,5,0.2,0,27
2235,0,-1,-28.364332,0.16,4,0.16,0,27
2236,1,0,0.0,0.16,4,0.16,0,27
2237,2,1,-4.1406527,0.2,5,0.2,0,27
2238,1,0,0.0,0.2,5,0.2,0,27
2239,0,-1,4.1406527,0.16,4,0.16,0,27
2240,0,-1,-0.0,0.16,4,0.16,0,27
2241,2,1,-4.1407347,0.2,5,0.2,0,27
2242,2,1,28.208652,0.24,6,0.24,0,27
2243,2,1,27.98924,0.28,7,0.28,0,27
2244,2,1,26.436209,0.32,8,0.32,0,27
2245,2,1,26.008978,0.36,9,0.36,0,27
2246,1,0,0.0,0.36,9,0.36,0,27
2247,2,1,-5.8295894,0.4,10,0.4,0,27
2248,2,1,21.976542,0.44,11,0.44,0,27
2249,2,1,-7.391891,0.48,12,0.48,0,27
2250,2,1,21.154152,0.52,13,0.52,0,27
2251,2,1,-9.921343,0.56,14,0.56,0,27
2252,2,1,-11.786915,0.6,15,0.6,0,27
2253,1,0,0.0,0.6,15,0.6,0,27
2254,1,0,0.0,0.6,15,0.6,0,27
2255,0,-1,-0.0,0.6,15,0.6,0,27
2256,0,-1,-0.0,0.6,15,0.6,0,27
2257,0,-1,11.786915,0.56,14,0.56,0,27
2258,2,1,16.470173,0.6,15,0.6,0,27
2259,1,0,0.0,0.6,15,0.6,0,27
2260,2,1,-14.286527,0.64,16,0.64,0,27
2261,0,-1,-14.21083,0.6,15,0.6,0,27
2262,1,0,0.0,0.6,15,0.6,0,27
2263,2,1,13.485255,0.64,16,0.64,0,27
2264,2,1,7.8539844,0.68,17,0.68,0,27
2265,2,1,-22.675665,0.72,18,0.72,1,27
2266,1,0,0.0,0.72,18,0.72,0,27
2267,1,0,0.0,0.72,18,0.72,0,27
2268,0,-1,22.675667,0.68,17,0.68,0,27
2269,2,1,4.664171,0.72,18,0.72,0,27
2270,1,0,0.0,0.72,18,0.72,0,27
2271,2,1,-20.54932,0.76,19,0.76,0,27
2272,2,1,-16.002316,0.8,20,0.8,0,27
2273,1,0,0.0,0.8,20,0.8,0,27
2274,2,1,-33.159286,0.84,21,0.84,0,27
2275,2,1,-80.99971,0.88,22,0.88,0,27
2276,0,-1,104.457,0.84,21,0.84,0,27
2277,1,0,0.0,0.84,21,0.84,0,27
2278,0,-1,57.986267,0.8,20,0.8,0,27
2279,1,0,0.0,0.8,20,0.8,0,27
2280,1,0,0.0,0.8,20,0.8,0,27
2281,2,1,-41.41176,0.84,21,0.84,0,27
2282,0,-1,40.351513,0.8,20,0.8,0,27
2283,2,1,-36.22535,0.84,21,0.84,0,27
2284,1,0,0.0,0.84,21,0.84,0,27
2285,1,0,0.0,0.84,21,0.84,0,27
2286,1,0,0.0,0.84,21,0.84,0,27
2287,0,-1,36.22535,0.8,20,0.8,0,27
2288,0,-1,-0.0,0.8,20,0.8,0,27
2289,2,1,-100.0,0.0,0,0.0,0,27
2290,0,-1,-0.0,0.16,4,0.16,0,28
2291,2,1,28.346605,0.2,5,0.2,0,28
2292,2,1,-4.278605,0.24,6,0.24,0,28
2293,2,1,27.98924,0.28,7,0.28,0,28
2294,1,0,0.0,0.28,7,0.28,0,28
2295,0,-1,-27.98924,0.24,6,0.24,0,28
2296,1,0,0.0,0.24,6,0.24,0,28
2297,1,0,0.0,0.24,6,0.24,0,28
2298,2,1,-4.516251,0.28,7,0.28,0,28
2299,0,-1,-27.971514,0.24,6,0.24,0,28
2300,2,1,-4.51638,0.28,7,0.28,0,28
2301,0,-1,-0.0,0.28,7,0.28,0,28
2302,0,-1,-0.0,0.28,7,0.28,0,28
2303,1,0,0.0,0.28,7,0.28,0,28
2304,1,0,0.0,0.28,7,0.28,0,28
2305,2,1,-4.8479395,0.32,8,0.32,0,28
2306,0,-1,4.847933,0.28,7,0.28,0,28
2307,0,-1,4.516251,0.24,6,0.24,0,28
2308,1,0,0.0,0.24,6,0.24,0,28
2309,2,1,-4.5164127,0.28,7,0.28,0,28
2310,0,-1,-0.0,0.28,7,0.28,0,28
2311,2,1,27.657686,0.32,8,0.32,0,28
2312,1,0,0.0,0.32,8,0.32,0,28
2313,0,-1,-0.0,0.32,8,0.32,0,28
2314,0,-1,4.8479652,0.28,7,0.28,0,28
2315,1,0,0.0,0.28,7,0.28,0,28
2316,2,1,27.639961,0.32,8,0.32,0,28
2317,1,0,0.0,0.32,8,0.32,0,28
2318,0,-1,-27.639961,0.28,7,0.28,0,28
2319,0,-1,-27.98924,0.24,6,0.24,0,28
2320,2,1,27.98924,0.28,7,0.28,0,28
2321,2,1,23.19499,0.32,8,0.32,0,28
2322,2,1,27.207449,0.36,9,0.36,0,28
2323,0,-1,5.2804523,0.32,8,0.32,0,28
2324,0,-1,-27.639961,0.28,7,0.28,0,28
2325,2,1,21.292372,0.32,8,0.32,0,28
2326,2,1,18.94795,0.36,9,0.36,0,28
2327,2,1,-5.8295965,0.4,10,0.4,0,28
2328,0,-1,-0.0,0.4,10,0.4,0,28
2329,1,0,0.0,0.4,10,0.4,0,28
2330,2,1,-6.520809,0.44,11,0.44,0,28
2331,1,0,0.0,0.44,11,0.44,0,28
2332,1,0,0.0,0.44,11,0.44,0,28
2333,0,-1,-0.0,0.44,11,0.44,0,28
2334,1,0,0.0,0.44,11,0.44,0,28
2335,1,0,0.0,0.44,11,0.44,0,28
2336,2,1,-7.391896,0.48,12,0.48,0,28
2337,0,-1,-0.0,0.48,12,0.48,0,28
2338,1,0,0.0,0.48,12,0.48,0,28
2339,0,-1,-0.0,0.48,12,0.48,0,28
2340,1,0,0.0,0.48,12,0.48,0,28
2341,1,0,0.0,0.48,12,0.48,0,28
2342,1,0,0.0,0.48,12,0.48,0,28
2343,1,0,0.0,0.48,12,0.48,0,28
2344,1,0,0.0,0.48,12,0.48,0,28
2345,1,0,0.0,0.48,12,0.48,0,28
2346,1,0,0.0,0.48,12,0.48,0,28
2347,1,0,0.0,0.48,12,0.48,0,28
2348,0,-1,-0.0,0.48,12,0.48,0,28
2349,2,1,-8.498313,0.52,13,0.52,0,28
2350,0,-1,-15.730122,0.48,12,0.48,0,28
2351,2,1,15.730122,0.52,13,0.52,0,28
2352,0,-1,-15.730122,0.48,12,0.48,0,28
2353,0,-1,-0.0,0.48,12,0.48,0,28
2354,0,-1,7.3918962,0.44,11,0.44,0,28
2355,0,-1,-0.0,0.44,11,0.44,0,28
2356,0,-1,-0.0,0.44,11,0.44,0,28
2357,1,0,0.0,0.44,11,0.44,0,28
2358,2,1,16.819864,0.48,12,0.48,0,28
2359,0,-1,-0.0,0.48,12,0.48,0,28
2360,2,1,15.730122,0.52,13,0.52,0,28
2361,1,0,0.0,0.52,13,0.52,0,28
2362,0,-1,-0.0,0.52,13,0.52,0,28
2363,0,-1,8.498313,0.48,12,0.48,0,28
2364,1,0,0.0,0.48,12,0.48,0,28
2365,0,-1,-0.0,0.48,12,0.48,0,28
2366,0,-1,7.39189,0.44,11,0.44,0,28
2367,1,0,0.0,0.44,11,0.44,0,28
2368,2,1,-7.3917294,0.48,12,0.48,0,28
2369,1,0,0.0,0.48,12,0.48,0,28
2370,1,0,0.0,0.48,12,0.48,0,28
2371,1,0,0.0,0.48,12,0.48,0,28
2372,0,-1,-16.819864,0.44,11,0.44,0,28
2373,0,-1,6.520784,0.4,10,0.4,0,28
2374,1,0,0.0,0.4,10,0.4,0,28
2375,1,0,0.0,0.4,10,0.4,0,28
2376,0,-1,5.829461,0.36,9,0.36,0,28
2377,0,-1,-0.0,0.36,9,0.36,0,28
2378,1,0,0.0,0.36,9,0.36,0,28
2379,1,0,0.0,0.36,9,0.36,0,28
2380,0,-1,5.27981,0.32,8,0.32,0,28
2381,2,1,26.008978,0.36,9,0.36,0,28
2382,0,-1,-0.0,0.36,9,0.36,0,28
2383,1,0,0.0,0.36,9,0.36,0,28
2384,2,1,23.822836,0.4,10,0.4,0,28
2385,1,0,0.0,0.4,10,0.4,0,28
2386,2,1,-6.5201416,0.44,11,0.44,0,28
2387,0,-1,-0.0,0.44,11,0.44,0,28
2388,0,-1,-0.0,0.44,11,0.44,0,28
2389,0,-1,-0.0,0.44,11,0.44,0,28
2390,2,1,19.941977,0.48,12,0.48,0,28
2391,2,1,15.713448,0.52,13,0.52,0,28
2392,1,0,0.0,0.52,13,0.52,0,28
2393,1,0,0.0,0.52,13,0.52,0,28
2394,2,1,22.565916,0.56,14,0.56,0,28
2395,2,1,13.58435,0.6,15,0.6,0,28
2396,1,0,0.0,0.6,15,0.6,0,28
2397,2,1,13.485255,0.64,16,0.64,0,28
2398,0,-1,-9.941907,0.6,15,0.6,0,28
2399,0,-1,-20.701015,0.56,14,0.56,0,28
2400,0,-1,9.921343,0.52,13,0.52,0,28
2401,2,1,13.426224,0.56,14,0.56,0,28
2402,2,1,9.509608,0.6,15,0.6,0,28
2403,0,-1,-0.0,0.6,15,0.6,0,28
2404,1,0,0.0,0.6,15,0.6,0,28
2405,2,1,11.499808,0.64,16,0.64,0,28
2406,1,0,0.0,0.64,16,0.64,0,28
2407,0,-1,-11.499808,0.6,15,0.6,0,28
2408,1,0,0.0,0.6,15,0.6,0,28
2409,2,1,6.953753,0.64,16,0.64,0,28
2410,2,1,8.050396,0.68,17,0.68,0,28
2411,2,1,-100.0,0.0,0,0.0,0,28
2412,1,0,0.0,0.16,4,0.16,0,29
2413,2,1,28.346605,0.2,5,0.2,0,29
2414,0,-1,-28.346605,0.16,4,0.16,0,29
2415,2,1,28.364332,0.2,5,0.2,0,29
2416,0,-1,-28.364332,0.16,4,0.16,0,29
2417,2,1,28.364332,0.2,5,0.2,0,29
2418,2,1,27.010183,0.24,6,0.24,0,29
2419,2,1,27.971514,0.28,7,0.28,0,29
2420,2,1,23.409119,0.32,8,0.32,0,29
2421,2,1,26.003696,0.36,9,0.36,0,29
2422,2,1,22.66773,0.4,10,0.4,0,29
2423,2,1,-6.5201416,0.44,11,0.44,0,29
2424,0,-1,6.5201416,0.4,10,0.4,0,29
2425,2,1,-6.5202236,0.44,11,0.44,0,29
2426,0,-1,-24.768646,0.4,10,0.4,0,29
2427,1,0,0.0,0.4,10,0.4,0,29
2428,0,-1,5.829036,0.36,9,0.36,0,29
2429,0,-1,-0.0,0.36,9,0.36,0,29
2430,2,1,20.104105,0.4,10,0.4,0,29
2431,2,1,19.483187,0.44,11,0.44,0,29
2432,2,1,16.821556,0.48,12,0.48,0,29
2433,2,1,21.152006,0.52,13,0.52,0,29
2434,0,-1,-17.43542,0.48,12,0.48,0,29
2435,2,1,19.2725,0.52,13,0.52,0,29
2436,1,0,0.0,0.52,13,0.52,0,29
2437,2,1,17.410637,0.56,14,0.56,0,29
2438,2,1,13.998958,0.6,15,0.6,0,29
2439,1,0,0.0,0.6,15,0.6,0,29
2440,2,1,17.002935,0.64,16,0.64,0,29
2441,0,-1,-0.0,0.64,16,0.64,0,29
2442,0,-1,-0.0,0.64,16,0.64,0,29
2443,2,1,11.916524,0.68,17,0.68,0,29
2444,2,1,5.36713,0.72,18,0.72,0,29
2445,1,0,0.0,0.72,18,0.72,0,29
2446,2,1,-2.326125,0.76,19,0.76,0,29
2447,0,-1,1.6005503,0.72,18,0.72,0,29
2448,0,-1,-0.0,0.72,18,0.72,0,29
2449,0,-1,-5.36713,0.68,17,0.68,1,29
2450,1,0,0.0,0.68,17,0.68,0,29
2451,0,-1,-0.0,0.68,17,0.68,0,29
2452,2,1,1.0719825,0.72,18,0.72,0,29
2453,2,1,-8.914803,0.76,19,0.76,0,29
2454,1,0,0.0,0.76,19,0.76,0,29
2455,0,-1,-0.0,0.76,19,0.76,0,29
2456,2,1,-20.294926,0.8,20,0.8,0,29
2457,2,1,-39.150063,0.84,21,0.84,0,29
2458,2,1,-100.0,0.0,0,0.0,0,29
2459,2,1,28.346605,0.2,5,0.2,0,30
2460,1,0,0.0,0.2,5,0.2,0,30
2461,2,1,-4.278605,0.24,6,0.24,0,30
2462,0,-1,4.278605,0.2,5,0.2,0,30
2463,0,-1,-28.346605,0.16,4,0.16,0,30
2464,2,1,-4.1406527,0.2,5,0.2,0,30
2465,2,1,28.22638,0.24,6,0.24,0,30
2466,0,-1,4.278605,0.2,5,0.2,0,30
2467,2,1,28.208652,0.24,6,0.24,0,30
2468,1,0,0.0,0.24,6,0.24,0,30
2469,0,-1,-28.22638,0.2,5,0.2,0,30
2470,1,0,0.0,0.2,5,0.2,0,30
2471,1,0,0.0,0.2,5,0.2,0,30
2472,2,1,23.97781,0.24,6,0.24,0,30
2473,2,1,22.044888,0.28,7,0.28,0,30
2474,2,1,-4.847297,0.32,8,0.32,0,30
2475,2,1,27.225174,0.36,9,0.36,0,30
2476,1,0,0.0,0.36,9,0.36,0,30
2477,1,0,0.0,0.36,9,0.36,0,30
2478,0,-1,5.27981,0.32,8,0.32,0,30
2479,1,0,0.0,0.32,8,0.32,0,30
2480,1,0,0.0,0.32,8,0.32,0,30
2481,0,-1,-21.713335,0.28,7,0.28,0,30
2482,0,-1,-27.98924,0.24,6,0.24,0,30
2483,0,-1,-0.0,0.24,6,0.24,0,30
2484,1,0,0.0,0.24,6,0.24,0,30
2485,2,1,-4.515826,0.28,7,0.28,0,30
2486,2,1,21.713335,0.32,8,0.32,0,30
2487,0,-1,-21.713335,0.28,7,0.28,0,30
2488,2,1,21.156033,0.32,8,0.32,0,30
2489,0,-1,-0.0,0.32,8,0.32,0,30
2490,0,-1,-0.0,0.32,8,0.32,0,30
2491,1,0,0.0,0.32,8,0.32,0,30
2492,2,1,27.225174,0.36,9,0.36,0,30
2493,0,-1,-27.225174,0.32,8,0.32,0,30
2494,2,1,21.280823,0.36,9,0.36,0,30
2495,2,1,19.43815,0.4,10,0.4,0,30
2496,1,0,0.0,0.4,10,0.4,0,30
2497,2,1,24.763365,0.44,11,0.44,0,30
2498,1,0,0.0,0.44,11,0.44,0,30
2499,2,1,-7.3917303,0.48,12,0.48,0,30
2500,2,1,15.030403,0.52,13,0.52,0,30
2501,1,0,0.0,0.52,13,0.52,0,30
2502,0,-1,-0.0,0.52,13,0.52,0,30
2503,0,-1,-15.030403,0.48,12,0.48,0,30
2504,1,0,0.0,0.48,12,0.48,0,30
2505,0,-1,-17.875881,0.44,11,0.44,0,30
2506,2,1,16.846882,0.48,12,0.48,0,30
2507,0,-1,-16.846882,0.44,11,0.44,0,30
2508,2,1,16.821556,0.48,12,0.48,0,30
2509,2,1,15.740465,0.52,13,0.52,0,30
2510,1,0,0.0,0.52,13,0.52,0,30
2511,1,0,0.0,0.52,13,0.52,0,30
2512,2,1,22.583641,0.56,14,0.56,0,30
2513,1,0,0.0,0.56,14,0.56,0,30
2514,0,-1,-14.291435,0.52,13,0.52,0,30
2515,0,-1,-0.0,0.52,13,0.52,0,30
2516,2,1,19.728302,0.56,14,0.56,0,30
2517,0,-1,-0.0,0.56,14,0.56,0,30
2518,0,-1,-14.316762,0.52,13,0.52,0,30
2519,0,-1,-17.50569,0.48,12,0.48,0,30
2520,0,-1,-19.169409,0.44,11,0.44,0,30
2521,2,1,21.105461,0.48,12,0.48,0,30
2522,0,-1,-20.865192,0.44,11,0.44,0,30
2523,0,-1,-25.984842,0.4,10,0.4,0,30
2524,0,-1,-0.0,0.4,10,0.4,0,30
2525,2,1,20.242096,0.44,11,0.44,0,30
2526,2,1,25.113762,0.48,12,0.48,0,30
2527,2,1,22.79115,0.52,13,0.52,0,30
2528,1,0,0.0,0.52,13,0.52,0,30
2529,1,0,0.0,0.52,13,0.52,0,30
2530,0,-1,8.498147,0.48,12,0.48,0,30
2531,2,1,21.154152,0.52,13,0.52,0,30
2532,0,-1,-0.0,0.52,13,0.52,0,30
2533,0,-1,-0.0,0.52,13,0.52,0,30
2534,2,1,17.411856,0.56,14,0.56,0,30
2535,2,1,14.146816,0.6,15,0.6,0,30
2536,0,-1,-15.546957,0.56,14,0.56,0,30
2537,0,-1,-0.0,0.56,14,0.56,0,30
2538,2,1,15.984867,0.6,15,0.6,0,30
2539,0,-1,-0.0,0.6,15,0.6,0,30
2540,0,-1,-0.0,0.6,15,0.6,0,30
2541,0,-1,-0.0,0.6,15,0.6,0,30
2542,0,-1,-14.975996,0.56,14,0.56,0,30
2543,1,0,0.0,0.56,14,0.56,0,30
2544,1,0,0.0,0.56,14,0.56,0,30
2545,2,1,15.983896,0.6,15,0.6,0,30
2546,2,1,9.807103,0.64,16,0.64,0,30
2547,2,1,7.853472,0.68,17,0.68,0,30
2548,2,1,3.110505,0.72,18,0.72,0,30
2549,2,1,-1.8408189,0.76,19,0.76,0,30
2550,0,-1,-0.0,0.76,19,0.76,0,30
2551,2,1,-14.653355,0.8,20,0.8,0,30
2552,0,-1,17.892378,0.76,19,0.76,0,30
2553,0,-1,1.8408189,0.72,18,0.72,0,30
2554,0,-1,-0.0,0.72,18,0.72,0,30
2555,0,-1,-0.0,0.72,18,0.72,0,30
2556,2,1,-6.640635,0.76,19,0.76,0,30
2557,0,-1,-0.0,0.76,19,0.76,0,30
2558,0,-1,30.097317,0.72,18,0.72,0,30
2559,0,-1,-0.0,0.72,18,0.72,0,30
2560,0,-1,-0.0,0.72,18,0.72,0,30
2561,2,1,-6.5426507,0.76,19,0.76,0,30
2562,2,1,-18.326857,0.8,20,0.8,0,30
2563,1,0,0.0,0.8,20,0.8,0,30
2564,1,0,0.0,0.8,20,0.8,0,30
2565,2,1,-41.49847,0.84,21,0.84,0,30
2566,0,-1,-0.0,0.84,21,0.84,0,30
2567,0,-1,-0.0,0.84,21,0.84,0,30
2568,0,-1,-0.0,0.84,21,0.84,0,30
2569,2,1,-80.70439,0.88,22,0.88,0,30
2570,2,1,-187.25992,0.92,23,0.92,0,30
2571,1,0,0.0,0.92,23,0.92,0,30
2572,2,1,-100.0,0.0,0,0.0,0,30
2573,1,0,0.0,0.16,4,0.16,0,31
2574,1,0,0.0,0.16,4,0.16,0,31
2575,1,0,0.0,0.16,4,0.16,0,31
2576,2,1,28.346605,0.2,5,0.2,0,31
2577,1,0,0.0,0.2,5,0.2,0,31
2578,2,1,27.0049,0.24,6,0.24,0,31
2579,2,1,25.133902,0.28,7,0.28,0,31
2580,2,1,27.657686,0.32,8,0.32,0,31
2581,1,0,0.0,0.32,8,0.32,0,31
2582,0,-1,-24.80235,0.28,7,0.28,0,31
2583,2,1,26.441492,0.32,8,0.32,0,31
2584,1,0,0.0,0.32,8,0.32,0,31
2585,0,-1,-26.441492,0.28,7,0.28,0,31
2586,0,-1,-27.98924,0.24,6,0.24,1,31
2587,2,1,25.09008,0.28,7,0.28,0,31
2588,1,0,0.0,0.28,7,0.28,0,31
2589,2,1,22.88323,0.32,8,0.32,0,31
2590,2,1,20.467636,0.36,9,0.36,0,31
2591,0,-1,-0.0,0.36,9,0.36,0,31
2592,0,-1,-0.0,0.36,9,0.36,0,31
2593,0,-1,-0.0,0.36,9,0.36,0,31
2594,2,1,17.885874,0.4,10,0.4,0,31
2595,2,1,21.812103,0.44,11,0.44,0,31
2596,1,0,0.0,0.44,11,0.44,0,31
2597,2,1,14.260687,0.48,12,0.48,0,31
2598,2,1,13.160829,0.52,13,0.52,0,31
2599,0,-1,-0.0,0.52,13,0.52,0,31
2600,2,1,18.493294,0.56,14,0.56,0,31
2601,0,-1,-11.730566,0.52,13,0.52,0,31
2602,0,-1,-19.834606,0.48,12,0.48,0,31
2603,1,0,0.0,0.48,12,0.48,0,31
2604,2,1,-100.0,0.0,0,0.0,0,31
2605,2,1,28.364332,0.2,5,0.2,0,32
2606,2,1,28.208652,0.24,6,0.24,0,32
2607,2,1,23.526543,0.28,7,0.28,0,32
2608,2,1,26.436209,0.32,8,0.32,0,32
2609,0,-1,-26.436209,0.28,7,0.28,0,32
2610,0,-1,-27.971514,0.24,6,0.24,0,32
2611,2,1,22.092632,0.28,7,0.28,0,32
2612,2,1,20.415876,0.32,8,0.32,0,32
2613,2,1,18.246635,0.36,9,0.36,0,32
2614,2,1,-5.828954,0.4,10,0.4,0,32
2615,0,-1,-17.69749,0.36,9,0.36,0,32
2616,0,-1,5.27981,0.32,8,0.32,0,32
2617,1,0,0.0,0.32,8,0.32,0,32
2618,0,-1,-20.415876,0.28,7,0.28,0,32
2619,0,-1,-22.092632,0.24,6,0.24,0,32
2620,1,0,0.0,0.24,6,0.24,0,32
2621,2,1,26.773045,0.28,7,0.28,0,32
2622,2,1,21.76108,0.32,8,0.32,0,32
2623,2,1,27.207449,0.36,9,0.36,0,32
2624,0,-1,-27.207449,0.32,8,0.32,0,32
2625,2,1,24.37198,0.36,9,0.36,0,32
2626,1,0,0.0,0.36,9,0.36,0,32
2627,0,-1,-0.0,0.36,9,0.36,0,32
2628,0,-1,-0.0,0.36,9,0.36,0,32
2629,0,-1,-21.328568,0.32,8,0.32,0,32
2630,1,0,0.0,0.32,8,0.32,0,32
2631,2,1,23.22081,0.36,9,0.36,0,32
2632,2,1,-5.829036,0.4,10,0.4,0,32
2633,2,1,-6.5207767,0.44,11,0.44,0,32
2634,2,1,19.372663,0.48,12,0.48,0,32
2635,1,0,0.0,0.48,12,0.48,0,32
2636,2,1,-8.498307,0.52,13,0.52,0,32
2637,0,-1,8.498307,0.48,12,0.48,0,32
2638,1,0,0.0,0.48,12,0.48,0,32
2639,1,0,0.0,0.48,12,0.48,0,32
2640,1,0,0.0,0.48,12,0.48,0,32
2641,1,0,0.0,0.48,12,0.48,0,32
2642,2,1,16.342228,0.52,13,0.52,0,32
2643,1,0,0.0,0.52,13,0.52,0,32
2644,2,1,14.583568,0.56,14,0.56,0,32
2645,0,-1,9.921978,0.52,13,0.52,0,32
2646,2,1,22.565916,0.56,14,0.56,0,32
2647,2,1,15.984867,0.6,15,0.6,0,32
2648,1,0,0.0,0.6,15,0.6,0,32
2649,0,-1,-20.701015,0.56,14,0.56,0,32
2650,2,1,13.99942,0.6,15,0.6,0,32
2651,0,-1,11.7863245,0.56,14,0.56,0,32
2652,2,1,11.048281,0.6,15,0.6,0,32
2653,1,0,0.0,0.6,15,0.6,0,32
2654,2,1,11.303396,0.64,16,0.64,0,32
2655,1,0,0.0,0.64,16,0.64,0,32
2656,1,0,0.0,0.64,16,0.64,0,32
2657,2,1,5.9232125,0.68,17,0.68,0,32
2658,2,1,-1.0724764,0.72,18,0.72,0,32
2659,0,-1,-0.0,0.72,18,0.72,0,32
2660,1,0,0.0,0.72,18,0.72,0,32
2661,2,1,2.3900242,0.76,19,0.76,0,32
2662,0,-1,5.592324,0.72,18,0.72,0,32
2663,2,1,-100.0,0.0,0,0.0,0,32
2664,2,1,-4.1406527,0.2,5,0.2,0,33
2665,0,-1,4.1406527,0.16,4,0.16,0,33
2666,2,1,28.364332,0.2,5,0.2,0,33
2667,1,0,0.0,0.2,5,0.2,0,33
2668,2,1,-4.278687,0.24,6,0.24,0,33
2669,2,1,-4.51638,0.28,7,0.28,0,33
2670,2,1,-4.8479652,0.32,8,0.32,0,33
2671,1,0,0.0,0.32,8,0.32,0,33
2672,2,1,27.207449,0.36,9,0.36,0,33
2673,1,0,0.0,0.36,9,0.36,0,33
2674,1,0,0.0,0.36,9,0.36,0,33
2675,1,0,0.0,0.36,9,0.36,0,33
2676,1,0,0.0,0.36,9,0.36,0,33
2677,2,1,-5.829462,0.4,10,0.4,0,33
2678,1,0,0.0,0.4,10,0.4,0,33
2679,0,-1,5.829462,0.36,9,0.36,0,33
2680,0,-1,-0.0,0.36,9,0.36,0,33
2681,1,0,0.0,0.36,9,0.36,0,33
2682,0,-1,5.2804785,0.32,8,0.32,0,33
2683,2,1,-5.2804785,0.36,9,0.36,0,33
2684,0,-1,-0.0,0.36,9,0.36,0,33
2685,2,1,-5.829627,0.4,10,0.4,0,33
2686,2,1,21.736273,0.44,11,0.44,0,33
2687,1,0,0.0,0.44,11,0.44,0,33
2688,0,-1,-0.0,0.44,11,0.44,0,33
2689,2,1,-7.3912225,0.48,12,0.48,0,33
2690,0,-1,-0.0,0.48,12,0.48,0,33
2691,2,1,22.79115,0.52,13,0.52,0,33
2692,1,0,0.0,0.52,13,0.52,0,33
2693,0,-1,-22.79115,0.48,12,0.48,0,33
2694,1,0,0.0,0.48,12,0.48,0,33
2695,1,0,0.0,0.48,12,0.48,0,33
2696,2,1,22.79115,0.52,13,0.52,0,33
2697,2,1,18.579277,0.56,14,0.56,0,33
2698,2,1,17.86555,0.6,15,0.6,0,33
2699,1,0,0.0,0.6,15,0.6,0,33
2700,0,-1,-16.470173,0.56,14,0.56,0,33
2701,0,-1,-18.579277,0.52,13,0.52,0,33
2702,1,0,0.0,0.52,13,0.52,0,33
2703,2,1,-9.922016,0.56,14,0.56,0,33
2704,2,1,16.470173,0.6,15,0.6,0,33
2705,1,0,0.0,0.6,15,0.6,0,33
2706,2,1,-14.286528,0.64,16,0.64,0,33
2707,0,-1,14.286528,0.6,15,0.6,0,33
2708,0,-1,11.7862425,0.56,14,0.56,0,33
2709,1,0,0.0,0.56,14,0.56,0,33
2710,2,1,14.217087,0.6,15,0.6,0,33
2711,0,-1,11.786916,0.56,14,0.56,0,33
2712,1,0,0.0,0.56,14,0.56,0,33
2713,0,-1,-0.0,0.56,14,0.56,0,33
2714,0,-1,-0.0,0.56,14,0.56,0,33
2715,1,0,0.0,0.56,14,0.56,0,33
2716,2,1,-11.786916,0.6,15,0.6,0,33
2717,1,0,0.0,0.6,15,0.6,0,33
2718,1,0,0.0,0.6,15,0.6,0,33
2719,1,0,0.0,0.6,15,0.6,0,33
2720,2,1,14.2147665,0.64,16,0.64,0,33
2721,0,-1,-0.0,0.64,16,0.64,0,33
2722,2,1,13.54824,0.68,17,0.68,0,33
2723,2,1,-22.675825,0.72,18,0.72,0,33
2724,2,1,-30.097908,0.76,19,0.76,0,33
2725,1,0,0.0,0.76,19,0.76,0,33
2726,1,0,0.0,0.76,19,0.76,0,33
2727,0,-1,-0.0,0.76,19,0.76,0,33
2728,1,0,0.0,0.76,19,0.76,0,33
2729,0,-1,-1.1862713,0.72,18,0.72,0,33
2730,0,-1,-0.0,0.72,18,0.72,0,33
2731,0,-1,22.67583,0.68,17,0.68,0,33
2732,1,0,0.0,0.68,17,0.68,0,33
2733,0,-1,-0.0,0.68,17,0.68,0,33
2734,2,1,5.0959516,0.72,18,0.72,0,33
2735,2,1,1.1862713,0.76,19,0.76,0,33
2736,0,-1,1.5966138,0.72,18,0.72,0,33
2737,0,-1,-0.0,0.72,18,0.72,0,33
2738,2,1,-2.764035,0.76,19,0.76,0,33
2739,0,-1,-0.0,0.76,19,0.76,0,33
2740,1,0,0.0,0.76,19,0.76,0,33
2741,1,0,0.0,0.76,19,0.76,0,33
2742,0,-1,30.097908,0.72,18,0.72,0,33
2743,1,0,0.0,0.72,18,0.72,0,33
2744,2,1,-0.44758847,0.76,19,0.76,0,33
2745,2,1,-14.653355,0.8,20,0.8,0,33
2746,2,1,-37.43292,0.84,21,0.84,0,33
2747,0,-1,36.800182,0.8,20,0.8,0,33
2748,2,1,-37.680424,0.84,21,0.84,0,33
2749,2,1,-75.9557,0.88,22,0.88,0,33
2750,0,-1,75.9557,0.84,21,0.84,0,33
2751,1,0,0.0,0.84,21,0.84,0,33
2752,1,0,0.0,0.84,21,0.84,1,33
2753,1,0,0.0,0.84,21,0.84,0,33
2754,2,1,-81.35472,0.88,22,0.88,0,33
2755,1,0,0.0,0.88,22,0.88,0,33
2756,0,-1,88.465195,0.84,21,0.84,0,33
2757,2,1,-83.46649,0.88,22,0.88,0,33
2758,1,0,0.0,0.88,22,0.88,0,33
2759,2,1,-187.55649,0.92,23,0.92,0,33
2760,0,-1,187.55649,0.88,22,0.88,0,33
2761,0,-1,98.25887,0.84,21,0.84,0,33
2762,2,1,-100.0,0.0,0,0.0,0,33
2763,2,1,28.364332,0.2,5,0.2,0,34
2764,2,1,28.208652,0.24,6,0.24,0,34
2765,2,1,26.767761,0.28,7,0.28,0,34
2766,2,1,23.649387,0.32,8,0.32,0,34
2767,2,1,21.482428,0.36,9,0.36,0,34
2768,2,1,22.427462,0.4,10,0.4,0,34
2769,1,0,0.0,0.4,10,0.4,0,34
2770,2,1,18.318966,0.44,11,0.44,0,34
2771,0,-1,-21.736273,0.4,10,0.4,0,34
2772,1,0,0.0,0.4,10,0.4,0,34
2773,2,1,24.768646,0.44,11,0.44,0,34
2774,1,0,0.0,0.44,11,0.44,0,34
2775,1,0,0.0,0.44,11,0.44,0,34
2776,1,0,0.0,0.44,11,0.44,0,34
2777,1,0,0.0,0.44,11,0.44,0,34
2778,2,1,15.28944,0.48,12,0.48,0,34
2779,2,1,12.143027,0.52,13,0.52,1,34
2780,0,-1,-0.0,0.52,13,0.52,0,34
2781,0,-1,-0.0,0.52,13,0.52,0,34
2782,2,1,10.637253,0.56,14,0.56,0,34
2783,2,1,16.47416,0.6,15,0.6,0,34
2784,0,-1,-0.0,0.6,15,0.6,0,34
2785,2,1,13.754535,0.64,16,0.64,0,34
2786,2,1,11.917258,0.68,17,0.68,0,34
2787,2,1,6.973134,0.72,18,0.72,0,34
2788,1,0,0.0,0.72,18,0.72,0,34
2789,0,-1,-0.0,0.72,18,0.72,0,34
2790,0,-1,-0.0,0.72,18,0.72,0,34
2791,0,-1,-0.0,0.72,18,0.72,0,34
2792,2,1,-100.0,0.0,0,0.0,0,34
2793,2,1,-4.1407347,0.2,5,0.2,0,35
2794,2,1,28.22638,0.24,6,0.24,0,35
2795,2,1,23.526543,0.28,7,0.28,0,35
2796,2,1,-4.8479323,0.32,8,0.32,0,35
2797,1,0,0.0,0.32,8,0.32,0,35
2798,0,-1,-0.0,0.32,8,0.32,0,35
2799,0,-1,4.8479323,0.28,7,0.28,0,35
2800,2,1,-4.8478045,0.32,8,0.32,0,35
2801,1,0,0.0,0.32,8,0.32,0,35
2802,1,0,0.0,0.32,8,0.32,0,35
2803,0,-1,4.8478045,0.28,7,0.28,0,35
2804,2,1,27.639961,0.32,8,0.32,0,35
2805,1,0,0.0,0.32,8,0.32,0,35
2806,2,1,26.008978,0.36,9,0.36,0,35
2807,0,-1,-22.762478,0.32,8,0.32,0,35
2808,1,0,0.0,0.32,8,0.32,0,35
2809,0,-1,-0.0,0.32,8,0.32,1,35
2810,2,1,23.247845,0.36,9,0.36,0,35
2811,2,1,25.400385,0.4,10,0.4,0,35
2812,0,-1,-22.6987,0.36,9,0.36,0,35
2813,0,-1,-0.0,0.36,9,0.36,0,35
2814,1,0,0.0,0.36,9,0.36,0,35
2815,2,1,11.144787,0.4,10,0.4,0,35
2816,0,-1,-0.0,0.4,10,0.4,0,35
2817,0,-1,-11.144787,0.36,9,0.36,0,35
2818,1,0,0.0,0.36,9,0.36,0,35
2819,0,-1,-0.0,0.36,9,0.36,0,35
2820,0,-1,-16.74275,0.32,8,0.32,0,35
2821,2,1,24.385164,0.36,9,0.36,0,35
2822,1,0,0.0,0.36,9,0.36,0,35
2823,0,-1,-0.0,0.36,9,0.36,0,35
2824,1,0,0.0,0.36,9,0.36,0,35
2825,1,0,0.0,0.36,9,0.36,0,35
2826,1,0,0.0,0.36,9,0.36,0,35
2827,2,1,21.423058,0.4,10,0.4,0,35
2828,2,1,18.373955,0.44,11,0.44,0,35
2829,2,1,16.011187,0.48,12,0.48,0,35
2830,1,0,0.0,0.48,12,0.48,0,35
2831,2,1,12.328833,0.52,13,0.52,0,35
2832,1,0,0.0,0.52,13,0.52,0,35
2833,2,1,15.310407,0.56,14,0.56,0,35
2834,0,-1,-21.307997,0.52,13,0.52,0,35
2835,0,-1,-16.73411,0.48,12,0.48,0,35
2836,2,1,17.280935,0.52,13,0.52,0,35
2837,1,0,0.0,0.52,13,0.52,0,35
2838,2,1,-100.0,0.0,0,0.0,0,35
2839,2,1,-4.1407347,0.2,5,0.2,0,36
2840,2,1,-4.27924,0.24,6,0.24,0,36
2841,2,1,27.971514,0.28,7,0.28,0,36
2842,0,-1,-0.0,0.28,7,0.28,0,36
2843,2,1,23.409119,0.32,8,0.32,0,36
2844,2,1,27.225174,0.36,9,0.36,0,36
2845,0,-1,-22.976604,0.32,8,0.32,0,36
2846,2,1,26.008978,0.36,9,0.36,0,36
2847,2,1,22.213333,0.4,10,0.4,0,36
2848,0,-1,-22.213333,0.36,9,0.36,0,36
2849,1,0,0.0,0.36,9,0.36,0,36
2850,2,1,-5.829462,0.4,10,0.4,0,36
2851,2,1,-6.5208097,0.44,11,0.44,0,36
2852,0,-1,-0.0,0.44,11,0.44,0,36
2853,0,-1,-0.0,0.44,11,0.44,0,36
2854,2,1,22.260569,0.48,12,0.48,0,36
2855,2,1,-8.498307,0.52,13,0.52,0,36
2856,1,0,0.0,0.52,13,0.52,0,36
2857,1,0,0.0,0.52,13,0.52,0,36
2858,0,-1,-0.0,0.52,13,0.52,0,36
2859,2,1,-9.921343,0.56,14,0.56,0,36
2860,0,-1,9.922011,0.52,13,0.52,0,36
2861,2,1,21.362164,0.56,14,0.56,0,36
2862,0,-1,9.92201,0.52,13,0.52,0,36
2863,0,-1,-0.0,0.52,13,0.52,0,36
2864,0,-1,-0.0,0.52,13,0.52,0,36
2865,1,0,0.0,0.52,13,0.52,0,36
2866,2,1,18.335072,0.56,14,0.56,0,36
2867,0,-1,9.921343,0.52,13,0.52,0,36
2868,2,1,18.57534,0.56,14,0.56,0,36
2869,2,1,14.146816,0.6,15,0.6,0,36
2870,2,1,12.476384,0.64,16,0.64,0,36
2871,2,1,5.8193173,0.68,17,0.68,0,36
2872,2,1,1.8288426,0.72,18,0.72,0,36
2873,2,1,-8.792195,0.76,19,0.76,0,36
2874,2,1,-19.472013,0.8,20,0.8,0,36
2875,1,0,0.0,0.8,20,0.8,0,36
2876,0,-1,41.98597,0.76,19,0.76,0,36
2877,2,1,-21.595959,0.8,20,0.8,0,36
2878,0,-1,13.72892,0.76,19,0.76,0,36
2879,2,1,-100.0,0.0,0,0.0,0,36
2880,0,-1,-0.0,0.16,4,0.16,0,37
2881,2,1,28.364332,0.2,5,0.2,0,37
2882,2,1,28.208652,0.24,6,0.24,0,37
2883,2,1,26.767761,0.28,7,0.28,0,37
2884,1,0,0.0,0.28,7,0.28,0,37
2885,2,1,24.80235,0.32,8,0.32,0,37
2886,0,-1,-0.0,0.32,8,0.32,0,37
2887,2,1,-5.279892,0.36,9,0.36,0,37
2888,0,-1,5.279892,0.32,8,0.32,0,37
2889,0,-1,-0.0,0.32,8,0.32,0,37
2890,2,1,22.490328,0.36,9,0.36,0,37
2891,2,1,22.427462,0.4,10,0.4,0,37
2892,2,1,19.068598,0.44,11,0.44,0,37
2893,2,1,19.940758,0.48,12,0.48,0,37
2894,2,1,17.28756,0.52,13,0.52,0,37
2895,2,1,18.57534,0.56,14,0.56,0,37
2896,1,0,0.0,0.56,14,0.56,0,37
2897,0,-1,-0.0,0.56,14,0.56,0,37
2898,1,0,0.0,0.56,14,0.56,0,37
2899,0,-1,-0.0,0.56,14,0.56,0,37
2900,1,0,0.0,0.56,14,0.56,0,37
2901,2,1,11.965466,0.6,15,0.6,0,37
2902,2,1,11.084164,0.64,16,0.64,0,37
2903,2,1,5.4961123,0.68,17,0.68,0,37
2904,0,-1,-10.761417,0.64,16,0.64,0,37
2905,1,0,0.0,0.64,16,0.64,0,37
2906,0,-1,-18.21913,0.6,15,0.6,0,37
2907,1,0,0.0,0.6,15,0.6,0,37
2908,2,1,6.8359103,0.64,16,0.64,0,37
2909,0,-1,-0.0,0.64,16,0.64,0,37
2910,2,1,-100.0,0.0,0,0.0,0,37
2911,2,1,28.346605,0.2,5,0.2,0,38
2912,0,-1,-0.0,0.2,5,0.2,0,38
2913,2,1,27.0049,0.24,6,0.24,0,38
2914,0,-1,-0.0,0.24,6,0.24,0,38
2915,0,-1,-27.0049,0.2,5,0.2,0,38
2916,2,1,28.22638,0.24,6,0.24,0,38
2917,0,-1,-0.0,0.24,6,0.24,0,38
2918,2,1,-4.515744,0.28,7,0.28,0,38
2919,2,1,23.409119,0.32,8,0.32,0,38
2920,2,1,-5.2804523,0.36,9,0.36,0,38
2921,2,1,25.459835,0.4,10,0.4,0,38
2922,0,-1,-0.0,0.4,10,0.4,0,38
2923,1,0,0.0,0.4,10,0.4,0,38
2924,2,1,23.131649,0.44,11,0.44,0,38
2925,0,-1,-0.0,0.44,11,0.44,0,38
2926,1,0,0.0,0.44,11,0.44,0,38
2927,1,0,0.0,0.44,11,0.44,0,38
2928,2,1,20.379887,0.48,12,0.48,0,38
2929,1,0,0.0,0.48,12,0.48,0,38
2930,2,1,18.83556,0.52,13,0.52,0,38
2931,2,1,-9.92185,0.56,14,0.56,0,38
2932,1,0,0.0,0.56,14,0.56,0,38
2933,2,1,13.803008,0.6,15,0.6,0,38
2934,0,-1,-16.470173,0.56,14,0.56,0,38
2935,1,0,0.0,0.56,14,0.56,0,38
2936,0,-1,-0.0,0.56,14,0.56,0,38
2937,2,1,11.67062,0.6,15,0.6,0,38
2938,0,-1,-20.701015,0.56,14,0.56,0,38
2939,2,1,13.337499,0.6,15,0.6,0,38
2940,2,1,18.201405,0.64,16,0.64,0,38
2941,0,-1,-9.171008,0.6,15,0.6,0,38
2942,0,-1,11.786749,0.56,14,0.56,0,38
2943,2,1,11.32206,0.6,15,0.6,0,38
2944,0,-1,-0.0,0.6,15,0.6,0,38
2945,2,1,-14.286361,0.64,16,0.64,0,38
2946,1,0,0.0,0.64,16,0.64,0,38
2947,0,-1,-0.0,0.64,16,0.64,0,38
2948,2,1,13.54824,0.68,17,0.68,0,38
2949,1,0,0.0,0.68,17,0.68,0,38
2950,2,1,0.7817048,0.72,18,0.72,0,38
2951,2,1,-8.746739,0.76,19,0.76,0,38
2952,2,1,-18.42504,0.8,20,0.8,0,38
2953,2,1,-37.01785,0.84,21,0.84,0,38
2954,2,1,-83.39609,0.88,22,0.88,0,38
2955,0,-1,-0.0,0.88,22,0.88,0,38
2956,0,-1,104.45697,0.84,21,0.84,0,38
2957,2,1,-80.797844,0.88,22,0.88,0,38
2958,2,1,-100.0,0.0,0,0.0,0,38
2959,2,1,28.346605,0.2,5,0.2,0,39
2960,0,-1,-28.346605,0.16,4,0.16,0,39
2961,1,0,0.0,0.16,4,0.16,0,39
2962,2,1,28.364332,0.2,5,0.2,0,39
2963,2,1,-4.278605,0.24,6,0.24,0,39
2964,1,0,0.0,0.24,6,0.24,0,39
2965,0,-1,-28.22638,0.2,5,0.2,0,39
2966,0,-1,4.1406527,0.16,4,0.16,0,39
2967,2,1,28.364332,0.2,5,0.2,0,39
2968,0,-1,-0.0,0.2,5,0.2,0,39
2969,0,-1,-0.0,0.2,5,0.2,0,39
2970,2,1,-4.278687,0.24,6,0.24,0,39
2971,1,0,0.0,0.24,6,0.24,0,39
2972,1,0,0.0,0.24,6,0.24,0,39
2973,2,1,27.971514,0.28,7,0.28,0,39
2974,0,-1,-27.98924,0.24,6,0.24,0,39
2975,1,0,0.0,0.24,6,0.24,0,39
2976,2,1,-4.51638,0.28,7,0.28,0,39
2977,1,0,0.0,0.28,7,0.28,0,39
2978,2,1,-4.8478045,0.32,8,0.32,0,39
2979,0,-1,4.8479323,0.28,7,0.28,0,39
2980,1,0,0.0,0.28,7,0.28,0,39
2981,1,0,0.0,0.28,7,0.28,0,39
2982,1,0,0.0,0.28,7,0.28,0,39
2983,2,1,-4.8479323,0.32,8,0.32,0,39
2984,2,1,27.225174,0.36,9,0.36,0,39
2985,2,1,25.454552,0.4,10,0.4,0,39
2986,2,1,21.522146,0.44,11,0.44,0,39
2987,1,0,0.0,0.44,11,0.44,0,39
2988,2,1,-7.391891,0.48,12,0.48,0,39
2989,2,1,-8.49764,0.52,13,0.52,0,39
2990,1,0,0.0,0.52,13,0.52,0,39
2991,2,1,-9.922016,0.56,14,0.56,0,39
2992,0,-1,-18.120945,0.52,13,0.52,0,39
2993,2,1,19.728302,0.56,14,0.56,0,39
2994,2,1,19.502546,0.6,15,0.6,0,39
2995,1,0,0.0,0.6,15,0.6,0,39
2996,1,0,0.0,0.6,15,0.6,0,39
2997,0,-1,-0.0,0.6,15,0.6,0,39
2998,2,1,13.046126,0.64,16,0.64,0,39
2999,1,0,0.0,0.64,16,0.64,0,39
3000,1,0,0.0,0.64,16,0.64,0,39
3001,1,0,0.0,0.64,16,0.64,0,39
3002,0,-1,14.286362,0.6,15,0.6,0,39
3003,0,-1,11.7862425,0.56,14,0.56,0,39
3004,2,1,16.714378,0.6,15,0.6,0,39
3005,1,0,0.0,0.6,15,0.6,0,39
3006,0,-1,11.786915,0.56,14,0.56,0,39
3007,2,1,-11.786915,0.6,15,0.6,0,39
3008,2,1,11.084164,0.64,16,0.64,0,39
3009,2,1,5.4961123,0.68,17,0.68,0,39
3010,2,1,-1.553393,0.72,18,0.72,0,39
3011,2,1,-4.9741464,0.76,19,0.76,0,39
3012,2,1,-20.803816,0.8,20,0.8,0,39
3013,0,-1,-0.0,0.8,20,0.8,0,39
3014,0,-1,-0.0,0.8,20,0.8,0,39
3015,2,1,-100.0,0.0,0,0.0,0,39
3016,2,1,28.364332,0.2,5,0.2,0,40
3017,1,0,0.0,0.2,5,0.2,0,40
3018,0,-1,-0.0,0.2,5,0.2,0,40
3019,2,1,28.208652,0.24,6,0.24,0,40
3020,1,0,0.0,0.24,6,0.24,0,40
3021,2,1,-4.515826,0.28,7,0.28,0,40
3022,2,1,26.436209,0.32,8,0.32,0,40
3023,0,-1,-26.436209,0.28,7,0.28,0,40
3024,0,-1,-27.971514,0.24,6,0.24,0,40
3025,2,1,-4.516252,0.28,7,0.28,0,40
3026,1,0,0.0,0.28,7,0.28,0,40
3027,2,1,26.441492,0.32,8,0.32,0,40
3028,2,1,-5.27981,0.36,9,0.36,0,40
3029,2,1,22.213333,0.4,10,0.4,0,40
3030,0,-1,-22.213333,0.36,9,0.36,0,40
3031,0,-1,-0.0,0.36,9,0.36,0,40
3032,2,1,26.658304,0.4,10,0.4,0,40
3033,1,0,0.0,0.4,10,0.4,0,40
3034,2,1,21.736273,0.44,11,0.44,0,40
3035,2,1,18.612106,0.48,12,0.48,0,40
3036,0,-1,7.3917303,0.44,11,0.44,0,40
3037,1,0,0.0,0.44,11,0.44,0,40
3038,2,1,-7.3917303,0.48,12,0.48,0,40
3039,1,0,0.0,0.48,12,0.48,0,40
3040,2,1,20.002981,0.52,13,0.52,0,40
3041,2,1,-9.92185,0.56,14,0.56,0,40
3042,0,-1,9.92185,0.52,13,0.52,0,40
3043,1,0,0.0,0.52,13,0.52,0,40
3044,2,1,-9.921979,0.56,14,0.56,0,40
3045,1,0,0.0,0.56,14,0.56,0,40
3046,1,0,0.0,0.56,14,0.56,0,40
3047,1,0,0.0,0.56,14,0.56,0,40
3048,1,0,0.0,0.56,14,0.56,0,40
3049,1,0,0.0,0.56,14,0.56,0,40
3050,2,1,17.86555,0.6,15,0.6,0,40
3051,0,-1,-17.86555,0.56,14,0.56,0,40
3052,0,-1,9.921979,0.52,13,0.52,0,40
3053,0,-1,-0.0,0.52,13,0.52,0,40
3054,1,0,0.0,0.52,13,0.52,0,40
3055,2,1,-9.921985,0.56,14,0.56,0,40
3056,2,1,-11.786879,0.6,15,0.6,0,40
3057,1,0,0.0,0.6,15,0.6,0,40
3058,1,0,0.0,0.6,15,0.6,0,40
3059,1,0,0.0,0.6,15,0.6,0,40
3060,1,0,0.0,0.6,15,0.6,0,40
3061,1,0,0.0,0.6,15,0.6,0,40
3062,1,0,0.0,0.6,15,0.6,0,40
3063,2,1,-14.286522,0.64,16,0.64,0,40
3064,1,0,0.0,0.64,16,0.64,0,40
3065,2,1,9.028621,0.68,17,0.68,0,40
3066,0,-1,-0.0,0.68,17,0.68,0,40
3067,0,-1,-0.0,0.68,17,0.68,0,40
3068,2,1,-22.67583,0.72,18,0.72,0,40
3069,1,0,0.0,0.72,18,0.72,0,40
3070,0,-1,22.67583,0.68,17,0.68,0,40
3071,0,-1,-0.0,0.68,17,0.68,0,40
3072,0,-1,-0.0,0.68,17,0.68,0,40
3073,2,1,8.608348,0.72,18,0.72,0,40
3074,1,0,0.0,0.72,18,0.72,0,40
3075,1,0,0.0,0.72,18,0.72,0,40
3076,1,0,0.0,0.72,18,0.72,0,40
3077,1,0,0.0,0.72,18,0.72,0,40
3078,2,1,-5.592324,0.76,19,0.76,0,40
3079,0,-1,-1.1862713,0.72,18,0.72,0,40
3080,0,-1,22.675825,0.68,17,0.68,0,40
3081,1,0,0.0,0.68,17,0.68,1,40
3082,0,-1,-8.247866,0.64,16,0.64,0,40
3083,0,-1,14.28649,0.6,15,0.6,0,40
3084,0,-1,-0.0,0.6,15,0.6,0,40
3085,2,1,6.8908005,0.64,16,0.64,0,40
3086,2,1,13.541554,0.68,17,0.68,0,40
3087,1,0,0.0,0.68,17,0.68,0,40
3088,0,-1,-3.4413881,0.64,16,0.64,0,40
3089,2,1,11.9089575,0.68,17,0.68,0,40
3090,0,-1,-10.537457,0.64,16,0.64,0,40
3091,1,0,0.0,0.64,16,0.64,0,40
3092,0,-1,-10.228146,0.6,15,0.6,0,40
3093,1,0,0.0,0.6,15,0.6,0,40
3094,0,-1,-17.85798,0.56,14,0.56,0,40
3095,2,1,-1.5580117,0.6,15,0.6,0,40
3096,2,1,15.361758,0.64,16,0.64,0,40
3097,2,1,10.299351,0.68,17,0.68,0,40
3098,2,1,5.0769444,0.72,18,0.72,0,40
3099,1,0,0.0,0.72,18,0.72,0,40
3100,2,1,-0.45301083,0.76,19,0.76,0,40
3101,2,1,-16.24043,0.8,20,0.8,0,40
3102,2,1,-35.038277,0.84,21,0.84,0,40
3103,2,1,-77.12607,0.88,22,0.88,0,40
3104,2,1,-184.91261,0.92,23,0.92,0,40
3105,1,0,0.0,0.92,23,0.92,0,40
3106,0,-1,-0.0,0.92,23,0.92,0,40
3107,2,1,-599.48474,0.96,24,0.96,0,40
3108,2,1,26.590885,1.0,25,1.0,0,40
3109,2,1,-1000.0,0.0,0,0.0,0,40
3110,2,1,-4.1406527,0.2,5,0.2,0,41
3111,0,-1,4.1406527,0.16,4,0.16,0,41
3112,0,-1,-0.0,0.16,4,0.16,0,41
3113,0,-1,-0.0,0.16,4,0.16,0,41
3114,2,1,28.364332,0.2,5,0.2,0,41
3115,2,1,28.208652,0.24,6,0.24,0,41
3116,0,-1,-28.22638,0.2,5,0.2,0,41
3117,2,1,-4.278687,0.24,6,0.24,0,41
3118,2,1,27.98924,0.28,7,0.28,0,41
3119,1,0,0.0,0.28,7,0.28,0,41
3120,2,1,23.409119,0.32,8,0.32,0,41
3121,2,1,26.008978,0.36,9,0.36,0,41
3122,0,-1,-22.976604,0.32,8,0.32,0,41
3123,0,-1,-0.0,0.32,8,0.32,0,41
3124,2,1,22.976604,0.36,9,0.36,0,41
3125,1,0,0.0,0.36,9,0.36,0,41
3126,2,1,23.822836,0.4,10,0.4,0,41
3127,1,0,0.0,0.4,10,0.4,0,41
3128,0,-1,-22.427462,0.36,9,0.36,0,41
3129,1,0,0.0,0.36,9,0.36,0,41
3130,2,1,21.504246,0.4,10,0.4,0,41
3131,0,-1,5.829036,0.36,9,0.36,0,41
3132,2,1,-5.829036,0.4,10,0.4,0,41
3133,0,-1,-0.0,0.4,10,0.4,0,41
3134,2,1,21.980478,0.44,11,0.44,0,41
3135,1,0,0.0,0.44,11,0.44,0,41
3136,2,1,-7.391858,0.48,12,0.48,0,41
3137,1,0,0.0,0.48,12,0.48,0,41
3138,1,0,0.0,0.48,12,0.48,0,41
3139,1,0,0.0,0.48,12,0.48,0,41
3140,2,1,-8.49764,0.52,13,0.52,0,41
3141,2,1,-9.921985,0.56,14,0.56,0,41
3142,0,-1,-0.0,0.56,14,0.56,0,41
3143,1,0,0.0,0.56,14,0.56,0,41
3144,1,0,0.0,0.56,14,0.56,0,41
3145,2,1,-11.786911,0.6,15,0.6,0,41
3146,2,1,-14.286527,0.64,16,0.64,0,41
3147,1,0,0.0,0.64,16,0.64,0,41
3148,0,-1,-14.2147665,0.6,15,0.6,0,41
3149,1,0,0.0,0.6,15,0.6,0,41
3150,2,1,16.997652,0.64,16,0.64,0,41
3151,0,-1,-16.997652,0.6,15,0.6,0,41
3152,2,1,14.2147665,0.64,16,0.64,0,41
3153,1,0,0.0,0.64,16,0.64,0,41
3154,1,0,0.0,0.64,16,0.64,0,41
3155,2,1,-17.735939,0.68,17,0.68,0,41
3156,1,0,0.0,0.68,17,0.68,0,41
3157,1,0,0.0,0.68,17,0.68,0,41
3158,2,1,-22.675825,0.72,18,0.72,0,41
3159,2,1,-4.7266426,0.76,19,0.76,0,41
3160,1,0,0.0,0.76,19,0.76,0,41
3161,2,1,-16.861593,0.8,20,0.8,1,41
3162,2,1,-39.820324,0.84,21,0.84,0,41
3163,1,0,0.0,0.84,21,0.84,0,41
3164,1,0,0.0,0.84,21,0.84,0,41
3165,0,-1,62.804184,0.8,20,0.8,0,41
3166,2,1,-39.56993,0.84,21,0.84,0,41
3167,2,1,-83.33071,0.88,22,0.88,0,41
3168,2,1,-189.58755,0.92,23,0.92,0,41
3169,2,1,-604.328,0.96,24,0.96,0,41
3170,0,-1,625.2659,0.92,23,0.92,0,41
3171,1,0,0.0,0.92,23,0.92,0,41
3172,2,1,-606.4244,0.96,24,0.96,0,41
3173,2,1,27.714859,1.0,25,1.0,0,41
3174,0,-1,-1000.0,0.0,0,0.0,0,41
3175,1,0,0.0,0.16,4,0.16,0,42
3176,0,-1,-0.0,0.16,4,0.16,0,42
3177,1,0,0.0,0.16,4,0.16,0,42
3178,0,-1,-0.0,0.16,4,0.16,0,42
3179,2,1,28.364332,0.2,5,0.2,0,42
3180,1,0,0.0,0.2,5,0.2,0,42
3181,1,0,0.0,0.2,5,0.2,0,42
3182,2,1,23.763681,0.24,6,0.24,0,42
3183,2,1,26.773045,0.28,7,0.28,0,42
3184,2,1,-4.847379,0.32,8,0.32,0,42
3185,2,1,23.22081,0.36,9,0.36,0,42
3186,1,0,0.0,0.36,9,0.36,0,42
3187,0,-1,5.279892,0.32,8,0.32,0,42
3188,2,1,-5.279892,0.36,9,0.36,0,42
3189,0,-1,5.279892,0.32,8,0.32,0,42
3190,1,0,0.0,0.32,8,0.32,0,42
3191,2,1,20.655867,0.36,9,0.36,0,42
3192,0,-1,-20.655867,0.32,8,0.32,0,42
3193,2,1,27.207449,0.36,9,0.36,0,42
3194,1,0,0.0,0.36,9,0.36,0,42
3195,2,1,-5.829036,0.4,10,0.4,0,42
3196,0,-1,-0.0,0.4,10,0.4,0,42
3197,1,0,0.0,0.4,10,0.4,0,42
3198,2,1,24.763365,0.44,11,0.44,0,42
3199,2,1,22.258423,0.48,12,0.48,0,42
3200,0,-1,-0.0,0.48,12,0.48,0,42
3201,1,0,0.0,0.48,12,0.48,0,42
3202,0,-1,-21.109398,0.44,11,0.44,0,42
3203,1,0,0.0,0.44,11,0.44,0,42
3204,2,1,19.940758,0.48,12,0.48,0,42
3205,0,-1,-20.651064,0.44,11,0.44,0,42
3206,2,1,17.731865,0.48,12,0.48,0,42
3207,2,1,14.47839,0.52,13,0.52,0,42
3208,0,-1,8.497722,0.48,12,0.48,0,42
3209,0,-1,-15.584806,0.44,11,0.44,0,42
3210,1,0,0.0,0.44,11,0.44,0,42
3211,1,0,0.0,0.44,11,0.44,0,42
3212,2,1,22.260569,0.48,12,0.48,0,42
3213,0,-1,-0.0,0.48,12,0.48,0,42
3214,0,-1,-0.0,0.48,12,0.48,0,42
3215,2,1,14.610347,0.52,13,0.52,0,42
3216,0,-1,-0.0,0.52,13,0.52,0,42
3217,2,1,-9.921343,0.56,14,0.56,0,42
3218,0,-1,-0.0,0.56,14,0.56,0,42
3219,0,-1,-0.0,0.56,14,0.56,0,42
3220,2,1,13.5837755,0.6,15,0.6,0,42
3221,0,-1,-0.0,0.6,15,0.6,0,42
3222,0,-1,11.7862425,0.56,14,0.56,0,42
3223,1,0,0.0,0.56,14,0.56,0,42
3224,1,0,0.0,0.56,14,0.56,0,42
3225,0,-1,-0.0,0.56,14,0.56,0,42
3226,2,1,16.714378,0.6,15,0.6,0,42
3227,0,-1,-11.321744,0.56,14,0.56,0,42
3228,2,1,11.445136,0.6,15,0.6,0,42
3229,2,1,13.484284,0.64,16,0.64,0,42
3230,2,1,7.853472,0.68,17,0.68,0,42
3231,0,-1,-0.0,0.68,17,0.68,0,42
3232,2,1,-1.553393,0.72,18,0.72,0,42
3233,2,1,-100.0,0.0,0,0.0,0,42
3234,2,1,28.346605,0.2,5,0.2,0,43
3235,1,0,0.0,0.2,5,0.2,0,43
3236,0,-1,-28.346605,0.16,4,0.16,0,43
3237,2,1,28.346605,0.2,5,0.2,0,43
3238,0,-1,-0.0,0.2,5,0.2,0,43
3239,1,0,0.0,0.2,5,0.2,0,43
3240,2,1,28.22638,0.24,6,0.24,0,43
3241,2,1,26.767761,0.28,7,0.28,0,43
3242,0,-1,-27.98924,0.24,6,0.24,0,43
3243,2,1,-4.515826,0.28,7,0.28,0,43
3244,1,0,0.0,0.28,7,0.28,0,43
3245,2,1,23.409119,0.32,8,0.32,0,43
3246,2,1,23.216873,0.36,9,0.36,0,43
3247,2,1,26.67603,0.4,10,0.4,0,43
3248,0,-1,-22.427462,0.36,9,0.36,0,43
3249,2,1,20.933285,0.4,10,0.4,0,43
3250,2,1,23.129503,0.44,11,0.44,0,43
3251,0,-1,6.5202236,0.4,10,0.4,0,43
3252,1,0,0.0,0.4,10,0.4,0,43
3253,1,0,0.0,0.4,10,0.4,0,43
3254,0,-1,-0.0,0.4,10,0.4,0,43
3255,0,-1,-26.67603,0.36,9,0.36,0,43
3256,2,1,21.941185,0.4,10,0.4,0,43
3257,2,1,19.412916,0.44,11,0.44,0,43
3258,0,-1,-20.242096,0.4,10,0.4,0,43
3259,2,1,20.811838,0.44,11,0.44,0,43
3260,1,0,0.0,0.44,11,0.44,0,43
3261,2,1,18.393976,0.48,12,0.48,0,43
3262,2,1,17.091099,0.52,13,0.52,0,43
3263,1,0,0.0,0.52,13,0.52,0,43
3264,0,-1,-0.0,0.52,13,0.52,0,43
3265,0,-1,-0.0,0.52,13,0.52,0,43
3266,2,1,15.201745,0.56,14,0.56,0,43
3267,2,1,11.872,0.6,15,0.6,0,43
3268,2,1,9.465854,0.64,16,0.64,1,43
3269,1,0,0.0,0.64,16,0.64,0,43
3270,2,1,5.3695307,0.68,17,0.68,0,43
3271,2,1,9.832396,0.72,18,0.72,0,43
3272,0,-1,-0.0,0.72,18,0.72,0,43
3273,2,1,-17.278996,0.76,19,0.76,0,43
3274,0,-1,-0.0,0.76,19,0.76,0,43
3275,2,1,-18.427809,0.8,20,0.8,0,43
3276,1,0,0.0,0.8,20,0.8,0,43
3277,2,1,-41.11084,0.84,21,0.84,0,43
3278,2,1,-82.856125,0.88,22,0.88,0,43
3279,1,0,0.0,0.88,22,0.88,0,43
3280,1,0,0.0,0.88,22,0.88,0,43
3281,2,1,-100.0,0.0,0,0.0,0,43
3282,0,-1,-0.0,0.16,4,0.16,0,44
3283,0,-1,-0.0,0.16,4,0.16,0,44
3284,2,1,28.346605,0.2,5,0.2,0,44
3285,2,1,-4.278605,0.24,6,0.24,0,44
3286,2,1,26.767761,0.28,7,0.28,0,44
3287,2,1,23.409119,0.32,8,0.32,0,44
3288,2,1,24.369835,0.36,9,0.36,0,44
3289,0,-1,-22.976604,0.32,8,0.32,0,44
3290,2,1,27.225174,0.36,9,0.36,0,44
3291,2,1,-5.8295965,0.4,10,0.4,0,44
3292,2,1,21.736273,0.44,11,0.44,0,44
3293,2,1,19.940758,0.48,12,0.48,0,44
3294,2,1,22.79115,0.52,13,0.52,0,44
3295,1,0,0.0,0.52,13,0.52,0,44
3296,1,0,0.0,0.52,13,0.52,0,44
3297,2,1,-9.922011,0.56,14,0.56,0,44
3298,1,0,0.0,0.56,14,0.56,0,44
3299,2,1,14.217087,0.6,15,0.6,0,44
3300,2,1,-14.286527,0.64,16,0.64,0,44
3301,0,-1,-0.0,0.64,16,0.64,0,44
3302,2,1,10.307021,0.68,17,0.68,0,44
3303,2,1,-22.67583,0.72,18,0.72,0,44
3304,0,-1,-0.0,0.72,18,0.72,0,44
3305,0,-1,-5.36713,0.68,17,0.68,0,44
3306,0,-1,17.735939,0.64,16,0.64,0,44
3307,1,0,0.0,0.64,16,0.64,0,44
3308,1,0,0.0,0.64,16,0.64,0,44
3309,1,0,0.0,0.64,16,0.64,0,44
3310,2,1,-17.735939,0.68,17,0.68,0,44
3311,2,1,2.6948602,0.72,18,0.72,0,44
3312,2,1,-0.44544354,0.76,19,0.76,0,44
3313,0,-1,30.097908,0.72,18,0.72,0,44
3314,0,-1,-0.0,0.72,18,0.72,0,44
3315,1,0,0.0,0.72,18,0.72,0,44
3316,0,-1,-0.0,0.72,18,0.72,0,44
3317,1,0,0.0,0.72,18,0.72,0,44
3318,0,-1,-0.0,0.72,18,0.72,0,44
3319,2,1,-30.097906,0.76,19,0.76,0,44
3320,2,1,-14.215197,0.8,20,0.8,0,44
3321,0,-1,-0.0,0.8,20,0.8,0,44
3322,0,-1,41.986008,0.76,19,0.76,0,44
3323,0,-1,-0.0,0.76,19,0.76,0,44
3324,2,1,-16.862247,0.8,20,0.8,0,44
3325,1,0,0.0,0.8,20,0.8,0,44
3326,2,1,-35.032402,0.84,21,0.84,0,44
3327,1,0,0.0,0.84,21,0.84,0,44
3328,0,-1,62.804184,0.8,20,0.8,0,44
3329,1,0,0.0,0.8,20,0.8,0,44
3330,0,-1,-0.0,0.8,20,0.8,0,44
3331,1,0,0.0,0.8,20,0.8,0,44
3332,1,0,0.0,0.8,20,0.8,0,44
3333,2,1,-37.01785,0.84,21,0.84,0,44
3334,0,-1,-0.0,0.84,21,0.84,0,44
3335,0,-1,-0.0,0.84,21,0.84,0,44
3336,0,-1,62.804176,0.8,20,0.8,0,44
3337,1,0,0.0,0.8,20,0.8,0,44
3338,0,-1,15.982006,0.76,19,0.76,0,44
3339,0,-1,-0.0,0.76,19,0.76,0,44
3340,2,1,-16.396084,0.8,20,0.8,0,44
3341,2,1,-39.695522,0.84,21,0.84,0,44
3342,2,1,-78.67113,0.88,22,0.88,0,44
3343,1,0,0.0,0.88,22,0.88,0,44
3344,2,1,-185.15343,0.92,23,0.92,0,44
3345,0,-1,-0.0,0.92,23,0.92,0,44
3346,0,-1,208.61093,0.88,22,0.88,0,44
3347,0,-1,-0.0,0.88,22,0.88,0,44
3348,0,-1,-0.0,0.88,22,0.88,0,44
3349,1,0,0.0,0.88,22,0.88,0,44
3350,0,-1,-0.0,0.88,22,0.88,0,44
3351,2,1,-187.20665,0.92,23,0.92,0,44
3352,2,1,-601.60675,0.96,24,0.96,0,44
3353,2,1,21.603355,1.0,25,1.0,0,44
3354,0,-1,-1000.0,0.0,0,0.0,0,44
3355,2,1,28.346605,0.2,5,0.2,0,45
3356,2,1,28.22638,0.24,6,0.24,0,45
3357,0,-1,-28.22638,0.2,5,0.2,0,45
3358,1,0,0.0,0.2,5,0.2,0,45
3359,2,1,27.0049,0.24,6,0.24,0,45
3360,1,0,0.0,0.24,6,0.24,0,45
3361,0,-1,-0.0,0.24,6,0.24,0,45
3362,1,0,0.0,0.24,6,0.24,0,45
3363,0,-1,-0.0,0.24,6,0.24,0,45
3364,2,1,27.98924,0.28,7,0.28,0,45
3365,2,1,24.80235,0.32,8,0.32,0,45
3366,2,1,22.05217,0.36,9,0.36,0,45
3367,0,-1,-0.0,0.36,9,0.36,0,45
3368,0,-1,-27.225174,0.32,8,0.32,0,45
3369,2,1,22.976604,0.36,9,0.36,0,45
3370,0,-1,-22.976604,0.32,8,0.32,0,45
3371,2,1,22.490328,0.36,9,0.36,0,45
3372,1,0,0.0,0.36,9,0.36,0,45
3373,2,1,19.956245,0.4,10,0.4,0,45
3374,2,1,25.984842,0.44,11,0.44,0,45
3375,2,1,18.197515,0.48,12,0.48,0,45
3376,2,1,15.254068,0.52,13,0.52,0,45
3377,0,-1,-0.0,0.52,13,0.52,0,45
3378,2,1,15.201745,0.56,14,0.56,0,45
3379,2,1,19.502546,0.6,15,0.6,0,45
3380,2,1,14.2147665,0.64,16,0.64,0,45
3381,2,1,7.6347513,0.68,17,0.68,0,45
3382,2,1,0.98308426,0.72,18,0.72,0,45
3383,1,0,0.0,0.72,18,0.72,0,45
3384,2,1,-8.402309,0.76,19,0.76,0,45
3385,0,-1,-0.0,0.76,19,0.76,0,45
3386,0,-1,1.5966138,0.72,18,0.72,0,45
3387,0,-1,-0.0,0.72,18,0.72,0,45
3388,0,-1,-0.0,0.72,18,0.72,0,45
3389,2,1,-6.9892473,0.76,19,0.76,0,45
3390,2,1,-13.72892,0.8,20,0.8,0,45
3391,2,1,-39.456223,0.84,21,0.84,0,45
3392,2,1,-81.48029,0.88,22,0.88,0,45
3393,2,1,-180.10966,0.92,23,0.92,0,45
3394,2,1,-604.0258,0.96,24,0.96,0,45
3395,2,1,28.042961,1.0,25,1.0,0,45
3396,1,0,-1000.0,0.0,0,0.0,0,45
3397,2,1,-4.1406527,0.2,5,0.2,0,46
3398,2,1,28.208652,0.24,6,0.24,0,46
3399,1,0,0.0,0.24,6,0.24,0,46
3400,2,1,27.98924,0.28,7,0.28,0,46
3401,2,1,23.409119,0.32,8,0.32,0,46
3402,2,1,26.003696,0.36,9,0.36,0,46
3403,2,1,22.66773,0.4,10,0.4,0,46
3404,1,0,0.0,0.4,10,0.4,0,46
3405,1,0,0.0,0.4,10,0.4,0,46
3406,2,1,24.768646,0.44,11,0.44,0,46
3407,0,-1,-21.736273,0.4,10,0.4,0,46
3408,1,0,0.0,0.4,10,0.4,0,46
3409,1,0,0.0,0.4,10,0.4,0,46
3410,0,-1,-0.0,0.4,10,0.4,0,46
3411,2,1,23.131649,0.44,11,0.44,0,46
3412,2,1,19.371016,0.48,12,0.48,0,46
3413,1,0,0.0,0.48,12,0.48,0,46
3414,0,-1,-19.371016,0.44,11,0.44,0,46
3415,0,-1,-0.0,0.44,11,0.44,0,46
3416,2,1,21.109398,0.48,12,0.48,0,46
3417,2,1,18.266247,0.52,13,0.52,0,46
3418,1,0,0.0,0.52,13,0.52,0,46
3419,0,-1,-19.999044,0.48,12,0.48,0,46
3420,1,0,0.0,0.48,12,0.48,0,46
3421,1,0,0.0,0.48,12,0.48,0,46
3422,1,0,0.0,0.48,12,0.48,0,46
3423,0,-1,-0.0,0.48,12,0.48,0,46
3424,1,0,0.0,0.48,12,0.48,0,46
3425,0,-1,-0.0,0.48,12,0.48,0,46
3426,2,1,19.27347,0.52,13,0.52,0,46
3427,2,1,15.667908,0.56,14,0.56,0,46
3428,0,-1,-0.0,0.56,14,0.56,0,46
3429,2,1,17.863403,0.6,15,0.6,0,46
3430,2,1,13.046126,0.64,16,0.64,0,46
3431,0,-1,-0.0,0.64,16,0.64,0,46
3432,2,1,9.597933,0.68,17,0.68,0,46
3433,0,-1,-0.0,0.68,17,0.68,0,46
3434,1,0,0.0,0.68,17,0.68,0,46
3435,2,1,5.0949807,0.72,18,0.72,0,46
3436,0,-1,22.675158,0.68,17,0.68,0,46
3437,2,1,3.110505,0.72,18,0.72,0,46
3438,1,0,0.0,0.72,18,0.72,0,46
3439,2,1,-4.7266426,0.76,19,0.76,0,46
3440,0,-1,-0.0,0.76,19,0.76,0,46
3441,0,-1,3.3333473,0.72,18,0.72,0,46
3442,2,1,-4.508496,0.76,19,0.76,0,46
3443,2,1,-41.985336,0.8,20,0.8,0,46
3444,2,1,-39.455944,0.84,21,0.84,0,46
3445,0,-1,35.47153,0.8,20,0.8,0,46
3446,0,-1,13.4847145,0.76,19,0.76,0,46
3447,2,1,-18.75366,0.8,20,0.8,0,46
3448,0,-1,-0.0,0.8,20,0.8,0,46
3449,1,0,0.0,0.8,20,0.8,0,46
3450,1,0,0.0,0.8,20,0.8,0,46
3451,0,-1,-0.0,0.8,20,0.8,0,46
3452,2,1,-41.681595,0.84,21,0.84,0,46
3453,2,1,-80.999725,0.88,22,0.88,0,46
3454,1,0,0.0,0.88,22,0.88,0,46
3455,2,1,-181.2783,0.92,23,0.92,0,46
3456,2,1,-599.89526,0.96,24,0.96,0,46
3457,2,1,23.659153,1.0,25,1.0,0,46
3458,0,-1,-1000.0,0.0,0,0.0,0,46
3459,2,1,28.364332,0.2,5,0.2,0,47
3460,2,1,27.010183,0.24,6,0.24,0,47
3461,2,1,27.971514,0.28,7,0.28,0,47
3462,2,1,-4.847297,0.32,8,0.32,0,47
3463,2,1,26.003696,0.36,9,0.36,0,47
3464,1,0,0.0,0.36,9,0.36,0,47
3465,1,0,0.0,0.36,9,0.36,0,47
3466,2,1,23.820692,0.4,10,0.4,0,47
3467,0,-1,5.828954,0.36,9,0.36,0,47
3468,2,1,21.941185,0.4,10,0.4,0,47
3469,1,0,0.0,0.4,10,0.4,0,47
3470,1,0,0.0,0.4,10,0.4,0,47
3471,0,-1,-0.0,0.4,10,0.4,0,47
3472,0,-1,-0.0,0.4,10,0.4,0,47
3473,0,-1,-0.0,0.4,10,0.4,0,47
3474,2,1,19.265059,0.44,11,0.44,0,47
3475,0,-1,-0.0,0.44,11,0.44,0,47
3476,2,1,18.197515,0.48,12,0.48,0,47
3477,0,-1,-0.0,0.48,12,0.48,0,47
3478,2,1,15.160603,0.52,13,0.52,0,47
3479,1,0,0.0,0.52,13,0.52,0,47
3480,2,1,18.57534,0.56,14,0.56,0,47
3481,0,-1,-18.57534,0.52,13,0.52,0,47
3482,1,0,0.0,0.52,13,0.52,0,47
3483,1,0,0.0,0.52,13,0.52,0,47
3484,2,1,-9.921343,0.56,14,0.56,0,47
3485,2,1,15.545738,0.6,15,0.6,0,47
3486,2,1,7.31671,0.64,16,0.64,0,47
3487,2,1,3.8194168,0.68,17,0.68,0,47
3488,0,-1,-0.0,0.68,17,0.68,0,47
3489,2,1,-100.0,0.0,0,0.0,0,47
3490,1,0,0.0,0.16,4,0.16,0,48
3491,2,1,28.364332,0.2,5,0.2,0,48
3492,1,0,0.0,0.2,5,0.2,0,48
3493,1,0,0.0,0.2,5,0.2,0,48
3494,2,1,-4.278605,0.24,6,0.24,0,48
3495,2,1,-4.515826,0.28,7,0.28,0,48
3496,2,1,-4.8478045,0.32,8,0.32,0,48
3497,1,0,0.0,0.32,8,0.32,0,48
3498,1,0,0.0,0.32,8,0.32,0,48
3499,0,-1,4.8478045,0.28,7,0.28,0,48
3500,2,1,-4.8479395,0.32,8,0.32,0,48
3501,2,1,-5.2804775,0.36,9,0.36,0,48
3502,1,0,0.0,0.36,9,0.36,0,48
3503,0,-1,-27.225174,0.32,8,0.32,0,48
3504,0,-1,4.847379,0.28,7,0.28,0,48
3505,0,-1,-0.0,0.28,7,0.28,0,48
3506,0,-1,-0.0,0.28,7,0.28,0,48
3507,0,-1,-0.0,0.28,7,0.28,0,48
3508,2,1,27.639961,0.32,8,0.32,0,48
3509,2,1,-5.2804832,0.36,9,0.36,0,48
3510,0,-1,-0.0,0.36,9,0.36,0,48
3511,2,1,25.454552,0.4,10,0.4,0,48
3512,2,1,-6.5208135,0.44,11,0.44,0,48
3513,2,1,-7.3918962,0.48,12,0.48,0,48
3514,2,1,-8.498313,0.52,13,0.52,0,48
3515,0,-1,-0.0,0.52,13,0.52,0,48
3516,1,0,0.0,0.52,13,0.52,0,48
3517,1,0,0.0,0.52,13,0.52,0,48
3518,1,0,0.0,0.52,13,0.52,0,48
3519,0,-1,8.498313,0.48,12,0.48,0,48
3520,1,0,0.0,0.48,12,0.48,0,48
3521,0,-1,-0.0,0.48,12,0.48,0,48
3522,0,-1,-0.0,0.48,12,0.48,0,48
3523,2,1,21.152006,0.52,13,0.52,0,48
3524,0,-1,8.498311,0.48,12,0.48,0,48
3525,2,1,19.2725,0.52,13,0.52,0,48
3526,1,0,0.0,0.52,13,0.52,0,48
3527,0,-1,-0.0,0.52,13,0.52,0,48
3528,0,-1,-0.0,0.52,13,0.52,0,48
3529,2,1,15.863857,0.56,14,0.56,0,48
3530,0,-1,-0.0,0.56,14,0.56,0,48
3531,0,-1,9.922016,0.52,13,0.52,0,48
3532,0,-1,-0.0,0.52,13,0.52,0,48
3533,2,1,13.736898,0.56,14,0.56,0,48
3534,2,1,15.545738,0.6,15,0.6,0,48
3535,2,1,11.084164,0.64,16,0.64,0,48
3536,2,1,7.853472,0.68,17,0.68,0,48
3537,1,0,0.0,0.68,17,0.68,0,48
3538,0,-1,-0.0,0.68,17,0.68,0,48
3539,1,0,0.0,0.68,17,0.68,0,48
3540,2,1,0.8848882,0.72,18,0.72,0,48
3541,1,0,0.0,0.72,18,0.72,0,48
3542,0,-1,-0.0,0.72,18,0.72,0,48
3543,0,-1,-0.0,0.72,18,0.72,0,48
3544,0,-1,22.67583,0.68,17,0.68,0,48
3545,2,1,2.4479303,0.72,18,0.72,0,48
3546,1,0,0.0,0.72,18,0.72,0,48
3547,1,0,0.0,0.72,18,0.72,0,48
3548,2,1,-8.6420145,0.76,19,0.76,0,48
3549,1,0,0.0,0.76,19,0.76,0,48
3550,0,-1,-0.0,0.76,19,0.76,0,48
3551,2,1,-18.753956,0.8,20,0.8,0,48
3552,2,1,-41.62199,0.84,21,0.84,0,48
3553,0,-1,37.680424,0.8,20,0.8,0,48
3554,2,1,-100.0,0.0,0,0.0,0,48
3555,1,0,0.0,0.16,4,0.16,0,49
3556,2,1,28.346605,0.2,5,0.2,0,49
3557,1,0,0.0,0.2,5,0.2,0,49
3558,1,0,0.0,0.2,5,0.2,0,49
3559,2,1,27.0049,0.24,6,0.24,0,49
3560,0,-1,-27.0049,0.2,5,0.2,0,49
3561,1,0,0.0,0.2,5,0.2,0,49
3562,2,1,-4.278687,0.24,6,0.24,0,49
3563,2,1,-4.51638,0.28,7,0.28,0,49
3564,2,1,26.436209,0.32,8,0.32,0,49
3565,1,0,0.0,0.32,8,0.32,0,49
3566,2,1,-5.27981,0.36,9,0.36,0,49
3567,2,1,22.66773,0.4,10,0.4,0,49
3568,0,-1,-22.66773,0.36,9,0.36,0,49
3569,2,1,22.427462,0.4,10,0.4,0,49
3570,1,0,0.0,0.4,10,0.4,0,49
3571,1,0,0.0,0.4,10,0.4,0,49
3572,0,-1,-22.427462,0.36,9,0.36,0,49
3573,1,0,0.0,0.36,9,0.36,0,49
3574,2,1,22.66773,0.4,10,0.4,0,49
3575,1,0,0.0,0.4,10,0.4,0,49
3576,0,-1,5.828954,0.36,9,0.36,0,49
3577,1,0,0.0,0.36,9,0.36,0,49
3578,2,1,20.933285,0.4,10,0.4,0,49
3579,0,-1,-20.933285,0.36,9,0.36,0,49
3580,2,1,26.67603,0.4,10,0.4,0,49
3581,0,-1,-26.67603,0.36,9,0.36,0,49
3582,1,0,0.0,0.36,9,0.36,0,49
3583,0,-1,5.2804456,0.32,8,0.32,0,49
3584,2,1,-5.2804456,0.36,9,0.36,0,49
3585,2,1,23.820692,0.4,10,0.4,0,49
3586,1,0,0.0,0.4,10,0.4,0,49
3587,0,-1,5.8295894,0.36,9,0.36,0,49
3588,2,1,-5.828954,0.4,10,0.4,0,49
3589,2,1,20.242096,0.44,11,0.44,0,49
3590,2,1,-7.391865,0.48,12,0.48,0,49
3591,0,-1,7.3913045,0.44,11,0.44,0,49
3592,0,-1,6.520784,0.4,10,0.4,0,49
3593,0,-1,5.828954,0.36,9,0.36,0,49
3594,0,-1,-0.0,0.36,9,0.36,0,49
3595,1,0,0.0,0.36,9,0.36,0,49
3596,2,1,26.67603,0.4,10,0.4,0,49
3597,2,1,24.768646,0.44,11,0.44,0,49
3598,0,-1,-20.242096,0.4,10,0.4,0,49
3599,2,1,21.249996,0.44,11,0.44,0,49
3600,2,1,20.865192,0.48,12,0.48,0,49
3601,2,1,21.154152,0.52,13,0.52,0,49
3602,2,1,15.667396,0.56,14,0.56,0,49
3603,0,-1,-18.335072,0.52,13,0.52,0,49
3604,2,1,13.638702,0.56,14,0.56,0,49
3605,1,0,0.0,0.56,14,0.56,0,49
3606,2,1,9.719348,0.6,15,0.6,0,49
3607,2,1,13.485255,0.64,16,0.64,0,49
3608,2,1,-100.0,0.0,0,0.0,0,49
3609,2,1,-4.1406527,0.2,5,0.2,0,50
3610,1,0,0.0,0.2,5,0.2,0,50
3611,0,-1,4.1406527,0.16,4,0.16,0,50
3612,2,1,28.364332,0.2,5,0.2,0,50
3613,1,0,0.0,0.2,5,0.2,0,50
3614,2,1,28.208652,0.24,6,0.24,0,50
3615,2,1,-4.515826,0.28,7,0.28,0,50
3616,2,1,26.436209,0.32,8,0.32,0,50
3617,1,0,0.0,0.32,8,0.32,0,50
3618,2,1,23.216873,0.36,9,0.36,0,50
3619,2,1,25.459835,0.4,10,0.4,0,50
3620,2,1,23.131649,0.44,11,0.44,0,50
3621,0,-1,6.5202236,0.4,10,0.4,0,50
3622,1,0,0.0,0.4,10,0.4,0,50
3623,2,1,21.980478,0.44,11,0.44,0,50
3624,2,1,19.372663,0.48,12,0.48,0,50
3625,0,-1,-0.0,0.48,12,0.48,0,50
3626,2,1,19.27347,0.52,13,0.52,0,50
3627,0,-1,-18.266247,0.48,12,0.48,0,50
3628,2,1,-8.497722,0.52,13,0.52,0,50
3629,0,-1,-20.002981,0.48,12,0.48,0,50
3630,2,1,17.091612,0.52,13,0.52,0,50
3631,1,0,0.0,0.52,13,0.52,0,50
3632,0,-1,8.497722,0.48,12,0.48,0,50
3633,1,0,0.0,0.48,12,0.48,0,50
3634,0,-1,-0.0,0.48,12,0.48,0,50
3635,2,1,14.959223,0.52,13,0.52,0,50
3636,2,1,11.482289,0.56,14,0.56,0,50
3637,1,0,0.0,0.56,14,0.56,0,50
3638,2,1,-11.7863245,0.6,15,0.6,0,50
3639,2,1,7.064641,0.64,16,0.64,0,50
3640,1,0,0.0,0.64,16,0.64,0,50
3641,2,1,-100.0,0.0,0,0.0,0,50
3642,2,1,28.364332,0.2,5,0.2,0,51
3643,2,1,-4.278687,0.24,6,0.24,0,51
3644,0,-1,-28.22638,0.2,5,0.2,0,51
3645,2,1,28.22638,0.24,6,0.24,0,51
3646,2,1,26.773045,0.28,7,0.28,0,51
3647,2,1,27.639961,0.32,8,0.32,0,51
3648,2,1,23.22081,0.36,9,0.36,0,51
3649,2,1,23.822836,0.4,10,0.4,0,51
3650,2,1,21.250967,0.44,11,0.44,0,51
3651,2,1,19.941977,0.48,12,0.48,0,51
3652,2,1,17.288023,0.52,13,0.52,0,51
3653,0,-1,-23.989618,0.48,12,0.48,0,51
3654,1,0,0.0,0.48,12,0.48,0,51
3655,2,1,15.254294,0.52,13,0.52,0,51
3656,2,1,15.449248,0.56,14,0.56,0,51
3657,2,1,11.561324,0.6,15,0.6,0,51
3658,1,0,0.0,0.6,15,0.6,0,51
3659,1,0,0.0,0.6,15,0.6,0,51
3660,2,1,18.201405,0.64,16,0.64,0,51
3661,0,-1,-18.201405,0.6,15,0.6,0,51
3662,0,-1,-16.714378,0.56,14,0.56,0,51
3663,2,1,13.803008,0.6,15,0.6,0,51
3664,0,-1,-0.0,0.6,15,0.6,0,51
3665,1,0,0.0,0.6,15,0.6,1,51
3666,0,-1,-0.0,0.6,15,0.6,0,51
3667,2,1,-1.5374007,0.64,16,0.64,0,51
3668,2,1,3.5071924,0.68,17,0.68,0,51
3669,1,0,0.0,0.68,17,0.68,0,51
3670,2,1,-100.0,0.0,0,0.0,0,51
3671,0,-1,-0.0,0.16,4,0.16,0,52
3672,1,0,0.0,0.16,4,0.16,0,52
3673,2,1,28.346605,0.2,5,0.2,0,52
3674,1,0,0.0,0.2,5,0.2,0,52
3675,1,0,0.0,0.2,5,0.2,0,52
3676,2,1,28.22638,0.24,6,0.24,0,52
3677,1,0,0.0,0.24,6,0.24,0,52
3678,1,0,0.0,0.24,6,0.24,0,52
3679,0,-1,-28.208652,0.2,5,0.2,0,52
3680,1,0,0.0,0.2,5,0.2,0,52
3681,2,1,27.010183,0.24,6,0.24,0,52
3682,0,-1,-0.0,0.24,6,0.24,0,52
3683,1,0,0.0,0.24,6,0.24,0,52
3684,2,1,27.971514,0.28,7,0.28,0,52
3685,0,-1,-0.0,0.28,7,0.28,0,52
3686,1,0,0.0,0.28,7,0.28,0,52
3687,2,1,23.409119,0.32,8,0.32,0,52
3688,2,1,-5.27981,0.36,9,0.36,0,52
3689,2,1,23.822836,0.4,10,0.4,0,52
3690,2,1,20.040491,0.44,11,0.44,0,52
3691,2,1,19.941977,0.48,12,0.48,0,52
3692,2,1,16.872952,0.52,13,0.52,0,52
3693,1,0,0.0,0.52,13,0.52,0,52
3694,2,1,17.849766,0.56,14,0.56,0,52
3695,1,0,0.0,0.56,14,0.56,0,52
3696,2,1,13.803008,0.6,15,0.6,0,52
3697,2,1,-14.286496,0.64,16,0.64,0,52
3698,1,0,0.0,0.64,16,0.64,0,52
3699,0,-1,-0.0,0.64,16,0.64,0,52
3700,0,-1,-0.0,0.64,16,0.64,0,52
3701,0,-1,14.286496,0.6,15,0.6,0,52
3702,2,1,9.061712,0.64,16,0.64,0,52
3703,1,0,0.0,0.64,16,0.64,0,52
3704,2,1,5.496408,0.68,17,0.68,0,52
3705,2,1,8.608348,0.72,18,0.72,0,52
3706,1,0,0.0,0.72,18,0.72,0,52
3707,1,0,0.0,0.72,18,0.72,0,52
3708,0,-1,22.675158,0.68,17,0.68,0,52
3709,2,1,6.9744883,0.72,18,0.72,0,52
3710,2,1,-2.7652535,0.76,19,0.76,0,52
3711,2,1,-20.86342,0.8,20,0.8,0,52
3712,1,0,0.0,0.8,20,0.8,0,52
3713,1,0,0.0,0.8,20,0.8,0,52
3714,2,1,-41.50766,0.84,21,0.84,0,52
3715,0,-1,-0.0,0.84,21,0.84,0,52
3716,1,0,0.0,0.84,21,0.84,0,52
3717,0,-1,36.242878,0.8,20,0.8,0,52
3718,2,1,-37.680424,0.84,21,0.84,0,52
3719,2,1,-100.0,0.0,0,0.0,0,52
3720,2,1,28.346605,0.2,5,0.2,0,53
3721,2,1,27.0049,0.24,6,0.24,0,53
3722,2,1,23.740671,0.28,7,0.28,0,53
3723,2,1,24.80235,0.32,8,0.32,0,53
3724,0,-1,-23.409119,0.28,7,0.28,0,53
3725,2,1,-4.847379,0.32,8,0.32,0,53
3726,2,1,-5.2804456,0.36,9,0.36,0,53
3727,1,0,0.0,0.36,9,0.36,0,53
3728,1,0,0.0,0.36,9,0.36,0,53
3729,2,1,26.67603,0.4,10,0.4,0,53
3730,2,1,-6.5208097,0.44,11,0.44,0,53
3731,1,0,0.0,0.44,11,0.44,0,53
3732,2,1,-7.3912225,0.48,12,0.48,0,53
3733,2,1,-8.498146,0.52,13,0.52,0,53
3734,1,0,0.0,0.52,13,0.52,0,53
3735,2,1,18.120945,0.56,14,0.56,0,53
3736,0,-1,-19.728302,0.52,13,0.52,0,53
3737,1,0,0.0,0.52,13,0.52,0,53
3738,2,1,-9.92201,0.56,14,0.56,0,53
3739,2,1,19.502546,0.6,15,0.6,0,53
3740,0,-1,11.786911,0.56,14,0.56,0,53
3741,2,1,-11.786915,0.6,15,0.6,0,53
3742,2,1,12.322523,0.64,16,0.64,0,53
3743,1,0,0.0,0.64,16,0.64,0,53
3744,0,-1,-0.0,0.64,16,0.64,0,53
3745,0,-1,-0.0,0.64,16,0.64,0,53
3746,1,0,0.0,0.64,16,0.64,0,53
3747,1,0,0.0,0.64,16,0.64,0,53
3748,2,1,10.765354,0.68,17,0.68,0,53
3749,0,-1,-0.0,0.68,17,0.68,0,53
3750,1,0,0.0,0.68,17,0.68,0,53
3751,1,0,0.0,0.68,17,0.68,0,53
3752,0,-1,-13.54824,0.64,16,0.64,0,53
3753,2,1,7.527907,0.68,17,0.68,0,53
3754,2,1,8.608348,0.72,18,0.72,0,53
3755,1,0,0.0,0.72,18,0.72,0,53
3756,2,1,-6.7224255,0.76,19,0.76,0,53
3757,2,1,-12.33569,0.8,20,0.8,0,53
3758,1,0,0.0,0.8,20,0.8,0,53
3759,2,1,-33.15172,0.84,21,0.84,0,53
3760,1,0,0.0,0.84,21,0.84,0,53
3761,2,1,-80.92988,0.88,22,0.88,0,53
3762,2,1,-180.35387,0.92,23,0.92,0,53
3763,2,1,-597.49414,0.96,24,0.96,0,53
3764,1,0,0.0,0.96,24,0.96,0,53
3765,2,1,27.770811,1.0,25,1.0,0,53
3766,1,0,-1000.0,0.0,0,0.0,0,53
3767,1,0,0.0,0.16,4,0.16,0,54
3768,2,1,-4.1407347,0.2,5,0.2,0,54
3769,2,1,28.22638,0.24,6,0.24,0,54
3770,2,1,23.526543,0.28,7,0.28,0,54
3771,2,1,-4.847297,0.32,8,0.32,0,54
3772,0,-1,-23.19499,0.28,7,0.28,0,54
3773,2,1,27.639961,0.32,8,0.32,0,54
3774,1,0,0.0,0.32,8,0.32,0,54
3775,0,-1,4.847379,0.28,7,0.28,0,54
3776,2,1,26.441492,0.32,8,0.32,0,54
3777,0,-1,-0.0,0.32,8,0.32,0,54
3778,1,0,0.0,0.32,8,0.32,0,54
3779,0,-1,4.847297,0.28,7,0.28,0,54
3780,0,-1,-0.0,0.28,7,0.28,0,54
3781,0,-1,-27.971514,0.24,6,0.24,0,54
3782,0,-1,-0.0,0.24,6,0.24,0,54
3783,1,0,0.0,0.24,6,0.24,0,54
3784,2,1,27.971514,0.28,7,0.28,0,54
3785,0,-1,-26.773045,0.24,6,0.24,0,54
3786,2,1,23.740671,0.28,7,0.28,0,54
3787,2,1,26.436209,0.32,8,0.32,0,54
3788,2,1,24.369835,0.36,9,0.36,0,54
3789,1,0,0.0,0.36,9,0.36,0,54
3790,0,-1,-0.0,0.36,9,0.36,0,54
3791,0,-1,-0.0,0.36,9,0.36,0,54
3792,0,-1,-0.0,0.36,9,0.36,0,54
3793,1,0,0.0,0.36,9,0.36,1,54
3794,2,1,21.921482,0.4,10,0.4,0,54
3795,0,-1,-22.492092,0.36,9,0.36,0,54
3796,2,1,22.627514,0.4,10,0.4,0,54
3797,1,0,0.0,0.4,10,0.4,0,54
3798,2,1,19.35918,0.44,11,0.44,0,54
3799,1,0,0.0,0.44,11,0.44,0,54
3800,2,1,20.611238,0.48,12,0.48,0,54
3801,2,1,18.231009,0.52,13,0.52,0,54
3802,1,0,0.0,0.52,13,0.52,0,54
3803,2,1,14.545529,0.56,14,0.56,0,54
3804,0,-1,-15.957979,0.52,13,0.52,0,54
3805,1,0,0.0,0.52,13,0.52,0,54
3806,1,0,0.0,0.52,13,0.52,0,54
3807,2,1,21.365648,0.56,14,0.56,0,54
3808,2,1,13.781708,0.6,15,0.6,0,54
3809,2,1,9.253941,0.64,16,0.64,0,54
3810,2,1,11.881807,0.68,17,0.68,0,54
3811,2,1,4.6765347,0.72,18,0.72,0,54
3812,2,1,-4.9324164,0.76,19,0.76,0,54
3813,2,1,-14.291517,0.8,20,0.8,0,54
3814,2,1,-41.31791,0.84,21,0.84,0,54
3815,2,1,-78.6899,0.88,22,0.88,0,54
3816,2,1,-184.87692,0.92,23,0.92,0,54
3817,1,0,0.0,0.92,23,0.92,0,54
3818,1,0,0.0,0.92,23,0.92,0,54
3819,0,-1,180.60782,0.88,22,0.88,0,54
3820,1,0,0.0,0.88,22,0.88,0,54
3821,2,1,-185.17506,0.92,23,0.92,0,54
3822,0,-1,184.14342,0.88,22,0.88,0,54
3823,0,-1,80.72295,0.84,21,0.84,0,54
3824,1,0,0.0,0.84,21,0.84,0,54
3825,2,1,-100.0,0.0,0,0.0,0,54
3826,2,1,28.364332,0.2,5,0.2,0,55
3827,2,1,-4.278687,0.24,6,0.24,0,55
3828,2,1,26.773045,0.28,7,0.28,0,55
3829,2,1,27.639961,0.32,8,0.32,0,55
3830,0,-1,-27.639961,0.28,7,0.28,0,55
3831,2,1,-4.847297,0.32,8,0.32,0,55
3832,1,0,0.0,0.32,8,0.32,0,55
3833,2,1,-5.280318,0.36,9,0.36,0,55
3834,1,0,0.0,0.36,9,0.36,0,55
3835,2,1,-5.829461,0.4,10,0.4,0,55
3836,1,0,0.0,0.4,10,0.4,0,55
3837,2,1,-6.520809,0.44,11,0.44,0,55
3838,0,-1,-0.0,0.44,11,0.44,0,55
3839,1,0,0.0,0.44,11,0.44,0,55
3840,1,0,0.0,0.44,11,0.44,0,55
3841,1,0,0.0,0.44,11,0.44,0,55
3842,2,1,21.109398,0.48,12,0.48,0,55
3843,0,-1,-21.109398,0.44,11,0.44,0,55
3844,2,1,-7.391858,0.48,12,0.48,0,55
3845,1,0,0.0,0.48,12,0.48,0,55
3846,2,1,-8.498313,0.52,13,0.52,0,55
3847,1,0,0.0,0.52,13,0.52,0,55
3848,0,-1,-0.0,0.52,13,0.52,0,55
3849,1,0,0.0,0.52,13,0.52,0,55
3850,0,-1,-0.0,0.52,13,0.52,0,55
3851,1,0,0.0,0.52,13,0.52,0,55
3852,1,0,0.0,0.52,13,0.52,0,55
3853,2,1,18.120945,0.56,14,0.56,0,55
3854,1,0,0.0,0.56,14,0.56,0,55
3855,0,-1,9.92185,0.52,13,0.52,0,55
3856,0,-1,8.498313,0.48,12,0.48,0,55
3857,0,-1,7.391858,0.44,11,0.44,0,55
3858,0,-1,6.520809,0.4,10,0.4,0,55
3859,0,-1,-22.213333,0.36,9,0.36,0,55
3860,1,0,0.0,0.36,9,0.36,0,55
3861,0,-1,5.280317,0.32,8,0.32,0,55
3862,0,-1,4.847297,0.28,7,0.28,0,55
3863,2,1,-4.8478045,0.32,8,0.32,0,55
3864,2,1,27.207449,0.36,9,0.36,0,55
3865,1,0,0.0,0.36,9,0.36,0,55
3866,2,1,23.822836,0.4,10,0.4,0,55
3867,1,0,0.0,0.4,10,0.4,0,55
3868,1,0,0.0,0.4,10,0.4,0,55
3869,2,1,24.763365,0.44,11,0.44,0,55
3870,1,0,0.0,0.44,11,0.44,0,55
3871,2,1,20.379887,0.48,12,0.48,0,55
3872,1,0,0.0,0.48,12,0.48,0,55
3873,2,1,21.152006,0.52,13,0.52,0,55
3874,0,-1,-0.0,0.52,13,0.52,0,55
3875,2,1,15.86432,0.56,14,0.56,0,55
3876,2,1,15.546957,0.6,15,0.6,0,55
3877,0,-1,-0.0,0.6,15,0.6,0,55
3878,0,-1,-0.0,0.6,15,0.6,0,55
3879,1,0,0.0,0.6,15,0.6,0,55
3880,2,1,11.084738,0.64,16,0.64,0,55
3881,0,-1,-0.0,0.64,16,0.64,0,55
3882,2,1,10.034872,0.68,17,0.68,0,55
3883,1,0,0.0,0.68,17,0.68,0,55
3884,2,1,4.656823,0.72,18,0.72,0,55
3885,1,0,0.0,0.72,18,0.72,0,55
3886,0,-1,-0.0,0.72,18,0.72,0,55
3887,1,0,0.0,0.72,18,0.72,0,55
3888,2,1,-4.508496,0.76,19,0.76,0,55
3889,0,-1,30.097742,0.72,18,0.72,0,55
3890,2,1,-4.5079837,0.76,19,0.76,0,55
3891,2,1,-18.2334,0.8,20,0.8,0,55
3892,2,1,-37.43349,0.84,21,0.84,0,55
3893,2,1,-81.10876,0.88,22,0.88,0,55
3894,2,1,-185.05025,0.92,23,0.92,0,55
3895,1,0,0.0,0.92,23,0.92,0,55
3896,0,-1,-0.0,0.92,23,0.92,0,55
3897,2,1,-625.26575,0.96,24,0.96,0,55
3898,2,1,25.124414,1.0,25,1.0,0,55
3899,2,1,-1000.0,0.0,0,0.0,0,55
3900,2,1,28.364332,0.2,5,0.2,0,56
3901,0,-1,-0.0,0.2,5,0.2,0,56
3902,2,1,28.208652,0.24,6,0.24,0,56
3903,0,-1,-0.0,0.24,6,0.24,0,56
3904,2,1,-4.515826,0.28,7,0.28,0,56
3905,2,1,26.441492,0.32,8,0.32,0,56
3906,0,-1,4.847379,0.28,7,0.28,0,56
3907,1,0,0.0,0.28,7,0.28,0,56
3908,0,-1,-0.0,0.28,7,0.28,0,56
3909,1,0,0.0,0.28,7,0.28,0,56
3910,2,1,24.804493,0.32,8,0.32,0,56
3911,0,-1,-27.639961,0.28,7,0.28,0,56
3912,2,1,23.653324,0.32,8,0.32,0,56
3913,2,1,-5.279892,0.36,9,0.36,0,56
3914,2,1,-5.828954,0.4,10,0.4,0,56
3915,0,-1,-22.671667,0.36,9,0.36,0,56
3916,2,1,-5.8295894,0.4,10,0.4,0,56
3917,1,0,0.0,0.4,10,0.4,0,56
3918,2,1,-6.520784,0.44,11,0.44,0,56
3919,1,0,0.0,0.44,11,0.44,0,56
3920,2,1,20.379887,0.48,12,0.48,0,56
3921,0,-1,7.391858,0.44,11,0.44,0,56
3922,0,-1,-0.0,0.44,11,0.44,0,56
3923,2,1,20.651064,0.48,12,0.48,0,56
3924,0,-1,7.3913045,0.44,11,0.44,0,56
3925,1,0,0.0,0.44,11,0.44,0,56
3926,0,-1,6.520784,0.4,10,0.4,0,56
3927,1,0,0.0,0.4,10,0.4,0,56
3928,0,-1,-0.0,0.4,10,0.4,0,56
3929,1,0,0.0,0.4,10,0.4,0,56
3930,2,1,20.813057,0.44,11,0.44,0,56
3931,2,1,25.096035,0.48,12,0.48,0,56
3932,2,1,17.091612,0.52,13,0.52,0,56
3933,2,1,18.579277,0.56,14,0.56,0,56
3934,2,1,19.497263,0.6,15,0.6,0,56
3935,2,1,11.649822,0.64,16,0.64,0,56
3936,1,0,0.0,0.64,16,0.64,0,56
3937,2,1,7.6353254,0.68,17,0.68,0,56
3938,2,1,6.9744883,0.72,18,0.72,0,56
3939,2,1,-6.749668,0.76,19,0.76,0,56
3940,1,0,0.0,0.76,19,0.76,0,56
3941,2,1,-20.689486,0.8,20,0.8,0,56
3942,2,1,-41.563904,0.84,21,0.84,0,56
3943,1,0,0.0,0.84,21,0.84,0,56
3944,2,1,-100.0,0.0,0,0.0,0,56
3945,0,-1,-0.0,0.16,4,0.16,0,57
3946,2,1,28.364332,0.2,5,0.2,0,57
3947,0,-1,-0.0,0.2,5,0.2,0,57
3948,2,1,27.010183,0.24,6,0.24,0,57
3949,2,1,27.971514,0.28,7,0.28,0,57
3950,2,1,23.19499,0.32,8,0.32,0,57
3951,2,1,24.37198,0.36,9,0.36,0,57
3952,2,1,25.454552,0.4,10,0.4,0,57
3953,2,1,-6.5201416,0.44,11,0.44,0,57
3954,2,1,21.105461,0.48,12,0.48,0,57
3955,1,0,0.0,0.48,12,0.48,0,57
3956,2,1,20.002981,0.52,13,0.52,0,57
3957,0,-1,8.49764,0.48,12,0.48,0,57
3958,2,1,17.43542,0.52,13,0.52,0,57
3959,2,1,16.218325,0.56,14,0.56,0,57
3960,1,0,0.0,0.56,14,0.56,0,57
3961,2,1,14.977644,0.6,15,0.6,0,57
3962,0,-1,-14.353426,0.56,14,0.56,0,57
3963,1,0,0.0,0.56,14,0.56,0,57
3964,2,1,17.863403,0.6,15,0.6,0,57
3965,0,-1,-0.0,0.6,15,0.6,0,57
3966,1,0,0.0,0.6,15,0.6,0,57
3967,2,1,13.485255,0.64,16,0.64,0,57
3968,2,1,7.8539844,0.68,17,0.68,0,57
3969,0,-1,-0.0,0.68,17,0.68,0,57
3970,2,1,4.656823,0.72,18,0.72,0,57
3971,0,-1,-3.2579012,0.68,17,0.68,0,57
3972,2,1,2.6948602,0.72,18,0.72,0,57
3973,1,0,0.0,0.72,18,0.72,0,57
3974,2,1,-3.3349957,0.76,19,0.76,0,57
3975,0,-1,-0.0,0.76,19,0.76,0,57
3976,2,1,-18.42504,0.8,20,0.8,0,57
3977,2,1,-39.456223,0.84,21,0.84,0,57
3978,2,1,-83.00098,0.88,22,0.88,0,57
3979,1,0,0.0,0.88,22,0.88,0,57
3980,1,0,0.0,0.88,22,0.88,0,57
3981,2,1,-185.3789,0.92,23,0.92,0,57
3982,0,-1,-0.0,0.92,23,0.92,0,57
3983,0,-1,-0.0,0.92,23,0.92,0,57
3984,2,1,-597.4951,0.96,24,0.96,0,57
3985,0,-1,602.0339,0.92,23,0.92,0,57
3986,2,1,-100.0,0.0,0,0.0,0,57
3987,2,1,28.346605,0.2,5,0.2,0,58
3988,1,0,0.0,0.2,5,0.2,0,58
3989,1,0,0.0,0.2,5,0.2,1,58
3990,2,1,26.894903,0.24,6,0.24,0,58
3991,2,1,19.454931,0.28,7,0.28,0,58
3992,2,1,27.64001,0.32,8,0.32,0,58
3993,1,0,0.0,0.32,8,0.32,0,58
3994,2,1,25.954947,0.36,9,0.36,0,58
3995,0,-1,-18.690866,0.32,8,0.32,0,58
3996,1,0,0.0,0.32,8,0.32,0,58
3997,2,1,23.343414,0.36,9,0.36,0,58
3998,1,0,0.0,0.36,9,0.36,0,58
3999,1,0,0.0,0.36,9,0.36,0,58
4000,2,1,22.499546,0.4,10,0.4,0,58
4001,2,1,20.103739,0.44,11,0.44,0,58
4002,2,1,16.958807,0.48,12,0.48,0,58
4003,2,1,21.023,0.52,13,0.52,0,58
4004,0,-1,-0.0,0.52,13,0.52,0,58
4005,2,1,17.68481,0.56,14,0.56,0,58
4006,2,1,13.656113,0.6,15,0.6,0,58
4007,0,-1,-12.5637865,0.56,14,0.56,0,58
4008,0,-1,-0.0,0.56,14,0.56,0,58
4009,1,0,0.0,0.56,14,0.56,0,58
4010,2,1,17.774706,0.6,15,0.6,0,58
4011,2,1,12.963055,0.64,16,0.64,0,58
4012,1,0,0.0,0.64,16,0.64,0,58
4013,2,1,5.5842404,0.68,17,0.68,0,58
4014,0,-1,-10.887958,0.64,16,0.64,0,58
4015,2,1,7.869902,0.68,17,0.68,0,58
4016,0,-1,-8.888614,0.64,16,0.64,0,58
4017,0,-1,-0.0,0.64,16,0.64,0,58
4018,2,1,5.750729,0.68,17,0.68,0,58
4019,2,1,2.5887847,0.72,18,0.72,0,58
4020,2,1,-2.4074137,0.76,19,0.76,0,58
4021,0,-1,-0.0,0.76,19,0.76,0,58
4022,2,1,-16.276764,0.8,20,0.8,0,58
4023,2,1,-39.398903,0.84,21,0.84,0,58
4024,2,1,-83.110596,0.88,22,0.88,0,58
4025,2,1,-187.3487,0.92,23,0.92,0,58
4026,0,-1,180.28178,0.88,22,0.88,0,58
4027,2,1,-185.04628,0.92,23,0.92,0,58
4028,2,1,-603.87885,0.96,24,0.96,0,58
4029,2,1,-100.0,0.0,0,0.0,0,58
4030,2,1,28.364332,0.2,5,0.2,0,59
4031,1,0,0.0,0.2,5,0.2,0,59
4032,2,1,28.208652,0.24,6,0.24,0,59
4033,2,1,26.773045,0.28,7,0.28,0,59
4034,2,1,24.804493,0.32,8,0.32,0,59
4035,2,1,22.053389,0.36,9,0.36,0,59
4036,2,1,21.942156,0.4,10,0.4,0,59
4037,2,1,19.069109,0.44,11,0.44,0,59
4038,0,-1,-0.0,0.44,11,0.44,0,59
4039,1,0,0.0,0.44,11,0.44,0,59
4040,0,-1,-25.967117,0.4,10,0.4,0,59
4041,2,1,19.26552,0.44,11,0.44,0,59
4042,2,1,17.979368,0.48,12,0.48,0,59
4043,1,0,0.0,0.48,12,0.48,0,59
4044,2,1,15.062655,0.52,13,0.52,0,59
4045,2,1,11.584371,0.56,14,0.56,0,59
4046,2,1,11.67062,0.6,15,0.6,0,59
4047,2,1,7.064641,0.64,16,0.64,0,59
4048,2,1,-100.0,0.0,0,0.0,0,59
4049,0,-1,-0.0,0.16,4,0.16,0,60
4050,2,1,28.346605,0.2,5,0.2,0,60
4051,2,1,27.0049,0.24,6,0.24,0,60
4052,1,0,0.0,0.24,6,0.24,0,60
4053,2,1,27.98924,0.28,7,0.28,0,60
4054,2,1,23.649387,0.32,8,0.32,0,60
4055,2,1,20.653248,0.36,9,0.36,0,60
4056,2,1,-5.829036,0.4,10,0.4,0,60
4057,2,1,24.768646,0.44,11,0.44,0,60
4058,1,0,0.0,0.44,11,0.44,0,60
4059,0,-1,-0.0,0.44,11,0.44,0,60
4060,1,0,0.0,0.44,11,0.44,0,60
4061,0,-1,-0.0,0.44,11,0.44,0,60
4062,0,-1,-19.412916,0.4,10,0.4,0,60
4063,2,1,-6.5201416,0.44,11,0.44,0,60
4064,2,1,18.541836,0.48,12,0.48,0,60
4065,2,1,19.758776,0.52,13,0.52,0,60
4066,0,-1,-0.0,0.52,13,0.52,0,60
4067,1,0,0.0,0.52,13,0.52,0,60
4068,0,-1,8.49764,0.48,12,0.48,0,60
4069,2,1,21.154152,0.52,13,0.52,0,60
4070,0,-1,-19.758776,0.48,12,0.48,0,60
4071,2,1,18.264599,0.52,13,0.52,0,60
4072,2,1,19.728302,0.56,14,0.56,0,60
4073,0,-1,9.921425,0.52,13,0.52,0,60
4074,1,0,0.0,0.52,13,0.52,0,60
4075,2,1,14.171615,0.56,14,0.56,0,60
4076,0,-1,-16.840895,0.52,13,0.52,0,60
4077,0,-1,-0.0,0.52,13,0.52,0,60
4078,1,0,0.0,0.52,13,0.52,0,60
4079,0,-1,-0.0,0.52,13,0.52,0,60
4080,1,0,0.0,0.52,13,0.52,0,60
4081,0,-1,-0.0,0.52,13,0.52,0,60
4082,2,1,17.410637,0.56,14,0.56,0,60
4083,0,-1,-0.0,0.56,14,0.56,0,60
4084,1,0,0.0,0.56,14,0.56,0,60
4085,2,1,16.470173,0.6,15,0.6,0,60
4086,2,1,10.837234,0.64,16,0.64,0,60
4087,1,0,0.0,0.64,16,0.64,0,60
4088,0,-1,-13.970561,0.6,15,0.6,0,60
4089,2,1,11.084164,0.64,16,0.64,0,60
4090,2,1,10.034872,0.68,17,0.68,0,60
4091,1,0,0.0,0.68,17,0.68,0,60
4092,2,1,0.6721301,0.72,18,0.72,0,60
4093,1,0,0.0,0.72,18,0.72,0,60
4094,0,-1,-0.0,0.72,18,0.72,0,60
4095,0,-1,-0.0,0.72,18,0.72,0,60
4096,0,-1,-0.0,0.72,18,0.72,0,60
4097,2,1,-2.764035,0.76,19,0.76,0,60
4098,2,1,-14.214226,0.8,20,0.8,0,60
4099,0,-1,16.862247,0.76,19,0.76,0,60
4100,2,1,-16.200136,0.8,20,0.8,0,60
4101,2,1,-37.43292,0.84,21,0.84,0,60
4102,2,1,-78.867584,0.88,22,0.88,0,60
4103,2,1,-187.31458,0.92,23,0.92,0,60
4104,0,-1,-0.0,0.92,23,0.92,0,60
4105,0,-1,187.31458,0.88,22,0.88,0,60
4106,2,1,-187.31458,0.92,23,0.92,0,60
4107,2,1,-100.0,0.0,0,0.0,0,60
4108,2,1,-4.1406527,0.2,5,0.2,0,61
4109,1,0,0.0,0.2,5,0.2,0,61
4110,2,1,28.208652,0.24,6,0.24,0,61
4111,1,0,0.0,0.24,6,0.24,0,61
4112,2,1,27.98924,0.28,7,0.28,0,61
4113,0,-1,-27.98924,0.24,6,0.24,0,61
4114,0,-1,-0.0,0.24,6,0.24,0,61
4115,2,1,26.767761,0.28,7,0.28,0,61
4116,1,0,0.0,0.28,7,0.28,0,61
4117,2,1,-4.8479395,0.32,8,0.32,0,61
4118,1,0,0.0,0.32,8,0.32,0,61
4119,1,0,0.0,0.32,8,0.32,0,61
4120,0,-1,-0.0,0.32,8,0.32,0,61
4121,0,-1,-26.436209,0.28,7,0.28,0,61
4122,1,0,0.0,0.28,7,0.28,0,61
4123,2,1,23.409119,0.32,8,0.32,0,61
4124,2,1,27.225174,0.36,9,0.36,0,61
4125,0,-1,5.2804523,0.32,8,0.32,0,61
4126,1,0,0.0,0.32,8,0.32,0,61
4127,2,1,26.003696,0.36,9,0.36,0,61
4128,0,-1,-22.976604,0.32,8,0.32,0,61
4129,0,-1,4.847297,0.28,7,0.28,0,61
4130,2,1,24.80235,0.32,8,0.32,0,61
4131,1,0,0.0,0.32,8,0.32,0,61
4132,2,1,-5.279892,0.36,9,0.36,0,61
4133,2,1,21.503027,0.4,10,0.4,0,61
4134,2,1,18.849876,0.44,11,0.44,0,61
4135,0,-1,-0.0,0.44,11,0.44,0,61
4136,2,1,17.731865,0.48,12,0.48,0,61
4137,2,1,14.610347,0.52,13,0.52,0,61
4138,1,0,0.0,0.52,13,0.52,0,61
4139,1,0,0.0,0.52,13,0.52,0,61
4140,1,0,0.0,0.52,13,0.52,0,61
4141,1,0,0.0,0.52,13,0.52,0,61
4142,2,1,11.138736,0.56,14,0.56,0,61
4143,2,1,-100.0,0.0,0,0.0,0,61
4144,2,1,28.346605,0.2,5,0.2,0,62
4145,2,1,28.22638,0.24,6,0.24,0,62
4146,2,1,26.767761,0.28,7,0.28,0,62
4147,2,1,24.80235,0.32,8,0.32,0,62
4148,2,1,22.490328,0.36,9,0.36,0,62
4149,2,1,19.759785,0.4,10,0.4,0,62
4150,2,1,17.039904,0.44,11,0.44,0,62
4151,2,1,14.1143675,0.48,12,0.48,0,62
4152,0,-1,-0.0,0.48,12,0.48,0,62
4153,2,1,-100.0,0.0,0,0.0,0,62
4154,2,1,28.364332,0.2,5,0.2,0,63
4155,0,-1,-28.364332,0.16,4,0.16,0,63
4156,0,-1,-0.0,0.16,4,0.16,0,63
4157,2,1,-4.1407347,0.2,5,0.2,0,63
4158,0,-1,4.1407347,0.16,4,0.16,0,63
4159,2,1,28.364332,0.2,5,0.2,0,63
4160,1,0,0.0,0.2,5,0.2,0,63
4161,1,0,0.0,0.2,5,0.2,0,63
4162,2,1,27.010183,0.24,6,0.24,0,63
4163,0,-1,-0.0,0.24,6,0.24,0,63
4164,1,0,0.0,0.24,6,0.24,0,63
4165,1,0,0.0,0.24,6,0.24,0,63
4166,0,-1,-0.0,0.24,6,0.24,0,63
4167,2,1,25.136045,0.28,7,0.28,0,63
4168,1,0,0.0,0.28,7,0.28,0,63
4169,1,0,0.0,0.28,7,0.28,0,63
4170,2,1,22.923813,0.32,8,0.32,0,63
4171,1,0,0.0,0.32,8,0.32,0,63
4172,2,1,-5.279892,0.36,9,0.36,0,63
4173,2,1,21.504246,0.4,10,0.4,0,63
4174,0,-1,-0.0,0.4,10,0.4,0,63
4175,2,1,18.85045,0.44,11,0.44,0,63
4176,2,1,17.732517,0.48,12,0.48,0,63
4177,0,-1,-17.732517,0.44,11,0.44,0,63
4178,2,1,18.198029,0.48,12,0.48,0,63
4179,2,1,16.6261,0.52,13,0.52,0,63
4180,2,1,13.53552,0.56,14,0.56,0,63
4181,2,1,11.774053,0.6,15,0.6,0,63
4182,0,-1,-0.0,0.6,15,0.6,0,63
4183,2,1,9.061712,0.64,16,0.64,0,63
4184,2,1,3.7200801,0.68,17,0.68,0,63
4185,2,1,0.5565169,0.72,18,0.72,0,63
4186,2,1,-8.801384,0.76,19,0.76,0,63
4187,2,1,-100.0,0.0,0,0.0,0,63
4188,1,0,0.0,0.16,4,0.16,0,64
4189,1,0,0.0,0.16,4,0.16,0,64
4190,2,1,-4.1406527,0.2,5,0.2,0,64
4191,0,-1,-0.0,0.2,5,0.2,0,64
4192,0,-1,4.1406527,0.16,4,0.16,0,64
4193,0,-1,-0.0,0.16,4,0.16,0,64
4194,0,-1,-0.0,0.16,4,0.16,0,64
4195,2,1,28.346605,0.2,5,0.2,0,64
4196,2,1,23.97781,0.24,6,0.24,0,64
4197,2,1,27.98924,0.28,7,0.28,0,64
4198,1,0,0.0,0.28,7,0.28,0,64
4199,1,0,0.0,0.28,7,0.28,0,64
4200,2,1,26.441492,0.32,8,0.32,0,64
4201,0,-1,-0.0,0.32,8,0.32,0,64
4202,2,1,-5.279892,0.36,9,0.36,0,64
4203,1,0,0.0,0.36,9,0.36,0,64
4204,2,1,23.822836,0.4,10,0.4,0,64
4205,0,-1,-22.427462,0.36,9,0.36,0,64
4206,0,-1,-0.0,0.36,9,0.36,0,64
4207,2,1,22.213333,0.4,10,0.4,0,64
4208,2,1,19.619528,0.44,11,0.44,0,64
4209,2,1,23.892282,0.48,12,0.48,0,64
4210,2,1,19.27347,0.52,13,0.52,0,64
4211,0,-1,-22.785866,0.48,12,0.48,0,64
4212,2,1,17.091612,0.52,13,0.52,0,64
4213,0,-1,8.497722,0.48,12,0.48,0,64
4214,2,1,22.785866,0.52,13,0.52,0,64
4215,1,0,0.0,0.52,13,0.52,0,64
4216,2,1,15.86432,0.56,14,0.56,0,64
4217,0,-1,-21.362164,0.52,13,0.52,0,64
4218,2,1,16.687035,0.56,14,0.56,0,64
4219,2,1,11.67062,0.6,15,0.6,0,64
4220,1,0,0.0,0.6,15,0.6,0,64
4221,2,1,7.064641,0.64,16,0.64,0,64
4222,2,1,-100.0,0.0,0,0.0,0,64
4223,2,1,28.364332,0.2,5,0.2,0,65
4224,2,1,28.208652,0.24,6,0.24,0,65
4225,2,1,26.773045,0.28,7,0.28,0,65
4226,2,1,26.436209,0.32,8,0.32,0,65
4227,0,-1,-0.0,0.32,8,0.32,0,65
4228,0,-1,-0.0,0.32,8,0.32,0,65
4229,0,-1,-0.0,0.32,8,0.32,0,65
4230,0,-1,-26.441492,0.28,7,0.28,0,65
4231,2,1,26.441492,0.32,8,0.32,0,65
4232,0,-1,-0.0,0.32,8,0.32,0,65
4233,0,-1,-26.441492,0.28,7,0.28,0,65
4234,2,1,-4.847297,0.32,8,0.32,0,65
4235,2,1,26.008978,0.36,9,0.36,0,65
4236,0,-1,-0.0,0.36,9,0.36,0,65
4237,2,1,22.671667,0.4,10,0.4,0,65
4238,1,0,0.0,0.4,10,0.4,0,65
4239,1,0,0.0,0.4,10,0.4,0,65
4240,1,0,0.0,0.4,10,0.4,0,65
4241,1,0,0.0,0.4,10,0.4,0,65
4242,0,-1,-0.0,0.4,10,0.4,0,65
4243,1,0,0.0,0.4,10,0.4,0,65
4244,2,1,-6.520784,0.44,11,0.44,0,65
4245,0,-1,-0.0,0.44,11,0.44,0,65
4246,2,1,22.260569,0.48,12,0.48,0,65
4247,0,-1,7.391865,0.44,11,0.44,0,65
4248,1,0,0.0,0.44,11,0.44,0,65
4249,2,1,-7.391865,0.48,12,0.48,0,65
4250,2,1,-8.498307,0.52,13,0.52,0,65
4251,0,-1,-20.002981,0.48,12,0.48,0,65
4252,0,-1,-0.0,0.48,12,0.48,0,65
4253,2,1,19.544647,0.52,13,0.52,0,65
4254,1,0,0.0,0.52,13,0.52,0,65
4255,0,-1,-0.0,0.52,13,0.52,0,65
4256,2,1,19.728302,0.56,14,0.56,0,65
4257,0,-1,-18.120945,0.52,13,0.52,0,65
4258,1,0,0.0,0.52,13,0.52,0,65
4259,2,1,17.849766,0.56,14,0.56,0,65
4260,2,1,15.545738,0.6,15,0.6,0,65
4261,1,0,0.0,0.6,15,0.6,0,65
4262,0,-1,-0.0,0.6,15,0.6,0,65
4263,2,1,13.484284,0.64,16,0.64,0,65
4264,0,-1,-0.0,0.64,16,0.64,0,65
4265,2,1,8.050396,0.68,17,0.68,0,65
4266,1,0,0.0,0.68,17,0.68,0,65
4267,0,-1,-9.596714,0.64,16,0.64,0,65
4268,0,-1,-0.0,0.64,16,0.64,0,65
4269,1,0,0.0,0.64,16,0.64,0,65
4270,2,1,6.016668,0.68,17,0.68,0,65
4271,0,-1,17.735935,0.64,16,0.64,0,65
4272,2,1,5.9232125,0.68,17,0.68,0,65
4273,2,1,2.9140933,0.72,18,0.72,0,65
4274,2,1,-4.508496,0.76,19,0.76,0,65
4275,2,1,-20.382654,0.8,20,0.8,0,65
4276,2,1,-35.47153,0.84,21,0.84,0,65
4277,1,0,0.0,0.84,21,0.84,0,65
4278,2,1,-79.08631,0.88,22,0.88,0,65
4279,2,1,-185.263,0.92,23,0.92,0,65
4280,0,-1,-0.0,0.92,23,0.92,0,65
4281,2,1,-100.0,0.0,0,0.0,0,65
4282,2,1,28.346605,0.2,5,0.2,0,66
4283,0,-1,-28.346605,0.16,4,0.16,0,66
4284,2,1,-4.1406527,0.2,5,0.2,0,66
4285,2,1,28.208652,0.24,6,0.24,0,66
4286,2,1,23.740671,0.28,7,0.28,0,66
4287,1,0,0.0,0.28,7,0.28,0,66
4288,0,-1,-0.0,0.28,7,0.28,0,66
4289,1,0,0.0,0.28,7,0.28,0,66
4290,1,0,0.0,0.28,7,0.28,0,66
4291,1,0,0.0,0.28,7,0.28,0,66
4292,1,0,0.0,0.28,7,0.28,0,66
4293,0,-1,4.515744,0.24,6,0.24,0,66
4294,2,1,27.98924,0.28,7,0.28,0,66
4295,2,1,26.436209,0.32,8,0.32,0,66
4296,2,1,23.216873,0.36,9,0.36,0,66
4297,2,1,20.933285,0.4,10,0.4,0,66
4298,1,0,0.0,0.4,10,0.4,0,66
4299,0,-1,-22.427462,0.36,9,0.36,0,66
4300,1,0,0.0,0.36,9,0.36,0,66
4301,2,1,19.010155,0.4,10,0.4,0,66
4302,2,1,21.736273,0.44,11,0.44,0,66
4303,0,-1,-0.0,0.44,11,0.44,0,66
4304,0,-1,-0.0,0.44,11,0.44,0,66
4305,2,1,15.28944,0.48,12,0.48,0,66
4306,2,1,22.79115,0.52,13,0.52,0,66
4307,2,1,18.579277,0.56,14,0.56,0,66
4308,0,-1,-18.335072,0.52,13,0.52,0,66
4309,1,0,0.0,0.52,13,0.52,0,66
4310,1,0,0.0,0.52,13,0.52,0,66
4311,1,0,0.0,0.52,13,0.52,0,66
4312,2,1,10.639298,0.56,14,0.56,0,66
4313,2,1,14.977644,0.6,15,0.6,0,66
4314,0,-1,-0.0,0.6,15,0.6,0,66
4315,2,1,15.363791,0.64,16,0.64,0,66
4316,0,-1,-0.0,0.64,16,0.64,0,66
4317,2,1,2.9054005,0.68,17,0.68,0,66
4318,1,0,0.0,0.68,17,0.68,0,66
4319,2,1,-100.0,0.0,0,0.0,0,66
4320,2,1,-4.1407347,0.2,5,0.2,0,67
4321,1,0,0.0,0.2,5,0.2,0,67
4322,1,0,0.0,0.2,5,0.2,0,67
4323,2,1,28.22638,0.24,6,0.24,0,67
4324,1,0,0.0,0.24,6,0.24,0,67
4325,2,1,27.971514,0.28,7,0.28,0,67
4326,2,1,-4.8478045,0.32,8,0.32,0,67
4327,0,-1,-27.657686,0.28,7,0.28,0,67
4328,0,-1,-0.0,0.28,7,0.28,0,67
4329,0,-1,-0.0,0.28,7,0.28,0,67
4330,1,0,0.0,0.28,7,0.28,0,67
4331,2,1,-4.847933,0.32,8,0.32,0,67
4332,0,-1,-0.0,0.32,8,0.32,0,67
4333,2,1,27.225174,0.36,9,0.36,0,67
4334,2,1,-5.829622,0.4,10,0.4,0,67
4335,0,-1,-0.0,0.4,10,0.4,0,67
4336,2,1,24.763365,0.44,11,0.44,0,67
4337,0,-1,-0.0,0.44,11,0.44,0,67
4338,2,1,-7.391858,0.48,12,0.48,0,67
4339,0,-1,7.3918586,0.44,11,0.44,0,67
4340,1,0,0.0,0.44,11,0.44,0,67
4341,2,1,23.897566,0.48,12,0.48,0,67
4342,2,1,21.154152,0.52,13,0.52,0,67
4343,1,0,0.0,0.52,13,0.52,0,67
4344,0,-1,-22.785866,0.48,12,0.48,0,67
4345,2,1,19.27347,0.52,13,0.52,0,67
4346,2,1,21.362164,0.56,14,0.56,0,67
4347,1,0,0.0,0.56,14,0.56,0,67
4348,0,-1,-0.0,0.56,14,0.56,0,67
4349,2,1,13.99942,0.6,15,0.6,0,67
4350,0,-1,-0.0,0.6,15,0.6,0,67
4351,2,1,15.363791,0.64,16,0.64,0,67
4352,1,0,0.0,0.64,16,0.64,0,67
4353,0,-1,-0.0,0.64,16,0.64,0,67
4354,2,1,7.8539844,0.68,17,0.68,0,67
4355,1,0,0.0,0.68,17,0.68,0,67
4356,2,1,0.9833214,0.72,18,0.72,0,67
4357,0,-1,22.675825,0.68,17,0.68,0,67
4358,2,1,0.8851377,0.72,18,0.72,0,67
4359,2,1,-1.8408189,0.76,19,0.76,0,67
4360,2,1,-20.382654,0.8,20,0.8,0,67
4361,2,1,-34.761223,0.84,21,0.84,0,67
4362,0,-1,62.804146,0.8,20,0.8,0,67
4363,1,0,0.0,0.8,20,0.8,0,67
4364,0,-1,-0.0,0.8,20,0.8,0,67
4365,0,-1,41.985844,0.76,19,0.76,0,67
4366,0,-1,2.054947,0.72,18,0.72,0,67
4367,2,1,-8.542431,0.76,19,0.76,0,67
4368,2,1,-100.0,0.0,0,0.0,0,67
4369,2,1,28.346605,0.2,5,0.2,0,68
4370,1,0,0.0,0.2,5,0.2,0,68
4371,1,0,0.0,0.2,5,0.2,0,68
4372,0,-1,-28.346605,0.16,4,0.16,0,68
4373,0,-1,-0.0,0.16,4,0.16,1,68
4374,0,-1,-0.0,0.16,4,0.16,0,68
4375,0,-1,-0.0,0.16,4,0.16,0,68
4376,2,1,28.130781,0.2,5,0.2,0,68
4377,2,1,26.776814,0.24,6,0.24,0,68
4378,2,1,21.571346,0.28,7,0.28,0,68
4379,1,0,0.0,0.28,7,0.28,0,68
4380,1,0,0.0,0.28,7,0.28,0,68
4381,0,-1,-21.571346,0.24,6,0.24,0,68
4382,2,1,24.662327,0.28,7,0.28,0,68
4383,1,0,0.0,0.28,7,0.28,0,68
4384,0,-1,-24.662327,0.24,6,0.24,0,68
4385,2,1,27.887657,0.28,7,0.28,0,68
4386,2,1,24.614557,0.32,8,0.32,0,68
4387,1,0,0.0,0.32,8,0.32,0,68
4388,0,-1,-0.0,0.32,8,0.32,0,68
4389,0,-1,-0.0,0.32,8,0.32,0,68
4390,0,-1,-27.556105,0.28,7,0.28,0,68
4391,1,0,0.0,0.28,7,0.28,0,68
4392,1,0,0.0,0.28,7,0.28,0,68
4393,2,1,21.239792,0.32,8,0.32,0,68
4394,2,1,22.318638,0.36,9,0.36,0,68
4395,2,1,26.574448,0.4,10,0.4,0,68
4396,2,1,18.183937,0.44,11,0.44,0,68
4397,0,-1,-0.0,0.44,11,0.44,0,68
4398,2,1,22.504269,0.48,12,0.48,0,68
4399,0,-1,-0.0,0.48,12,0.48,0,68
4400,1,0,0.0,0.48,12,0.48,0,68
4401,1,0,0.0,0.48,12,0.48,0,68
4402,2,1,17.122986,0.52,13,0.52,0,68
4403,0,-1,-0.0,0.52,13,0.52,0,68
4404,2,1,17.19935,0.56,14,0.56,0,68
4405,0,-1,-0.0,0.56,14,0.56,0,68
4406,1,0,0.0,0.56,14,0.56,0,68
4407,0,-1,-17.19935,0.52,13,0.52,0,68
4408,2,1,18.769278,0.56,14,0.56,0,68
4409,1,0,0.0,0.56,14,0.56,0,68
4410,2,1,11.804236,0.6,15,0.6,0,68
4411,2,1,7.249463,0.64,16,0.64,0,68
4412,2,1,-100.0,0.0,0,0.0,0,68
4413,2,1,28.346605,0.2,5,0.2,0,69
4414,2,1,-4.278605,0.24,6,0.24,0,69
4415,2,1,-4.5163865,0.28,7,0.28,0,69
4416,1,0,0.0,0.28,7,0.28,0,69
4417,2,1,27.657686,0.32,8,0.32,0,69
4418,2,1,26.008978,0.36,9,0.36,0,69
4419,1,0,0.0,0.36,9,0.36,0,69
4420,2,1,23.822836,0.4,10,0.4,0,69
4421,0,-1,-0.0,0.4,10,0.4,0,69
4422,1,0,0.0,0.4,10,0.4,0,69
4423,0,-1,-0.0,0.4,10,0.4,0,69
4424,2,1,21.980478,0.44,11,0.44,0,69
4425,1,0,0.0,0.44,11,0.44,0,69
4426,2,1,19.372663,0.48,12,0.48,0,69
4427,2,1,16.00727,0.52,13,0.52,0,69
4428,2,1,14.918525,0.56,14,0.56,0,69
4429,1,0,0.0,0.56,14,0.56,0,69
4430,2,1,19.497263,0.6,15,0.6,0,69
4431,1,0,0.0,0.6,15,0.6,0,69
4432,2,1,8.043797,0.64,16,0.64,0,69
4433,2,1,10.761417,0.68,17,0.68,0,69
4434,2,1,6.9744883,0.72,18,0.72,0,69
4435,1,0,0.0,0.72,18,0.72,0,69
4436,2,1,-30.097902,0.76,19,0.76,0,69
4437,2,1,-14.652136,0.8,20,0.8,0,69
4438,0,-1,-0.0,0.8,20,0.8,0,69
4439,1,0,0.0,0.8,20,0.8,0,69
4440,1,0,0.0,0.8,20,0.8,0,69
4441,2,1,-37.679768,0.84,21,0.84,0,69
4442,0,-1,-0.0,0.84,21,0.84,0,69
4443,1,0,0.0,0.84,21,0.84,0,69
4444,0,-1,40.473858,0.8,20,0.8,0,69
4445,1,0,0.0,0.8,20,0.8,0,69
4446,0,-1,-0.0,0.8,20,0.8,0,69
4447,2,1,-62.803593,0.84,21,0.84,0,69
4448,2,1,-81.77527,0.88,22,0.88,0,69
4449,0,-1,-0.0,0.88,22,0.88,0,69
4450,0,-1,104.45699,0.84,21,0.84,0,69
4451,0,-1,40.12245,0.8,20,0.8,0,69
4452,1,0,0.0,0.8,20,0.8,0,69
4453,1,0,0.0,0.8,20,0.8,0,69
4454,2,1,-39.695206,0.84,21,0.84,0,69
4455,2,1,-83.39609,0.88,22,0.88,0,69
4456,0,-1,79.951416,0.84,21,0.84,0,69
4457,0,-1,-0.0,0.84,21,0.84,0,69
4458,0,-1,34.306828,0.8,20,0.8,0,69
4459,2,1,-35.47153,0.84,21,0.84,0,69
4460,0,-1,37.963642,0.8,20,0.8,0,69
4461,2,1,-43.807182,0.84,21,0.84,0,69
4462,0,-1,-0.0,0.84,21,0.84,0,69
4463,2,1,-76.68522,0.88,22,0.88,0,69
4464,1,0,0.0,0.88,22,0.88,0,69
4465,0,-1,-0.0,0.88,22,0.88,0,69
4466,0,-1,-0.0,0.88,22,0.88,0,69
4467,0,-1,77.69244,0.84,21,0.84,0,69
4468,0,-1,-0.0,0.84,21,0.84,0,69
4469,2,1,-76.68619,0.88,22,0.88,0,69
4470,0,-1,75.9557,0.84,21,0.84,0,69
4471,2,1,-83.45984,0.88,22,0.88,0,69
4472,2,1,-189.7096,0.92,23,0.92,0,69
4473,1,0,0.0,0.92,23,0.92,0,69
4474,2,1,-599.676,0.96,24,0.96,0,69
4475,1,0,0.0,0.96,24,0.96,0,69
4476,0,-1,625.2659,0.92,23,0.92,0,69
4477,2,1,-601.70496,0.96,24,0.96,0,69
4478,0,-1,-100.0,0.0,0,0.0,0,69
4479,2,1,28.364332,0.2,5,0.2,0,70
4480,1,0,0.0,0.2,5,0.2,0,70
4481,1,0,0.0,0.2,5,0.2,0,70
4482,0,-1,-0.0,0.2,5,0.2,0,70
4483,2,1,28.208652,0.24,6,0.24,0,70
4484,0,-1,-0.0,0.24,6,0.24,0,70
4485,2,1,26.773045,0.28,7,0.28,0,70
4486,2,1,23.653324,0.32,8,0.32,0,70
4487,0,-1,-0.0,0.32,8,0.32,0,70
4488,0,-1,-0.0,0.32,8,0.32,0,70
4489,1,0,0.0,0.32,8,0.32,0,70
4490,0,-1,-0.0,0.32,8,0.32,0,70
4491,0,-1,-0.0,0.32,8,0.32,0,70
4492,0,-1,-23.653324,0.28,7,0.28,0,70
4493,0,-1,-0.0,0.28,7,0.28,0,70
4494,2,1,24.804493,0.32,8,0.32,0,70
4495,1,0,0.0,0.32,8,0.32,0,70
4496,2,1,22.053389,0.36,9,0.36,0,70
4497,2,1,19.541637,0.4,10,0.4,0,70
4498,2,1,18.6036,0.44,11,0.44,0,70
4499,2,1,23.892282,0.48,12,0.48,0,70
4500,0,-1,-23.892282,0.44,11,0.44,0,70
4501,0,-1,-18.6036,0.4,10,0.4,0,70
4502,2,1,18.6036,0.44,11,0.44,0,70
4503,2,1,23.892282,0.48,12,0.48,0,70
4504,2,1,14.849927,0.52,13,0.52,0,70
4505,0,-1,-0.0,0.52,13,0.52,0,70
4506,2,1,11.374507,0.56,14,0.56,0,70
4507,2,1,9.453364,0.6,15,0.6,0,70
4508,1,0,0.0,0.6,15,0.6,0,70
4509,2,1,8.94582,0.64,16,0.64,0,70
4510,1,0,0.0,0.64,16,0.64,0,70
4511,2,1,10.307021,0.68,17,0.68,0,70
4512,2,1,-100.0,0.0,0,0.0,0,70
4513,2,1,28.364332,0.2,5,0.2,0,71
4514,2,1,-4.278687,0.24,6,0.24,0,71
4515,2,1,26.773045,0.28,7,0.28,0,71
4516,0,-1,-26.773045,0.24,6,0.24,0,71
4517,1,0,0.0,0.24,6,0.24,0,71
4518,2,1,26.773045,0.28,7,0.28,0,71
4519,0,-1,-0.0,0.28,7,0.28,0,71
4520,0,-1,4.515826,0.24,6,0.24,0,71
4521,2,1,-4.515744,0.28,7,0.28,0,71
4522,1,0,0.0,0.28,7,0.28,0,71
4523,0,-1,-0.0,0.28,7,0.28,0,71
4524,1,0,0.0,0.28,7,0.28,0,71
4525,0,-1,4.515744,0.24,6,0.24,0,71
4526,2,1,23.984877,0.28,7,0.28,0,71
4527,0,-1,-23.984877,0.24,6,0.24,0,71
4528,1,0,0.0,0.24,6,0.24,0,71
4529,2,1,27.971514,0.28,7,0.28,0,71
4530,2,1,26.436209,0.32,8,0.32,0,71
4531,0,-1,-26.441492,0.28,7,0.28,0,71
4532,0,-1,-0.0,0.28,7,0.28,0,71
4533,2,1,23.649387,0.32,8,0.32,0,71
4534,0,-1,-0.0,0.32,8,0.32,0,71
4535,0,-1,-0.0,0.32,8,0.32,0,71
4536,1,0,0.0,0.32,8,0.32,0,71
4537,2,1,24.369835,0.36,9,0.36,0,71
4538,2,1,21.941185,0.4,10,0.4,0,71
4539,1,0,0.0,0.4,10,0.4,0,71
4540,2,1,19.265059,0.44,11,0.44,0,71
4541,2,1,16.26702,0.48,12,0.48,0,71
4542,1,0,0.0,0.48,12,0.48,0,71
4543,2,1,15.254068,0.52,13,0.52,0,71
4544,2,1,11.681221,0.56,14,0.56,0,71
4545,2,1,-11.7862425,0.6,15,0.6,0,71
4546,2,1,7.3634386,0.64,16,0.64,0,71
4547,1,0,0.0,0.64,16,0.64,0,71
4548,0,-1,-0.0,0.64,16,0.64,0,71
4549,1,0,0.0,0.64,16,0.64,0,71
4550,1,0,0.0,0.64,16,0.64,0,71
4551,1,0,0.0,0.64,16,0.64,0,71
4552,1,0,0.0,0.64,16,0.64,0,71
4553,1,0,0.0,0.64,16,0.64,0,71
4554,0,-1,-14.21083,0.6,15,0.6,0,71
4555,1,0,0.0,0.6,15,0.6,0,71
4556,2,1,7.409071,0.64,16,0.64,0,71
4557,2,1,9.596714,0.68,17,0.68,0,71
4558,2,1,-100.0,0.0,0,0.0,0,71
4559,2,1,28.346605,0.2,5,0.2,0,72
4560,1,0,0.0,0.2,5,0.2,0,72
4561,0,-1,-0.0,0.2,5,0.2,0,72
4562,0,-1,-0.0,0.2,5,0.2,0,72
4563,2,1,28.22638,0.24,6,0.24,0,72
4564,2,1,26.767761,0.28,7,0.28,0,72
4565,2,1,23.409119,0.32,8,0.32,0,72
4566,2,1,26.008978,0.36,9,0.36,0,72
4567,2,1,23.820692,0.4,10,0.4,0,72
4568,0,-1,-22.427462,0.36,9,0.36,0,72
4569,1,0,0.0,0.36,9,0.36,0,72
4570,1,0,0.0,0.36,9,0.36,0,72
4571,2,1,21.503027,0.4,10,0.4,0,72
4572,1,0,0.0,0.4,10,0.4,0,72
4573,1,0,0.0,0.4,10,0.4,0,72
4574,2,1,-6.5202236,0.44,11,0.44,0,72
4575,0,-1,-0.0,0.44,11,0.44,0,72
4576,0,-1,-0.0,0.44,11,0.44,0,72
4577,2,1,22.260569,0.48,12,0.48,0,72
4578,2,1,16.625448,0.52,13,0.52,0,72
4579,1,0,0.0,0.52,13,0.52,0,72
4580,2,1,15.448675,0.56,14,0.56,0,72
4581,2,1,11.321744,0.6,15,0.6,0,72
4582,1,0,0.0,0.6,15,0.6,0,72
4583,2,1,8.945524,0.64,16,0.64,0,72
4584,0,-1,14.285936,0.6,15,0.6,0,72
4585,2,1,6.8956656,0.64,16,0.64,0,72
4586,2,1,10.035843,0.68,17,0.68,0,72
4587,2,1,3.110505,0.72,18,0.72,0,72
4588,0,-1,-0.0,0.72,18,0.72,0,72
4589,1,0,0.0,0.72,18,0.72,0,72
4590,0,-1,-0.0,0.72,18,0.72,0,72
4591,1,0,0.0,0.72,18,0.72,0,72
4592,1,0,0.0,0.72,18,0.72,0,72
4593,0,-1,-0.0,0.72,18,0.72,0,72
4594,2,1,-2.327096,0.76,19,0.76,0,72
4595,2,1,-100.0,0.0,0,0.0,0,72
4596,2,1,28.364332,0.2,5,0.2,0,73
4597,2,1,27.010183,0.24,6,0.24,0,73
4598,2,1,27.971514,0.28,7,0.28,0,73
4599,2,1,24.804493,0.32,8,0.32,0,73
4600,1,0,0.0,0.32,8,0.32,0,73
4601,2,1,22.491299,0.36,9,0.36,0,73
4602,2,1,19.956709,0.4,10,0.4,0,73
4603,2,1,19.069109,0.44,11,0.44,0,73
4604,0,-1,-0.0,0.44,11,0.44,0,73
4605,1,0,0.0,0.44,11,0.44,0,73
4606,2,1,23.892282,0.48,12,0.48,0,73
4607,2,1,15.254294,0.52,13,0.52,0,73
4608,1,0,0.0,0.52,13,0.52,0,73
4609,1,0,0.0,0.52,13,0.52,0,73
4610,2,1,11.728065,0.56,14,0.56,0,73
4611,2,1,11.774053,0.6,15,0.6,0,73
4612,1,0,0.0,0.6,15,0.6,0,73
4613,2,1,14.21083,0.64,16,0.64,0,73
4614,2,1,-17.735266,0.68,17,0.68,0,73
4615,1,0,0.0,0.68,17,0.68,0,73
4616,2,1,-0.9801209,0.72,18,0.72,0,73
4617,1,0,0.0,0.72,18,0.72,0,73
4618,2,1,-2.764035,0.76,19,0.76,0,73
4619,0,-1,30.097235,0.72,18,0.72,0,73
4620,2,1,-6.4387555,0.76,19,0.76,0,73
4621,2,1,-100.0,0.0,0,0.0,0,73
4622,2,1,28.364332,0.2,5,0.2,0,74
4623,0,-1,-0.0,0.2,5,0.2,0,74
4624,1,0,0.0,0.2,5,0.2,0,74
4625,2,1,27.010183,0.24,6,0.24,0,74
4626,1,0,0.0,0.24,6,0.24,0,74
4627,1,0,0.0,0.24,6,0.24,0,74
4628,2,1,25.136045,0.28,7,0.28,0,74
4629,0,-1,-0.0,0.28,7,0.28,0,74
4630,0,-1,-0.0,0.28,7,0.28,0,74
4631,2,1,22.485903,0.32,8,0.32,0,74
4632,2,1,20.090782,0.36,9,0.36,0,74
4633,2,1,26.658304,0.4,10,0.4,0,74
4634,0,-1,-0.0,0.4,10,0.4,0,74
4635,1,0,0.0,0.4,10,0.4,0,74
4636,0,-1,-0.0,0.4,10,0.4,0,74
4637,2,1,18.6036,0.44,11,0.44,0,74
4638,2,1,20.379887,0.48,12,0.48,0,74
4639,2,1,17.288023,0.52,13,0.52,0,74
4640,1,0,0.0,0.52,13,0.52,0,74
4641,2,1,15.667908,0.56,14,0.56,0,74
4642,2,1,11.445432,0.6,15,0.6,0,74
4643,2,1,9.171008,0.64,16,0.64,0,74
4644,2,1,5.9232125,0.68,17,0.68,0,74
4645,0,-1,-0.0,0.68,17,0.68,0,74
4646,2,1,-1.2715249,0.72,18,0.72,0,74
4647,1,0,0.0,0.72,18,0.72,0,74
4648,1,0,0.0,0.72,18,0.72,0,74
4649,0,-1,-0.0,0.72,18,0.72,0,74
4650,2,1,-6.9889317,0.76,19,0.76,0,74
4651,2,1,-18.63777,0.8,20,0.8,0,74
4652,0,-1,-0.0,0.8,20,0.8,0,74
4653,2,1,-39.82714,0.84,21,0.84,0,74
4654,2,1,-80.896034,0.88,22,0.88,0,74
4655,2,1,-187.15494,0.92,23,0.92,0,74
4656,0,-1,176.12303,0.88,22,0.88,0,74
4657,2,1,-100.0,0.0,0,0.0,0,74
4658,1,0,0.0,0.16,4,0.16,0,75
4659,2,1,28.346605,0.2,5,0.2,0,75
4660,2,1,27.0049,0.24,6,0.24,0,75
4661,1,0,0.0,0.24,6,0.24,0,75
4662,0,-1,-0.0,0.24,6,0.24,0,75
4663,2,1,25.133902,0.28,7,0.28,0,75
4664,2,1,23.649387,0.32,8,0.32,0,75
4665,0,-1,-0.0,0.32,8,0.32,0,75
4666,2,1,27.225174,0.36,9,0.36,0,75
4667,1,0,0.0,0.36,9,0.36,0,75
4668,2,1,21.941185,0.4,10,0.4,0,75
4669,2,1,19.265059,0.44,11,0.44,0,75
4670,2,1,19.940758,0.48,12,0.48,0,75
4671,1,0,0.0,0.48,12,0.48,0,75
4672,1,0,0.0,0.48,12,0.48,0,75
4673,1,0,0.0,0.48,12,0.48,0,75
4674,2,1,17.091099,0.52,13,0.52,0,75
4675,2,1,13.638702,0.56,14,0.56,0,75
4676,1,0,0.0,0.56,14,0.56,0,75
4677,0,-1,-18.57534,0.52,13,0.52,0,75
4678,0,-1,-0.0,0.52,13,0.52,0,75
4679,1,0,0.0,0.52,13,0.52,0,75
4680,1,0,0.0,0.52,13,0.52,0,75
4681,2,1,18.57534,0.56,14,0.56,0,75
4682,2,1,-11.7863245,0.6,15,0.6,0,75
4683,2,1,-14.2864895,0.64,16,0.64,0,75
4684,2,1,5.9229755,0.68,17,0.68,0,75
4685,2,1,1.0765506,0.72,18,0.72,0,75
4686,2,1,1.1915543,0.76,19,0.76,0,75
4687,0,-1,-0.0,0.76,19,0.76,0,75
4688,2,1,-20.290411,0.8,20,0.8,0,75
4689,0,-1,41.98597,0.76,19,0.76,0,75
4690,1,0,0.0,0.76,19,0.76,0,75
4691,1,0,0.0,0.76,19,0.76,0,75
4692,1,0,0.0,0.76,19,0.76,0,75
4693,2,1,-20.430653,0.8,20,0.8,0,75
4694,2,1,-37.43349,0.84,21,0.84,0,75
4695,0,-1,62.803593,0.8,20,0.8,0,75
4696,0,-1,-0.0,0.8,20,0.8,0,75
4697,0,-1,-0.0,0.8,20,0.8,0,75
4698,2,1,-100.0,0.0,0,0.0,0,75
4699,2,1,-4.1407347,0.2,5,0.2,0,76
4700,0,-1,4.1407347,0.16,4,0.16,0,76
4701,2,1,28.346605,0.2,5,0.2,0,76
4702,1,0,0.0,0.2,5,0.2,0,76
4703,2,1,23.97781,0.24,6,0.24,0,76
4704,2,1,27.98924,0.28,7,0.28,0,76
4705,2,1,26.436209,0.32,8,0.32,0,76
4706,1,0,0.0,0.32,8,0.32,0,76
4707,0,-1,-23.409119,0.28,7,0.28,0,76
4708,0,-1,-26.767761,0.24,6,0.24,0,76
4709,2,1,23.526543,0.28,7,0.28,0,76
4710,1,0,0.0,0.28,7,0.28,0,76
4711,2,1,26.436209,0.32,8,0.32,0,76
4712,0,-1,-26.436209,0.28,7,0.28,0,76
4713,0,-1,-27.971514,0.24,6,0.24,0,76
4714,2,1,22.092632,0.28,7,0.28,0,76
4715,2,1,20.415876,0.32,8,0.32,0,76
4716,2,1,27.207449,0.36,9,0.36,0,76
4717,0,-1,-19.983362,0.32,8,0.32,0,76
4718,2,1,26.008978,0.36,9,0.36,0,76
4719,0,-1,-0.0,0.36,9,0.36,0,76
4720,2,1,23.822836,0.4,10,0.4,0,76
4721,0,-1,-20.779423,0.36,9,0.36,0,76
4722,0,-1,-27.207449,0.32,8,0.32,0,76
4723,2,1,27.207449,0.36,9,0.36,0,76
4724,0,-1,-22.762478,0.32,8,0.32,0,76
4725,2,1,26.003696,0.36,9,0.36,0,76
4726,2,1,23.820692,0.4,10,0.4,0,76
4727,2,1,21.250967,0.44,11,0.44,0,76
4728,2,1,19.940758,0.48,12,0.48,0,76
4729,0,-1,-0.0,0.48,12,0.48,0,76
4730,2,1,17.288023,0.52,13,0.52,0,76
4731,1,0,0.0,0.52,13,0.52,0,76
4732,2,1,15.448675,0.56,14,0.56,0,76
4733,2,1,11.561046,0.6,15,0.6,0,76
4734,0,-1,-0.0,0.6,15,0.6,0,76
4735,0,-1,-0.0,0.6,15,0.6,0,76
4736,2,1,14.2147665,0.64,16,0.64,0,76
4737,2,1,6.016668,0.68,17,0.68,0,76
4738,2,1,-1.0257504,0.72,18,0.72,0,76
4739,0,-1,-0.0,0.72,18,0.72,0,76
4740,1,0,0.0,0.72,18,0.72,0,76
4741,2,1,-4.5079837,0.76,19,0.76,0,76
4742,2,1,-100.0,0.0,0,0.0,0,76
4743,2,1,28.364332,0.2,5,0.2,0,77
4744,2,1,28.208652,0.24,6,0.24,0,77
4745,1,0,0.0,0.24,6,0.24,0,77
4746,0,-1,-0.0,0.24,6,0.24,0,77
4747,2,1,26.773045,0.28,7,0.28,0,77
4748,2,1,26.436209,0.32,8,0.32,0,77
4749,2,1,24.369835,0.36,9,0.36,0,77
4750,2,1,-5.828954,0.4,10,0.4,0,77
4751,1,0,0.0,0.4,10,0.4,0,77
4752,2,1,21.522146,0.44,11,0.44,0,77
4753,1,0,0.0,0.44,11,0.44,0,77
4754,1,0,0.0,0.44,11,0.44,0,77
4755,2,1,22.260569,0.48,12,0.48,0,77
4756,1,0,0.0,0.48,12,0.48,0,77
4757,1,0,0.0,0.48,12,0.48,0,77
4758,2,1,19.27347,0.52,13,0.52,0,77
4759,2,1,17.411856,0.56,14,0.56,0,77
4760,1,0,0.0,0.56,14,0.56,0,77
4761,1,0,0.0,0.56,14,0.56,0,77
4762,2,1,14.822135,0.6,15,0.6,0,77
4763,0,-1,-14.822135,0.56,14,0.56,0,77
4764,0,-1,-18.120945,0.52,13,0.52,0,77
4765,2,1,15.667908,0.56,14,0.56,0,77
4766,2,1,16.714378,0.6,15,0.6,0,77
4767,0,-1,-0.0,0.6,15,0.6,0,77
4768,2,1,14.21083,0.64,16,0.64,0,77
4769,0,-1,14.285854,0.6,15,0.6,0,77
4770,1,0,0.0,0.6,15,0.6,0,77
4771,2,1,11.084738,0.64,16,0.64,0,77
4772,2,1,5.496408,0.68,17,0.68,0,77
4773,2,1,2.4485834,0.72,18,0.72,0,77
4774,2,1,-6.536939,0.76,19,0.76,0,77
4775,1,0,0.0,0.76,19,0.76,0,77
4776,2,1,-16.199673,0.8,20,0.8,0,77
4777,2,1,-39.34665,0.84,21,0.84,0,77
4778,2,1,-81.47996,0.88,22,0.88,0,77
4779,2,1,-187.42862,0.92,23,0.92,0,77
4780,2,1,-604.3347,0.96,24,0.96,0,77
4781,2,1,23.108976,1.0,25,1.0,0,77
4782,2,1,-1000.0,0.0,0,0.0,0,77
4783,2,1,28.364332,0.2,5,0.2,0,78
4784,1,0,0.0,0.2,5,0.2,0,78
4785,0,-1,-28.364332,0.16,4,0.16,0,78
4786,2,1,28.364332,0.2,5,0.2,0,78
4787,2,1,-4.278605,0.24,6,0.24,0,78
4788,2,1,-4.5163865,0.28,7,0.28,0,78
4789,0,-1,4.5163865,0.24,6,0.24,0,78
4790,1,0,0.0,0.24,6,0.24,0,78
4791,0,-1,4.278605,0.2,5,0.2,0,78
4792,0,-1,-28.364332,0.16,4,0.16,0,78
4793,2,1,-4.1407347,0.2,5,0.2,0,78
4794,2,1,28.208652,0.24,6,0.24,0,78
4795,0,-1,-28.208652,0.2,5,0.2,0,78
4796,2,1,28.208652,0.24,6,0.24,0,78
4797,2,1,-4.516252,0.28,7,0.28,0,78
4798,2,1,27.657686,0.32,8,0.32,0,78
4799,0,-1,4.8478045,0.28,7,0.28,0,78
4800,2,1,-4.8478045,0.32,8,0.32,0,78
4801,2,1,26.008978,0.36,9,0.36,0,78
4802,0,-1,-0.0,0.36,9,0.36,0,78
4803,1,0,0.0,0.36,9,0.36,0,78
4804,0,-1,-0.0,0.36,9,0.36,0,78
4805,2,1,22.427462,0.4,10,0.4,0,78
4806,2,1,23.131649,0.44,11,0.44,0,78
4807,0,-1,-0.0,0.44,11,0.44,0,78
4808,2,1,19.941977,0.48,12,0.48,0,78
4809,2,1,-8.498307,0.52,13,0.52,0,78
4810,2,1,-9.922016,0.56,14,0.56,0,78
4811,1,0,0.0,0.56,14,0.56,0,78
4812,1,0,0.0,0.56,14,0.56,0,78
4813,2,1,19.497263,0.6,15,0.6,0,78
4814,0,-1,-0.0,0.6,15,0.6,0,78
4815,0,-1,-0.0,0.6,15,0.6,0,78
4816,0,-1,-0.0,0.6,15,0.6,0,78
4817,2,1,11.084738,0.64,16,0.64,0,78
4818,1,0,0.0,0.64,16,0.64,0,78
4819,2,1,11.914379,0.68,17,0.68,0,78
4820,2,1,-22.67583,0.72,18,0.72,0,78
4821,0,-1,-5.581258,0.68,17,0.68,0,78
4822,2,1,5.0959516,0.72,18,0.72,0,78
4823,0,-1,-0.0,0.72,18,0.72,0,78
4824,1,0,0.0,0.72,18,0.72,0,78
4825,2,1,-6.86556,0.76,19,0.76,0,78
4826,2,1,-20.803669,0.8,20,0.8,0,78
4827,0,-1,-0.0,0.8,20,0.8,0,78
4828,0,-1,-0.0,0.8,20,0.8,0,78
4829,0,-1,-0.0,0.8,20,0.8,0,78
4830,2,1,-35.03337,0.84,21,0.84,0,78
4831,2,1,-76.19991,0.88,22,0.88,1,78
4832,2,1,-183.02284,0.92,23,0.92,0,78
4833,0,-1,-0.0,0.92,23,0.92,0,78
4834,0,-1,-0.0,0.92,23,0.92,0,78
4835,2,1,-601.7065,0.96,24,0.96,0,78
4836,0,-1,-0.0,0.96,24,0.96,0,78
4837,1,0,0.0,0.96,24,0.96,0,78
4838,2,1,-100.0,0.0,0,0.0,0,78
4839,1,0,0.0,0.16,4,0.16,0,79
4840,2,1,28.346605,0.2,5,0.2,0,79
4841,2,1,27.0049,0.24,6,0.24,0,79
4842,1,0,0.0,0.24,6,0.24,0,79
4843,2,1,-4.515826,0.28,7,0.28,0,79
4844,1,0,0.0,0.28,7,0.28,0,79
4845,1,0,0.0,0.28,7,0.28,0,79
4846,2,1,27.657686,0.32,8,0.32,0,79
4847,2,1,24.369835,0.36,9,0.36,0,79
4848,0,-1,-0.0,0.36,9,0.36,0,79
4849,0,-1,-0.0,0.36,9,0.36,0,79
4850,0,-1,5.279892,0.32,8,0.32,0,79
4851,0,-1,-0.0,0.32,8,0.32,0,79
4852,0,-1,-0.0,0.32,8,0.32,0,79
4853,0,-1,-0.0,0.32,8,0.32,0,79
4854,2,1,26.008978,0.36,9,0.36,0,79
4855,2,1,23.822836,0.4,10,0.4,0,79
4856,2,1,20.813057,0.44,11,0.44,0,79
4857,2,1,21.105461,0.48,12,0.48,0,79
4858,0,-1,-0.0,0.48,12,0.48,0,79
4859,2,1,18.834341,0.52,13,0.52,0,79
4860,0,-1,-0.0,0.52,13,0.52,0,79
4861,0,-1,-19.999044,0.48,12,0.48,0,79
4862,2,1,16.625448,0.52,13,0.52,0,79
4863,1,0,0.0,0.52,13,0.52,0,79
4864,0,-1,-0.0,0.52,13,0.52,0,79
4865,2,1,15.449248,0.56,14,0.56,0,79
4866,0,-1,-0.0,0.56,14,0.56,0,79
4867,1,0,0.0,0.56,14,0.56,0,79
4868,1,0,0.0,0.56,14,0.56,0,79
4869,0,-1,-0.0,0.56,14,0.56,0,79
4870,2,1,13.5837755,0.6,15,0.6,0,79
4871,2,1,13.484284,0.64,16,0.64,0,79
4872,2,1,7.3884745,0.68,17,0.68,0,79
4873,2,1,0.5565169,0.72,18,0.72,0,79
4874,2,1,-6.749668,0.76,19,0.76,0,79
4875,2,1,-19.009306,0.8,20,0.8,0,79
4876,2,1,-37.01831,0.84,21,0.84,0,79
4877,0,-1,-0.0,0.84,21,0.84,0,79
4878,2,1,-83.27466,0.88,22,0.88,0,79
4879,2,1,-184.85858,0.92,23,0.92,0,79
4880,2,1,-604.40326,0.96,24,0.96,0,79
4881,0,-1,600.14154,0.92,23,0.92,0,79
4882,0,-1,187.74828,0.88,22,0.88,0,79
4883,2,1,-187.31444,0.92,23,0.92,0,79
4884,0,-1,-0.0,0.92,23,0.92,0,79
4885,0,-1,-0.0,0.92,23,0.92,0,79
4886,0,-1,185.63426,0.88,22,0.88,0,79
4887,2,1,-180.83917,0.92,23,0.92,0,79
4888,1,0,0.0,0.92,23,0.92,0,79
4889,2,1,-603.5703,0.96,24,0.96,0,79
4890,2,1,25.786335,1.0,25,1.0,0,79
4891,0,-1,-1000.0,0.0,0,0.0,0,79
4892,2,1,28.346605,0.2,5,0.2,0,80
4893,2,1,28.22638,0.24,6,0.24,0,80
4894,1,0,0.0,0.24,6,0.24,0,80
4895,0,-1,-28.208652,0.2,5,0.2,0,80
4896,0,-1,-0.0,0.2,5,0.2,0,80
4897,2,1,28.208652,0.24,6,0.24,0,80
4898,2,1,26.773045,0.28,7,0.28,0,80
4899,2,1,26.436209,0.32,8,0.32,0,80
4900,0,-1,-0.0,0.32,8,0.32,0,80
4901,2,1,24.369835,0.36,9,0.36,0,80
4902,0,-1,-0.0,0.36,9,0.36,0,80
4903,2,1,21.503027,0.4,10,0.4,0,80
4904,2,1,21.249996,0.44,11,0.44,0,80
4905,2,1,21.109398,0.48,12,0.48,0,80
4906,0,-1,-0.0,0.48,12,0.48,0,80
4907,1,0,0.0,0.48,12,0.48,0,80
4908,0,-1,-0.0,0.48,12,0.48,0,80
4909,0,-1,-0.0,0.48,12,0.48,0,80
4910,1,0,0.0,0.48,12,0.48,0,80
4911,2,1,21.154152,0.52,13,0.52,0,80
4912,2,1,-9.921343,0.56,14,0.56,0,80
4913,2,1,13.802496,0.6,15,0.6,0,80
4914,2,1,11.499346,0.64,16,0.64,0,80
4915,1,0,0.0,0.64,16,0.64,0,80
4916,2,1,10.035843,0.68,17,0.68,0,80
4917,2,1,2.4479303,0.72,18,0.72,0,80
4918,2,1,-4.7272162,0.76,19,0.76,0,80
4919,2,1,-16.199673,0.8,20,0.8,0,80
4920,0,-1,16.200136,0.76,19,0.76,0,80
4921,0,-1,-0.0,0.76,19,0.76,0,80
4922,1,0,0.0,0.76,19,0.76,0,80
4923,2,1,-18.326857,0.8,20,0.8,0,80
4924,2,1,-39.572132,0.84,21,0.84,0,80
4925,0,-1,34.30289,0.8,20,0.8,0,80
4926,2,1,-41.62199,0.84,21,0.84,0,80
4927,0,-1,-0.0,0.84,21,0.84,0,80
4928,0,-1,37.680424,0.8,20,0.8,0,80
4929,2,1,-37.680424,0.84,21,0.84,0,80
4930,2,1,-81.48029,0.88,22,0.88,0,80
4931,0,-1,81.48029,0.84,21,0.84,0,80
4932,2,1,-80.89628,0.88,22,0.88,0,80
4933,2,1,-187.48853,0.92,23,0.92,0,80
4934,1,0,0.0,0.92,23,0.92,0,80
4935,0,-1,-0.0,0.92,23,0.92,0,80
4936,1,0,0.0,0.92,23,0.92,0,80
4937,2,1,-603.6626,0.96,24,0.96,0,80
4938,2,1,-100.0,0.0,0,0.0,0,80
4939,0,-1,-0.0,0.16,4,0.16,0,81
4940,2,1,28.346605,0.2,5,0.2,0,81
4941,0,-1,-0.0,0.2,5,0.2,0,81
4942,2,1,27.0049,0.24,6,0.24,0,81
4943,2,1,25.133902,0.28,7,0.28,0,81
4944,0,-1,-0.0,0.28,7,0.28,0,81
4945,1,0,0.0,0.28,7,0.28,0,81
4946,0,-1,-0.0,0.28,7,0.28,0,81
4947,0,-1,-0.0,0.28,7,0.28,0,81
4948,0,-1,-0.0,0.28,7,0.28,0,81
4949,2,1,22.922842,0.32,8,0.32,0,81
4950,2,1,20.308928,0.36,9,0.36,0,81
4951,0,-1,-0.0,0.36,9,0.36,0,81
4952,2,1,21.503027,0.4,10,0.4,0,81
4953,0,-1,-0.0,0.4,10,0.4,0,81
4954,1,0,0.0,0.4,10,0.4,0,81
4955,1,0,0.0,0.4,10,0.4,0,81
4956,2,1,25.984842,0.44,11,0.44,0,81
4957,1,0,0.0,0.44,11,0.44,0,81
4958,1,0,0.0,0.44,11,0.44,0,81
4959,0,-1,-25.984842,0.4,10,0.4,0,81
4960,0,-1,-0.0,0.4,10,0.4,0,81
4961,0,-1,-0.0,0.4,10,0.4,0,81
4962,1,0,0.0,0.4,10,0.4,0,81
4963,1,0,0.0,0.4,10,0.4,0,81
4964,2,1,25.984842,0.44,11,0.44,0,81
4965,1,0,0.0,0.44,11,0.44,0,81
4966,2,1,20.651064,0.48,12,0.48,0,81
4967,1,0,0.0,0.48,12,0.48,0,81
4968,1,0,0.0,0.48,12,0.48,0,81
4969,0,-1,-0.0,0.48,12,0.48,0,81
4970,0,-1,-20.651064,0.44,11,0.44,0,81
4971,2,1,23.897566,0.48,12,0.48,0,81
4972,2,1,15.062407,0.52,13,0.52,0,81
4973,2,1,-9.921343,0.56,14,0.56,0,81
4974,2,1,13.5837755,0.6,15,0.6,0,81
4975,2,1,14.2147665,0.64,16,0.64,0,81
4976,1,0,0.0,0.64,16,0.64,0,81
4977,2,1,3.7703238,0.68,17,0.68,0,81
4978,2,1,5.8215265,0.72,18,0.72,0,81
4979,1,0,0.0,0.72,18,0.72,0,81
4980,0,-1,-5.8215265,0.68,17,0.68,0,81
4981,2,1,-1.2199373,0.72,18,0.72,0,81
4982,0,-1,-5.825463,0.68,17,0.68,0,81
4983,0,-1,-0.0,0.68,17,0.68,0,81
4984,1,0,0.0,0.68,17,0.68,0,81
4985,1,0,0.0,0.68,17,0.68,0,81
4986,2,1,0.78144157,0.72,18,0.72,0,81
4987,2,1,-6.7499466,0.76,19,0.76,0,81
4988,1,0,0.0,0.76,19,0.76,0,81
4989,2,1,-20.634974,0.8,20,0.8,0,81
4990,2,1,-41.564045,0.84,21,0.84,0,81
4991,2,1,-78.67113,0.88,22,0.88,0,81
4992,2,1,-187.20679,0.92,23,0.92,0,81
4993,2,1,-596.76465,0.96,24,0.96,0,81
4994,2,1,-100.0,0.0,0,0.0,0,81
4995,2,1,28.346605,0.2,5,0.2,0,82
4996,2,1,-4.278605,0.24,6,0.24,0,82
4997,2,1,27.98924,0.28,7,0.28,0,82
4998,1,0,0.0,0.28,7,0.28,0,82
4999,2,1,23.409119,0.32,8,0.32,0,82
5000,1,0,0.0,0.32,8,0.32,0,82
