timestep,action,mapped_action,reward,resource_usage,element_count,budget_proximity,took_timestep,episode
1,2,1,-8.281979,0.2,5,0.2,0,0
2,0,-1,-0.0,0.2,5,0.2,0,0
3,0,-1,-0.0,0.2,5,0.2,0,0
4,2,1,-8.558526,0.24,6,0.24,0,0
5,1,0,0.0,0.24,6,0.24,0,0
6,1,0,0.0,0.24,6,0.24,0,0
7,2,1,23.472822,0.28,7,0.28,0,0
8,2,1,21.593521,0.32,8,0.32,0,0
9,2,1,21.926966,0.36,9,0.36,0,0
10,0,-1,-0.0,0.36,9,0.36,0,0
11,0,-1,10.560936,0.32,8,0.32,0,0
12,0,-1,-22.79199,0.28,7,0.28,0,0
13,1,0,0.0,0.28,7,0.28,0,0
14,0,-1,-22.256626,0.24,6,0.24,0,0
15,2,1,19.010124,0.28,7,0.28,0,0
16,2,1,-9.695775,0.32,8,0.32,1,0
17,2,1,15.953269,0.36,9,0.36,0,0
18,0,-1,-15.953269,0.32,8,0.32,0,0
19,0,-1,-16.551128,0.28,7,0.28,1,0
20,1,0,0.0,0.28,7,0.28,0,0
21,0,-1,-0.0,0.28,7,0.28,0,0
22,0,-1,-18.576069,0.24,6,0.24,1,0
23,0,-1,-0.0,0.24,6,0.24,0,0
24,0,-1,-20.229834,0.2,5,0.2,0,0
25,2,1,19.441002,0.24,6,0.24,0,0
26,1,0,0.0,0.24,6,0.24,0,0
27,0,-1,-0.0,0.24,6,0.24,0,0
28,1,0,0.0,0.24,6,0.24,0,0
29,1,0,0.0,0.24,6,0.24,0,0
30,0,-1,-0.0,0.24,6,0.24,0,0
31,1,0,0.0,0.24,6,0.24,0,0
32,0,-1,-0.0,0.24,6,0.24,0,0
33,2,1,23.29613,0.28,7,0.28,0,0
34,2,1,21.705904,0.32,8,0.32,0,0
35,2,1,15.963281,0.36,9,0.36,1,0
36,1,0,0.0,0.36,9,0.36,0,0
37,0,-1,-16.172272,0.32,8,0.32,0,0
38,1,0,0.0,0.32,8,0.32,0,0
39,2,1,18.00048,0.36,9,0.36,0,0
40,2,1,14.786115,0.4,10,0.4,1,0
41,0,-1,-20.267494,0.36,9,0.36,0,0
42,2,1,14.869,0.4,10,0.4,0,0
43,2,1,18.015318,0.44,11,0.44,0,0
44,0,-1,-18.015318,0.4,10,0.4,1,0
45,0,-1,-15.202238,0.36,9,0.36,0,0
46,1,0,0.0,0.36,9,0.36,0,0
47,2,1,15.194219,0.4,10,0.4,0,0
48,1,0,0.0,0.4,10,0.4,0,0
49,0,-1,-15.194219,0.36,9,0.36,0,0
50,1,0,0.0,0.36,9,0.36,0,0
51,1,0,0.0,0.36,9,0.36,0,0
52,0,-1,-0.0,0.36,9,0.36,0,0
53,2,1,12.853469,0.4,10,0.4,0,0
54,2,1,12.92863,0.44,11,0.44,0,0
55,2,1,12.069682,0.48,12,0.48,0,0
56,0,-1,-11.186467,0.44,11,0.44,0,0
57,0,-1,-13.811844,0.4,10,0.4,0,0
58,2,1,13.088678,0.44,11,0.44,0,0
59,2,1,9.245235,0.48,12,0.48,0,0
60,1,0,0.0,0.48,12,0.48,0,0
61,2,1,4.683456,0.52,13,0.52,0,0
62,0,-1,-0.0,0.52,13,0.52,0,0
63,2,1,4.518441,0.56,14,0.56,0,0
64,0,-1,-1.836049,0.52,13,0.52,0,0
65,1,0,0.0,0.52,13,0.52,0,0
66,2,1,3.2879946,0.56,14,0.56,1,0
67,2,1,-3.7796347,0.6,15,0.6,0,0
68,0,-1,3.7796347,0.56,14,0.56,0,0
69,2,1,-1.2737951,0.6,15,0.6,0,0
70,2,1,-5.9868627,0.64,16,0.64,0,0
71,1,0,0.0,0.64,16,0.64,0,0
72,0,-1,3.5242498,0.6,15,0.6,0,0
73,1,0,0.0,0.6,15,0.6,0,0
74,1,0,0.0,0.6,15,0.6,0,0
75,1,0,0.0,0.6,15,0.6,0,0
76,1,0,0.0,0.6,15,0.6,0,0
77,1,0,0.0,0.6,15,0.6,1,0
78,0,-1,-0.0,0.6,15,0.6,0,0
79,0,-1,-0.0,0.6,15,0.6,0,0
80,1,0,0.0,0.6,15,0.6,0,0
81,2,1,-6.318306,0.64,16,0.64,0,0
82,1,0,0.0,0.64,16,0.64,0,0
83,2,1,-15.282197,0.68,17,0.68,0,0
84,2,1,-17.438358,0.72,18,0.72,0,0
85,1,0,0.0,0.72,18,0.72,0,0
86,0,-1,-0.0,0.72,18,0.72,0,0
87,1,0,0.0,0.72,18,0.72,1,0
88,0,-1,18.052122,0.68,17,0.68,0,0
89,2,1,-13.528523,0.72,18,0.72,0,0
90,1,0,0.0,0.72,18,0.72,0,0
91,2,1,-39.982838,0.76,19,0.76,0,0
92,1,0,0.0,0.76,19,0.76,0,0
93,2,1,-65.809296,0.8,20,0.8,0,0
94,2,1,-103.21981,0.84,21,0.84,0,0
95,1,0,0.0,0.84,21,0.84,0,0
96,2,1,-188.78554,0.88,22,0.88,0,0
97,2,1,-396.74045,0.92,23,0.92,0,0
98,0,-1,394.93857,0.88,22,0.88,0,0
99,2,1,-391.60568,0.92,23,0.92,1,0
100,0,-1,397.09006,0.88,22,0.88,0,0
101,0,-1,-0.0,0.88,22,0.88,0,0
102,2,1,-398.88977,0.92,23,0.92,0,0
103,0,-1,-0.0,0.92,23,0.92,0,0
104,0,-1,391.6073,0.88,22,0.88,0,0
105,2,1,-390.19366,0.92,23,0.92,0,0
106,1,0,0.0,0.92,23,0.92,0,0
107,1,0,0.0,0.92,23,0.92,1,0
108,0,-1,-0.0,0.92,23,0.92,0,0
109,0,-1,-0.0,0.92,23,0.92,0,0
110,1,0,0.0,0.92,23,0.92,0,0
111,2,1,-1230.3965,0.96,24,0.96,0,0
112,0,-1,-0.0,0.96,24,0.96,0,0
113,1,0,0.0,0.96,24,0.96,0,0
114,0,-1,-0.0,0.96,24,0.96,0,0
115,0,-1,-0.0,0.96,24,0.96,0,0
116,1,0,0.0,0.96,24,0.96,0,0
117,0,-1,1223.4791,0.92,23,0.92,0,0
118,0,-1,-0.0,0.92,23,0.92,0,0
119,0,-1,398.85632,0.88,22,0.88,0,0
120,2,1,-387.9088,0.92,23,0.92,0,0
121,0,-1,398.6847,0.88,22,0.88,0,0
122,2,1,-397.02176,0.92,23,0.92,0,0
123,0,-1,397.08652,0.88,22,0.88,0,0
124,2,1,-399.06238,0.92,23,0.92,0,0
125,2,1,-1232.3995,0.96,24,0.96,0,0
126,2,1,22.278376,1.0,25,1.0,0,0
127,2,1,-1000.0,0.0,0,0.0,0,0
128,0,-1,-0.0,0.16,4,0.16,0,1
129,0,-1,-0.0,0.16,4,0.16,0,1
130,2,1,-8.282061,0.2,5,0.2,0,1
131,1,0,0.0,0.2,5,0.2,1,1
132,2,1,16.606598,0.24,6,0.24,0,1
133,1,0,0.0,0.24,6,0.24,0,1
134,1,0,0.0,0.24,6,0.24,0,1
135,1,0,0.0,0.24,6,0.24,0,1
136,2,1,23.29613,0.28,7,0.28,0,1
137,0,-1,-16.13232,0.24,6,0.24,0,1
138,0,-1,-23.770409,0.2,5,0.2,0,1
139,1,0,0.0,0.2,5,0.2,0,1
140,1,0,0.0,0.2,5,0.2,0,1
141,2,1,13.726893,0.24,6,0.24,0,1
142,1,0,0.0,0.24,6,0.24,0,1
143,2,1,11.129699,0.28,7,0.28,0,1
144,1,0,0.0,0.28,7,0.28,0,1
145,2,1,11.211988,0.32,8,0.32,1,1
146,1,0,0.0,0.32,8,0.32,0,1
147,0,-1,-12.594985,0.28,7,0.28,0,1
148,1,0,0.0,0.28,7,0.28,0,1
149,2,1,8.918615,0.32,8,0.32,0,1
150,2,1,6.4506907,0.36,9,0.36,0,1
151,2,1,4.0471587,0.4,10,0.4,0,1
152,2,1,12.615704,0.44,11,0.44,0,1
153,2,1,9.488155,0.48,12,0.48,0,1
154,1,0,0.0,0.48,12,0.48,0,1
155,2,1,-1.8622941,0.52,13,0.52,0,1
156,2,1,-2.214114,0.56,14,0.56,0,1
157,1,0,0.0,0.56,14,0.56,1,1
158,2,1,-9.530291,0.6,15,0.6,0,1
159,2,1,-16.42644,0.64,16,0.64,0,1
160,1,0,0.0,0.64,16,0.64,0,1
161,2,1,-3.1907475,0.68,17,0.68,0,1
162,2,1,-35.374607,0.72,18,0.72,0,1
163,0,-1,-0.0,0.72,18,0.72,0,1
164,0,-1,30.227118,0.68,17,0.68,0,1
165,0,-1,3.1907475,0.64,16,0.64,0,1
166,0,-1,-0.0,0.64,16,0.64,0,1
167,1,0,0.0,0.64,16,0.64,0,1
168,0,-1,-0.0,0.64,16,0.64,0,1
169,1,0,0.0,0.64,16,0.64,0,1
170,0,-1,18.596,0.6,15,0.6,0,1
171,1,0,0.0,0.6,15,0.6,1,1
172,1,0,0.0,0.6,15,0.6,0,1
173,1,0,0.0,0.6,15,0.6,0,1
174,1,0,0.0,0.6,15,0.6,0,1
175,0,-1,11.435853,0.56,14,0.56,0,1
176,0,-1,5.809979,0.52,13,0.52,0,1
177,1,0,0.0,0.52,13,0.52,0,1
178,2,1,3.4497855,0.56,14,0.56,0,1
179,2,1,-9.540081,0.6,15,0.6,0,1
180,2,1,0.6378317,0.64,16,0.64,0,1
181,2,1,-13.665461,0.68,17,0.68,0,1
182,0,-1,13.665461,0.64,16,0.64,0,1
183,0,-1,3.8165362,0.6,15,0.6,0,1
184,2,1,3.7053783,0.64,16,0.64,0,1
185,1,0,0.0,0.64,16,0.64,0,1
186,2,1,-20.35225,0.68,17,0.68,0,1
187,0,-1,20.35225,0.64,16,0.64,0,1
188,2,1,-7.642935,0.68,17,0.68,1,1
189,2,1,-33.231003,0.72,18,0.72,0,1
190,1,0,0.0,0.72,18,0.72,0,1
191,0,-1,26.443377,0.68,17,0.68,0,1
192,2,1,-20.808886,0.72,18,0.72,0,1
193,2,1,-38.402035,0.76,19,0.76,0,1
194,0,-1,48.075157,0.72,18,0.72,0,1
195,2,1,-41.370075,0.76,19,0.76,0,1
196,0,-1,32.04076,0.72,18,0.72,0,1
197,2,1,-27.790348,0.76,19,0.76,0,1
198,2,1,-57.00232,0.8,20,0.8,0,1
199,0,-1,57.00232,0.76,19,0.76,0,1
200,1,0,0.0,0.76,19,0.76,0,1
201,0,-1,41.370075,0.72,18,0.72,0,1
202,0,-1,31.3345,0.68,17,0.68,0,1
203,0,-1,13.6781,0.64,16,0.64,0,1
204,2,1,-14.640298,0.68,17,0.68,0,1
205,0,-1,3.1989977,0.64,16,0.64,1,1
206,1,0,0.0,0.64,16,0.64,0,1
207,1,0,0.0,0.64,16,0.64,0,1
208,2,1,-7.3648925,0.68,17,0.68,0,1
209,0,-1,10.53766,0.64,16,0.64,0,1
210,1,0,0.0,0.64,16,0.64,0,1
211,1,0,0.0,0.64,16,0.64,0,1
212,2,1,-21.437925,0.68,17,0.68,0,1
213,0,-1,-0.0,0.68,17,0.68,0,1
214,1,0,0.0,0.68,17,0.68,0,1
215,2,1,-30.261816,0.72,18,0.72,0,1
216,0,-1,-0.0,0.72,18,0.72,0,1
217,1,0,0.0,0.72,18,0.72,0,1
218,1,0,0.0,0.72,18,0.72,1,1
219,0,-1,-0.0,0.72,18,0.72,0,1
220,1,0,0.0,0.72,18,0.72,0,1
221,0,-1,23.756073,0.68,17,0.68,0,1
222,1,0,0.0,0.68,17,0.68,0,1
223,1,0,0.0,0.68,17,0.68,0,1
224,2,1,-18.41241,0.72,18,0.72,0,1
225,0,-1,22.095139,0.68,17,0.68,0,1
226,1,0,0.0,0.68,17,0.68,0,1
227,1,0,0.0,0.68,17,0.68,0,1
228,1,0,0.0,0.68,17,0.68,0,1
229,2,1,-33.624084,0.72,18,0.72,0,1
230,0,-1,-0.0,0.72,18,0.72,0,1
231,2,1,-35.747913,0.76,19,0.76,0,1
232,2,1,-74.63615,0.8,20,0.8,0,1
233,0,-1,-0.0,0.8,20,0.8,0,1
234,2,1,-93.35168,0.84,21,0.84,0,1
235,1,0,0.0,0.84,21,0.84,0,1
236,1,0,0.0,0.84,21,0.84,0,1
237,1,0,0.0,0.84,21,0.84,0,1
238,0,-1,-0.0,0.84,21,0.84,0,1
239,1,0,0.0,0.84,21,0.84,0,1
240,2,1,-190.55945,0.88,22,0.88,0,1
241,2,1,0.0,0.88,22,0.88,0,1
242,0,-1,176.65732,0.84,21,0.84,0,1
243,0,-1,110.52857,0.8,20,0.8,0,1
244,0,-1,59.524117,0.76,19,0.76,1,1
245,1,0,0.0,0.76,19,0.76,0,1
246,0,-1,49.584713,0.72,18,0.72,0,1
247,0,-1,12.927289,0.68,17,0.68,0,1
248,0,-1,7.102805,0.64,16,0.64,0,1
249,2,1,-7.2771297,0.68,17,0.68,0,1
250,2,1,-35.67539,0.72,18,0.72,0,1
251,0,-1,-0.0,0.72,18,0.72,0,1
252,0,-1,19.222702,0.68,17,0.68,0,1
253,1,0,0.0,0.68,17,0.68,0,1
254,1,0,0.0,0.68,17,0.68,0,1
255,1,0,0.0,0.68,17,0.68,0,1
256,0,-1,-0.0,0.68,17,0.68,0,1
257,0,-1,7.2771297,0.64,16,0.64,0,1
258,1,0,0.0,0.64,16,0.64,0,1
259,1,0,0.0,0.64,16,0.64,0,1
260,1,0,0.0,0.64,16,0.64,0,1
261,2,1,-13.549112,0.68,17,0.68,0,1
262,1,0,0.0,0.68,17,0.68,0,1
263,1,0,0.0,0.68,17,0.68,0,1
264,1,0,0.0,0.68,17,0.68,0,1
265,0,-1,-0.0,0.68,17,0.68,0,1
266,1,0,0.0,0.68,17,0.68,0,1
267,0,-1,18.524267,0.64,16,0.64,0,1
268,0,-1,6.6502876,0.6,15,0.6,0,1
269,0,-1,5.199065,0.56,14,0.56,0,1
270,2,1,0.0,0.56,14,0.56,0,1
271,2,1,-11.514659,0.6,15,0.6,0,1
272,2,1,-10.204598,0.64,16,0.64,0,1
273,0,-1,-0.0,0.64,16,0.64,1,1
274,0,-1,10.187141,0.6,15,0.6,0,1
275,2,1,-0.35788986,0.64,16,0.64,0,1
276,2,1,-8.490872,0.68,17,0.68,0,1
277,2,1,-30.742914,0.72,18,0.72,0,1
278,1,0,0.0,0.72,18,0.72,0,1
279,2,1,-34.804543,0.76,19,0.76,0,1
280,0,-1,-0.0,0.76,19,0.76,0,1
281,0,-1,33.257915,0.72,18,0.72,0,1
282,1,0,0.0,0.72,18,0.72,0,1
283,0,-1,-0.0,0.72,18,0.72,0,1
284,0,-1,-0.0,0.72,18,0.72,0,1
285,1,0,0.0,0.72,18,0.72,0,1
286,0,-1,19.96039,0.68,17,0.68,0,1
287,2,1,-35.553986,0.72,18,0.72,0,1
288,0,-1,-0.0,0.72,18,0.72,0,1
289,0,-1,35.661415,0.68,17,0.68,0,1
290,1,0,0.0,0.68,17,0.68,0,1
291,1,0,0.0,0.68,17,0.68,0,1
292,0,-1,8.490872,0.64,16,0.64,0,1
293,0,-1,0.35788986,0.6,15,0.6,0,1
294,1,0,0.0,0.6,15,0.6,0,1
295,0,-1,-0.0,0.6,15,0.6,1,1
296,0,-1,-0.0,0.6,15,0.6,0,1
297,0,-1,13.742361,0.56,14,0.56,0,1
298,1,0,0.0,0.56,14,0.56,0,1
299,2,1,8.807854,0.6,15,0.6,0,1
300,1,0,0.0,0.6,15,0.6,0,1
301,0,-1,11.320166,0.56,14,0.56,1,1
302,0,-1,-9.826788,0.52,13,0.52,0,1
303,0,-1,-15.388433,0.48,12,0.48,0,1
304,0,-1,-0.0,0.48,12,0.48,0,1
305,1,0,0.0,0.48,12,0.48,0,1
306,1,0,0.0,0.48,12,0.48,0,1
307,0,-1,-0.0,0.48,12,0.48,0,1
308,0,-1,2.7588482,0.44,11,0.44,0,1
309,1,0,0.0,0.44,11,0.44,0,1
310,0,-1,-1.0144291,0.4,10,0.4,0,1
311,0,-1,-0.0,0.4,10,0.4,0,1
312,0,-1,-0.0,0.4,10,0.4,0,1
313,2,1,0.85839504,0.44,11,0.44,0,1
314,0,-1,-1.6115189,0.4,10,0.4,0,1
315,1,0,0.0,0.4,10,0.4,0,1
316,0,-1,-0.0,0.4,10,0.4,0,1
317,1,0,0.0,0.4,10,0.4,0,1
318,1,0,0.0,0.4,10,0.4,0,1
319,1,0,0.0,0.4,10,0.4,0,1
320,0,-1,-0.0,0.4,10,0.4,0,1
321,0,-1,-2.2407699,0.36,9,0.36,0,1
322,1,0,0.0,0.36,9,0.36,0,1
323,0,-1,-0.0,0.36,9,0.36,1,1
324,2,1,5.252292,0.4,10,0.4,0,1
325,1,0,0.0,0.4,10,0.4,0,1
326,1,0,0.0,0.4,10,0.4,0,1
327,0,-1,-4.279286,0.36,9,0.36,0,1
328,0,-1,-0.0,0.36,9,0.36,0,1
329,0,-1,-6.3505807,0.32,8,0.32,0,1
330,0,-1,-0.0,0.32,8,0.32,0,1
331,1,0,0.0,0.32,8,0.32,0,1
332,1,0,0.0,0.32,8,0.32,0,1
333,2,1,18.955889,0.36,9,0.36,0,1
334,2,1,6.8419447,0.4,10,0.4,0,1
335,0,-1,-6.8419447,0.36,9,0.36,0,1
336,0,-1,-18.955889,0.32,8,0.32,0,1
337,2,1,21.803164,0.36,9,0.36,0,1
338,0,-1,-0.0,0.36,9,0.36,1,1
339,2,1,14.578872,0.4,10,0.4,0,1
340,1,0,0.0,0.4,10,0.4,0,1
341,2,1,2.4462433,0.44,11,0.44,0,1
342,1,0,0.0,0.44,11,0.44,0,1
343,1,0,0.0,0.44,11,0.44,0,1
344,0,-1,-2.4462433,0.4,10,0.4,0,1
345,0,-1,-0.0,0.4,10,0.4,0,1
346,1,0,0.0,0.4,10,0.4,0,1
347,0,-1,-0.0,0.4,10,0.4,0,1
348,0,-1,-0.0,0.4,10,0.4,0,1
349,2,1,19.174925,0.44,11,0.44,0,1
350,1,0,0.0,0.44,11,0.44,0,1
351,2,1,9.004348,0.48,12,0.48,0,1
352,0,-1,-9.004348,0.44,11,0.44,0,1
353,1,0,0.0,0.44,11,0.44,0,1
354,2,1,10.069792,0.48,12,0.48,0,1
355,0,-1,-17.432764,0.44,11,0.44,0,1
356,2,1,15.938591,0.48,12,0.48,0,1
357,1,0,0.0,0.48,12,0.48,1,1
358,2,1,7.116028,0.52,13,0.52,0,1
359,1,0,0.0,0.52,13,0.52,0,1
360,0,-1,-0.0,0.52,13,0.52,0,1
361,0,-1,-0.0,0.52,13,0.52,0,1
362,2,1,10.164726,0.56,14,0.56,0,1
363,2,1,4.909673,0.6,15,0.6,1,1
364,0,-1,-0.88211596,0.56,14,0.56,0,1
365,0,-1,-10.1441145,0.52,13,0.52,0,1
366,0,-1,-0.0,0.52,13,0.52,0,1
367,0,-1,-1.5448425,0.48,12,0.48,0,1
368,2,1,4.84808,0.52,13,0.52,0,1
369,1,0,0.0,0.52,13,0.52,0,1
370,1,0,0.0,0.52,13,0.52,0,1
371,1,0,0.0,0.52,13,0.52,0,1
372,1,0,0.0,0.52,13,0.52,0,1
373,1,0,0.0,0.52,13,0.52,0,1
374,2,1,2.4697888,0.56,14,0.56,0,1
375,1,0,0.0,0.56,14,0.56,0,1
376,2,1,-5.2556157,0.6,15,0.6,0,1
377,1,0,0.0,0.6,15,0.6,0,1
378,0,-1,1.7291256,0.56,14,0.56,0,1
379,1,0,0.0,0.56,14,0.56,0,1
380,0,-1,-0.0,0.56,14,0.56,1,1
381,1,0,0.0,0.56,14,0.56,0,1
382,1,0,0.0,0.56,14,0.56,0,1
383,1,0,0.0,0.56,14,0.56,0,1
384,1,0,0.0,0.56,14,0.56,0,1
385,0,-1,-0.0,0.56,14,0.56,0,1
386,1,0,0.0,0.56,14,0.56,0,1
387,0,-1,-0.0,0.56,14,0.56,0,1
388,1,0,0.0,0.56,14,0.56,0,1
389,1,0,0.0,0.56,14,0.56,0,1
390,1,0,0.0,0.56,14,0.56,0,1
391,1,0,0.0,0.56,14,0.56,0,1
392,0,-1,-0.0,0.56,14,0.56,0,1
393,1,0,0.0,0.56,14,0.56,0,1
394,0,-1,-2.4692736,0.52,13,0.52,0,1
395,2,1,-1.566767,0.56,14,0.56,0,1
396,2,1,-6.697393,0.6,15,0.6,0,1
397,0,-1,-0.0,0.6,15,0.6,0,1
398,2,1,-11.891307,0.64,16,0.64,1,1
399,1,0,0.0,0.64,16,0.64,0,1
400,2,1,-4.5962505,0.68,17,0.68,0,1
401,1,0,0.0,0.68,17,0.68,0,1
402,0,-1,-0.0,0.68,17,0.68,0,1
403,0,-1,-0.0,0.68,17,0.68,0,1
404,1,0,0.0,0.68,17,0.68,0,1
405,0,-1,-0.0,0.68,17,0.68,0,1
406,1,0,0.0,0.68,17,0.68,0,1
407,2,1,-17.34354,0.72,18,0.72,0,1
408,2,1,-30.250015,0.76,19,0.76,0,1
409,2,1,-57.232437,0.8,20,0.8,0,1
410,2,1,-95.77991,0.84,21,0.84,0,1
411,0,-1,-0.0,0.84,21,0.84,0,1
412,1,0,0.0,0.84,21,0.84,0,1
413,1,0,0.0,0.84,21,0.84,0,1
414,1,0,0.0,0.84,21,0.84,0,1
415,0,-1,100.00773,0.8,20,0.8,0,1
416,0,-1,57.232437,0.76,19,0.76,0,1
417,0,-1,41.315804,0.72,18,0.72,0,1
418,0,-1,15.405862,0.68,17,0.68,0,1
419,1,0,0.0,0.68,17,0.68,1,1
420,2,1,-13.227003,0.72,18,0.72,0,1
421,1,0,0.0,0.72,18,0.72,0,1
422,1,0,0.0,0.72,18,0.72,0,1
423,0,-1,18.642036,0.68,17,0.68,0,1
424,2,1,-19.364584,0.72,18,0.72,0,1
425,1,0,0.0,0.72,18,0.72,0,1
426,2,1,-36.34951,0.76,19,0.76,0,1
427,1,0,0.0,0.0,0,0.0,0,1
428,1,0,0.0,0.16,4,0.16,0,2
429,2,1,24.223005,0.2,5,0.2,0,2
430,1,0,0.0,0.2,5,0.2,0,2
431,0,-1,-0.0,0.2,5,0.2,1,2
432,0,-1,-0.0,0.2,5,0.2,0,2
433,1,0,0.0,0.2,5,0.2,0,2
434,1,0,0.0,0.2,5,0.2,0,2
435,0,-1,-0.0,0.2,5,0.2,0,2
436,0,-1,-24.280272,0.16,4,0.16,0,2
437,1,0,0.0,0.16,4,0.16,0,2
438,0,-1,-0.0,0.16,4,0.16,0,2
439,2,1,24.207077,0.2,5,0.2,1,2
440,2,1,20.133259,0.24,6,0.24,0,2
441,1,0,0.0,0.24,6,0.24,0,2
442,2,1,18.27669,0.28,7,0.28,0,2
443,1,0,0.0,0.28,7,0.28,0,2
444,0,-1,-0.0,0.28,7,0.28,0,2
445,0,-1,-0.0,0.28,7,0.28,0,2
446,2,1,21.70841,0.32,8,0.32,1,2
447,1,0,0.0,0.32,8,0.32,0,2
448,0,-1,-0.0,0.32,8,0.32,0,2
449,1,0,0.0,0.32,8,0.32,0,2
450,2,1,16.100294,0.36,9,0.36,0,2
451,0,-1,-21.360441,0.32,8,0.32,0,2
452,1,0,0.0,0.32,8,0.32,0,2
453,1,0,0.0,0.32,8,0.32,0,2
454,1,0,0.0,0.32,8,0.32,0,2
455,2,1,15.83175,0.36,9,0.36,1,2
456,0,-1,-16.352028,0.32,8,0.32,0,2
457,0,-1,-0.0,0.32,8,0.32,0,2
458,1,0,0.0,0.32,8,0.32,0,2
459,1,0,0.0,0.32,8,0.32,0,2
460,2,1,15.3784275,0.36,9,0.36,0,2
461,1,0,0.0,0.36,9,0.36,0,2
462,1,0,0.0,0.36,9,0.36,0,2
463,0,-1,-17.280073,0.32,8,0.32,0,2
464,1,0,0.0,0.32,8,0.32,0,2
465,1,0,0.0,0.32,8,0.32,0,2
466,1,0,0.0,0.32,8,0.32,0,2
467,2,1,21.606865,0.36,9,0.36,0,2
468,1,0,0.0,0.36,9,0.36,0,2
469,1,0,0.0,0.36,9,0.36,0,2
470,2,1,17.151756,0.4,10,0.4,0,2
471,0,-1,-14.690559,0.36,9,0.36,0,2
472,2,1,12.895559,0.4,10,0.4,0,2
473,1,0,0.0,0.4,10,0.4,0,2
474,2,1,13.306418,0.44,11,0.44,0,2
475,0,-1,-0.0,0.44,11,0.44,1,2
476,2,1,9.288976,0.48,12,0.48,0,2
477,0,-1,-18.598757,0.44,11,0.44,0,2
478,1,0,0.0,0.44,11,0.44,0,2
479,2,1,7.0107546,0.48,12,0.48,0,2
480,1,0,0.0,0.48,12,0.48,0,2
481,1,0,0.0,0.48,12,0.48,0,2
482,1,0,0.0,0.48,12,0.48,0,2
483,0,-1,-0.0,0.48,12,0.48,0,2
484,0,-1,-14.102493,0.44,11,0.44,0,2
485,2,1,7.342789,0.48,12,0.48,0,2
486,0,-1,-0.0,0.48,12,0.48,1,2
487,1,0,0.0,0.48,12,0.48,0,2
488,0,-1,-0.0,0.48,12,0.48,0,2
489,1,0,0.0,0.48,12,0.48,0,2
490,1,0,0.0,0.48,12,0.48,0,2
491,0,-1,-7.025205,0.44,11,0.44,0,2
492,2,1,17.790031,0.48,12,0.48,0,2
493,0,-1,-10.353401,0.44,11,0.44,0,2
494,0,-1,-19.034773,0.4,10,0.4,0,2
495,1,0,0.0,0.4,10,0.4,1,2
496,2,1,11.624998,0.44,11,0.44,0,2
497,0,-1,-13.854132,0.4,10,0.4,0,2
498,2,1,18.181837,0.44,11,0.44,0,2
499,1,0,0.0,0.44,11,0.44,0,2
500,1,0,0.0,0.44,11,0.44,0,2
501,0,-1,-11.991454,0.4,10,0.4,0,2
502,2,1,8.456664,0.44,11,0.44,0,2
503,0,-1,-18.181837,0.4,10,0.4,0,2
504,1,0,0.0,0.4,10,0.4,0,2
505,0,-1,-14.393248,0.36,9,0.36,0,2
506,1,0,0.0,0.36,9,0.36,0,2
507,1,0,0.0,0.36,9,0.36,0,2
508,2,1,20.372873,0.4,10,0.4,0,2
509,1,0,0.0,0.4,10,0.4,0,2
510,0,-1,-20.372873,0.36,9,0.36,0,2
511,1,0,0.0,0.36,9,0.36,0,2
512,0,-1,-22.311956,0.32,8,0.32,0,2
513,2,1,15.38903,0.36,9,0.36,0,2
514,2,1,14.382673,0.4,10,0.4,0,2
515,0,-1,-0.0,0.4,10,0.4,0,2
516,1,0,0.0,0.4,10,0.4,0,2
517,0,-1,-9.839039,0.36,9,0.36,0,2
518,1,0,0.0,0.36,9,0.36,1,2
519,1,0,0.0,0.36,9,0.36,0,2
520,1,0,0.0,0.36,9,0.36,0,2
521,2,1,21.057608,0.4,10,0.4,0,2
522,0,-1,-0.0,0.4,10,0.4,0,2
523,2,1,17.790106,0.44,11,0.44,0,2
524,1,0,0.0,0.44,11,0.44,0,2
525,0,-1,-0.0,0.44,11,0.44,0,2
526,0,-1,-12.930957,0.4,10,0.4,0,2
527,1,0,0.0,0.4,10,0.4,0,2
528,1,0,0.0,0.4,10,0.4,0,2
529,1,0,0.0,0.4,10,0.4,0,2
530,0,-1,-19.17248,0.36,9,0.36,0,2
531,0,-1,-14.449705,0.32,8,0.32,0,2
532,0,-1,-0.0,0.32,8,0.32,0,2
533,0,-1,-17.112381,0.28,7,0.28,1,2
534,0,-1,-18.242397,0.24,6,0.24,0,2
535,1,0,0.0,0.24,6,0.24,0,2
536,2,1,16.50578,0.28,7,0.28,0,2
537,1,0,0.0,0.28,7,0.28,0,2
538,1,0,0.0,0.28,7,0.28,0,2
539,2,1,21.867695,0.32,8,0.32,0,2
540,1,0,0.0,0.32,8,0.32,0,2
541,2,1,11.747826,0.36,9,0.36,0,2
542,0,-1,-11.747826,0.32,8,0.32,0,2
543,1,0,0.0,0.32,8,0.32,0,2
544,2,1,19.657982,0.36,9,0.36,0,2
545,2,1,15.035153,0.4,10,0.4,0,2
546,1,0,0.0,0.4,10,0.4,0,2
547,0,-1,-0.0,0.4,10,0.4,0,2
548,0,-1,-0.0,0.4,10,0.4,1,2
549,0,-1,-18.888943,0.36,9,0.36,0,2
550,1,0,0.0,0.36,9,0.36,0,2
551,2,1,12.381877,0.4,10,0.4,0,2
552,2,1,17.596067,0.44,11,0.44,0,2
553,0,-1,-13.958765,0.4,10,0.4,0,2
554,0,-1,-12.381877,0.36,9,0.36,0,2
555,2,1,18.028538,0.4,10,0.4,0,2
556,0,-1,-13.88842,0.36,9,0.36,0,2
557,2,1,16.690382,0.4,10,0.4,0,2
558,0,-1,-0.0,0.4,10,0.4,0,2
559,2,1,12.439027,0.44,11,0.44,0,2
560,1,0,0.0,0.44,11,0.44,0,2
561,0,-1,-0.0,0.44,11,0.44,0,2
562,0,-1,-0.0,0.44,11,0.44,0,2
563,0,-1,-15.308008,0.4,10,0.4,0,2
564,2,1,13.085024,0.44,11,0.44,0,2
565,1,0,0.0,0.44,11,0.44,0,2
566,1,0,0.0,0.44,11,0.44,0,2
567,1,0,0.0,0.44,11,0.44,0,2
568,0,-1,-18.675837,0.4,10,0.4,0,2
569,0,-1,-0.0,0.4,10,0.4,0,2
570,1,0,0.0,0.4,10,0.4,0,2
571,1,0,0.0,0.4,10,0.4,0,2
572,1,0,0.0,0.4,10,0.4,0,2
573,0,-1,-18.978441,0.36,9,0.36,0,2
574,2,1,16.690382,0.4,10,0.4,0,2
575,1,0,0.0,0.4,10,0.4,0,2
576,0,-1,-0.0,0.4,10,0.4,1,2
577,2,1,11.252274,0.44,11,0.44,0,2
578,0,-1,-12.566727,0.4,10,0.4,0,2
579,0,-1,-0.0,0.4,10,0.4,0,2
580,1,0,0.0,0.4,10,0.4,0,2
581,1,0,0.0,0.4,10,0.4,0,2
582,0,-1,-12.634648,0.36,9,0.36,0,2
583,2,1,16.805332,0.4,10,0.4,0,2
584,1,0,0.0,0.4,10,0.4,0,2
585,1,0,0.0,0.4,10,0.4,0,2
586,0,-1,-14.45428,0.36,9,0.36,0,2
587,2,1,14.432274,0.4,10,0.4,0,2
588,0,-1,-0.0,0.4,10,0.4,0,2
589,2,1,18.71036,0.44,11,0.44,0,2
590,1,0,0.0,0.44,11,0.44,0,2
591,1,0,0.0,0.44,11,0.44,0,2
592,1,0,0.0,0.44,11,0.44,0,2
593,1,0,0.0,0.44,11,0.44,0,2
594,2,1,11.241454,0.48,12,0.48,0,2
595,0,-1,-0.0,0.48,12,0.48,0,2
596,1,0,0.0,0.48,12,0.48,0,2
597,1,0,0.0,0.48,12,0.48,0,2
598,1,0,0.0,0.48,12,0.48,0,2
599,0,-1,-11.241454,0.44,11,0.44,0,2
600,2,1,11.241454,0.48,12,0.48,0,2
601,0,-1,-16.968197,0.44,11,0.44,0,2
602,2,1,16.968197,0.48,12,0.48,0,2
603,0,-1,-11.307736,0.44,11,0.44,0,2
604,1,0,0.0,0.44,11,0.44,1,2
605,0,-1,-0.0,0.44,11,0.44,0,2
606,0,-1,-0.0,0.44,11,0.44,0,2
607,2,1,15.662531,0.48,12,0.48,0,2
608,0,-1,-0.0,0.48,12,0.48,0,2
609,0,-1,-0.0,0.48,12,0.48,0,2
610,0,-1,-11.14386,0.44,11,0.44,0,2
611,1,0,0.0,0.44,11,0.44,0,2
612,1,0,0.0,0.44,11,0.44,0,2
613,0,-1,-0.0,0.44,11,0.44,1,2
614,0,-1,-0.0,0.44,11,0.44,0,2
615,1,0,0.0,0.44,11,0.44,1,2
616,2,1,12.829206,0.48,12,0.48,0,2
617,1,0,0.0,0.48,12,0.48,0,2
618,0,-1,-0.0,0.48,12,0.48,0,2
619,0,-1,-0.0,0.48,12,0.48,0,2
620,1,0,0.0,0.48,12,0.48,0,2
621,0,-1,-0.0,0.48,12,0.48,0,2
622,1,0,0.0,0.48,12,0.48,0,2
623,2,1,7.8759785,0.52,13,0.52,0,2
624,1,0,0.0,0.52,13,0.52,0,2
625,1,0,0.0,0.52,13,0.52,0,2
626,1,0,0.0,0.52,13,0.52,0,2
627,0,-1,-0.0,0.52,13,0.52,0,2
628,2,1,10.68071,0.56,14,0.56,0,2
629,1,0,0.0,0.56,14,0.56,0,2
630,0,-1,-0.0,0.56,14,0.56,0,2
631,0,-1,-9.112681,0.52,13,0.52,0,2
632,2,1,8.961796,0.56,14,0.56,0,2
633,1,0,0.0,0.56,14,0.56,0,2
634,2,1,8.143748,0.6,15,0.6,0,2
635,0,-1,-5.2319965,0.56,14,0.56,0,2
636,1,0,0.0,0.56,14,0.56,0,2
637,1,0,0.0,0.56,14,0.56,0,2
638,1,0,0.0,0.56,14,0.56,0,2
639,0,-1,-10.68071,0.52,13,0.52,0,2
640,2,1,6.5245266,0.56,14,0.56,0,2
641,2,1,-1.6218328,0.6,15,0.6,0,2
642,2,1,0.18654811,0.64,16,0.64,0,2
643,1,0,0.0,0.64,16,0.64,1,2
644,1,0,0.0,0.64,16,0.64,0,2
645,0,-1,-0.0,0.64,16,0.64,0,2
646,1,0,0.0,0.64,16,0.64,0,2
647,2,1,-12.217328,0.68,17,0.68,0,2
648,2,1,-24.024187,0.72,18,0.72,0,2
649,1,0,0.0,0.72,18,0.72,0,2
650,0,-1,16.521109,0.68,17,0.68,0,2
651,2,1,-14.829507,0.72,18,0.72,0,2
652,0,-1,24.024187,0.68,17,0.68,1,2
653,2,1,-24.87052,0.72,18,0.72,0,2
654,0,-1,13.644377,0.68,17,0.68,0,2
655,2,1,-24.331856,0.72,18,0.72,0,2
656,1,0,0.0,0.72,18,0.72,0,2
657,2,1,-34.26197,0.76,19,0.76,0,2
658,0,-1,30.169546,0.72,18,0.72,0,2
659,2,1,-42.006287,0.76,19,0.76,0,2
660,0,-1,29.510576,0.72,18,0.72,0,2
661,1,0,0.0,0.72,18,0.72,0,2
662,1,0,0.0,0.72,18,0.72,1,2
663,0,-1,-0.0,0.72,18,0.72,0,2
664,2,1,-31.156143,0.76,19,0.76,0,2
665,1,0,0.0,0.76,19,0.76,0,2
666,1,0,0.0,0.76,19,0.76,0,2
667,0,-1,41.99482,0.72,18,0.72,0,2
668,2,1,-41.61354,0.76,19,0.76,1,2
669,1,0,0.0,0.76,19,0.76,0,2
670,1,0,0.0,0.76,19,0.76,0,2
671,1,0,0.0,0.76,19,0.76,1,2
672,2,1,-56.431023,0.8,20,0.8,0,2
673,1,0,0.0,0.8,20,0.8,0,2
674,1,0,0.0,0.8,20,0.8,0,2
675,0,-1,57.119347,0.76,19,0.76,0,2
676,0,-1,-0.0,0.76,19,0.76,0,2
677,1,0,0.0,0.76,19,0.76,0,2
678,2,1,-56.67332,0.8,20,0.8,0,2
679,2,1,-93.90393,0.84,21,0.84,1,2
680,2,1,0.0,0.84,21,0.84,0,2
681,2,1,-180.12183,0.88,22,0.88,0,2
682,0,-1,181.41684,0.84,21,0.84,0,2
683,1,0,0.0,0.84,21,0.84,0,2
684,1,0,0.0,0.84,21,0.84,0,2
685,2,1,-184.12021,0.88,22,0.88,0,2
686,0,-1,187.8764,0.84,21,0.84,0,2
687,0,-1,-0.0,0.84,21,0.84,0,2
688,0,-1,107.009186,0.8,20,0.8,0,2
689,1,0,0.0,0.8,20,0.8,0,2
690,2,1,-96.60882,0.84,21,0.84,0,2
691,1,0,0.0,0.84,21,0.84,0,2
692,0,-1,105.0907,0.8,20,0.8,0,2
693,1,0,0.0,0.8,20,0.8,0,2
694,2,1,-96.76629,0.84,21,0.84,0,2
695,1,0,0.0,0.84,21,0.84,0,2
696,1,0,0.0,0.84,21,0.84,0,2
697,0,-1,96.60882,0.8,20,0.8,0,2
698,0,-1,-0.0,0.8,20,0.8,0,2
699,2,1,-101.87975,0.84,21,0.84,0,2
700,2,1,-184.80016,0.88,22,0.88,0,2
701,1,0,0.0,0.88,22,0.88,0,2
702,2,1,-392.6303,0.92,23,0.92,0,2
703,0,-1,385.51877,0.88,22,0.88,0,2
704,2,1,-385.51868,0.92,23,0.92,0,2
705,1,0,0.0,0.92,23,0.92,1,2
706,1,0,0.0,0.92,23,0.92,0,2
707,1,0,0.0,0.92,23,0.92,0,2
708,0,-1,-0.0,0.92,23,0.92,0,2
709,0,-1,393.48257,0.88,22,0.88,0,2
710,2,1,-395.31973,0.92,23,0.92,0,2
711,0,-1,-0.0,0.92,23,0.92,0,2
712,1,0,0.0,0.92,23,0.92,0,2
713,0,-1,393.9048,0.88,22,0.88,0,2
714,0,-1,183.93822,0.84,21,0.84,0,2
715,2,1,-179.92506,0.88,22,0.88,0,2
716,1,0,0.0,0.88,22,0.88,0,2
717,1,0,0.0,0.88,22,0.88,0,2
718,2,1,-390.64032,0.92,23,0.92,0,2
719,1,0,0.0,0.92,23,0.92,0,2
720,0,-1,388.3806,0.88,22,0.88,1,2
721,0,-1,-0.0,0.88,22,0.88,0,2
722,1,0,0.0,0.88,22,0.88,0,2
723,1,0,0.0,0.88,22,0.88,0,2
724,1,0,0.0,0.88,22,0.88,0,2
725,0,-1,-0.0,0.88,22,0.88,0,2
726,2,1,-397.4451,0.92,23,0.92,0,2
727,1,0,0.0,0.0,0,0.0,0,2
728,2,1,24.20528,0.2,5,0.2,0,3
729,1,0,0.0,0.2,5,0.2,0,3
730,0,-1,-24.20528,0.16,4,0.16,0,3
731,0,-1,-0.0,0.16,4,0.16,0,3
732,0,-1,-0.0,0.16,4,0.16,0,3
733,2,1,24.223005,0.2,5,0.2,0,3
734,1,0,0.0,0.2,5,0.2,1,3
735,0,-1,-24.280272,0.16,4,0.16,0,3
736,2,1,24.207077,0.2,5,0.2,0,3
737,2,1,22.675037,0.24,6,0.24,0,3
738,0,-1,-0.0,0.24,6,0.24,0,3
739,2,1,23.351025,0.28,7,0.28,0,3
740,1,0,0.0,0.28,7,0.28,0,3
741,0,-1,-0.0,0.28,7,0.28,1,3
742,2,1,18.762295,0.32,8,0.32,0,3
743,1,0,0.0,0.32,8,0.32,0,3
744,2,1,17.90895,0.36,9,0.36,0,3
745,1,0,0.0,0.36,9,0.36,0,3
746,0,-1,-0.0,0.36,9,0.36,0,3
747,0,-1,-17.90895,0.32,8,0.32,0,3
748,1,0,0.0,0.32,8,0.32,0,3
749,0,-1,-0.0,0.32,8,0.32,0,3
750,2,1,15.419608,0.36,9,0.36,0,3
751,2,1,16.578596,0.4,10,0.4,0,3
752,1,0,0.0,0.4,10,0.4,0,3
753,0,-1,-0.0,0.4,10,0.4,0,3
754,1,0,0.0,0.4,10,0.4,0,3
755,1,0,0.0,0.4,10,0.4,0,3
756,0,-1,-0.0,0.4,10,0.4,0,3
757,2,1,18.074759,0.44,11,0.44,0,3
758,1,0,0.0,0.44,11,0.44,0,3
759,0,-1,-0.0,0.44,11,0.44,0,3
760,1,0,0.0,0.44,11,0.44,0,3
761,0,-1,-18.87483,0.4,10,0.4,0,3
762,2,1,18.141148,0.44,11,0.44,0,3
763,1,0,0.0,0.44,11,0.44,0,3
764,0,-1,-0.0,0.44,11,0.44,0,3
765,2,1,8.321671,0.48,12,0.48,0,3
766,2,1,11.759422,0.52,13,0.52,0,3
767,2,1,6.2229548,0.56,14,0.56,1,3
768,2,1,0.66905224,0.6,15,0.6,0,3
769,2,1,-1.7815125,0.64,16,0.64,0,3
770,2,1,-8.308997,0.68,17,0.68,0,3
771,0,-1,12.318351,0.64,16,0.64,0,3
772,2,1,-10.272613,0.68,17,0.68,0,3
773,2,1,-17.135115,0.72,18,0.72,0,3
774,1,0,0.0,0.72,18,0.72,0,3
775,2,1,-30.502018,0.76,19,0.76,0,3
776,0,-1,-0.0,0.76,19,0.76,0,3
777,0,-1,-0.0,0.76,19,0.76,0,3
778,0,-1,35.95293,0.72,18,0.72,0,3
779,0,-1,20.152395,0.68,17,0.68,0,3
780,2,1,-20.551878,0.72,18,0.72,0,3
781,1,0,0.0,0.72,18,0.72,1,3
782,2,1,-36.54518,0.76,19,0.76,0,3
783,1,0,0.0,0.76,19,0.76,0,3
784,1,0,0.0,0.76,19,0.76,0,3
785,1,0,0.0,0.76,19,0.76,0,3
786,0,-1,32.02704,0.72,18,0.72,0,3
787,2,1,-33.335938,0.76,19,0.76,0,3
788,0,-1,33.335938,0.72,18,0.72,0,3
789,1,0,0.0,0.72,18,0.72,0,3
790,0,-1,19.31706,0.68,17,0.68,0,3
791,0,-1,10.069451,0.64,16,0.64,0,3
792,2,1,-10.349675,0.68,17,0.68,0,3
793,0,-1,10.349675,0.64,16,0.64,0,3
794,1,0,0.0,0.64,16,0.64,0,3
795,0,-1,-0.13256915,0.6,15,0.6,1,3
796,0,-1,-7.48364,0.56,14,0.56,0,3
797,1,0,0.0,0.56,14,0.56,0,3
798,1,0,0.0,0.56,14,0.56,0,3
799,2,1,-0.23316602,0.6,15,0.6,0,3
800,0,-1,-0.0,0.6,15,0.6,0,3
801,1,0,0.0,0.6,15,0.6,0,3
802,0,-1,-0.0,0.6,15,0.6,0,3
803,0,-1,-0.0,0.6,15,0.6,0,3
804,1,0,0.0,0.6,15,0.6,0,3
805,1,0,0.0,0.6,15,0.6,0,3
806,1,0,0.0,0.6,15,0.6,0,3
807,1,0,0.0,0.6,15,0.6,0,3
808,0,-1,-0.0,0.6,15,0.6,0,3
809,0,-1,-7.316721,0.56,14,0.56,0,3
810,0,-1,-0.0,0.56,14,0.56,1,3
811,0,-1,-0.0,0.56,14,0.56,0,3
812,2,1,0.78142774,0.6,15,0.6,1,3
813,0,-1,-0.91320115,0.56,14,0.56,0,3
814,2,1,-1.9702023,0.6,15,0.6,0,3
815,2,1,-3.177984,0.64,16,0.64,0,3
816,2,1,-12.321015,0.68,17,0.68,0,3
817,1,0,0.0,0.68,17,0.68,0,3
818,2,1,-19.358337,0.72,18,0.72,0,3
819,1,0,0.0,0.72,18,0.72,0,3
820,0,-1,21.878256,0.68,17,0.68,0,3
821,1,0,0.0,0.68,17,0.68,0,3
822,1,0,0.0,0.68,17,0.68,0,3
823,2,1,-16.690542,0.72,18,0.72,0,3
824,2,1,-41.19347,0.76,19,0.76,0,3
825,2,1,-62.27824,0.8,20,0.8,0,3
826,0,-1,57.978695,0.76,19,0.76,0,3
827,0,-1,-0.0,0.76,19,0.76,0,3
828,2,1,-66.5514,0.8,20,0.8,0,3
829,2,1,-101.47334,0.84,21,0.84,0,3
830,2,1,-193.09871,0.88,22,0.88,0,3
831,1,0,0.0,0.88,22,0.88,0,3
832,1,0,0.0,0.88,22,0.88,0,3
833,0,-1,187.22021,0.84,21,0.84,0,3
834,1,0,0.0,0.84,21,0.84,0,3
835,2,1,-184.90091,0.88,22,0.88,0,3
836,2,1,-395.13278,0.92,23,0.92,1,3
837,1,0,0.0,0.92,23,0.92,0,3
838,1,0,0.0,0.92,23,0.92,0,3
839,1,0,0.0,0.92,23,0.92,1,3
840,1,0,0.0,0.92,23,0.92,1,3
841,0,-1,-0.0,0.92,23,0.92,0,3
842,0,-1,393.06458,0.88,22,0.88,0,3
843,0,-1,180.22353,0.84,21,0.84,0,3
844,2,1,-187.2274,0.88,22,0.88,0,3
845,1,0,0.0,0.88,22,0.88,1,3
846,1,0,0.0,0.88,22,0.88,0,3
847,1,0,0.0,0.88,22,0.88,0,3
848,0,-1,-0.0,0.88,22,0.88,0,3
849,2,1,-388.69583,0.92,23,0.92,0,3
850,0,-1,388.77594,0.88,22,0.88,0,3
851,0,-1,-0.0,0.88,22,0.88,0,3
852,0,-1,187.2298,0.84,21,0.84,0,3
853,0,-1,109.50351,0.8,20,0.8,0,3
854,0,-1,-0.0,0.8,20,0.8,0,3
855,0,-1,-0.0,0.8,20,0.8,0,3
856,2,1,-102.507195,0.84,21,0.84,0,3
857,0,-1,-0.0,0.84,21,0.84,0,3
858,2,1,-189.1899,0.88,22,0.88,0,3
859,2,1,-397.40652,0.92,23,0.92,0,3
860,2,1,-1234.1497,0.96,24,0.96,0,3
861,0,-1,-0.0,0.96,24,0.96,0,3
862,0,-1,-0.0,0.96,24,0.96,0,3
863,0,-1,1227.3877,0.92,23,0.92,0,3
864,1,0,0.0,0.92,23,0.92,0,3
865,0,-1,387.99402,0.88,22,0.88,0,3
866,0,-1,190.18306,0.84,21,0.84,0,3
867,1,0,0.0,0.84,21,0.84,0,3
868,0,-1,-0.0,0.84,21,0.84,0,3
869,1,0,0.0,0.84,21,0.84,1,3
870,0,-1,-0.0,0.84,21,0.84,0,3
871,1,0,0.0,0.84,21,0.84,0,3
872,1,0,0.0,0.84,21,0.84,0,3
873,1,0,0.0,0.84,21,0.84,0,3
874,1,0,0.0,0.84,21,0.84,0,3
875,0,-1,105.78451,0.8,20,0.8,0,3
876,1,0,0.0,0.8,20,0.8,0,3
877,1,0,0.0,0.8,20,0.8,0,3
878,0,-1,64.08499,0.76,19,0.76,0,3
879,2,1,-62.14851,0.8,20,0.8,0,3
880,2,1,-94.59044,0.84,21,0.84,0,3
881,1,0,0.0,0.84,21,0.84,0,3
882,2,1,-190.50023,0.88,22,0.88,0,3
883,2,1,-403.07767,0.92,23,0.92,0,3
884,0,-1,395.11365,0.88,22,0.88,0,3
885,1,0,0.0,0.88,22,0.88,0,3
886,2,1,-402.75784,0.92,23,0.92,0,3
887,2,1,-1223.447,0.96,24,0.96,0,3
888,2,1,21.888044,1.0,25,1.0,0,3
889,0,-1,-1000.0,0.0,0,0.0,0,3
890,2,1,24.20528,0.2,5,0.2,0,4
891,1,0,0.0,0.2,5,0.2,0,4
892,0,-1,-0.0,0.2,5,0.2,0,4
893,2,1,-8.557965,0.24,6,0.24,0,4
894,2,1,-9.032798,0.28,7,0.28,0,4
895,2,1,22.809717,0.32,8,0.32,0,4
896,1,0,0.0,0.32,8,0.32,0,4
897,1,0,0.0,0.32,8,0.32,0,4
898,0,-1,-0.0,0.32,8,0.32,0,4
899,0,-1,-22.809717,0.28,7,0.28,0,4
900,0,-1,-23.455095,0.24,6,0.24,0,4
901,2,1,-9.03267,0.28,7,0.28,0,4
902,0,-1,-0.0,0.28,7,0.28,0,4
903,2,1,-9.695268,0.32,8,0.32,0,4
904,1,0,0.0,0.32,8,0.32,0,4
905,2,1,-10.560936,0.36,9,0.36,0,4
906,2,1,-11.659089,0.4,10,0.4,0,4
907,1,0,0.0,0.4,10,0.4,0,4
908,0,-1,-0.0,0.4,10,0.4,0,4
909,0,-1,11.6592245,0.36,9,0.36,0,4
910,1,0,0.0,0.36,9,0.36,1,4
911,2,1,-11.65925,0.4,10,0.4,0,4
912,0,-1,11.6591015,0.36,9,0.36,0,4
913,2,1,12.132817,0.4,10,0.4,0,4
914,1,0,0.0,0.4,10,0.4,0,4
915,0,-1,11.65925,0.36,9,0.36,0,4
916,2,1,5.0526934,0.4,10,0.4,0,4
917,1,0,0.0,0.4,10,0.4,0,4
918,1,0,0.0,0.4,10,0.4,0,4
919,0,-1,-0.0,0.4,10,0.4,0,4
920,1,0,0.0,0.4,10,0.4,0,4
921,0,-1,-0.0,0.4,10,0.4,0,4
922,2,1,7.9834237,0.44,11,0.44,0,4
923,0,-1,-3.6703186,0.4,10,0.4,0,4
924,0,-1,-9.365799,0.36,9,0.36,0,4
925,2,1,20.841488,0.4,10,0.4,0,4
926,2,1,15.262894,0.44,11,0.44,0,4
927,2,1,7.6220856,0.48,12,0.48,0,4
928,1,0,0.0,0.48,12,0.48,1,4
929,1,0,0.0,0.48,12,0.48,0,4
930,1,0,0.0,0.48,12,0.48,0,4
931,0,-1,-4.153658,0.44,11,0.44,0,4
932,0,-1,-0.0,0.44,11,0.44,0,4
933,2,1,3.0516696,0.48,12,0.48,0,4
934,1,0,0.0,0.48,12,0.48,0,4
935,0,-1,-13.574485,0.44,11,0.44,0,4
936,1,0,0.0,0.44,11,0.44,0,4
937,1,0,0.0,0.44,11,0.44,0,4
938,2,1,17.606796,0.48,12,0.48,0,4
939,1,0,0.0,0.48,12,0.48,0,4
940,2,1,-0.53495175,0.52,13,0.52,0,4
941,2,1,1.4477936,0.56,14,0.56,0,4
942,0,-1,-12.669159,0.52,13,0.52,0,4
943,2,1,8.639037,0.56,14,0.56,0,4
944,2,1,7.6070957,0.6,15,0.6,0,4
945,2,1,-15.6484375,0.64,16,0.64,0,4
946,2,1,-7.12845,0.68,17,0.68,0,4
947,0,-1,-0.0,0.68,17,0.68,0,4
948,2,1,-12.859326,0.72,18,0.72,0,4
949,0,-1,12.859326,0.68,17,0.68,1,4
950,1,0,0.0,0.68,17,0.68,0,4
951,0,-1,20.613653,0.64,16,0.64,0,4
952,0,-1,10.416545,0.6,15,0.6,0,4
953,2,1,-1.9655796,0.64,16,0.64,1,4
954,2,1,-19.945059,0.68,17,0.68,0,4
955,2,1,-18.574629,0.72,18,0.72,1,4
956,0,-1,-0.0,0.72,18,0.72,0,4
957,0,-1,23.937534,0.68,17,0.68,1,4
958,2,1,-30.302261,0.72,18,0.72,1,4
959,0,-1,-0.0,0.72,18,0.72,0,4
960,0,-1,-0.0,0.72,18,0.72,0,4
961,2,1,-30.692928,0.76,19,0.76,0,4
962,1,0,0.0,0.76,19,0.76,1,4
963,0,-1,44.889923,0.72,18,0.72,0,4
964,0,-1,-0.0,0.72,18,0.72,0,4
965,2,1,-46.998566,0.76,19,0.76,0,4
966,1,0,0.0,0.76,19,0.76,0,4
967,0,-1,-0.0,0.76,19,0.76,1,4
968,0,-1,35.63185,0.72,18,0.72,0,4
969,1,0,0.0,0.72,18,0.72,0,4
970,0,-1,-0.0,0.72,18,0.72,0,4
971,0,-1,15.872222,0.68,17,0.68,0,4
972,2,1,-21.143297,0.72,18,0.72,0,4
973,2,1,-38.177124,0.76,19,0.76,0,4
974,0,-1,-0.0,0.76,19,0.76,0,4
975,0,-1,38.177124,0.72,18,0.72,0,4
976,0,-1,21.143297,0.68,17,0.68,0,4
977,0,-1,-0.0,0.68,17,0.68,0,4
978,0,-1,20.31528,0.64,16,0.64,0,4
979,2,1,-20.237322,0.68,17,0.68,0,4
980,2,1,-30.995321,0.72,18,0.72,0,4
981,2,1,-31.571522,0.76,19,0.76,0,4
982,1,0,0.0,0.76,19,0.76,0,4
983,0,-1,32.84053,0.72,18,0.72,0,4
984,1,0,0.0,0.72,18,0.72,0,4
985,2,1,-47.35167,0.76,19,0.76,0,4
986,0,-1,34.987713,0.72,18,0.72,0,4
987,0,-1,30.995321,0.68,17,0.68,0,4
988,1,0,0.0,0.68,17,0.68,1,4
989,2,1,-20.346188,0.72,18,0.72,0,4
990,0,-1,28.998188,0.68,17,0.68,0,4
991,0,-1,16.99262,0.64,16,0.64,0,4
992,1,0,0.0,0.64,16,0.64,0,4
993,2,1,-11.2857685,0.68,17,0.68,0,4
994,0,-1,22.646347,0.64,16,0.64,0,4
995,2,1,-8.101904,0.68,17,0.68,0,4
996,1,0,0.0,0.68,17,0.68,0,4
997,0,-1,20.210648,0.64,16,0.64,0,4
998,0,-1,9.660984,0.6,15,0.6,0,4
999,1,0,0.0,0.6,15,0.6,0,4
1000,2,1,-2.4896438,0.64,16,0.64,0,4
1001,1,0,0.0,0.64,16,0.64,0,4
1002,1,0,0.0,0.64,16,0.64,1,4
1003,0,-1,4.397993,0.6,15,0.6,0,4
1004,0,-1,-2.8931758,0.56,14,0.56,0,4
1005,0,-1,-7.619315,0.52,13,0.52,0,4
1006,2,1,1.0509924,0.56,14,0.56,0,4
1007,2,1,-4.065678,0.6,15,0.6,0,4
1008,0,-1,-4.5651593,0.56,14,0.56,0,4
1009,2,1,-5.8412776,0.6,15,0.6,0,4
1010,1,0,0.0,0.6,15,0.6,0,4
1011,1,0,0.0,0.6,15,0.6,0,4
1012,1,0,0.0,0.6,15,0.6,0,4
1013,0,-1,-1.4406949,0.56,14,0.56,0,4
1014,2,1,-0.1971912,0.6,15,0.6,0,4
1015,1,0,0.0,0.6,15,0.6,0,4
1016,0,-1,-5.217945,0.56,14,0.56,0,4
1017,0,-1,-0.0,0.56,14,0.56,0,4
1018,2,1,4.5642676,0.6,15,0.6,0,4
1019,0,-1,0.1971912,0.56,14,0.56,0,4
1020,0,-1,0.3358791,0.52,13,0.52,0,4
1021,1,0,0.0,0.52,13,0.52,0,4
1022,0,-1,-0.73592824,0.48,12,0.48,0,4
1023,1,0,0.0,0.48,12,0.48,0,4
1024,1,0,0.0,0.48,12,0.48,0,4
1025,2,1,2.5115278,0.52,13,0.52,0,4
1026,2,1,-3.6329396,0.56,14,0.56,0,4
1027,0,-1,-0.0,0.56,14,0.56,1,4
1028,0,-1,-0.0,0.56,14,0.56,0,4
1029,1,0,0.0,0.56,14,0.56,0,4
1030,0,-1,-0.0,0.56,14,0.56,0,4
1031,0,-1,1.3664331,0.52,13,0.52,0,4
1032,0,-1,-11.104819,0.48,12,0.48,0,4
1033,1,0,0.0,0.48,12,0.48,0,4
1034,1,0,0.0,0.48,12,0.48,0,4
1035,0,-1,-11.341582,0.44,11,0.44,0,4
1036,1,0,0.0,0.44,11,0.44,0,4
1037,2,1,12.222768,0.48,12,0.48,0,4
1038,0,-1,-0.0,0.48,12,0.48,0,4
1039,1,0,0.0,0.48,12,0.48,0,4
1040,0,-1,-16.244238,0.44,11,0.44,0,4
1041,0,-1,-8.947446,0.4,10,0.4,0,4
1042,1,0,0.0,0.4,10,0.4,0,4
1043,0,-1,-0.0,0.4,10,0.4,1,4
1044,2,1,19.287117,0.44,11,0.44,0,4
1045,1,0,0.0,0.44,11,0.44,0,4
1046,2,1,9.863406,0.48,12,0.48,0,4
1047,0,-1,-0.0,0.48,12,0.48,0,4
1048,1,0,0.0,0.48,12,0.48,0,4
1049,1,0,0.0,0.48,12,0.48,0,4
1050,1,0,0.0,0.48,12,0.48,0,4
1051,1,0,0.0,0.48,12,0.48,0,4
1052,2,1,0.6991742,0.52,13,0.52,0,4
1053,0,-1,-15.332122,0.48,12,0.48,0,4
1054,0,-1,-2.9120078,0.44,11,0.44,1,4
1055,0,-1,-0.0,0.44,11,0.44,0,4
1056,2,1,7.5439334,0.48,12,0.48,0,4
1057,2,1,11.919632,0.52,13,0.52,0,4
1058,2,1,4.657223,0.56,14,0.56,0,4
1059,0,-1,-0.0,0.56,14,0.56,0,4
1060,1,0,0.0,0.56,14,0.56,0,4
1061,2,1,7.4082284,0.6,15,0.6,0,4
1062,1,0,0.0,0.6,15,0.6,0,4
1063,1,0,0.0,0.6,15,0.6,0,4
1064,1,0,0.0,0.6,15,0.6,0,4
1065,0,-1,-7.4082284,0.56,14,0.56,0,4
1066,1,0,0.0,0.56,14,0.56,0,4
1067,1,0,0.0,0.56,14,0.56,0,4
1068,0,-1,-9.072225,0.52,13,0.52,0,4
1069,0,-1,-5.3311,0.48,12,0.48,0,4
1070,1,0,0.0,0.48,12,0.48,1,4
1071,0,-1,-10.74384,0.44,11,0.44,0,4
1072,0,-1,-0.0,0.44,11,0.44,0,4
1073,1,0,0.0,0.44,11,0.44,0,4
1074,0,-1,-11.031596,0.4,10,0.4,0,4
1075,1,0,0.0,0.4,10,0.4,0,4
1076,0,-1,-0.0,0.4,10,0.4,0,4
1077,1,0,0.0,0.4,10,0.4,0,4
1078,1,0,0.0,0.4,10,0.4,0,4
1079,0,-1,-13.128364,0.36,9,0.36,0,4
1080,0,-1,-0.0,0.36,9,0.36,0,4
1081,2,1,13.121132,0.4,10,0.4,0,4
1082,0,-1,-0.0,0.4,10,0.4,0,4
1083,0,-1,-0.0,0.4,10,0.4,0,4
1084,1,0,0.0,0.4,10,0.4,0,4
1085,0,-1,-0.0,0.4,10,0.4,0,4
1086,0,-1,-18.326374,0.36,9,0.36,1,4
1087,1,0,0.0,0.36,9,0.36,0,4
1088,1,0,0.0,0.36,9,0.36,0,4
1089,2,1,8.924113,0.4,10,0.4,0,4
1090,2,1,11.849547,0.44,11,0.44,0,4
1091,0,-1,-0.0,0.44,11,0.44,0,4
1092,1,0,0.0,0.44,11,0.44,0,4
1093,0,-1,-0.0,0.44,11,0.44,0,4
1094,2,1,7.9694695,0.48,12,0.48,0,4
1095,0,-1,-0.0,0.48,12,0.48,0,4
1096,0,-1,-5.7995768,0.44,11,0.44,1,4
1097,1,0,0.0,0.44,11,0.44,0,4
1098,0,-1,-0.0,0.44,11,0.44,0,4
1099,0,-1,-9.6692915,0.4,10,0.4,0,4
1100,0,-1,-13.260674,0.36,9,0.36,0,4
1101,0,-1,-0.0,0.36,9,0.36,0,4
1102,0,-1,-0.0,0.36,9,0.36,0,4
1103,0,-1,-14.314474,0.32,8,0.32,0,4
1104,2,1,15.546474,0.36,9,0.36,0,4
1105,0,-1,-16.553726,0.32,8,0.32,0,4
1106,1,0,0.0,0.32,8,0.32,0,4
1107,0,-1,-0.0,0.32,8,0.32,0,4
1108,0,-1,-0.0,0.32,8,0.32,0,4
1109,2,1,21.792257,0.36,9,0.36,0,4
1110,1,0,0.0,0.36,9,0.36,0,4
1111,0,-1,-0.0,0.36,9,0.36,0,4
1112,1,0,0.0,0.36,9,0.36,0,4
1113,0,-1,-21.792257,0.32,8,0.32,0,4
1114,0,-1,-0.0,0.32,8,0.32,1,4
1115,0,-1,-16.50183,0.28,7,0.28,0,4
1116,1,0,0.0,0.28,7,0.28,1,4
1117,0,-1,-0.0,0.28,7,0.28,0,4
1118,1,0,0.0,0.28,7,0.28,0,4
1119,0,-1,-21.894331,0.24,6,0.24,0,4
1120,0,-1,-0.0,0.24,6,0.24,0,4
1121,0,-1,-0.0,0.24,6,0.24,0,4
1122,2,1,17.969265,0.28,7,0.28,0,4
1123,2,1,22.861132,0.32,8,0.32,0,4
1124,0,-1,-0.0,0.32,8,0.32,0,4
1125,1,0,0.0,0.32,8,0.32,0,4
1126,2,1,20.032158,0.36,9,0.36,0,4
1127,1,0,0.0,0.36,9,0.36,0,4
1128,1,0,0.0,0.36,9,0.36,0,4
1129,1,0,0.0,0.36,9,0.36,0,4
1130,1,0,0.0,0.36,9,0.36,0,4
1131,2,1,13.39405,0.4,10,0.4,0,4
1132,2,1,17.80407,0.44,11,0.44,0,4
1133,1,0,0.0,0.44,11,0.44,0,4
1134,2,1,15.838504,0.48,12,0.48,0,4
1135,0,-1,-15.809333,0.44,11,0.44,0,4
1136,0,-1,-17.580666,0.4,10,0.4,0,4
1137,2,1,12.058301,0.44,11,0.44,0,4
1138,2,1,11.356707,0.48,12,0.48,0,4
1139,2,1,6.9905686,0.52,13,0.52,0,4
1140,0,-1,-13.849074,0.48,12,0.48,0,4
1141,1,0,0.0,0.48,12,0.48,0,4
1142,2,1,6.600874,0.52,13,0.52,0,4
1143,1,0,0.0,0.52,13,0.52,0,4
1144,0,-1,-15.560448,0.48,12,0.48,1,4
1145,1,0,0.0,0.48,12,0.48,0,4
1146,2,1,5.275531,0.52,13,0.52,0,4
1147,0,-1,-5.275531,0.48,12,0.48,0,4
1148,1,0,0.0,0.48,12,0.48,0,4
1149,0,-1,-9.230532,0.44,11,0.44,0,4
1150,0,-1,-12.051098,0.4,10,0.4,0,4
1151,2,1,10.034382,0.44,11,0.44,0,4
1152,0,-1,-13.095944,0.4,10,0.4,0,4
1153,1,0,0.0,0.4,10,0.4,0,4
1154,0,-1,-11.416757,0.36,9,0.36,0,4
1155,1,0,0.0,0.36,9,0.36,0,4
1156,0,-1,-0.0,0.36,9,0.36,0,4
1157,2,1,14.480116,0.4,10,0.4,0,4
1158,1,0,0.0,0.4,10,0.4,0,4
1159,0,-1,-0.0,0.4,10,0.4,0,4
1160,1,0,0.0,0.4,10,0.4,0,4
1161,0,-1,-14.480116,0.36,9,0.36,0,4
1162,2,1,18.57615,0.4,10,0.4,0,4
1163,1,0,0.0,0.4,10,0.4,0,4
1164,2,1,10.034382,0.44,11,0.44,0,4
1165,0,-1,-17.193777,0.4,10,0.4,0,4
1166,0,-1,-0.0,0.4,10,0.4,0,4
1167,2,1,17.193777,0.44,11,0.44,0,4
1168,2,1,5.788535,0.48,12,0.48,1,4
1169,2,1,8.246549,0.52,13,0.52,0,4
1170,1,0,0.0,0.52,13,0.52,0,4
1171,0,-1,-3.4776223,0.48,12,0.48,0,4
1172,0,-1,-8.452915,0.44,11,0.44,0,4
1173,1,0,0.0,0.44,11,0.44,0,4
1174,2,1,14.088128,0.48,12,0.48,0,4
1175,2,1,6.2000084,0.52,13,0.52,0,4
1176,1,0,0.0,0.52,13,0.52,0,4
1177,0,-1,-0.0,0.52,13,0.52,0,4
1178,2,1,12.730173,0.56,14,0.56,0,4
1179,1,0,0.0,0.56,14,0.56,0,4
1180,2,1,-2.51487,0.6,15,0.6,1,4
1181,1,0,0.0,0.6,15,0.6,0,4
1182,0,-1,-0.0,0.6,15,0.6,0,4
1183,1,0,0.0,0.6,15,0.6,0,4
1184,0,-1,0.23465337,0.56,14,0.56,0,4
1185,2,1,0.88625985,0.6,15,0.6,0,4
1186,1,0,0.0,0.6,15,0.6,0,4
1187,0,-1,-0.0,0.6,15,0.6,0,4
1188,0,-1,2.1813402,0.56,14,0.56,0,4
1189,1,0,0.0,0.0,0,0.0,0,4
1190,2,1,-8.281979,0.2,5,0.2,0,5
1191,0,-1,8.281979,0.16,4,0.16,0,5
1192,0,-1,-0.0,0.16,4,0.16,0,5
1193,2,1,-8.282061,0.2,5,0.2,0,5
1194,0,-1,8.282061,0.16,4,0.16,1,5
1195,2,1,17.80511,0.2,5,0.2,1,5
1196,0,-1,-0.0,0.2,5,0.2,0,5
1197,0,-1,-19.265507,0.16,4,0.16,0,5
1198,1,0,0.0,0.16,4,0.16,0,5
1199,1,0,0.0,0.16,4,0.16,0,5
1200,1,0,0.0,0.16,4,0.16,0,5
1201,0,-1,-0.0,0.16,4,0.16,0,5
1202,1,0,0.0,0.16,4,0.16,0,5
1203,0,-1,-0.0,0.16,4,0.16,0,5
1204,2,1,18.827944,0.2,5,0.2,0,5
1205,0,-1,-0.0,0.2,5,0.2,0,5
1206,0,-1,-18.827944,0.16,4,0.16,0,5
1207,2,1,21.860981,0.2,5,0.2,0,5
1208,0,-1,-21.860981,0.16,4,0.16,0,5
1209,1,0,0.0,0.16,4,0.16,0,5
1210,0,-1,-0.0,0.16,4,0.16,0,5
1211,0,-1,-0.0,0.16,4,0.16,0,5
1212,1,0,0.0,0.16,4,0.16,0,5
1213,0,-1,-0.0,0.16,4,0.16,0,5
1214,2,1,18.827944,0.2,5,0.2,1,5
1215,0,-1,-18.996906,0.16,4,0.16,0,5
1216,2,1,24.52195,0.2,5,0.2,0,5
1217,0,-1,-0.0,0.2,5,0.2,0,5
1218,1,0,0.0,0.2,5,0.2,0,5
1219,1,0,0.0,0.2,5,0.2,0,5
1220,0,-1,-24.52195,0.16,4,0.16,1,5
1221,1,0,0.0,0.16,4,0.16,0,5
1222,1,0,0.0,0.16,4,0.16,0,5
1223,1,0,0.0,0.16,4,0.16,0,5
1224,2,1,19.062923,0.2,5,0.2,0,5
1225,2,1,20.702482,0.24,6,0.24,0,5
1226,0,-1,-18.78702,0.2,5,0.2,0,5
1227,1,0,0.0,0.2,5,0.2,0,5
1228,1,0,0.0,0.2,5,0.2,0,5
1229,1,0,0.0,0.2,5,0.2,0,5
1230,1,0,0.0,0.2,5,0.2,0,5
1231,2,1,19.005306,0.24,6,0.24,0,5
1232,2,1,16.89813,0.28,7,0.28,0,5
1233,1,0,0.0,0.28,7,0.28,0,5
1234,1,0,0.0,0.28,7,0.28,0,5
1235,0,-1,-0.0,0.28,7,0.28,0,5
1236,1,0,0.0,0.28,7,0.28,0,5
1237,1,0,0.0,0.28,7,0.28,0,5
1238,2,1,15.614601,0.32,8,0.32,0,5
1239,2,1,12.403506,0.36,9,0.36,0,5
1240,1,0,0.0,0.36,9,0.36,0,5
1241,0,-1,-0.0,0.36,9,0.36,0,5
1242,2,1,15.686321,0.4,10,0.4,0,5
1243,1,0,0.0,0.4,10,0.4,0,5
1244,0,-1,-13.651287,0.36,9,0.36,1,5
1245,2,1,13.130635,0.4,10,0.4,0,5
1246,2,1,18.513767,0.44,11,0.44,0,5
1247,0,-1,-14.7123165,0.4,10,0.4,0,5
1248,1,0,0.0,0.4,10,0.4,0,5
1249,1,0,0.0,0.4,10,0.4,0,5
1250,2,1,15.96113,0.44,11,0.44,0,5
1251,0,-1,-0.0,0.44,11,0.44,0,5
1252,0,-1,-0.0,0.44,11,0.44,0,5
1253,2,1,8.636901,0.48,12,0.48,0,5
1254,0,-1,-0.0,0.48,12,0.48,0,5
1255,2,1,11.11029,0.52,13,0.52,1,5
1256,1,0,0.0,0.52,13,0.52,0,5
1257,2,1,7.5958314,0.56,14,0.56,0,5
1258,1,0,0.0,0.56,14,0.56,0,5
1259,2,1,4.243456,0.6,15,0.6,0,5
1260,0,-1,-4.243456,0.56,14,0.56,0,5
1261,2,1,-3.2174907,0.6,15,0.6,0,5
1262,1,0,0.0,0.6,15,0.6,0,5
1263,0,-1,3.2174907,0.56,14,0.56,0,5
1264,2,1,-1.229854,0.6,15,0.6,0,5
1265,1,0,0.0,0.6,15,0.6,0,5
1266,0,-1,1.229854,0.56,14,0.56,0,5
1267,0,-1,-8.583651,0.52,13,0.52,0,5
1268,2,1,5.445902,0.56,14,0.56,0,5
1269,2,1,0.91404253,0.6,15,0.6,0,5
1270,0,-1,-1.7161031,0.56,14,0.56,0,5
1271,0,-1,-4.150183,0.52,13,0.52,0,5
1272,0,-1,-0.0,0.52,13,0.52,0,5
1273,1,0,0.0,0.52,13,0.52,0,5
1274,2,1,7.756002,0.56,14,0.56,0,5
1275,1,0,0.0,0.56,14,0.56,0,5
1276,1,0,0.0,0.56,14,0.56,0,5
1277,2,1,0.13823387,0.6,15,0.6,0,5
1278,1,0,0.0,0.6,15,0.6,0,5
1279,2,1,-0.28772035,0.64,16,0.64,0,5
1280,1,0,0.0,0.64,16,0.64,0,5
1281,1,0,0.0,0.64,16,0.64,1,5
1282,0,-1,-0.0,0.64,16,0.64,0,5
1283,2,1,-13.286463,0.68,17,0.68,0,5
1284,0,-1,7.788712,0.64,16,0.64,0,5
1285,1,0,0.0,0.64,16,0.64,0,5
1286,1,0,0.0,0.64,16,0.64,0,5
1287,2,1,-7.8320184,0.68,17,0.68,0,5
1288,1,0,0.0,0.68,17,0.68,1,5
1289,0,-1,6.7938457,0.64,16,0.64,0,5
1290,0,-1,-0.0,0.64,16,0.64,0,5
1291,1,0,0.0,0.64,16,0.64,0,5
1292,1,0,0.0,0.64,16,0.64,0,5
1293,1,0,0.0,0.64,16,0.64,0,5
1294,1,0,0.0,0.64,16,0.64,1,5
1295,0,-1,-0.0,0.64,16,0.64,0,5
1296,0,-1,6.4834585,0.6,15,0.6,0,5
1297,1,0,0.0,0.6,15,0.6,0,5
1298,0,-1,-0.0,0.6,15,0.6,0,5
1299,2,1,-8.313033,0.64,16,0.64,0,5
1300,2,1,-13.475362,0.68,17,0.68,0,5
1301,0,-1,13.475362,0.64,16,0.64,0,5
1302,2,1,-8.89941,0.68,17,0.68,0,5
1303,1,0,0.0,0.68,17,0.68,0,5
1304,0,-1,-0.0,0.68,17,0.68,0,5
1305,1,0,0.0,0.68,17,0.68,0,5
1306,1,0,0.0,0.68,17,0.68,0,5
1307,2,1,-17.544361,0.72,18,0.72,0,5
1308,0,-1,-0.0,0.72,18,0.72,1,5
1309,0,-1,24.620035,0.68,17,0.68,0,5
1310,1,0,0.0,0.68,17,0.68,0,5
1311,0,-1,10.561796,0.64,16,0.64,0,5
1312,2,1,-9.036909,0.68,17,0.68,0,5
1313,1,0,0.0,0.68,17,0.68,0,5
1314,0,-1,-0.0,0.68,17,0.68,0,5
1315,1,0,0.0,0.68,17,0.68,0,5
1316,2,1,-24.896074,0.72,18,0.72,0,5
1317,0,-1,18.91669,0.68,17,0.68,0,5
1318,2,1,-16.700289,0.72,18,0.72,0,5
1319,0,-1,17.53681,0.68,17,0.68,0,5
1320,0,-1,-0.0,0.68,17,0.68,0,5
1321,0,-1,-0.0,0.68,17,0.68,0,5
1322,2,1,-20.074972,0.72,18,0.72,0,5
1323,2,1,-35.326817,0.76,19,0.76,1,5
1324,0,-1,35.32269,0.72,18,0.72,0,5
1325,1,0,0.0,0.72,18,0.72,0,5
1326,0,-1,-0.0,0.72,18,0.72,0,5
1327,1,0,0.0,0.72,18,0.72,0,5
1328,1,0,0.0,0.72,18,0.72,0,5
1329,0,-1,18.41847,0.68,17,0.68,0,5
1330,2,1,-17.608135,0.72,18,0.72,0,5
1331,1,0,0.0,0.72,18,0.72,0,5
1332,0,-1,17.547705,0.68,17,0.68,0,5
1333,1,0,0.0,0.68,17,0.68,0,5
1334,2,1,-21.89599,0.72,18,0.72,0,5
1335,1,0,0.0,0.72,18,0.72,0,5
1336,1,0,0.0,0.72,18,0.72,0,5
1337,1,0,0.0,0.72,18,0.72,0,5
1338,1,0,0.0,0.72,18,0.72,0,5
1339,0,-1,-0.0,0.72,18,0.72,0,5
1340,1,0,0.0,0.72,18,0.72,0,5
1341,0,-1,24.673962,0.68,17,0.68,0,5
1342,0,-1,6.7726226,0.64,16,0.64,0,5
1343,2,1,-14.150986,0.68,17,0.68,0,5
1344,2,1,-24.415783,0.72,18,0.72,0,5
1345,1,0,0.0,0.72,18,0.72,0,5
1346,1,0,0.0,0.72,18,0.72,0,5
1347,2,1,-41.03444,0.76,19,0.76,0,5
1348,2,1,-57.582336,0.8,20,0.8,0,5
1349,2,1,-97.80441,0.84,21,0.84,0,5
1350,1,0,0.0,0.84,21,0.84,0,5
1351,2,1,-175.66924,0.88,22,0.88,0,5
1352,1,0,0.0,0.88,22,0.88,0,5
1353,0,-1,180.71237,0.84,21,0.84,1,5
1354,1,0,0.0,0.84,21,0.84,0,5
1355,0,-1,97.80776,0.8,20,0.8,0,5
1356,0,-1,-0.0,0.8,20,0.8,0,5
1357,0,-1,-0.0,0.8,20,0.8,0,5
1358,1,0,0.0,0.8,20,0.8,0,5
1359,0,-1,-0.0,0.8,20,0.8,0,5
1360,2,1,-97.80777,0.84,21,0.84,0,5
1361,2,1,-186.18172,0.88,22,0.88,0,5
1362,0,-1,184.22104,0.84,21,0.84,0,5
1363,2,1,-177.25395,0.88,22,0.88,0,5
1364,0,-1,187.59163,0.84,21,0.84,0,5
1365,1,0,0.0,0.84,21,0.84,0,5
1366,2,1,-178.36644,0.88,22,0.88,0,5
1367,1,0,0.0,0.88,22,0.88,0,5
1368,2,1,-395.90213,0.92,23,0.92,0,5
1369,1,0,0.0,0.92,23,0.92,0,5
1370,2,1,-1224.1417,0.96,24,0.96,0,5
1371,0,-1,1222.7313,0.92,23,0.92,0,5
1372,2,1,-1226.263,0.96,24,0.96,1,5
1373,0,-1,1225.0331,0.92,23,0.92,0,5
1374,1,0,0.0,0.92,23,0.92,0,5
1375,1,0,0.0,0.92,23,0.92,0,5
1376,0,-1,397.714,0.88,22,0.88,0,5
1377,1,0,0.0,0.88,22,0.88,0,5
1378,1,0,0.0,0.88,22,0.88,0,5
1379,1,0,0.0,0.88,22,0.88,0,5
1380,1,0,0.0,0.88,22,0.88,0,5
1381,1,0,0.0,0.88,22,0.88,0,5
1382,0,-1,186.34465,0.84,21,0.84,0,5
1383,0,-1,99.04608,0.8,20,0.8,0,5
1384,0,-1,58.099953,0.76,19,0.76,0,5
1385,2,1,-54.95878,0.8,20,0.8,0,5
1386,0,-1,62.65102,0.76,19,0.76,0,5
1387,1,0,0.0,0.76,19,0.76,0,5
1388,1,0,0.0,0.76,19,0.76,0,5
1389,2,1,-55.67672,0.8,20,0.8,0,5
1390,1,0,0.0,0.8,20,0.8,0,5
1391,2,1,-102.556076,0.84,21,0.84,0,5
1392,1,0,0.0,0.84,21,0.84,0,5
1393,0,-1,-0.0,0.84,21,0.84,0,5
1394,2,1,-187.59537,0.88,22,0.88,0,5
1395,0,-1,181.0551,0.84,21,0.84,1,5
1396,0,-1,-0.0,0.84,21,0.84,0,5
1397,1,0,0.0,0.84,21,0.84,0,5
1398,1,0,0.0,0.84,21,0.84,0,5
1399,2,1,-180.4749,0.88,22,0.88,0,5
1400,0,-1,187.59834,0.84,21,0.84,0,5
1401,2,1,-181.87622,0.88,22,0.88,0,5
1402,1,0,0.0,0.88,22,0.88,0,5
1403,1,0,0.0,0.88,22,0.88,0,5
1404,0,-1,-0.0,0.88,22,0.88,0,5
1405,0,-1,185.46127,0.84,21,0.84,0,5
1406,0,-1,-0.0,0.84,21,0.84,0,5
1407,1,0,0.0,0.84,21,0.84,0,5
1408,2,1,-180.09386,0.88,22,0.88,1,5
1409,0,-1,-0.0,0.88,22,0.88,0,5
1410,2,1,-392.74048,0.92,23,0.92,0,5
1411,0,-1,-0.0,0.92,23,0.92,0,5
1412,0,-1,-0.0,0.92,23,0.92,0,5
1413,0,-1,388.20056,0.88,22,0.88,0,5
1414,2,1,-395.12808,0.92,23,0.92,1,5
1415,0,-1,-0.0,0.92,23,0.92,0,5
1416,1,0,0.0,0.92,23,0.92,0,5
1417,0,-1,-0.0,0.92,23,0.92,0,5
1418,0,-1,393.64294,0.88,22,0.88,0,5
1419,0,-1,183.92064,0.84,21,0.84,0,5
1420,0,-1,-0.0,0.84,21,0.84,0,5
1421,1,0,0.0,0.84,21,0.84,0,5
1422,2,1,-182.67911,0.88,22,0.88,0,5
1423,0,-1,182.67911,0.84,21,0.84,0,5
1424,0,-1,-0.0,0.84,21,0.84,0,5
1425,0,-1,-0.0,0.84,21,0.84,0,5
1426,0,-1,102.32547,0.8,20,0.8,0,5
1427,0,-1,-0.0,0.8,20,0.8,0,5
1428,1,0,0.0,0.8,20,0.8,0,5
1429,1,0,0.0,0.8,20,0.8,0,5
1430,1,0,0.0,0.8,20,0.8,0,5
1431,0,-1,-0.0,0.8,20,0.8,0,5
1432,0,-1,55.67188,0.76,19,0.76,0,5
1433,1,0,0.0,0.76,19,0.76,0,5
1434,0,-1,38.119568,0.72,18,0.72,0,5
1435,1,0,0.0,0.72,18,0.72,0,5
1436,1,0,0.0,0.72,18,0.72,0,5
1437,2,1,-35.05007,0.76,19,0.76,0,5
1438,2,1,-61.89623,0.8,20,0.8,0,5
1439,0,-1,58.667934,0.76,19,0.76,1,5
1440,1,0,0.0,0.76,19,0.76,0,5
1441,0,-1,-0.0,0.76,19,0.76,0,5
1442,1,0,0.0,0.76,19,0.76,0,5
1443,0,-1,-0.0,0.76,19,0.76,0,5
1444,1,0,0.0,0.76,19,0.76,0,5
1445,0,-1,31.295597,0.72,18,0.72,0,5
1446,2,1,-35.531635,0.76,19,0.76,0,5
1447,0,-1,-0.0,0.76,19,0.76,0,5
1448,0,-1,38.138058,0.72,18,0.72,0,5
1449,0,-1,-0.0,0.72,18,0.72,0,5
1450,0,-1,20.210974,0.68,17,0.68,0,5
1451,2,1,-23.2945,0.72,18,0.72,0,5
1452,1,0,0.0,0.72,18,0.72,1,5
1453,0,-1,15.489227,0.68,17,0.68,0,5
1454,0,-1,-0.0,0.68,17,0.68,0,5
1455,0,-1,-0.0,0.68,17,0.68,0,5
1456,1,0,0.0,0.68,17,0.68,0,5
1457,1,0,0.0,0.68,17,0.68,0,5
1458,1,0,0.0,0.68,17,0.68,0,5
1459,0,-1,-0.0,0.68,17,0.68,0,5
1460,0,-1,-0.0,0.68,17,0.68,0,5
1461,0,-1,13.433137,0.64,16,0.64,0,5
1462,2,1,-7.742639,0.68,17,0.68,0,5
1463,0,-1,-0.0,0.68,17,0.68,0,5
1464,0,-1,7.742639,0.64,16,0.64,0,5
1465,1,0,0.0,0.64,16,0.64,0,5
1466,2,1,-7.742639,0.68,17,0.68,0,5
1467,2,1,-20.123732,0.72,18,0.72,0,5
1468,0,-1,13.642155,0.68,17,0.68,0,5
1469,0,-1,11.031465,0.64,16,0.64,0,5
1470,2,1,-3.7893996,0.68,17,0.68,0,5
1471,2,1,-15.101592,0.72,18,0.72,0,5
1472,0,-1,18.360922,0.68,17,0.68,1,5
1473,0,-1,5.1924624,0.64,16,0.64,0,5
1474,0,-1,-0.0,0.64,16,0.64,0,5
1475,1,0,0.0,0.64,16,0.64,0,5
1476,2,1,-11.015733,0.68,17,0.68,0,5
1477,0,-1,11.015733,0.64,16,0.64,0,5
1478,2,1,-12.120193,0.68,17,0.68,0,5
1479,1,0,0.0,0.68,17,0.68,0,5
1480,1,0,0.0,0.68,17,0.68,0,5
1481,1,0,0.0,0.68,17,0.68,0,5
1482,1,0,0.0,0.68,17,0.68,0,5
1483,2,1,-15.17481,0.72,18,0.72,0,5
1484,0,-1,-0.0,0.72,18,0.72,0,5
1485,0,-1,17.44793,0.68,17,0.68,0,5
1486,0,-1,-0.0,0.68,17,0.68,0,5
1487,0,-1,-0.0,0.68,17,0.68,0,5
1488,1,0,0.0,0.68,17,0.68,0,5
1489,1,0,0.0,0.0,0,0.0,0,5
1490,1,0,0.0,0.16,4,0.16,0,6
1491,0,-1,-0.0,0.16,4,0.16,0,6
1492,0,-1,-0.0,0.16,4,0.16,0,6
1493,2,1,24.223005,0.2,5,0.2,0,6
1494,2,1,-8.557883,0.24,6,0.24,0,6
1495,2,1,-9.032669,0.28,7,0.28,0,6
1496,1,0,0.0,0.28,7,0.28,0,6
1497,0,-1,-23.472822,0.24,6,0.24,0,6
1498,2,1,23.472822,0.28,7,0.28,0,6
1499,0,-1,-0.0,0.28,7,0.28,0,6
1500,0,-1,9.032669,0.24,6,0.24,0,6
1501,0,-1,-0.0,0.24,6,0.24,0,6
1502,0,-1,-0.0,0.24,6,0.24,0,6
1503,2,1,22.256626,0.28,7,0.28,0,6
1504,0,-1,-22.256626,0.24,6,0.24,0,6
1505,0,-1,-0.0,0.24,6,0.24,0,6
1506,1,0,0.0,0.24,6,0.24,0,6
1507,0,-1,-0.0,0.24,6,0.24,1,6
1508,2,1,10.979169,0.28,7,0.28,0,6
1509,1,0,0.0,0.28,7,0.28,0,6
1510,0,-1,-18.73898,0.24,6,0.24,0,6
1511,0,-1,-0.0,0.24,6,0.24,0,6
1512,2,1,18.760633,0.28,7,0.28,1,6
1513,0,-1,-0.0,0.28,7,0.28,0,6
1514,2,1,21.706236,0.32,8,0.32,0,6
1515,2,1,16.508492,0.36,9,0.36,0,6
1516,0,-1,-16.508492,0.32,8,0.32,0,6
1517,0,-1,-18.854216,0.28,7,0.28,0,6
1518,1,0,0.0,0.28,7,0.28,0,6
1519,0,-1,-22.36934,0.24,6,0.24,1,6
1520,0,-1,-17.209843,0.2,5,0.2,0,6
1521,1,0,0.0,0.2,5,0.2,0,6
1522,1,0,0.0,0.2,5,0.2,0,6
1523,0,-1,-0.0,0.2,5,0.2,0,6
1524,0,-1,-0.0,0.2,5,0.2,0,6
1525,2,1,23.30156,0.24,6,0.24,0,6
1526,0,-1,-0.0,0.24,6,0.24,0,6
1527,2,1,23.180452,0.28,7,0.28,0,6
1528,0,-1,-23.180452,0.24,6,0.24,0,6
1529,0,-1,-0.0,0.24,6,0.24,0,6
1530,1,0,0.0,0.24,6,0.24,0,6
1531,0,-1,-23.30156,0.2,5,0.2,0,6
1532,2,1,16.304405,0.24,6,0.24,0,6
1533,1,0,0.0,0.24,6,0.24,0,6
1534,2,1,18.948116,0.28,7,0.28,0,6
1535,1,0,0.0,0.28,7,0.28,0,6
1536,1,0,0.0,0.28,7,0.28,0,6
1537,0,-1,-0.0,0.28,7,0.28,1,6
1538,0,-1,-20.228703,0.24,6,0.24,1,6
1539,2,1,13.466336,0.28,7,0.28,0,6
1540,2,1,13.916419,0.32,8,0.32,0,6
1541,0,-1,-0.0,0.32,8,0.32,0,6
1542,0,-1,-12.803231,0.28,7,0.28,0,6
1543,2,1,19.917543,0.32,8,0.32,0,6
1544,2,1,17.575804,0.36,9,0.36,1,6
1545,0,-1,-0.0,0.36,9,0.36,0,6
1546,0,-1,-0.0,0.36,9,0.36,0,6
1547,2,1,15.405725,0.4,10,0.4,0,6
1548,0,-1,-17.008387,0.36,9,0.36,0,6
1549,2,1,11.274284,0.4,10,0.4,0,6
1550,1,0,0.0,0.4,10,0.4,0,6
1551,1,0,0.0,0.4,10,0.4,0,6
1552,1,0,0.0,0.4,10,0.4,0,6
1553,1,0,0.0,0.4,10,0.4,0,6
1554,0,-1,-0.0,0.4,10,0.4,0,6
1555,0,-1,-0.0,0.4,10,0.4,0,6
1556,0,-1,-0.0,0.4,10,0.4,0,6
1557,2,1,18.949451,0.44,11,0.44,0,6
1558,0,-1,-18.949451,0.4,10,0.4,0,6
1559,0,-1,-11.274284,0.36,9,0.36,0,6
1560,0,-1,-0.0,0.36,9,0.36,0,6
1561,2,1,16.738457,0.4,10,0.4,0,6
1562,1,0,0.0,0.4,10,0.4,0,6
1563,0,-1,-15.405725,0.36,9,0.36,0,6
1564,0,-1,-0.0,0.36,9,0.36,0,6
1565,1,0,0.0,0.36,9,0.36,0,6
1566,0,-1,-13.790045,0.32,8,0.32,0,6
1567,2,1,14.233498,0.36,9,0.36,0,6
1568,1,0,0.0,0.36,9,0.36,0,6
1569,0,-1,-0.0,0.36,9,0.36,0,6
1570,0,-1,-0.0,0.36,9,0.36,1,6
1571,2,1,11.357087,0.4,10,0.4,0,6
1572,0,-1,-13.431004,0.36,9,0.36,0,6
1573,2,1,9.715231,0.4,10,0.4,0,6
1574,0,-1,-0.0,0.4,10,0.4,0,6
1575,2,1,18.93257,0.44,11,0.44,0,6
1576,1,0,0.0,0.44,11,0.44,0,6
1577,1,0,0.0,0.44,11,0.44,0,6
1578,0,-1,-0.0,0.44,11,0.44,0,6
1579,1,0,0.0,0.44,11,0.44,0,6
1580,1,0,0.0,0.44,11,0.44,0,6
1581,2,1,13.069475,0.48,12,0.48,0,6
1582,1,0,0.0,0.48,12,0.48,0,6
1583,2,1,15.311265,0.52,13,0.52,0,6
1584,1,0,0.0,0.52,13,0.52,0,6
1585,0,-1,-4.3778605,0.48,12,0.48,0,6
1586,2,1,3.3388805,0.52,13,0.52,0,6
1587,0,-1,-14.977574,0.48,12,0.48,0,6
1588,0,-1,-13.069475,0.44,11,0.44,0,6
1589,1,0,0.0,0.44,11,0.44,0,6
1590,2,1,17.190409,0.48,12,0.48,0,6
1591,1,0,0.0,0.48,12,0.48,0,6
1592,2,1,13.748593,0.52,13,0.52,0,6
1593,1,0,0.0,0.52,13,0.52,0,6
1594,0,-1,-0.0,0.52,13,0.52,0,6
1595,2,1,9.816092,0.56,14,0.56,0,6
1596,1,0,0.0,0.56,14,0.56,1,6
1597,2,1,3.6002092,0.6,15,0.6,0,6
1598,0,-1,3.0982373,0.56,14,0.56,0,6
1599,1,0,0.0,0.56,14,0.56,0,6
1600,0,-1,-7.330008,0.52,13,0.52,1,6
1601,0,-1,-5.9476504,0.48,12,0.48,0,6
1602,0,-1,-10.163585,0.44,11,0.44,0,6
1603,2,1,13.073767,0.48,12,0.48,0,6
1604,1,0,0.0,0.48,12,0.48,0,6
1605,2,1,9.927671,0.52,13,0.52,0,6
1606,2,1,5.435966,0.56,14,0.56,1,6
1607,1,0,0.0,0.56,14,0.56,0,6
1608,0,-1,-0.0,0.56,14,0.56,0,6
1609,0,-1,-8.024647,0.52,13,0.52,0,6
1610,0,-1,-0.0,0.52,13,0.52,0,6
1611,0,-1,-12.720297,0.48,12,0.48,0,6
1612,0,-1,-13.773982,0.44,11,0.44,0,6
1613,2,1,13.77169,0.48,12,0.48,0,6
1614,0,-1,-17.567026,0.44,11,0.44,0,6
1615,2,1,10.037135,0.48,12,0.48,0,6
1616,1,0,0.0,0.48,12,0.48,0,6
1617,0,-1,-10.037135,0.44,11,0.44,0,6
1618,2,1,10.037135,0.48,12,0.48,0,6
1619,1,0,0.0,0.48,12,0.48,0,6
1620,1,0,0.0,0.48,12,0.48,0,6
1621,0,-1,-0.0,0.48,12,0.48,0,6
1622,1,0,0.0,0.48,12,0.48,0,6
1623,1,0,0.0,0.48,12,0.48,0,6
1624,0,-1,-15.932016,0.44,11,0.44,0,6
1625,1,0,0.0,0.44,11,0.44,0,6
1626,0,-1,-12.154612,0.4,10,0.4,0,6
1627,0,-1,-0.0,0.4,10,0.4,1,6
1628,0,-1,-13.159386,0.36,9,0.36,0,6
1629,1,0,0.0,0.36,9,0.36,0,6
1630,0,-1,-0.0,0.36,9,0.36,0,6
1631,1,0,0.0,0.36,9,0.36,0,6
1632,2,1,13.149445,0.4,10,0.4,0,6
1633,0,-1,-20.26411,0.36,9,0.36,0,6
1634,2,1,13.464648,0.4,10,0.4,0,6
1635,0,-1,-0.0,0.4,10,0.4,0,6
1636,0,-1,-0.0,0.4,10,0.4,0,6
1637,1,0,0.0,0.4,10,0.4,0,6
1638,0,-1,-13.149445,0.36,9,0.36,0,6
1639,2,1,20.267582,0.4,10,0.4,0,6
1640,1,0,0.0,0.4,10,0.4,0,6
1641,0,-1,-20.267582,0.36,9,0.36,0,6
1642,0,-1,-0.0,0.36,9,0.36,0,6
1643,1,0,0.0,0.36,9,0.36,0,6
1644,0,-1,-14.562937,0.32,8,0.32,0,6
1645,0,-1,-17.112587,0.28,7,0.28,0,6
1646,0,-1,-0.0,0.28,7,0.28,0,6
1647,1,0,0.0,0.28,7,0.28,0,6
1648,2,1,18.188503,0.32,8,0.32,0,6
1649,0,-1,-0.0,0.32,8,0.32,1,6
1650,1,0,0.0,0.32,8,0.32,0,6
1651,1,0,0.0,0.32,8,0.32,0,6
1652,0,-1,-0.0,0.32,8,0.32,0,6
1653,0,-1,-0.0,0.32,8,0.32,0,6
1654,2,1,14.174789,0.36,9,0.36,0,6
1655,0,-1,-0.0,0.36,9,0.36,0,6
1656,1,0,0.0,0.36,9,0.36,0,6
1657,1,0,0.0,0.36,9,0.36,0,6
1658,1,0,0.0,0.36,9,0.36,0,6
1659,1,0,0.0,0.36,9,0.36,0,6
1660,2,1,12.714495,0.4,10,0.4,0,6
1661,2,1,19.28342,0.44,11,0.44,0,6
1662,0,-1,-11.33212,0.4,10,0.4,0,6
1663,1,0,0.0,0.4,10,0.4,0,6
1664,1,0,0.0,0.4,10,0.4,0,6
1665,0,-1,-20.665794,0.36,9,0.36,0,6
1666,1,0,0.0,0.36,9,0.36,0,6
1667,2,1,10.986388,0.4,10,0.4,0,6
1668,0,-1,-10.986388,0.36,9,0.36,0,6
1669,1,0,0.0,0.36,9,0.36,0,6
1670,0,-1,-0.0,0.36,9,0.36,0,6
1671,1,0,0.0,0.36,9,0.36,0,6
1672,2,1,14.916559,0.4,10,0.4,0,6
1673,1,0,0.0,0.4,10,0.4,0,6
1674,1,0,0.0,0.4,10,0.4,0,6
1675,2,1,12.069048,0.44,11,0.44,0,6
1676,0,-1,-0.0,0.44,11,0.44,1,6
1677,0,-1,-0.0,0.44,11,0.44,0,6
1678,1,0,0.0,0.44,11,0.44,0,6
1679,0,-1,-0.0,0.44,11,0.44,0,6
1680,2,1,9.4912,0.48,12,0.48,0,6
1681,1,0,0.0,0.48,12,0.48,0,6
1682,0,-1,-0.0,0.48,12,0.48,0,6
1683,2,1,5.876759,0.52,13,0.52,0,6
1684,0,-1,-0.0,0.52,13,0.52,0,6
1685,0,-1,-7.7519307,0.48,12,0.48,0,6
1686,0,-1,-13.925566,0.44,11,0.44,0,6
1687,1,0,0.0,0.44,11,0.44,0,6
1688,2,1,8.583551,0.48,12,0.48,0,6
1689,1,0,0.0,0.48,12,0.48,0,6
1690,1,0,0.0,0.48,12,0.48,0,6
1691,2,1,4.3854127,0.52,13,0.52,0,6
1692,0,-1,-6.3707185,0.48,12,0.48,0,6
1693,1,0,0.0,0.48,12,0.48,0,6
1694,0,-1,-10.680248,0.44,11,0.44,0,6
1695,1,0,0.0,0.44,11,0.44,0,6
1696,0,-1,-0.0,0.44,11,0.44,0,6
1697,2,1,17.537052,0.48,12,0.48,0,6
1698,2,1,13.808197,0.52,13,0.52,0,6
1699,1,0,0.0,0.52,13,0.52,0,6
1700,1,0,0.0,0.52,13,0.52,1,6
1701,0,-1,-13.975762,0.48,12,0.48,0,6
1702,0,-1,-15.301086,0.44,11,0.44,0,6
1703,1,0,0.0,0.44,11,0.44,0,6
1704,1,0,0.0,0.44,11,0.44,0,6
1705,2,1,5.1581073,0.48,12,0.48,0,6
1706,2,1,8.452354,0.52,13,0.52,0,6
1707,1,0,0.0,0.52,13,0.52,0,6
1708,1,0,0.0,0.52,13,0.52,0,6
1709,2,1,10.890021,0.56,14,0.56,0,6
1710,1,0,0.0,0.56,14,0.56,0,6
1711,1,0,0.0,0.56,14,0.56,0,6
1712,1,0,0.0,0.56,14,0.56,0,6
1713,2,1,-0.6673961,0.6,15,0.6,0,6
1714,1,0,0.0,0.6,15,0.6,0,6
1715,2,1,-7.1276975,0.64,16,0.64,0,6
1716,1,0,0.0,0.64,16,0.64,0,6
1717,1,0,0.0,0.64,16,0.64,0,6
1718,1,0,0.0,0.64,16,0.64,0,6
1719,1,0,0.0,0.64,16,0.64,0,6
1720,1,0,0.0,0.64,16,0.64,0,6
1721,0,-1,7.1276975,0.6,15,0.6,1,6
1722,2,1,1.1977789,0.64,16,0.64,0,6
1723,0,-1,7.7910805,0.6,15,0.6,0,6
1724,0,-1,-0.0,0.6,15,0.6,1,6
1725,2,1,-9.617213,0.64,16,0.64,0,6
1726,0,-1,-1.1696193,0.6,15,0.6,0,6
1727,0,-1,-2.8319051,0.56,14,0.56,0,6
1728,0,-1,-0.0,0.56,14,0.56,0,6
1729,0,-1,-7.4755797,0.52,13,0.52,0,6
1730,0,-1,-14.112021,0.48,12,0.48,0,6
1731,0,-1,-4.172049,0.44,11,0.44,0,6
1732,1,0,0.0,0.44,11,0.44,0,6
1733,0,-1,-19.331581,0.4,10,0.4,0,6
1734,0,-1,-0.0,0.4,10,0.4,0,6
1735,1,0,0.0,0.4,10,0.4,0,6
1736,1,0,0.0,0.4,10,0.4,0,6
1737,0,-1,-0.0,0.4,10,0.4,0,6
1738,1,0,0.0,0.4,10,0.4,0,6
1739,1,0,0.0,0.4,10,0.4,0,6
1740,0,-1,-12.426943,0.36,9,0.36,0,6
1741,2,1,18.283756,0.4,10,0.4,0,6
1742,0,-1,-16.659481,0.36,9,0.36,0,6
1743,2,1,16.869743,0.4,10,0.4,0,6
1744,1,0,0.0,0.4,10,0.4,1,6
1745,0,-1,-0.0,0.4,10,0.4,0,6
1746,0,-1,-0.0,0.4,10,0.4,0,6
1747,1,0,0.0,0.4,10,0.4,0,6
1748,0,-1,-13.146177,0.36,9,0.36,0,6
1749,1,0,0.0,0.36,9,0.36,0,6
1750,1,0,0.0,0.36,9,0.36,0,6
1751,2,1,7.7775025,0.4,10,0.4,0,6
1752,2,1,10.948411,0.44,11,0.44,0,6
1753,0,-1,-0.0,0.44,11,0.44,0,6
1754,2,1,7.162711,0.48,12,0.48,0,6
1755,0,-1,-0.0,0.48,12,0.48,0,6
1756,1,0,0.0,0.48,12,0.48,0,6
1757,2,1,5.5019016,0.52,13,0.52,0,6
1758,2,1,-0.91308063,0.56,14,0.56,0,6
1759,1,0,0.0,0.56,14,0.56,0,6
1760,1,0,0.0,0.56,14,0.56,0,6
1761,0,-1,-0.0,0.56,14,0.56,0,6
1762,2,1,3.4144366,0.6,15,0.6,0,6
1763,0,-1,1.6273283,0.56,14,0.56,0,6
1764,1,0,0.0,0.56,14,0.56,0,6
1765,1,0,0.0,0.56,14,0.56,0,6
1766,0,-1,-2.6544948,0.52,13,0.52,0,6
1767,1,0,0.0,0.52,13,0.52,0,6
1768,2,1,-3.392103,0.56,14,0.56,0,6
1769,2,1,2.0036814,0.6,15,0.6,0,6
1770,1,0,0.0,0.6,15,0.6,0,6
1771,1,0,0.0,0.6,15,0.6,0,6
1772,0,-1,-0.0,0.6,15,0.6,1,6
1773,0,-1,4.1325407,0.56,14,0.56,0,6
1774,0,-1,-7.6692905,0.52,13,0.52,0,6
1775,1,0,0.0,0.52,13,0.52,0,6
1776,0,-1,-0.0,0.52,13,0.52,0,6
1777,1,0,0.0,0.52,13,0.52,0,6
1778,1,0,0.0,0.52,13,0.52,1,6
1779,0,-1,-7.0671463,0.48,12,0.48,0,6
1780,2,1,6.8892856,0.52,13,0.52,0,6
1781,2,1,-2.9945905,0.56,14,0.56,0,6
1782,0,-1,-0.0,0.56,14,0.56,0,6
1783,1,0,0.0,0.56,14,0.56,0,6
1784,2,1,8.115185,0.6,15,0.6,0,6
1785,0,-1,-0.31207943,0.56,14,0.56,1,6
1786,0,-1,-0.0,0.56,14,0.56,0,6
1787,1,0,0.0,0.56,14,0.56,0,6
1788,2,1,6.8627315,0.6,15,0.6,1,6
1789,2,1,0.0,0.0,0,0.0,0,6
1790,1,0,0.0,0.16,4,0.16,0,7
1791,2,1,-8.281979,0.2,5,0.2,0,7
1792,1,0,0.0,0.2,5,0.2,0,7
1793,0,-1,-0.0,0.2,5,0.2,0,7
1794,0,-1,8.281979,0.16,4,0.16,0,7
1795,0,-1,-0.0,0.16,4,0.16,0,7
1796,1,0,0.0,0.16,4,0.16,0,7
1797,0,-1,-0.0,0.16,4,0.16,0,7
1798,2,1,-8.281979,0.2,5,0.2,1,7
1799,1,0,0.0,0.2,5,0.2,0,7
1800,1,0,0.0,0.2,5,0.2,0,7
1801,1,0,0.0,0.2,5,0.2,0,7
1802,1,0,0.0,0.2,5,0.2,0,7
1803,0,-1,-0.0,0.2,5,0.2,0,7
1804,2,1,23.89602,0.24,6,0.24,0,7
1805,0,-1,-23.89602,0.2,5,0.2,0,7
1806,2,1,14.369485,0.24,6,0.24,0,7
1807,2,1,16.459522,0.28,7,0.28,0,7
1808,1,0,0.0,0.28,7,0.28,1,7
1809,1,0,0.0,0.28,7,0.28,0,7
1810,1,0,0.0,0.28,7,0.28,0,7
1811,2,1,10.997404,0.32,8,0.32,0,7
1812,0,-1,-0.0,0.32,8,0.32,1,7
1813,1,0,0.0,0.32,8,0.32,0,7
1814,0,-1,-0.0,0.32,8,0.32,0,7
1815,2,1,11.202306,0.36,9,0.36,0,7
1816,0,-1,-0.0,0.36,9,0.36,0,7
1817,1,0,0.0,0.36,9,0.36,0,7
1818,0,-1,-10.351455,0.32,8,0.32,0,7
1819,2,1,21.59146,0.36,9,0.36,0,7
1820,2,1,20.714394,0.4,10,0.4,0,7
1821,2,1,6.8648424,0.44,11,0.44,0,7
1822,1,0,0.0,0.44,11,0.44,0,7
1823,0,-1,-6.8648424,0.4,10,0.4,0,7
1824,1,0,0.0,0.4,10,0.4,0,7
1825,1,0,0.0,0.4,10,0.4,0,7
1826,1,0,0.0,0.4,10,0.4,0,7
1827,2,1,7.6892605,0.44,11,0.44,0,7
1828,1,0,0.0,0.44,11,0.44,0,7
1829,1,0,0.0,0.44,11,0.44,0,7
1830,2,1,10.394726,0.48,12,0.48,0,7
1831,2,1,5.6839733,0.52,13,0.52,0,7
1832,0,-1,-0.0,0.52,13,0.52,0,7
1833,2,1,8.982861,0.56,14,0.56,0,7
1834,0,-1,-5.3344855,0.52,13,0.52,0,7
1835,0,-1,-5.6839733,0.48,12,0.48,0,7
1836,0,-1,-14.043101,0.44,11,0.44,0,7
1837,1,0,0.0,0.44,11,0.44,0,7
1838,1,0,0.0,0.44,11,0.44,0,7
1839,1,0,0.0,0.44,11,0.44,0,7
1840,2,1,5.12268,0.48,12,0.48,1,7
1841,1,0,0.0,0.48,12,0.48,0,7
1842,1,0,0.0,0.48,12,0.48,0,7
1843,0,-1,-17.31895,0.44,11,0.44,0,7
1844,2,1,3.4152825,0.48,12,0.48,0,7
1845,2,1,15.108627,0.52,13,0.52,0,7
1846,0,-1,-0.0,0.52,13,0.52,0,7
1847,1,0,0.0,0.52,13,0.52,0,7
1848,0,-1,-0.0,0.52,13,0.52,0,7
1849,0,-1,-15.7807255,0.48,12,0.48,0,7
1850,0,-1,-0.0,0.48,12,0.48,0,7
1851,1,0,0.0,0.48,12,0.48,0,7
1852,0,-1,-6.1102424,0.44,11,0.44,0,7
1853,2,1,17.69898,0.48,12,0.48,0,7
1854,2,1,13.432159,0.52,13,0.52,0,7
1855,1,0,0.0,0.52,13,0.52,0,7
1856,2,1,10.680295,0.56,14,0.56,0,7
1857,0,-1,1.644958,0.52,13,0.52,1,7
1858,0,-1,-15.057389,0.48,12,0.48,0,7
1859,2,1,11.4334755,0.52,13,0.52,0,7
1860,0,-1,-3.2676485,0.48,12,0.48,0,7
1861,1,0,0.0,0.48,12,0.48,0,7
1862,1,0,0.0,0.48,12,0.48,0,7
1863,2,1,2.5497577,0.52,13,0.52,0,7
1864,2,1,9.821241,0.56,14,0.56,0,7
1865,0,-1,0.29764915,0.52,13,0.52,0,7
1866,0,-1,-0.0,0.52,13,0.52,0,7
1867,2,1,10.646111,0.56,14,0.56,0,7
1868,1,0,0.0,0.56,14,0.56,0,7
1869,1,0,0.0,0.56,14,0.56,0,7
1870,2,1,2.348209,0.6,15,0.6,1,7
1871,0,-1,-0.0,0.6,15,0.6,0,7
1872,1,0,0.0,0.6,15,0.6,0,7
1873,0,-1,0.045245577,0.56,14,0.56,0,7
1874,2,1,2.2166667,0.6,15,0.6,0,7
1875,1,0,0.0,0.6,15,0.6,0,7
1876,0,-1,-0.0,0.6,15,0.6,0,7
1877,0,-1,-0.0,0.6,15,0.6,0,7
1878,0,-1,-2.2166667,0.56,14,0.56,0,7
1879,0,-1,-10.933325,0.52,13,0.52,0,7
1880,0,-1,-10.146352,0.48,12,0.48,1,7
1881,0,-1,-0.0,0.48,12,0.48,0,7
1882,1,0,0.0,0.48,12,0.48,0,7
1883,0,-1,-11.208263,0.44,11,0.44,0,7
1884,2,1,6.0872436,0.48,12,0.48,0,7
1885,0,-1,-0.0,0.48,12,0.48,0,7
1886,0,-1,-6.0872436,0.44,11,0.44,0,7
1887,2,1,17.240288,0.48,12,0.48,0,7
1888,2,1,6.2221503,0.52,13,0.52,0,7
1889,1,0,0.0,0.52,13,0.52,0,7
1890,0,-1,-11.461471,0.48,12,0.48,0,7
1891,2,1,8.156759,0.52,13,0.52,0,7
1892,0,-1,-15.027455,0.48,12,0.48,0,7
1893,0,-1,-15.666685,0.44,11,0.44,0,7
1894,0,-1,-16.643164,0.4,10,0.4,0,7
1895,2,1,15.485583,0.44,11,0.44,0,7
1896,0,-1,-15.485583,0.4,10,0.4,0,7
1897,1,0,0.0,0.4,10,0.4,0,7
1898,1,0,0.0,0.4,10,0.4,0,7
1899,1,0,0.0,0.4,10,0.4,0,7
1900,1,0,0.0,0.4,10,0.4,0,7
1901,1,0,0.0,0.4,10,0.4,0,7
1902,1,0,0.0,0.4,10,0.4,0,7
1903,0,-1,-0.0,0.4,10,0.4,0,7
1904,1,0,0.0,0.4,10,0.4,0,7
1905,0,-1,-0.0,0.4,10,0.4,0,7
1906,0,-1,-0.0,0.4,10,0.4,0,7
1907,1,0,0.0,0.4,10,0.4,1,7
1908,1,0,0.0,0.4,10,0.4,1,7
1909,0,-1,-0.0,0.4,10,0.4,0,7
1910,2,1,15.709224,0.44,11,0.44,0,7
1911,2,1,8.338274,0.48,12,0.48,0,7
1912,0,-1,-8.338274,0.44,11,0.44,1,7
1913,1,0,0.0,0.44,11,0.44,0,7
1914,2,1,12.303451,0.48,12,0.48,0,7
1915,0,-1,-15.2279,0.44,11,0.44,0,7
1916,0,-1,-10.916957,0.4,10,0.4,0,7
1917,0,-1,-0.0,0.4,10,0.4,0,7
1918,0,-1,-20.352064,0.36,9,0.36,1,7
1919,0,-1,-22.755825,0.32,8,0.32,0,7
1920,2,1,13.3697815,0.36,9,0.36,0,7
1921,0,-1,-16.63804,0.32,8,0.32,0,7
1922,0,-1,-0.0,0.32,8,0.32,0,7
1923,2,1,21.199194,0.36,9,0.36,0,7
1924,0,-1,-0.0,0.36,9,0.36,0,7
1925,0,-1,-0.0,0.36,9,0.36,0,7
1926,0,-1,-14.139046,0.32,8,0.32,0,7
1927,1,0,0.0,0.32,8,0.32,0,7
1928,2,1,19.962847,0.36,9,0.36,0,7
1929,1,0,0.0,0.36,9,0.36,0,7
1930,1,0,0.0,0.36,9,0.36,0,7
1931,2,1,10.636682,0.4,10,0.4,0,7
1932,1,0,0.0,0.4,10,0.4,0,7
1933,1,0,0.0,0.4,10,0.4,0,7
1934,0,-1,-0.0,0.4,10,0.4,0,7
1935,1,0,0.0,0.4,10,0.4,0,7
1936,0,-1,-18.86456,0.36,9,0.36,0,7
1937,0,-1,-0.0,0.36,9,0.36,0,7
1938,0,-1,-0.0,0.36,9,0.36,0,7
1939,1,0,0.0,0.36,9,0.36,0,7
1940,1,0,0.0,0.36,9,0.36,0,7
1941,2,1,9.30377,0.4,10,0.4,0,7
1942,0,-1,-20.100904,0.36,9,0.36,0,7
1943,2,1,7.3230467,0.4,10,0.4,0,7
1944,2,1,10.932803,0.44,11,0.44,0,7
1945,0,-1,-10.932803,0.4,10,0.4,0,7
1946,1,0,0.0,0.4,10,0.4,1,7
1947,0,-1,-7.3852654,0.36,9,0.36,0,7
1948,0,-1,-12.498551,0.32,8,0.32,0,7
1949,0,-1,-0.0,0.32,8,0.32,0,7
1950,2,1,21.185125,0.36,9,0.36,0,7
1951,2,1,15.478693,0.4,10,0.4,0,7
1952,1,0,0.0,0.4,10,0.4,0,7
1953,0,-1,-11.807666,0.36,9,0.36,0,7
1954,2,1,12.122602,0.4,10,0.4,0,7
1955,1,0,0.0,0.4,10,0.4,0,7
1956,0,-1,-12.706287,0.36,9,0.36,0,7
1957,2,1,10.199913,0.4,10,0.4,0,7
1958,1,0,0.0,0.4,10,0.4,0,7
1959,1,0,0.0,0.4,10,0.4,0,7
1960,1,0,0.0,0.4,10,0.4,0,7
1961,1,0,0.0,0.4,10,0.4,0,7
1962,2,1,15.95906,0.44,11,0.44,0,7
1963,2,1,12.704472,0.48,12,0.48,0,7
1964,0,-1,-0.0,0.48,12,0.48,0,7
1965,1,0,0.0,0.48,12,0.48,1,7
1966,2,1,9.410787,0.52,13,0.52,0,7
1967,1,0,0.0,0.52,13,0.52,0,7
1968,0,-1,-10.822521,0.48,12,0.48,0,7
1969,2,1,16.0732,0.52,13,0.52,0,7
1970,1,0,0.0,0.52,13,0.52,0,7
1971,0,-1,-0.0,0.52,13,0.52,0,7
1972,0,-1,-0.0,0.52,13,0.52,0,7
1973,2,1,10.651732,0.56,14,0.56,1,7
1974,1,0,0.0,0.56,14,0.56,0,7
1975,0,-1,-0.0,0.56,14,0.56,0,7
1976,2,1,5.8026557,0.6,15,0.6,0,7
1977,1,0,0.0,0.6,15,0.6,0,7
1978,2,1,-4.186236,0.64,16,0.64,0,7
1979,0,-1,4.186236,0.6,15,0.6,0,7
1980,0,-1,-0.0,0.6,15,0.6,0,7
1981,0,-1,-6.908297,0.56,14,0.56,0,7
1982,1,0,0.0,0.56,14,0.56,0,7
1983,1,0,0.0,0.56,14,0.56,1,7
1984,0,-1,-0.0,0.56,14,0.56,0,7
1985,2,1,6.8945584,0.6,15,0.6,0,7
1986,2,1,-1.3339916,0.64,16,0.64,0,7
1987,0,-1,-0.0,0.64,16,0.64,0,7
1988,2,1,-10.933828,0.68,17,0.68,0,7
1989,0,-1,8.232816,0.64,16,0.64,0,7
1990,2,1,-4.001574,0.68,17,0.68,0,7
1991,0,-1,5.003489,0.64,16,0.64,0,7
1992,0,-1,-0.83938307,0.6,15,0.6,0,7
1993,1,0,0.0,0.6,15,0.6,0,7
1994,1,0,0.0,0.6,15,0.6,0,7
1995,1,0,0.0,0.6,15,0.6,0,7
1996,2,1,1.8953352,0.64,16,0.64,0,7
1997,0,-1,1.9773555,0.6,15,0.6,0,7
1998,1,0,0.0,0.6,15,0.6,0,7
1999,1,0,0.0,0.6,15,0.6,0,7
2000,2,1,1.6158777,0.64,16,0.64,0,7
2001,2,1,-7.0245786,0.68,17,0.68,0,7
2002,0,-1,12.314928,0.64,16,0.64,0,7
2003,0,-1,-0.0,0.64,16,0.64,0,7
2004,1,0,0.0,0.64,16,0.64,0,7
2005,2,1,-6.5039926,0.68,17,0.68,0,7
2006,2,1,-19.478418,0.72,18,0.72,0,7
2007,1,0,0.0,0.72,18,0.72,0,7
2008,1,0,0.0,0.72,18,0.72,0,7
2009,1,0,0.0,0.72,18,0.72,0,7
2010,1,0,0.0,0.72,18,0.72,0,7
2011,0,-1,-0.0,0.72,18,0.72,1,7
2012,1,0,0.0,0.72,18,0.72,0,7
2013,1,0,0.0,0.72,18,0.72,0,7
2014,2,1,-36.520145,0.76,19,0.76,0,7
2015,1,0,0.0,0.76,19,0.76,0,7
2016,0,-1,36.520145,0.72,18,0.72,0,7
2017,2,1,-38.846756,0.76,19,0.76,0,7
2018,1,0,0.0,0.76,19,0.76,0,7
2019,1,0,0.0,0.76,19,0.76,0,7
2020,1,0,0.0,0.76,19,0.76,0,7
2021,1,0,0.0,0.76,19,0.76,0,7
2022,2,1,-57.71272,0.8,20,0.8,0,7
2023,2,1,-98.4813,0.84,21,0.84,1,7
2024,2,1,-180.7786,0.88,22,0.88,0,7
2025,1,0,0.0,0.88,22,0.88,0,7
2026,0,-1,-0.0,0.88,22,0.88,0,7
2027,2,1,-389.5524,0.92,23,0.92,0,7
2028,1,0,0.0,0.92,23,0.92,0,7
2029,0,-1,389.08652,0.88,22,0.88,0,7
2030,0,-1,182.27649,0.84,21,0.84,0,7
2031,1,0,0.0,0.84,21,0.84,0,7
2032,2,1,-184.0023,0.88,22,0.88,0,7
2033,1,0,0.0,0.88,22,0.88,0,7
2034,0,-1,-0.0,0.88,22,0.88,0,7
2035,2,1,-397.3896,0.92,23,0.92,0,7
2036,0,-1,-0.0,0.92,23,0.92,0,7
2037,0,-1,-0.0,0.92,23,0.92,0,7
2038,0,-1,-0.0,0.92,23,0.92,0,7
2039,1,0,0.0,0.92,23,0.92,0,7
2040,1,0,0.0,0.92,23,0.92,0,7
2041,1,0,0.0,0.92,23,0.92,0,7
2042,0,-1,-0.0,0.92,23,0.92,1,7
2043,2,1,-1224.6991,0.96,24,0.96,0,7
2044,1,0,0.0,0.96,24,0.96,0,7
2045,2,1,26.54112,1.0,25,1.0,0,7
2046,2,1,-1000.0,0.0,0,0.0,0,7
2047,2,1,-8.282061,0.2,5,0.2,0,8
2048,0,-1,8.282061,0.16,4,0.16,0,8
2049,0,-1,-0.0,0.16,4,0.16,0,8
2050,0,-1,-0.0,0.16,4,0.16,0,8
2051,0,-1,-0.0,0.16,4,0.16,0,8
2052,0,-1,-0.0,0.16,4,0.16,0,8
2053,0,-1,-0.0,0.16,4,0.16,0,8
2054,2,1,-8.281979,0.2,5,0.2,0,8
2055,0,-1,-0.0,0.2,5,0.2,0,8
2056,1,0,0.0,0.2,5,0.2,0,8
2057,2,1,-8.558526,0.24,6,0.24,0,8
2058,2,1,-9.032244,0.28,7,0.28,0,8
2059,2,1,-9.695936,0.32,8,0.32,0,8
2060,1,0,0.0,0.32,8,0.32,1,8
2061,2,1,10.595006,0.36,9,0.36,0,8
2062,1,0,0.0,0.36,9,0.36,0,8
2063,2,1,20.790533,0.4,10,0.4,1,8
2064,0,-1,-11.199884,0.36,9,0.36,0,8
2065,1,0,0.0,0.36,9,0.36,0,8
2066,0,-1,-21.869205,0.32,8,0.32,0,8
2067,0,-1,-3.993446,0.28,7,0.28,0,8
2068,1,0,0.0,0.28,7,0.28,0,8
2069,0,-1,-0.0,0.28,7,0.28,0,8
2070,0,-1,-0.0,0.28,7,0.28,0,8
2071,0,-1,-0.0,0.28,7,0.28,1,8
2072,2,1,10.77011,0.32,8,0.32,0,8
2073,0,-1,-0.0,0.32,8,0.32,0,8
2074,2,1,8.521394,0.36,9,0.36,0,8
2075,2,1,6.218535,0.4,10,0.4,0,8
2076,2,1,4.5532336,0.44,11,0.44,0,8
2077,1,0,0.0,0.44,11,0.44,0,8
2078,1,0,0.0,0.44,11,0.44,0,8
2079,0,-1,-6.0407305,0.4,10,0.4,0,8
2080,0,-1,-6.218535,0.36,9,0.36,0,8
2081,0,-1,-7.033897,0.32,8,0.32,0,8
2082,0,-1,-0.0,0.32,8,0.32,0,8
2083,0,-1,-0.0,0.32,8,0.32,1,8
2084,2,1,8.707079,0.36,9,0.36,0,8
2085,0,-1,-0.0,0.36,9,0.36,0,8
2086,0,-1,-0.0,0.36,9,0.36,0,8
2087,2,1,6.147938,0.4,10,0.4,0,8
2088,1,0,0.0,0.4,10,0.4,0,8
2089,1,0,0.0,0.4,10,0.4,0,8
2090,1,0,0.0,0.4,10,0.4,0,8
2091,0,-1,-0.0,0.4,10,0.4,0,8
2092,1,0,0.0,0.4,10,0.4,0,8
2093,0,-1,-6.147938,0.36,9,0.36,0,8
2094,0,-1,-0.0,0.36,9,0.36,0,8
2095,2,1,4.0929956,0.4,10,0.4,0,8
2096,0,-1,-4.0929956,0.36,9,0.36,0,8
2097,0,-1,-0.0,0.36,9,0.36,0,8
2098,0,-1,-0.0,0.36,9,0.36,0,8
2099,0,-1,-8.707079,0.32,8,0.32,0,8
2100,0,-1,-10.95561,0.28,7,0.28,0,8
2101,2,1,22.674372,0.32,8,0.32,0,8
2102,0,-1,-22.674372,0.28,7,0.28,0,8
2103,0,-1,-16.149471,0.24,6,0.24,0,8
2104,2,1,18.912493,0.28,7,0.28,0,8
2105,2,1,7.892267,0.32,8,0.32,0,8
2106,0,-1,-0.0,0.32,8,0.32,0,8
2107,1,0,0.0,0.32,8,0.32,0,8
2108,2,1,21.916372,0.36,9,0.36,1,8
2109,2,1,4.21621,0.4,10,0.4,0,8
2110,0,-1,-4.21621,0.36,9,0.36,0,8
2111,2,1,19.43402,0.4,10,0.4,0,8
2112,2,1,15.555194,0.44,11,0.44,0,8
2113,2,1,13.95365,0.48,12,0.48,0,8
2114,2,1,4.6230793,0.52,13,0.52,0,8
2115,2,1,12.484928,0.56,14,0.56,0,8
2116,2,1,-4.8359995,0.6,15,0.6,0,8
2117,0,-1,-5.1309757,0.56,14,0.56,0,8
2118,0,-1,1.1062006,0.52,13,0.52,0,8
2119,0,-1,-0.0,0.52,13,0.52,0,8
2120,2,1,6.4480977,0.56,14,0.56,0,8
2121,1,0,0.0,0.56,14,0.56,0,8
2122,1,0,0.0,0.56,14,0.56,0,8
2123,0,-1,-6.4480977,0.52,13,0.52,0,8
2124,0,-1,-0.0,0.52,13,0.52,0,8
2125,2,1,6.3228106,0.56,14,0.56,1,8
2126,2,1,4.919967,0.6,15,0.6,1,8
2127,1,0,0.0,0.6,15,0.6,0,8
2128,0,-1,-8.726183,0.56,14,0.56,0,8
2129,0,-1,-0.0,0.56,14,0.56,0,8
2130,1,0,0.0,0.56,14,0.56,0,8
2131,2,1,5.5563684,0.6,15,0.6,0,8
2132,1,0,0.0,0.6,15,0.6,0,8
2133,0,-1,-5.0470095,0.56,14,0.56,0,8
2134,2,1,3.5468855,0.6,15,0.6,0,8
2135,2,1,-3.7087672,0.64,16,0.64,0,8
2136,2,1,-6.8510833,0.68,17,0.68,0,8
2137,0,-1,13.727916,0.64,16,0.64,0,8
2138,1,0,0.0,0.64,16,0.64,0,8
2139,0,-1,-0.0,0.64,16,0.64,0,8
2140,0,-1,-0.022973867,0.6,15,0.6,0,8
2141,1,0,0.0,0.6,15,0.6,0,8
2142,2,1,-3.4212978,0.64,16,0.64,0,8
2143,2,1,-12.968358,0.68,17,0.68,0,8
2144,0,-1,6.341679,0.64,16,0.64,0,8
2145,1,0,0.0,0.64,16,0.64,0,8
2146,0,-1,3.7087672,0.6,15,0.6,0,8
2147,2,1,-12.54934,0.64,16,0.64,0,8
2148,0,-1,1.4523379,0.6,15,0.6,0,8
2149,1,0,0.0,0.6,15,0.6,0,8
2150,2,1,-14.811857,0.64,16,0.64,0,8
2151,0,-1,5.944272,0.6,15,0.6,0,8
2152,2,1,-1.4523379,0.64,16,0.64,1,8
2153,2,1,-3.1854029,0.68,17,0.68,0,8
2154,1,0,0.0,0.68,17,0.68,0,8
2155,1,0,0.0,0.68,17,0.68,0,8
2156,2,1,-26.881973,0.72,18,0.72,0,8
2157,1,0,0.0,0.72,18,0.72,0,8
2158,0,-1,18.13728,0.68,17,0.68,0,8
2159,2,1,-29.012445,0.72,18,0.72,0,8
2160,0,-1,29.012445,0.68,17,0.68,0,8
2161,0,-1,20.287876,0.64,16,0.64,0,8
2162,1,0,0.0,0.64,16,0.64,0,8
2163,1,0,0.0,0.64,16,0.64,0,8
2164,2,1,-6.7998867,0.68,17,0.68,0,8
2165,0,-1,-0.0,0.68,17,0.68,0,8
2166,0,-1,5.312786,0.64,16,0.64,1,8
2167,1,0,0.0,0.64,16,0.64,0,8
2168,1,0,0.0,0.64,16,0.64,1,8
2169,0,-1,-0.0,0.64,16,0.64,0,8
2170,0,-1,6.0305448,0.6,15,0.6,0,8
2171,1,0,0.0,0.6,15,0.6,0,8
2172,1,0,0.0,0.6,15,0.6,0,8
2173,0,-1,-5.162573,0.56,14,0.56,0,8
2174,2,1,5.0645943,0.6,15,0.6,0,8
2175,1,0,0.0,0.6,15,0.6,0,8
2176,2,1,1.350381,0.64,16,0.64,0,8
2177,1,0,0.0,0.64,16,0.64,0,8
2178,0,-1,-3.6686265,0.6,15,0.6,0,8
2179,1,0,0.0,0.6,15,0.6,0,8
2180,1,0,0.0,0.6,15,0.6,0,8
2181,0,-1,-5.0645943,0.56,14,0.56,0,8
2182,1,0,0.0,0.56,14,0.56,0,8
2183,2,1,5.2056484,0.6,15,0.6,0,8
2184,0,-1,-0.0,0.6,15,0.6,0,8
2185,1,0,0.0,0.6,15,0.6,0,8
2186,1,0,0.0,0.6,15,0.6,0,8
2187,0,-1,-6.3496046,0.56,14,0.56,0,8
2188,1,0,0.0,0.56,14,0.56,0,8
2189,0,-1,-8.947586,0.52,13,0.52,0,8
2190,0,-1,-1.9151387,0.48,12,0.48,0,8
2191,0,-1,-0.0,0.48,12,0.48,0,8
2192,2,1,10.154553,0.52,13,0.52,0,8
2193,2,1,7.3384356,0.56,14,0.56,0,8
2194,1,0,0.0,0.56,14,0.56,0,8
2195,0,-1,-0.0,0.56,14,0.56,1,8
2196,1,0,0.0,0.56,14,0.56,0,8
2197,0,-1,-0.0,0.56,14,0.56,0,8
2198,2,1,-5.4294987,0.6,15,0.6,0,8
2199,2,1,1.2641276,0.64,16,0.64,0,8
2200,1,0,0.0,0.64,16,0.64,0,8
2201,0,-1,-0.0,0.64,16,0.64,0,8
2202,1,0,0.0,0.64,16,0.64,0,8
2203,0,-1,10.428722,0.6,15,0.6,0,8
2204,2,1,0.24903475,0.64,16,0.64,0,8
2205,2,1,-13.063729,0.68,17,0.68,0,8
2206,2,1,-24.566017,0.72,18,0.72,1,8
2207,1,0,0.0,0.72,18,0.72,0,8
2208,0,-1,17.42793,0.68,17,0.68,0,8
2209,2,1,-18.69946,0.72,18,0.72,0,8
2210,1,0,0.0,0.72,18,0.72,0,8
2211,2,1,-33.244095,0.76,19,0.76,0,8
2212,2,1,-59.443737,0.8,20,0.8,0,8
2213,0,-1,62.85789,0.76,19,0.76,0,8
2214,2,1,-60.014183,0.8,20,0.8,1,8
2215,2,1,-97.0636,0.84,21,0.84,0,8
2216,2,1,-181.34586,0.88,22,0.88,0,8
2217,0,-1,182.32437,0.84,21,0.84,0,8
2218,1,0,0.0,0.84,21,0.84,0,8
2219,0,-1,98.04022,0.8,20,0.8,0,8
2220,0,-1,-0.0,0.8,20,0.8,0,8
2221,1,0,0.0,0.8,20,0.8,0,8
2222,0,-1,59.357018,0.76,19,0.76,0,8
2223,2,1,-57.39644,0.8,20,0.8,0,8
2224,1,0,0.0,0.8,20,0.8,0,8
2225,1,0,0.0,0.8,20,0.8,0,8
2226,2,1,-104.63927,0.84,21,0.84,0,8
2227,2,1,-176.70459,0.88,22,0.88,0,8
2228,1,0,0.0,0.88,22,0.88,0,8
2229,0,-1,187.9449,0.84,21,0.84,1,8
2230,1,0,0.0,0.84,21,0.84,0,8
2231,2,1,-182.89603,0.88,22,0.88,0,8
2232,0,-1,182.1515,0.84,21,0.84,0,8
2233,1,0,0.0,0.84,21,0.84,0,8
2234,0,-1,-0.0,0.84,21,0.84,0,8
2235,1,0,0.0,0.84,21,0.84,0,8
2236,1,0,0.0,0.84,21,0.84,0,8
2237,0,-1,103.151215,0.8,20,0.8,0,8
2238,2,1,-103.0492,0.84,21,0.84,0,8
2239,0,-1,103.0492,0.8,20,0.8,0,8
2240,0,-1,64.24016,0.76,19,0.76,0,8
2241,0,-1,34.17785,0.72,18,0.72,0,8
2242,2,1,-34.028778,0.76,19,0.76,0,8
2243,2,1,-59.403244,0.8,20,0.8,0,8
2244,0,-1,-0.0,0.8,20,0.8,0,8
2245,2,1,-94.62564,0.84,21,0.84,0,8
2246,0,-1,-0.0,0.84,21,0.84,0,8
2247,0,-1,101.0396,0.8,20,0.8,0,8
2248,1,0,0.0,0.8,20,0.8,0,8
2249,0,-1,55.081112,0.76,19,0.76,1,8
2250,1,0,0.0,0.76,19,0.76,0,8
2251,1,0,0.0,0.76,19,0.76,0,8
2252,1,0,0.0,0.76,19,0.76,0,8
2253,0,-1,-0.0,0.76,19,0.76,0,8
2254,2,1,-61.378834,0.8,20,0.8,0,8
2255,0,-1,58.036877,0.76,19,0.76,0,8
2256,0,-1,29.220736,0.72,18,0.72,0,8
2257,1,0,0.0,0.72,18,0.72,0,8
2258,1,0,0.0,0.72,18,0.72,0,8
2259,1,0,0.0,0.72,18,0.72,0,8
2260,0,-1,18.2415,0.68,17,0.68,0,8
2261,0,-1,-0.0,0.68,17,0.68,0,8
2262,1,0,0.0,0.68,17,0.68,0,8
2263,2,1,-18.737001,0.72,18,0.72,0,8
2264,1,0,0.0,0.72,18,0.72,0,8
2265,0,-1,19.817926,0.68,17,0.68,0,8
2266,1,0,0.0,0.68,17,0.68,0,8
2267,1,0,0.0,0.68,17,0.68,0,8
2268,2,1,-18.988005,0.72,18,0.72,0,8
2269,0,-1,22.75848,0.68,17,0.68,1,8
2270,1,0,0.0,0.68,17,0.68,0,8
2271,0,-1,8.992737,0.64,16,0.64,0,8
2272,1,0,0.0,0.64,16,0.64,1,8
2273,2,1,-12.162626,0.68,17,0.68,0,8
2274,1,0,0.0,0.68,17,0.68,0,8
2275,0,-1,6.750492,0.64,16,0.64,0,8
2276,1,0,0.0,0.64,16,0.64,0,8
2277,0,-1,-1.0586556,0.6,15,0.6,0,8
2278,0,-1,-0.0,0.6,15,0.6,0,8
2279,1,0,0.0,0.6,15,0.6,0,8
2280,1,0,0.0,0.6,15,0.6,0,8
2281,0,-1,0.26457834,0.56,14,0.56,0,8
2282,0,-1,-0.0,0.56,14,0.56,0,8
2283,1,0,0.0,0.56,14,0.56,0,8
2284,1,0,0.0,0.56,14,0.56,0,8
2285,0,-1,-12.337828,0.52,13,0.52,0,8
2286,2,1,3.4652207,0.56,14,0.56,0,8
2287,1,0,0.0,0.56,14,0.56,0,8
2288,0,-1,-4.3242655,0.52,13,0.52,1,8
2289,1,0,0.0,0.52,13,0.52,0,8
2290,2,1,4.0799255,0.56,14,0.56,0,8
2291,1,0,0.0,0.56,14,0.56,0,8
2292,1,0,0.0,0.56,14,0.56,0,8
2293,1,0,0.0,0.56,14,0.56,0,8
2294,0,-1,-0.0,0.56,14,0.56,0,8
2295,1,0,0.0,0.56,14,0.56,0,8
2296,2,1,-1.8251218,0.6,15,0.6,0,8
2297,0,-1,-0.0,0.6,15,0.6,0,8
2298,1,0,0.0,0.6,15,0.6,0,8
2299,1,0,0.0,0.6,15,0.6,0,8
2300,0,-1,-0.0,0.6,15,0.6,0,8
2301,0,-1,0.26608494,0.56,14,0.56,0,8
2302,2,1,-0.44787195,0.6,15,0.6,0,8
2303,1,0,0.0,0.6,15,0.6,0,8
2304,2,1,-6.184506,0.64,16,0.64,0,8
2305,2,1,-14.650888,0.68,17,0.68,0,8
2306,0,-1,14.650888,0.64,16,0.64,0,8
2307,2,1,-10.604617,0.68,17,0.68,1,8
2308,0,-1,-0.0,0.68,17,0.68,0,8
2309,2,1,-19.88476,0.72,18,0.72,0,8
2310,1,0,0.0,0.72,18,0.72,0,8
2311,0,-1,20.438108,0.68,17,0.68,0,8
2312,1,0,0.0,0.68,17,0.68,0,8
2313,0,-1,12.256285,0.64,16,0.64,1,8
2314,0,-1,3.0098014,0.6,15,0.6,0,8
2315,1,0,0.0,0.6,15,0.6,0,8
2316,0,-1,-0.0,0.6,15,0.6,0,8
2317,0,-1,-0.0,0.6,15,0.6,0,8
2318,1,0,0.0,0.6,15,0.6,0,8
2319,0,-1,-3.2692482,0.56,14,0.56,0,8
2320,0,-1,-2.9692266,0.52,13,0.52,0,8
2321,0,-1,-0.0,0.52,13,0.52,0,8
2322,0,-1,-0.0,0.52,13,0.52,0,8
2323,1,0,0.0,0.52,13,0.52,0,8
2324,2,1,1.9506081,0.56,14,0.56,0,8
2325,2,1,8.5938225,0.6,15,0.6,0,8
2326,2,1,0.4154076,0.64,16,0.64,0,8
2327,2,1,-4.5251904,0.68,17,0.68,0,8
2328,2,1,-25.43408,0.72,18,0.72,0,8
2329,1,0,0.0,0.72,18,0.72,0,8
2330,2,1,-33.131947,0.76,19,0.76,0,8
2331,0,-1,-0.0,0.76,19,0.76,0,8
2332,2,1,-55.288963,0.8,20,0.8,0,8
2333,1,0,0.0,0.8,20,0.8,0,8
2334,0,-1,53.02533,0.76,19,0.76,0,8
2335,1,0,0.0,0.76,19,0.76,0,8
2336,2,1,-59.784725,0.8,20,0.8,0,8
2337,1,0,0.0,0.8,20,0.8,1,8
2338,1,0,0.0,0.8,20,0.8,0,8
2339,0,-1,56.838528,0.76,19,0.76,0,8
2340,0,-1,31.471832,0.72,18,0.72,0,8
2341,2,1,-33.48916,0.76,19,0.76,0,8
2342,1,0,0.0,0.76,19,0.76,0,8
2343,1,0,0.0,0.76,19,0.76,0,8
2344,0,-1,33.13227,0.72,18,0.72,0,8
2345,0,-1,13.187988,0.68,17,0.68,0,8
2346,1,0,0.0,0.0,0,0.0,0,8
2347,2,1,-8.281979,0.2,5,0.2,0,9
2348,0,-1,-0.0,0.2,5,0.2,0,9
2349,0,-1,8.281979,0.16,4,0.16,0,9
2350,1,0,0.0,0.16,4,0.16,1,9
2351,2,1,20.896093,0.2,5,0.2,0,9
2352,2,1,23.845518,0.24,6,0.24,0,9
2353,2,1,21.846498,0.28,7,0.28,0,9
2354,1,0,0.0,0.28,7,0.28,0,9
2355,1,0,0.0,0.28,7,0.28,0,9
2356,1,0,0.0,0.28,7,0.28,0,9
2357,1,0,0.0,0.28,7,0.28,1,9
2358,2,1,17.041513,0.32,8,0.32,0,9
2359,2,1,15.800233,0.36,9,0.36,0,9
2360,0,-1,-0.0,0.36,9,0.36,0,9
2361,2,1,18.204891,0.4,10,0.4,0,9
2362,2,1,17.709795,0.44,11,0.44,0,9
2363,1,0,0.0,0.44,11,0.44,0,9
2364,0,-1,-17.709795,0.4,10,0.4,0,9
2365,0,-1,-15.078198,0.36,9,0.36,0,9
2366,2,1,20.554024,0.4,10,0.4,0,9
2367,0,-1,-14.701944,0.36,9,0.36,0,9
2368,1,0,0.0,0.36,9,0.36,0,9
2369,0,-1,-21.42783,0.32,8,0.32,0,9
2370,0,-1,-22.517338,0.28,7,0.28,0,9
2371,0,-1,-20.798548,0.24,6,0.24,0,9
2372,0,-1,-0.0,0.24,6,0.24,0,9
2373,1,0,0.0,0.24,6,0.24,0,9
2374,0,-1,-0.0,0.24,6,0.24,0,9
2375,1,0,0.0,0.24,6,0.24,0,9
2376,2,1,20.501049,0.28,7,0.28,0,9
2377,0,-1,-20.501049,0.24,6,0.24,0,9
2378,0,-1,-21.30559,0.2,5,0.2,0,9
2379,1,0,0.0,0.2,5,0.2,0,9
2380,2,1,22.529844,0.24,6,0.24,0,9
2381,1,0,0.0,0.24,6,0.24,0,9
2382,2,1,23.180443,0.28,7,0.28,1,9
2383,0,-1,-23.116499,0.24,6,0.24,0,9
2384,1,0,0.0,0.24,6,0.24,0,9
2385,2,1,21.628656,0.28,7,0.28,0,9
2386,0,-1,-0.0,0.28,7,0.28,0,9
2387,0,-1,-0.0,0.28,7,0.28,0,9
2388,0,-1,-0.0,0.28,7,0.28,0,9
2389,1,0,0.0,0.28,7,0.28,0,9
2390,0,-1,-0.0,0.28,7,0.28,0,9
2391,2,1,18.887411,0.32,8,0.32,0,9
2392,1,0,0.0,0.32,8,0.32,0,9
2393,1,0,0.0,0.32,8,0.32,0,9
2394,0,-1,-18.887411,0.28,7,0.28,0,9
2395,1,0,0.0,0.28,7,0.28,0,9
2396,1,0,0.0,0.28,7,0.28,0,9
2397,1,0,0.0,0.28,7,0.28,0,9
2398,2,1,19.621567,0.32,8,0.32,0,9
2399,1,0,0.0,0.32,8,0.32,1,9
2400,2,1,16.136948,0.36,9,0.36,0,9
2401,2,1,17.97414,0.4,10,0.4,0,9
2402,0,-1,-17.97414,0.36,9,0.36,0,9
2403,2,1,17.99706,0.4,10,0.4,0,9
2404,2,1,11.279155,0.44,11,0.44,1,9
2405,0,-1,-16.528194,0.4,10,0.4,0,9
2406,2,1,9.774454,0.44,11,0.44,0,9
2407,1,0,0.0,0.44,11,0.44,0,9
2408,0,-1,-0.0,0.44,11,0.44,0,9
2409,0,-1,-0.0,0.44,11,0.44,0,9
2410,0,-1,-9.774454,0.4,10,0.4,0,9
2411,0,-1,-0.0,0.4,10,0.4,0,9
2412,0,-1,-18.0139,0.36,9,0.36,0,9
2413,2,1,10.282526,0.4,10,0.4,0,9
2414,1,0,0.0,0.4,10,0.4,0,9
2415,0,-1,-0.0,0.4,10,0.4,0,9
2416,0,-1,-0.0,0.4,10,0.4,0,9
2417,2,1,15.581158,0.44,11,0.44,0,9
2418,2,1,12.573657,0.48,12,0.48,0,9
2419,1,0,0.0,0.48,12,0.48,0,9
2420,0,-1,-0.0,0.48,12,0.48,1,9
2421,0,-1,-0.0,0.48,12,0.48,0,9
2422,1,0,0.0,0.48,12,0.48,0,9
2423,1,0,0.0,0.48,12,0.48,1,9
2424,2,1,5.778142,0.52,13,0.52,0,9
2425,1,0,0.0,0.52,13,0.52,0,9
2426,2,1,12.245228,0.56,14,0.56,0,9
2427,1,0,0.0,0.56,14,0.56,0,9
2428,1,0,0.0,0.56,14,0.56,0,9
2429,0,-1,-0.0,0.56,14,0.56,0,9
2430,1,0,0.0,0.56,14,0.56,0,9
2431,0,-1,-12.245228,0.52,13,0.52,0,9
2432,1,0,0.0,0.52,13,0.52,0,9
2433,1,0,0.0,0.52,13,0.52,0,9
2434,0,-1,-12.018618,0.48,12,0.48,0,9
2435,0,-1,-0.0,0.48,12,0.48,0,9
2436,2,1,8.481046,0.52,13,0.52,0,9
2437,0,-1,-0.0,0.52,13,0.52,1,9
2438,0,-1,-0.0,0.52,13,0.52,0,9
2439,0,-1,-0.0,0.52,13,0.52,1,9
2440,1,0,0.0,0.52,13,0.52,0,9
2441,1,0,0.0,0.52,13,0.52,0,9
2442,1,0,0.0,0.52,13,0.52,0,9
2443,2,1,12.229171,0.56,14,0.56,0,9
2444,1,0,0.0,0.56,14,0.56,0,9
2445,2,1,-3.9776325,0.6,15,0.6,0,9
2446,2,1,-8.620868,0.64,16,0.64,0,9
2447,1,0,0.0,0.64,16,0.64,0,9
2448,1,0,0.0,0.64,16,0.64,0,9
2449,0,-1,8.620868,0.6,15,0.6,0,9
2450,2,1,1.0197678,0.64,16,0.64,0,9
2451,1,0,0.0,0.64,16,0.64,0,9
2452,2,1,-6.621141,0.68,17,0.68,0,9
2453,0,-1,-0.0,0.68,17,0.68,0,9
2454,1,0,0.0,0.68,17,0.68,0,9
2455,1,0,0.0,0.68,17,0.68,0,9
2456,0,-1,-0.0,0.68,17,0.68,0,9
2457,0,-1,-0.0,0.68,17,0.68,0,9
2458,0,-1,6.621141,0.64,16,0.64,0,9
2459,2,1,-17.681108,0.68,17,0.68,0,9
2460,1,0,0.0,0.68,17,0.68,0,9
2461,2,1,-18.397173,0.72,18,0.72,0,9
2462,2,1,-34.453053,0.76,19,0.76,0,9
2463,1,0,0.0,0.76,19,0.76,1,9
2464,0,-1,-0.0,0.76,19,0.76,0,9
2465,0,-1,-0.0,0.76,19,0.76,0,9
2466,2,1,-54.324303,0.8,20,0.8,0,9
2467,2,1,-109.94822,0.84,21,0.84,0,9
2468,1,0,0.0,0.84,21,0.84,0,9
2469,2,1,-195.24059,0.88,22,0.88,0,9
2470,0,-1,-0.0,0.88,22,0.88,0,9
2471,1,0,0.0,0.88,22,0.88,0,9
2472,2,1,-393.30948,0.92,23,0.92,0,9
2473,0,-1,403.54852,0.88,22,0.88,0,9
2474,2,1,-389.0498,0.92,23,0.92,0,9
2475,0,-1,391.87778,0.88,22,0.88,0,9
2476,0,-1,186.17107,0.84,21,0.84,0,9
2477,2,1,-183.51527,0.88,22,0.88,0,9
2478,2,1,-386.38187,0.92,23,0.92,0,9
2479,2,1,-1222.8298,0.96,24,0.96,0,9
2480,0,-1,1225.1332,0.92,23,0.92,0,9
2481,0,-1,390.2713,0.88,22,0.88,0,9
2482,0,-1,185.00156,0.84,21,0.84,0,9
2483,0,-1,-0.0,0.84,21,0.84,0,9
2484,0,-1,97.906334,0.8,20,0.8,1,9
2485,2,1,-102.22614,0.84,21,0.84,0,9
2486,1,0,0.0,0.84,21,0.84,0,9
2487,0,-1,-0.0,0.84,21,0.84,0,9
2488,1,0,0.0,0.84,21,0.84,0,9
2489,1,0,0.0,0.84,21,0.84,0,9
2490,2,1,-179.63728,0.88,22,0.88,0,9
2491,2,1,-391.95865,0.92,23,0.92,1,9
2492,0,-1,393.8544,0.88,22,0.88,0,9
2493,2,1,-394.49258,0.92,23,0.92,0,9
2494,2,1,-1237.0162,0.96,24,0.96,0,9
2495,0,-1,-0.0,0.96,24,0.96,0,9
2496,0,-1,1221.2583,0.92,23,0.92,0,9
2497,2,1,-1221.0488,0.96,24,0.96,0,9
2498,0,-1,-0.0,0.96,24,0.96,0,9
2499,1,0,0.0,0.96,24,0.96,0,9
2500,0,-1,1227.8025,0.92,23,0.92,0,9
2501,2,1,-1222.7239,0.96,24,0.96,0,9
2502,0,-1,1222.3384,0.92,23,0.92,0,9
2503,0,-1,387.60617,0.88,22,0.88,0,9
2504,1,0,0.0,0.88,22,0.88,0,9
2505,0,-1,183.67966,0.84,21,0.84,0,9
2506,1,0,0.0,0.84,21,0.84,0,9
2507,2,1,-197.46832,0.88,22,0.88,0,9
2508,2,1,-391.02606,0.92,23,0.92,0,9
2509,0,-1,-0.0,0.92,23,0.92,0,9
2510,1,0,0.0,0.92,23,0.92,0,9
2511,2,1,-1226.2156,0.96,24,0.96,1,9
2512,2,1,25.304722,1.0,25,1.0,0,9
2513,1,0,-1000.0,0.0,0,0.0,0,9
2514,0,-1,-0.0,0.16,4,0.16,0,10
2515,2,1,-8.282061,0.2,5,0.2,0,10
2516,2,1,-8.558392,0.24,6,0.24,0,10
2517,1,0,0.0,0.24,6,0.24,0,10
2518,2,1,-9.032162,0.28,7,0.28,0,10
2519,0,-1,9.03267,0.24,6,0.24,0,10
2520,0,-1,8.557965,0.2,5,0.2,0,10
2521,2,1,-8.558391,0.24,6,0.24,0,10
2522,2,1,-9.032798,0.28,7,0.28,0,10
2523,0,-1,-0.0,0.28,7,0.28,1,10
2524,1,0,0.0,0.28,7,0.28,0,10
2525,1,0,0.0,0.28,7,0.28,0,10
2526,1,0,0.0,0.28,7,0.28,0,10
2527,2,1,12.34284,0.32,8,0.32,0,10
2528,1,0,0.0,0.32,8,0.32,0,10
2529,0,-1,-0.0,0.32,8,0.32,0,10
2530,2,1,8.664943,0.36,9,0.36,0,10
2531,2,1,6.18826,0.4,10,0.4,0,10
2532,2,1,19.40816,0.44,11,0.44,0,10
2533,1,0,0.0,0.44,11,0.44,0,10
2534,2,1,17.729422,0.48,12,0.48,0,10
2535,0,-1,-0.0,0.48,12,0.48,0,10
2536,0,-1,-17.665997,0.44,11,0.44,0,10
2537,2,1,4.9302983,0.48,12,0.48,0,10
2538,1,0,0.0,0.48,12,0.48,0,10
2539,1,0,0.0,0.48,12,0.48,1,10
2540,2,1,0.79294515,0.52,13,0.52,0,10
2541,2,1,-8.264312,0.56,14,0.56,0,10
2542,2,1,-8.187801,0.6,15,0.6,0,10
2543,0,-1,11.994111,0.56,14,0.56,0,10
2544,1,0,0.0,0.56,14,0.56,0,10
2545,0,-1,-0.028263023,0.52,13,0.52,0,10
2546,1,0,0.0,0.52,13,0.52,0,10
2547,1,0,0.0,0.52,13,0.52,0,10
2548,0,-1,-15.523403,0.48,12,0.48,0,10
2549,1,0,0.0,0.48,12,0.48,0,10
2550,0,-1,-0.0,0.48,12,0.48,0,10
2551,0,-1,-8.026831,0.44,11,0.44,0,10
2552,1,0,0.0,0.44,11,0.44,0,10
2553,1,0,0.0,0.44,11,0.44,0,10
2554,2,1,-3.2040715,0.48,12,0.48,0,10
2555,0,-1,-11.934623,0.44,11,0.44,1,10
2556,1,0,0.0,0.44,11,0.44,0,10
2557,1,0,0.0,0.44,11,0.44,0,10
2558,2,1,17.72646,0.48,12,0.48,0,10
2559,2,1,9.002718,0.52,13,0.52,0,10
2560,1,0,0.0,0.52,13,0.52,0,10
2561,0,-1,-0.0,0.52,13,0.52,0,10
2562,0,-1,-2.1782863,0.48,12,0.48,0,10
2563,0,-1,-17.72646,0.44,11,0.44,0,10
2564,2,1,-3.3374484,0.48,12,0.48,0,10
2565,2,1,4.3751974,0.52,13,0.52,0,10
2566,1,0,0.0,0.52,13,0.52,0,10
2567,1,0,0.0,0.52,13,0.52,0,10
2568,2,1,-2.821136,0.56,14,0.56,0,10
2569,2,1,8.9364195,0.6,15,0.6,0,10
2570,1,0,0.0,0.6,15,0.6,0,10
2571,0,-1,-2.4255123,0.56,14,0.56,0,10
2572,0,-1,-0.0,0.56,14,0.56,0,10
2573,0,-1,-0.0,0.56,14,0.56,0,10
2574,0,-1,2.821136,0.52,13,0.52,1,10
2575,0,-1,-15.516734,0.48,12,0.48,0,10
2576,2,1,15.433696,0.52,13,0.52,0,10
2577,1,0,0.0,0.52,13,0.52,0,10
2578,2,1,-10.410359,0.56,14,0.56,0,10
2579,2,1,4.810167,0.6,15,0.6,0,10
2580,0,-1,-4.810167,0.56,14,0.56,0,10
2581,2,1,-15.507788,0.6,15,0.6,0,10
2582,0,-1,-0.0,0.6,15,0.6,0,10
2583,1,0,0.0,0.6,15,0.6,0,10
2584,0,-1,1.3978413,0.56,14,0.56,0,10
2585,1,0,0.0,0.56,14,0.56,0,10
2586,2,1,-1.6508093,0.6,15,0.6,0,10
2587,1,0,0.0,0.6,15,0.6,0,10
2588,1,0,0.0,0.6,15,0.6,0,10
2589,1,0,0.0,0.6,15,0.6,0,10
2590,0,-1,-0.0,0.6,15,0.6,0,10
2591,2,1,-9.939943,0.64,16,0.64,0,10
2592,0,-1,-0.0,0.64,16,0.64,0,10
2593,1,0,0.0,0.64,16,0.64,1,10
2594,2,1,-2.9664881,0.68,17,0.68,0,10
2595,1,0,0.0,0.68,17,0.68,0,10
2596,0,-1,27.41029,0.64,16,0.64,1,10
2597,1,0,0.0,0.64,16,0.64,0,10
2598,0,-1,19.035753,0.6,15,0.6,0,10
2599,1,0,0.0,0.6,15,0.6,0,10
2600,0,-1,-0.0,0.6,15,0.6,0,10
2601,0,-1,1.2727581,0.56,14,0.56,0,10
2602,1,0,0.0,0.56,14,0.56,0,10
2603,2,1,-7.285624,0.6,15,0.6,0,10
2604,2,1,-0.37292063,0.64,16,0.64,0,10
2605,2,1,-13.179092,0.68,17,0.68,0,10
2606,1,0,0.0,0.68,17,0.68,0,10
2607,1,0,0.0,0.68,17,0.68,0,10
2608,2,1,-14.079364,0.72,18,0.72,0,10
2609,1,0,0.0,0.72,18,0.72,0,10
2610,1,0,0.0,0.72,18,0.72,0,10
2611,2,1,-39.272346,0.76,19,0.76,0,10
2612,2,1,-74.615425,0.8,20,0.8,0,10
2613,0,-1,51.551617,0.76,19,0.76,0,10
2614,0,-1,39.272346,0.72,18,0.72,0,10
2615,0,-1,14.079364,0.68,17,0.68,0,10
2616,2,1,-14.079364,0.72,18,0.72,1,10
2617,0,-1,-0.0,0.72,18,0.72,0,10
2618,0,-1,14.077053,0.68,17,0.68,0,10
2619,1,0,0.0,0.68,17,0.68,0,10
2620,2,1,-26.262619,0.72,18,0.72,0,10
2621,2,1,-45.527916,0.76,19,0.76,0,10
2622,2,1,0.0,0.76,19,0.76,0,10
2623,1,0,0.0,0.76,19,0.76,0,10
2624,1,0,0.0,0.76,19,0.76,0,10
2625,1,0,0.0,0.76,19,0.76,0,10
2626,1,0,0.0,0.76,19,0.76,0,10
2627,2,1,-74.86372,0.8,20,0.8,1,10
2628,2,1,-94.35159,0.84,21,0.84,0,10
2629,0,-1,-0.0,0.84,21,0.84,0,10
2630,1,0,0.0,0.84,21,0.84,0,10
2631,0,-1,110.32939,0.8,20,0.8,0,10
2632,0,-1,74.68421,0.76,19,0.76,0,10
2633,0,-1,43.892235,0.72,18,0.72,0,10
2634,0,-1,17.154943,0.68,17,0.68,0,10
2635,2,1,-29.815945,0.72,18,0.72,0,10
2636,1,0,0.0,0.72,18,0.72,0,10
2637,1,0,0.0,0.72,18,0.72,0,10
2638,1,0,0.0,0.72,18,0.72,0,10
2639,0,-1,-0.0,0.72,18,0.72,0,10
2640,1,0,0.0,0.72,18,0.72,0,10
2641,1,0,0.0,0.72,18,0.72,0,10
2642,0,-1,-0.0,0.72,18,0.72,0,10
2643,0,-1,-0.0,0.72,18,0.72,0,10
2644,0,-1,31.467102,0.68,17,0.68,0,10
2645,0,-1,-0.0,0.68,17,0.68,0,10
2646,1,0,0.0,0.68,17,0.68,0,10
2647,1,0,0.0,0.68,17,0.68,1,10
2648,2,1,-15.883537,0.72,18,0.72,0,10
2649,0,-1,-0.0,0.72,18,0.72,0,10
2650,0,-1,-0.0,0.72,18,0.72,0,10
2651,2,1,-32.82827,0.76,19,0.76,0,10
2652,0,-1,40.23663,0.72,18,0.72,0,10
2653,1,0,0.0,0.72,18,0.72,0,10
2654,0,-1,-0.0,0.72,18,0.72,0,10
2655,2,1,-47.114063,0.76,19,0.76,0,10
2656,2,1,-56.71192,0.8,20,0.8,0,10
2657,0,-1,74.2684,0.76,19,0.76,0,10
2658,0,-1,32.93572,0.72,18,0.72,0,10
2659,0,-1,-0.0,0.72,18,0.72,0,10
2660,0,-1,-0.0,0.72,18,0.72,1,10
2661,0,-1,-0.0,0.72,18,0.72,0,10
2662,2,1,-32.949234,0.76,19,0.76,0,10
2663,0,-1,-0.0,0.76,19,0.76,0,10
2664,1,0,0.0,0.76,19,0.76,0,10
2665,1,0,0.0,0.76,19,0.76,0,10
2666,2,1,-73.071945,0.8,20,0.8,0,10
2667,1,0,0.0,0.8,20,0.8,0,10
2668,1,0,0.0,0.8,20,0.8,0,10
2669,1,0,0.0,0.8,20,0.8,0,10
2670,0,-1,-0.0,0.8,20,0.8,0,10
2671,2,1,-108.15538,0.84,21,0.84,0,10
2672,0,-1,-0.0,0.84,21,0.84,0,10
2673,1,0,0.0,0.84,21,0.84,0,10
2674,2,1,-191.9896,0.88,22,0.88,0,10
2675,0,-1,-0.0,0.88,22,0.88,0,10
2676,2,1,-389.03287,0.92,23,0.92,0,10
2677,1,0,0.0,0.92,23,0.92,0,10
2678,1,0,0.0,0.92,23,0.92,0,10
2679,1,0,0.0,0.92,23,0.92,0,10
2680,0,-1,-0.0,0.92,23,0.92,0,10
2681,0,-1,-0.0,0.92,23,0.92,0,10
2682,1,0,0.0,0.92,23,0.92,0,10
2683,1,0,0.0,0.92,23,0.92,0,10
2684,1,0,0.0,0.92,23,0.92,0,10
2685,0,-1,406.32184,0.88,22,0.88,0,10
2686,0,-1,191.9896,0.84,21,0.84,0,10
2687,0,-1,-0.0,0.84,21,0.84,0,10
2688,0,-1,107.74356,0.8,20,0.8,0,10
2689,1,0,0.0,0.8,20,0.8,1,10
2690,0,-1,56.042736,0.76,19,0.76,0,10
2691,1,0,0.0,0.76,19,0.76,0,10
2692,2,1,-56.353,0.8,20,0.8,0,10
2693,2,1,-108.85195,0.84,21,0.84,0,10
2694,0,-1,97.98935,0.8,20,0.8,0,10
2695,0,-1,66.445526,0.76,19,0.76,0,10
2696,0,-1,43.439404,0.72,18,0.72,0,10
2697,2,1,-50.82219,0.76,19,0.76,0,10
2698,0,-1,46.824398,0.72,18,0.72,0,10
2699,0,-1,17.16409,0.68,17,0.68,0,10
2700,0,-1,-0.0,0.68,17,0.68,0,10
2701,0,-1,-0.0,0.68,17,0.68,0,10
2702,2,1,-16.807798,0.72,18,0.72,0,10
2703,2,1,-32.008472,0.76,19,0.76,0,10
2704,0,-1,-0.0,0.76,19,0.76,0,10
2705,0,-1,-0.0,0.76,19,0.76,1,10
2706,0,-1,-0.0,0.76,19,0.76,0,10
2707,0,-1,31.647207,0.72,18,0.72,0,10
2708,1,0,0.0,0.72,18,0.72,0,10
2709,1,0,0.0,0.72,18,0.72,0,10
2710,0,-1,-0.0,0.72,18,0.72,0,10
2711,0,-1,17.167225,0.68,17,0.68,0,10
2712,1,0,0.0,0.68,17,0.68,0,10
2713,0,-1,16.416315,0.64,16,0.64,0,10
2714,1,0,0.0,0.64,16,0.64,0,10
2715,0,-1,-0.0,0.64,16,0.64,0,10
2716,0,-1,-0.0,0.64,16,0.64,0,10
2717,1,0,0.0,0.64,16,0.64,0,10
2718,0,-1,-0.0,0.64,16,0.64,0,10
2719,0,-1,-0.0,0.64,16,0.64,0,10
2720,1,0,0.0,0.64,16,0.64,1,10
2721,1,0,0.0,0.64,16,0.64,0,10
2722,0,-1,-0.0,0.64,16,0.64,0,10
2723,2,1,-26.688026,0.68,17,0.68,0,10
2724,0,-1,5.813735,0.64,16,0.64,0,10
2725,2,1,-7.2940545,0.68,17,0.68,0,10
2726,0,-1,-0.0,0.68,17,0.68,0,10
2727,1,0,0.0,0.68,17,0.68,0,10
2728,0,-1,12.935507,0.64,16,0.64,0,10
2729,0,-1,-1.6432593,0.6,15,0.6,0,10
2730,1,0,0.0,0.6,15,0.6,0,10
2731,1,0,0.0,0.6,15,0.6,0,10
2732,0,-1,-7.6908264,0.56,14,0.56,0,10
2733,0,-1,-0.0,0.56,14,0.56,0,10
2734,0,-1,-0.0,0.56,14,0.56,0,10
2735,0,-1,-0.0,0.56,14,0.56,0,10
2736,1,0,0.0,0.56,14,0.56,0,10
2737,0,-1,-3.480864,0.52,13,0.52,0,10
2738,0,-1,8.212773,0.48,12,0.48,0,10
2739,0,-1,-0.0,0.48,12,0.48,0,10
2740,0,-1,4.536361,0.44,11,0.44,1,10
2741,2,1,11.055733,0.48,12,0.48,0,10
2742,0,-1,-0.0,0.48,12,0.48,0,10
2743,1,0,0.0,0.48,12,0.48,0,10
2744,2,1,14.1379,0.52,13,0.52,0,10
2745,2,1,4.540948,0.56,14,0.56,0,10
2746,0,-1,4.8660426,0.52,13,0.52,0,10
2747,1,0,0.0,0.52,13,0.52,1,10
2748,0,-1,-0.0,0.52,13,0.52,0,10
2749,0,-1,-0.0,0.52,13,0.52,0,10
2750,2,1,9.579002,0.56,14,0.56,0,10
2751,0,-1,-0.0,0.56,14,0.56,0,10
2752,1,0,0.0,0.56,14,0.56,0,10
2753,1,0,0.0,0.56,14,0.56,0,10
2754,1,0,0.0,0.56,14,0.56,0,10
2755,1,0,0.0,0.56,14,0.56,0,10
2756,0,-1,-0.0,0.56,14,0.56,0,10
2757,0,-1,-4.967343,0.52,13,0.52,0,10
2758,2,1,2.8715672,0.56,14,0.56,0,10
2759,0,-1,-0.0,0.56,14,0.56,0,10
2760,0,-1,-2.8715672,0.52,13,0.52,0,10
2761,1,0,0.0,0.52,13,0.52,0,10
2762,2,1,8.698026,0.56,14,0.56,0,10
2763,0,-1,-0.0,0.56,14,0.56,0,10
2764,0,-1,-0.0,0.56,14,0.56,0,10
2765,2,1,0.9941973,0.6,15,0.6,0,10
2766,1,0,0.0,0.6,15,0.6,0,10
2767,2,1,-5.8574553,0.64,16,0.64,0,10
2768,0,-1,4.005026,0.6,15,0.6,0,10
2769,2,1,3.7964108,0.64,16,0.64,0,10
2770,1,0,0.0,0.64,16,0.64,0,10
2771,0,-1,-0.0,0.64,16,0.64,0,10
2772,1,0,0.0,0.64,16,0.64,0,10
2773,0,-1,5.8574553,0.6,15,0.6,0,10
2774,0,-1,-0.0,0.6,15,0.6,0,10
2775,2,1,-1.5043794,0.64,16,0.64,0,10
2776,0,-1,-3.7964108,0.6,15,0.6,0,10
2777,0,-1,-0.0,0.6,15,0.6,1,10
2778,2,1,-5.0813284,0.64,16,0.64,0,10
2779,0,-1,-1.738389,0.6,15,0.6,0,10
2780,1,0,0.0,0.6,15,0.6,0,10
2781,1,0,0.0,0.6,15,0.6,0,10
2782,0,-1,-3.6651797,0.56,14,0.56,0,10
2783,0,-1,-8.743792,0.52,13,0.52,0,10
2784,0,-1,-6.899886,0.48,12,0.48,0,10
2785,0,-1,-0.0,0.48,12,0.48,0,10
2786,1,0,0.0,0.48,12,0.48,0,10
2787,1,0,0.0,0.48,12,0.48,0,10
2788,2,1,7.6390815,0.52,13,0.52,0,10
2789,2,1,-3.4536426,0.56,14,0.56,0,10
2790,0,-1,-3.647694,0.52,13,0.52,0,10
2791,0,-1,-14.615934,0.48,12,0.48,0,10
2792,2,1,-2.0003455,0.52,13,0.52,0,10
2793,2,1,-6.202782,0.56,14,0.56,0,10
2794,0,-1,6.202782,0.52,13,0.52,0,10
2795,1,0,0.0,0.52,13,0.52,0,10
2796,2,1,6.779512,0.56,14,0.56,0,10
2797,2,1,8.781963,0.6,15,0.6,0,10
2798,0,-1,-0.0,0.6,15,0.6,0,10
2799,2,1,-17.106075,0.64,16,0.64,0,10
2800,1,0,0.0,0.64,16,0.64,0,10
2801,1,0,0.0,0.64,16,0.64,0,10
2802,1,0,0.0,0.64,16,0.64,0,10
2803,0,-1,1.9495103,0.6,15,0.6,0,10
2804,1,0,0.0,0.6,15,0.6,0,10
2805,0,-1,-0.0,0.6,15,0.6,1,10
2806,0,-1,-1.1035079,0.56,14,0.56,0,10
2807,1,0,0.0,0.56,14,0.56,0,10
2808,0,-1,7.5841947,0.52,13,0.52,0,10
2809,2,1,-1.5515344,0.56,14,0.56,0,10
2810,1,0,0.0,0.56,14,0.56,0,10
2811,2,1,7.5560107,0.6,15,0.6,0,10
2812,0,-1,-7.5560107,0.56,14,0.56,0,10
2813,2,1,0.0,0.0,0,0.0,0,10
2814,1,0,0.0,0.16,4,0.16,0,11
2815,2,1,24.20528,0.2,5,0.2,0,11
2816,2,1,19.698532,0.24,6,0.24,0,11
2817,1,0,0.0,0.24,6,0.24,0,11
2818,0,-1,-0.0,0.24,6,0.24,0,11
2819,2,1,23.472822,0.28,7,0.28,0,11
2820,0,-1,-19.224253,0.24,6,0.24,0,11
2821,2,1,19.224253,0.28,7,0.28,0,11
2822,2,1,16.308062,0.32,8,0.32,0,11
2823,1,0,0.0,0.32,8,0.32,0,11
2824,1,0,0.0,0.32,8,0.32,0,11
2825,1,0,0.0,0.32,8,0.32,0,11
2826,2,1,17.481995,0.36,9,0.36,0,11
2827,1,0,0.0,0.36,9,0.36,0,11
2828,0,-1,-0.0,0.36,9,0.36,0,11
2829,0,-1,-17.481995,0.32,8,0.32,1,11
2830,1,0,0.0,0.32,8,0.32,0,11
2831,1,0,0.0,0.32,8,0.32,0,11
2832,0,-1,-0.0,0.32,8,0.32,0,11
2833,0,-1,-22.830359,0.28,7,0.28,0,11
2834,1,0,0.0,0.28,7,0.28,0,11
2835,0,-1,-0.0,0.28,7,0.28,0,11
2836,1,0,0.0,0.28,7,0.28,0,11
2837,1,0,0.0,0.28,7,0.28,0,11
2838,0,-1,-0.0,0.28,7,0.28,0,11
2839,0,-1,-16.894926,0.24,6,0.24,0,11
2840,0,-1,-0.0,0.24,6,0.24,0,11
2841,2,1,9.876147,0.28,7,0.28,0,11
2842,1,0,0.0,0.28,7,0.28,0,11
2843,2,1,22.818438,0.32,8,0.32,0,11
2844,0,-1,-9.213042,0.28,7,0.28,0,11
2845,2,1,21.608906,0.32,8,0.32,0,11
2846,0,-1,-18.625763,0.28,7,0.28,1,11
2847,2,1,18.805508,0.32,8,0.32,0,11
2848,2,1,15.460559,0.36,9,0.36,0,11
2849,1,0,0.0,0.36,9,0.36,0,11
2850,0,-1,-21.849045,0.32,8,0.32,0,11
2851,2,1,16.015278,0.36,9,0.36,0,11
2852,0,-1,-15.460559,0.32,8,0.32,0,11
2853,1,0,0.0,0.32,8,0.32,0,11
2854,1,0,0.0,0.32,8,0.32,0,11
2855,2,1,13.826365,0.36,9,0.36,0,11
2856,0,-1,-13.826365,0.32,8,0.32,0,11
2857,2,1,19.339785,0.36,9,0.36,0,11
2858,0,-1,-0.0,0.36,9,0.36,0,11
2859,1,0,0.0,0.36,9,0.36,0,11
2860,0,-1,-16.015278,0.32,8,0.32,0,11
2861,0,-1,-0.0,0.32,8,0.32,0,11
2862,2,1,16.015278,0.36,9,0.36,0,11
2863,2,1,20.751286,0.4,10,0.4,0,11
2864,1,0,0.0,0.4,10,0.4,0,11
2865,2,1,18.160412,0.44,11,0.44,1,11
2866,1,0,0.0,0.44,11,0.44,0,11
2867,2,1,14.055084,0.48,12,0.48,0,11
2868,0,-1,-14.055084,0.44,11,0.44,0,11
2869,0,-1,-0.0,0.44,11,0.44,0,11
2870,1,0,0.0,0.44,11,0.44,0,11
2871,1,0,0.0,0.44,11,0.44,0,11
2872,2,1,9.524585,0.48,12,0.48,0,11
2873,0,-1,-15.478005,0.44,11,0.44,0,11
2874,1,0,0.0,0.44,11,0.44,0,11
2875,1,0,0.0,0.44,11,0.44,0,11
2876,1,0,0.0,0.44,11,0.44,0,11
2877,0,-1,-0.0,0.44,11,0.44,0,11
2878,0,-1,-18.146475,0.4,10,0.4,1,11
2879,2,1,9.323768,0.44,11,0.44,0,11
2880,1,0,0.0,0.44,11,0.44,0,11
2881,2,1,5.3196683,0.48,12,0.48,0,11
2882,2,1,11.443101,0.52,13,0.52,0,11
2883,0,-1,-0.0,0.52,13,0.52,0,11
2884,2,1,0.3361945,0.56,14,0.56,0,11
2885,0,-1,-0.0,0.56,14,0.56,0,11
2886,0,-1,-0.0,0.56,14,0.56,0,11
2887,0,-1,-0.0,0.56,14,0.56,0,11
2888,1,0,0.0,0.56,14,0.56,0,11
2889,1,0,0.0,0.56,14,0.56,0,11
2890,1,0,0.0,0.56,14,0.56,0,11
2891,1,0,0.0,0.56,14,0.56,0,11
2892,2,1,3.2388513,0.6,15,0.6,0,11
2893,2,1,1.6408644,0.64,16,0.64,0,11
2894,2,1,-4.290821,0.68,17,0.68,0,11
2895,0,-1,15.368419,0.64,16,0.64,0,11
2896,2,1,-15.368419,0.68,17,0.68,1,11
2897,0,-1,-0.0,0.68,17,0.68,0,11
2898,2,1,-26.933887,0.72,18,0.72,0,11
2899,1,0,0.0,0.72,18,0.72,0,11
2900,1,0,0.0,0.72,18,0.72,0,11
2901,2,1,-36.748455,0.76,19,0.76,0,11
2902,1,0,0.0,0.76,19,0.76,0,11
2903,1,0,0.0,0.76,19,0.76,0,11
2904,1,0,0.0,0.76,19,0.76,0,11
2905,1,0,0.0,0.76,19,0.76,0,11
2906,0,-1,33.37404,0.72,18,0.72,0,11
2907,0,-1,24.607843,0.68,17,0.68,0,11
2908,2,1,-17.628416,0.72,18,0.72,0,11
2909,1,0,0.0,0.72,18,0.72,0,11
2910,0,-1,14.1723585,0.68,17,0.68,0,11
2911,1,0,0.0,0.68,17,0.68,0,11
2912,0,-1,-0.0,0.68,17,0.68,0,11
2913,0,-1,-0.0,0.68,17,0.68,0,11
2914,0,-1,-0.0,0.68,17,0.68,0,11
2915,2,1,-25.293774,0.72,18,0.72,0,11
2916,0,-1,17.628416,0.68,17,0.68,0,11
2917,0,-1,-0.0,0.68,17,0.68,0,11
2918,2,1,-18.631561,0.72,18,0.72,0,11
2919,1,0,0.0,0.72,18,0.72,0,11
2920,0,-1,26.933887,0.68,17,0.68,0,11
2921,2,1,-19.560198,0.72,18,0.72,0,11
2922,0,-1,15.100976,0.68,17,0.68,0,11
2923,1,0,0.0,0.68,17,0.68,1,11
2924,1,0,0.0,0.68,17,0.68,0,11
2925,1,0,0.0,0.68,17,0.68,0,11
2926,2,1,-22.32137,0.72,18,0.72,0,11
2927,0,-1,18.572353,0.68,17,0.68,0,11
2928,2,1,-26.795925,0.72,18,0.72,0,11
2929,1,0,0.0,0.72,18,0.72,0,11
2930,1,0,0.0,0.72,18,0.72,0,11
2931,0,-1,19.55329,0.68,17,0.68,0,11
2932,1,0,0.0,0.68,17,0.68,0,11
2933,1,0,0.0,0.68,17,0.68,0,11
2934,2,1,-14.174129,0.72,18,0.72,0,11
2935,0,-1,22.32137,0.68,17,0.68,0,11
2936,0,-1,15.051047,0.64,16,0.64,0,11
2937,1,0,0.0,0.64,16,0.64,0,11
2938,0,-1,-0.0,0.64,16,0.64,0,11
2939,0,-1,-0.0,0.64,16,0.64,0,11
2940,1,0,0.0,0.64,16,0.64,0,11
2941,2,1,-15.271942,0.68,17,0.68,0,11
2942,1,0,0.0,0.68,17,0.68,1,11
2943,1,0,0.0,0.68,17,0.68,0,11
2944,2,1,-22.301895,0.72,18,0.72,0,11
2945,0,-1,22.301895,0.68,17,0.68,0,11
2946,1,0,0.0,0.68,17,0.68,0,11
2947,0,-1,-0.0,0.68,17,0.68,0,11
2948,0,-1,-0.0,0.68,17,0.68,0,11
2949,0,-1,-0.0,0.68,17,0.68,0,11
2950,0,-1,-0.0,0.68,17,0.68,0,11
2951,0,-1,4.2952247,0.64,16,0.64,0,11
2952,2,1,-7.4200773,0.68,17,0.68,0,11
2953,2,1,-27.516928,0.72,18,0.72,0,11
2954,2,1,-41.24128,0.76,19,0.76,0,11
2955,0,-1,41.24128,0.72,18,0.72,0,11
2956,0,-1,-0.0,0.72,18,0.72,0,11
2957,2,1,-33.391644,0.76,19,0.76,0,11
2958,1,0,0.0,0.76,19,0.76,0,11
2959,0,-1,-0.0,0.76,19,0.76,0,11
2960,0,-1,-0.0,0.76,19,0.76,0,11
2961,0,-1,-0.0,0.76,19,0.76,0,11
2962,1,0,0.0,0.76,19,0.76,0,11
2963,2,1,-53.705894,0.8,20,0.8,0,11
2964,0,-1,65.393364,0.76,19,0.76,0,11
2965,1,0,0.0,0.76,19,0.76,0,11
2966,0,-1,-0.0,0.76,19,0.76,0,11
2967,2,1,-56.20788,0.8,20,0.8,0,11
2968,0,-1,-0.0,0.8,20,0.8,1,11
2969,1,0,0.0,0.8,20,0.8,0,11
2970,2,1,-101.96702,0.84,21,0.84,0,11
2971,1,0,0.0,0.84,21,0.84,0,11
2972,0,-1,97.555756,0.8,20,0.8,0,11
2973,0,-1,63.612453,0.76,19,0.76,0,11
2974,0,-1,36.554466,0.72,18,0.72,0,11
2975,1,0,0.0,0.72,18,0.72,0,11
2976,2,1,0.0,0.72,18,0.72,0,11
2977,2,1,-31.57524,0.76,19,0.76,0,11
2978,0,-1,37.52087,0.72,18,0.72,0,11
2979,0,-1,-0.0,0.72,18,0.72,0,11
2980,0,-1,-0.0,0.72,18,0.72,0,11
2981,2,1,-37.89959,0.76,19,0.76,0,11
2982,1,0,0.0,0.76,19,0.76,0,11
2983,0,-1,-0.0,0.76,19,0.76,0,11
2984,1,0,0.0,0.76,19,0.76,0,11
2985,0,-1,33.387142,0.72,18,0.72,0,11
2986,1,0,0.0,0.72,18,0.72,0,11
2987,0,-1,-0.0,0.72,18,0.72,1,11
2988,0,-1,-0.0,0.72,18,0.72,0,11
2989,1,0,0.0,0.72,18,0.72,0,11
2990,0,-1,22.48604,0.68,17,0.68,0,11
2991,0,-1,6.7681174,0.64,16,0.64,0,11
2992,0,-1,-0.0,0.64,16,0.64,0,11
2993,0,-1,0.82044375,0.6,15,0.6,0,11
2994,1,0,0.0,0.6,15,0.6,0,11
2995,1,0,0.0,0.6,15,0.6,0,11
2996,0,-1,-4.8807387,0.56,14,0.56,0,11
2997,2,1,4.4794803,0.6,15,0.6,0,11
2998,1,0,0.0,0.6,15,0.6,0,11
2999,0,-1,-0.0,0.6,15,0.6,0,11
3000,0,-1,-0.0,0.6,15,0.6,0,11
3001,0,-1,-8.810449,0.56,14,0.56,0,11
3002,2,1,-1.0683048,0.6,15,0.6,1,11
3003,2,1,0.090213075,0.64,16,0.64,0,11
3004,0,-1,-0.0,0.64,16,0.64,0,11
3005,2,1,-14.911749,0.68,17,0.68,0,11
3006,1,0,0.0,0.68,17,0.68,0,11
3007,0,-1,-0.0,0.68,17,0.68,0,11
3008,1,0,0.0,0.68,17,0.68,0,11
3009,2,1,-26.123022,0.72,18,0.72,0,11
3010,2,1,-37.08885,0.76,19,0.76,0,11
3011,0,-1,32.141647,0.72,18,0.72,1,11
3012,1,0,0.0,0.72,18,0.72,0,11
3013,1,0,0.0,0.72,18,0.72,0,11
3014,1,0,0.0,0.72,18,0.72,0,11
3015,1,0,0.0,0.72,18,0.72,0,11
3016,2,1,-35.246834,0.76,19,0.76,0,11
3017,0,-1,35.246834,0.72,18,0.72,0,11
3018,2,1,-35.62024,0.76,19,0.76,0,11
3019,0,-1,40.91085,0.72,18,0.72,0,11
3020,0,-1,22.201801,0.68,17,0.68,0,11
3021,1,0,0.0,0.68,17,0.68,0,11
3022,0,-1,-0.0,0.68,17,0.68,0,11
3023,1,0,0.0,0.68,17,0.68,0,11
3024,2,1,-22.837421,0.72,18,0.72,0,11
3025,1,0,0.0,0.72,18,0.72,0,11
3026,1,0,0.0,0.72,18,0.72,0,11
3027,0,-1,24.60318,0.68,17,0.68,0,11
3028,1,0,0.0,0.68,17,0.68,0,11
3029,0,-1,12.95764,0.64,16,0.64,0,11
3030,0,-1,5.98721,0.6,15,0.6,0,11
3031,1,0,0.0,0.6,15,0.6,0,11
3032,2,1,-0.8354968,0.64,16,0.64,0,11
3033,1,0,0.0,0.64,16,0.64,0,11
3034,2,1,-12.938464,0.68,17,0.68,0,11
3035,0,-1,-0.0,0.68,17,0.68,0,11
3036,0,-1,-0.0,0.68,17,0.68,0,11
3037,2,1,-17.868736,0.72,18,0.72,0,11
3038,1,0,0.0,0.72,18,0.72,0,11
3039,2,1,-27.81286,0.76,19,0.76,0,11
3040,2,1,-57.79924,0.8,20,0.8,0,11
3041,2,1,0.0,0.8,20,0.8,1,11
3042,0,-1,57.798283,0.76,19,0.76,0,11
3043,0,-1,-0.0,0.76,19,0.76,0,11
3044,1,0,0.0,0.76,19,0.76,0,11
3045,0,-1,42.39538,0.72,18,0.72,0,11
3046,0,-1,-0.0,0.72,18,0.72,0,11
3047,0,-1,20.770844,0.68,17,0.68,0,11
3048,0,-1,-0.0,0.68,17,0.68,0,11
3049,0,-1,-0.0,0.68,17,0.68,0,11
3050,0,-1,14.750039,0.64,16,0.64,0,11
3051,2,1,-6.9722548,0.68,17,0.68,0,11
3052,0,-1,6.9722548,0.64,16,0.64,0,11
3053,1,0,0.0,0.64,16,0.64,0,11
3054,1,0,0.0,0.64,16,0.64,0,11
3055,2,1,-4.299892,0.68,17,0.68,0,11
3056,0,-1,7.7401757,0.64,16,0.64,0,11
3057,1,0,0.0,0.64,16,0.64,0,11
3058,0,-1,-2.5989325,0.6,15,0.6,0,11
3059,0,-1,-0.0,0.6,15,0.6,0,11
3060,1,0,0.0,0.6,15,0.6,0,11
3061,2,1,-3.9958813,0.64,16,0.64,0,11
3062,1,0,0.0,0.64,16,0.64,0,11
3063,2,1,-12.952351,0.68,17,0.68,0,11
3064,0,-1,3.0897787,0.64,16,0.64,0,11
3065,0,-1,-0.0,0.64,16,0.64,0,11
3066,2,1,-10.501001,0.68,17,0.68,0,11
3067,0,-1,-0.0,0.68,17,0.68,0,11
3068,0,-1,12.905275,0.64,16,0.64,1,11
3069,0,-1,-0.0,0.64,16,0.64,0,11
3070,2,1,-12.266433,0.68,17,0.68,0,11
3071,0,-1,7.347314,0.64,16,0.64,0,11
3072,0,-1,-0.0,0.64,16,0.64,1,11
3073,1,0,0.0,0.64,16,0.64,0,11
3074,1,0,0.0,0.64,16,0.64,0,11
3075,1,0,0.0,0.64,16,0.64,0,11
3076,0,-1,5.979902,0.6,15,0.6,0,11
3077,2,1,-1.6714364,0.64,16,0.64,0,11
3078,0,-1,-0.0,0.64,16,0.64,0,11
3079,0,-1,1.6714364,0.6,15,0.6,0,11
3080,1,0,0.0,0.6,15,0.6,0,11
3081,0,-1,-0.0,0.6,15,0.6,0,11
3082,1,0,0.0,0.6,15,0.6,0,11
3083,2,1,-5.99393,0.64,16,0.64,0,11
3084,1,0,0.0,0.64,16,0.64,0,11
3085,2,1,-14.808928,0.68,17,0.68,0,11
3086,1,0,0.0,0.68,17,0.68,0,11
3087,0,-1,10.806161,0.64,16,0.64,0,11
3088,2,1,-16.739588,0.68,17,0.68,0,11
3089,0,-1,-0.0,0.68,17,0.68,0,11
3090,2,1,-19.20884,0.72,18,0.72,0,11
3091,0,-1,-0.0,0.72,18,0.72,0,11
3092,0,-1,-0.0,0.72,18,0.72,0,11
3093,0,-1,-0.0,0.72,18,0.72,0,11
3094,0,-1,20.755701,0.68,17,0.68,0,11
3095,0,-1,16.739588,0.64,16,0.64,0,11
3096,1,0,0.0,0.64,16,0.64,0,11
3097,0,-1,3.5632522,0.6,15,0.6,0,11
3098,0,-1,-2.0042908,0.56,14,0.56,0,11
3099,0,-1,-0.81891954,0.52,13,0.52,1,11
3100,1,0,0.0,0.52,13,0.52,0,11
3101,0,-1,-0.0,0.52,13,0.52,0,11
3102,0,-1,-9.156784,0.48,12,0.48,0,11
3103,1,0,0.0,0.48,12,0.48,0,11
3104,1,0,0.0,0.48,12,0.48,0,11
3105,1,0,0.0,0.48,12,0.48,0,11
3106,0,-1,-8.459145,0.44,11,0.44,0,11
3107,1,0,0.0,0.44,11,0.44,0,11
3108,2,1,9.801288,0.48,12,0.48,0,11
3109,1,0,0.0,0.48,12,0.48,0,11
3110,0,-1,-9.801288,0.44,11,0.44,0,11
3111,2,1,10.665226,0.48,12,0.48,0,11
3112,2,1,10.722828,0.52,13,0.52,0,11
3113,0,-1,0.0,0.0,0,0.0,0,11
3114,2,1,-8.281979,0.2,5,0.2,0,12
3115,2,1,23.947102,0.24,6,0.24,0,12
3116,1,0,0.0,0.24,6,0.24,0,12
3117,0,-1,-0.0,0.24,6,0.24,0,12
3118,2,1,-9.0328045,0.28,7,0.28,1,12
3119,0,-1,-14.589791,0.24,6,0.24,0,12
3120,2,1,23.377752,0.28,7,0.28,0,12
3121,1,0,0.0,0.28,7,0.28,0,12
3122,1,0,0.0,0.28,7,0.28,0,12
3123,2,1,18.738188,0.32,8,0.32,0,12
3124,1,0,0.0,0.32,8,0.32,0,12
3125,2,1,20.641119,0.36,9,0.36,0,12
3126,1,0,0.0,0.36,9,0.36,0,12
3127,1,0,0.0,0.36,9,0.36,0,12
3128,2,1,17.924067,0.4,10,0.4,0,12
3129,1,0,0.0,0.4,10,0.4,0,12
3130,1,0,0.0,0.4,10,0.4,0,12
3131,2,1,13.762543,0.44,11,0.44,0,12
3132,2,1,11.044469,0.48,12,0.48,0,12
3133,0,-1,-14.79953,0.44,11,0.44,0,12
3134,1,0,0.0,0.44,11,0.44,0,12
3135,0,-1,-18.160456,0.4,10,0.4,0,12
3136,1,0,0.0,0.4,10,0.4,0,12
3137,1,0,0.0,0.4,10,0.4,0,12
3138,0,-1,-15.606442,0.36,9,0.36,0,12
3139,2,1,5.0526934,0.4,10,0.4,0,12
3140,2,1,14.804023,0.44,11,0.44,0,12
3141,0,-1,-3.6703186,0.4,10,0.4,0,12
3142,1,0,0.0,0.4,10,0.4,0,12
3143,1,0,0.0,0.4,10,0.4,1,12
3144,2,1,12.51773,0.44,11,0.44,0,12
3145,0,-1,-0.0,0.44,11,0.44,0,12
3146,1,0,0.0,0.44,11,0.44,0,12
3147,0,-1,-0.0,0.44,11,0.44,0,12
3148,0,-1,-12.51773,0.4,10,0.4,0,12
3149,0,-1,-16.489328,0.36,9,0.36,0,12
3150,2,1,19.541702,0.4,10,0.4,0,12
3151,1,0,0.0,0.4,10,0.4,0,12
3152,0,-1,-19.541702,0.36,9,0.36,0,12
3153,1,0,0.0,0.36,9,0.36,0,12
3154,1,0,0.0,0.36,9,0.36,0,12
3155,2,1,19.514862,0.4,10,0.4,0,12
3156,1,0,0.0,0.4,10,0.4,0,12
3157,2,1,10.629659,0.44,11,0.44,0,12
3158,0,-1,-19.524326,0.4,10,0.4,1,12
3159,0,-1,-0.0,0.4,10,0.4,0,12
3160,1,0,0.0,0.4,10,0.4,0,12
3161,1,0,0.0,0.4,10,0.4,0,12
3162,2,1,19.437532,0.44,11,0.44,0,12
3163,1,0,0.0,0.44,11,0.44,0,12
3164,0,-1,-14.146024,0.4,10,0.4,0,12
3165,0,-1,-11.9798155,0.36,9,0.36,0,12
3166,1,0,0.0,0.36,9,0.36,0,12
3167,1,0,0.0,0.36,9,0.36,0,12
3168,1,0,0.0,0.36,9,0.36,0,12
3169,0,-1,-20.599018,0.32,8,0.32,0,12
3170,2,1,16.863405,0.36,9,0.36,0,12
3171,0,-1,-0.0,0.36,9,0.36,0,12
3172,2,1,19.500729,0.4,10,0.4,0,12
3173,1,0,0.0,0.4,10,0.4,0,12
3174,0,-1,-20.819908,0.36,9,0.36,0,12
3175,1,0,0.0,0.36,9,0.36,1,12
3176,0,-1,-0.0,0.36,9,0.36,0,12
3177,0,-1,-0.0,0.36,9,0.36,0,12
3178,2,1,16.606325,0.4,10,0.4,0,12
3179,0,-1,-0.0,0.4,10,0.4,0,12
3180,0,-1,-0.0,0.4,10,0.4,0,12
3181,2,1,10.8552065,0.44,11,0.44,0,12
3182,0,-1,-15.922196,0.4,10,0.4,0,12
3183,0,-1,-0.0,0.4,10,0.4,0,12
3184,1,0,0.0,0.4,10,0.4,0,12
3185,0,-1,-14.411768,0.36,9,0.36,0,12
3186,0,-1,-13.33587,0.32,8,0.32,0,12
3187,2,1,15.398422,0.36,9,0.36,0,12
3188,2,1,16.594534,0.4,10,0.4,0,12
3189,0,-1,-16.606325,0.36,9,0.36,0,12
3190,2,1,20.80275,0.4,10,0.4,0,12
3191,1,0,0.0,0.4,10,0.4,0,12
3192,0,-1,-14.300135,0.36,9,0.36,0,12
3193,2,1,19.479464,0.4,10,0.4,1,12
3194,0,-1,-16.95126,0.36,9,0.36,0,12
3195,2,1,18.980356,0.4,10,0.4,0,12
3196,1,0,0.0,0.4,10,0.4,0,12
3197,2,1,15.368551,0.44,11,0.44,0,12
3198,1,0,0.0,0.44,11,0.44,0,12
3199,0,-1,-18.031376,0.4,10,0.4,1,12
3200,2,1,12.8713875,0.44,11,0.44,0,12
3201,2,1,16.258533,0.48,12,0.48,0,12
3202,2,1,9.590094,0.52,13,0.52,0,12
3203,1,0,0.0,0.52,13,0.52,0,12
3204,1,0,0.0,0.52,13,0.52,0,12
3205,0,-1,-0.0,0.52,13,0.52,0,12
3206,0,-1,-14.032714,0.48,12,0.48,0,12
3207,0,-1,-0.0,0.48,12,0.48,0,12
3208,0,-1,-16.258533,0.44,11,0.44,0,12
3209,0,-1,-0.0,0.44,11,0.44,0,12
3210,0,-1,-12.8713875,0.4,10,0.4,0,12
3211,1,0,0.0,0.4,10,0.4,0,12
3212,0,-1,-0.0,0.4,10,0.4,0,12
3213,0,-1,-0.0,0.4,10,0.4,0,12
3214,1,0,0.0,0.4,10,0.4,0,12
3215,2,1,17.886124,0.44,11,0.44,0,12
3216,1,0,0.0,0.44,11,0.44,0,12
3217,1,0,0.0,0.44,11,0.44,0,12
3218,2,1,16.258533,0.48,12,0.48,0,12
3219,2,1,9.191821,0.52,13,0.52,0,12
3220,1,0,0.0,0.52,13,0.52,0,12
3221,1,0,0.0,0.52,13,0.52,0,12
3222,0,-1,-9.191821,0.48,12,0.48,0,12
3223,1,0,0.0,0.48,12,0.48,0,12
3224,0,-1,-11.802927,0.44,11,0.44,0,12
3225,0,-1,-16.594036,0.4,10,0.4,0,12
3226,0,-1,-0.0,0.4,10,0.4,0,12
3227,1,0,0.0,0.4,10,0.4,0,12
3228,0,-1,-0.0,0.4,10,0.4,1,12
3229,0,-1,-19.35261,0.36,9,0.36,0,12
3230,2,1,17.962063,0.4,10,0.4,0,12
3231,0,-1,-0.0,0.4,10,0.4,0,12
3232,2,1,15.6004925,0.44,11,0.44,0,12
3233,1,0,0.0,0.44,11,0.44,0,12
3234,1,0,0.0,0.44,11,0.44,0,12
3235,0,-1,-15.424638,0.4,10,0.4,0,12
3236,2,1,13.511534,0.44,11,0.44,0,12
3237,1,0,0.0,0.44,11,0.44,0,12
3238,0,-1,-0.0,0.44,11,0.44,0,12
3239,1,0,0.0,0.44,11,0.44,0,12
3240,1,0,0.0,0.44,11,0.44,0,12
3241,0,-1,-16.579689,0.4,10,0.4,0,12
3242,1,0,0.0,0.4,10,0.4,0,12
3243,0,-1,-0.0,0.4,10,0.4,0,12
3244,0,-1,-0.0,0.4,10,0.4,0,12
3245,0,-1,-20.562735,0.36,9,0.36,0,12
3246,0,-1,-15.992196,0.32,8,0.32,0,12
3247,1,0,0.0,0.32,8,0.32,1,12
3248,0,-1,-19.422562,0.28,7,0.28,0,12
3249,1,0,0.0,0.28,7,0.28,0,12
3250,0,-1,-0.0,0.28,7,0.28,0,12
3251,2,1,19.14128,0.32,8,0.32,0,12
3252,0,-1,-0.0,0.32,8,0.32,1,12
3253,1,0,0.0,0.32,8,0.32,0,12
3254,1,0,0.0,0.32,8,0.32,0,12
3255,1,0,0.0,0.32,8,0.32,0,12
3256,1,0,0.0,0.32,8,0.32,0,12
3257,1,0,0.0,0.32,8,0.32,0,12
3258,1,0,0.0,0.32,8,0.32,0,12
3259,1,0,0.0,0.32,8,0.32,0,12
3260,1,0,0.0,0.32,8,0.32,0,12
3261,0,-1,-19.485168,0.28,7,0.28,0,12
3262,2,1,19.291918,0.32,8,0.32,1,12
3263,1,0,0.0,0.32,8,0.32,0,12
3264,1,0,0.0,0.32,8,0.32,0,12
3265,1,0,0.0,0.32,8,0.32,0,12
3266,0,-1,-0.0,0.32,8,0.32,0,12
3267,1,0,0.0,0.32,8,0.32,0,12
3268,0,-1,-19.45701,0.28,7,0.28,0,12
3269,2,1,19.706236,0.32,8,0.32,0,12
3270,0,-1,-0.0,0.32,8,0.32,0,12
3271,1,0,0.0,0.32,8,0.32,0,12
3272,1,0,0.0,0.32,8,0.32,0,12
3273,1,0,0.0,0.32,8,0.32,0,12
3274,0,-1,-0.0,0.32,8,0.32,0,12
3275,0,-1,-19.706236,0.28,7,0.28,0,12
3276,0,-1,-22.277355,0.24,6,0.24,0,12
3277,2,1,22.112837,0.28,7,0.28,1,12
3278,1,0,0.0,0.28,7,0.28,0,12
3279,1,0,0.0,0.28,7,0.28,0,12
3280,0,-1,-0.0,0.28,7,0.28,0,12
3281,0,-1,-0.0,0.28,7,0.28,0,12
3282,2,1,18.713264,0.32,8,0.32,0,12
3283,2,1,18.639137,0.36,9,0.36,0,12
3284,0,-1,-18.639137,0.32,8,0.32,0,12
3285,0,-1,-0.0,0.32,8,0.32,0,12
3286,0,-1,-0.0,0.32,8,0.32,0,12
3287,2,1,18.639137,0.36,9,0.36,0,12
3288,2,1,17.556181,0.4,10,0.4,0,12
3289,1,0,0.0,0.4,10,0.4,0,12
3290,2,1,13.618233,0.44,11,0.44,0,12
3291,1,0,0.0,0.44,11,0.44,0,12
3292,0,-1,-13.618233,0.4,10,0.4,0,12
3293,2,1,13.591751,0.44,11,0.44,0,12
3294,0,-1,-0.0,0.44,11,0.44,0,12
3295,1,0,0.0,0.44,11,0.44,1,12
3296,1,0,0.0,0.44,11,0.44,0,12
3297,1,0,0.0,0.44,11,0.44,0,12
3298,2,1,9.660046,0.48,12,0.48,0,12
3299,0,-1,-14.426202,0.44,11,0.44,0,12
3300,1,0,0.0,0.44,11,0.44,0,12
3301,2,1,14.627311,0.48,12,0.48,0,12
3302,0,-1,-14.447957,0.44,11,0.44,0,12
3303,0,-1,-0.0,0.44,11,0.44,0,12
3304,1,0,0.0,0.44,11,0.44,0,12
3305,0,-1,-0.0,0.44,11,0.44,0,12
3306,0,-1,-0.0,0.44,11,0.44,0,12
3307,1,0,0.0,0.44,11,0.44,0,12
3308,2,1,12.61705,0.48,12,0.48,0,12
3309,2,1,8.671336,0.52,13,0.52,0,12
3310,2,1,6.5279903,0.56,14,0.56,0,12
3311,2,1,6.068922,0.6,15,0.6,0,12
3312,2,1,-1.4234538,0.64,16,0.64,0,12
3313,1,0,0.0,0.64,16,0.64,0,12
3314,0,-1,-0.0,0.64,16,0.64,0,12
3315,0,-1,2.201032,0.6,15,0.6,0,12
3316,1,0,0.0,0.6,15,0.6,0,12
3317,2,1,-2.8732657,0.64,16,0.64,0,12
3318,2,1,-9.663966,0.68,17,0.68,0,12
3319,0,-1,-0.0,0.68,17,0.68,0,12
3320,0,-1,-0.0,0.68,17,0.68,0,12
3321,0,-1,9.803918,0.64,16,0.64,0,12
3322,0,-1,-0.0,0.64,16,0.64,0,12
3323,1,0,0.0,0.64,16,0.64,0,12
3324,2,1,-12.21325,0.68,17,0.68,0,12
3325,1,0,0.0,0.68,17,0.68,1,12
3326,2,1,-17.88723,0.72,18,0.72,0,12
3327,1,0,0.0,0.72,18,0.72,0,12
3328,2,1,-37.905716,0.76,19,0.76,0,12
3329,0,-1,-0.0,0.76,19,0.76,0,12
3330,1,0,0.0,0.76,19,0.76,0,12
3331,0,-1,34.486877,0.72,18,0.72,0,12
3332,0,-1,23.061562,0.68,17,0.68,0,12
3333,2,1,-13.2592535,0.72,18,0.72,0,12
3334,0,-1,20.914137,0.68,17,0.68,0,12
3335,1,0,0.0,0.68,17,0.68,0,12
3336,2,1,-20.59644,0.72,18,0.72,0,12
3337,1,0,0.0,0.72,18,0.72,0,12
3338,0,-1,-0.0,0.72,18,0.72,0,12
3339,0,-1,-0.0,0.72,18,0.72,0,12
3340,0,-1,-0.0,0.72,18,0.72,0,12
3341,2,1,-34.613712,0.76,19,0.76,0,12
3342,1,0,0.0,0.76,19,0.76,1,12
3343,0,-1,-0.0,0.76,19,0.76,0,12
3344,1,0,0.0,0.76,19,0.76,0,12
3345,1,0,0.0,0.76,19,0.76,0,12
3346,0,-1,-0.0,0.76,19,0.76,0,12
3347,1,0,0.0,0.76,19,0.76,0,12
3348,2,1,-59.93999,0.8,20,0.8,0,12
3349,1,0,0.0,0.8,20,0.8,0,12
3350,2,1,-99.92297,0.84,21,0.84,0,12
3351,2,1,-184.48653,0.88,22,0.88,0,12
3352,2,1,-393.5421,0.92,23,0.92,1,12
3353,0,-1,-0.0,0.92,23,0.92,0,12
3354,1,0,0.0,0.92,23,0.92,0,12
3355,1,0,0.0,0.92,23,0.92,0,12
3356,0,-1,-0.0,0.92,23,0.92,0,12
3357,0,-1,-0.0,0.92,23,0.92,0,12
3358,1,0,0.0,0.92,23,0.92,0,12
3359,1,0,0.0,0.92,23,0.92,0,12
3360,1,0,0.0,0.92,23,0.92,0,12
3361,0,-1,389.83322,0.88,22,0.88,0,12
3362,0,-1,-0.0,0.88,22,0.88,1,12
3363,0,-1,179.4999,0.84,21,0.84,0,12
3364,2,1,-185.40652,0.88,22,0.88,0,12
3365,2,1,-396.70816,0.92,23,0.92,0,12
3366,0,-1,393.19888,0.88,22,0.88,0,12
3367,2,1,-393.55103,0.92,23,0.92,0,12
3368,1,0,0.0,0.92,23,0.92,0,12
3369,2,1,-1221.3098,0.96,24,0.96,0,12
3370,2,1,23.461487,1.0,25,1.0,1,12
3371,0,-1,-1000.0,0.0,0,0.0,0,12
3372,1,0,0.0,0.16,4,0.16,0,13
3373,0,-1,-0.0,0.16,4,0.16,0,13
3374,1,0,0.0,0.16,4,0.16,0,13
3375,2,1,24.223005,0.2,5,0.2,0,13
3376,1,0,0.0,0.2,5,0.2,0,13
3377,2,1,22.730906,0.24,6,0.24,0,13
3378,2,1,-9.032244,0.28,7,0.28,0,13
3379,0,-1,9.032244,0.24,6,0.24,0,13
3380,2,1,23.455095,0.28,7,0.28,0,13
3381,1,0,0.0,0.28,7,0.28,0,13
3382,0,-1,-22.256626,0.24,6,0.24,0,13
3383,2,1,22.256626,0.28,7,0.28,0,13
3384,1,0,0.0,0.28,7,0.28,0,13
3385,2,1,-9.69535,0.32,8,0.32,0,13
3386,0,-1,-21.593521,0.28,7,0.28,0,13
3387,1,0,0.0,0.28,7,0.28,0,13
3388,2,1,21.593521,0.32,8,0.32,0,13
3389,0,-1,-0.0,0.32,8,0.32,0,13
3390,1,0,0.0,0.32,8,0.32,0,13
3391,2,1,20.723211,0.36,9,0.36,0,13
3392,2,1,16.597834,0.4,10,0.4,0,13
3393,1,0,0.0,0.4,10,0.4,0,13
3394,1,0,0.0,0.4,10,0.4,0,13
3395,2,1,15.455728,0.44,11,0.44,0,13
3396,1,0,0.0,0.44,11,0.44,0,13
3397,1,0,0.0,0.44,11,0.44,0,13
3398,2,1,13.259169,0.48,12,0.48,1,13
3399,2,1,8.883326,0.52,13,0.52,0,13
3400,1,0,0.0,0.52,13,0.52,0,13
3401,2,1,9.688196,0.56,14,0.56,0,13
3402,0,-1,-8.166743,0.52,13,0.52,0,13
3403,2,1,7.5403514,0.56,14,0.56,0,13
3404,0,-1,-6.0359187,0.52,13,0.52,0,13
3405,0,-1,-0.0,0.52,13,0.52,0,13
3406,2,1,8.166577,0.56,14,0.56,0,13
3407,1,0,0.0,0.56,14,0.56,0,13
3408,0,-1,-0.0,0.56,14,0.56,0,13
3409,2,1,4.954243,0.6,15,0.6,0,13
3410,0,-1,-0.0,0.6,15,0.6,0,13
3411,2,1,1.0554833,0.64,16,0.64,0,13
3412,0,-1,0.044980023,0.6,15,0.6,0,13
3413,0,-1,-6.0547066,0.56,14,0.56,0,13
3414,1,0,0.0,0.56,14,0.56,0,13
3415,2,1,2.30612,0.6,15,0.6,0,13
3416,1,0,0.0,0.6,15,0.6,0,13
3417,0,-1,-0.0,0.6,15,0.6,0,13
3418,0,-1,-4.436778,0.56,14,0.56,0,13
3419,0,-1,-0.0,0.56,14,0.56,0,13
3420,0,-1,-6.0359187,0.52,13,0.52,0,13
3421,0,-1,-11.325094,0.48,12,0.48,0,13
3422,0,-1,-0.0,0.48,12,0.48,0,13
3423,0,-1,-0.0,0.48,12,0.48,1,13
3424,0,-1,-6.454946,0.44,11,0.44,0,13
3425,1,0,0.0,0.44,11,0.44,0,13
3426,2,1,5.283539,0.48,12,0.48,0,13
3427,0,-1,-0.0,0.48,12,0.48,0,13
3428,2,1,12.62093,0.52,13,0.52,0,13
3429,1,0,0.0,0.52,13,0.52,0,13
3430,0,-1,-11.979069,0.48,12,0.48,0,13
3431,1,0,0.0,0.48,12,0.48,0,13
3432,2,1,0.9820826,0.52,13,0.52,0,13
3433,2,1,7.897151,0.56,14,0.56,0,13
3434,1,0,0.0,0.56,14,0.56,0,13
3435,2,1,4.9624033,0.6,15,0.6,0,13
3436,2,1,-13.199235,0.64,16,0.64,0,13
3437,1,0,0.0,0.64,16,0.64,0,13
3438,2,1,-7.4792204,0.68,17,0.68,0,13
3439,1,0,0.0,0.68,17,0.68,0,13
3440,0,-1,7.730696,0.64,16,0.64,0,13
3441,1,0,0.0,0.64,16,0.64,0,13
3442,0,-1,-0.0,0.64,16,0.64,0,13
3443,0,-1,0.03682029,0.6,15,0.6,0,13
3444,0,-1,-4.4188275,0.56,14,0.56,0,13
3445,0,-1,-0.0,0.56,14,0.56,0,13
3446,0,-1,-0.0,0.56,14,0.56,0,13
3447,0,-1,4.4702125,0.52,13,0.52,0,13
3448,0,-1,-12.62093,0.48,12,0.48,0,13
3449,0,-1,-0.0,0.48,12,0.48,0,13
3450,2,1,11.141638,0.52,13,0.52,0,13
3451,0,-1,-0.9820826,0.48,12,0.48,0,13
3452,1,0,0.0,0.48,12,0.48,1,13
3453,2,1,0.89925736,0.52,13,0.52,0,13
3454,1,0,0.0,0.52,13,0.52,0,13
3455,0,-1,-0.0,0.52,13,0.52,0,13
3456,0,-1,-0.89925736,0.48,12,0.48,1,13
3457,1,0,0.0,0.48,12,0.48,0,13
3458,2,1,10.304221,0.52,13,0.52,0,13
3459,1,0,0.0,0.52,13,0.52,0,13
3460,2,1,5.938721,0.56,14,0.56,0,13
3461,2,1,3.103711,0.6,15,0.6,0,13
3462,2,1,-3.8115745,0.64,16,0.64,0,13
3463,2,1,-7.1308813,0.68,17,0.68,0,13
3464,0,-1,9.689126,0.64,16,0.64,0,13
3465,2,1,-8.779536,0.68,17,0.68,0,13
3466,2,1,-19.965363,0.72,18,0.72,0,13
3467,0,-1,-0.0,0.72,18,0.72,0,13
3468,1,0,0.0,0.72,18,0.72,1,13
3469,1,0,0.0,0.72,18,0.72,0,13
3470,1,0,0.0,0.72,18,0.72,0,13
3471,1,0,0.0,0.72,18,0.72,0,13
3472,1,0,0.0,0.72,18,0.72,0,13
3473,2,1,-36.81935,0.76,19,0.76,0,13
3474,1,0,0.0,0.76,19,0.76,0,13
3475,1,0,0.0,0.76,19,0.76,0,13
3476,1,0,0.0,0.76,19,0.76,1,13
3477,1,0,0.0,0.76,19,0.76,0,13
3478,0,-1,36.821774,0.72,18,0.72,0,13
3479,0,-1,20.606133,0.68,17,0.68,0,13
3480,0,-1,-0.0,0.68,17,0.68,0,13
3481,1,0,0.0,0.68,17,0.68,0,13
3482,0,-1,-0.0,0.68,17,0.68,0,13
3483,2,1,-21.953182,0.72,18,0.72,0,13
3484,1,0,0.0,0.72,18,0.72,0,13
3485,0,-1,-0.0,0.72,18,0.72,0,13
3486,2,1,-36.886066,0.76,19,0.76,0,13
3487,2,1,-59.073654,0.8,20,0.8,0,13
3488,2,1,-103.46098,0.84,21,0.84,0,13
3489,0,-1,-0.0,0.84,21,0.84,0,13
3490,1,0,0.0,0.84,21,0.84,0,13
3491,0,-1,102.298615,0.8,20,0.8,0,13
3492,1,0,0.0,0.8,20,0.8,0,13
3493,2,1,-104.35261,0.84,21,0.84,0,13
3494,2,1,-185.73444,0.88,22,0.88,0,13
3495,0,-1,185.9259,0.84,21,0.84,0,13
3496,2,1,-189.78922,0.88,22,0.88,1,13
3497,1,0,0.0,0.88,22,0.88,0,13
3498,0,-1,185.72966,0.84,21,0.84,0,13
3499,1,0,0.0,0.84,21,0.84,0,13
3500,0,-1,104.35181,0.8,20,0.8,0,13
3501,0,-1,-0.0,0.8,20,0.8,0,13
3502,0,-1,-0.0,0.8,20,0.8,1,13
3503,0,-1,-0.0,0.8,20,0.8,0,13
3504,1,0,0.0,0.8,20,0.8,0,13
3505,1,0,0.0,0.8,20,0.8,0,13
3506,0,-1,-0.0,0.8,20,0.8,0,13
3507,0,-1,57.216503,0.76,19,0.76,0,13
3508,0,-1,-0.0,0.76,19,0.76,0,13
3509,0,-1,-0.0,0.76,19,0.76,0,13
3510,0,-1,-0.0,0.76,19,0.76,0,13
3511,1,0,0.0,0.76,19,0.76,0,13
3512,0,-1,-0.0,0.76,19,0.76,0,13
3513,0,-1,36.80295,0.72,18,0.72,0,13
3514,2,1,-35.454338,0.76,19,0.76,0,13
3515,1,0,0.0,0.76,19,0.76,0,13
3516,0,-1,-0.0,0.76,19,0.76,0,13
3517,0,-1,-0.0,0.76,19,0.76,0,13
3518,0,-1,-0.0,0.76,19,0.76,0,13
3519,0,-1,-0.0,0.76,19,0.76,0,13
3520,0,-1,-0.0,0.76,19,0.76,0,13
3521,0,-1,31.808186,0.72,18,0.72,1,13
3522,0,-1,19.263706,0.68,17,0.68,0,13
3523,0,-1,-0.0,0.68,17,0.68,0,13
3524,0,-1,-0.0,0.68,17,0.68,0,13
3525,0,-1,-0.0,0.68,17,0.68,0,13
3526,2,1,-17.140535,0.72,18,0.72,0,13
3527,1,0,0.0,0.72,18,0.72,0,13
3528,1,0,0.0,0.72,18,0.72,0,13
3529,1,0,0.0,0.72,18,0.72,0,13
3530,0,-1,-0.0,0.72,18,0.72,0,13
3531,1,0,0.0,0.72,18,0.72,0,13
3532,1,0,0.0,0.72,18,0.72,0,13
3533,1,0,0.0,0.72,18,0.72,0,13
3534,0,-1,-0.0,0.72,18,0.72,0,13
3535,0,-1,-0.0,0.72,18,0.72,0,13
3536,1,0,0.0,0.72,18,0.72,0,13
3537,0,-1,-0.0,0.72,18,0.72,1,13
3538,0,-1,-0.0,0.72,18,0.72,0,13
3539,2,1,-33.2989,0.76,19,0.76,0,13
3540,2,1,-59.250046,0.8,20,0.8,0,13
3541,2,1,-99.874916,0.84,21,0.84,0,13
3542,0,-1,-0.0,0.84,21,0.84,0,13
3543,0,-1,-0.0,0.84,21,0.84,0,13
3544,0,-1,-0.0,0.84,21,0.84,0,13
3545,0,-1,-0.0,0.84,21,0.84,0,13
3546,0,-1,-0.0,0.84,21,0.84,0,13
3547,0,-1,-0.0,0.84,21,0.84,0,13
3548,0,-1,-0.0,0.84,21,0.84,0,13
3549,1,0,0.0,0.84,21,0.84,0,13
3550,1,0,0.0,0.84,21,0.84,0,13
3551,0,-1,98.71145,0.8,20,0.8,0,13
3552,0,-1,-0.0,0.8,20,0.8,0,13
3553,2,1,-103.403275,0.84,21,0.84,0,13
3554,1,0,0.0,0.84,21,0.84,0,13
3555,0,-1,103.403275,0.8,20,0.8,0,13
3556,1,0,0.0,0.8,20,0.8,0,13
3557,1,0,0.0,0.8,20,0.8,0,13
3558,0,-1,-0.0,0.8,20,0.8,0,13
3559,1,0,0.0,0.8,20,0.8,0,13
3560,1,0,0.0,0.8,20,0.8,0,13
3561,2,1,-98.71145,0.84,21,0.84,0,13
3562,0,-1,-0.0,0.84,21,0.84,0,13
3563,2,1,-184.64104,0.88,22,0.88,0,13
3564,1,0,0.0,0.88,22,0.88,0,13
3565,2,1,-396.60556,0.92,23,0.92,0,13
3566,1,0,0.0,0.92,23,0.92,1,13
3567,0,-1,-0.0,0.92,23,0.92,0,13
3568,0,-1,392.903,0.88,22,0.88,0,13
3569,1,0,0.0,0.88,22,0.88,0,13
3570,1,0,0.0,0.88,22,0.88,0,13
3571,0,-1,-0.0,0.88,22,0.88,0,13
3572,0,-1,-0.0,0.88,22,0.88,0,13
3573,1,0,0.0,0.88,22,0.88,0,13
3574,1,0,0.0,0.88,22,0.88,0,13
3575,0,-1,184.17853,0.84,21,0.84,0,13
3576,1,0,0.0,0.84,21,0.84,0,13
3577,1,0,0.0,0.84,21,0.84,0,13
3578,0,-1,99.87909,0.8,20,0.8,0,13
3579,1,0,0.0,0.8,20,0.8,0,13
3580,1,0,0.0,0.8,20,0.8,0,13
3581,0,-1,59.252064,0.76,19,0.76,0,13
3582,2,1,-58.888874,0.8,20,0.8,0,13
3583,0,-1,-0.0,0.8,20,0.8,0,13
3584,1,0,0.0,0.8,20,0.8,0,13
3585,2,1,-99.7746,0.84,21,0.84,0,13
3586,1,0,0.0,0.84,21,0.84,0,13
3587,0,-1,104.86391,0.8,20,0.8,0,13
3588,0,-1,-0.0,0.8,20,0.8,0,13
3589,1,0,0.0,0.8,20,0.8,0,13
3590,2,1,-101.310844,0.84,21,0.84,0,13
3591,1,0,0.0,0.84,21,0.84,0,13
3592,0,-1,106.14127,0.8,20,0.8,0,13
3593,0,-1,-0.0,0.8,20,0.8,0,13
3594,1,0,0.0,0.8,20,0.8,1,13
3595,1,0,0.0,0.8,20,0.8,0,13
3596,1,0,0.0,0.8,20,0.8,0,13
3597,0,-1,57.32463,0.76,19,0.76,0,13
3598,0,-1,-0.0,0.76,19,0.76,0,13
3599,1,0,0.0,0.76,19,0.76,0,13
3600,1,0,0.0,0.76,19,0.76,0,13
3601,0,-1,-0.0,0.76,19,0.76,0,13
3602,1,0,0.0,0.76,19,0.76,0,13
3603,1,0,0.0,0.76,19,0.76,0,13
3604,0,-1,-0.0,0.76,19,0.76,0,13
3605,0,-1,35.861446,0.72,18,0.72,0,13
3606,0,-1,-0.0,0.72,18,0.72,0,13
3607,0,-1,-0.0,0.72,18,0.72,0,13
3608,0,-1,-0.0,0.72,18,0.72,0,13
3609,1,0,0.0,0.72,18,0.72,0,13
3610,0,-1,-0.0,0.72,18,0.72,0,13
3611,0,-1,-0.0,0.72,18,0.72,0,13
3612,0,-1,-0.0,0.72,18,0.72,0,13
3613,2,1,-34.06938,0.76,19,0.76,0,13
3614,1,0,0.0,0.76,19,0.76,0,13
3615,1,0,0.0,0.76,19,0.76,0,13
3616,2,1,-57.325054,0.8,20,0.8,1,13
3617,2,1,-99.88938,0.84,21,0.84,0,13
3618,1,0,0.0,0.84,21,0.84,0,13
3619,1,0,0.0,0.84,21,0.84,0,13
3620,0,-1,-0.0,0.84,21,0.84,0,13
3621,0,-1,99.88938,0.8,20,0.8,0,13
3622,0,-1,-0.0,0.8,20,0.8,0,13
3623,0,-1,57.32722,0.76,19,0.76,0,13
3624,0,-1,34.598866,0.72,18,0.72,1,13
3625,2,1,-34.64571,0.76,19,0.76,0,13
3626,0,-1,-0.0,0.76,19,0.76,0,13
3627,1,0,0.0,0.76,19,0.76,0,13
3628,0,-1,31.847322,0.72,18,0.72,0,13
3629,1,0,0.0,0.72,18,0.72,0,13
3630,1,0,0.0,0.72,18,0.72,0,13
3631,2,1,-35.886635,0.76,19,0.76,0,13
3632,2,1,-54.400433,0.8,20,0.8,0,13
3633,0,-1,-0.0,0.8,20,0.8,0,13
3634,0,-1,-0.0,0.8,20,0.8,0,13
3635,0,-1,-0.0,0.8,20,0.8,0,13
3636,0,-1,59.662834,0.76,19,0.76,0,13
3637,0,-1,-0.0,0.76,19,0.76,0,13
3638,0,-1,-0.0,0.76,19,0.76,0,13
3639,0,-1,37.796722,0.72,18,0.72,0,13
3640,2,1,-31.849009,0.76,19,0.76,0,13
3641,0,-1,-0.0,0.76,19,0.76,0,13
3642,0,-1,-0.0,0.76,19,0.76,0,13
3643,0,-1,30.624231,0.72,18,0.72,0,13
3644,2,1,-32.17464,0.76,19,0.76,1,13
3645,0,-1,34.539654,0.72,18,0.72,0,13
3646,0,-1,18.098783,0.68,17,0.68,0,13
3647,2,1,-22.859747,0.72,18,0.72,0,13
3648,2,1,-33.558876,0.76,19,0.76,0,13
3649,1,0,0.0,0.76,19,0.76,0,13
3650,2,1,-57.666393,0.8,20,0.8,0,13
3651,2,1,-100.930374,0.84,21,0.84,0,13
3652,1,0,0.0,0.84,21,0.84,0,13
3653,0,-1,-0.0,0.84,21,0.84,0,13
3654,1,0,0.0,0.84,21,0.84,0,13
3655,0,-1,103.116455,0.8,20,0.8,0,13
3656,0,-1,57.666393,0.76,19,0.76,0,13
3657,1,0,0.0,0.76,19,0.76,0,13
3658,0,-1,35.517822,0.72,18,0.72,0,13
3659,0,-1,20.275106,0.68,17,0.68,0,13
3660,2,1,-21.052057,0.72,18,0.72,0,13
3661,0,-1,18.71472,0.68,17,0.68,0,13
3662,0,-1,7.447476,0.64,16,0.64,0,13
3663,0,-1,-0.0,0.64,16,0.64,0,13
3664,2,1,-10.793885,0.68,17,0.68,0,13
3665,1,0,0.0,0.68,17,0.68,0,13
3666,0,-1,7.1309786,0.64,16,0.64,0,13
3667,2,1,-7.44841,0.68,17,0.68,0,13
3668,1,0,0.0,0.68,17,0.68,1,13
3669,0,-1,7.133297,0.64,16,0.64,0,13
3670,1,0,0.0,0.64,16,0.64,0,13
3671,1,0,0.0,0.0,0,0.0,0,13
3672,0,-1,-0.0,0.16,4,0.16,0,14
3673,1,0,0.0,0.16,4,0.16,0,14
3674,0,-1,-0.0,0.16,4,0.16,0,14
3675,1,0,0.0,0.16,4,0.16,0,14
3676,0,-1,-0.0,0.16,4,0.16,0,14
3677,1,0,0.0,0.16,4,0.16,0,14
3678,2,1,24.223005,0.2,5,0.2,0,14
3679,1,0,0.0,0.2,5,0.2,0,14
3680,1,0,0.0,0.2,5,0.2,0,14
3681,1,0,0.0,0.2,5,0.2,0,14
3682,2,1,22.730906,0.24,6,0.24,0,14
3683,2,1,23.455095,0.28,7,0.28,0,14
3684,0,-1,-22.256626,0.24,6,0.24,0,14
3685,1,0,0.0,0.24,6,0.24,0,14
3686,1,0,0.0,0.24,6,0.24,0,14
3687,0,-1,-23.929375,0.2,5,0.2,0,14
3688,2,1,19.484404,0.24,6,0.24,0,14
3689,2,1,17.107506,0.28,7,0.28,0,14
3690,1,0,0.0,0.28,7,0.28,0,14
3691,2,1,21.593521,0.32,8,0.32,0,14
3692,2,1,-10.560375,0.36,9,0.36,0,14
3693,0,-1,10.560375,0.32,8,0.32,0,14
3694,0,-1,-0.0,0.32,8,0.32,0,14
3695,0,-1,-16.4444,0.28,7,0.28,0,14
3696,2,1,19.956524,0.32,8,0.32,0,14
3697,1,0,0.0,0.32,8,0.32,0,14
3698,0,-1,-19.956524,0.28,7,0.28,1,14
3699,0,-1,-0.0,0.28,7,0.28,0,14
3700,0,-1,-0.0,0.28,7,0.28,0,14
3701,1,0,0.0,0.28,7,0.28,0,14
3702,0,-1,-18.941776,0.24,6,0.24,0,14
3703,0,-1,-0.0,0.24,6,0.24,0,14
3704,2,1,16.193245,0.28,7,0.28,0,14
3705,0,-1,-22.283417,0.24,6,0.24,0,14
3706,1,0,0.0,0.24,6,0.24,0,14
3707,0,-1,-0.0,0.24,6,0.24,0,14
3708,1,0,0.0,0.24,6,0.24,0,14
3709,0,-1,-0.0,0.24,6,0.24,0,14
3710,2,1,22.211496,0.28,7,0.28,0,14
3711,1,0,0.0,0.28,7,0.28,0,14
3712,0,-1,-16.193245,0.24,6,0.24,0,14
3713,0,-1,-22.685776,0.2,5,0.2,0,14
3714,2,1,12.312373,0.24,6,0.24,0,14
3715,1,0,0.0,0.24,6,0.24,0,14
3716,1,0,0.0,0.24,6,0.24,0,14
3717,0,-1,-12.312373,0.2,5,0.2,0,14
3718,0,-1,-0.0,0.2,5,0.2,0,14
3719,2,1,23.878283,0.24,6,0.24,0,14
3720,0,-1,-23.878283,0.2,5,0.2,0,14
3721,2,1,12.312373,0.24,6,0.24,0,14
3722,2,1,23.404005,0.28,7,0.28,1,14
3723,0,-1,-23.29407,0.24,6,0.24,0,14
3724,2,1,14.694449,0.28,7,0.28,0,14
3725,1,0,0.0,0.28,7,0.28,0,14
3726,2,1,21.707813,0.32,8,0.32,0,14
3727,1,0,0.0,0.32,8,0.32,0,14
3728,2,1,21.767714,0.36,9,0.36,0,14
3729,1,0,0.0,0.36,9,0.36,0,14
3730,1,0,0.0,0.36,9,0.36,0,14
3731,1,0,0.0,0.36,9,0.36,0,14
3732,1,0,0.0,0.36,9,0.36,0,14
3733,1,0,0.0,0.36,9,0.36,0,14
3734,1,0,0.0,0.36,9,0.36,1,14
3735,0,-1,-21.367516,0.32,8,0.32,0,14
3736,0,-1,-22.574043,0.28,7,0.28,0,14
3737,2,1,21.914408,0.32,8,0.32,0,14
3738,1,0,0.0,0.32,8,0.32,0,14
3739,2,1,21.710737,0.36,9,0.36,0,14
3740,2,1,17.030378,0.4,10,0.4,1,14
3741,1,0,0.0,0.4,10,0.4,0,14
3742,1,0,0.0,0.4,10,0.4,0,14
3743,0,-1,-20.31482,0.36,9,0.36,0,14
3744,1,0,0.0,0.36,9,0.36,0,14
3745,0,-1,-0.0,0.36,9,0.36,0,14
3746,1,0,0.0,0.36,9,0.36,0,14
3747,1,0,0.0,0.36,9,0.36,0,14
3748,1,0,0.0,0.36,9,0.36,0,14
3749,0,-1,-14.382436,0.32,8,0.32,0,14
3750,2,1,21.304855,0.36,9,0.36,0,14
3751,0,-1,-18.212013,0.32,8,0.32,0,14
3752,2,1,18.043715,0.36,9,0.36,0,14
3753,0,-1,-21.304855,0.32,8,0.32,0,14
3754,1,0,0.0,0.32,8,0.32,0,14
3755,1,0,0.0,0.32,8,0.32,0,14
3756,2,1,20.434628,0.36,9,0.36,0,14
3757,0,-1,-0.0,0.36,9,0.36,0,14
3758,1,0,0.0,0.36,9,0.36,0,14
3759,1,0,0.0,0.36,9,0.36,0,14
3760,1,0,0.0,0.36,9,0.36,0,14
3761,0,-1,-18.043715,0.32,8,0.32,0,14
3762,2,1,21.304855,0.36,9,0.36,0,14
3763,2,1,16.410349,0.4,10,0.4,0,14
3764,2,1,14.855052,0.44,11,0.44,0,14
3765,0,-1,-12.701309,0.4,10,0.4,0,14
3766,0,-1,-19.33634,0.36,9,0.36,0,14
3767,0,-1,-21.650087,0.32,8,0.32,0,14
3768,2,1,19.618042,0.36,9,0.36,0,14
3769,2,1,17.22494,0.4,10,0.4,0,14
3770,2,1,11.848141,0.44,11,0.44,1,14
3771,0,-1,-0.0,0.44,11,0.44,0,14
3772,2,1,17.413885,0.48,12,0.48,0,14
3773,0,-1,-13.164533,0.44,11,0.44,0,14
3774,2,1,11.747382,0.48,12,0.48,0,14
3775,2,1,8.994158,0.52,13,0.52,0,14
3776,0,-1,-8.994158,0.48,12,0.48,0,14
3777,1,0,0.0,0.48,12,0.48,0,14
3778,0,-1,-13.511455,0.44,11,0.44,0,14
3779,2,1,7.9085855,0.48,12,0.48,0,14
3780,0,-1,-7.9085855,0.44,11,0.44,0,14
3781,2,1,9.353797,0.48,12,0.48,0,14
3782,1,0,0.0,0.48,12,0.48,0,14
3783,0,-1,-10.222694,0.44,11,0.44,0,14
3784,2,1,13.340347,0.48,12,0.48,0,14
3785,2,1,5.196906,0.52,13,0.52,0,14
3786,2,1,0.14188889,0.56,14,0.56,0,14
3787,0,-1,-12.353644,0.52,13,0.52,0,14
3788,2,1,8.023447,0.56,14,0.56,0,14
3789,1,0,0.0,0.56,14,0.56,0,14
3790,0,-1,-0.0,0.56,14,0.56,0,14
3791,2,1,-1.5977496,0.6,15,0.6,1,14
3792,1,0,0.0,0.6,15,0.6,0,14
3793,2,1,0.7642074,0.64,16,0.64,0,14
3794,2,1,-9.384183,0.68,17,0.68,0,14
3795,0,-1,9.384183,0.64,16,0.64,0,14
3796,1,0,0.0,0.64,16,0.64,0,14
3797,0,-1,6.595407,0.6,15,0.6,0,14
3798,0,-1,-4.3166633,0.56,14,0.56,0,14
3799,2,1,-3.340228,0.6,15,0.6,0,14
3800,0,-1,3.340228,0.56,14,0.56,0,14
3801,1,0,0.0,0.56,14,0.56,0,14
3802,1,0,0.0,0.56,14,0.56,0,14
3803,2,1,2.5961912,0.6,15,0.6,1,14
3804,0,-1,-5.7635217,0.56,14,0.56,0,14
3805,0,-1,-0.0,0.56,14,0.56,0,14
3806,0,-1,-0.0,0.56,14,0.56,0,14
3807,1,0,0.0,0.56,14,0.56,0,14
3808,0,-1,-0.0,0.56,14,0.56,0,14
3809,1,0,0.0,0.56,14,0.56,0,14
3810,2,1,1.2435822,0.6,15,0.6,1,14
3811,1,0,0.0,0.6,15,0.6,0,14
3812,0,-1,-0.0,0.6,15,0.6,0,14
3813,0,-1,3.6048164,0.56,14,0.56,0,14
3814,1,0,0.0,0.56,14,0.56,0,14
3815,2,1,0.51364756,0.6,15,0.6,0,14
3816,2,1,-5.7277117,0.64,16,0.64,0,14
3817,2,1,-8.501655,0.68,17,0.68,0,14
3818,1,0,0.0,0.68,17,0.68,0,14
3819,1,0,0.0,0.68,17,0.68,0,14
3820,2,1,-25.132652,0.72,18,0.72,0,14
3821,1,0,0.0,0.72,18,0.72,0,14
3822,0,-1,-0.0,0.72,18,0.72,0,14
3823,2,1,-35.376514,0.76,19,0.76,0,14
3824,0,-1,35.376514,0.72,18,0.72,0,14
3825,0,-1,-0.0,0.72,18,0.72,0,14
3826,1,0,0.0,0.72,18,0.72,0,14
3827,1,0,0.0,0.72,18,0.72,0,14
3828,0,-1,-0.0,0.72,18,0.72,0,14
3829,1,0,0.0,0.72,18,0.72,0,14
3830,0,-1,-0.0,0.72,18,0.72,0,14
3831,1,0,0.0,0.72,18,0.72,0,14
3832,0,-1,21.264183,0.68,17,0.68,0,14
3833,1,0,0.0,0.68,17,0.68,0,14
3834,2,1,-24.804958,0.72,18,0.72,0,14
3835,0,-1,18.948048,0.68,17,0.68,0,14
3836,2,1,-24.64755,0.72,18,0.72,0,14
3837,2,1,-32.291073,0.76,19,0.76,0,14
3838,1,0,0.0,0.76,19,0.76,1,14
3839,0,-1,32.28004,0.72,18,0.72,0,14
3840,0,-1,-0.0,0.72,18,0.72,0,14
3841,1,0,0.0,0.72,18,0.72,0,14
3842,2,1,0.0,0.72,18,0.72,0,14
3843,0,-1,17.137573,0.68,17,0.68,0,14
3844,1,0,0.0,0.68,17,0.68,0,14
3845,0,-1,-0.0,0.68,17,0.68,0,14
3846,2,1,-25.39192,0.72,18,0.72,0,14
3847,1,0,0.0,0.72,18,0.72,0,14
3848,1,0,0.0,0.72,18,0.72,0,14
3849,2,1,-28.001911,0.76,19,0.76,0,14
3850,1,0,0.0,0.76,19,0.76,0,14
3851,1,0,0.0,0.76,19,0.76,0,14
3852,1,0,0.0,0.76,19,0.76,0,14
3853,1,0,0.0,0.76,19,0.76,0,14
3854,0,-1,-0.0,0.76,19,0.76,1,14
3855,1,0,0.0,0.76,19,0.76,0,14
3856,0,-1,-0.0,0.76,19,0.76,0,14
3857,2,1,-56.037926,0.8,20,0.8,0,14
3858,0,-1,63.20214,0.76,19,0.76,0,14
3859,0,-1,33.221172,0.72,18,0.72,0,14
3860,1,0,0.0,0.72,18,0.72,0,14
3861,2,1,0.0,0.72,18,0.72,0,14
3862,2,1,0.0,0.72,18,0.72,0,14
3863,0,-1,-0.0,0.72,18,0.72,0,14
3864,0,-1,13.158733,0.68,17,0.68,0,14
3865,0,-1,7.5377884,0.64,16,0.64,0,14
3866,2,1,-13.509508,0.68,17,0.68,0,14
3867,0,-1,-0.0,0.68,17,0.68,0,14
3868,2,1,-18.378298,0.72,18,0.72,1,14
3869,2,1,0.0,0.72,18,0.72,0,14
3870,1,0,0.0,0.72,18,0.72,0,14
3871,0,-1,25.15394,0.68,17,0.68,0,14
3872,0,-1,-0.0,0.68,17,0.68,0,14
3873,2,1,-17.199137,0.72,18,0.72,0,14
3874,2,1,0.0,0.72,18,0.72,0,14
3875,1,0,0.0,0.72,18,0.72,0,14
3876,0,-1,17.199137,0.68,17,0.68,1,14
3877,0,-1,15.506795,0.64,16,0.64,0,14
3878,0,-1,-0.0,0.64,16,0.64,0,14
3879,0,-1,5.8523245,0.6,15,0.6,1,14
3880,2,1,-0.40515515,0.64,16,0.64,0,14
3881,2,1,-10.233642,0.68,17,0.68,0,14
3882,1,0,0.0,0.68,17,0.68,0,14
3883,0,-1,-0.0,0.68,17,0.68,0,14
3884,1,0,0.0,0.68,17,0.68,0,14
3885,2,1,-25.475348,0.72,18,0.72,0,14
3886,0,-1,23.210556,0.68,17,0.68,0,14
3887,0,-1,-0.0,0.68,17,0.68,0,14
3888,2,1,-22.555603,0.72,18,0.72,0,14
3889,0,-1,25.475348,0.68,17,0.68,0,14
3890,0,-1,7.3039794,0.64,16,0.64,0,14
3891,0,-1,-0.0,0.64,16,0.64,0,14
3892,0,-1,4.6709776,0.6,15,0.6,0,14
3893,0,-1,-0.0,0.6,15,0.6,0,14
3894,0,-1,0.77777255,0.56,14,0.56,0,14
3895,1,0,0.0,0.56,14,0.56,0,14
3896,0,-1,-0.0,0.56,14,0.56,0,14
3897,2,1,-3.697517,0.6,15,0.6,0,14
3898,1,0,0.0,0.6,15,0.6,0,14
3899,2,1,-6.434606,0.64,16,0.64,0,14
3900,2,1,-7.530118,0.68,17,0.68,1,14
3901,1,0,0.0,0.68,17,0.68,0,14
3902,2,1,0.0,0.68,17,0.68,0,14
3903,2,1,-21.946297,0.72,18,0.72,0,14
3904,1,0,0.0,0.72,18,0.72,0,14
3905,2,1,-35.212128,0.76,19,0.76,0,14
3906,0,-1,-0.0,0.76,19,0.76,0,14
3907,2,1,-64.02885,0.8,20,0.8,0,14
3908,0,-1,64.093155,0.76,19,0.76,0,14
3909,2,1,-51.783787,0.8,20,0.8,0,14
3910,0,-1,61.941906,0.76,19,0.76,0,14
3911,1,0,0.0,0.76,19,0.76,0,14
3912,0,-1,-0.0,0.76,19,0.76,0,14
3913,0,-1,36.79045,0.72,18,0.72,0,14
3914,0,-1,13.163433,0.68,17,0.68,0,14
3915,1,0,0.0,0.68,17,0.68,0,14
3916,0,-1,-0.0,0.68,17,0.68,0,14
3917,2,1,0.0,0.68,17,0.68,0,14
3918,1,0,0.0,0.68,17,0.68,0,14
3919,2,1,-20.49277,0.72,18,0.72,0,14
3920,2,1,-32.022636,0.76,19,0.76,0,14
3921,1,0,0.0,0.76,19,0.76,1,14
3922,1,0,0.0,0.76,19,0.76,0,14
3923,1,0,0.0,0.76,19,0.76,0,14
3924,2,1,-60.3476,0.8,20,0.8,0,14
3925,2,1,-101.86861,0.84,21,0.84,0,14
3926,1,0,0.0,0.84,21,0.84,0,14
3927,0,-1,-0.0,0.84,21,0.84,0,14
3928,1,0,0.0,0.84,21,0.84,0,14
3929,0,-1,105.64108,0.8,20,0.8,0,14
3930,2,1,-98.95483,0.84,21,0.84,0,14
3931,0,-1,-0.0,0.84,21,0.84,0,14
3932,1,0,0.0,0.84,21,0.84,0,14
3933,1,0,0.0,0.84,21,0.84,0,14
3934,0,-1,-0.0,0.84,21,0.84,0,14
3935,1,0,0.0,0.84,21,0.84,0,14
3936,1,0,0.0,0.84,21,0.84,0,14
3937,0,-1,-0.0,0.84,21,0.84,1,14
3938,0,-1,-0.0,0.84,21,0.84,0,14
3939,0,-1,98.93149,0.8,20,0.8,0,14
3940,0,-1,60.39991,0.76,19,0.76,0,14
3941,0,-1,-0.0,0.76,19,0.76,0,14
3942,0,-1,34.972446,0.72,18,0.72,0,14
3943,0,-1,-0.0,0.72,18,0.72,0,14
3944,2,1,-36.62575,0.76,19,0.76,0,14
3945,2,1,-57.56795,0.8,20,0.8,0,14
3946,1,0,0.0,0.8,20,0.8,0,14
3947,2,1,-104.88843,0.84,21,0.84,0,14
3948,0,-1,104.88843,0.8,20,0.8,0,14
3949,0,-1,56.98868,0.76,19,0.76,1,14
3950,0,-1,35.182888,0.72,18,0.72,0,14
3951,0,-1,-0.0,0.72,18,0.72,0,14
3952,2,1,-33.210564,0.76,19,0.76,0,14
3953,0,-1,-0.0,0.76,19,0.76,0,14
3954,0,-1,33.210564,0.72,18,0.72,0,14
3955,0,-1,-0.0,0.72,18,0.72,0,14
3956,0,-1,21.390257,0.68,17,0.68,0,14
3957,0,-1,-0.0,0.68,17,0.68,0,14
3958,0,-1,-0.0,0.68,17,0.68,0,14
3959,0,-1,-0.0,0.68,17,0.68,0,14
3960,2,1,-18.753996,0.72,18,0.72,0,14
3961,2,1,-38.3097,0.76,19,0.76,0,14
3962,0,-1,34.8569,0.72,18,0.72,0,14
3963,1,0,0.0,0.72,18,0.72,0,14
3964,0,-1,-0.0,0.72,18,0.72,0,14
3965,0,-1,-0.0,0.72,18,0.72,0,14
3966,2,1,0.0,0.72,18,0.72,0,14
3967,0,-1,18.704422,0.68,17,0.68,0,14
3968,1,0,0.0,0.68,17,0.68,0,14
3969,1,0,0.0,0.68,17,0.68,0,14
3970,0,-1,-0.0,0.68,17,0.68,0,14
3971,2,1,0.0,0.0,0,0.0,0,14
3972,2,1,24.223005,0.2,5,0.2,0,15
3973,1,0,0.0,0.2,5,0.2,0,15
3974,2,1,22.730906,0.24,6,0.24,0,15
3975,1,0,0.0,0.24,6,0.24,0,15
3976,2,1,19.468458,0.28,7,0.28,0,15
3977,0,-1,-19.468458,0.24,6,0.24,0,15
3978,0,-1,-0.0,0.24,6,0.24,0,15
3979,0,-1,-0.0,0.24,6,0.24,0,15
3980,1,0,0.0,0.24,6,0.24,0,15
3981,2,1,23.455095,0.28,7,0.28,0,15
3982,2,1,18.34702,0.32,8,0.32,0,15
3983,0,-1,-0.0,0.32,8,0.32,0,15
3984,1,0,0.0,0.32,8,0.32,0,15
3985,0,-1,-18.34702,0.28,7,0.28,0,15
3986,0,-1,-22.256626,0.24,6,0.24,0,15
3987,0,-1,-23.947102,0.2,5,0.2,0,15
3988,2,1,23.947102,0.24,6,0.24,0,15
3989,1,0,0.0,0.24,6,0.24,0,15
3990,1,0,0.0,0.24,6,0.24,0,15
3991,2,1,-9.032244,0.28,7,0.28,0,15
3992,2,1,-9.695903,0.32,8,0.32,0,15
3993,0,-1,-22.79199,0.28,7,0.28,1,15
3994,1,0,0.0,0.28,7,0.28,0,15
3995,2,1,9.112219,0.32,8,0.32,0,15
3996,1,0,0.0,0.32,8,0.32,0,15
3997,0,-1,-0.0,0.32,8,0.32,0,15
3998,2,1,21.84962,0.36,9,0.36,0,15
3999,0,-1,-21.986732,0.32,8,0.32,0,15
4000,1,0,0.0,0.32,8,0.32,0,15
4001,0,-1,-0.0,0.32,8,0.32,0,15
4002,1,0,0.0,0.32,8,0.32,0,15
4003,1,0,0.0,0.32,8,0.32,0,15
4004,1,0,0.0,0.32,8,0.32,0,15
4005,0,-1,-0.0,0.32,8,0.32,0,15
4006,0,-1,-0.0,0.32,8,0.32,0,15
4007,1,0,0.0,0.32,8,0.32,0,15
4008,2,1,5.4578347,0.36,9,0.36,1,15
4009,2,1,16.77776,0.4,10,0.4,0,15
4010,1,0,0.0,0.4,10,0.4,0,15
4011,0,-1,-5.1587777,0.36,9,0.36,0,15
4012,0,-1,-10.504773,0.32,8,0.32,1,15
4013,1,0,0.0,0.32,8,0.32,0,15
4014,1,0,0.0,0.32,8,0.32,0,15
4015,1,0,0.0,0.32,8,0.32,1,15
4016,0,-1,-17.00765,0.28,7,0.28,0,15
4017,2,1,9.766682,0.32,8,0.32,0,15
4018,2,1,15.375384,0.36,9,0.36,0,15
4019,0,-1,-18.01991,0.32,8,0.32,0,15
4020,2,1,6.5446267,0.36,9,0.36,0,15
4021,1,0,0.0,0.36,9,0.36,0,15
4022,2,1,12.907694,0.4,10,0.4,0,15
4023,2,1,19.346268,0.44,11,0.44,0,15
4024,0,-1,-11.525319,0.4,10,0.4,0,15
4025,1,0,0.0,0.4,10,0.4,0,15
4026,0,-1,-20.594467,0.36,9,0.36,0,15
4027,1,0,0.0,0.36,9,0.36,0,15
4028,2,1,19.148754,0.4,10,0.4,0,15
4029,2,1,5.036117,0.44,11,0.44,0,15
4030,0,-1,-5.036117,0.4,10,0.4,0,15
4031,2,1,2.584379,0.44,11,0.44,0,15
4032,1,0,0.0,0.44,11,0.44,0,15
4033,0,-1,-12.894721,0.4,10,0.4,0,15
4034,1,0,0.0,0.4,10,0.4,0,15
4035,0,-1,-0.0,0.4,10,0.4,0,15
4036,0,-1,-0.0,0.4,10,0.4,0,15
4037,1,0,0.0,0.4,10,0.4,0,15
4038,0,-1,-0.0,0.4,10,0.4,0,15
4039,1,0,0.0,0.4,10,0.4,0,15
4040,1,0,0.0,0.4,10,0.4,0,15
4041,1,0,0.0,0.4,10,0.4,0,15
4042,2,1,5.036117,0.44,11,0.44,0,15
4043,1,0,0.0,0.44,11,0.44,0,15
4044,0,-1,-5.036117,0.4,10,0.4,0,15
4045,0,-1,-0.0,0.4,10,0.4,1,15
4046,1,0,0.0,0.4,10,0.4,0,15
4047,0,-1,-4.6916904,0.36,9,0.36,0,15
4048,0,-1,-0.0,0.36,9,0.36,0,15
4049,1,0,0.0,0.36,9,0.36,0,15
4050,1,0,0.0,0.36,9,0.36,0,15
4051,2,1,4.227576,0.4,10,0.4,0,15
4052,1,0,0.0,0.4,10,0.4,0,15
4053,1,0,0.0,0.4,10,0.4,0,15
4054,1,0,0.0,0.4,10,0.4,0,15
4055,0,-1,-4.227576,0.36,9,0.36,0,15
4056,1,0,0.0,0.36,9,0.36,0,15
4057,1,0,0.0,0.36,9,0.36,0,15
4058,2,1,4.227576,0.4,10,0.4,1,15
4059,1,0,0.0,0.4,10,0.4,0,15
4060,1,0,0.0,0.4,10,0.4,0,15
4061,0,-1,-0.0,0.4,10,0.4,0,15
4062,0,-1,-20.166805,0.36,9,0.36,0,15
4063,1,0,0.0,0.36,9,0.36,0,15
4064,1,0,0.0,0.36,9,0.36,0,15
4065,0,-1,-22.048368,0.32,8,0.32,0,15
4066,0,-1,-7.4269085,0.28,7,0.28,0,15
4067,2,1,22.631521,0.32,8,0.32,0,15
4068,0,-1,-10.944496,0.28,7,0.28,0,15
4069,1,0,0.0,0.28,7,0.28,0,15
4070,1,0,0.0,0.28,7,0.28,0,15
4071,1,0,0.0,0.28,7,0.28,0,15
4072,2,1,13.128742,0.32,8,0.32,0,15
4073,0,-1,-13.128742,0.28,7,0.28,0,15
4074,0,-1,-0.0,0.28,7,0.28,1,15
4075,1,0,0.0,0.28,7,0.28,0,15
4076,0,-1,-15.22605,0.24,6,0.24,0,15
4077,2,1,14.673012,0.28,7,0.28,0,15
4078,0,-1,-0.0,0.28,7,0.28,0,15
4079,0,-1,-0.0,0.28,7,0.28,0,15
4080,1,0,0.0,0.28,7,0.28,0,15
4081,1,0,0.0,0.28,7,0.28,0,15
4082,1,0,0.0,0.28,7,0.28,0,15
4083,1,0,0.0,0.28,7,0.28,0,15
4084,1,0,0.0,0.28,7,0.28,0,15
4085,1,0,0.0,0.28,7,0.28,0,15
4086,2,1,16.98573,0.32,8,0.32,1,15
4087,0,-1,-17.070244,0.28,7,0.28,0,15
4088,0,-1,-0.0,0.28,7,0.28,0,15
4089,1,0,0.0,0.28,7,0.28,0,15
4090,1,0,0.0,0.28,7,0.28,0,15
4091,1,0,0.0,0.28,7,0.28,0,15
4092,0,-1,-0.0,0.28,7,0.28,0,15
4093,2,1,11.710737,0.32,8,0.32,0,15
4094,1,0,0.0,0.32,8,0.32,0,15
4095,0,-1,-0.0,0.32,8,0.32,0,15
4096,1,0,0.0,0.32,8,0.32,0,15
4097,1,0,0.0,0.32,8,0.32,0,15
4098,1,0,0.0,0.32,8,0.32,0,15
4099,2,1,15.950402,0.36,9,0.36,0,15
4100,0,-1,-22.712082,0.32,8,0.32,0,15
4101,0,-1,-0.0,0.32,8,0.32,0,15
4102,0,-1,-0.0,0.32,8,0.32,0,15
4103,1,0,0.0,0.32,8,0.32,0,15
4104,0,-1,-11.710737,0.28,7,0.28,0,15
4105,2,1,22.944122,0.32,8,0.32,0,15
4106,0,-1,-16.815428,0.28,7,0.28,0,15
4107,1,0,0.0,0.28,7,0.28,0,15
4108,2,1,20.15753,0.32,8,0.32,0,15
4109,2,1,20.266401,0.36,9,0.36,0,15
4110,0,-1,-0.0,0.36,9,0.36,0,15
4111,1,0,0.0,0.36,9,0.36,0,15
4112,1,0,0.0,0.36,9,0.36,0,15
4113,0,-1,-0.0,0.36,9,0.36,1,15
4114,0,-1,-0.0,0.36,9,0.36,0,15
4115,1,0,0.0,0.36,9,0.36,0,15
4116,0,-1,-21.19195,0.32,8,0.32,0,15
4117,1,0,0.0,0.32,8,0.32,0,15
4118,1,0,0.0,0.32,8,0.32,0,15
4119,0,-1,-20.564653,0.28,7,0.28,0,15
4120,1,0,0.0,0.28,7,0.28,0,15
4121,2,1,14.035019,0.32,8,0.32,0,15
4122,1,0,0.0,0.32,8,0.32,0,15
4123,2,1,15.574633,0.36,9,0.36,0,15
4124,2,1,19.004475,0.4,10,0.4,0,15
4125,2,1,10.482233,0.44,11,0.44,0,15
4126,2,1,17.172802,0.48,12,0.48,0,15
4127,0,-1,-0.0,0.48,12,0.48,0,15
4128,2,1,14.394287,0.52,13,0.52,1,15
4129,2,1,1.7079821,0.56,14,0.56,0,15
4130,1,0,0.0,0.56,14,0.56,0,15
4131,1,0,0.0,0.56,14,0.56,0,15
4132,2,1,-0.87928486,0.6,15,0.6,0,15
4133,2,1,-3.7327793,0.64,16,0.64,0,15
4134,0,-1,-3.1983068,0.6,15,0.6,0,15
4135,0,-1,-0.10178966,0.56,14,0.56,0,15
4136,0,-1,-0.0,0.56,14,0.56,0,15
4137,1,0,0.0,0.56,14,0.56,0,15
4138,0,-1,-1.7079821,0.52,13,0.52,0,15
4139,2,1,1.6130474,0.56,14,0.56,0,15
4140,1,0,0.0,0.56,14,0.56,0,15
4141,0,-1,-1.6130474,0.52,13,0.52,0,15
4142,2,1,1.3799014,0.56,14,0.56,0,15
4143,0,-1,-1.3799014,0.52,13,0.52,0,15
4144,0,-1,-0.0,0.52,13,0.52,0,15
4145,0,-1,-5.6979213,0.48,12,0.48,0,15
4146,2,1,6.512898,0.52,13,0.52,0,15
4147,0,-1,-6.512898,0.48,12,0.48,0,15
4148,2,1,6.512898,0.52,13,0.52,0,15
4149,0,-1,-7.84365,0.48,12,0.48,0,15
4150,2,1,4.555389,0.52,13,0.52,0,15
4151,0,-1,-13.610087,0.48,12,0.48,0,15
4152,2,1,5.6979213,0.52,13,0.52,1,15
4153,0,-1,-6.7026954,0.48,12,0.48,0,15
4154,0,-1,-17.087902,0.44,11,0.44,0,15
4155,1,0,0.0,0.44,11,0.44,0,15
4156,0,-1,-8.498441,0.4,10,0.4,0,15
4157,2,1,17.474785,0.44,11,0.44,0,15
4158,2,1,15.25653,0.48,12,0.48,0,15
4159,2,1,11.660158,0.52,13,0.52,0,15
4160,0,-1,-11.660158,0.48,12,0.48,0,15
4161,2,1,11.660158,0.52,13,0.52,0,15
4162,0,-1,-13.51979,0.48,12,0.48,0,15
4163,0,-1,-0.0,0.48,12,0.48,0,15
4164,1,0,0.0,0.48,12,0.48,0,15
4165,0,-1,-13.872992,0.44,11,0.44,0,15
4166,2,1,8.774201,0.48,12,0.48,0,15
4167,1,0,0.0,0.48,12,0.48,0,15
4168,1,0,0.0,0.48,12,0.48,0,15
4169,1,0,0.0,0.48,12,0.48,0,15
4170,2,1,4.4193187,0.52,13,0.52,0,15
4171,1,0,0.0,0.52,13,0.52,0,15
4172,0,-1,-13.043696,0.48,12,0.48,0,15
4173,2,1,4.395195,0.52,13,0.52,0,15
4174,1,0,0.0,0.52,13,0.52,0,15
4175,0,-1,-4.395195,0.48,12,0.48,0,15
4176,0,-1,-0.0,0.48,12,0.48,0,15
4177,1,0,0.0,0.48,12,0.48,0,15
4178,2,1,13.51979,0.52,13,0.52,0,15
4179,1,0,0.0,0.52,13,0.52,0,15
4180,2,1,9.038595,0.56,14,0.56,0,15
4181,0,-1,-0.0,0.56,14,0.56,1,15
4182,1,0,0.0,0.56,14,0.56,0,15
4183,1,0,0.0,0.56,14,0.56,0,15
4184,2,1,8.200362,0.6,15,0.6,0,15
4185,1,0,0.0,0.6,15,0.6,0,15
4186,2,1,-6.9656262,0.64,16,0.64,0,15
4187,1,0,0.0,0.64,16,0.64,0,15
4188,0,-1,-0.0,0.64,16,0.64,0,15
4189,0,-1,-0.25689545,0.6,15,0.6,0,15
4190,1,0,0.0,0.6,15,0.6,0,15
4191,2,1,1.4085054,0.64,16,0.64,0,15
4192,0,-1,6.9656262,0.6,15,0.6,0,15
4193,0,-1,-8.200362,0.56,14,0.56,0,15
4194,0,-1,-1.7115016,0.52,13,0.52,1,15
4195,2,1,8.932028,0.56,14,0.56,0,15
4196,1,0,0.0,0.56,14,0.56,0,15
4197,2,1,2.2592144,0.6,15,0.6,0,15
4198,2,1,-5.07965,0.64,16,0.64,0,15
4199,0,-1,-0.0,0.64,16,0.64,0,15
4200,0,-1,-0.0,0.64,16,0.64,0,15
4201,0,-1,-0.0,0.64,16,0.64,0,15
4202,0,-1,5.228987,0.6,15,0.6,0,15
4203,0,-1,-0.0,0.6,15,0.6,0,15
4204,1,0,0.0,0.6,15,0.6,0,15
4205,1,0,0.0,0.6,15,0.6,0,15
4206,0,-1,-5.2022295,0.56,14,0.56,0,15
4207,2,1,0.7328093,0.6,15,0.6,0,15
4208,2,1,-7.0369277,0.64,16,0.64,1,15
4209,1,0,0.0,0.64,16,0.64,0,15
4210,1,0,0.0,0.64,16,0.64,0,15
4211,0,-1,4.7350087,0.6,15,0.6,0,15
4212,0,-1,-0.0,0.6,15,0.6,0,15
4213,1,0,0.0,0.6,15,0.6,0,15
4214,2,1,-7.3716063,0.64,16,0.64,0,15
4215,2,1,-13.706095,0.68,17,0.68,0,15
4216,0,-1,14.270431,0.64,16,0.64,0,15
4217,2,1,-8.52735,0.68,17,0.68,0,15
4218,0,-1,5.038459,0.64,16,0.64,0,15
4219,1,0,0.0,0.64,16,0.64,0,15
4220,0,-1,3.7738779,0.6,15,0.6,0,15
4221,2,1,-7.3716063,0.64,16,0.64,1,15
4222,1,0,0.0,0.64,16,0.64,0,15
4223,0,-1,-0.0,0.64,16,0.64,0,15
4224,1,0,0.0,0.64,16,0.64,0,15
4225,0,-1,-0.0,0.64,16,0.64,0,15
4226,0,-1,6.8769417,0.6,15,0.6,0,15
4227,0,-1,-0.0,0.6,15,0.6,0,15
4228,1,0,0.0,0.6,15,0.6,0,15
4229,2,1,1.838924,0.64,16,0.64,0,15
4230,0,-1,1.541649,0.6,15,0.6,0,15
4231,2,1,-1.6089859,0.64,16,0.64,0,15
4232,0,-1,6.7257204,0.6,15,0.6,0,15
4233,1,0,0.0,0.6,15,0.6,0,15
4234,2,1,3.22344,0.64,16,0.64,0,15
4235,0,-1,5.168117,0.6,15,0.6,0,15
4236,0,-1,-6.838147,0.56,14,0.56,1,15
4237,1,0,0.0,0.56,14,0.56,0,15
4238,1,0,0.0,0.56,14,0.56,0,15
4239,0,-1,-6.4546,0.52,13,0.52,0,15
4240,0,-1,-10.307938,0.48,12,0.48,0,15
4241,0,-1,-0.0,0.48,12,0.48,0,15
4242,1,0,0.0,0.48,12,0.48,1,15
4243,2,1,13.392465,0.52,13,0.52,0,15
4244,2,1,5.2922506,0.56,14,0.56,0,15
4245,1,0,0.0,0.56,14,0.56,1,15
4246,0,-1,-0.0,0.56,14,0.56,0,15
4247,2,1,-0.799153,0.6,15,0.6,0,15
4248,1,0,0.0,0.6,15,0.6,0,15
4249,2,1,-4.946576,0.64,16,0.64,0,15
4250,1,0,0.0,0.64,16,0.64,0,15
4251,2,1,-6.7598095,0.68,17,0.68,0,15
4252,0,-1,-0.0,0.68,17,0.68,0,15
4253,0,-1,-0.0,0.68,17,0.68,0,15
4254,1,0,0.0,0.68,17,0.68,0,15
4255,0,-1,-0.0,0.68,17,0.68,0,15
4256,0,-1,-0.0,0.68,17,0.68,0,15
4257,0,-1,-0.0,0.68,17,0.68,0,15
4258,0,-1,5.029749,0.64,16,0.64,0,15
4259,1,0,0.0,0.64,16,0.64,0,15
4260,1,0,0.0,0.64,16,0.64,0,15
4261,1,0,0.0,0.64,16,0.64,0,15
4262,1,0,0.0,0.64,16,0.64,0,15
4263,1,0,0.0,0.64,16,0.64,0,15
4264,1,0,0.0,0.64,16,0.64,0,15
4265,1,0,0.0,0.64,16,0.64,0,15
4266,0,-1,6.5615764,0.6,15,0.6,0,15
4267,1,0,0.0,0.6,15,0.6,0,15
4268,0,-1,-5.1382384,0.56,14,0.56,0,15
4269,0,-1,-0.0,0.56,14,0.56,1,15
4270,1,0,0.0,0.56,14,0.56,1,15
4271,0,-1,0.0,0.0,0,0.0,0,15
4272,0,-1,-0.0,0.16,4,0.16,1,16
4273,1,0,0.0,0.16,4,0.16,0,16
4274,1,0,0.0,0.16,4,0.16,0,16
4275,2,1,20.896093,0.2,5,0.2,0,16
4276,2,1,17.529207,0.24,6,0.24,0,16
4277,0,-1,-17.529207,0.2,5,0.2,0,16
4278,0,-1,-0.0,0.2,5,0.2,0,16
4279,1,0,0.0,0.2,5,0.2,0,16
4280,1,0,0.0,0.2,5,0.2,0,16
4281,2,1,23.845518,0.24,6,0.24,0,16
4282,1,0,0.0,0.24,6,0.24,0,16
4283,2,1,20.863329,0.28,7,0.28,0,16
4284,2,1,22.576166,0.32,8,0.32,0,16
4285,0,-1,-20.200224,0.28,7,0.28,0,16
4286,0,-1,-0.0,0.28,7,0.28,0,16
4287,0,-1,-20.14591,0.24,6,0.24,0,16
4288,1,0,0.0,0.24,6,0.24,0,16
4289,2,1,20.863329,0.28,7,0.28,0,16
4290,2,1,18.995354,0.32,8,0.32,0,16
4291,0,-1,-18.995354,0.28,7,0.28,1,16
4292,0,-1,-23.177969,0.24,6,0.24,0,16
4293,2,1,17.441053,0.28,7,0.28,0,16
4294,1,0,0.0,0.28,7,0.28,0,16
4295,1,0,0.0,0.28,7,0.28,0,16
4296,2,1,21.376871,0.32,8,0.32,0,16
4297,0,-1,-20.156187,0.28,7,0.28,0,16
4298,1,0,0.0,0.28,7,0.28,1,16
4299,2,1,15.824335,0.32,8,0.32,0,16
4300,2,1,19.09254,0.36,9,0.36,0,16
4301,2,1,20.492981,0.4,10,0.4,0,16
4302,2,1,11.036356,0.44,11,0.44,0,16
4303,1,0,0.0,0.44,11,0.44,0,16
4304,0,-1,-11.036356,0.4,10,0.4,0,16
4305,0,-1,-20.492981,0.36,9,0.36,0,16
4306,0,-1,-14.95931,0.32,8,0.32,0,16
4307,0,-1,-0.0,0.32,8,0.32,0,16
4308,1,0,0.0,0.32,8,0.32,0,16
4309,0,-1,-19.957567,0.28,7,0.28,0,16
4310,1,0,0.0,0.28,7,0.28,1,16
4311,2,1,15.840245,0.32,8,0.32,0,16
4312,2,1,19.108057,0.36,9,0.36,0,16
4313,1,0,0.0,0.36,9,0.36,0,16
4314,0,-1,-14.97522,0.32,8,0.32,0,16
4315,1,0,0.0,0.32,8,0.32,0,16
4316,1,0,0.0,0.32,8,0.32,0,16
4317,2,1,20.323568,0.36,9,0.36,0,16
4318,1,0,0.0,0.36,9,0.36,0,16
4319,1,0,0.0,0.36,9,0.36,0,16
4320,1,0,0.0,0.36,9,0.36,0,16
4321,0,-1,-0.0,0.36,9,0.36,0,16
4322,0,-1,-16.375341,0.32,8,0.32,0,16
4323,0,-1,-19.973082,0.28,7,0.28,0,16
4324,1,0,0.0,0.28,7,0.28,1,16
4325,2,1,17.5451,0.32,8,0.32,0,16
4326,2,1,16.184568,0.36,9,0.36,0,16
4327,0,-1,-0.0,0.36,9,0.36,0,16
4328,2,1,17.886585,0.4,10,0.4,0,16
4329,0,-1,-17.886585,0.36,9,0.36,0,16
4330,2,1,17.886585,0.4,10,0.4,0,16
4331,0,-1,-0.0,0.4,10,0.4,0,16
4332,0,-1,-17.886585,0.36,9,0.36,0,16
4333,0,-1,-16.184568,0.32,8,0.32,0,16
4334,1,0,0.0,0.32,8,0.32,0,16
4335,1,0,0.0,0.32,8,0.32,1,16
4336,1,0,0.0,0.32,8,0.32,0,16
4337,1,0,0.0,0.32,8,0.32,0,16
4338,2,1,18.45386,0.36,9,0.36,0,16
4339,1,0,0.0,0.36,9,0.36,0,16
4340,0,-1,-16.759293,0.32,8,0.32,0,16
4341,1,0,0.0,0.32,8,0.32,0,16
4342,0,-1,-0.0,0.32,8,0.32,0,16
4343,0,-1,-19.318886,0.28,7,0.28,0,16
4344,2,1,19.787495,0.32,8,0.32,0,16
4345,1,0,0.0,0.32,8,0.32,0,16
4346,2,1,16.73083,0.36,9,0.36,0,16
4347,2,1,15.638066,0.4,10,0.4,0,16
4348,1,0,0.0,0.4,10,0.4,0,16
4349,2,1,11.376674,0.44,11,0.44,0,16
4350,1,0,0.0,0.44,11,0.44,0,16
4351,0,-1,-0.0,0.44,11,0.44,0,16
4352,0,-1,-11.376674,0.4,10,0.4,0,16
4353,0,-1,-0.0,0.4,10,0.4,0,16
4354,1,0,0.0,0.4,10,0.4,0,16
4355,0,-1,-0.0,0.4,10,0.4,0,16
4356,1,0,0.0,0.4,10,0.4,0,16
4357,2,1,15.973197,0.44,11,0.44,0,16
4358,1,0,0.0,0.44,11,0.44,1,16
4359,0,-1,-14.275441,0.4,10,0.4,0,16
4360,1,0,0.0,0.4,10,0.4,0,16
4361,0,-1,-0.0,0.4,10,0.4,0,16
4362,2,1,12.486843,0.44,11,0.44,0,16
4363,2,1,11.897237,0.48,12,0.48,0,16
4364,2,1,10.302669,0.52,13,0.52,0,16
4365,1,0,0.0,0.52,13,0.52,0,16
4366,0,-1,-0.0,0.52,13,0.52,0,16
4367,1,0,0.0,0.52,13,0.52,0,16
4368,2,1,4.1976104,0.56,14,0.56,0,16
4369,0,-1,-0.0,0.56,14,0.56,0,16
4370,0,-1,-0.0,0.56,14,0.56,0,16
4371,0,-1,-5.684441,0.52,13,0.52,0,16
4372,2,1,7.1764617,0.56,14,0.56,0,16
4373,0,-1,-9.228774,0.52,13,0.52,0,16
4374,2,1,5.684441,0.56,14,0.56,0,16
4375,2,1,1.9740133,0.6,15,0.6,0,16
4376,1,0,0.0,0.6,15,0.6,0,16
4377,2,1,-6.075529,0.64,16,0.64,0,16
4378,2,1,-12.182936,0.68,17,0.68,0,16
4379,1,0,0.0,0.68,17,0.68,0,16
4380,0,-1,-0.0,0.68,17,0.68,0,16
4381,1,0,0.0,0.68,17,0.68,1,16
4382,1,0,0.0,0.68,17,0.68,0,16
4383,0,-1,-0.0,0.68,17,0.68,1,16
4384,1,0,0.0,0.68,17,0.68,0,16
4385,2,1,-21.738537,0.72,18,0.72,0,16
4386,0,-1,-0.0,0.72,18,0.72,0,16
4387,0,-1,21.738537,0.68,17,0.68,0,16
4388,0,-1,12.157798,0.64,16,0.64,1,16
4389,0,-1,2.8613985,0.6,15,0.6,0,16
4390,2,1,-3.7194364,0.64,16,0.64,0,16
4391,1,0,0.0,0.64,16,0.64,0,16
4392,2,1,-16.124561,0.68,17,0.68,0,16
4393,0,-1,16.124561,0.64,16,0.64,0,16
4394,0,-1,-0.0,0.64,16,0.64,0,16
4395,0,-1,-0.0,0.64,16,0.64,0,16
4396,0,-1,3.7194364,0.6,15,0.6,0,16
4397,0,-1,-0.0,0.6,15,0.6,0,16
4398,1,0,0.0,0.6,15,0.6,0,16
4399,1,0,0.0,0.6,15,0.6,0,16
4400,2,1,-4.115755,0.64,16,0.64,0,16
4401,0,-1,1.1682191,0.6,15,0.6,0,16
4402,1,0,0.0,0.6,15,0.6,0,16
4403,1,0,0.0,0.6,15,0.6,1,16
4404,0,-1,-0.0,0.6,15,0.6,0,16
4405,0,-1,-0.0,0.6,15,0.6,0,16
4406,1,0,0.0,0.6,15,0.6,0,16
4407,0,-1,-0.0,0.6,15,0.6,0,16
4408,1,0,0.0,0.6,15,0.6,0,16
4409,0,-1,-0.0,0.6,15,0.6,0,16
4410,2,1,-5.894506,0.64,16,0.64,0,16
4411,2,1,-8.176676,0.68,17,0.68,0,16
4412,1,0,0.0,0.68,17,0.68,0,16
4413,0,-1,-0.0,0.68,17,0.68,0,16
4414,2,1,-25.47995,0.72,18,0.72,0,16
4415,0,-1,22.869896,0.68,17,0.68,0,16
4416,2,1,-15.572454,0.72,18,0.72,0,16
4417,1,0,0.0,0.72,18,0.72,0,16
4418,0,-1,21.309748,0.68,17,0.68,1,16
4419,1,0,0.0,0.68,17,0.68,0,16
4420,0,-1,-0.0,0.68,17,0.68,0,16
4421,0,-1,5.6875916,0.64,16,0.64,0,16
4422,2,1,-8.847378,0.68,17,0.68,0,16
4423,0,-1,8.847378,0.64,16,0.64,0,16
4424,0,-1,1.8852332,0.6,15,0.6,0,16
4425,2,1,1.2078148,0.64,16,0.64,1,16
4426,2,1,-14.482652,0.68,17,0.68,0,16
4427,2,1,-13.333585,0.72,18,0.72,0,16
4428,1,0,0.0,0.72,18,0.72,0,16
4429,1,0,0.0,0.72,18,0.72,0,16
4430,1,0,0.0,0.72,18,0.72,0,16
4431,0,-1,24.362434,0.68,17,0.68,1,16
4432,0,-1,-0.0,0.68,17,0.68,0,16
4433,2,1,-20.075893,0.72,18,0.72,0,16
4434,2,1,-37.202538,0.76,19,0.76,0,16
4435,1,0,0.0,0.76,19,0.76,0,16
4436,1,0,0.0,0.76,19,0.76,0,16
4437,1,0,0.0,0.76,19,0.76,0,16
4438,2,1,-57.376465,0.8,20,0.8,0,16
4439,2,1,-102.165955,0.84,21,0.84,0,16
4440,1,0,0.0,0.84,21,0.84,0,16
4441,1,0,0.0,0.84,21,0.84,0,16
4442,2,1,-181.15622,0.88,22,0.88,0,16
4443,2,1,-393.84198,0.92,23,0.92,0,16
4444,1,0,0.0,0.92,23,0.92,0,16
4445,0,-1,-0.0,0.92,23,0.92,0,16
4446,1,0,0.0,0.92,23,0.92,0,16
4447,2,1,-1229.3533,0.96,24,0.96,1,16
4448,2,1,29.087233,1.0,25,1.0,0,16
4449,0,-1,-1000.0,0.0,0,0.0,0,16
4450,2,1,24.20528,0.2,5,0.2,0,17
4451,1,0,0.0,0.2,5,0.2,0,17
4452,0,-1,-24.20528,0.16,4,0.16,0,17
4453,2,1,24.223005,0.2,5,0.2,0,17
4454,0,-1,-0.0,0.2,5,0.2,0,17
4455,1,0,0.0,0.2,5,0.2,0,17
4456,0,-1,-0.0,0.2,5,0.2,0,17
4457,1,0,0.0,0.2,5,0.2,0,17
4458,1,0,0.0,0.2,5,0.2,0,17
4459,2,1,22.730906,0.24,6,0.24,0,17
4460,1,0,0.0,0.24,6,0.24,0,17
4461,2,1,20.619629,0.28,7,0.28,1,17
4462,2,1,22.76668,0.32,8,0.32,0,17
4463,0,-1,-0.0,0.32,8,0.32,0,17
4464,0,-1,-0.0,0.32,8,0.32,0,17
4465,1,0,0.0,0.32,8,0.32,0,17
4466,1,0,0.0,0.32,8,0.32,0,17
4467,1,0,0.0,0.32,8,0.32,0,17
4468,0,-1,-22.76668,0.28,7,0.28,0,17
4469,2,1,22.76668,0.32,8,0.32,0,17
4470,0,-1,-22.76668,0.28,7,0.28,0,17
4471,0,-1,-0.0,0.28,7,0.28,0,17
4472,0,-1,-0.0,0.28,7,0.28,0,17
4473,2,1,22.76668,0.32,8,0.32,0,17
4474,2,1,17.443394,0.36,9,0.36,0,17
4475,0,-1,-0.0,0.36,9,0.36,0,17
4476,2,1,14.548147,0.4,10,0.4,0,17
4477,1,0,0.0,0.4,10,0.4,0,17
4478,2,1,15.498039,0.44,11,0.44,0,17
4479,0,-1,-0.0,0.44,11,0.44,0,17
4480,1,0,0.0,0.44,11,0.44,0,17
4481,2,1,10.081776,0.48,12,0.48,0,17
4482,1,0,0.0,0.48,12,0.48,0,17
4483,2,1,6.431943,0.52,13,0.52,0,17
4484,1,0,0.0,0.52,13,0.52,1,17
4485,2,1,11.409845,0.56,14,0.56,0,17
4486,0,-1,-0.0,0.56,14,0.56,0,17
4487,2,1,3.2251248,0.6,15,0.6,0,17
4488,0,-1,-0.0,0.6,15,0.6,0,17
4489,1,0,0.0,0.6,15,0.6,0,17
4490,0,-1,-3.2251248,0.56,14,0.56,0,17
4491,2,1,2.2351186,0.6,15,0.6,1,17
4492,1,0,0.0,0.6,15,0.6,0,17
4493,2,1,-7.792087,0.64,16,0.64,0,17
4494,1,0,0.0,0.64,16,0.64,0,17
4495,2,1,-7.022275,0.68,17,0.68,0,17
4496,2,1,-22.302526,0.72,18,0.72,0,17
4497,0,-1,16.902058,0.68,17,0.68,0,17
4498,0,-1,12.422744,0.64,16,0.64,0,17
4499,1,0,0.0,0.64,16,0.64,1,17
4500,0,-1,7.300229,0.6,15,0.6,0,17
4501,0,-1,-4.975477,0.56,14,0.56,0,17
4502,0,-1,-3.4568937,0.52,13,0.52,0,17
4503,2,1,8.482047,0.56,14,0.56,0,17
4504,0,-1,-0.0,0.56,14,0.56,0,17
4505,2,1,-0.6473074,0.6,15,0.6,0,17
4506,1,0,0.0,0.6,15,0.6,0,17
4507,0,-1,-0.0,0.6,15,0.6,0,17
4508,0,-1,0.6473074,0.56,14,0.56,0,17
4509,2,1,4.975267,0.6,15,0.6,0,17
4510,1,0,0.0,0.6,15,0.6,0,17
4511,0,-1,-0.0,0.6,15,0.6,0,17
4512,1,0,0.0,0.6,15,0.6,0,17
4513,1,0,0.0,0.6,15,0.6,1,17
4514,0,-1,-7.6749587,0.56,14,0.56,0,17
4515,2,1,0.8559128,0.6,15,0.6,0,17
4516,1,0,0.0,0.6,15,0.6,0,17
4517,0,-1,-0.0,0.6,15,0.6,0,17
4518,2,1,-1.2691944,0.64,16,0.64,0,17
4519,2,1,-12.418563,0.68,17,0.68,0,17
4520,1,0,0.0,0.68,17,0.68,0,17
4521,1,0,0.0,0.68,17,0.68,0,17
4522,0,-1,-0.0,0.68,17,0.68,0,17
4523,2,1,-20.139202,0.72,18,0.72,0,17
4524,1,0,0.0,0.72,18,0.72,1,17
4525,0,-1,20.123417,0.68,17,0.68,0,17
4526,0,-1,7.137134,0.64,16,0.64,0,17
4527,0,-1,-0.0,0.64,16,0.64,0,17
4528,1,0,0.0,0.64,16,0.64,0,17
4529,1,0,0.0,0.64,16,0.64,0,17
4530,0,-1,-0.0,0.64,16,0.64,0,17
4531,0,-1,0.019149022,0.6,15,0.6,0,17
4532,2,1,-6.2498674,0.64,16,0.64,0,17
4533,0,-1,2.37741,0.6,15,0.6,0,17
4534,1,0,0.0,0.6,15,0.6,0,17
4535,1,0,0.0,0.6,15,0.6,0,17
4536,0,-1,1.2506441,0.56,14,0.56,0,17
4537,2,1,-0.37002218,0.6,15,0.6,0,17
4538,2,1,-3.3578563,0.64,16,0.64,0,17
4539,0,-1,-0.0,0.64,16,0.64,1,17
4540,0,-1,3.2681031,0.6,15,0.6,0,17
4541,2,1,-4.7285824,0.64,16,0.64,0,17
4542,0,-1,-0.0,0.64,16,0.64,0,17
4543,2,1,-10.320786,0.68,17,0.68,0,17
4544,0,-1,10.320786,0.64,16,0.64,0,17
4545,1,0,0.0,0.64,16,0.64,0,17
4546,0,-1,-0.0,0.64,16,0.64,0,17
4547,1,0,0.0,0.64,16,0.64,0,17
4548,0,-1,-0.0,0.64,16,0.64,0,17
4549,2,1,-15.333252,0.68,17,0.68,0,17
4550,2,1,-19.700003,0.72,18,0.72,0,17
4551,1,0,0.0,0.72,18,0.72,0,17
4552,1,0,0.0,0.72,18,0.72,0,17
4553,1,0,0.0,0.72,18,0.72,0,17
4554,0,-1,-0.0,0.72,18,0.72,0,17
4555,0,-1,20.969593,0.68,17,0.68,0,17
4556,1,0,0.0,0.68,17,0.68,0,17
4557,0,-1,10.483655,0.64,16,0.64,0,17
4558,0,-1,-3.8766732,0.6,15,0.6,0,17
4559,0,-1,-3.7476108,0.56,14,0.56,0,17
4560,1,0,0.0,0.56,14,0.56,0,17
4561,2,1,-1.891255,0.6,15,0.6,0,17
4562,2,1,-5.20451,0.64,16,0.64,0,17
4563,0,-1,-0.0,0.64,16,0.64,0,17
4564,2,1,-10.78751,0.68,17,0.68,0,17
4565,0,-1,11.627407,0.64,16,0.64,0,17
4566,0,-1,-0.0,0.64,16,0.64,0,17
4567,0,-1,-0.0,0.64,16,0.64,1,17
4568,0,-1,-0.0,0.64,16,0.64,0,17
4569,1,0,0.0,0.64,16,0.64,0,17
4570,1,0,0.0,0.64,16,0.64,0,17
4571,0,-1,1.5028068,0.6,15,0.6,0,17
4572,0,-1,1.9194912,0.56,14,0.56,0,17
4573,0,-1,-1.9794886,0.52,13,0.52,0,17
4574,0,-1,-7.8763657,0.48,12,0.48,0,17
4575,0,-1,-0.0,0.48,12,0.48,0,17
4576,1,0,0.0,0.48,12,0.48,0,17
4577,1,0,0.0,0.48,12,0.48,0,17
4578,0,-1,-8.56124,0.44,11,0.44,0,17
4579,1,0,0.0,0.44,11,0.44,0,17
4580,1,0,0.0,0.44,11,0.44,0,17
4581,0,-1,-15.186507,0.4,10,0.4,0,17
4582,1,0,0.0,0.4,10,0.4,0,17
4583,0,-1,-0.0,0.4,10,0.4,0,17
4584,0,-1,-0.0,0.4,10,0.4,0,17
4585,2,1,14.737521,0.44,11,0.44,0,17
4586,2,1,6.122012,0.48,12,0.48,0,17
4587,2,1,3.143083,0.52,13,0.52,0,17
4588,0,-1,-3.143083,0.48,12,0.48,0,17
4589,1,0,0.0,0.48,12,0.48,0,17
4590,2,1,8.131385,0.52,13,0.52,0,17
4591,0,-1,-0.0,0.52,13,0.52,1,17
4592,0,-1,-0.0,0.52,13,0.52,0,17
4593,0,-1,-4.3394566,0.48,12,0.48,0,17
4594,2,1,7.17157,0.52,13,0.52,0,17
4595,2,1,7.4736075,0.56,14,0.56,0,17
4596,1,0,0.0,0.56,14,0.56,0,17
4597,0,-1,-0.0,0.56,14,0.56,0,17
4598,1,0,0.0,0.56,14,0.56,0,17
4599,1,0,0.0,0.56,14,0.56,0,17
4600,2,1,-1.7650977,0.6,15,0.6,0,17
4601,2,1,-8.281796,0.64,16,0.64,0,17
4602,2,1,-13.423699,0.68,17,0.68,0,17
4603,0,-1,-0.0,0.68,17,0.68,1,17
4604,0,-1,-0.0,0.68,17,0.68,0,17
4605,0,-1,8.146649,0.64,16,0.64,0,17
4606,0,-1,-0.0,0.64,16,0.64,0,17
4607,1,0,0.0,0.64,16,0.64,0,17
4608,0,-1,-0.0,0.64,16,0.64,0,17
4609,0,-1,-0.0,0.64,16,0.64,0,17
4610,1,0,0.0,0.64,16,0.64,0,17
4611,1,0,0.0,0.64,16,0.64,0,17
4612,1,0,0.0,0.64,16,0.64,0,17
4613,0,-1,8.273187,0.6,15,0.6,0,17
4614,0,-1,-0.0,0.6,15,0.6,0,17
4615,2,1,-6.221302,0.64,16,0.64,0,17
4616,0,-1,-0.0,0.64,16,0.64,0,17
4617,0,-1,-0.0,0.64,16,0.64,0,17
4618,1,0,0.0,0.64,16,0.64,0,17
4619,1,0,0.0,0.64,16,0.64,0,17
4620,0,-1,-0.0,0.64,16,0.64,0,17
4621,1,0,0.0,0.64,16,0.64,0,17
4622,1,0,0.0,0.64,16,0.64,0,17
4623,0,-1,-0.0,0.64,16,0.64,1,17
4624,1,0,0.0,0.64,16,0.64,0,17
4625,0,-1,-0.0,0.64,16,0.64,0,17
4626,2,1,-12.883494,0.68,17,0.68,0,17
4627,0,-1,13.588293,0.64,16,0.64,0,17
4628,2,1,-10.564468,0.68,17,0.68,0,17
4629,2,1,0.0,0.68,17,0.68,0,17
4630,0,-1,-0.0,0.68,17,0.68,0,17
4631,2,1,-25.198217,0.72,18,0.72,0,17
4632,0,-1,20.444252,0.68,17,0.68,0,17
4633,1,0,0.0,0.68,17,0.68,0,17
4634,1,0,0.0,0.68,17,0.68,0,17
4635,0,-1,-0.0,0.68,17,0.68,0,17
4636,0,-1,15.318436,0.64,16,0.64,0,17
4637,1,0,0.0,0.64,16,0.64,0,17
4638,1,0,0.0,0.64,16,0.64,0,17
4639,1,0,0.0,0.64,16,0.64,0,17
4640,1,0,0.0,0.64,16,0.64,0,17
4641,0,-1,-0.0,0.64,16,0.64,0,17
4642,1,0,0.0,0.64,16,0.64,0,17
4643,1,0,0.0,0.64,16,0.64,0,17
4644,0,-1,5.780502,0.6,15,0.6,0,17
4645,2,1,-0.586027,0.64,16,0.64,0,17
4646,1,0,0.0,0.64,16,0.64,0,17
4647,0,-1,5.2616262,0.6,15,0.6,0,17
4648,0,-1,-0.0,0.6,15,0.6,0,17
4649,0,-1,-4.4131966,0.56,14,0.56,0,17
4650,0,-1,-0.0,0.56,14,0.56,1,17
4651,2,1,-2.997434,0.6,15,0.6,0,17
4652,0,-1,2.997434,0.56,14,0.56,0,17
4653,0,-1,-0.0,0.56,14,0.56,0,17
4654,1,0,0.0,0.56,14,0.56,0,17
4655,2,1,3.1238687,0.6,15,0.6,0,17
4656,0,-1,-0.0,0.6,15,0.6,0,17
4657,0,-1,-0.0,0.6,15,0.6,0,17
4658,0,-1,-0.0,0.6,15,0.6,1,17
4659,1,0,0.0,0.6,15,0.6,0,17
4660,2,1,-0.0020976914,0.64,16,0.64,0,17
4661,0,-1,0.0020976914,0.6,15,0.6,0,17
4662,2,1,-8.63686,0.64,16,0.64,0,17
4663,2,1,-11.977714,0.68,17,0.68,0,17
4664,0,-1,-0.0,0.68,17,0.68,0,17
4665,0,-1,-0.0,0.68,17,0.68,0,17
4666,0,-1,-0.0,0.68,17,0.68,0,17
4667,0,-1,12.102432,0.64,16,0.64,0,17
4668,1,0,0.0,0.64,16,0.64,0,17
4669,0,-1,-0.0,0.64,16,0.64,0,17
4670,2,1,-13.83085,0.68,17,0.68,0,17
4671,0,-1,-0.0,0.68,17,0.68,0,17
4672,0,-1,-0.0,0.68,17,0.68,0,17
4673,0,-1,13.83085,0.64,16,0.64,0,17
4674,0,-1,8.63686,0.6,15,0.6,0,17
4675,2,1,-0.59056413,0.64,16,0.64,0,17
4676,2,1,-12.28573,0.68,17,0.68,0,17
4677,1,0,0.0,0.68,17,0.68,0,17
4678,1,0,0.0,0.68,17,0.68,1,17
4679,0,-1,7.491671,0.64,16,0.64,0,17
4680,2,1,-15.479377,0.68,17,0.68,0,17
4681,1,0,0.0,0.68,17,0.68,0,17
4682,1,0,0.0,0.68,17,0.68,0,17
4683,0,-1,15.479377,0.64,16,0.64,1,17
4684,2,1,-12.269883,0.68,17,0.68,0,17
4685,1,0,0.0,0.68,17,0.68,0,17
4686,0,-1,-0.0,0.68,17,0.68,0,17
4687,0,-1,-0.0,0.68,17,0.68,0,17
4688,0,-1,-0.0,0.68,17,0.68,0,17
4689,2,1,-24.690058,0.72,18,0.72,0,17
4690,1,0,0.0,0.72,18,0.72,0,17
4691,0,-1,21.829617,0.68,17,0.68,0,17
4692,0,-1,12.269883,0.64,16,0.64,0,17
4693,1,0,0.0,0.64,16,0.64,0,17
4694,2,1,-13.400912,0.68,17,0.68,0,17
4695,0,-1,13.400912,0.64,16,0.64,0,17
4696,0,-1,-0.0,0.64,16,0.64,0,17
4697,0,-1,-0.0,0.64,16,0.64,0,17
4698,0,-1,-0.0,0.64,16,0.64,0,17
4699,1,0,0.0,0.64,16,0.64,0,17
4700,0,-1,7.9114504,0.6,15,0.6,0,17
4701,0,-1,-0.0,0.6,15,0.6,0,17
4702,0,-1,-3.2449274,0.56,14,0.56,0,17
4703,2,1,5.0021887,0.6,15,0.6,0,17
4704,0,-1,-0.44705573,0.56,14,0.56,1,17
4705,0,-1,-0.0,0.56,14,0.56,0,17
4706,0,-1,-8.734992,0.52,13,0.52,0,17
4707,0,-1,-7.7752047,0.48,12,0.48,0,17
4708,1,0,0.0,0.48,12,0.48,1,17
4709,1,0,0.0,0.48,12,0.48,0,17
4710,1,0,0.0,0.48,12,0.48,0,17
4711,0,-1,-0.0,0.48,12,0.48,0,17
4712,1,0,0.0,0.48,12,0.48,0,17
4713,0,-1,-8.643525,0.44,11,0.44,0,17
4714,0,-1,-0.0,0.44,11,0.44,0,17
4715,2,1,12.574886,0.48,12,0.48,1,17
4716,0,-1,-0.0,0.48,12,0.48,0,17
4717,0,-1,-12.616953,0.44,11,0.44,0,17
4718,0,-1,-0.0,0.44,11,0.44,0,17
4719,0,-1,-0.0,0.44,11,0.44,0,17
4720,0,-1,-0.0,0.44,11,0.44,0,17
4721,2,1,17.64816,0.48,12,0.48,0,17
4722,1,0,0.0,0.48,12,0.48,0,17
4723,1,0,0.0,0.48,12,0.48,0,17
4724,1,0,0.0,0.48,12,0.48,0,17
4725,0,-1,-0.0,0.48,12,0.48,0,17
4726,1,0,0.0,0.48,12,0.48,0,17
4727,2,1,8.396112,0.52,13,0.52,0,17
4728,0,-1,-0.0,0.52,13,0.52,0,17
4729,0,-1,-7.8590007,0.48,12,0.48,0,17
4730,2,1,4.115799,0.52,13,0.52,0,17
4731,2,1,11.380685,0.56,14,0.56,0,17
4732,0,-1,-5.5487056,0.52,13,0.52,0,17
4733,0,-1,-4.115799,0.48,12,0.48,0,17
4734,1,0,0.0,0.48,12,0.48,0,17
4735,2,1,6.390485,0.52,13,0.52,0,17
4736,2,1,1.2683918,0.56,14,0.56,0,17
4737,2,1,0.5095685,0.6,15,0.6,0,17
4738,0,-1,-0.0,0.6,15,0.6,0,17
4739,0,-1,-0.0,0.6,15,0.6,0,17
4740,2,1,1.0288104,0.64,16,0.64,0,17
4741,0,-1,4.489655,0.6,15,0.6,0,17
4742,1,0,0.0,0.6,15,0.6,1,17
4743,0,-1,-0.0,0.6,15,0.6,0,17
4744,0,-1,-0.0,0.6,15,0.6,0,17
4745,0,-1,-0.0,0.6,15,0.6,0,17
4746,0,-1,2.1263537,0.56,14,0.56,0,17
4747,0,-1,-0.0,0.56,14,0.56,0,17
4748,0,-1,-0.0,0.56,14,0.56,0,17
4749,0,-1,0.0,0.0,0,0.0,0,17
4750,1,0,0.0,0.16,4,0.16,0,18
4751,1,0,0.0,0.16,4,0.16,0,18
4752,0,-1,-0.0,0.16,4,0.16,0,18
4753,0,-1,-0.0,0.16,4,0.16,0,18
4754,2,1,24.20528,0.2,5,0.2,0,18
4755,2,1,22.725622,0.24,6,0.24,0,18
4756,2,1,-9.032162,0.28,7,0.28,0,18
4757,0,-1,9.032162,0.24,6,0.24,0,18
4758,2,1,-9.032162,0.28,7,0.28,0,18
4759,1,0,0.0,0.28,7,0.28,0,18
4760,1,0,0.0,0.28,7,0.28,0,18
4761,1,0,0.0,0.28,7,0.28,0,18
4762,0,-1,-22.251343,0.24,6,0.24,0,18
4763,1,0,0.0,0.24,6,0.24,1,18
4764,2,1,19.334047,0.28,7,0.28,0,18
4765,0,-1,-19.334047,0.24,6,0.24,0,18
4766,0,-1,-20.324144,0.2,5,0.2,0,18
4767,2,1,19.188839,0.24,6,0.24,0,18
4768,2,1,23.455145,0.28,7,0.28,0,18
4769,2,1,21.539488,0.32,8,0.32,0,18
4770,2,1,18.960346,0.36,9,0.36,0,18
4771,2,1,15.590326,0.4,10,0.4,0,18
4772,0,-1,-15.590326,0.36,9,0.36,0,18
4773,0,-1,-17.18643,0.32,8,0.32,0,18
4774,2,1,18.203836,0.36,9,0.36,0,18
4775,2,1,15.326973,0.4,10,0.4,1,18
4776,0,-1,-0.0,0.4,10,0.4,0,18
4777,2,1,15.321032,0.44,11,0.44,0,18
4778,2,1,12.440267,0.48,12,0.48,0,18
4779,1,0,0.0,0.48,12,0.48,0,18
4780,1,0,0.0,0.48,12,0.48,0,18
4781,2,1,11.653287,0.52,13,0.52,0,18
4782,0,-1,-11.366035,0.48,12,0.48,0,18
4783,2,1,9.666511,0.52,13,0.52,0,18
4784,0,-1,-15.358417,0.48,12,0.48,0,18
4785,0,-1,-0.0,0.48,12,0.48,0,18
4786,2,1,7.96011,0.52,13,0.52,0,18
4787,1,0,0.0,0.52,13,0.52,0,18
4788,2,1,5.0770936,0.56,14,0.56,0,18
4789,2,1,0.46793684,0.6,15,0.6,0,18
4790,0,-1,-1.3829045,0.56,14,0.56,0,18
4791,0,-1,-5.0770936,0.52,13,0.52,0,18
4792,0,-1,-11.653287,0.48,12,0.48,0,18
4793,1,0,0.0,0.48,12,0.48,0,18
4794,2,1,8.075922,0.52,13,0.52,0,18
4795,0,-1,-0.0,0.52,13,0.52,0,18
4796,1,0,0.0,0.52,13,0.52,0,18
4797,0,-1,-9.985497,0.48,12,0.48,0,18
4798,2,1,5.6684647,0.52,13,0.52,0,18
4799,1,0,0.0,0.52,13,0.52,0,18
4800,1,0,0.0,0.52,13,0.52,0,18
4801,1,0,0.0,0.52,13,0.52,0,18
4802,0,-1,-5.6684647,0.48,12,0.48,0,18
4803,1,0,0.0,0.48,12,0.48,1,18
4804,0,-1,-9.747414,0.44,11,0.44,0,18
4805,2,1,13.47528,0.48,12,0.48,0,18
4806,0,-1,-0.0,0.48,12,0.48,0,18
4807,1,0,0.0,0.48,12,0.48,0,18
4808,1,0,0.0,0.48,12,0.48,0,18
4809,2,1,7.284595,0.52,13,0.52,0,18
4810,0,-1,-8.186482,0.48,12,0.48,0,18
4811,0,-1,-12.422255,0.44,11,0.44,0,18
4812,1,0,0.0,0.44,11,0.44,0,18
4813,1,0,0.0,0.44,11,0.44,0,18
4814,1,0,0.0,0.44,11,0.44,0,18
4815,2,1,15.060318,0.48,12,0.48,0,18
4816,0,-1,-11.904607,0.44,11,0.44,0,18
4817,1,0,0.0,0.44,11,0.44,0,18
4818,2,1,13.6281,0.48,12,0.48,0,18
4819,1,0,0.0,0.48,12,0.48,0,18
4820,2,1,11.65817,0.52,13,0.52,0,18
4821,0,-1,-11.262446,0.48,12,0.48,0,18
4822,0,-1,-9.497429,0.44,11,0.44,0,18
4823,1,0,0.0,0.44,11,0.44,0,18
4824,2,1,13.47528,0.48,12,0.48,0,18
4825,2,1,7.284595,0.52,13,0.52,0,18
4826,2,1,7.1365585,0.56,14,0.56,0,18
4827,0,-1,-8.810762,0.52,13,0.52,0,18
4828,1,0,0.0,0.52,13,0.52,1,18
4829,2,1,7.260797,0.56,14,0.56,0,18
4830,2,1,-0.24453416,0.6,15,0.6,0,18
4831,2,1,-1.5601926,0.64,16,0.64,0,18
4832,2,1,-13.318959,0.68,17,0.68,0,18
4833,0,-1,8.459017,0.64,16,0.64,0,18
4834,0,-1,5.2437577,0.6,15,0.6,0,18
4835,0,-1,-0.0,0.6,15,0.6,0,18
4836,0,-1,-0.0,0.6,15,0.6,0,18
4837,0,-1,1.4209118,0.56,14,0.56,0,18
4838,2,1,1.8751616,0.6,15,0.6,0,18
4839,0,-1,-1.1072421,0.56,14,0.56,0,18
4840,0,-1,-0.0,0.56,14,0.56,0,18
4841,2,1,0.39635926,0.6,15,0.6,0,18
4842,0,-1,-5.0448403,0.56,14,0.56,0,18
4843,2,1,0.8994821,0.6,15,0.6,0,18
4844,0,-1,-3.4053063,0.56,14,0.56,1,18
4845,0,-1,-8.60034,0.52,13,0.52,0,18
4846,2,1,12.49689,0.56,14,0.56,0,18
4847,0,-1,-4.098204,0.52,13,0.52,0,18
4848,0,-1,-7.5709357,0.48,12,0.48,1,18
4849,0,-1,-0.0,0.48,12,0.48,0,18
4850,0,-1,-0.0,0.48,12,0.48,0,18
4851,1,0,0.0,0.48,12,0.48,0,18
4852,0,-1,-14.017535,0.44,11,0.44,0,18
4853,0,-1,-0.0,0.44,11,0.44,0,18
4854,1,0,0.0,0.44,11,0.44,0,18
4855,1,0,0.0,0.44,11,0.44,0,18
4856,0,-1,-19.295761,0.4,10,0.4,0,18
4857,0,-1,-0.0,0.4,10,0.4,0,18
4858,2,1,14.0711775,0.44,11,0.44,0,18
4859,0,-1,-0.0,0.44,11,0.44,0,18
4860,1,0,0.0,0.44,11,0.44,0,18
4861,1,0,0.0,0.44,11,0.44,0,18
4862,1,0,0.0,0.44,11,0.44,0,18
4863,0,-1,-0.0,0.44,11,0.44,0,18
4864,1,0,0.0,0.44,11,0.44,0,18
4865,1,0,0.0,0.44,11,0.44,0,18
4866,0,-1,-0.0,0.44,11,0.44,0,18
4867,1,0,0.0,0.44,11,0.44,0,18
4868,1,0,0.0,0.44,11,0.44,0,18
4869,2,1,10.40286,0.48,12,0.48,0,18
4870,1,0,0.0,0.48,12,0.48,0,18
4871,0,-1,-0.0,0.48,12,0.48,0,18
4872,2,1,8.19894,0.52,13,0.52,0,18
4873,2,1,12.493422,0.56,14,0.56,0,18
4874,0,-1,-5.3426194,0.52,13,0.52,1,18
4875,1,0,0.0,0.52,13,0.52,0,18
4876,2,1,5.3766766,0.56,14,0.56,0,18
4877,0,-1,-0.0,0.56,14,0.56,0,18
4878,2,1,5.031407,0.6,15,0.6,0,18
4879,0,-1,-1.6746014,0.56,14,0.56,0,18
4880,1,0,0.0,0.56,14,0.56,0,18
4881,2,1,-0.509409,0.6,15,0.6,0,18
4882,1,0,0.0,0.6,15,0.6,0,18
4883,0,-1,0.509409,0.56,14,0.56,0,18
4884,0,-1,-12.489881,0.52,13,0.52,0,18
4885,1,0,0.0,0.52,13,0.52,0,18
4886,2,1,3.2799096,0.56,14,0.56,0,18
4887,2,1,-2.663222,0.6,15,0.6,0,18
4888,0,-1,-1.6824485,0.56,14,0.56,0,18
4889,0,-1,-0.0,0.56,14,0.56,0,18
4890,0,-1,-1.0665767,0.52,13,0.52,0,18
4891,1,0,0.0,0.52,13,0.52,0,18
4892,0,-1,-0.0,0.52,13,0.52,0,18
4893,1,0,0.0,0.52,13,0.52,0,18
4894,2,1,3.2203898,0.56,14,0.56,0,18
4895,0,-1,-8.761206,0.52,13,0.52,0,18
4896,0,-1,-10.249641,0.48,12,0.48,0,18
4897,2,1,3.810835,0.52,13,0.52,0,18
4898,2,1,1.0665767,0.56,14,0.56,0,18
4899,0,-1,-0.0,0.56,14,0.56,0,18
4900,1,0,0.0,0.56,14,0.56,0,18
4901,0,-1,-0.0,0.56,14,0.56,1,18
4902,1,0,0.0,0.56,14,0.56,0,18
4903,1,0,0.0,0.56,14,0.56,0,18
4904,2,1,5.100733,0.6,15,0.6,0,18
4905,2,1,-2.299697,0.64,16,0.64,0,18
4906,1,0,0.0,0.64,16,0.64,0,18
4907,1,0,0.0,0.64,16,0.64,0,18
4908,0,-1,-0.0,0.64,16,0.64,0,18
4909,0,-1,-0.0,0.64,16,0.64,0,18
4910,0,-1,2.299697,0.6,15,0.6,0,18
4911,1,0,0.0,0.6,15,0.6,0,18
4912,0,-1,2.6532128,0.56,14,0.56,0,18
4913,1,0,0.0,0.56,14,0.56,0,18
4914,1,0,0.0,0.56,14,0.56,0,18
4915,0,-1,-3.285508,0.52,13,0.52,0,18
4916,1,0,0.0,0.52,13,0.52,1,18
4917,2,1,8.96339,0.56,14,0.56,0,18
4918,0,-1,-2.5745552,0.52,13,0.52,0,18
4919,1,0,0.0,0.52,13,0.52,0,18
4920,2,1,7.0043044,0.56,14,0.56,0,18
4921,0,-1,-0.0,0.56,14,0.56,0,18
4922,2,1,-2.466602,0.6,15,0.6,0,18
4923,1,0,0.0,0.6,15,0.6,0,18
4924,2,1,-5.438156,0.64,16,0.64,0,18
4925,0,-1,1.7247179,0.6,15,0.6,0,18
4926,2,1,-7.6427336,0.64,16,0.64,0,18
4927,0,-1,-0.10407854,0.6,15,0.6,0,18
4928,0,-1,2.64351,0.56,14,0.56,0,18
4929,2,1,3.5196047,0.6,15,0.6,0,18
4930,1,0,0.0,0.6,15,0.6,0,18
4931,0,-1,-0.0,0.6,15,0.6,0,18
4932,0,-1,-0.0,0.6,15,0.6,1,18
4933,0,-1,-5.2346873,0.56,14,0.56,0,18
4934,1,0,0.0,0.56,14,0.56,0,18
4935,2,1,5.2346644,0.6,15,0.6,0,18
4936,2,1,-3.3844335,0.64,16,0.64,0,18
4937,1,0,0.0,0.64,16,0.64,0,18
4938,2,1,-14.532113,0.68,17,0.68,0,18
4939,2,1,0.0,0.68,17,0.68,0,18
4940,2,1,-20.585817,0.72,18,0.72,0,18
4941,2,1,-31.518543,0.76,19,0.76,0,18
4942,1,0,0.0,0.76,19,0.76,0,18
4943,1,0,0.0,0.76,19,0.76,1,18
4944,0,-1,-0.0,0.76,19,0.76,0,18
4945,2,1,-62.823284,0.8,20,0.8,0,18
4946,0,-1,55.162422,0.76,19,0.76,1,18
4947,0,-1,39.04573,0.72,18,0.72,0,18
4948,1,0,0.0,0.72,18,0.72,0,18
4949,2,1,0.0,0.72,18,0.72,0,18
4950,1,0,0.0,0.72,18,0.72,0,18
4951,0,-1,-0.0,0.72,18,0.72,0,18
4952,0,-1,19.642727,0.68,17,0.68,0,18
4953,1,0,0.0,0.68,17,0.68,0,18
4954,0,-1,-0.0,0.68,17,0.68,0,18
4955,0,-1,10.325151,0.64,16,0.64,0,18
4956,0,-1,1.2708114,0.6,15,0.6,0,18
4957,1,0,0.0,0.6,15,0.6,1,18
4958,2,1,-7.4210715,0.64,16,0.64,0,18
4959,0,-1,7.606527,0.6,15,0.6,0,18
4960,0,-1,-0.0,0.6,15,0.6,0,18
4961,0,-1,-0.0,0.6,15,0.6,0,18
4962,0,-1,-0.0,0.6,15,0.6,0,18
4963,0,-1,-0.0,0.6,15,0.6,0,18
4964,0,-1,-0.0,0.6,15,0.6,0,18
4965,1,0,0.0,0.6,15,0.6,0,18
4966,0,-1,-0.0,0.6,15,0.6,1,18
4967,2,1,-0.12987326,0.64,16,0.64,0,18
4968,1,0,0.0,0.64,16,0.64,0,18
4969,0,-1,-0.0,0.64,16,0.64,0,18
4970,0,-1,-0.0,0.64,16,0.64,0,18
4971,2,1,0.0,0.64,16,0.64,0,18
4972,0,-1,0.12987326,0.6,15,0.6,0,18
4973,1,0,0.0,0.6,15,0.6,0,18
4974,0,-1,-0.0,0.6,15,0.6,0,18
4975,1,0,0.0,0.6,15,0.6,1,18
4976,0,-1,-0.0,0.6,15,0.6,0,18
4977,1,0,0.0,0.6,15,0.6,0,18
4978,1,0,0.0,0.6,15,0.6,0,18
4979,2,1,0.0,0.6,15,0.6,0,18
4980,0,-1,-0.0,0.6,15,0.6,0,18
4981,0,-1,-0.0,0.6,15,0.6,0,18
4982,0,-1,-0.0,0.6,15,0.6,0,18
4983,0,-1,2.415522,0.56,14,0.56,0,18
4984,2,1,8.753173,0.6,15,0.6,0,18
4985,0,-1,-8.753173,0.56,14,0.56,0,18
4986,2,1,5.2400136,0.6,15,0.6,0,18
4987,2,1,-7.416525,0.64,16,0.64,0,18
4988,0,-1,-0.0,0.64,16,0.64,0,18
4989,0,-1,7.271631,0.6,15,0.6,0,18
4990,0,-1,-0.0,0.6,15,0.6,0,18
4991,0,-1,-0.0,0.6,15,0.6,0,18
4992,2,1,-3.7490423,0.64,16,0.64,1,18
4993,0,-1,-0.12040267,0.6,15,0.6,0,18
4994,2,1,0.056647602,0.64,16,0.64,0,18
4995,1,0,0.0,0.64,16,0.64,0,18
4996,1,0,0.0,0.64,16,0.64,0,18
4997,1,0,0.0,0.64,16,0.64,0,18
4998,2,1,-8.70132,0.68,17,0.68,1,18
4999,1,0,0.0,0.68,17,0.68,0,18
5000,0,-1,6.8329463,0.64,16,0.64,0,18
5001,0,-1,-0.0,0.64,16,0.64,0,18
5002,1,0,0.0,0.64,16,0.64,1,18
5003,0,-1,3.6386135,0.6,15,0.6,0,18
5004,0,-1,-0.0,0.6,15,0.6,0,18
5005,2,1,-7.623105,0.64,16,0.64,0,18
5006,0,-1,-0.0,0.64,16,0.64,0,18
5007,0,-1,-0.0,0.64,16,0.64,0,18
5008,0,-1,-0.0,0.64,16,0.64,0,18
5009,2,1,-8.497234,0.68,17,0.68,0,18
5010,0,-1,-0.0,0.68,17,0.68,0,18
5011,1,0,0.0,0.68,17,0.68,0,18
5012,1,0,0.0,0.68,17,0.68,0,18
5013,1,0,0.0,0.68,17,0.68,0,18
5014,0,-1,14.52193,0.64,16,0.64,0,18
5015,1,0,0.0,0.64,16,0.64,1,18
5016,0,-1,4.717293,0.6,15,0.6,0,18
5017,2,1,-5.032353,0.64,16,0.64,0,18
5018,0,-1,-0.0,0.64,16,0.64,0,18
5019,0,-1,-0.0,0.64,16,0.64,0,18
5020,1,0,0.0,0.64,16,0.64,0,18
5021,0,-1,-0.0,0.64,16,0.64,0,18
5022,0,-1,-0.0,0.64,16,0.64,0,18
5023,2,1,0.0,0.64,16,0.64,0,18
5024,0,-1,-0.0,0.64,16,0.64,0,18
5025,1,0,0.0,0.64,16,0.64,0,18
5026,0,-1,-0.0,0.64,16,0.64,0,18
5027,1,0,0.0,0.64,16,0.64,0,18
5028,2,1,-10.084117,0.68,17,0.68,0,18
5029,1,0,0.0,0.68,17,0.68,0,18
5030,2,1,-16.878803,0.72,18,0.72,0,18
5031,1,0,0.0,0.72,18,0.72,0,18
5032,0,-1,-0.0,0.72,18,0.72,0,18
5033,2,1,-32.907337,0.76,19,0.76,0,18
5034,1,0,0.0,0.76,19,0.76,0,18
5035,0,-1,-0.0,0.76,19,0.76,0,18
5036,0,-1,-0.0,0.76,19,0.76,0,18
5037,0,-1,38.99001,0.72,18,0.72,0,18
5038,0,-1,-0.0,0.72,18,0.72,0,18
5039,0,-1,-0.0,0.72,18,0.72,0,18
5040,1,0,0.0,0.72,18,0.72,0,18
5041,0,-1,18.063183,0.68,17,0.68,1,18
5042,2,1,-16.658472,0.72,18,0.72,0,18
5043,2,1,-35.41752,0.76,19,0.76,0,18
5044,0,-1,34.799107,0.72,18,0.72,0,18
5045,1,0,0.0,0.72,18,0.72,0,18
5046,2,1,-36.449448,0.76,19,0.76,0,18
5047,0,-1,-0.0,0.76,19,0.76,0,18
5048,2,1,-62.758358,0.8,20,0.8,0,18
5049,0,-1,0.0,0.0,0,0.0,0,18
5050,1,0,0.0,0.16,4,0.16,0,19
5051,2,1,24.223005,0.2,5,0.2,0,19
5052,0,-1,-24.223005,0.16,4,0.16,0,19
5053,2,1,24.223005,0.2,5,0.2,0,19
5054,1,0,0.0,0.2,5,0.2,0,19
5055,1,0,0.0,0.2,5,0.2,0,19
5056,1,0,0.0,0.2,5,0.2,0,19
5057,0,-1,-0.0,0.2,5,0.2,0,19
5058,2,1,19.484404,0.24,6,0.24,0,19
5059,2,1,22.256626,0.28,7,0.28,0,19
5060,2,1,18.805353,0.32,8,0.32,0,19
5061,0,-1,-18.805353,0.28,7,0.28,0,19
5062,0,-1,-19.010124,0.24,6,0.24,0,19
5063,0,-1,-0.0,0.24,6,0.24,0,19
5064,2,1,-9.032244,0.28,7,0.28,0,19
5065,0,-1,9.032244,0.24,6,0.24,1,19
5066,2,1,19.495474,0.28,7,0.28,0,19
5067,0,-1,-19.495474,0.24,6,0.24,0,19
5068,2,1,11.838095,0.28,7,0.28,0,19
5069,1,0,0.0,0.28,7,0.28,0,19
5070,2,1,19.969788,0.32,8,0.32,0,19
5071,2,1,14.671455,0.36,9,0.36,0,19
5072,2,1,7.834846,0.4,10,0.4,0,19
5073,0,-1,-0.0,0.4,10,0.4,0,19
5074,0,-1,-0.0,0.4,10,0.4,0,19
5075,2,1,14.524434,0.44,11,0.44,0,19
5076,2,1,13.188517,0.48,12,0.48,0,19
5077,0,-1,-0.0,0.48,12,0.48,0,19
5078,1,0,0.0,0.48,12,0.48,0,19
5079,2,1,6.1165147,0.52,13,0.52,0,19
5080,2,1,5.593609,0.56,14,0.56,0,19
5081,1,0,0.0,0.56,14,0.56,0,19
5082,2,1,-3.0359979,0.6,15,0.6,0,19
5083,0,-1,-1.8638098,0.56,14,0.56,0,19
5084,0,-1,-0.0,0.56,14,0.56,0,19
5085,2,1,-7.6142626,0.6,15,0.6,0,19
5086,0,-1,-0.0,0.6,15,0.6,0,19
5087,1,0,0.0,0.6,15,0.6,0,19
5088,0,-1,3.0359979,0.56,14,0.56,0,19
5089,2,1,1.8638098,0.6,15,0.6,0,19
5090,2,1,-4.717808,0.64,16,0.64,0,19
5091,0,-1,-0.0,0.64,16,0.64,0,19
5092,0,-1,3.1354136,0.6,15,0.6,1,19
5093,2,1,-14.832517,0.64,16,0.64,0,19
5094,0,-1,-0.0,0.64,16,0.64,0,19
5095,0,-1,0.5975315,0.6,15,0.6,0,19
5096,1,0,0.0,0.6,15,0.6,0,19
5097,2,1,-6.9123197,0.64,16,0.64,0,19
5098,1,0,0.0,0.64,16,0.64,0,19
5099,2,1,-8.136859,0.68,17,0.68,0,19
5100,0,-1,8.136859,0.64,16,0.64,0,19
5101,0,-1,2.8893394,0.6,15,0.6,0,19
5102,0,-1,-0.0,0.6,15,0.6,0,19
5103,1,0,0.0,0.6,15,0.6,0,19
5104,0,-1,-0.0,0.6,15,0.6,0,19
5105,1,0,0.0,0.6,15,0.6,0,19
5106,0,-1,-0.0,0.6,15,0.6,0,19
5107,1,0,0.0,0.6,15,0.6,0,19
5108,0,-1,-0.0,0.6,15,0.6,0,19
5109,0,-1,-0.0,0.6,15,0.6,0,19
5110,0,-1,9.833294,0.56,14,0.56,0,19
5111,0,-1,-0.0,0.56,14,0.56,0,19
5112,1,0,0.0,0.56,14,0.56,0,19
5113,0,-1,-0.0,0.56,14,0.56,0,19
5114,0,-1,2.2709796,0.52,13,0.52,0,19
5115,0,-1,-0.0,0.52,13,0.52,0,19
5116,0,-1,-0.0,0.52,13,0.52,1,19
5117,0,-1,-0.0,0.52,13,0.52,0,19
5118,2,1,-1.1161535,0.56,14,0.56,0,19
5119,1,0,0.0,0.56,14,0.56,0,19
5120,2,1,4.972733,0.6,15,0.6,0,19
5121,1,0,0.0,0.6,15,0.6,0,19
5122,2,1,-1.1651965,0.64,16,0.64,0,19
5123,1,0,0.0,0.64,16,0.64,0,19
5124,1,0,0.0,0.64,16,0.64,0,19
5125,2,1,-3.0612912,0.68,17,0.68,0,19
5126,2,1,-18.663292,0.72,18,0.72,0,19
5127,0,-1,-0.0,0.72,18,0.72,0,19
5128,1,0,0.0,0.72,18,0.72,0,19
5129,1,0,0.0,0.72,18,0.72,0,19
5130,1,0,0.0,0.72,18,0.72,0,19
5131,0,-1,26.623783,0.68,17,0.68,0,19
5132,2,1,-14.149576,0.72,18,0.72,0,19
5133,0,-1,23.689472,0.68,17,0.68,0,19
5134,0,-1,13.30313,0.64,16,0.64,1,19
5135,1,0,0.0,0.64,16,0.64,0,19
5136,2,1,-13.662801,0.68,17,0.68,0,19
5137,0,-1,7.971568,0.64,16,0.64,0,19
5138,0,-1,5.9211717,0.6,15,0.6,0,19
5139,0,-1,-0.0,0.6,15,0.6,0,19
5140,1,0,0.0,0.6,15,0.6,0,19
5141,1,0,0.0,0.6,15,0.6,0,19
5142,2,1,-0.2197453,0.64,16,0.64,1,19
5143,1,0,0.0,0.64,16,0.64,0,19
5144,0,-1,-0.0,0.64,16,0.64,0,19
5145,0,-1,5.747944,0.6,15,0.6,0,19
5146,2,1,-6.4910975,0.64,16,0.64,0,19
5147,1,0,0.0,0.64,16,0.64,0,19
5148,2,1,-7.9402304,0.68,17,0.68,0,19
5149,1,0,0.0,0.68,17,0.68,0,19
5150,1,0,0.0,0.68,17,0.68,0,19
5151,0,-1,13.389922,0.64,16,0.64,0,19
5152,0,-1,-0.0,0.64,16,0.64,0,19
5153,2,1,-7.4397573,0.68,17,0.68,0,19
5154,1,0,0.0,0.68,17,0.68,0,19
5155,1,0,0.0,0.68,17,0.68,0,19
5156,0,-1,5.8751864,0.64,16,0.64,0,19
5157,0,-1,4.6330457,0.6,15,0.6,1,19
5158,0,-1,-3.7282991,0.56,14,0.56,0,19
5159,0,-1,-7.9125524,0.52,13,0.52,0,19
5160,2,1,7.2090898,0.56,14,0.56,0,19
5161,1,0,0.0,0.56,14,0.56,0,19
5162,0,-1,-8.211201,0.52,13,0.52,0,19
5163,1,0,0.0,0.52,13,0.52,0,19
5164,0,-1,-10.57024,0.48,12,0.48,0,19
5165,0,-1,-12.26933,0.44,11,0.44,0,19
5166,0,-1,-17.724716,0.4,10,0.4,0,19
5167,2,1,15.0065,0.44,11,0.44,0,19
5168,1,0,0.0,0.44,11,0.44,0,19
5169,0,-1,-0.0,0.44,11,0.44,0,19
5170,0,-1,-15.755693,0.4,10,0.4,0,19
5171,1,0,0.0,0.4,10,0.4,0,19
5172,1,0,0.0,0.4,10,0.4,0,19
5173,0,-1,-16.388876,0.36,9,0.36,0,19
5174,2,1,15.020274,0.4,10,0.4,0,19
5175,0,-1,-0.0,0.4,10,0.4,0,19
5176,2,1,12.612633,0.44,11,0.44,0,19
5177,2,1,14.765658,0.48,12,0.48,0,19
5178,2,1,11.051505,0.52,13,0.52,0,19
5179,2,1,3.2833755,0.56,14,0.56,0,19
5180,1,0,0.0,0.56,14,0.56,1,19
5181,0,-1,-0.0,0.56,14,0.56,0,19
5182,1,0,0.0,0.56,14,0.56,0,19
5183,1,0,0.0,0.56,14,0.56,0,19
5184,0,-1,-9.699716,0.52,13,0.52,0,19
5185,2,1,10.714243,0.56,14,0.56,0,19
5186,0,-1,-0.0,0.56,14,0.56,0,19
5187,1,0,0.0,0.56,14,0.56,0,19
5188,1,0,0.0,0.56,14,0.56,0,19
5189,1,0,0.0,0.56,14,0.56,0,19
5190,1,0,0.0,0.56,14,0.56,0,19
5191,2,1,5.4263206,0.6,15,0.6,0,19
5192,0,-1,-0.0,0.6,15,0.6,1,19
5193,0,-1,-0.0,0.6,15,0.6,0,19
5194,2,1,0.04084202,0.64,16,0.64,0,19
5195,0,-1,-0.0,0.64,16,0.64,0,19
5196,0,-1,-0.04084202,0.6,15,0.6,0,19
5197,0,-1,-5.646669,0.56,14,0.56,0,19
5198,1,0,0.0,0.56,14,0.56,0,19
5199,1,0,0.0,0.56,14,0.56,0,19
5200,0,-1,-0.0,0.56,14,0.56,0,19
5201,1,0,0.0,0.56,14,0.56,1,19
5202,0,-1,-0.0,0.56,14,0.56,0,19
5203,0,-1,-0.0,0.56,14,0.56,0,19
5204,0,-1,-8.241233,0.52,13,0.52,0,19
5205,2,1,6.004247,0.56,14,0.56,0,19
5206,1,0,0.0,0.56,14,0.56,0,19
5207,0,-1,-0.0,0.56,14,0.56,0,19
5208,1,0,0.0,0.56,14,0.56,0,19
5209,1,0,0.0,0.56,14,0.56,0,19
5210,1,0,0.0,0.56,14,0.56,0,19
5211,0,-1,-0.0,0.56,14,0.56,0,19
5212,2,1,5.958463,0.6,15,0.6,0,19
5213,1,0,0.0,0.6,15,0.6,1,19
5214,0,-1,-2.6420953,0.56,14,0.56,0,19
5215,1,0,0.0,0.56,14,0.56,0,19
5216,2,1,0.24855489,0.6,15,0.6,0,19
5217,2,1,-0.72284174,0.64,16,0.64,0,19
5218,0,-1,5.6104383,0.6,15,0.6,0,19
5219,0,-1,-5.9527173,0.56,14,0.56,0,19
5220,0,-1,-3.9783537,0.52,13,0.52,0,19
5221,0,-1,-10.3344555,0.48,12,0.48,0,19
5222,0,-1,-0.0,0.48,12,0.48,0,19
5223,2,1,9.268233,0.52,13,0.52,0,19
5224,2,1,9.394913,0.56,14,0.56,0,19
5225,0,-1,-0.0,0.56,14,0.56,0,19
5226,2,1,-0.4800469,0.6,15,0.6,0,19
5227,2,1,0.95348895,0.64,16,0.64,0,19
5228,0,-1,3.0001304,0.6,15,0.6,0,19
5229,0,-1,-0.0,0.6,15,0.6,0,19
5230,1,0,0.0,0.6,15,0.6,0,19
5231,1,0,0.0,0.6,15,0.6,0,19
5232,0,-1,-2.691027,0.56,14,0.56,0,19
5233,0,-1,-3.249752,0.52,13,0.52,0,19
5234,1,0,0.0,0.52,13,0.52,0,19
5235,1,0,0.0,0.52,13,0.52,0,19
5236,2,1,7.814757,0.56,14,0.56,0,19
5237,0,-1,-0.0,0.56,14,0.56,0,19
5238,0,-1,-9.394913,0.52,13,0.52,0,19
5239,0,-1,-0.0,0.52,13,0.52,0,19
5240,2,1,6.078365,0.56,14,0.56,1,19
5241,2,1,1.8919295,0.6,15,0.6,0,19
5242,2,1,-4.0951953,0.64,16,0.64,0,19
5243,0,-1,-0.0,0.64,16,0.64,0,19
5244,1,0,0.0,0.64,16,0.64,0,19
5245,0,-1,-0.0,0.64,16,0.64,0,19
5246,2,1,-6.8457355,0.68,17,0.68,0,19
5247,2,1,-16.057522,0.72,18,0.72,0,19
5248,2,1,-32.22137,0.76,19,0.76,0,19
5249,1,0,0.0,0.76,19,0.76,0,19
5250,0,-1,-0.0,0.76,19,0.76,0,19
5251,0,-1,34.730053,0.72,18,0.72,1,19
5252,2,1,-36.839558,0.76,19,0.76,0,19
5253,0,-1,-0.0,0.76,19,0.76,0,19
5254,0,-1,-0.0,0.76,19,0.76,0,19
5255,0,-1,36.839558,0.72,18,0.72,0,19
5256,0,-1,-0.0,0.72,18,0.72,0,19
5257,0,-1,-0.0,0.72,18,0.72,0,19
5258,0,-1,-0.0,0.72,18,0.72,0,19
5259,1,0,0.0,0.72,18,0.72,0,19
5260,2,1,-36.839558,0.76,19,0.76,0,19
5261,0,-1,-0.0,0.76,19,0.76,0,19
5262,0,-1,-0.0,0.76,19,0.76,1,19
5263,1,0,0.0,0.76,19,0.76,0,19
5264,0,-1,-0.0,0.76,19,0.76,0,19
5265,1,0,0.0,0.76,19,0.76,0,19
5266,2,1,-61.31749,0.8,20,0.8,0,19
5267,0,-1,55.733246,0.76,19,0.76,0,19
5268,0,-1,-0.0,0.76,19,0.76,0,19
5269,0,-1,32.547417,0.72,18,0.72,0,19
5270,1,0,0.0,0.72,18,0.72,0,19
5271,0,-1,15.836662,0.68,17,0.68,0,19
5272,1,0,0.0,0.68,17,0.68,0,19
5273,0,-1,11.946248,0.64,16,0.64,1,19
5274,0,-1,0.555386,0.6,15,0.6,0,19
5275,0,-1,-7.541187,0.56,14,0.56,0,19
5276,1,0,0.0,0.56,14,0.56,0,19
5277,0,-1,-0.0,0.56,14,0.56,1,19
5278,0,-1,-0.0,0.56,14,0.56,0,19
5279,1,0,0.0,0.56,14,0.56,0,19
5280,0,-1,-12.479606,0.52,13,0.52,0,19
5281,0,-1,-5.6271973,0.48,12,0.48,0,19
5282,1,0,0.0,0.48,12,0.48,0,19
5283,0,-1,-0.0,0.48,12,0.48,0,19
5284,1,0,0.0,0.48,12,0.48,0,19
5285,0,-1,-0.0,0.48,12,0.48,0,19
5286,0,-1,-9.580036,0.44,11,0.44,0,19
5287,0,-1,-0.0,0.44,11,0.44,0,19
5288,2,1,17.541452,0.48,12,0.48,0,19
5289,1,0,0.0,0.48,12,0.48,0,19
5290,2,1,9.26983,0.52,13,0.52,0,19
5291,1,0,0.0,0.52,13,0.52,0,19
5292,0,-1,-9.26983,0.48,12,0.48,0,19
5293,0,-1,-17.541452,0.44,11,0.44,0,19
5294,1,0,0.0,0.44,11,0.44,0,19
5295,2,1,11.482663,0.48,12,0.48,0,19
5296,2,1,6.5083895,0.52,13,0.52,0,19
5297,1,0,0.0,0.52,13,0.52,0,19
5298,2,1,8.150581,0.56,14,0.56,0,19
5299,1,0,0.0,0.56,14,0.56,0,19
5300,0,-1,-0.0,0.56,14,0.56,0,19
5301,2,1,-0.5159982,0.6,15,0.6,0,19
5302,0,-1,0.5159982,0.56,14,0.56,1,19
5303,0,-1,-0.0,0.56,14,0.56,0,19
5304,1,0,0.0,0.56,14,0.56,0,19
5305,1,0,0.0,0.56,14,0.56,0,19
5306,0,-1,-5.928373,0.52,13,0.52,0,19
5307,0,-1,-0.0,0.52,13,0.52,0,19
5308,1,0,0.0,0.52,13,0.52,0,19
5309,2,1,5.625948,0.56,14,0.56,0,19
5310,1,0,0.0,0.56,14,0.56,0,19
5311,1,0,0.0,0.56,14,0.56,0,19
5312,1,0,0.0,0.56,14,0.56,0,19
5313,1,0,0.0,0.56,14,0.56,0,19
5314,1,0,0.0,0.56,14,0.56,0,19
5315,0,-1,-0.0,0.56,14,0.56,0,19
5316,0,-1,-6.470604,0.52,13,0.52,1,19
5317,2,1,5.6433563,0.56,14,0.56,0,19
5318,0,-1,-5.6571813,0.52,13,0.52,0,19
5319,0,-1,-0.0,0.52,13,0.52,0,19
5320,1,0,0.0,0.52,13,0.52,0,19
5321,0,-1,-0.0,0.52,13,0.52,0,19
5322,0,-1,-0.0,0.52,13,0.52,0,19
5323,2,1,5.9036174,0.56,14,0.56,0,19
5324,2,1,-1.3713132,0.6,15,0.6,0,19
5325,1,0,0.0,0.6,15,0.6,0,19
5326,2,1,-7.2516704,0.64,16,0.64,0,19
5327,2,1,-12.925657,0.68,17,0.68,0,19
5328,1,0,0.0,0.68,17,0.68,0,19
5329,0,-1,14.150495,0.64,16,0.64,0,19
5330,0,-1,-0.0,0.64,16,0.64,0,19
5331,0,-1,-0.0,0.64,16,0.64,0,19
5332,1,0,0.0,0.64,16,0.64,0,19
5333,0,-1,0.555458,0.6,15,0.6,0,19
5334,0,-1,-2.173818,0.56,14,0.56,0,19
5335,0,-1,-2.3584857,0.52,13,0.52,0,19
5336,2,1,1.4773518,0.56,14,0.56,0,19
5337,0,-1,-2.7021892,0.52,13,0.52,0,19
5338,0,-1,-4.324759,0.48,12,0.48,0,19
5339,0,-1,-14.036141,0.44,11,0.44,1,19
5340,1,0,0.0,0.44,11,0.44,0,19
5341,0,-1,-0.0,0.44,11,0.44,0,19
5342,0,-1,-11.06187,0.4,10,0.4,0,19
5343,0,-1,-0.0,0.4,10,0.4,1,19
5344,0,-1,-0.0,0.4,10,0.4,0,19
5345,1,0,0.0,0.4,10,0.4,0,19
5346,0,-1,-0.0,0.4,10,0.4,0,19
5347,1,0,0.0,0.4,10,0.4,0,19
5348,2,1,15.0646,0.44,11,0.44,0,19
5349,1,0,0.0,0.0,0,0.0,0,19
5350,1,0,0.0,0.16,4,0.16,0,20
5351,0,-1,-0.0,0.16,4,0.16,0,20
5352,1,0,0.0,0.16,4,0.16,0,20
5353,1,0,0.0,0.16,4,0.16,0,20
5354,1,0,0.0,0.16,4,0.16,0,20
5355,1,0,0.0,0.16,4,0.16,0,20
5356,1,0,0.0,0.16,4,0.16,1,20
5357,0,-1,-0.0,0.16,4,0.16,0,20
5358,2,1,24.121424,0.2,5,0.2,0,20
5359,2,1,22.320778,0.24,6,0.24,0,20
5360,2,1,17.054928,0.28,7,0.28,0,20
5361,1,0,0.0,0.28,7,0.28,1,20
5362,1,0,0.0,0.28,7,0.28,0,20
5363,1,0,0.0,0.28,7,0.28,0,20
5364,0,-1,-17.72722,0.24,6,0.24,0,20
5365,2,1,21.71859,0.28,7,0.28,0,20
5366,0,-1,-21.71859,0.24,6,0.24,0,20
5367,1,0,0.0,0.24,6,0.24,0,20
5368,1,0,0.0,0.24,6,0.24,0,20
5369,2,1,19.532276,0.28,7,0.28,0,20
5370,1,0,0.0,0.28,7,0.28,0,20
5371,2,1,21.055483,0.32,8,0.32,0,20
5372,0,-1,-0.0,0.32,8,0.32,0,20
5373,2,1,15.819307,0.36,9,0.36,0,20
5374,1,0,0.0,0.36,9,0.36,0,20
5375,2,1,13.042069,0.4,10,0.4,0,20
5376,1,0,0.0,0.4,10,0.4,0,20
5377,0,-1,-0.0,0.4,10,0.4,0,20
5378,0,-1,-0.0,0.4,10,0.4,0,20
5379,0,-1,-0.0,0.4,10,0.4,0,20
5380,2,1,13.432654,0.44,11,0.44,0,20
5381,2,1,9.416651,0.48,12,0.48,0,20
5382,1,0,0.0,0.48,12,0.48,0,20
5383,0,-1,-9.917533,0.44,11,0.44,1,20
5384,1,0,0.0,0.44,11,0.44,0,20
5385,0,-1,-0.0,0.44,11,0.44,0,20
5386,1,0,0.0,0.44,11,0.44,0,20
5387,0,-1,-0.0,0.44,11,0.44,0,20
5388,0,-1,-0.0,0.44,11,0.44,0,20
5389,0,-1,-0.0,0.44,11,0.44,0,20
5390,2,1,9.952355,0.48,12,0.48,0,20
5391,2,1,15.201632,0.52,13,0.52,0,20
5392,2,1,8.93282,0.56,14,0.56,0,20
5393,0,-1,-0.0,0.56,14,0.56,0,20
5394,1,0,0.0,0.56,14,0.56,0,20
5395,0,-1,-8.93282,0.52,13,0.52,0,20
5396,1,0,0.0,0.52,13,0.52,0,20
5397,0,-1,-15.201632,0.48,12,0.48,0,20
5398,0,-1,-0.0,0.48,12,0.48,0,20
5399,1,0,0.0,0.48,12,0.48,0,20
5400,1,0,0.0,0.48,12,0.48,0,20
5401,0,-1,-0.0,0.48,12,0.48,0,20
5402,2,1,12.523957,0.52,13,0.52,0,20
5403,0,-1,-7.190503,0.48,12,0.48,0,20
5404,0,-1,-0.0,0.48,12,0.48,0,20
5405,0,-1,-0.0,0.48,12,0.48,0,20
5406,0,-1,-11.841609,0.44,11,0.44,0,20
5407,2,1,13.329483,0.48,12,0.48,0,20
5408,1,0,0.0,0.48,12,0.48,0,20
5409,0,-1,-9.952355,0.44,11,0.44,0,20
5410,0,-1,-0.0,0.44,11,0.44,0,20
5411,2,1,9.952355,0.48,12,0.48,0,20
5412,1,0,0.0,0.48,12,0.48,0,20
5413,1,0,0.0,0.48,12,0.48,1,20
5414,2,1,9.134852,0.52,13,0.52,0,20
5415,0,-1,-9.134852,0.48,12,0.48,0,20
5416,0,-1,-10.094126,0.44,11,0.44,0,20
5417,1,0,0.0,0.44,11,0.44,1,20
5418,2,1,11.132037,0.48,12,0.48,0,20
5419,1,0,0.0,0.48,12,0.48,0,20
5420,2,1,9.646015,0.52,13,0.52,0,20
5421,0,-1,-10.950962,0.48,12,0.48,0,20
5422,2,1,8.262154,0.52,13,0.52,1,20
5423,0,-1,-0.0,0.52,13,0.52,0,20
5424,2,1,8.04006,0.56,14,0.56,0,20
5425,1,0,0.0,0.56,14,0.56,0,20
5426,0,-1,-5.563279,0.52,13,0.52,0,20
5427,2,1,4.310066,0.56,14,0.56,0,20
5428,2,1,-0.056116596,0.6,15,0.6,0,20
5429,0,-1,-3.064629,0.56,14,0.56,0,20
5430,0,-1,-3.6736825,0.52,13,0.52,0,20
5431,1,0,0.0,0.52,13,0.52,0,20
5432,2,1,6.366319,0.56,14,0.56,0,20
5433,1,0,0.0,0.56,14,0.56,0,20
5434,1,0,0.0,0.56,14,0.56,0,20
5435,2,1,-1.7982224,0.6,15,0.6,0,20
5436,0,-1,-0.0,0.6,15,0.6,1,20
5437,2,1,-4.4471226,0.64,16,0.64,1,20
5438,0,-1,-0.0,0.64,16,0.64,0,20
5439,1,0,0.0,0.64,16,0.64,0,20
5440,0,-1,-0.38328394,0.6,15,0.6,0,20
5441,2,1,-6.642391,0.64,16,0.64,0,20
5442,1,0,0.0,0.64,16,0.64,0,20
5443,0,-1,6.4060116,0.6,15,0.6,0,20
5444,2,1,-6.480064,0.64,16,0.64,0,20
5445,2,1,-7.258889,0.68,17,0.68,0,20
5446,0,-1,-0.0,0.68,17,0.68,0,20
5447,0,-1,13.378888,0.64,16,0.64,0,20
5448,2,1,-15.712881,0.68,17,0.68,0,20
5449,2,1,-13.187673,0.72,18,0.72,0,20
5450,1,0,0.0,0.72,18,0.72,0,20
5451,2,1,-34.056282,0.76,19,0.76,0,20
5452,2,1,-61.771076,0.8,20,0.8,0,20
5453,2,1,-101.29241,0.84,21,0.84,0,20
5454,2,1,-187.0481,0.88,22,0.88,0,20
5455,1,0,0.0,0.88,22,0.88,1,20
5456,0,-1,187.01645,0.84,21,0.84,0,20
5457,1,0,0.0,0.84,21,0.84,0,20
5458,0,-1,93.44537,0.8,20,0.8,0,20
5459,1,0,0.0,0.8,20,0.8,0,20
5460,1,0,0.0,0.8,20,0.8,0,20
5461,1,0,0.0,0.8,20,0.8,0,20
5462,0,-1,59.656902,0.76,19,0.76,0,20
5463,1,0,0.0,0.76,19,0.76,0,20
5464,0,-1,-0.0,0.76,19,0.76,0,20
5465,0,-1,36.001083,0.72,18,0.72,0,20
5466,2,1,-39.829136,0.76,19,0.76,0,20
5467,1,0,0.0,0.76,19,0.76,0,20
5468,1,0,0.0,0.76,19,0.76,1,20
5469,2,1,-64.02212,0.8,20,0.8,0,20
5470,0,-1,-0.0,0.8,20,0.8,0,20
5471,2,1,-101.193924,0.84,21,0.84,0,20
5472,0,-1,-0.0,0.84,21,0.84,0,20
5473,1,0,0.0,0.84,21,0.84,0,20
5474,1,0,0.0,0.84,21,0.84,0,20
5475,1,0,0.0,0.84,21,0.84,0,20
5476,0,-1,98.978874,0.8,20,0.8,0,20
5477,0,-1,64.202545,0.76,19,0.76,0,20
5478,0,-1,34.274143,0.72,18,0.72,0,20
5479,0,-1,-0.0,0.72,18,0.72,0,20
5480,0,-1,-0.0,0.72,18,0.72,0,20
5481,2,1,0.0,0.72,18,0.72,0,20
5482,1,0,0.0,0.72,18,0.72,0,20
5483,0,-1,-0.0,0.72,18,0.72,0,20
5484,1,0,0.0,0.72,18,0.72,0,20
5485,1,0,0.0,0.72,18,0.72,0,20
5486,0,-1,24.88557,0.68,17,0.68,0,20
5487,1,0,0.0,0.68,17,0.68,0,20
5488,0,-1,13.179469,0.64,16,0.64,0,20
5489,0,-1,4.1586146,0.6,15,0.6,1,20
5490,2,1,3.5880497,0.64,16,0.64,0,20
5491,1,0,0.0,0.64,16,0.64,0,20
5492,0,-1,-0.0,0.64,16,0.64,0,20
5493,1,0,0.0,0.64,16,0.64,0,20
5494,1,0,0.0,0.64,16,0.64,1,20
5495,2,1,-6.856844,0.68,17,0.68,0,20
5496,0,-1,3.311772,0.64,16,0.64,0,20
5497,0,-1,-0.0,0.64,16,0.64,0,20
5498,1,0,0.0,0.64,16,0.64,0,20
5499,0,-1,-0.0,0.64,16,0.64,0,20
5500,0,-1,-0.0,0.64,16,0.64,0,20
5501,0,-1,-0.0,0.64,16,0.64,0,20
5502,0,-1,0.2387222,0.6,15,0.6,0,20
5503,1,0,0.0,0.6,15,0.6,0,20
5504,2,1,-4.080711,0.64,16,0.64,0,20
5505,2,1,-12.521303,0.68,17,0.68,0,20
5506,0,-1,-0.0,0.68,17,0.68,0,20
5507,0,-1,-0.0,0.68,17,0.68,0,20
5508,1,0,0.0,0.68,17,0.68,0,20
5509,0,-1,-0.0,0.68,17,0.68,0,20
5510,2,1,-25.573969,0.72,18,0.72,0,20
5511,1,0,0.0,0.72,18,0.72,0,20
5512,0,-1,-0.0,0.72,18,0.72,0,20
5513,1,0,0.0,0.72,18,0.72,0,20
5514,1,0,0.0,0.72,18,0.72,0,20
5515,0,-1,25.389761,0.68,17,0.68,0,20
5516,0,-1,8.738968,0.64,16,0.64,0,20
5517,1,0,0.0,0.64,16,0.64,0,20
5518,2,1,0.0,0.64,16,0.64,0,20
5519,2,1,-9.405489,0.68,17,0.68,0,20
5520,1,0,0.0,0.68,17,0.68,0,20
5521,0,-1,-0.0,0.68,17,0.68,0,20
5522,0,-1,9.405489,0.64,16,0.64,0,20
5523,0,-1,5.6224785,0.6,15,0.6,0,20
5524,2,1,-8.616717,0.64,16,0.64,1,20
5525,1,0,0.0,0.64,16,0.64,0,20
5526,2,1,-5.8381696,0.68,17,0.68,0,20
5527,1,0,0.0,0.68,17,0.68,0,20
5528,1,0,0.0,0.68,17,0.68,0,20
5529,0,-1,10.906429,0.64,16,0.64,0,20
5530,0,-1,-0.0,0.64,16,0.64,0,20
5531,0,-1,8.616034,0.6,15,0.6,0,20
5532,2,1,-2.7177737,0.64,16,0.64,0,20
5533,0,-1,-0.0,0.64,16,0.64,0,20
5534,1,0,0.0,0.64,16,0.64,0,20
5535,1,0,0.0,0.64,16,0.64,0,20
5536,2,1,-10.949028,0.68,17,0.68,1,20
5537,1,0,0.0,0.68,17,0.68,0,20
5538,0,-1,15.686056,0.64,16,0.64,0,20
5539,2,1,-7.2620006,0.68,17,0.68,0,20
5540,2,1,-18.665686,0.72,18,0.72,0,20
5541,1,0,0.0,0.72,18,0.72,0,20
5542,0,-1,-0.0,0.72,18,0.72,0,20
5543,2,1,-37.10122,0.76,19,0.76,0,20
5544,1,0,0.0,0.76,19,0.76,0,20
5545,0,-1,37.10122,0.72,18,0.72,0,20
5546,0,-1,-0.0,0.72,18,0.72,0,20
5547,0,-1,20.773184,0.68,17,0.68,0,20
5548,0,-1,9.612018,0.64,16,0.64,0,20
5549,0,-1,0.36317602,0.6,15,0.6,1,20
5550,1,0,0.0,0.6,15,0.6,0,20
5551,1,0,0.0,0.6,15,0.6,0,20
5552,0,-1,-0.0,0.6,15,0.6,0,20
5553,0,-1,1.6124266,0.56,14,0.56,0,20
5554,1,0,0.0,0.56,14,0.56,0,20
5555,0,-1,-0.0,0.56,14,0.56,0,20
5556,0,-1,-9.9223,0.52,13,0.52,0,20
5557,1,0,0.0,0.52,13,0.52,0,20
5558,0,-1,-0.0,0.52,13,0.52,1,20
5559,1,0,0.0,0.52,13,0.52,0,20
5560,2,1,6.149081,0.56,14,0.56,0,20
5561,2,1,-1.6115004,0.6,15,0.6,0,20
5562,0,-1,-0.0,0.6,15,0.6,0,20
5563,0,-1,-3.1374428,0.56,14,0.56,0,20
5564,2,1,1.0484526,0.6,15,0.6,0,20
5565,0,-1,-0.0,0.6,15,0.6,0,20
5566,1,0,0.0,0.6,15,0.6,0,20
5567,0,-1,1.6115004,0.56,14,0.56,0,20
5568,0,-1,-4.7782516,0.52,13,0.52,0,20
5569,0,-1,-0.0,0.52,13,0.52,0,20
5570,0,-1,-0.0,0.52,13,0.52,0,20
5571,1,0,0.0,0.52,13,0.52,0,20
5572,2,1,8.405156,0.56,14,0.56,0,20
5573,1,0,0.0,0.56,14,0.56,0,20
5574,1,0,0.0,0.56,14,0.56,0,20
5575,0,-1,-4.3676915,0.52,13,0.52,0,20
5576,1,0,0.0,0.52,13,0.52,0,20
5577,0,-1,-8.996489,0.48,12,0.48,1,20
5578,0,-1,-0.0,0.48,12,0.48,0,20
5579,2,1,7.1785607,0.52,13,0.52,0,20
5580,2,1,2.1348152,0.56,14,0.56,0,20
5581,2,1,-3.5645614,0.6,15,0.6,0,20
5582,0,-1,-4.6848154,0.56,14,0.56,0,20
5583,1,0,0.0,0.56,14,0.56,0,20
5584,1,0,0.0,0.56,14,0.56,0,20
5585,0,-1,-9.804615,0.52,13,0.52,0,20
5586,0,-1,-0.0,0.52,13,0.52,0,20
5587,0,-1,-0.0,0.52,13,0.52,1,20
5588,0,-1,-3.0114558,0.48,12,0.48,0,20
5589,2,1,9.713227,0.52,13,0.52,0,20
5590,0,-1,-0.0,0.52,13,0.52,0,20
5591,2,1,6.885795,0.56,14,0.56,0,20
5592,0,-1,-2.1407573,0.52,13,0.52,0,20
5593,2,1,7.196566,0.56,14,0.56,0,20
5594,0,-1,-6.86582,0.52,13,0.52,0,20
5595,0,-1,-0.0,0.52,13,0.52,0,20
5596,0,-1,-10.043973,0.48,12,0.48,0,20
5597,1,0,0.0,0.48,12,0.48,0,20
5598,0,-1,-0.0,0.48,12,0.48,0,20
5599,0,-1,-0.0,0.48,12,0.48,0,20
5600,1,0,0.0,0.48,12,0.48,0,20
5601,1,0,0.0,0.48,12,0.48,0,20
5602,0,-1,-9.391916,0.44,11,0.44,0,20
5603,1,0,0.0,0.44,11,0.44,1,20
5604,1,0,0.0,0.44,11,0.44,0,20
5605,1,0,0.0,0.44,11,0.44,0,20
5606,1,0,0.0,0.44,11,0.44,0,20
5607,2,1,10.578904,0.48,12,0.48,0,20
5608,1,0,0.0,0.48,12,0.48,0,20
5609,2,1,7.3668866,0.52,13,0.52,0,20
5610,2,1,2.139544,0.56,14,0.56,0,20
5611,0,-1,-5.518664,0.52,13,0.52,0,20
5612,1,0,0.0,0.52,13,0.52,0,20
5613,2,1,12.291879,0.56,14,0.56,0,20
5614,0,-1,-0.0,0.56,14,0.56,0,20
5615,1,0,0.0,0.56,14,0.56,0,20
5616,0,-1,-0.0,0.56,14,0.56,0,20
5617,2,1,7.339664,0.6,15,0.6,0,20
5618,0,-1,-0.0,0.6,15,0.6,0,20
5619,2,1,-3.2103581,0.64,16,0.64,0,20
5620,1,0,0.0,0.64,16,0.64,0,20
5621,0,-1,1.6860701,0.6,15,0.6,0,20
5622,0,-1,-5.462127,0.56,14,0.56,0,20
5623,2,1,4.3675404,0.6,15,0.6,0,20
5624,2,1,0.26845947,0.64,16,0.64,0,20
5625,0,-1,-0.0,0.64,16,0.64,0,20
5626,0,-1,6.589478,0.6,15,0.6,0,20
5627,1,0,0.0,0.6,15,0.6,0,20
5628,1,0,0.0,0.6,15,0.6,0,20
5629,0,-1,-0.0,0.6,15,0.6,0,20
5630,1,0,0.0,0.6,15,0.6,0,20
5631,1,0,0.0,0.6,15,0.6,1,20
5632,0,-1,-1.8369821,0.56,14,0.56,0,20
5633,0,-1,-0.0,0.56,14,0.56,1,20
5634,2,1,1.4875019,0.6,15,0.6,0,20
5635,0,-1,-0.0,0.6,15,0.6,0,20
5636,0,-1,-4.5727496,0.56,14,0.56,0,20
5637,0,-1,-0.0,0.56,14,0.56,0,20
5638,0,-1,-4.4908195,0.52,13,0.52,0,20
5639,2,1,9.834646,0.56,14,0.56,0,20
5640,0,-1,-0.0,0.56,14,0.56,0,20
5641,2,1,-0.2117895,0.6,15,0.6,0,20
5642,0,-1,-0.0,0.6,15,0.6,0,20
5643,0,-1,-0.0,0.6,15,0.6,0,20
5644,0,-1,-0.0,0.6,15,0.6,0,20
5645,0,-1,0.2117895,0.56,14,0.56,0,20
5646,0,-1,-0.0,0.56,14,0.56,0,20
5647,0,-1,-0.0,0.56,14,0.56,0,20
5648,0,-1,-0.0,0.56,14,0.56,1,20
5649,1,0,0.0,0.0,0,0.0,0,20
5650,0,-1,-0.0,0.16,4,0.16,0,21
5651,1,0,0.0,0.16,4,0.16,0,21
5652,2,1,-8.281979,0.2,5,0.2,0,21
5653,2,1,23.947102,0.24,6,0.24,0,21
5654,0,-1,-23.947102,0.2,5,0.2,0,21
5655,0,-1,8.281979,0.16,4,0.16,0,21
5656,2,1,24.223005,0.2,5,0.2,0,21
5657,0,-1,-0.0,0.2,5,0.2,0,21
5658,1,0,0.0,0.2,5,0.2,0,21
5659,0,-1,-0.0,0.2,5,0.2,0,21
5660,1,0,0.0,0.2,5,0.2,0,21
5661,1,0,0.0,0.2,5,0.2,0,21
5662,2,1,-8.557965,0.24,6,0.24,0,21
5663,2,1,-9.032162,0.28,7,0.28,0,21
5664,2,1,-9.6959095,0.32,8,0.32,0,21
5665,1,0,0.0,0.32,8,0.32,0,21
5666,1,0,0.0,0.32,8,0.32,0,21
5667,2,1,-10.560928,0.36,9,0.36,0,21
5668,2,1,-11.65925,0.4,10,0.4,0,21
5669,0,-1,11.659217,0.36,9,0.36,0,21
5670,0,-1,10.560375,0.32,8,0.32,0,21
5671,1,0,0.0,0.32,8,0.32,0,21
5672,0,-1,-0.0,0.32,8,0.32,0,21
5673,2,1,20.728495,0.36,9,0.36,0,21
5674,2,1,-11.658664,0.4,10,0.4,0,21
5675,2,1,-13.04163,0.44,11,0.44,0,21
5676,2,1,-14.783786,0.48,12,0.48,0,21
5677,0,-1,14.783792,0.44,11,0.44,1,21
5678,2,1,17.665997,0.48,12,0.48,0,21
5679,2,1,10.995561,0.52,13,0.52,0,21
5680,2,1,9.700549,0.56,14,0.56,0,21
5681,0,-1,-9.700549,0.52,13,0.52,0,21
5682,0,-1,1.0851737,0.48,12,0.48,0,21
5683,1,0,0.0,0.48,12,0.48,0,21
5684,1,0,0.0,0.48,12,0.48,1,21
5685,0,-1,-16.819412,0.44,11,0.44,0,21
5686,2,1,-1.6802804,0.48,12,0.48,0,21
5687,1,0,0.0,0.48,12,0.48,0,21
5688,0,-1,1.6802804,0.44,11,0.44,0,21
5689,1,0,0.0,0.44,11,0.44,0,21
5690,2,1,11.654635,0.48,12,0.48,0,21
5691,0,-1,-8.395768,0.44,11,0.44,0,21
5692,0,-1,-1.2508664,0.4,10,0.4,1,21
5693,1,0,0.0,0.4,10,0.4,0,21
5694,2,1,3.3455162,0.44,11,0.44,0,21
5695,2,1,11.591405,0.48,12,0.48,0,21
5696,0,-1,-1.6033542,0.44,11,0.44,0,21
5697,1,0,0.0,0.44,11,0.44,0,21
5698,0,-1,-0.0,0.44,11,0.44,0,21
5699,1,0,0.0,0.44,11,0.44,0,21
5700,1,0,0.0,0.44,11,0.44,0,21
5701,0,-1,-19.341356,0.4,10,0.4,0,21
5702,2,1,9.920015,0.44,11,0.44,0,21
5703,1,0,0.0,0.44,11,0.44,1,21
5704,1,0,0.0,0.44,11,0.44,0,21
5705,1,0,0.0,0.44,11,0.44,0,21
5706,2,1,7.219705,0.48,12,0.48,0,21
5707,1,0,0.0,0.48,12,0.48,0,21
5708,2,1,6.981296,0.52,13,0.52,0,21
5709,0,-1,-5.0068717,0.48,12,0.48,0,21
5710,2,1,7.615426,0.52,13,0.52,0,21
5711,1,0,0.0,0.52,13,0.52,0,21
5712,2,1,1.357668,0.56,14,0.56,0,21
5713,0,-1,-1.357668,0.52,13,0.52,1,21
5714,0,-1,-7.6756845,0.48,12,0.48,0,21
5715,0,-1,-9.310029,0.44,11,0.44,0,21
5716,1,0,0.0,0.44,11,0.44,0,21
5717,0,-1,-0.0,0.44,11,0.44,0,21
5718,1,0,0.0,0.44,11,0.44,0,21
5719,1,0,0.0,0.44,11,0.44,0,21
5720,1,0,0.0,0.44,11,0.44,0,21
5721,0,-1,-13.511734,0.4,10,0.4,0,21
5722,0,-1,-17.28984,0.36,9,0.36,0,21
5723,0,-1,-22.046913,0.32,8,0.32,0,21
5724,1,0,0.0,0.32,8,0.32,0,21
5725,0,-1,-0.0,0.32,8,0.32,0,21
5726,2,1,21.898933,0.36,9,0.36,0,21
5727,0,-1,-0.0,0.36,9,0.36,0,21
5728,0,-1,-16.608822,0.32,8,0.32,0,21
5729,0,-1,-0.0,0.32,8,0.32,0,21
5730,1,0,0.0,0.32,8,0.32,1,21
5731,1,0,0.0,0.32,8,0.32,0,21
5732,2,1,6.9612937,0.36,9,0.36,0,21
5733,2,1,16.766483,0.4,10,0.4,0,21
5734,0,-1,-5.863005,0.36,9,0.36,0,21
5735,2,1,19.419077,0.4,10,0.4,0,21
5736,1,0,0.0,0.4,10,0.4,0,21
5737,0,-1,-13.8677225,0.36,9,0.36,0,21
5738,2,1,16.953386,0.4,10,0.4,0,21
5739,0,-1,-0.0,0.4,10,0.4,0,21
5740,0,-1,-16.953386,0.36,9,0.36,0,21
5741,1,0,0.0,0.36,9,0.36,0,21
5742,2,1,17.160202,0.4,10,0.4,0,21
5743,1,0,0.0,0.4,10,0.4,0,21
5744,1,0,0.0,0.4,10,0.4,1,21
5745,0,-1,-17.298073,0.36,9,0.36,0,21
5746,0,-1,-0.0,0.36,9,0.36,0,21
5747,1,0,0.0,0.36,9,0.36,1,21
5748,2,1,17.228247,0.4,10,0.4,0,21
5749,2,1,14.461778,0.44,11,0.44,0,21
5750,1,0,0.0,0.44,11,0.44,0,21
5751,1,0,0.0,0.44,11,0.44,0,21
5752,0,-1,-0.0,0.44,11,0.44,0,21
5753,1,0,0.0,0.44,11,0.44,0,21
5754,0,-1,-17.995296,0.4,10,0.4,0,21
5755,2,1,19.20126,0.44,11,0.44,0,21
5756,0,-1,-14.461778,0.4,10,0.4,0,21
5757,0,-1,-20.583635,0.36,9,0.36,0,21
5758,1,0,0.0,0.36,9,0.36,0,21
5759,1,0,0.0,0.36,9,0.36,0,21
5760,1,0,0.0,0.36,9,0.36,0,21
5761,2,1,7.8569694,0.4,10,0.4,0,21
5762,1,0,0.0,0.4,10,0.4,0,21
5763,2,1,4.317008,0.44,11,0.44,1,21
5764,2,1,16.207504,0.48,12,0.48,0,21
5765,2,1,11.7027445,0.52,13,0.52,0,21
5766,2,1,9.393659,0.56,14,0.56,0,21
5767,1,0,0.0,0.56,14,0.56,0,21
5768,0,-1,-11.1472645,0.52,13,0.52,0,21
5769,2,1,-1.6899145,0.56,14,0.56,0,21
5770,2,1,2.76179,0.6,15,0.6,1,21
5771,2,1,-4.1722045,0.64,16,0.64,0,21
5772,1,0,0.0,0.64,16,0.64,0,21
5773,0,-1,2.0851345,0.6,15,0.6,0,21
5774,2,1,-12.750766,0.64,16,0.64,0,21
5775,1,0,0.0,0.64,16,0.64,0,21
5776,1,0,0.0,0.64,16,0.64,0,21
5777,2,1,-9.442529,0.68,17,0.68,0,21
5778,1,0,0.0,0.68,17,0.68,0,21
5779,0,-1,11.071029,0.64,16,0.64,0,21
5780,0,-1,-0.44105113,0.6,15,0.6,0,21
5781,0,-1,-0.0,0.6,15,0.6,0,21
5782,0,-1,3.4508345,0.56,14,0.56,0,21
5783,1,0,0.0,0.56,14,0.56,0,21
5784,2,1,1.0932604,0.6,15,0.6,0,21
5785,0,-1,-0.0,0.6,15,0.6,0,21
5786,1,0,0.0,0.6,15,0.6,0,21
5787,0,-1,-1.0932604,0.56,14,0.56,0,21
5788,0,-1,-0.0,0.56,14,0.56,1,21
5789,0,-1,-6.612621,0.52,13,0.52,0,21
5790,0,-1,1.1349796,0.48,12,0.48,0,21
5791,0,-1,-0.0,0.48,12,0.48,0,21
5792,0,-1,-0.0,0.48,12,0.48,0,21
5793,2,1,6.6909165,0.52,13,0.52,0,21
5794,0,-1,-0.0,0.52,13,0.52,0,21
5795,1,0,0.0,0.52,13,0.52,0,21
5796,1,0,0.0,0.52,13,0.52,0,21
5797,0,-1,-0.0,0.52,13,0.52,0,21
5798,1,0,0.0,0.52,13,0.52,0,21
5799,0,-1,-12.174113,0.48,12,0.48,0,21
5800,0,-1,-8.903749,0.44,11,0.44,1,21
5801,0,-1,-13.7319,0.4,10,0.4,0,21
5802,2,1,15.038848,0.44,11,0.44,0,21
5803,1,0,0.0,0.44,11,0.44,0,21
5804,2,1,13.899807,0.48,12,0.48,0,21
5805,1,0,0.0,0.48,12,0.48,0,21
5806,2,1,10.42879,0.52,13,0.52,0,21
5807,2,1,7.005681,0.56,14,0.56,0,21
5808,2,1,5.6346617,0.6,15,0.6,0,21
5809,1,0,0.0,0.6,15,0.6,0,21
5810,0,-1,-0.0,0.6,15,0.6,1,21
5811,2,1,-4.6235447,0.64,16,0.64,0,21
5812,2,1,-7.6206937,0.68,17,0.68,0,21
5813,0,-1,8.062932,0.64,16,0.64,0,21
5814,0,-1,-0.0,0.64,16,0.64,0,21
5815,0,-1,7.745427,0.6,15,0.6,0,21
5816,0,-1,-0.0,0.6,15,0.6,0,21
5817,0,-1,-0.18161988,0.56,14,0.56,0,21
5818,2,1,2.621919,0.6,15,0.6,0,21
5819,1,0,0.0,0.6,15,0.6,0,21
5820,0,-1,-0.37567872,0.56,14,0.56,0,21
5821,0,-1,-7.082704,0.52,13,0.52,0,21
5822,2,1,4.5239053,0.56,14,0.56,0,21
5823,1,0,0.0,0.56,14,0.56,0,21
5824,1,0,0.0,0.56,14,0.56,0,21
5825,0,-1,-0.0,0.56,14,0.56,1,21
5826,2,1,-0.8334506,0.6,15,0.6,0,21
5827,1,0,0.0,0.6,15,0.6,0,21
5828,0,-1,0.8334506,0.56,14,0.56,0,21
5829,2,1,1.7049334,0.6,15,0.6,0,21
5830,0,-1,-0.0,0.6,15,0.6,0,21
5831,2,1,-2.265175,0.64,16,0.64,0,21
5832,1,0,0.0,0.64,16,0.64,0,21
5833,1,0,0.0,0.64,16,0.64,0,21
5834,1,0,0.0,0.64,16,0.64,0,21
5835,1,0,0.0,0.64,16,0.64,0,21
5836,1,0,0.0,0.64,16,0.64,0,21
5837,0,-1,-0.0,0.64,16,0.64,0,21
5838,0,-1,-0.11647325,0.6,15,0.6,0,21
5839,0,-1,-0.0,0.6,15,0.6,0,21
5840,2,1,2.3224046,0.64,16,0.64,1,21
5841,1,0,0.0,0.64,16,0.64,0,21
5842,2,1,-8.087792,0.68,17,0.68,0,21
5843,0,-1,8.087792,0.64,16,0.64,0,21
5844,1,0,0.0,0.64,16,0.64,0,21
5845,1,0,0.0,0.64,16,0.64,0,21
5846,0,-1,-0.0,0.64,16,0.64,0,21
5847,2,1,-7.395383,0.68,17,0.68,0,21
5848,1,0,0.0,0.68,17,0.68,0,21
5849,0,-1,10.878657,0.64,16,0.64,0,21
5850,0,-1,2.2626297,0.6,15,0.6,0,21
5851,0,-1,-0.0,0.6,15,0.6,0,21
5852,0,-1,-6.1044765,0.56,14,0.56,0,21
5853,0,-1,-0.0,0.56,14,0.56,0,21
5854,2,1,5.6604533,0.6,15,0.6,0,21
5855,2,1,-1.1889677,0.64,16,0.64,0,21
5856,0,-1,2.3480854,0.6,15,0.6,1,21
5857,1,0,0.0,0.6,15,0.6,0,21
5858,0,-1,-0.0,0.6,15,0.6,0,21
5859,0,-1,-4.6277804,0.56,14,0.56,0,21
5860,0,-1,-0.0,0.56,14,0.56,1,21
5861,2,1,2.5920718,0.6,15,0.6,0,21
5862,2,1,-2.0726187,0.64,16,0.64,0,21
5863,1,0,0.0,0.64,16,0.64,0,21
5864,2,1,-11.668644,0.68,17,0.68,0,21
5865,0,-1,8.062663,0.64,16,0.64,0,21
5866,0,-1,-0.68261087,0.6,15,0.6,0,21
5867,2,1,0.83631295,0.64,16,0.64,0,21
5868,0,-1,3.2929773,0.6,15,0.6,0,21
5869,0,-1,-5.8355365,0.56,14,0.56,0,21
5870,1,0,0.0,0.56,14,0.56,0,21
5871,1,0,0.0,0.56,14,0.56,0,21
5872,1,0,0.0,0.56,14,0.56,0,21
5873,1,0,0.0,0.56,14,0.56,0,21
5874,0,-1,-0.0,0.56,14,0.56,0,21
5875,0,-1,-0.0,0.56,14,0.56,0,21
5876,0,-1,-0.0,0.56,14,0.56,0,21
5877,1,0,0.0,0.56,14,0.56,0,21
5878,0,-1,-0.0,0.56,14,0.56,0,21
5879,2,1,1.0328273,0.6,15,0.6,0,21
5880,1,0,0.0,0.6,15,0.6,0,21
5881,0,-1,-0.0,0.6,15,0.6,0,21
5882,1,0,0.0,0.6,15,0.6,0,21
5883,0,-1,-1.0328273,0.56,14,0.56,0,21
5884,0,-1,-0.0,0.56,14,0.56,0,21
5885,0,-1,-0.0,0.56,14,0.56,1,21
5886,2,1,1.1683465,0.6,15,0.6,0,21
5887,2,1,-4.3812623,0.64,16,0.64,0,21
5888,2,1,-10.7610235,0.68,17,0.68,0,21
5889,2,1,-22.062183,0.72,18,0.72,1,21
5890,0,-1,-0.0,0.72,18,0.72,0,21
5891,1,0,0.0,0.72,18,0.72,0,21
5892,1,0,0.0,0.72,18,0.72,0,21
5893,2,1,-38.058533,0.76,19,0.76,0,21
5894,0,-1,38.058533,0.72,18,0.72,0,21
5895,0,-1,21.731564,0.68,17,0.68,0,21
5896,0,-1,-0.0,0.68,17,0.68,0,21
5897,1,0,0.0,0.68,17,0.68,0,21
5898,1,0,0.0,0.68,17,0.68,0,21
5899,0,-1,-0.0,0.68,17,0.68,0,21
5900,0,-1,10.132953,0.64,16,0.64,0,21
5901,1,0,0.0,0.64,16,0.64,0,21
5902,2,1,-14.369409,0.68,17,0.68,0,21
5903,0,-1,-0.0,0.68,17,0.68,0,21
5904,0,-1,-0.0,0.68,17,0.68,0,21
5905,0,-1,11.295131,0.64,16,0.64,0,21
5906,0,-1,-1.2016754,0.6,15,0.6,0,21
5907,0,-1,-0.0,0.6,15,0.6,0,21
5908,2,1,-9.412243,0.64,16,0.64,0,21
5909,0,-1,-0.0,0.64,16,0.64,0,21
5910,0,-1,-0.0,0.64,16,0.64,0,21
5911,1,0,0.0,0.64,16,0.64,1,21
5912,1,0,0.0,0.64,16,0.64,0,21
5913,1,0,0.0,0.64,16,0.64,0,21
5914,0,-1,-0.0,0.64,16,0.64,0,21
5915,2,1,-15.986531,0.68,17,0.68,0,21
5916,1,0,0.0,0.68,17,0.68,0,21
5917,1,0,0.0,0.68,17,0.68,0,21
5918,2,1,0.0,0.68,17,0.68,0,21
5919,1,0,0.0,0.68,17,0.68,0,21
5920,0,-1,10.623892,0.64,16,0.64,0,21
5921,2,1,-5.913204,0.68,17,0.68,0,21
5922,2,1,0.0,0.68,17,0.68,0,21
5923,0,-1,-0.0,0.68,17,0.68,0,21
5924,0,-1,5.913204,0.64,16,0.64,1,21
5925,1,0,0.0,0.64,16,0.64,0,21
5926,1,0,0.0,0.64,16,0.64,0,21
5927,2,1,-3.433086,0.68,17,0.68,1,21
5928,1,0,0.0,0.68,17,0.68,0,21
5929,0,-1,-0.0,0.68,17,0.68,0,21
5930,2,1,-15.860442,0.72,18,0.72,0,21
5931,0,-1,-0.0,0.72,18,0.72,0,21
5932,0,-1,-0.0,0.72,18,0.72,0,21
5933,1,0,0.0,0.72,18,0.72,0,21
5934,2,1,0.0,0.72,18,0.72,1,21
5935,1,0,0.0,0.72,18,0.72,0,21
5936,0,-1,-0.0,0.72,18,0.72,0,21
5937,0,-1,-0.0,0.72,18,0.72,0,21
5938,0,-1,18.882462,0.68,17,0.68,0,21
5939,0,-1,5.9522185,0.64,16,0.64,0,21
5940,1,0,0.0,0.64,16,0.64,0,21
5941,2,1,-10.639079,0.68,17,0.68,0,21
5942,2,1,0.0,0.68,17,0.68,0,21
5943,1,0,0.0,0.68,17,0.68,0,21
5944,1,0,0.0,0.68,17,0.68,0,21
5945,1,0,0.0,0.68,17,0.68,0,21
5946,0,-1,-0.0,0.68,17,0.68,0,21
5947,1,0,0.0,0.68,17,0.68,0,21
5948,1,0,0.0,0.68,17,0.68,0,21
5949,1,0,0.0,0.0,0,0.0,0,21
5950,0,-1,-0.0,0.16,4,0.16,0,22
5951,2,1,24.20528,0.2,5,0.2,0,22
5952,0,-1,-24.20528,0.16,4,0.16,0,22
5953,1,0,0.0,0.16,4,0.16,0,22
5954,2,1,24.223005,0.2,5,0.2,0,22
5955,0,-1,-0.0,0.2,5,0.2,0,22
5956,1,0,0.0,0.2,5,0.2,0,22
5957,1,0,0.0,0.2,5,0.2,0,22
5958,2,1,19.484404,0.24,6,0.24,0,22
5959,1,0,0.0,0.24,6,0.24,0,22
5960,2,1,22.256626,0.28,7,0.28,0,22
5961,2,1,-9.69535,0.32,8,0.32,0,22
5962,2,1,17.940327,0.36,9,0.36,0,22
5963,1,0,0.0,0.36,9,0.36,0,22
5964,0,-1,-17.940327,0.32,8,0.32,0,22
5965,2,1,-10.560928,0.36,9,0.36,0,22
5966,1,0,0.0,0.36,9,0.36,1,22
5967,0,-1,-0.0,0.36,9,0.36,0,22
5968,0,-1,-0.0,0.36,9,0.36,0,22
5969,1,0,0.0,0.36,9,0.36,0,22
5970,0,-1,-0.0,0.36,9,0.36,0,22
5971,1,0,0.0,0.36,9,0.36,0,22
5972,2,1,18.006474,0.4,10,0.4,0,22
5973,2,1,19.39521,0.44,11,0.44,0,22
5974,1,0,0.0,0.44,11,0.44,0,22
5975,2,1,12.468878,0.48,12,0.48,0,22
5976,0,-1,-7.1341066,0.44,11,0.44,1,22
5977,0,-1,-19.38203,0.4,10,0.4,0,22
5978,2,1,11.767396,0.44,11,0.44,0,22
5979,2,1,11.684876,0.48,12,0.48,0,22
5980,2,1,9.215257,0.52,13,0.52,0,22
5981,0,-1,-0.0,0.52,13,0.52,0,22
5982,0,-1,-7.812401,0.48,12,0.48,0,22
5983,1,0,0.0,0.48,12,0.48,0,22
5984,0,-1,-11.684876,0.44,11,0.44,0,22
5985,2,1,10.85506,0.48,12,0.48,0,22
5986,2,1,15.427145,0.52,13,0.52,0,22
5987,1,0,0.0,0.52,13,0.52,0,22
5988,1,0,0.0,0.52,13,0.52,0,22
5989,0,-1,-5.6435747,0.48,12,0.48,1,22
5990,0,-1,-12.645279,0.44,11,0.44,0,22
5991,0,-1,-0.0,0.44,11,0.44,0,22
5992,1,0,0.0,0.44,11,0.44,0,22
5993,1,0,0.0,0.44,11,0.44,0,22
5994,0,-1,-13.279065,0.4,10,0.4,0,22
5995,0,-1,-0.0,0.4,10,0.4,0,22
5996,2,1,13.399739,0.44,11,0.44,0,22
5997,1,0,0.0,0.44,11,0.44,0,22
5998,1,0,0.0,0.44,11,0.44,0,22
5999,2,1,12.523526,0.48,12,0.48,0,22
6000,0,-1,-11.45535,0.44,11,0.44,0,22
6001,2,1,9.013804,0.48,12,0.48,1,22
6002,2,1,14.191571,0.52,13,0.52,0,22
6003,2,1,5.720969,0.56,14,0.56,0,22
6004,1,0,0.0,0.56,14,0.56,0,22
6005,1,0,0.0,0.56,14,0.56,0,22
6006,2,1,2.6690364,0.6,15,0.6,0,22
6007,0,-1,-1.9911703,0.56,14,0.56,0,22
6008,0,-1,-7.5518365,0.52,13,0.52,0,22
6009,0,-1,-0.0,0.52,13,0.52,0,22
6010,1,0,0.0,0.52,13,0.52,0,22
6011,2,1,8.732725,0.56,14,0.56,0,22
6012,0,-1,-11.344165,0.52,13,0.52,0,22
6013,2,1,6.424347,0.56,14,0.56,0,22
6014,2,1,3.7826085,0.6,15,0.6,0,22
6015,1,0,0.0,0.6,15,0.6,0,22
6016,0,-1,-2.694548,0.56,14,0.56,0,22
6017,1,0,0.0,0.56,14,0.56,0,22
6018,1,0,0.0,0.56,14,0.56,0,22
6019,1,0,0.0,0.56,14,0.56,0,22
6020,0,-1,-12.552909,0.52,13,0.52,0,22
6021,0,-1,-6.8473735,0.48,12,0.48,0,22
6022,1,0,0.0,0.48,12,0.48,0,22
6023,2,1,8.512706,0.52,13,0.52,0,22
6024,2,1,2.5093892,0.56,14,0.56,0,22
6025,1,0,0.0,0.56,14,0.56,0,22
6026,0,-1,-5.665299,0.52,13,0.52,0,22
6027,1,0,0.0,0.52,13,0.52,0,22
6028,2,1,6.8869195,0.56,14,0.56,0,22
6029,1,0,0.0,0.56,14,0.56,0,22
6030,0,-1,-6.5698824,0.52,13,0.52,1,22
6031,2,1,6.538116,0.56,14,0.56,0,22
6032,1,0,0.0,0.56,14,0.56,0,22
6033,0,-1,-6.538116,0.52,13,0.52,0,22
6034,2,1,5.050102,0.56,14,0.56,0,22
6035,2,1,2.7365887,0.6,15,0.6,0,22
6036,0,-1,-0.0,0.6,15,0.6,0,22
6037,1,0,0.0,0.6,15,0.6,1,22
6038,0,-1,-0.0,0.6,15,0.6,0,22
6039,2,1,-5.883718,0.64,16,0.64,0,22
6040,1,0,0.0,0.64,16,0.64,0,22
6041,0,-1,-0.0,0.64,16,0.64,0,22
6042,2,1,-9.429684,0.68,17,0.68,0,22
6043,1,0,0.0,0.68,17,0.68,0,22
6044,1,0,0.0,0.68,17,0.68,0,22
6045,1,0,0.0,0.68,17,0.68,0,22
6046,0,-1,12.306608,0.64,16,0.64,0,22
6047,2,1,-14.277788,0.68,17,0.68,1,22
6048,2,1,-19.178556,0.72,18,0.72,0,22
6049,0,-1,19.178556,0.68,17,0.68,0,22
6050,2,1,-18.989042,0.72,18,0.72,0,22
6051,0,-1,-0.0,0.72,18,0.72,0,22
6052,1,0,0.0,0.72,18,0.72,0,22
6053,0,-1,-0.0,0.72,18,0.72,0,22
6054,0,-1,-0.0,0.72,18,0.72,0,22
6055,0,-1,18.121002,0.68,17,0.68,0,22
6056,2,1,-18.378912,0.72,18,0.72,0,22
6057,0,-1,18.997324,0.68,17,0.68,0,22
6058,0,-1,9.336275,0.64,16,0.64,0,22
6059,0,-1,2.210435,0.6,15,0.6,0,22
6060,0,-1,-4.4757447,0.56,14,0.56,0,22
6061,0,-1,-0.0,0.56,14,0.56,0,22
6062,1,0,0.0,0.56,14,0.56,0,22
6063,1,0,0.0,0.56,14,0.56,0,22
6064,2,1,2.5065358,0.6,15,0.6,0,22
6065,1,0,0.0,0.6,15,0.6,0,22
6066,2,1,-9.250024,0.64,16,0.64,0,22
6067,2,1,-12.649765,0.68,17,0.68,0,22
6068,1,0,0.0,0.68,17,0.68,0,22
6069,2,1,-19.178556,0.72,18,0.72,0,22
6070,0,-1,19.271294,0.68,17,0.68,0,22
6071,1,0,0.0,0.68,17,0.68,0,22
6072,1,0,0.0,0.68,17,0.68,0,22
6073,1,0,0.0,0.68,17,0.68,0,22
6074,2,1,0.0,0.68,17,0.68,0,22
6075,1,0,0.0,0.68,17,0.68,1,22
6076,1,0,0.0,0.68,17,0.68,0,22
6077,0,-1,-0.0,0.68,17,0.68,0,22
6078,2,1,0.0,0.68,17,0.68,0,22
6079,1,0,0.0,0.68,17,0.68,0,22
6080,0,-1,9.2871895,0.64,16,0.64,0,22
6081,1,0,0.0,0.64,16,0.64,0,22
6082,2,1,-16.696007,0.68,17,0.68,0,22
6083,1,0,0.0,0.68,17,0.68,0,22
6084,1,0,0.0,0.68,17,0.68,0,22
6085,1,0,0.0,0.68,17,0.68,0,22
6086,0,-1,-0.0,0.68,17,0.68,0,22
6087,2,1,-24.674719,0.72,18,0.72,0,22
6088,1,0,0.0,0.72,18,0.72,0,22
6089,0,-1,-0.0,0.72,18,0.72,0,22
6090,0,-1,-0.0,0.72,18,0.72,0,22
6091,1,0,0.0,0.72,18,0.72,0,22
6092,0,-1,18.358438,0.68,17,0.68,0,22
6093,0,-1,-0.0,0.68,17,0.68,0,22
6094,0,-1,-0.0,0.68,17,0.68,0,22
6095,0,-1,16.696007,0.64,16,0.64,0,22
6096,1,0,0.0,0.64,16,0.64,0,22
6097,1,0,0.0,0.64,16,0.64,0,22
6098,2,1,-16.08325,0.68,17,0.68,0,22
6099,2,1,-12.977117,0.72,18,0.72,0,22
6100,0,-1,-0.0,0.72,18,0.72,0,22
6101,0,-1,-0.0,0.72,18,0.72,1,22
6102,0,-1,25.989157,0.68,17,0.68,0,22
6103,1,0,0.0,0.68,17,0.68,0,22
6104,0,-1,6.7258773,0.64,16,0.64,0,22
6105,1,0,0.0,0.64,16,0.64,0,22
6106,2,1,-17.353148,0.68,17,0.68,0,22
6107,1,0,0.0,0.68,17,0.68,0,22
6108,0,-1,16.17024,0.64,16,0.64,0,22
6109,0,-1,1.5712128,0.6,15,0.6,0,22
6110,1,0,0.0,0.6,15,0.6,0,22
6111,0,-1,5.4551005,0.56,14,0.56,0,22
6112,0,-1,-0.0,0.56,14,0.56,0,22
6113,0,-1,-0.0,0.56,14,0.56,0,22
6114,2,1,-4.336074,0.6,15,0.6,0,22
6115,0,-1,-0.0,0.6,15,0.6,0,22
6116,1,0,0.0,0.6,15,0.6,0,22
6117,0,-1,-0.0,0.6,15,0.6,0,22
6118,0,-1,4.336074,0.56,14,0.56,0,22
6119,1,0,0.0,0.56,14,0.56,0,22
6120,1,0,0.0,0.56,14,0.56,0,22
6121,1,0,0.0,0.56,14,0.56,0,22
6122,0,-1,-0.0,0.56,14,0.56,0,22
6123,0,-1,-0.83212554,0.52,13,0.52,0,22
6124,1,0,0.0,0.52,13,0.52,0,22
6125,2,1,6.783329,0.56,14,0.56,0,22
6126,0,-1,-12.529653,0.52,13,0.52,0,22
6127,0,-1,-4.1473985,0.48,12,0.48,0,22
6128,1,0,0.0,0.48,12,0.48,0,22
6129,2,1,4.489298,0.52,13,0.52,0,22
6130,2,1,-0.5170005,0.56,14,0.56,1,22
6131,0,-1,-0.0,0.56,14,0.56,0,22
6132,0,-1,-6.841657,0.52,13,0.52,0,22
6133,0,-1,-2.2543886,0.48,12,0.48,0,22
6134,0,-1,-0.0,0.48,12,0.48,0,22
6135,2,1,15.375374,0.52,13,0.52,0,22
6136,2,1,-0.6604856,0.56,14,0.56,0,22
6137,0,-1,-0.0,0.56,14,0.56,0,22
6138,2,1,-3.096646,0.6,15,0.6,0,22
6139,0,-1,-8.798168,0.56,14,0.56,0,22
6140,1,0,0.0,0.56,14,0.56,0,22
6141,1,0,0.0,0.56,14,0.56,0,22
6142,1,0,0.0,0.56,14,0.56,0,22
6143,1,0,0.0,0.56,14,0.56,0,22
6144,1,0,0.0,0.56,14,0.56,0,22
6145,0,-1,-0.0,0.56,14,0.56,0,22
6146,2,1,-2.8998532,0.6,15,0.6,0,22
6147,2,1,-11.33296,0.64,16,0.64,0,22
6148,0,-1,-0.0,0.64,16,0.64,0,22
6149,2,1,-12.078354,0.68,17,0.68,0,22
6150,2,1,-17.303896,0.72,18,0.72,0,22
6151,2,1,-40.960155,0.76,19,0.76,0,22
6152,0,-1,-0.0,0.76,19,0.76,0,22
6153,0,-1,39.718628,0.72,18,0.72,0,22
6154,2,1,-42.656788,0.76,19,0.76,1,22
6155,0,-1,-0.0,0.76,19,0.76,0,22
6156,0,-1,-0.0,0.76,19,0.76,0,22
6157,0,-1,-0.0,0.76,19,0.76,0,22
6158,1,0,0.0,0.76,19,0.76,0,22
6159,0,-1,-0.0,0.76,19,0.76,0,22
6160,0,-1,36.796642,0.72,18,0.72,0,22
6161,0,-1,-0.0,0.72,18,0.72,0,22
6162,0,-1,-0.0,0.72,18,0.72,0,22
6163,0,-1,27.882542,0.68,17,0.68,0,22
6164,2,1,-28.954687,0.72,18,0.72,0,22
6165,0,-1,28.954687,0.68,17,0.68,1,22
6166,1,0,0.0,0.68,17,0.68,0,22
6167,0,-1,16.23851,0.64,16,0.64,0,22
6168,2,1,-9.289697,0.68,17,0.68,0,22
6169,1,0,0.0,0.68,17,0.68,1,22
6170,2,1,0.0,0.68,17,0.68,0,22
6171,2,1,-19.001263,0.72,18,0.72,0,22
6172,0,-1,19.138412,0.68,17,0.68,0,22
6173,0,-1,-0.0,0.68,17,0.68,0,22
6174,2,1,-15.798652,0.72,18,0.72,0,22
6175,0,-1,-0.0,0.72,18,0.72,0,22
6176,1,0,0.0,0.72,18,0.72,0,22
6177,0,-1,-0.0,0.72,18,0.72,0,22
6178,0,-1,23.21686,0.68,17,0.68,0,22
6179,0,-1,-0.0,0.68,17,0.68,0,22
6180,2,1,-19.15417,0.72,18,0.72,0,22
6181,0,-1,19.15417,0.68,17,0.68,0,22
6182,0,-1,14.800259,0.64,16,0.64,0,22
6183,2,1,-9.115464,0.68,17,0.68,0,22
6184,0,-1,12.375172,0.64,16,0.64,0,22
6185,2,1,-11.518069,0.68,17,0.68,0,22
6186,0,-1,11.518069,0.64,16,0.64,0,22
6187,0,-1,-0.0,0.64,16,0.64,0,22
6188,1,0,0.0,0.64,16,0.64,1,22
6189,2,1,-3.1032805,0.68,17,0.68,0,22
6190,1,0,0.0,0.68,17,0.68,0,22
6191,1,0,0.0,0.68,17,0.68,0,22
6192,1,0,0.0,0.68,17,0.68,0,22
6193,1,0,0.0,0.68,17,0.68,0,22
6194,1,0,0.0,0.68,17,0.68,0,22
6195,0,-1,3.1032805,0.64,16,0.64,0,22
6196,2,1,-9.259879,0.68,17,0.68,0,22
6197,2,1,-17.138994,0.72,18,0.72,0,22
6198,0,-1,18.984943,0.68,17,0.68,0,22
6199,1,0,0.0,0.68,17,0.68,0,22
6200,1,0,0.0,0.68,17,0.68,0,22
6201,2,1,-21.985075,0.72,18,0.72,0,22
6202,0,-1,19.139662,0.68,17,0.68,0,22
6203,1,0,0.0,0.68,17,0.68,0,22
6204,0,-1,-0.0,0.68,17,0.68,0,22
6205,2,1,-21.428972,0.72,18,0.72,0,22
6206,0,-1,17.138994,0.68,17,0.68,0,22
6207,1,0,0.0,0.68,17,0.68,0,22
6208,1,0,0.0,0.68,17,0.68,0,22
6209,1,0,0.0,0.68,17,0.68,0,22
6210,2,1,-18.653742,0.72,18,0.72,0,22
6211,0,-1,21.985075,0.68,17,0.68,0,22
6212,0,-1,11.5491905,0.64,16,0.64,0,22
6213,0,-1,1.8751355,0.6,15,0.6,0,22
6214,2,1,-2.5414827,0.64,16,0.64,0,22
6215,0,-1,2.2245111,0.6,15,0.6,0,22
6216,0,-1,-0.0,0.6,15,0.6,0,22
6217,0,-1,-0.0,0.6,15,0.6,1,22
6218,0,-1,-0.0,0.6,15,0.6,0,22
6219,2,1,-5.5837336,0.64,16,0.64,0,22
6220,0,-1,11.274681,0.6,15,0.6,0,22
6221,2,1,-4.326288,0.64,16,0.64,0,22
6222,2,1,-9.246355,0.68,17,0.68,0,22
6223,0,-1,11.225113,0.64,16,0.64,0,22
6224,0,-1,-0.0,0.64,16,0.64,0,22
6225,0,-1,2.5296595,0.6,15,0.6,0,22
6226,2,1,-5.215961,0.64,16,0.64,0,22
6227,0,-1,-0.0,0.64,16,0.64,0,22
6228,1,0,0.0,0.64,16,0.64,0,22
6229,0,-1,-0.0,0.64,16,0.64,0,22
6230,0,-1,0.5108983,0.6,15,0.6,1,22
6231,0,-1,4.5145135,0.56,14,0.56,0,22
6232,0,-1,-2.5734963,0.52,13,0.52,0,22
6233,2,1,8.831602,0.56,14,0.56,0,22
6234,2,1,-2.577289,0.6,15,0.6,0,22
6235,0,-1,0.49741688,0.56,14,0.56,0,22
6236,2,1,-0.546113,0.6,15,0.6,0,22
6237,2,1,-2.5187647,0.64,16,0.64,0,22
6238,1,0,0.0,0.64,16,0.64,0,22
6239,1,0,0.0,0.64,16,0.64,0,22
6240,2,1,-3.1058362,0.68,17,0.68,0,22
6241,0,-1,9.417589,0.64,16,0.64,0,22
6242,0,-1,2.3108778,0.6,15,0.6,0,22
6243,0,-1,2.577289,0.56,14,0.56,1,22
6244,0,-1,-12.518543,0.52,13,0.52,0,22
6245,2,1,6.931618,0.56,14,0.56,0,22
6246,0,-1,-6.931618,0.52,13,0.52,0,22
6247,0,-1,-6.511279,0.48,12,0.48,0,22
6248,0,-1,-10.072502,0.44,11,0.44,0,22
6249,2,1,0.0,0.0,0,0.0,0,22
6250,2,1,24.20528,0.2,5,0.2,0,23
6251,2,1,19.698532,0.24,6,0.24,0,23
6252,0,-1,-19.698532,0.2,5,0.2,0,23
6253,1,0,0.0,0.2,5,0.2,0,23
6254,2,1,-8.557883,0.24,6,0.24,0,23
6255,1,0,0.0,0.24,6,0.24,0,23
6256,2,1,19.224253,0.28,7,0.28,0,23
6257,0,-1,-19.224253,0.24,6,0.24,0,23
6258,2,1,-9.0328045,0.28,7,0.28,0,23
6259,1,0,0.0,0.28,7,0.28,0,23
6260,2,1,18.561148,0.32,8,0.32,0,23
6261,2,1,20.723211,0.36,9,0.36,0,23
6262,0,-1,10.560936,0.32,8,0.32,0,23
6263,2,1,15.443036,0.36,9,0.36,0,23
6264,0,-1,-20.723211,0.32,8,0.32,0,23
6265,1,0,0.0,0.32,8,0.32,0,23
6266,0,-1,-0.0,0.32,8,0.32,0,23
6267,1,0,0.0,0.32,8,0.32,0,23
6268,2,1,20.723211,0.36,9,0.36,0,23
6269,0,-1,-15.443036,0.32,8,0.32,0,23
6270,0,-1,9.695268,0.28,7,0.28,0,23
6271,2,1,-9.695268,0.32,8,0.32,0,23
6272,0,-1,9.695268,0.28,7,0.28,1,23
6273,1,0,0.0,0.28,7,0.28,0,23
6274,2,1,19.910568,0.32,8,0.32,0,23
6275,2,1,21.9499,0.36,9,0.36,0,23
6276,1,0,0.0,0.36,9,0.36,0,23
6277,0,-1,-19.045542,0.32,8,0.32,0,23
6278,2,1,19.045542,0.36,9,0.36,0,23
6279,0,-1,-17.818708,0.32,8,0.32,0,23
6280,2,1,17.562876,0.36,9,0.36,0,23
6281,0,-1,-0.0,0.36,9,0.36,0,23
6282,1,0,0.0,0.36,9,0.36,0,23
6283,1,0,0.0,0.36,9,0.36,0,23
6284,0,-1,-0.0,0.36,9,0.36,0,23
6285,2,1,14.624739,0.4,10,0.4,0,23
6286,1,0,0.0,0.4,10,0.4,0,23
6287,0,-1,-14.624739,0.36,9,0.36,0,23
6288,0,-1,-19.045542,0.32,8,0.32,0,23
6289,0,-1,-18.4279,0.28,7,0.28,0,23
6290,0,-1,-22.197227,0.24,6,0.24,0,23
6291,2,1,19.091007,0.28,7,0.28,0,23
6292,2,1,21.603933,0.32,8,0.32,0,23
6293,0,-1,-18.4279,0.28,7,0.28,0,23
6294,0,-1,-23.40382,0.24,6,0.24,0,23
6295,1,0,0.0,0.24,6,0.24,0,23
6296,2,1,19.091007,0.28,7,0.28,1,23
6297,0,-1,-0.0,0.28,7,0.28,0,23
6298,1,0,0.0,0.28,7,0.28,0,23
6299,2,1,22.687906,0.32,8,0.32,0,23
6300,1,0,0.0,0.32,8,0.32,0,23
6301,1,0,0.0,0.32,8,0.32,0,23
6302,0,-1,-22.035173,0.28,7,0.28,0,23
6303,2,1,18.802343,0.32,8,0.32,0,23
6304,0,-1,-18.802343,0.28,7,0.28,0,23
6305,1,0,0.0,0.28,7,0.28,0,23
6306,2,1,13.920788,0.32,8,0.32,0,23
6307,0,-1,-13.920788,0.28,7,0.28,0,23
6308,2,1,17.60192,0.32,8,0.32,0,23
6309,0,-1,-17.60192,0.28,7,0.28,0,23
6310,2,1,16.597452,0.32,8,0.32,0,23
6311,0,-1,-22.687906,0.28,7,0.28,0,23
6312,2,1,13.920788,0.32,8,0.32,0,23
6313,1,0,0.0,0.32,8,0.32,0,23
6314,2,1,21.82288,0.36,9,0.36,0,23
6315,1,0,0.0,0.36,9,0.36,0,23
6316,1,0,0.0,0.36,9,0.36,0,23
6317,0,-1,-0.0,0.36,9,0.36,0,23
6318,1,0,0.0,0.36,9,0.36,0,23
6319,2,1,10.579149,0.4,10,0.4,0,23
6320,2,1,11.797631,0.44,11,0.44,0,23
6321,1,0,0.0,0.44,11,0.44,1,23
6322,2,1,16.40984,0.48,12,0.48,0,23
6323,1,0,0.0,0.48,12,0.48,0,23
6324,2,1,11.868232,0.52,13,0.52,0,23
6325,0,-1,-0.0,0.52,13,0.52,0,23
6326,1,0,0.0,0.52,13,0.52,0,23
6327,0,-1,-10.572176,0.48,12,0.48,0,23
6328,1,0,0.0,0.48,12,0.48,0,23
6329,0,-1,-0.0,0.48,12,0.48,0,23
6330,2,1,11.496794,0.52,13,0.52,0,23
6331,0,-1,-0.0,0.52,13,0.52,0,23
6332,2,1,1.6166432,0.56,14,0.56,0,23
6333,0,-1,-3.7264645,0.52,13,0.52,1,23
6334,1,0,0.0,0.52,13,0.52,0,23
6335,2,1,3.8609853,0.56,14,0.56,0,23
6336,2,1,3.6714768,0.6,15,0.6,1,23
6337,0,-1,-3.61897,0.56,14,0.56,0,23
6338,2,1,-0.7033929,0.6,15,0.6,0,23
6339,0,-1,-0.0,0.6,15,0.6,0,23
6340,0,-1,-0.0,0.6,15,0.6,0,23
6341,1,0,0.0,0.6,15,0.6,1,23
6342,1,0,0.0,0.6,15,0.6,0,23
6343,0,-1,1.5505141,0.56,14,0.56,0,23
6344,0,-1,-0.0,0.56,14,0.56,0,23
6345,1,0,0.0,0.56,14,0.56,0,23
6346,0,-1,-11.101132,0.52,13,0.52,0,23
6347,0,-1,-15.044572,0.48,12,0.48,0,23
6348,0,-1,-0.0,0.48,12,0.48,0,23
6349,0,-1,-13.813875,0.44,11,0.44,0,23
6350,1,0,0.0,0.44,11,0.44,0,23
6351,1,0,0.0,0.44,11,0.44,0,23
6352,0,-1,-0.0,0.44,11,0.44,0,23
6353,1,0,0.0,0.44,11,0.44,0,23
6354,1,0,0.0,0.44,11,0.44,0,23
6355,2,1,16.675617,0.48,12,0.48,0,23
6356,2,1,12.643074,0.52,13,0.52,0,23
6357,1,0,0.0,0.52,13,0.52,0,23
6358,0,-1,-6.9786425,0.48,12,0.48,0,23
6359,0,-1,-0.0,0.48,12,0.48,0,23
6360,1,0,0.0,0.48,12,0.48,0,23
6361,2,1,4.0870805,0.52,13,0.52,0,23
6362,0,-1,-0.0,0.52,13,0.52,0,23
6363,1,0,0.0,0.52,13,0.52,0,23
6364,0,-1,-12.643074,0.48,12,0.48,0,23
6365,0,-1,-16.675617,0.44,11,0.44,1,23
6366,0,-1,-0.0,0.44,11,0.44,0,23
6367,2,1,11.958532,0.48,12,0.48,0,23
6368,0,-1,-0.0,0.48,12,0.48,0,23
6369,1,0,0.0,0.48,12,0.48,0,23
6370,0,-1,-17.484875,0.44,11,0.44,0,23
6371,0,-1,-0.0,0.44,11,0.44,1,23
6372,0,-1,-8.638273,0.4,10,0.4,0,23
6373,0,-1,-0.0,0.4,10,0.4,0,23
6374,0,-1,-0.0,0.4,10,0.4,0,23
6375,2,1,8.171017,0.44,11,0.44,0,23
6376,0,-1,-13.735141,0.4,10,0.4,0,23
6377,0,-1,-13.381973,0.36,9,0.36,0,23
6378,2,1,14.167584,0.4,10,0.4,0,23
6379,1,0,0.0,0.4,10,0.4,0,23
6380,2,1,19.215485,0.44,11,0.44,0,23
6381,0,-1,-19.215485,0.4,10,0.4,0,23
6382,2,1,10.506436,0.44,11,0.44,0,23
6383,1,0,0.0,0.44,11,0.44,0,23
6384,0,-1,-8.171017,0.4,10,0.4,1,23
6385,0,-1,-14.158426,0.36,9,0.36,0,23
6386,1,0,0.0,0.36,9,0.36,0,23
6387,0,-1,-0.0,0.36,9,0.36,0,23
6388,2,1,12.742316,0.4,10,0.4,0,23
6389,1,0,0.0,0.4,10,0.4,0,23
6390,0,-1,-0.0,0.4,10,0.4,0,23
6391,0,-1,-16.158464,0.36,9,0.36,0,23
6392,2,1,13.466735,0.4,10,0.4,0,23
6393,1,0,0.0,0.4,10,0.4,0,23
6394,1,0,0.0,0.4,10,0.4,0,23
6395,1,0,0.0,0.4,10,0.4,0,23
6396,2,1,10.708653,0.44,11,0.44,1,23
6397,2,1,17.003775,0.48,12,0.48,0,23
6398,2,1,4.2457714,0.52,13,0.52,0,23
6399,1,0,0.0,0.52,13,0.52,0,23
6400,2,1,2.0594141,0.56,14,0.56,0,23
6401,0,-1,-11.943534,0.52,13,0.52,0,23
6402,2,1,3.0531683,0.56,14,0.56,0,23
6403,2,1,8.653883,0.6,15,0.6,0,23
6404,0,-1,-0.5305172,0.56,14,0.56,0,23
6405,1,0,0.0,0.56,14,0.56,0,23
6406,1,0,0.0,0.56,14,0.56,0,23
6407,1,0,0.0,0.56,14,0.56,0,23
6408,2,1,0.29160687,0.6,15,0.6,0,23
6409,0,-1,-8.653883,0.56,14,0.56,0,23
6410,1,0,0.0,0.56,14,0.56,0,23
6411,2,1,4.1495724,0.6,15,0.6,0,23
6412,1,0,0.0,0.6,15,0.6,0,23
6413,1,0,0.0,0.6,15,0.6,0,23
6414,0,-1,-1.3427916,0.56,14,0.56,0,23
6415,1,0,0.0,0.56,14,0.56,0,23
6416,2,1,-1.0355129,0.6,15,0.6,0,23
6417,0,-1,1.0355129,0.56,14,0.56,0,23
6418,0,-1,-2.0594141,0.52,13,0.52,0,23
6419,2,1,-0.18957295,0.56,14,0.56,0,23
6420,0,-1,-0.0,0.56,14,0.56,0,23
6421,1,0,0.0,0.56,14,0.56,0,23
6422,0,-1,-3.0531683,0.52,13,0.52,0,23
6423,2,1,-2.0894926,0.56,14,0.56,0,23
6424,1,0,0.0,0.56,14,0.56,1,23
6425,1,0,0.0,0.56,14,0.56,0,23
6426,0,-1,-4.0664234,0.52,13,0.52,0,23
6427,2,1,11.951038,0.56,14,0.56,0,23
6428,1,0,0.0,0.56,14,0.56,0,23
6429,0,-1,-7.886241,0.52,13,0.52,0,23
6430,2,1,9.52161,0.56,14,0.56,0,23
6431,0,-1,-9.52161,0.52,13,0.52,0,23
6432,2,1,9.52161,0.56,14,0.56,0,23
6433,2,1,4.1743793,0.6,15,0.6,0,23
6434,1,0,0.0,0.6,15,0.6,0,23
6435,1,0,0.0,0.6,15,0.6,0,23
6436,0,-1,3.957111,0.56,14,0.56,0,23
6437,0,-1,-5.421204,0.52,13,0.52,0,23
6438,0,-1,-10.751585,0.48,12,0.48,0,23
6439,0,-1,-0.0,0.48,12,0.48,0,23
6440,2,1,10.701878,0.52,13,0.52,0,23
6441,2,1,7.904178,0.56,14,0.56,0,23
6442,2,1,3.9162652,0.6,15,0.6,0,23
6443,0,-1,-4.1743793,0.56,14,0.56,0,23
6444,0,-1,-0.48588085,0.52,13,0.52,0,23
6445,0,-1,-0.0,0.52,13,0.52,0,23
6446,2,1,0.07714148,0.56,14,0.56,0,23
6447,2,1,-1.6813141,0.6,15,0.6,1,23
6448,0,-1,3.2643178,0.56,14,0.56,0,23
6449,1,0,0.0,0.56,14,0.56,0,23
6450,1,0,0.0,0.56,14,0.56,0,23
6451,0,-1,-0.0,0.56,14,0.56,0,23
6452,1,0,0.0,0.56,14,0.56,0,23
6453,0,-1,-7.86534,0.52,13,0.52,0,23
6454,1,0,0.0,0.52,13,0.52,0,23
6455,2,1,10.27842,0.56,14,0.56,0,23
6456,0,-1,-0.0,0.56,14,0.56,0,23
6457,0,-1,-0.0,0.56,14,0.56,0,23
6458,1,0,0.0,0.56,14,0.56,0,23
6459,0,-1,-2.0273368,0.52,13,0.52,0,23
6460,0,-1,-13.125828,0.48,12,0.48,0,23
6461,2,1,15.22552,0.52,13,0.52,0,23
6462,0,-1,-10.472499,0.48,12,0.48,0,23
6463,2,1,4.8734007,0.52,13,0.52,0,23
6464,0,-1,-4.614567,0.48,12,0.48,0,23
6465,0,-1,-17.438354,0.44,11,0.44,0,23
6466,2,1,10.427622,0.48,12,0.48,1,23
6467,0,-1,-0.0,0.48,12,0.48,0,23
6468,1,0,0.0,0.48,12,0.48,0,23
6469,1,0,0.0,0.48,12,0.48,0,23
6470,2,1,6.8754454,0.52,13,0.52,0,23
6471,1,0,0.0,0.52,13,0.52,0,23
6472,0,-1,-0.0,0.52,13,0.52,0,23
6473,0,-1,-0.0,0.52,13,0.52,0,23
6474,1,0,0.0,0.52,13,0.52,0,23
6475,2,1,7.89656,0.56,14,0.56,0,23
6476,1,0,0.0,0.56,14,0.56,0,23
6477,1,0,0.0,0.56,14,0.56,0,23
6478,2,1,1.9404949,0.6,15,0.6,0,23
6479,0,-1,1.7524399,0.56,14,0.56,0,23
6480,0,-1,-0.0,0.56,14,0.56,1,23
6481,0,-1,-0.0,0.56,14,0.56,0,23
6482,0,-1,-0.0,0.56,14,0.56,0,23
6483,0,-1,-5.6868916,0.52,13,0.52,0,23
6484,0,-1,-6.470184,0.48,12,0.48,0,23
6485,0,-1,-0.0,0.48,12,0.48,0,23
6486,0,-1,-11.208331,0.44,11,0.44,1,23
6487,0,-1,-0.0,0.44,11,0.44,0,23
6488,2,1,17.408354,0.48,12,0.48,0,23
6489,2,1,8.636428,0.52,13,0.52,0,23
6490,2,1,6.0935264,0.56,14,0.56,1,23
6491,1,0,0.0,0.56,14,0.56,0,23
6492,2,1,3.1035364,0.6,15,0.6,0,23
6493,2,1,-4.9848094,0.64,16,0.64,0,23
6494,2,1,-9.89529,0.68,17,0.68,0,23
6495,2,1,-14.387022,0.72,18,0.72,0,23
6496,0,-1,-0.0,0.72,18,0.72,0,23
6497,0,-1,-0.0,0.72,18,0.72,0,23
6498,0,-1,21.763416,0.68,17,0.68,0,23
6499,0,-1,11.210129,0.64,16,0.64,0,23
6500,2,1,-6.085645,0.68,17,0.68,0,23
6501,0,-1,9.876684,0.64,16,0.64,0,23
6502,0,-1,-0.0,0.64,16,0.64,0,23
6503,0,-1,2.5247695,0.6,15,0.6,0,23
6504,0,-1,-1.8382083,0.56,14,0.56,0,23
6505,2,1,0.042973164,0.6,15,0.6,0,23
6506,2,1,-5.2388678,0.64,16,0.64,0,23
6507,0,-1,-0.0,0.64,16,0.64,0,23
6508,0,-1,-0.0,0.64,16,0.64,1,23
6509,0,-1,-0.0,0.64,16,0.64,0,23
6510,1,0,0.0,0.64,16,0.64,0,23
6511,1,0,0.0,0.64,16,0.64,0,23
6512,0,-1,1.3424222,0.6,15,0.6,0,23
6513,1,0,0.0,0.6,15,0.6,0,23
6514,1,0,0.0,0.6,15,0.6,0,23
6515,2,1,-0.31608877,0.64,16,0.64,0,23
6516,2,1,-13.946398,0.68,17,0.68,0,23
6517,2,1,-18.107443,0.72,18,0.72,0,23
6518,0,-1,-0.0,0.72,18,0.72,0,23
6519,1,0,0.0,0.72,18,0.72,0,23
6520,0,-1,-0.0,0.72,18,0.72,0,23
6521,0,-1,-0.0,0.72,18,0.72,0,23
6522,1,0,0.0,0.72,18,0.72,0,23
6523,0,-1,23.82618,0.68,17,0.68,0,23
6524,1,0,0.0,0.68,17,0.68,0,23
6525,1,0,0.0,0.68,17,0.68,0,23
6526,0,-1,-0.0,0.68,17,0.68,0,23
6527,0,-1,7.0379934,0.64,16,0.64,0,23
6528,1,0,0.0,0.64,16,0.64,0,23
6529,0,-1,-0.0,0.64,16,0.64,0,23
6530,2,1,-8.601168,0.68,17,0.68,0,23
6531,1,0,0.0,0.68,17,0.68,0,23
6532,0,-1,8.601168,0.64,16,0.64,0,23
6533,0,-1,-0.8101433,0.6,15,0.6,0,23
6534,0,-1,-0.0,0.6,15,0.6,0,23
6535,2,1,-7.4329033,0.64,16,0.64,0,23
6536,0,-1,1.3288358,0.6,15,0.6,1,23
6537,0,-1,-7.3850365,0.56,14,0.56,0,23
6538,0,-1,-1.3036215,0.52,13,0.52,0,23
6539,2,1,5.708422,0.56,14,0.56,0,23
6540,0,-1,-3.9790347,0.52,13,0.52,0,23
6541,2,1,7.393407,0.56,14,0.56,0,23
6542,1,0,0.0,0.56,14,0.56,0,23
6543,1,0,0.0,0.56,14,0.56,0,23
6544,2,1,2.2332342,0.6,15,0.6,0,23
6545,2,1,-7.1957455,0.64,16,0.64,1,23
6546,0,-1,-0.0,0.64,16,0.64,0,23
6547,1,0,0.0,0.64,16,0.64,0,23
6548,2,1,-11.985057,0.68,17,0.68,0,23
6549,2,1,0.0,0.0,0,0.0,0,23
6550,2,1,-8.281979,0.2,5,0.2,0,24
6551,2,1,23.947102,0.24,6,0.24,0,24
6552,0,-1,-0.0,0.24,6,0.24,0,24
6553,2,1,22.256626,0.28,7,0.28,0,24
6554,2,1,18.805353,0.32,8,0.32,0,24
6555,1,0,0.0,0.32,8,0.32,0,24
6556,1,0,0.0,0.32,8,0.32,0,24
6557,1,0,0.0,0.32,8,0.32,0,24
6558,1,0,0.0,0.32,8,0.32,0,24
6559,0,-1,9.695268,0.28,7,0.28,0,24
6560,2,1,19.956524,0.32,8,0.32,0,24
6561,0,-1,-0.0,0.32,8,0.32,0,24
6562,1,0,0.0,0.32,8,0.32,0,24
6563,2,1,16.772905,0.36,9,0.36,0,24
6564,2,1,16.112528,0.4,10,0.4,0,24
6565,2,1,12.548294,0.44,11,0.44,1,24
6566,1,0,0.0,0.44,11,0.44,0,24
6567,2,1,10.593197,0.48,12,0.48,0,24
6568,0,-1,-0.0,0.48,12,0.48,0,24
6569,2,1,6.460663,0.52,13,0.52,0,24
6570,1,0,0.0,0.52,13,0.52,0,24
6571,1,0,0.0,0.52,13,0.52,1,24
6572,1,0,0.0,0.52,13,0.52,0,24
6573,1,0,0.0,0.52,13,0.52,0,24
6574,2,1,6.284135,0.56,14,0.56,0,24
6575,0,-1,-0.0,0.56,14,0.56,0,24
6576,2,1,2.3822024,0.6,15,0.6,0,24
6577,0,-1,0.11636005,0.56,14,0.56,0,24
6578,0,-1,-5.7421894,0.52,13,0.52,0,24
6579,1,0,0.0,0.52,13,0.52,0,24
6580,0,-1,-0.0,0.52,13,0.52,0,24
6581,0,-1,-8.959408,0.48,12,0.48,0,24
6582,0,-1,-0.0,0.48,12,0.48,0,24
6583,2,1,6.7429185,0.52,13,0.52,0,24
6584,2,1,-3.8219473,0.56,14,0.56,1,24
6585,1,0,0.0,0.56,14,0.56,0,24
6586,1,0,0.0,0.56,14,0.56,0,24
6587,0,-1,-0.0,0.56,14,0.56,1,24
6588,1,0,0.0,0.56,14,0.56,0,24
6589,0,-1,-8.681899,0.52,13,0.52,0,24
6590,2,1,6.3572454,0.56,14,0.56,0,24
6591,0,-1,-0.0,0.56,14,0.56,0,24
6592,2,1,4.9521003,0.6,15,0.6,0,24
6593,0,-1,-4.9521003,0.56,14,0.56,0,24
6594,1,0,0.0,0.56,14,0.56,0,24
6595,1,0,0.0,0.56,14,0.56,0,24
6596,0,-1,-5.540182,0.52,13,0.52,0,24
6597,2,1,2.7660158,0.56,14,0.56,0,24
6598,1,0,0.0,0.56,14,0.56,0,24
6599,2,1,-3.4060605,0.6,15,0.6,0,24
6600,1,0,0.0,0.6,15,0.6,0,24
6601,1,0,0.0,0.6,15,0.6,0,24
6602,2,1,-11.252945,0.64,16,0.64,0,24
6603,0,-1,11.252945,0.6,15,0.6,0,24
6604,0,-1,3.4060605,0.56,14,0.56,0,24
6605,2,1,-0.114385515,0.6,15,0.6,0,24
6606,1,0,0.0,0.6,15,0.6,0,24
6607,2,1,-8.405284,0.64,16,0.64,0,24
6608,1,0,0.0,0.64,16,0.64,0,24
6609,2,1,-14.010261,0.68,17,0.68,0,24
6610,1,0,0.0,0.68,17,0.68,0,24
6611,2,1,-25.246237,0.72,18,0.72,1,24
6612,0,-1,-0.0,0.72,18,0.72,0,24
6613,2,1,-27.724442,0.76,19,0.76,0,24
6614,0,-1,-0.0,0.76,19,0.76,0,24
6615,1,0,0.0,0.76,19,0.76,0,24
6616,0,-1,-0.0,0.76,19,0.76,0,24
6617,0,-1,32.84601,0.72,18,0.72,0,24
6618,1,0,0.0,0.72,18,0.72,0,24
6619,1,0,0.0,0.72,18,0.72,1,24
6620,1,0,0.0,0.72,18,0.72,0,24
6621,2,1,-32.84591,0.76,19,0.76,0,24
6622,2,1,0.0,0.76,19,0.76,0,24
6623,1,0,0.0,0.76,19,0.76,0,24
6624,0,-1,39.732162,0.72,18,0.72,0,24
6625,1,0,0.0,0.72,18,0.72,0,24
6626,1,0,0.0,0.72,18,0.72,0,24
6627,0,-1,18.001757,0.68,17,0.68,0,24
6628,0,-1,16.628433,0.64,16,0.64,0,24
6629,2,1,-17.66271,0.68,17,0.68,0,24
6630,0,-1,-0.0,0.68,17,0.68,0,24
6631,0,-1,-0.0,0.68,17,0.68,0,24
6632,0,-1,17.66271,0.64,16,0.64,0,24
6633,1,0,0.0,0.64,16,0.64,0,24
6634,0,-1,-0.0,0.64,16,0.64,0,24
6635,2,1,-16.241623,0.68,17,0.68,0,24
6636,1,0,0.0,0.68,17,0.68,0,24
6637,2,1,-18.001757,0.72,18,0.72,0,24
6638,0,-1,21.990635,0.68,17,0.68,0,24
6639,0,-1,8.121974,0.64,16,0.64,1,24
6640,2,1,-14.055662,0.68,17,0.68,0,24
6641,2,1,-19.806246,0.72,18,0.72,0,24
6642,0,-1,25.37694,0.68,17,0.68,0,24
6643,2,1,-25.380957,0.72,18,0.72,0,24
6644,0,-1,-0.0,0.72,18,0.72,0,24
6645,1,0,0.0,0.72,18,0.72,0,24
6646,1,0,0.0,0.72,18,0.72,0,24
6647,2,1,0.0,0.72,18,0.72,0,24
6648,0,-1,25.380957,0.68,17,0.68,0,24
6649,0,-1,3.0020967,0.64,16,0.64,0,24
6650,0,-1,-0.0,0.64,16,0.64,0,24
6651,0,-1,-0.0,0.64,16,0.64,0,24
6652,2,1,-12.008212,0.68,17,0.68,0,24
6653,2,1,-21.970772,0.72,18,0.72,0,24
6654,0,-1,-0.0,0.72,18,0.72,0,24
6655,1,0,0.0,0.72,18,0.72,0,24
6656,0,-1,-0.0,0.72,18,0.72,0,24
6657,0,-1,-0.0,0.72,18,0.72,0,24
6658,1,0,0.0,0.72,18,0.72,0,24
6659,1,0,0.0,0.72,18,0.72,0,24
6660,1,0,0.0,0.72,18,0.72,1,24
6661,0,-1,23.338865,0.68,17,0.68,0,24
6662,0,-1,12.005778,0.64,16,0.64,0,24
6663,0,-1,1.9370296,0.6,15,0.6,0,24
6664,1,0,0.0,0.6,15,0.6,0,24
6665,0,-1,-0.0,0.6,15,0.6,0,24
6666,1,0,0.0,0.6,15,0.6,1,24
6667,2,1,3.895142,0.64,16,0.64,0,24
6668,1,0,0.0,0.64,16,0.64,0,24
6669,0,-1,-0.0,0.64,16,0.64,0,24
6670,2,1,0.0,0.64,16,0.64,0,24
6671,2,1,-13.849131,0.68,17,0.68,0,24
6672,1,0,0.0,0.68,17,0.68,0,24
6673,0,-1,-0.0,0.68,17,0.68,0,24
6674,0,-1,15.76916,0.64,16,0.64,0,24
6675,2,1,-15.023765,0.68,17,0.68,0,24
6676,2,1,0.0,0.68,17,0.68,0,24
6677,1,0,0.0,0.68,17,0.68,0,24
6678,0,-1,13.785644,0.64,16,0.64,0,24
6679,0,-1,8.12494,0.6,15,0.6,0,24
6680,1,0,0.0,0.6,15,0.6,0,24
6681,1,0,0.0,0.6,15,0.6,0,24
6682,0,-1,0.34311974,0.56,14,0.56,0,24
6683,1,0,0.0,0.56,14,0.56,0,24
6684,2,1,2.9875252,0.6,15,0.6,0,24
6685,0,-1,1.9510823,0.56,14,0.56,0,24
6686,0,-1,-0.0,0.56,14,0.56,0,24
6687,2,1,4.73141,0.6,15,0.6,0,24
6688,0,-1,-4.73141,0.56,14,0.56,0,24
6689,2,1,4.73141,0.6,15,0.6,1,24
6690,2,1,-9.95738,0.64,16,0.64,0,24
6691,1,0,0.0,0.64,16,0.64,0,24
6692,1,0,0.0,0.64,16,0.64,0,24
6693,1,0,0.0,0.64,16,0.64,0,24
6694,0,-1,0.2592982,0.6,15,0.6,0,24
6695,0,-1,-8.891172,0.56,14,0.56,0,24
6696,0,-1,-6.9066186,0.52,13,0.52,0,24
6697,0,-1,-0.0,0.52,13,0.52,0,24
6698,2,1,2.292734,0.56,14,0.56,0,24
6699,1,0,0.0,0.56,14,0.56,0,24
6700,0,-1,-0.0,0.56,14,0.56,0,24
6701,0,-1,1.2283579,0.52,13,0.52,1,24
6702,2,1,3.6375995,0.56,14,0.56,0,24
6703,2,1,-2.2701502,0.6,15,0.6,0,24
6704,1,0,0.0,0.6,15,0.6,0,24
6705,0,-1,-0.7462121,0.56,14,0.56,0,24
6706,2,1,4.9655004,0.6,15,0.6,0,24
6707,2,1,-4.727979,0.64,16,0.64,0,24
6708,0,-1,0.03372281,0.6,15,0.6,0,24
6709,0,-1,2.2701502,0.56,14,0.56,0,24
6710,1,0,0.0,0.56,14,0.56,0,24
6711,0,-1,-4.001043,0.52,13,0.52,0,24
6712,0,-1,-6.4850063,0.48,12,0.48,0,24
6713,2,1,11.015468,0.52,13,0.52,0,24
6714,1,0,0.0,0.52,13,0.52,0,24
6715,2,1,1.1936215,0.56,14,0.56,0,24
6716,0,-1,-8.16806,0.52,13,0.52,0,24
6717,2,1,0.0,0.52,13,0.52,0,24
6718,0,-1,-0.0,0.52,13,0.52,0,24
6719,0,-1,-4.0410285,0.48,12,0.48,0,24
6720,0,-1,-0.0,0.48,12,0.48,0,24
6721,0,-1,-0.0,0.48,12,0.48,0,24
6722,1,0,0.0,0.48,12,0.48,0,24
6723,2,1,2.2850347,0.52,13,0.52,1,24
6724,1,0,0.0,0.52,13,0.52,0,24
6725,1,0,0.0,0.52,13,0.52,0,24
6726,2,1,3.9883428,0.56,14,0.56,0,24
6727,0,-1,0.65247995,0.52,13,0.52,0,24
6728,2,1,8.167012,0.56,14,0.56,0,24
6729,0,-1,-2.5129862,0.52,13,0.52,0,24
6730,1,0,0.0,0.52,13,0.52,0,24
6731,0,-1,-0.0,0.52,13,0.52,0,24
6732,0,-1,-0.0,0.52,13,0.52,0,24
6733,1,0,0.0,0.52,13,0.52,0,24
6734,0,-1,-0.0,0.52,13,0.52,0,24
6735,0,-1,-0.0,0.52,13,0.52,0,24
6736,1,0,0.0,0.52,13,0.52,0,24
6737,1,0,0.0,0.52,13,0.52,0,24
6738,1,0,0.0,0.52,13,0.52,0,24
6739,0,-1,-0.0,0.52,13,0.52,0,24
6740,0,-1,-0.0,0.52,13,0.52,0,24
6741,2,1,2.4977055,0.56,14,0.56,0,24
6742,2,1,3.2229707,0.6,15,0.6,0,24
6743,2,1,3.8895652,0.64,16,0.64,0,24
6744,2,1,-9.280568,0.68,17,0.68,0,24
6745,0,-1,3.0092592,0.64,16,0.64,0,24
6746,2,1,-14.641275,0.68,17,0.68,0,24
6747,0,-1,-0.0,0.68,17,0.68,1,24
6748,0,-1,-0.0,0.68,17,0.68,0,24
6749,1,0,0.0,0.68,17,0.68,0,24
6750,1,0,0.0,0.68,17,0.68,0,24
6751,0,-1,-0.0,0.68,17,0.68,0,24
6752,1,0,0.0,0.68,17,0.68,0,24
6753,2,1,-21.86496,0.72,18,0.72,0,24
6754,0,-1,-0.0,0.72,18,0.72,0,24
6755,0,-1,22.899488,0.68,17,0.68,0,24
6756,0,-1,14.405898,0.64,16,0.64,0,24
6757,0,-1,5.0863523,0.6,15,0.6,0,24
6758,0,-1,-0.6079371,0.56,14,0.56,0,24
6759,0,-1,-0.0,0.56,14,0.56,0,24
6760,1,0,0.0,0.56,14,0.56,0,24
6761,1,0,0.0,0.56,14,0.56,0,24
6762,1,0,0.0,0.56,14,0.56,0,24
6763,1,0,0.0,0.56,14,0.56,0,24
6764,1,0,0.0,0.56,14,0.56,0,24
6765,2,1,3.7855022,0.6,15,0.6,0,24
6766,1,0,0.0,0.6,15,0.6,0,24
6767,0,-1,-0.0,0.6,15,0.6,0,24
6768,0,-1,-0.48755598,0.56,14,0.56,0,24
6769,1,0,0.0,0.56,14,0.56,0,24
6770,1,0,0.0,0.56,14,0.56,0,24
6771,1,0,0.0,0.56,14,0.56,0,24
6772,0,-1,-0.0,0.56,14,0.56,0,24
6773,0,-1,-0.0,0.56,14,0.56,0,24
6774,1,0,0.0,0.56,14,0.56,0,24
6775,1,0,0.0,0.56,14,0.56,1,24
6776,0,-1,-7.5190954,0.52,13,0.52,0,24
6777,0,-1,-0.0,0.52,13,0.52,0,24
6778,2,1,4.321281,0.56,14,0.56,0,24
6779,0,-1,-0.0,0.56,14,0.56,0,24
6780,1,0,0.0,0.56,14,0.56,0,24
6781,0,-1,-0.0,0.56,14,0.56,0,24
6782,1,0,0.0,0.56,14,0.56,0,24
6783,1,0,0.0,0.56,14,0.56,0,24
6784,2,1,0.6041512,0.6,15,0.6,0,24
6785,2,1,-4.7225842,0.64,16,0.64,0,24
6786,0,-1,1.6520778,0.6,15,0.6,0,24
6787,0,-1,-0.2766389,0.56,14,0.56,0,24
6788,0,-1,-4.321281,0.52,13,0.52,0,24
6789,0,-1,-0.0,0.52,13,0.52,0,24
6790,0,-1,-0.0,0.52,13,0.52,0,24
6791,1,0,0.0,0.52,13,0.52,0,24
6792,1,0,0.0,0.52,13,0.52,0,24
6793,1,0,0.0,0.52,13,0.52,0,24
6794,2,1,4.393762,0.56,14,0.56,1,24
6795,0,-1,-6.3625755,0.52,13,0.52,0,24
6796,1,0,0.0,0.52,13,0.52,0,24
6797,2,1,6.362572,0.56,14,0.56,0,24
6798,1,0,0.0,0.56,14,0.56,0,24
6799,1,0,0.0,0.56,14,0.56,0,24
6800,1,0,0.0,0.56,14,0.56,0,24
6801,1,0,0.0,0.56,14,0.56,0,24
6802,1,0,0.0,0.56,14,0.56,0,24
6803,2,1,3.791994,0.6,15,0.6,0,24
6804,0,-1,-3.791994,0.56,14,0.56,1,24
6805,0,-1,-6.368611,0.52,13,0.52,0,24
6806,0,-1,-7.998135,0.48,12,0.48,0,24
6807,0,-1,-13.212216,0.44,11,0.44,0,24
6808,1,0,0.0,0.44,11,0.44,0,24
6809,2,1,12.585223,0.48,12,0.48,0,24
6810,1,0,0.0,0.48,12,0.48,0,24
6811,2,1,8.407899,0.52,13,0.52,0,24
6812,0,-1,-0.0,0.52,13,0.52,0,24
6813,2,1,3.4221292,0.56,14,0.56,0,24
6814,0,-1,-0.0,0.56,14,0.56,0,24
6815,0,-1,-0.0,0.56,14,0.56,0,24
6816,2,1,4.4221773,0.6,15,0.6,0,24
6817,1,0,0.0,0.6,15,0.6,1,24
6818,1,0,0.0,0.6,15,0.6,0,24
6819,1,0,0.0,0.6,15,0.6,1,24
6820,1,0,0.0,0.6,15,0.6,0,24
6821,1,0,0.0,0.6,15,0.6,0,24
6822,2,1,-7.8533225,0.64,16,0.64,0,24
6823,0,-1,7.8533225,0.6,15,0.6,0,24
6824,1,0,0.0,0.6,15,0.6,0,24
6825,1,0,0.0,0.6,15,0.6,0,24
6826,0,-1,-0.0,0.6,15,0.6,0,24
6827,0,-1,-0.0,0.6,15,0.6,0,24
6828,2,1,-2.0643651,0.64,16,0.64,0,24
6829,1,0,0.0,0.64,16,0.64,0,24
6830,2,1,-12.136258,0.68,17,0.68,0,24
6831,1,0,0.0,0.68,17,0.68,0,24
6832,0,-1,-0.0,0.68,17,0.68,0,24
6833,1,0,0.0,0.68,17,0.68,0,24
6834,2,1,-21.483522,0.72,18,0.72,0,24
6835,0,-1,22.01604,0.68,17,0.68,0,24
6836,0,-1,-0.0,0.68,17,0.68,0,24
6837,0,-1,-0.0,0.68,17,0.68,0,24
6838,1,0,0.0,0.68,17,0.68,0,24
6839,0,-1,-0.0,0.68,17,0.68,0,24
6840,1,0,0.0,0.68,17,0.68,0,24
6841,1,0,0.0,0.68,17,0.68,0,24
6842,0,-1,-0.0,0.68,17,0.68,0,24
6843,2,1,-20.444374,0.72,18,0.72,1,24
6844,0,-1,20.339827,0.68,17,0.68,0,24
6845,0,-1,10.250377,0.64,16,0.64,0,24
6846,1,0,0.0,0.64,16,0.64,0,24
6847,0,-1,-0.0,0.64,16,0.64,0,24
6848,1,0,0.0,0.64,16,0.64,0,24
6849,0,-1,0.0,0.0,0,0.0,0,24
6850,1,0,0.0,0.16,4,0.16,0,25
6851,2,1,24.223005,0.2,5,0.2,0,25
6852,2,1,-8.557965,0.24,6,0.24,0,25
6853,2,1,19.010124,0.28,7,0.28,0,25
6854,1,0,0.0,0.28,7,0.28,0,25
6855,2,1,21.593521,0.32,8,0.32,0,25
6856,1,0,0.0,0.32,8,0.32,0,25
6857,2,1,-10.560293,0.36,9,0.36,0,25
6858,0,-1,-0.0,0.36,9,0.36,0,25
6859,1,0,0.0,0.36,9,0.36,0,25
6860,1,0,0.0,0.36,9,0.36,0,25
6861,1,0,0.0,0.36,9,0.36,0,25
6862,2,1,17.993208,0.4,10,0.4,0,25
6863,1,0,0.0,0.4,10,0.4,0,25
6864,1,0,0.0,0.4,10,0.4,0,25
6865,2,1,15.459663,0.44,11,0.44,0,25
6866,2,1,12.55008,0.48,12,0.48,0,25
6867,1,0,0.0,0.48,12,0.48,0,25
6868,2,1,9.612425,0.52,13,0.52,0,25
6869,0,-1,-11.504668,0.48,12,0.48,0,25
6870,1,0,0.0,0.48,12,0.48,0,25
6871,1,0,0.0,0.48,12,0.48,1,25
6872,0,-1,-0.0,0.48,12,0.48,0,25
6873,2,1,10.643578,0.52,13,0.52,0,25
6874,2,1,5.614551,0.56,14,0.56,0,25
6875,1,0,0.0,0.56,14,0.56,0,25
6876,1,0,0.0,0.56,14,0.56,0,25
6877,1,0,0.0,0.56,14,0.56,0,25
6878,0,-1,-6.7284555,0.52,13,0.52,0,25
6879,0,-1,-10.347324,0.48,12,0.48,0,25
6880,1,0,0.0,0.48,12,0.48,0,25
6881,0,-1,-13.243626,0.44,11,0.44,0,25
6882,1,0,0.0,0.44,11,0.44,0,25
6883,2,1,-8.415219,0.48,12,0.48,0,25
6884,2,1,10.338847,0.52,13,0.52,0,25
6885,0,-1,-10.338847,0.48,12,0.48,0,25
6886,1,0,0.0,0.48,12,0.48,0,25
6887,2,1,11.030792,0.52,13,0.52,0,25
6888,0,-1,-6.81661,0.48,12,0.48,0,25
6889,0,-1,8.415219,0.44,11,0.44,0,25
6890,0,-1,-0.0,0.44,11,0.44,0,25
6891,0,-1,-0.0,0.44,11,0.44,1,25
6892,2,1,7.841412,0.48,12,0.48,0,25
6893,1,0,0.0,0.48,12,0.48,0,25
6894,2,1,4.079872,0.52,13,0.52,0,25
6895,2,1,3.5037022,0.56,14,0.56,0,25
6896,0,-1,-0.0,0.56,14,0.56,0,25
6897,2,1,-1.6015224,0.6,15,0.6,0,25
6898,1,0,0.0,0.6,15,0.6,0,25
6899,0,-1,-0.0,0.6,15,0.6,0,25
6900,0,-1,-0.0,0.6,15,0.6,0,25
6901,2,1,-1.2408913,0.64,16,0.64,0,25
6902,1,0,0.0,0.64,16,0.64,0,25
6903,2,1,-16.645836,0.68,17,0.68,0,25
6904,0,-1,7.452544,0.64,16,0.64,0,25
6905,1,0,0.0,0.64,16,0.64,0,25
6906,1,0,0.0,0.64,16,0.64,0,25
6907,0,-1,6.6007457,0.6,15,0.6,0,25
6908,0,-1,-3.758332,0.56,14,0.56,0,25
6909,0,-1,-0.0,0.56,14,0.56,0,25
6910,2,1,4.4455023,0.6,15,0.6,0,25
6911,1,0,0.0,0.6,15,0.6,0,25
6912,0,-1,-0.0,0.6,15,0.6,0,25
6913,0,-1,-0.0,0.6,15,0.6,0,25
6914,2,1,-0.042472493,0.64,16,0.64,0,25
6915,0,-1,5.2253203,0.6,15,0.6,0,25
6916,1,0,0.0,0.6,15,0.6,0,25
6917,2,1,-2.0166557,0.64,16,0.64,0,25
6918,0,-1,9.645478,0.6,15,0.6,0,25
6919,0,-1,-4.956751,0.56,14,0.56,0,25
6920,2,1,4.956751,0.6,15,0.6,1,25
6921,0,-1,-0.0,0.6,15,0.6,0,25
6922,0,-1,4.741072,0.56,14,0.56,0,25
6923,2,1,2.403001,0.6,15,0.6,0,25
6924,1,0,0.0,0.6,15,0.6,0,25
6925,2,1,-4.8066382,0.64,16,0.64,0,25
6926,2,1,-8.682196,0.68,17,0.68,0,25
6927,2,1,-26.287674,0.72,18,0.72,0,25
6928,0,-1,-0.0,0.72,18,0.72,0,25
6929,0,-1,18.561977,0.68,17,0.68,0,25
6930,2,1,-18.019384,0.72,18,0.72,0,25
6931,1,0,0.0,0.72,18,0.72,0,25
6932,1,0,0.0,0.72,18,0.72,1,25
6933,1,0,0.0,0.72,18,0.72,0,25
6934,0,-1,-0.0,0.72,18,0.72,0,25
6935,0,-1,-0.0,0.72,18,0.72,0,25
6936,0,-1,21.431793,0.68,17,0.68,0,25
6937,1,0,0.0,0.68,17,0.68,0,25
6938,0,-1,-0.0,0.68,17,0.68,0,25
6939,1,0,0.0,0.68,17,0.68,0,25
6940,2,1,0.0,0.68,17,0.68,0,25
6941,1,0,0.0,0.68,17,0.68,0,25
6942,2,1,-26.530455,0.72,18,0.72,0,25
6943,0,-1,19.373215,0.68,17,0.68,0,25
6944,0,-1,6.938859,0.64,16,0.64,0,25
6945,0,-1,-0.0,0.64,16,0.64,0,25
6946,2,1,-6.9389143,0.68,17,0.68,0,25
6947,1,0,0.0,0.68,17,0.68,0,25
6948,1,0,0.0,0.68,17,0.68,0,25
6949,1,0,0.0,0.68,17,0.68,0,25
6950,0,-1,6.9389143,0.64,16,0.64,0,25
6951,0,-1,1.240172,0.6,15,0.6,0,25
6952,1,0,0.0,0.6,15,0.6,0,25
6953,0,-1,-2.9794464,0.56,14,0.56,0,25
6954,1,0,0.0,0.56,14,0.56,0,25
6955,0,-1,-0.0,0.56,14,0.56,0,25
6956,2,1,8.89357,0.6,15,0.6,0,25
6957,0,-1,-8.89357,0.56,14,0.56,0,25
6958,2,1,0.0,0.56,14,0.56,0,25
6959,0,-1,-0.0,0.56,14,0.56,0,25
6960,1,0,0.0,0.56,14,0.56,0,25
6961,1,0,0.0,0.56,14,0.56,1,25
6962,0,-1,-0.0,0.56,14,0.56,0,25
6963,2,1,4.9603257,0.6,15,0.6,0,25
6964,1,0,0.0,0.6,15,0.6,0,25
6965,1,0,0.0,0.6,15,0.6,0,25
6966,0,-1,-0.0,0.6,15,0.6,0,25
6967,1,0,0.0,0.6,15,0.6,0,25
6968,1,0,0.0,0.6,15,0.6,0,25
6969,0,-1,-4.9603257,0.56,14,0.56,0,25
6970,1,0,0.0,0.56,14,0.56,0,25
6971,1,0,0.0,0.56,14,0.56,0,25
6972,0,-1,0.9675407,0.52,13,0.52,0,25
6973,1,0,0.0,0.52,13,0.52,0,25
6974,0,-1,-11.019622,0.48,12,0.48,0,25
6975,0,-1,-0.0,0.48,12,0.48,0,25
6976,2,1,6.8193207,0.52,13,0.52,0,25
6977,1,0,0.0,0.52,13,0.52,0,25
6978,0,-1,-2.1147904,0.48,12,0.48,0,25
6979,1,0,0.0,0.48,12,0.48,0,25
6980,1,0,0.0,0.48,12,0.48,0,25
6981,1,0,0.0,0.48,12,0.48,0,25
6982,2,1,11.537532,0.52,13,0.52,0,25
6983,1,0,0.0,0.52,13,0.52,0,25
6984,0,-1,-11.537532,0.48,12,0.48,0,25
6985,1,0,0.0,0.48,12,0.48,0,25
6986,0,-1,-6.357743,0.44,11,0.44,0,25
6987,0,-1,-0.0,0.44,11,0.44,0,25
6988,2,1,4.967274,0.48,12,0.48,0,25
6989,0,-1,-9.032154,0.44,11,0.44,1,25
6990,0,-1,-0.0,0.44,11,0.44,0,25
6991,1,0,0.0,0.44,11,0.44,0,25
6992,0,-1,-6.6780367,0.4,10,0.4,0,25
6993,1,0,0.0,0.4,10,0.4,0,25
6994,1,0,0.0,0.4,10,0.4,0,25
6995,0,-1,-0.0,0.4,10,0.4,0,25
6996,0,-1,-11.040463,0.36,9,0.36,0,25
6997,2,1,12.056651,0.4,10,0.4,0,25
6998,2,1,19.423384,0.44,11,0.44,0,25
6999,1,0,0.0,0.44,11,0.44,0,25
7000,2,1,7.556395,0.48,12,0.48,0,25
7001,1,0,0.0,0.48,12,0.48,0,25
7002,1,0,0.0,0.48,12,0.48,0,25
7003,2,1,5.687491,0.52,13,0.52,1,25
7004,1,0,0.0,0.52,13,0.52,0,25
7005,2,1,2.641221,0.56,14,0.56,0,25
7006,1,0,0.0,0.56,14,0.56,0,25
7007,2,1,4.7432733,0.6,15,0.6,0,25
7008,2,1,-9.630393,0.64,16,0.64,0,25
7009,1,0,0.0,0.64,16,0.64,0,25
7010,0,-1,0.25595024,0.6,15,0.6,0,25
7011,1,0,0.0,0.6,15,0.6,0,25
7012,0,-1,4.63117,0.56,14,0.56,0,25
7013,0,-1,-0.0,0.56,14,0.56,0,25
7014,1,0,0.0,0.56,14,0.56,0,25
7015,1,0,0.0,0.56,14,0.56,0,25
7016,1,0,0.0,0.56,14,0.56,0,25
7017,0,-1,-12.617779,0.52,13,0.52,0,25
7018,0,-1,-0.0,0.52,13,0.52,0,25
7019,1,0,0.0,0.52,13,0.52,0,25
7020,1,0,0.0,0.52,13,0.52,0,25
7021,0,-1,-5.488628,0.48,12,0.48,0,25
7022,1,0,0.0,0.48,12,0.48,1,25
7023,2,1,10.660149,0.52,13,0.52,0,25
7024,1,0,0.0,0.52,13,0.52,0,25
7025,2,1,5.1037235,0.56,14,0.56,0,25
7026,0,-1,-0.0,0.56,14,0.56,0,25
7027,0,-1,-0.0,0.56,14,0.56,0,25
7028,1,0,0.0,0.56,14,0.56,0,25
7029,0,-1,-5.1037235,0.52,13,0.52,0,25
7030,1,0,0.0,0.52,13,0.52,0,25
7031,1,0,0.0,0.52,13,0.52,0,25
7032,2,1,-0.7391639,0.56,14,0.56,0,25
7033,2,1,0.32689264,0.6,15,0.6,0,25
7034,0,-1,4.4689627,0.56,14,0.56,0,25
7035,0,-1,-3.197528,0.52,13,0.52,0,25
7036,2,1,3.3501964,0.56,14,0.56,0,25
7037,1,0,0.0,0.56,14,0.56,0,25
7038,1,0,0.0,0.56,14,0.56,0,25
7039,0,-1,-0.0,0.56,14,0.56,0,25
7040,0,-1,-0.0,0.56,14,0.56,0,25
7041,0,-1,-0.0,0.56,14,0.56,0,25
7042,0,-1,-0.0,0.56,14,0.56,1,25
7043,2,1,4.977136,0.6,15,0.6,0,25
7044,2,1,-1.2278103,0.64,16,0.64,0,25
7045,2,1,-10.12996,0.68,17,0.68,0,25
7046,1,0,0.0,0.68,17,0.68,1,25
7047,0,-1,7.4370894,0.64,16,0.64,0,25
7048,0,-1,4.0274153,0.6,15,0.6,0,25
7049,0,-1,-0.0,0.6,15,0.6,0,25
7050,0,-1,-0.0,0.6,15,0.6,0,25
7051,0,-1,-1.8384125,0.56,14,0.56,0,25
7052,1,0,0.0,0.56,14,0.56,0,25
7053,2,1,1.58595,0.6,15,0.6,0,25
7054,2,1,-5.1258636,0.64,16,0.64,0,25
7055,2,1,-9.463236,0.68,17,0.68,0,25
7056,1,0,0.0,0.68,17,0.68,0,25
7057,1,0,0.0,0.68,17,0.68,0,25
7058,2,1,-23.337328,0.72,18,0.72,0,25
7059,0,-1,-0.0,0.72,18,0.72,0,25
7060,0,-1,21.90447,0.68,17,0.68,0,25
7061,1,0,0.0,0.68,17,0.68,0,25
7062,0,-1,10.328245,0.64,16,0.64,0,25
7063,1,0,0.0,0.64,16,0.64,0,25
7064,0,-1,-0.0,0.64,16,0.64,0,25
7065,0,-1,-0.0,0.64,16,0.64,0,25
7066,2,1,-11.830684,0.68,17,0.68,0,25
7067,0,-1,11.830684,0.64,16,0.64,0,25
7068,2,1,-12.310087,0.68,17,0.68,0,25
7069,1,0,0.0,0.68,17,0.68,0,25
7070,1,0,0.0,0.68,17,0.68,0,25
7071,2,1,-25.218443,0.72,18,0.72,0,25
7072,2,1,-36.55462,0.76,19,0.76,0,25
7073,0,-1,-0.0,0.76,19,0.76,0,25
7074,0,-1,-0.0,0.76,19,0.76,0,25
7075,1,0,0.0,0.76,19,0.76,1,25
7076,2,1,-55.976036,0.8,20,0.8,0,25
7077,0,-1,60.32892,0.76,19,0.76,0,25
7078,0,-1,-0.0,0.76,19,0.76,0,25
7079,0,-1,34.185574,0.72,18,0.72,0,25
7080,0,-1,-0.0,0.72,18,0.72,0,25
7081,0,-1,-0.0,0.72,18,0.72,0,25
7082,2,1,-40.534763,0.76,19,0.76,0,25
7083,1,0,0.0,0.76,19,0.76,0,25
7084,0,-1,-0.0,0.76,19,0.76,0,25
7085,0,-1,32.199833,0.72,18,0.72,0,25
7086,0,-1,-0.0,0.72,18,0.72,0,25
7087,0,-1,-0.0,0.72,18,0.72,0,25
7088,1,0,0.0,0.72,18,0.72,0,25
7089,0,-1,-0.0,0.72,18,0.72,0,25
7090,2,1,-36.029606,0.76,19,0.76,0,25
7091,1,0,0.0,0.76,19,0.76,0,25
7092,0,-1,-0.0,0.76,19,0.76,0,25
7093,0,-1,39.614876,0.72,18,0.72,0,25
7094,0,-1,21.185452,0.68,17,0.68,0,25
7095,0,-1,6.9147563,0.64,16,0.64,0,25
7096,0,-1,-0.0,0.64,16,0.64,0,25
7097,2,1,-15.451216,0.68,17,0.68,1,25
7098,2,1,-22.262053,0.72,18,0.72,0,25
7099,1,0,0.0,0.72,18,0.72,0,25
7100,1,0,0.0,0.72,18,0.72,0,25
7101,0,-1,-0.0,0.72,18,0.72,0,25
7102,0,-1,24.681911,0.68,17,0.68,0,25
7103,0,-1,-0.0,0.68,17,0.68,0,25
7104,0,-1,-0.0,0.68,17,0.68,0,25
7105,0,-1,-0.0,0.68,17,0.68,0,25
7106,1,0,0.0,0.68,17,0.68,0,25
7107,1,0,0.0,0.68,17,0.68,0,25
7108,0,-1,-0.0,0.68,17,0.68,1,25
7109,2,1,-12.901873,0.72,18,0.72,0,25
7110,0,-1,-0.0,0.72,18,0.72,0,25
7111,1,0,0.0,0.72,18,0.72,0,25
7112,0,-1,25.679255,0.68,17,0.68,0,25
7113,1,0,0.0,0.68,17,0.68,0,25
7114,0,-1,3.0220907,0.64,16,0.64,0,25
7115,0,-1,6.3288574,0.6,15,0.6,0,25
7116,0,-1,-0.0,0.6,15,0.6,0,25
7117,2,1,-0.56908536,0.64,16,0.64,0,25
7118,1,0,0.0,0.64,16,0.64,0,25
7119,2,1,-10.485151,0.68,17,0.68,0,25
7120,0,-1,12.366595,0.64,16,0.64,0,25
7121,0,-1,3.064712,0.6,15,0.6,0,25
7122,0,-1,-0.0,0.6,15,0.6,0,25
7123,1,0,0.0,0.6,15,0.6,0,25
7124,1,0,0.0,0.6,15,0.6,0,25
7125,0,-1,0.3814791,0.56,14,0.56,0,25
7126,0,-1,-5.323709,0.52,13,0.52,0,25
7127,2,1,5.3204503,0.56,14,0.56,0,25
7128,0,-1,-0.0,0.56,14,0.56,0,25
7129,0,-1,-4.8900423,0.52,13,0.52,1,25
7130,0,-1,-7.8636737,0.48,12,0.48,0,25
7131,0,-1,-10.391196,0.44,11,0.44,0,25
7132,2,1,5.1642957,0.48,12,0.48,0,25
7133,1,0,0.0,0.48,12,0.48,0,25
7134,1,0,0.0,0.48,12,0.48,0,25
7135,0,-1,-13.316148,0.44,11,0.44,0,25
7136,2,1,10.62183,0.48,12,0.48,0,25
7137,0,-1,-10.62183,0.44,11,0.44,0,25
7138,1,0,0.0,0.44,11,0.44,0,25
7139,2,1,3.7880142,0.48,12,0.48,0,25
7140,2,1,10.9927,0.52,13,0.52,0,25
7141,0,-1,-10.385781,0.48,12,0.48,0,25
7142,2,1,6.257918,0.52,13,0.52,0,25
7143,1,0,0.0,0.52,13,0.52,0,25
7144,2,1,1.923933,0.56,14,0.56,1,25
7145,1,0,0.0,0.56,14,0.56,0,25
7146,1,0,0.0,0.56,14,0.56,0,25
7147,2,1,4.543898,0.6,15,0.6,0,25
7148,0,-1,4.0840144,0.56,14,0.56,0,25
7149,0,-1,0.0,0.0,0,0.0,0,25
7150,1,0,0.0,0.16,4,0.16,0,26
7151,2,1,-8.282061,0.2,5,0.2,0,26
7152,2,1,23.947102,0.24,6,0.24,0,26
7153,2,1,23.455095,0.28,7,0.28,0,26
7154,1,0,0.0,0.28,7,0.28,0,26
7155,2,1,21.588238,0.32,8,0.32,0,26
7156,0,-1,-22.809717,0.28,7,0.28,0,26
7157,2,1,22.809717,0.32,8,0.32,0,26
7158,1,0,0.0,0.32,8,0.32,0,26
7159,2,1,20.728495,0.36,9,0.36,0,26
7160,2,1,-11.659217,0.4,10,0.4,0,26
7161,2,1,-13.041625,0.44,11,0.44,0,26
7162,2,1,-14.783792,0.48,12,0.48,0,26
7163,0,-1,-0.0,0.48,12,0.48,0,26
7164,0,-1,14.783792,0.44,11,0.44,0,26
7165,0,-1,-0.0,0.44,11,0.44,0,26
7166,0,-1,-18.247831,0.4,10,0.4,0,26
7167,2,1,15.215459,0.44,11,0.44,0,26
7168,1,0,0.0,0.44,11,0.44,0,26
7169,0,-1,-19.464027,0.4,10,0.4,0,26
7170,2,1,19.464027,0.44,11,0.44,0,26
7171,0,-1,-0.0,0.44,11,0.44,0,26
7172,0,-1,13.041625,0.4,10,0.4,1,26
7173,0,-1,-0.0,0.4,10,0.4,0,26
7174,2,1,13.59327,0.44,11,0.44,0,26
7175,1,0,0.0,0.44,11,0.44,0,26
7176,2,1,-0.7923154,0.48,12,0.48,0,26
7177,0,-1,-16.44627,0.44,11,0.44,0,26
7178,2,1,16.461605,0.48,12,0.48,0,26
7179,0,-1,-0.0,0.48,12,0.48,0,26
7180,2,1,10.930939,0.52,13,0.52,0,26
7181,0,-1,3.005149,0.48,12,0.48,0,26
7182,0,-1,-11.851109,0.44,11,0.44,0,26
7183,0,-1,-8.92318,0.4,10,0.4,0,26
7184,0,-1,-16.720419,0.36,9,0.36,0,26
7185,1,0,0.0,0.36,9,0.36,0,26
7186,2,1,16.67328,0.4,10,0.4,0,26
7187,1,0,0.0,0.4,10,0.4,0,26
7188,2,1,12.740984,0.44,11,0.44,0,26
7189,1,0,0.0,0.44,11,0.44,0,26
7190,0,-1,-12.740984,0.4,10,0.4,0,26
7191,1,0,0.0,0.4,10,0.4,0,26
7192,2,1,13.047689,0.44,11,0.44,0,26
7193,2,1,10.512854,0.48,12,0.48,1,26
7194,1,0,0.0,0.48,12,0.48,0,26
7195,2,1,8.490472,0.52,13,0.52,0,26
7196,1,0,0.0,0.52,13,0.52,0,26
7197,0,-1,-5.884189,0.48,12,0.48,0,26
7198,0,-1,-11.96345,0.44,11,0.44,0,26
7199,0,-1,-14.850066,0.4,10,0.4,0,26
7200,1,0,0.0,0.4,10,0.4,0,26
7201,0,-1,-13.827842,0.36,9,0.36,0,26
7202,0,-1,-20.847773,0.32,8,0.32,0,26
7203,2,1,11.205275,0.36,9,0.36,0,26
7204,2,1,8.73322,0.4,10,0.4,0,26
7205,0,-1,-8.73322,0.36,9,0.36,0,26
7206,0,-1,-11.205275,0.32,8,0.32,0,26
7207,1,0,0.0,0.32,8,0.32,0,26
7208,0,-1,-16.996449,0.28,7,0.28,0,26
7209,2,1,21.491648,0.32,8,0.32,0,26
7210,1,0,0.0,0.32,8,0.32,0,26
7211,1,0,0.0,0.32,8,0.32,0,26
7212,2,1,18.628826,0.36,9,0.36,0,26
7213,1,0,0.0,0.36,9,0.36,1,26
7214,0,-1,-0.0,0.36,9,0.36,0,26
7215,0,-1,-19.9825,0.32,8,0.32,0,26
7216,1,0,0.0,0.32,8,0.32,0,26
7217,2,1,18.036867,0.36,9,0.36,0,26
7218,2,1,14.3265,0.4,10,0.4,1,26
7219,1,0,0.0,0.4,10,0.4,0,26
7220,2,1,16.99186,0.44,11,0.44,0,26
7221,0,-1,-15.433313,0.4,10,0.4,0,26
7222,0,-1,-0.0,0.4,10,0.4,1,26
7223,2,1,10.653623,0.44,11,0.44,0,26
7224,0,-1,-19.313395,0.4,10,0.4,0,26
7225,1,0,0.0,0.4,10,0.4,0,26
7226,2,1,15.912599,0.44,11,0.44,0,26
7227,2,1,12.326968,0.48,12,0.48,0,26
7228,2,1,10.841018,0.52,13,0.52,0,26
7229,0,-1,-0.0,0.52,13,0.52,0,26
7230,2,1,12.512395,0.56,14,0.56,0,26
7231,1,0,0.0,0.56,14,0.56,0,26
7232,1,0,0.0,0.56,14,0.56,0,26
7233,0,-1,-12.512395,0.52,13,0.52,0,26
7234,0,-1,-10.114134,0.48,12,0.48,0,26
7235,0,-1,-0.0,0.48,12,0.48,0,26
7236,0,-1,-13.053851,0.44,11,0.44,0,26
7237,1,0,0.0,0.44,11,0.44,1,26
7238,2,1,10.602187,0.48,12,0.48,0,26
7239,2,1,10.071705,0.52,13,0.52,0,26
7240,0,-1,-0.0,0.52,13,0.52,0,26
7241,1,0,0.0,0.52,13,0.52,0,26
7242,2,1,8.177514,0.56,14,0.56,0,26
7243,0,-1,-0.0,0.56,14,0.56,1,26
7244,1,0,0.0,0.56,14,0.56,0,26
7245,1,0,0.0,0.56,14,0.56,0,26
7246,1,0,0.0,0.56,14,0.56,0,26
7247,0,-1,-7.1732564,0.52,13,0.52,1,26
7248,2,1,12.491678,0.56,14,0.56,0,26
7249,0,-1,-0.0,0.56,14,0.56,0,26
7250,0,-1,-5.0269747,0.52,13,0.52,0,26
7251,0,-1,-0.0,0.52,13,0.52,0,26
7252,0,-1,-8.093762,0.48,12,0.48,0,26
7253,2,1,9.822151,0.52,13,0.52,0,26
7254,2,1,5.1648126,0.56,14,0.56,1,26
7255,0,-1,-6.276838,0.52,13,0.52,0,26
7256,2,1,2.587326,0.56,14,0.56,0,26
7257,2,1,-2.7034297,0.6,15,0.6,0,26
7258,2,1,-3.6130624,0.64,16,0.64,0,26
7259,0,-1,-0.0,0.64,16,0.64,0,26
7260,2,1,-11.476574,0.68,17,0.68,0,26
7261,0,-1,-0.0,0.68,17,0.68,0,26
7262,0,-1,-0.0,0.68,17,0.68,0,26
7263,1,0,0.0,0.68,17,0.68,0,26
7264,1,0,0.0,0.68,17,0.68,0,26
7265,0,-1,10.511887,0.64,16,0.64,0,26
7266,0,-1,-0.0,0.64,16,0.64,0,26
7267,2,1,-14.423713,0.68,17,0.68,0,26
7268,1,0,0.0,0.68,17,0.68,0,26
7269,1,0,0.0,0.68,17,0.68,0,26
7270,0,-1,-0.0,0.68,17,0.68,0,26
7271,0,-1,3.1397138,0.64,16,0.64,0,26
7272,2,1,-16.07842,0.68,17,0.68,0,26
7273,0,-1,-0.0,0.68,17,0.68,0,26
7274,0,-1,11.476574,0.64,16,0.64,0,26
7275,1,0,0.0,0.64,16,0.64,0,26
7276,2,1,-8.108041,0.68,17,0.68,0,26
7277,2,1,-20.16791,0.72,18,0.72,0,26
7278,1,0,0.0,0.72,18,0.72,0,26
7279,1,0,0.0,0.72,18,0.72,0,26
7280,1,0,0.0,0.72,18,0.72,0,26
7281,1,0,0.0,0.72,18,0.72,0,26
7282,2,1,-32.285324,0.76,19,0.76,1,26
7283,0,-1,39.17525,0.72,18,0.72,0,26
7284,0,-1,-0.0,0.72,18,0.72,0,26
7285,0,-1,-0.0,0.72,18,0.72,0,26
7286,0,-1,17.427933,0.68,17,0.68,0,26
7287,2,1,-21.33526,0.72,18,0.72,0,26
7288,0,-1,16.674181,0.68,17,0.68,0,26
7289,1,0,0.0,0.68,17,0.68,0,26
7290,0,-1,-0.0,0.68,17,0.68,0,26
7291,1,0,0.0,0.68,17,0.68,0,26
7292,0,-1,8.094067,0.64,16,0.64,0,26
7293,0,-1,3.195003,0.6,15,0.6,0,26
7294,0,-1,-0.44257012,0.56,14,0.56,0,26
7295,1,0,0.0,0.56,14,0.56,0,26
7296,2,1,0.0,0.56,14,0.56,0,26
7297,0,-1,-0.0,0.56,14,0.56,0,26
7298,0,-1,-0.0,0.56,14,0.56,0,26
7299,1,0,0.0,0.56,14,0.56,0,26
7300,0,-1,-0.0,0.56,14,0.56,0,26
7301,0,-1,-0.0,0.56,14,0.56,0,26
7302,1,0,0.0,0.56,14,0.56,0,26
7303,1,0,0.0,0.56,14,0.56,1,26
7304,1,0,0.0,0.56,14,0.56,0,26
7305,0,-1,-0.0,0.56,14,0.56,0,26
7306,2,1,0.081460305,0.6,15,0.6,0,26
7307,2,1,-7.580837,0.64,16,0.64,0,26
7308,1,0,0.0,0.64,16,0.64,0,26
7309,2,1,-13.232586,0.68,17,0.68,0,26
7310,2,1,0.0,0.68,17,0.68,0,26
7311,0,-1,14.479661,0.64,16,0.64,0,26
7312,0,-1,-0.0,0.64,16,0.64,0,26
7313,1,0,0.0,0.64,16,0.64,0,26
7314,2,1,-8.104523,0.68,17,0.68,0,26
7315,1,0,0.0,0.68,17,0.68,0,26
7316,2,1,-16.706299,0.72,18,0.72,0,26
7317,0,-1,23.169981,0.68,17,0.68,0,26
7318,0,-1,8.432467,0.64,16,0.64,0,26
7319,2,1,-3.1413903,0.68,17,0.68,0,26
7320,0,-1,-0.0,0.68,17,0.68,0,26
7321,1,0,0.0,0.68,17,0.68,0,26
7322,0,-1,6.8265157,0.64,16,0.64,0,26
7323,0,-1,-0.0,0.64,16,0.64,0,26
7324,0,-1,0.2894732,0.6,15,0.6,0,26
7325,0,-1,-0.0,0.6,15,0.6,0,26
7326,0,-1,-8.756658,0.56,14,0.56,0,26
7327,2,1,-3.3016481,0.6,15,0.6,0,26
7328,0,-1,-0.0,0.6,15,0.6,1,26
7329,1,0,0.0,0.6,15,0.6,0,26
7330,2,1,-0.6516849,0.64,16,0.64,0,26
7331,0,-1,0.6516849,0.6,15,0.6,0,26
7332,1,0,0.0,0.6,15,0.6,0,26
7333,2,1,-0.6516849,0.64,16,0.64,0,26
7334,0,-1,0.6516849,0.6,15,0.6,0,26
7335,2,1,-6.2390137,0.64,16,0.64,0,26
7336,1,0,0.0,0.64,16,0.64,0,26
7337,0,-1,6.3659344,0.6,15,0.6,0,26
7338,1,0,0.0,0.6,15,0.6,0,26
7339,1,0,0.0,0.6,15,0.6,0,26
7340,2,1,-4.758455,0.64,16,0.64,0,26
7341,1,0,0.0,0.64,16,0.64,0,26
7342,2,1,-6.8203936,0.68,17,0.68,0,26
7343,1,0,0.0,0.68,17,0.68,0,26
7344,0,-1,8.0676155,0.64,16,0.64,0,26
7345,0,-1,-0.0,0.64,16,0.64,0,26
7346,1,0,0.0,0.64,16,0.64,0,26
7347,0,-1,6.2390137,0.6,15,0.6,0,26
7348,0,-1,-0.24076846,0.56,14,0.56,0,26
7349,0,-1,-0.0,0.56,14,0.56,0,26
7350,1,0,0.0,0.56,14,0.56,0,26
7351,0,-1,-0.0,0.56,14,0.56,0,26
7352,0,-1,-3.5314753,0.52,13,0.52,0,26
7353,1,0,0.0,0.52,13,0.52,1,26
7354,0,-1,-0.0,0.52,13,0.52,0,26
7355,1,0,0.0,0.52,13,0.52,0,26
7356,0,-1,-3.278152,0.48,12,0.48,0,26
7357,0,-1,-0.0,0.48,12,0.48,0,26
7358,0,-1,-0.0,0.48,12,0.48,0,26
7359,0,-1,-0.0,0.48,12,0.48,0,26
7360,1,0,0.0,0.48,12,0.48,0,26
7361,0,-1,-13.887687,0.44,11,0.44,0,26
7362,0,-1,-0.0,0.44,11,0.44,0,26
7363,0,-1,-0.0,0.44,11,0.44,0,26
7364,0,-1,-0.0,0.44,11,0.44,0,26
7365,0,-1,-0.0,0.44,11,0.44,0,26
7366,2,1,12.612893,0.48,12,0.48,0,26
7367,1,0,0.0,0.48,12,0.48,0,26
7368,2,1,10.254624,0.52,13,0.52,0,26
7369,1,0,0.0,0.52,13,0.52,0,26
7370,0,-1,-6.566935,0.48,12,0.48,0,26
7371,2,1,11.236795,0.52,13,0.52,0,26
7372,2,1,8.082743,0.56,14,0.56,0,26
7373,0,-1,-7.4072175,0.52,13,0.52,0,26
7374,0,-1,-0.0,0.52,13,0.52,0,26
7375,2,1,3.7198098,0.56,14,0.56,0,26
7376,0,-1,-8.389388,0.52,13,0.52,0,26
7377,2,1,0.3193623,0.56,14,0.56,0,26
7378,2,1,5.0839477,0.6,15,0.6,0,26
7379,2,1,-10.284039,0.64,16,0.64,1,26
7380,0,-1,-0.0,0.64,16,0.64,0,26
7381,0,-1,-0.0,0.64,16,0.64,0,26
7382,0,-1,-0.0,0.64,16,0.64,0,26
7383,2,1,0.0,0.64,16,0.64,0,26
7384,0,-1,10.277883,0.6,15,0.6,0,26
7385,1,0,0.0,0.6,15,0.6,0,26
7386,2,1,-7.9293265,0.64,16,0.64,0,26
7387,0,-1,0.63476545,0.6,15,0.6,0,26
7388,2,1,-2.4480546,0.64,16,0.64,0,26
7389,0,-1,8.425446,0.6,15,0.6,0,26
7390,2,1,-0.34084162,0.64,16,0.64,0,26
7391,0,-1,-0.0,0.64,16,0.64,0,26
7392,1,0,0.0,0.64,16,0.64,0,26
7393,0,-1,7.9293265,0.6,15,0.6,0,26
7394,2,1,-7.9293265,0.64,16,0.64,0,26
7395,1,0,0.0,0.64,16,0.64,0,26
7396,2,1,-3.1457548,0.68,17,0.68,0,26
7397,0,-1,7.239666,0.64,16,0.64,0,26
7398,2,1,-16.045033,0.68,17,0.68,0,26
7399,0,-1,-0.0,0.68,17,0.68,0,26
7400,1,0,0.0,0.68,17,0.68,1,26
7401,1,0,0.0,0.68,17,0.68,0,26
7402,0,-1,-0.0,0.68,17,0.68,0,26
7403,2,1,-21.957304,0.72,18,0.72,0,26
7404,0,-1,25.976198,0.68,17,0.68,0,26
7405,2,1,-21.488592,0.72,18,0.72,0,26
7406,0,-1,13.026428,0.68,17,0.68,0,26
7407,0,-1,-0.0,0.68,17,0.68,0,26
7408,1,0,0.0,0.68,17,0.68,0,26
7409,0,-1,14.860397,0.64,16,0.64,0,26
7410,0,-1,2.4492211,0.6,15,0.6,0,26
7411,1,0,0.0,0.6,15,0.6,0,26
7412,1,0,0.0,0.6,15,0.6,0,26
7413,0,-1,-0.0,0.6,15,0.6,0,26
7414,0,-1,-0.289239,0.56,14,0.56,0,26
7415,0,-1,-3.5503256,0.52,13,0.52,0,26
7416,0,-1,-0.0,0.52,13,0.52,0,26
7417,0,-1,-0.0,0.52,13,0.52,0,26
7418,0,-1,-0.0,0.52,13,0.52,0,26
7419,2,1,12.481217,0.56,14,0.56,0,26
7420,1,0,0.0,0.56,14,0.56,0,26
7421,0,-1,-0.0,0.56,14,0.56,0,26
7422,0,-1,-4.5866385,0.52,13,0.52,0,26
7423,1,0,0.0,0.52,13,0.52,1,26
7424,1,0,0.0,0.52,13,0.52,0,26
7425,1,0,0.0,0.52,13,0.52,0,26
7426,1,0,0.0,0.52,13,0.52,0,26
7427,2,1,7.1740613,0.56,14,0.56,0,26
7428,2,1,3.7191603,0.6,15,0.6,0,26
7429,0,-1,-3.7191603,0.56,14,0.56,0,26
7430,0,-1,-0.0,0.56,14,0.56,0,26
7431,2,1,7.5345607,0.6,15,0.6,0,26
7432,0,-1,-3.4442625,0.56,14,0.56,0,26
7433,2,1,3.7191603,0.6,15,0.6,0,26
7434,1,0,0.0,0.6,15,0.6,0,26
7435,0,-1,-0.0,0.6,15,0.6,0,26
7436,1,0,0.0,0.6,15,0.6,0,26
7437,2,1,-0.33804184,0.64,16,0.64,0,26
7438,2,1,-7.2434235,0.68,17,0.68,1,26
7439,2,1,-20.45764,0.72,18,0.72,0,26
7440,2,1,-33.12512,0.76,19,0.76,0,26
7441,1,0,0.0,0.76,19,0.76,0,26
7442,0,-1,32.84095,0.72,18,0.72,0,26
7443,0,-1,-0.0,0.72,18,0.72,0,26
7444,2,1,-33.635746,0.76,19,0.76,0,26
7445,0,-1,31.966528,0.72,18,0.72,0,26
7446,1,0,0.0,0.72,18,0.72,0,26
7447,0,-1,-0.0,0.72,18,0.72,0,26
7448,0,-1,-0.0,0.72,18,0.72,0,26
7449,1,0,0.0,0.0,0,0.0,0,26
7450,2,1,24.223005,0.2,5,0.2,0,27
7451,2,1,22.730906,0.24,6,0.24,0,27
7452,1,0,0.0,0.24,6,0.24,0,27
7453,2,1,19.468458,0.28,7,0.28,0,27
7454,2,1,-9.69535,0.32,8,0.32,0,27
7455,2,1,16.203594,0.36,9,0.36,0,27
7456,1,0,0.0,0.36,9,0.36,0,27
7457,0,-1,-0.0,0.36,9,0.36,0,27
7458,2,1,13.181286,0.4,10,0.4,0,27
7459,2,1,16.610834,0.44,11,0.44,0,27
7460,2,1,13.259169,0.48,12,0.48,0,27
7461,2,1,9.143716,0.52,13,0.52,0,27
7462,0,-1,-12.655838,0.48,12,0.48,0,27
7463,2,1,9.612425,0.52,13,0.52,0,27
7464,2,1,-19.843994,0.56,14,0.56,0,27
7465,0,-1,-4.996508,0.52,13,0.52,0,27
7466,1,0,0.0,0.52,13,0.52,0,27
7467,0,-1,16.996588,0.48,12,0.48,0,27
7468,2,1,6.378856,0.52,13,0.52,0,27
7469,0,-1,16.996035,0.48,12,0.48,0,27
7470,0,-1,-0.0,0.48,12,0.48,0,27
7471,2,1,-16.995953,0.52,13,0.52,0,27
7472,2,1,4.3677278,0.56,14,0.56,1,27
7473,0,-1,-3.969203,0.52,13,0.52,0,27
7474,1,0,0.0,0.52,13,0.52,0,27
7475,2,1,0.9331344,0.56,14,0.56,0,27
7476,1,0,0.0,0.56,14,0.56,0,27
7477,2,1,2.3886514,0.6,15,0.6,0,27
7478,1,0,0.0,0.6,15,0.6,0,27
7479,1,0,0.0,0.6,15,0.6,0,27
7480,0,-1,2.7966645,0.56,14,0.56,0,27
7481,0,-1,-4.34958,0.52,13,0.52,0,27
7482,2,1,2.1386,0.56,14,0.56,0,27
7483,0,-1,-6.11845,0.52,13,0.52,0,27
7484,1,0,0.0,0.52,13,0.52,0,27
7485,2,1,6.11845,0.56,14,0.56,1,27
7486,1,0,0.0,0.56,14,0.56,0,27
7487,0,-1,-6.1313796,0.52,13,0.52,0,27
7488,0,-1,-9.182239,0.48,12,0.48,0,27
7489,1,0,0.0,0.48,12,0.48,0,27
7490,2,1,8.206468,0.52,13,0.52,0,27
7491,0,-1,-0.0,0.52,13,0.52,0,27
7492,2,1,0.91069406,0.56,14,0.56,1,27
7493,1,0,0.0,0.56,14,0.56,0,27
7494,0,-1,-0.0,0.56,14,0.56,0,27
7495,2,1,5.95843,0.6,15,0.6,1,27
7496,0,-1,-0.0,0.6,15,0.6,1,27
7497,0,-1,-0.0,0.6,15,0.6,0,27
7498,0,-1,1.5266141,0.56,14,0.56,0,27
7499,0,-1,-0.0,0.56,14,0.56,0,27
7500,0,-1,-0.0,0.56,14,0.56,0,27
7501,0,-1,-0.0,0.56,14,0.56,0,27
7502,0,-1,-10.071937,0.52,13,0.52,0,27
7503,1,0,0.0,0.52,13,0.52,0,27
7504,1,0,0.0,0.52,13,0.52,0,27
7505,0,-1,-9.808935,0.48,12,0.48,0,27
7506,0,-1,-0.0,0.48,12,0.48,0,27
7507,1,0,0.0,0.48,12,0.48,0,27
7508,1,0,0.0,0.48,12,0.48,1,27
7509,1,0,0.0,0.48,12,0.48,0,27
7510,0,-1,-13.772982,0.44,11,0.44,0,27
7511,1,0,0.0,0.44,11,0.44,1,27
7512,2,1,14.883221,0.48,12,0.48,0,27
7513,2,1,8.2294235,0.52,13,0.52,0,27
7514,2,1,8.675284,0.56,14,0.56,0,27
7515,0,-1,-8.675284,0.52,13,0.52,0,27
7516,0,-1,-8.2294235,0.48,12,0.48,0,27
7517,2,1,11.522692,0.52,13,0.52,0,27
7518,2,1,7.7256327,0.56,14,0.56,0,27
7519,0,-1,-0.0,0.56,14,0.56,0,27
7520,1,0,0.0,0.56,14,0.56,0,27
7521,2,1,-4.45344,0.6,15,0.6,1,27
7522,2,1,-3.1717398,0.64,16,0.64,0,27
7523,0,-1,9.40167,0.6,15,0.6,0,27
7524,0,-1,-0.0,0.6,15,0.6,0,27
7525,1,0,0.0,0.6,15,0.6,0,27
7526,1,0,0.0,0.6,15,0.6,0,27
7527,2,1,-1.628493,0.64,16,0.64,0,27
7528,0,-1,7.938826,0.6,15,0.6,0,27
7529,2,1,-4.0346484,0.64,16,0.64,0,27
7530,2,1,-14.028024,0.68,17,0.68,0,27
7531,2,1,-18.08181,0.72,18,0.72,0,27
7532,1,0,0.0,0.72,18,0.72,0,27
7533,0,-1,23.907806,0.68,17,0.68,0,27
7534,0,-1,11.766762,0.64,16,0.64,1,27
7535,2,1,-8.846732,0.68,17,0.68,0,27
7536,1,0,0.0,0.68,17,0.68,0,27
7537,1,0,0.0,0.68,17,0.68,0,27
7538,1,0,0.0,0.68,17,0.68,0,27
7539,1,0,0.0,0.68,17,0.68,0,27
7540,1,0,0.0,0.68,17,0.68,0,27
7541,0,-1,8.180406,0.64,16,0.64,0,27
7542,1,0,0.0,0.64,16,0.64,0,27
7543,0,-1,-0.0,0.64,16,0.64,0,27
7544,0,-1,1.9479074,0.6,15,0.6,0,27
7545,0,-1,-0.0,0.6,15,0.6,0,27
7546,2,1,-6.151327,0.64,16,0.64,0,27
7547,2,1,-11.990844,0.68,17,0.68,0,27
7548,0,-1,6.9460263,0.64,16,0.64,0,27
7549,1,0,0.0,0.64,16,0.64,1,27
7550,0,-1,-0.0,0.64,16,0.64,0,27
7551,2,1,-8.1601095,0.68,17,0.68,0,27
7552,0,-1,11.855996,0.64,16,0.64,0,27
7553,0,-1,-0.0,0.64,16,0.64,0,27
7554,0,-1,2.94604,0.6,15,0.6,0,27
7555,0,-1,-0.0,0.6,15,0.6,0,27
7556,0,-1,-0.0,0.6,15,0.6,0,27
7557,0,-1,1.1692153,0.56,14,0.56,0,27
7558,2,1,2.2207432,0.6,15,0.6,0,27
7559,0,-1,-0.0,0.6,15,0.6,0,27
7560,1,0,0.0,0.6,15,0.6,0,27
7561,0,-1,-0.0,0.6,15,0.6,0,27
7562,0,-1,-0.0,0.6,15,0.6,0,27
7563,0,-1,-0.0,0.6,15,0.6,0,27
7564,1,0,0.0,0.6,15,0.6,0,27
7565,1,0,0.0,0.6,15,0.6,0,27
7566,1,0,0.0,0.6,15,0.6,0,27
7567,2,1,-5.081438,0.64,16,0.64,0,27
7568,1,0,0.0,0.64,16,0.64,0,27
7569,0,-1,-0.0,0.64,16,0.64,0,27
7570,1,0,0.0,0.64,16,0.64,0,27
7571,2,1,-14.125665,0.68,17,0.68,0,27
7572,0,-1,11.980263,0.64,16,0.64,1,27
7573,2,1,-3.0481062,0.68,17,0.68,0,27
7574,1,0,0.0,0.68,17,0.68,0,27
7575,0,-1,-0.0,0.68,17,0.68,0,27
7576,0,-1,10.420618,0.64,16,0.64,0,27
7577,0,-1,-0.0,0.64,16,0.64,0,27
7578,0,-1,6.9201574,0.6,15,0.6,0,27
7579,1,0,0.0,0.6,15,0.6,0,27
7580,2,1,-2.9346447,0.64,16,0.64,0,27
7581,1,0,0.0,0.64,16,0.64,0,27
7582,1,0,0.0,0.64,16,0.64,0,27
7583,2,1,-10.085241,0.68,17,0.68,1,27
7584,2,1,-16.949738,0.72,18,0.72,0,27
7585,0,-1,19.501059,0.68,17,0.68,0,27
7586,2,1,-19.133543,0.72,18,0.72,0,27
7587,1,0,0.0,0.72,18,0.72,0,27
7588,1,0,0.0,0.72,18,0.72,0,27
7589,1,0,0.0,0.72,18,0.72,0,27
7590,0,-1,16.949738,0.68,17,0.68,0,27
7591,0,-1,3.0514195,0.64,16,0.64,0,27
7592,0,-1,2.7699292,0.6,15,0.6,0,27
7593,0,-1,-3.7771187,0.56,14,0.56,0,27
7594,1,0,0.0,0.56,14,0.56,0,27
7595,1,0,0.0,0.56,14,0.56,0,27
7596,0,-1,-0.0,0.56,14,0.56,0,27
7597,2,1,8.846657,0.6,15,0.6,0,27
7598,2,1,-6.2249146,0.64,16,0.64,0,27
7599,0,-1,6.2249146,0.6,15,0.6,0,27
7600,2,1,-6.2249146,0.64,16,0.64,0,27
7601,0,-1,3.4590697,0.6,15,0.6,1,27
7602,1,0,0.0,0.6,15,0.6,0,27
7603,1,0,0.0,0.6,15,0.6,0,27
7604,0,-1,-8.843334,0.56,14,0.56,0,27
7605,2,1,3.6172066,0.6,15,0.6,0,27
7606,0,-1,-2.648472,0.56,14,0.56,0,27
7607,2,1,4.9521885,0.6,15,0.6,0,27
7608,2,1,-4.0655766,0.64,16,0.64,0,27
7609,0,-1,2.116405,0.6,15,0.6,0,27
7610,1,0,0.0,0.6,15,0.6,0,27
7611,1,0,0.0,0.6,15,0.6,0,27
7612,1,0,0.0,0.6,15,0.6,0,27
7613,1,0,0.0,0.6,15,0.6,0,27
7614,1,0,0.0,0.6,15,0.6,0,27
7615,0,-1,-3.6172066,0.56,14,0.56,0,27
7616,1,0,0.0,0.56,14,0.56,0,27
7617,0,-1,-0.0,0.56,14,0.56,0,27
7618,2,1,-0.80517143,0.6,15,0.6,0,27
7619,2,1,-1.3820169,0.64,16,0.64,0,27
7620,0,-1,-0.0,0.64,16,0.64,0,27
7621,0,-1,-0.0,0.64,16,0.64,0,27
7622,0,-1,0.047034666,0.6,15,0.6,0,27
7623,2,1,-7.18383,0.64,16,0.64,0,27
7624,0,-1,-0.0,0.64,16,0.64,1,27
7625,0,-1,-0.0,0.64,16,0.64,0,27
7626,2,1,-8.098318,0.68,17,0.68,0,27
7627,2,1,-22.052662,0.72,18,0.72,0,27
7628,0,-1,22.052662,0.68,17,0.68,0,27
7629,0,-1,8.098318,0.64,16,0.64,0,27
7630,2,1,-13.696972,0.68,17,0.68,0,27
7631,0,-1,7.4852962,0.64,16,0.64,0,27
7632,1,0,0.0,0.64,16,0.64,0,27
7633,2,1,-15.440565,0.68,17,0.68,0,27
7634,0,-1,10.7448015,0.64,16,0.64,0,27
7635,2,1,-7.4855576,0.68,17,0.68,0,27
7636,0,-1,7.4855576,0.64,16,0.64,0,27
7637,0,-1,-0.0,0.64,16,0.64,0,27
7638,0,-1,6.798147,0.6,15,0.6,0,27
7639,1,0,0.0,0.6,15,0.6,0,27
7640,1,0,0.0,0.6,15,0.6,0,27
7641,1,0,0.0,0.6,15,0.6,0,27
7642,0,-1,3.542517,0.56,14,0.56,0,27
7643,1,0,0.0,0.56,14,0.56,0,27
7644,2,1,-1.7989239,0.6,15,0.6,0,27
7645,1,0,0.0,0.6,15,0.6,0,27
7646,2,1,-8.54174,0.64,16,0.64,0,27
7647,1,0,0.0,0.64,16,0.64,0,27
7648,1,0,0.0,0.64,16,0.64,0,27
7649,0,-1,-0.0,0.64,16,0.64,0,27
7650,2,1,-3.0555086,0.68,17,0.68,0,27
7651,0,-1,-0.0,0.68,17,0.68,0,27
7652,0,-1,15.440565,0.64,16,0.64,0,27
7653,1,0,0.0,0.64,16,0.64,0,27
7654,2,1,-9.639463,0.68,17,0.68,1,27
7655,1,0,0.0,0.68,17,0.68,0,27
7656,1,0,0.0,0.68,17,0.68,0,27
7657,0,-1,-0.0,0.68,17,0.68,0,27
7658,0,-1,-0.0,0.68,17,0.68,0,27
7659,2,1,-25.428225,0.72,18,0.72,0,27
7660,0,-1,18.125277,0.68,17,0.68,0,27
7661,0,-1,15.548442,0.64,16,0.64,0,27
7662,0,-1,-0.0,0.64,16,0.64,0,27
7663,0,-1,6.677369,0.6,15,0.6,0,27
7664,1,0,0.0,0.6,15,0.6,0,27
7665,0,-1,-4.9106617,0.56,14,0.56,0,27
7666,0,-1,-6.039457,0.52,13,0.52,0,27
7667,0,-1,-0.0,0.52,13,0.52,0,27
7668,0,-1,-0.0,0.52,13,0.52,1,27
7669,1,0,0.0,0.52,13,0.52,0,27
7670,0,-1,-0.0,0.52,13,0.52,0,27
7671,0,-1,-7.5779276,0.48,12,0.48,0,27
7672,1,0,0.0,0.48,12,0.48,0,27
7673,2,1,3.5959408,0.52,13,0.52,0,27
7674,0,-1,-7.4107347,0.48,12,0.48,0,27
7675,0,-1,-17.63008,0.44,11,0.44,0,27
7676,0,-1,-12.277384,0.4,10,0.4,0,27
7677,2,1,6.2788625,0.44,11,0.44,0,27
7678,2,1,10.529796,0.48,12,0.48,0,27
7679,0,-1,-0.0,0.48,12,0.48,0,27
7680,0,-1,-0.0,0.48,12,0.48,0,27
7681,1,0,0.0,0.48,12,0.48,0,27
7682,0,-1,-4.5367002,0.44,11,0.44,0,27
7683,0,-1,-0.0,0.44,11,0.44,0,27
7684,1,0,0.0,0.44,11,0.44,0,27
7685,1,0,0.0,0.44,11,0.44,0,27
7686,0,-1,-0.0,0.44,11,0.44,0,27
7687,0,-1,-0.0,0.44,11,0.44,0,27
7688,2,1,12.603188,0.48,12,0.48,0,27
7689,0,-1,-0.0,0.48,12,0.48,0,27
7690,2,1,8.896272,0.52,13,0.52,0,27
7691,1,0,0.0,0.52,13,0.52,0,27
7692,2,1,4.6707644,0.56,14,0.56,0,27
7693,1,0,0.0,0.56,14,0.56,0,27
7694,1,0,0.0,0.56,14,0.56,1,27
7695,0,-1,-0.0,0.56,14,0.56,0,27
7696,1,0,0.0,0.56,14,0.56,0,27
7697,0,-1,-5.5461254,0.52,13,0.52,0,27
7698,1,0,0.0,0.52,13,0.52,0,27
7699,2,1,5.9814477,0.56,14,0.56,0,27
7700,2,1,8.833441,0.6,15,0.6,0,27
7701,0,-1,-8.833441,0.56,14,0.56,0,27
7702,0,-1,-6.3935347,0.52,13,0.52,0,27
7703,0,-1,-0.0,0.52,13,0.52,0,27
7704,0,-1,-0.0,0.52,13,0.52,0,27
7705,0,-1,-8.385723,0.48,12,0.48,0,27
7706,0,-1,-0.0,0.48,12,0.48,0,27
7707,0,-1,-0.0,0.48,12,0.48,0,27
7708,2,1,2.6407614,0.52,13,0.52,0,27
7709,0,-1,-12.51384,0.48,12,0.48,1,27
7710,1,0,0.0,0.48,12,0.48,0,27
7711,1,0,0.0,0.48,12,0.48,0,27
7712,0,-1,-0.0,0.48,12,0.48,0,27
7713,1,0,0.0,0.48,12,0.48,0,27
7714,1,0,0.0,0.48,12,0.48,0,27
7715,1,0,0.0,0.48,12,0.48,0,27
7716,1,0,0.0,0.48,12,0.48,0,27
7717,1,0,0.0,0.48,12,0.48,0,27
7718,2,1,0.5119383,0.52,13,0.52,0,27
7719,1,0,0.0,0.52,13,0.52,0,27
7720,0,-1,-0.5119383,0.48,12,0.48,0,27
7721,0,-1,-0.0,0.48,12,0.48,0,27
7722,0,-1,-0.0,0.48,12,0.48,0,27
7723,0,-1,-0.0,0.48,12,0.48,0,27
7724,2,1,6.526539,0.52,13,0.52,0,27
7725,0,-1,-5.3468585,0.48,12,0.48,0,27
7726,2,1,4.398292,0.52,13,0.52,0,27
7727,1,0,0.0,0.52,13,0.52,0,27
7728,0,-1,-4.398292,0.48,12,0.48,0,27
7729,0,-1,-0.0,0.48,12,0.48,0,27
7730,1,0,0.0,0.48,12,0.48,0,27
7731,0,-1,-0.0,0.48,12,0.48,1,27
7732,2,1,12.339485,0.52,13,0.52,0,27
7733,0,-1,-0.0,0.52,13,0.52,0,27
7734,0,-1,-0.0,0.52,13,0.52,0,27
7735,0,-1,-2.6330833,0.48,12,0.48,0,27
7736,0,-1,-14.552319,0.44,11,0.44,0,27
7737,0,-1,-0.0,0.44,11,0.44,0,27
7738,0,-1,-0.0,0.44,11,0.44,0,27
7739,2,1,9.9387245,0.48,12,0.48,0,27
7740,2,1,11.575643,0.52,13,0.52,0,27
7741,0,-1,-0.0,0.52,13,0.52,0,27
7742,1,0,0.0,0.52,13,0.52,1,27
7743,1,0,0.0,0.52,13,0.52,0,27
7744,1,0,0.0,0.52,13,0.52,0,27
7745,0,-1,-6.065568,0.48,12,0.48,1,27
7746,0,-1,-9.912227,0.44,11,0.44,0,27
7747,2,1,13.238508,0.48,12,0.48,0,27
7748,1,0,0.0,0.48,12,0.48,0,27
7749,0,-1,0.0,0.0,0,0.0,0,27
7750,2,1,24.223005,0.2,5,0.2,0,28
7751,2,1,19.484404,0.24,6,0.24,0,28
7752,2,1,-9.032244,0.28,7,0.28,0,28
7753,1,0,0.0,0.28,7,0.28,0,28
7754,2,1,16.91311,0.32,8,0.32,0,28
7755,1,0,0.0,0.32,8,0.32,0,28
7756,2,1,14.70288,0.36,9,0.36,0,28
7757,1,0,0.0,0.36,9,0.36,0,28
7758,1,0,0.0,0.36,9,0.36,0,28
7759,0,-1,10.560375,0.32,8,0.32,0,28
7760,2,1,-10.560375,0.36,9,0.36,0,28
7761,2,1,11.867863,0.4,10,0.4,0,28
7762,2,1,18.247831,0.44,11,0.44,0,28
7763,0,-1,-0.0,0.44,11,0.44,0,28
7764,2,1,11.35655,0.48,12,0.48,0,28
7765,2,1,4.27776,0.52,13,0.52,0,28
7766,2,1,9.808432,0.56,14,0.56,0,28
7767,0,-1,-0.0,0.56,14,0.56,0,28
7768,0,-1,-1.4303533,0.52,13,0.52,0,28
7769,2,1,7.48984,0.56,14,0.56,0,28
7770,2,1,-0.87721086,0.6,15,0.6,1,28
7771,1,0,0.0,0.6,15,0.6,0,28
7772,2,1,-0.85819787,0.64,16,0.64,0,28
7773,0,-1,5.0621495,0.6,15,0.6,0,28
7774,2,1,-3.2071466,0.64,16,0.64,0,28
7775,1,0,0.0,0.64,16,0.64,0,28
7776,1,0,0.0,0.64,16,0.64,0,28
7777,2,1,-10.341317,0.68,17,0.68,0,28
7778,1,0,0.0,0.68,17,0.68,0,28
7779,1,0,0.0,0.68,17,0.68,0,28
7780,2,1,-21.085747,0.72,18,0.72,0,28
7781,2,1,-37.422096,0.76,19,0.76,0,28
7782,0,-1,37.527172,0.72,18,0.72,0,28
7783,1,0,0.0,0.72,18,0.72,0,28
7784,0,-1,29.325085,0.68,17,0.68,0,28
7785,0,-1,-0.0,0.68,17,0.68,0,28
7786,2,1,-16.840473,0.72,18,0.72,0,28
7787,0,-1,20.107805,0.68,17,0.68,1,28
7788,1,0,0.0,0.68,17,0.68,0,28
7789,0,-1,7.3841147,0.64,16,0.64,0,28
7790,1,0,0.0,0.64,16,0.64,0,28
7791,0,-1,0.05202469,0.6,15,0.6,0,28
7792,1,0,0.0,0.6,15,0.6,0,28
7793,0,-1,-1.5630509,0.56,14,0.56,0,28
7794,1,0,0.0,0.56,14,0.56,0,28
7795,2,1,-3.1476152,0.6,15,0.6,0,28
7796,0,-1,-0.0,0.6,15,0.6,0,28
7797,0,-1,-0.0,0.6,15,0.6,0,28
7798,0,-1,3.1476152,0.56,14,0.56,0,28
7799,0,-1,-5.520298,0.52,13,0.52,0,28
7800,1,0,0.0,0.52,13,0.52,0,28
7801,2,1,8.676996,0.56,14,0.56,0,28
7802,0,-1,-2.9557197,0.52,13,0.52,0,28
7803,0,-1,-9.575863,0.48,12,0.48,0,28
7804,0,-1,-0.0,0.48,12,0.48,0,28
7805,2,1,-0.12404877,0.52,13,0.52,0,28
7806,0,-1,0.12404877,0.48,12,0.48,0,28
7807,0,-1,-13.737237,0.44,11,0.44,0,28
7808,0,-1,-11.260749,0.4,10,0.4,0,28
7809,0,-1,-14.506968,0.36,9,0.36,0,28
7810,2,1,13.690626,0.4,10,0.4,0,28
7811,0,-1,-0.0,0.4,10,0.4,0,28
7812,2,1,15.4794,0.44,11,0.44,0,28
7813,2,1,12.855243,0.48,12,0.48,0,28
7814,2,1,9.784485,0.52,13,0.52,0,28
7815,1,0,0.0,0.52,13,0.52,0,28
7816,2,1,5.3151526,0.56,14,0.56,1,28
7817,1,0,0.0,0.56,14,0.56,0,28
7818,0,-1,-8.175304,0.52,13,0.52,0,28
7819,0,-1,-10.532519,0.48,12,0.48,1,28
7820,2,1,8.152717,0.52,13,0.52,0,28
7821,1,0,0.0,0.52,13,0.52,0,28
7822,0,-1,-8.32384,0.48,12,0.48,0,28
7823,0,-1,-0.0,0.48,12,0.48,0,28
7824,2,1,6.008333,0.52,13,0.52,0,28
7825,1,0,0.0,0.52,13,0.52,0,28
7826,2,1,5.0268474,0.56,14,0.56,0,28
7827,1,0,0.0,0.56,14,0.56,0,28
7828,1,0,0.0,0.56,14,0.56,0,28
7829,2,1,-0.8603504,0.6,15,0.6,0,28
7830,0,-1,-0.0,0.6,15,0.6,0,28
7831,0,-1,-0.0,0.6,15,0.6,0,28
7832,0,-1,-0.0,0.6,15,0.6,0,28
7833,0,-1,-0.0,0.6,15,0.6,0,28
7834,2,1,-4.031105,0.64,16,0.64,0,28
7835,0,-1,-0.0,0.64,16,0.64,0,28
7836,0,-1,-0.0,0.64,16,0.64,0,28
7837,0,-1,5.859574,0.6,15,0.6,1,28
7838,2,1,-0.9563902,0.64,16,0.64,0,28
7839,0,-1,4.02659,0.6,15,0.6,0,28
7840,0,-1,-0.0,0.6,15,0.6,0,28
7841,1,0,0.0,0.6,15,0.6,0,28
7842,1,0,0.0,0.6,15,0.6,0,28
7843,0,-1,-0.0,0.6,15,0.6,0,28
7844,0,-1,-0.0,0.6,15,0.6,0,28
7845,0,-1,-0.0,0.6,15,0.6,0,28
7846,0,-1,-4.0428333,0.56,14,0.56,0,28
7847,2,1,4.0428333,0.6,15,0.6,0,28
7848,0,-1,-1.3011116,0.56,14,0.56,0,28
7849,1,0,0.0,0.56,14,0.56,0,28
7850,2,1,0.9726202,0.6,15,0.6,0,28
7851,2,1,-6.199647,0.64,16,0.64,0,28
7852,1,0,0.0,0.64,16,0.64,0,28
7853,0,-1,0.9563902,0.6,15,0.6,0,28
7854,1,0,0.0,0.6,15,0.6,0,28
7855,2,1,-5.453327,0.64,16,0.64,0,28
7856,2,1,-3.012456,0.68,17,0.68,0,28
7857,0,-1,6.6161003,0.64,16,0.64,0,28
7858,1,0,0.0,0.64,16,0.64,0,28
7859,1,0,0.0,0.64,16,0.64,1,28
7860,0,-1,-0.0,0.64,16,0.64,0,28
7861,1,0,0.0,0.64,16,0.64,0,28
7862,2,1,-7.1491947,0.68,17,0.68,0,28
7863,1,0,0.0,0.68,17,0.68,0,28
7864,2,1,-24.33369,0.72,18,0.72,1,28
7865,2,1,-39.848637,0.76,19,0.76,0,28
7866,1,0,0.0,0.76,19,0.76,0,28
7867,1,0,0.0,0.76,19,0.76,0,28
7868,0,-1,31.75505,0.72,18,0.72,0,28
7869,0,-1,-0.0,0.72,18,0.72,0,28
7870,2,1,-28.947037,0.76,19,0.76,0,28
7871,0,-1,39.848637,0.72,18,0.72,0,28
7872,1,0,0.0,0.72,18,0.72,0,28
7873,0,-1,24.33352,0.68,17,0.68,1,28
7874,1,0,0.0,0.68,17,0.68,0,28
7875,0,-1,-0.0,0.68,17,0.68,0,28
7876,1,0,0.0,0.68,17,0.68,0,28
7877,0,-1,-0.0,0.68,17,0.68,0,28
7878,1,0,0.0,0.68,17,0.68,0,28
7879,0,-1,4.2264996,0.64,16,0.64,0,28
7880,1,0,0.0,0.64,16,0.64,0,28
7881,1,0,0.0,0.64,16,0.64,0,28
7882,2,1,-14.438691,0.68,17,0.68,0,28
7883,1,0,0.0,0.68,17,0.68,0,28
7884,0,-1,3.0205173,0.64,16,0.64,0,28
7885,0,-1,-0.0,0.64,16,0.64,0,28
7886,1,0,0.0,0.64,16,0.64,0,28
7887,0,-1,-0.0,0.64,16,0.64,0,28
7888,2,1,-14.547469,0.68,17,0.68,0,28
7889,0,-1,-0.0,0.68,17,0.68,0,28
7890,2,1,-16.840986,0.72,18,0.72,0,28
7891,0,-1,22.333164,0.68,17,0.68,0,28
7892,0,-1,-0.0,0.68,17,0.68,0,28
7893,2,1,-26.666933,0.72,18,0.72,0,28
7894,1,0,0.0,0.72,18,0.72,0,28
7895,0,-1,-0.0,0.72,18,0.72,0,28
7896,1,0,0.0,0.72,18,0.72,0,28
7897,2,1,-40.2505,0.76,19,0.76,0,28
7898,0,-1,-0.0,0.76,19,0.76,0,28
7899,0,-1,-0.0,0.76,19,0.76,0,28
7900,0,-1,31.68514,0.72,18,0.72,0,28
7901,0,-1,25.406345,0.68,17,0.68,0,28
7902,0,-1,-0.0,0.68,17,0.68,0,28
7903,2,1,-20.467426,0.72,18,0.72,1,28
7904,0,-1,-0.0,0.72,18,0.72,0,28
7905,0,-1,24.294298,0.68,17,0.68,0,28
7906,0,-1,-0.0,0.68,17,0.68,0,28
7907,2,1,-12.901068,0.72,18,0.72,0,28
7908,1,0,0.0,0.72,18,0.72,0,28
7909,1,0,0.0,0.72,18,0.72,0,28
7910,0,-1,-0.0,0.72,18,0.72,0,28
7911,1,0,0.0,0.72,18,0.72,0,28
7912,1,0,0.0,0.72,18,0.72,0,28
7913,0,-1,26.001965,0.68,17,0.68,0,28
7914,1,0,0.0,0.68,17,0.68,0,28
7915,1,0,0.0,0.68,17,0.68,0,28
7916,0,-1,14.547423,0.64,16,0.64,0,28
7917,2,1,-15.118985,0.68,17,0.68,0,28
7918,1,0,0.0,0.68,17,0.68,0,28
7919,0,-1,10.586692,0.64,16,0.64,0,28
7920,0,-1,-0.0,0.64,16,0.64,0,28
7921,0,-1,-0.0,0.64,16,0.64,1,28
7922,0,-1,-3.8759193,0.6,15,0.6,0,28
7923,0,-1,-0.0,0.6,15,0.6,0,28
7924,0,-1,0.5067251,0.56,14,0.56,0,28
7925,1,0,0.0,0.56,14,0.56,0,28
7926,0,-1,-0.51114655,0.52,13,0.52,0,28
7927,0,-1,-8.157244,0.48,12,0.48,0,28
7928,0,-1,-12.623018,0.44,11,0.44,0,28
7929,1,0,0.0,0.44,11,0.44,0,28
7930,2,1,13.819674,0.48,12,0.48,0,28
7931,1,0,0.0,0.48,12,0.48,0,28
7932,0,-1,-0.0,0.48,12,0.48,0,28
7933,2,1,9.166153,0.52,13,0.52,1,28
7934,0,-1,-0.0,0.52,13,0.52,0,28
7935,2,1,8.144201,0.56,14,0.56,0,28
7936,1,0,0.0,0.56,14,0.56,1,28
7937,0,-1,-0.0,0.56,14,0.56,0,28
7938,0,-1,-0.0,0.56,14,0.56,0,28
7939,0,-1,-0.0,0.56,14,0.56,0,28
7940,2,1,-3.2150548,0.6,15,0.6,0,28
7941,1,0,0.0,0.6,15,0.6,0,28
7942,0,-1,3.2150548,0.56,14,0.56,0,28
7943,0,-1,-0.0,0.56,14,0.56,0,28
7944,0,-1,-8.13968,0.52,13,0.52,0,28
7945,1,0,0.0,0.52,13,0.52,0,28
7946,2,1,7.6147456,0.56,14,0.56,0,28
7947,1,0,0.0,0.56,14,0.56,0,28
7948,2,1,4.4098806,0.6,15,0.6,0,28
7949,1,0,0.0,0.6,15,0.6,0,28
7950,0,-1,-0.0,0.6,15,0.6,0,28
7951,0,-1,-0.0,0.6,15,0.6,0,28
7952,2,1,-6.014371,0.64,16,0.64,0,28
7953,0,-1,6.014371,0.6,15,0.6,0,28
7954,1,0,0.0,0.6,15,0.6,0,28
7955,2,1,-1.3215324,0.64,16,0.64,0,28
7956,1,0,0.0,0.64,16,0.64,0,28
7957,2,1,-9.443965,0.68,17,0.68,0,28
7958,0,-1,8.013102,0.64,16,0.64,0,28
7959,0,-1,-0.0,0.64,16,0.64,1,28
7960,0,-1,0.593923,0.6,15,0.6,0,28
7961,2,1,-6.0148344,0.64,16,0.64,0,28
7962,0,-1,-0.0,0.64,16,0.64,0,28
7963,1,0,0.0,0.64,16,0.64,0,28
7964,0,-1,-0.0,0.64,16,0.64,0,28
7965,0,-1,-0.0,0.64,16,0.64,0,28
7966,1,0,0.0,0.64,16,0.64,0,28
7967,0,-1,-0.0,0.64,16,0.64,0,28
7968,1,0,0.0,0.64,16,0.64,0,28
7969,1,0,0.0,0.64,16,0.64,0,28
7970,2,1,-11.79846,0.68,17,0.68,0,28
7971,2,1,-17.707714,0.72,18,0.72,0,28
7972,0,-1,19.359335,0.68,17,0.68,0,28
7973,0,-1,-0.0,0.68,17,0.68,0,28
7974,1,0,0.0,0.68,17,0.68,0,28
7975,0,-1,7.827932,0.64,16,0.64,0,28
7976,0,-1,-0.0,0.64,16,0.64,0,28
7977,0,-1,6.0148344,0.6,15,0.6,0,28
7978,2,1,-2.638896,0.64,16,0.64,0,28
7979,2,1,-10.40721,0.68,17,0.68,0,28
7980,0,-1,9.537721,0.64,16,0.64,0,28
7981,0,-1,-0.5258318,0.6,15,0.6,1,28
7982,1,0,0.0,0.6,15,0.6,0,28
7983,0,-1,-0.0,0.6,15,0.6,0,28
7984,1,0,0.0,0.6,15,0.6,0,28
7985,0,-1,-1.5299346,0.56,14,0.56,0,28
7986,1,0,0.0,0.56,14,0.56,0,28
7987,0,-1,-0.0,0.56,14,0.56,0,28
7988,0,-1,-0.0,0.56,14,0.56,0,28
7989,0,-1,-0.0,0.56,14,0.56,0,28
7990,1,0,0.0,0.56,14,0.56,0,28
7991,0,-1,-0.0,0.56,14,0.56,0,28
7992,2,1,8.862195,0.6,15,0.6,0,28
7993,1,0,0.0,0.6,15,0.6,0,28
7994,0,-1,-0.0,0.6,15,0.6,0,28
7995,0,-1,1.1648265,0.56,14,0.56,0,28
7996,1,0,0.0,0.56,14,0.56,0,28
7997,0,-1,-4.732135,0.52,13,0.52,0,28
7998,0,-1,-6.684162,0.48,12,0.48,0,28
7999,1,0,0.0,0.48,12,0.48,0,28
8000,2,1,7.5773096,0.52,13,0.52,1,28
8001,1,0,0.0,0.52,13,0.52,0,28
8002,1,0,0.0,0.52,13,0.52,0,28
8003,0,-1,-0.0,0.52,13,0.52,0,28
8004,0,-1,-7.5961037,0.48,12,0.48,0,28
8005,1,0,0.0,0.48,12,0.48,0,28
8006,0,-1,-12.048519,0.44,11,0.44,0,28
8007,1,0,0.0,0.44,11,0.44,0,28
8008,0,-1,-13.011127,0.4,10,0.4,0,28
8009,0,-1,-20.770199,0.36,9,0.36,0,28
8010,2,1,13.81089,0.4,10,0.4,0,28
8011,1,0,0.0,0.4,10,0.4,0,28
8012,0,-1,-16.9299,0.36,9,0.36,0,28
8013,1,0,0.0,0.36,9,0.36,1,28
8014,2,1,20.757114,0.4,10,0.4,0,28
8015,1,0,0.0,0.4,10,0.4,0,28
8016,2,1,12.365829,0.44,11,0.44,0,28
8017,2,1,10.161807,0.48,12,0.48,0,28
8018,2,1,6.814763,0.52,13,0.52,0,28
8019,0,-1,-0.0,0.52,13,0.52,0,28
8020,1,0,0.0,0.52,13,0.52,0,28
8021,0,-1,-0.0,0.52,13,0.52,0,28
8022,1,0,0.0,0.52,13,0.52,0,28
8023,0,-1,-0.0,0.52,13,0.52,0,28
8024,0,-1,-0.0,0.52,13,0.52,0,28
8025,1,0,0.0,0.52,13,0.52,0,28
8026,0,-1,-0.0,0.52,13,0.52,0,28
8027,0,-1,-0.0,0.52,13,0.52,0,28
8028,1,0,0.0,0.52,13,0.52,0,28
8029,0,-1,-6.814763,0.48,12,0.48,0,28
8030,2,1,4.7036886,0.52,13,0.52,0,28
8031,2,1,3.4647343,0.56,14,0.56,0,28
8032,0,-1,-0.0,0.56,14,0.56,0,28
8033,1,0,0.0,0.56,14,0.56,1,28
8034,2,1,0.45184442,0.6,15,0.6,0,28
8035,2,1,-7.917712,0.64,16,0.64,0,28
8036,0,-1,6.6881723,0.6,15,0.6,0,28
8037,1,0,0.0,0.6,15,0.6,0,28
8038,1,0,0.0,0.6,15,0.6,0,28
8039,2,1,-5.283245,0.64,16,0.64,0,28
8040,0,-1,-0.0,0.64,16,0.64,0,28
8041,0,-1,5.283245,0.6,15,0.6,0,28
8042,1,0,0.0,0.6,15,0.6,0,28
8043,0,-1,-0.0,0.6,15,0.6,0,28
8044,0,-1,2.9184887,0.56,14,0.56,0,28
8045,2,1,5.852788,0.6,15,0.6,0,28
8046,0,-1,-0.0,0.6,15,0.6,0,28
8047,0,-1,-0.0,0.6,15,0.6,0,28
8048,0,-1,-5.852788,0.56,14,0.56,0,28
8049,1,0,0.0,0.0,0,0.0,0,28
8050,0,-1,-0.0,0.16,4,0.16,0,29
8051,2,1,24.20528,0.2,5,0.2,0,29
8052,1,0,0.0,0.2,5,0.2,0,29
8053,2,1,-8.557883,0.24,6,0.24,0,29
8054,0,-1,8.557883,0.2,5,0.2,0,29
8055,2,1,-8.557965,0.24,6,0.24,0,29
8056,2,1,19.224253,0.28,7,0.28,0,29
8057,2,1,21.588238,0.32,8,0.32,0,29
8058,0,-1,-18.561148,0.28,7,0.28,0,29
8059,2,1,-9.695903,0.32,8,0.32,0,29
8060,1,0,0.0,0.32,8,0.32,0,29
8061,2,1,17.696121,0.36,9,0.36,0,29
8062,2,1,-11.659089,0.4,10,0.4,0,29
8063,2,1,-13.041624,0.44,11,0.44,0,29
8064,1,0,0.0,0.44,11,0.44,0,29
8065,1,0,0.0,0.44,11,0.44,0,29
8066,0,-1,-0.0,0.44,11,0.44,0,29
8067,0,-1,-18.242548,0.4,10,0.4,0,29
8068,0,-1,-16.597834,0.36,9,0.36,0,29
8069,2,1,20.846403,0.4,10,0.4,0,29
8070,2,1,15.215459,0.44,11,0.44,1,29
8071,0,-1,-8.138965,0.4,10,0.4,0,29
8072,0,-1,-0.0,0.4,10,0.4,0,29
8073,2,1,11.685915,0.44,11,0.44,0,29
8074,2,1,-2.2307231,0.48,12,0.48,0,29
8075,2,1,10.973796,0.52,13,0.52,0,29
8076,0,-1,-7.7309194,0.48,12,0.48,0,29
8077,0,-1,-0.0,0.48,12,0.48,0,29
8078,2,1,7.7309194,0.52,13,0.52,0,29
8079,0,-1,4.443557,0.48,12,0.48,1,29
8080,1,0,0.0,0.48,12,0.48,0,29
8081,1,0,0.0,0.48,12,0.48,0,29
8082,2,1,14.191791,0.52,13,0.52,0,29
8083,0,-1,-0.0,0.52,13,0.52,0,29
8084,0,-1,-1.6923425,0.48,12,0.48,0,29
8085,2,1,12.1956,0.52,13,0.52,0,29
8086,1,0,0.0,0.52,13,0.52,0,29
8087,0,-1,-0.0,0.52,13,0.52,0,29
8088,0,-1,-12.1956,0.48,12,0.48,0,29
8089,2,1,5.487388,0.52,13,0.52,0,29
8090,0,-1,-14.191791,0.48,12,0.48,0,29
8091,0,-1,-13.6426525,0.44,11,0.44,0,29
8092,0,-1,-9.442384,0.4,10,0.4,0,29
8093,0,-1,-7.298987,0.36,9,0.36,0,29
8094,1,0,0.0,0.36,9,0.36,0,29
8095,0,-1,-21.84919,0.32,8,0.32,0,29
8096,0,-1,-12.785622,0.28,7,0.28,0,29
8097,1,0,0.0,0.28,7,0.28,0,29
8098,2,1,15.993926,0.32,8,0.32,0,29
8099,2,1,13.774462,0.36,9,0.36,0,29
8100,2,1,9.060681,0.4,10,0.4,0,29
8101,2,1,18.146786,0.44,11,0.44,0,29
8102,2,1,8.643406,0.48,12,0.48,0,29
8103,2,1,15.413913,0.52,13,0.52,0,29
8104,2,1,2.6399813,0.56,14,0.56,0,29
8105,2,1,5.6183934,0.6,15,0.6,0,29
8106,0,-1,-0.0,0.6,15,0.6,0,29
8107,0,-1,-5.6183934,0.56,14,0.56,1,29
8108,1,0,0.0,0.56,14,0.56,0,29
8109,2,1,2.8926833,0.6,15,0.6,1,29
8110,1,0,0.0,0.6,15,0.6,0,29
8111,2,1,-6.730292,0.64,16,0.64,0,29
8112,0,-1,-0.0,0.64,16,0.64,1,29
8113,0,-1,5.26831,0.6,15,0.6,0,29
8114,1,0,0.0,0.6,15,0.6,0,29
8115,0,-1,-8.774703,0.56,14,0.56,0,29
8116,2,1,6.801899,0.6,15,0.6,0,29
8117,2,1,0.26291174,0.64,16,0.64,0,29
8118,0,-1,1.6661339,0.6,15,0.6,0,29
8119,0,-1,-0.0,0.6,15,0.6,0,29
8120,1,0,0.0,0.6,15,0.6,0,29
8121,1,0,0.0,0.6,15,0.6,0,29
8122,0,-1,1.4798416,0.56,14,0.56,0,29
8123,2,1,-2.3528652,0.6,15,0.6,0,29
8124,1,0,0.0,0.6,15,0.6,0,29
8125,2,1,-3.1823764,0.64,16,0.64,0,29
8126,0,-1,7.3520885,0.6,15,0.6,0,29
8127,0,-1,-0.0,0.6,15,0.6,0,29
8128,0,-1,-0.0,0.6,15,0.6,0,29
8129,1,0,0.0,0.6,15,0.6,0,29
8130,0,-1,-0.0,0.6,15,0.6,0,29
8131,0,-1,-0.0,0.6,15,0.6,0,29
8132,0,-1,-1.8168471,0.56,14,0.56,1,29
8133,1,0,0.0,0.56,14,0.56,0,29
8134,2,1,4.4921856,0.6,15,0.6,1,29
8135,2,1,-3.4226868,0.64,16,0.64,0,29
8136,0,-1,-0.0,0.64,16,0.64,1,29
8137,2,1,-6.817633,0.68,17,0.68,0,29
8138,0,-1,-0.0,0.68,17,0.68,0,29
8139,0,-1,-0.0,0.68,17,0.68,0,29
8140,2,1,-22.102478,0.72,18,0.72,0,29
8141,0,-1,17.353222,0.68,17,0.68,0,29
8142,1,0,0.0,0.68,17,0.68,0,29
8143,0,-1,-0.0,0.68,17,0.68,0,29
8144,0,-1,12.065927,0.64,16,0.64,1,29
8145,0,-1,-0.0,0.64,16,0.64,0,29
8146,0,-1,5.0691285,0.6,15,0.6,0,29
8147,0,-1,-0.0,0.6,15,0.6,0,29
8148,1,0,0.0,0.6,15,0.6,0,29
8149,1,0,0.0,0.6,15,0.6,0,29
8150,2,1,3.7487686,0.64,16,0.64,1,29
8151,0,-1,5.3235774,0.6,15,0.6,0,29
8152,2,1,-3.1001437,0.64,16,0.64,0,29
8153,1,0,0.0,0.64,16,0.64,0,29
8154,0,-1,-0.0,0.64,16,0.64,0,29
8155,0,-1,-0.0,0.64,16,0.64,0,29
8156,0,-1,-3.745186,0.6,15,0.6,0,29
8157,0,-1,-0.0,0.6,15,0.6,0,29
8158,1,0,0.0,0.6,15,0.6,1,29
8159,1,0,0.0,0.6,15,0.6,0,29
8160,1,0,0.0,0.6,15,0.6,0,29
8161,0,-1,-1.8790774,0.56,14,0.56,0,29
8162,0,-1,-0.0,0.56,14,0.56,0,29
8163,2,1,1.829482,0.6,15,0.6,0,29
8164,1,0,0.0,0.6,15,0.6,1,29
8165,0,-1,-0.0,0.6,15,0.6,0,29
8166,0,-1,-5.252778,0.56,14,0.56,0,29
8167,1,0,0.0,0.56,14,0.56,0,29
8168,0,-1,-0.0,0.56,14,0.56,0,29
8169,0,-1,-0.0,0.56,14,0.56,0,29
8170,0,-1,-0.0,0.56,14,0.56,0,29
8171,2,1,5.1367764,0.6,15,0.6,0,29
8172,2,1,-4.711361,0.64,16,0.64,0,29
8173,1,0,0.0,0.64,16,0.64,0,29
8174,2,1,-8.454569,0.68,17,0.68,0,29
8175,0,-1,-0.0,0.68,17,0.68,0,29
8176,2,1,-22.516306,0.72,18,0.72,0,29
8177,2,1,-39.56255,0.76,19,0.76,0,29
8178,0,-1,-0.0,0.76,19,0.76,0,29
8179,0,-1,36.33412,0.72,18,0.72,0,29
8180,0,-1,-0.0,0.72,18,0.72,0,29
8181,1,0,0.0,0.72,18,0.72,0,29
8182,0,-1,18.3977,0.68,17,0.68,0,29
8183,2,1,-13.040392,0.72,18,0.72,0,29
8184,2,1,-34.382404,0.76,19,0.76,0,29
8185,0,-1,33.178505,0.72,18,0.72,0,29
8186,2,1,-36.96446,0.76,19,0.76,0,29
8187,0,-1,39.56255,0.72,18,0.72,0,29
8188,0,-1,-0.0,0.72,18,0.72,0,29
8189,0,-1,19.96344,0.68,17,0.68,0,29
8190,2,1,-17.376574,0.72,18,0.72,1,29
8191,0,-1,-0.0,0.72,18,0.72,0,29
8192,1,0,0.0,0.72,18,0.72,0,29
8193,0,-1,22.031591,0.68,17,0.68,0,29
8194,0,-1,-0.0,0.68,17,0.68,0,29
8195,2,1,-23.211994,0.72,18,0.72,0,29
8196,0,-1,19.53933,0.68,17,0.68,0,29
8197,1,0,0.0,0.68,17,0.68,0,29
8198,0,-1,-0.0,0.68,17,0.68,0,29
8199,0,-1,12.171724,0.64,16,0.64,0,29
8200,2,1,-10.180624,0.68,17,0.68,0,29
8201,1,0,0.0,0.68,17,0.68,0,29
8202,1,0,0.0,0.68,17,0.68,0,29
8203,1,0,0.0,0.68,17,0.68,1,29
8204,0,-1,7.379487,0.64,16,0.64,0,29
8205,1,0,0.0,0.64,16,0.64,0,29
8206,0,-1,-0.2133571,0.6,15,0.6,0,29
8207,0,-1,-1.5128505,0.56,14,0.56,1,29
8208,2,1,3.0515327,0.6,15,0.6,0,29
8209,1,0,0.0,0.6,15,0.6,0,29
8210,0,-1,-3.0515327,0.56,14,0.56,0,29
8211,2,1,4.104764,0.6,15,0.6,0,29
8212,1,0,0.0,0.6,15,0.6,0,29
8213,1,0,0.0,0.6,15,0.6,0,29
8214,1,0,0.0,0.6,15,0.6,0,29
8215,1,0,0.0,0.6,15,0.6,0,29
8216,0,-1,-8.724731,0.56,14,0.56,0,29
8217,1,0,0.0,0.56,14,0.56,0,29
8218,2,1,3.3456304,0.6,15,0.6,0,29
8219,1,0,0.0,0.6,15,0.6,0,29
8220,2,1,-3.6774642,0.64,16,0.64,0,29
8221,0,-1,-0.0,0.64,16,0.64,0,29
8222,1,0,0.0,0.64,16,0.64,0,29
8223,0,-1,0.8944594,0.6,15,0.6,0,29
8224,1,0,0.0,0.6,15,0.6,0,29
8225,0,-1,-0.0,0.6,15,0.6,0,29
8226,0,-1,-1.3217591,0.56,14,0.56,1,29
8227,2,1,-0.4671588,0.6,15,0.6,0,29
8228,1,0,0.0,0.6,15,0.6,0,29
8229,0,-1,-0.0,0.6,15,0.6,0,29
8230,0,-1,-3.4289017,0.56,14,0.56,0,29
8231,2,1,1.3457959,0.6,15,0.6,0,29
8232,0,-1,-0.0,0.6,15,0.6,0,29
8233,1,0,0.0,0.6,15,0.6,0,29
8234,1,0,0.0,0.6,15,0.6,0,29
8235,2,1,-5.0598288,0.64,16,0.64,0,29
8236,1,0,0.0,0.64,16,0.64,0,29
8237,2,1,-6.6925073,0.68,17,0.68,0,29
8238,0,-1,11.958653,0.64,16,0.64,0,29
8239,1,0,0.0,0.64,16,0.64,0,29
8240,1,0,0.0,0.64,16,0.64,0,29
8241,0,-1,6.3460546,0.6,15,0.6,0,29
8242,1,0,0.0,0.6,15,0.6,0,29
8243,1,0,0.0,0.6,15,0.6,0,29
8244,1,0,0.0,0.6,15,0.6,0,29
8245,1,0,0.0,0.6,15,0.6,0,29
8246,1,0,0.0,0.6,15,0.6,0,29
8247,2,1,-6.3864822,0.64,16,0.64,0,29
8248,0,-1,3.6534276,0.6,15,0.6,0,29
8249,1,0,0.0,0.6,15,0.6,0,29
8250,0,-1,1.3872589,0.56,14,0.56,0,29
8251,0,-1,-8.93534,0.52,13,0.52,0,29
8252,0,-1,-6.1100473,0.48,12,0.48,0,29
8253,1,0,0.0,0.48,12,0.48,0,29
8254,1,0,0.0,0.48,12,0.48,0,29
8255,1,0,0.0,0.48,12,0.48,0,29
8256,1,0,0.0,0.48,12,0.48,1,29
8257,0,-1,-13.7539625,0.44,11,0.44,0,29
8258,2,1,8.488593,0.48,12,0.48,0,29
8259,1,0,0.0,0.48,12,0.48,0,29
8260,0,-1,-0.0,0.48,12,0.48,0,29
8261,0,-1,-0.0,0.48,12,0.48,0,29
8262,1,0,0.0,0.48,12,0.48,0,29
8263,1,0,0.0,0.48,12,0.48,0,29
8264,2,1,15.291535,0.52,13,0.52,0,29
8265,2,1,1.5147499,0.56,14,0.56,0,29
8266,1,0,0.0,0.56,14,0.56,0,29
8267,0,-1,-0.0,0.56,14,0.56,0,29
8268,1,0,0.0,0.56,14,0.56,0,29
8269,0,-1,-0.0,0.56,14,0.56,0,29
8270,1,0,0.0,0.56,14,0.56,0,29
8271,0,-1,-0.0,0.56,14,0.56,1,29
8272,0,-1,-12.442296,0.52,13,0.52,0,29
8273,0,-1,-4.3328657,0.48,12,0.48,0,29
8274,0,-1,-12.962699,0.44,11,0.44,0,29
8275,2,1,7.4255104,0.48,12,0.48,0,29
8276,2,1,2.9083881,0.52,13,0.52,0,29
8277,0,-1,-0.0,0.52,13,0.52,0,29
8278,2,1,1.5436292,0.56,14,0.56,0,29
8279,1,0,0.0,0.56,14,0.56,0,29
8280,1,0,0.0,0.56,14,0.56,0,29
8281,2,1,8.712539,0.6,15,0.6,0,29
8282,2,1,2.4980452,0.64,16,0.64,0,29
8283,0,-1,-0.0,0.64,16,0.64,0,29
8284,1,0,0.0,0.64,16,0.64,0,29
8285,0,-1,7.1853933,0.6,15,0.6,0,29
8286,1,0,0.0,0.6,15,0.6,1,29
8287,1,0,0.0,0.6,15,0.6,1,29
8288,2,1,-4.2645326,0.64,16,0.64,0,29
8289,0,-1,-0.0,0.64,16,0.64,0,29
8290,0,-1,-0.0,0.64,16,0.64,0,29
8291,2,1,-12.314449,0.68,17,0.68,0,29
8292,2,1,-17.592953,0.72,18,0.72,0,29
8293,1,0,0.0,0.72,18,0.72,0,29
8294,0,-1,14.2879305,0.68,17,0.68,0,29
8295,0,-1,12.314449,0.64,16,0.64,0,29
8296,0,-1,0.81434643,0.6,15,0.6,0,29
8297,0,-1,-8.705172,0.56,14,0.56,0,29
8298,0,-1,-4.4644895,0.52,13,0.52,0,29
8299,1,0,0.0,0.52,13,0.52,0,29
8300,2,1,8.419764,0.56,14,0.56,0,29
8301,0,-1,-8.64536,0.52,13,0.52,0,29
8302,2,1,9.005684,0.56,14,0.56,0,29
8303,0,-1,-0.0,0.56,14,0.56,0,29
8304,1,0,0.0,0.56,14,0.56,0,29
8305,2,1,0.7346907,0.6,15,0.6,0,29
8306,1,0,0.0,0.6,15,0.6,0,29
8307,1,0,0.0,0.6,15,0.6,0,29
8308,1,0,0.0,0.6,15,0.6,0,29
8309,0,-1,-0.7346907,0.56,14,0.56,0,29
8310,2,1,-2.7207234,0.6,15,0.6,0,29
8311,1,0,0.0,0.6,15,0.6,0,29
8312,1,0,0.0,0.6,15,0.6,0,29
8313,1,0,0.0,0.6,15,0.6,0,29
8314,1,0,0.0,0.6,15,0.6,0,29
8315,1,0,0.0,0.6,15,0.6,1,29
8316,2,1,-11.254225,0.64,16,0.64,0,29
8317,0,-1,8.678266,0.6,15,0.6,0,29
8318,2,1,-12.509793,0.64,16,0.64,0,29
8319,2,1,-9.28324,0.68,17,0.68,0,29
8320,0,-1,6.5747423,0.64,16,0.64,0,29
8321,2,1,-6.602425,0.68,17,0.68,0,29
8322,1,0,0.0,0.68,17,0.68,0,29
8323,1,0,0.0,0.68,17,0.68,0,29
8324,0,-1,19.408617,0.64,16,0.64,0,29
8325,0,-1,-0.0,0.64,16,0.64,0,29
8326,1,0,0.0,0.64,16,0.64,0,29
8327,1,0,0.0,0.64,16,0.64,0,29
8328,2,1,-11.230631,0.68,17,0.68,0,29
8329,0,-1,12.076845,0.64,16,0.64,0,29
8330,0,-1,-0.2963994,0.6,15,0.6,0,29
8331,0,-1,-1.9271128,0.56,14,0.56,0,29
8332,0,-1,-0.0,0.56,14,0.56,0,29
8333,0,-1,2.525203,0.52,13,0.52,0,29
8334,1,0,0.0,0.52,13,0.52,0,29
8335,0,-1,-0.0,0.52,13,0.52,0,29
8336,0,-1,-7.244623,0.48,12,0.48,0,29
8337,0,-1,-11.404847,0.44,11,0.44,0,29
8338,2,1,12.986808,0.48,12,0.48,0,29
8339,0,-1,-0.0,0.48,12,0.48,1,29
8340,2,1,8.849114,0.52,13,0.52,0,29
8341,2,1,12.424324,0.56,14,0.56,0,29
8342,0,-1,-6.0017076,0.52,13,0.52,0,29
8343,2,1,8.851758,0.56,14,0.56,0,29
8344,0,-1,-0.0,0.56,14,0.56,0,29
8345,0,-1,-0.0,0.56,14,0.56,0,29
8346,0,-1,-7.9496365,0.52,13,0.52,0,29
8347,0,-1,-11.369049,0.48,12,0.48,0,29
8348,2,1,10.127546,0.52,13,0.52,0,29
8349,0,-1,0.0,0.0,0,0.0,0,29
8350,2,1,24.20528,0.2,5,0.2,0,30
8351,2,1,-8.557883,0.24,6,0.24,0,30
8352,2,1,23.472822,0.28,7,0.28,1,30
8353,0,-1,-18.738882,0.24,6,0.24,0,30
8354,0,-1,-23.824272,0.2,5,0.2,0,30
8355,1,0,0.0,0.2,5,0.2,0,30
8356,2,1,22.642614,0.24,6,0.24,0,30
8357,1,0,0.0,0.24,6,0.24,0,30
8358,2,1,19.659803,0.28,7,0.28,0,30
8359,2,1,10.316063,0.32,8,0.32,0,30
8360,0,-1,-0.0,0.32,8,0.32,0,30
8361,1,0,0.0,0.32,8,0.32,1,30
8362,2,1,21.795582,0.36,9,0.36,0,30
8363,1,0,0.0,0.36,9,0.36,0,30
8364,2,1,18.227278,0.4,10,0.4,0,30
8365,1,0,0.0,0.4,10,0.4,0,30
8366,0,-1,-12.3279295,0.36,9,0.36,0,30
8367,1,0,0.0,0.36,9,0.36,0,30
8368,0,-1,-19.325567,0.32,8,0.32,0,30
8369,1,0,0.0,0.32,8,0.32,0,30
8370,1,0,0.0,0.32,8,0.32,0,30
8371,1,0,0.0,0.32,8,0.32,0,30
8372,2,1,20.584023,0.36,9,0.36,0,30
8373,1,0,0.0,0.36,9,0.36,0,30
8374,1,0,0.0,0.36,9,0.36,0,30
8375,0,-1,-18.129726,0.32,8,0.32,0,30
8376,1,0,0.0,0.32,8,0.32,0,30
8377,2,1,18.975298,0.36,9,0.36,0,30
8378,2,1,18.227278,0.4,10,0.4,0,30
8379,2,1,14.138101,0.44,11,0.44,1,30
8380,2,1,12.370081,0.48,12,0.48,1,30
8381,0,-1,-0.0,0.48,12,0.48,0,30
8382,0,-1,-14.729478,0.44,11,0.44,0,30
8383,2,1,10.8999405,0.48,12,0.48,0,30
8384,2,1,11.696303,0.52,13,0.52,0,30
8385,0,-1,-0.0,0.52,13,0.52,0,30
8386,1,0,0.0,0.52,13,0.52,0,30
8387,2,1,5.095185,0.56,14,0.56,0,30
8388,0,-1,-5.8397,0.52,13,0.52,0,30
8389,0,-1,-0.0,0.52,13,0.52,0,30
8390,2,1,3.6114929,0.56,14,0.56,0,30
8391,0,-1,-7.583327,0.52,13,0.52,0,30
8392,2,1,2.5671122,0.56,14,0.56,0,30
8393,1,0,0.0,0.56,14,0.56,0,30
8394,0,-1,-11.272232,0.52,13,0.52,0,30
8395,0,-1,-15.331592,0.48,12,0.48,0,30
8396,1,0,0.0,0.48,12,0.48,0,30
8397,0,-1,-0.0,0.48,12,0.48,0,30
8398,2,1,15.332206,0.52,13,0.52,0,30
8399,0,-1,-0.0,0.52,13,0.52,0,30
8400,0,-1,-5.4145193,0.48,12,0.48,0,30
8401,1,0,0.0,0.48,12,0.48,0,30
8402,0,-1,-8.671734,0.44,11,0.44,0,30
8403,1,0,0.0,0.44,11,0.44,0,30
8404,2,1,10.8999405,0.48,12,0.48,0,30
8405,2,1,6.614855,0.52,13,0.52,1,30
8406,2,1,7.2929263,0.56,14,0.56,0,30
8407,1,0,0.0,0.56,14,0.56,0,30
8408,1,0,0.0,0.56,14,0.56,0,30
8409,1,0,0.0,0.56,14,0.56,0,30
8410,2,1,-0.9173258,0.6,15,0.6,0,30
8411,2,1,-5.2044263,0.64,16,0.64,0,30
8412,0,-1,-0.0,0.64,16,0.64,0,30
8413,0,-1,-0.0,0.64,16,0.64,0,30
8414,0,-1,1.4360958,0.6,15,0.6,0,30
8415,2,1,-6.847119,0.64,16,0.64,0,30
8416,0,-1,-0.14208315,0.6,15,0.6,0,30
8417,2,1,-9.5137205,0.64,16,0.64,0,30
8418,2,1,-11.794343,0.68,17,0.68,0,30
8419,0,-1,11.762858,0.64,16,0.64,0,30
8420,0,-1,-0.0,0.64,16,0.64,0,30
8421,0,-1,-0.0,0.64,16,0.64,0,30
8422,0,-1,-0.0,0.64,16,0.64,0,30
8423,1,0,0.0,0.64,16,0.64,0,30
8424,0,-1,5.916549,0.6,15,0.6,0,30
8425,1,0,0.0,0.6,15,0.6,0,30
8426,1,0,0.0,0.6,15,0.6,0,30
8427,2,1,0.78722435,0.64,16,0.64,0,30
8428,0,-1,9.5137205,0.6,15,0.6,0,30
8429,0,-1,-8.751435,0.56,14,0.56,0,30
8430,2,1,-0.9173258,0.6,15,0.6,0,30
8431,1,0,0.0,0.6,15,0.6,0,30
8432,1,0,0.0,0.6,15,0.6,0,30
8433,1,0,0.0,0.6,15,0.6,0,30
8434,1,0,0.0,0.6,15,0.6,1,30
8435,0,-1,-5.818184,0.56,14,0.56,0,30
8436,0,-1,-3.9085324,0.52,13,0.52,0,30
8437,2,1,3.8666513,0.56,14,0.56,0,30
8438,2,1,-2.1110175,0.6,15,0.6,0,30
8439,0,-1,-0.0,0.6,15,0.6,0,30
8440,2,1,-7.0001693,0.64,16,0.64,0,30
8441,0,-1,7.110241,0.6,15,0.6,0,30
8442,0,-1,1.8333603,0.56,14,0.56,0,30
8443,1,0,0.0,0.56,14,0.56,0,30
8444,1,0,0.0,0.56,14,0.56,0,30
8445,0,-1,-1.7288531,0.52,13,0.52,0,30
8446,2,1,7.4764256,0.56,14,0.56,0,30
8447,0,-1,-7.4764256,0.52,13,0.52,0,30
8448,0,-1,-6.7140584,0.48,12,0.48,0,30
8449,2,1,15.32696,0.52,13,0.52,0,30
8450,1,0,0.0,0.52,13,0.52,0,30
8451,0,-1,-15.32696,0.48,12,0.48,0,30
8452,0,-1,-0.0,0.48,12,0.48,0,30
8453,0,-1,-8.099339,0.44,11,0.44,0,30
8454,0,-1,-11.239359,0.4,10,0.4,0,30
8455,1,0,0.0,0.4,10,0.4,0,30
8456,2,1,14.278828,0.44,11,0.44,0,30
8457,2,1,13.927153,0.48,12,0.48,1,30
8458,1,0,0.0,0.48,12,0.48,0,30
8459,0,-1,-11.481773,0.44,11,0.44,0,30
8460,2,1,17.532774,0.48,12,0.48,0,30
8461,0,-1,-12.654391,0.44,11,0.44,0,30
8462,2,1,10.609266,0.48,12,0.48,0,30
8463,1,0,0.0,0.48,12,0.48,0,30
8464,2,1,6.955567,0.52,13,0.52,0,30
8465,2,1,7.337462,0.56,14,0.56,0,30
8466,0,-1,-7.337462,0.52,13,0.52,0,30
8467,2,1,7.337462,0.56,14,0.56,0,30
8468,0,-1,-4.10816,0.52,13,0.52,0,30
8469,2,1,3.1612399,0.56,14,0.56,0,30
8470,0,-1,-5.549026,0.52,13,0.52,0,30
8471,2,1,3.4402077,0.56,14,0.56,0,30
8472,2,1,1.6012511,0.6,15,0.6,0,30
8473,0,-1,-8.742734,0.56,14,0.56,0,30
8474,0,-1,-3.1612399,0.52,13,0.52,0,30
8475,2,1,6.561509,0.56,14,0.56,0,30
8476,2,1,3.7984612,0.6,15,0.6,0,30
8477,1,0,0.0,0.6,15,0.6,0,30
8478,1,0,0.0,0.6,15,0.6,0,30
8479,2,1,-8.074116,0.64,16,0.64,0,30
8480,2,1,-16.6568,0.68,17,0.68,1,30
8481,0,-1,16.662771,0.64,16,0.64,0,30
8482,0,-1,-0.0,0.64,16,0.64,0,30
8483,0,-1,2.1676168,0.6,15,0.6,0,30
8484,1,0,0.0,0.6,15,0.6,0,30
8485,1,0,0.0,0.6,15,0.6,0,30
8486,0,-1,-0.0,0.6,15,0.6,0,30
8487,2,1,-6.9562573,0.64,16,0.64,0,30
8488,0,-1,3.2451065,0.6,15,0.6,0,30
8489,1,0,0.0,0.6,15,0.6,1,30
8490,1,0,0.0,0.6,15,0.6,0,30
8491,2,1,-3.4107602,0.64,16,0.64,0,30
8492,2,1,-3.1579547,0.68,17,0.68,0,30
8493,0,-1,3.1579547,0.64,16,0.64,0,30
8494,2,1,-9.451102,0.68,17,0.68,0,30
8495,1,0,0.0,0.68,17,0.68,0,30
8496,0,-1,-0.0,0.68,17,0.68,0,30
8497,1,0,0.0,0.68,17,0.68,0,30
8498,0,-1,15.039133,0.64,16,0.64,0,30
8499,0,-1,-0.0,0.64,16,0.64,0,30
8500,0,-1,-0.0,0.64,16,0.64,0,30
8501,0,-1,6.974763,0.6,15,0.6,0,30
8502,0,-1,-2.4469461,0.56,14,0.56,0,30
8503,2,1,5.897824,0.6,15,0.6,0,30
8504,2,1,-5.329634,0.64,16,0.64,0,30
8505,0,-1,1.3252342,0.6,15,0.6,0,30
8506,1,0,0.0,0.6,15,0.6,0,30
8507,0,-1,0.3304107,0.56,14,0.56,0,30
8508,0,-1,-9.627623,0.52,13,0.52,0,30
8509,0,-1,-11.788364,0.48,12,0.48,0,30
8510,1,0,0.0,0.48,12,0.48,0,30
8511,1,0,0.0,0.48,12,0.48,0,30
8512,2,1,6.246795,0.52,13,0.52,0,30
8513,1,0,0.0,0.52,13,0.52,0,30
8514,0,-1,-6.2496905,0.48,12,0.48,1,30
8515,0,-1,-0.0,0.48,12,0.48,0,30
8516,1,0,0.0,0.48,12,0.48,0,30
8517,2,1,11.762746,0.52,13,0.52,0,30
8518,0,-1,-0.0,0.52,13,0.52,0,30
8519,0,-1,-8.162714,0.48,12,0.48,0,30
8520,1,0,0.0,0.48,12,0.48,1,30
8521,1,0,0.0,0.48,12,0.48,0,30
8522,0,-1,-12.732051,0.44,11,0.44,0,30
8523,0,-1,-15.75005,0.4,10,0.4,0,30
8524,2,1,6.5693183,0.44,11,0.44,0,30
8525,0,-1,-6.5693183,0.4,10,0.4,0,30
8526,2,1,16.463072,0.44,11,0.44,0,30
8527,1,0,0.0,0.44,11,0.44,0,30
8528,0,-1,-0.0,0.44,11,0.44,0,30
8529,1,0,0.0,0.44,11,0.44,0,30
8530,1,0,0.0,0.44,11,0.44,0,30
8531,0,-1,-0.0,0.44,11,0.44,0,30
8532,2,1,13.467576,0.48,12,0.48,0,30
8533,2,1,8.763423,0.52,13,0.52,0,30
8534,2,1,3.308584,0.56,14,0.56,0,30
8535,1,0,0.0,0.56,14,0.56,0,30
8536,1,0,0.0,0.56,14,0.56,0,30
8537,0,-1,-0.0,0.56,14,0.56,0,30
8538,2,1,-1.3703048,0.6,15,0.6,0,30
8539,0,-1,-0.0,0.6,15,0.6,0,30
8540,1,0,0.0,0.6,15,0.6,0,30
8541,2,1,-4.141682,0.64,16,0.64,0,30
8542,0,-1,-0.0,0.64,16,0.64,1,30
8543,0,-1,4.179974,0.6,15,0.6,0,30
8544,2,1,-3.228264,0.64,16,0.64,0,30
8545,1,0,0.0,0.64,16,0.64,0,30
8546,2,1,-11.470357,0.68,17,0.68,0,30
8547,1,0,0.0,0.68,17,0.68,1,30
8548,2,1,-21.956266,0.72,18,0.72,0,30
8549,2,1,-40.789642,0.76,19,0.76,0,30
8550,0,-1,37.56172,0.72,18,0.72,1,30
8551,0,-1,-0.0,0.72,18,0.72,0,30
8552,1,0,0.0,0.72,18,0.72,0,30
8553,1,0,0.0,0.72,18,0.72,0,30
8554,2,1,-38.732815,0.76,19,0.76,0,30
8555,2,1,-51.67047,0.8,20,0.8,0,30
8556,2,1,-106.466286,0.84,21,0.84,0,30
8557,0,-1,-0.0,0.84,21,0.84,0,30
8558,0,-1,-0.0,0.84,21,0.84,0,30
8559,0,-1,105.86139,0.8,20,0.8,0,30
8560,1,0,0.0,0.8,20,0.8,0,30
8561,2,1,-102.918175,0.84,21,0.84,0,30
8562,0,-1,-0.0,0.84,21,0.84,0,30
8563,2,1,-187.31631,0.88,22,0.88,0,30
8564,2,1,-388.42883,0.92,23,0.92,0,30
8565,0,-1,-0.0,0.92,23,0.92,0,30
8566,0,-1,-0.0,0.92,23,0.92,0,30
8567,0,-1,388.42883,0.88,22,0.88,0,30
8568,1,0,0.0,0.88,22,0.88,0,30
8569,1,0,0.0,0.88,22,0.88,0,30
8570,0,-1,-0.0,0.88,22,0.88,0,30
8571,0,-1,187.31631,0.84,21,0.84,0,30
8572,0,-1,101.49801,0.8,20,0.8,0,30
8573,2,1,-104.70941,0.84,21,0.84,0,30
8574,2,1,-189.32666,0.88,22,0.88,0,30
8575,0,-1,-0.0,0.88,22,0.88,0,30
8576,0,-1,-0.0,0.88,22,0.88,1,30
8577,0,-1,185.30576,0.84,21,0.84,0,30
8578,1,0,0.0,0.84,21,0.84,0,30
8579,0,-1,104.69837,0.8,20,0.8,1,30
8580,0,-1,-0.0,0.8,20,0.8,0,30
8581,0,-1,-0.0,0.8,20,0.8,0,30
8582,1,0,0.0,0.8,20,0.8,0,30
8583,0,-1,61.235638,0.76,19,0.76,0,30
8584,0,-1,-0.0,0.76,19,0.76,0,30
8585,1,0,0.0,0.76,19,0.76,0,30
8586,0,-1,41.084988,0.72,18,0.72,0,30
8587,2,1,-34.28819,0.76,19,0.76,0,30
8588,0,-1,-0.0,0.76,19,0.76,0,30
8589,0,-1,27.896086,0.72,18,0.72,0,30
8590,1,0,0.0,0.72,18,0.72,0,30
8591,0,-1,-0.0,0.72,18,0.72,0,30
8592,0,-1,-0.0,0.72,18,0.72,0,30
8593,0,-1,21.987001,0.68,17,0.68,0,30
8594,2,1,-21.836662,0.72,18,0.72,0,30
8595,0,-1,19.444036,0.68,17,0.68,0,30
8596,0,-1,-0.0,0.68,17,0.68,0,30
8597,0,-1,-0.0,0.68,17,0.68,1,30
8598,0,-1,11.916843,0.64,16,0.64,0,30
8599,0,-1,-0.0,0.64,16,0.64,0,30
8600,1,0,0.0,0.64,16,0.64,0,30
8601,1,0,0.0,0.64,16,0.64,0,30
8602,2,1,-16.368,0.68,17,0.68,0,30
8603,0,-1,15.915139,0.64,16,0.64,0,30
8604,0,-1,-0.0,0.64,16,0.64,0,30
8605,1,0,0.0,0.64,16,0.64,0,30
8606,1,0,0.0,0.64,16,0.64,0,30
8607,0,-1,-0.0,0.64,16,0.64,0,30
8608,0,-1,-0.0,0.64,16,0.64,0,30
8609,2,1,-7.9875607,0.68,17,0.68,0,30
8610,2,1,-21.882383,0.72,18,0.72,0,30
8611,0,-1,19.765652,0.68,17,0.68,0,30
8612,1,0,0.0,0.68,17,0.68,0,30
8613,2,1,0.0,0.68,17,0.68,1,30
8614,0,-1,7.9761124,0.64,16,0.64,0,30
8615,2,1,-9.906416,0.68,17,0.68,0,30
8616,0,-1,16.3713,0.64,16,0.64,0,30
8617,0,-1,5.0804763,0.6,15,0.6,0,30
8618,0,-1,-1.991632,0.56,14,0.56,1,30
8619,1,0,0.0,0.56,14,0.56,0,30
8620,1,0,0.0,0.56,14,0.56,0,30
8621,2,1,1.9491537,0.6,15,0.6,0,30
8622,0,-1,-0.0,0.6,15,0.6,0,30
8623,0,-1,-1.9491537,0.56,14,0.56,0,30
8624,0,-1,-0.0,0.56,14,0.56,0,30
8625,0,-1,-0.0,0.56,14,0.56,1,30
8626,2,1,5.2464623,0.6,15,0.6,0,30
8627,0,-1,2.204153,0.56,14,0.56,0,30
8628,0,-1,-0.0,0.56,14,0.56,0,30
8629,1,0,0.0,0.56,14,0.56,0,30
8630,0,-1,-3.2444453,0.52,13,0.52,0,30
8631,0,-1,-0.0,0.52,13,0.52,0,30
8632,0,-1,-0.0,0.52,13,0.52,0,30
8633,0,-1,-0.0,0.52,13,0.52,0,30
8634,0,-1,-0.0,0.52,13,0.52,0,30
8635,1,0,0.0,0.52,13,0.52,0,30
8636,1,0,0.0,0.52,13,0.52,0,30
8637,2,1,12.450397,0.56,14,0.56,1,30
8638,0,-1,-9.010339,0.52,13,0.52,0,30
8639,0,-1,-8.613332,0.48,12,0.48,0,30
8640,2,1,7.1889157,0.52,13,0.52,0,30
8641,1,0,0.0,0.52,13,0.52,0,30
8642,0,-1,-0.0,0.52,13,0.52,0,30
8643,0,-1,-0.0,0.52,13,0.52,0,30
8644,0,-1,-15.294149,0.48,12,0.48,1,30
8645,2,1,11.048891,0.52,13,0.52,0,30
8646,0,-1,-11.5521555,0.48,12,0.48,0,30
8647,1,0,0.0,0.48,12,0.48,0,30
8648,1,0,0.0,0.48,12,0.48,0,30
8649,1,0,0.0,0.0,0,0.0,0,30
8650,2,1,24.20528,0.2,5,0.2,0,31
8651,2,1,23.947102,0.24,6,0.24,0,31
8652,0,-1,-0.0,0.24,6,0.24,0,31
8653,0,-1,-23.929375,0.2,5,0.2,0,31
8654,2,1,-8.557883,0.24,6,0.24,0,31
8655,2,1,22.256626,0.28,7,0.28,0,31
8656,2,1,18.805353,0.32,8,0.32,0,31
8657,2,1,17.481995,0.36,9,0.36,0,31
8658,0,-1,-17.940327,0.32,8,0.32,0,31
8659,2,1,-10.560375,0.36,9,0.36,0,31
8660,2,1,-11.659089,0.4,10,0.4,0,31
8661,0,-1,11.658582,0.36,9,0.36,0,31
8662,0,-1,-17.481995,0.32,8,0.32,0,31
8663,0,-1,-0.0,0.32,8,0.32,0,31
8664,2,1,21.926966,0.36,9,0.36,0,31
8665,0,-1,-0.0,0.36,9,0.36,1,31
8666,1,0,0.0,0.36,9,0.36,0,31
8667,2,1,19.570757,0.4,10,0.4,0,31
8668,2,1,3.889993,0.44,11,0.44,0,31
8669,2,1,13.744535,0.48,12,0.48,0,31
8670,1,0,0.0,0.48,12,0.48,0,31
8671,2,1,12.609864,0.52,13,0.52,0,31
8672,0,-1,-0.0,0.52,13,0.52,0,31
8673,0,-1,0.065002754,0.48,12,0.48,0,31
8674,1,0,0.0,0.48,12,0.48,0,31
8675,1,0,0.0,0.48,12,0.48,0,31
8676,0,-1,-14.822698,0.44,11,0.44,0,31
8677,2,1,2.1478307,0.48,12,0.48,0,31
8678,0,-1,-0.0,0.48,12,0.48,0,31
8679,2,1,8.235797,0.52,13,0.52,0,31
8680,2,1,9.762457,0.56,14,0.56,0,31
8681,1,0,0.0,0.56,14,0.56,0,31
8682,0,-1,-9.762457,0.52,13,0.52,0,31
8683,0,-1,-0.0,0.52,13,0.52,0,31
8684,1,0,0.0,0.52,13,0.52,0,31
8685,0,-1,-11.531702,0.48,12,0.48,0,31
8686,0,-1,-2.1478307,0.44,11,0.44,0,31
8687,0,-1,-0.0,0.44,11,0.44,1,31
8688,2,1,15.53326,0.48,12,0.48,1,31
8689,1,0,0.0,0.48,12,0.48,0,31
8690,2,1,-1.0514641,0.52,13,0.52,0,31
8691,2,1,2.3995423,0.56,14,0.56,1,31
8692,0,-1,-2.6638036,0.52,13,0.52,0,31
8693,2,1,8.390071,0.56,14,0.56,0,31
8694,0,-1,-8.390071,0.52,13,0.52,0,31
8695,2,1,9.51541,0.56,14,0.56,0,31
8696,2,1,5.9419236,0.6,15,0.6,0,31
8697,0,-1,7.5390654,0.56,14,0.56,0,31
8698,1,0,0.0,0.56,14,0.56,0,31
8699,0,-1,-8.221017,0.52,13,0.52,0,31
8700,2,1,7.2985744,0.56,14,0.56,0,31
8701,0,-1,-9.671722,0.52,13,0.52,0,31
8702,2,1,5.923515,0.56,14,0.56,0,31
8703,1,0,0.0,0.56,14,0.56,0,31
8704,2,1,1.2276995,0.6,15,0.6,0,31
8705,0,-1,-2.1937158,0.56,14,0.56,0,31
8706,0,-1,-0.29036975,0.52,13,0.52,0,31
8707,1,0,0.0,0.52,13,0.52,0,31
8708,1,0,0.0,0.52,13,0.52,1,31
8709,1,0,0.0,0.52,13,0.52,0,31
8710,1,0,0.0,0.52,13,0.52,0,31
8711,2,1,8.262244,0.56,14,0.56,0,31
8712,2,1,4.64839,0.6,15,0.6,0,31
8713,1,0,0.0,0.6,15,0.6,0,31
8714,1,0,0.0,0.6,15,0.6,0,31
8715,0,-1,-0.0,0.6,15,0.6,0,31
8716,0,-1,-4.532445,0.56,14,0.56,0,31
8717,2,1,-0.7970456,0.6,15,0.6,0,31
8718,2,1,-0.66600597,0.64,16,0.64,1,31
8719,2,1,-13.199349,0.68,17,0.68,0,31
8720,2,1,-18.818745,0.72,18,0.72,0,31
8721,0,-1,22.06433,0.68,17,0.68,0,31
8722,1,0,0.0,0.68,17,0.68,0,31
8723,2,1,-16.99627,0.72,18,0.72,0,31
8724,1,0,0.0,0.72,18,0.72,0,31
8725,2,1,-35.570724,0.76,19,0.76,0,31
8726,1,0,0.0,0.76,19,0.76,0,31
8727,0,-1,32.209995,0.72,18,0.72,0,31
8728,2,1,-40.59324,0.76,19,0.76,0,31
8729,1,0,0.0,0.76,19,0.76,0,31
8730,0,-1,-0.0,0.76,19,0.76,0,31
8731,0,-1,-0.0,0.76,19,0.76,0,31
8732,0,-1,-0.0,0.76,19,0.76,0,31
8733,0,-1,35.570724,0.72,18,0.72,0,31
8734,2,1,-32.249992,0.76,19,0.76,0,31
8735,0,-1,-0.0,0.76,19,0.76,0,31
8736,1,0,0.0,0.76,19,0.76,1,31
8737,2,1,-57.276443,0.8,20,0.8,0,31
8738,0,-1,-0.0,0.8,20,0.8,0,31
8739,0,-1,-0.0,0.8,20,0.8,0,31
8740,2,1,-107.207794,0.84,21,0.84,0,31
8741,0,-1,107.207794,0.8,20,0.8,0,31
8742,0,-1,-0.0,0.8,20,0.8,0,31
8743,0,-1,56.51188,0.76,19,0.76,0,31
8744,0,-1,-0.0,0.76,19,0.76,0,31
8745,0,-1,33.66749,0.72,18,0.72,0,31
8746,1,0,0.0,0.72,18,0.72,0,31
8747,0,-1,-0.0,0.72,18,0.72,0,31
8748,1,0,0.0,0.72,18,0.72,0,31
8749,0,-1,23.151762,0.68,17,0.68,0,31
8750,1,0,0.0,0.68,17,0.68,0,31
8751,1,0,0.0,0.68,17,0.68,0,31
8752,2,1,-23.268705,0.72,18,0.72,0,31
8753,1,0,0.0,0.72,18,0.72,0,31
8754,0,-1,18.656088,0.68,17,0.68,0,31
8755,0,-1,7.1086082,0.64,16,0.64,0,31
8756,0,-1,0.5935464,0.6,15,0.6,1,31
8757,2,1,-5.1275907,0.64,16,0.64,1,31
8758,0,-1,8.470491,0.6,15,0.6,0,31
8759,0,-1,-0.0,0.6,15,0.6,0,31
8760,0,-1,-0.0,0.6,15,0.6,0,31
8761,1,0,0.0,0.6,15,0.6,0,31
8762,1,0,0.0,0.6,15,0.6,0,31
8763,1,0,0.0,0.6,15,0.6,0,31
8764,2,1,0.28514934,0.64,16,0.64,0,31
8765,2,1,-15.612606,0.68,17,0.68,0,31
8766,2,1,-16.998901,0.72,18,0.72,0,31
8767,0,-1,21.31932,0.68,17,0.68,0,31
8768,0,-1,-0.0,0.68,17,0.68,0,31
8769,0,-1,-0.0,0.68,17,0.68,0,31
8770,1,0,0.0,0.68,17,0.68,0,31
8771,0,-1,7.278925,0.64,16,0.64,0,31
8772,0,-1,8.713781,0.6,15,0.6,0,31
8773,2,1,-1.8764683,0.64,16,0.64,0,31
8774,0,-1,6.4525723,0.6,15,0.6,0,31
8775,2,1,-2.1358633,0.64,16,0.64,0,31
8776,1,0,0.0,0.64,16,0.64,0,31
8777,0,-1,-2.5181248,0.6,15,0.6,0,31
8778,2,1,-0.57804537,0.64,16,0.64,0,31
8779,0,-1,-0.0,0.64,16,0.64,0,31
8780,0,-1,2.1358633,0.6,15,0.6,0,31
8781,0,-1,-0.0,0.6,15,0.6,0,31
8782,0,-1,-3.122755,0.56,14,0.56,0,31
8783,1,0,0.0,0.56,14,0.56,1,31
8784,0,-1,-8.522928,0.52,13,0.52,0,31
8785,0,-1,-0.0,0.52,13,0.52,0,31
8786,1,0,0.0,0.52,13,0.52,0,31
8787,0,-1,-15.297114,0.48,12,0.48,0,31
8788,0,-1,-0.0,0.48,12,0.48,0,31
8789,1,0,0.0,0.48,12,0.48,0,31
8790,0,-1,-10.719753,0.44,11,0.44,0,31
8791,1,0,0.0,0.44,11,0.44,0,31
8792,1,0,0.0,0.44,11,0.44,0,31
8793,1,0,0.0,0.44,11,0.44,0,31
8794,1,0,0.0,0.44,11,0.44,0,31
8795,2,1,12.611727,0.48,12,0.48,0,31
8796,2,1,9.347497,0.52,13,0.52,0,31
8797,0,-1,-12.557414,0.48,12,0.48,0,31
8798,2,1,10.31657,0.52,13,0.52,0,31
8799,2,1,5.345526,0.56,14,0.56,0,31
8800,2,1,2.8563745,0.6,15,0.6,0,31
8801,0,-1,-0.0,0.6,15,0.6,0,31
8802,0,-1,-0.0,0.6,15,0.6,0,31
8803,0,-1,-2.8563745,0.56,14,0.56,0,31
8804,0,-1,-0.0,0.56,14,0.56,0,31
8805,1,0,0.0,0.56,14,0.56,0,31
8806,0,-1,-4.8256145,0.52,13,0.52,0,31
8807,1,0,0.0,0.52,13,0.52,0,31
8808,0,-1,-0.0,0.52,13,0.52,0,31
8809,0,-1,-0.0,0.52,13,0.52,0,31
8810,2,1,5.8014336,0.56,14,0.56,1,31
8811,2,1,-0.9144616,0.6,15,0.6,0,31
8812,0,-1,-0.0,0.6,15,0.6,1,31
8813,2,1,-3.662909,0.64,16,0.64,0,31
8814,2,1,-11.271659,0.68,17,0.68,0,31
8815,1,0,0.0,0.68,17,0.68,0,31
8816,1,0,0.0,0.68,17,0.68,0,31
8817,0,-1,-0.0,0.68,17,0.68,0,31
8818,0,-1,-0.0,0.68,17,0.68,1,31
8819,0,-1,-0.0,0.68,17,0.68,0,31
8820,0,-1,-0.0,0.68,17,0.68,0,31
8821,2,1,-18.940363,0.72,18,0.72,0,31
8822,0,-1,-0.0,0.72,18,0.72,0,31
8823,0,-1,-0.0,0.72,18,0.72,0,31
8824,0,-1,18.940363,0.68,17,0.68,0,31
8825,1,0,0.0,0.68,17,0.68,0,31
8826,0,-1,-0.0,0.68,17,0.68,0,31
8827,0,-1,11.281497,0.64,16,0.64,0,31
8828,0,-1,-0.0,0.64,16,0.64,0,31
8829,0,-1,-0.0,0.64,16,0.64,0,31
8830,0,-1,-0.0,0.64,16,0.64,0,31
8831,0,-1,-0.0,0.64,16,0.64,1,31
8832,1,0,0.0,0.64,16,0.64,0,31
8833,1,0,0.0,0.64,16,0.64,0,31
8834,1,0,0.0,0.64,16,0.64,0,31
8835,2,1,-15.344261,0.68,17,0.68,0,31
8836,1,0,0.0,0.68,17,0.68,0,31
8837,0,-1,-0.0,0.68,17,0.68,0,31
8838,0,-1,15.344261,0.64,16,0.64,0,31
8839,1,0,0.0,0.64,16,0.64,0,31
8840,0,-1,-0.0,0.64,16,0.64,0,31
8841,0,-1,-0.0,0.64,16,0.64,0,31
8842,0,-1,-0.0,0.64,16,0.64,0,31
8843,0,-1,5.7187567,0.6,15,0.6,0,31
8844,2,1,0.96112245,0.64,16,0.64,0,31
8845,1,0,0.0,0.64,16,0.64,0,31
8846,1,0,0.0,0.64,16,0.64,0,31
8847,0,-1,3.3991206,0.6,15,0.6,1,31
8848,0,-1,-0.0,0.6,15,0.6,0,31
8849,2,1,3.6984081,0.64,16,0.64,0,31
8850,1,0,0.0,0.64,16,0.64,0,31
8851,0,-1,2.5073287,0.6,15,0.6,0,31
8852,1,0,0.0,0.6,15,0.6,0,31
8853,0,-1,-3.9925702,0.56,14,0.56,0,31
8854,2,1,2.826589,0.6,15,0.6,0,31
8855,0,-1,-2.826589,0.56,14,0.56,0,31
8856,0,-1,-7.885874,0.52,13,0.52,0,31
8857,2,1,6.8480964,0.56,14,0.56,0,31
8858,2,1,0.5728752,0.6,15,0.6,0,31
8859,1,0,0.0,0.6,15,0.6,0,31
8860,0,-1,-0.0,0.6,15,0.6,0,31
8861,0,-1,-3.1182973,0.56,14,0.56,0,31
8862,1,0,0.0,0.56,14,0.56,0,31
8863,0,-1,-0.0,0.56,14,0.56,0,31
8864,0,-1,-12.42743,0.52,13,0.52,0,31
8865,1,0,0.0,0.52,13,0.52,0,31
8866,0,-1,-12.037694,0.48,12,0.48,0,31
8867,0,-1,-0.0,0.48,12,0.48,0,31
8868,2,1,4.944544,0.52,13,0.52,0,31
8869,0,-1,-0.0,0.52,13,0.52,0,31
8870,0,-1,-0.0,0.52,13,0.52,0,31
8871,0,-1,-0.0,0.52,13,0.52,1,31
8872,2,1,12.425624,0.56,14,0.56,0,31
8873,0,-1,-9.713869,0.52,13,0.52,0,31
8874,2,1,0.8563364,0.56,14,0.56,0,31
8875,2,1,0.0,0.56,14,0.56,0,31
8876,1,0,0.0,0.56,14,0.56,0,31
8877,2,1,5.1168427,0.6,15,0.6,0,31
8878,0,-1,-0.6875099,0.56,14,0.56,0,31
8879,2,1,0.6679338,0.6,15,0.6,0,31
8880,1,0,0.0,0.6,15,0.6,0,31
8881,0,-1,-5.1168427,0.56,14,0.56,0,31
8882,1,0,0.0,0.56,14,0.56,0,31
8883,0,-1,-0.0,0.56,14,0.56,0,31
8884,0,-1,-0.0,0.56,14,0.56,0,31
8885,1,0,0.0,0.56,14,0.56,0,31
8886,0,-1,-12.425624,0.52,13,0.52,0,31
8887,2,1,1.8645684,0.56,14,0.56,0,31
8888,0,-1,-0.0,0.56,14,0.56,0,31
8889,1,0,0.0,0.56,14,0.56,0,31
8890,0,-1,-0.0,0.56,14,0.56,0,31
8891,0,-1,-0.0,0.56,14,0.56,1,31
8892,1,0,0.0,0.56,14,0.56,0,31
8893,0,-1,-1.9564066,0.52,13,0.52,0,31
8894,2,1,12.42472,0.56,14,0.56,0,31
8895,0,-1,-0.0,0.56,14,0.56,0,31
8896,2,1,-0.98336136,0.6,15,0.6,0,31
8897,0,-1,-8.694921,0.56,14,0.56,0,31
8898,2,1,5.9675817,0.6,15,0.6,0,31
8899,0,-1,-0.0,0.6,15,0.6,0,31
8900,2,1,-1.0003642,0.64,16,0.64,0,31
8901,2,1,0.0,0.64,16,0.64,0,31
8902,1,0,0.0,0.64,16,0.64,0,31
8903,1,0,0.0,0.64,16,0.64,0,31
8904,1,0,0.0,0.64,16,0.64,0,31
8905,1,0,0.0,0.64,16,0.64,1,31
8906,1,0,0.0,0.64,16,0.64,0,31
8907,0,-1,7.7140875,0.6,15,0.6,0,31
8908,0,-1,-0.0,0.6,15,0.6,0,31
8909,2,1,-3.3214817,0.64,16,0.64,0,31
8910,1,0,0.0,0.64,16,0.64,0,31
8911,1,0,0.0,0.64,16,0.64,0,31
8912,0,-1,6.30759,0.6,15,0.6,1,31
8913,1,0,0.0,0.6,15,0.6,0,31
8914,2,1,-4.7785997,0.64,16,0.64,0,31
8915,0,-1,-0.0,0.64,16,0.64,0,31
8916,2,1,-11.29257,0.68,17,0.68,0,31
8917,0,-1,7.875329,0.64,16,0.64,0,31
8918,0,-1,4.7785997,0.6,15,0.6,0,31
8919,1,0,0.0,0.6,15,0.6,1,31
8920,1,0,0.0,0.6,15,0.6,0,31
8921,1,0,0.0,0.6,15,0.6,0,31
8922,0,-1,-0.0,0.6,15,0.6,0,31
8923,2,1,-6.390898,0.64,16,0.64,0,31
8924,1,0,0.0,0.64,16,0.64,0,31
8925,0,-1,6.390898,0.6,15,0.6,0,31
8926,1,0,0.0,0.6,15,0.6,0,31
8927,0,-1,-0.0,0.6,15,0.6,1,31
8928,0,-1,-0.0,0.6,15,0.6,0,31
8929,0,-1,-5.9825583,0.56,14,0.56,0,31
8930,2,1,5.397998,0.6,15,0.6,0,31
8931,1,0,0.0,0.6,15,0.6,0,31
8932,2,1,-4.446956,0.64,16,0.64,0,31
8933,0,-1,-0.39877468,0.6,15,0.6,0,31
8934,2,1,-6.4841347,0.64,16,0.64,0,31
8935,1,0,0.0,0.64,16,0.64,0,31
8936,0,-1,6.4841347,0.6,15,0.6,0,31
8937,2,1,-6.4841347,0.64,16,0.64,0,31
8938,1,0,0.0,0.64,16,0.64,0,31
8939,0,-1,3.2862434,0.6,15,0.6,0,31
8940,2,1,-6.606717,0.64,16,0.64,0,31
8941,1,0,0.0,0.64,16,0.64,0,31
8942,0,-1,-0.0,0.64,16,0.64,0,31
8943,1,0,0.0,0.64,16,0.64,0,31
8944,0,-1,-0.0,0.64,16,0.64,0,31
8945,0,-1,6.606717,0.6,15,0.6,0,31
8946,1,0,0.0,0.6,15,0.6,0,31
8947,0,-1,-0.0,0.6,15,0.6,0,31
8948,2,1,-3.2891264,0.64,16,0.64,1,31
8949,0,-1,0.0,0.0,0,0.0,0,31
8950,2,1,24.20528,0.2,5,0.2,0,32
8951,1,0,0.0,0.2,5,0.2,0,32
8952,2,1,-8.557965,0.24,6,0.24,0,32
8953,2,1,-9.032798,0.28,7,0.28,0,32
8954,2,1,22.809717,0.32,8,0.32,0,32
8955,2,1,20.723211,0.36,9,0.36,0,32
8956,0,-1,10.560928,0.32,8,0.32,0,32
8957,2,1,17.481995,0.36,9,0.36,0,32
8958,2,1,14.481087,0.4,10,0.4,0,32
8959,0,-1,-14.481087,0.36,9,0.36,0,32
8960,1,0,0.0,0.36,9,0.36,0,32
8961,2,1,14.481087,0.4,10,0.4,0,32
8962,0,-1,-0.0,0.4,10,0.4,0,32
8963,0,-1,-19.624924,0.36,9,0.36,0,32
8964,0,-1,-15.579375,0.32,8,0.32,0,32
8965,2,1,-10.560928,0.36,9,0.36,0,32
8966,2,1,-11.658582,0.4,10,0.4,0,32
8967,1,0,0.0,0.4,10,0.4,0,32
8968,2,1,-13.041599,0.44,11,0.44,0,32
8969,0,-1,13.041592,0.4,10,0.4,0,32
8970,1,0,0.0,0.4,10,0.4,0,32
8971,0,-1,-16.383705,0.36,9,0.36,0,32
8972,2,1,19.624924,0.4,10,0.4,1,32
8973,0,-1,-4.240898,0.36,9,0.36,0,32
8974,1,0,0.0,0.36,9,0.36,0,32
8975,2,1,17.947243,0.4,10,0.4,0,32
8976,1,0,0.0,0.4,10,0.4,0,32
8977,1,0,0.0,0.4,10,0.4,0,32
8978,0,-1,-0.0,0.4,10,0.4,0,32
8979,2,1,14.241125,0.44,11,0.44,0,32
8980,2,1,16.461605,0.48,12,0.48,0,32
8981,2,1,12.476458,0.52,13,0.52,0,32
8982,0,-1,-0.0,0.52,13,0.52,0,32
8983,2,1,7.5120006,0.56,14,0.56,0,32
8984,0,-1,-0.0,0.56,14,0.56,0,32
8985,0,-1,-0.0,0.56,14,0.56,0,32
8986,2,1,4.157369,0.6,15,0.6,0,32
8987,2,1,-2.824935,0.64,16,0.64,0,32
8988,2,1,-6.973453,0.68,17,0.68,0,32
8989,1,0,0.0,0.68,17,0.68,0,32
8990,0,-1,-0.0,0.68,17,0.68,0,32
8991,0,-1,-0.0,0.68,17,0.68,0,32
8992,2,1,-20.281483,0.72,18,0.72,0,32
8993,0,-1,19.603542,0.68,17,0.68,0,32
8994,0,-1,6.973453,0.64,16,0.64,0,32
8995,0,-1,-0.0,0.64,16,0.64,0,32
8996,2,1,-7.5443153,0.68,17,0.68,0,32
8997,0,-1,10.401701,0.64,16,0.64,0,32
8998,2,1,-9.048891,0.68,17,0.68,0,32
8999,1,0,0.0,0.68,17,0.68,0,32
9000,2,1,-17.018734,0.72,18,0.72,0,32
9001,1,0,0.0,0.72,18,0.72,1,32
9002,0,-1,17.63049,0.68,17,0.68,0,32
9003,2,1,-16.81995,0.72,18,0.72,0,32
9004,0,-1,-0.0,0.72,18,0.72,0,32
9005,0,-1,22.16691,0.68,17,0.68,0,32
9006,1,0,0.0,0.68,17,0.68,0,32
9007,1,0,0.0,0.68,17,0.68,0,32
9008,1,0,0.0,0.68,17,0.68,1,32
9009,0,-1,6.908288,0.64,16,0.64,0,32
9010,1,0,0.0,0.64,16,0.64,0,32
9011,0,-1,-0.0,0.64,16,0.64,0,32
9012,2,1,-10.533408,0.68,17,0.68,0,32
9013,0,-1,-0.0,0.68,17,0.68,0,32
9014,0,-1,7.077357,0.64,16,0.64,0,32
9015,1,0,0.0,0.64,16,0.64,0,32
9016,0,-1,3.6345832,0.6,15,0.6,0,32
9017,1,0,0.0,0.6,15,0.6,0,32
9018,0,-1,-0.0,0.6,15,0.6,0,32
9019,2,1,-0.009479678,0.64,16,0.64,0,32
9020,1,0,0.0,0.64,16,0.64,0,32
9021,0,-1,1.3157675,0.6,15,0.6,0,32
9022,2,1,-1.5884858,0.64,16,0.64,0,32
9023,0,-1,1.3712416,0.6,15,0.6,0,32
9024,0,-1,-0.0,0.6,15,0.6,0,32
9025,0,-1,-0.0,0.6,15,0.6,0,32
9026,0,-1,-0.0,0.6,15,0.6,0,32
9027,0,-1,-0.0,0.6,15,0.6,0,32
9028,0,-1,-6.0103827,0.56,14,0.56,0,32
9029,2,1,-5.202714,0.6,15,0.6,0,32
9030,0,-1,-0.0,0.6,15,0.6,0,32
9031,0,-1,-7.628581,0.56,14,0.56,0,32
9032,0,-1,-7.7567034,0.52,13,0.52,0,32
9033,1,0,0.0,0.52,13,0.52,1,32
9034,0,-1,-0.0,0.52,13,0.52,0,32
9035,1,0,0.0,0.52,13,0.52,0,32
9036,0,-1,-9.999331,0.48,12,0.48,0,32
9037,1,0,0.0,0.48,12,0.48,0,32
9038,0,-1,-7.939791,0.44,11,0.44,0,32
9039,0,-1,-0.0,0.44,11,0.44,0,32
9040,0,-1,-0.0,0.44,11,0.44,0,32
9041,2,1,14.684348,0.48,12,0.48,0,32
9042,0,-1,-13.810562,0.44,11,0.44,0,32
9043,2,1,13.24424,0.48,12,0.48,0,32
9044,1,0,0.0,0.48,12,0.48,0,32
9045,2,1,4.577217,0.52,13,0.52,0,32
9046,1,0,0.0,0.52,13,0.52,0,32
9047,1,0,0.0,0.52,13,0.52,0,32
9048,0,-1,-0.0,0.52,13,0.52,1,32
9049,2,1,4.0750523,0.56,14,0.56,0,32
9050,2,1,7.6074142,0.6,15,0.6,0,32
9051,1,0,0.0,0.6,15,0.6,0,32
9052,1,0,0.0,0.6,15,0.6,0,32
9053,1,0,0.0,0.6,15,0.6,0,32
9054,0,-1,-0.0,0.6,15,0.6,0,32
9055,2,1,-1.75179,0.64,16,0.64,0,32
9056,2,1,-10.040667,0.68,17,0.68,0,32
9057,2,1,-20.137611,0.72,18,0.72,0,32
9058,0,-1,-0.0,0.72,18,0.72,0,32
9059,0,-1,21.432577,0.68,17,0.68,0,32
9060,0,-1,10.257829,0.64,16,0.64,0,32
9061,0,-1,-2.6081908,0.6,15,0.6,0,32
9062,2,1,2.6081908,0.64,16,0.64,0,32
9063,0,-1,2.1922448,0.6,15,0.6,0,32
9064,2,1,-4.416747,0.64,16,0.64,0,32
9065,0,-1,-0.0,0.64,16,0.64,0,32
9066,0,-1,-2.6081908,0.6,15,0.6,0,32
9067,1,0,0.0,0.6,15,0.6,0,32
9068,0,-1,-0.0,0.6,15,0.6,0,32
9069,2,1,-2.2150276,0.64,16,0.64,0,32
9070,2,1,-10.257829,0.68,17,0.68,0,32
9071,0,-1,11.315572,0.64,16,0.64,0,32
9072,0,-1,-0.0,0.64,16,0.64,0,32
9073,1,0,0.0,0.64,16,0.64,0,32
9074,1,0,0.0,0.64,16,0.64,1,32
9075,0,-1,-3.814905,0.6,15,0.6,0,32
9076,0,-1,-2.7813802,0.56,14,0.56,0,32
9077,1,0,0.0,0.56,14,0.56,0,32
9078,1,0,0.0,0.56,14,0.56,0,32
9079,2,1,2.8757384,0.6,15,0.6,0,32
9080,0,-1,-1.6573867,0.56,14,0.56,0,32
9081,2,1,-1.4538655,0.6,15,0.6,0,32
9082,0,-1,1.4538655,0.56,14,0.56,0,32
9083,0,-1,-5.5677466,0.52,13,0.52,0,32
9084,0,-1,-9.452945,0.48,12,0.48,0,32
9085,2,1,8.181407,0.52,13,0.52,0,32
9086,1,0,0.0,0.52,13,0.52,0,32
9087,1,0,0.0,0.52,13,0.52,0,32
9088,1,0,0.0,0.52,13,0.52,1,32
9089,1,0,0.0,0.52,13,0.52,0,32
9090,0,-1,-5.7286196,0.48,12,0.48,0,32
9091,2,1,7.7187614,0.52,13,0.52,0,32
9092,2,1,3.5090823,0.56,14,0.56,0,32
9093,1,0,0.0,0.56,14,0.56,0,32
9094,0,-1,-8.075251,0.52,13,0.52,0,32
9095,0,-1,-0.0,0.52,13,0.52,0,32
9096,1,0,0.0,0.52,13,0.52,0,32
9097,0,-1,-6.356489,0.48,12,0.48,0,32
9098,1,0,0.0,0.48,12,0.48,0,32
9099,1,0,0.0,0.48,12,0.48,0,32
9100,2,1,10.911873,0.52,13,0.52,0,32
9101,2,1,1.5840526,0.56,14,0.56,0,32
9102,2,1,3.6541457,0.6,15,0.6,0,32
9103,2,1,-2.3393064,0.64,16,0.64,0,32
9104,0,-1,-0.0,0.64,16,0.64,0,32
9105,0,-1,2.3393064,0.6,15,0.6,0,32
9106,0,-1,2.1457465,0.56,14,0.56,0,32
9107,0,-1,-0.0,0.56,14,0.56,0,32
9108,2,1,8.813297,0.6,15,0.6,0,32
9109,0,-1,-8.813297,0.56,14,0.56,0,32
9110,0,-1,-7.3839445,0.52,13,0.52,0,32
9111,2,1,2.336248,0.56,14,0.56,1,32
9112,0,-1,-0.0,0.56,14,0.56,0,32
9113,0,-1,-0.0,0.56,14,0.56,0,32
9114,0,-1,-0.0,0.56,14,0.56,0,32
9115,0,-1,-8.069456,0.52,13,0.52,1,32
9116,2,1,3.452879,0.56,14,0.56,0,32
9117,0,-1,-0.0,0.56,14,0.56,0,32
9118,2,1,0.34133753,0.6,15,0.6,0,32
9119,1,0,0.0,0.6,15,0.6,1,32
9120,2,1,0.0,0.6,15,0.6,0,32
9121,2,1,-7.3816304,0.64,16,0.64,0,32
9122,0,-1,-0.0,0.64,16,0.64,0,32
9123,1,0,0.0,0.64,16,0.64,0,32
9124,0,-1,-0.0,0.64,16,0.64,0,32
9125,2,1,-11.219207,0.68,17,0.68,0,32
9126,2,1,-24.38745,0.72,18,0.72,0,32
9127,1,0,0.0,0.72,18,0.72,0,32
9128,0,-1,-0.0,0.72,18,0.72,0,32
9129,0,-1,21.09899,0.68,17,0.68,1,32
9130,1,0,0.0,0.68,17,0.68,0,32
9131,0,-1,11.3838,0.64,16,0.64,0,32
9132,2,1,0.0,0.64,16,0.64,0,32
9133,2,1,-8.181976,0.68,17,0.68,0,32
9134,0,-1,-0.0,0.68,17,0.68,0,32
9135,2,1,-12.969586,0.72,18,0.72,0,32
9136,0,-1,22.712234,0.68,17,0.68,0,32
9137,2,1,0.0,0.68,17,0.68,0,32
9138,2,1,-23.950691,0.72,18,0.72,0,32
9139,1,0,0.0,0.72,18,0.72,0,32
9140,0,-1,-0.0,0.72,18,0.72,0,32
9141,1,0,0.0,0.72,18,0.72,0,32
9142,2,1,-35.94024,0.76,19,0.76,0,32
9143,1,0,0.0,0.76,19,0.76,0,32
9144,1,0,0.0,0.76,19,0.76,0,32
9145,0,-1,-0.0,0.76,19,0.76,0,32
9146,0,-1,38.908993,0.72,18,0.72,0,32
9147,0,-1,-0.0,0.72,18,0.72,0,32
9148,0,-1,23.950691,0.68,17,0.68,0,32
9149,2,1,-18.879322,0.72,18,0.72,0,32
9150,0,-1,18.879322,0.68,17,0.68,0,32
9151,0,-1,11.216304,0.64,16,0.64,0,32
9152,0,-1,1.2831522,0.6,15,0.6,0,32
9153,1,0,0.0,0.6,15,0.6,0,32
9154,1,0,0.0,0.6,15,0.6,0,32
9155,0,-1,2.568015,0.56,14,0.56,0,32
9156,2,1,5.052027,0.6,15,0.6,0,32
9157,0,-1,0.2397497,0.56,14,0.56,1,32
9158,1,0,0.0,0.56,14,0.56,0,32
9159,0,-1,-5.6367145,0.52,13,0.52,0,32
9160,0,-1,-7.8882155,0.48,12,0.48,0,32
9161,0,-1,-0.0,0.48,12,0.48,0,32
9162,1,0,0.0,0.48,12,0.48,0,32
9163,1,0,0.0,0.48,12,0.48,0,32
9164,0,-1,-17.596573,0.44,11,0.44,0,32
9165,2,1,10.060063,0.48,12,0.48,1,32
9166,0,-1,-10.135836,0.44,11,0.44,0,32
9167,0,-1,-0.0,0.44,11,0.44,0,32
9168,2,1,10.12163,0.48,12,0.48,0,32
9169,2,1,7.2329116,0.52,13,0.52,0,32
9170,1,0,0.0,0.52,13,0.52,0,32
9171,1,0,0.0,0.52,13,0.52,0,32
9172,2,1,8.08314,0.56,14,0.56,0,32
9173,1,0,0.0,0.56,14,0.56,0,32
9174,1,0,0.0,0.56,14,0.56,0,32
9175,1,0,0.0,0.56,14,0.56,0,32
9176,0,-1,-0.0,0.56,14,0.56,0,32
9177,0,-1,-5.0613894,0.52,13,0.52,0,32
9178,0,-1,-11.646094,0.48,12,0.48,0,32
9179,1,0,0.0,0.48,12,0.48,0,32
9180,2,1,9.46282,0.52,13,0.52,0,32
9181,1,0,0.0,0.52,13,0.52,0,32
9182,0,-1,-0.0,0.52,13,0.52,0,32
9183,2,1,7.509218,0.56,14,0.56,0,32
9184,2,1,-1.3652338,0.6,15,0.6,0,32
9185,0,-1,-0.0,0.6,15,0.6,0,32
9186,0,-1,-0.0,0.6,15,0.6,0,32
9187,0,-1,-0.0,0.6,15,0.6,0,32
9188,1,0,0.0,0.6,15,0.6,0,32
9189,0,-1,-2.8856146,0.56,14,0.56,0,32
9190,0,-1,-8.08314,0.52,13,0.52,1,32
9191,1,0,0.0,0.52,13,0.52,0,32
9192,2,1,8.795619,0.56,14,0.56,0,32
9193,2,1,1.8113555,0.6,15,0.6,0,32
9194,2,1,-3.6508725,0.64,16,0.64,0,32
9195,0,-1,-0.0,0.64,16,0.64,0,32
9196,0,-1,-0.0,0.64,16,0.64,0,32
9197,0,-1,-0.0,0.64,16,0.64,0,32
9198,0,-1,-0.0,0.64,16,0.64,0,32
9199,0,-1,-0.0,0.64,16,0.64,0,32
9200,0,-1,-0.0,0.64,16,0.64,0,32
9201,1,0,0.0,0.64,16,0.64,0,32
9202,2,1,-13.517597,0.68,17,0.68,0,32
9203,0,-1,-0.0,0.68,17,0.68,0,32
9204,1,0,0.0,0.68,17,0.68,0,32
9205,0,-1,-0.0,0.68,17,0.68,0,32
9206,2,1,-22.72932,0.72,18,0.72,1,32
9207,0,-1,22.596588,0.68,17,0.68,0,32
9208,0,-1,-0.0,0.68,17,0.68,0,32
9209,0,-1,11.097548,0.64,16,0.64,0,32
9210,0,-1,6.6293507,0.6,15,0.6,0,32
9211,0,-1,-3.5261164,0.56,14,0.56,0,32
9212,1,0,0.0,0.56,14,0.56,0,32
9213,0,-1,-8.79845,0.52,13,0.52,0,32
9214,2,1,3.541665,0.56,14,0.56,0,32
9215,1,0,0.0,0.56,14,0.56,0,32
9216,0,-1,-0.0,0.56,14,0.56,0,32
9217,1,0,0.0,0.56,14,0.56,0,32
9218,1,0,0.0,0.56,14,0.56,1,32
9219,0,-1,-0.0,0.56,14,0.56,0,32
9220,1,0,0.0,0.56,14,0.56,0,32
9221,2,1,3.1154826,0.6,15,0.6,0,32
9222,1,0,0.0,0.6,15,0.6,1,32
9223,2,1,-7.3672686,0.64,16,0.64,0,32
9224,2,1,-12.220874,0.68,17,0.68,0,32
9225,1,0,0.0,0.68,17,0.68,0,32
9226,2,1,0.0,0.68,17,0.68,0,32
9227,1,0,0.0,0.68,17,0.68,0,32
9228,0,-1,-0.0,0.68,17,0.68,0,32
9229,0,-1,-0.0,0.68,17,0.68,0,32
9230,1,0,0.0,0.68,17,0.68,0,32
9231,0,-1,-0.0,0.68,17,0.68,0,32
9232,1,0,0.0,0.68,17,0.68,0,32
9233,1,0,0.0,0.68,17,0.68,0,32
9234,0,-1,-0.0,0.68,17,0.68,0,32
9235,1,0,0.0,0.68,17,0.68,0,32
9236,0,-1,8.72414,0.64,16,0.64,0,32
9237,0,-1,-0.0,0.64,16,0.64,0,32
9238,0,-1,7.3672686,0.6,15,0.6,0,32
9239,1,0,0.0,0.6,15,0.6,0,32
9240,2,1,-6.08175,0.64,16,0.64,0,32
9241,1,0,0.0,0.64,16,0.64,0,32
9242,0,-1,5.6534753,0.6,15,0.6,0,32
9243,0,-1,-0.0,0.6,15,0.6,0,32
9244,2,1,-7.235815,0.64,16,0.64,0,32
9245,1,0,0.0,0.64,16,0.64,0,32
9246,0,-1,-0.0,0.64,16,0.64,1,32
9247,0,-1,-0.0,0.64,16,0.64,0,32
9248,2,1,-14.308715,0.68,17,0.68,0,32
9249,1,0,0.0,0.0,0,0.0,0,32
9250,2,1,24.20528,0.2,5,0.2,0,33
9251,2,1,-8.557965,0.24,6,0.24,0,33
9252,2,1,23.472822,0.28,7,0.28,0,33
9253,2,1,-9.695903,0.32,8,0.32,0,33
9254,2,1,-10.560293,0.36,9,0.36,0,33
9255,2,1,19.630207,0.4,10,0.4,0,33
9256,0,-1,11.659217,0.36,9,0.36,0,33
9257,2,1,17.993208,0.4,10,0.4,0,33
9258,2,1,18.242548,0.44,11,0.44,0,33
9259,2,1,13.259169,0.48,12,0.48,0,33
9260,0,-1,14.7832,0.44,11,0.44,0,33
9261,2,1,12.55008,0.48,12,0.48,0,33
9262,0,-1,14.783118,0.44,11,0.44,0,33
9263,0,-1,-0.0,0.44,11,0.44,0,33
9264,1,0,0.0,0.44,11,0.44,0,33
9265,0,-1,-0.0,0.44,11,0.44,0,33
9266,1,0,0.0,0.44,11,0.44,0,33
9267,2,1,10.340622,0.48,12,0.48,0,33
9268,2,1,-16.996035,0.52,13,0.52,0,33
9269,0,-1,-8.127789,0.48,12,0.48,0,33
9270,2,1,11.504668,0.52,13,0.52,0,33
9271,2,1,5.527232,0.56,14,0.56,0,33
9272,0,-1,19.843441,0.52,13,0.52,0,33
9273,1,0,0.0,0.52,13,0.52,0,33
9274,0,-1,-8.3746395,0.48,12,0.48,1,33
9275,0,-1,-13.737239,0.44,11,0.44,0,33
9276,0,-1,-14.985787,0.4,10,0.4,0,33
9277,2,1,16.59783,0.44,11,0.44,0,33
9278,2,1,13.693555,0.48,12,0.48,0,33
9279,0,-1,-14.855667,0.44,11,0.44,0,33
9280,2,1,11.962394,0.48,12,0.48,0,33
9281,0,-1,-0.0,0.48,12,0.48,0,33
9282,2,1,7.489589,0.52,13,0.52,0,33
9283,2,1,4.980329,0.56,14,0.56,0,33
9284,0,-1,-0.0,0.56,14,0.56,0,33
9285,1,0,0.0,0.56,14,0.56,0,33
9286,1,0,0.0,0.56,14,0.56,0,33
9287,0,-1,-4.980329,0.52,13,0.52,0,33
9288,0,-1,-0.0,0.52,13,0.52,0,33
9289,1,0,0.0,0.52,13,0.52,0,33
9290,0,-1,-7.489589,0.48,12,0.48,0,33
9291,0,-1,-12.560158,0.44,11,0.44,0,33
9292,2,1,9.702422,0.48,12,0.48,0,33
9293,1,0,0.0,0.48,12,0.48,1,33
9294,2,1,7.8199935,0.52,13,0.52,0,33
9295,1,0,0.0,0.52,13,0.52,0,33
9296,0,-1,-0.0,0.52,13,0.52,0,33
9297,2,1,8.453353,0.56,14,0.56,0,33
9298,0,-1,-8.453353,0.52,13,0.52,0,33
9299,0,-1,-7.4802732,0.48,12,0.48,0,33
9300,1,0,0.0,0.48,12,0.48,0,33
9301,0,-1,-0.0,0.48,12,0.48,0,33
9302,2,1,5.815931,0.52,13,0.52,0,33
9303,2,1,3.5035956,0.56,14,0.56,0,33
9304,1,0,0.0,0.56,14,0.56,0,33
9305,0,-1,-0.0,0.56,14,0.56,0,33
9306,0,-1,-0.0,0.56,14,0.56,0,33
9307,1,0,0.0,0.56,14,0.56,0,33
9308,2,1,-0.9166647,0.6,15,0.6,0,33
9309,1,0,0.0,0.6,15,0.6,0,33
9310,1,0,0.0,0.6,15,0.6,0,33
9311,0,-1,-0.0,0.6,15,0.6,0,33
9312,1,0,0.0,0.6,15,0.6,0,33
9313,1,0,0.0,0.6,15,0.6,0,33
9314,2,1,-10.5094385,0.64,16,0.64,0,33
9315,0,-1,-0.0,0.64,16,0.64,0,33
9316,0,-1,-1.1153953,0.6,15,0.6,1,33
9317,2,1,-7.327152,0.64,16,0.64,0,33
9318,0,-1,-0.0,0.64,16,0.64,0,33
9319,0,-1,7.327152,0.6,15,0.6,0,33
9320,1,0,0.0,0.6,15,0.6,0,33
9321,1,0,0.0,0.6,15,0.6,0,33
9322,0,-1,0.9207252,0.56,14,0.56,0,33
9323,0,-1,-2.9647927,0.52,13,0.52,0,33
9324,1,0,0.0,0.52,13,0.52,0,33
9325,0,-1,-14.31427,0.48,12,0.48,0,33
9326,2,1,7.475525,0.52,13,0.52,0,33
9327,2,1,11.446343,0.56,14,0.56,0,33
9328,1,0,0.0,0.56,14,0.56,0,33
9329,2,1,-0.87085444,0.6,15,0.6,0,33
9330,0,-1,4.745527,0.56,14,0.56,0,33
9331,0,-1,-2.8589444,0.52,13,0.52,0,33
9332,0,-1,-0.0,0.52,13,0.52,0,33
9333,2,1,9.783779,0.56,14,0.56,0,33
9334,0,-1,-4.968703,0.52,13,0.52,0,33
9335,0,-1,-0.0,0.52,13,0.52,0,33
9336,0,-1,-0.0,0.52,13,0.52,0,33
9337,0,-1,-6.996696,0.48,12,0.48,0,33
9338,2,1,11.305978,0.52,13,0.52,0,33
9339,1,0,0.0,0.52,13,0.52,0,33
9340,2,1,7.8699365,0.56,14,0.56,1,33
9341,0,-1,-8.710932,0.52,13,0.52,0,33
9342,1,0,0.0,0.52,13,0.52,0,33
9343,1,0,0.0,0.52,13,0.52,0,33
9344,0,-1,-0.0,0.52,13,0.52,0,33
9345,0,-1,-12.660426,0.48,12,0.48,0,33
9346,1,0,0.0,0.48,12,0.48,0,33
9347,0,-1,-0.0,0.48,12,0.48,0,33
9348,1,0,0.0,0.48,12,0.48,1,33
9349,1,0,0.0,0.48,12,0.48,0,33
9350,0,-1,-13.551564,0.44,11,0.44,0,33
9351,2,1,11.073677,0.48,12,0.48,0,33
9352,0,-1,-0.0,0.48,12,0.48,0,33
9353,0,-1,-11.073677,0.44,11,0.44,0,33
9354,0,-1,-0.0,0.44,11,0.44,0,33
9355,1,0,0.0,0.44,11,0.44,0,33
9356,2,1,11.073677,0.48,12,0.48,0,33
9357,2,1,11.520458,0.52,13,0.52,0,33
9358,1,0,0.0,0.52,13,0.52,0,33
9359,2,1,9.6345215,0.56,14,0.56,0,33
9360,0,-1,-0.0,0.56,14,0.56,0,33
9361,0,-1,-0.0,0.56,14,0.56,1,33
9362,2,1,3.2057579,0.6,15,0.6,0,33
9363,1,0,0.0,0.6,15,0.6,0,33
9364,1,0,0.0,0.6,15,0.6,0,33
9365,0,-1,-0.0,0.6,15,0.6,0,33
9366,2,1,-4.026739,0.64,16,0.64,0,33
9367,2,1,-13.240252,0.68,17,0.68,0,33
9368,0,-1,-0.0,0.68,17,0.68,0,33
9369,0,-1,11.028156,0.64,16,0.64,0,33
9370,1,0,0.0,0.64,16,0.64,0,33
9371,2,1,-7.6798906,0.68,17,0.68,0,33
9372,0,-1,-0.0,0.68,17,0.68,0,33
9373,2,1,-17.025743,0.72,18,0.72,0,33
9374,1,0,0.0,0.72,18,0.72,0,33
9375,1,0,0.0,0.72,18,0.72,0,33
9376,0,-1,-0.0,0.72,18,0.72,0,33
9377,2,1,-33.548878,0.76,19,0.76,0,33
9378,0,-1,-0.0,0.76,19,0.76,0,33
9379,0,-1,-0.0,0.76,19,0.76,0,33
9380,0,-1,-0.0,0.76,19,0.76,1,33
9381,0,-1,-0.0,0.76,19,0.76,0,33
9382,1,0,0.0,0.76,19,0.76,0,33
9383,0,-1,37.947845,0.72,18,0.72,0,33
9384,0,-1,20.796255,0.68,17,0.68,0,33
9385,0,-1,8.808885,0.64,16,0.64,0,33
9386,0,-1,0.19464423,0.6,15,0.6,0,33
9387,0,-1,-2.261867,0.56,14,0.56,0,33
9388,1,0,0.0,0.56,14,0.56,0,33
9389,0,-1,-0.0,0.56,14,0.56,0,33
9390,0,-1,-10.041678,0.52,13,0.52,0,33
9391,0,-1,-0.0,0.52,13,0.52,0,33
9392,2,1,9.681693,0.56,14,0.56,0,33
9393,0,-1,-8.490605,0.52,13,0.52,0,33
9394,0,-1,-9.707068,0.48,12,0.48,0,33
9395,0,-1,-0.0,0.48,12,0.48,0,33
9396,2,1,10.218834,0.52,13,0.52,0,33
9397,2,1,0.66409713,0.56,14,0.56,0,33
9398,0,-1,-0.66409713,0.52,13,0.52,0,33
9399,1,0,0.0,0.52,13,0.52,0,33
9400,0,-1,-0.0,0.52,13,0.52,0,33
9401,1,0,0.0,0.52,13,0.52,0,33
9402,2,1,8.126258,0.56,14,0.56,0,33
9403,2,1,1.4225031,0.6,15,0.6,0,33
9404,0,-1,-0.0,0.6,15,0.6,0,33
9405,2,1,-0.24448954,0.64,16,0.64,0,33
9406,1,0,0.0,0.64,16,0.64,0,33
9407,1,0,0.0,0.64,16,0.64,0,33
9408,1,0,0.0,0.64,16,0.64,1,33
9409,2,1,-9.669668,0.68,17,0.68,0,33
9410,0,-1,8.199833,0.64,16,0.64,0,33
9411,1,0,0.0,0.64,16,0.64,0,33
9412,0,-1,-0.0,0.64,16,0.64,0,33
9413,1,0,0.0,0.64,16,0.64,0,33
9414,0,-1,-1.5095394,0.6,15,0.6,0,33
9415,1,0,0.0,0.6,15,0.6,0,33
9416,2,1,-1.8867424,0.64,16,0.64,0,33
9417,2,1,-9.611649,0.68,17,0.68,0,33
9418,2,1,-21.22092,0.72,18,0.72,0,33
9419,0,-1,18.411213,0.68,17,0.68,0,33
9420,1,0,0.0,0.68,17,0.68,0,33
9421,0,-1,7.1108975,0.64,16,0.64,0,33
9422,0,-1,2.6470883,0.6,15,0.6,0,33
9423,0,-1,-0.0,0.6,15,0.6,0,33
9424,2,1,-7.4845247,0.64,16,0.64,0,33
9425,1,0,0.0,0.64,16,0.64,0,33
9426,2,1,-7.136032,0.68,17,0.68,1,33
9427,1,0,0.0,0.68,17,0.68,0,33
9428,0,-1,8.794232,0.64,16,0.64,0,33
9429,2,1,-9.694812,0.68,17,0.68,0,33
9430,0,-1,9.694812,0.64,16,0.64,0,33
9431,0,-1,-0.0,0.64,16,0.64,0,33
9432,0,-1,-0.0,0.64,16,0.64,0,33
9433,1,0,0.0,0.64,16,0.64,1,33
9434,1,0,0.0,0.64,16,0.64,0,33
9435,2,1,-9.3284235,0.68,17,0.68,0,33
9436,2,1,-19.516434,0.72,18,0.72,0,33
9437,0,-1,16.98188,0.68,17,0.68,0,33
9438,0,-1,9.636651,0.64,16,0.64,0,33
9439,1,0,0.0,0.64,16,0.64,0,33
9440,1,0,0.0,0.64,16,0.64,0,33
9441,1,0,0.0,0.64,16,0.64,0,33
9442,0,-1,4.356969,0.6,15,0.6,0,33
9443,1,0,0.0,0.6,15,0.6,0,33
9444,1,0,0.0,0.6,15,0.6,0,33
9445,2,1,-7.480043,0.64,16,0.64,0,33
9446,2,1,-15.695287,0.68,17,0.68,0,33
9447,2,1,-15.571066,0.72,18,0.72,0,33
9448,0,-1,19.580765,0.68,17,0.68,0,33
9449,0,-1,-0.0,0.68,17,0.68,0,33
9450,0,-1,15.695287,0.64,16,0.64,0,33
9451,0,-1,2.4295988,0.6,15,0.6,0,33
9452,0,-1,-4.8101506,0.56,14,0.56,0,33
9453,0,-1,-1.2489796,0.52,13,0.52,0,33
9454,0,-1,-12.783971,0.48,12,0.48,1,33
9455,1,0,0.0,0.48,12,0.48,0,33
9456,2,1,6.3558474,0.52,13,0.52,0,33
9457,1,0,0.0,0.52,13,0.52,0,33
9458,1,0,0.0,0.52,13,0.52,0,33
9459,2,1,4.228503,0.56,14,0.56,1,33
9460,2,1,4.7888303,0.6,15,0.6,0,33
9461,0,-1,-7.614596,0.56,14,0.56,0,33
9462,0,-1,-3.3986738,0.52,13,0.52,0,33
9463,2,1,10.269504,0.56,14,0.56,0,33
9464,0,-1,-3.5842705,0.52,13,0.52,0,33
9465,0,-1,-0.0,0.52,13,0.52,0,33
9466,1,0,0.0,0.52,13,0.52,0,33
9467,1,0,0.0,0.52,13,0.52,0,33
9468,0,-1,-10.997237,0.48,12,0.48,0,33
9469,0,-1,-15.329744,0.44,11,0.44,0,33
9470,1,0,0.0,0.44,11,0.44,0,33
9471,2,1,11.977762,0.48,12,0.48,0,33
9472,0,-1,-13.57887,0.44,11,0.44,0,33
9473,0,-1,-19.35486,0.4,10,0.4,0,33
9474,1,0,0.0,0.4,10,0.4,0,33
9475,1,0,0.0,0.4,10,0.4,0,33
9476,2,1,9.019711,0.44,11,0.44,0,33
9477,2,1,15.329744,0.48,12,0.48,0,33
9478,2,1,11.399621,0.52,13,0.52,0,33
9479,2,1,8.148091,0.56,14,0.56,0,33
9480,1,0,0.0,0.56,14,0.56,0,33
9481,0,-1,-0.0,0.56,14,0.56,0,33
9482,2,1,2.8045263,0.6,15,0.6,0,33
9483,0,-1,-2.8045263,0.56,14,0.56,0,33
9484,0,-1,-8.552214,0.52,13,0.52,0,33
9485,1,0,0.0,0.52,13,0.52,0,33
9486,0,-1,-0.0,0.52,13,0.52,1,33
9487,0,-1,-0.0,0.52,13,0.52,0,33
9488,0,-1,-5.078326,0.48,12,0.48,0,33
9489,2,1,6.425556,0.52,13,0.52,0,33
9490,1,0,0.0,0.52,13,0.52,0,33
9491,0,-1,-0.0,0.52,13,0.52,0,33
9492,0,-1,-0.0,0.52,13,0.52,0,33
9493,2,1,1.0935706,0.56,14,0.56,0,33
9494,1,0,0.0,0.56,14,0.56,0,33
9495,0,-1,-0.0,0.56,14,0.56,0,33
9496,2,1,0.83007944,0.6,15,0.6,0,33
9497,0,-1,2.6362283,0.56,14,0.56,0,33
9498,2,1,-0.8268579,0.6,15,0.6,0,33
9499,1,0,0.0,0.6,15,0.6,0,33
9500,2,1,-7.7045307,0.64,16,0.64,0,33
9501,0,-1,5.150873,0.6,15,0.6,0,33
9502,0,-1,2.7053075,0.56,14,0.56,0,33
9503,1,0,0.0,0.56,14,0.56,0,33
9504,0,-1,-0.0,0.56,14,0.56,0,33
9505,2,1,-1.4999592,0.6,15,0.6,0,33
9506,2,1,-8.701127,0.64,16,0.64,0,33
9507,2,1,-10.765965,0.68,17,0.68,0,33
9508,2,1,-12.957801,0.72,18,0.72,0,33
9509,1,0,0.0,0.72,18,0.72,0,33
9510,0,-1,20.645748,0.68,17,0.68,0,33
9511,1,0,0.0,0.68,17,0.68,0,33
9512,0,-1,-0.0,0.68,17,0.68,1,33
9513,0,-1,11.414652,0.64,16,0.64,0,33
9514,0,-1,3.9428883,0.6,15,0.6,0,33
9515,0,-1,-8.818335,0.56,14,0.56,0,33
9516,2,1,4.990717,0.6,15,0.6,0,33
9517,2,1,-4.2038183,0.64,16,0.64,0,33
9518,2,1,-12.040256,0.68,17,0.68,0,33
9519,0,-1,-0.0,0.68,17,0.68,0,33
9520,0,-1,12.040256,0.64,16,0.64,0,33
9521,0,-1,-0.0,0.64,16,0.64,0,33
9522,0,-1,4.2038183,0.6,15,0.6,0,33
9523,1,0,0.0,0.6,15,0.6,0,33
9524,2,1,-2.219548,0.64,16,0.64,0,33
9525,1,0,0.0,0.64,16,0.64,0,33
9526,2,1,-11.274574,0.68,17,0.68,0,33
9527,1,0,0.0,0.68,17,0.68,0,33
9528,1,0,0.0,0.68,17,0.68,0,33
9529,0,-1,11.274574,0.64,16,0.64,0,33
9530,1,0,0.0,0.64,16,0.64,0,33
9531,0,-1,-0.0,0.64,16,0.64,0,33
9532,2,1,-12.942548,0.68,17,0.68,0,33
9533,1,0,0.0,0.68,17,0.68,0,33
9534,0,-1,7.469908,0.64,16,0.64,0,33
9535,1,0,0.0,0.64,16,0.64,0,33
9536,2,1,-15.384484,0.68,17,0.68,0,33
9537,1,0,0.0,0.68,17,0.68,0,33
9538,0,-1,-0.0,0.68,17,0.68,0,33
9539,0,-1,6.907331,0.64,16,0.64,0,33
9540,0,-1,6.043723,0.6,15,0.6,0,33
9541,0,-1,3.6996136,0.56,14,0.56,0,33
9542,1,0,0.0,0.56,14,0.56,1,33
9543,0,-1,-0.0,0.56,14,0.56,0,33
9544,2,1,8.816677,0.6,15,0.6,0,33
9545,2,1,2.6077986,0.64,16,0.64,0,33
9546,0,-1,2.1479683,0.6,15,0.6,0,33
9547,0,-1,-3.1518123,0.56,14,0.56,0,33
9548,1,0,0.0,0.56,14,0.56,0,33
9549,0,-1,0.0,0.0,0,0.0,0,33
9550,2,1,24.20528,0.2,5,0.2,0,34
9551,2,1,23.947102,0.24,6,0.24,0,34
9552,2,1,22.251343,0.28,7,0.28,0,34
9553,2,1,18.561148,0.32,8,0.32,0,34
9554,0,-1,-0.0,0.32,8,0.32,0,34
9555,0,-1,-22.809717,0.28,7,0.28,0,34
9556,2,1,16.308062,0.32,8,0.32,0,34
9557,2,1,21.94469,0.36,9,0.36,0,34
9558,0,-1,-15.443036,0.32,8,0.32,0,34
9559,1,0,0.0,0.32,8,0.32,0,34
9560,2,1,-10.560293,0.36,9,0.36,1,34
9561,2,1,19.586142,0.4,10,0.4,0,34
9562,1,0,0.0,0.4,10,0.4,0,34
9563,2,1,15.456797,0.44,11,0.44,0,34
9564,1,0,0.0,0.44,11,0.44,0,34
9565,0,-1,-15.456797,0.4,10,0.4,0,34
9566,0,-1,-14.842866,0.36,9,0.36,0,34
9567,2,1,17.947254,0.4,10,0.4,0,34
9568,0,-1,-0.0,0.4,10,0.4,0,34
9569,2,1,12.80399,0.44,11,0.44,0,34
9570,2,1,12.499002,0.48,12,0.48,0,34
9571,0,-1,-12.499002,0.44,11,0.44,0,34
9572,2,1,12.9474125,0.48,12,0.48,0,34
9573,0,-1,-11.061829,0.44,11,0.44,0,34
9574,2,1,14.689292,0.48,12,0.48,0,34
9575,2,1,8.751512,0.52,13,0.52,0,34
9576,0,-1,-11.383048,0.48,12,0.48,0,34
9577,0,-1,-0.0,0.48,12,0.48,0,34
9578,0,-1,-0.0,0.48,12,0.48,0,34
9579,1,0,0.0,0.48,12,0.48,0,34
9580,1,0,0.0,0.48,12,0.48,0,34
9581,2,1,8.550984,0.52,13,0.52,0,34
9582,2,1,7.438762,0.56,14,0.56,0,34
9583,1,0,0.0,0.56,14,0.56,0,34
9584,2,1,1.7499614,0.6,15,0.6,0,34
9585,0,-1,-0.0,0.6,15,0.6,0,34
9586,1,0,0.0,0.6,15,0.6,0,34
9587,0,-1,-0.0,0.6,15,0.6,0,34
9588,2,1,-0.6454908,0.64,16,0.64,1,34
9589,1,0,0.0,0.64,16,0.64,0,34
9590,2,1,-11.85654,0.68,17,0.68,0,34
9591,1,0,0.0,0.68,17,0.68,0,34
9592,0,-1,10.154031,0.64,16,0.64,0,34
9593,1,0,0.0,0.64,16,0.64,0,34
9594,0,-1,-0.0,0.64,16,0.64,0,34
9595,0,-1,-1.196362,0.6,15,0.6,0,34
9596,0,-1,-0.0,0.6,15,0.6,0,34
9597,0,-1,-0.0,0.6,15,0.6,0,34
9598,0,-1,-0.0,0.6,15,0.6,0,34
9599,0,-1,-1.9684887,0.56,14,0.56,0,34
9600,2,1,-2.0136356,0.6,15,0.6,0,34
9601,0,-1,-0.0,0.6,15,0.6,0,34
9602,1,0,0.0,0.6,15,0.6,0,34
9603,1,0,0.0,0.6,15,0.6,0,34
9604,0,-1,-0.0,0.6,15,0.6,0,34
9605,2,1,-9.10442,0.64,16,0.64,0,34
9606,0,-1,0.663237,0.6,15,0.6,0,34
9607,2,1,0.0,0.6,15,0.6,0,34
9608,1,0,0.0,0.6,15,0.6,0,34
9609,0,-1,4.1051965,0.56,14,0.56,0,34
9610,1,0,0.0,0.56,14,0.56,0,34
9611,0,-1,-0.0,0.56,14,0.56,0,34
9612,2,1,-2.0626032,0.6,15,0.6,0,34
9613,0,-1,-3.702636,0.56,14,0.56,0,34
9614,1,0,0.0,0.56,14,0.56,1,34
9615,2,1,5.779981,0.6,15,0.6,0,34
9616,2,1,-9.130136,0.64,16,0.64,0,34
9617,0,-1,7.014068,0.6,15,0.6,0,34
9618,1,0,0.0,0.6,15,0.6,0,34
9619,0,-1,-0.0,0.6,15,0.6,0,34
9620,0,-1,-0.0,0.6,15,0.6,0,34
9621,0,-1,4.130912,0.56,14,0.56,0,34
9622,2,1,-4.130912,0.6,15,0.6,0,34
9623,1,0,0.0,0.6,15,0.6,0,34
9624,1,0,0.0,0.6,15,0.6,0,34
9625,1,0,0.0,0.6,15,0.6,0,34
9626,2,1,-1.3591671,0.64,16,0.64,0,34
9627,2,1,-16.05378,0.68,17,0.68,0,34
9628,0,-1,-0.0,0.68,17,0.68,0,34
9629,2,1,-18.476358,0.72,18,0.72,0,34
9630,0,-1,-0.0,0.72,18,0.72,0,34
9631,1,0,0.0,0.72,18,0.72,0,34
9632,0,-1,25.908743,0.68,17,0.68,0,34
9633,0,-1,8.257992,0.64,16,0.64,0,34
9634,1,0,0.0,0.64,16,0.64,0,34
9635,1,0,0.0,0.64,16,0.64,0,34
9636,0,-1,-0.0,0.64,16,0.64,0,34
9637,2,1,-6.954469,0.68,17,0.68,0,34
9638,2,1,-19.904276,0.72,18,0.72,0,34
9639,0,-1,-0.0,0.72,18,0.72,0,34
9640,0,-1,-0.0,0.72,18,0.72,0,34
9641,0,-1,-0.0,0.72,18,0.72,0,34
9642,1,0,0.0,0.72,18,0.72,0,34
9643,0,-1,-0.0,0.72,18,0.72,0,34
9644,0,-1,18.476358,0.68,17,0.68,1,34
9645,0,-1,-0.0,0.68,17,0.68,0,34
9646,0,-1,-0.0,0.68,17,0.68,0,34
9647,0,-1,-0.0,0.68,17,0.68,0,34
9648,0,-1,-0.0,0.68,17,0.68,0,34
9649,0,-1,10.025755,0.64,16,0.64,0,34
9650,1,0,0.0,0.64,16,0.64,0,34
9651,2,1,-10.025921,0.68,17,0.68,0,34
9652,0,-1,16.054407,0.64,16,0.64,0,34
9653,0,-1,-0.0,0.64,16,0.64,0,34
9654,1,0,0.0,0.64,16,0.64,0,34
9655,1,0,0.0,0.64,16,0.64,0,34
9656,2,1,-11.762755,0.68,17,0.68,0,34
9657,0,-1,-0.0,0.68,17,0.68,0,34
9658,1,0,0.0,0.68,17,0.68,0,34
9659,1,0,0.0,0.68,17,0.68,1,34
9660,0,-1,5.911749,0.64,16,0.64,0,34
9661,0,-1,-0.0,0.64,16,0.64,0,34
9662,0,-1,-0.0,0.64,16,0.64,0,34
9663,2,1,-12.183246,0.68,17,0.68,0,34
9664,1,0,0.0,0.68,17,0.68,0,34
9665,0,-1,-0.0,0.68,17,0.68,0,34
9666,1,0,0.0,0.68,17,0.68,0,34
9667,0,-1,13.963756,0.64,16,0.64,0,34
9668,1,0,0.0,0.64,16,0.64,0,34
9669,1,0,0.0,0.64,16,0.64,0,34
9670,0,-1,-0.0,0.64,16,0.64,0,34
9671,0,-1,-0.0,0.64,16,0.64,0,34
9672,2,1,-9.932878,0.68,17,0.68,0,34
9673,1,0,0.0,0.68,17,0.68,0,34
9674,0,-1,-0.0,0.68,17,0.68,0,34
9675,0,-1,-0.0,0.68,17,0.68,0,34
9676,0,-1,11.859602,0.64,16,0.64,0,34
9677,1,0,0.0,0.64,16,0.64,0,34
9678,0,-1,-0.0,0.64,16,0.64,1,34
9679,0,-1,-0.0,0.64,16,0.64,0,34
9680,2,1,-13.741942,0.68,17,0.68,0,34
9681,1,0,0.0,0.68,17,0.68,0,34
9682,1,0,0.0,0.68,17,0.68,0,34
9683,1,0,0.0,0.68,17,0.68,0,34
9684,2,1,-18.0824,0.72,18,0.72,0,34
9685,0,-1,21.64604,0.68,17,0.68,0,34
9686,2,1,-18.450409,0.72,18,0.72,0,34
9687,0,-1,19.613672,0.68,17,0.68,0,34
9688,0,-1,-0.0,0.68,17,0.68,0,34
9689,0,-1,13.741942,0.64,16,0.64,0,34
9690,0,-1,-0.0,0.64,16,0.64,0,34
9691,0,-1,-0.0,0.64,16,0.64,0,34
9692,2,1,-9.727372,0.68,17,0.68,0,34
9693,0,-1,12.216175,0.64,16,0.64,1,34
9694,2,1,-5.949296,0.68,17,0.68,0,34
9695,1,0,0.0,0.68,17,0.68,0,34
9696,1,0,0.0,0.68,17,0.68,0,34
9697,0,-1,8.2090025,0.64,16,0.64,0,34
9698,0,-1,2.4311316,0.6,15,0.6,0,34
9699,2,1,-1.3102221,0.64,16,0.64,0,34
9700,0,-1,-0.0,0.64,16,0.64,0,34
9701,1,0,0.0,0.64,16,0.64,1,34
9702,0,-1,-0.0,0.64,16,0.64,0,34
9703,0,-1,3.047379,0.6,15,0.6,0,34
9704,2,1,-4.6608057,0.64,16,0.64,0,34
9705,1,0,0.0,0.64,16,0.64,0,34
9706,0,-1,1.316634,0.6,15,0.6,0,34
9707,2,1,-1.3166784,0.64,16,0.64,0,34
9708,0,-1,0.8625931,0.6,15,0.6,0,34
9709,0,-1,-3.612386,0.56,14,0.56,0,34
9710,2,1,2.505747,0.6,15,0.6,0,34
9711,1,0,0.0,0.6,15,0.6,0,34
9712,0,-1,-6.347359,0.56,14,0.56,0,34
9713,0,-1,-0.0,0.56,14,0.56,0,34
9714,1,0,0.0,0.56,14,0.56,0,34
9715,0,-1,-0.0,0.56,14,0.56,0,34
9716,2,1,-0.45964184,0.6,15,0.6,0,34
9717,0,-1,-0.0,0.6,15,0.6,0,34
9718,0,-1,-0.0,0.6,15,0.6,0,34
9719,2,1,-7.0605893,0.64,16,0.64,0,34
9720,2,1,-13.474121,0.68,17,0.68,0,34
9721,2,1,-23.720945,0.72,18,0.72,0,34
9722,0,-1,23.353903,0.68,17,0.68,0,34
9723,0,-1,8.215503,0.64,16,0.64,0,34
9724,1,0,0.0,0.64,16,0.64,0,34
9725,2,1,-5.8635273,0.68,17,0.68,0,34
9726,1,0,0.0,0.68,17,0.68,0,34
9727,1,0,0.0,0.68,17,0.68,0,34
9728,2,1,-16.98096,0.72,18,0.72,0,34
9729,0,-1,19.272083,0.68,17,0.68,0,34
9730,0,-1,-0.0,0.68,17,0.68,1,34
9731,1,0,0.0,0.68,17,0.68,0,34
9732,0,-1,13.867993,0.64,16,0.64,0,34
9733,2,1,-8.62953,0.68,17,0.68,0,34
9734,0,-1,8.62953,0.64,16,0.64,0,34
9735,0,-1,-0.0,0.64,16,0.64,0,34
9736,2,1,-7.3608665,0.68,17,0.68,0,34
9737,0,-1,5.8911643,0.64,16,0.64,0,34
9738,0,-1,0.20773521,0.6,15,0.6,0,34
9739,2,1,-2.4203138,0.64,16,0.64,0,34
9740,1,0,0.0,0.64,16,0.64,0,34
9741,1,0,0.0,0.64,16,0.64,0,34
9742,1,0,0.0,0.64,16,0.64,0,34
9743,0,-1,-2.6250064,0.6,15,0.6,0,34
9744,2,1,-9.517829,0.64,16,0.64,0,34
9745,1,0,0.0,0.64,16,0.64,0,34
9746,2,1,-13.532413,0.68,17,0.68,0,34
9747,0,-1,13.532413,0.64,16,0.64,1,34
9748,0,-1,9.491793,0.6,15,0.6,0,34
9749,0,-1,-8.830279,0.56,14,0.56,0,34
9750,0,-1,-3.2278664,0.52,13,0.52,0,34
9751,1,0,0.0,0.52,13,0.52,0,34
9752,0,-1,-0.0,0.52,13,0.52,0,34
9753,0,-1,-11.453061,0.48,12,0.48,0,34
9754,2,1,11.280684,0.52,13,0.52,0,34
9755,2,1,3.2142215,0.56,14,0.56,0,34
9756,2,1,3.357632,0.6,15,0.6,0,34
9757,2,1,-9.496218,0.64,16,0.64,0,34
9758,0,-1,-0.0,0.64,16,0.64,0,34
9759,0,-1,9.496218,0.6,15,0.6,0,34
9760,0,-1,-3.357632,0.56,14,0.56,0,34
9761,1,0,0.0,0.56,14,0.56,0,34
9762,2,1,3.357632,0.6,15,0.6,0,34
9763,0,-1,-3.357632,0.56,14,0.56,0,34
9764,0,-1,-6.395303,0.52,13,0.52,0,34
9765,0,-1,-0.0,0.52,13,0.52,0,34
9766,1,0,0.0,0.52,13,0.52,0,34
9767,0,-1,-0.0,0.52,13,0.52,1,34
9768,0,-1,-6.033261,0.48,12,0.48,0,34
9769,1,0,0.0,0.48,12,0.48,0,34
9770,0,-1,-0.0,0.48,12,0.48,0,34
9771,0,-1,-0.0,0.48,12,0.48,0,34
9772,0,-1,-0.0,0.48,12,0.48,0,34
9773,1,0,0.0,0.48,12,0.48,0,34
9774,0,-1,-0.0,0.48,12,0.48,0,34
9775,0,-1,-0.0,0.48,12,0.48,0,34
9776,0,-1,-0.0,0.48,12,0.48,0,34
9777,1,0,0.0,0.48,12,0.48,0,34
9778,2,1,10.2196,0.52,13,0.52,0,34
9779,0,-1,-0.0,0.52,13,0.52,0,34
9780,0,-1,-11.766435,0.48,12,0.48,1,34
9781,0,-1,-0.0,0.48,12,0.48,0,34
9782,0,-1,-0.0,0.48,12,0.48,0,34
9783,1,0,0.0,0.48,12,0.48,0,34
9784,2,1,5.2744613,0.52,13,0.52,0,34
9785,0,-1,-5.2744613,0.48,12,0.48,0,34
9786,0,-1,-12.451293,0.44,11,0.44,0,34
9787,0,-1,-0.0,0.44,11,0.44,0,34
9788,2,1,4.463146,0.48,12,0.48,0,34
9789,0,-1,-0.0,0.48,12,0.48,0,34
9790,0,-1,-0.0,0.48,12,0.48,0,34
9791,0,-1,-4.463146,0.44,11,0.44,0,34
9792,1,0,0.0,0.44,11,0.44,0,34
9793,0,-1,-8.649652,0.4,10,0.4,0,34
9794,2,1,14.853927,0.44,11,0.44,0,34
9795,2,1,13.947541,0.48,12,0.48,0,34
9796,1,0,0.0,0.48,12,0.48,0,34
9797,2,1,4.6084013,0.52,13,0.52,0,34
9798,2,1,6.4232936,0.56,14,0.56,0,34
9799,2,1,2.419961,0.6,15,0.6,0,34
9800,1,0,0.0,0.6,15,0.6,0,34
9801,1,0,0.0,0.6,15,0.6,0,34
9802,1,0,0.0,0.6,15,0.6,0,34
9803,1,0,0.0,0.6,15,0.6,0,34
9804,0,-1,1.9688046,0.56,14,0.56,1,34
9805,2,1,8.817534,0.6,15,0.6,0,34
9806,0,-1,-8.817534,0.56,14,0.56,0,34
9807,1,0,0.0,0.56,14,0.56,0,34
9808,1,0,0.0,0.56,14,0.56,0,34
9809,2,1,4.2914853,0.6,15,0.6,0,34
9810,2,1,3.8183107,0.64,16,0.64,0,34
9811,2,1,-9.956709,0.68,17,0.68,0,34
9812,0,-1,9.956709,0.64,16,0.64,0,34
9813,0,-1,2.5682206,0.6,15,0.6,0,34
9814,0,-1,-0.412683,0.56,14,0.56,0,34
9815,2,1,3.0129244,0.6,15,0.6,0,34
9816,0,-1,-0.0,0.6,15,0.6,0,34
9817,0,-1,-2.6803975,0.56,14,0.56,0,34
9818,2,1,1.9413388,0.6,15,0.6,0,34
9819,1,0,0.0,0.6,15,0.6,0,34
9820,0,-1,-0.0,0.6,15,0.6,0,34
9821,0,-1,-3.0129244,0.56,14,0.56,0,34
9822,1,0,0.0,0.56,14,0.56,0,34
9823,0,-1,-5.5515122,0.52,13,0.52,0,34
9824,1,0,0.0,0.52,13,0.52,0,34
9825,0,-1,-10.868691,0.48,12,0.48,1,34
9826,1,0,0.0,0.48,12,0.48,0,34
9827,2,1,9.843161,0.52,13,0.52,0,34
9828,2,1,4.148025,0.56,14,0.56,0,34
9829,2,1,2.6672535,0.6,15,0.6,0,34
9830,0,-1,-0.0,0.6,15,0.6,0,34
9831,1,0,0.0,0.6,15,0.6,0,34
9832,2,1,-1.3207375,0.64,16,0.64,0,34
9833,0,-1,-0.0,0.64,16,0.64,0,34
9834,2,1,-10.687256,0.68,17,0.68,0,34
9835,0,-1,-0.0,0.68,17,0.68,0,34
9836,0,-1,3.087326,0.64,16,0.64,0,34
9837,2,1,-11.164973,0.68,17,0.68,0,34
9838,2,1,-22.736343,0.72,18,0.72,0,34
9839,0,-1,-0.0,0.72,18,0.72,0,34
9840,1,0,0.0,0.72,18,0.72,0,34
9841,1,0,0.0,0.72,18,0.72,0,34
9842,0,-1,20.567038,0.68,17,0.68,0,34
9843,1,0,0.0,0.68,17,0.68,0,34
9844,1,0,0.0,0.68,17,0.68,1,34
9845,0,-1,-0.0,0.68,17,0.68,0,34
9846,1,0,0.0,0.68,17,0.68,0,34
9847,2,1,-17.221869,0.72,18,0.72,0,34
9848,1,0,0.0,0.72,18,0.72,0,34
9849,0,-1,0.0,0.0,0,0.0,0,34
9850,2,1,24.20528,0.2,5,0.2,0,35
9851,2,1,-8.557965,0.24,6,0.24,0,35
9852,2,1,23.472822,0.28,7,0.28,0,35
9853,2,1,-9.695775,0.32,8,0.32,0,35
9854,2,1,-10.560928,0.36,9,0.36,0,35
9855,2,1,-11.659218,0.4,10,0.4,0,35
9856,1,0,0.0,0.4,10,0.4,0,35
9857,2,1,-13.041624,0.44,11,0.44,0,35
9858,2,1,-14.783786,0.48,12,0.48,0,35
9859,2,1,-16.996624,0.52,13,0.52,1,35
9860,0,-1,-0.0,0.52,13,0.52,0,35
9861,0,-1,16.996624,0.48,12,0.48,0,35
9862,1,0,0.0,0.48,12,0.48,0,35
9863,2,1,-16.996622,0.52,13,0.52,0,35
9864,2,1,8.18686,0.56,14,0.56,0,35
9865,0,-1,2.6688447,0.52,13,0.52,0,35
9866,0,-1,16.996622,0.48,12,0.48,0,35
9867,0,-1,14.783786,0.44,11,0.44,0,35
9868,1,0,0.0,0.44,11,0.44,0,35
9869,2,1,11.374519,0.48,12,0.48,0,35
9870,1,0,0.0,0.48,12,0.48,0,35
9871,2,1,14.298587,0.52,13,0.52,0,35
9872,0,-1,-0.0,0.52,13,0.52,0,35
9873,1,0,0.0,0.52,13,0.52,0,35
9874,2,1,6.737092,0.56,14,0.56,1,35
9875,0,-1,-1.0870827,0.52,13,0.52,0,35
9876,2,1,8.475593,0.56,14,0.56,0,35
9877,1,0,0.0,0.56,14,0.56,0,35
9878,1,0,0.0,0.56,14,0.56,0,35
9879,0,-1,10.808703,0.52,13,0.52,0,35
9880,0,-1,-0.0,0.52,13,0.52,0,35
9881,2,1,8.6823,0.56,14,0.56,0,35
9882,1,0,0.0,0.56,14,0.56,0,35
9883,2,1,5.9227233,0.6,15,0.6,0,35
9884,0,-1,-4.745794,0.56,14,0.56,0,35
9885,0,-1,6.5362334,0.52,13,0.52,0,35
9886,0,-1,-4.010647,0.48,12,0.48,0,35
9887,0,-1,-14.712763,0.44,11,0.44,0,35
9888,0,-1,-15.484702,0.4,10,0.4,0,35
9889,2,1,10.554351,0.44,11,0.44,0,35
9890,2,1,7.255905,0.48,12,0.48,0,35
9891,1,0,0.0,0.48,12,0.48,0,35
9892,1,0,0.0,0.48,12,0.48,0,35
9893,0,-1,-0.0,0.48,12,0.48,0,35
9894,0,-1,-17.669111,0.44,11,0.44,0,35
9895,2,1,9.514101,0.48,12,0.48,0,35
9896,1,0,0.0,0.48,12,0.48,0,35
9897,1,0,0.0,0.48,12,0.48,0,35
9898,0,-1,-0.0,0.48,12,0.48,0,35
9899,1,0,0.0,0.48,12,0.48,1,35
9900,0,-1,-0.0,0.48,12,0.48,0,35
9901,2,1,7.1606708,0.52,13,0.52,0,35
9902,1,0,0.0,0.52,13,0.52,0,35
9903,0,-1,-0.0,0.52,13,0.52,0,35
9904,0,-1,-0.0,0.52,13,0.52,0,35
9905,2,1,5.2844596,0.56,14,0.56,0,35
9906,0,-1,-4.313264,0.52,13,0.52,0,35
9907,1,0,0.0,0.52,13,0.52,0,35
9908,1,0,0.0,0.52,13,0.52,0,35
9909,0,-1,-0.0,0.52,13,0.52,0,35
9910,2,1,-0.034324903,0.56,14,0.56,0,35
9911,0,-1,0.034324903,0.52,13,0.52,0,35
9912,1,0,0.0,0.52,13,0.52,1,35
9913,1,0,0.0,0.52,13,0.52,0,35
9914,0,-1,-0.0,0.52,13,0.52,0,35
9915,2,1,2.6026149,0.56,14,0.56,0,35
9916,0,-1,-5.2626457,0.52,13,0.52,0,35
9917,1,0,0.0,0.52,13,0.52,0,35
9918,0,-1,-0.0,0.52,13,0.52,0,35
9919,1,0,0.0,0.52,13,0.52,0,35
9920,0,-1,-5.4500217,0.48,12,0.48,1,35
9921,1,0,0.0,0.48,12,0.48,0,35
9922,2,1,4.052035,0.52,13,0.52,0,35
9923,0,-1,-0.0,0.52,13,0.52,0,35
9924,2,1,9.838826,0.56,14,0.56,0,35
9925,0,-1,-0.0,0.56,14,0.56,0,35
9926,2,1,1.5107155,0.6,15,0.6,0,35
9927,0,-1,1.4904392,0.56,14,0.56,0,35
9928,0,-1,-0.0,0.56,14,0.56,0,35
9929,2,1,-1.1246079,0.6,15,0.6,0,35
9930,0,-1,-0.0,0.6,15,0.6,0,35
9931,1,0,0.0,0.6,15,0.6,0,35
9932,2,1,-4.4463267,0.64,16,0.64,0,35
9933,0,-1,6.1238313,0.6,15,0.6,0,35
9934,1,0,0.0,0.6,15,0.6,0,35
9935,0,-1,-0.7628452,0.56,14,0.56,0,35
9936,1,0,0.0,0.56,14,0.56,0,35
9937,2,1,4.062029,0.6,15,0.6,1,35
9938,0,-1,-0.0,0.6,15,0.6,0,35
9939,0,-1,-5.554668,0.56,14,0.56,0,35
9940,2,1,-1.4708376,0.6,15,0.6,0,35
9941,1,0,0.0,0.6,15,0.6,0,35
9942,0,-1,-0.52530044,0.56,14,0.56,0,35
9943,0,-1,-0.0,0.56,14,0.56,0,35
9944,0,-1,-6.382881,0.52,13,0.52,0,35
9945,0,-1,-0.0,0.52,13,0.52,0,35
9946,0,-1,-0.0,0.52,13,0.52,0,35
9947,0,-1,-13.175183,0.48,12,0.48,0,35
9948,0,-1,-10.255507,0.44,11,0.44,0,35
9949,1,0,0.0,0.44,11,0.44,0,35
9950,2,1,13.731256,0.48,12,0.48,0,35
9951,1,0,0.0,0.48,12,0.48,0,35
9952,1,0,0.0,0.48,12,0.48,0,35
9953,0,-1,-13.731256,0.44,11,0.44,0,35
9954,1,0,0.0,0.44,11,0.44,0,35
9955,1,0,0.0,0.44,11,0.44,0,35
9956,0,-1,-9.101174,0.4,10,0.4,0,35
9957,2,1,15.473417,0.44,11,0.44,0,35
9958,2,1,10.255505,0.48,12,0.48,0,35
9959,2,1,8.994357,0.52,13,0.52,0,35
9960,0,-1,-5.106368,0.48,12,0.48,0,35
9961,2,1,15.423858,0.52,13,0.52,1,35
9962,2,1,3.468486,0.56,14,0.56,0,35
9963,1,0,0.0,0.56,14,0.56,0,35
9964,0,-1,-0.0,0.56,14,0.56,0,35
9965,2,1,-1.2753367,0.6,15,0.6,0,35
9966,1,0,0.0,0.6,15,0.6,0,35
9967,0,-1,-0.0,0.6,15,0.6,0,35
9968,0,-1,1.2753367,0.56,14,0.56,0,35
9969,1,0,0.0,0.56,14,0.56,0,35
9970,0,-1,-0.0,0.56,14,0.56,0,35
9971,0,-1,-3.468486,0.52,13,0.52,0,35
9972,2,1,6.689604,0.56,14,0.56,0,35
9973,1,0,0.0,0.56,14,0.56,0,35
9974,2,1,4.8430977,0.6,15,0.6,0,35
9975,1,0,0.0,0.6,15,0.6,0,35
9976,0,-1,-0.29392865,0.56,14,0.56,0,35
9977,2,1,0.67880416,0.6,15,0.6,0,35
9978,1,0,0.0,0.6,15,0.6,0,35
9979,0,-1,-0.0,0.6,15,0.6,0,35
9980,1,0,0.0,0.6,15,0.6,0,35
9981,1,0,0.0,0.6,15,0.6,0,35
9982,1,0,0.0,0.6,15,0.6,1,35
9983,0,-1,-0.67964524,0.56,14,0.56,0,35
9984,0,-1,-0.0,0.56,14,0.56,0,35
9985,0,-1,-5.124651,0.52,13,0.52,0,35
9986,2,1,5.1243477,0.56,14,0.56,0,35
9987,0,-1,-6.784167,0.52,13,0.52,0,35
9988,2,1,10.260744,0.56,14,0.56,0,35
9989,0,-1,-0.0,0.56,14,0.56,0,35
9990,1,0,0.0,0.56,14,0.56,0,35
9991,0,-1,-8.5908375,0.52,13,0.52,0,35
9992,0,-1,-9.055989,0.48,12,0.48,0,35
9993,0,-1,-0.0,0.48,12,0.48,0,35
9994,0,-1,-13.74307,0.44,11,0.44,0,35
9995,2,1,16.407902,0.48,12,0.48,0,35
9996,1,0,0.0,0.48,12,0.48,0,35
9997,1,0,0.0,0.48,12,0.48,0,35
9998,0,-1,-0.0,0.48,12,0.48,0,35
9999,1,0,0.0,0.48,12,0.48,0,35
10000,1,0,0.0,0.48,12,0.48,0,35
10001,2,1,11.361921,0.52,13,0.52,0,35
10002,2,1,9.731075,0.56,14,0.56,0,35
10003,2,1,-0.28141353,0.6,15,0.6,1,35
10004,2,1,-0.9575105,0.64,16,0.64,1,35
10005,0,-1,-0.0,0.64,16,0.64,0,35
10006,1,0,0.0,0.64,16,0.64,0,35
10007,0,-1,5.318289,0.6,15,0.6,0,35
10008,1,0,0.0,0.6,15,0.6,0,35
10009,0,-1,-0.0,0.6,15,0.6,0,35
10010,1,0,0.0,0.6,15,0.6,0,35
10011,1,0,0.0,0.6,15,0.6,0,35
10012,2,1,-2.607984,0.64,16,0.64,0,35
10013,2,1,-9.252553,0.68,17,0.68,0,35
10014,1,0,0.0,0.68,17,0.68,0,35
10015,0,-1,-0.0,0.68,17,0.68,0,35
10016,0,-1,10.552444,0.64,16,0.64,0,35
10017,1,0,0.0,0.64,16,0.64,0,35
10018,0,-1,0.23629603,0.6,15,0.6,0,35
10019,2,1,-0.15071648,0.64,16,0.64,0,35
10020,1,0,0.0,0.64,16,0.64,0,35
10021,0,-1,-0.0,0.64,16,0.64,0,35
10022,0,-1,0.15071648,0.6,15,0.6,0,35
10023,1,0,0.0,0.6,15,0.6,0,35
10024,0,-1,-2.6454945,0.56,14,0.56,0,35
10025,2,1,-0.9108391,0.6,15,0.6,1,35
10026,1,0,0.0,0.6,15,0.6,0,35
10027,2,1,-0.15094867,0.64,16,0.64,0,35
10028,0,-1,0.15094867,0.6,15,0.6,0,35
10029,2,1,-0.24864219,0.64,16,0.64,0,35
10030,0,-1,-0.0,0.64,16,0.64,0,35
10031,0,-1,2.1933887,0.6,15,0.6,0,35
10032,0,-1,-2.5691938,0.56,14,0.56,0,35
10033,2,1,4.9630227,0.6,15,0.6,0,35
10034,0,-1,-4.4553165,0.56,14,0.56,0,35
10035,0,-1,-8.48038,0.52,13,0.52,0,35
10036,2,1,7.843271,0.56,14,0.56,0,35
10037,1,0,0.0,0.56,14,0.56,0,35
10038,0,-1,-0.0,0.56,14,0.56,0,35
10039,1,0,0.0,0.56,14,0.56,0,35
10040,1,0,0.0,0.56,14,0.56,1,35
10041,2,1,2.3713694,0.6,15,0.6,0,35
10042,0,-1,-4.1032267,0.56,14,0.56,1,35
10043,2,1,4.8418865,0.6,15,0.6,0,35
10044,0,-1,-0.0,0.6,15,0.6,0,35
10045,0,-1,-0.0,0.6,15,0.6,0,35
10046,2,1,-3.1644197,0.64,16,0.64,0,35
10047,2,1,-11.646725,0.68,17,0.68,0,35
10048,1,0,0.0,0.68,17,0.68,0,35
10049,1,0,0.0,0.68,17,0.68,0,35
10050,2,1,-16.042315,0.72,18,0.72,0,35
10051,1,0,0.0,0.72,18,0.72,0,35
10052,0,-1,16.935944,0.68,17,0.68,0,35
10053,2,1,-19.931313,0.72,18,0.72,0,35
10054,1,0,0.0,0.72,18,0.72,0,35
10055,0,-1,19.134598,0.68,17,0.68,0,35
10056,0,-1,-0.0,0.68,17,0.68,0,35
10057,1,0,0.0,0.68,17,0.68,0,35
10058,0,-1,-0.0,0.68,17,0.68,0,35
10059,0,-1,-0.0,0.68,17,0.68,0,35
10060,0,-1,11.646725,0.64,16,0.64,0,35
10061,2,1,-11.646725,0.68,17,0.68,0,35
10062,0,-1,6.7141395,0.64,16,0.64,0,35
10063,1,0,0.0,0.64,16,0.64,0,35
10064,2,1,-6.8466306,0.68,17,0.68,0,35
10065,1,0,0.0,0.68,17,0.68,1,35
10066,0,-1,-0.0,0.68,17,0.68,0,35
10067,1,0,0.0,0.68,17,0.68,0,35
10068,1,0,0.0,0.68,17,0.68,0,35
10069,1,0,0.0,0.68,17,0.68,0,35
10070,0,-1,11.691166,0.64,16,0.64,0,35
10071,1,0,0.0,0.64,16,0.64,0,35
10072,0,-1,3.234452,0.6,15,0.6,0,35
10073,2,1,-1.3683363,0.64,16,0.64,0,35
10074,2,1,-15.090599,0.68,17,0.68,0,35
10075,1,0,0.0,0.68,17,0.68,0,35
10076,0,-1,6.7999897,0.64,16,0.64,0,35
10077,0,-1,-0.0,0.64,16,0.64,0,35
10078,0,-1,1.3683363,0.6,15,0.6,0,35
10079,1,0,0.0,0.6,15,0.6,0,35
10080,1,0,0.0,0.6,15,0.6,0,35
10081,0,-1,-0.0,0.6,15,0.6,0,35
10082,0,-1,-1.8735224,0.56,14,0.56,0,35
10083,1,0,0.0,0.56,14,0.56,0,35
10084,2,1,3.2784264,0.6,15,0.6,1,35
10085,2,1,-0.16884375,0.64,16,0.64,0,35
10086,1,0,0.0,0.64,16,0.64,0,35
10087,1,0,0.0,0.64,16,0.64,0,35
10088,0,-1,0.16884375,0.6,15,0.6,1,35
10089,0,-1,-0.0,0.6,15,0.6,0,35
10090,2,1,-2.2036006,0.64,16,0.64,1,35
10091,1,0,0.0,0.64,16,0.64,0,35
10092,0,-1,-0.9362591,0.6,15,0.6,1,35
10093,0,-1,2.401296,0.56,14,0.56,0,35
10094,0,-1,-4.6368456,0.52,13,0.52,0,35
10095,2,1,5.4012995,0.56,14,0.56,0,35
10096,0,-1,-0.0,0.56,14,0.56,0,35
10097,1,0,0.0,0.56,14,0.56,0,35
10098,2,1,4.5399375,0.6,15,0.6,0,35
10099,2,1,-3.8405542,0.64,16,0.64,0,35
10100,0,-1,3.327723,0.6,15,0.6,0,35
10101,2,1,-6.2322335,0.64,16,0.64,0,35
10102,0,-1,-2.529121,0.6,15,0.6,0,35
10103,0,-1,1.2330103,0.56,14,0.56,0,35
10104,2,1,0.22115985,0.6,15,0.6,0,35
10105,0,-1,-4.5399375,0.56,14,0.56,0,35
10106,1,0,0.0,0.56,14,0.56,0,35
10107,2,1,7.5278997,0.6,15,0.6,0,35
10108,0,-1,-0.22115985,0.56,14,0.56,0,35
10109,2,1,1.6715003,0.6,15,0.6,0,35
10110,0,-1,-0.0,0.6,15,0.6,0,35
10111,2,1,-6.2322335,0.64,16,0.64,0,35
10112,2,1,-12.897432,0.68,17,0.68,0,35
10113,0,-1,10.226547,0.64,16,0.64,0,35
10114,0,-1,6.2322335,0.6,15,0.6,0,35
10115,2,1,-3.554731,0.64,16,0.64,0,35
10116,0,-1,0.9493881,0.6,15,0.6,0,35
10117,1,0,0.0,0.6,15,0.6,0,35
10118,2,1,0.2477969,0.64,16,0.64,0,35
10119,2,1,-8.210946,0.68,17,0.68,0,35
10120,2,1,-21.548603,0.72,18,0.72,0,35
10121,0,-1,14.24993,0.68,17,0.68,1,35
10122,0,-1,8.177584,0.64,16,0.64,0,35
10123,2,1,-4.37199,0.68,17,0.68,0,35
10124,2,1,-20.078964,0.72,18,0.72,0,35
10125,1,0,0.0,0.72,18,0.72,0,35
10126,1,0,0.0,0.72,18,0.72,0,35
10127,1,0,0.0,0.72,18,0.72,0,35
10128,0,-1,-0.0,0.72,18,0.72,0,35
10129,1,0,0.0,0.72,18,0.72,0,35
10130,0,-1,20.358055,0.68,17,0.68,0,35
10131,0,-1,10.1991825,0.64,16,0.64,0,35
10132,1,0,0.0,0.64,16,0.64,0,35
10133,2,1,-10.1991825,0.68,17,0.68,0,35
10134,0,-1,10.1991825,0.64,16,0.64,0,35
10135,0,-1,-0.0,0.64,16,0.64,0,35
10136,0,-1,-0.96176887,0.6,15,0.6,1,35
10137,2,1,-0.17719254,0.64,16,0.64,0,35
10138,1,0,0.0,0.64,16,0.64,0,35
10139,0,-1,4.7610345,0.6,15,0.6,0,35
10140,0,-1,-0.0,0.6,15,0.6,0,35
10141,1,0,0.0,0.6,15,0.6,0,35
10142,1,0,0.0,0.6,15,0.6,0,35
10143,1,0,0.0,0.6,15,0.6,0,35
10144,2,1,-0.45589215,0.64,16,0.64,0,35
10145,2,1,-5.9715295,0.68,17,0.68,0,35
10146,0,-1,7.354717,0.64,16,0.64,0,35
10147,1,0,0.0,0.64,16,0.64,0,35
10148,1,0,0.0,0.64,16,0.64,0,35
10149,2,1,0.0,0.0,0,0.0,0,35
10150,2,1,-8.282061,0.2,5,0.2,0,36
10151,1,0,0.0,0.2,5,0.2,0,36
10152,2,1,23.947102,0.24,6,0.24,0,36
10153,0,-1,8.557965,0.2,5,0.2,0,36
10154,2,1,-8.557965,0.24,6,0.24,0,36
10155,2,1,-9.03267,0.28,7,0.28,0,36
10156,2,1,21.593521,0.32,8,0.32,0,36
10157,2,1,17.481995,0.36,9,0.36,0,36
10158,2,1,-11.659217,0.4,10,0.4,0,36
10159,0,-1,-19.630207,0.36,9,0.36,0,36
10160,2,1,19.630207,0.4,10,0.4,0,36
10161,2,1,13.098712,0.44,11,0.44,0,36
10162,1,0,0.0,0.44,11,0.44,0,36
10163,0,-1,-0.0,0.44,11,0.44,0,36
10164,0,-1,-13.098712,0.4,10,0.4,0,36
10165,2,1,19.446302,0.44,11,0.44,0,36
10166,0,-1,13.041592,0.4,10,0.4,0,36
10167,2,1,18.242548,0.44,11,0.44,0,36
10168,2,1,11.825259,0.48,12,0.48,0,36
10169,0,-1,-0.0,0.48,12,0.48,0,36
10170,2,1,12.653693,0.52,13,0.52,0,36
10171,0,-1,-0.0,0.52,13,0.52,0,36
10172,2,1,8.653325,0.56,14,0.56,0,36
10173,0,-1,-9.806287,0.52,13,0.52,0,36
10174,1,0,0.0,0.52,13,0.52,0,36
10175,2,1,-19.843994,0.56,14,0.56,0,36
10176,0,-1,-0.0,0.56,14,0.56,0,36
10177,1,0,0.0,0.56,14,0.56,0,36
10178,2,1,1.6900151,0.6,15,0.6,1,36
10179,0,-1,-7.728389,0.56,14,0.56,0,36
10180,1,0,0.0,0.56,14,0.56,0,36
10181,0,-1,12.261136,0.52,13,0.52,0,36
10182,0,-1,-0.0,0.52,13,0.52,0,36
10183,2,1,8.441684,0.56,14,0.56,0,36
10184,0,-1,-8.441684,0.52,13,0.52,0,36
10185,1,0,0.0,0.52,13,0.52,0,36
10186,0,-1,-0.0,0.52,13,0.52,0,36
10187,0,-1,4.1842027,0.48,12,0.48,0,36
10188,1,0,0.0,0.48,12,0.48,0,36
10189,2,1,12.642834,0.52,13,0.52,0,36
10190,0,-1,-0.0,0.52,13,0.52,0,36
10191,0,-1,-11.480736,0.48,12,0.48,0,36
10192,2,1,10.323687,0.52,13,0.52,0,36
10193,1,0,0.0,0.52,13,0.52,0,36
10194,1,0,0.0,0.52,13,0.52,0,36
10195,1,0,0.0,0.52,13,0.52,0,36
10196,2,1,11.451235,0.56,14,0.56,0,36
10197,0,-1,1.7707334,0.52,13,0.52,1,36
10198,2,1,9.708586,0.56,14,0.56,0,36
10199,2,1,1.7735518,0.6,15,0.6,0,36
10200,1,0,0.0,0.6,15,0.6,0,36
10201,0,-1,-0.0,0.6,15,0.6,0,36
10202,2,1,-1.1024055,0.64,16,0.64,0,36
10203,2,1,-10.350838,0.68,17,0.68,0,36
10204,0,-1,-0.0,0.68,17,0.68,0,36
10205,0,-1,10.289591,0.64,16,0.64,0,36
10206,0,-1,-0.0,0.64,16,0.64,0,36
10207,0,-1,2.0272582,0.6,15,0.6,0,36
10208,0,-1,-1.5472099,0.56,14,0.56,0,36
10209,0,-1,-0.0,0.56,14,0.56,0,36
10210,0,-1,-0.0,0.56,14,0.56,0,36
10211,0,-1,-5.5033507,0.52,13,0.52,0,36
10212,2,1,5.721564,0.56,14,0.56,0,36
10213,1,0,0.0,0.56,14,0.56,0,36
10214,0,-1,-0.0,0.56,14,0.56,1,36
10215,0,-1,-0.0,0.56,14,0.56,0,36
10216,1,0,0.0,0.56,14,0.56,0,36
10217,0,-1,-5.965173,0.52,13,0.52,0,36
10218,2,1,7.372954,0.56,14,0.56,0,36
10219,2,1,4.1723213,0.6,15,0.6,0,36
10220,2,1,-3.1362534,0.64,16,0.64,0,36
10221,1,0,0.0,0.64,16,0.64,0,36
10222,0,-1,0.5737646,0.6,15,0.6,0,36
10223,1,0,0.0,0.6,15,0.6,0,36
10224,2,1,-0.04545495,0.64,16,0.64,0,36
10225,1,0,0.0,0.64,16,0.64,0,36
10226,1,0,0.0,0.64,16,0.64,0,36
10227,0,-1,-0.0,0.64,16,0.64,0,36
10228,2,1,-10.381494,0.68,17,0.68,0,36
10229,2,1,-19.589285,0.72,18,0.72,0,36
10230,0,-1,20.261276,0.68,17,0.68,0,36
10231,0,-1,-0.0,0.68,17,0.68,0,36
10232,1,0,0.0,0.68,17,0.68,0,36
10233,0,-1,-0.0,0.68,17,0.68,0,36
10234,2,1,-21.622229,0.72,18,0.72,0,36
10235,0,-1,-0.0,0.72,18,0.72,0,36
10236,0,-1,-0.0,0.72,18,0.72,0,36
10237,0,-1,18.134676,0.68,17,0.68,0,36
10238,0,-1,-0.0,0.68,17,0.68,1,36
10239,2,1,-19.420763,0.72,18,0.72,0,36
10240,1,0,0.0,0.72,18,0.72,0,36
10241,0,-1,-0.0,0.72,18,0.72,0,36
10242,0,-1,21.624538,0.68,17,0.68,0,36
10243,0,-1,-0.0,0.68,17,0.68,0,36
10244,1,0,0.0,0.68,17,0.68,0,36
10245,0,-1,-0.0,0.68,17,0.68,0,36
10246,0,-1,-0.0,0.68,17,0.68,0,36
10247,0,-1,-0.0,0.68,17,0.68,0,36
10248,1,0,0.0,0.68,17,0.68,0,36
10249,0,-1,9.54098,0.64,16,0.64,0,36
10250,0,-1,-0.0,0.64,16,0.64,0,36
10251,0,-1,2.8504803,0.6,15,0.6,0,36
10252,0,-1,-2.1861792,0.56,14,0.56,0,36
10253,0,-1,-8.688523,0.52,13,0.52,0,36
10254,0,-1,-0.0,0.52,13,0.52,0,36
10255,1,0,0.0,0.52,13,0.52,0,36
10256,0,-1,-11.816161,0.48,12,0.48,0,36
10257,2,1,2.822343,0.52,13,0.52,0,36
10258,1,0,0.0,0.52,13,0.52,0,36
10259,1,0,0.0,0.52,13,0.52,0,36
10260,2,1,5.915978,0.56,14,0.56,0,36
10261,2,1,4.3442283,0.6,15,0.6,0,36
10262,0,-1,-0.0,0.6,15,0.6,0,36
10263,2,1,-4.9406514,0.64,16,0.64,0,36
10264,2,1,-8.179105,0.68,17,0.68,0,36
10265,1,0,0.0,0.68,17,0.68,1,36
10266,0,-1,15.139354,0.64,16,0.64,0,36
10267,0,-1,-0.0,0.64,16,0.64,0,36
10268,0,-1,-0.0,0.64,16,0.64,0,36
10269,1,0,0.0,0.64,16,0.64,0,36
10270,1,0,0.0,0.64,16,0.64,0,36
10271,0,-1,1.2776816,0.6,15,0.6,0,36
10272,0,-1,-0.0,0.6,15,0.6,0,36
10273,0,-1,-0.0,0.6,15,0.6,0,36
10274,2,1,-3.135216,0.64,16,0.64,1,36
10275,2,1,-13.899631,0.68,17,0.68,0,36
10276,2,1,-21.951403,0.72,18,0.72,0,36
10277,0,-1,-0.0,0.72,18,0.72,0,36
10278,0,-1,-0.0,0.72,18,0.72,0,36
10279,0,-1,-0.0,0.72,18,0.72,0,36
10280,0,-1,-0.0,0.72,18,0.72,0,36
10281,1,0,0.0,0.72,18,0.72,0,36
10282,2,1,-31.869858,0.76,19,0.76,1,36
10283,2,1,-56.68139,0.8,20,0.8,0,36
10284,0,-1,-0.0,0.8,20,0.8,0,36
10285,0,-1,56.68139,0.76,19,0.76,0,36
10286,2,1,-58.417824,0.8,20,0.8,0,36
10287,0,-1,58.417824,0.76,19,0.76,0,36
10288,0,-1,-0.0,0.76,19,0.76,0,36
10289,0,-1,31.865503,0.72,18,0.72,0,36
10290,0,-1,18.04893,0.68,17,0.68,0,36
10291,0,-1,-0.0,0.68,17,0.68,0,36
10292,2,1,-20.435865,0.72,18,0.72,0,36
10293,0,-1,-0.0,0.72,18,0.72,0,36
10294,1,0,0.0,0.72,18,0.72,0,36
10295,0,-1,21.97774,0.68,17,0.68,0,36
10296,0,-1,-0.0,0.68,17,0.68,0,36
10297,0,-1,-0.0,0.68,17,0.68,0,36
10298,0,-1,-0.0,0.68,17,0.68,0,36
10299,1,0,0.0,0.68,17,0.68,0,36
10300,0,-1,13.900832,0.64,16,0.64,1,36
10301,0,-1,-0.0,0.64,16,0.64,0,36
10302,2,1,-6.928217,0.68,17,0.68,0,36
10303,1,0,0.0,0.68,17,0.68,0,36
10304,0,-1,9.735504,0.64,16,0.64,0,36
10305,1,0,0.0,0.64,16,0.64,0,36
10306,0,-1,-0.0,0.64,16,0.64,0,36
10307,0,-1,-0.0,0.64,16,0.64,0,36
10308,2,1,-7.674562,0.68,17,0.68,0,36
10309,2,1,-18.09128,0.72,18,0.72,0,36
10310,0,-1,-0.0,0.72,18,0.72,0,36
10311,0,-1,21.727772,0.68,17,0.68,0,36
10312,0,-1,10.239139,0.64,16,0.64,0,36
10313,0,-1,-0.0,0.64,16,0.64,1,36
10314,0,-1,0.019813461,0.6,15,0.6,0,36
10315,0,-1,-0.0,0.6,15,0.6,0,36
10316,2,1,-0.020385863,0.64,16,0.64,0,36
10317,1,0,0.0,0.64,16,0.64,0,36
10318,1,0,0.0,0.64,16,0.64,0,36
10319,0,-1,0.38730633,0.6,15,0.6,0,36
10320,1,0,0.0,0.6,15,0.6,0,36
10321,2,1,-4.954048,0.64,16,0.64,0,36
10322,0,-1,-0.0,0.64,16,0.64,0,36
10323,0,-1,1.3005795,0.6,15,0.6,0,36
10324,1,0,0.0,0.6,15,0.6,0,36
10325,2,1,-0.4981597,0.64,16,0.64,0,36
10326,0,-1,-0.0,0.64,16,0.64,0,36
10327,0,-1,-0.0,0.64,16,0.64,0,36
10328,0,-1,-0.0,0.64,16,0.64,0,36
10329,1,0,0.0,0.64,16,0.64,0,36
10330,0,-1,-0.0,0.64,16,0.64,1,36
10331,1,0,0.0,0.64,16,0.64,0,36
10332,1,0,0.0,0.64,16,0.64,0,36
10333,0,-1,-0.0,0.64,16,0.64,0,36
10334,2,1,-10.472029,0.68,17,0.68,0,36
10335,0,-1,-0.0,0.68,17,0.68,0,36
10336,0,-1,10.472029,0.64,16,0.64,0,36
10337,0,-1,0.3941983,0.6,15,0.6,0,36
10338,0,-1,-0.0,0.6,15,0.6,0,36
10339,1,0,0.0,0.6,15,0.6,0,36
10340,0,-1,-0.0,0.6,15,0.6,0,36
10341,1,0,0.0,0.6,15,0.6,0,36
10342,0,-1,-0.0,0.6,15,0.6,0,36
10343,0,-1,-0.0,0.6,15,0.6,0,36
10344,1,0,0.0,0.6,15,0.6,0,36
10345,2,1,-1.2921705,0.64,16,0.64,0,36
10346,1,0,0.0,0.64,16,0.64,0,36
10347,0,-1,0.014783146,0.6,15,0.6,0,36
10348,0,-1,-0.0,0.6,15,0.6,0,36
10349,2,1,-0.41317824,0.64,16,0.64,0,36
10350,0,-1,4.956489,0.6,15,0.6,1,36
10351,0,-1,-0.0,0.6,15,0.6,0,36
10352,0,-1,-0.0,0.6,15,0.6,0,36
10353,0,-1,-0.0,0.6,15,0.6,0,36
10354,0,-1,-0.0,0.6,15,0.6,0,36
10355,0,-1,-2.1659567,0.56,14,0.56,0,36
10356,0,-1,-0.0,0.56,14,0.56,0,36
10357,0,-1,-7.5108824,0.52,13,0.52,1,36
10358,1,0,0.0,0.52,13,0.52,0,36
10359,1,0,0.0,0.52,13,0.52,0,36
10360,0,-1,-0.0,0.52,13,0.52,0,36
10361,2,1,8.13364,0.56,14,0.56,0,36
10362,0,-1,-7.8733673,0.52,13,0.52,0,36
10363,2,1,7.0874424,0.56,14,0.56,0,36
10364,0,-1,-0.0,0.56,14,0.56,0,36
10365,0,-1,-0.0,0.56,14,0.56,0,36
10366,0,-1,-8.13364,0.52,13,0.52,0,36
10367,0,-1,-9.93485,0.48,12,0.48,0,36
10368,0,-1,-0.0,0.48,12,0.48,1,36
10369,0,-1,-0.0,0.48,12,0.48,0,36
10370,0,-1,-0.0,0.48,12,0.48,0,36
10371,2,1,7.6375947,0.52,13,0.52,0,36
10372,0,-1,-0.0,0.52,13,0.52,0,36
10373,1,0,0.0,0.52,13,0.52,0,36
10374,1,0,0.0,0.52,13,0.52,0,36
10375,2,1,7.543319,0.56,14,0.56,0,36
10376,1,0,0.0,0.56,14,0.56,0,36
10377,1,0,0.0,0.56,14,0.56,0,36
10378,0,-1,-0.0,0.56,14,0.56,0,36
10379,0,-1,-0.0,0.56,14,0.56,0,36
10380,1,0,0.0,0.56,14,0.56,0,36
10381,0,-1,-0.0,0.56,14,0.56,0,36
10382,0,-1,-9.741585,0.52,13,0.52,0,36
10383,0,-1,-10.390726,0.48,12,0.48,0,36
10384,1,0,0.0,0.48,12,0.48,0,36
10385,0,-1,-0.0,0.48,12,0.48,0,36
10386,2,1,5.732136,0.52,13,0.52,1,36
10387,0,-1,-0.0,0.52,13,0.52,0,36
10388,0,-1,-0.0,0.52,13,0.52,0,36
10389,1,0,0.0,0.52,13,0.52,0,36
10390,1,0,0.0,0.52,13,0.52,0,36
10391,2,1,1.2740259,0.56,14,0.56,0,36
10392,0,-1,-11.358372,0.52,13,0.52,0,36
10393,1,0,0.0,0.52,13,0.52,0,36
10394,2,1,11.358257,0.56,14,0.56,0,36
10395,1,0,0.0,0.56,14,0.56,0,36
10396,0,-1,-0.0,0.56,14,0.56,0,36
10397,0,-1,-11.358257,0.52,13,0.52,0,36
10398,2,1,11.358257,0.56,14,0.56,0,36
10399,1,0,0.0,0.56,14,0.56,0,36
10400,2,1,0.0,0.56,14,0.56,1,36
10401,2,1,2.3727522,0.6,15,0.6,0,36
10402,2,1,-5.7114472,0.64,16,0.64,0,36
10403,0,-1,-0.0,0.64,16,0.64,0,36
10404,1,0,0.0,0.64,16,0.64,0,36
10405,0,-1,-2.628365,0.6,15,0.6,0,36
10406,2,1,-0.581218,0.64,16,0.64,0,36
10407,2,1,-8.55693,0.68,17,0.68,0,36
10408,1,0,0.0,0.68,17,0.68,0,36
10409,1,0,0.0,0.68,17,0.68,0,36
10410,0,-1,9.525295,0.64,16,0.64,0,36
10411,2,1,0.0,0.64,16,0.64,0,36
10412,1,0,0.0,0.64,16,0.64,0,36
10413,0,-1,-0.0,0.64,16,0.64,0,36
10414,2,1,0.0,0.64,16,0.64,1,36
10415,0,-1,1.620743,0.6,15,0.6,0,36
10416,2,1,-7.6260524,0.64,16,0.64,0,36
10417,0,-1,-0.0,0.64,16,0.64,0,36
10418,0,-1,-0.0,0.64,16,0.64,0,36
10419,1,0,0.0,0.64,16,0.64,0,36
10420,0,-1,-0.0,0.64,16,0.64,0,36
10421,2,1,0.0,0.64,16,0.64,0,36
10422,0,-1,7.558624,0.6,15,0.6,0,36
10423,1,0,0.0,0.6,15,0.6,0,36
10424,0,-1,-8.834502,0.56,14,0.56,0,36
10425,2,1,2.3878436,0.6,15,0.6,0,36
10426,0,-1,0.94427747,0.56,14,0.56,0,36
10427,2,1,2.8493824,0.6,15,0.6,0,36
10428,1,0,0.0,0.6,15,0.6,0,36
10429,1,0,0.0,0.6,15,0.6,0,36
10430,1,0,0.0,0.6,15,0.6,0,36
10431,2,1,-2.5553722,0.64,16,0.64,0,36
10432,0,-1,-0.0,0.64,16,0.64,0,36
10433,0,-1,2.6113799,0.6,15,0.6,0,36
10434,0,-1,-0.0,0.6,15,0.6,0,36
10435,2,1,0.02771777,0.64,16,0.64,0,36
10436,0,-1,2.1498408,0.6,15,0.6,0,36
10437,2,1,-2.6113799,0.64,16,0.64,0,36
10438,0,-1,2.6113799,0.6,15,0.6,0,36
10439,1,0,0.0,0.6,15,0.6,0,36
10440,1,0,0.0,0.6,15,0.6,1,36
10441,0,-1,-5.029959,0.56,14,0.56,0,36
10442,1,0,0.0,0.56,14,0.56,0,36
10443,0,-1,-0.0,0.56,14,0.56,0,36
10444,2,1,2.4018762,0.6,15,0.6,0,36
10445,2,1,3.834995,0.64,16,0.64,0,36
10446,0,-1,-0.0,0.64,16,0.64,0,36
10447,0,-1,-3.834995,0.6,15,0.6,0,36
10448,0,-1,-4.421151,0.56,14,0.56,0,36
10449,2,1,0.0,0.0,0,0.0,0,36
10450,2,1,24.20528,0.2,5,0.2,0,37
10451,2,1,-8.557883,0.24,6,0.24,0,37
10452,2,1,22.251343,0.28,7,0.28,0,37
10453,1,0,0.0,0.28,7,0.28,0,37
10454,2,1,22.809717,0.32,8,0.32,0,37
10455,1,0,0.0,0.32,8,0.32,0,37
10456,2,1,17.696121,0.36,9,0.36,0,37
10457,1,0,0.0,0.36,9,0.36,0,37
10458,2,1,19.630207,0.4,10,0.4,0,37
10459,1,0,0.0,0.4,10,0.4,1,37
10460,2,1,4.5839686,0.44,11,0.44,0,37
10461,1,0,0.0,0.44,11,0.44,0,37
10462,0,-1,-18.188433,0.4,10,0.4,0,37
10463,0,-1,-5.9663434,0.36,9,0.36,0,37
10464,0,-1,-0.0,0.36,9,0.36,0,37
10465,2,1,16.313055,0.4,10,0.4,0,37
10466,2,1,16.624014,0.44,11,0.44,0,37
10467,2,1,16.446268,0.48,12,0.48,0,37
10468,2,1,10.569153,0.52,13,0.52,0,37
10469,2,1,8.571981,0.56,14,0.56,0,37
10470,2,1,2.2506664,0.6,15,0.6,1,37
10471,0,-1,-4.401694,0.56,14,0.56,0,37
10472,2,1,4.953094,0.6,15,0.6,0,37
10473,0,-1,-3.2543178,0.56,14,0.56,0,37
10474,0,-1,-8.682893,0.52,13,0.52,0,37
10475,2,1,5.9943333,0.56,14,0.56,0,37
10476,0,-1,-5.9519663,0.52,13,0.52,0,37
10477,2,1,5.664206,0.56,14,0.56,0,37
10478,2,1,2.0720294,0.6,15,0.6,0,37
10479,2,1,-2.7772582,0.64,16,0.64,0,37
10480,1,0,0.0,0.64,16,0.64,0,37
10481,0,-1,-0.0,0.64,16,0.64,0,37
10482,1,0,0.0,0.64,16,0.64,0,37
10483,0,-1,2.7772582,0.6,15,0.6,0,37
10484,0,-1,-0.0,0.6,15,0.6,0,37
10485,0,-1,-1.9344072,0.56,14,0.56,0,37
10486,2,1,3.1039371,0.6,15,0.6,1,37
10487,2,1,-2.8062863,0.64,16,0.64,0,37
10488,0,-1,-0.0,0.64,16,0.64,0,37
10489,0,-1,-0.0,0.64,16,0.64,0,37
10490,2,1,-11.081036,0.68,17,0.68,0,37
10491,0,-1,9.705111,0.64,16,0.64,0,37
10492,1,0,0.0,0.64,16,0.64,0,37
10493,1,0,0.0,0.64,16,0.64,0,37
10494,2,1,-10.234734,0.68,17,0.68,0,37
10495,0,-1,9.610447,0.64,16,0.64,0,37
10496,2,1,-8.064041,0.68,17,0.68,0,37
10497,0,-1,9.1449375,0.64,16,0.64,0,37
10498,1,0,0.0,0.64,16,0.64,0,37
10499,2,1,-11.725032,0.68,17,0.68,0,37
10500,2,1,-23.965675,0.72,18,0.72,0,37
10501,2,1,-35.41997,0.76,19,0.76,0,37
10502,0,-1,-0.0,0.76,19,0.76,0,37
10503,0,-1,35.41997,0.72,18,0.72,0,37
10504,0,-1,-0.0,0.72,18,0.72,0,37
10505,0,-1,16.925367,0.68,17,0.68,0,37
10506,1,0,0.0,0.68,17,0.68,1,37
10507,0,-1,-0.0,0.68,17,0.68,0,37
10508,0,-1,11.083492,0.64,16,0.64,0,37
10509,0,-1,-0.0,0.64,16,0.64,0,37
10510,0,-1,-0.0,0.64,16,0.64,1,37
10511,0,-1,-0.0,0.64,16,0.64,0,37
10512,1,0,0.0,0.64,16,0.64,0,37
10513,1,0,0.0,0.64,16,0.64,0,37
10514,1,0,0.0,0.64,16,0.64,0,37
10515,2,1,-13.60642,0.68,17,0.68,0,37
10516,0,-1,-0.0,0.68,17,0.68,0,37
10517,0,-1,8.040892,0.64,16,0.64,0,37
10518,0,-1,6.707595,0.6,15,0.6,0,37
10519,0,-1,1.5545994,0.56,14,0.56,0,37
10520,0,-1,-0.0,0.56,14,0.56,0,37
10521,1,0,0.0,0.56,14,0.56,0,37
10522,0,-1,-6.8118153,0.52,13,0.52,0,37
10523,0,-1,-0.0,0.52,13,0.52,0,37
10524,0,-1,-6.849095,0.48,12,0.48,0,37
10525,2,1,6.7670646,0.52,13,0.52,1,37
10526,2,1,9.734585,0.56,14,0.56,0,37
10527,2,1,-1.9887718,0.6,15,0.6,0,37
10528,1,0,0.0,0.6,15,0.6,0,37
10529,1,0,0.0,0.6,15,0.6,0,37
10530,0,-1,-0.0,0.6,15,0.6,0,37
10531,2,1,-0.18058474,0.64,16,0.64,0,37
10532,1,0,0.0,0.64,16,0.64,0,37
10533,1,0,0.0,0.64,16,0.64,0,37
10534,0,-1,0.20990044,0.6,15,0.6,0,37
10535,0,-1,1.9887718,0.56,14,0.56,0,37
10536,1,0,0.0,0.56,14,0.56,1,37
10537,2,1,-1.9395785,0.6,15,0.6,0,37
10538,0,-1,1.9395785,0.56,14,0.56,0,37
10539,1,0,0.0,0.56,14,0.56,0,37
10540,0,-1,-0.0,0.56,14,0.56,0,37
10541,0,-1,-8.586207,0.52,13,0.52,0,37
10542,0,-1,-0.0,0.52,13,0.52,0,37
10543,1,0,0.0,0.52,13,0.52,0,37
10544,2,1,7.6142764,0.56,14,0.56,0,37
10545,0,-1,-3.9459624,0.52,13,0.52,0,37
10546,2,1,4.873159,0.56,14,0.56,0,37
10547,1,0,0.0,0.56,14,0.56,0,37
10548,1,0,0.0,0.56,14,0.56,0,37
10549,1,0,0.0,0.56,14,0.56,0,37
10550,2,1,0.19729169,0.6,15,0.6,0,37
10551,0,-1,-1.1433601,0.56,14,0.56,0,37
10552,2,1,3.6738768,0.6,15,0.6,0,37
10553,0,-1,-0.19729169,0.56,14,0.56,0,37
10554,0,-1,-0.0,0.56,14,0.56,1,37
10555,2,1,-1.4687032,0.6,15,0.6,0,37
10556,2,1,-3.2882824,0.64,16,0.64,0,37
10557,0,-1,-0.0,0.64,16,0.64,0,37
10558,0,-1,-0.0,0.64,16,0.64,0,37
10559,0,-1,-0.0,0.64,16,0.64,0,37
10560,0,-1,-0.0,0.64,16,0.64,0,37
10561,1,0,0.0,0.64,16,0.64,0,37
10562,0,-1,-0.0,0.64,16,0.64,0,37
10563,0,-1,-0.0,0.64,16,0.64,0,37
10564,1,0,0.0,0.64,16,0.64,0,37
10565,2,1,-10.236716,0.68,17,0.68,0,37
10566,2,1,-17.008419,0.72,18,0.72,0,37
10567,1,0,0.0,0.72,18,0.72,0,37
10568,0,-1,20.116499,0.68,17,0.68,0,37
10569,1,0,0.0,0.68,17,0.68,0,37
10570,0,-1,10.187107,0.64,16,0.64,0,37
10571,2,1,-10.447311,0.68,17,0.68,0,37
10572,0,-1,-0.0,0.68,17,0.68,0,37
10573,0,-1,-0.0,0.68,17,0.68,0,37
10574,0,-1,7.1286364,0.64,16,0.64,0,37
10575,0,-1,3.5484865,0.6,15,0.6,0,37
10576,0,-1,-0.0,0.6,15,0.6,0,37
10577,0,-1,-0.0,0.6,15,0.6,1,37
10578,1,0,0.0,0.6,15,0.6,0,37
10579,0,-1,-0.0,0.6,15,0.6,0,37
10580,1,0,0.0,0.6,15,0.6,0,37
10581,0,-1,-0.0,0.6,15,0.6,1,37
10582,0,-1,-0.0,0.6,15,0.6,0,37
10583,0,-1,-0.0,0.6,15,0.6,0,37
10584,0,-1,-2.6766813,0.56,14,0.56,0,37
10585,1,0,0.0,0.56,14,0.56,0,37
10586,1,0,0.0,0.56,14,0.56,0,37
10587,0,-1,-3.173135,0.52,13,0.52,0,37
10588,2,1,7.8441796,0.56,14,0.56,0,37
10589,2,1,1.9283352,0.6,15,0.6,0,37
10590,2,1,-3.955188,0.64,16,0.64,0,37
10591,2,1,-7.4327064,0.68,17,0.68,0,37
10592,0,-1,7.4327064,0.64,16,0.64,0,37
10593,1,0,0.0,0.64,16,0.64,1,37
10594,0,-1,-0.0,0.64,16,0.64,0,37
10595,2,1,-10.205341,0.68,17,0.68,0,37
10596,0,-1,-0.0,0.68,17,0.68,0,37
10597,0,-1,10.205341,0.64,16,0.64,0,37
10598,2,1,-9.627824,0.68,17,0.68,0,37
10599,1,0,0.0,0.68,17,0.68,0,37
10600,0,-1,9.975106,0.64,16,0.64,0,37
10601,0,-1,0.8899601,0.6,15,0.6,0,37
10602,1,0,0.0,0.6,15,0.6,1,37
10603,0,-1,-1.0511042,0.56,14,0.56,0,37
10604,2,1,2.2698839,0.6,15,0.6,0,37
10605,0,-1,-0.0,0.6,15,0.6,0,37
10606,0,-1,-2.6086202,0.56,14,0.56,0,37
10607,1,0,0.0,0.56,14,0.56,0,37
10608,1,0,0.0,0.56,14,0.56,0,37
10609,0,-1,-5.999683,0.52,13,0.52,0,37
10610,0,-1,-0.0,0.52,13,0.52,0,37
10611,0,-1,-10.218326,0.48,12,0.48,0,37
10612,1,0,0.0,0.48,12,0.48,0,37
10613,2,1,11.329669,0.52,13,0.52,0,37
10614,1,0,0.0,0.52,13,0.52,0,37
10615,2,1,7.833927,0.56,14,0.56,0,37
10616,0,-1,-7.833927,0.52,13,0.52,0,37
10617,0,-1,-11.329669,0.48,12,0.48,0,37
10618,2,1,10.6813345,0.52,13,0.52,0,37
10619,2,1,5.999683,0.56,14,0.56,0,37
10620,0,-1,-0.0,0.56,14,0.56,0,37
10621,1,0,0.0,0.56,14,0.56,0,37
10622,0,-1,-7.833927,0.52,13,0.52,1,37
10623,0,-1,-8.845371,0.48,12,0.48,0,37
10624,2,1,11.325081,0.52,13,0.52,0,37
10625,2,1,5.649081,0.56,14,0.56,0,37
10626,2,1,1.0859601,0.6,15,0.6,0,37
10627,2,1,-2.782647,0.64,16,0.64,0,37
10628,1,0,0.0,0.64,16,0.64,0,37
10629,0,-1,-0.0,0.64,16,0.64,0,37
10630,0,-1,3.079941,0.6,15,0.6,0,37
10631,1,0,0.0,0.6,15,0.6,0,37
10632,0,-1,-4.747875,0.56,14,0.56,0,37
10633,0,-1,-5.9463754,0.52,13,0.52,0,37
10634,0,-1,-7.663166,0.48,12,0.48,0,37
10635,1,0,0.0,0.48,12,0.48,0,37
10636,2,1,10.676175,0.52,13,0.52,0,37
10637,1,0,0.0,0.52,13,0.52,0,37
10638,0,-1,-10.676175,0.48,12,0.48,0,37
10639,1,0,0.0,0.48,12,0.48,1,37
10640,1,0,0.0,0.48,12,0.48,0,37
10641,2,1,11.735763,0.52,13,0.52,0,37
10642,2,1,3.5506575,0.56,14,0.56,0,37
10643,2,1,1.2496881,0.6,15,0.6,0,37
10644,1,0,0.0,0.6,15,0.6,0,37
10645,1,0,0.0,0.6,15,0.6,0,37
10646,0,-1,-5.158557,0.56,14,0.56,0,37
10647,1,0,0.0,0.56,14,0.56,0,37
10648,1,0,0.0,0.56,14,0.56,0,37
10649,0,-1,-0.0,0.56,14,0.56,0,37
10650,0,-1,-9.873188,0.52,13,0.52,0,37
10651,1,0,0.0,0.52,13,0.52,0,37
10652,0,-1,-0.0,0.52,13,0.52,0,37
10653,2,1,5.9173703,0.56,14,0.56,0,37
10654,0,-1,-9.686165,0.52,13,0.52,0,37
10655,1,0,0.0,0.52,13,0.52,0,37
10656,2,1,9.763376,0.56,14,0.56,0,37
10657,1,0,0.0,0.56,14,0.56,0,37
10658,1,0,0.0,0.56,14,0.56,0,37
10659,0,-1,-3.5506575,0.52,13,0.52,0,37
10660,2,1,5.741903,0.56,14,0.56,0,37
10661,1,0,0.0,0.56,14,0.56,0,37
10662,0,-1,-4.979487,0.52,13,0.52,1,37
10663,2,1,8.510923,0.56,14,0.56,0,37
10664,2,1,5.177163,0.6,15,0.6,0,37
10665,0,-1,-4.7811246,0.56,14,0.56,0,37
10666,2,1,0.39891735,0.6,15,0.6,0,37
10667,1,0,0.0,0.6,15,0.6,0,37
10668,0,-1,-0.0,0.6,15,0.6,0,37
10669,1,0,0.0,0.6,15,0.6,0,37
10670,2,1,-5.0573707,0.64,16,0.64,0,37
10671,0,-1,-0.0,0.64,16,0.64,0,37
10672,2,1,-10.565253,0.68,17,0.68,0,37
10673,0,-1,10.565253,0.64,16,0.64,0,37
10674,0,-1,-0.1779397,0.6,15,0.6,0,37
10675,0,-1,-0.0,0.6,15,0.6,0,37
10676,1,0,0.0,0.6,15,0.6,0,37
10677,0,-1,-0.0,0.6,15,0.6,0,37
10678,0,-1,-0.0,0.6,15,0.6,0,37
10679,2,1,-4.5231194,0.64,16,0.64,0,37
10680,1,0,0.0,0.64,16,0.64,0,37
10681,1,0,0.0,0.64,16,0.64,0,37
10682,2,1,-12.90587,0.68,17,0.68,0,37
10683,0,-1,12.90587,0.64,16,0.64,0,37
10684,0,-1,4.600306,0.6,15,0.6,0,37
10685,0,-1,-0.0,0.6,15,0.6,0,37
10686,0,-1,-0.0,0.6,15,0.6,0,37
10687,0,-1,-7.554004,0.56,14,0.56,0,37
10688,2,1,4.7811246,0.6,15,0.6,0,37
10689,0,-1,0.058147106,0.56,14,0.56,1,37
10690,0,-1,-5.8712287,0.52,13,0.52,0,37
10691,2,1,5.8634086,0.56,14,0.56,1,37
10692,2,1,4.6411877,0.6,15,0.6,0,37
10693,1,0,0.0,0.6,15,0.6,0,37
10694,2,1,-2.443688,0.64,16,0.64,0,37
10695,2,1,-13.553545,0.68,17,0.68,0,37
10696,2,1,-20.967962,0.72,18,0.72,0,37
10697,0,-1,20.967962,0.68,17,0.68,0,37
10698,1,0,0.0,0.68,17,0.68,0,37
10699,0,-1,7.0996323,0.64,16,0.64,0,37
10700,0,-1,-0.0,0.64,16,0.64,0,37
10701,1,0,0.0,0.64,16,0.64,0,37
10702,0,-1,-3.7571282,0.6,15,0.6,0,37
10703,0,-1,-2.238231,0.56,14,0.56,0,37
10704,1,0,0.0,0.56,14,0.56,0,37
10705,2,1,0.8098681,0.6,15,0.6,0,37
10706,2,1,3.7590213,0.64,16,0.64,0,37
10707,1,0,0.0,0.64,16,0.64,0,37
10708,1,0,0.0,0.64,16,0.64,0,37
10709,2,1,-13.237281,0.68,17,0.68,1,37
10710,0,-1,-0.0,0.68,17,0.68,0,37
10711,0,-1,13.519703,0.64,16,0.64,0,37
10712,0,-1,-0.0,0.64,16,0.64,0,37
10713,1,0,0.0,0.64,16,0.64,0,37
10714,2,1,-4.3535595,0.68,17,0.68,0,37
10715,1,0,0.0,0.68,17,0.68,0,37
10716,0,-1,11.161168,0.64,16,0.64,0,37
10717,2,1,-11.146553,0.68,17,0.68,0,37
10718,2,1,-20.361586,0.72,18,0.72,0,37
10719,1,0,0.0,0.72,18,0.72,0,37
10720,1,0,0.0,0.72,18,0.72,0,37
10721,1,0,0.0,0.72,18,0.72,0,37
10722,0,-1,22.961912,0.68,17,0.68,0,37
10723,0,-1,11.091841,0.64,16,0.64,1,37
10724,0,-1,-2.5434625,0.6,15,0.6,0,37
10725,2,1,-4.2666087,0.64,16,0.64,1,37
10726,0,-1,-0.0,0.64,16,0.64,0,37
10727,2,1,-9.710413,0.68,17,0.68,0,37
10728,0,-1,-0.0,0.68,17,0.68,0,37
10729,0,-1,-0.0,0.68,17,0.68,0,37
10730,1,0,0.0,0.68,17,0.68,0,37
10731,0,-1,-0.0,0.68,17,0.68,1,37
10732,0,-1,9.670331,0.64,16,0.64,0,37
10733,0,-1,-0.0,0.64,16,0.64,0,37
10734,0,-1,-0.0,0.64,16,0.64,1,37
10735,0,-1,-0.0,0.64,16,0.64,0,37
10736,0,-1,3.5126123,0.6,15,0.6,0,37
10737,2,1,-4.8125243,0.64,16,0.64,0,37
10738,0,-1,4.8125243,0.6,15,0.6,0,37
10739,1,0,0.0,0.6,15,0.6,0,37
10740,1,0,0.0,0.6,15,0.6,0,37
10741,0,-1,-0.0,0.6,15,0.6,0,37
10742,1,0,0.0,0.6,15,0.6,0,37
10743,2,1,-2.861581,0.64,16,0.64,0,37
10744,2,1,-11.764773,0.68,17,0.68,0,37
10745,1,0,0.0,0.68,17,0.68,0,37
10746,1,0,0.0,0.68,17,0.68,0,37
10747,1,0,0.0,0.68,17,0.68,0,37
10748,0,-1,9.618974,0.64,16,0.64,0,37
10749,0,-1,0.0,0.0,0,0.0,0,37
10750,2,1,24.20528,0.2,5,0.2,0,38
10751,1,0,0.0,0.2,5,0.2,0,38
10752,2,1,-8.557883,0.24,6,0.24,0,38
10753,2,1,23.472822,0.28,7,0.28,0,38
10754,2,1,18.34702,0.32,8,0.32,0,38
10755,2,1,20.728495,0.36,9,0.36,0,38
10756,2,1,-11.6592245,0.4,10,0.4,0,38
10757,2,1,16.610834,0.44,11,0.44,0,38
10758,0,-1,-0.0,0.44,11,0.44,0,38
10759,0,-1,13.041599,0.4,10,0.4,0,38
10760,2,1,13.098712,0.44,11,0.44,0,38
10761,2,1,12.98799,0.48,12,0.48,0,38
10762,1,0,0.0,0.48,12,0.48,0,38
10763,0,-1,-0.0,0.48,12,0.48,0,38
10764,1,0,0.0,0.48,12,0.48,0,38
10765,1,0,0.0,0.48,12,0.48,0,38
10766,1,0,0.0,0.48,12,0.48,1,38
10767,2,1,7.3057528,0.52,13,0.52,0,38
10768,2,1,11.426753,0.56,14,0.56,0,38
10769,1,0,0.0,0.56,14,0.56,0,38
10770,0,-1,-3.969203,0.52,13,0.52,0,38
10771,0,-1,-0.0,0.52,13,0.52,0,38
10772,2,1,7.501362,0.56,14,0.56,0,38
10773,1,0,0.0,0.56,14,0.56,1,38
10774,0,-1,-7.513162,0.52,13,0.52,0,38
10775,2,1,5.6013837,0.56,14,0.56,0,38
10776,1,0,0.0,0.56,14,0.56,0,38
10777,0,-1,-0.0,0.56,14,0.56,0,38
10778,0,-1,-0.0,0.56,14,0.56,0,38
10779,2,1,6.0547056,0.6,15,0.6,1,38
10780,1,0,0.0,0.6,15,0.6,0,38
10781,1,0,0.0,0.6,15,0.6,0,38
10782,0,-1,-0.0,0.6,15,0.6,0,38
10783,1,0,0.0,0.6,15,0.6,0,38
10784,2,1,-4.2367773,0.64,16,0.64,0,38
10785,2,1,-15.988146,0.68,17,0.68,0,38
10786,0,-1,5.848826,0.64,16,0.64,0,38
10787,1,0,0.0,0.64,16,0.64,0,38
10788,0,-1,-0.0,0.64,16,0.64,0,38
10789,1,0,0.0,0.64,16,0.64,0,38
10790,0,-1,4.2367773,0.6,15,0.6,0,38
10791,2,1,1.0499976,0.64,16,0.64,0,38
10792,2,1,-8.108452,0.68,17,0.68,0,38
10793,0,-1,9.856455,0.64,16,0.64,0,38
10794,0,-1,-1.0499976,0.6,15,0.6,0,38
10795,2,1,-4.2367773,0.64,16,0.64,0,38
10796,0,-1,-0.46289787,0.6,15,0.6,0,38
10797,1,0,0.0,0.6,15,0.6,0,38
10798,0,-1,-0.7624461,0.56,14,0.56,0,38
10799,0,-1,-0.0,0.56,14,0.56,0,38
10800,2,1,-2.395364,0.6,15,0.6,0,38
10801,1,0,0.0,0.6,15,0.6,0,38
10802,0,-1,-0.0,0.6,15,0.6,0,38
10803,0,-1,-0.0,0.6,15,0.6,1,38
10804,0,-1,-0.0,0.6,15,0.6,0,38
10805,0,-1,-0.0,0.6,15,0.6,0,38
10806,1,0,0.0,0.6,15,0.6,0,38
10807,0,-1,-3.834741,0.56,14,0.56,0,38
10808,0,-1,-0.0,0.56,14,0.56,0,38
10809,0,-1,-0.0,0.56,14,0.56,0,38
10810,1,0,0.0,0.56,14,0.56,0,38
10811,0,-1,-11.399693,0.52,13,0.52,0,38
10812,1,0,0.0,0.52,13,0.52,1,38
10813,0,-1,-0.0,0.52,13,0.52,0,38
10814,0,-1,-4.263267,0.48,12,0.48,1,38
10815,0,-1,-0.0,0.48,12,0.48,0,38
10816,0,-1,-0.0,0.48,12,0.48,0,38
10817,2,1,7.129842,0.52,13,0.52,0,38
10818,2,1,5.3820167,0.56,14,0.56,0,38
10819,1,0,0.0,0.56,14,0.56,0,38
10820,1,0,0.0,0.56,14,0.56,0,38
10821,0,-1,-0.0,0.56,14,0.56,0,38
10822,1,0,0.0,0.56,14,0.56,0,38
10823,1,0,0.0,0.56,14,0.56,0,38
10824,1,0,0.0,0.56,14,0.56,0,38
10825,1,0,0.0,0.56,14,0.56,0,38
10826,1,0,0.0,0.56,14,0.56,0,38
10827,0,-1,-4.282435,0.52,13,0.52,0,38
10828,0,-1,-4.409824,0.48,12,0.48,0,38
10829,2,1,12.00224,0.52,13,0.52,0,38
10830,2,1,7.3735023,0.56,14,0.56,0,38
10831,1,0,0.0,0.56,14,0.56,1,38
10832,1,0,0.0,0.56,14,0.56,0,38
10833,0,-1,-4.7208643,0.52,13,0.52,0,38
10834,1,0,0.0,0.52,13,0.52,0,38
10835,2,1,4.716205,0.56,14,0.56,0,38
10836,1,0,0.0,0.56,14,0.56,0,38
10837,1,0,0.0,0.56,14,0.56,0,38
10838,0,-1,-12.579349,0.52,13,0.52,0,38
10839,1,0,0.0,0.52,13,0.52,0,38
10840,1,0,0.0,0.52,13,0.52,0,38
10841,2,1,1.5388364,0.56,14,0.56,0,38
10842,1,0,0.0,0.56,14,0.56,0,38
10843,1,0,0.0,0.56,14,0.56,0,38
10844,1,0,0.0,0.56,14,0.56,0,38
10845,0,-1,-4.716205,0.52,13,0.52,0,38
10846,1,0,0.0,0.52,13,0.52,0,38
10847,1,0,0.0,0.52,13,0.52,0,38
10848,2,1,12.579713,0.56,14,0.56,0,38
10849,1,0,0.0,0.56,14,0.56,0,38
10850,1,0,0.0,0.56,14,0.56,0,38
10851,0,-1,-6.2073007,0.52,13,0.52,0,38
10852,2,1,5.3361654,0.56,14,0.56,0,38
10853,1,0,0.0,0.56,14,0.56,0,38
10854,0,-1,-6.4180083,0.52,13,0.52,1,38
10855,0,-1,-10.994495,0.48,12,0.48,0,38
10856,1,0,0.0,0.48,12,0.48,0,38
10857,2,1,10.994469,0.52,13,0.52,0,38
10858,2,1,-0.5960364,0.56,14,0.56,0,38
10859,1,0,0.0,0.56,14,0.56,0,38
10860,1,0,0.0,0.56,14,0.56,0,38
10861,0,-1,-0.0,0.56,14,0.56,0,38
10862,0,-1,-12.573075,0.52,13,0.52,0,38
10863,1,0,0.0,0.52,13,0.52,0,38
10864,0,-1,-8.264375,0.48,12,0.48,0,38
10865,1,0,0.0,0.48,12,0.48,0,38
10866,2,1,8.231603,0.52,13,0.52,0,38
10867,1,0,0.0,0.52,13,0.52,0,38
10868,2,1,6.6077685,0.56,14,0.56,0,38
10869,0,-1,-0.0,0.56,14,0.56,0,38
10870,0,-1,-5.3841953,0.52,13,0.52,0,38
10871,1,0,0.0,0.52,13,0.52,0,38
10872,1,0,0.0,0.52,13,0.52,0,38
10873,0,-1,-2.2513707,0.48,12,0.48,0,38
10874,0,-1,-11.668009,0.44,11,0.44,0,38
10875,1,0,0.0,0.44,11,0.44,0,38
10876,0,-1,-8.922709,0.4,10,0.4,0,38
10877,2,1,12.186598,0.44,11,0.44,0,38
10878,2,1,8.620843,0.48,12,0.48,0,38
10879,2,1,9.155875,0.52,13,0.52,0,38
10880,1,0,0.0,0.52,13,0.52,0,38
10881,2,1,2.9422965,0.56,14,0.56,0,38
10882,2,1,4.4342465,0.6,15,0.6,1,38
10883,0,-1,-4.422234,0.56,14,0.56,0,38
10884,2,1,2.054633,0.6,15,0.6,0,38
10885,2,1,-5.215475,0.64,16,0.64,0,38
10886,0,-1,5.110615,0.6,15,0.6,0,38
10887,0,-1,-0.0,0.6,15,0.6,0,38
10888,1,0,0.0,0.6,15,0.6,0,38
10889,0,-1,0.21625194,0.56,14,0.56,0,38
10890,0,-1,-0.0,0.56,14,0.56,0,38
10891,2,1,0.62624234,0.6,15,0.6,0,38
10892,1,0,0.0,0.6,15,0.6,0,38
10893,2,1,-8.106565,0.64,16,0.64,0,38
10894,0,-1,-0.0,0.64,16,0.64,0,38
10895,0,-1,0.5161757,0.6,15,0.6,0,38
10896,1,0,0.0,0.6,15,0.6,0,38
10897,1,0,0.0,0.6,15,0.6,0,38
10898,2,1,3.8408124,0.64,16,0.64,0,38
10899,0,-1,-0.0,0.64,16,0.64,0,38
10900,2,1,-7.4253263,0.68,17,0.68,0,38
10901,2,1,-14.146101,0.72,18,0.72,0,38
10902,0,-1,21.151588,0.68,17,0.68,0,38
10903,0,-1,7.4253263,0.64,16,0.64,0,38
10904,0,-1,2.9445903,0.6,15,0.6,0,38
10905,0,-1,-0.0,0.6,15,0.6,0,38
10906,1,0,0.0,0.6,15,0.6,0,38
10907,0,-1,-2.648448,0.56,14,0.56,0,38
10908,1,0,0.0,0.56,14,0.56,0,38
10909,1,0,0.0,0.56,14,0.56,1,38
10910,2,1,4.852504,0.6,15,0.6,0,38
10911,0,-1,3.090384,0.56,14,0.56,0,38
10912,0,-1,-8.582303,0.52,13,0.52,0,38
10913,0,-1,-12.528459,0.48,12,0.48,0,38
10914,1,0,0.0,0.48,12,0.48,0,38
10915,1,0,0.0,0.48,12,0.48,0,38
10916,2,1,3.953407,0.52,13,0.52,0,38
10917,1,0,0.0,0.52,13,0.52,0,38
10918,2,1,9.597826,0.56,14,0.56,0,38
10919,0,-1,-0.0,0.56,14,0.56,0,38
10920,1,0,0.0,0.56,14,0.56,0,38
10921,1,0,0.0,0.56,14,0.56,0,38
10922,0,-1,-0.0,0.56,14,0.56,0,38
10923,0,-1,-0.0,0.56,14,0.56,0,38
10924,2,1,-4.6068826,0.6,15,0.6,0,38
10925,0,-1,-0.0,0.6,15,0.6,0,38
10926,0,-1,-7.6299953,0.56,14,0.56,0,38
10927,1,0,0.0,0.56,14,0.56,1,38
10928,1,0,0.0,0.56,14,0.56,0,38
10929,2,1,-3.083583,0.6,15,0.6,0,38
10930,2,1,-2.1764395,0.64,16,0.64,0,38
10931,0,-1,-3.8383088,0.6,15,0.6,0,38
10932,0,-1,-0.0,0.6,15,0.6,0,38
10933,1,0,0.0,0.6,15,0.6,0,38
10934,1,0,0.0,0.6,15,0.6,0,38
10935,1,0,0.0,0.6,15,0.6,0,38
10936,2,1,-10.328605,0.64,16,0.64,0,38
10937,2,1,0.0,0.64,16,0.64,0,38
10938,0,-1,10.328605,0.6,15,0.6,0,38
10939,1,0,0.0,0.6,15,0.6,0,38
10940,1,0,0.0,0.6,15,0.6,0,38
10941,0,-1,-0.0,0.6,15,0.6,0,38
10942,2,1,3.8383327,0.64,16,0.64,0,38
10943,1,0,0.0,0.64,16,0.64,0,38
10944,1,0,0.0,0.64,16,0.64,0,38
10945,1,0,0.0,0.64,16,0.64,0,38
10946,0,-1,9.601554,0.6,15,0.6,0,38
10947,2,1,-2.8939567,0.64,16,0.64,0,38
10948,0,-1,2.1764395,0.6,15,0.6,1,38
10949,1,0,0.0,0.6,15,0.6,0,38
10950,0,-1,-2.12188,0.56,14,0.56,0,38
10951,1,0,0.0,0.56,14,0.56,0,38
10952,0,-1,-1.1174163,0.52,13,0.52,0,38
10953,2,1,5.8369327,0.56,14,0.56,0,38
10954,0,-1,-0.0,0.56,14,0.56,0,38
10955,1,0,0.0,0.56,14,0.56,0,38
10956,1,0,0.0,0.56,14,0.56,0,38
10957,1,0,0.0,0.56,14,0.56,0,38
10958,2,1,-5.009654,0.6,15,0.6,0,38
10959,1,0,0.0,0.6,15,0.6,0,38
10960,1,0,0.0,0.6,15,0.6,0,38
10961,2,1,-0.54627806,0.64,16,0.64,0,38
10962,2,1,-6.856272,0.68,17,0.68,0,38
10963,1,0,0.0,0.68,17,0.68,0,38
10964,0,-1,9.790914,0.64,16,0.64,0,38
10965,1,0,0.0,0.64,16,0.64,0,38
10966,0,-1,-3.8366609,0.6,15,0.6,0,38
10967,0,-1,-5.0417757,0.56,14,0.56,0,38
10968,0,-1,1.2798553,0.52,13,0.52,0,38
10969,0,-1,-0.0,0.52,13,0.52,0,38
10970,0,-1,-0.0,0.52,13,0.52,0,38
10971,2,1,6.5487833,0.56,14,0.56,0,38
10972,0,-1,-0.6613104,0.52,13,0.52,0,38
10973,0,-1,-0.0,0.52,13,0.52,0,38
10974,1,0,0.0,0.52,13,0.52,0,38
10975,2,1,8.771575,0.56,14,0.56,0,38
10976,0,-1,-6.5487833,0.52,13,0.52,0,38
10977,0,-1,-0.0,0.52,13,0.52,0,38
10978,1,0,0.0,0.52,13,0.52,1,38
10979,0,-1,-11.069917,0.48,12,0.48,0,38
10980,1,0,0.0,0.48,12,0.48,0,38
10981,0,-1,-0.0,0.48,12,0.48,0,38
10982,1,0,0.0,0.48,12,0.48,0,38
10983,2,1,9.867116,0.52,13,0.52,0,38
10984,2,1,3.4998415,0.56,14,0.56,0,38
10985,2,1,-3.0437708,0.6,15,0.6,0,38
10986,0,-1,-3.2899098,0.56,14,0.56,0,38
10987,0,-1,-3.4998415,0.52,13,0.52,0,38
10988,2,1,8.162772,0.56,14,0.56,0,38
10989,1,0,0.0,0.56,14,0.56,0,38
10990,0,-1,-8.777726,0.52,13,0.52,0,38
10991,0,-1,-0.0,0.52,13,0.52,0,38
10992,0,-1,-0.0,0.52,13,0.52,0,38
10993,1,0,0.0,0.52,13,0.52,0,38
10994,1,0,0.0,0.52,13,0.52,0,38
10995,1,0,0.0,0.52,13,0.52,0,38
10996,0,-1,-3.533435,0.48,12,0.48,0,38
10997,0,-1,-0.0,0.48,12,0.48,0,38
10998,1,0,0.0,0.48,12,0.48,0,38
10999,0,-1,-0.0,0.48,12,0.48,0,38
11000,2,1,3.533435,0.52,13,0.52,0,38
11001,2,1,-1.2666144,0.56,14,0.56,0,38
11002,0,-1,1.2666144,0.52,13,0.52,0,38
11003,1,0,0.0,0.52,13,0.52,0,38
11004,1,0,0.0,0.52,13,0.52,0,38
11005,2,1,6.540032,0.56,14,0.56,0,38
11006,2,1,2.1318748,0.6,15,0.6,0,38
11007,0,-1,-0.0,0.6,15,0.6,1,38
11008,1,0,0.0,0.6,15,0.6,0,38
11009,2,1,0.05015075,0.64,16,0.64,0,38
11010,0,-1,-0.0,0.64,16,0.64,0,38
11011,2,1,-7.3887258,0.68,17,0.68,0,38
11012,0,-1,7.462706,0.64,16,0.64,0,38
11013,1,0,0.0,0.64,16,0.64,0,38
11014,0,-1,-0.05015075,0.6,15,0.6,0,38
11015,1,0,0.0,0.6,15,0.6,0,38
11016,0,-1,-0.0,0.6,15,0.6,0,38
11017,2,1,0.05015075,0.64,16,0.64,0,38
11018,1,0,0.0,0.64,16,0.64,0,38
11019,0,-1,0.4899011,0.6,15,0.6,0,38
11020,1,0,0.0,0.6,15,0.6,0,38
11021,1,0,0.0,0.6,15,0.6,0,38
11022,2,1,-0.5639442,0.64,16,0.64,0,38
11023,0,-1,8.028523,0.6,15,0.6,1,38
11024,2,1,-2.2738867,0.64,16,0.64,0,38
11025,2,1,-12.557679,0.68,17,0.68,0,38
11026,0,-1,12.557679,0.64,16,0.64,0,38
11027,1,0,0.0,0.64,16,0.64,0,38
11028,0,-1,2.7956834,0.6,15,0.6,0,38
11029,0,-1,-2.7253366,0.56,14,0.56,0,38
11030,0,-1,-8.169731,0.52,13,0.52,0,38
11031,2,1,4.94207,0.56,14,0.56,0,38
11032,2,1,0.8055258,0.6,15,0.6,0,38
11033,1,0,0.0,0.6,15,0.6,0,38
11034,2,1,-5.2726316,0.64,16,0.64,0,38
11035,2,1,-3.070453,0.68,17,0.68,0,38
11036,0,-1,12.590538,0.64,16,0.64,0,38
11037,0,-1,-0.056380954,0.6,15,0.6,0,38
11038,1,0,0.0,0.6,15,0.6,0,38
11039,0,-1,-0.0,0.6,15,0.6,0,38
11040,1,0,0.0,0.6,15,0.6,0,38
11041,0,-1,-0.0,0.6,15,0.6,0,38
11042,0,-1,-0.0,0.6,15,0.6,0,38
11043,2,1,0.05522877,0.64,16,0.64,0,38
11044,1,0,0.0,0.64,16,0.64,0,38
11045,1,0,0.0,0.64,16,0.64,0,38
11046,1,0,0.0,0.64,16,0.64,0,38
11047,0,-1,-0.05522877,0.6,15,0.6,0,38
11048,1,0,0.0,0.6,15,0.6,0,38
11049,0,-1,0.0,0.0,0,0.0,0,38
11050,2,1,-8.281979,0.2,5,0.2,0,39
11051,2,1,23.947102,0.24,6,0.24,0,39
11052,2,1,-9.0328045,0.28,7,0.28,0,39
11053,2,1,21.593521,0.32,8,0.32,0,39
11054,2,1,19.091497,0.36,9,0.36,0,39
11055,2,1,16.383705,0.4,10,0.4,0,39
11056,2,1,13.098712,0.44,11,0.44,0,39
11057,2,1,17.70414,0.48,12,0.48,0,39
11058,2,1,7.215135,0.52,13,0.52,1,39
11059,1,0,0.0,0.52,13,0.52,0,39
11060,2,1,-2.3322265,0.56,14,0.56,0,39
11061,0,-1,-4.34958,0.52,13,0.52,0,39
11062,2,1,7.7961636,0.56,14,0.56,0,39
11063,2,1,1.8847562,0.6,15,0.6,0,39
11064,0,-1,-0.0,0.6,15,0.6,0,39
11065,1,0,0.0,0.6,15,0.6,0,39
11066,2,1,-3.4218764,0.64,16,0.64,0,39
11067,2,1,-11.712043,0.68,17,0.68,0,39
11068,1,0,0.0,0.68,17,0.68,0,39
11069,0,-1,-0.0,0.68,17,0.68,0,39
11070,0,-1,9.305655,0.64,16,0.64,0,39
11071,2,1,-12.947393,0.68,17,0.68,0,39
11072,0,-1,11.712043,0.64,16,0.64,0,39
11073,0,-1,-3.9022677,0.6,15,0.6,0,39
11074,1,0,0.0,0.6,15,0.6,0,39
11075,0,-1,-0.0,0.6,15,0.6,0,39
11076,0,-1,1.0493454,0.56,14,0.56,0,39
11077,0,-1,-5.3071456,0.52,13,0.52,0,39
11078,1,0,0.0,0.52,13,0.52,0,39
11079,2,1,2.64135,0.56,14,0.56,0,39
11080,2,1,-8.172047,0.6,15,0.6,0,39
11081,0,-1,-4.4535856,0.56,14,0.56,0,39
11082,2,1,3.7620037,0.6,15,0.6,0,39
11083,2,1,-20.819475,0.64,16,0.64,0,39
11084,2,1,-2.9965453,0.68,17,0.68,1,39
11085,1,0,0.0,0.68,17,0.68,0,39
11086,0,-1,-0.0,0.68,17,0.68,0,39
11087,0,-1,20.055447,0.64,16,0.64,0,39
11088,0,-1,5.9991603,0.6,15,0.6,0,39
11089,0,-1,-0.0,0.6,15,0.6,0,39
11090,0,-1,-1.9072887,0.56,14,0.56,0,39
11091,2,1,7.6935825,0.6,15,0.6,0,39
11092,1,0,0.0,0.6,15,0.6,0,39
11093,0,-1,-0.0,0.6,15,0.6,1,39
11094,1,0,0.0,0.6,15,0.6,0,39
11095,0,-1,-0.0,0.6,15,0.6,0,39
11096,0,-1,11.429981,0.56,14,0.56,0,39
11097,0,-1,-0.0,0.56,14,0.56,0,39
11098,1,0,0.0,0.56,14,0.56,0,39
11099,2,1,4.4329734,0.6,15,0.6,0,39
11100,2,1,-3.1630788,0.64,16,0.64,0,39
11101,0,-1,-0.0,0.64,16,0.64,0,39
11102,0,-1,1.2293398,0.6,15,0.6,1,39
11103,2,1,-4.087122,0.64,16,0.64,0,39
11104,0,-1,4.087122,0.6,15,0.6,0,39
11105,0,-1,-1.9421864,0.56,14,0.56,0,39
11106,0,-1,-0.0,0.56,14,0.56,0,39
11107,2,1,2.950961,0.6,15,0.6,0,39
11108,2,1,-0.018360242,0.64,16,0.64,0,39
11109,2,1,-8.662987,0.68,17,0.68,0,39
11110,1,0,0.0,0.68,17,0.68,0,39
11111,1,0,0.0,0.68,17,0.68,0,39
11112,0,-1,-0.0,0.68,17,0.68,0,39
11113,0,-1,-0.0,0.68,17,0.68,0,39
11114,2,1,-19.142134,0.72,18,0.72,0,39
11115,0,-1,18.82687,0.68,17,0.68,1,39
11116,1,0,0.0,0.68,17,0.68,0,39
11117,0,-1,13.304107,0.64,16,0.64,0,39
11118,2,1,-10.898238,0.68,17,0.68,0,39
11119,0,-1,10.898238,0.64,16,0.64,0,39
11120,0,-1,1.7419115,0.6,15,0.6,0,39
11121,2,1,-2.842718,0.64,16,0.64,0,39
11122,2,1,-7.279901,0.68,17,0.68,0,39
11123,0,-1,4.2384076,0.64,16,0.64,0,39
11124,0,-1,6.1210346,0.6,15,0.6,0,39
11125,0,-1,-0.0,0.6,15,0.6,0,39
11126,2,1,2.6603856,0.64,16,0.64,0,39
11127,2,1,-9.439475,0.68,17,0.68,0,39
11128,0,-1,-0.0,0.68,17,0.68,1,39
11129,0,-1,9.226934,0.64,16,0.64,0,39
11130,2,1,-10.973291,0.68,17,0.68,0,39
11131,1,0,0.0,0.68,17,0.68,0,39
11132,2,1,-15.747966,0.72,18,0.72,0,39
11133,0,-1,15.747966,0.68,17,0.68,0,39
11134,0,-1,7.186308,0.64,16,0.64,0,39
11135,2,1,-13.88575,0.68,17,0.68,0,39
11136,0,-1,4.245297,0.64,16,0.64,0,39
11137,0,-1,-0.0,0.64,16,0.64,0,39
11138,0,-1,-3.8602757,0.6,15,0.6,1,39
11139,0,-1,-2.4785695,0.56,14,0.56,0,39
11140,2,1,-0.12950441,0.6,15,0.6,0,39
11141,0,-1,-0.0,0.6,15,0.6,0,39
11142,0,-1,-0.0,0.6,15,0.6,0,39
11143,1,0,0.0,0.6,15,0.6,0,39
11144,1,0,0.0,0.6,15,0.6,0,39
11145,2,1,-0.31891137,0.64,16,0.64,0,39
11146,2,1,-8.542383,0.68,17,0.68,0,39
11147,0,-1,12.027553,0.64,16,0.64,0,39
11148,0,-1,-0.0,0.64,16,0.64,0,39
11149,0,-1,-0.017941933,0.6,15,0.6,0,39
11150,0,-1,-1.2196822,0.56,14,0.56,0,39
11151,0,-1,-0.0,0.56,14,0.56,0,39
11152,0,-1,-6.3715386,0.52,13,0.52,0,39
11153,0,-1,-10.9734955,0.48,12,0.48,0,39
11154,0,-1,-0.0,0.48,12,0.48,0,39
11155,2,1,11.592423,0.52,13,0.52,0,39
11156,2,1,6.1345706,0.56,14,0.56,0,39
11157,1,0,0.0,0.56,14,0.56,0,39
11158,0,-1,-2.079898,0.52,13,0.52,0,39
11159,2,1,5.4845986,0.56,14,0.56,0,39
11160,1,0,0.0,0.56,14,0.56,0,39
11161,0,-1,-0.0,0.56,14,0.56,0,39
11162,1,0,0.0,0.56,14,0.56,0,39
11163,2,1,1.3150891,0.6,15,0.6,0,39
11164,1,0,0.0,0.6,15,0.6,0,39
11165,0,-1,-1.3150891,0.56,14,0.56,1,39
11166,2,1,0.46658146,0.6,15,0.6,0,39
11167,0,-1,-5.017875,0.56,14,0.56,0,39
11168,0,-1,-6.2030544,0.52,13,0.52,0,39
11169,1,0,0.0,0.52,13,0.52,0,39
11170,2,1,8.128873,0.56,14,0.56,0,39
11171,1,0,0.0,0.56,14,0.56,0,39
11172,2,1,3.8294194,0.6,15,0.6,0,39
11173,0,-1,-3.1118674,0.56,14,0.56,0,39
11174,2,1,8.85484,0.6,15,0.6,0,39
11175,0,-1,-4.3990746,0.56,14,0.56,0,39
11176,2,1,7.6474104,0.6,15,0.6,0,39
11177,2,1,-3.1105456,0.64,16,0.64,0,39
11178,0,-1,3.1105456,0.6,15,0.6,0,39
11179,0,-1,-0.0,0.6,15,0.6,0,39
11180,1,0,0.0,0.6,15,0.6,0,39
11181,0,-1,-3.8294194,0.56,14,0.56,0,39
11182,2,1,5.0176673,0.6,15,0.6,0,39
11183,0,-1,-0.0,0.6,15,0.6,0,39
11184,2,1,-2.5642297,0.64,16,0.64,1,39
11185,1,0,0.0,0.64,16,0.64,0,39
11186,0,-1,4.2671075,0.6,15,0.6,0,39
11187,1,0,0.0,0.6,15,0.6,0,39
11188,1,0,0.0,0.6,15,0.6,0,39
11189,0,-1,-0.0,0.6,15,0.6,0,39
11190,0,-1,-0.0,0.6,15,0.6,0,39
11191,1,0,0.0,0.6,15,0.6,0,39
11192,1,0,0.0,0.6,15,0.6,0,39
11193,1,0,0.0,0.6,15,0.6,0,39
11194,1,0,0.0,0.6,15,0.6,0,39
11195,1,0,0.0,0.6,15,0.6,1,39
11196,0,-1,-0.0,0.6,15,0.6,0,39
11197,2,1,-1.7281171,0.64,16,0.64,0,39
11198,0,-1,2.50689,0.6,15,0.6,0,39
11199,2,1,-3.9805012,0.64,16,0.64,0,39
11200,1,0,0.0,0.64,16,0.64,0,39
11201,0,-1,-0.0,0.64,16,0.64,0,39
11202,0,-1,-0.0,0.64,16,0.64,0,39
11203,0,-1,-2.6456053,0.6,15,0.6,0,39
11204,1,0,0.0,0.6,15,0.6,0,39
11205,1,0,0.0,0.6,15,0.6,0,39
11206,0,-1,-2.2644608,0.56,14,0.56,0,39
11207,0,-1,-0.0,0.56,14,0.56,0,39
11208,0,-1,-4.7485213,0.52,13,0.52,0,39
11209,2,1,7.5646954,0.56,14,0.56,0,39
11210,2,1,1.9956725,0.6,15,0.6,0,39
11211,2,1,-3.6559417,0.64,16,0.64,0,39
11212,0,-1,-0.0,0.64,16,0.64,0,39
11213,2,1,-11.322675,0.68,17,0.68,0,39
11214,0,-1,-0.0,0.68,17,0.68,0,39
11215,1,0,0.0,0.68,17,0.68,1,39
11216,2,1,-19.29558,0.72,18,0.72,0,39
11217,0,-1,19.29558,0.68,17,0.68,0,39
11218,0,-1,9.786774,0.64,16,0.64,0,39
11219,0,-1,-0.0,0.64,16,0.64,0,39
11220,0,-1,-0.0,0.64,16,0.64,0,39
11221,0,-1,-0.0,0.64,16,0.64,0,39
11222,0,-1,4.4056244,0.6,15,0.6,0,39
11223,0,-1,-3.8421,0.56,14,0.56,0,39
11224,2,1,1.0208865,0.6,15,0.6,0,39
11225,2,1,-3.672391,0.64,16,0.64,0,39
11226,1,0,0.0,0.64,16,0.64,0,39
11227,0,-1,3.9783368,0.6,15,0.6,0,39
11228,0,-1,-0.0,0.6,15,0.6,0,39
11229,0,-1,-0.0,0.6,15,0.6,0,39
11230,1,0,0.0,0.6,15,0.6,0,39
11231,1,0,0.0,0.6,15,0.6,0,39
11232,0,-1,-0.0,0.6,15,0.6,0,39
11233,0,-1,-0.0,0.6,15,0.6,0,39
11234,0,-1,-0.0,0.6,15,0.6,0,39
11235,2,1,-4.4728074,0.64,16,0.64,0,39
11236,1,0,0.0,0.64,16,0.64,0,39
11237,0,-1,-0.0,0.64,16,0.64,0,39
11238,0,-1,3.672391,0.6,15,0.6,0,39
11239,2,1,-5.6424356,0.64,16,0.64,0,39
11240,2,1,-9.415797,0.68,17,0.68,1,39
11241,1,0,0.0,0.68,17,0.68,0,39
11242,0,-1,12.500484,0.64,16,0.64,0,39
11243,0,-1,-3.8498344,0.6,15,0.6,0,39
11244,1,0,0.0,0.6,15,0.6,0,39
11245,0,-1,-1.3621618,0.56,14,0.56,0,39
11246,2,1,1.0079467,0.6,15,0.6,0,39
11247,0,-1,-0.0,0.6,15,0.6,0,39
11248,0,-1,-0.0,0.6,15,0.6,0,39
11249,0,-1,-0.0,0.6,15,0.6,0,39
11250,0,-1,-0.0,0.6,15,0.6,0,39
11251,2,1,-7.0057235,0.64,16,0.64,0,39
11252,0,-1,-0.0,0.64,16,0.64,0,39
11253,0,-1,3.9912767,0.6,15,0.6,1,39
11254,1,0,0.0,0.6,15,0.6,0,39
11255,0,-1,-0.0,0.6,15,0.6,0,39
11256,0,-1,1.9024805,0.56,14,0.56,0,39
11257,1,0,0.0,0.56,14,0.56,0,39
11258,0,-1,-7.0089703,0.52,13,0.52,0,39
11259,0,-1,-0.0,0.52,13,0.52,0,39
11260,2,1,1.7932333,0.56,14,0.56,0,39
11261,1,0,0.0,0.56,14,0.56,0,39
11262,0,-1,-8.757909,0.52,13,0.52,0,39
11263,1,0,0.0,0.52,13,0.52,0,39
11264,2,1,2.71352,0.56,14,0.56,0,39
11265,2,1,1.7937381,0.6,15,0.6,0,39
11266,1,0,0.0,0.6,15,0.6,0,39
11267,0,-1,-1.7937381,0.56,14,0.56,0,39
11268,2,1,0.0,0.56,14,0.56,0,39
11269,0,-1,-2.71352,0.52,13,0.52,0,39
11270,0,-1,-0.0,0.52,13,0.52,0,39
11271,0,-1,-0.0,0.52,13,0.52,0,39
11272,2,1,8.139667,0.56,14,0.56,0,39
11273,2,1,8.848285,0.6,15,0.6,0,39
11274,0,-1,-4.409868,0.56,14,0.56,0,39
11275,0,-1,-1.7932333,0.52,13,0.52,1,39
11276,1,0,0.0,0.52,13,0.52,0,39
11277,2,1,3.5841868,0.56,14,0.56,0,39
11278,1,0,0.0,0.56,14,0.56,0,39
11279,2,1,-1.8379877,0.6,15,0.6,0,39
11280,1,0,0.0,0.6,15,0.6,0,39
11281,1,0,0.0,0.6,15,0.6,0,39
11282,2,1,2.6395135,0.64,16,0.64,0,39
11283,2,1,-5.879946,0.68,17,0.68,0,39
11284,1,0,0.0,0.68,17,0.68,0,39
11285,2,1,-19.623196,0.72,18,0.72,0,39
11286,0,-1,21.923443,0.68,17,0.68,0,39
11287,0,-1,-0.0,0.68,17,0.68,0,39
11288,2,1,0.0,0.68,17,0.68,0,39
11289,0,-1,-0.0,0.68,17,0.68,0,39
11290,0,-1,-0.0,0.68,17,0.68,0,39
11291,1,0,0.0,0.68,17,0.68,0,39
11292,0,-1,-0.0,0.68,17,0.68,0,39
11293,0,-1,-0.0,0.68,17,0.68,0,39
11294,0,-1,-0.0,0.68,17,0.68,0,39
11295,1,0,0.0,0.68,17,0.68,0,39
11296,0,-1,13.736035,0.64,16,0.64,0,39
11297,2,1,-10.551795,0.68,17,0.68,0,39
11298,2,1,-17.633871,0.72,18,0.72,0,39
11299,0,-1,17.633871,0.68,17,0.68,0,39
11300,0,-1,-0.0,0.68,17,0.68,0,39
11301,2,1,-22.84449,0.72,18,0.72,0,39
11302,1,0,0.0,0.72,18,0.72,0,39
11303,0,-1,19.260927,0.68,17,0.68,1,39
11304,2,1,-19.960054,0.72,18,0.72,0,39
11305,0,-1,20.736723,0.68,17,0.68,0,39
11306,0,-1,-0.0,0.68,17,0.68,0,39
11307,0,-1,12.98235,0.64,16,0.64,0,39
11308,2,1,-8.0509405,0.68,17,0.68,0,39
11309,1,0,0.0,0.68,17,0.68,0,39
11310,1,0,0.0,0.68,17,0.68,0,39
11311,2,1,-19.280153,0.72,18,0.72,0,39
11312,1,0,0.0,0.72,18,0.72,0,39
11313,1,0,0.0,0.72,18,0.72,0,39
11314,0,-1,-0.0,0.72,18,0.72,0,39
11315,0,-1,17.930723,0.68,17,0.68,0,39
11316,0,-1,-0.0,0.68,17,0.68,0,39
11317,2,1,-18.086714,0.72,18,0.72,0,39
11318,0,-1,-0.0,0.72,18,0.72,0,39
11319,0,-1,-0.0,0.72,18,0.72,0,39
11320,0,-1,19.960054,0.68,17,0.68,0,39
11321,0,-1,-0.0,0.68,17,0.68,0,39
11322,0,-1,-0.0,0.68,17,0.68,0,39
11323,0,-1,-0.0,0.68,17,0.68,0,39
11324,0,-1,8.206931,0.64,16,0.64,0,39
11325,0,-1,-0.0,0.64,16,0.64,1,39
11326,0,-1,-0.0,0.64,16,0.64,0,39
11327,0,-1,-0.0,0.64,16,0.64,0,39
11328,0,-1,-1.014694,0.6,15,0.6,0,39
11329,1,0,0.0,0.6,15,0.6,0,39
11330,0,-1,-3.5785623,0.56,14,0.56,0,39
11331,1,0,0.0,0.56,14,0.56,0,39
11332,0,-1,-6.1744475,0.52,13,0.52,0,39
11333,2,1,7.5804167,0.56,14,0.56,0,39
11334,2,1,1.9306263,0.6,15,0.6,0,39
11335,2,1,1.0146939,0.64,16,0.64,0,39
11336,0,-1,-1.0146939,0.6,15,0.6,0,39
11337,0,-1,-0.0,0.6,15,0.6,0,39
11338,1,0,0.0,0.6,15,0.6,1,39
11339,0,-1,-0.0,0.6,15,0.6,0,39
11340,1,0,0.0,0.6,15,0.6,0,39
11341,0,-1,-2.5392964,0.56,14,0.56,0,39
11342,1,0,0.0,0.56,14,0.56,0,39
11343,2,1,3.3776505,0.6,15,0.6,0,39
11344,1,0,0.0,0.6,15,0.6,0,39
11345,2,1,-5.2693477,0.64,16,0.64,0,39
11346,0,-1,-2.6308575,0.6,15,0.6,0,39
11347,0,-1,-0.0,0.6,15,0.6,0,39
11348,2,1,-5.0516534,0.64,16,0.64,0,39
11349,0,-1,0.0,0.0,0,0.0,0,39
11350,2,1,24.20528,0.2,5,0.2,0,40
11351,1,0,0.0,0.2,5,0.2,0,40
11352,2,1,-8.557883,0.24,6,0.24,0,40
11353,2,1,-9.0328045,0.28,7,0.28,0,40
11354,2,1,-9.69535,0.32,8,0.32,0,40
11355,2,1,-10.560962,0.36,9,0.36,0,40
11356,1,0,0.0,0.36,9,0.36,0,40
11357,2,1,-11.659249,0.4,10,0.4,0,40
11358,2,1,19.464027,0.44,11,0.44,0,40
11359,2,1,13.473296,0.48,12,0.48,0,40
11360,1,0,0.0,0.48,12,0.48,0,40
11361,0,-1,14.7832,0.44,11,0.44,0,40
11362,0,-1,-0.0,0.44,11,0.44,0,40
11363,0,-1,13.041624,0.4,10,0.4,0,40
11364,2,1,15.00133,0.44,11,0.44,0,40
11365,1,0,0.0,0.44,11,0.44,0,40
11366,2,1,11.7775135,0.48,12,0.48,0,40
11367,2,1,9.612425,0.52,13,0.52,0,40
11368,0,-1,-9.56468,0.48,12,0.48,0,40
11369,2,1,-16.99646,0.52,13,0.52,0,40
11370,0,-1,16.99662,0.48,12,0.48,0,40
11371,2,1,14.292836,0.52,13,0.52,0,40
11372,2,1,11.440146,0.56,14,0.56,0,40
11373,0,-1,19.843866,0.52,13,0.52,0,40
11374,1,0,0.0,0.52,13,0.52,0,40
11375,2,1,9.808432,0.56,14,0.56,0,40
11376,0,-1,-6.7650185,0.52,13,0.52,0,40
11377,0,-1,-11.260463,0.48,12,0.48,1,40
11378,2,1,2.4844632,0.52,13,0.52,0,40
11379,1,0,0.0,0.52,13,0.52,0,40
11380,0,-1,-0.0,0.52,13,0.52,0,40
11381,0,-1,-11.014399,0.48,12,0.48,0,40
11382,1,0,0.0,0.48,12,0.48,0,40
11383,1,0,0.0,0.48,12,0.48,0,40
11384,2,1,-1.3896395,0.52,13,0.52,0,40
11385,0,-1,1.3896395,0.48,12,0.48,0,40
11386,2,1,11.543044,0.52,13,0.52,0,40
11387,1,0,0.0,0.52,13,0.52,0,40
11388,1,0,0.0,0.52,13,0.52,0,40
11389,2,1,-1.7415646,0.56,14,0.56,0,40
11390,2,1,-7.9668455,0.6,15,0.6,0,40
11391,0,-1,-0.0,0.6,15,0.6,0,40
11392,0,-1,-6.2735734,0.56,14,0.56,0,40
11393,1,0,0.0,0.56,14,0.56,0,40
11394,1,0,0.0,0.56,14,0.56,0,40
11395,2,1,4.8831987,0.6,15,0.6,0,40
11396,1,0,0.0,0.6,15,0.6,0,40
11397,0,-1,-0.0,0.6,15,0.6,1,40
11398,2,1,-1.8694496,0.64,16,0.64,0,40
11399,1,0,0.0,0.64,16,0.64,0,40
11400,2,1,-7.1432676,0.68,17,0.68,0,40
11401,1,0,0.0,0.68,17,0.68,0,40
11402,0,-1,8.768274,0.64,16,0.64,0,40
11403,0,-1,6.9917903,0.6,15,0.6,0,40
11404,1,0,0.0,0.6,15,0.6,0,40
11405,1,0,0.0,0.6,15,0.6,0,40
11406,0,-1,-4.984433,0.56,14,0.56,0,40
11407,2,1,-2.875871,0.6,15,0.6,1,40
11408,0,-1,1.5064876,0.56,14,0.56,0,40
11409,0,-1,-0.0,0.56,14,0.56,0,40
11410,0,-1,-8.550601,0.52,13,0.52,0,40
11411,2,1,6.8228517,0.56,14,0.56,0,40
11412,2,1,4.8202577,0.6,15,0.6,0,40
11413,0,-1,0.782408,0.56,14,0.56,0,40
11414,0,-1,-0.0,0.56,14,0.56,0,40
11415,1,0,0.0,0.56,14,0.56,1,40
11416,0,-1,-0.0,0.56,14,0.56,0,40
11417,2,1,6.584165,0.6,15,0.6,1,40
11418,1,0,0.0,0.6,15,0.6,0,40
11419,0,-1,-0.0,0.6,15,0.6,0,40
11420,0,-1,-7.061634,0.56,14,0.56,0,40
11421,2,1,-0.3848165,0.6,15,0.6,0,40
11422,0,-1,-3.471678,0.56,14,0.56,0,40
11423,1,0,0.0,0.56,14,0.56,0,40
11424,1,0,0.0,0.56,14,0.56,0,40
11425,0,-1,-0.0,0.56,14,0.56,0,40
11426,1,0,0.0,0.56,14,0.56,0,40
11427,0,-1,-3.3449824,0.52,13,0.52,0,40
11428,0,-1,-3.974144,0.48,12,0.48,0,40
11429,0,-1,-13.525456,0.44,11,0.44,0,40
11430,2,1,13.788035,0.48,12,0.48,0,40
11431,2,1,12.553681,0.52,13,0.52,0,40
11432,2,1,3.3449824,0.56,14,0.56,0,40
11433,0,-1,-9.706275,0.52,13,0.52,0,40
11434,1,0,0.0,0.52,13,0.52,0,40
11435,1,0,0.0,0.52,13,0.52,0,40
11436,0,-1,-6.1923895,0.48,12,0.48,0,40
11437,1,0,0.0,0.48,12,0.48,0,40
11438,1,0,0.0,0.48,12,0.48,0,40
11439,2,1,12.553681,0.52,13,0.52,0,40
11440,2,1,7.8365026,0.56,14,0.56,0,40
11441,1,0,0.0,0.56,14,0.56,0,40
11442,0,-1,-4.551603,0.52,13,0.52,0,40
11443,1,0,0.0,0.52,13,0.52,1,40
11444,2,1,3.7562566,0.56,14,0.56,0,40
11445,2,1,4.7122617,0.6,15,0.6,0,40
11446,0,-1,-0.0,0.6,15,0.6,0,40
11447,1,0,0.0,0.6,15,0.6,0,40
11448,0,-1,-4.0964203,0.56,14,0.56,0,40
11449,0,-1,-0.0,0.56,14,0.56,0,40
11450,1,0,0.0,0.56,14,0.56,0,40
11451,0,-1,-9.694887,0.52,13,0.52,0,40
11452,0,-1,-0.0,0.52,13,0.52,1,40
11453,2,1,9.671796,0.56,14,0.56,0,40
11454,1,0,0.0,0.56,14,0.56,0,40
11455,0,-1,-0.0,0.56,14,0.56,0,40
11456,1,0,0.0,0.56,14,0.56,0,40
11457,0,-1,-8.679888,0.52,13,0.52,0,40
11458,1,0,0.0,0.52,13,0.52,0,40
11459,2,1,7.8054657,0.56,14,0.56,0,40
11460,0,-1,-7.8054657,0.52,13,0.52,0,40
11461,2,1,7.2410183,0.56,14,0.56,0,40
11462,2,1,1.998234,0.6,15,0.6,0,40
11463,0,-1,-0.0,0.6,15,0.6,0,40
11464,0,-1,-5.9419966,0.56,14,0.56,0,40
11465,2,1,1.1567798,0.6,15,0.6,0,40
11466,0,-1,-0.0,0.6,15,0.6,0,40
11467,0,-1,-0.0,0.6,15,0.6,0,40
11468,2,1,-5.803792,0.64,16,0.64,0,40
11469,1,0,0.0,0.64,16,0.64,0,40
11470,1,0,0.0,0.64,16,0.64,0,40
11471,0,-1,-0.0,0.64,16,0.64,0,40
11472,1,0,0.0,0.64,16,0.64,0,40
11473,0,-1,0.3307273,0.6,15,0.6,0,40
11474,0,-1,-0.6328958,0.56,14,0.56,0,40
11475,0,-1,-2.9252303,0.52,13,0.52,0,40
11476,2,1,10.958476,0.56,14,0.56,0,40
11477,0,-1,-8.350228,0.52,13,0.52,1,40
11478,1,0,0.0,0.52,13,0.52,0,40
11479,0,-1,-7.6746416,0.48,12,0.48,0,40
11480,2,1,6.000512,0.52,13,0.52,0,40
11481,0,-1,-0.0,0.52,13,0.52,0,40
11482,2,1,6.4873624,0.56,14,0.56,0,40
11483,1,0,0.0,0.56,14,0.56,0,40
11484,1,0,0.0,0.56,14,0.56,0,40
11485,1,0,0.0,0.56,14,0.56,0,40
11486,0,-1,-11.265835,0.52,13,0.52,0,40
11487,0,-1,-0.0,0.52,13,0.52,0,40
11488,2,1,1.5580305,0.56,14,0.56,0,40
11489,1,0,0.0,0.56,14,0.56,0,40
11490,0,-1,-0.0,0.56,14,0.56,0,40
11491,1,0,0.0,0.56,14,0.56,0,40
11492,2,1,-1.5271436,0.6,15,0.6,0,40
11493,0,-1,2.1717684,0.56,14,0.56,0,40
11494,1,0,0.0,0.56,14,0.56,0,40
11495,0,-1,-2.2026553,0.52,13,0.52,0,40
11496,0,-1,-0.0,0.52,13,0.52,0,40
11497,1,0,0.0,0.52,13,0.52,0,40
11498,0,-1,-0.0,0.52,13,0.52,0,40
11499,0,-1,-0.0,0.52,13,0.52,0,40
11500,1,0,0.0,0.52,13,0.52,0,40
11501,1,0,0.0,0.52,13,0.52,0,40
11502,2,1,9.488787,0.56,14,0.56,0,40
11503,1,0,0.0,0.56,14,0.56,0,40
11504,0,-1,-0.0,0.56,14,0.56,0,40
11505,2,1,4.7911544,0.6,15,0.6,0,40
11506,1,0,0.0,0.6,15,0.6,1,40
11507,2,1,-0.47708276,0.64,16,0.64,0,40
11508,1,0,0.0,0.64,16,0.64,0,40
11509,1,0,0.0,0.64,16,0.64,0,40
11510,2,1,-4.36591,0.68,17,0.68,0,40
11511,0,-1,7.3759074,0.64,16,0.64,0,40
11512,2,1,-10.678571,0.68,17,0.68,0,40
11513,0,-1,-0.0,0.68,17,0.68,0,40
11514,0,-1,12.432309,0.64,16,0.64,0,40
11515,0,-1,-0.0,0.64,16,0.64,0,40
11516,1,0,0.0,0.64,16,0.64,0,40
11517,0,-1,-0.0,0.64,16,0.64,0,40
11518,2,1,-9.702971,0.68,17,0.68,0,40
11519,2,1,-15.844709,0.72,18,0.72,0,40
11520,0,-1,20.558353,0.68,17,0.68,0,40
11521,0,-1,-0.0,0.68,17,0.68,0,40
11522,0,-1,9.194735,0.64,16,0.64,0,40
11523,1,0,0.0,0.64,16,0.64,0,40
11524,1,0,0.0,0.64,16,0.64,0,40
11525,0,-1,1.1898096,0.6,15,0.6,0,40
11526,1,0,0.0,0.6,15,0.6,0,40
11527,2,1,-1.8827727,0.64,16,0.64,1,40
11528,0,-1,-0.0,0.64,16,0.64,0,40
11529,1,0,0.0,0.64,16,0.64,0,40
11530,1,0,0.0,0.64,16,0.64,0,40
11531,2,1,-7.4994154,0.68,17,0.68,0,40
11532,0,-1,5.9707594,0.64,16,0.64,0,40
11533,1,0,0.0,0.64,16,0.64,0,40
11534,0,-1,2.7379801,0.6,15,0.6,0,40
11535,2,1,-0.47263005,0.64,16,0.64,0,40
11536,2,1,-12.132972,0.68,17,0.68,0,40
11537,0,-1,7.3714547,0.64,16,0.64,0,40
11538,0,-1,-0.0,0.64,16,0.64,0,40
11539,0,-1,5.234147,0.6,15,0.6,0,40
11540,2,1,-3.4848897,0.64,16,0.64,0,40
11541,1,0,0.0,0.64,16,0.64,0,40
11542,0,-1,3.4848897,0.6,15,0.6,0,40
11543,0,-1,-7.524815,0.56,14,0.56,0,40
11544,0,-1,-6.5077252,0.52,13,0.52,0,40
11545,2,1,5.987401,0.56,14,0.56,0,40
11546,2,1,2.132343,0.6,15,0.6,0,40
11547,1,0,0.0,0.6,15,0.6,0,40
11548,1,0,0.0,0.6,15,0.6,0,40
11549,1,0,0.0,0.6,15,0.6,0,40
11550,0,-1,-2.2576022,0.56,14,0.56,0,40
11551,2,1,3.7215602,0.6,15,0.6,0,40
11552,0,-1,-3.7215602,0.56,14,0.56,0,40
11553,0,-1,-5.862142,0.52,13,0.52,0,40
11554,2,1,5.987401,0.56,14,0.56,0,40
11555,1,0,0.0,0.56,14,0.56,0,40
11556,1,0,0.0,0.56,14,0.56,0,40
11557,2,1,2.132343,0.6,15,0.6,1,40
11558,2,1,-5.419822,0.64,16,0.64,0,40
11559,1,0,0.0,0.64,16,0.64,0,40
11560,0,-1,-0.0,0.64,16,0.64,0,40
11561,2,1,-10.221511,0.68,17,0.68,0,40
11562,0,-1,6.4174585,0.64,16,0.64,0,40
11563,0,-1,-0.0,0.64,16,0.64,0,40
11564,0,-1,3.3226864,0.6,15,0.6,0,40
11565,2,1,-4.046487,0.64,16,0.64,1,40
11566,2,1,-11.47929,0.68,17,0.68,0,40
11567,0,-1,11.47929,0.64,16,0.64,0,40
11568,2,1,-4.384535,0.68,17,0.68,0,40
11569,0,-1,4.384535,0.64,16,0.64,0,40
11570,0,-1,1.7249011,0.6,15,0.6,0,40
11571,0,-1,-2.077417,0.56,14,0.56,0,40
11572,1,0,0.0,0.56,14,0.56,0,40
11573,2,1,2.45578,0.6,15,0.6,0,40
11574,2,1,-5.79899,0.64,16,0.64,0,40
11575,0,-1,5.79899,0.6,15,0.6,0,40
11576,2,1,-0.6941715,0.64,16,0.64,0,40
11577,1,0,0.0,0.64,16,0.64,0,40
11578,0,-1,5.142058,0.6,15,0.6,0,40
11579,2,1,2.5142899,0.64,16,0.64,0,40
11580,1,0,0.0,0.64,16,0.64,0,40
11581,0,-1,4.0256414,0.6,15,0.6,0,40
11582,0,-1,-0.0,0.6,15,0.6,0,40
11583,0,-1,-0.0,0.6,15,0.6,0,40
11584,1,0,0.0,0.6,15,0.6,1,40
11585,0,-1,-4.3407245,0.56,14,0.56,0,40
11586,1,0,0.0,0.56,14,0.56,0,40
11587,0,-1,-6.220937,0.52,13,0.52,0,40
11588,1,0,0.0,0.52,13,0.52,0,40
11589,0,-1,-0.0,0.52,13,0.52,1,40
11590,2,1,9.080211,0.56,14,0.56,0,40
11591,0,-1,-6.2830906,0.52,13,0.52,0,40
11592,1,0,0.0,0.52,13,0.52,0,40
11593,1,0,0.0,0.52,13,0.52,0,40
11594,2,1,6.4702015,0.56,14,0.56,0,40
11595,0,-1,-6.4702015,0.52,13,0.52,0,40
11596,1,0,0.0,0.52,13,0.52,0,40
11597,1,0,0.0,0.52,13,0.52,0,40
11598,2,1,5.688894,0.56,14,0.56,1,40
11599,0,-1,-0.0,0.56,14,0.56,0,40
11600,2,1,3.9873378,0.6,15,0.6,0,40
11601,0,-1,-0.0,0.6,15,0.6,0,40
11602,0,-1,-0.0,0.6,15,0.6,0,40
11603,0,-1,-5.4048686,0.56,14,0.56,0,40
11604,2,1,0.25720382,0.6,15,0.6,0,40
11605,1,0,0.0,0.6,15,0.6,0,40
11606,2,1,-2.2469711,0.64,16,0.64,0,40
11607,2,1,-11.950409,0.68,17,0.68,0,40
11608,1,0,0.0,0.68,17,0.68,0,40
11609,0,-1,7.91071,0.64,16,0.64,0,40
11610,0,-1,-0.0,0.64,16,0.64,0,40
11611,0,-1,5.0515847,0.6,15,0.6,0,40
11612,0,-1,-2.7522523,0.56,14,0.56,0,40
11613,0,-1,-9.704513,0.52,13,0.52,0,40
11614,2,1,9.624562,0.56,14,0.56,0,40
11615,0,-1,-3.9870028,0.52,13,0.52,0,40
11616,2,1,7.762531,0.56,14,0.56,0,40
11617,2,1,3.5513766,0.6,15,0.6,1,40
11618,2,1,-2.1617193,0.64,16,0.64,0,40
11619,1,0,0.0,0.64,16,0.64,0,40
11620,0,-1,0.12379234,0.6,15,0.6,0,40
11621,0,-1,-0.0,0.6,15,0.6,0,40
11622,1,0,0.0,0.6,15,0.6,0,40
11623,1,0,0.0,0.6,15,0.6,0,40
11624,1,0,0.0,0.6,15,0.6,0,40
11625,1,0,0.0,0.6,15,0.6,0,40
11626,0,-1,-0.0,0.6,15,0.6,0,40
11627,2,1,-5.188734,0.64,16,0.64,0,40
11628,0,-1,-0.0,0.64,16,0.64,0,40
11629,0,-1,1.4547307,0.6,15,0.6,0,40
11630,0,-1,-0.0,0.6,15,0.6,0,40
11631,1,0,0.0,0.6,15,0.6,0,40
11632,2,1,-3.1625252,0.64,16,0.64,0,40
11633,0,-1,-0.0,0.64,16,0.64,0,40
11634,0,-1,3.1625252,0.6,15,0.6,0,40
11635,2,1,-4.188829,0.64,16,0.64,0,40
11636,0,-1,-0.0,0.64,16,0.64,0,40
11637,2,1,-10.06135,0.68,17,0.68,1,40
11638,0,-1,-0.0,0.68,17,0.68,0,40
11639,0,-1,-0.0,0.68,17,0.68,0,40
11640,0,-1,-0.0,0.68,17,0.68,0,40
11641,2,1,-20.777946,0.72,18,0.72,0,40
11642,0,-1,20.963268,0.68,17,0.68,0,40
11643,0,-1,-0.0,0.68,17,0.68,0,40
11644,0,-1,10.898163,0.64,16,0.64,0,40
11645,0,-1,2.0894206,0.6,15,0.6,0,40
11646,2,1,-2.1366808,0.64,16,0.64,0,40
11647,0,-1,-0.0,0.64,16,0.64,0,40
11648,0,-1,3.1653557,0.6,15,0.6,0,40
11649,2,1,0.0,0.0,0,0.0,0,40
11650,2,1,-8.282061,0.2,5,0.2,0,41
11651,1,0,0.0,0.2,5,0.2,0,41
11652,0,-1,-0.0,0.2,5,0.2,0,41
11653,2,1,23.929375,0.24,6,0.24,0,41
11654,0,-1,8.557965,0.2,5,0.2,0,41
11655,1,0,0.0,0.2,5,0.2,0,41
11656,2,1,-8.557965,0.24,6,0.24,0,41
11657,2,1,19.224253,0.28,7,0.28,0,41
11658,0,-1,9.032244,0.24,6,0.24,0,41
11659,2,1,-9.032162,0.28,7,0.28,0,41
11660,2,1,21.588238,0.32,8,0.32,0,41
11661,2,1,-10.560801,0.36,9,0.36,0,41
11662,2,1,-11.659218,0.4,10,0.4,0,41
11663,1,0,0.0,0.4,10,0.4,0,41
11664,2,1,-13.0410385,0.44,11,0.44,0,41
11665,2,1,17.721865,0.48,12,0.48,1,41
11666,2,1,-1.6709712,0.52,13,0.52,0,41
11667,2,1,4.63039,0.56,14,0.56,0,41
11668,2,1,6.0437236,0.6,15,0.6,0,41
11669,0,-1,-0.900591,0.56,14,0.56,0,41
11670,0,-1,-12.690515,0.52,13,0.52,0,41
11671,2,1,-19.843872,0.56,14,0.56,0,41
11672,1,0,0.0,0.56,14,0.56,0,41
11673,2,1,4.8628526,0.6,15,0.6,0,41
11674,1,0,0.0,0.6,15,0.6,0,41
11675,0,-1,23.573671,0.56,14,0.56,0,41
11676,2,1,8.939291,0.6,15,0.6,0,41
11677,2,1,-7.3864026,0.64,16,0.64,0,41
11678,0,-1,13.2474,0.6,15,0.6,0,41
11679,0,-1,-4.777922,0.56,14,0.56,0,41
11680,1,0,0.0,0.56,14,0.56,0,41
11681,0,-1,-0.0,0.56,14,0.56,0,41
11682,1,0,0.0,0.56,14,0.56,0,41
11683,2,1,7.730846,0.6,15,0.6,0,41
11684,0,-1,-6.0437236,0.56,14,0.56,0,41
11685,0,-1,-1.3426198,0.52,13,0.52,0,41
11686,2,1,-1.3980454,0.56,14,0.56,0,41
11687,1,0,0.0,0.56,14,0.56,0,41
11688,0,-1,1.3980454,0.52,13,0.52,0,41
11689,0,-1,-0.0,0.52,13,0.52,0,41
11690,0,-1,-0.0,0.52,13,0.52,0,41
11691,2,1,-19.843994,0.56,14,0.56,0,41
11692,1,0,0.0,0.56,14,0.56,0,41
11693,1,0,0.0,0.56,14,0.56,0,41
11694,2,1,6.078159,0.6,15,0.6,1,41
11695,2,1,-5.7854576,0.64,16,0.64,0,41
11696,2,1,-6.366901,0.68,17,0.68,0,41
11697,0,-1,12.684282,0.64,16,0.64,0,41
11698,1,0,0.0,0.64,16,0.64,0,41
11699,2,1,-7.4005017,0.68,17,0.68,0,41
11700,0,-1,-0.0,0.68,17,0.68,0,41
11701,0,-1,21.611065,0.64,16,0.64,0,41
11702,0,-1,0.17829676,0.6,15,0.6,0,41
11703,2,1,-0.97182363,0.64,16,0.64,0,41
11704,0,-1,-0.0,0.64,16,0.64,0,41
11705,0,-1,-0.0,0.64,16,0.64,0,41
11706,0,-1,-0.0,0.64,16,0.64,0,41
11707,0,-1,0.50167704,0.6,15,0.6,0,41
11708,2,1,-4.421782,0.64,16,0.64,0,41
11709,2,1,-9.2416935,0.68,17,0.68,0,41
11710,2,1,-20.90439,0.72,18,0.72,0,41
11711,1,0,0.0,0.72,18,0.72,1,41
11712,0,-1,14.137097,0.68,17,0.68,0,41
11713,0,-1,8.467581,0.64,16,0.64,0,41
11714,0,-1,-0.0,0.64,16,0.64,0,41
11715,0,-1,14.536501,0.6,15,0.6,0,41
11716,0,-1,-2.8015668,0.56,14,0.56,0,41
11717,2,1,3.6289773,0.6,15,0.6,0,41
11718,1,0,0.0,0.6,15,0.6,0,41
11719,0,-1,-0.5883271,0.56,14,0.56,0,41
11720,0,-1,-7.1524277,0.52,13,0.52,0,41
11721,2,1,6.6991,0.56,14,0.56,0,41
11722,0,-1,-7.358776,0.52,13,0.52,0,41
11723,1,0,0.0,0.52,13,0.52,0,41
11724,0,-1,-0.0,0.52,13,0.52,0,41
11725,2,1,7.358776,0.56,14,0.56,0,41
11726,2,1,0.51752114,0.6,15,0.6,0,41
11727,0,-1,-3.7379262,0.56,14,0.56,1,41
11728,0,-1,-4.4189167,0.52,13,0.52,0,41
11729,0,-1,-15.423435,0.48,12,0.48,0,41
11730,2,1,9.598894,0.52,13,0.52,0,41
11731,0,-1,-0.0,0.52,13,0.52,0,41
11732,2,1,0.41808537,0.56,14,0.56,0,41
11733,1,0,0.0,0.56,14,0.56,0,41
11734,0,-1,-0.0,0.56,14,0.56,0,41
11735,2,1,0.73532134,0.6,15,0.6,0,41
11736,0,-1,-0.0,0.6,15,0.6,0,41
11737,0,-1,-0.0,0.6,15,0.6,0,41
11738,0,-1,3.3117135,0.56,14,0.56,0,41
11739,1,0,0.0,0.56,14,0.56,0,41
11740,0,-1,-7.692887,0.52,13,0.52,0,41
11741,2,1,4.894422,0.56,14,0.56,0,41
11742,1,0,0.0,0.56,14,0.56,0,41
11743,1,0,0.0,0.56,14,0.56,0,41
11744,0,-1,-4.4651203,0.52,13,0.52,0,41
11745,2,1,6.4772067,0.56,14,0.56,0,41
11746,1,0,0.0,0.56,14,0.56,0,41
11747,2,1,0.54781145,0.6,15,0.6,1,41
11748,0,-1,-0.0,0.6,15,0.6,0,41
11749,2,1,3.8457546,0.64,16,0.64,0,41
11750,0,-1,2.1431334,0.6,15,0.6,0,41
11751,2,1,-2.7813745,0.64,16,0.64,0,41
11752,0,-1,-0.0,0.64,16,0.64,0,41
11753,2,1,-7.396247,0.68,17,0.68,0,41
11754,0,-1,-0.0,0.68,17,0.68,0,41
11755,2,1,-22.636356,0.72,18,0.72,0,41
11756,0,-1,18.147263,0.68,17,0.68,0,41
11757,0,-1,-0.0,0.68,17,0.68,0,41
11758,2,1,-22.470201,0.72,18,0.72,0,41
11759,2,1,-35.642727,0.76,19,0.76,0,41
11760,0,-1,37.314354,0.72,18,0.72,0,41
11761,1,0,0.0,0.72,18,0.72,0,41
11762,0,-1,-0.0,0.72,18,0.72,0,41
11763,2,1,-37.798843,0.76,19,0.76,0,41
11764,0,-1,-0.0,0.76,19,0.76,0,41
11765,0,-1,27.777006,0.72,18,0.72,0,41
11766,0,-1,-0.0,0.72,18,0.72,0,41
11767,2,1,0.0,0.72,18,0.72,0,41
11768,1,0,0.0,0.72,18,0.72,0,41
11769,0,-1,-0.0,0.72,18,0.72,0,41
11770,0,-1,20.79857,0.68,17,0.68,0,41
11771,1,0,0.0,0.68,17,0.68,0,41
11772,0,-1,12.756574,0.64,16,0.64,0,41
11773,1,0,0.0,0.64,16,0.64,1,41
11774,0,-1,-0.0,0.64,16,0.64,0,41
11775,0,-1,2.7279632,0.6,15,0.6,0,41
11776,2,1,-4.165051,0.64,16,0.64,0,41
11777,2,1,-9.177802,0.68,17,0.68,0,41
11778,0,-1,-0.0,0.68,17,0.68,0,41
11779,2,1,-22.840477,0.72,18,0.72,0,41
11780,0,-1,-0.0,0.72,18,0.72,0,41
11781,0,-1,20.943659,0.68,17,0.68,0,41
11782,1,0,0.0,0.68,17,0.68,0,41
11783,0,-1,-0.0,0.68,17,0.68,0,41
11784,0,-1,-0.0,0.68,17,0.68,0,41
11785,0,-1,9.177802,0.64,16,0.64,0,41
11786,0,-1,-0.0,0.64,16,0.64,0,41
11787,0,-1,6.216449,0.6,15,0.6,0,41
11788,0,-1,-0.55956423,0.56,14,0.56,0,41
11789,2,1,0.53871286,0.6,15,0.6,1,41
11790,0,-1,1.0436496,0.56,14,0.56,0,41
11791,0,-1,-4.2964253,0.52,13,0.52,0,41
11792,1,0,0.0,0.52,13,0.52,0,41
11793,0,-1,-0.0,0.52,13,0.52,0,41
11794,1,0,0.0,0.52,13,0.52,0,41
11795,0,-1,-11.081048,0.48,12,0.48,0,41
11796,2,1,5.532446,0.52,13,0.52,0,41
11797,2,1,7.358847,0.56,14,0.56,0,41
11798,1,0,0.0,0.56,14,0.56,0,41
11799,2,1,1.542013,0.6,15,0.6,0,41
11800,1,0,0.0,0.6,15,0.6,0,41
11801,2,1,-4.6032667,0.64,16,0.64,0,41
11802,0,-1,4.6032667,0.6,15,0.6,0,41
11803,0,-1,-0.0,0.6,15,0.6,0,41
11804,0,-1,-0.0,0.6,15,0.6,1,41
11805,0,-1,-0.0,0.6,15,0.6,0,41
11806,2,1,-4.1914787,0.64,16,0.64,0,41
11807,0,-1,-0.0,0.64,16,0.64,0,41
11808,0,-1,3.444464,0.6,15,0.6,0,41
11809,1,0,0.0,0.6,15,0.6,0,41
11810,1,0,0.0,0.6,15,0.6,0,41
11811,0,-1,-0.0,0.6,15,0.6,1,41
11812,0,-1,-3.6609795,0.56,14,0.56,0,41
11813,1,0,0.0,0.56,14,0.56,0,41
11814,0,-1,-0.0,0.56,14,0.56,0,41
11815,0,-1,-0.0,0.56,14,0.56,0,41
11816,0,-1,-0.0,0.56,14,0.56,0,41
11817,2,1,-0.841763,0.6,15,0.6,0,41
11818,0,-1,-3.6268399,0.56,14,0.56,0,41
11819,2,1,-1.7587323,0.6,15,0.6,0,41
11820,0,-1,1.7587323,0.56,14,0.56,0,41
11821,1,0,0.0,0.56,14,0.56,0,41
11822,0,-1,-0.0,0.56,14,0.56,0,41
11823,0,-1,-0.0,0.56,14,0.56,0,41
11824,0,-1,-0.0,0.56,14,0.56,1,41
11825,0,-1,-2.7446153,0.52,13,0.52,0,41
11826,2,1,12.56735,0.56,14,0.56,0,41
11827,2,1,3.6179729,0.6,15,0.6,0,41
11828,0,-1,-0.0,0.6,15,0.6,0,41
11829,1,0,0.0,0.6,15,0.6,0,41
11830,0,-1,-8.837551,0.56,14,0.56,0,41
11831,0,-1,-0.0,0.56,14,0.56,0,41
11832,0,-1,-4.5685234,0.52,13,0.52,0,41
11833,0,-1,-0.0,0.52,13,0.52,0,41
11834,2,1,4.5584526,0.56,14,0.56,1,41
11835,2,1,8.835896,0.6,15,0.6,0,41
11836,0,-1,-0.0,0.6,15,0.6,0,41
11837,2,1,-3.3954325,0.64,16,0.64,0,41
11838,0,-1,5.8200326,0.6,15,0.6,0,41
11839,1,0,0.0,0.6,15,0.6,0,41
11840,0,-1,-1.6037909,0.56,14,0.56,1,41
11841,1,0,0.0,0.56,14,0.56,0,41
11842,0,-1,-7.507825,0.52,13,0.52,0,41
11843,2,1,4.7153006,0.56,14,0.56,0,41
11844,0,-1,-0.0,0.56,14,0.56,0,41
11845,0,-1,-4.7153006,0.52,13,0.52,0,41
11846,2,1,2.0746217,0.56,14,0.56,0,41
11847,0,-1,-0.0,0.56,14,0.56,0,41
11848,2,1,-0.8490645,0.6,15,0.6,0,41
11849,0,-1,0.8490645,0.56,14,0.56,0,41
11850,0,-1,-4.946185,0.52,13,0.52,0,41
11851,1,0,0.0,0.52,13,0.52,0,41
11852,0,-1,-7.6155615,0.48,12,0.48,0,41
11853,1,0,0.0,0.48,12,0.48,0,41
11854,0,-1,-0.0,0.48,12,0.48,0,41
11855,2,1,10.242341,0.52,13,0.52,0,41
11856,0,-1,-11.436211,0.48,12,0.48,0,41
11857,2,1,8.230018,0.52,13,0.52,0,41
11858,2,1,3.4107943,0.56,14,0.56,0,41
11859,2,1,4.6390047,0.6,15,0.6,0,41
11860,0,-1,1.6551774,0.56,14,0.56,0,41
11861,1,0,0.0,0.56,14,0.56,0,41
11862,2,1,-2.388281,0.6,15,0.6,0,41
11863,2,1,-1.9256641,0.64,16,0.64,0,41
11864,0,-1,1.9256641,0.6,15,0.6,0,41
11865,0,-1,-0.0,0.6,15,0.6,0,41
11866,2,1,2.6246464,0.64,16,0.64,0,41
11867,1,0,0.0,0.64,16,0.64,0,41
11868,1,0,0.0,0.64,16,0.64,0,41
11869,0,-1,-0.0,0.64,16,0.64,1,41
11870,0,-1,7.119832,0.6,15,0.6,0,41
11871,1,0,0.0,0.6,15,0.6,0,41
11872,0,-1,0.2725015,0.56,14,0.56,0,41
11873,2,1,4.512658,0.6,15,0.6,0,41
11874,2,1,-3.4973378,0.64,16,0.64,0,41
11875,0,-1,0.48656535,0.6,15,0.6,0,41
11876,2,1,1.0053047,0.64,16,0.64,0,41
11877,0,-1,0.33574644,0.6,15,0.6,0,41
11878,0,-1,-6.004528,0.56,14,0.56,0,41
11879,0,-1,-5.392814,0.52,13,0.52,0,41
11880,2,1,6.8357162,0.56,14,0.56,0,41
11881,1,0,0.0,0.56,14,0.56,0,41
11882,1,0,0.0,0.56,14,0.56,0,41
11883,2,1,1.730056,0.6,15,0.6,0,41
11884,2,1,-4.651259,0.64,16,0.64,0,41
11885,0,-1,-2.6229062,0.6,15,0.6,0,41
11886,0,-1,-0.0,0.6,15,0.6,0,41
11887,0,-1,-1.5018857,0.56,14,0.56,0,41
11888,1,0,0.0,0.56,14,0.56,0,41
11889,2,1,4.6569753,0.6,15,0.6,0,41
11890,1,0,0.0,0.6,15,0.6,0,41
11891,0,-1,-0.0,0.6,15,0.6,1,41
11892,0,-1,-4.7455316,0.56,14,0.56,0,41
11893,1,0,0.0,0.56,14,0.56,0,41
11894,0,-1,-7.675743,0.52,13,0.52,0,41
11895,0,-1,-9.308376,0.48,12,0.48,0,41
11896,2,1,5.4285088,0.52,13,0.52,0,41
11897,2,1,0.4786817,0.56,14,0.56,1,41
11898,1,0,0.0,0.56,14,0.56,0,41
11899,0,-1,-6.7802134,0.52,13,0.52,0,41
11900,1,0,0.0,0.52,13,0.52,0,41
11901,2,1,-0.9689915,0.56,14,0.56,0,41
11902,0,-1,-0.0,0.56,14,0.56,0,41
11903,2,1,7.6010604,0.6,15,0.6,0,41
11904,2,1,-0.13164262,0.64,16,0.64,1,41
11905,0,-1,-0.0,0.64,16,0.64,0,41
11906,1,0,0.0,0.64,16,0.64,0,41
11907,0,-1,-0.0,0.64,16,0.64,0,41
11908,2,1,-7.1047826,0.68,17,0.68,0,41
11909,2,1,-15.801584,0.72,18,0.72,0,41
11910,0,-1,16.879766,0.68,17,0.68,0,41
11911,0,-1,8.257104,0.64,16,0.64,0,41
11912,1,0,0.0,0.64,16,0.64,0,41
11913,1,0,0.0,0.64,16,0.64,0,41
11914,0,-1,-0.0,0.64,16,0.64,0,41
11915,0,-1,-0.0,0.64,16,0.64,0,41
11916,1,0,0.0,0.64,16,0.64,0,41
11917,0,-1,-0.97702247,0.6,15,0.6,0,41
11918,0,-1,-0.0,0.6,15,0.6,0,41
11919,1,0,0.0,0.6,15,0.6,0,41
11920,0,-1,-0.0,0.6,15,0.6,0,41
11921,2,1,0.97702247,0.64,16,0.64,0,41
11922,2,1,-7.889199,0.68,17,0.68,0,41
11923,0,-1,16.586363,0.64,16,0.64,0,41
11924,0,-1,-0.0,0.64,16,0.64,0,41
11925,0,-1,0.9903743,0.6,15,0.6,0,41
11926,2,1,0.099913925,0.64,16,0.64,0,41
11927,2,1,-8.847459,0.68,17,0.68,0,41
11928,0,-1,14.933433,0.64,16,0.64,0,41
11929,2,1,-7.791995,0.68,17,0.68,0,41
11930,0,-1,8.847459,0.64,16,0.64,1,41
11931,0,-1,0.14798276,0.6,15,0.6,0,41
11932,0,-1,-4.1009226,0.56,14,0.56,0,41
11933,0,-1,-4.102046,0.52,13,0.52,0,41
11934,1,0,0.0,0.52,13,0.52,0,41
11935,0,-1,-11.687878,0.48,12,0.48,0,41
11936,2,1,11.361774,0.52,13,0.52,0,41
11937,0,-1,-0.0,0.52,13,0.52,0,41
11938,2,1,6.682044,0.56,14,0.56,0,41
11939,2,1,4.8619447,0.6,15,0.6,0,41
11940,2,1,-0.9562036,0.64,16,0.64,0,41
11941,1,0,0.0,0.64,16,0.64,0,41
11942,0,-1,-0.0,0.64,16,0.64,0,41
11943,0,-1,-0.0,0.64,16,0.64,0,41
11944,2,1,-9.724121,0.68,17,0.68,0,41
11945,0,-1,-0.0,0.68,17,0.68,0,41
11946,2,1,-19.996235,0.72,18,0.72,0,41
11947,0,-1,19.996235,0.68,17,0.68,0,41
11948,2,1,-21.610762,0.72,18,0.72,0,41
11949,0,-1,0.0,0.0,0,0.0,0,41
11950,2,1,24.223005,0.2,5,0.2,0,42
11951,2,1,22.730906,0.24,6,0.24,0,42
11952,2,1,19.468458,0.28,7,0.28,0,42
11953,2,1,-9.69535,0.32,8,0.32,0,42
11954,2,1,17.481995,0.36,9,0.36,0,42
11955,1,0,0.0,0.36,9,0.36,0,42
11956,0,-1,-17.481995,0.32,8,0.32,0,42
11957,2,1,16.203594,0.36,9,0.36,0,42
11958,2,1,17.993208,0.4,10,0.4,0,42
11959,0,-1,-0.0,0.4,10,0.4,0,42
11960,0,-1,11.658664,0.36,9,0.36,0,42
11961,2,1,-11.658664,0.4,10,0.4,0,42
11962,0,-1,-0.0,0.4,10,0.4,0,42
11963,2,1,-13.041592,0.44,11,0.44,0,42
11964,1,0,0.0,0.44,11,0.44,0,42
11965,2,1,17.70414,0.48,12,0.48,0,42
11966,2,1,10.775157,0.52,13,0.52,0,42
11967,0,-1,-15.491306,0.48,12,0.48,0,42
11968,0,-1,-11.980768,0.44,11,0.44,0,42
11969,2,1,12.55008,0.48,12,0.48,0,42
11970,2,1,8.127789,0.52,13,0.52,0,42
11971,0,-1,16.996588,0.48,12,0.48,0,42
11972,1,0,0.0,0.48,12,0.48,0,42
11973,2,1,9.767935,0.52,13,0.52,1,42
11974,2,1,5.9435315,0.56,14,0.56,0,42
11975,1,0,0.0,0.56,14,0.56,0,42
11976,2,1,8.907816,0.6,15,0.6,0,42
11977,2,1,-2.9928267,0.64,16,0.64,0,42
11978,0,-1,12.546477,0.6,15,0.6,0,42
11979,1,0,0.0,0.6,15,0.6,0,42
11980,0,-1,-1.5571611,0.56,14,0.56,0,42
11981,0,-1,-0.0,0.56,14,0.56,0,42
11982,2,1,-0.09462488,0.6,15,0.6,0,42
11983,0,-1,-0.0,0.6,15,0.6,0,42
11984,0,-1,-0.0,0.6,15,0.6,0,42
11985,0,-1,-0.0,0.6,15,0.6,0,42
11986,0,-1,-8.907816,0.56,14,0.56,0,42
11987,0,-1,-7.4959693,0.52,13,0.52,0,42
11988,0,-1,-9.77623,0.48,12,0.48,0,42
11989,2,1,6.6746125,0.52,13,0.52,0,42
11990,2,1,1.0638715,0.56,14,0.56,0,42
11991,0,-1,-0.0,0.56,14,0.56,0,42
11992,2,1,8.907816,0.6,15,0.6,0,42
11993,2,1,-7.38995,0.64,16,0.64,0,42
11994,0,-1,7.38995,0.6,15,0.6,0,42
11995,0,-1,-4.9373574,0.56,14,0.56,0,42
11996,1,0,0.0,0.56,14,0.56,0,42
11997,2,1,7.70366,0.6,15,0.6,0,42
11998,2,1,-7.0519624,0.64,16,0.64,0,42
11999,0,-1,-0.0,0.64,16,0.64,0,42
12000,0,-1,7.6651506,0.6,15,0.6,0,42
12001,2,1,-9.659791,0.64,16,0.64,0,42
12002,1,0,0.0,0.64,16,0.64,1,42
12003,2,1,-7.1970873,0.68,17,0.68,0,42
12004,0,-1,-0.0,0.68,17,0.68,0,42
12005,0,-1,11.974769,0.64,16,0.64,0,42
12006,0,-1,-2.7035995,0.6,15,0.6,0,42
12007,2,1,-0.5387372,0.64,16,0.64,0,42
12008,1,0,0.0,0.64,16,0.64,0,42
12009,0,-1,7.5800614,0.6,15,0.6,0,42
12010,2,1,2.7035995,0.64,16,0.64,0,42
12011,1,0,0.0,0.64,16,0.64,0,42
12012,0,-1,0.5387372,0.6,15,0.6,0,42
12013,0,-1,-7.7028227,0.56,14,0.56,0,42
12014,1,0,0.0,0.56,14,0.56,0,42
12015,0,-1,-8.430759,0.52,13,0.52,0,42
12016,0,-1,-15.484234,0.48,12,0.48,0,42
12017,1,0,0.0,0.48,12,0.48,0,42
12018,1,0,0.0,0.48,12,0.48,1,42
12019,1,0,0.0,0.48,12,0.48,0,42
12020,2,1,6.4572096,0.52,13,0.52,0,42
12021,0,-1,-0.0,0.52,13,0.52,0,42
12022,2,1,3.6868324,0.56,14,0.56,0,42
12023,1,0,0.0,0.56,14,0.56,0,42
12024,0,-1,-0.0,0.56,14,0.56,0,42
12025,2,1,1.2073929,0.6,15,0.6,0,42
12026,0,-1,-0.0,0.6,15,0.6,1,42
12027,2,1,-5.1506524,0.64,16,0.64,0,42
12028,0,-1,5.009369,0.6,15,0.6,0,42
12029,0,-1,0.11801621,0.56,14,0.56,0,42
12030,2,1,-1.4298961,0.6,15,0.6,0,42
12031,2,1,-7.8044972,0.64,16,0.64,0,42
12032,1,0,0.0,0.64,16,0.64,1,42
12033,0,-1,-0.0,0.64,16,0.64,0,42
12034,0,-1,-0.0,0.64,16,0.64,0,42
12035,1,0,0.0,0.64,16,0.64,0,42
12036,1,0,0.0,0.64,16,0.64,0,42
12037,0,-1,-0.0,0.64,16,0.64,0,42
12038,2,1,-14.60177,0.68,17,0.68,0,42
12039,0,-1,9.913425,0.64,16,0.64,0,42
12040,2,1,-8.126734,0.68,17,0.68,0,42
12041,0,-1,-0.0,0.68,17,0.68,0,42
12042,1,0,0.0,0.68,17,0.68,0,42
12043,1,0,0.0,0.68,17,0.68,0,42
12044,1,0,0.0,0.68,17,0.68,1,42
12045,1,0,0.0,0.68,17,0.68,0,42
12046,0,-1,-0.0,0.68,17,0.68,0,42
12047,1,0,0.0,0.68,17,0.68,0,42
12048,2,1,-12.8763275,0.72,18,0.72,0,42
12049,0,-1,-0.0,0.72,18,0.72,0,42
12050,0,-1,-0.0,0.72,18,0.72,0,42
12051,0,-1,22.680357,0.68,17,0.68,0,42
12052,1,0,0.0,0.68,17,0.68,0,42
12053,1,0,0.0,0.68,17,0.68,0,42
12054,1,0,0.0,0.68,17,0.68,0,42
12055,0,-1,-0.0,0.68,17,0.68,0,42
12056,1,0,0.0,0.68,17,0.68,0,42
12057,0,-1,-0.0,0.68,17,0.68,0,42
12058,2,1,-19.85557,0.72,18,0.72,0,42
12059,0,-1,22.365948,0.68,17,0.68,0,42
12060,0,-1,9.975787,0.64,16,0.64,0,42
12061,0,-1,-0.0,0.64,16,0.64,0,42
12062,1,0,0.0,0.64,16,0.64,0,42
12063,0,-1,-0.0,0.64,16,0.64,0,42
12064,0,-1,1.2271473,0.6,15,0.6,0,42
12065,2,1,-3.076963,0.64,16,0.64,0,42
12066,0,-1,5.102583,0.6,15,0.6,0,42
12067,2,1,2.6977215,0.64,16,0.64,0,42
12068,0,-1,-0.0,0.64,16,0.64,0,42
12069,1,0,0.0,0.64,16,0.64,1,42
12070,0,-1,-0.0,0.64,16,0.64,0,42
12071,1,0,0.0,0.64,16,0.64,0,42
12072,2,1,-7.4454603,0.68,17,0.68,0,42
12073,0,-1,-0.0,0.68,17,0.68,0,42
12074,1,0,0.0,0.68,17,0.68,1,42
12075,1,0,0.0,0.68,17,0.68,0,42
12076,0,-1,9.895376,0.64,16,0.64,0,42
12077,1,0,0.0,0.64,16,0.64,0,42
12078,0,-1,-2.6960413,0.6,15,0.6,0,42
12079,2,1,-1.2256325,0.64,16,0.64,0,42
12080,0,-1,6.7781067,0.6,15,0.6,0,42
12081,1,0,0.0,0.6,15,0.6,0,42
12082,0,-1,-2.041141,0.56,14,0.56,0,42
12083,2,1,0.058096137,0.6,15,0.6,0,42
12084,0,-1,-3.7735908,0.56,14,0.56,0,42
12085,2,1,4.717675,0.6,15,0.6,0,42
12086,1,0,0.0,0.6,15,0.6,0,42
12087,0,-1,0.7325455,0.56,14,0.56,0,42
12088,0,-1,-0.0,0.56,14,0.56,0,42
12089,2,1,4.949648,0.6,15,0.6,0,42
12090,0,-1,-0.0,0.6,15,0.6,0,42
12091,0,-1,-0.0,0.6,15,0.6,1,42
12092,0,-1,-4.4475455,0.56,14,0.56,0,42
12093,0,-1,-8.684341,0.52,13,0.52,0,42
12094,2,1,0.88024586,0.56,14,0.56,0,42
12095,2,1,-0.39611313,0.6,15,0.6,1,42
12096,0,-1,-0.0,0.6,15,0.6,0,42
12097,1,0,0.0,0.6,15,0.6,0,42
12098,2,1,2.6909916,0.64,16,0.64,0,42
12099,0,-1,7.8088193,0.6,15,0.6,0,42
12100,0,-1,-0.0,0.6,15,0.6,0,42
12101,2,1,-2.6319196,0.64,16,0.64,0,42
12102,1,0,0.0,0.64,16,0.64,0,42
12103,0,-1,-0.0,0.64,16,0.64,0,42
12104,0,-1,4.8269205,0.6,15,0.6,0,42
12105,2,1,-0.042239916,0.64,16,0.64,0,42
12106,2,1,-8.11992,0.68,17,0.68,0,42
12107,0,-1,6.9410644,0.64,16,0.64,0,42
12108,0,-1,-0.0,0.64,16,0.64,0,42
12109,0,-1,1.7421445,0.6,15,0.6,0,42
12110,0,-1,-0.0,0.6,15,0.6,0,42
12111,0,-1,-4.222774,0.56,14,0.56,0,42
12112,1,0,0.0,0.56,14,0.56,0,42
12113,0,-1,-7.507927,0.52,13,0.52,0,42
12114,0,-1,-14.267421,0.48,12,0.48,0,42
12115,2,1,5.184757,0.52,13,0.52,0,42
12116,2,1,-0.8146407,0.56,14,0.56,0,42
12117,1,0,0.0,0.56,14,0.56,1,42
12118,0,-1,-1.1114211,0.52,13,0.52,0,42
12119,0,-1,-0.0,0.52,13,0.52,0,42
12120,1,0,0.0,0.52,13,0.52,0,42
12121,0,-1,-12.041943,0.48,12,0.48,0,42
12122,2,1,2.8128846,0.52,13,0.52,0,42
12123,0,-1,-0.0,0.52,13,0.52,0,42
12124,0,-1,-0.0,0.52,13,0.52,0,42
12125,0,-1,-0.0,0.52,13,0.52,0,42
12126,2,1,11.406486,0.56,14,0.56,0,42
12127,1,0,0.0,0.56,14,0.56,0,42
12128,1,0,0.0,0.56,14,0.56,0,42
12129,0,-1,-0.0,0.56,14,0.56,0,42
12130,1,0,0.0,0.56,14,0.56,0,42
12131,2,1,3.788037,0.6,15,0.6,0,42
12132,0,-1,-0.0,0.6,15,0.6,0,42
12133,1,0,0.0,0.6,15,0.6,1,42
12134,0,-1,1.6232536,0.56,14,0.56,0,42
12135,0,-1,-0.0,0.56,14,0.56,1,42
12136,1,0,0.0,0.56,14,0.56,0,42
12137,0,-1,-6.0236063,0.52,13,0.52,0,42
12138,2,1,9.7569065,0.56,14,0.56,0,42
12139,1,0,0.0,0.56,14,0.56,0,42
12140,2,1,3.0710983,0.6,15,0.6,0,42
12141,2,1,-7.6410227,0.64,16,0.64,0,42
12142,1,0,0.0,0.64,16,0.64,0,42
12143,0,-1,7.6410227,0.6,15,0.6,0,42
12144,0,-1,-0.0,0.6,15,0.6,0,42
12145,2,1,-8.840099,0.64,16,0.64,0,42
12146,2,1,-10.277082,0.68,17,0.68,0,42
12147,0,-1,-0.0,0.68,17,0.68,0,42
12148,0,-1,-0.0,0.68,17,0.68,0,42
12149,1,0,0.0,0.68,17,0.68,1,42
12150,0,-1,-0.0,0.68,17,0.68,0,42
12151,1,0,0.0,0.68,17,0.68,0,42
12152,0,-1,10.128858,0.64,16,0.64,0,42
12153,1,0,0.0,0.64,16,0.64,0,42
12154,0,-1,1.2704077,0.6,15,0.6,0,42
12155,2,1,-1.3559389,0.64,16,0.64,0,42
12156,1,0,0.0,0.64,16,0.64,0,42
12157,2,1,-7.076778,0.68,17,0.68,0,42
12158,0,-1,8.254764,0.64,16,0.64,0,42
12159,0,-1,1.9040797,0.6,15,0.6,0,42
12160,1,0,0.0,0.6,15,0.6,0,42
12161,1,0,0.0,0.6,15,0.6,0,42
12162,0,-1,-6.021546,0.56,14,0.56,1,42
12163,0,-1,-0.67305714,0.52,13,0.52,0,42
12164,0,-1,-0.0,0.52,13,0.52,0,42
12165,0,-1,-0.0,0.52,13,0.52,0,42
12166,1,0,0.0,0.52,13,0.52,0,42
12167,0,-1,-0.0,0.52,13,0.52,0,42
12168,1,0,0.0,0.52,13,0.52,0,42
12169,1,0,0.0,0.52,13,0.52,0,42
12170,0,-1,-0.0,0.52,13,0.52,0,42
12171,2,1,3.0285027,0.56,14,0.56,0,42
12172,0,-1,-8.508482,0.52,13,0.52,1,42
12173,1,0,0.0,0.52,13,0.52,0,42
12174,1,0,0.0,0.52,13,0.52,0,42
12175,0,-1,-0.0,0.52,13,0.52,0,42
12176,2,1,6.76707,0.56,14,0.56,0,42
12177,0,-1,-6.76707,0.52,13,0.52,0,42
12178,0,-1,-13.858971,0.48,12,0.48,0,42
12179,1,0,0.0,0.48,12,0.48,0,42
12180,0,-1,-16.37648,0.44,11,0.44,0,42
12181,2,1,13.895289,0.48,12,0.48,0,42
12182,0,-1,-0.0,0.48,12,0.48,0,42
12183,2,1,13.5102215,0.52,13,0.52,0,42
12184,2,1,7.081177,0.56,14,0.56,0,42
12185,0,-1,-0.0,0.56,14,0.56,0,42
12186,0,-1,-10.662814,0.52,13,0.52,0,42
12187,0,-1,-0.0,0.52,13,0.52,1,42
12188,1,0,0.0,0.52,13,0.52,0,42
12189,0,-1,-11.035127,0.48,12,0.48,1,42
12190,2,1,9.739286,0.52,13,0.52,0,42
12191,0,-1,-11.900472,0.48,12,0.48,1,42
12192,1,0,0.0,0.48,12,0.48,0,42
12193,0,-1,-0.0,0.48,12,0.48,0,42
12194,1,0,0.0,0.48,12,0.48,0,42
12195,1,0,0.0,0.48,12,0.48,0,42
12196,2,1,14.0913725,0.52,13,0.52,0,42
12197,0,-1,-0.0,0.52,13,0.52,0,42
12198,0,-1,-0.0,0.52,13,0.52,0,42
12199,0,-1,-9.914089,0.48,12,0.48,0,42
12200,2,1,3.6631904,0.52,13,0.52,0,42
12201,2,1,11.104658,0.56,14,0.56,1,42
12202,0,-1,-11.211197,0.52,13,0.52,0,42
12203,2,1,11.166088,0.56,14,0.56,0,42
12204,2,1,-2.830438,0.6,15,0.6,0,42
12205,0,-1,2.487037,0.56,14,0.56,0,42
12206,2,1,3.247257,0.6,15,0.6,0,42
12207,0,-1,-0.0,0.6,15,0.6,0,42
12208,0,-1,-0.0,0.6,15,0.6,0,42
12209,2,1,-0.4248796,0.64,16,0.64,0,42
12210,2,1,-5.9155903,0.68,17,0.68,0,42
12211,0,-1,-0.0,0.68,17,0.68,0,42
12212,0,-1,-0.0,0.68,17,0.68,1,42
12213,0,-1,-0.0,0.68,17,0.68,0,42
12214,2,1,-17.240366,0.72,18,0.72,1,42
12215,2,1,-33.759773,0.76,19,0.76,0,42
12216,0,-1,39.411385,0.72,18,0.72,0,42
12217,1,0,0.0,0.72,18,0.72,0,42
12218,0,-1,20.83833,0.68,17,0.68,0,42
12219,0,-1,5.7487726,0.64,16,0.64,0,42
12220,0,-1,2.1370125,0.6,15,0.6,0,42
12221,0,-1,-4.525548,0.56,14,0.56,0,42
12222,2,1,-2.7966044,0.6,15,0.6,0,42
12223,0,-1,-3.2390323,0.56,14,0.56,0,42
12224,0,-1,-0.0,0.56,14,0.56,0,42
12225,1,0,0.0,0.56,14,0.56,0,42
12226,0,-1,-0.9331945,0.52,13,0.52,0,42
12227,1,0,0.0,0.52,13,0.52,0,42
12228,1,0,0.0,0.52,13,0.52,0,42
12229,2,1,6.9792037,0.56,14,0.56,0,42
12230,0,-1,-0.0,0.56,14,0.56,0,42
12231,0,-1,-8.292855,0.52,13,0.52,0,42
12232,0,-1,-9.826611,0.48,12,0.48,0,42
12233,0,-1,-13.083826,0.44,11,0.44,0,42
12234,1,0,0.0,0.44,11,0.44,0,42
12235,2,1,12.6791115,0.48,12,0.48,0,42
12236,2,1,3.7806015,0.52,13,0.52,0,42
12237,2,1,8.292455,0.56,14,0.56,0,42
12238,0,-1,-7.618871,0.52,13,0.52,0,42
12239,2,1,6.37209,0.56,14,0.56,0,42
12240,1,0,0.0,0.56,14,0.56,0,42
12241,2,1,0.270705,0.6,15,0.6,0,42
12242,0,-1,-0.0,0.6,15,0.6,1,42
12243,0,-1,-7.450655,0.56,14,0.56,0,42
12244,2,1,2.4736621,0.6,15,0.6,0,42
12245,1,0,0.0,0.6,15,0.6,0,42
12246,2,1,-4.288015,0.64,16,0.64,0,42
12247,0,-1,4.288015,0.6,15,0.6,0,42
12248,0,-1,-1.884017,0.56,14,0.56,0,42
12249,0,-1,0.0,0.0,0,0.0,0,42
12250,2,1,-8.281979,0.2,5,0.2,0,43
12251,2,1,-8.558391,0.24,6,0.24,0,43
12252,1,0,0.0,0.24,6,0.24,0,43
12253,1,0,0.0,0.24,6,0.24,0,43
12254,2,1,23.455095,0.28,7,0.28,0,43
12255,1,0,0.0,0.28,7,0.28,0,43
12256,0,-1,9.032669,0.24,6,0.24,0,43
12257,2,1,22.251343,0.28,7,0.28,1,43
12258,2,1,16.359856,0.32,8,0.32,0,43
12259,2,1,11.669704,0.36,9,0.36,1,43
12260,2,1,7.9560847,0.4,10,0.4,0,43
12261,1,0,0.0,0.4,10,0.4,0,43
12262,0,-1,-0.0,0.4,10,0.4,0,43
12263,2,1,14.314107,0.44,11,0.44,0,43
12264,1,0,0.0,0.44,11,0.44,0,43
12265,2,1,13.5433445,0.48,12,0.48,0,43
12266,2,1,15.491346,0.52,13,0.52,0,43
12267,0,-1,-15.491346,0.48,12,0.48,0,43
12268,2,1,1.2394972,0.52,13,0.52,0,43
12269,2,1,3.0510926,0.56,14,0.56,0,43
12270,2,1,-3.2066553,0.6,15,0.6,0,43
12271,1,0,0.0,0.6,15,0.6,0,43
12272,0,-1,-0.0,0.6,15,0.6,0,43
12273,0,-1,-0.0,0.6,15,0.6,0,43
12274,2,1,-2.8861525,0.64,16,0.64,0,43
12275,0,-1,-0.0,0.64,16,0.64,0,43
12276,2,1,-18.017185,0.68,17,0.68,0,43
12277,2,1,-20.367346,0.72,18,0.72,0,43
12278,0,-1,-0.0,0.72,18,0.72,0,43
12279,0,-1,-0.0,0.72,18,0.72,0,43
12280,0,-1,19.664759,0.68,17,0.68,0,43
12281,1,0,0.0,0.68,17,0.68,0,43
12282,0,-1,18.017185,0.64,16,0.64,0,43
12283,1,0,0.0,0.64,16,0.64,0,43
12284,0,-1,-0.0,0.64,16,0.64,0,43
12285,0,-1,-0.0,0.64,16,0.64,1,43
12286,0,-1,9.432522,0.6,15,0.6,0,43
12287,0,-1,-1.5261134,0.56,14,0.56,0,43
12288,0,-1,-8.18196,0.52,13,0.52,0,43
12289,0,-1,-11.296719,0.48,12,0.48,0,43
12290,2,1,7.3070855,0.52,13,0.52,0,43
12291,1,0,0.0,0.52,13,0.52,0,43
12292,2,1,12.6283865,0.56,14,0.56,1,43
12293,1,0,0.0,0.56,14,0.56,0,43
12294,1,0,0.0,0.56,14,0.56,0,43
12295,0,-1,-0.38649344,0.52,13,0.52,0,43
12296,0,-1,-14.134784,0.48,12,0.48,0,43
12297,0,-1,-0.0,0.48,12,0.48,0,43
12298,0,-1,-8.270843,0.44,11,0.44,0,43
12299,0,-1,-11.087099,0.4,10,0.4,0,43
12300,2,1,18.089434,0.44,11,0.44,0,43
12301,2,1,9.071182,0.48,12,0.48,0,43
12302,1,0,0.0,0.48,12,0.48,0,43
12303,0,-1,-0.0,0.48,12,0.48,1,43
12304,1,0,0.0,0.48,12,0.48,0,43
12305,1,0,0.0,0.48,12,0.48,0,43
12306,1,0,0.0,0.48,12,0.48,0,43
12307,2,1,5.5546556,0.52,13,0.52,0,43
12308,0,-1,-4.007397,0.48,12,0.48,1,43
12309,2,1,5.29259,0.52,13,0.52,0,43
12310,1,0,0.0,0.52,13,0.52,0,43
12311,1,0,0.0,0.52,13,0.52,0,43
12312,1,0,0.0,0.52,13,0.52,0,43
12313,1,0,0.0,0.52,13,0.52,0,43
12314,2,1,9.063681,0.56,14,0.56,0,43
12315,0,-1,-0.0,0.56,14,0.56,0,43
12316,0,-1,-2.4451833,0.52,13,0.52,0,43
12317,1,0,0.0,0.52,13,0.52,0,43
12318,0,-1,-0.0,0.52,13,0.52,0,43
12319,0,-1,-14.101657,0.48,12,0.48,0,43
12320,2,1,10.391331,0.52,13,0.52,0,43
12321,2,1,11.309835,0.56,14,0.56,0,43
12322,2,1,-4.0309033,0.6,15,0.6,0,43
12323,1,0,0.0,0.6,15,0.6,0,43
12324,0,-1,-0.0,0.6,15,0.6,0,43
12325,2,1,-6.2393374,0.64,16,0.64,0,43
12326,0,-1,9.030127,0.6,15,0.6,0,43
12327,0,-1,-0.0,0.6,15,0.6,0,43
12328,2,1,-4.9775715,0.64,16,0.64,0,43
12329,0,-1,4.9775715,0.6,15,0.6,0,43
12330,2,1,2.5251155,0.64,16,0.64,0,43
12331,1,0,0.0,0.64,16,0.64,0,43
12332,1,0,0.0,0.64,16,0.64,0,43
12333,2,1,-5.9708714,0.68,17,0.68,1,43
12334,0,-1,11.439457,0.64,16,0.64,0,43
12335,1,0,0.0,0.64,16,0.64,0,43
12336,0,-1,3.94478,0.6,15,0.6,0,43
12337,0,-1,-0.0,0.6,15,0.6,0,43
12338,2,1,0.116125755,0.64,16,0.64,0,43
12339,0,-1,-0.9191865,0.6,15,0.6,1,43
12340,2,1,0.901517,0.64,16,0.64,0,43
12341,1,0,0.0,0.64,16,0.64,0,43
12342,0,-1,1.1782557,0.6,15,0.6,0,43
12343,0,-1,-0.0,0.6,15,0.6,1,43
12344,0,-1,-0.0,0.6,15,0.6,0,43
12345,0,-1,-0.0,0.6,15,0.6,0,43
12346,0,-1,-5.1970305,0.56,14,0.56,0,43
12347,0,-1,-9.612718,0.52,13,0.52,0,43
12348,0,-1,-6.237074,0.48,12,0.48,0,43
12349,0,-1,-0.0,0.48,12,0.48,1,43
12350,2,1,9.817449,0.52,13,0.52,0,43
12351,1,0,0.0,0.52,13,0.52,0,43
12352,1,0,0.0,0.52,13,0.52,0,43
12353,2,1,5.5940733,0.56,14,0.56,0,43
12354,2,1,7.3165226,0.6,15,0.6,0,43
12355,0,-1,-1.8642743,0.56,14,0.56,0,43
12356,0,-1,-6.9700418,0.52,13,0.52,0,43
12357,0,-1,-0.0,0.52,13,0.52,0,43
12358,2,1,8.418792,0.56,14,0.56,0,43
12359,0,-1,-0.0,0.56,14,0.56,0,43
12360,0,-1,-0.0,0.56,14,0.56,0,43
12361,0,-1,-9.086878,0.52,13,0.52,0,43
12362,2,1,7.810033,0.56,14,0.56,0,43
12363,0,-1,-8.418792,0.52,13,0.52,0,43
12364,2,1,6.1657405,0.56,14,0.56,0,43
12365,2,1,0.3530647,0.6,15,0.6,0,43
12366,0,-1,-0.0,0.6,15,0.6,1,43
12367,0,-1,-0.0,0.6,15,0.6,0,43
12368,2,1,-2.702763,0.64,16,0.64,0,43
12369,0,-1,2.0324934,0.6,15,0.6,0,43
12370,1,0,0.0,0.6,15,0.6,0,43
12371,2,1,-5.966939,0.64,16,0.64,0,43
12372,0,-1,-0.0,0.64,16,0.64,0,43
12373,0,-1,-0.0,0.64,16,0.64,0,43
12374,2,1,-14.998471,0.68,17,0.68,0,43
12375,1,0,0.0,0.68,17,0.68,0,43
12376,0,-1,-0.0,0.68,17,0.68,0,43
12377,1,0,0.0,0.68,17,0.68,0,43
12378,2,1,-25.46568,0.72,18,0.72,0,43
12379,0,-1,-0.0,0.72,18,0.72,0,43
12380,0,-1,-0.0,0.72,18,0.72,1,43
12381,0,-1,21.405993,0.68,17,0.68,0,43
12382,0,-1,-0.0,0.68,17,0.68,0,43
12383,0,-1,-0.0,0.68,17,0.68,0,43
12384,0,-1,4.4809194,0.64,16,0.64,0,43
12385,1,0,0.0,0.64,16,0.64,0,43
12386,0,-1,8.169758,0.6,15,0.6,0,43
12387,2,1,0.93766415,0.64,16,0.64,0,43
12388,1,0,0.0,0.64,16,0.64,0,43
12389,0,-1,-0.28265396,0.6,15,0.6,0,43
12390,0,-1,-5.9368877,0.56,14,0.56,0,43
12391,0,-1,-10.042844,0.52,13,0.52,0,43
12392,0,-1,-15.203284,0.48,12,0.48,0,43
12393,2,1,11.864414,0.52,13,0.52,0,43
12394,0,-1,-0.0,0.52,13,0.52,0,43
12395,0,-1,-0.0,0.52,13,0.52,0,43
12396,2,1,8.913441,0.56,14,0.56,0,43
12397,1,0,0.0,0.56,14,0.56,0,43
12398,0,-1,-6.177581,0.52,13,0.52,0,43
12399,1,0,0.0,0.52,13,0.52,0,43
12400,2,1,6.7924714,0.56,14,0.56,0,43
12401,2,1,2.747493,0.6,15,0.6,0,43
12402,2,1,0.93766415,0.64,16,0.64,0,43
12403,1,0,0.0,0.64,16,0.64,0,43
12404,0,-1,-0.0,0.64,16,0.64,0,43
12405,0,-1,-0.0,0.64,16,0.64,0,43
12406,2,1,-10.854964,0.68,17,0.68,0,43
12407,0,-1,-0.0,0.68,17,0.68,0,43
12408,1,0,0.0,0.68,17,0.68,1,43
12409,0,-1,12.879917,0.64,16,0.64,0,43
12410,0,-1,-0.95578635,0.6,15,0.6,0,43
12411,0,-1,-0.5461905,0.56,14,0.56,0,43
12412,2,1,-0.99931914,0.6,15,0.6,0,43
12413,1,0,0.0,0.6,15,0.6,0,43
12414,2,1,-7.405884,0.64,16,0.64,0,43
12415,1,0,0.0,0.64,16,0.64,0,43
12416,1,0,0.0,0.64,16,0.64,0,43
12417,2,1,-9.458772,0.68,17,0.68,0,43
12418,0,-1,9.458772,0.64,16,0.64,0,43
12419,0,-1,3.9839222,0.6,15,0.6,0,43
12420,1,0,0.0,0.6,15,0.6,0,43
12421,0,-1,-0.0,0.6,15,0.6,0,43
12422,0,-1,-0.0,0.6,15,0.6,1,43
12423,2,1,-2.5552647,0.64,16,0.64,0,43
12424,0,-1,2.5552647,0.6,15,0.6,0,43
12425,0,-1,-0.0,0.6,15,0.6,0,43
12426,0,-1,-2.751686,0.56,14,0.56,0,43
12427,1,0,0.0,0.56,14,0.56,0,43
12428,1,0,0.0,0.56,14,0.56,0,43
12429,2,1,3.6180882,0.6,15,0.6,0,43
12430,0,-1,-3.6180882,0.56,14,0.56,0,43
12431,0,-1,-0.0,0.56,14,0.56,0,43
12432,1,0,0.0,0.56,14,0.56,0,43
12433,0,-1,-0.0,0.56,14,0.56,0,43
12434,1,0,0.0,0.56,14,0.56,0,43
12435,0,-1,-7.2467036,0.52,13,0.52,0,43
12436,1,0,0.0,0.52,13,0.52,0,43
12437,2,1,12.356023,0.56,14,0.56,0,43
12438,1,0,0.0,0.56,14,0.56,0,43
12439,1,0,0.0,0.56,14,0.56,0,43
12440,1,0,0.0,0.56,14,0.56,0,43
12441,0,-1,-0.0,0.56,14,0.56,0,43
12442,1,0,0.0,0.56,14,0.56,0,43
12443,0,-1,-0.0,0.56,14,0.56,0,43
12444,0,-1,-0.0,0.56,14,0.56,0,43
12445,0,-1,-9.077535,0.52,13,0.52,0,43
12446,1,0,0.0,0.52,13,0.52,0,43
12447,0,-1,-0.0,0.52,13,0.52,1,43
12448,1,0,0.0,0.52,13,0.52,0,43
12449,1,0,0.0,0.52,13,0.52,0,43
12450,0,-1,-0.0,0.52,13,0.52,0,43
12451,2,1,6.469772,0.56,14,0.56,0,43
12452,0,-1,-0.0,0.56,14,0.56,1,43
12453,0,-1,-1.5224425,0.52,13,0.52,0,43
12454,2,1,9.207866,0.56,14,0.56,0,43
12455,0,-1,-0.0,0.56,14,0.56,0,43
12456,1,0,0.0,0.56,14,0.56,0,43
12457,1,0,0.0,0.56,14,0.56,0,43
12458,1,0,0.0,0.56,14,0.56,0,43
12459,0,-1,-6.4801893,0.52,13,0.52,0,43
12460,2,1,9.693895,0.56,14,0.56,0,43
12461,1,0,0.0,0.56,14,0.56,0,43
12462,0,-1,-9.693895,0.52,13,0.52,0,43
12463,2,1,9.050475,0.56,14,0.56,0,43
12464,2,1,3.2405624,0.6,15,0.6,0,43
12465,2,1,-2.543884,0.64,16,0.64,0,43
12466,0,-1,-0.32145247,0.6,15,0.6,0,43
12467,2,1,0.96487343,0.64,16,0.64,1,43
12468,2,1,-11.521102,0.68,17,0.68,0,43
12469,0,-1,3.2796135,0.64,16,0.64,0,43
12470,0,-1,5.8344145,0.6,15,0.6,0,43
12471,2,1,-6.6272483,0.64,16,0.64,0,43
12472,0,-1,-0.9820334,0.6,15,0.6,0,43
12473,0,-1,-0.0,0.6,15,0.6,0,43
12474,0,-1,-3.2374315,0.56,14,0.56,0,43
12475,2,1,-3.85901,0.6,15,0.6,0,43
12476,0,-1,-0.0,0.6,15,0.6,0,43
12477,2,1,-5.8604956,0.64,16,0.64,0,43
12478,0,-1,8.858233,0.6,15,0.6,0,43
12479,2,1,3.6194685,0.64,16,0.64,0,43
12480,2,1,-15.451947,0.68,17,0.68,0,43
12481,2,1,-15.805886,0.72,18,0.72,0,43
12482,0,-1,-0.0,0.72,18,0.72,0,43
12483,2,1,-36.211033,0.76,19,0.76,0,43
12484,0,-1,-0.0,0.76,19,0.76,0,43
12485,2,1,-64.257195,0.8,20,0.8,0,43
12486,0,-1,54.915535,0.76,19,0.76,0,43
12487,0,-1,36.211033,0.72,18,0.72,0,43
12488,1,0,0.0,0.72,18,0.72,0,43
12489,0,-1,25.33173,0.68,17,0.68,0,43
12490,0,-1,6.522355,0.64,16,0.64,0,43
12491,1,0,0.0,0.64,16,0.64,0,43
12492,1,0,0.0,0.64,16,0.64,1,43
12493,1,0,0.0,0.64,16,0.64,0,43
12494,2,1,-11.485846,0.68,17,0.68,0,43
12495,0,-1,5.921585,0.64,16,0.64,0,43
12496,0,-1,-0.0,0.64,16,0.64,0,43
12497,1,0,0.0,0.64,16,0.64,0,43
12498,1,0,0.0,0.64,16,0.64,0,43
12499,0,-1,-0.0,0.64,16,0.64,1,43
12500,0,-1,4.585543,0.6,15,0.6,0,43
12501,2,1,2.3979146,0.64,16,0.64,0,43
12502,0,-1,5.8108387,0.6,15,0.6,0,43
12503,0,-1,-2.1515844,0.56,14,0.56,0,43
12504,1,0,0.0,0.56,14,0.56,1,43
12505,2,1,-1.6882885,0.6,15,0.6,0,43
12506,0,-1,-0.0,0.6,15,0.6,0,43
12507,0,-1,3.6661987,0.56,14,0.56,0,43
12508,0,-1,-0.0,0.56,14,0.56,0,43
12509,2,1,5.8160124,0.6,15,0.6,0,43
12510,1,0,0.0,0.6,15,0.6,0,43
12511,1,0,0.0,0.6,15,0.6,0,43
12512,2,1,0.3469604,0.64,16,0.64,0,43
12513,0,-1,-0.0,0.64,16,0.64,0,43
12514,2,1,-8.430981,0.68,17,0.68,0,43
12515,0,-1,8.430981,0.64,16,0.64,0,43
12516,0,-1,6.687512,0.6,15,0.6,0,43
12517,0,-1,-5.8160124,0.56,14,0.56,0,43
12518,2,1,-1.6882885,0.6,15,0.6,0,43
12519,2,1,0.2604094,0.64,16,0.64,0,43
12520,2,1,-8.260445,0.68,17,0.68,0,43
12521,0,-1,-0.0,0.68,17,0.68,0,43
12522,0,-1,12.653957,0.64,16,0.64,0,43
12523,0,-1,-0.0,0.64,16,0.64,0,43
12524,0,-1,6.687512,0.6,15,0.6,0,43
12525,0,-1,-0.0,0.6,15,0.6,0,43
12526,0,-1,-3.6376035,0.56,14,0.56,0,43
12527,1,0,0.0,0.56,14,0.56,0,43
12528,2,1,5.976859,0.6,15,0.6,0,43
12529,0,-1,-7.396182,0.56,14,0.56,0,43
12530,0,-1,-9.075983,0.52,13,0.52,0,43
12531,1,0,0.0,0.52,13,0.52,0,43
12532,2,1,8.923748,0.56,14,0.56,0,43
12533,1,0,0.0,0.56,14,0.56,0,43
12534,2,1,7.3961806,0.6,15,0.6,1,43
12535,0,-1,-0.0,0.6,15,0.6,0,43
12536,2,1,-6.6847906,0.64,16,0.64,0,43
12537,1,0,0.0,0.64,16,0.64,0,43
12538,1,0,0.0,0.64,16,0.64,0,43
12539,0,-1,-0.9937444,0.6,15,0.6,0,43
12540,2,1,-8.666464,0.64,16,0.64,0,43
12541,0,-1,-2.3931282,0.6,15,0.6,0,43
12542,2,1,0.36243215,0.64,16,0.64,0,43
12543,1,0,0.0,0.64,16,0.64,0,43
12544,0,-1,-0.0,0.64,16,0.64,0,43
12545,0,-1,8.666464,0.6,15,0.6,0,43
12546,0,-1,-0.0,0.6,15,0.6,0,43
12547,0,-1,-0.0,0.6,15,0.6,0,43
12548,0,-1,-5.2027206,0.56,14,0.56,0,43
12549,0,-1,0.0,0.0,0,0.0,0,43
12550,2,1,-8.282061,0.2,5,0.2,0,44
12551,2,1,-8.558392,0.24,6,0.24,0,44
12552,2,1,-9.032798,0.28,7,0.28,0,44
12553,2,1,-9.695268,0.32,8,0.32,0,44
12554,1,0,0.0,0.32,8,0.32,0,44
12555,1,0,0.0,0.32,8,0.32,0,44
12556,2,1,21.926966,0.36,9,0.36,0,44
12557,0,-1,10.560929,0.32,8,0.32,0,44
12558,1,0,0.0,0.32,8,0.32,0,44
12559,2,1,-10.560928,0.36,9,0.36,0,44
12560,0,-1,10.5608015,0.32,8,0.32,0,44
12561,0,-1,-0.0,0.32,8,0.32,0,44
12562,1,0,0.0,0.32,8,0.32,0,44
12563,2,1,21.94469,0.36,9,0.36,0,44
12564,2,1,19.630207,0.4,10,0.4,0,44
12565,1,0,0.0,0.4,10,0.4,0,44
12566,1,0,0.0,0.4,10,0.4,0,44
12567,1,0,0.0,0.4,10,0.4,0,44
12568,2,1,-13.041464,0.44,11,0.44,0,44
12569,2,1,16.500387,0.48,12,0.48,0,44
12570,2,1,12.655838,0.52,13,0.52,0,44
12571,0,-1,-0.0,0.52,13,0.52,0,44
12572,1,0,0.0,0.52,13,0.52,0,44
12573,0,-1,16.996588,0.48,12,0.48,0,44
12574,2,1,-16.996588,0.52,13,0.52,0,44
12575,2,1,7.48984,0.56,14,0.56,0,44
12576,0,-1,19.843359,0.52,13,0.52,0,44
12577,2,1,8.198928,0.56,14,0.56,0,44
12578,0,-1,-0.0,0.56,14,0.56,0,44
12579,2,1,6.0764875,0.6,15,0.6,1,44
12580,0,-1,-0.0,0.6,15,0.6,0,44
12581,1,0,0.0,0.6,15,0.6,0,44
12582,0,-1,-0.0,0.6,15,0.6,0,44
12583,0,-1,15.990935,0.56,14,0.56,0,44
12584,0,-1,-9.795426,0.52,13,0.52,0,44
12585,2,1,8.633314,0.56,14,0.56,0,44
12586,0,-1,-7.499917,0.52,13,0.52,0,44
12587,1,0,0.0,0.52,13,0.52,0,44
12588,2,1,9.795426,0.56,14,0.56,0,44
12589,1,0,0.0,0.56,14,0.56,0,44
12590,0,-1,-8.633314,0.52,13,0.52,0,44
12591,1,0,0.0,0.52,13,0.52,0,44
12592,2,1,8.633314,0.56,14,0.56,1,44
12593,0,-1,-10.293599,0.52,13,0.52,0,44
12594,1,0,0.0,0.52,13,0.52,0,44
12595,0,-1,-12.62093,0.48,12,0.48,0,44
12596,1,0,0.0,0.48,12,0.48,0,44
12597,2,1,-5.0893307,0.52,13,0.52,0,44
12598,2,1,-9.3146715,0.56,14,0.56,0,44
12599,1,0,0.0,0.56,14,0.56,0,44
12600,0,-1,-11.479528,0.52,13,0.52,0,44
12601,0,-1,6.4672647,0.48,12,0.48,1,44
12602,1,0,0.0,0.48,12,0.48,0,44
12603,0,-1,-13.116625,0.44,11,0.44,0,44
12604,2,1,14.811608,0.48,12,0.48,0,44
12605,2,1,8.644454,0.52,13,0.52,0,44
12606,2,1,8.497002,0.56,14,0.56,0,44
12607,0,-1,-0.0,0.56,14,0.56,0,44
12608,1,0,0.0,0.56,14,0.56,0,44
12609,1,0,0.0,0.56,14,0.56,0,44
12610,1,0,0.0,0.56,14,0.56,1,44
12611,1,0,0.0,0.56,14,0.56,0,44
12612,0,-1,-8.507265,0.52,13,0.52,0,44
12613,0,-1,-15.555628,0.48,12,0.48,0,44
12614,2,1,11.353612,0.52,13,0.52,0,44
12615,0,-1,0.71544236,0.48,12,0.48,1,44
12616,0,-1,-5.481831,0.44,11,0.44,0,44
12617,0,-1,-16.508678,0.4,10,0.4,0,44
12618,2,1,13.604878,0.44,11,0.44,0,44
12619,2,1,17.694824,0.48,12,0.48,0,44
12620,1,0,0.0,0.48,12,0.48,0,44
12621,2,1,14.210511,0.52,13,0.52,0,44
12622,2,1,9.706252,0.56,14,0.56,0,44
12623,2,1,2.2819374,0.6,15,0.6,0,44
12624,1,0,0.0,0.6,15,0.6,0,44
12625,0,-1,-3.0726767,0.56,14,0.56,0,44
12626,2,1,5.8985147,0.6,15,0.6,0,44
12627,0,-1,-0.058562834,0.56,14,0.56,0,44
12628,2,1,3.9742246,0.6,15,0.6,1,44
12629,1,0,0.0,0.6,15,0.6,0,44
12630,1,0,0.0,0.6,15,0.6,1,44
12631,2,1,0.44152972,0.64,16,0.64,0,44
12632,1,0,0.0,0.64,16,0.64,0,44
12633,0,-1,-0.9543167,0.6,15,0.6,0,44
12634,0,-1,-0.0,0.6,15,0.6,0,44
12635,0,-1,-0.0,0.6,15,0.6,0,44
12636,0,-1,-6.647098,0.56,14,0.56,0,44
12637,1,0,0.0,0.56,14,0.56,0,44
12638,0,-1,-8.421691,0.52,13,0.52,0,44
12639,2,1,6.9952054,0.56,14,0.56,0,44
12640,1,0,0.0,0.56,14,0.56,0,44
12641,0,-1,-11.287507,0.52,13,0.52,0,44
12642,1,0,0.0,0.52,13,0.52,0,44
12643,2,1,11.287437,0.56,14,0.56,0,44
12644,0,-1,-0.0,0.56,14,0.56,0,44
12645,2,1,4.6891727,0.6,15,0.6,0,44
12646,2,1,-3.144687,0.64,16,0.64,0,44
12647,0,-1,-0.0,0.64,16,0.64,0,44
12648,2,1,-5.9445615,0.68,17,0.68,0,44
12649,0,-1,10.043511,0.64,16,0.64,0,44
12650,1,0,0.0,0.64,16,0.64,0,44
12651,2,1,-8.279467,0.68,17,0.68,0,44
12652,0,-1,-0.0,0.68,17,0.68,1,44
12653,0,-1,-0.0,0.68,17,0.68,0,44
12654,0,-1,9.505346,0.64,16,0.64,0,44
12655,0,-1,-0.931246,0.6,15,0.6,0,44
12656,0,-1,-4.667954,0.56,14,0.56,0,44
12657,0,-1,-11.294706,0.52,13,0.52,0,44
12658,0,-1,-0.0,0.52,13,0.52,0,44
12659,1,0,0.0,0.52,13,0.52,0,44
12660,2,1,7.8052444,0.56,14,0.56,0,44
12661,1,0,0.0,0.56,14,0.56,0,44
12662,0,-1,-7.3351016,0.52,13,0.52,0,44
12663,2,1,6.119382,0.56,14,0.56,0,44
12664,2,1,1.8872558,0.6,15,0.6,0,44
12665,2,1,-5.247767,0.64,16,0.64,0,44
12666,1,0,0.0,0.64,16,0.64,0,44
12667,1,0,0.0,0.64,16,0.64,0,44
12668,0,-1,-0.0,0.64,16,0.64,0,44
12669,2,1,-8.187687,0.68,17,0.68,0,44
12670,2,1,-19.681562,0.72,18,0.72,0,44
12671,0,-1,-0.0,0.72,18,0.72,0,44
12672,0,-1,19.388247,0.68,17,0.68,0,44
12673,0,-1,8.5882,0.64,16,0.64,0,44
12674,0,-1,5.247767,0.6,15,0.6,0,44
12675,1,0,0.0,0.6,15,0.6,0,44
12676,0,-1,-3.7103605,0.56,14,0.56,0,44
12677,2,1,2.389583,0.6,15,0.6,0,44
12678,0,-1,-0.0,0.6,15,0.6,0,44
12679,1,0,0.0,0.6,15,0.6,0,44
12680,0,-1,-0.0,0.6,15,0.6,1,44
12681,2,1,-4.2455244,0.64,16,0.64,0,44
12682,0,-1,2.9079134,0.6,15,0.6,0,44
12683,2,1,-2.9079134,0.64,16,0.64,0,44
12684,0,-1,-0.0,0.64,16,0.64,0,44
12685,0,-1,-0.0,0.64,16,0.64,0,44
12686,0,-1,-0.0,0.64,16,0.64,0,44
12687,1,0,0.0,0.64,16,0.64,0,44
12688,0,-1,-0.45681673,0.6,15,0.6,0,44
12689,0,-1,-0.0,0.6,15,0.6,0,44
12690,0,-1,-8.313489,0.56,14,0.56,1,44
12691,1,0,0.0,0.56,14,0.56,0,44
12692,1,0,0.0,0.56,14,0.56,0,44
12693,0,-1,-4.478721,0.52,13,0.52,0,44
12694,0,-1,-8.663545,0.48,12,0.48,0,44
12695,0,-1,-11.210446,0.44,11,0.44,0,44
12696,2,1,13.434347,0.48,12,0.48,0,44
12697,1,0,0.0,0.48,12,0.48,0,44
12698,0,-1,-10.66627,0.44,11,0.44,0,44
12699,1,0,0.0,0.44,11,0.44,0,44
12700,2,1,12.382054,0.48,12,0.48,0,44
12701,1,0,0.0,0.48,12,0.48,0,44
12702,2,1,8.663545,0.52,13,0.52,0,44
12703,0,-1,-8.663545,0.48,12,0.48,0,44
12704,2,1,7.198978,0.52,13,0.52,0,44
12705,1,0,0.0,0.52,13,0.52,0,44
12706,0,-1,-7.198978,0.48,12,0.48,0,44
12707,2,1,14.186106,0.52,13,0.52,1,44
12708,0,-1,-14.503215,0.48,12,0.48,0,44
12709,2,1,11.68221,0.52,13,0.52,0,44
12710,0,-1,-0.0,0.52,13,0.52,0,44
12711,2,1,4.878212,0.56,14,0.56,0,44
12712,2,1,1.9512322,0.6,15,0.6,0,44
12713,0,-1,-4.0544925,0.56,14,0.56,0,44
12714,0,-1,-0.0,0.56,14,0.56,0,44
12715,1,0,0.0,0.56,14,0.56,0,44
12716,2,1,1.6275516,0.6,15,0.6,0,44
12717,1,0,0.0,0.6,15,0.6,0,44
12718,1,0,0.0,0.6,15,0.6,0,44
12719,0,-1,-8.970785,0.56,14,0.56,0,44
12720,0,-1,-5.681031,0.52,13,0.52,0,44
12721,1,0,0.0,0.52,13,0.52,0,44
12722,1,0,0.0,0.52,13,0.52,0,44
12723,2,1,3.5010078,0.56,14,0.56,1,44
12724,1,0,0.0,0.56,14,0.56,0,44
12725,2,1,1.9378308,0.6,15,0.6,0,44
12726,1,0,0.0,0.6,15,0.6,0,44
12727,1,0,0.0,0.6,15,0.6,0,44
12728,0,-1,-0.7936065,0.56,14,0.56,0,44
12729,1,0,0.0,0.56,14,0.56,0,44
12730,1,0,0.0,0.56,14,0.56,0,44
12731,2,1,-0.990285,0.6,15,0.6,0,44
12732,0,-1,-4.9753594,0.56,14,0.56,0,44
12733,2,1,-0.49923605,0.6,15,0.6,0,44
12734,0,-1,-0.0,0.6,15,0.6,1,44
12735,2,1,-5.401526,0.64,16,0.64,0,44
12736,1,0,0.0,0.64,16,0.64,0,44
12737,0,-1,-0.0,0.64,16,0.64,0,44
12738,0,-1,-0.0,0.64,16,0.64,0,44
12739,1,0,0.0,0.64,16,0.64,0,44
12740,2,1,-12.82171,0.68,17,0.68,0,44
12741,2,1,-12.934056,0.72,18,0.72,0,44
12742,0,-1,22.773157,0.68,17,0.68,0,44
12743,0,-1,10.104337,0.64,16,0.64,1,44
12744,2,1,-8.981902,0.68,17,0.68,0,44
12745,0,-1,-0.0,0.68,17,0.68,0,44
12746,1,0,0.0,0.68,17,0.68,0,44
12747,2,1,-14.45439,0.72,18,0.72,0,44
12748,0,-1,-0.0,0.72,18,0.72,0,44
12749,0,-1,18.861685,0.68,17,0.68,0,44
12750,2,1,-17.736563,0.72,18,0.72,0,44
12751,1,0,0.0,0.72,18,0.72,0,44
12752,2,1,-34.77094,0.76,19,0.76,0,44
12753,0,-1,-0.0,0.76,19,0.76,0,44
12754,1,0,0.0,0.76,19,0.76,0,44
12755,0,-1,-0.0,0.76,19,0.76,0,44
12756,0,-1,30.912472,0.72,18,0.72,0,44
12757,0,-1,-0.0,0.72,18,0.72,0,44
12758,0,-1,-0.0,0.72,18,0.72,0,44
12759,1,0,0.0,0.72,18,0.72,0,44
12760,0,-1,-0.0,0.72,18,0.72,0,44
12761,0,-1,-0.0,0.72,18,0.72,0,44
12762,0,-1,-0.0,0.72,18,0.72,0,44
12763,0,-1,-0.0,0.72,18,0.72,0,44
12764,0,-1,19.926785,0.68,17,0.68,0,44
12765,2,1,-16.47052,0.72,18,0.72,0,44
12766,2,1,-35.284107,0.76,19,0.76,0,44
12767,0,-1,-0.0,0.76,19,0.76,0,44
12768,1,0,0.0,0.76,19,0.76,0,44
12769,0,-1,32.580715,0.72,18,0.72,0,44
12770,0,-1,-0.0,0.72,18,0.72,0,44
12771,0,-1,20.439953,0.68,17,0.68,0,44
12772,0,-1,-0.0,0.68,17,0.68,1,44
12773,0,-1,12.579554,0.64,16,0.64,0,44
12774,1,0,0.0,0.64,16,0.64,0,44
12775,0,-1,5.407693,0.6,15,0.6,0,44
12776,2,1,0.06227745,0.64,16,0.64,0,44
12777,2,1,-6.453743,0.68,17,0.68,0,44
12778,0,-1,10.289621,0.64,16,0.64,0,44
12779,0,-1,4.603676,0.6,15,0.6,0,44
12780,1,0,0.0,0.6,15,0.6,0,44
12781,0,-1,-5.061501,0.56,14,0.56,0,44
12782,2,1,4.066451,0.6,15,0.6,0,44
12783,2,1,0.06227745,0.64,16,0.64,0,44
12784,1,0,0.0,0.64,16,0.64,0,44
12785,0,-1,-0.0,0.64,16,0.64,0,44
12786,1,0,0.0,0.64,16,0.64,0,44
12787,1,0,0.0,0.64,16,0.64,0,44
12788,0,-1,0.9327721,0.6,15,0.6,0,44
12789,1,0,0.0,0.6,15,0.6,0,44
12790,2,1,-5.117169,0.64,16,0.64,0,44
12791,2,1,-14.497995,0.68,17,0.68,0,44
12792,0,-1,-0.0,0.68,17,0.68,1,44
12793,0,-1,6.3484774,0.64,16,0.64,1,44
12794,1,0,0.0,0.64,16,0.64,0,44
12795,2,1,-8.717454,0.68,17,0.68,0,44
12796,0,-1,8.717454,0.64,16,0.64,0,44
12797,0,-1,-1.8374343,0.6,15,0.6,0,44
12798,0,-1,-0.0,0.6,15,0.6,0,44
12799,0,-1,-0.0,0.6,15,0.6,0,44
12800,2,1,-3.6727715,0.64,16,0.64,0,44
12801,1,0,0.0,0.64,16,0.64,0,44
12802,1,0,0.0,0.64,16,0.64,0,44
12803,0,-1,-0.0,0.64,16,0.64,1,44
12804,2,1,-5.8695316,0.68,17,0.68,0,44
12805,0,-1,-0.0,0.68,17,0.68,0,44
12806,0,-1,-0.0,0.68,17,0.68,0,44
12807,0,-1,-0.0,0.68,17,0.68,0,44
12808,1,0,0.0,0.68,17,0.68,0,44
12809,1,0,0.0,0.68,17,0.68,0,44
12810,1,0,0.0,0.68,17,0.68,0,44
12811,2,1,-17.396894,0.72,18,0.72,0,44
12812,0,-1,-0.0,0.72,18,0.72,0,44
12813,1,0,0.0,0.72,18,0.72,0,44
12814,0,-1,-0.0,0.72,18,0.72,0,44
12815,0,-1,17.396894,0.68,17,0.68,0,44
12816,0,-1,-0.0,0.68,17,0.68,0,44
12817,0,-1,5.8695316,0.64,16,0.64,0,44
12818,1,0,0.0,0.64,16,0.64,0,44
12819,0,-1,-0.07011492,0.6,15,0.6,0,44
12820,2,1,-9.908653,0.64,16,0.64,0,44
12821,1,0,0.0,0.64,16,0.64,0,44
12822,0,-1,3.6765306,0.6,15,0.6,0,44
12823,0,-1,-0.0,0.6,15,0.6,0,44
12824,0,-1,-0.0,0.6,15,0.6,0,44
12825,0,-1,-0.0,0.6,15,0.6,0,44
12826,1,0,0.0,0.6,15,0.6,0,44
12827,2,1,0.56802934,0.64,16,0.64,1,44
12828,0,-1,9.941168,0.6,15,0.6,0,44
12829,0,-1,-3.5462167,0.56,14,0.56,0,44
12830,0,-1,-0.0,0.56,14,0.56,0,44
12831,0,-1,-0.0,0.56,14,0.56,0,44
12832,2,1,5.0399656,0.6,15,0.6,0,44
12833,0,-1,-5.890519,0.56,14,0.56,0,44
12834,0,-1,-0.0,0.56,14,0.56,0,44
12835,0,-1,-8.769765,0.52,13,0.52,0,44
12836,0,-1,-12.187771,0.48,12,0.48,0,44
12837,0,-1,-0.0,0.48,12,0.48,0,44
12838,1,0,0.0,0.48,12,0.48,0,44
12839,2,1,2.625165,0.52,13,0.52,0,44
12840,1,0,0.0,0.52,13,0.52,0,44
12841,2,1,-1.2189307,0.56,14,0.56,0,44
12842,0,-1,-0.0,0.56,14,0.56,0,44
12843,1,0,0.0,0.56,14,0.56,0,44
12844,0,-1,-0.0,0.56,14,0.56,0,44
12845,2,1,6.1214614,0.6,15,0.6,0,44
12846,0,-1,4.9487295,0.56,14,0.56,0,44
12847,1,0,0.0,0.56,14,0.56,0,44
12848,2,1,5.890513,0.6,15,0.6,0,44
12849,2,1,0.0,0.0,0,0.0,0,44
12850,2,1,24.223005,0.2,5,0.2,0,45
12851,2,1,23.929375,0.24,6,0.24,0,45
12852,2,1,19.224253,0.28,7,0.28,0,45
12853,2,1,-9.695268,0.32,8,0.32,0,45
12854,2,1,20.723211,0.36,9,0.36,0,45
12855,1,0,0.0,0.36,9,0.36,0,45
12856,2,1,16.383705,0.4,10,0.4,0,45
12857,1,0,0.0,0.4,10,0.4,0,45
12858,2,1,16.608688,0.44,11,0.44,0,45
12859,0,-1,-15.215459,0.4,10,0.4,0,45
12860,2,1,-13.041599,0.44,11,0.44,0,45
12861,0,-1,-15.00133,0.4,10,0.4,0,45
12862,2,1,-13.041464,0.44,11,0.44,0,45
12863,1,0,0.0,0.44,11,0.44,0,45
12864,2,1,12.5488615,0.48,12,0.48,0,45
12865,0,-1,-17.721865,0.44,11,0.44,0,45
12866,2,1,17.721865,0.48,12,0.48,0,45
12867,2,1,14.292836,0.52,13,0.52,0,45
12868,2,1,9.808432,0.56,14,0.56,0,45
12869,0,-1,-0.0,0.56,14,0.56,0,45
12870,0,-1,19.843866,0.52,13,0.52,0,45
12871,2,1,7.9267793,0.56,14,0.56,0,45
12872,2,1,4.1979513,0.6,15,0.6,0,45
12873,2,1,-2.983131,0.64,16,0.64,0,45
12874,2,1,-7.428919,0.68,17,0.68,1,45
12875,1,0,0.0,0.68,17,0.68,0,45
12876,2,1,-18.760777,0.72,18,0.72,0,45
12877,0,-1,28.593151,0.68,17,0.68,0,45
12878,2,1,-19.564108,0.72,18,0.72,0,45
12879,0,-1,17.585756,0.68,17,0.68,0,45
12880,1,0,0.0,0.68,17,0.68,0,45
12881,0,-1,-0.0,0.68,17,0.68,0,45
12882,0,-1,-0.0,0.68,17,0.68,0,45
12883,0,-1,-0.0,0.68,17,0.68,0,45
12884,2,1,-17.585756,0.72,18,0.72,0,45
12885,0,-1,19.759714,0.68,17,0.68,0,45
12886,0,-1,-0.0,0.68,17,0.68,0,45
12887,2,1,-24.174334,0.72,18,0.72,0,45
12888,1,0,0.0,0.72,18,0.72,0,45
12889,2,1,-34.04243,0.76,19,0.76,0,45
12890,0,-1,32.869324,0.72,18,0.72,0,45
12891,0,-1,19.198277,0.68,17,0.68,0,45
12892,0,-1,-0.0,0.68,17,0.68,0,45
12893,2,1,-21.930315,0.72,18,0.72,0,45
12894,0,-1,-0.0,0.72,18,0.72,0,45
12895,1,0,0.0,0.72,18,0.72,0,45
12896,0,-1,-0.0,0.72,18,0.72,0,45
12897,1,0,0.0,0.72,18,0.72,0,45
12898,1,0,0.0,0.72,18,0.72,0,45
12899,2,1,-31.70843,0.76,19,0.76,1,45
12900,1,0,0.0,0.76,19,0.76,0,45
12901,0,-1,-0.0,0.76,19,0.76,0,45
12902,0,-1,-0.0,0.76,19,0.76,0,45
12903,2,1,-72.182304,0.8,20,0.8,1,45
12904,1,0,0.0,0.8,20,0.8,0,45
12905,0,-1,55.504745,0.76,19,0.76,0,45
12906,0,-1,-0.0,0.76,19,0.76,0,45
12907,0,-1,46.429024,0.72,18,0.72,0,45
12908,0,-1,17.658716,0.68,17,0.68,0,45
12909,0,-1,-0.0,0.68,17,0.68,0,45
12910,1,0,0.0,0.68,17,0.68,0,45
12911,0,-1,11.966914,0.64,16,0.64,0,45
12912,0,-1,-0.0,0.64,16,0.64,0,45
12913,2,1,-8.12002,0.68,17,0.68,0,45
12914,0,-1,7.715825,0.64,16,0.64,0,45
12915,2,1,-10.084361,0.68,17,0.68,0,45
12916,2,1,-17.595608,0.72,18,0.72,0,45
12917,1,0,0.0,0.72,18,0.72,0,45
12918,0,-1,19.964144,0.68,17,0.68,0,45
12919,0,-1,-0.0,0.68,17,0.68,0,45
12920,0,-1,11.088916,0.64,16,0.64,0,45
12921,2,1,-22.555626,0.68,17,0.68,0,45
12922,0,-1,22.555626,0.64,16,0.64,0,45
12923,0,-1,0.8170008,0.6,15,0.6,0,45
12924,2,1,-2.991804,0.64,16,0.64,0,45
12925,0,-1,-1.0609516,0.6,15,0.6,0,45
12926,1,0,0.0,0.6,15,0.6,0,45
12927,0,-1,-0.0,0.6,15,0.6,0,45
12928,0,-1,-0.0,0.6,15,0.6,0,45
12929,0,-1,-1.0308305,0.56,14,0.56,0,45
12930,0,-1,-0.0,0.56,14,0.56,0,45
12931,0,-1,-7.5078273,0.52,13,0.52,0,45
12932,2,1,3.660931,0.56,14,0.56,0,45
12933,1,0,0.0,0.56,14,0.56,1,45
12934,0,-1,-11.413271,0.52,13,0.52,0,45
12935,1,0,0.0,0.52,13,0.52,0,45
12936,2,1,4.0626917,0.56,14,0.56,0,45
12937,1,0,0.0,0.56,14,0.56,0,45
12938,2,1,4.054537,0.6,15,0.6,0,45
12939,0,-1,-0.0,0.6,15,0.6,0,45
12940,0,-1,-2.2870762,0.56,14,0.56,0,45
12941,0,-1,-0.0,0.56,14,0.56,0,45
12942,1,0,0.0,0.56,14,0.56,0,45
12943,0,-1,-7.7843356,0.52,13,0.52,0,45
12944,2,1,7.5141406,0.56,14,0.56,0,45
12945,1,0,0.0,0.56,14,0.56,0,45
12946,1,0,0.0,0.56,14,0.56,0,45
12947,2,1,1.8886439,0.6,15,0.6,0,45
12948,0,-1,-0.0,0.6,15,0.6,0,45
12949,0,-1,-3.7843416,0.56,14,0.56,0,45
12950,2,1,-0.21297273,0.6,15,0.6,0,45
12951,0,-1,-0.0,0.6,15,0.6,0,45
12952,0,-1,-0.0,0.6,15,0.6,1,45
12953,2,1,-9.716427,0.64,16,0.64,0,45
12954,1,0,0.0,0.64,16,0.64,0,45
12955,0,-1,5.1763,0.6,15,0.6,0,45
12956,2,1,-1.2130077,0.64,16,0.64,0,45
12957,0,-1,9.716427,0.6,15,0.6,0,45
12958,0,-1,-3.7862155,0.56,14,0.56,0,45
12959,2,1,1.5979719,0.6,15,0.6,0,45
12960,0,-1,-1.5979719,0.56,14,0.56,0,45
12961,0,-1,-3.7174985,0.52,13,0.52,0,45
12962,2,1,6.3534274,0.56,14,0.56,0,45
12963,1,0,0.0,0.56,14,0.56,0,45
12964,0,-1,-6.3534274,0.52,13,0.52,0,45
12965,2,1,5.3277707,0.56,14,0.56,0,45
12966,0,-1,-4.569221,0.52,13,0.52,0,45
12967,2,1,8.467832,0.56,14,0.56,0,45
12968,1,0,0.0,0.56,14,0.56,0,45
12969,2,1,7.6800776,0.6,15,0.6,0,45
12970,1,0,0.0,0.6,15,0.6,0,45
12971,2,1,-5.180263,0.64,16,0.64,0,45
12972,0,-1,-0.0,0.64,16,0.64,0,45
12973,1,0,0.0,0.64,16,0.64,0,45
12974,0,-1,-0.0,0.64,16,0.64,0,45
12975,2,1,-7.0198874,0.68,17,0.68,0,45
12976,0,-1,-0.0,0.68,17,0.68,1,45
12977,0,-1,-0.0,0.68,17,0.68,0,45
12978,0,-1,7.0249934,0.64,16,0.64,0,45
12979,0,-1,5.1177597,0.6,15,0.6,0,45
12980,0,-1,-1.5873995,0.56,14,0.56,0,45
12981,1,0,0.0,0.56,14,0.56,0,45
12982,0,-1,-5.6151843,0.52,13,0.52,0,45
12983,2,1,-0.56116384,0.56,14,0.56,0,45
12984,0,-1,-0.0,0.56,14,0.56,0,45
12985,1,0,0.0,0.56,14,0.56,0,45
12986,2,1,4.9763923,0.6,15,0.6,0,45
12987,1,0,0.0,0.6,15,0.6,0,45
12988,0,-1,-2.957366,0.56,14,0.56,0,45
12989,0,-1,-0.0,0.56,14,0.56,1,45
12990,0,-1,-8.140815,0.52,13,0.52,0,45
12991,1,0,0.0,0.52,13,0.52,0,45
12992,0,-1,-11.355496,0.48,12,0.48,0,45
12993,2,1,12.615409,0.52,13,0.52,0,45
12994,1,0,0.0,0.52,13,0.52,0,45
12995,2,1,8.350972,0.56,14,0.56,0,45
12996,2,1,4.411015,0.6,15,0.6,0,45
12997,0,-1,-4.621173,0.56,14,0.56,0,45
12998,2,1,2.1022108,0.6,15,0.6,0,45
12999,0,-1,-4.9957066,0.56,14,0.56,0,45
13000,2,1,3.7152727,0.6,15,0.6,0,45
13001,0,-1,-0.0,0.6,15,0.6,0,45
13002,2,1,-3.2433321,0.64,16,0.64,0,45
13003,0,-1,3.2433321,0.6,15,0.6,0,45
13004,2,1,-4.9043436,0.64,16,0.64,0,45
13005,2,1,-7.276875,0.68,17,0.68,0,45
13006,1,0,0.0,0.68,17,0.68,0,45
13007,1,0,0.0,0.68,17,0.68,0,45
13008,1,0,0.0,0.68,17,0.68,0,45
13009,1,0,0.0,0.68,17,0.68,0,45
13010,0,-1,7.276875,0.64,16,0.64,0,45
13011,0,-1,1.2839507,0.6,15,0.6,0,45
13012,0,-1,2.3159847,0.56,14,0.56,0,45
13013,2,1,4.621173,0.6,15,0.6,1,45
13014,1,0,0.0,0.6,15,0.6,0,45
13015,1,0,0.0,0.6,15,0.6,0,45
13016,0,-1,-4.406453,0.56,14,0.56,0,45
13017,0,-1,-0.0,0.56,14,0.56,0,45
13018,0,-1,-0.0,0.56,14,0.56,0,45
13019,2,1,4.1598573,0.6,15,0.6,0,45
13020,1,0,0.0,0.6,15,0.6,0,45
13021,0,-1,-0.0,0.6,15,0.6,0,45
13022,0,-1,-0.0,0.6,15,0.6,0,45
13023,0,-1,-0.0,0.6,15,0.6,0,45
13024,0,-1,-4.1598573,0.56,14,0.56,0,45
13025,0,-1,-0.0,0.56,14,0.56,0,45
13026,2,1,1.3076189,0.6,15,0.6,0,45
13027,1,0,0.0,0.6,15,0.6,0,45
13028,0,-1,-0.0,0.6,15,0.6,0,45
13029,1,0,0.0,0.6,15,0.6,0,45
13030,2,1,-4.4005747,0.64,16,0.64,0,45
13031,2,1,-8.185933,0.68,17,0.68,0,45
13032,2,1,-23.513554,0.72,18,0.72,0,45
13033,1,0,0.0,0.72,18,0.72,0,45
13034,0,-1,23.513554,0.68,17,0.68,0,45
13035,1,0,0.0,0.68,17,0.68,0,45
13036,2,1,-22.143122,0.72,18,0.72,0,45
13037,0,-1,-0.0,0.72,18,0.72,0,45
13038,0,-1,-0.0,0.72,18,0.72,0,45
13039,0,-1,-0.0,0.72,18,0.72,0,45
13040,0,-1,-0.0,0.72,18,0.72,0,45
13041,0,-1,-0.0,0.72,18,0.72,1,45
13042,0,-1,18.067291,0.68,17,0.68,0,45
13043,2,1,-24.097126,0.72,18,0.72,0,45
13044,0,-1,20.890379,0.68,17,0.68,0,45
13045,0,-1,-0.0,0.68,17,0.68,0,45
13046,1,0,0.0,0.68,17,0.68,0,45
13047,0,-1,-0.0,0.68,17,0.68,0,45
13048,0,-1,11.756159,0.64,16,0.64,0,45
13049,2,1,0.0,0.64,16,0.64,0,45
13050,0,-1,7.3185196,0.6,15,0.6,0,45
13051,1,0,0.0,0.6,15,0.6,0,45
13052,2,1,-5.825292,0.64,16,0.64,0,45
13053,0,-1,-0.0,0.64,16,0.64,0,45
13054,0,-1,-0.0,0.64,16,0.64,0,45
13055,2,1,-8.621176,0.68,17,0.68,0,45
13056,0,-1,-0.0,0.68,17,0.68,0,45
13057,2,1,-18.067297,0.72,18,0.72,0,45
13058,0,-1,22.603899,0.68,17,0.68,0,45
13059,0,-1,8.621176,0.64,16,0.64,0,45
13060,1,0,0.0,0.64,16,0.64,0,45
13061,0,-1,2.5843153,0.6,15,0.6,0,45
13062,2,1,-7.8440204,0.64,16,0.64,0,45
13063,0,-1,-0.0,0.64,16,0.64,0,45
13064,2,1,-16.118736,0.68,17,0.68,0,45
13065,2,1,-19.55475,0.72,18,0.72,1,45
13066,0,-1,-0.0,0.72,18,0.72,0,45
13067,0,-1,-0.0,0.72,18,0.72,0,45
13068,0,-1,25.372066,0.68,17,0.68,0,45
13069,2,1,-17.018814,0.72,18,0.72,0,45
13070,1,0,0.0,0.72,18,0.72,0,45
13071,0,-1,17.018814,0.68,17,0.68,0,45
13072,0,-1,-0.0,0.68,17,0.68,0,45
13073,0,-1,9.586206,0.64,16,0.64,0,45
13074,0,-1,-0.0,0.64,16,0.64,0,45
13075,0,-1,7.6324244,0.6,15,0.6,0,45
13076,0,-1,-0.0,0.6,15,0.6,0,45
13077,0,-1,-3.7089546,0.56,14,0.56,0,45
13078,2,1,-2.325796,0.6,15,0.6,0,45
13079,1,0,0.0,0.6,15,0.6,0,45
13080,0,-1,2.325796,0.56,14,0.56,0,45
13081,2,1,-2.325796,0.6,15,0.6,0,45
13082,2,1,0.0,0.6,15,0.6,0,45
13083,0,-1,-0.0,0.6,15,0.6,0,45
13084,2,1,-5.866157,0.64,16,0.64,1,45
13085,0,-1,-0.0,0.64,16,0.64,0,45
13086,1,0,0.0,0.64,16,0.64,0,45
13087,0,-1,-0.0,0.64,16,0.64,0,45
13088,0,-1,7.3270264,0.6,15,0.6,0,45
13089,0,-1,0.8878691,0.56,14,0.56,0,45
13090,2,1,4.156733,0.6,15,0.6,0,45
13091,0,-1,-4.156733,0.56,14,0.56,0,45
13092,0,-1,-0.0,0.56,14,0.56,0,45
13093,0,-1,-0.0,0.56,14,0.56,0,45
13094,0,-1,-0.0,0.56,14,0.56,0,45
13095,1,0,0.0,0.56,14,0.56,0,45
13096,2,1,-2.3404949,0.6,15,0.6,1,45
13097,1,0,0.0,0.6,15,0.6,0,45
13098,0,-1,-0.0,0.6,15,0.6,1,45
13099,2,1,-5.9309187,0.64,16,0.64,0,45
13100,0,-1,-0.0,0.64,16,0.64,0,45
13101,0,-1,7.354139,0.6,15,0.6,0,45
13102,2,1,-3.2616699,0.64,16,0.64,0,45
13103,2,1,-9.603398,0.68,17,0.68,0,45
13104,1,0,0.0,0.68,17,0.68,0,45
13105,1,0,0.0,0.68,17,0.68,0,45
13106,0,-1,9.603398,0.64,16,0.64,0,45
13107,0,-1,5.9309187,0.6,15,0.6,0,45
13108,0,-1,-0.0,0.6,15,0.6,0,45
13109,1,0,0.0,0.6,15,0.6,0,45
13110,0,-1,0.24085738,0.56,14,0.56,0,45
13111,0,-1,-0.0,0.56,14,0.56,0,45
13112,0,-1,-5.4673524,0.52,13,0.52,0,45
13113,0,-1,-0.0,0.52,13,0.52,0,45
13114,0,-1,-12.6078,0.48,12,0.48,0,45
13115,2,1,12.607797,0.52,13,0.52,0,45
13116,2,1,6.0244484,0.56,14,0.56,0,45
13117,0,-1,-5.2057037,0.52,13,0.52,0,45
13118,1,0,0.0,0.52,13,0.52,0,45
13119,1,0,0.0,0.52,13,0.52,0,45
13120,1,0,0.0,0.52,13,0.52,1,45
13121,2,1,8.492665,0.56,14,0.56,0,45
13122,0,-1,-8.539283,0.52,13,0.52,0,45
13123,0,-1,-0.0,0.52,13,0.52,1,45
13124,0,-1,-11.358465,0.48,12,0.48,0,45
13125,1,0,0.0,0.48,12,0.48,0,45
13126,2,1,6.5212255,0.52,13,0.52,0,45
13127,0,-1,-6.5212255,0.48,12,0.48,0,45
13128,1,0,0.0,0.48,12,0.48,1,45
13129,1,0,0.0,0.48,12,0.48,0,45
13130,0,-1,-14.803923,0.44,11,0.44,0,45
13131,0,-1,-0.0,0.44,11,0.44,0,45
13132,2,1,14.803911,0.48,12,0.48,0,45
13133,0,-1,-0.0,0.48,12,0.48,0,45
13134,2,1,8.87594,0.52,13,0.52,0,45
13135,1,0,0.0,0.52,13,0.52,1,45
13136,0,-1,-9.159733,0.48,12,0.48,0,45
13137,2,1,11.371262,0.52,13,0.52,0,45
13138,0,-1,-9.219832,0.48,12,0.48,0,45
13139,0,-1,-14.798309,0.44,11,0.44,0,45
13140,2,1,14.798305,0.48,12,0.48,0,45
13141,0,-1,-13.584095,0.44,11,0.44,0,45
13142,2,1,12.622325,0.48,12,0.48,0,45
13143,0,-1,-0.0,0.48,12,0.48,0,45
13144,0,-1,-0.0,0.48,12,0.48,0,45
13145,1,0,0.0,0.48,12,0.48,0,45
13146,0,-1,-0.0,0.48,12,0.48,0,45
13147,1,0,0.0,0.48,12,0.48,1,45
13148,2,1,10.245284,0.52,13,0.52,0,45
13149,1,0,0.0,0.0,0,0.0,0,45
13150,2,1,24.223005,0.2,5,0.2,0,46
13151,2,1,23.929375,0.24,6,0.24,0,46
13152,2,1,22.251343,0.28,7,0.28,0,46
13153,2,1,19.954378,0.32,8,0.32,0,46
13154,2,1,17.93639,0.36,9,0.36,0,46
13155,2,1,16.597834,0.4,10,0.4,0,46
13156,2,1,13.721282,0.44,11,0.44,0,46
13157,2,1,11.14994,0.48,12,0.48,0,46
13158,2,1,14.292836,0.52,13,0.52,0,46
13159,0,-1,-0.0,0.52,13,0.52,0,46
13160,0,-1,-0.0,0.52,13,0.52,1,46
13161,2,1,4.6421695,0.56,14,0.56,0,46
13162,1,0,0.0,0.56,14,0.56,0,46
13163,0,-1,-4.6421695,0.52,13,0.52,0,46
13164,1,0,0.0,0.52,13,0.52,0,46
13165,0,-1,-8.910463,0.48,12,0.48,0,46
13166,0,-1,-0.0,0.48,12,0.48,0,46
13167,2,1,10.76436,0.52,13,0.52,0,46
13168,0,-1,-0.0,0.52,13,0.52,0,46
13169,2,1,5.932476,0.56,14,0.56,1,46
13170,2,1,2.3197565,0.6,15,0.6,0,46
13171,0,-1,-4.7320824,0.56,14,0.56,0,46
13172,1,0,0.0,0.56,14,0.56,0,46
13173,2,1,6.0136313,0.6,15,0.6,0,46
13174,0,-1,-6.0136313,0.56,14,0.56,0,46
13175,0,-1,-0.0,0.56,14,0.56,0,46
13176,2,1,4.445373,0.6,15,0.6,0,46
13177,0,-1,-3.1639469,0.56,14,0.56,0,46
13178,0,-1,-0.0,0.56,14,0.56,0,46
13179,1,0,0.0,0.56,14,0.56,0,46
13180,1,0,0.0,0.56,14,0.56,0,46
13181,0,-1,-0.0,0.56,14,0.56,0,46
13182,0,-1,-8.175172,0.52,13,0.52,0,46
13183,1,0,0.0,0.52,13,0.52,0,46
13184,1,0,0.0,0.52,13,0.52,0,46
13185,1,0,0.0,0.52,13,0.52,0,46
13186,2,1,7.4700785,0.56,14,0.56,0,46
13187,2,1,4.950814,0.6,15,0.6,0,46
13188,0,-1,-3.7402797,0.56,14,0.56,0,46
13189,0,-1,-6.0495553,0.52,13,0.52,0,46
13190,0,-1,-8.775184,0.48,12,0.48,0,46
13191,2,1,9.779233,0.52,13,0.52,0,46
13192,2,1,6.0495553,0.56,14,0.56,0,46
13193,0,-1,-0.0,0.56,14,0.56,0,46
13194,0,-1,-7.9120216,0.52,13,0.52,1,46
13195,0,-1,-9.822873,0.48,12,0.48,0,46
13196,2,1,9.724203,0.52,13,0.52,0,46
13197,1,0,0.0,0.52,13,0.52,0,46
13198,0,-1,-0.0,0.52,13,0.52,0,46
13199,2,1,7.457616,0.56,14,0.56,0,46
13200,0,-1,-0.0,0.56,14,0.56,1,46
13201,2,1,1.211513,0.6,15,0.6,0,46
13202,1,0,0.0,0.6,15,0.6,0,46
13203,2,1,-0.8368538,0.64,16,0.64,0,46
13204,0,-1,3.7877104,0.6,15,0.6,0,46
13205,2,1,-3.7877104,0.64,16,0.64,0,46
13206,0,-1,1.2839512,0.6,15,0.6,0,46
13207,0,-1,-2.262051,0.56,14,0.56,0,46
13208,2,1,4.7547526,0.6,15,0.6,0,46
13209,1,0,0.0,0.6,15,0.6,0,46
13210,0,-1,-0.0,0.6,15,0.6,0,46
13211,2,1,1.0326502,0.64,16,0.64,0,46
13212,2,1,-8.225362,0.68,17,0.68,0,46
13213,0,-1,10.686535,0.64,16,0.64,0,46
13214,2,1,-8.125123,0.68,17,0.68,0,46
13215,0,-1,7.735678,0.64,16,0.64,0,46
13216,1,0,0.0,0.64,16,0.64,0,46
13217,2,1,-10.788151,0.68,17,0.68,0,46
13218,2,1,-22.304628,0.72,18,0.72,0,46
13219,1,0,0.0,0.72,18,0.72,0,46
13220,0,-1,22.304628,0.68,17,0.68,0,46
13221,0,-1,-0.0,0.68,17,0.68,0,46
13222,1,0,0.0,0.68,17,0.68,0,46
13223,0,-1,7.1432953,0.64,16,0.64,0,46
13224,1,0,0.0,0.64,16,0.64,1,46
13225,2,1,-12.522159,0.68,17,0.68,0,46
13226,0,-1,12.522159,0.64,16,0.64,0,46
13227,0,-1,0.017213307,0.6,15,0.6,0,46
13228,1,0,0.0,0.6,15,0.6,0,46
13229,0,-1,-5.071373,0.56,14,0.56,0,46
13230,0,-1,-0.0,0.56,14,0.56,0,46
13231,0,-1,-0.0,0.56,14,0.56,0,46
13232,2,1,1.2035753,0.6,15,0.6,0,46
13233,2,1,-3.345895,0.64,16,0.64,0,46
13234,0,-1,-0.0,0.64,16,0.64,0,46
13235,0,-1,3.795648,0.6,15,0.6,0,46
13236,0,-1,-3.1212566,0.56,14,0.56,0,46
13237,1,0,0.0,0.56,14,0.56,0,46
13238,0,-1,-4.811425,0.52,13,0.52,0,46
13239,1,0,0.0,0.52,13,0.52,0,46
13240,0,-1,-0.0,0.52,13,0.52,0,46
13241,2,1,8.210084,0.56,14,0.56,0,46
13242,1,0,0.0,0.56,14,0.56,0,46
13243,2,1,1.5748991,0.6,15,0.6,1,46
13244,0,-1,-4.831419,0.56,14,0.56,0,46
13245,1,0,0.0,0.56,14,0.56,0,46
13246,0,-1,-0.0,0.56,14,0.56,0,46
13247,2,1,0.44692242,0.6,15,0.6,0,46
13248,0,-1,-0.0,0.6,15,0.6,0,46
13249,2,1,-7.0037093,0.64,16,0.64,0,46
13250,1,0,0.0,0.64,16,0.64,0,46
13251,1,0,0.0,0.64,16,0.64,0,46
13252,1,0,0.0,0.64,16,0.64,0,46
13253,2,1,-7.9410224,0.68,17,0.68,0,46
13254,1,0,0.0,0.68,17,0.68,0,46
13255,0,-1,-0.0,0.68,17,0.68,0,46
13256,0,-1,-0.0,0.68,17,0.68,1,46
13257,0,-1,13.909715,0.64,16,0.64,0,46
13258,0,-1,4.327054,0.6,15,0.6,0,46
13259,2,1,-4.405827,0.64,16,0.64,0,46
13260,0,-1,0.7731931,0.6,15,0.6,0,46
13261,1,0,0.0,0.6,15,0.6,0,46
13262,0,-1,-2.2323706,0.56,14,0.56,0,46
13263,0,-1,-0.0,0.56,14,0.56,0,46
13264,2,1,-2.3411708,0.6,15,0.6,0,46
13265,0,-1,-0.0,0.6,15,0.6,0,46
13266,1,0,0.0,0.6,15,0.6,0,46
13267,0,-1,-0.0,0.6,15,0.6,0,46
13268,0,-1,-0.0,0.6,15,0.6,0,46
13269,2,1,-3.9881668,0.64,16,0.64,0,46
13270,0,-1,-0.0,0.64,16,0.64,1,46
13271,1,0,0.0,0.64,16,0.64,0,46
13272,1,0,0.0,0.64,16,0.64,0,46
13273,1,0,0.0,0.64,16,0.64,0,46
13274,0,-1,4.1152186,0.6,15,0.6,0,46
13275,1,0,0.0,0.6,15,0.6,0,46
13276,0,-1,-0.99033576,0.56,14,0.56,0,46
13277,0,-1,-5.9869137,0.52,13,0.52,0,46
13278,2,1,8.494958,0.56,14,0.56,0,46
13279,0,-1,-0.0,0.56,14,0.56,0,46
13280,0,-1,-7.4937024,0.52,13,0.52,0,46
13281,1,0,0.0,0.52,13,0.52,0,46
13282,1,0,0.0,0.52,13,0.52,0,46
13283,2,1,7.4648376,0.56,14,0.56,0,46
13284,0,-1,-0.0,0.56,14,0.56,0,46
13285,2,1,-3.3851254,0.6,15,0.6,0,46
13286,1,0,0.0,0.6,15,0.6,0,46
13287,2,1,-0.1766156,0.64,16,0.64,0,46
13288,2,1,-7.749447,0.68,17,0.68,0,46
13289,1,0,0.0,0.68,17,0.68,1,46
13290,2,1,-17.358027,0.72,18,0.72,0,46
13291,1,0,0.0,0.72,18,0.72,0,46
13292,1,0,0.0,0.72,18,0.72,0,46
13293,2,1,-31.93406,0.76,19,0.76,0,46
13294,0,-1,31.820692,0.72,18,0.72,0,46
13295,0,-1,17.967426,0.68,17,0.68,0,46
13296,1,0,0.0,0.68,17,0.68,0,46
13297,0,-1,-0.0,0.68,17,0.68,0,46
13298,0,-1,-0.0,0.68,17,0.68,0,46
13299,0,-1,-0.0,0.68,17,0.68,0,46
13300,2,1,-28.001043,0.72,18,0.72,0,46
13301,0,-1,-0.0,0.72,18,0.72,0,46
13302,0,-1,17.639305,0.68,17,0.68,0,46
13303,0,-1,7.0963683,0.64,16,0.64,0,46
13304,0,-1,0.57941955,0.6,15,0.6,1,46
13305,1,0,0.0,0.6,15,0.6,0,46
13306,1,0,0.0,0.6,15,0.6,0,46
13307,1,0,0.0,0.6,15,0.6,0,46
13308,0,-1,-0.0,0.6,15,0.6,0,46
13309,1,0,0.0,0.6,15,0.6,0,46
13310,0,-1,-0.0,0.6,15,0.6,0,46
13311,0,-1,-0.0,0.6,15,0.6,0,46
13312,1,0,0.0,0.6,15,0.6,0,46
13313,0,-1,-0.0,0.6,15,0.6,0,46
13314,0,-1,-0.0,0.6,15,0.6,0,46
13315,0,-1,-4.7808056,0.56,14,0.56,0,46
13316,2,1,-4.513321,0.6,15,0.6,0,46
13317,2,1,-0.8657607,0.64,16,0.64,0,46
13318,2,1,-7.108155,0.68,17,0.68,0,46
13319,0,-1,-0.0,0.68,17,0.68,0,46
13320,0,-1,16.41137,0.64,16,0.64,0,46
13321,0,-1,-0.0,0.64,16,0.64,0,46
13322,1,0,0.0,0.64,16,0.64,0,46
13323,0,-1,-0.0,0.64,16,0.64,0,46
13324,0,-1,10.161503,0.6,15,0.6,0,46
13325,1,0,0.0,0.6,15,0.6,1,46
13326,1,0,0.0,0.6,15,0.6,0,46
13327,0,-1,-0.0,0.6,15,0.6,0,46
13328,2,1,-0.5508747,0.64,16,0.64,0,46
13329,0,-1,-0.0,0.64,16,0.64,0,46
13330,2,1,-9.767709,0.68,17,0.68,0,46
13331,2,1,-26.785625,0.72,18,0.72,0,46
13332,1,0,0.0,0.72,18,0.72,0,46
13333,0,-1,19.647491,0.68,17,0.68,0,46
13334,0,-1,-0.0,0.68,17,0.68,0,46
13335,1,0,0.0,0.68,17,0.68,0,46
13336,1,0,0.0,0.68,17,0.68,0,46
13337,2,1,-16.746834,0.72,18,0.72,0,46
13338,0,-1,-0.0,0.72,18,0.72,0,46
13339,0,-1,-0.0,0.72,18,0.72,0,46
13340,1,0,0.0,0.72,18,0.72,0,46
13341,0,-1,17.0098,0.68,17,0.68,0,46
13342,0,-1,7.449699,0.64,16,0.64,0,46
13343,1,0,0.0,0.64,16,0.64,0,46
13344,1,0,0.0,0.64,16,0.64,0,46
13345,2,1,-9.5429535,0.68,17,0.68,0,46
13346,0,-1,-0.0,0.68,17,0.68,1,46
13347,0,-1,16.284754,0.64,16,0.64,0,46
13348,0,-1,-0.0,0.64,16,0.64,0,46
13349,2,1,-7.9676495,0.68,17,0.68,0,46
13350,1,0,0.0,0.68,17,0.68,0,46
13351,0,-1,-0.0,0.68,17,0.68,0,46
13352,0,-1,-0.0,0.68,17,0.68,0,46
13353,0,-1,-0.0,0.68,17,0.68,0,46
13354,2,1,-19.52799,0.72,18,0.72,0,46
13355,0,-1,-0.0,0.72,18,0.72,0,46
13356,0,-1,19.52799,0.68,17,0.68,0,46
13357,0,-1,12.086108,0.64,16,0.64,0,46
13358,0,-1,-0.0,0.64,16,0.64,0,46
13359,0,-1,0.8809998,0.6,15,0.6,1,46
13360,0,-1,-5.1233025,0.56,14,0.56,0,46
13361,0,-1,-6.2371387,0.52,13,0.52,1,46
13362,0,-1,-0.0,0.52,13,0.52,0,46
13363,1,0,0.0,0.52,13,0.52,0,46
13364,2,1,8.21372,0.56,14,0.56,0,46
13365,1,0,0.0,0.56,14,0.56,0,46
13366,2,1,2.7727518,0.6,15,0.6,0,46
13367,0,-1,-5.972172,0.56,14,0.56,0,46
13368,0,-1,-11.310755,0.52,13,0.52,0,46
13369,0,-1,-0.0,0.52,13,0.52,0,46
13370,2,1,4.999003,0.56,14,0.56,0,46
13371,0,-1,-0.0,0.56,14,0.56,0,46
13372,1,0,0.0,0.56,14,0.56,0,46
13373,2,1,7.5806813,0.6,15,0.6,0,46
13374,0,-1,-0.0,0.6,15,0.6,0,46
13375,0,-1,-6.032218,0.56,14,0.56,0,46
13376,0,-1,-4.2552876,0.52,13,0.52,0,46
13377,2,1,8.840269,0.56,14,0.56,0,46
13378,0,-1,-8.840269,0.52,13,0.52,1,46
13379,0,-1,-0.0,0.52,13,0.52,0,46
13380,0,-1,-0.0,0.52,13,0.52,0,46
13381,2,1,7.0658126,0.56,14,0.56,0,46
13382,2,1,1.2765571,0.6,15,0.6,0,46
13383,1,0,0.0,0.6,15,0.6,0,46
13384,0,-1,-1.2765571,0.56,14,0.56,0,46
13385,2,1,5.960579,0.6,15,0.6,0,46
13386,1,0,0.0,0.6,15,0.6,0,46
13387,0,-1,-0.0,0.6,15,0.6,0,46
13388,0,-1,-0.0,0.6,15,0.6,0,46
13389,0,-1,-3.3360138,0.56,14,0.56,0,46
13390,1,0,0.0,0.56,14,0.56,0,46
13391,0,-1,-0.0,0.56,14,0.56,0,46
13392,1,0,0.0,0.56,14,0.56,0,46
13393,2,1,4.7862773,0.6,15,0.6,0,46
13394,2,1,-0.9072385,0.64,16,0.64,0,46
13395,0,-1,0.9636092,0.6,15,0.6,0,46
13396,0,-1,-4.0919847,0.56,14,0.56,0,46
13397,0,-1,-4.945727,0.52,13,0.52,0,46
13398,2,1,7.3567867,0.56,14,0.56,0,46
13399,2,1,3.1569333,0.6,15,0.6,0,46
13400,2,1,-3.247659,0.64,16,0.64,0,46
13401,0,-1,-0.0,0.64,16,0.64,0,46
13402,2,1,-6.7514486,0.68,17,0.68,0,46
13403,0,-1,8.27106,0.64,16,0.64,0,46
13404,1,0,0.0,0.64,16,0.64,0,46
13405,0,-1,2.2569041,0.6,15,0.6,0,46
13406,0,-1,-7.302616,0.56,14,0.56,0,46
13407,0,-1,-8.876398,0.52,13,0.52,0,46
13408,1,0,0.0,0.52,13,0.52,1,46
13409,1,0,0.0,0.52,13,0.52,0,46
13410,0,-1,-9.095376,0.48,12,0.48,0,46
13411,2,1,8.334733,0.52,13,0.52,0,46
13412,0,-1,-8.334733,0.48,12,0.48,0,46
13413,1,0,0.0,0.48,12,0.48,0,46
13414,1,0,0.0,0.48,12,0.48,0,46
13415,1,0,0.0,0.48,12,0.48,0,46
13416,2,1,10.190828,0.52,13,0.52,0,46
13417,2,1,5.390276,0.56,14,0.56,0,46
13418,0,-1,-6.942978,0.52,13,0.52,0,46
13419,2,1,3.2474096,0.56,14,0.56,0,46
13420,1,0,0.0,0.56,14,0.56,0,46
13421,1,0,0.0,0.56,14,0.56,0,46
13422,1,0,0.0,0.56,14,0.56,0,46
13423,2,1,3.4827764,0.6,15,0.6,0,46
13424,0,-1,0.48238936,0.56,14,0.56,0,46
13425,2,1,2.7089734,0.6,15,0.6,0,46
13426,0,-1,-4.8137145,0.56,14,0.56,0,46
13427,2,1,4.7809644,0.6,15,0.6,0,46
13428,0,-1,-8.544655,0.56,14,0.56,0,46
13429,0,-1,-8.510763,0.52,13,0.52,0,46
13430,1,0,0.0,0.52,13,0.52,0,46
13431,0,-1,-0.0,0.52,13,0.52,0,46
13432,2,1,3.2474096,0.56,14,0.56,1,46
13433,2,1,-2.533246,0.6,15,0.6,0,46
13434,0,-1,-0.0,0.6,15,0.6,1,46
13435,0,-1,-0.0,0.6,15,0.6,0,46
13436,0,-1,-3.6014538,0.56,14,0.56,0,46
13437,0,-1,-0.0,0.56,14,0.56,0,46
13438,0,-1,-6.4597993,0.52,13,0.52,0,46
13439,2,1,7.2634435,0.56,14,0.56,0,46
13440,2,1,7.8487396,0.6,15,0.6,0,46
13441,2,1,0.91925925,0.64,16,0.64,0,46
13442,2,1,-8.24911,0.68,17,0.68,0,46
13443,0,-1,-0.0,0.68,17,0.68,0,46
13444,2,1,-17.46189,0.72,18,0.72,0,46
13445,0,-1,17.29049,0.68,17,0.68,0,46
13446,0,-1,-0.0,0.68,17,0.68,0,46
13447,0,-1,7.582107,0.64,16,0.64,0,46
13448,2,1,-12.261006,0.68,17,0.68,0,46
13449,1,0,0.0,0.0,0,0.0,0,46
13450,2,1,24.223005,0.2,5,0.2,0,47
13451,2,1,23.929375,0.24,6,0.24,0,47
13452,2,1,19.224253,0.28,7,0.28,0,47
13453,2,1,-9.69535,0.32,8,0.32,0,47
13454,2,1,17.481995,0.36,9,0.36,0,47
13455,2,1,-11.659089,0.4,10,0.4,0,47
13456,0,-1,-16.597834,0.36,9,0.36,0,47
13457,1,0,0.0,0.36,9,0.36,0,47
13458,1,0,0.0,0.36,9,0.36,0,47
13459,2,1,14.481087,0.4,10,0.4,0,47
13460,2,1,11.186805,0.44,11,0.44,0,47
13461,2,1,7.9634194,0.48,12,0.48,0,47
13462,0,-1,14.783627,0.44,11,0.44,0,47
13463,2,1,-14.783118,0.48,12,0.48,1,47
13464,2,1,14.297586,0.52,13,0.52,0,47
13465,2,1,8.664214,0.56,14,0.56,0,47
13466,2,1,7.7036624,0.6,15,0.6,0,47
13467,1,0,0.0,0.6,15,0.6,0,47
13468,1,0,0.0,0.6,15,0.6,0,47
13469,2,1,-25.618425,0.64,16,0.64,0,47
13470,0,-1,5.8080163,0.6,15,0.6,0,47
13471,2,1,-7.395727,0.64,16,0.64,0,47
13472,1,0,0.0,0.64,16,0.64,0,47
13473,0,-1,7.395727,0.6,15,0.6,0,47
13474,1,0,0.0,0.6,15,0.6,0,47
13475,0,-1,-4.9344153,0.56,14,0.56,0,47
13476,0,-1,16.889404,0.52,13,0.52,0,47
13477,0,-1,6.229616,0.48,12,0.48,1,47
13478,2,1,11.526871,0.52,13,0.52,0,47
13479,2,1,6.937432,0.56,14,0.56,1,47
13480,0,-1,-0.0,0.56,14,0.56,0,47
13481,1,0,0.0,0.56,14,0.56,0,47
13482,0,-1,-4.529311,0.52,13,0.52,0,47
13483,0,-1,-8.571219,0.48,12,0.48,0,47
13484,0,-1,-11.416956,0.44,11,0.44,0,47
13485,2,1,9.736983,0.48,12,0.48,0,47
13486,0,-1,-16.466734,0.44,11,0.44,0,47
13487,1,0,0.0,0.44,11,0.44,0,47
13488,2,1,16.466722,0.48,12,0.48,0,47
13489,2,1,11.319303,0.52,13,0.52,0,47
13490,2,1,9.63351,0.56,14,0.56,0,47
13491,1,0,0.0,0.56,14,0.56,0,47
13492,1,0,0.0,0.56,14,0.56,0,47
13493,0,-1,-4.6767426,0.52,13,0.52,1,47
13494,2,1,4.982447,0.56,14,0.56,0,47
13495,1,0,0.0,0.56,14,0.56,0,47
13496,1,0,0.0,0.56,14,0.56,0,47
13497,0,-1,-8.504551,0.52,13,0.52,0,47
13498,1,0,0.0,0.52,13,0.52,0,47
13499,2,1,9.768,0.56,14,0.56,0,47
13500,2,1,4.85226,0.6,15,0.6,0,47
13501,1,0,0.0,0.6,15,0.6,0,47
13502,0,-1,-4.85226,0.56,14,0.56,0,47
13503,2,1,1.4024218,0.6,15,0.6,0,47
13504,2,1,-2.066959,0.64,16,0.64,0,47
13505,2,1,-7.143318,0.68,17,0.68,0,47
13506,1,0,0.0,0.68,17,0.68,0,47
13507,0,-1,-0.0,0.68,17,0.68,0,47
13508,2,1,-19.550695,0.72,18,0.72,0,47
13509,0,-1,20.525183,0.68,17,0.68,0,47
13510,0,-1,8.604148,0.64,16,0.64,0,47
13511,0,-1,-0.0,0.64,16,0.64,0,47
13512,0,-1,2.066959,0.6,15,0.6,0,47
13513,0,-1,-6.0382013,0.56,14,0.56,0,47
13514,0,-1,-8.712181,0.52,13,0.52,0,47
13515,1,0,0.0,0.52,13,0.52,0,47
13516,0,-1,-10.986815,0.48,12,0.48,1,47
13517,2,1,12.593181,0.52,13,0.52,0,47
13518,2,1,3.8907297,0.56,14,0.56,0,47
13519,0,-1,-0.0,0.56,14,0.56,0,47
13520,0,-1,-0.0,0.56,14,0.56,0,47
13521,0,-1,-0.0,0.56,14,0.56,0,47
13522,0,-1,-3.8907297,0.52,13,0.52,0,47
13523,0,-1,-9.539186,0.48,12,0.48,0,47
13524,0,-1,-11.052073,0.44,11,0.44,0,47
13525,2,1,6.5141635,0.48,12,0.48,0,47
13526,1,0,0.0,0.48,12,0.48,0,47
13527,0,-1,-0.0,0.48,12,0.48,0,47
13528,2,1,11.572782,0.52,13,0.52,0,47
13529,2,1,6.9258356,0.56,14,0.56,0,47
13530,2,1,4.142287,0.6,15,0.6,0,47
13531,2,1,-1.9058021,0.64,16,0.64,0,47
13532,2,1,-8.208153,0.68,17,0.68,0,47
13533,0,-1,8.702011,0.64,16,0.64,0,47
13534,1,0,0.0,0.64,16,0.64,0,47
13535,0,-1,1.9058021,0.6,15,0.6,0,47
13536,0,-1,-4.142287,0.56,14,0.56,0,47
13537,0,-1,-8.544359,0.52,13,0.52,0,47
13538,2,1,9.371088,0.56,14,0.56,0,47
13539,1,0,0.0,0.56,14,0.56,1,47
13540,0,-1,-7.4068694,0.52,13,0.52,0,47
13541,2,1,7.005491,0.56,14,0.56,0,47
13542,0,-1,-9.639803,0.52,13,0.52,0,47
13543,0,-1,-5.55083,0.48,12,0.48,0,47
13544,1,0,0.0,0.48,12,0.48,0,47
13545,2,1,10.328737,0.52,13,0.52,0,47
13546,0,-1,-12.581975,0.48,12,0.48,0,47
13547,2,1,8.415122,0.52,13,0.52,0,47
13548,1,0,0.0,0.52,13,0.52,0,47
13549,2,1,9.73456,0.56,14,0.56,1,47
13550,0,-1,-9.728931,0.52,13,0.52,0,47
13551,0,-1,-9.048256,0.48,12,0.48,0,47
13552,1,0,0.0,0.48,12,0.48,0,47
13553,2,1,9.250816,0.52,13,0.52,0,47
13554,2,1,8.518551,0.56,14,0.56,0,47
13555,0,-1,-7.113023,0.52,13,0.52,0,47
13556,2,1,5.0430775,0.56,14,0.56,0,47
13557,2,1,-0.39760664,0.6,15,0.6,0,47
13558,0,-1,-7.614597,0.56,14,0.56,0,47
13559,0,-1,-3.3321922,0.52,13,0.52,0,47
13560,2,1,4.2581744,0.56,14,0.56,0,47
13561,0,-1,-5.0430775,0.52,13,0.52,0,47
13562,0,-1,-7.1055813,0.48,12,0.48,0,47
13563,0,-1,-0.0,0.48,12,0.48,0,47
13564,2,1,9.72534,0.52,13,0.52,0,47
13565,1,0,0.0,0.52,13,0.52,0,47
13566,2,1,5.522685,0.56,14,0.56,0,47
13567,1,0,0.0,0.56,14,0.56,0,47
13568,2,1,2.1060126,0.6,15,0.6,1,47
13569,1,0,0.0,0.6,15,0.6,0,47
13570,2,1,0.9757125,0.64,16,0.64,0,47
13571,1,0,0.0,0.64,16,0.64,0,47
13572,2,1,-9.221809,0.68,17,0.68,0,47
13573,2,1,-21.788101,0.72,18,0.72,0,47
13574,0,-1,-0.0,0.72,18,0.72,0,47
13575,2,1,-32.04938,0.76,19,0.76,0,47
13576,0,-1,34.507652,0.72,18,0.72,1,47
13577,0,-1,19.110895,0.68,17,0.68,0,47
13578,0,-1,-0.0,0.68,17,0.68,0,47
13579,0,-1,11.936817,0.64,16,0.64,0,47
13580,0,-1,-0.0,0.64,16,0.64,0,47
13581,1,0,0.0,0.64,16,0.64,0,47
13582,0,-1,1.9341514,0.6,15,0.6,0,47
13583,1,0,0.0,0.6,15,0.6,0,47
13584,0,-1,-4.6063204,0.56,14,0.56,0,47
13585,2,1,-0.241127,0.6,15,0.6,0,47
13586,0,-1,-0.0,0.6,15,0.6,0,47
13587,0,-1,-0.0,0.6,15,0.6,0,47
13588,0,-1,0.241127,0.56,14,0.56,0,47
13589,2,1,2.6665294,0.6,15,0.6,0,47
13590,0,-1,-3.189991,0.56,14,0.56,0,47
13591,1,0,0.0,0.56,14,0.56,1,47
13592,0,-1,-8.882721,0.52,13,0.52,0,47
13593,1,0,0.0,0.52,13,0.52,0,47
13594,2,1,8.814329,0.56,14,0.56,0,47
13595,2,1,1.3328494,0.6,15,0.6,0,47
13596,1,0,0.0,0.6,15,0.6,0,47
13597,0,-1,-4.8282933,0.56,14,0.56,0,47
13598,2,1,1.1176808,0.6,15,0.6,0,47
13599,0,-1,-0.0,0.6,15,0.6,0,47
13600,1,0,0.0,0.6,15,0.6,0,47
13601,2,1,-0.376674,0.64,16,0.64,0,47
13602,2,1,-8.57706,0.68,17,0.68,0,47
13603,1,0,0.0,0.68,17,0.68,1,47
13604,1,0,0.0,0.68,17,0.68,1,47
13605,0,-1,8.463925,0.64,16,0.64,1,47
13606,2,1,-10.166778,0.68,17,0.68,0,47
13607,2,1,-24.27107,0.72,18,0.72,0,47
13608,2,1,-41.24349,0.76,19,0.76,0,47
13609,2,1,-61.70625,0.8,20,0.8,0,47
13610,1,0,0.0,0.8,20,0.8,0,47
13611,2,1,-102.995514,0.84,21,0.84,0,47
13612,0,-1,-0.0,0.84,21,0.84,0,47
13613,0,-1,103.3426,0.8,20,0.8,0,47
13614,0,-1,-0.0,0.8,20,0.8,0,47
13615,0,-1,-0.0,0.8,20,0.8,0,47
13616,2,1,-103.027214,0.84,21,0.84,0,47
13617,0,-1,-0.0,0.84,21,0.84,0,47
13618,0,-1,103.027214,0.8,20,0.8,0,47
13619,0,-1,-0.0,0.8,20,0.8,0,47
13620,0,-1,58.666916,0.76,19,0.76,0,47
13621,2,1,-59.923603,0.8,20,0.8,0,47
13622,0,-1,61.35916,0.76,19,0.76,0,47
13623,2,1,-60.296425,0.8,20,0.8,0,47
13624,0,-1,60.296425,0.76,19,0.76,1,47
13625,0,-1,-0.0,0.76,19,0.76,0,47
13626,2,1,0.0,0.76,19,0.76,0,47
13627,0,-1,41.326687,0.72,18,0.72,0,47
13628,1,0,0.0,0.72,18,0.72,0,47
13629,0,-1,16.646656,0.68,17,0.68,0,47
13630,0,-1,7.216052,0.64,16,0.64,0,47
13631,0,-1,-0.0,0.64,16,0.64,0,47
13632,0,-1,3.8192878,0.6,15,0.6,0,47
13633,2,1,2.5859811,0.64,16,0.64,0,47
13634,1,0,0.0,0.64,16,0.64,0,47
13635,2,1,-7.2607303,0.68,17,0.68,0,47
13636,1,0,0.0,0.68,17,0.68,0,47
13637,1,0,0.0,0.68,17,0.68,0,47
13638,0,-1,7.2607303,0.64,16,0.64,0,47
13639,2,1,-13.367297,0.68,17,0.68,0,47
13640,0,-1,-0.0,0.68,17,0.68,0,47
13641,2,1,-20.312674,0.72,18,0.72,0,47
13642,2,1,-37.916588,0.76,19,0.76,0,47
13643,0,-1,37.916588,0.72,18,0.72,0,47
13644,2,1,-31.512993,0.76,19,0.76,0,47
13645,1,0,0.0,0.76,19,0.76,1,47
13646,1,0,0.0,0.76,19,0.76,0,47
13647,0,-1,-0.0,0.76,19,0.76,0,47
13648,0,-1,-0.0,0.76,19,0.76,0,47
13649,2,1,-60.24363,0.8,20,0.8,1,47
13650,0,-1,-0.0,0.8,20,0.8,0,47
13651,0,-1,-0.0,0.8,20,0.8,1,47
13652,0,-1,52.818325,0.76,19,0.76,0,47
13653,1,0,0.0,0.76,19,0.76,0,47
13654,0,-1,-0.0,0.76,19,0.76,0,47
13655,0,-1,37.951153,0.72,18,0.72,0,47
13656,0,-1,21.481663,0.68,17,0.68,1,47
13657,0,-1,6.762433,0.64,16,0.64,0,47
13658,1,0,0.0,0.64,16,0.64,0,47
13659,0,-1,-0.0,0.64,16,0.64,0,47
13660,0,-1,4.643106,0.6,15,0.6,0,47
13661,2,1,-0.20852147,0.64,16,0.64,0,47
13662,2,1,-12.91451,0.68,17,0.68,0,47
13663,0,-1,-0.0,0.68,17,0.68,0,47
13664,0,-1,-0.0,0.68,17,0.68,0,47
13665,0,-1,7.107346,0.64,16,0.64,0,47
13666,2,1,-4.320013,0.68,17,0.68,0,47
13667,0,-1,-0.0,0.68,17,0.68,0,47
13668,0,-1,-0.0,0.68,17,0.68,0,47
13669,0,-1,-0.0,0.68,17,0.68,0,47
13670,0,-1,4.320013,0.64,16,0.64,0,47
13671,1,0,0.0,0.64,16,0.64,0,47
13672,0,-1,-0.0,0.64,16,0.64,0,47
13673,0,-1,-0.0,0.64,16,0.64,0,47
13674,1,0,0.0,0.64,16,0.64,0,47
13675,2,1,-12.327537,0.68,17,0.68,0,47
13676,0,-1,-0.0,0.68,17,0.68,0,47
13677,1,0,0.0,0.68,17,0.68,0,47
13678,0,-1,12.327537,0.64,16,0.64,0,47
13679,0,-1,6.654197,0.6,15,0.6,1,47
13680,2,1,-4.795396,0.64,16,0.64,0,47
13681,0,-1,4.795396,0.6,15,0.6,0,47
13682,1,0,0.0,0.6,15,0.6,0,47
13683,2,1,-0.37526336,0.64,16,0.64,0,47
13684,0,-1,5.969408,0.6,15,0.6,0,47
13685,1,0,0.0,0.6,15,0.6,0,47
13686,0,-1,-0.0,0.6,15,0.6,0,47
13687,1,0,0.0,0.6,15,0.6,0,47
13688,0,-1,-4.62396,0.56,14,0.56,0,47
13689,2,1,5.1302986,0.6,15,0.6,0,47
13690,1,0,0.0,0.6,15,0.6,0,47
13691,0,-1,-0.0,0.6,15,0.6,1,47
13692,1,0,0.0,0.6,15,0.6,0,47
13693,1,0,0.0,0.6,15,0.6,0,47
13694,2,1,-4.07476,0.64,16,0.64,0,47
13695,1,0,0.0,0.64,16,0.64,0,47
13696,1,0,0.0,0.64,16,0.64,0,47
13697,1,0,0.0,0.64,16,0.64,0,47
13698,1,0,0.0,0.64,16,0.64,0,47
13699,0,-1,-0.14338715,0.6,15,0.6,0,47
13700,0,-1,-0.0,0.6,15,0.6,0,47
13701,1,0,0.0,0.6,15,0.6,0,47
13702,0,-1,-0.0,0.6,15,0.6,0,47
13703,1,0,0.0,0.6,15,0.6,0,47
13704,0,-1,-1.6202756,0.56,14,0.56,0,47
13705,2,1,4.6136584,0.6,15,0.6,0,47
13706,0,-1,-8.780321,0.56,14,0.56,0,47
13707,0,-1,-0.0,0.56,14,0.56,0,47
13708,0,-1,-0.0,0.56,14,0.56,0,47
13709,2,1,-1.5306426,0.6,15,0.6,0,47
13710,1,0,0.0,0.6,15,0.6,0,47
13711,2,1,3.7825139,0.64,16,0.64,0,47
13712,0,-1,6.5298657,0.6,15,0.6,0,47
13713,1,0,0.0,0.6,15,0.6,0,47
13714,2,1,-0.50660944,0.64,16,0.64,0,47
13715,2,1,-4.327908,0.68,17,0.68,0,47
13716,0,-1,9.02104,0.64,16,0.64,0,47
13717,2,1,-13.428691,0.68,17,0.68,0,47
13718,0,-1,7.2843895,0.64,16,0.64,0,47
13719,1,0,0.0,0.64,16,0.64,0,47
13720,0,-1,-0.0,0.64,16,0.64,0,47
13721,0,-1,0.50660944,0.6,15,0.6,1,47
13722,2,1,-6.0162673,0.64,16,0.64,0,47
13723,0,-1,3.4729853,0.6,15,0.6,0,47
13724,1,0,0.0,0.6,15,0.6,0,47
13725,0,-1,1.0170441,0.56,14,0.56,0,47
13726,1,0,0.0,0.56,14,0.56,0,47
13727,0,-1,-0.0,0.56,14,0.56,1,47
13728,2,1,5.143821,0.6,15,0.6,0,47
13729,1,0,0.0,0.6,15,0.6,0,47
13730,0,-1,-5.143821,0.56,14,0.56,0,47
13731,0,-1,-8.092541,0.52,13,0.52,0,47
13732,2,1,2.0942707,0.56,14,0.56,0,47
13733,0,-1,-0.0,0.56,14,0.56,1,47
13734,2,1,5.9579606,0.6,15,0.6,0,47
13735,0,-1,-0.0,0.6,15,0.6,0,47
13736,2,1,-8.218157,0.64,16,0.64,0,47
13737,0,-1,-0.0,0.64,16,0.64,0,47
13738,0,-1,-0.0,0.64,16,0.64,0,47
13739,0,-1,-0.0,0.64,16,0.64,0,47
13740,1,0,0.0,0.64,16,0.64,0,47
13741,1,0,0.0,0.64,16,0.64,0,47
13742,0,-1,-0.0,0.64,16,0.64,0,47
13743,0,-1,-0.0,0.64,16,0.64,0,47
13744,0,-1,-0.958737,0.6,15,0.6,0,47
13745,0,-1,-0.0,0.6,15,0.6,0,47
13746,0,-1,1.538705,0.56,14,0.56,0,47
13747,1,0,0.0,0.56,14,0.56,0,47
13748,0,-1,-0.0,0.56,14,0.56,0,47
13749,1,0,0.0,0.0,0,0.0,0,47
13750,2,1,24.223005,0.2,5,0.2,0,48
13751,2,1,19.484404,0.24,6,0.24,0,48
13752,2,1,-9.032162,0.28,7,0.28,0,48
13753,2,1,16.91311,0.32,8,0.32,0,48
13754,2,1,-10.560375,0.36,9,0.36,0,48
13755,1,0,0.0,0.36,9,0.36,0,48
13756,2,1,-11.6592245,0.4,10,0.4,0,48
13757,0,-1,-0.0,0.4,10,0.4,0,48
13758,2,1,-13.041464,0.44,11,0.44,0,48
13759,0,-1,13.041464,0.4,10,0.4,0,48
13760,2,1,-13.041592,0.44,11,0.44,0,48
13761,1,0,0.0,0.44,11,0.44,0,48
13762,1,0,0.0,0.44,11,0.44,0,48
13763,2,1,17.70414,0.48,12,0.48,0,48
13764,2,1,-16.99662,0.52,13,0.52,0,48
13765,0,-1,-0.0,0.52,13,0.52,0,48
13766,2,1,-19.844032,0.56,14,0.56,1,48
13767,2,1,7.71926,0.6,15,0.6,0,48
13768,0,-1,-0.0,0.6,15,0.6,1,48
13769,1,0,0.0,0.6,15,0.6,0,48
13770,0,-1,-0.0,0.6,15,0.6,0,48
13771,0,-1,-2.955201,0.56,14,0.56,0,48
13772,2,1,1.0747662,0.6,15,0.6,0,48
13773,1,0,0.0,0.6,15,0.6,0,48
13774,2,1,-11.631029,0.64,16,0.64,0,48
13775,0,-1,-3.8766084,0.6,15,0.6,0,48
13776,0,-1,-0.0,0.6,15,0.6,0,48
13777,0,-1,-1.0747662,0.56,14,0.56,0,48
13778,0,-1,-0.0,0.56,14,0.56,0,48
13779,2,1,8.875952,0.6,15,0.6,0,48
13780,2,1,-0.052537892,0.64,16,0.64,0,48
13781,1,0,0.0,0.64,16,0.64,0,48
13782,0,-1,-0.0,0.64,16,0.64,0,48
13783,0,-1,11.631029,0.6,15,0.6,0,48
13784,0,-1,1.7304502,0.56,14,0.56,0,48
13785,1,0,0.0,0.56,14,0.56,0,48
13786,2,1,7.6698,0.6,15,0.6,0,48
13787,2,1,-0.13610774,0.64,16,0.64,0,48
13788,0,-1,-0.0,0.64,16,0.64,0,48
13789,0,-1,0.052537892,0.6,15,0.6,0,48
13790,1,0,0.0,0.6,15,0.6,0,48
13791,0,-1,-2.3325057,0.56,14,0.56,0,48
13792,2,1,-14.094932,0.6,15,0.6,0,48
13793,0,-1,-0.0,0.6,15,0.6,1,48
13794,0,-1,-0.0,0.6,15,0.6,0,48
13795,0,-1,-4.397125,0.56,14,0.56,0,48
13796,1,0,0.0,0.56,14,0.56,0,48
13797,2,1,6.0352125,0.6,15,0.6,0,48
13798,0,-1,-0.0,0.6,15,0.6,0,48
13799,2,1,-1.8735406,0.64,16,0.64,0,48
13800,2,1,-7.5077243,0.68,17,0.68,0,48
13801,0,-1,-0.0,0.68,17,0.68,0,48
13802,2,1,-18.065847,0.72,18,0.72,0,48
13803,0,-1,28.219242,0.68,17,0.68,0,48
13804,0,-1,7.5077243,0.64,16,0.64,0,48
13805,1,0,0.0,0.64,16,0.64,0,48
13806,0,-1,-0.0,0.64,16,0.64,0,48
13807,1,0,0.0,0.64,16,0.64,0,48
13808,0,-1,1.8735406,0.6,15,0.6,0,48
13809,1,0,0.0,0.6,15,0.6,1,48
13810,2,1,-0.06980699,0.64,16,0.64,0,48
13811,2,1,-7.748486,0.68,17,0.68,0,48
13812,0,-1,6.9686313,0.64,16,0.64,0,48
13813,1,0,0.0,0.64,16,0.64,0,48
13814,0,-1,-0.0,0.64,16,0.64,0,48
13815,0,-1,-0.0,0.64,16,0.64,0,48
13816,0,-1,9.896719,0.6,15,0.6,0,48
13817,0,-1,-7.8186717,0.56,14,0.56,0,48
13818,2,1,-2.6721237,0.6,15,0.6,0,48
13819,0,-1,2.6721237,0.56,14,0.56,0,48
13820,1,0,0.0,0.56,14,0.56,0,48
13821,1,0,0.0,0.56,14,0.56,0,48
13822,2,1,7.6523886,0.6,15,0.6,1,48
13823,0,-1,-0.0,0.6,15,0.6,0,48
13824,0,-1,-4.805381,0.56,14,0.56,0,48
13825,0,-1,-0.0,0.56,14,0.56,0,48
13826,2,1,2.1572447,0.6,15,0.6,0,48
13827,1,0,0.0,0.6,15,0.6,0,48
13828,0,-1,-3.6866074,0.56,14,0.56,0,48
13829,0,-1,-0.0,0.56,14,0.56,0,48
13830,0,-1,-11.418317,0.52,13,0.52,0,48
13831,2,1,-1.429128,0.56,14,0.56,0,48
13832,0,-1,1.429128,0.52,13,0.52,0,48
13833,2,1,-8.543042,0.56,14,0.56,0,48
13834,1,0,0.0,0.56,14,0.56,0,48
13835,0,-1,-2.7616274,0.52,13,0.52,0,48
13836,1,0,0.0,0.52,13,0.52,0,48
13837,0,-1,-15.554226,0.48,12,0.48,0,48
13838,1,0,0.0,0.48,12,0.48,0,48
13839,0,-1,-0.0,0.48,12,0.48,0,48
13840,1,0,0.0,0.48,12,0.48,0,48
13841,2,1,10.263809,0.52,13,0.52,0,48
13842,0,-1,5.695635,0.48,12,0.48,0,48
13843,1,0,0.0,0.48,12,0.48,0,48
13844,2,1,-5.695635,0.52,13,0.52,0,48
13845,0,-1,-5.8410597,0.48,12,0.48,0,48
13846,1,0,0.0,0.48,12,0.48,0,48
13847,2,1,11.374405,0.52,13,0.52,0,48
13848,1,0,0.0,0.52,13,0.52,0,48
13849,1,0,0.0,0.52,13,0.52,0,48
13850,1,0,0.0,0.52,13,0.52,1,48
13851,1,0,0.0,0.52,13,0.52,0,48
13852,2,1,5.6794014,0.56,14,0.56,0,48
13853,2,1,0.023990607,0.6,15,0.6,0,48
13854,1,0,0.0,0.6,15,0.6,0,48
13855,0,-1,5.1496005,0.56,14,0.56,0,48
13856,0,-1,-7.409986,0.52,13,0.52,0,48
13857,0,-1,-11.392631,0.48,12,0.48,0,48
13858,2,1,4.54626,0.52,13,0.52,1,48
13859,2,1,7.408284,0.56,14,0.56,0,48
13860,0,-1,-0.0,0.56,14,0.56,0,48
13861,0,-1,-5.6780634,0.52,13,0.52,0,48
13862,0,-1,-4.5450406,0.48,12,0.48,0,48
13863,1,0,0.0,0.48,12,0.48,0,48
13864,0,-1,-12.468524,0.44,11,0.44,0,48
13865,2,1,17.716152,0.48,12,0.48,0,48
13866,2,1,11.380356,0.52,13,0.52,0,48
13867,2,1,1.6482102,0.56,14,0.56,0,48
13868,0,-1,-0.0,0.56,14,0.56,0,48
13869,0,-1,-0.0,0.56,14,0.56,0,48
13870,1,0,0.0,0.56,14,0.56,0,48
13871,2,1,2.181505,0.6,15,0.6,0,48
13872,1,0,0.0,0.6,15,0.6,0,48
13873,2,1,-4.8800726,0.64,16,0.64,0,48
13874,0,-1,2.8177185,0.6,15,0.6,0,48
13875,0,-1,-0.0,0.6,15,0.6,0,48
13876,0,-1,-4.8031497,0.56,14,0.56,0,48
13877,0,-1,-0.0,0.56,14,0.56,0,48
13878,0,-1,-3.4964733,0.52,13,0.52,0,48
13879,1,0,0.0,0.52,13,0.52,0,48
13880,0,-1,-0.0,0.52,13,0.52,0,48
13881,2,1,11.425329,0.56,14,0.56,0,48
13882,0,-1,-1.6482102,0.52,13,0.52,0,48
13883,0,-1,-0.0,0.52,13,0.52,1,48
13884,0,-1,-6.5974874,0.48,12,0.48,0,48
13885,2,1,11.38223,0.52,13,0.52,0,48
13886,0,-1,-14.275571,0.48,12,0.48,0,48
13887,2,1,10.2524395,0.52,13,0.52,0,48
13888,1,0,0.0,0.52,13,0.52,0,48
13889,0,-1,-6.6940045,0.48,12,0.48,0,48
13890,2,1,9.743334,0.52,13,0.52,0,48
13891,0,-1,-0.0,0.52,13,0.52,0,48
13892,2,1,5.5470085,0.56,14,0.56,0,48
13893,0,-1,-12.658646,0.52,13,0.52,0,48
13894,2,1,8.5149555,0.56,14,0.56,0,48
13895,0,-1,-5.5470085,0.52,13,0.52,0,48
13896,2,1,5.904692,0.56,14,0.56,0,48
13897,2,1,8.924862,0.6,15,0.6,0,48
13898,1,0,0.0,0.6,15,0.6,0,48
13899,2,1,2.691719,0.64,16,0.64,0,48
13900,0,-1,-0.0,0.64,16,0.64,0,48
13901,1,0,0.0,0.64,16,0.64,0,48
13902,1,0,0.0,0.64,16,0.64,0,48
13903,0,-1,0.2140672,0.6,15,0.6,0,48
13904,1,0,0.0,0.6,15,0.6,0,48
13905,0,-1,-2.148822,0.56,14,0.56,0,48
13906,1,0,0.0,0.56,14,0.56,0,48
13907,2,1,1.7182862,0.6,15,0.6,1,48
13908,0,-1,-1.7122655,0.56,14,0.56,0,48
13909,2,1,-0.029521933,0.6,15,0.6,0,48
13910,2,1,0.8371078,0.64,16,0.64,0,48
13911,1,0,0.0,0.64,16,0.64,0,48
13912,1,0,0.0,0.64,16,0.64,0,48
13913,2,1,-10.445694,0.68,17,0.68,0,48
13914,0,-1,-0.0,0.68,17,0.68,0,48
13915,0,-1,10.445694,0.64,16,0.64,0,48
13916,0,-1,-0.0,0.64,16,0.64,0,48
13917,2,1,-8.337185,0.68,17,0.68,0,48
13918,0,-1,8.229274,0.64,16,0.64,0,48
13919,2,1,-8.40825,0.68,17,0.68,0,48
13920,1,0,0.0,0.68,17,0.68,0,48
13921,1,0,0.0,0.68,17,0.68,0,48
13922,0,-1,-0.0,0.68,17,0.68,0,48
13923,0,-1,-0.0,0.68,17,0.68,0,48
13924,1,0,0.0,0.68,17,0.68,0,48
13925,0,-1,-0.0,0.68,17,0.68,0,48
13926,0,-1,-0.0,0.68,17,0.68,1,48
13927,1,0,0.0,0.68,17,0.68,0,48
13928,0,-1,-0.0,0.68,17,0.68,0,48
13929,0,-1,8.285103,0.64,16,0.64,0,48
13930,1,0,0.0,0.64,16,0.64,0,48
13931,0,-1,1.765103,0.6,15,0.6,0,48
13932,0,-1,-6.2929654,0.56,14,0.56,0,48
13933,2,1,4.9466434,0.6,15,0.6,0,48
13934,0,-1,-4.1153755,0.56,14,0.56,0,48
13935,1,0,0.0,0.56,14,0.56,0,48
13936,2,1,2.997139,0.6,15,0.6,0,48
13937,1,0,0.0,0.6,15,0.6,0,48
13938,0,-1,-0.0,0.6,15,0.6,0,48
13939,1,0,0.0,0.6,15,0.6,0,48
13940,2,1,-0.88385355,0.64,16,0.64,0,48
13941,1,0,0.0,0.64,16,0.64,0,48
13942,2,1,-12.12569,0.68,17,0.68,1,48
13943,0,-1,11.248472,0.64,16,0.64,0,48
13944,0,-1,-0.0,0.64,16,0.64,0,48
13945,0,-1,-0.0,0.64,16,0.64,0,48
13946,1,0,0.0,0.64,16,0.64,0,48
13947,0,-1,-2.230867,0.6,15,0.6,0,48
13948,0,-1,-0.0,0.6,15,0.6,0,48
13949,0,-1,0.06890064,0.56,14,0.56,0,48
13950,0,-1,-7.8349466,0.52,13,0.52,0,48
13951,2,1,7.3725204,0.56,14,0.56,0,48
13952,1,0,0.0,0.56,14,0.56,0,48
13953,0,-1,-0.0,0.56,14,0.56,0,48
13954,2,1,5.0331116,0.6,15,0.6,0,48
13955,2,1,-5.083647,0.64,16,0.64,0,48
13956,1,0,0.0,0.64,16,0.64,0,48
13957,0,-1,-0.0,0.64,16,0.64,0,48
13958,0,-1,1.9899101,0.6,15,0.6,0,48
13959,2,1,-4.2342253,0.64,16,0.64,1,48
13960,0,-1,4.102887,0.6,15,0.6,0,48
13961,0,-1,-4.9799285,0.56,14,0.56,0,48
13962,0,-1,-0.0,0.56,14,0.56,0,48
13963,0,-1,-0.0,0.56,14,0.56,0,48
13964,2,1,6.728255,0.6,15,0.6,0,48
13965,0,-1,-3.6301584,0.56,14,0.56,0,48
13966,0,-1,-8.878466,0.52,13,0.52,0,48
13967,0,-1,-0.0,0.52,13,0.52,0,48
13968,2,1,7.3595614,0.56,14,0.56,1,48
13969,2,1,4.901175,0.6,15,0.6,0,48
13970,1,0,0.0,0.6,15,0.6,0,48
13971,1,0,0.0,0.6,15,0.6,0,48
13972,2,1,0.57757074,0.64,16,0.64,0,48
13973,0,-1,-0.0,0.64,16,0.64,0,48
13974,0,-1,-0.0,0.64,16,0.64,0,48
13975,1,0,0.0,0.64,16,0.64,0,48
13976,2,1,-9.315343,0.68,17,0.68,0,48
13977,0,-1,9.315343,0.64,16,0.64,0,48
13978,0,-1,1.3819745,0.6,15,0.6,0,48
13979,2,1,-3.1627016,0.64,16,0.64,0,48
13980,0,-1,-0.0,0.64,16,0.64,0,48
13981,2,1,-8.281268,0.68,17,0.68,0,48
13982,0,-1,-0.0,0.68,17,0.68,0,48
13983,0,-1,12.039861,0.64,16,0.64,0,48
13984,0,-1,1.3824441,0.6,15,0.6,0,48
13985,0,-1,-0.0,0.6,15,0.6,0,48
13986,0,-1,-0.0,0.6,15,0.6,0,48
13987,1,0,0.0,0.6,15,0.6,0,48
13988,0,-1,-0.0,0.6,15,0.6,0,48
13989,2,1,-0.6455524,0.64,16,0.64,0,48
13990,0,-1,-0.0,0.64,16,0.64,1,48
13991,0,-1,2.5349145,0.6,15,0.6,0,48
13992,0,-1,-0.0,0.6,15,0.6,0,48
13993,2,1,-1.3889678,0.64,16,0.64,0,48
13994,0,-1,0.09663843,0.6,15,0.6,0,48
13995,1,0,0.0,0.6,15,0.6,1,48
13996,2,1,-5.914242,0.64,16,0.64,0,48
13997,0,-1,0.06604836,0.6,15,0.6,0,48
13998,0,-1,-3.6039116,0.56,14,0.56,0,48
13999,0,-1,-0.0,0.56,14,0.56,0,48
14000,1,0,0.0,0.56,14,0.56,1,48
14001,0,-1,-0.0,0.56,14,0.56,0,48
14002,0,-1,-0.0,0.56,14,0.56,0,48
14003,1,0,0.0,0.56,14,0.56,0,48
14004,1,0,0.0,0.56,14,0.56,0,48
14005,0,-1,-9.6673565,0.52,13,0.52,0,48
14006,2,1,8.655967,0.56,14,0.56,0,48
14007,0,-1,-2.9044013,0.52,13,0.52,0,48
14008,0,-1,-0.0,0.52,13,0.52,1,48
14009,1,0,0.0,0.52,13,0.52,0,48
14010,0,-1,-11.596572,0.48,12,0.48,0,48
14011,2,1,11.376984,0.52,13,0.52,0,48
14012,2,1,3.709062,0.56,14,0.56,0,48
14013,1,0,0.0,0.56,14,0.56,0,48
14014,2,1,-3.50481,0.6,15,0.6,0,48
14015,0,-1,-4.868612,0.56,14,0.56,0,48
14016,1,0,0.0,0.56,14,0.56,0,48
14017,1,0,0.0,0.56,14,0.56,0,48
14018,1,0,0.0,0.56,14,0.56,0,48
14019,1,0,0.0,0.56,14,0.56,0,48
14020,0,-1,-0.22498888,0.52,13,0.52,0,48
14021,0,-1,-6.556469,0.48,12,0.48,0,48
14022,1,0,0.0,0.48,12,0.48,0,48
14023,2,1,10.718133,0.52,13,0.52,0,48
14024,0,-1,-0.0,0.52,13,0.52,0,48
14025,0,-1,-11.376984,0.48,12,0.48,0,48
14026,0,-1,-0.0,0.48,12,0.48,0,48
14027,2,1,11.376984,0.52,13,0.52,0,48
14028,2,1,5.9775214,0.56,14,0.56,0,48
14029,2,1,4.705509,0.6,15,0.6,0,48
14030,0,-1,-2.2477224,0.56,14,0.56,0,48
14031,0,-1,-8.435308,0.52,13,0.52,0,48
14032,0,-1,-0.0,0.52,13,0.52,0,48
14033,0,-1,-0.0,0.52,13,0.52,0,48
14034,0,-1,-0.0,0.52,13,0.52,0,48
14035,0,-1,-0.0,0.52,13,0.52,1,48
14036,0,-1,-0.0,0.52,13,0.52,0,48
14037,2,1,3.479644,0.56,14,0.56,0,48
14038,0,-1,-11.252855,0.52,13,0.52,0,48
14039,0,-1,-0.0,0.52,13,0.52,0,48
14040,1,0,0.0,0.52,13,0.52,0,48
14041,0,-1,-0.0,0.52,13,0.52,0,48
14042,2,1,11.252488,0.56,14,0.56,0,48
14043,0,-1,-0.0,0.56,14,0.56,0,48
14044,0,-1,-3.479644,0.52,13,0.52,0,48
14045,2,1,6.8482895,0.56,14,0.56,0,48
14046,0,-1,-5.0644827,0.52,13,0.52,0,48
14047,1,0,0.0,0.52,13,0.52,0,48
14048,2,1,8.72028,0.56,14,0.56,0,48
14049,1,0,0.0,0.0,0,0.0,0,48
14050,2,1,-8.282061,0.2,5,0.2,0,49
14051,2,1,23.947102,0.24,6,0.24,0,49
14052,2,1,19.010124,0.28,7,0.28,0,49
14053,2,1,-9.695268,0.32,8,0.32,0,49
14054,2,1,-10.5608015,0.36,9,0.36,0,49
14055,2,1,14.949796,0.4,10,0.4,0,49
14056,2,1,-13.041593,0.44,11,0.44,0,49
14057,0,-1,-13.567421,0.4,10,0.4,0,49
14058,2,1,-13.041592,0.44,11,0.44,0,49
14059,2,1,-14.783789,0.48,12,0.48,0,49
14060,0,-1,-13.259169,0.44,11,0.44,0,49
14061,2,1,-14.783787,0.48,12,0.48,0,49
14062,0,-1,14.783787,0.44,11,0.44,0,49
14063,2,1,-14.783792,0.48,12,0.48,0,49
14064,0,-1,-0.0,0.48,12,0.48,0,49
14065,2,1,14.292836,0.52,13,0.52,0,49
14066,0,-1,16.995953,0.48,12,0.48,1,49
14067,1,0,0.0,0.48,12,0.48,0,49
14068,0,-1,-0.0,0.48,12,0.48,0,49
14069,2,1,4.9893017,0.52,13,0.52,1,49
14070,1,0,0.0,0.52,13,0.52,0,49
14071,2,1,12.624959,0.56,14,0.56,0,49
14072,0,-1,1.3212432,0.52,13,0.52,0,49
14073,0,-1,-0.0,0.52,13,0.52,0,49
14074,2,1,11.420001,0.56,14,0.56,0,49
14075,2,1,-23.446684,0.6,15,0.6,0,49
14076,1,0,0.0,0.6,15,0.6,0,49
14077,1,0,0.0,0.6,15,0.6,0,49
14078,0,-1,18.067562,0.56,14,0.56,0,49
14079,2,1,-23.558214,0.6,15,0.6,0,49
14080,1,0,0.0,0.6,15,0.6,0,49
14081,0,-1,-0.0,0.6,15,0.6,0,49
14082,0,-1,23.558214,0.56,14,0.56,0,49
14083,1,0,0.0,0.56,14,0.56,0,49
14084,2,1,4.729574,0.6,15,0.6,0,49
14085,0,-1,-0.0,0.6,15,0.6,0,49
14086,0,-1,23.446684,0.56,14,0.56,0,49
14087,2,1,4.9508047,0.6,15,0.6,0,49
14088,1,0,0.0,0.6,15,0.6,1,49
14089,0,-1,12.148603,0.56,14,0.56,0,49
14090,1,0,0.0,0.56,14,0.56,0,49
14091,1,0,0.0,0.56,14,0.56,0,49
14092,1,0,0.0,0.56,14,0.56,0,49
14093,2,1,1.0206327,0.6,15,0.6,0,49
14094,0,-1,-4.9731297,0.56,14,0.56,0,49
14095,0,-1,-8.507678,0.52,13,0.52,0,49
14096,2,1,-5.569128,0.56,14,0.56,0,49
14097,1,0,0.0,0.56,14,0.56,0,49
14098,1,0,0.0,0.56,14,0.56,0,49
14099,1,0,0.0,0.56,14,0.56,0,49
14100,0,-1,5.569128,0.52,13,0.52,1,49
14101,2,1,5.6603284,0.56,14,0.56,0,49
14102,1,0,0.0,0.56,14,0.56,0,49
14103,0,-1,-5.6603284,0.52,13,0.52,0,49
14104,1,0,0.0,0.52,13,0.52,0,49
14105,1,0,0.0,0.52,13,0.52,1,49
14106,2,1,9.706178,0.56,14,0.56,0,49
14107,0,-1,-7.4824777,0.52,13,0.52,0,49
14108,0,-1,-0.0,0.52,13,0.52,0,49
14109,1,0,0.0,0.52,13,0.52,0,49
14110,0,-1,-0.0,0.52,13,0.52,0,49
14111,1,0,0.0,0.52,13,0.52,0,49
14112,2,1,10.634351,0.56,14,0.56,0,49
14113,1,0,0.0,0.56,14,0.56,0,49
14114,2,1,2.9881907,0.6,15,0.6,0,49
14115,0,-1,-0.0,0.6,15,0.6,0,49
14116,2,1,0.31459615,0.64,16,0.64,0,49
14117,2,1,-7.1676283,0.68,17,0.68,0,49
14118,1,0,0.0,0.68,17,0.68,0,49
14119,0,-1,-0.0,0.68,17,0.68,0,49
14120,1,0,0.0,0.68,17,0.68,0,49
14121,2,1,-19.843657,0.72,18,0.72,1,49
14122,0,-1,15.8071575,0.68,17,0.68,0,49
14123,0,-1,-0.0,0.68,17,0.68,0,49
14124,0,-1,8.7435665,0.64,16,0.64,0,49
14125,0,-1,-0.0,0.64,16,0.64,0,49
14126,1,0,0.0,0.64,16,0.64,0,49
14127,0,-1,14.650456,0.6,15,0.6,0,49
14128,0,-1,-4.311756,0.56,14,0.56,0,49
14129,0,-1,-0.0,0.56,14,0.56,0,49
14130,2,1,5.9706683,0.6,15,0.6,0,49
14131,0,-1,-2.222842,0.56,14,0.56,0,49
14132,1,0,0.0,0.56,14,0.56,0,49
14133,0,-1,-0.0,0.56,14,0.56,0,49
14134,0,-1,-9.700467,0.52,13,0.52,0,49
14135,2,1,5.8009257,0.56,14,0.56,0,49
14136,1,0,0.0,0.56,14,0.56,0,49
14137,1,0,0.0,0.56,14,0.56,0,49
14138,2,1,4.2359548,0.6,15,0.6,0,49
14139,0,-1,5.95805,0.56,14,0.56,0,49
14140,2,1,-6.820082,0.6,15,0.6,1,49
14141,0,-1,-0.0,0.6,15,0.6,0,49
14142,0,-1,-4.2339854,0.56,14,0.56,0,49
14143,0,-1,-0.0,0.56,14,0.56,0,49
14144,2,1,4.2336116,0.6,15,0.6,0,49
14145,2,1,-14.031672,0.64,16,0.64,0,49
14146,0,-1,-0.0,0.64,16,0.64,0,49
14147,1,0,0.0,0.64,16,0.64,0,49
14148,0,-1,-0.0,0.64,16,0.64,0,49
14149,0,-1,0.7656119,0.6,15,0.6,1,49
14150,0,-1,-0.0,0.6,15,0.6,0,49
14151,0,-1,-4.6960726,0.56,14,0.56,0,49
14152,0,-1,-0.0,0.56,14,0.56,0,49
14153,0,-1,-5.948952,0.52,13,0.52,0,49
14154,0,-1,-0.0,0.52,13,0.52,0,49
14155,0,-1,-12.415619,0.48,12,0.48,1,49
14156,0,-1,-0.0,0.48,12,0.48,0,49
14157,1,0,0.0,0.48,12,0.48,0,49
14158,1,0,0.0,0.48,12,0.48,0,49
14159,0,-1,-2.3394544,0.44,11,0.44,0,49
14160,2,1,14.597904,0.48,12,0.48,0,49
14161,1,0,0.0,0.48,12,0.48,0,49
14162,2,1,11.362838,0.52,13,0.52,0,49
14163,2,1,8.9217415,0.56,14,0.56,0,49
14164,0,-1,-8.51543,0.52,13,0.52,0,49
14165,1,0,0.0,0.52,13,0.52,0,49
14166,1,0,0.0,0.52,13,0.52,0,49
14167,1,0,0.0,0.52,13,0.52,0,49
14168,0,-1,-12.38507,0.48,12,0.48,0,49
14169,2,1,11.225379,0.52,13,0.52,0,49
14170,1,0,0.0,0.52,13,0.52,0,49
14171,2,1,8.51543,0.56,14,0.56,0,49
14172,0,-1,-11.053399,0.52,13,0.52,0,49
14173,0,-1,-11.769149,0.48,12,0.48,0,49
14174,2,1,6.322877,0.52,13,0.52,0,49
14175,1,0,0.0,0.52,13,0.52,0,49
14176,0,-1,-0.0,0.52,13,0.52,0,49
14177,0,-1,-11.362838,0.48,12,0.48,0,49
14178,2,1,4.1454587,0.52,13,0.52,1,49
14179,1,0,0.0,0.52,13,0.52,0,49
14180,0,-1,-0.0,0.52,13,0.52,0,49
14181,1,0,0.0,0.52,13,0.52,0,49
14182,0,-1,-0.0,0.52,13,0.52,0,49
14183,2,1,0.30103317,0.56,14,0.56,0,49
14184,2,1,4.7775636,0.6,15,0.6,0,49
14185,0,-1,2.272798,0.56,14,0.56,0,49
14186,2,1,2.9316108,0.6,15,0.6,0,49
14187,1,0,0.0,0.6,15,0.6,0,49
14188,1,0,0.0,0.6,15,0.6,0,49
14189,0,-1,-0.620154,0.56,14,0.56,0,49
14190,0,-1,-0.0,0.56,14,0.56,0,49
14191,2,1,-5.7885747,0.6,15,0.6,1,49
14192,0,-1,-0.0,0.6,15,0.6,0,49
14193,0,-1,-0.0,0.6,15,0.6,0,49
14194,0,-1,-0.0,0.6,15,0.6,0,49
14195,1,0,0.0,0.6,15,0.6,0,49
14196,1,0,0.0,0.6,15,0.6,0,49
14197,0,-1,5.7234383,0.56,14,0.56,0,49
14198,1,0,0.0,0.56,14,0.56,0,49
14199,2,1,0.62767875,0.6,15,0.6,0,49
14200,2,1,0.9016919,0.64,16,0.64,0,49
14201,1,0,0.0,0.64,16,0.64,0,49
14202,0,-1,0.1973535,0.6,15,0.6,0,49
14203,1,0,0.0,0.6,15,0.6,1,49
14204,2,1,-6.3580937,0.64,16,0.64,0,49
14205,0,-1,-0.0,0.64,16,0.64,0,49
14206,1,0,0.0,0.64,16,0.64,0,49
14207,2,1,-8.346665,0.68,17,0.68,0,49
14208,0,-1,-0.0,0.68,17,0.68,0,49
14209,0,-1,14.508923,0.64,16,0.64,1,49
14210,0,-1,1.4511119,0.6,15,0.6,0,49
14211,2,1,-11.161959,0.64,16,0.64,0,49
14212,2,1,-20.363754,0.68,17,0.68,0,49
14213,2,1,-23.358263,0.72,18,0.72,0,49
14214,2,1,-33.07398,0.76,19,0.76,0,49
14215,0,-1,-0.0,0.76,19,0.76,0,49
14216,0,-1,38.202415,0.72,18,0.72,0,49
14217,0,-1,-0.0,0.72,18,0.72,1,49
14218,1,0,0.0,0.72,18,0.72,0,49
14219,0,-1,-0.0,0.72,18,0.72,0,49
14220,0,-1,23.147436,0.68,17,0.68,0,49
14221,0,-1,11.29177,0.64,16,0.64,0,49
14222,1,0,0.0,0.64,16,0.64,0,49
14223,0,-1,-0.0,0.64,16,0.64,0,49
14224,1,0,0.0,0.64,16,0.64,0,49
14225,0,-1,-0.0,0.64,16,0.64,0,49
14226,2,1,-7.8699446,0.68,17,0.68,0,49
14227,0,-1,-0.0,0.68,17,0.68,0,49
14228,0,-1,8.353341,0.64,16,0.64,0,49
14229,0,-1,-0.0,0.64,16,0.64,0,49
14230,2,1,-6.5001335,0.68,17,0.68,0,49
14231,0,-1,-0.0,0.68,17,0.68,0,49
14232,0,-1,20.377138,0.64,16,0.64,0,49
14233,2,1,-7.1410007,0.68,17,0.68,0,49
14234,1,0,0.0,0.68,17,0.68,0,49
14235,0,-1,9.00384,0.64,16,0.64,1,49
14236,0,-1,0.46323863,0.6,15,0.6,0,49
14237,1,0,0.0,0.6,15,0.6,0,49
14238,0,-1,5.5519786,0.56,14,0.56,0,49
14239,0,-1,-0.0,0.56,14,0.56,0,49
14240,0,-1,-2.2174554,0.52,13,0.52,0,49
14241,0,-1,-0.0,0.52,13,0.52,0,49
14242,2,1,7.831696,0.56,14,0.56,0,49
14243,0,-1,-0.0,0.56,14,0.56,0,49
14244,0,-1,-0.0,0.56,14,0.56,0,49
14245,0,-1,-7.831696,0.52,13,0.52,0,49
14246,1,0,0.0,0.52,13,0.52,0,49
14247,0,-1,-11.353398,0.48,12,0.48,0,49
14248,0,-1,-0.0,0.48,12,0.48,0,49
14249,1,0,0.0,0.48,12,0.48,0,49
14250,0,-1,-14.278694,0.44,11,0.44,0,49
14251,2,1,9.511307,0.48,12,0.48,0,49
14252,1,0,0.0,0.48,12,0.48,0,49
14253,2,1,10.679103,0.52,13,0.52,0,49
14254,2,1,5.771139,0.56,14,0.56,0,49
14255,0,-1,-0.0,0.56,14,0.56,0,49
14256,0,-1,-12.410963,0.52,13,0.52,0,49
14257,1,0,0.0,0.52,13,0.52,0,49
14258,1,0,0.0,0.52,13,0.52,0,49
14259,0,-1,-0.0,0.52,13,0.52,0,49
14260,0,-1,-10.679103,0.48,12,0.48,0,49
14261,1,0,0.0,0.48,12,0.48,0,49
14262,1,0,0.0,0.48,12,0.48,0,49
14263,0,-1,-0.0,0.48,12,0.48,1,49
14264,1,0,0.0,0.48,12,0.48,0,49
14265,2,1,6.015993,0.52,13,0.52,0,49
14266,2,1,7.8732796,0.56,14,0.56,0,49
14267,0,-1,-3.1685863,0.52,13,0.52,0,49
14268,2,1,5.549635,0.56,14,0.56,0,49
14269,0,-1,-5.766023,0.52,13,0.52,0,49
14270,1,0,0.0,0.52,13,0.52,0,49
14271,0,-1,-10.720687,0.48,12,0.48,0,49
14272,1,0,0.0,0.48,12,0.48,0,49
14273,2,1,11.0934925,0.52,13,0.52,0,49
14274,0,-1,-0.0,0.52,13,0.52,0,49
14275,0,-1,-8.397042,0.48,12,0.48,0,49
14276,2,1,8.397042,0.52,13,0.52,0,49
14277,2,1,1.4178569,0.56,14,0.56,0,49
14278,0,-1,-4.5606647,0.52,13,0.52,0,49
14279,1,0,0.0,0.52,13,0.52,0,49
14280,1,0,0.0,0.52,13,0.52,0,49
14281,1,0,0.0,0.52,13,0.52,0,49
14282,0,-1,-0.0,0.52,13,0.52,0,49
14283,1,0,0.0,0.52,13,0.52,0,49
14284,0,-1,-0.0,0.52,13,0.52,0,49
14285,2,1,3.5262015,0.56,14,0.56,0,49
14286,1,0,0.0,0.56,14,0.56,0,49
14287,2,1,4.315351,0.6,15,0.6,0,49
14288,2,1,-0.26547623,0.64,16,0.64,0,49
14289,2,1,-8.868092,0.68,17,0.68,0,49
14290,0,-1,-0.0,0.68,17,0.68,0,49
14291,1,0,0.0,0.68,17,0.68,0,49
14292,1,0,0.0,0.68,17,0.68,0,49
14293,1,0,0.0,0.68,17,0.68,1,49
14294,0,-1,8.853705,0.64,16,0.64,0,49
14295,0,-1,0.5480702,0.6,15,0.6,0,49
14296,0,-1,-0.0,0.6,15,0.6,0,49
14297,0,-1,0.20637263,0.56,14,0.56,0,49
14298,1,0,0.0,0.56,14,0.56,0,49
14299,1,0,0.0,0.56,14,0.56,0,49
14300,2,1,0.8048685,0.6,15,0.6,0,49
14301,0,-1,-4.738577,0.56,14,0.56,0,49
14302,0,-1,-0.0,0.56,14,0.56,0,49
14303,2,1,3.52103,0.6,15,0.6,0,49
14304,0,-1,-4.510933,0.56,14,0.56,0,49
14305,2,1,8.239907,0.6,15,0.6,0,49
14306,0,-1,-1.8170322,0.56,14,0.56,0,49
14307,0,-1,-0.0,0.56,14,0.56,0,49
14308,2,1,4.1807637,0.6,15,0.6,0,49
14309,0,-1,-4.1807637,0.56,14,0.56,0,49
14310,0,-1,-4.5346675,0.52,13,0.52,0,49
14311,2,1,5.026087,0.56,14,0.56,0,49
14312,0,-1,-0.0,0.56,14,0.56,0,49
14313,0,-1,-0.0,0.56,14,0.56,0,49
14314,1,0,0.0,0.56,14,0.56,0,49
14315,0,-1,-0.0,0.56,14,0.56,0,49
14316,2,1,4.510145,0.6,15,0.6,0,49
14317,1,0,0.0,0.6,15,0.6,0,49
14318,1,0,0.0,0.6,15,0.6,0,49
14319,2,1,-3.4261327,0.64,16,0.64,0,49
14320,1,0,0.0,0.64,16,0.64,1,49
14321,0,-1,-0.0,0.64,16,0.64,0,49
14322,0,-1,0.49997127,0.6,15,0.6,0,49
14323,0,-1,-0.0,0.6,15,0.6,0,49
14324,0,-1,-0.0,0.6,15,0.6,0,49
14325,0,-1,-1.5664816,0.56,14,0.56,0,49
14326,0,-1,-0.0,0.56,14,0.56,0,49
14327,2,1,0.8572831,0.6,15,0.6,0,49
14328,2,1,-2.9706984,0.64,16,0.64,0,49
14329,2,1,-5.8773994,0.68,17,0.68,0,49
14330,0,-1,11.040765,0.64,16,0.64,0,49
14331,0,-1,-0.0,0.64,16,0.64,0,49
14332,0,-1,-0.0,0.64,16,0.64,0,49
14333,1,0,0.0,0.64,16,0.64,0,49
14334,0,-1,-0.0,0.64,16,0.64,0,49
14335,0,-1,2.9706984,0.6,15,0.6,0,49
14336,1,0,0.0,0.6,15,0.6,0,49
14337,0,-1,-1.2917199,0.56,14,0.56,0,49
14338,0,-1,-0.0,0.56,14,0.56,0,49
14339,2,1,6.6180615,0.6,15,0.6,0,49
14340,0,-1,-0.0,0.6,15,0.6,1,49
14341,1,0,0.0,0.6,15,0.6,0,49
14342,0,-1,-0.0,0.6,15,0.6,0,49
14343,2,1,-8.245869,0.64,16,0.64,0,49
14344,0,-1,1.4985757,0.6,15,0.6,0,49
14345,2,1,-0.7855014,0.64,16,0.64,0,49
14346,1,0,0.0,0.64,16,0.64,0,49
14347,0,-1,-1.8621036,0.6,15,0.6,0,49
14348,0,-1,-0.0,0.6,15,0.6,0,49
14349,1,0,0.0,0.0,0,0.0,0,49
14350,2,1,24.20528,0.2,5,0.2,0,50
14351,2,1,19.698532,0.24,6,0.24,0,50
14352,2,1,-9.032162,0.28,7,0.28,0,50
14353,1,0,0.0,0.28,7,0.28,0,50
14354,1,0,0.0,0.28,7,0.28,0,50
14355,1,0,0.0,0.28,7,0.28,0,50
14356,2,1,-9.695775,0.32,8,0.32,0,50
14357,2,1,15.443036,0.36,9,0.36,0,50
14358,2,1,12.554196,0.4,10,0.4,0,50
14359,2,1,19.464027,0.44,11,0.44,0,50
14360,0,-1,-11.171822,0.4,10,0.4,0,50
14361,2,1,18.247831,0.44,11,0.44,0,50
14362,2,1,11.7775135,0.48,12,0.48,0,50
14363,0,-1,-0.0,0.48,12,0.48,0,50
14364,2,1,12.655838,0.52,13,0.52,0,50
14365,1,0,0.0,0.52,13,0.52,0,50
14366,0,-1,-0.0,0.52,13,0.52,0,50
14367,2,1,8.198928,0.56,14,0.56,0,50
14368,0,-1,-9.808432,0.52,13,0.52,0,50
14369,2,1,-19.843994,0.56,14,0.56,0,50
14370,1,0,0.0,0.56,14,0.56,0,50
14371,2,1,3.0352194,0.6,15,0.6,0,50
14372,2,1,2.711124,0.64,16,0.64,0,50
14373,0,-1,1.964004,0.6,15,0.6,0,50
14374,0,-1,-2.987474,0.56,14,0.56,1,50
14375,0,-1,-6.0837283,0.52,13,0.52,0,50
14376,2,1,0.5463012,0.56,14,0.56,0,50
14377,0,-1,-0.0,0.56,14,0.56,0,50
14378,2,1,5.958398,0.6,15,0.6,0,50
14379,2,1,-2.3868747,0.64,16,0.64,0,50
14380,1,0,0.0,0.64,16,0.64,0,50
14381,0,-1,-0.0,0.64,16,0.64,0,50
14382,2,1,-8.087496,0.68,17,0.68,0,50
14383,0,-1,9.285699,0.64,16,0.64,1,50
14384,1,0,0.0,0.64,16,0.64,0,50
14385,1,0,0.0,0.64,16,0.64,0,50
14386,0,-1,6.750694,0.6,15,0.6,0,50
14387,1,0,0.0,0.6,15,0.6,0,50
14388,2,1,-0.7844257,0.64,16,0.64,0,50
14389,2,1,-8.182515,0.68,17,0.68,0,50
14390,0,-1,-0.0,0.68,17,0.68,0,50
14391,0,-1,9.901828,0.64,16,0.64,0,50
14392,0,-1,0.22120161,0.6,15,0.6,0,50
14393,2,1,-3.296961,0.64,16,0.64,0,50
14394,1,0,0.0,0.64,16,0.64,0,50
14395,0,-1,2.7937036,0.6,15,0.6,0,50
14396,1,0,0.0,0.6,15,0.6,0,50
14397,2,1,-14.020573,0.64,16,0.64,0,50
14398,0,-1,14.020573,0.6,15,0.6,0,50
14399,0,-1,-3.7155325,0.56,14,0.56,0,50
14400,2,1,1.9309443,0.6,15,0.6,0,50
14401,2,1,-0.25026095,0.64,16,0.64,0,50
14402,0,-1,-0.0,0.64,16,0.64,0,50
14403,2,1,-9.269773,0.68,17,0.68,0,50
14404,1,0,0.0,0.68,17,0.68,1,50
14405,2,1,-22.302504,0.72,18,0.72,0,50
14406,0,-1,22.302504,0.68,17,0.68,0,50
14407,2,1,-22.29416,0.72,18,0.72,0,50
14408,0,-1,17.020271,0.68,17,0.68,0,50
14409,0,-1,-0.0,0.68,17,0.68,0,50
14410,0,-1,-0.0,0.68,17,0.68,0,50
14411,2,1,-24.183035,0.72,18,0.72,0,50
14412,0,-1,-0.0,0.72,18,0.72,0,50
14413,0,-1,20.176474,0.68,17,0.68,0,50
14414,1,0,0.0,0.68,17,0.68,0,50
14415,0,-1,-0.0,0.68,17,0.68,0,50
14416,2,1,-20.213654,0.72,18,0.72,0,50
14417,2,1,-36.748154,0.76,19,0.76,0,50
14418,0,-1,33.988075,0.72,18,0.72,0,50
14419,1,0,0.0,0.72,18,0.72,0,50
14420,0,-1,-0.0,0.72,18,0.72,0,50
14421,0,-1,20.213654,0.68,17,0.68,0,50
14422,2,1,-18.839287,0.72,18,0.72,0,50
14423,0,-1,21.904001,0.68,17,0.68,0,50
14424,0,-1,-0.0,0.68,17,0.68,0,50
14425,0,-1,-0.0,0.68,17,0.68,0,50
14426,1,0,0.0,0.68,17,0.68,0,50
14427,0,-1,-0.0,0.68,17,0.68,0,50
14428,0,-1,7.414524,0.64,16,0.64,0,50
14429,0,-1,2.0606806,0.6,15,0.6,0,50
14430,0,-1,-0.0,0.6,15,0.6,0,50
14431,1,0,0.0,0.6,15,0.6,1,50
14432,0,-1,1.4065294,0.56,14,0.56,0,50
14433,0,-1,-0.0,0.56,14,0.56,0,50
14434,2,1,6.0395885,0.6,15,0.6,0,50
14435,2,1,-14.296544,0.64,16,0.64,0,50
14436,0,-1,2.4372003,0.6,15,0.6,0,50
14437,1,0,0.0,0.6,15,0.6,0,50
14438,0,-1,-0.0,0.6,15,0.6,0,50
14439,0,-1,-0.0,0.6,15,0.6,0,50
14440,0,-1,-0.0,0.6,15,0.6,0,50
14441,2,1,-1.2695535,0.64,16,0.64,0,50
14442,0,-1,0.5869133,0.6,15,0.6,0,50
14443,0,-1,0.50104487,0.56,14,0.56,0,50
14444,2,1,-0.10520397,0.6,15,0.6,0,50
14445,1,0,0.0,0.6,15,0.6,0,50
14446,0,-1,-3.7296698,0.56,14,0.56,0,50
14447,1,0,0.0,0.56,14,0.56,0,50
14448,1,0,0.0,0.56,14,0.56,0,50
14449,0,-1,-3.624595,0.52,13,0.52,0,50
14450,1,0,0.0,0.52,13,0.52,0,50
14451,2,1,3.074391,0.56,14,0.56,0,50
14452,1,0,0.0,0.56,14,0.56,0,50
14453,2,1,4.967727,0.6,15,0.6,0,50
14454,0,-1,-0.0,0.6,15,0.6,0,50
14455,0,-1,-4.967727,0.56,14,0.56,0,50
14456,0,-1,-0.0,0.56,14,0.56,0,50
14457,1,0,0.0,0.56,14,0.56,0,50
14458,0,-1,-0.0,0.56,14,0.56,1,50
14459,2,1,3.713685,0.6,15,0.6,0,50
14460,0,-1,-0.0,0.6,15,0.6,0,50
14461,1,0,0.0,0.6,15,0.6,0,50
14462,0,-1,-3.713685,0.56,14,0.56,0,50
14463,0,-1,-4.077752,0.52,13,0.52,0,50
14464,2,1,-0.8503707,0.56,14,0.56,0,50
14465,0,-1,-0.0,0.56,14,0.56,0,50
14466,0,-1,-0.0,0.56,14,0.56,0,50
14467,2,1,4.1611214,0.6,15,0.6,0,50
14468,0,-1,-0.0,0.6,15,0.6,0,50
14469,0,-1,-0.0,0.6,15,0.6,0,50
14470,0,-1,-0.0,0.6,15,0.6,0,50
14471,0,-1,-4.1611214,0.56,14,0.56,0,50
14472,1,0,0.0,0.56,14,0.56,0,50
14473,1,0,0.0,0.56,14,0.56,0,50
14474,1,0,0.0,0.56,14,0.56,0,50
14475,0,-1,-0.0,0.56,14,0.56,0,50
14476,0,-1,-0.0,0.56,14,0.56,0,50
14477,0,-1,-0.0,0.56,14,0.56,0,50
14478,0,-1,-9.766626,0.52,13,0.52,0,50
14479,1,0,0.0,0.52,13,0.52,0,50
14480,2,1,8.300203,0.56,14,0.56,0,50
14481,0,-1,-0.0,0.56,14,0.56,0,50
14482,2,1,4.849651,0.6,15,0.6,0,50
14483,1,0,0.0,0.6,15,0.6,0,50
14484,1,0,0.0,0.6,15,0.6,0,50
14485,2,1,1.0376029,0.64,16,0.64,1,50
14486,0,-1,7.516423,0.6,15,0.6,0,50
14487,2,1,-1.291862,0.64,16,0.64,0,50
14488,0,-1,1.291862,0.6,15,0.6,0,50
14489,2,1,-1.238872,0.64,16,0.64,0,50
14490,1,0,0.0,0.64,16,0.64,0,50
14491,0,-1,0.1599993,0.6,15,0.6,0,50
14492,0,-1,-0.0,0.6,15,0.6,0,50
14493,0,-1,-4.718379,0.56,14,0.56,0,50
14494,1,0,0.0,0.56,14,0.56,0,50
14495,0,-1,-1.5601926,0.52,13,0.52,0,50
14496,0,-1,-10.337557,0.48,12,0.48,0,50
14497,2,1,11.292107,0.52,13,0.52,0,50
14498,0,-1,-0.0,0.52,13,0.52,0,50
14499,2,1,7.49015,0.56,14,0.56,0,50
14500,2,1,0.75685984,0.6,15,0.6,0,50
14501,0,-1,-0.0,0.6,15,0.6,0,50
14502,0,-1,-0.0,0.6,15,0.6,0,50
14503,1,0,0.0,0.6,15,0.6,0,50
14504,0,-1,-0.75685984,0.56,14,0.56,0,50
14505,0,-1,-8.444699,0.52,13,0.52,0,50
14506,2,1,8.710995,0.56,14,0.56,0,50
14507,0,-1,-0.0,0.56,14,0.56,0,50
14508,2,1,0.75685984,0.6,15,0.6,0,50
14509,0,-1,-3.7603512,0.56,14,0.56,0,50
14510,2,1,2.4540305,0.6,15,0.6,0,50
14511,0,-1,-2.4540305,0.56,14,0.56,0,50
14512,2,1,-3.3652217,0.6,15,0.6,0,50
14513,2,1,-1.8028405,0.64,16,0.64,0,50
14514,1,0,0.0,0.64,16,0.64,0,50
14515,1,0,0.0,0.64,16,0.64,1,50
14516,0,-1,1.78454,0.6,15,0.6,0,50
14517,2,1,-0.84560555,0.64,16,0.64,0,50
14518,2,1,-9.928238,0.68,17,0.68,0,50
14519,0,-1,9.928238,0.64,16,0.64,0,50
14520,2,1,-9.928238,0.68,17,0.68,0,50
14521,0,-1,-0.0,0.68,17,0.68,0,50
14522,2,1,-19.607101,0.72,18,0.72,0,50
14523,0,-1,24.468979,0.68,17,0.68,0,50
14524,2,1,-19.956758,0.72,18,0.72,0,50
14525,0,-1,19.80802,0.68,17,0.68,0,50
14526,0,-1,6.909664,0.64,16,0.64,0,50
14527,2,1,-6.9116645,0.68,17,0.68,0,50
14528,1,0,0.0,0.68,17,0.68,0,50
14529,0,-1,-0.0,0.68,17,0.68,0,50
14530,0,-1,-0.0,0.68,17,0.68,0,50
14531,0,-1,-0.0,0.68,17,0.68,0,50
14532,1,0,0.0,0.68,17,0.68,0,50
14533,2,1,-21.877234,0.72,18,0.72,0,50
14534,0,-1,-0.0,0.72,18,0.72,0,50
14535,0,-1,-0.0,0.72,18,0.72,0,50
14536,1,0,0.0,0.72,18,0.72,0,50
14537,0,-1,-0.0,0.72,18,0.72,0,50
14538,0,-1,21.877234,0.68,17,0.68,0,50
14539,2,1,-18.007162,0.72,18,0.72,0,50
14540,1,0,0.0,0.72,18,0.72,0,50
14541,0,-1,-0.0,0.72,18,0.72,0,50
14542,0,-1,19.607101,0.68,17,0.68,1,50
14543,1,0,0.0,0.68,17,0.68,0,50
14544,0,-1,-0.0,0.68,17,0.68,0,50
14545,0,-1,10.378087,0.64,16,0.64,0,50
14546,0,-1,1.2162594,0.6,15,0.6,1,50
14547,0,-1,-0.0,0.6,15,0.6,0,50
14548,2,1,-2.8356645,0.64,16,0.64,0,50
14549,0,-1,-0.0,0.64,16,0.64,0,50
14550,0,-1,-0.013476417,0.6,15,0.6,0,50
14551,1,0,0.0,0.6,15,0.6,0,50
14552,0,-1,-0.0,0.6,15,0.6,1,50
14553,0,-1,-0.0,0.6,15,0.6,0,50
14554,2,1,-3.4902232,0.64,16,0.64,0,50
14555,0,-1,-0.0,0.64,16,0.64,1,50
14556,0,-1,2.9258552,0.6,15,0.6,0,50
14557,2,1,-1.3175056,0.64,16,0.64,0,50
14558,1,0,0.0,0.64,16,0.64,0,50
14559,0,-1,1.998527,0.6,15,0.6,1,50
14560,2,1,-4.8820944,0.64,16,0.64,0,50
14561,0,-1,4.8820944,0.6,15,0.6,0,50
14562,0,-1,-2.8241086,0.56,14,0.56,0,50
14563,2,1,2.614744,0.6,15,0.6,1,50
14564,0,-1,-0.0,0.6,15,0.6,0,50
14565,0,-1,-0.0,0.6,15,0.6,0,50
14566,1,0,0.0,0.6,15,0.6,0,50
14567,0,-1,-3.6688144,0.56,14,0.56,0,50
14568,0,-1,-0.0,0.56,14,0.56,0,50
14569,2,1,3.8743238,0.6,15,0.6,0,50
14570,1,0,0.0,0.6,15,0.6,0,50
14571,0,-1,-2.1443164,0.56,14,0.56,0,50
14572,0,-1,-7.8556533,0.52,13,0.52,0,50
14573,2,1,6.4315543,0.56,14,0.56,0,50
14574,0,-1,-6.4315543,0.52,13,0.52,0,50
14575,2,1,8.519342,0.56,14,0.56,0,50
14576,0,-1,-0.0,0.56,14,0.56,0,50
14577,0,-1,-0.0,0.56,14,0.56,0,50
14578,0,-1,-0.0,0.56,14,0.56,0,50
14579,2,1,1.3979521,0.6,15,0.6,0,50
14580,2,1,-2.297468,0.64,16,0.64,0,50
14581,1,0,0.0,0.64,16,0.64,0,50
14582,1,0,0.0,0.64,16,0.64,0,50
14583,0,-1,0.2096801,0.6,15,0.6,0,50
14584,1,0,0.0,0.6,15,0.6,0,50
14585,2,1,-4.8862786,0.64,16,0.64,0,50
14586,0,-1,3.6012712,0.6,15,0.6,1,50
14587,2,1,-3.635135,0.64,16,0.64,0,50
14588,1,0,0.0,0.64,16,0.64,0,50
14589,0,-1,3.635135,0.6,15,0.6,0,50
14590,0,-1,-5.994906,0.56,14,0.56,0,50
14591,0,-1,-3.7672079,0.52,13,0.52,0,50
14592,0,-1,-0.0,0.52,13,0.52,0,50
14593,2,1,5.175995,0.56,14,0.56,0,50
14594,1,0,0.0,0.56,14,0.56,0,50
14595,0,-1,-6.482592,0.52,13,0.52,0,50
14596,1,0,0.0,0.52,13,0.52,0,50
14597,2,1,4.2826076,0.56,14,0.56,0,50
14598,1,0,0.0,0.56,14,0.56,0,50
14599,1,0,0.0,0.56,14,0.56,0,50
14600,2,1,5.061821,0.6,15,0.6,0,50
14601,0,-1,-7.609331,0.56,14,0.56,1,50
14602,2,1,2.2667687,0.6,15,0.6,0,50
14603,1,0,0.0,0.6,15,0.6,0,50
14604,1,0,0.0,0.6,15,0.6,0,50
14605,0,-1,-5.1073465,0.56,14,0.56,0,50
14606,1,0,0.0,0.56,14,0.56,0,50
14607,1,0,0.0,0.56,14,0.56,0,50
14608,2,1,-0.081284955,0.6,15,0.6,0,50
14609,1,0,0.0,0.6,15,0.6,0,50
14610,2,1,-3.0668304,0.64,16,0.64,0,50
14611,0,-1,-0.0,0.64,16,0.64,0,50
14612,0,-1,3.0668304,0.6,15,0.6,0,50
14613,0,-1,-8.803851,0.56,14,0.56,0,50
14614,2,1,4.7633,0.6,15,0.6,0,50
14615,0,-1,-4.7633,0.56,14,0.56,0,50
14616,1,0,0.0,0.56,14,0.56,0,50
14617,2,1,-2.0149944,0.6,15,0.6,1,50
14618,0,-1,2.0948226,0.56,14,0.56,0,50
14619,1,0,0.0,0.56,14,0.56,0,50
14620,2,1,0.6370533,0.6,15,0.6,0,50
14621,2,1,-6.7603884,0.64,16,0.64,0,50
14622,0,-1,-0.0,0.64,16,0.64,0,50
14623,2,1,-6.806395,0.68,17,0.68,0,50
14624,2,1,-12.97469,0.72,18,0.72,0,50
14625,0,-1,23.538996,0.68,17,0.68,0,50
14626,0,-1,-0.0,0.68,17,0.68,0,50
14627,0,-1,6.806395,0.64,16,0.64,0,50
14628,1,0,0.0,0.64,16,0.64,0,50
14629,0,-1,4.36217,0.6,15,0.6,0,50
14630,0,-1,-3.9054427,0.56,14,0.56,0,50
14631,1,0,0.0,0.56,14,0.56,0,50
14632,0,-1,-3.613941,0.52,13,0.52,0,50
14633,1,0,0.0,0.52,13,0.52,0,50
14634,2,1,2.8602798,0.56,14,0.56,0,50
14635,0,-1,-0.0,0.56,14,0.56,0,50
14636,0,-1,-2.8602798,0.52,13,0.52,0,50
14637,1,0,0.0,0.52,13,0.52,0,50
14638,2,1,11.322521,0.56,14,0.56,0,50
14639,2,1,-0.905464,0.6,15,0.6,0,50
14640,0,-1,-2.6079273,0.56,14,0.56,0,50
14641,1,0,0.0,0.56,14,0.56,0,50
14642,2,1,3.8859603,0.6,15,0.6,0,50
14643,0,-1,-3.8859603,0.56,14,0.56,1,50
14644,0,-1,-11.315453,0.52,13,0.52,0,50
14645,0,-1,-5.666941,0.48,12,0.48,0,50
14646,2,1,10.473203,0.52,13,0.52,0,50
14647,2,1,5.2157936,0.56,14,0.56,0,50
14648,0,-1,-5.2157936,0.52,13,0.52,0,50
14649,2,1,0.0,0.0,0,0.0,0,50
14650,2,1,-8.282061,0.2,5,0.2,0,51
14651,2,1,23.929375,0.24,6,0.24,0,51
14652,1,0,0.0,0.24,6,0.24,0,51
14653,2,1,-9.03267,0.28,7,0.28,0,51
14654,2,1,-9.695904,0.32,8,0.32,0,51
14655,2,1,-10.560961,0.36,9,0.36,0,51
14656,2,1,20.846403,0.4,10,0.4,0,51
14657,0,-1,11.659249,0.36,9,0.36,0,51
14658,2,1,-11.658582,0.4,10,0.4,0,51
14659,2,1,15.215459,0.44,11,0.44,0,51
14660,2,1,-14.783626,0.48,12,0.48,0,51
14661,0,-1,14.783754,0.44,11,0.44,1,51
14662,2,1,-14.783756,0.48,12,0.48,1,51
14663,1,0,0.0,0.48,12,0.48,0,51
14664,2,1,-10.977079,0.52,13,0.52,0,51
14665,1,0,0.0,0.52,13,0.52,0,51
14666,1,0,0.0,0.52,13,0.52,0,51
14667,1,0,0.0,0.52,13,0.52,0,51
14668,2,1,11.30459,0.56,14,0.56,1,51
14669,0,-1,-0.0,0.56,14,0.56,0,51
14670,0,-1,-7.673798,0.52,13,0.52,0,51
14671,2,1,6.773733,0.56,14,0.56,0,51
14672,2,1,6.025149,0.6,15,0.6,0,51
14673,2,1,-1.4851247,0.64,16,0.64,0,51
14674,0,-1,-0.0,0.64,16,0.64,0,51
14675,1,0,0.0,0.64,16,0.64,0,51
14676,0,-1,21.132687,0.6,15,0.6,0,51
14677,0,-1,-3.0439343,0.56,14,0.56,0,51
14678,2,1,7.593534,0.6,15,0.6,0,51
14679,0,-1,-4.3121305,0.56,14,0.56,0,51
14680,0,-1,-0.0,0.56,14,0.56,1,51
14681,0,-1,-7.401523,0.52,13,0.52,0,51
14682,0,-1,-11.509182,0.48,12,0.48,0,51
14683,2,1,0.5114865,0.52,13,0.52,0,51
14684,2,1,7.247458,0.56,14,0.56,0,51
14685,2,1,1.4053271,0.6,15,0.6,0,51
14686,1,0,0.0,0.6,15,0.6,0,51
14687,2,1,-19.232113,0.64,16,0.64,0,51
14688,0,-1,-0.0,0.64,16,0.64,0,51
14689,0,-1,-0.0,0.64,16,0.64,0,51
14690,0,-1,11.064942,0.6,15,0.6,0,51
14691,1,0,0.0,0.6,15,0.6,0,51
14692,1,0,0.0,0.6,15,0.6,0,51
14693,0,-1,-7.5793395,0.56,14,0.56,0,51
14694,2,1,5.0367365,0.6,15,0.6,0,51
14695,2,1,-2.2796466,0.64,16,0.64,0,51
14696,0,-1,-3.789294,0.6,15,0.6,1,51
14697,1,0,0.0,0.6,15,0.6,0,51
14698,0,-1,-2.7036102,0.56,14,0.56,0,51
14699,1,0,0.0,0.56,14,0.56,0,51
14700,1,0,0.0,0.56,14,0.56,0,51
14701,0,-1,-0.0,0.56,14,0.56,0,51
14702,1,0,0.0,0.56,14,0.56,0,51
14703,0,-1,8.452362,0.52,13,0.52,0,51
14704,0,-1,-11.6339855,0.48,12,0.48,0,51
14705,2,1,15.359831,0.52,13,0.52,0,51
14706,0,-1,1.5914289,0.48,12,0.48,0,51
14707,0,-1,-17.572664,0.44,11,0.44,0,51
14708,0,-1,-11.892051,0.4,10,0.4,0,51
14709,2,1,9.533826,0.44,11,0.44,0,51
14710,2,1,14.385013,0.48,12,0.48,0,51
14711,2,1,7.9147625,0.52,13,0.52,0,51
14712,1,0,0.0,0.52,13,0.52,0,51
14713,2,1,8.009673,0.56,14,0.56,0,51
14714,2,1,2.7607293,0.6,15,0.6,1,51
14715,1,0,0.0,0.6,15,0.6,0,51
14716,1,0,0.0,0.6,15,0.6,0,51
14717,0,-1,-1.2813227,0.56,14,0.56,0,51
14718,2,1,8.77575,0.6,15,0.6,0,51
14719,1,0,0.0,0.6,15,0.6,0,51
14720,1,0,0.0,0.6,15,0.6,0,51
14721,1,0,0.0,0.6,15,0.6,0,51
14722,0,-1,-4.8320293,0.56,14,0.56,0,51
14723,1,0,0.0,0.56,14,0.56,0,51
14724,2,1,1.195139,0.6,15,0.6,0,51
14725,1,0,0.0,0.6,15,0.6,0,51
14726,2,1,-8.154507,0.64,16,0.64,1,51
14727,1,0,0.0,0.64,16,0.64,0,51
14728,0,-1,-0.0,0.64,16,0.64,0,51
14729,0,-1,-0.0,0.64,16,0.64,0,51
14730,0,-1,3.8469188,0.6,15,0.6,0,51
14731,1,0,0.0,0.6,15,0.6,0,51
14732,0,-1,-2.6869006,0.56,14,0.56,0,51
14733,0,-1,-0.22168683,0.52,13,0.52,0,51
14734,0,-1,-12.512908,0.48,12,0.48,0,51
14735,0,-1,-5.629412,0.44,11,0.44,0,51
14736,2,1,10.05298,0.48,12,0.48,0,51
14737,2,1,10.115454,0.52,13,0.52,0,51
14738,1,0,0.0,0.52,13,0.52,0,51
14739,0,-1,-15.349447,0.48,12,0.48,0,51
14740,1,0,0.0,0.48,12,0.48,0,51
14741,2,1,11.659972,0.52,13,0.52,0,51
14742,1,0,0.0,0.52,13,0.52,0,51
14743,2,1,6.4133244,0.56,14,0.56,0,51
14744,1,0,0.0,0.56,14,0.56,1,51
14745,1,0,0.0,0.56,14,0.56,0,51
14746,0,-1,-7.4218426,0.52,13,0.52,0,51
14747,2,1,9.648778,0.56,14,0.56,0,51
14748,2,1,4.60099,0.6,15,0.6,0,51
14749,2,1,-5.536259,0.64,16,0.64,0,51
14750,2,1,-15.5526905,0.68,17,0.68,0,51
14751,0,-1,-0.0,0.68,17,0.68,0,51
14752,1,0,0.0,0.68,17,0.68,0,51
14753,1,0,0.0,0.68,17,0.68,0,51
14754,1,0,0.0,0.68,17,0.68,0,51
14755,0,-1,9.225358,0.64,16,0.64,0,51
14756,0,-1,0.39823338,0.6,15,0.6,0,51
14757,0,-1,-0.0,0.6,15,0.6,0,51
14758,2,1,-6.021596,0.64,16,0.64,0,51
14759,0,-1,-0.0,0.64,16,0.64,0,51
14760,0,-1,-0.9197559,0.6,15,0.6,0,51
14761,0,-1,-0.0,0.6,15,0.6,0,51
14762,0,-1,-0.0,0.6,15,0.6,0,51
14763,1,0,0.0,0.6,15,0.6,0,51
14764,0,-1,-0.0,0.6,15,0.6,0,51
14765,2,1,-11.795404,0.64,16,0.64,0,51
14766,1,0,0.0,0.64,16,0.64,1,51
14767,0,-1,-0.0,0.64,16,0.64,0,51
14768,0,-1,-0.0,0.64,16,0.64,0,51
14769,0,-1,-0.0,0.64,16,0.64,0,51
14770,0,-1,-0.0,0.64,16,0.64,0,51
14771,1,0,0.0,0.64,16,0.64,0,51
14772,0,-1,-0.0,0.64,16,0.64,0,51
14773,0,-1,-0.0,0.64,16,0.64,0,51
14774,2,1,-8.357885,0.68,17,0.68,0,51
14775,1,0,0.0,0.68,17,0.68,0,51
14776,0,-1,8.357885,0.64,16,0.64,0,51
14777,0,-1,-0.0,0.64,16,0.64,1,51
14778,0,-1,-0.0,0.64,16,0.64,1,51
14779,0,-1,5.7803063,0.6,15,0.6,0,51
14780,0,-1,-5.138505,0.56,14,0.56,0,51
14781,2,1,-2.1363986,0.6,15,0.6,0,51
14782,0,-1,-0.0,0.6,15,0.6,0,51
14783,2,1,-5.401661,0.64,16,0.64,0,51
14784,1,0,0.0,0.64,16,0.64,0,51
14785,0,-1,7.135622,0.6,15,0.6,0,51
14786,1,0,0.0,0.6,15,0.6,0,51
14787,2,1,3.7635534,0.64,16,0.64,0,51
14788,0,-1,-0.0,0.64,16,0.64,0,51
14789,1,0,0.0,0.64,16,0.64,0,51
14790,2,1,-14.034447,0.68,17,0.68,1,51
14791,0,-1,11.632536,0.64,16,0.64,0,51
14792,1,0,0.0,0.64,16,0.64,0,51
14793,0,-1,7.146804,0.6,15,0.6,0,51
14794,0,-1,6.0547495,0.56,14,0.56,0,51
14795,2,1,-7.169079,0.6,15,0.6,0,51
14796,2,1,-7.1468043,0.64,16,0.64,0,51
14797,2,1,-5.943724,0.68,17,0.68,0,51
14798,2,1,-14.228585,0.72,18,0.72,1,51
14799,1,0,0.0,0.72,18,0.72,0,51
14800,0,-1,27.922548,0.68,17,0.68,0,51
14801,0,-1,15.672392,0.64,16,0.64,0,51
14802,0,-1,-0.0,0.64,16,0.64,0,51
14803,2,1,-15.930284,0.68,17,0.68,0,51
14804,0,-1,-0.0,0.68,17,0.68,0,51
14805,0,-1,5.935756,0.64,16,0.64,1,51
14806,0,-1,-0.0,0.64,16,0.64,0,51
14807,0,-1,9.040496,0.6,15,0.6,0,51
14808,2,1,-8.067476,0.64,16,0.64,0,51
14809,0,-1,8.067476,0.6,15,0.6,0,51
14810,0,-1,-0.95471674,0.56,14,0.56,0,51
14811,2,1,-4.04163,0.6,15,0.6,0,51
14812,1,0,0.0,0.6,15,0.6,0,51
14813,2,1,-6.7610807,0.64,16,0.64,0,51
14814,0,-1,-0.0,0.64,16,0.64,0,51
14815,0,-1,-0.0,0.64,16,0.64,0,51
14816,0,-1,-0.0,0.64,16,0.64,0,51
14817,1,0,0.0,0.64,16,0.64,0,51
14818,0,-1,-0.0,0.64,16,0.64,0,51
14819,0,-1,-0.0,0.64,16,0.64,0,51
14820,0,-1,-0.0,0.64,16,0.64,0,51
14821,1,0,0.0,0.64,16,0.64,1,51
14822,2,1,-16.262213,0.68,17,0.68,0,51
14823,0,-1,4.3515024,0.64,16,0.64,0,51
14824,0,-1,-0.0,0.64,16,0.64,0,51
14825,0,-1,-0.0,0.64,16,0.64,0,51
14826,0,-1,9.050024,0.6,15,0.6,0,51
14827,0,-1,-0.0,0.6,15,0.6,0,51
14828,0,-1,-0.0,0.6,15,0.6,0,51
14829,1,0,0.0,0.6,15,0.6,0,51
14830,1,0,0.0,0.6,15,0.6,0,51
14831,0,-1,-0.0,0.6,15,0.6,0,51
14832,0,-1,4.364165,0.56,14,0.56,0,51
14833,0,-1,-1.5522127,0.52,13,0.52,0,51
14834,0,-1,-0.0,0.52,13,0.52,0,51
14835,1,0,0.0,0.52,13,0.52,0,51
14836,0,-1,-15.336439,0.48,12,0.48,0,51
14837,2,1,11.702436,0.52,13,0.52,0,51
14838,0,-1,-11.702436,0.48,12,0.48,0,51
14839,2,1,11.702436,0.52,13,0.52,0,51
14840,2,1,7.3890104,0.56,14,0.56,0,51
14841,0,-1,-0.0,0.56,14,0.56,0,51
14842,0,-1,-8.855029,0.52,13,0.52,0,51
14843,1,0,0.0,0.52,13,0.52,0,51
14844,1,0,0.0,0.52,13,0.52,0,51
14845,2,1,12.489098,0.56,14,0.56,0,51
14846,1,0,0.0,0.56,14,0.56,0,51
14847,0,-1,-7.3890104,0.52,13,0.52,1,51
14848,0,-1,-0.0,0.52,13,0.52,0,51
14849,0,-1,-0.0,0.52,13,0.52,0,51
14850,0,-1,-4.8972707,0.48,12,0.48,0,51
14851,1,0,0.0,0.48,12,0.48,0,51
14852,0,-1,-8.581184,0.44,11,0.44,0,51
14853,2,1,13.921222,0.48,12,0.48,0,51
14854,2,1,11.598444,0.52,13,0.52,0,51
14855,0,-1,-0.0,0.52,13,0.52,0,51
14856,1,0,0.0,0.52,13,0.52,0,51
14857,1,0,0.0,0.52,13,0.52,0,51
14858,2,1,9.718707,0.56,14,0.56,0,51
14859,0,-1,-8.860981,0.52,13,0.52,0,51
14860,1,0,0.0,0.52,13,0.52,0,51
14861,1,0,0.0,0.52,13,0.52,0,51
14862,1,0,0.0,0.52,13,0.52,0,51
14863,1,0,0.0,0.52,13,0.52,0,51
14864,0,-1,-11.598444,0.48,12,0.48,0,51
14865,1,0,0.0,0.48,12,0.48,0,51
14866,2,1,6.4616475,0.52,13,0.52,1,51
14867,2,1,7.432224,0.56,14,0.56,0,51
14868,2,1,2.3245125,0.6,15,0.6,0,51
14869,2,1,-3.0236819,0.64,16,0.64,0,51
14870,0,-1,-0.0,0.64,16,0.64,0,51
14871,1,0,0.0,0.64,16,0.64,0,51
14872,0,-1,-3.7547407,0.6,15,0.6,0,51
14873,0,-1,-2.3245125,0.56,14,0.56,0,51
14874,0,-1,-5.7053404,0.52,13,0.52,0,51
14875,1,0,0.0,0.52,13,0.52,1,51
14876,0,-1,-12.621236,0.48,12,0.48,0,51
14877,1,0,0.0,0.48,12,0.48,0,51
14878,0,-1,-9.002547,0.44,11,0.44,0,51
14879,2,1,17.54061,0.48,12,0.48,0,51
14880,1,0,0.0,0.48,12,0.48,0,51
14881,2,1,12.602284,0.52,13,0.52,0,51
14882,2,1,8.452358,0.56,14,0.56,0,51
14883,1,0,0.0,0.56,14,0.56,0,51
14884,1,0,0.0,0.56,14,0.56,0,51
14885,0,-1,-7.4958344,0.52,13,0.52,0,51
14886,2,1,5.423752,0.56,14,0.56,0,51
14887,2,1,0.040029768,0.6,15,0.6,0,51
14888,1,0,0.0,0.6,15,0.6,1,51
14889,1,0,0.0,0.6,15,0.6,0,51
14890,0,-1,-0.0,0.6,15,0.6,0,51
14891,0,-1,-0.0,0.6,15,0.6,0,51
14892,2,1,2.5344403,0.64,16,0.64,0,51
14893,0,-1,4.802252,0.6,15,0.6,0,51
14894,0,-1,-7.5336637,0.56,14,0.56,0,51
14895,1,0,0.0,0.56,14,0.56,0,51
14896,0,-1,-0.0,0.56,14,0.56,0,51
14897,2,1,7.5336637,0.6,15,0.6,1,51
14898,0,-1,-0.0,0.6,15,0.6,0,51
14899,1,0,0.0,0.6,15,0.6,0,51
14900,1,0,0.0,0.6,15,0.6,0,51
14901,2,1,-0.34529153,0.64,16,0.64,0,51
14902,0,-1,-0.0,0.64,16,0.64,0,51
14903,0,-1,-0.0,0.64,16,0.64,0,51
14904,0,-1,5.918195,0.6,15,0.6,0,51
14905,0,-1,-1.7743547,0.56,14,0.56,0,51
14906,2,1,5.1800966,0.6,15,0.6,0,51
14907,0,-1,-0.0,0.6,15,0.6,0,51
14908,1,0,0.0,0.6,15,0.6,0,51
14909,0,-1,-0.0,0.6,15,0.6,0,51
14910,2,1,0.92934835,0.64,16,0.64,0,51
14911,2,1,-8.116974,0.68,17,0.68,0,51
14912,1,0,0.0,0.68,17,0.68,0,51
14913,0,-1,5.969476,0.64,16,0.64,0,51
14914,0,-1,1.2181495,0.6,15,0.6,0,51
14915,2,1,-2.7304618,0.64,16,0.64,0,51
14916,1,0,0.0,0.64,16,0.64,0,51
14917,2,1,-8.307025,0.68,17,0.68,1,51
14918,0,-1,-0.0,0.68,17,0.68,0,51
14919,1,0,0.0,0.68,17,0.68,0,51
14920,0,-1,7.2556815,0.64,16,0.64,0,51
14921,0,-1,-0.0,0.64,16,0.64,0,51
14922,2,1,-9.359016,0.68,17,0.68,0,51
14923,0,-1,9.359016,0.64,16,0.64,0,51
14924,0,-1,2.8069983,0.6,15,0.6,0,51
14925,0,-1,-0.0,0.6,15,0.6,0,51
14926,0,-1,-3.7760646,0.56,14,0.56,0,51
14927,1,0,0.0,0.56,14,0.56,0,51
14928,1,0,0.0,0.56,14,0.56,0,51
14929,1,0,0.0,0.56,14,0.56,0,51
14930,0,-1,-8.597693,0.52,13,0.52,0,51
14931,2,1,6.26883,0.56,14,0.56,1,51
14932,2,1,-1.2814032,0.6,15,0.6,0,51
14933,2,1,-5.1149797,0.64,16,0.64,0,51
14934,0,-1,-0.0,0.64,16,0.64,0,51
14935,0,-1,-0.0,0.64,16,0.64,0,51
14936,0,-1,-0.0,0.64,16,0.64,0,51
14937,2,1,-10.4936905,0.68,17,0.68,0,51
14938,0,-1,12.013804,0.64,16,0.64,0,51
14939,0,-1,-0.0,0.64,16,0.64,0,51
14940,1,0,0.0,0.64,16,0.64,0,51
14941,0,-1,-0.0,0.64,16,0.64,0,51
14942,0,-1,3.5948663,0.6,15,0.6,0,51
14943,0,-1,1.2814032,0.56,14,0.56,0,51
14944,2,1,-1.2814032,0.6,15,0.6,0,51
14945,1,0,0.0,0.6,15,0.6,0,51
14946,1,0,0.0,0.6,15,0.6,0,51
14947,2,1,-2.4994102,0.64,16,0.64,0,51
14948,0,-1,-1.136115,0.6,15,0.6,0,51
14949,0,-1,0.0,0.0,0,0.0,0,51
14950,2,1,-8.281979,0.2,5,0.2,0,52
14951,2,1,-8.557965,0.24,6,0.24,0,52
14952,2,1,-9.032669,0.28,7,0.28,0,52
14953,2,1,-9.695935,0.32,8,0.32,0,52
14954,2,1,21.94469,0.36,9,0.36,0,52
14955,2,1,20.828676,0.4,10,0.4,0,52
14956,1,0,0.0,0.4,10,0.4,0,52
14957,2,1,18.242548,0.44,11,0.44,0,52
14958,2,1,-14.783754,0.48,12,0.48,0,52
14959,2,1,-16.996595,0.52,13,0.52,0,52
14960,0,-1,16.99662,0.48,12,0.48,0,52
14961,2,1,-16.99662,0.52,13,0.52,0,52
14962,2,1,9.806287,0.56,14,0.56,0,52
14963,1,0,0.0,0.56,14,0.56,0,52
14964,2,1,4.923526,0.6,15,0.6,0,52
14965,2,1,-0.31596622,0.64,16,0.64,0,52
14966,0,-1,0.31596622,0.6,15,0.6,0,52
14967,2,1,2.716407,0.64,16,0.64,0,52
14968,0,-1,-0.0,0.64,16,0.64,0,52
14969,1,0,0.0,0.64,16,0.64,0,52
14970,0,-1,-1.0772642,0.6,15,0.6,0,52
14971,1,0,0.0,0.6,15,0.6,0,52
14972,2,1,1.0794091,0.64,16,0.64,0,52
14973,0,-1,-0.0,0.64,16,0.64,0,52
14974,0,-1,-0.0,0.64,16,0.64,0,52
14975,1,0,0.0,0.64,16,0.64,0,52
14976,0,-1,28.572464,0.6,15,0.6,1,52
14977,0,-1,23.573826,0.56,14,0.56,0,52
14978,0,-1,-0.0,0.56,14,0.56,0,52
14979,2,1,4.965838,0.6,15,0.6,0,52
14980,2,1,1.0554833,0.64,16,0.64,1,52
14981,1,0,0.0,0.64,16,0.64,0,52
14982,0,-1,0.15727721,0.6,15,0.6,0,52
14983,2,1,-6.780569,0.64,16,0.64,0,52
14984,2,1,-10.601824,0.68,17,0.68,0,52
14985,2,1,-17.620457,0.72,18,0.72,0,52
14986,2,1,-34.447674,0.76,19,0.76,0,52
14987,0,-1,34.447674,0.72,18,0.72,0,52
14988,0,-1,-0.0,0.72,18,0.72,0,52
14989,0,-1,14.984561,0.68,17,0.68,0,52
14990,0,-1,10.601824,0.64,16,0.64,0,52
14991,2,1,-16.562113,0.68,17,0.68,0,52
14992,0,-1,-0.0,0.68,17,0.68,0,52
14993,0,-1,-0.0,0.68,17,0.68,0,52
14994,0,-1,-0.0,0.68,17,0.68,0,52
14995,0,-1,-0.0,0.68,17,0.68,0,52
14996,0,-1,18.655169,0.64,16,0.64,0,52
14997,1,0,0.0,0.64,16,0.64,0,52
14998,0,-1,-0.0,0.64,16,0.64,0,52
14999,0,-1,-0.0,0.64,16,0.64,0,52
15000,1,0,0.0,0.64,16,0.64,0,52
15001,1,0,0.0,0.64,16,0.64,0,52
15002,0,-1,-0.0,0.64,16,0.64,1,52
15003,2,1,-5.6816545,0.68,17,0.68,0,52
15004,0,-1,7.7507033,0.64,16,0.64,0,52
15005,0,-1,6.428123,0.6,15,0.6,0,52
15006,0,-1,-6.021567,0.56,14,0.56,0,52
15007,1,0,0.0,0.56,14,0.56,0,52
15008,0,-1,-6.434032,0.52,13,0.52,0,52
15009,2,1,6.920868,0.56,14,0.56,0,52
15010,1,0,0.0,0.56,14,0.56,1,52
15011,1,0,0.0,0.56,14,0.56,0,52
15012,0,-1,-0.0,0.56,14,0.56,0,52
15013,0,-1,-3.3665044,0.52,13,0.52,0,52
15014,2,1,7.538586,0.56,14,0.56,0,52
15015,0,-1,-0.0,0.56,14,0.56,0,52
15016,0,-1,-0.0,0.56,14,0.56,0,52
15017,0,-1,-0.0,0.56,14,0.56,0,52
15018,1,0,0.0,0.56,14,0.56,0,52
15019,2,1,5.154038,0.6,15,0.6,0,52
15020,0,-1,-0.0,0.6,15,0.6,0,52
15021,0,-1,-0.0,0.6,15,0.6,0,52
15022,2,1,-4.028095,0.64,16,0.64,0,52
15023,0,-1,-0.0,0.64,16,0.64,0,52
15024,0,-1,-0.0,0.64,16,0.64,0,52
15025,0,-1,1.190436,0.6,15,0.6,0,52
15026,0,-1,-3.3334012,0.56,14,0.56,0,52
15027,0,-1,-11.358371,0.52,13,0.52,0,52
15028,2,1,7.5354495,0.56,14,0.56,0,52
15029,0,-1,-7.3220663,0.52,13,0.52,0,52
15030,0,-1,-0.0,0.52,13,0.52,0,52
15031,2,1,5.6183524,0.56,14,0.56,0,52
15032,0,-1,-7.5354495,0.52,13,0.52,0,52
15033,0,-1,-0.0,0.52,13,0.52,0,52
15034,2,1,3.724656,0.56,14,0.56,0,52
15035,1,0,0.0,0.56,14,0.56,0,52
15036,0,-1,-3.724656,0.52,13,0.52,0,52
15037,1,0,0.0,0.52,13,0.52,1,52
15038,2,1,8.166037,0.56,14,0.56,0,52
15039,1,0,0.0,0.56,14,0.56,0,52
15040,0,-1,-12.559247,0.52,13,0.52,0,52
15041,2,1,4.0280557,0.56,14,0.56,0,52
15042,0,-1,-0.0,0.56,14,0.56,0,52
15043,2,1,8.830057,0.6,15,0.6,0,52
15044,2,1,2.621948,0.64,16,0.64,0,52
15045,2,1,-5.8944006,0.68,17,0.68,0,52
15046,0,-1,-0.0,0.68,17,0.68,0,52
15047,1,0,0.0,0.68,17,0.68,0,52
15048,2,1,-17.647078,0.72,18,0.72,0,52
15049,2,1,-34.676083,0.76,19,0.76,0,52
15050,2,1,-56.61338,0.8,20,0.8,0,52
15051,0,-1,55.96195,0.76,19,0.76,0,52
15052,0,-1,-0.0,0.76,19,0.76,0,52
15053,0,-1,35.458614,0.72,18,0.72,0,52
15054,0,-1,-0.0,0.72,18,0.72,0,52
15055,0,-1,19.83193,0.68,17,0.68,0,52
15056,0,-1,-0.0,0.68,17,0.68,0,52
15057,1,0,0.0,0.68,17,0.68,0,52
15058,0,-1,8.113243,0.64,16,0.64,0,52
15059,0,-1,-0.0,0.64,16,0.64,0,52
15060,0,-1,-0.0,0.64,16,0.64,0,52
15061,0,-1,4.700967,0.6,15,0.6,0,52
15062,2,1,-3.0533228,0.64,16,0.64,0,52
15063,1,0,0.0,0.64,16,0.64,0,52
15064,0,-1,-0.0,0.64,16,0.64,0,52
15065,1,0,0.0,0.64,16,0.64,0,52
15066,0,-1,-0.0,0.64,16,0.64,0,52
15067,0,-1,-0.0,0.64,16,0.64,1,52
15068,0,-1,-0.0,0.64,16,0.64,0,52
15069,0,-1,-0.0,0.64,16,0.64,0,52
15070,1,0,0.0,0.64,16,0.64,0,52
15071,0,-1,-0.0,0.64,16,0.64,0,52
15072,0,-1,-0.0,0.64,16,0.64,0,52
15073,0,-1,-0.0,0.64,16,0.64,0,52
15074,0,-1,1.8236297,0.6,15,0.6,0,52
15075,1,0,0.0,0.6,15,0.6,0,52
15076,0,-1,-0.0,0.6,15,0.6,0,52
15077,0,-1,-0.0,0.6,15,0.6,0,52
15078,0,-1,-5.002862,0.56,14,0.56,0,52
15079,0,-1,-0.0,0.56,14,0.56,0,52
15080,0,-1,-0.0,0.56,14,0.56,0,52
15081,0,-1,-0.0,0.56,14,0.56,0,52
15082,0,-1,-0.0,0.56,14,0.56,0,52
15083,0,-1,-5.670345,0.52,13,0.52,0,52
15084,0,-1,-0.0,0.52,13,0.52,0,52
15085,2,1,8.509681,0.56,14,0.56,0,52
15086,1,0,0.0,0.56,14,0.56,1,52
15087,1,0,0.0,0.56,14,0.56,0,52
15088,2,1,-0.04194184,0.6,15,0.6,0,52
15089,2,1,-2.8601227,0.64,16,0.64,0,52
15090,0,-1,-0.0,0.64,16,0.64,0,52
15091,1,0,0.0,0.64,16,0.64,0,52
15092,0,-1,-0.0,0.64,16,0.64,0,52
15093,2,1,-9.9628725,0.68,17,0.68,0,52
15094,0,-1,9.9628725,0.64,16,0.64,0,52
15095,1,0,0.0,0.64,16,0.64,0,52
15096,0,-1,2.8601227,0.6,15,0.6,1,52
15097,0,-1,-0.0,0.6,15,0.6,0,52
15098,0,-1,-0.0,0.6,15,0.6,0,52
15099,0,-1,-0.0,0.6,15,0.6,1,52
15100,1,0,0.0,0.6,15,0.6,0,52
15101,2,1,-1.3421229,0.64,16,0.64,0,52
15102,1,0,0.0,0.64,16,0.64,0,52
15103,1,0,0.0,0.64,16,0.64,0,52
15104,0,-1,-0.0,0.64,16,0.64,0,52
15105,0,-1,0.8837076,0.6,15,0.6,0,52
15106,0,-1,-3.6571004,0.56,14,0.56,0,52
15107,2,1,0.46591318,0.6,15,0.6,0,52
15108,1,0,0.0,0.6,15,0.6,0,52
15109,2,1,-6.31776,0.64,16,0.64,0,52
15110,0,-1,-0.9875212,0.6,15,0.6,0,52
15111,0,-1,1.3185365,0.56,14,0.56,0,52
15112,1,0,0.0,0.56,14,0.56,0,52
15113,2,1,4.5688086,0.6,15,0.6,0,52
15114,0,-1,-0.0,0.6,15,0.6,0,52
15115,0,-1,-0.0153367175,0.56,14,0.56,0,52
15116,0,-1,-4.195712,0.52,13,0.52,0,52
15117,1,0,0.0,0.52,13,0.52,0,52
15118,2,1,5.8578777,0.56,14,0.56,0,52
15119,1,0,0.0,0.56,14,0.56,0,52
15120,0,-1,-0.0,0.56,14,0.56,0,52
15121,0,-1,-0.0,0.56,14,0.56,0,52
15122,2,1,5.9867435,0.6,15,0.6,0,52
15123,0,-1,-2.076514,0.56,14,0.56,0,52
15124,1,0,0.0,0.56,14,0.56,0,52
15125,0,-1,-8.298607,0.52,13,0.52,0,52
15126,0,-1,-0.0,0.52,13,0.52,0,52
15127,0,-1,-0.0,0.52,13,0.52,0,52
15128,2,1,8.298607,0.56,14,0.56,0,52
15129,0,-1,-9.716542,0.52,13,0.52,1,52
15130,2,1,4.0393434,0.56,14,0.56,0,52
15131,2,1,3.1937807,0.6,15,0.6,0,52
15132,2,1,-3.2752793,0.64,16,0.64,0,52
15133,1,0,0.0,0.64,16,0.64,0,52
15134,0,-1,1.8054427,0.6,15,0.6,0,52
15135,0,-1,-0.0,0.6,15,0.6,0,52
15136,1,0,0.0,0.6,15,0.6,0,52
15137,0,-1,-0.0,0.6,15,0.6,0,52
15138,2,1,-0.0050855554,0.64,16,0.64,0,52
15139,0,-1,3.2752793,0.6,15,0.6,0,52
15140,0,-1,-0.0,0.6,15,0.6,0,52
15141,0,-1,-0.0,0.6,15,0.6,0,52
15142,0,-1,-0.0,0.6,15,0.6,0,52
15143,0,-1,-0.0,0.6,15,0.6,0,52
15144,0,-1,-4.994138,0.56,14,0.56,0,52
15145,0,-1,-0.0,0.56,14,0.56,0,52
15146,0,-1,-4.0393434,0.52,13,0.52,0,52
15147,2,1,9.710875,0.56,14,0.56,0,52
15148,0,-1,-8.382292,0.52,13,0.52,0,52
15149,2,1,7.8402076,0.56,14,0.56,0,52
15150,1,0,0.0,0.56,14,0.56,0,52
15151,0,-1,-0.0,0.56,14,0.56,0,52
15152,0,-1,-9.687508,0.52,13,0.52,0,52
15153,1,0,0.0,0.52,13,0.52,0,52
15154,0,-1,-0.0,0.52,13,0.52,1,52
15155,1,0,0.0,0.52,13,0.52,0,52
15156,2,1,7.7330766,0.56,14,0.56,0,52
15157,0,-1,-0.0,0.56,14,0.56,0,52
15158,2,1,2.334532,0.6,15,0.6,0,52
15159,0,-1,-0.0,0.6,15,0.6,0,52
15160,2,1,-0.522038,0.64,16,0.64,0,52
15161,2,1,-9.125295,0.68,17,0.68,0,52
15162,1,0,0.0,0.68,17,0.68,0,52
15163,1,0,0.0,0.68,17,0.68,0,52
15164,0,-1,7.797891,0.64,16,0.64,0,52
15165,0,-1,-0.0,0.64,16,0.64,0,52
15166,0,-1,-0.0,0.64,16,0.64,0,52
15167,0,-1,-0.0,0.64,16,0.64,0,52
15168,0,-1,2.6646912,0.6,15,0.6,0,52
15169,0,-1,-0.0,0.6,15,0.6,0,52
15170,0,-1,-0.0,0.6,15,0.6,0,52
15171,0,-1,-2.072614,0.56,14,0.56,0,52
15172,0,-1,-0.0,0.56,14,0.56,0,52
15173,1,0,0.0,0.56,14,0.56,0,52
15174,2,1,1.404233,0.6,15,0.6,0,52
15175,0,-1,-2.7727535,0.56,14,0.56,0,52
15176,0,-1,-0.0,0.56,14,0.56,0,52
15177,2,1,3.194352,0.6,15,0.6,1,52
15178,2,1,0.94329524,0.64,16,0.64,0,52
15179,2,1,-7.2458057,0.68,17,0.68,0,52
15180,0,-1,-0.0,0.68,17,0.68,0,52
15181,1,0,0.0,0.68,17,0.68,0,52
15182,2,1,-19.307848,0.72,18,0.72,0,52
15183,0,-1,20.366322,0.68,17,0.68,0,52
15184,0,-1,-0.0,0.68,17,0.68,0,52
15185,0,-1,7.2458057,0.64,16,0.64,0,52
15186,0,-1,-0.0,0.64,16,0.64,0,52
15187,2,1,-11.295346,0.68,17,0.68,0,52
15188,1,0,0.0,0.68,17,0.68,0,52
15189,0,-1,-0.0,0.68,17,0.68,0,52
15190,0,-1,11.295346,0.64,16,0.64,0,52
15191,1,0,0.0,0.64,16,0.64,1,52
15192,0,-1,0.48767087,0.6,15,0.6,0,52
15193,2,1,-0.9093736,0.64,16,0.64,0,52
15194,0,-1,2.231177,0.6,15,0.6,0,52
15195,0,-1,-5.982032,0.56,14,0.56,0,52
15196,2,1,1.9026427,0.6,15,0.6,0,52
15197,1,0,0.0,0.6,15,0.6,0,52
15198,0,-1,-3.5527906,0.56,14,0.56,0,52
15199,1,0,0.0,0.56,14,0.56,0,52
15200,0,-1,-0.0,0.56,14,0.56,0,52
15201,0,-1,-8.4311285,0.52,13,0.52,0,52
15202,1,0,0.0,0.52,13,0.52,0,52
15203,1,0,0.0,0.52,13,0.52,0,52
15204,1,0,0.0,0.52,13,0.52,0,52
15205,0,-1,-0.0,0.52,13,0.52,0,52
15206,1,0,0.0,0.52,13,0.52,0,52
15207,2,1,3.606623,0.56,14,0.56,0,52
15208,1,0,0.0,0.56,14,0.56,0,52
15209,0,-1,-7.9537134,0.52,13,0.52,0,52
15210,0,-1,-0.0,0.52,13,0.52,0,52
15211,1,0,0.0,0.52,13,0.52,0,52
15212,2,1,3.3897107,0.56,14,0.56,0,52
15213,1,0,0.0,0.56,14,0.56,0,52
15214,2,1,4.098776,0.6,15,0.6,0,52
15215,0,-1,-4.098776,0.56,14,0.56,0,52
15216,0,-1,-0.0,0.56,14,0.56,0,52
15217,0,-1,-0.0,0.56,14,0.56,0,52
15218,2,1,4.098776,0.6,15,0.6,0,52
15219,0,-1,-0.0,0.6,15,0.6,0,52
15220,0,-1,-0.0,0.6,15,0.6,1,52
15221,1,0,0.0,0.6,15,0.6,0,52
15222,2,1,-2.429323,0.64,16,0.64,0,52
15223,0,-1,-0.0,0.64,16,0.64,0,52
15224,0,-1,-0.0,0.64,16,0.64,0,52
15225,0,-1,5.1250615,0.6,15,0.6,0,52
15226,1,0,0.0,0.6,15,0.6,0,52
15227,2,1,-3.8742907,0.64,16,0.64,0,52
15228,0,-1,3.8742907,0.6,15,0.6,0,52
15229,2,1,-3.8742907,0.64,16,0.64,1,52
15230,0,-1,2.0652988,0.6,15,0.6,0,52
15231,0,-1,-1.8943971,0.56,14,0.56,0,52
15232,1,0,0.0,0.56,14,0.56,0,52
15233,2,1,2.728076,0.6,15,0.6,0,52
15234,2,1,-2.8967602,0.64,16,0.64,0,52
15235,0,-1,-0.0,0.64,16,0.64,0,52
15236,2,1,-11.452726,0.68,17,0.68,0,52
15237,0,-1,9.795585,0.64,16,0.64,0,52
15238,0,-1,3.8551211,0.6,15,0.6,0,52
15239,0,-1,-0.0,0.6,15,0.6,0,52
15240,0,-1,-0.0,0.6,15,0.6,0,52
15241,0,-1,-0.0,0.6,15,0.6,0,52
15242,0,-1,-0.0,0.6,15,0.6,1,52
15243,1,0,0.0,0.6,15,0.6,0,52
15244,0,-1,-0.0,0.6,15,0.6,0,52
15245,2,1,-7.511138,0.64,16,0.64,0,52
15246,0,-1,4.5465217,0.6,15,0.6,0,52
15247,0,-1,-0.0,0.6,15,0.6,0,52
15248,2,1,-2.8992302,0.64,16,0.64,0,52
15249,0,-1,0.0,0.0,0,0.0,0,52
15250,2,1,-8.281979,0.2,5,0.2,0,53
15251,2,1,23.929375,0.24,6,0.24,0,53
15252,2,1,22.251343,0.28,7,0.28,0,53
15253,2,1,22.809717,0.32,8,0.32,0,53
15254,2,1,17.481995,0.36,9,0.36,0,53
15255,2,1,-11.659089,0.4,10,0.4,0,53
15256,2,1,18.247831,0.44,11,0.44,0,53
15257,1,0,0.0,0.44,11,0.44,0,53
15258,0,-1,-0.0,0.44,11,0.44,0,53
15259,1,0,0.0,0.44,11,0.44,1,53
15260,0,-1,-0.0,0.44,11,0.44,0,53
15261,1,0,0.0,0.44,11,0.44,0,53
15262,2,1,13.631517,0.48,12,0.48,0,53
15263,1,0,0.0,0.48,12,0.48,0,53
15264,2,1,4.7340274,0.52,13,0.52,0,53
15265,2,1,9.821611,0.56,14,0.56,0,53
15266,2,1,-4.1068773,0.6,15,0.6,0,53
15267,0,-1,-0.0,0.6,15,0.6,0,53
15268,0,-1,-0.0,0.6,15,0.6,0,53
15269,2,1,-0.04472642,0.64,16,0.64,0,53
15270,0,-1,9.106101,0.6,15,0.6,0,53
15271,0,-1,1.8431786,0.56,14,0.56,0,53
15272,0,-1,-0.0,0.56,14,0.56,0,53
15273,0,-1,-8.13058,0.52,13,0.52,0,53
15274,0,-1,-0.0,0.52,13,0.52,0,53
15275,1,0,0.0,0.52,13,0.52,0,53
15276,0,-1,-11.418684,0.48,12,0.48,0,53
15277,0,-1,-0.0,0.48,12,0.48,0,53
15278,0,-1,-11.455518,0.44,11,0.44,0,53
15279,2,1,12.468895,0.48,12,0.48,0,53
15280,0,-1,-12.468895,0.44,11,0.44,0,53
15281,1,0,0.0,0.44,11,0.44,0,53
15282,2,1,13.549135,0.48,12,0.48,0,53
15283,0,-1,-13.744536,0.44,11,0.44,0,53
15284,2,1,11.884936,0.48,12,0.48,0,53
15285,0,-1,-0.0,0.48,12,0.48,0,53
15286,0,-1,-11.884936,0.44,11,0.44,0,53
15287,0,-1,-15.291298,0.4,10,0.4,0,53
15288,2,1,14.211057,0.44,11,0.44,0,53
15289,1,0,0.0,0.44,11,0.44,1,53
15290,2,1,13.191558,0.48,12,0.48,0,53
15291,2,1,8.686583,0.52,13,0.52,0,53
15292,1,0,0.0,0.52,13,0.52,0,53
15293,0,-1,-9.841897,0.48,12,0.48,0,53
15294,2,1,11.591811,0.52,13,0.52,0,53
15295,2,1,4.964697,0.56,14,0.56,0,53
15296,0,-1,-0.0,0.56,14,0.56,0,53
15297,2,1,2.0751858,0.6,15,0.6,0,53
15298,1,0,0.0,0.6,15,0.6,0,53
15299,0,-1,-2.1093771,0.56,14,0.56,0,53
15300,1,0,0.0,0.56,14,0.56,0,53
15301,0,-1,-4.964697,0.52,13,0.52,0,53
15302,0,-1,-10.9787245,0.48,12,0.48,0,53
15303,1,0,0.0,0.48,12,0.48,0,53
15304,2,1,12.598759,0.52,13,0.52,0,53
15305,2,1,8.131318,0.56,14,0.56,0,53
15306,1,0,0.0,0.56,14,0.56,0,53
15307,0,-1,-8.131318,0.52,13,0.52,0,53
15308,0,-1,-0.0,0.52,13,0.52,0,53
15309,2,1,4.964697,0.56,14,0.56,0,53
15310,2,1,4.401519,0.6,15,0.6,0,53
15311,1,0,0.0,0.6,15,0.6,0,53
15312,1,0,0.0,0.6,15,0.6,0,53
15313,0,-1,-0.0,0.6,15,0.6,0,53
15314,2,1,-0.17922947,0.64,16,0.64,0,53
15315,0,-1,-0.0,0.64,16,0.64,0,53
15316,0,-1,-0.0,0.64,16,0.64,1,53
15317,0,-1,-0.0,0.64,16,0.64,0,53
15318,0,-1,-0.0,0.64,16,0.64,0,53
15319,0,-1,-0.0,0.64,16,0.64,0,53
15320,2,1,-7.7557425,0.68,17,0.68,0,53
15321,2,1,-17.686403,0.72,18,0.72,0,53
15322,1,0,0.0,0.72,18,0.72,0,53
15323,0,-1,20.584368,0.68,17,0.68,0,53
15324,1,0,0.0,0.68,17,0.68,0,53
15325,0,-1,7.486437,0.64,16,0.64,0,53
15326,0,-1,0.18986757,0.6,15,0.6,0,53
15327,2,1,-4.587849,0.64,16,0.64,0,53
15328,0,-1,-0.0,0.64,16,0.64,0,53
15329,1,0,0.0,0.64,16,0.64,0,53
15330,0,-1,-0.0,0.64,16,0.64,0,53
15331,2,1,-10.717162,0.68,17,0.68,0,53
15332,1,0,0.0,0.68,17,0.68,1,53
15333,0,-1,11.331006,0.64,16,0.64,0,53
15334,0,-1,-0.0,0.64,16,0.64,0,53
15335,0,-1,0.5953273,0.6,15,0.6,0,53
15336,1,0,0.0,0.6,15,0.6,0,53
15337,0,-1,-4.139784,0.56,14,0.56,0,53
15338,1,0,0.0,0.56,14,0.56,1,53
15339,0,-1,-0.0,0.56,14,0.56,0,53
15340,1,0,0.0,0.56,14,0.56,0,53
15341,0,-1,-0.0,0.56,14,0.56,0,53
15342,2,1,-0.5562845,0.6,15,0.6,0,53
15343,2,1,-0.86449397,0.64,16,0.64,0,53
15344,0,-1,-0.0,0.64,16,0.64,0,53
15345,0,-1,-0.0,0.64,16,0.64,0,53
15346,0,-1,-0.0,0.64,16,0.64,0,53
15347,0,-1,-0.0,0.64,16,0.64,0,53
15348,0,-1,-0.0,0.64,16,0.64,0,53
15349,0,-1,-0.0,0.64,16,0.64,0,53
15350,2,1,-6.9180365,0.68,17,0.68,0,53
15351,0,-1,6.9180365,0.64,16,0.64,0,53
15352,1,0,0.0,0.64,16,0.64,0,53
15353,0,-1,-0.0,0.64,16,0.64,0,53
15354,0,-1,-0.0,0.64,16,0.64,0,53
15355,0,-1,-0.0,0.64,16,0.64,0,53
15356,0,-1,-0.0,0.64,16,0.64,0,53
15357,0,-1,5.5555077,0.6,15,0.6,0,53
15358,1,0,0.0,0.6,15,0.6,0,53
15359,0,-1,-0.0,0.6,15,0.6,0,53
15360,2,1,-4.9871407,0.64,16,0.64,1,53
15361,0,-1,3.6643524,0.6,15,0.6,0,53
15362,0,-1,-0.0,0.6,15,0.6,0,53
15363,2,1,-2.8489008,0.64,16,0.64,0,53
15364,0,-1,-0.0,0.64,16,0.64,0,53
15365,0,-1,2.8489008,0.6,15,0.6,0,53
15366,0,-1,-3.8201518,0.56,14,0.56,0,53
15367,2,1,3.8006017,0.6,15,0.6,0,53
15368,0,-1,-0.0,0.6,15,0.6,0,53
15369,0,-1,-0.0,0.6,15,0.6,0,53
15370,2,1,-4.8878884,0.64,16,0.64,0,53
15371,0,-1,0.86702543,0.6,15,0.6,1,53
15372,0,-1,-1.1360192,0.56,14,0.56,0,53
15373,0,-1,-7.5866966,0.52,13,0.52,0,53
15374,2,1,7.403525,0.56,14,0.56,0,53
15375,0,-1,-7.403525,0.52,13,0.52,0,53
15376,2,1,7.5517206,0.56,14,0.56,0,53
15377,0,-1,-0.0,0.56,14,0.56,0,53
15378,0,-1,-9.7317505,0.52,13,0.52,0,53
15379,2,1,2.1793003,0.56,14,0.56,0,53
15380,1,0,0.0,0.56,14,0.56,0,53
15381,1,0,0.0,0.56,14,0.56,0,53
15382,2,1,2.103353,0.6,15,0.6,0,53
15383,1,0,0.0,0.6,15,0.6,1,53
15384,0,-1,-0.0,0.6,15,0.6,0,53
15385,2,1,-4.5773225,0.64,16,0.64,1,53
15386,0,-1,6.582667,0.6,15,0.6,0,53
15387,2,1,-3.7480779,0.64,16,0.64,0,53
15388,0,-1,4.127265,0.6,15,0.6,0,53
15389,0,-1,-0.0,0.6,15,0.6,0,53
15390,0,-1,-1.2511455,0.56,14,0.56,0,53
15391,1,0,0.0,0.56,14,0.56,0,53
15392,1,0,0.0,0.56,14,0.56,0,53
15393,1,0,0.0,0.56,14,0.56,0,53
15394,2,1,4.5602865,0.6,15,0.6,0,53
15395,0,-1,-0.0,0.6,15,0.6,0,53
15396,2,1,-4.5809507,0.64,16,0.64,0,53
15397,2,1,-11.3057995,0.68,17,0.68,0,53
15398,0,-1,-0.0,0.68,17,0.68,0,53
15399,1,0,0.0,0.68,17,0.68,0,53
15400,0,-1,-0.0,0.68,17,0.68,0,53
15401,0,-1,-0.0,0.68,17,0.68,0,53
15402,0,-1,11.3057995,0.64,16,0.64,0,53
15403,0,-1,-2.6153684,0.6,15,0.6,0,53
15404,0,-1,-4.5602865,0.56,14,0.56,0,53
15405,0,-1,-0.0,0.56,14,0.56,0,53
15406,0,-1,-0.0,0.56,14,0.56,1,53
15407,2,1,7.6109114,0.6,15,0.6,0,53
15408,0,-1,-0.0,0.6,15,0.6,0,53
15409,0,-1,-0.97523284,0.56,14,0.56,0,53
15410,1,0,0.0,0.56,14,0.56,0,53
15411,0,-1,-0.0,0.56,14,0.56,0,53
15412,0,-1,-11.340711,0.52,13,0.52,0,53
15413,0,-1,-0.0,0.52,13,0.52,0,53
15414,1,0,0.0,0.52,13,0.52,0,53
15415,2,1,4.4114676,0.56,14,0.56,0,53
15416,2,1,7.6109114,0.6,15,0.6,0,53
15417,1,0,0.0,0.6,15,0.6,0,53
15418,0,-1,-0.0,0.6,15,0.6,0,53
15419,2,1,0.9970159,0.64,16,0.64,0,53
15420,1,0,0.0,0.64,16,0.64,0,53
15421,2,1,-10.665809,0.68,17,0.68,1,53
15422,0,-1,-0.0,0.68,17,0.68,0,53
15423,0,-1,-0.0,0.68,17,0.68,0,53
15424,1,0,0.0,0.68,17,0.68,0,53
15425,0,-1,-0.0,0.68,17,0.68,0,53
15426,0,-1,-0.0,0.68,17,0.68,0,53
15427,0,-1,10.952724,0.64,16,0.64,0,53
15428,0,-1,-0.0,0.64,16,0.64,0,53
15429,2,1,-6.874036,0.68,17,0.68,0,53
15430,0,-1,10.685496,0.64,16,0.64,0,53
15431,0,-1,-0.0,0.64,16,0.64,0,53
15432,1,0,0.0,0.64,16,0.64,0,53
15433,2,1,-10.68872,0.68,17,0.68,0,53
15434,0,-1,6.874036,0.64,16,0.64,0,53
15435,1,0,0.0,0.64,16,0.64,0,53
15436,0,-1,-0.0,0.64,16,0.64,0,53
15437,1,0,0.0,0.64,16,0.64,0,53
15438,0,-1,-0.9941952,0.6,15,0.6,0,53
15439,0,-1,-0.0,0.6,15,0.6,1,53
15440,0,-1,-0.0,0.6,15,0.6,0,53
15441,0,-1,-0.0,0.6,15,0.6,0,53
15442,0,-1,-2.6565478,0.56,14,0.56,0,53
15443,1,0,0.0,0.56,14,0.56,0,53
15444,2,1,-1.52886,0.6,15,0.6,0,53
15445,1,0,0.0,0.6,15,0.6,0,53
15446,0,-1,-0.0,0.6,15,0.6,0,53
15447,0,-1,-0.0,0.6,15,0.6,0,53
15448,1,0,0.0,0.6,15,0.6,0,53
15449,0,-1,-4.0470524,0.56,14,0.56,0,53
15450,1,0,0.0,0.56,14,0.56,0,53
15451,0,-1,-0.0,0.56,14,0.56,0,53
15452,0,-1,-5.106442,0.52,13,0.52,0,53
15453,2,1,1.8249811,0.56,14,0.56,0,53
15454,0,-1,-1.8249811,0.52,13,0.52,0,53
15455,2,1,8.334039,0.56,14,0.56,0,53
15456,0,-1,-0.0,0.56,14,0.56,0,53
15457,0,-1,-0.0,0.56,14,0.56,0,53
15458,0,-1,-0.0,0.56,14,0.56,0,53
15459,0,-1,-0.0,0.56,14,0.56,0,53
15460,0,-1,-11.333677,0.52,13,0.52,0,53
15461,0,-1,-0.0,0.52,13,0.52,0,53
15462,2,1,7.6414313,0.56,14,0.56,0,53
15463,0,-1,-2.200939,0.52,13,0.52,0,53
15464,0,-1,-6.784422,0.48,12,0.48,0,53
15465,0,-1,-13.3942795,0.44,11,0.44,1,53
15466,2,1,10.168765,0.48,12,0.48,1,53
15467,0,-1,-0.0,0.48,12,0.48,0,53
15468,0,-1,-17.592169,0.44,11,0.44,0,53
15469,2,1,9.788228,0.48,12,0.48,0,53
15470,1,0,0.0,0.48,12,0.48,0,53
15471,0,-1,-0.0,0.48,12,0.48,1,53
15472,2,1,4.064101,0.52,13,0.52,0,53
15473,2,1,8.41173,0.56,14,0.56,0,53
15474,0,-1,-4.7735376,0.52,13,0.52,0,53
15475,1,0,0.0,0.52,13,0.52,0,53
15476,2,1,6.78621,0.56,14,0.56,0,53
15477,2,1,1.7424749,0.6,15,0.6,0,53
15478,0,-1,-0.0,0.6,15,0.6,0,53
15479,0,-1,-1.7424749,0.56,14,0.56,0,53
15480,2,1,8.799746,0.6,15,0.6,0,53
15481,0,-1,-3.056411,0.56,14,0.56,0,53
15482,2,1,7.589138,0.6,15,0.6,0,53
15483,2,1,-9.4435835,0.64,16,0.64,0,53
15484,1,0,0.0,0.64,16,0.64,0,53
15485,0,-1,0.8999307,0.6,15,0.6,0,53
15486,0,-1,-0.0,0.6,15,0.6,0,53
15487,2,1,-1.0034996,0.64,16,0.64,0,53
15488,0,-1,-0.0,0.64,16,0.64,0,53
15489,2,1,-9.542896,0.68,17,0.68,0,53
15490,0,-1,-0.0,0.68,17,0.68,0,53
15491,0,-1,-0.0,0.68,17,0.68,0,53
15492,1,0,0.0,0.68,17,0.68,0,53
15493,0,-1,9.542896,0.64,16,0.64,0,53
15494,0,-1,-0.0,0.64,16,0.64,0,53
15495,2,1,-10.973604,0.68,17,0.68,0,53
15496,0,-1,-0.0,0.68,17,0.68,1,53
15497,1,0,0.0,0.68,17,0.68,0,53
15498,0,-1,-0.0,0.68,17,0.68,0,53
15499,0,-1,-0.0,0.68,17,0.68,0,53
15500,0,-1,15.136359,0.64,16,0.64,0,53
15501,0,-1,7.14871,0.6,15,0.6,0,53
15502,0,-1,-0.0,0.6,15,0.6,0,53
15503,0,-1,-0.93768066,0.56,14,0.56,0,53
15504,0,-1,-8.423504,0.52,13,0.52,0,53
15505,2,1,1.2801346,0.56,14,0.56,0,53
15506,2,1,2.3702583,0.6,15,0.6,0,53
15507,0,-1,-0.0,0.6,15,0.6,0,53
15508,2,1,0.9773215,0.64,16,0.64,0,53
15509,1,0,0.0,0.64,16,0.64,0,53
15510,0,-1,-0.0,0.64,16,0.64,0,53
15511,1,0,0.0,0.64,16,0.64,0,53
15512,1,0,0.0,0.64,16,0.64,1,53
15513,2,1,-7.7933493,0.68,17,0.68,0,53
15514,0,-1,-0.0,0.68,17,0.68,0,53
15515,0,-1,-0.0,0.68,17,0.68,0,53
15516,1,0,0.0,0.68,17,0.68,0,53
15517,2,1,-19.859272,0.72,18,0.72,0,53
15518,0,-1,19.859272,0.68,17,0.68,0,53
15519,0,-1,-0.0,0.68,17,0.68,0,53
15520,0,-1,-0.0,0.68,17,0.68,0,53
15521,0,-1,-0.0,0.68,17,0.68,0,53
15522,0,-1,-0.0,0.68,17,0.68,0,53
15523,1,0,0.0,0.68,17,0.68,0,53
15524,0,-1,9.446111,0.64,16,0.64,0,53
15525,0,-1,-0.0,0.64,16,0.64,0,53
15526,1,0,0.0,0.64,16,0.64,0,53
15527,0,-1,0.9689395,0.6,15,0.6,0,53
15528,2,1,-2.875433,0.64,16,0.64,0,53
15529,0,-1,-0.0,0.64,16,0.64,0,53
15530,0,-1,-0.0,0.64,16,0.64,1,53
15531,1,0,0.0,0.64,16,0.64,0,53
15532,0,-1,-0.0,0.64,16,0.64,0,53
15533,0,-1,-0.0,0.64,16,0.64,0,53
15534,0,-1,-0.0,0.64,16,0.64,0,53
15535,0,-1,2.8766503,0.6,15,0.6,0,53
15536,2,1,-2.8766503,0.64,16,0.64,0,53
15537,1,0,0.0,0.64,16,0.64,0,53
15538,1,0,0.0,0.64,16,0.64,0,53
15539,2,1,-11.445255,0.68,17,0.68,0,53
15540,2,1,-21.784292,0.72,18,0.72,0,53
15541,0,-1,-0.0,0.72,18,0.72,0,53
15542,0,-1,-0.0,0.72,18,0.72,0,53
15543,0,-1,21.784292,0.68,17,0.68,0,53
15544,0,-1,9.775475,0.64,16,0.64,0,53
15545,0,-1,-0.0,0.64,16,0.64,0,53
15546,1,0,0.0,0.64,16,0.64,0,53
15547,2,1,-9.775475,0.68,17,0.68,0,53
15548,0,-1,13.421451,0.64,16,0.64,0,53
15549,1,0,0.0,0.0,0,0.0,0,53
15550,2,1,24.20528,0.2,5,0.2,0,54
15551,2,1,22.725622,0.24,6,0.24,0,54
15552,2,1,-9.032162,0.28,7,0.28,0,54
15553,2,1,18.801416,0.32,8,0.32,0,54
15554,1,0,0.0,0.32,8,0.32,0,54
15555,2,1,-10.560801,0.36,9,0.36,0,54
15556,1,0,0.0,0.36,9,0.36,0,54
15557,2,1,17.991064,0.4,10,0.4,0,54
15558,2,1,12.892102,0.44,11,0.44,0,54
15559,2,1,13.473296,0.48,12,0.48,0,54
15560,0,-1,-11.14994,0.44,11,0.44,0,54
15561,2,1,12.98702,0.48,12,0.48,0,54
15562,0,-1,-13.473296,0.44,11,0.44,0,54
15563,2,1,17.721865,0.48,12,0.48,0,54
15564,1,0,0.0,0.48,12,0.48,0,54
15565,1,0,0.0,0.48,12,0.48,0,54
15566,1,0,0.0,0.48,12,0.48,0,54
15567,2,1,8.7892475,0.52,13,0.52,0,54
15568,2,1,3.9083488,0.56,14,0.56,0,54
15569,2,1,0.08508362,0.6,15,0.6,1,54
15570,0,-1,-0.0,0.6,15,0.6,0,54
15571,1,0,0.0,0.6,15,0.6,0,54
15572,0,-1,-8.934603,0.56,14,0.56,0,54
15573,1,0,0.0,0.56,14,0.56,0,54
15574,0,-1,-0.0,0.56,14,0.56,0,54
15575,0,-1,-1.1645447,0.52,13,0.52,0,54
15576,2,1,-0.041501105,0.56,14,0.56,0,54
15577,1,0,0.0,0.56,14,0.56,0,54
15578,0,-1,0.041501105,0.52,13,0.52,0,54
15579,2,1,8.42091,0.56,14,0.56,0,54
15580,0,-1,-3.8124874,0.52,13,0.52,0,54
15581,2,1,1.8036236,0.56,14,0.56,0,54
15582,0,-1,-1.8036236,0.52,13,0.52,0,54
15583,1,0,0.0,0.52,13,0.52,0,54
15584,2,1,-18.657858,0.56,14,0.56,0,54
15585,2,1,0.08268836,0.6,15,0.6,0,54
15586,2,1,3.9351714,0.64,16,0.64,0,54
15587,0,-1,-0.0,0.64,16,0.64,0,54
15588,0,-1,27.38688,0.6,15,0.6,0,54
15589,1,0,0.0,0.6,15,0.6,0,54
15590,0,-1,2.4927938,0.56,14,0.56,0,54
15591,0,-1,-12.664193,0.52,13,0.52,0,54
15592,2,1,-0.03867959,0.56,14,0.56,0,54
15593,0,-1,-8.42091,0.52,13,0.52,0,54
15594,2,1,1.7568386,0.56,14,0.56,0,54
15595,1,0,0.0,0.56,14,0.56,0,54
15596,0,-1,-8.648347,0.52,13,0.52,1,54
15597,2,1,7.4840026,0.56,14,0.56,0,54
15598,0,-1,-1.7556543,0.52,13,0.52,0,54
15599,2,1,0.45357522,0.56,14,0.56,0,54
15600,0,-1,-0.0,0.56,14,0.56,0,54
15601,1,0,0.0,0.56,14,0.56,0,54
15602,2,1,8.935514,0.6,15,0.6,0,54
15603,2,1,-0.083170846,0.64,16,0.64,0,54
15604,0,-1,0.083170846,0.6,15,0.6,0,54
15605,1,0,0.0,0.6,15,0.6,0,54
15606,1,0,0.0,0.6,15,0.6,0,54
15607,2,1,-7.0213375,0.64,16,0.64,0,54
15608,0,-1,-3.936291,0.6,15,0.6,0,54
15609,0,-1,3.2762237,0.56,14,0.56,0,54
15610,1,0,0.0,0.56,14,0.56,0,54
15611,2,1,8.935514,0.6,15,0.6,0,54
15612,0,-1,2.0483232,0.56,14,0.56,0,54
15613,0,-1,-3.9049237,0.52,13,0.52,0,54
15614,0,-1,-15.51272,0.48,12,0.48,0,54
15615,0,-1,-0.0,0.48,12,0.48,0,54
15616,2,1,6.752331,0.52,13,0.52,0,54
15617,2,1,1.84818,0.56,14,0.56,0,54
15618,2,1,-3.9497898,0.6,15,0.6,0,54
15619,1,0,0.0,0.6,15,0.6,0,54
15620,2,1,-2.9875238,0.64,16,0.64,0,54
15621,0,-1,-0.0,0.64,16,0.64,0,54
15622,2,1,-2.9625335,0.68,17,0.68,0,54
15623,0,-1,15.847837,0.64,16,0.64,0,54
15624,0,-1,-0.0,0.64,16,0.64,0,54
15625,0,-1,7.0213375,0.6,15,0.6,1,54
15626,0,-1,-2.010404,0.56,14,0.56,0,54
15627,0,-1,-7.4824605,0.52,13,0.52,0,54
15628,1,0,0.0,0.52,13,0.52,0,54
15629,0,-1,-0.0,0.52,13,0.52,0,54
15630,2,1,11.450838,0.56,14,0.56,0,54
15631,2,1,4.6984897,0.6,15,0.6,0,54
15632,2,1,-1.9929873,0.64,16,0.64,0,54
15633,2,1,-5.816159,0.68,17,0.68,0,54
15634,0,-1,8.891811,0.64,16,0.64,0,54
15635,0,-1,-0.0,0.64,16,0.64,0,54
15636,2,1,-7.698533,0.68,17,0.68,0,54
15637,0,-1,7.698533,0.64,16,0.64,0,54
15638,2,1,-13.921376,0.68,17,0.68,0,54
15639,0,-1,-0.0,0.68,17,0.68,0,54
15640,0,-1,-0.0,0.68,17,0.68,1,54
15641,0,-1,-0.0,0.68,17,0.68,0,54
15642,1,0,0.0,0.68,17,0.68,0,54
15643,0,-1,-0.0,0.68,17,0.68,0,54
15644,0,-1,-0.0,0.68,17,0.68,0,54
15645,0,-1,13.781927,0.64,16,0.64,0,54
15646,1,0,0.0,0.64,16,0.64,0,54
15647,0,-1,-0.0,0.64,16,0.64,0,54
15648,0,-1,7.0237675,0.6,15,0.6,0,54
15649,0,-1,-0.17283808,0.56,14,0.56,0,54
15650,0,-1,-8.432415,0.52,13,0.52,0,54
15651,2,1,5.738907,0.56,14,0.56,0,54
15652,0,-1,-0.0,0.56,14,0.56,0,54
15653,0,-1,-3.808889,0.52,13,0.52,0,54
15654,2,1,8.64085,0.56,14,0.56,0,54
15655,0,-1,-0.0,0.56,14,0.56,0,54
15656,2,1,3.751118,0.6,15,0.6,0,54
15657,0,-1,-3.751118,0.56,14,0.56,0,54
15658,2,1,4.457635,0.6,15,0.6,0,54
15659,1,0,0.0,0.6,15,0.6,0,54
15660,1,0,0.0,0.6,15,0.6,0,54
15661,1,0,0.0,0.6,15,0.6,0,54
15662,0,-1,-4.9110513,0.56,14,0.56,0,54
15663,1,0,0.0,0.56,14,0.56,1,54
15664,0,-1,-5.931302,0.52,13,0.52,0,54
15665,2,1,7.797478,0.56,14,0.56,0,54
15666,1,0,0.0,0.56,14,0.56,0,54
15667,2,1,1.5925094,0.6,15,0.6,0,54
15668,1,0,0.0,0.6,15,0.6,0,54
15669,0,-1,-0.0,0.6,15,0.6,0,54
15670,0,-1,-0.0,0.6,15,0.6,0,54
15671,0,-1,-1.5925094,0.56,14,0.56,0,54
15672,0,-1,-0.0,0.56,14,0.56,0,54
15673,0,-1,-0.0,0.56,14,0.56,0,54
15674,0,-1,-0.0,0.56,14,0.56,1,54
15675,1,0,0.0,0.56,14,0.56,0,54
15676,2,1,0.0045133047,0.6,15,0.6,0,54
15677,0,-1,-0.0,0.6,15,0.6,0,54
15678,1,0,0.0,0.6,15,0.6,0,54
15679,2,1,-5.133133,0.64,16,0.64,0,54
15680,2,1,-17.08859,0.68,17,0.68,0,54
15681,0,-1,17.08859,0.64,16,0.64,0,54
15682,0,-1,0.22281839,0.6,15,0.6,0,54
15683,0,-1,-0.0,0.6,15,0.6,0,54
15684,1,0,0.0,0.6,15,0.6,0,54
15685,2,1,-7.185991,0.64,16,0.64,0,54
15686,0,-1,4.99471,0.6,15,0.6,0,54
15687,2,1,-0.74973327,0.64,16,0.64,0,54
15688,0,-1,0.55790406,0.6,15,0.6,0,54
15689,0,-1,-0.0,0.6,15,0.6,1,54
15690,2,1,-2.8035998,0.64,16,0.64,0,54
15691,1,0,0.0,0.64,16,0.64,0,54
15692,0,-1,-0.0,0.64,16,0.64,0,54
15693,0,-1,-0.0,0.64,16,0.64,0,54
15694,2,1,-10.044932,0.68,17,0.68,0,54
15695,2,1,-16.88952,0.72,18,0.72,0,54
15696,0,-1,16.88952,0.68,17,0.68,0,54
15697,0,-1,-0.0,0.68,17,0.68,0,54
15698,0,-1,-0.0,0.68,17,0.68,0,54
15699,1,0,0.0,0.68,17,0.68,0,54
15700,0,-1,10.044932,0.64,16,0.64,0,54
15701,1,0,0.0,0.64,16,0.64,0,54
15702,1,0,0.0,0.64,16,0.64,0,54
15703,0,-1,0.52503735,0.6,15,0.6,0,54
15704,2,1,-0.7057889,0.64,16,0.64,0,54
15705,0,-1,-0.0,0.64,16,0.64,0,54
15706,1,0,0.0,0.64,16,0.64,0,54
15707,0,-1,-0.0,0.64,16,0.64,0,54
15708,0,-1,-0.0,0.64,16,0.64,0,54
15709,0,-1,-0.0,0.64,16,0.64,0,54
15710,2,1,-11.753506,0.68,17,0.68,1,54
15711,0,-1,9.703602,0.64,16,0.64,0,54
15712,1,0,0.0,0.64,16,0.64,0,54
15713,0,-1,-0.0,0.64,16,0.64,0,54
15714,0,-1,-0.0,0.64,16,0.64,0,54
15715,0,-1,-0.0,0.64,16,0.64,0,54
15716,0,-1,4.5466146,0.6,15,0.6,0,54
15717,0,-1,-4.5132875,0.56,14,0.56,0,54
15718,2,1,4.3360906,0.6,15,0.6,1,54
15719,0,-1,-0.0,0.6,15,0.6,0,54
15720,1,0,0.0,0.6,15,0.6,0,54
15721,1,0,0.0,0.6,15,0.6,0,54
15722,0,-1,2.1907368,0.56,14,0.56,0,54
15723,0,-1,-3.591862,0.52,13,0.52,0,54
15724,2,1,7.4638486,0.56,14,0.56,0,54
15725,0,-1,-0.0,0.56,14,0.56,0,54
15726,1,0,0.0,0.56,14,0.56,0,54
15727,0,-1,-7.4638486,0.52,13,0.52,0,54
15728,1,0,0.0,0.52,13,0.52,0,54
15729,0,-1,-0.0,0.52,13,0.52,1,54
15730,2,1,7.4575977,0.56,14,0.56,0,54
15731,0,-1,-0.0,0.56,14,0.56,0,54
15732,0,-1,-0.0,0.56,14,0.56,0,54
15733,0,-1,-5.719357,0.52,13,0.52,0,54
15734,2,1,5.602472,0.56,14,0.56,0,54
15735,1,0,0.0,0.56,14,0.56,0,54
15736,1,0,0.0,0.56,14,0.56,0,54
15737,0,-1,-0.0,0.56,14,0.56,0,54
15738,2,1,1.989556,0.6,15,0.6,0,54
15739,0,-1,-1.8726732,0.56,14,0.56,0,54
15740,1,0,0.0,0.56,14,0.56,0,54
15741,2,1,3.730388,0.6,15,0.6,0,54
15742,0,-1,-1.989556,0.56,14,0.56,0,54
15743,2,1,1.7676746,0.6,15,0.6,1,54
15744,0,-1,-0.0,0.6,15,0.6,0,54
15745,0,-1,-0.0,0.6,15,0.6,0,54
15746,0,-1,-1.7617872,0.56,14,0.56,0,54
15747,1,0,0.0,0.56,14,0.56,0,54
15748,0,-1,-7.470075,0.52,13,0.52,0,54
15749,0,-1,-0.0,0.52,13,0.52,0,54
15750,0,-1,-0.0,0.52,13,0.52,0,54
15751,2,1,8.713603,0.56,14,0.56,0,54
15752,2,1,2.1838107,0.6,15,0.6,0,54
15753,0,-1,-0.0,0.6,15,0.6,0,54
15754,0,-1,-0.0,0.6,15,0.6,0,54
15755,2,1,-8.450132,0.64,16,0.64,0,54
15756,2,1,-8.660067,0.68,17,0.68,0,54
15757,1,0,0.0,0.68,17,0.68,0,54
15758,0,-1,15.348957,0.64,16,0.64,0,54
15759,0,-1,-0.0,0.64,16,0.64,0,54
15760,1,0,0.0,0.64,16,0.64,0,54
15761,0,-1,1.2776908,0.6,15,0.6,1,54
15762,2,1,-3.02018,0.64,16,0.64,0,54
15763,2,1,-7.143271,0.68,17,0.68,0,54
15764,1,0,0.0,0.68,17,0.68,0,54
15765,0,-1,-0.0,0.68,17,0.68,0,54
15766,0,-1,9.919004,0.64,16,0.64,0,54
15767,0,-1,-0.0,0.64,16,0.64,0,54
15768,2,1,-7.489759,0.68,17,0.68,0,54
15769,0,-1,7.143271,0.64,16,0.64,0,54
15770,1,0,0.0,0.64,16,0.64,0,54
15771,0,-1,-0.0,0.64,16,0.64,0,54
15772,1,0,0.0,0.64,16,0.64,0,54
15773,0,-1,-0.0,0.64,16,0.64,0,54
15774,0,-1,0.5909344,0.6,15,0.6,0,54
15775,1,0,0.0,0.6,15,0.6,0,54
15776,2,1,-3.02018,0.64,16,0.64,0,54
15777,0,-1,1.7510142,0.6,15,0.6,0,54
15778,0,-1,-0.0,0.6,15,0.6,0,54
15779,2,1,-5.153369,0.64,16,0.64,0,54
15780,1,0,0.0,0.64,16,0.64,0,54
15781,0,-1,5.153369,0.6,15,0.6,0,54
15782,0,-1,-0.0,0.6,15,0.6,0,54
15783,2,1,-4.9479465,0.64,16,0.64,0,54
15784,2,1,-8.147086,0.68,17,0.68,0,54
15785,0,-1,6.904193,0.64,16,0.64,0,54
15786,0,-1,-0.0,0.64,16,0.64,0,54
15787,1,0,0.0,0.64,16,0.64,0,54
15788,0,-1,4.9479465,0.6,15,0.6,0,54
15789,1,0,0.0,0.6,15,0.6,1,54
15790,1,0,0.0,0.6,15,0.6,0,54
15791,0,-1,-1.9737661,0.56,14,0.56,0,54
15792,1,0,0.0,0.56,14,0.56,0,54
15793,0,-1,-0.0,0.56,14,0.56,0,54
15794,1,0,0.0,0.56,14,0.56,0,54
15795,0,-1,-7.5556498,0.52,13,0.52,0,54
15796,1,0,0.0,0.52,13,0.52,0,54
15797,2,1,7.506489,0.56,14,0.56,0,54
15798,2,1,1.9737642,0.6,15,0.6,0,54
15799,2,1,-4.952824,0.64,16,0.64,0,54
15800,0,-1,-0.0,0.64,16,0.64,0,54
15801,1,0,0.0,0.64,16,0.64,0,54
15802,0,-1,4.952824,0.6,15,0.6,1,54
15803,0,-1,-0.0,0.6,15,0.6,0,54
15804,1,0,0.0,0.6,15,0.6,0,54
15805,1,0,0.0,0.6,15,0.6,0,54
15806,0,-1,-5.842292,0.56,14,0.56,0,54
15807,0,-1,-0.0,0.56,14,0.56,0,54
15808,0,-1,-0.0,0.56,14,0.56,0,54
15809,0,-1,-0.0,0.56,14,0.56,0,54
15810,2,1,0.13704546,0.6,15,0.6,0,54
15811,2,1,0.5794403,0.64,16,0.64,0,54
15812,0,-1,-0.0,0.64,16,0.64,0,54
15813,0,-1,3.0307512,0.6,15,0.6,0,54
15814,1,0,0.0,0.6,15,0.6,0,54
15815,0,-1,-3.8615143,0.56,14,0.56,0,54
15816,2,1,3.0239482,0.6,15,0.6,0,54
15817,2,1,-1.1926991,0.64,16,0.64,0,54
15818,0,-1,1.1926991,0.6,15,0.6,0,54
15819,1,0,0.0,0.6,15,0.6,0,54
15820,0,-1,-0.0,0.6,15,0.6,0,54
15821,0,-1,-0.0,0.6,15,0.6,0,54
15822,1,0,0.0,0.6,15,0.6,0,54
15823,1,0,0.0,0.6,15,0.6,1,54
15824,0,-1,-0.1347135,0.56,14,0.56,0,54
15825,0,-1,-0.0,0.56,14,0.56,0,54
15826,0,-1,-5.896951,0.52,13,0.52,0,54
15827,2,1,7.497207,0.56,14,0.56,0,54
15828,0,-1,-7.8796544,0.52,13,0.52,0,54
15829,1,0,0.0,0.52,13,0.52,0,54
15830,2,1,5.7293687,0.56,14,0.56,0,54
15831,1,0,0.0,0.56,14,0.56,0,54
15832,1,0,0.0,0.56,14,0.56,0,54
15833,2,1,5.0187583,0.6,15,0.6,0,54
15834,2,1,-1.2998677,0.64,16,0.64,0,54
15835,0,-1,2.0231981,0.6,15,0.6,0,54
15836,2,1,-0.8072358,0.64,16,0.64,0,54
15837,0,-1,-0.0,0.64,16,0.64,0,54
15838,0,-1,-0.0,0.64,16,0.64,0,54
15839,0,-1,0.8072358,0.6,15,0.6,0,54
15840,2,1,-0.8072358,0.64,16,0.64,0,54
15841,1,0,0.0,0.64,16,0.64,1,54
15842,0,-1,-0.029707972,0.6,15,0.6,0,54
15843,0,-1,-0.0,0.6,15,0.6,0,54
15844,1,0,0.0,0.6,15,0.6,0,54
15845,2,1,-4.404982,0.64,16,0.64,0,54
15846,0,-1,-0.0,0.64,16,0.64,0,54
15847,2,1,-7.1270676,0.68,17,0.68,0,54
15848,0,-1,7.1270676,0.64,16,0.64,0,54
15849,0,-1,0.0,0.0,0,0.0,0,54
15850,2,1,-8.282061,0.2,5,0.2,0,55
15851,2,1,23.947102,0.24,6,0.24,0,55
15852,2,1,-9.032798,0.28,7,0.28,0,55
15853,2,1,22.79199,0.32,8,0.32,0,55
15854,2,1,-10.560961,0.36,9,0.36,0,55
15855,2,1,-11.658582,0.4,10,0.4,0,55
15856,2,1,18.247831,0.44,11,0.44,0,55
15857,0,-1,13.041624,0.4,10,0.4,0,55
15858,2,1,18.242548,0.44,11,0.44,0,55
15859,2,1,14.868672,0.48,12,0.48,0,55
15860,1,0,0.0,0.48,12,0.48,0,55
15861,1,0,0.0,0.48,12,0.48,0,55
15862,1,0,0.0,0.48,12,0.48,0,55
15863,0,-1,14.783118,0.44,11,0.44,0,55
15864,1,0,0.0,0.44,11,0.44,0,55
15865,2,1,-14.783787,0.48,12,0.48,0,55
15866,2,1,12.653693,0.52,13,0.52,0,55
15867,1,0,0.0,0.52,13,0.52,0,55
15868,2,1,8.657261,0.56,14,0.56,0,55
15869,0,-1,-0.0,0.56,14,0.56,0,55
15870,2,1,4.1979513,0.6,15,0.6,0,55
15871,1,0,0.0,0.6,15,0.6,0,55
15872,0,-1,-6.0764875,0.56,14,0.56,0,55
15873,0,-1,-0.0,0.56,14,0.56,0,55
15874,1,0,0.0,0.56,14,0.56,0,55
15875,0,-1,-0.0,0.56,14,0.56,1,55
15876,0,-1,-8.354315,0.52,13,0.52,0,55
15877,2,1,7.7938685,0.56,14,0.56,0,55
15878,0,-1,-8.676998,0.52,13,0.52,0,55
15879,2,1,9.795426,0.56,14,0.56,0,55
15880,0,-1,-0.0,0.56,14,0.56,0,55
15881,1,0,0.0,0.56,14,0.56,0,55
15882,1,0,0.0,0.56,14,0.56,0,55
15883,0,-1,-0.0,0.56,14,0.56,0,55
15884,2,1,4.711885,0.6,15,0.6,0,55
15885,2,1,-3.1360385,0.64,16,0.64,0,55
15886,2,1,-9.513094,0.68,17,0.68,0,55
15887,1,0,0.0,0.68,17,0.68,0,55
15888,0,-1,-0.0,0.68,17,0.68,0,55
15889,0,-1,-0.0,0.68,17,0.68,0,55
15890,2,1,-16.83064,0.72,18,0.72,0,55
15891,0,-1,15.712203,0.68,17,0.68,1,55
15892,1,0,0.0,0.68,17,0.68,0,55
15893,0,-1,-0.0,0.68,17,0.68,0,55
15894,0,-1,-0.0,0.68,17,0.68,0,55
15895,2,1,-16.884417,0.72,18,0.72,0,55
15896,0,-1,19.87524,0.68,17,0.68,0,55
15897,1,0,0.0,0.68,17,0.68,0,55
15898,2,1,-15.717655,0.72,18,0.72,0,55
15899,1,0,0.0,0.72,18,0.72,0,55
15900,0,-1,-0.0,0.72,18,0.72,0,55
15901,0,-1,-0.0,0.72,18,0.72,0,55
15902,0,-1,17.053795,0.68,17,0.68,0,55
15903,0,-1,9.533075,0.64,16,0.64,0,55
15904,2,1,-8.157769,0.68,17,0.68,0,55
15905,0,-1,-0.0,0.68,17,0.68,0,55
15906,0,-1,7.169553,0.64,16,0.64,0,55
15907,0,-1,0.10580958,0.6,15,0.6,0,55
15908,0,-1,-3.7402785,0.56,14,0.56,0,55
15909,2,1,-13.707411,0.6,15,0.6,0,55
15910,1,0,0.0,0.6,15,0.6,0,55
15911,2,1,-10.549286,0.64,16,0.64,0,55
15912,0,-1,0.04225538,0.6,15,0.6,0,55
15913,0,-1,-0.0,0.6,15,0.6,0,55
15914,0,-1,-0.0,0.6,15,0.6,0,55
15915,1,0,0.0,0.6,15,0.6,0,55
15916,1,0,0.0,0.6,15,0.6,0,55
15917,0,-1,-0.0,0.6,15,0.6,0,55
15918,0,-1,-6.0601745,0.56,14,0.56,0,55
15919,0,-1,-11.420025,0.52,13,0.52,0,55
15920,0,-1,7.130205,0.48,12,0.48,1,55
15921,2,1,14.240247,0.52,13,0.52,0,55
15922,0,-1,-4.356852,0.48,12,0.48,0,55
15923,2,1,10.258737,0.52,13,0.52,0,55
15924,1,0,0.0,0.52,13,0.52,0,55
15925,1,0,0.0,0.52,13,0.52,0,55
15926,0,-1,-0.0,0.52,13,0.52,0,55
15927,2,1,9.767992,0.56,14,0.56,0,55
15928,0,-1,-9.767992,0.52,13,0.52,0,55
15929,2,1,9.767992,0.56,14,0.56,0,55
15930,2,1,4.852341,0.6,15,0.6,0,55
15931,1,0,0.0,0.6,15,0.6,0,55
15932,0,-1,-6.0381937,0.56,14,0.56,0,55
15933,2,1,5.2286534,0.6,15,0.6,0,55
15934,0,-1,-5.2286534,0.56,14,0.56,0,55
15935,0,-1,-7.4113297,0.52,13,0.52,0,55
15936,0,-1,-11.429547,0.48,12,0.48,0,55
15937,1,0,0.0,0.48,12,0.48,0,55
15938,2,1,11.80586,0.52,13,0.52,1,55
15939,2,1,7.9564624,0.56,14,0.56,0,55
15940,1,0,0.0,0.56,14,0.56,0,55
15941,2,1,-9.62462,0.6,15,0.6,0,55
15942,0,-1,-4.2266636,0.56,14,0.56,0,55
15943,0,-1,-0.0,0.56,14,0.56,0,55
15944,0,-1,-9.447996,0.52,13,0.52,0,55
15945,0,-1,-0.0,0.52,13,0.52,0,55
15946,0,-1,-14.226527,0.48,12,0.48,0,55
15947,2,1,-5.284557,0.52,13,0.52,0,55
15948,2,1,8.742848,0.56,14,0.56,0,55
15949,0,-1,-8.742848,0.52,13,0.52,0,55
15950,2,1,8.742848,0.56,14,0.56,0,55
15951,0,-1,-0.0,0.56,14,0.56,0,55
15952,0,-1,-8.742848,0.52,13,0.52,0,55
15953,0,-1,-0.0,0.52,13,0.52,0,55
15954,0,-1,5.284557,0.48,12,0.48,0,55
15955,1,0,0.0,0.48,12,0.48,0,55
15956,1,0,0.0,0.48,12,0.48,0,55
15957,0,-1,0.8345807,0.44,11,0.44,0,55
15958,2,1,-4.1859293,0.48,12,0.48,0,55
15959,0,-1,-0.0,0.48,12,0.48,0,55
15960,2,1,0.36158237,0.52,13,0.52,0,55
15961,2,1,11.37909,0.56,14,0.56,0,55
15962,1,0,0.0,0.56,14,0.56,1,55
15963,1,0,0.0,0.56,14,0.56,0,55
15964,1,0,0.0,0.56,14,0.56,0,55
15965,0,-1,-0.0,0.56,14,0.56,0,55
15966,1,0,0.0,0.56,14,0.56,0,55
15967,0,-1,-10.829968,0.52,13,0.52,0,55
15968,0,-1,-0.0,0.52,13,0.52,0,55
15969,2,1,1.9743329,0.56,14,0.56,0,55
15970,0,-1,0.9952776,0.52,13,0.52,0,55
15971,1,0,0.0,0.52,13,0.52,0,55
15972,0,-1,-0.0,0.52,13,0.52,0,55
15973,2,1,8.52832,0.56,14,0.56,0,55
15974,2,1,3.0859013,0.6,15,0.6,0,55
15975,2,1,1.4179503,0.64,16,0.64,0,55
15976,0,-1,-1.4179503,0.6,15,0.6,0,55
15977,1,0,0.0,0.6,15,0.6,0,55
15978,2,1,1.4179503,0.64,16,0.64,0,55
15979,0,-1,15.723886,0.6,15,0.6,0,55
15980,2,1,-8.136502,0.64,16,0.64,0,55
15981,0,-1,-0.0,0.64,16,0.64,0,55
15982,1,0,0.0,0.64,16,0.64,0,55
15983,2,1,-17.078413,0.68,17,0.68,0,55
15984,2,1,-17.09946,0.72,18,0.72,0,55
15985,0,-1,17.09946,0.68,17,0.68,0,55
15986,0,-1,5.480874,0.64,16,0.64,0,55
15987,0,-1,-0.0,0.64,16,0.64,0,55
15988,0,-1,-0.0,0.64,16,0.64,0,55
15989,0,-1,-0.0,0.64,16,0.64,0,55
15990,0,-1,-0.0,0.64,16,0.64,1,55
15991,0,-1,-0.0,0.64,16,0.64,0,55
15992,0,-1,-0.0,0.64,16,0.64,0,55
15993,1,0,0.0,0.64,16,0.64,0,55
15994,0,-1,-3.1682372,0.6,15,0.6,0,55
15995,2,1,-4.2024016,0.64,16,0.64,0,55
15996,0,-1,9.767324,0.6,15,0.6,0,55
15997,0,-1,3.7959588,0.56,14,0.56,0,55
15998,1,0,0.0,0.56,14,0.56,0,55
15999,1,0,0.0,0.56,14,0.56,0,55
16000,0,-1,-4.5266204,0.52,13,0.52,0,55
16001,2,1,11.309171,0.56,14,0.56,0,55
16002,0,-1,-11.309171,0.52,13,0.52,0,55
16003,0,-1,-4.8620825,0.48,12,0.48,0,55
16004,2,1,11.018886,0.52,13,0.52,0,55
16005,0,-1,-0.0,0.52,13,0.52,0,55
16006,2,1,11.309171,0.56,14,0.56,1,55
16007,0,-1,-0.0,0.56,14,0.56,0,55
16008,0,-1,-6.780214,0.52,13,0.52,0,55
16009,0,-1,-11.03594,0.48,12,0.48,0,55
16010,2,1,8.683964,0.52,13,0.52,0,55
16011,0,-1,-0.0,0.52,13,0.52,0,55
16012,1,0,0.0,0.52,13,0.52,0,55
16013,0,-1,-0.0,0.52,13,0.52,0,55
16014,0,-1,-0.0,0.52,13,0.52,0,55
16015,2,1,9.717616,0.56,14,0.56,0,55
16016,2,1,3.6577442,0.6,15,0.6,1,55
16017,0,-1,-0.0,0.6,15,0.6,0,55
16018,2,1,1.2269338,0.64,16,0.64,0,55
16019,0,-1,2.9286463,0.6,15,0.6,0,55
16020,1,0,0.0,0.6,15,0.6,0,55
16021,0,-1,-4.732003,0.56,14,0.56,0,55
16022,0,-1,-0.0,0.56,14,0.56,0,55
16023,0,-1,-0.0,0.56,14,0.56,0,55
16024,1,0,0.0,0.56,14,0.56,0,55
16025,0,-1,-0.0,0.56,14,0.56,0,55
16026,1,0,0.0,0.56,14,0.56,1,55
16027,2,1,3.555442,0.6,15,0.6,0,55
16028,0,-1,0.098608784,0.56,14,0.56,0,55
16029,0,-1,-7.285241,0.52,13,0.52,0,55
16030,1,0,0.0,0.52,13,0.52,0,55
16031,1,0,0.0,0.52,13,0.52,0,55
16032,0,-1,-0.0,0.52,13,0.52,0,55
16033,1,0,0.0,0.52,13,0.52,0,55
16034,1,0,0.0,0.52,13,0.52,1,55
16035,1,0,0.0,0.52,13,0.52,0,55
16036,0,-1,-0.0,0.52,13,0.52,0,55
16037,2,1,-0.05183562,0.56,14,0.56,0,55
16038,0,-1,-0.0,0.56,14,0.56,0,55
16039,0,-1,-0.0,0.56,14,0.56,1,55
16040,0,-1,-0.0,0.56,14,0.56,0,55
16041,2,1,4.075588,0.6,15,0.6,0,55
16042,2,1,-2.9027786,0.64,16,0.64,0,55
16043,0,-1,-0.0,0.64,16,0.64,0,55
16044,0,-1,-0.0,0.64,16,0.64,0,55
16045,0,-1,-0.0,0.64,16,0.64,0,55
16046,0,-1,-0.0,0.64,16,0.64,0,55
16047,0,-1,-0.0,0.64,16,0.64,1,55
16048,0,-1,7.9788857,0.6,15,0.6,0,55
16049,0,-1,-0.0,0.6,15,0.6,1,55
16050,0,-1,-7.284663,0.56,14,0.56,0,55
16051,2,1,1.8762728,0.6,15,0.6,0,55
16052,1,0,0.0,0.6,15,0.6,0,55
16053,1,0,0.0,0.6,15,0.6,0,55
16054,1,0,0.0,0.6,15,0.6,0,55
16055,0,-1,-0.0,0.6,15,0.6,0,55
16056,1,0,0.0,0.6,15,0.6,0,55
16057,2,1,-3.628194,0.64,16,0.64,0,55
16058,0,-1,3.1229506,0.6,15,0.6,0,55
16059,1,0,0.0,0.6,15,0.6,0,55
16060,0,-1,-0.0,0.6,15,0.6,0,55
16061,0,-1,-1.1214287,0.56,14,0.56,0,55
16062,2,1,-0.04365029,0.6,15,0.6,0,55
16063,0,-1,-0.0,0.6,15,0.6,0,55
16064,1,0,0.0,0.6,15,0.6,0,55
16065,2,1,-5.637037,0.64,16,0.64,0,55
16066,0,-1,-0.0,0.64,16,0.64,0,55
16067,0,-1,5.637037,0.6,15,0.6,0,55
16068,0,-1,-1.486707,0.56,14,0.56,0,55
16069,0,-1,-3.6861486,0.52,13,0.52,0,55
16070,0,-1,-0.0,0.52,13,0.52,0,55
16071,2,1,5.369998,0.56,14,0.56,0,55
16072,1,0,0.0,0.56,14,0.56,0,55
16073,2,1,-0.04365029,0.6,15,0.6,0,55
16074,0,-1,-0.0,0.6,15,0.6,0,55
16075,0,-1,0.04365029,0.56,14,0.56,0,55
16076,0,-1,-5.816311,0.52,13,0.52,0,55
16077,2,1,5.8163104,0.56,14,0.56,0,55
16078,0,-1,-5.369998,0.52,13,0.52,1,55
16079,2,1,10.855577,0.56,14,0.56,0,55
16080,0,-1,-5.0949893,0.52,13,0.52,0,55
16081,1,0,0.0,0.52,13,0.52,0,55
16082,2,1,3.7809267,0.56,14,0.56,0,55
16083,2,1,1.6338222,0.6,15,0.6,0,55
16084,1,0,0.0,0.6,15,0.6,0,55
16085,0,-1,-0.0,0.6,15,0.6,0,55
16086,2,1,-5.047995,0.64,16,0.64,1,55
16087,2,1,-13.953354,0.68,17,0.68,0,55
16088,1,0,0.0,0.68,17,0.68,0,55
16089,0,-1,10.267382,0.64,16,0.64,0,55
16090,0,-1,-0.0,0.64,16,0.64,0,55
16091,0,-1,-0.0,0.64,16,0.64,0,55
16092,1,0,0.0,0.64,16,0.64,0,55
16093,1,0,0.0,0.64,16,0.64,0,55
16094,1,0,0.0,0.64,16,0.64,1,55
16095,2,1,-7.669289,0.68,17,0.68,0,55
16096,2,1,-25.901495,0.72,18,0.72,0,55
16097,0,-1,-0.0,0.72,18,0.72,0,55
16098,0,-1,-0.0,0.72,18,0.72,0,55
16099,1,0,0.0,0.72,18,0.72,0,55
16100,0,-1,18.196924,0.68,17,0.68,0,55
16101,1,0,0.0,0.68,17,0.68,0,55
16102,0,-1,-0.0,0.68,17,0.68,0,55
16103,2,1,-23.88441,0.72,18,0.72,0,55
16104,0,-1,23.88441,0.68,17,0.68,0,55
16105,0,-1,11.950667,0.64,16,0.64,0,55
16106,1,0,0.0,0.64,16,0.64,1,55
16107,0,-1,-0.0,0.64,16,0.64,0,55
16108,0,-1,-0.0,0.64,16,0.64,0,55
16109,0,-1,-0.0,0.64,16,0.64,0,55
16110,0,-1,-0.0,0.64,16,0.64,0,55
16111,0,-1,0.7775367,0.6,15,0.6,0,55
16112,2,1,-0.7782923,0.64,16,0.64,0,55
16113,0,-1,-0.0,0.64,16,0.64,0,55
16114,1,0,0.0,0.64,16,0.64,0,55
16115,0,-1,-0.0,0.64,16,0.64,0,55
16116,1,0,0.0,0.64,16,0.64,0,55
16117,2,1,-16.04703,0.68,17,0.68,0,55
16118,0,-1,16.04703,0.64,16,0.64,0,55
16119,0,-1,-0.0,0.64,16,0.64,0,55
16120,0,-1,-0.0,0.64,16,0.64,0,55
16121,2,1,0.0,0.64,16,0.64,0,55
16122,1,0,0.0,0.64,16,0.64,0,55
16123,0,-1,-0.0,0.64,16,0.64,0,55
16124,0,-1,9.123502,0.6,15,0.6,0,55
16125,0,-1,-4.220931,0.56,14,0.56,0,55
16126,2,1,4.220931,0.6,15,0.6,0,55
16127,1,0,0.0,0.6,15,0.6,0,55
16128,2,1,-2.455452,0.64,16,0.64,0,55
16129,0,-1,-0.0,0.64,16,0.64,0,55
16130,0,-1,-0.0,0.64,16,0.64,0,55
16131,1,0,0.0,0.64,16,0.64,0,55
16132,0,-1,-0.0,0.64,16,0.64,1,55
16133,1,0,0.0,0.64,16,0.64,0,55
16134,0,-1,-0.0,0.64,16,0.64,0,55
16135,1,0,0.0,0.64,16,0.64,0,55
16136,1,0,0.0,0.64,16,0.64,0,55
16137,0,-1,-0.0,0.64,16,0.64,0,55
16138,0,-1,7.0576115,0.6,15,0.6,0,55
16139,1,0,0.0,0.6,15,0.6,0,55
16140,0,-1,-0.0,0.6,15,0.6,0,55
16141,0,-1,-0.0,0.6,15,0.6,0,55
16142,0,-1,-0.0,0.6,15,0.6,0,55
16143,1,0,0.0,0.6,15,0.6,0,55
16144,2,1,-2.5604393,0.64,16,0.64,0,55
16145,0,-1,-0.0,0.64,16,0.64,0,55
16146,0,-1,4.9535785,0.6,15,0.6,0,55
16147,0,-1,-2.0759034,0.56,14,0.56,0,55
16148,0,-1,-6.2734537,0.52,13,0.52,0,55
16149,0,-1,0.0,0.0,0,0.0,0,55
16150,2,1,-8.282061,0.2,5,0.2,0,56
16151,2,1,-8.558518,0.24,6,0.24,0,56
16152,2,1,-9.032162,0.28,7,0.28,0,56
16153,2,1,22.79199,0.32,8,0.32,0,56
16154,2,1,-10.560962,0.36,9,0.36,0,56
16155,1,0,0.0,0.36,9,0.36,0,56
16156,2,1,-11.659089,0.4,10,0.4,0,56
16157,1,0,0.0,0.4,10,0.4,0,56
16158,2,1,-13.041624,0.44,11,0.44,0,56
16159,0,-1,-0.0,0.44,11,0.44,0,56
16160,0,-1,13.041624,0.4,10,0.4,0,56
16161,2,1,19.464027,0.44,11,0.44,0,56
16162,0,-1,13.041625,0.4,10,0.4,0,56
16163,2,1,15.215459,0.44,11,0.44,0,56
16164,2,1,11.7775135,0.48,12,0.48,0,56
16165,1,0,0.0,0.48,12,0.48,0,56
16166,2,1,14.287554,0.52,13,0.52,0,56
16167,1,0,0.0,0.52,13,0.52,0,56
16168,2,1,11.445429,0.56,14,0.56,0,56
16169,2,1,-23.573826,0.6,15,0.6,0,56
16170,0,-1,-7.710347,0.56,14,0.56,0,56
16171,2,1,-23.573793,0.6,15,0.6,0,56
16172,0,-1,-0.0,0.6,15,0.6,0,56
16173,2,1,1.0794091,0.64,16,0.64,0,56
16174,0,-1,-0.0,0.64,16,0.64,0,56
16175,0,-1,28.57305,0.6,15,0.6,0,56
16176,0,-1,-0.0,0.6,15,0.6,0,56
16177,0,-1,-0.0,0.6,15,0.6,1,56
16178,1,0,0.0,0.6,15,0.6,0,56
16179,0,-1,-0.0,0.6,15,0.6,0,56
16180,1,0,0.0,0.6,15,0.6,0,56
16181,2,1,-15.274725,0.64,16,0.64,0,56
16182,0,-1,-0.0,0.64,16,0.64,1,56
16183,1,0,0.0,0.64,16,0.64,0,56
16184,0,-1,-1.7940458,0.6,15,0.6,0,56
16185,0,-1,-2.420491,0.56,14,0.56,0,56
16186,1,0,0.0,0.56,14,0.56,0,56
16187,2,1,6.108299,0.6,15,0.6,0,56
16188,0,-1,-0.0,0.6,15,0.6,0,56
16189,0,-1,-2.7040758,0.56,14,0.56,0,56
16190,0,-1,-6.856173,0.52,13,0.52,0,56
16191,2,1,7.7751327,0.56,14,0.56,0,56
16192,0,-1,-8.540862,0.52,13,0.52,1,56
16193,0,-1,-0.0,0.52,13,0.52,0,56
16194,1,0,0.0,0.52,13,0.52,0,56
16195,0,-1,-0.0,0.52,13,0.52,0,56
16196,0,-1,-0.0,0.52,13,0.52,0,56
16197,0,-1,-0.0,0.52,13,0.52,0,56
16198,1,0,0.0,0.52,13,0.52,0,56
16199,1,0,0.0,0.52,13,0.52,0,56
16200,2,1,5.678275,0.56,14,0.56,0,56
16201,0,-1,-0.0,0.56,14,0.56,0,56
16202,0,-1,-2.772615,0.52,13,0.52,0,56
16203,2,1,-6.8137283,0.56,14,0.56,1,56
16204,0,-1,-0.0,0.56,14,0.56,0,56
16205,1,0,0.0,0.56,14,0.56,0,56
16206,0,-1,-5.7946334,0.52,13,0.52,0,56
16207,1,0,0.0,0.52,13,0.52,0,56
16208,2,1,2.009992,0.56,14,0.56,0,56
16209,0,-1,-0.0,0.56,14,0.56,0,56
16210,2,1,1.9369001,0.6,15,0.6,0,56
16211,0,-1,5.4067216,0.56,14,0.56,0,56
16212,0,-1,1.6098571,0.52,13,0.52,0,56
16213,0,-1,-0.0,0.52,13,0.52,0,56
16214,1,0,0.0,0.52,13,0.52,0,56
16215,0,-1,-0.0,0.52,13,0.52,0,56
16216,2,1,7.4593544,0.56,14,0.56,0,56
16217,1,0,0.0,0.56,14,0.56,0,56
16218,1,0,0.0,0.56,14,0.56,0,56
16219,0,-1,-5.666699,0.52,13,0.52,0,56
16220,2,1,5.962647,0.56,14,0.56,0,56
16221,0,-1,-5.962647,0.52,13,0.52,0,56
16222,1,0,0.0,0.52,13,0.52,0,56
16223,0,-1,-1.2565303,0.48,12,0.48,0,56
16224,2,1,7.9442577,0.52,13,0.52,0,56
16225,0,-1,-4.857399,0.48,12,0.48,0,56
16226,2,1,8.810054,0.52,13,0.52,0,56
16227,2,1,3.7577028,0.56,14,0.56,0,56
16228,2,1,-1.1093016,0.6,15,0.6,0,56
16229,2,1,2.6362412,0.64,16,0.64,0,56
16230,0,-1,-0.0,0.64,16,0.64,0,56
16231,1,0,0.0,0.64,16,0.64,0,56
16232,0,-1,4.9713197,0.6,15,0.6,1,56
16233,2,1,-3.1766384,0.64,16,0.64,1,56
16234,0,-1,-0.0,0.64,16,0.64,0,56
16235,0,-1,-0.0,0.64,16,0.64,0,56
16236,0,-1,-0.0,0.64,16,0.64,0,56
16237,0,-1,1.4286891,0.6,15,0.6,0,56
16238,0,-1,-0.0,0.6,15,0.6,1,56
16239,1,0,0.0,0.6,15,0.6,0,56
16240,0,-1,-7.6250377,0.56,14,0.56,0,56
16241,2,1,7.6249905,0.6,15,0.6,0,56
16242,0,-1,-2.2992482,0.56,14,0.56,0,56
16243,0,-1,-0.0,0.56,14,0.56,0,56
16244,0,-1,-0.0,0.56,14,0.56,0,56
16245,1,0,0.0,0.56,14,0.56,0,56
16246,2,1,-3.8989453,0.6,15,0.6,0,56
16247,1,0,0.0,0.6,15,0.6,0,56
16248,1,0,0.0,0.6,15,0.6,0,56
16249,0,-1,-0.0,0.6,15,0.6,0,56
16250,1,0,0.0,0.6,15,0.6,1,56
16251,0,-1,-0.0,0.6,15,0.6,1,56
16252,0,-1,-0.0,0.6,15,0.6,0,56
16253,0,-1,-0.0,0.6,15,0.6,0,56
16254,2,1,-3.6195278,0.64,16,0.64,0,56
16255,1,0,0.0,0.64,16,0.64,0,56
16256,0,-1,-0.0,0.64,16,0.64,0,56
16257,1,0,0.0,0.64,16,0.64,0,56
16258,1,0,0.0,0.64,16,0.64,0,56
16259,0,-1,-0.0,0.64,16,0.64,0,56
16260,1,0,0.0,0.64,16,0.64,0,56
16261,0,-1,-0.0,0.64,16,0.64,0,56
16262,0,-1,-0.0,0.64,16,0.64,0,56
16263,2,1,-9.355859,0.68,17,0.68,0,56
16264,0,-1,-0.0,0.68,17,0.68,0,56
16265,0,-1,-0.0,0.68,17,0.68,0,56
16266,0,-1,-0.0,0.68,17,0.68,0,56
16267,0,-1,9.355859,0.64,16,0.64,0,56
16268,2,1,-11.93834,0.68,17,0.68,0,56
16269,0,-1,11.93834,0.64,16,0.64,0,56
16270,0,-1,-0.0,0.64,16,0.64,0,56
16271,1,0,0.0,0.64,16,0.64,0,56
16272,2,1,-11.93834,0.68,17,0.68,1,56
16273,1,0,0.0,0.68,17,0.68,0,56
16274,0,-1,-0.0,0.68,17,0.68,0,56
16275,0,-1,-0.0,0.68,17,0.68,0,56
16276,0,-1,-0.0,0.68,17,0.68,0,56
16277,2,1,-15.7745075,0.72,18,0.72,0,56
16278,0,-1,25.472963,0.68,17,0.68,0,56
16279,0,-1,12.705805,0.64,16,0.64,0,56
16280,0,-1,-0.0,0.64,16,0.64,1,56
16281,1,0,0.0,0.64,16,0.64,0,56
16282,0,-1,3.6968384,0.6,15,0.6,0,56
16283,0,-1,-0.33540165,0.56,14,0.56,0,56
16284,2,1,4.129474,0.6,15,0.6,0,56
16285,0,-1,-3.8467546,0.56,14,0.56,0,56
16286,2,1,3.83272,0.6,15,0.6,0,56
16287,0,-1,-0.0,0.6,15,0.6,0,56
16288,2,1,-2.3899446,0.64,16,0.64,0,56
16289,0,-1,2.3899446,0.6,15,0.6,0,56
16290,0,-1,-0.0,0.6,15,0.6,0,56
16291,1,0,0.0,0.6,15,0.6,0,56
16292,0,-1,-3.83272,0.56,14,0.56,0,56
16293,1,0,0.0,0.56,14,0.56,0,56
16294,0,-1,-0.0,0.56,14,0.56,0,56
16295,0,-1,-0.0,0.56,14,0.56,0,56
16296,1,0,0.0,0.56,14,0.56,1,56
16297,0,-1,-0.0,0.56,14,0.56,0,56
16298,0,-1,-0.0,0.56,14,0.56,0,56
16299,0,-1,-0.0,0.56,14,0.56,0,56
16300,2,1,1.9417214,0.6,15,0.6,0,56
16301,2,1,-5.0843024,0.64,16,0.64,0,56
16302,0,-1,-0.0,0.64,16,0.64,0,56
16303,0,-1,-0.0,0.64,16,0.64,0,56
16304,0,-1,-0.0,0.64,16,0.64,0,56
16305,2,1,-8.227278,0.68,17,0.68,0,56
16306,0,-1,10.194152,0.64,16,0.64,0,56
16307,0,-1,-0.0,0.64,16,0.64,0,56
16308,2,1,-9.752807,0.68,17,0.68,0,56
16309,0,-1,-0.0,0.68,17,0.68,0,56
16310,0,-1,-0.0,0.68,17,0.68,0,56
16311,0,-1,-0.0,0.68,17,0.68,0,56
16312,1,0,0.0,0.68,17,0.68,0,56
16313,0,-1,8.227278,0.64,16,0.64,1,56
16314,2,1,-11.787133,0.68,17,0.68,0,56
16315,0,-1,8.988852,0.64,16,0.64,0,56
16316,0,-1,-1.0240517,0.6,15,0.6,0,56
16317,2,1,-6.991517,0.64,16,0.64,0,56
16318,1,0,0.0,0.64,16,0.64,0,56
16319,0,-1,-0.0,0.64,16,0.64,0,56
16320,0,-1,-0.0,0.64,16,0.64,1,56
16321,0,-1,-0.0,0.64,16,0.64,0,56
16322,0,-1,-0.0,0.64,16,0.64,0,56
16323,2,1,-6.063645,0.68,17,0.68,0,56
16324,0,-1,11.987048,0.64,16,0.64,1,56
16325,0,-1,-0.0,0.64,16,0.64,0,56
16326,0,-1,-0.0,0.64,16,0.64,0,56
16327,0,-1,-0.0,0.64,16,0.64,0,56
16328,2,1,-8.058527,0.68,17,0.68,0,56
16329,0,-1,-0.0,0.68,17,0.68,0,56
16330,0,-1,6.042236,0.64,16,0.64,0,56
16331,0,-1,6.993907,0.6,15,0.6,0,56
16332,0,-1,-0.0,0.6,15,0.6,0,56
16333,0,-1,-0.0,0.6,15,0.6,0,56
16334,0,-1,-0.0,0.6,15,0.6,0,56
16335,0,-1,-0.0,0.6,15,0.6,0,56
16336,0,-1,-0.0,0.6,15,0.6,0,56
16337,0,-1,-0.10855403,0.56,14,0.56,0,56
16338,1,0,0.0,0.56,14,0.56,0,56
16339,1,0,0.0,0.56,14,0.56,0,56
16340,2,1,0.011680437,0.6,15,0.6,0,56
16341,0,-1,-0.0,0.6,15,0.6,0,56
16342,2,1,-7.092017,0.64,16,0.64,0,56
16343,1,0,0.0,0.64,16,0.64,0,56
16344,0,-1,-0.0,0.64,16,0.64,0,56
16345,0,-1,-0.0,0.64,16,0.64,0,56
16346,0,-1,-0.0,0.64,16,0.64,0,56
16347,0,-1,-0.0,0.64,16,0.64,0,56
16348,0,-1,-0.0,0.64,16,0.64,0,56
16349,0,-1,3.06288,0.6,15,0.6,0,56
16350,0,-1,-0.0,0.6,15,0.6,0,56
16351,0,-1,-0.0,0.6,15,0.6,1,56
16352,0,-1,-3.8502696,0.56,14,0.56,0,56
16353,1,0,0.0,0.56,14,0.56,0,56
16354,0,-1,-1.6357409,0.52,13,0.52,0,56
16355,0,-1,-13.692176,0.48,12,0.48,1,56
16356,0,-1,-17.051565,0.44,11,0.44,0,56
16357,2,1,6.7432413,0.48,12,0.48,0,56
16358,1,0,0.0,0.48,12,0.48,0,56
16359,2,1,2.4632192,0.52,13,0.52,0,56
16360,0,-1,-0.0,0.52,13,0.52,0,56
16361,2,1,5.662077,0.56,14,0.56,0,56
16362,1,0,0.0,0.56,14,0.56,0,56
16363,0,-1,-0.0,0.56,14,0.56,0,56
16364,1,0,0.0,0.56,14,0.56,0,56
16365,0,-1,-0.0,0.56,14,0.56,0,56
16366,2,1,4.7568455,0.6,15,0.6,0,56
16367,2,1,-1.3398887,0.64,16,0.64,0,56
16368,0,-1,-4.0001006,0.6,15,0.6,0,56
16369,0,-1,-3.6593347,0.56,14,0.56,0,56
16370,1,0,0.0,0.56,14,0.56,0,56
16371,2,1,-2.0966072,0.6,15,0.6,0,56
16372,0,-1,4.113987,0.56,14,0.56,0,56
16373,0,-1,-0.0,0.56,14,0.56,0,56
16374,1,0,0.0,0.56,14,0.56,0,56
16375,1,0,0.0,0.56,14,0.56,0,56
16376,1,0,0.0,0.56,14,0.56,1,56
16377,0,-1,-5.6607265,0.52,13,0.52,0,56
16378,1,0,0.0,0.52,13,0.52,0,56
16379,2,1,6.7707796,0.56,14,0.56,0,56
16380,0,-1,-6.7707796,0.52,13,0.52,0,56
16381,2,1,7.387494,0.56,14,0.56,0,56
16382,0,-1,-0.0,0.56,14,0.56,0,56
16383,1,0,0.0,0.56,14,0.56,0,56
16384,2,1,8.915994,0.6,15,0.6,0,56
16385,0,-1,-0.0,0.6,15,0.6,0,56
16386,0,-1,-8.915994,0.56,14,0.56,0,56
16387,0,-1,-0.0,0.56,14,0.56,0,56
16388,0,-1,-0.0,0.56,14,0.56,0,56
16389,0,-1,-0.0,0.56,14,0.56,0,56
16390,0,-1,-8.483893,0.52,13,0.52,1,56
16391,0,-1,-4.478105,0.48,12,0.48,0,56
16392,0,-1,-6.740789,0.44,11,0.44,0,56
16393,2,1,10.719611,0.48,12,0.48,0,56
16394,1,0,0.0,0.48,12,0.48,0,56
16395,1,0,0.0,0.48,12,0.48,0,56
16396,0,-1,-0.0,0.48,12,0.48,0,56
16397,2,1,6.4803295,0.52,13,0.52,0,56
16398,0,-1,-0.0,0.52,13,0.52,0,56
16399,2,1,1.5270315,0.56,14,0.56,0,56
16400,1,0,0.0,0.56,14,0.56,0,56
16401,1,0,0.0,0.56,14,0.56,0,56
16402,0,-1,-0.0,0.56,14,0.56,0,56
16403,1,0,0.0,0.56,14,0.56,0,56
16404,1,0,0.0,0.56,14,0.56,0,56
16405,1,0,0.0,0.56,14,0.56,0,56
16406,0,-1,-0.0,0.56,14,0.56,1,56
16407,0,-1,-7.3842382,0.52,13,0.52,0,56
16408,2,1,3.8312535,0.56,14,0.56,0,56
16409,2,1,-2.1003816,0.6,15,0.6,0,56
16410,1,0,0.0,0.6,15,0.6,0,56
16411,1,0,0.0,0.6,15,0.6,0,56
16412,0,-1,-0.0,0.6,15,0.6,0,56
16413,0,-1,-0.0,0.6,15,0.6,0,56
16414,0,-1,-0.0,0.6,15,0.6,0,56
16415,0,-1,-0.0,0.6,15,0.6,0,56
16416,2,1,-9.191758,0.64,16,0.64,0,56
16417,0,-1,4.897769,0.6,15,0.6,0,56
16418,1,0,0.0,0.6,15,0.6,0,56
16419,0,-1,2.2040994,0.56,14,0.56,0,56
16420,0,-1,0.46273544,0.52,13,0.52,0,56
16421,2,1,3.5233219,0.56,14,0.56,1,56
16422,1,0,0.0,0.56,14,0.56,0,56
16423,2,1,8.912335,0.6,15,0.6,0,56
16424,2,1,-9.192936,0.64,16,0.64,0,56
16425,0,-1,5.2071023,0.6,15,0.6,0,56
16426,1,0,0.0,0.6,15,0.6,0,56
16427,0,-1,-0.0,0.6,15,0.6,0,56
16428,0,-1,-0.0,0.6,15,0.6,0,56
16429,0,-1,-0.0,0.6,15,0.6,0,56
16430,0,-1,0.09950059,0.56,14,0.56,0,56
16431,0,-1,-0.0,0.56,14,0.56,0,56
16432,0,-1,-12.642135,0.52,13,0.52,0,56
16433,2,1,-0.43863398,0.56,14,0.56,0,56
16434,2,1,-0.099500835,0.6,15,0.6,0,56
16435,0,-1,4.1684327,0.56,14,0.56,0,56
16436,2,1,-2.0517125,0.6,15,0.6,0,56
16437,2,1,0.0,0.6,15,0.6,0,56
16438,2,1,-7.204656,0.64,16,0.64,0,56
16439,0,-1,-0.0,0.64,16,0.64,1,56
16440,2,1,-2.9863596,0.68,17,0.68,0,56
16441,0,-1,-0.0,0.68,17,0.68,0,56
16442,1,0,0.0,0.68,17,0.68,0,56
16443,1,0,0.0,0.68,17,0.68,0,56
16444,0,-1,16.092321,0.64,16,0.64,0,56
16445,0,-1,7.101445,0.6,15,0.6,0,56
16446,0,-1,-0.0,0.6,15,0.6,0,56
16447,2,1,-7.1014824,0.64,16,0.64,0,56
16448,2,1,-16.0671,0.68,17,0.68,1,56
16449,0,-1,0.0,0.0,0,0.0,0,56
16450,2,1,-8.281979,0.2,5,0.2,0,57
16451,2,1,23.947102,0.24,6,0.24,0,57
16452,2,1,22.256626,0.28,7,0.28,0,57
16453,2,1,19.956524,0.32,8,0.32,0,57
16454,2,1,17.940327,0.36,9,0.36,0,57
16455,2,1,-11.658664,0.4,10,0.4,0,57
16456,2,1,-13.041599,0.44,11,0.44,0,57
16457,2,1,-14.783626,0.48,12,0.48,0,57
16458,1,0,0.0,0.48,12,0.48,0,57
16459,2,1,8.939724,0.52,13,0.52,0,57
16460,2,1,12.643899,0.56,14,0.56,0,57
16461,1,0,0.0,0.56,14,0.56,0,57
16462,2,1,4.1979513,0.6,15,0.6,0,57
16463,2,1,2.711124,0.64,16,0.64,0,57
16464,0,-1,28.573023,0.6,15,0.6,0,57
16465,1,0,0.0,0.6,15,0.6,0,57
16466,1,0,0.0,0.6,15,0.6,0,57
16467,2,1,-2.983131,0.64,16,0.64,0,57
16468,1,0,0.0,0.64,16,0.64,0,57
16469,2,1,-9.685543,0.68,17,0.68,0,57
16470,0,-1,9.685543,0.64,16,0.64,0,57
16471,0,-1,-0.0,0.64,16,0.64,0,57
16472,0,-1,28.572464,0.6,15,0.6,0,57
16473,0,-1,-2.362518,0.56,14,0.56,0,57
16474,0,-1,-0.0,0.56,14,0.56,0,57
16475,0,-1,19.843866,0.52,13,0.52,0,57
16476,1,0,0.0,0.52,13,0.52,1,57
16477,0,-1,-0.0,0.52,13,0.52,0,57
16478,0,-1,-0.0,0.52,13,0.52,0,57
16479,0,-1,-14.280869,0.48,12,0.48,0,57
16480,2,1,8.790928,0.52,13,0.52,0,57
16481,1,0,0.0,0.52,13,0.52,0,57
16482,0,-1,-15.48502,0.48,12,0.48,0,57
16483,2,1,6.674577,0.52,13,0.52,0,57
16484,1,0,0.0,0.52,13,0.52,0,57
16485,0,-1,-5.4560447,0.48,12,0.48,0,57
16486,2,1,4.186596,0.52,13,0.52,0,57
16487,2,1,-0.7410457,0.56,14,0.56,0,57
16488,0,-1,0.7410457,0.52,13,0.52,0,57
16489,2,1,6.928823,0.56,14,0.56,0,57
16490,0,-1,-1.339189,0.52,13,0.52,0,57
16491,2,1,8.191258,0.56,14,0.56,0,57
16492,0,-1,-5.7479143,0.52,13,0.52,0,57
16493,2,1,-10.289027,0.56,14,0.56,0,57
16494,1,0,0.0,0.56,14,0.56,0,57
16495,2,1,3.7661705,0.6,15,0.6,1,57
16496,0,-1,6.6896477,0.56,14,0.56,0,57
16497,1,0,0.0,0.56,14,0.56,0,57
16498,0,-1,-8.187347,0.52,13,0.52,0,57
16499,2,1,6.1120014,0.56,14,0.56,0,57
16500,2,1,0.9454773,0.6,15,0.6,0,57
16501,0,-1,-2.5600674,0.56,14,0.56,0,57
16502,1,0,0.0,0.56,14,0.56,0,57
16503,0,-1,-7.4990096,0.52,13,0.52,0,57
16504,2,1,12.634462,0.56,14,0.56,0,57
16505,0,-1,-12.634462,0.52,13,0.52,0,57
16506,0,-1,-0.0,0.52,13,0.52,0,57
16507,1,0,0.0,0.52,13,0.52,0,57
16508,0,-1,-0.0,0.52,13,0.52,0,57
16509,2,1,5.7245045,0.56,14,0.56,0,57
16510,1,0,0.0,0.56,14,0.56,0,57
16511,1,0,0.0,0.56,14,0.56,0,57
16512,2,1,3.7690423,0.6,15,0.6,0,57
16513,1,0,0.0,0.6,15,0.6,0,57
16514,2,1,-3.175736,0.64,16,0.64,1,57
16515,2,1,-10.090556,0.68,17,0.68,0,57
16516,0,-1,9.903488,0.64,16,0.64,0,57
16517,0,-1,3.1917317,0.6,15,0.6,0,57
16518,0,-1,-3.7720745,0.56,14,0.56,0,57
16519,2,1,1.9917445,0.6,15,0.6,0,57
16520,1,0,0.0,0.6,15,0.6,0,57
16521,2,1,3.9022794,0.64,16,0.64,0,57
16522,0,-1,3.0074787,0.6,15,0.6,0,57
16523,0,-1,-0.0,0.6,15,0.6,0,57
16524,0,-1,-0.95002913,0.56,14,0.56,0,57
16525,2,1,0.9500271,0.6,15,0.6,0,57
16526,0,-1,-0.0,0.6,15,0.6,0,57
16527,1,0,0.0,0.6,15,0.6,0,57
16528,2,1,-0.54563725,0.64,16,0.64,0,57
16529,1,0,0.0,0.64,16,0.64,0,57
16530,0,-1,2.2352185,0.6,15,0.6,0,57
16531,0,-1,-0.0,0.6,15,0.6,0,57
16532,1,0,0.0,0.6,15,0.6,0,57
16533,0,-1,-0.9500271,0.56,14,0.56,0,57
16534,0,-1,-0.0,0.56,14,0.56,0,57
16535,0,-1,-6.118513,0.52,13,0.52,0,57
16536,0,-1,-11.030792,0.48,12,0.48,0,57
16537,0,-1,-12.457103,0.44,11,0.44,1,57
16538,2,1,16.473497,0.48,12,0.48,0,57
16539,0,-1,-0.0,0.48,12,0.48,0,57
16540,2,1,11.460524,0.52,13,0.52,0,57
16541,0,-1,-0.0,0.52,13,0.52,0,57
16542,0,-1,-11.460524,0.48,12,0.48,0,57
16543,1,0,0.0,0.48,12,0.48,0,57
16544,0,-1,-0.0,0.48,12,0.48,0,57
16545,2,1,7.545271,0.52,13,0.52,0,57
16546,0,-1,-7.545271,0.48,12,0.48,0,57
16547,2,1,11.460524,0.52,13,0.52,0,57
16548,1,0,0.0,0.52,13,0.52,0,57
16549,0,-1,-11.460524,0.48,12,0.48,0,57
16550,2,1,10.359722,0.52,13,0.52,0,57
16551,1,0,0.0,0.52,13,0.52,0,57
16552,2,1,6.1443157,0.56,14,0.56,0,57
16553,2,1,6.0546794,0.6,15,0.6,0,57
16554,0,-1,-0.0,0.6,15,0.6,0,57
16555,1,0,0.0,0.6,15,0.6,0,57
16556,0,-1,-3.7825167,0.56,14,0.56,0,57
16557,0,-1,-9.784478,0.52,13,0.52,0,57
16558,0,-1,-9.800852,0.48,12,0.48,0,57
16559,1,0,0.0,0.48,12,0.48,0,57
16560,2,1,11.01442,0.52,13,0.52,0,57
16561,2,1,3.7749798,0.56,14,0.56,0,57
16562,0,-1,-0.0,0.56,14,0.56,0,57
16563,0,-1,-0.0,0.56,14,0.56,0,57
16564,1,0,0.0,0.56,14,0.56,1,57
16565,0,-1,-11.406483,0.52,13,0.52,0,57
16566,0,-1,-0.0,0.52,13,0.52,0,57
16567,1,0,0.0,0.52,13,0.52,1,57
16568,2,1,7.527656,0.56,14,0.56,0,57
16569,0,-1,-0.0,0.56,14,0.56,0,57
16570,2,1,2.0031824,0.6,15,0.6,0,57
16571,1,0,0.0,0.6,15,0.6,0,57
16572,1,0,0.0,0.6,15,0.6,0,57
16573,2,1,2.6706471,0.64,16,0.64,0,57
16574,0,-1,1.2013663,0.6,15,0.6,0,57
16575,0,-1,-0.0,0.6,15,0.6,0,57
16576,0,-1,-0.0,0.6,15,0.6,0,57
16577,2,1,-0.49649277,0.64,16,0.64,0,57
16578,0,-1,-0.0,0.64,16,0.64,0,57
16579,0,-1,2.9960408,0.6,15,0.6,0,57
16580,1,0,0.0,0.6,15,0.6,0,57
16581,0,-1,-0.0,0.6,15,0.6,0,57
16582,0,-1,-0.0,0.6,15,0.6,0,57
16583,0,-1,-4.5027304,0.56,14,0.56,0,57
16584,0,-1,-11.39967,0.52,13,0.52,0,57
16585,0,-1,-6.652622,0.48,12,0.48,0,57
16586,0,-1,-0.0,0.48,12,0.48,0,57
16587,2,1,11.079937,0.52,13,0.52,0,57
16588,2,1,4.3186707,0.56,14,0.56,0,57
16589,0,-1,-0.0,0.56,14,0.56,0,57
16590,1,0,0.0,0.56,14,0.56,0,57
16591,1,0,0.0,0.56,14,0.56,1,57
16592,2,1,7.663037,0.6,15,0.6,0,57
16593,0,-1,-7.663037,0.56,14,0.56,0,57
16594,0,-1,-8.140816,0.52,13,0.52,0,57
16595,2,1,11.392836,0.56,14,0.56,0,57
16596,2,1,4.4110165,0.6,15,0.6,0,57
16597,0,-1,-7.663037,0.56,14,0.56,0,57
16598,2,1,3.219901,0.6,15,0.6,0,57
16599,2,1,-2.345504,0.64,16,0.64,0,57
16600,0,-1,-0.0,0.64,16,0.64,0,57
16601,1,0,0.0,0.64,16,0.64,0,57
16602,0,-1,2.345504,0.6,15,0.6,0,57
16603,0,-1,-3.219901,0.56,14,0.56,0,57
16604,2,1,3.248363,0.6,15,0.6,0,57
16605,1,0,0.0,0.6,15,0.6,0,57
16606,0,-1,-0.0,0.6,15,0.6,0,57
16607,0,-1,-0.0,0.6,15,0.6,0,57
16608,2,1,-1.7793221,0.64,16,0.64,0,57
16609,2,1,-8.090951,0.68,17,0.68,0,57
16610,0,-1,11.297508,0.64,16,0.64,0,57
16611,0,-1,2.5466247,0.6,15,0.6,1,57
16612,0,-1,-4.4064517,0.56,14,0.56,0,57
16613,2,1,1.6032403,0.6,15,0.6,0,57
16614,0,-1,-0.0,0.6,15,0.6,0,57
16615,0,-1,-1.6032403,0.56,14,0.56,0,57
16616,2,1,1.5634209,0.6,15,0.6,0,57
16617,0,-1,-0.0,0.6,15,0.6,0,57
16618,0,-1,-3.2529278,0.56,14,0.56,0,57
16619,2,1,1.3200971,0.6,15,0.6,0,57
16620,2,1,-1.7466645,0.64,16,0.64,0,57
16621,1,0,0.0,0.64,16,0.64,0,57
16622,0,-1,-0.0,0.64,16,0.64,0,57
16623,0,-1,-0.0,0.64,16,0.64,0,57
16624,0,-1,-0.0,0.64,16,0.64,0,57
16625,1,0,0.0,0.64,16,0.64,0,57
16626,1,0,0.0,0.64,16,0.64,0,57
16627,0,-1,3.4358025,0.6,15,0.6,0,57
16628,2,1,-5.3738513,0.64,16,0.64,0,57
16629,0,-1,-0.0,0.64,16,0.64,0,57
16630,0,-1,1.7466645,0.6,15,0.6,0,57
16631,2,1,-3.3959832,0.64,16,0.64,0,57
16632,1,0,0.0,0.64,16,0.64,0,57
16633,2,1,-8.645489,0.68,17,0.68,0,57
16634,2,1,-24.11596,0.72,18,0.72,0,57
16635,1,0,0.0,0.72,18,0.72,0,57
16636,0,-1,-0.0,0.72,18,0.72,0,57
16637,0,-1,-0.0,0.72,18,0.72,1,57
16638,2,1,-28.963232,0.76,19,0.76,0,57
16639,0,-1,-0.0,0.76,19,0.76,0,57
16640,0,-1,35.01763,0.72,18,0.72,0,57
16641,0,-1,18.524158,0.68,17,0.68,0,57
16642,1,0,0.0,0.68,17,0.68,0,57
16643,0,-1,-0.0,0.68,17,0.68,0,57
16644,0,-1,4.2392955,0.64,16,0.64,0,57
16645,0,-1,1.1830084,0.6,15,0.6,0,57
16646,0,-1,-5.0019298,0.56,14,0.56,0,57
16647,0,-1,-7.0210423,0.52,13,0.52,0,57
16648,0,-1,-4.2423344,0.48,12,0.48,0,57
16649,1,0,0.0,0.48,12,0.48,0,57
16650,0,-1,-17.65529,0.44,11,0.44,0,57
16651,2,1,6.4550743,0.48,12,0.48,0,57
16652,2,1,0.0,0.48,12,0.48,0,57
16653,0,-1,-0.0,0.48,12,0.48,0,57
16654,2,1,10.982507,0.52,13,0.52,0,57
16655,2,1,8.731494,0.56,14,0.56,0,57
16656,0,-1,-8.731494,0.52,13,0.52,0,57
16657,2,1,1.009823,0.56,14,0.56,0,57
16658,2,1,0.0,0.56,14,0.56,0,57
16659,0,-1,-0.0,0.56,14,0.56,1,57
16660,0,-1,-8.133948,0.52,13,0.52,0,57
16661,0,-1,-0.0,0.52,13,0.52,0,57
16662,1,0,0.0,0.52,13,0.52,0,57
16663,0,-1,-0.0,0.52,13,0.52,0,57
16664,0,-1,-4.66917,0.48,12,0.48,0,57
16665,2,1,15.44183,0.52,13,0.52,0,57
16666,2,1,6.9981537,0.56,14,0.56,0,57
16667,2,1,3.8136458,0.6,15,0.6,0,57
16668,2,1,0.0036729376,0.64,16,0.64,0,57
16669,0,-1,-0.0,0.64,16,0.64,0,57
16670,0,-1,1.7308688,0.6,15,0.6,0,57
16671,0,-1,-0.0,0.6,15,0.6,0,57
16672,0,-1,-0.0,0.6,15,0.6,0,57
16673,0,-1,-0.0,0.6,15,0.6,0,57
16674,0,-1,-0.0,0.6,15,0.6,0,57
16675,0,-1,-0.0,0.6,15,0.6,0,57
16676,1,0,0.0,0.6,15,0.6,0,57
16677,0,-1,-0.0,0.6,15,0.6,0,57
16678,0,-1,-0.0,0.6,15,0.6,0,57
16679,2,1,2.6585584,0.64,16,0.64,0,57
16680,1,0,0.0,0.64,16,0.64,0,57
16681,2,1,-10.292208,0.68,17,0.68,0,57
16682,0,-1,10.292208,0.64,16,0.64,0,57
16683,0,-1,-0.0,0.64,16,0.64,0,57
16684,2,1,-10.038225,0.68,17,0.68,0,57
16685,0,-1,6.8951516,0.64,16,0.64,1,57
16686,0,-1,-0.0,0.64,16,0.64,0,57
16687,1,0,0.0,0.64,16,0.64,0,57
16688,0,-1,7.263385,0.6,15,0.6,0,57
16689,2,1,1.0337543,0.64,16,0.64,0,57
16690,2,1,-7.74055,0.68,17,0.68,0,57
16691,0,-1,-0.0,0.68,17,0.68,1,57
16692,0,-1,7.7417994,0.64,16,0.64,0,57
16693,0,-1,-0.0,0.64,16,0.64,0,57
16694,2,1,-8.616558,0.68,17,0.68,0,57
16695,0,-1,-0.0,0.68,17,0.68,0,57
16696,0,-1,-0.0,0.68,17,0.68,0,57
16697,2,1,-17.377167,0.72,18,0.72,0,57
16698,0,-1,-0.0,0.72,18,0.72,0,57
16699,0,-1,-0.0,0.72,18,0.72,0,57
16700,0,-1,18.496342,0.68,17,0.68,0,57
16701,0,-1,-0.0,0.68,17,0.68,0,57
16702,0,-1,-0.0,0.68,17,0.68,0,57
16703,1,0,0.0,0.68,17,0.68,0,57
16704,0,-1,5.866454,0.64,16,0.64,0,57
16705,1,0,0.0,0.64,16,0.64,0,57
16706,0,-1,-0.0,0.64,16,0.64,0,57
16707,2,1,-12.02136,0.68,17,0.68,0,57
16708,0,-1,7.4973845,0.64,16,0.64,0,57
16709,1,0,0.0,0.64,16,0.64,0,57
16710,0,-1,-0.0,0.64,16,0.64,0,57
16711,2,1,-10.290308,0.68,17,0.68,0,57
16712,1,0,0.0,0.68,17,0.68,0,57
16713,0,-1,-0.0,0.68,17,0.68,1,57
16714,1,0,0.0,0.68,17,0.68,0,57
16715,0,-1,12.01518,0.64,16,0.64,0,57
16716,0,-1,-0.0,0.64,16,0.64,0,57
16717,0,-1,-0.0,0.64,16,0.64,0,57
16718,1,0,0.0,0.64,16,0.64,0,57
16719,2,1,-14.267952,0.68,17,0.68,0,57
16720,2,1,-15.747622,0.72,18,0.72,1,57
16721,0,-1,19.900965,0.68,17,0.68,0,57
16722,0,-1,10.288366,0.64,16,0.64,0,57
16723,0,-1,-0.0,0.64,16,0.64,0,57
16724,1,0,0.0,0.64,16,0.64,0,57
16725,0,-1,-0.0,0.64,16,0.64,0,57
16726,0,-1,-0.0,0.64,16,0.64,0,57
16727,0,-1,-0.0,0.64,16,0.64,0,57
16728,1,0,0.0,0.64,16,0.64,0,57
16729,0,-1,-0.0,0.64,16,0.64,0,57
16730,0,-1,-1.0302929,0.6,15,0.6,0,57
16731,2,1,-1.711664,0.64,16,0.64,0,57
16732,0,-1,1.711664,0.6,15,0.6,0,57
16733,2,1,-3.3895657,0.64,16,0.64,0,57
16734,0,-1,-0.0,0.64,16,0.64,1,57
16735,0,-1,-0.0,0.64,16,0.64,0,57
16736,0,-1,3.3887086,0.6,15,0.6,0,57
16737,1,0,0.0,0.6,15,0.6,0,57
16738,0,-1,-0.0,0.6,15,0.6,0,57
16739,0,-1,2.3660028,0.56,14,0.56,0,57
16740,0,-1,-7.550961,0.52,13,0.52,0,57
16741,0,-1,-0.0,0.52,13,0.52,0,57
16742,0,-1,-6.308642,0.48,12,0.48,0,57
16743,0,-1,-0.0,0.48,12,0.48,0,57
16744,1,0,0.0,0.48,12,0.48,0,57
16745,2,1,11.588472,0.52,13,0.52,1,57
16746,1,0,0.0,0.52,13,0.52,0,57
16747,0,-1,-0.0,0.52,13,0.52,0,57
16748,2,1,6.2089067,0.56,14,0.56,0,57
16749,2,1,0.0,0.0,0,0.0,0,57
16750,2,1,-8.282061,0.2,5,0.2,0,58
16751,2,1,-8.558392,0.24,6,0.24,0,58
16752,2,1,-9.032162,0.28,7,0.28,0,58
16753,2,1,-9.695775,0.32,8,0.32,0,58
16754,2,1,21.926966,0.36,9,0.36,0,58
16755,2,1,-11.659218,0.4,10,0.4,1,58
16756,2,1,6.18428,0.44,11,0.44,0,58
16757,1,0,0.0,0.44,11,0.44,0,58
16758,1,0,0.0,0.44,11,0.44,1,58
16759,2,1,-8.703487,0.48,12,0.48,0,58
16760,0,-1,-6.1916504,0.44,11,0.44,0,58
16761,1,0,0.0,0.44,11,0.44,0,58
16762,1,0,0.0,0.44,11,0.44,0,58
16763,2,1,-10.077072,0.48,12,0.48,0,58
16764,2,1,14.205671,0.52,13,0.52,0,58
16765,0,-1,-0.0,0.52,13,0.52,0,58
16766,0,-1,-0.0,0.52,13,0.52,0,58
16767,1,0,0.0,0.52,13,0.52,0,58
16768,2,1,6.7731743,0.56,14,0.56,0,58
16769,1,0,0.0,0.56,14,0.56,0,58
16770,1,0,0.0,0.56,14,0.56,0,58
16771,0,-1,-0.0,0.56,14,0.56,0,58
16772,0,-1,-0.0,0.56,14,0.56,0,58
16773,2,1,4.7804804,0.6,15,0.6,0,58
16774,2,1,3.9277065,0.64,16,0.64,0,58
16775,0,-1,-0.0,0.64,16,0.64,0,58
16776,0,-1,-0.0,0.64,16,0.64,0,58
16777,0,-1,-0.0,0.64,16,0.64,0,58
16778,0,-1,1.955848,0.6,15,0.6,0,58
16779,0,-1,-0.0,0.6,15,0.6,0,58
16780,0,-1,-4.137365,0.56,14,0.56,0,58
16781,1,0,0.0,0.56,14,0.56,0,58
16782,0,-1,-0.0,0.56,14,0.56,0,58
16783,0,-1,-8.240591,0.52,13,0.52,0,58
16784,2,1,-18.421768,0.56,14,0.56,0,58
16785,2,1,4.799178,0.6,15,0.6,0,58
16786,2,1,1.0111189,0.64,16,0.64,0,58
16787,0,-1,0.21874309,0.6,15,0.6,0,58
16788,1,0,0.0,0.6,15,0.6,1,58
16789,0,-1,18.518143,0.56,14,0.56,0,58
16790,1,0,0.0,0.56,14,0.56,0,58
16791,0,-1,-8.681798,0.52,13,0.52,1,58
16792,1,0,0.0,0.52,13,0.52,0,58
16793,1,0,0.0,0.52,13,0.52,0,58
16794,2,1,7.844015,0.56,14,0.56,0,58
16795,2,1,3.654637,0.6,15,0.6,0,58
16796,0,-1,-8.943699,0.56,14,0.56,0,58
16797,0,-1,-0.0,0.56,14,0.56,0,58
16798,0,-1,-0.0,0.56,14,0.56,0,58
16799,0,-1,3.9466455,0.52,13,0.52,0,58
16800,0,-1,-11.327,0.48,12,0.48,0,58
16801,2,1,10.696749,0.52,13,0.52,0,58
16802,0,-1,-0.0,0.52,13,0.52,0,58
16803,2,1,-10.997929,0.56,14,0.56,0,58
16804,0,-1,-7.384436,0.52,13,0.52,0,58
16805,2,1,8.4779415,0.56,14,0.56,0,58
16806,2,1,2.743498,0.6,15,0.6,0,58
16807,0,-1,-4.114216,0.56,14,0.56,0,58
16808,2,1,-0.32042605,0.6,15,0.6,0,58
16809,0,-1,14.727728,0.56,14,0.56,0,58
16810,0,-1,3.7739472,0.52,13,0.52,0,58
16811,0,-1,-0.0,0.52,13,0.52,0,58
16812,2,1,-0.91180617,0.56,14,0.56,0,58
16813,2,1,-6.019808,0.6,15,0.6,0,58
16814,2,1,-6.6969976,0.64,16,0.64,0,58
16815,0,-1,2.2557251,0.6,15,0.6,0,58
16816,2,1,-0.88500726,0.64,16,0.64,0,58
16817,1,0,0.0,0.64,16,0.64,0,58
16818,0,-1,0.25108102,0.6,15,0.6,0,58
16819,2,1,-1.3445863,0.64,16,0.64,1,58
16820,0,-1,1.3577133,0.6,15,0.6,0,58
16821,0,-1,-0.30956158,0.56,14,0.56,0,58
16822,2,1,1.917429,0.6,15,0.6,0,58
16823,0,-1,-1.917429,0.56,14,0.56,0,58
16824,1,0,0.0,0.56,14,0.56,0,58
16825,0,-1,-0.0,0.56,14,0.56,0,58
16826,1,0,0.0,0.56,14,0.56,0,58
16827,0,-1,-4.346555,0.52,13,0.52,0,58
16828,2,1,5.6785026,0.56,14,0.56,0,58
16829,0,-1,-0.0,0.56,14,0.56,0,58
16830,0,-1,-0.0,0.56,14,0.56,0,58
16831,2,1,8.900849,0.6,15,0.6,0,58
16832,0,-1,-0.0,0.6,15,0.6,0,58
16833,0,-1,-0.0,0.6,15,0.6,0,58
16834,1,0,0.0,0.6,15,0.6,0,58
16835,2,1,2.62757,0.64,16,0.64,0,58
16836,0,-1,8.667688,0.6,15,0.6,0,58
16837,1,0,0.0,0.6,15,0.6,0,58
16838,0,-1,-0.0,0.6,15,0.6,0,58
16839,0,-1,-1.9487038,0.56,14,0.56,0,58
16840,2,1,0.19535796,0.6,15,0.6,1,58
16841,0,-1,-0.0,0.6,15,0.6,0,58
16842,2,1,0.042738736,0.64,16,0.64,0,58
16843,1,0,0.0,0.64,16,0.64,0,58
16844,1,0,0.0,0.64,16,0.64,0,58
16845,2,1,-9.784447,0.68,17,0.68,0,58
16846,1,0,0.0,0.68,17,0.68,0,58
16847,1,0,0.0,0.68,17,0.68,0,58
16848,2,1,-15.78226,0.72,18,0.72,0,58
16849,1,0,0.0,0.72,18,0.72,0,58
16850,1,0,0.0,0.72,18,0.72,0,58
16851,0,-1,21.01044,0.68,17,0.68,0,58
16852,2,1,-18.62701,0.72,18,0.72,0,58
16853,1,0,0.0,0.72,18,0.72,0,58
16854,0,-1,-0.0,0.72,18,0.72,0,58
16855,1,0,0.0,0.72,18,0.72,0,58
16856,0,-1,-0.0,0.72,18,0.72,0,58
16857,0,-1,18.62701,0.68,17,0.68,0,58
16858,0,-1,-0.0,0.68,17,0.68,0,58
16859,0,-1,6.72385,0.64,16,0.64,1,58
16860,0,-1,-0.0,0.64,16,0.64,0,58
16861,1,0,0.0,0.64,16,0.64,0,58
16862,1,0,0.0,0.64,16,0.64,0,58
16863,0,-1,-1.6207563,0.6,15,0.6,0,58
16864,0,-1,-0.0,0.6,15,0.6,0,58
16865,0,-1,-5.044594,0.56,14,0.56,0,58
16866,0,-1,-0.0,0.56,14,0.56,0,58
16867,0,-1,-0.0,0.56,14,0.56,0,58
16868,2,1,-3.3736174,0.6,15,0.6,0,58
16869,1,0,0.0,0.6,15,0.6,0,58
16870,0,-1,-0.0,0.6,15,0.6,0,58
16871,1,0,0.0,0.6,15,0.6,1,58
16872,0,-1,-0.0,0.6,15,0.6,0,58
16873,0,-1,-0.0,0.6,15,0.6,0,58
16874,0,-1,-8.007003,0.56,14,0.56,0,58
16875,2,1,-7.153872,0.6,15,0.6,0,58
16876,2,1,2.448159,0.64,16,0.64,0,58
16877,0,-1,-0.0,0.64,16,0.64,0,58
16878,1,0,0.0,0.64,16,0.64,0,58
16879,0,-1,7.874768,0.6,15,0.6,0,58
16880,0,-1,7.153872,0.56,14,0.56,0,58
16881,0,-1,-0.0,0.56,14,0.56,0,58
16882,0,-1,-1.7581015,0.52,13,0.52,0,58
16883,2,1,8.581602,0.56,14,0.56,0,58
16884,1,0,0.0,0.56,14,0.56,0,58
16885,0,-1,-8.581602,0.52,13,0.52,0,58
16886,2,1,3.7039099,0.56,14,0.56,0,58
16887,2,1,0.07280642,0.6,15,0.6,0,58
16888,2,1,-7.030095,0.64,16,0.64,0,58
16889,0,-1,-0.0,0.64,16,0.64,0,58
16890,1,0,0.0,0.64,16,0.64,0,58
16891,0,-1,6.5756736,0.6,15,0.6,0,58
16892,0,-1,0.025889175,0.56,14,0.56,0,58
16893,0,-1,-0.0,0.56,14,0.56,0,58
16894,2,1,4.927751,0.6,15,0.6,1,58
16895,0,-1,-4.933431,0.56,14,0.56,0,58
16896,0,-1,-1.6977081,0.52,13,0.52,0,58
16897,0,-1,-8.726282,0.48,12,0.48,0,58
16898,0,-1,-0.0,0.48,12,0.48,0,58
16899,2,1,4.5932612,0.52,13,0.52,0,58
16900,1,0,0.0,0.52,13,0.52,0,58
16901,0,-1,-0.0,0.52,13,0.52,0,58
16902,2,1,9.089766,0.56,14,0.56,0,58
16903,2,1,-2.032093,0.6,15,0.6,0,58
16904,1,0,0.0,0.6,15,0.6,0,58
16905,0,-1,2.032093,0.56,14,0.56,1,58
16906,1,0,0.0,0.56,14,0.56,0,58
16907,1,0,0.0,0.56,14,0.56,0,58
16908,0,-1,-1.7446651,0.52,13,0.52,0,58
16909,0,-1,-0.0,0.52,13,0.52,0,58
16910,2,1,8.402057,0.56,14,0.56,0,58
16911,1,0,0.0,0.56,14,0.56,0,58
16912,2,1,4.9374566,0.6,15,0.6,0,58
16913,0,-1,-5.7463818,0.56,14,0.56,0,58
16914,2,1,-0.028410021,0.6,15,0.6,0,58
16915,2,1,0.40200636,0.64,16,0.64,0,58
16916,0,-1,4.9288244,0.6,15,0.6,0,58
16917,1,0,0.0,0.6,15,0.6,0,58
16918,0,-1,0.028410021,0.56,14,0.56,0,58
16919,1,0,0.0,0.56,14,0.56,0,58
16920,1,0,0.0,0.56,14,0.56,0,58
16921,1,0,0.0,0.56,14,0.56,0,58
16922,2,1,3.6114607,0.6,15,0.6,0,58
16923,0,-1,-4.9374566,0.56,14,0.56,0,58
16924,0,-1,-0.0,0.56,14,0.56,0,58
16925,0,-1,-9.131028,0.52,13,0.52,0,58
16926,0,-1,-0.0,0.52,13,0.52,0,58
16927,2,1,8.667255,0.56,14,0.56,1,58
16928,0,-1,-0.0,0.56,14,0.56,0,58
16929,1,0,0.0,0.56,14,0.56,0,58
16930,1,0,0.0,0.56,14,0.56,0,58
16931,1,0,0.0,0.56,14,0.56,0,58
16932,0,-1,-5.826179,0.52,13,0.52,0,58
16933,2,1,9.527726,0.56,14,0.56,0,58
16934,2,1,2.0963619,0.6,15,0.6,0,58
16935,0,-1,-4.6605086,0.56,14,0.56,0,58
16936,1,0,0.0,0.56,14,0.56,0,58
16937,0,-1,-0.0,0.56,14,0.56,0,58
16938,1,0,0.0,0.56,14,0.56,1,58
16939,1,0,0.0,0.56,14,0.56,0,58
16940,1,0,0.0,0.56,14,0.56,0,58
16941,2,1,5.398968,0.6,15,0.6,0,58
16942,2,1,-1.8615817,0.64,16,0.64,0,58
16943,0,-1,-1.4903713,0.6,15,0.6,0,58
16944,0,-1,-0.0,0.6,15,0.6,0,58
16945,0,-1,-2.091404,0.56,14,0.56,0,58
16946,0,-1,-7.3284817,0.52,13,0.52,0,58
16947,1,0,0.0,0.52,13,0.52,0,58
16948,0,-1,-11.556757,0.48,12,0.48,0,58
16949,2,1,11.529843,0.52,13,0.52,0,58
16950,2,1,8.51185,0.56,14,0.56,0,58
16951,0,-1,-7.800129,0.52,13,0.52,0,58
16952,0,-1,-11.529843,0.48,12,0.48,0,58
16953,2,1,6.479441,0.52,13,0.52,0,58
16954,2,1,7.800091,0.56,14,0.56,0,58
16955,1,0,0.0,0.56,14,0.56,0,58
16956,2,1,-2.2129617,0.6,15,0.6,1,58
16957,0,-1,-0.0,0.6,15,0.6,0,58
16958,0,-1,-4.7978697,0.56,14,0.56,1,58
16959,0,-1,-1.6547798,0.52,13,0.52,0,58
16960,1,0,0.0,0.52,13,0.52,0,58
16961,2,1,10.322776,0.56,14,0.56,0,58
16962,2,1,5.120305,0.6,15,0.6,0,58
16963,0,-1,-0.0,0.6,15,0.6,0,58
16964,2,1,-1.260299,0.64,16,0.64,0,58
16965,2,1,-10.263219,0.68,17,0.68,0,58
16966,0,-1,8.159123,0.64,16,0.64,0,58
16967,0,-1,3.364395,0.6,15,0.6,0,58
16968,1,0,0.0,0.6,15,0.6,0,58
16969,0,-1,-0.0,0.6,15,0.6,0,58
16970,1,0,0.0,0.6,15,0.6,0,58
16971,0,-1,-0.0,0.6,15,0.6,0,58
16972,0,-1,-4.059885,0.56,14,0.56,0,58
16973,0,-1,-0.0,0.56,14,0.56,0,58
16974,0,-1,-10.322776,0.52,13,0.52,0,58
16975,0,-1,-6.931275,0.48,12,0.48,0,58
16976,1,0,0.0,0.48,12,0.48,0,58
16977,1,0,0.0,0.48,12,0.48,0,58
16978,2,1,13.170183,0.52,13,0.52,0,58
16979,0,-1,-0.0,0.52,13,0.52,0,58
16980,2,1,8.35445,0.56,14,0.56,0,58
16981,0,-1,-0.0,0.56,14,0.56,0,58
16982,0,-1,-7.416808,0.52,13,0.52,0,58
16983,2,1,7.825936,0.56,14,0.56,0,58
16984,0,-1,-7.825936,0.52,13,0.52,0,58
16985,0,-1,-11.982347,0.48,12,0.48,1,58
16986,1,0,0.0,0.48,12,0.48,0,58
16987,2,1,10.287297,0.52,13,0.52,0,58
16988,2,1,5.633416,0.56,14,0.56,0,58
16989,1,0,0.0,0.56,14,0.56,0,58
16990,0,-1,-9.155533,0.52,13,0.52,0,58
16991,2,1,5.888545,0.56,14,0.56,0,58
16992,2,1,4.0387187,0.6,15,0.6,0,58
16993,2,1,-5.7879863,0.64,16,0.64,0,58
16994,1,0,0.0,0.64,16,0.64,0,58
16995,0,-1,-0.0,0.64,16,0.64,0,58
16996,0,-1,-0.0,0.64,16,0.64,0,58
16997,0,-1,2.8404775,0.6,15,0.6,0,58
16998,1,0,0.0,0.6,15,0.6,0,58
16999,2,1,-2.8404775,0.64,16,0.64,0,58
17000,0,-1,0.4211007,0.6,15,0.6,0,58
17001,0,-1,-0.0,0.6,15,0.6,0,58
17002,0,-1,-0.0,0.6,15,0.6,1,58
17003,1,0,0.0,0.6,15,0.6,0,58
17004,0,-1,-0.0,0.6,15,0.6,0,58
17005,1,0,0.0,0.6,15,0.6,0,58
17006,2,1,-0.023862135,0.64,16,0.64,0,58
17007,0,-1,-0.0,0.64,16,0.64,0,58
17008,1,0,0.0,0.64,16,0.64,0,58
17009,0,-1,0.023862135,0.6,15,0.6,0,58
17010,0,-1,-0.0,0.6,15,0.6,0,58
17011,2,1,-4.9102793,0.64,16,0.64,0,58
17012,0,-1,2.8723168,0.6,15,0.6,0,58
17013,0,-1,-0.08894416,0.56,14,0.56,0,58
17014,2,1,5.981946,0.6,15,0.6,0,58
17015,1,0,0.0,0.6,15,0.6,0,58
17016,0,-1,-4.0360622,0.56,14,0.56,0,58
17017,2,1,4.5703506,0.6,15,0.6,1,58
17018,0,-1,-4.5647655,0.56,14,0.56,0,58
17019,0,-1,-0.0,0.56,14,0.56,0,58
17020,1,0,0.0,0.56,14,0.56,0,58
17021,0,-1,-0.0,0.56,14,0.56,0,58
17022,0,-1,-0.0,0.56,14,0.56,0,58
17023,0,-1,-0.0,0.56,14,0.56,0,58
17024,0,-1,-0.0,0.56,14,0.56,0,58
17025,0,-1,-9.746963,0.52,13,0.52,0,58
17026,2,1,7.7631936,0.56,14,0.56,0,58
17027,2,1,2.094347,0.6,15,0.6,1,58
17028,0,-1,-0.0,0.6,15,0.6,0,58
17029,1,0,0.0,0.6,15,0.6,0,58
17030,0,-1,-4.0307302,0.56,14,0.56,0,58
17031,2,1,-0.990255,0.6,15,0.6,1,58
17032,2,1,-7.370165,0.64,16,0.64,0,58
17033,0,-1,-0.0,0.64,16,0.64,0,58
17034,0,-1,-0.0,0.64,16,0.64,0,58
17035,0,-1,-0.0,0.64,16,0.64,0,58
17036,0,-1,-0.0,0.64,16,0.64,0,58
17037,0,-1,-0.0,0.64,16,0.64,0,58
17038,0,-1,5.904699,0.6,15,0.6,0,58
17039,1,0,0.0,0.6,15,0.6,0,58
17040,0,-1,2.3709416,0.56,14,0.56,0,58
17041,2,1,0.43782505,0.6,15,0.6,0,58
17042,0,-1,-0.0,0.6,15,0.6,0,58
17043,1,0,0.0,0.6,15,0.6,0,58
17044,1,0,0.0,0.6,15,0.6,0,58
17045,1,0,0.0,0.6,15,0.6,1,58
17046,0,-1,-0.5150981,0.56,14,0.56,0,58
17047,0,-1,-9.617617,0.52,13,0.52,0,58
17048,2,1,5.8546095,0.56,14,0.56,0,58
17049,0,-1,0.0,0.0,0,0.0,0,58
17050,2,1,24.223005,0.2,5,0.2,1,59
17051,2,1,14.344407,0.24,6,0.24,0,59
17052,2,1,22.168457,0.28,7,0.28,0,59
17053,2,1,18.097528,0.32,8,0.32,0,59
17054,2,1,16.083233,0.36,9,0.36,0,59
17055,1,0,0.0,0.36,9,0.36,0,59
17056,0,-1,-17.232502,0.32,8,0.32,0,59
17057,2,1,18.131863,0.36,9,0.36,0,59
17058,2,1,13.605685,0.4,10,0.4,0,59
17059,2,1,19.34223,0.44,11,0.44,0,59
17060,2,1,13.714605,0.48,12,0.48,0,59
17061,1,0,0.0,0.48,12,0.48,1,59
17062,0,-1,-8.954614,0.44,11,0.44,0,59
17063,0,-1,-0.0,0.44,11,0.44,0,59
17064,2,1,9.66955,0.48,12,0.48,0,59
17065,2,1,8.906261,0.52,13,0.52,0,59
17066,0,-1,-0.0,0.52,13,0.52,0,59
17067,1,0,0.0,0.52,13,0.52,0,59
17068,1,0,0.0,0.52,13,0.52,0,59
17069,2,1,7.2726707,0.56,14,0.56,0,59
17070,1,0,0.0,0.56,14,0.56,0,59
17071,0,-1,-0.0,0.56,14,0.56,0,59
17072,1,0,0.0,0.56,14,0.56,0,59
17073,0,-1,-6.0588546,0.52,13,0.52,1,59
17074,1,0,0.0,0.52,13,0.52,1,59
17075,0,-1,-7.4315805,0.48,12,0.48,0,59
17076,2,1,10.812596,0.52,13,0.52,0,59
17077,2,1,6.153044,0.56,14,0.56,0,59
17078,0,-1,-7.965189,0.52,13,0.52,0,59
17079,0,-1,-0.0,0.52,13,0.52,0,59
17080,1,0,0.0,0.52,13,0.52,0,59
17081,2,1,3.7834463,0.56,14,0.56,0,59
17082,0,-1,-7.4390535,0.52,13,0.52,0,59
17083,2,1,6.401352,0.56,14,0.56,0,59
17084,2,1,7.5428824,0.6,15,0.6,0,59
17085,2,1,1.818525,0.64,16,0.64,0,59
17086,2,1,-5.9575734,0.68,17,0.68,0,59
17087,0,-1,6.7388625,0.64,16,0.64,0,59
17088,0,-1,-0.0,0.64,16,0.64,0,59
17089,0,-1,2.5759783,0.6,15,0.6,0,59
17090,1,0,0.0,0.6,15,0.6,0,59
17091,0,-1,-5.021126,0.56,14,0.56,0,59
17092,1,0,0.0,0.56,14,0.56,0,59
17093,0,-1,-3.7834463,0.52,13,0.52,0,59
17094,0,-1,-0.0,0.52,13,0.52,0,59
17095,2,1,7.7456474,0.56,14,0.56,0,59
17096,2,1,2.3402395,0.6,15,0.6,1,59
17097,1,0,0.0,0.6,15,0.6,0,59
17098,1,0,0.0,0.6,15,0.6,0,59
17099,1,0,0.0,0.6,15,0.6,0,59
17100,2,1,0.47612938,0.64,16,0.64,0,59
17101,2,1,-7.829606,0.68,17,0.68,0,59
17102,0,-1,9.5038595,0.64,16,0.64,0,59
17103,1,0,0.0,0.64,16,0.64,0,59
17104,1,0,0.0,0.64,16,0.64,0,59
17105,0,-1,-0.47612938,0.6,15,0.6,0,59
17106,0,-1,-0.0,0.6,15,0.6,0,59
17107,0,-1,-0.0,0.6,15,0.6,1,59
17108,0,-1,-4.0579724,0.56,14,0.56,0,59
17109,0,-1,-0.0,0.56,14,0.56,0,59
17110,2,1,4.0579624,0.6,15,0.6,0,59
17111,0,-1,-2.989594,0.56,14,0.56,0,59
17112,2,1,2.270635,0.6,15,0.6,1,59
17113,2,1,0.17526235,0.64,16,0.64,0,59
17114,1,0,0.0,0.64,16,0.64,0,59
17115,0,-1,0.94651806,0.6,15,0.6,0,59
17116,0,-1,-4.0257435,0.56,14,0.56,0,59
17117,2,1,3.5768056,0.6,15,0.6,0,59
17118,1,0,0.0,0.6,15,0.6,0,59
17119,1,0,0.0,0.6,15,0.6,0,59
17120,2,1,-0.9465249,0.64,16,0.64,0,59
17121,2,1,-9.823603,0.68,17,0.68,0,59
17122,0,-1,9.64891,0.64,16,0.64,0,59
17123,1,0,0.0,0.64,16,0.64,0,59
17124,0,-1,1.4224179,0.6,15,0.6,0,59
17125,0,-1,-0.0,0.6,15,0.6,0,59
17126,0,-1,-0.0,0.6,15,0.6,0,59
17127,0,-1,-2.0744448,0.56,14,0.56,0,59
17128,2,1,2.0744448,0.6,15,0.6,0,59
17129,1,0,0.0,0.6,15,0.6,0,59
17130,0,-1,-0.0,0.6,15,0.6,0,59
17131,2,1,-4.9551673,0.64,16,0.64,0,59
17132,0,-1,1.1262183,0.6,15,0.6,0,59
17133,0,-1,-0.0,0.6,15,0.6,0,59
17134,2,1,-4.7807264,0.64,16,0.64,0,59
17135,0,-1,-0.0,0.64,16,0.64,0,59
17136,0,-1,4.7807264,0.6,15,0.6,0,59
17137,0,-1,-7.203622,0.56,14,0.56,0,59
17138,0,-1,-8.9042845,0.52,13,0.52,1,59
17139,2,1,1.7161628,0.56,14,0.56,0,59
17140,0,-1,-0.0,0.56,14,0.56,0,59
17141,2,1,7.1193533,0.6,15,0.6,0,59
17142,2,1,0.6700192,0.64,16,0.64,0,59
17143,0,-1,-0.0,0.64,16,0.64,1,59
17144,2,1,-13.96166,0.68,17,0.68,0,59
17145,0,-1,13.912888,0.64,16,0.64,0,59
17146,2,1,-7.639918,0.68,17,0.68,0,59
17147,0,-1,-0.0,0.68,17,0.68,0,59
17148,2,1,-19.918684,0.72,18,0.72,0,59
17149,1,0,0.0,0.72,18,0.72,0,59
17150,0,-1,-0.0,0.72,18,0.72,0,59
17151,0,-1,-0.0,0.72,18,0.72,0,59
17152,0,-1,19.918684,0.68,17,0.68,0,59
17153,0,-1,7.639918,0.64,16,0.64,0,59
17154,0,-1,-0.0,0.64,16,0.64,0,59
17155,0,-1,0.46147534,0.6,15,0.6,0,59
17156,0,-1,-0.0,0.6,15,0.6,1,59
17157,0,-1,-0.0,0.6,15,0.6,0,59
17158,2,1,-0.9136701,0.64,16,0.64,0,59
17159,1,0,0.0,0.64,16,0.64,0,59
17160,2,1,-11.622346,0.68,17,0.68,0,59
17161,0,-1,7.8124948,0.64,16,0.64,0,59
17162,0,-1,-0.74147636,0.6,15,0.6,0,59
17163,2,1,0.70060265,0.64,16,0.64,0,59
17164,1,0,0.0,0.64,16,0.64,0,59
17165,2,1,-13.914092,0.68,17,0.68,0,59
17166,0,-1,6.1982217,0.64,16,0.64,0,59
17167,0,-1,-2.1519778,0.6,15,0.6,0,59
17168,0,-1,2.0648484,0.56,14,0.56,0,59
17169,0,-1,-4.0055013,0.52,13,0.52,0,59
17170,0,-1,-0.0,0.52,13,0.52,1,59
17171,1,0,0.0,0.52,13,0.52,0,59
17172,2,1,7.297895,0.56,14,0.56,0,59
17173,0,-1,-0.0,0.56,14,0.56,0,59
17174,0,-1,-0.0,0.56,14,0.56,0,59
17175,2,1,1.6181887,0.6,15,0.6,0,59
17176,0,-1,-0.0,0.6,15,0.6,0,59
17177,2,1,0.20088382,0.64,16,0.64,0,59
17178,0,-1,-0.0,0.64,16,0.64,0,59
17179,1,0,0.0,0.64,16,0.64,0,59
17180,0,-1,-0.0,0.64,16,0.64,0,59
17181,2,1,-11.960351,0.68,17,0.68,0,59
17182,0,-1,-0.0,0.68,17,0.68,0,59
17183,0,-1,-0.0,0.68,17,0.68,0,59
17184,2,1,-17.178894,0.72,18,0.72,0,59
17185,0,-1,-0.0,0.72,18,0.72,1,59
17186,0,-1,16.56339,0.68,17,0.68,0,59
17187,0,-1,-0.0,0.68,17,0.68,0,59
17188,0,-1,-0.0,0.68,17,0.68,0,59
17189,0,-1,10.281414,0.64,16,0.64,0,59
17190,0,-1,-0.0,0.64,16,0.64,0,59
17191,2,1,-10.55771,0.68,17,0.68,0,59
17192,1,0,0.0,0.68,17,0.68,0,59
17193,0,-1,13.916502,0.64,16,0.64,0,59
17194,1,0,0.0,0.64,16,0.64,0,59
17195,0,-1,-0.0,0.64,16,0.64,0,59
17196,0,-1,-0.0,0.64,16,0.64,0,59
17197,0,-1,-0.0,0.64,16,0.64,0,59
17198,0,-1,0.40335673,0.6,15,0.6,0,59
17199,0,-1,-0.0,0.6,15,0.6,0,59
17200,2,1,2.165366,0.64,16,0.64,0,59
17201,0,-1,3.6588855,0.6,15,0.6,0,59
17202,1,0,0.0,0.6,15,0.6,0,59
17203,2,1,-0.40362218,0.64,16,0.64,1,59
17204,0,-1,-2.1904762,0.6,15,0.6,0,59
17205,0,-1,-0.0,0.6,15,0.6,0,59
17206,0,-1,-0.0,0.6,15,0.6,0,59
17207,0,-1,-4.589413,0.56,14,0.56,0,59
17208,0,-1,-3.764096,0.52,13,0.52,0,59
17209,1,0,0.0,0.52,13,0.52,0,59
17210,1,0,0.0,0.52,13,0.52,0,59
17211,0,-1,-10.1401415,0.48,12,0.48,0,59
17212,2,1,13.762127,0.52,13,0.52,0,59
17213,2,1,3.7640953,0.56,14,0.56,0,59
17214,2,1,4.8656964,0.6,15,0.6,0,59
17215,0,-1,-0.0,0.6,15,0.6,0,59
17216,0,-1,-0.034296334,0.56,14,0.56,0,59
17217,0,-1,-0.0,0.56,14,0.56,0,59
17218,0,-1,-0.0,0.56,14,0.56,0,59
17219,0,-1,-0.0,0.56,14,0.56,0,59
17220,0,-1,-3.6636536,0.52,13,0.52,0,59
17221,2,1,5.5819435,0.56,14,0.56,0,59
17222,0,-1,-5.5819435,0.52,13,0.52,0,59
17223,0,-1,-0.0,0.52,13,0.52,0,59
17224,1,0,0.0,0.52,13,0.52,0,59
17225,1,0,0.0,0.52,13,0.52,0,59
17226,2,1,8.947499,0.56,14,0.56,0,59
17227,0,-1,-8.595495,0.52,13,0.52,0,59
17228,0,-1,-13.762127,0.48,12,0.48,0,59
17229,2,1,6.511044,0.52,13,0.52,0,59
17230,2,1,1.6097903,0.56,14,0.56,0,59
17231,0,-1,-0.0,0.56,14,0.56,0,59
17232,1,0,0.0,0.56,14,0.56,1,59
17233,1,0,0.0,0.56,14,0.56,0,59
17234,2,1,7.1945477,0.6,15,0.6,0,59
17235,0,-1,-0.0,0.6,15,0.6,0,59
17236,0,-1,-0.0,0.6,15,0.6,0,59
17237,2,1,-9.187247,0.64,16,0.64,0,59
17238,2,1,-6.143241,0.68,17,0.68,0,59
17239,0,-1,-0.0,0.68,17,0.68,0,59
17240,0,-1,-0.0,0.68,17,0.68,1,59
17241,0,-1,-0.0,0.68,17,0.68,0,59
17242,0,-1,-0.0,0.68,17,0.68,0,59
17243,1,0,0.0,0.68,17,0.68,0,59
17244,0,-1,-0.0,0.68,17,0.68,0,59
17245,1,0,0.0,0.68,17,0.68,0,59
17246,0,-1,-0.0,0.68,17,0.68,0,59
17247,0,-1,6.6545115,0.64,16,0.64,0,59
17248,2,1,-7.8012323,0.68,17,0.68,0,59
17249,0,-1,-0.0,0.68,17,0.68,0,59
17250,0,-1,6.1332426,0.64,16,0.64,0,59
17251,0,-1,-0.0,0.64,16,0.64,0,59
17252,0,-1,-0.0,0.64,16,0.64,0,59
17253,2,1,-10.047995,0.68,17,0.68,0,59
17254,1,0,0.0,0.68,17,0.68,0,59
17255,0,-1,7.8012323,0.64,16,0.64,0,59
17256,0,-1,-0.0,0.64,16,0.64,0,59
17257,0,-1,-0.0,0.64,16,0.64,0,59
17258,2,1,-12.184919,0.68,17,0.68,0,59
17259,0,-1,-0.0,0.68,17,0.68,0,59
17260,2,1,-17.681015,0.72,18,0.72,0,59
17261,1,0,0.0,0.72,18,0.72,0,59
17262,1,0,0.0,0.72,18,0.72,0,59
17263,1,0,0.0,0.72,18,0.72,0,59
17264,0,-1,-0.0,0.72,18,0.72,0,59
17265,0,-1,-0.0,0.72,18,0.72,0,59
17266,0,-1,-0.0,0.72,18,0.72,0,59
17267,0,-1,-0.0,0.72,18,0.72,1,59
17268,0,-1,-0.0,0.72,18,0.72,0,59
17269,0,-1,-0.0,0.72,18,0.72,0,59
17270,0,-1,17.68201,0.68,17,0.68,0,59
17271,0,-1,16.087336,0.64,16,0.64,0,59
17272,0,-1,7.121769,0.6,15,0.6,0,59
17273,1,0,0.0,0.6,15,0.6,0,59
17274,1,0,0.0,0.6,15,0.6,0,59
17275,2,1,-7.3951297,0.64,16,0.64,0,59
17276,1,0,0.0,0.64,16,0.64,0,59
17277,2,1,-14.236315,0.68,17,0.68,0,59
17278,0,-1,-0.0,0.68,17,0.68,0,59
17279,0,-1,-0.0,0.68,17,0.68,0,59
17280,0,-1,11.966755,0.64,16,0.64,0,59
17281,0,-1,7.3374906,0.6,15,0.6,0,59
17282,0,-1,-0.0,0.6,15,0.6,0,59
17283,2,1,0.23099758,0.64,16,0.64,1,59
17284,0,-1,-0.0,0.64,16,0.64,0,59
17285,1,0,0.0,0.64,16,0.64,1,59
17286,0,-1,-0.0,0.64,16,0.64,0,59
17287,1,0,0.0,0.64,16,0.64,0,59
17288,0,-1,-2.2252176,0.6,15,0.6,0,59
17289,0,-1,-0.0,0.6,15,0.6,0,59
17290,1,0,0.0,0.6,15,0.6,0,59
17291,1,0,0.0,0.6,15,0.6,0,59
17292,0,-1,-5.268274,0.56,14,0.56,0,59
17293,2,1,5.243424,0.6,15,0.6,0,59
17294,0,-1,-2.0594113,0.56,14,0.56,0,59
17295,1,0,0.0,0.56,14,0.56,0,59
17296,0,-1,-0.0,0.56,14,0.56,0,59
17297,1,0,0.0,0.56,14,0.56,0,59
17298,1,0,0.0,0.56,14,0.56,0,59
17299,2,1,3.5842183,0.6,15,0.6,0,59
17300,2,1,-3.51741,0.64,16,0.64,0,59
17301,0,-1,7.3947597,0.6,15,0.6,0,59
17302,0,-1,-0.0,0.6,15,0.6,0,59
17303,2,1,-7.39647,0.64,16,0.64,0,59
17304,0,-1,7.39647,0.6,15,0.6,0,59
17305,0,-1,-0.0,0.6,15,0.6,0,59
17306,1,0,0.0,0.6,15,0.6,0,59
17307,0,-1,-1.4818134,0.56,14,0.56,0,59
17308,0,-1,-0.0,0.56,14,0.56,0,59
17309,0,-1,-3.4402132,0.52,13,0.52,0,59
17310,0,-1,-8.42388,0.48,12,0.48,0,59
17311,2,1,10.133222,0.52,13,0.52,0,59
17312,2,1,5.7892046,0.56,14,0.56,0,59
17313,1,0,0.0,0.56,14,0.56,0,59
17314,1,0,0.0,0.56,14,0.56,0,59
17315,0,-1,-0.0,0.56,14,0.56,1,59
17316,0,-1,-5.784183,0.52,13,0.52,0,59
17317,2,1,4.3315144,0.56,14,0.56,0,59
17318,1,0,0.0,0.56,14,0.56,0,59
17319,2,1,7.252659,0.6,15,0.6,0,59
17320,2,1,-0.914407,0.64,16,0.64,0,59
17321,0,-1,1.4498107,0.6,15,0.6,0,59
17322,0,-1,-0.0,0.6,15,0.6,0,59
17323,0,-1,-3.8819988,0.56,14,0.56,0,59
17324,2,1,1.8410211,0.6,15,0.6,0,59
17325,2,1,-2.944851,0.64,16,0.64,1,59
17326,0,-1,4.212176,0.6,15,0.6,0,59
17327,2,1,-4.979657,0.64,16,0.64,0,59
17328,0,-1,4.979657,0.6,15,0.6,0,59
17329,1,0,0.0,0.6,15,0.6,0,59
17330,0,-1,-5.4016213,0.56,14,0.56,0,59
17331,0,-1,-0.0,0.56,14,0.56,0,59
17332,2,1,5.852046,0.6,15,0.6,0,59
17333,2,1,-5.187823,0.64,16,0.64,0,59
17334,0,-1,2.9499016,0.6,15,0.6,0,59
17335,2,1,-2.4583776,0.64,16,0.64,0,59
17336,2,1,-7.8285637,0.68,17,0.68,0,59
17337,0,-1,-0.0,0.68,17,0.68,0,59
17338,0,-1,12.086647,0.64,16,0.64,0,59
17339,0,-1,-0.0,0.64,16,0.64,0,59
17340,0,-1,-0.0,0.64,16,0.64,0,59
17341,0,-1,-0.0,0.64,16,0.64,0,59
17342,1,0,0.0,0.64,16,0.64,0,59
17343,0,-1,2.4583776,0.6,15,0.6,0,59
17344,0,-1,-1.8357246,0.56,14,0.56,0,59
17345,0,-1,-0.0,0.56,14,0.56,1,59
17346,1,0,0.0,0.56,14,0.56,0,59
17347,1,0,0.0,0.56,14,0.56,0,59
17348,2,1,3.5289783,0.6,15,0.6,0,59
17349,1,0,0.0,0.0,0,0.0,0,59
17350,2,1,24.223005,0.2,5,0.2,0,60
17351,2,1,22.730906,0.24,6,0.24,0,60
17352,2,1,23.455095,0.28,7,0.28,0,60
17353,2,1,-9.695268,0.32,8,0.32,0,60
17354,2,1,20.723211,0.36,9,0.36,0,60
17355,2,1,-11.658664,0.4,10,0.4,0,60
17356,2,1,16.610834,0.44,11,0.44,0,60
17357,2,1,12.55008,0.48,12,0.48,0,60
17358,2,1,8.127789,0.52,13,0.52,0,60
17359,0,-1,-8.127789,0.48,12,0.48,0,60
17360,2,1,11.500731,0.52,13,0.52,0,60
17361,2,1,8.413056,0.56,14,0.56,0,60
17362,0,-1,19.843359,0.52,13,0.52,0,60
17363,0,-1,-11.500731,0.48,12,0.48,0,60
17364,2,1,8.3746395,0.52,13,0.52,0,60
17365,1,0,0.0,0.52,13,0.52,0,60
17366,1,0,0.0,0.52,13,0.52,0,60
17367,2,1,8.198928,0.56,14,0.56,0,60
17368,0,-1,-8.413056,0.52,13,0.52,0,60
17369,2,1,8.653325,0.56,14,0.56,0,60
17370,0,-1,-0.0,0.56,14,0.56,0,60
17371,2,1,4.927462,0.6,15,0.6,0,60
17372,0,-1,-0.0,0.6,15,0.6,0,60
17373,1,0,0.0,0.6,15,0.6,0,60
17374,0,-1,23.57324,0.56,14,0.56,0,60
17375,1,0,0.0,0.56,14,0.56,0,60
17376,2,1,6.0764875,0.6,15,0.6,0,60
17377,2,1,-28.572464,0.64,16,0.64,0,60
17378,0,-1,-0.0,0.64,16,0.64,0,60
17379,1,0,0.0,0.64,16,0.64,1,60
17380,0,-1,3.1982965,0.6,15,0.6,0,60
17381,0,-1,-4.461459,0.56,14,0.56,0,60
17382,0,-1,-0.0,0.56,14,0.56,0,60
17383,1,0,0.0,0.56,14,0.56,0,60
17384,0,-1,-8.643354,0.52,13,0.52,0,60
17385,1,0,0.0,0.52,13,0.52,0,60
17386,1,0,0.0,0.52,13,0.52,0,60
17387,0,-1,0.97004783,0.48,12,0.48,0,60
17388,0,-1,-0.0,0.48,12,0.48,0,60
17389,1,0,0.0,0.48,12,0.48,0,60
17390,2,1,10.718234,0.52,13,0.52,0,60
17391,0,-1,-10.343324,0.48,12,0.48,0,60
17392,2,1,8.550338,0.52,13,0.52,0,60
17393,2,1,7.4942756,0.56,14,0.56,0,60
17394,0,-1,-0.0,0.56,14,0.56,0,60
17395,2,1,-0.325962,0.6,15,0.6,0,60
17396,0,-1,-0.0,0.6,15,0.6,0,60
17397,0,-1,-0.0,0.6,15,0.6,0,60
17398,2,1,-0.80714995,0.64,16,0.64,0,60
17399,0,-1,0.061866164,0.6,15,0.6,0,60
17400,0,-1,-4.1920733,0.56,14,0.56,0,60
17401,2,1,0.047470324,0.6,15,0.6,0,60
17402,0,-1,-0.047470324,0.56,14,0.56,0,60
17403,2,1,2.035671,0.6,15,0.6,0,60
17404,0,-1,-2.035671,0.56,14,0.56,0,60
17405,2,1,-2.5915315,0.6,15,0.6,0,60
17406,0,-1,-6.0710654,0.56,14,0.56,0,60
17407,2,1,4.9135537,0.6,15,0.6,0,60
17408,2,1,-0.061866164,0.64,16,0.64,0,60
17409,0,-1,-0.0,0.64,16,0.64,1,60
17410,0,-1,-0.0,0.64,16,0.64,1,60
17411,0,-1,-0.0,0.64,16,0.64,0,60
17412,0,-1,0.09067517,0.6,15,0.6,0,60
17413,0,-1,-0.0,0.6,15,0.6,0,60
17414,0,-1,2.5694237,0.56,14,0.56,0,60
17415,0,-1,-0.0,0.56,14,0.56,0,60
17416,1,0,0.0,0.56,14,0.56,0,60
17417,2,1,6.0683484,0.6,15,0.6,0,60
17418,1,0,0.0,0.6,15,0.6,0,60
17419,0,-1,0.31067622,0.56,14,0.56,0,60
17420,2,1,4.457548,0.6,15,0.6,0,60
17421,1,0,0.0,0.6,15,0.6,0,60
17422,2,1,-2.6170237,0.64,16,0.64,0,60
17423,2,1,-10.339345,0.68,17,0.68,0,60
17424,1,0,0.0,0.68,17,0.68,0,60
17425,0,-1,9.918338,0.64,16,0.64,0,60
17426,1,0,0.0,0.64,16,0.64,0,60
17427,0,-1,3.4405208,0.6,15,0.6,0,60
17428,0,-1,-0.0,0.6,15,0.6,0,60
17429,0,-1,-2.3821995,0.56,14,0.56,0,60
17430,0,-1,-0.0,0.56,14,0.56,0,60
17431,0,-1,-0.0,0.56,14,0.56,0,60
17432,0,-1,-8.672083,0.52,13,0.52,0,60
17433,2,1,8.672069,0.56,14,0.56,0,60
17434,2,1,1.5587026,0.6,15,0.6,1,60
17435,0,-1,-1.5651017,0.56,14,0.56,1,60
17436,0,-1,-0.0,0.56,14,0.56,0,60
17437,2,1,3.7309272,0.6,15,0.6,0,60
17438,1,0,0.0,0.6,15,0.6,0,60
17439,0,-1,-0.0,0.6,15,0.6,0,60
17440,2,1,-3.2004554,0.64,16,0.64,0,60
17441,0,-1,0.5662376,0.6,15,0.6,0,60
17442,0,-1,-3.7309272,0.56,14,0.56,0,60
17443,1,0,0.0,0.56,14,0.56,0,60
17444,0,-1,-9.781766,0.52,13,0.52,0,60
17445,2,1,-0.6020796,0.56,14,0.56,0,60
17446,0,-1,-0.0,0.56,14,0.56,0,60
17447,0,-1,0.6020796,0.52,13,0.52,0,60
17448,0,-1,-11.922282,0.48,12,0.48,0,60
17449,2,1,8.998084,0.52,13,0.52,0,60
17450,0,-1,-0.0,0.52,13,0.52,0,60
17451,2,1,3.7825072,0.56,14,0.56,0,60
17452,2,1,3.227605,0.6,15,0.6,0,60
17453,1,0,0.0,0.6,15,0.6,0,60
17454,0,-1,-1.7987679,0.56,14,0.56,0,60
17455,2,1,4.6098866,0.6,15,0.6,0,60
17456,2,1,-4.4392514,0.64,16,0.64,0,60
17457,0,-1,4.946515,0.6,15,0.6,0,60
17458,1,0,0.0,0.6,15,0.6,0,60
17459,1,0,0.0,0.6,15,0.6,0,60
17460,0,-1,-0.0,0.6,15,0.6,0,60
17461,0,-1,-4.6098866,0.56,14,0.56,0,60
17462,0,-1,-0.0,0.56,14,0.56,0,60
17463,0,-1,-6.1506767,0.52,13,0.52,0,60
17464,2,1,-0.6020796,0.56,14,0.56,1,60
17465,1,0,0.0,0.56,14,0.56,0,60
17466,0,-1,-0.0,0.56,14,0.56,0,60
17467,1,0,0.0,0.56,14,0.56,0,60
17468,1,0,0.0,0.56,14,0.56,0,60
17469,0,-1,-0.0,0.56,14,0.56,0,60
17470,0,-1,-7.6161013,0.52,13,0.52,0,60
17471,0,-1,-9.821143,0.48,12,0.48,0,60
17472,0,-1,-5.9366546,0.44,11,0.44,0,60
17473,2,1,13.913299,0.48,12,0.48,0,60
17474,2,1,3.0497541,0.52,13,0.52,0,60
17475,2,1,7.2885,0.56,14,0.56,0,60
17476,0,-1,-8.720608,0.52,13,0.52,0,60
17477,2,1,8.587083,0.56,14,0.56,0,60
17478,0,-1,-5.657625,0.52,13,0.52,0,60
17479,0,-1,-0.0,0.52,13,0.52,0,60
17480,2,1,6.396159,0.56,14,0.56,0,60
17481,1,0,0.0,0.56,14,0.56,0,60
17482,2,1,3.6754436,0.6,15,0.6,0,60
17483,0,-1,-0.0,0.6,15,0.6,0,60
17484,0,-1,3.5274518,0.56,14,0.56,0,60
17485,2,1,4.990782,0.6,15,0.6,0,60
17486,2,1,-4.80282,0.64,16,0.64,0,60
17487,0,-1,0.14193982,0.6,15,0.6,0,60
17488,2,1,-3.5388596,0.64,16,0.64,0,60
17489,2,1,-5.8570843,0.68,17,0.68,0,60
17490,0,-1,-0.0,0.68,17,0.68,0,60
17491,2,1,-17.61297,0.72,18,0.72,0,60
17492,0,-1,21.581427,0.68,17,0.68,0,60
17493,0,-1,8.339347,0.64,16,0.64,1,60
17494,0,-1,-0.0,0.64,16,0.64,0,60
17495,1,0,0.0,0.64,16,0.64,0,60
17496,1,0,0.0,0.64,16,0.64,0,60
17497,0,-1,2.435216,0.6,15,0.6,0,60
17498,1,0,0.0,0.6,15,0.6,0,60
17499,2,1,-0.1524779,0.64,16,0.64,0,60
17500,2,1,-8.653983,0.68,17,0.68,0,60
17501,0,-1,-0.0,0.68,17,0.68,0,60
17502,0,-1,-0.0,0.68,17,0.68,0,60
17503,0,-1,-0.0,0.68,17,0.68,0,60
17504,0,-1,6.442165,0.64,16,0.64,0,60
17505,0,-1,1.7551587,0.6,15,0.6,0,60
17506,1,0,0.0,0.6,15,0.6,0,60
17507,2,1,0.3335944,0.64,16,0.64,0,60
17508,2,1,-7.4916,0.68,17,0.68,0,60
17509,0,-1,-0.0,0.68,17,0.68,0,60
17510,0,-1,7.7381763,0.64,16,0.64,0,60
17511,0,-1,-0.00092744845,0.6,15,0.6,0,60
17512,0,-1,-1.5486057,0.56,14,0.56,0,60
17513,2,1,3.712078,0.6,15,0.6,0,60
17514,0,-1,-3.712078,0.56,14,0.56,0,60
17515,0,-1,-9.76524,0.52,13,0.52,0,60
17516,2,1,5.2614775,0.56,14,0.56,0,60
17517,1,0,0.0,0.56,14,0.56,0,60
17518,2,1,1.4094163,0.6,15,0.6,0,60
17519,2,1,1.0362148,0.64,16,0.64,0,60
17520,0,-1,-0.0,0.64,16,0.64,1,60
17521,2,1,-8.192292,0.68,17,0.68,0,60
17522,1,0,0.0,0.68,17,0.68,0,60
17523,2,1,-20.284922,0.72,18,0.72,0,60
17524,2,1,-32.467117,0.76,19,0.76,0,60
17525,0,-1,-0.0,0.76,19,0.76,0,60
17526,0,-1,32.224876,0.72,18,0.72,0,60
17527,0,-1,-0.0,0.72,18,0.72,0,60
17528,0,-1,20.223942,0.68,17,0.68,0,60
17529,0,-1,7.06175,0.64,16,0.64,0,60
17530,0,-1,0.8443551,0.6,15,0.6,1,60
17531,0,-1,-0.0,0.6,15,0.6,0,60
17532,1,0,0.0,0.6,15,0.6,0,60
17533,2,1,-0.5975275,0.64,16,0.64,0,60
17534,1,0,0.0,0.64,16,0.64,0,60
17535,2,1,-7.748194,0.68,17,0.68,0,60
17536,0,-1,7.496352,0.64,16,0.64,0,60
17537,1,0,0.0,0.64,16,0.64,0,60
17538,0,-1,-0.0,0.64,16,0.64,0,60
17539,0,-1,-0.0,0.64,16,0.64,0,60
17540,0,-1,-0.0,0.64,16,0.64,0,60
17541,0,-1,3.5132132,0.6,15,0.6,0,60
17542,0,-1,-2.4016898,0.56,14,0.56,0,60
17543,2,1,1.4857982,0.6,15,0.6,0,60
17544,0,-1,-1.4857982,0.56,14,0.56,0,60
17545,2,1,1.7410245,0.6,15,0.6,0,60
17546,0,-1,-0.0,0.6,15,0.6,0,60
17547,1,0,0.0,0.6,15,0.6,0,60
17548,1,0,0.0,0.6,15,0.6,0,60
17549,0,-1,-3.7742224,0.56,14,0.56,0,60
17550,2,1,5.016784,0.6,15,0.6,0,60
17551,1,0,0.0,0.6,15,0.6,1,60
17552,2,1,-2.8368704,0.64,16,0.64,0,60
17553,0,-1,-0.0,0.64,16,0.64,0,60
17554,0,-1,-0.87297386,0.6,15,0.6,0,60
17555,2,1,-2.5051184,0.64,16,0.64,0,60
17556,1,0,0.0,0.64,16,0.64,0,60
17557,0,-1,-0.0,0.64,16,0.64,0,60
17558,0,-1,2.8368704,0.6,15,0.6,0,60
17559,1,0,0.0,0.6,15,0.6,0,60
17560,1,0,0.0,0.6,15,0.6,0,60
17561,1,0,0.0,0.6,15,0.6,0,60
17562,0,-1,-1.7350491,0.56,14,0.56,0,60
17563,0,-1,-0.0,0.56,14,0.56,0,60
17564,0,-1,-7.8746257,0.52,13,0.52,0,60
17565,1,0,0.0,0.52,13,0.52,0,60
17566,2,1,4.3716245,0.56,14,0.56,0,60
17567,1,0,0.0,0.56,14,0.56,0,60
17568,2,1,3.2752311,0.6,15,0.6,0,60
17569,1,0,0.0,0.6,15,0.6,1,60
17570,0,-1,-3.30356,0.56,14,0.56,0,60
17571,0,-1,-0.0,0.56,14,0.56,0,60
17572,2,1,3.289815,0.6,15,0.6,0,60
17573,2,1,-0.19563062,0.64,16,0.64,0,60
17574,0,-1,-0.0,0.64,16,0.64,0,60
17575,0,-1,-0.0,0.64,16,0.64,0,60
17576,0,-1,0.19563062,0.6,15,0.6,0,60
17577,0,-1,-0.0,0.6,15,0.6,0,60
17578,2,1,0.8460893,0.64,16,0.64,0,60
17579,0,-1,4.340375,0.6,15,0.6,0,60
17580,0,-1,-0.0,0.6,15,0.6,0,60
17581,2,1,-0.5769154,0.64,16,0.64,0,60
17582,0,-1,-0.8460893,0.6,15,0.6,0,60
17583,0,-1,-0.0,0.6,15,0.6,0,60
17584,0,-1,-4.422308,0.56,14,0.56,0,60
17585,2,1,-1.7995301,0.6,15,0.6,0,60
17586,2,1,-1.2330208,0.64,16,0.64,0,60
17587,1,0,0.0,0.64,16,0.64,0,60
17588,0,-1,6.7987533,0.6,15,0.6,0,60
17589,1,0,0.0,0.6,15,0.6,0,60
17590,0,-1,-0.0,0.6,15,0.6,0,60
17591,1,0,0.0,0.6,15,0.6,0,60
17592,1,0,0.0,0.6,15,0.6,0,60
17593,2,1,-0.859437,0.64,16,0.64,0,60
17594,0,-1,1.7094083,0.6,15,0.6,0,60
17595,0,-1,-0.0,0.6,15,0.6,0,60
17596,2,1,-3.527504,0.64,16,0.64,0,60
17597,0,-1,-0.0,0.64,16,0.64,0,60
17598,0,-1,3.527504,0.6,15,0.6,1,60
17599,0,-1,-2.537028,0.56,14,0.56,0,60
17600,0,-1,-0.0,0.56,14,0.56,0,60
17601,1,0,0.0,0.56,14,0.56,0,60
17602,2,1,1.4577572,0.6,15,0.6,0,60
17603,0,-1,-0.0,0.6,15,0.6,0,60
17604,0,-1,-5.067156,0.56,14,0.56,0,60
17605,0,-1,-5.1875563,0.52,13,0.52,0,60
17606,0,-1,-10.250961,0.48,12,0.48,0,60
17607,0,-1,-12.919708,0.44,11,0.44,0,60
17608,2,1,10.508391,0.48,12,0.48,0,60
17609,0,-1,-0.0,0.48,12,0.48,0,60
17610,2,1,10.706873,0.52,13,0.52,0,60
17611,0,-1,-0.0,0.52,13,0.52,0,60
17612,1,0,0.0,0.52,13,0.52,0,60
17613,1,0,0.0,0.52,13,0.52,0,60
17614,2,1,8.511243,0.56,14,0.56,0,60
17615,0,-1,-0.0,0.56,14,0.56,0,60
17616,0,-1,-8.511243,0.52,13,0.52,0,60
17617,2,1,5.877725,0.56,14,0.56,0,60
17618,2,1,1.944509,0.6,15,0.6,0,60
17619,0,-1,-0.0,0.6,15,0.6,0,60
17620,2,1,0.9760295,0.64,16,0.64,0,60
17621,0,-1,-0.0,0.64,16,0.64,0,60
17622,0,-1,-0.0,0.64,16,0.64,0,60
17623,0,-1,2.8512971,0.6,15,0.6,0,60
17624,0,-1,-1.944509,0.56,14,0.56,0,60
17625,2,1,-0.28867337,0.6,15,0.6,0,60
17626,2,1,-0.55834574,0.64,16,0.64,0,60
17627,2,1,-7.353034,0.68,17,0.68,1,60
17628,2,1,-19.108982,0.72,18,0.72,0,60
17629,1,0,0.0,0.72,18,0.72,0,60
17630,1,0,0.0,0.72,18,0.72,0,60
17631,0,-1,21.985235,0.68,17,0.68,0,60
17632,0,-1,7.770919,0.64,16,0.64,0,60
17633,1,0,0.0,0.64,16,0.64,0,60
17634,1,0,0.0,0.64,16,0.64,0,60
17635,0,-1,-0.0,0.64,16,0.64,0,60
17636,1,0,0.0,0.64,16,0.64,0,60
17637,2,1,-10.603585,0.68,17,0.68,0,60
17638,0,-1,-0.0,0.68,17,0.68,0,60
17639,1,0,0.0,0.68,17,0.68,1,60
17640,0,-1,10.530623,0.64,16,0.64,0,60
17641,0,-1,-0.0,0.64,16,0.64,0,60
17642,0,-1,-0.0,0.64,16,0.64,0,60
17643,0,-1,0.54884815,0.6,15,0.6,0,60
17644,2,1,-0.8746395,0.64,16,0.64,0,60
17645,2,1,-9.958921,0.68,17,0.68,0,60
17646,1,0,0.0,0.68,17,0.68,0,60
17647,0,-1,7.285148,0.64,16,0.64,1,60
17648,0,-1,3.0654864,0.6,15,0.6,0,60
17649,2,1,0.0,0.0,0,0.0,0,60
17650,2,1,24.20528,0.2,5,0.2,0,61
17651,2,1,-8.557883,0.24,6,0.24,0,61
17652,2,1,-9.032244,0.28,7,0.28,0,61
17653,2,1,-9.6959095,0.32,8,0.32,0,61
17654,2,1,-10.560962,0.36,9,0.36,0,61
17655,1,0,0.0,0.36,9,0.36,0,61
17656,2,1,20.846403,0.4,10,0.4,0,61
17657,0,-1,-0.0,0.4,10,0.4,0,61
17658,2,1,-13.041592,0.44,11,0.44,0,61
17659,2,1,13.259169,0.48,12,0.48,0,61
17660,2,1,14.292836,0.52,13,0.52,0,61
17661,0,-1,-11.046335,0.48,12,0.48,0,61
17662,2,1,-16.99646,0.52,13,0.52,0,61
17663,2,1,-19.844027,0.56,14,0.56,0,61
17664,0,-1,19.844027,0.52,13,0.52,0,61
17665,2,1,8.657261,0.56,14,0.56,0,61
17666,2,1,7.710347,0.6,15,0.6,0,61
17667,0,-1,-0.0,0.6,15,0.6,0,61
17668,2,1,1.0772642,0.64,16,0.64,0,61
17669,0,-1,28.57305,0.6,15,0.6,0,61
17670,0,-1,23.573793,0.56,14,0.56,0,61
17671,2,1,-23.573793,0.6,15,0.6,0,61
17672,0,-1,-6.0764875,0.56,14,0.56,0,61
17673,2,1,4.923526,0.6,15,0.6,1,61
17674,2,1,-8.182721,0.64,16,0.64,0,61
17675,0,-1,0.035136137,0.6,15,0.6,0,61
17676,2,1,-0.26562816,0.64,16,0.64,0,61
17677,0,-1,-0.0,0.64,16,0.64,0,61
17678,1,0,0.0,0.64,16,0.64,0,61
17679,2,1,-5.8433414,0.68,17,0.68,0,61
17680,0,-1,-0.0,0.68,17,0.68,0,61
17681,0,-1,15.081546,0.64,16,0.64,0,61
17682,0,-1,28.572477,0.6,15,0.6,0,61
17683,2,1,-0.8219451,0.64,16,0.64,0,61
17684,0,-1,0.11593045,0.6,15,0.6,0,61
17685,0,-1,-1.3243306,0.56,14,0.56,0,61
17686,1,0,0.0,0.56,14,0.56,0,61
17687,0,-1,-0.0,0.56,14,0.56,0,61
17688,1,0,0.0,0.56,14,0.56,0,61
17689,2,1,5.958398,0.6,15,0.6,0,61
17690,0,-1,-1.4687068,0.56,14,0.56,0,61
17691,0,-1,5.266759,0.52,13,0.52,0,61
17692,1,0,0.0,0.52,13,0.52,0,61
17693,0,-1,-0.0,0.52,13,0.52,0,61
17694,2,1,7.5403514,0.56,14,0.56,0,61
17695,0,-1,-8.463394,0.52,13,0.52,0,61
17696,2,1,8.166973,0.56,14,0.56,0,61
17697,1,0,0.0,0.56,14,0.56,0,61
17698,2,1,2.9699829,0.6,15,0.6,0,61
17699,1,0,0.0,0.6,15,0.6,0,61
17700,2,1,-2.8059568,0.64,16,0.64,0,61
17701,2,1,-11.83221,0.68,17,0.68,1,61
17702,1,0,0.0,0.68,17,0.68,0,61
17703,0,-1,10.092392,0.64,16,0.64,0,61
17704,0,-1,2.0355227,0.6,15,0.6,0,61
17705,0,-1,-0.0,0.6,15,0.6,0,61
17706,0,-1,-0.0,0.6,15,0.6,0,61
17707,2,1,-4.438657,0.64,16,0.64,0,61
17708,0,-1,0.5663915,0.6,15,0.6,0,61
17709,1,0,0.0,0.6,15,0.6,0,61
17710,1,0,0.0,0.6,15,0.6,0,61
17711,0,-1,-0.0,0.6,15,0.6,0,61
17712,0,-1,-0.0,0.6,15,0.6,0,61
17713,2,1,-0.12116301,0.64,16,0.64,0,61
17714,0,-1,0.496176,0.6,15,0.6,0,61
17715,2,1,-1.1410002,0.64,16,0.64,0,61
17716,0,-1,-0.0,0.64,16,0.64,0,61
17717,2,1,-11.74014,0.68,17,0.68,0,61
17718,0,-1,8.0398245,0.64,16,0.64,0,61
17719,0,-1,4.438657,0.6,15,0.6,0,61
17720,0,-1,-0.15790807,0.56,14,0.56,0,61
17721,0,-1,-0.0,0.56,14,0.56,0,61
17722,0,-1,-3.793218,0.52,13,0.52,0,61
17723,0,-1,-8.768113,0.48,12,0.48,0,61
17724,0,-1,-14.804075,0.44,11,0.44,0,61
17725,2,1,13.22278,0.48,12,0.48,0,61
17726,0,-1,-0.0,0.48,12,0.48,0,61
17727,2,1,8.569383,0.52,13,0.52,1,61
17728,2,1,8.683579,0.56,14,0.56,0,61
17729,1,0,0.0,0.56,14,0.56,0,61
17730,1,0,0.0,0.56,14,0.56,0,61
17731,0,-1,-0.0,0.56,14,0.56,0,61
17732,1,0,0.0,0.56,14,0.56,0,61
17733,2,1,4.745794,0.6,15,0.6,0,61
17734,2,1,0.9406628,0.64,16,0.64,0,61
17735,2,1,-8.347048,0.68,17,0.68,0,61
17736,0,-1,6.9442673,0.64,16,0.64,0,61
17737,0,-1,-0.0,0.64,16,0.64,0,61
17738,0,-1,-0.0,0.64,16,0.64,0,61
17739,2,1,-9.269161,0.68,17,0.68,0,61
17740,2,1,-18.71278,0.72,18,0.72,0,61
17741,2,1,-34.65778,0.76,19,0.76,0,61
17742,0,-1,31.754164,0.72,18,0.72,0,61
17743,2,1,-36.912773,0.76,19,0.76,0,61
17744,0,-1,-0.0,0.76,19,0.76,0,61
17745,0,-1,36.912773,0.72,18,0.72,0,61
17746,2,1,-34.435806,0.76,19,0.76,0,61
17747,0,-1,33.556934,0.72,18,0.72,0,61
17748,0,-1,19.813627,0.68,17,0.68,0,61
17749,0,-1,-0.0,0.68,17,0.68,0,61
17750,1,0,0.0,0.68,17,0.68,0,61
17751,2,1,-18.11132,0.72,18,0.72,0,61
17752,1,0,0.0,0.72,18,0.72,0,61
17753,0,-1,19.790894,0.68,17,0.68,0,61
17754,0,-1,9.269161,0.64,16,0.64,0,61
17755,0,-1,-0.0,0.64,16,0.64,0,61
17756,0,-1,0.25342968,0.6,15,0.6,0,61
17757,0,-1,-0.0,0.6,15,0.6,1,61
17758,0,-1,-0.0,0.6,15,0.6,0,61
17759,0,-1,-3.6942806,0.56,14,0.56,0,61
17760,2,1,3.7183785,0.6,15,0.6,0,61
17761,0,-1,-0.0,0.6,15,0.6,0,61
17762,1,0,0.0,0.6,15,0.6,0,61
17763,2,1,-1.2150906,0.64,16,0.64,0,61
17764,0,-1,0.58471847,0.6,15,0.6,0,61
17765,1,0,0.0,0.6,15,0.6,0,61
17766,0,-1,-3.7183785,0.56,14,0.56,0,61
17767,2,1,4.85728,0.6,15,0.6,0,61
17768,2,1,-3.1175597,0.64,16,0.64,0,61
17769,2,1,-11.981329,0.68,17,0.68,0,61
17770,0,-1,-0.0,0.68,17,0.68,0,61
17771,0,-1,-0.0,0.68,17,0.68,0,61
17772,0,-1,-0.0,0.68,17,0.68,0,61
17773,0,-1,-0.0,0.68,17,0.68,0,61
17774,0,-1,-0.0,0.68,17,0.68,0,61
17775,0,-1,-0.0,0.68,17,0.68,0,61
17776,1,0,0.0,0.68,17,0.68,0,61
17777,0,-1,-0.0,0.68,17,0.68,0,61
17778,0,-1,-0.0,0.68,17,0.68,0,61
17779,2,1,-21.629168,0.72,18,0.72,1,61
17780,0,-1,-0.0,0.72,18,0.72,0,61
17781,0,-1,-0.0,0.72,18,0.72,0,61
17782,0,-1,16.925724,0.68,17,0.68,0,61
17783,0,-1,11.751702,0.64,16,0.64,0,61
17784,0,-1,-0.0,0.64,16,0.64,0,61
17785,0,-1,-0.0,0.64,16,0.64,0,61
17786,0,-1,-0.0,0.64,16,0.64,0,61
17787,1,0,0.0,0.64,16,0.64,0,61
17788,0,-1,2.820158,0.6,15,0.6,0,61
17789,0,-1,-4.1623693,0.56,14,0.56,0,61
17790,1,0,0.0,0.56,14,0.56,0,61
17791,2,1,-0.021850612,0.6,15,0.6,0,61
17792,2,1,-7.117698,0.64,16,0.64,0,61
17793,0,-1,-0.0,0.64,16,0.64,0,61
17794,1,0,0.0,0.64,16,0.64,0,61
17795,0,-1,0.6530509,0.6,15,0.6,0,61
17796,0,-1,-0.0,0.6,15,0.6,0,61
17797,0,-1,-0.0,0.6,15,0.6,0,61
17798,0,-1,-0.0,0.6,15,0.6,1,61
17799,0,-1,-0.5704604,0.56,14,0.56,0,61
17800,0,-1,-0.0,0.56,14,0.56,0,61
17801,2,1,4.246784,0.6,15,0.6,0,61
17802,1,0,0.0,0.6,15,0.6,1,61
17803,0,-1,-4.418069,0.56,14,0.56,0,61
17804,2,1,-4.0760326,0.6,15,0.6,0,61
17805,1,0,0.0,0.6,15,0.6,0,61
17806,0,-1,-6.0354443,0.56,14,0.56,0,61
17807,1,0,0.0,0.56,14,0.56,0,61
17808,0,-1,-0.0,0.56,14,0.56,0,61
17809,1,0,0.0,0.56,14,0.56,0,61
17810,1,0,0.0,0.56,14,0.56,0,61
17811,1,0,0.0,0.56,14,0.56,0,61
17812,0,-1,-0.0,0.56,14,0.56,0,61
17813,1,0,0.0,0.56,14,0.56,0,61
17814,2,1,4.846741,0.6,15,0.6,0,61
17815,0,-1,-0.0,0.6,15,0.6,0,61
17816,0,-1,4.0760326,0.56,14,0.56,1,61
17817,0,-1,-0.0,0.56,14,0.56,0,61
17818,0,-1,-0.0,0.56,14,0.56,0,61
17819,1,0,0.0,0.56,14,0.56,0,61
17820,2,1,4.958999,0.6,15,0.6,0,61
17821,0,-1,-0.0,0.6,15,0.6,0,61
17822,1,0,0.0,0.6,15,0.6,0,61
17823,0,-1,-0.0,0.6,15,0.6,0,61
17824,1,0,0.0,0.6,15,0.6,0,61
17825,0,-1,-0.0,0.6,15,0.6,0,61
17826,1,0,0.0,0.6,15,0.6,0,61
17827,0,-1,2.0340667,0.56,14,0.56,1,61
17828,1,0,0.0,0.56,14,0.56,0,61
17829,1,0,0.0,0.56,14,0.56,0,61
17830,0,-1,-8.692967,0.52,13,0.52,0,61
17831,1,0,0.0,0.52,13,0.52,0,61
17832,2,1,0.9581101,0.56,14,0.56,0,61
17833,2,1,0.33871356,0.6,15,0.6,0,61
17834,2,1,-1.2616086,0.64,16,0.64,1,61
17835,0,-1,4.870569,0.6,15,0.6,0,61
17836,0,-1,-0.9472738,0.56,14,0.56,0,61
17837,2,1,1.8216041,0.6,15,0.6,0,61
17838,0,-1,-0.0,0.6,15,0.6,0,61
17839,2,1,1.0292863,0.64,16,0.64,0,61
17840,2,1,-7.2318435,0.68,17,0.68,0,61
17841,0,-1,7.064385,0.64,16,0.64,0,61
17842,0,-1,7.3621817,0.6,15,0.6,0,61
17843,0,-1,-6.0285096,0.56,14,0.56,0,61
17844,1,0,0.0,0.56,14,0.56,0,61
17845,0,-1,-5.551403,0.52,13,0.52,0,61
17846,2,1,4.454654,0.56,14,0.56,0,61
17847,2,1,4.8334227,0.6,15,0.6,0,61
17848,0,-1,-4.8334227,0.56,14,0.56,0,61
17849,2,1,-2.5781586,0.6,15,0.6,0,61
17850,0,-1,-4.666204,0.56,14,0.56,0,61
17851,2,1,4.8334227,0.6,15,0.6,0,61
17852,0,-1,-0.0,0.6,15,0.6,0,61
17853,1,0,0.0,0.6,15,0.6,0,61
17854,1,0,0.0,0.6,15,0.6,0,61
17855,0,-1,-0.0,0.6,15,0.6,0,61
17856,1,0,0.0,0.6,15,0.6,1,61
17857,0,-1,1.9099464,0.56,14,0.56,0,61
17858,0,-1,-0.0,0.56,14,0.56,0,61
17859,2,1,-1.8752786,0.6,15,0.6,0,61
17860,0,-1,1.8752786,0.56,14,0.56,0,61
17861,1,0,0.0,0.56,14,0.56,0,61
17862,0,-1,-6.2354646,0.52,13,0.52,0,61
17863,0,-1,-12.382641,0.48,12,0.48,0,61
17864,2,1,8.794551,0.52,13,0.52,0,61
17865,0,-1,-7.3583016,0.48,12,0.48,0,61
17866,2,1,8.658617,0.52,13,0.52,0,61
17867,2,1,8.706901,0.56,14,0.56,0,61
17868,2,1,0.77847046,0.6,15,0.6,0,61
17869,2,1,1.0237242,0.64,16,0.64,0,61
17870,0,-1,-1.0237242,0.6,15,0.6,0,61
17871,0,-1,-2.0814114,0.56,14,0.56,0,61
17872,0,-1,-0.0,0.56,14,0.56,0,61
17873,0,-1,-4.5082693,0.52,13,0.52,0,61
17874,1,0,0.0,0.52,13,0.52,0,61
17875,2,1,9.132785,0.56,14,0.56,0,61
17876,2,1,2.9349525,0.6,15,0.6,0,61
17877,0,-1,-2.217345,0.56,14,0.56,0,61
17878,0,-1,-0.0,0.56,14,0.56,1,61
17879,1,0,0.0,0.56,14,0.56,0,61
17880,2,1,0.81670314,0.6,15,0.6,0,61
17881,2,1,1.0181475,0.64,16,0.64,0,61
17882,0,-1,0.18700072,0.6,15,0.6,0,61
17883,1,0,0.0,0.6,15,0.6,0,61
17884,2,1,-6.7122574,0.64,16,0.64,0,61
17885,1,0,0.0,0.64,16,0.64,0,61
17886,0,-1,-0.0,0.64,16,0.64,0,61
17887,0,-1,6.7122574,0.6,15,0.6,0,61
17888,0,-1,-0.0,0.6,15,0.6,0,61
17889,0,-1,-0.0,0.6,15,0.6,0,61
17890,2,1,-0.85565937,0.64,16,0.64,0,61
17891,1,0,0.0,0.64,16,0.64,0,61
17892,0,-1,0.85565937,0.6,15,0.6,0,61
17893,0,-1,-2.8363152,0.56,14,0.56,0,61
17894,0,-1,-0.0,0.56,14,0.56,0,61
17895,0,-1,-9.395103,0.52,13,0.52,0,61
17896,2,1,1.7842963,0.56,14,0.56,0,61
17897,0,-1,-4.546502,0.52,13,0.52,0,61
17898,1,0,0.0,0.52,13,0.52,0,61
17899,0,-1,-4.6317034,0.48,12,0.48,0,61
17900,2,1,9.061401,0.52,13,0.52,0,61
17901,2,1,6.92127,0.56,14,0.56,0,61
17902,2,1,2.1488001,0.6,15,0.6,0,61
17903,2,1,0.5756516,0.64,16,0.64,0,61
17904,0,-1,-0.0,0.64,16,0.64,0,61
17905,0,-1,-0.0,0.64,16,0.64,0,61
17906,2,1,-7.125289,0.68,17,0.68,0,61
17907,0,-1,7.125289,0.64,16,0.64,1,61
17908,2,1,-12.022024,0.68,17,0.68,0,61
17909,0,-1,12.022024,0.64,16,0.64,0,61
17910,0,-1,-0.76709044,0.6,15,0.6,0,61
17911,1,0,0.0,0.6,15,0.6,0,61
17912,2,1,-0.19839783,0.64,16,0.64,0,61
17913,0,-1,-0.0,0.64,16,0.64,0,61
17914,0,-1,1.7151594,0.6,15,0.6,0,61
17915,2,1,-1.9112082,0.64,16,0.64,0,61
17916,0,-1,-0.0,0.64,16,0.64,0,61
17917,0,-1,-0.0,0.64,16,0.64,0,61
17918,0,-1,1.9112082,0.6,15,0.6,0,61
17919,1,0,0.0,0.6,15,0.6,0,61
17920,2,1,-4.1236787,0.64,16,0.64,0,61
17921,0,-1,-0.0,0.64,16,0.64,0,61
17922,2,1,-7.7595277,0.68,17,0.68,0,61
17923,0,-1,-0.0,0.68,17,0.68,1,61
17924,0,-1,7.764584,0.64,16,0.64,0,61
17925,2,1,-7.7645855,0.68,17,0.68,0,61
17926,0,-1,10.799972,0.64,16,0.64,0,61
17927,1,0,0.0,0.64,16,0.64,0,61
17928,2,1,-9.949521,0.68,17,0.68,0,61
17929,0,-1,9.549107,0.64,16,0.64,0,61
17930,2,1,-11.976455,0.68,17,0.68,0,61
17931,0,-1,11.976455,0.64,16,0.64,0,61
17932,2,1,-8.219476,0.68,17,0.68,0,61
17933,0,-1,-0.0,0.68,17,0.68,0,61
17934,0,-1,8.219476,0.64,16,0.64,0,61
17935,0,-1,-0.0,0.64,16,0.64,0,61
17936,0,-1,0.20917799,0.6,15,0.6,0,61
17937,0,-1,-0.0,0.6,15,0.6,0,61
17938,0,-1,-0.0,0.6,15,0.6,0,61
17939,0,-1,-0.0,0.6,15,0.6,0,61
17940,0,-1,-0.0,0.6,15,0.6,0,61
17941,0,-1,-1.9485265,0.56,14,0.56,0,61
17942,0,-1,-6.2653418,0.52,13,0.52,0,61
17943,1,0,0.0,0.52,13,0.52,0,61
17944,2,1,5.881325,0.56,14,0.56,1,61
17945,2,1,-1.2490957,0.6,15,0.6,0,61
17946,0,-1,-2.1467028,0.56,14,0.56,1,61
17947,2,1,1.3944887,0.6,15,0.6,0,61
17948,2,1,-1.3401033,0.64,16,0.64,0,61
17949,0,-1,0.0,0.0,0,0.0,0,61
17950,2,1,-8.282061,0.2,5,0.2,0,62
17951,2,1,23.929375,0.24,6,0.24,0,62
17952,2,1,-9.032162,0.28,7,0.28,0,62
17953,2,1,21.588238,0.32,8,0.32,0,62
17954,2,1,-10.560936,0.36,9,0.36,0,62
17955,2,1,-11.659089,0.4,10,0.4,0,62
17956,1,0,0.0,0.4,10,0.4,0,62
17957,2,1,15.455728,0.44,11,0.44,0,62
17958,2,1,-14.783754,0.48,12,0.48,0,62
17959,2,1,12.653693,0.52,13,0.52,0,62
17960,2,1,7.9267793,0.56,14,0.56,0,62
17961,0,-1,19.843994,0.52,13,0.52,0,62
17962,0,-1,16.99646,0.48,12,0.48,0,62
17963,2,1,-16.99662,0.52,13,0.52,0,62
17964,2,1,-19.844027,0.56,14,0.56,0,62
17965,0,-1,-8.653325,0.52,13,0.52,0,62
17966,1,0,0.0,0.52,13,0.52,0,62
17967,2,1,5.9418406,0.56,14,0.56,0,62
17968,0,-1,19.844027,0.52,13,0.52,0,62
17969,1,0,0.0,0.52,13,0.52,0,62
17970,1,0,0.0,0.52,13,0.52,0,62
17971,0,-1,-0.0,0.52,13,0.52,0,62
17972,0,-1,16.99662,0.48,12,0.48,0,62
17973,2,1,6.6622896,0.52,13,0.52,0,62
17974,2,1,-19.844027,0.56,14,0.56,1,62
17975,1,0,0.0,0.56,14,0.56,0,62
17976,0,-1,19.843443,0.52,13,0.52,0,62
17977,1,0,0.0,0.52,13,0.52,0,62
17978,1,0,0.0,0.52,13,0.52,0,62
17979,0,-1,8.208919,0.48,12,0.48,0,62
17980,2,1,4.6042457,0.52,13,0.52,0,62
17981,2,1,5.742793,0.56,14,0.56,0,62
17982,2,1,8.934395,0.6,15,0.6,0,62
17983,0,-1,-0.0,0.6,15,0.6,0,62
17984,0,-1,-0.0,0.6,15,0.6,0,62
17985,0,-1,-0.0,0.6,15,0.6,0,62
17986,0,-1,8.798006,0.56,14,0.56,0,62
17987,0,-1,-1.7568386,0.52,13,0.52,1,62
17988,2,1,1.7544694,0.56,14,0.56,0,62
17989,0,-1,-0.0,0.56,14,0.56,0,62
17990,0,-1,-5.740203,0.52,13,0.52,0,62
17991,1,0,0.0,0.52,13,0.52,1,62
17992,2,1,8.188316,0.56,14,0.56,0,62
17993,1,0,0.0,0.56,14,0.56,0,62
17994,0,-1,-8.188316,0.52,13,0.52,0,62
17995,0,-1,-0.0,0.52,13,0.52,0,62
17996,2,1,7.480917,0.56,14,0.56,0,62
17997,0,-1,-12.668297,0.52,13,0.52,0,62
17998,2,1,5.738907,0.56,14,0.56,0,62
17999,2,1,-4.0678453,0.6,15,0.6,1,62
18000,2,1,-5.0192733,0.64,16,0.64,0,62
18001,0,-1,-0.0,0.64,16,0.64,0,62
18002,0,-1,1.2488775,0.6,15,0.6,0,62
18003,0,-1,0.020049939,0.56,14,0.56,0,62
18004,0,-1,-5.7382584,0.52,13,0.52,0,62
18005,1,0,0.0,0.52,13,0.52,0,62
18006,2,1,8.639597,0.56,14,0.56,0,62
18007,2,1,0.0,0.56,14,0.56,0,62
18008,0,-1,0.3386432,0.52,13,0.52,0,62
18009,2,1,5.7382584,0.56,14,0.56,0,62
18010,0,-1,-0.0,0.56,14,0.56,0,62
18011,2,1,-2.0251522,0.6,15,0.6,0,62
18012,0,-1,0.37036565,0.56,14,0.56,0,62
18013,0,-1,-1.7046468,0.52,13,0.52,0,62
18014,0,-1,-0.0,0.52,13,0.52,0,62
18015,2,1,3.60592,0.56,14,0.56,0,62
18016,0,-1,-8.639597,0.52,13,0.52,0,62
18017,2,1,1.7046468,0.56,14,0.56,1,62
18018,0,-1,-0.0,0.56,14,0.56,0,62
18019,1,0,0.0,0.56,14,0.56,0,62
18020,2,1,-4.11801,0.6,15,0.6,0,62
18021,2,1,-9.045117,0.64,16,0.64,0,62
18022,0,-1,5.1244364,0.6,15,0.6,0,62
18023,1,0,0.0,0.6,15,0.6,0,62
18024,2,1,-0.09193533,0.64,16,0.64,0,62
18025,0,-1,-0.0,0.64,16,0.64,1,62
18026,0,-1,2.9927106,0.6,15,0.6,0,62
18027,0,-1,-0.0,0.6,15,0.6,0,62
18028,0,-1,-0.0,0.6,15,0.6,0,62
18029,0,-1,-0.0,0.6,15,0.6,0,62
18030,0,-1,-0.0,0.6,15,0.6,0,62
18031,2,1,-2.9927106,0.64,16,0.64,0,62
18032,0,-1,-0.0,0.64,16,0.64,0,62
18033,0,-1,-0.0,0.64,16,0.64,0,62
18034,1,0,0.0,0.64,16,0.64,0,62
18035,0,-1,0.09318965,0.6,15,0.6,0,62
18036,0,-1,4.046484,0.56,14,0.56,0,62
18037,0,-1,-0.0,0.56,14,0.56,0,62
18038,0,-1,-5.736312,0.52,13,0.52,0,62
18039,1,0,0.0,0.52,13,0.52,0,62
18040,2,1,-3.8374143,0.56,14,0.56,0,62
18041,1,0,0.0,0.56,14,0.56,0,62
18042,0,-1,-0.0,0.56,14,0.56,0,62
18043,1,0,0.0,0.56,14,0.56,0,62
18044,1,0,0.0,0.56,14,0.56,0,62
18045,1,0,0.0,0.56,14,0.56,0,62
18046,0,-1,0.38882333,0.52,13,0.52,0,62
18047,1,0,0.0,0.52,13,0.52,1,62
18048,0,-1,-0.0,0.52,13,0.52,0,62
18049,0,-1,-4.549011,0.48,12,0.48,0,62
18050,2,1,10.323686,0.52,13,0.52,0,62
18051,0,-1,-0.0,0.52,13,0.52,0,62
18052,2,1,-0.3178658,0.56,14,0.56,0,62
18053,0,-1,-0.0,0.56,14,0.56,0,62
18054,0,-1,0.3178658,0.52,13,0.52,0,62
18055,2,1,3.8992019,0.56,14,0.56,0,62
18056,0,-1,2.5036814,0.52,13,0.52,0,62
18057,0,-1,-6.7466087,0.48,12,0.48,0,62
18058,2,1,15.516715,0.52,13,0.52,0,62
18059,2,1,11.455863,0.56,14,0.56,0,62
18060,1,0,0.0,0.56,14,0.56,0,62
18061,2,1,-2.028195,0.6,15,0.6,0,62
18062,0,-1,-0.0,0.6,15,0.6,0,62
18063,0,-1,-7.726064,0.56,14,0.56,0,62
18064,2,1,4.903515,0.6,15,0.6,0,62
18065,0,-1,-3.74648,0.56,14,0.56,1,62
18066,2,1,2.003914,0.6,15,0.6,0,62
18067,1,0,0.0,0.6,15,0.6,0,62
18068,1,0,0.0,0.6,15,0.6,0,62
18069,0,-1,-0.0,0.6,15,0.6,0,62
18070,0,-1,-8.940845,0.56,14,0.56,0,62
18071,2,1,8.939994,0.6,15,0.6,0,62
18072,0,-1,-0.0,0.6,15,0.6,0,62
18073,0,-1,2.0294132,0.56,14,0.56,0,62
18074,1,0,0.0,0.56,14,0.56,0,62
18075,0,-1,-0.0,0.56,14,0.56,0,62
18076,0,-1,-5.733713,0.52,13,0.52,0,62
18077,0,-1,-0.0,0.52,13,0.52,0,62
18078,2,1,6.9000525,0.56,14,0.56,0,62
18079,1,0,0.0,0.56,14,0.56,0,62
18080,0,-1,-0.0,0.56,14,0.56,0,62
18081,0,-1,-0.0,0.56,14,0.56,0,62
18082,0,-1,-12.669793,0.52,13,0.52,0,62
18083,0,-1,-4.595941,0.48,12,0.48,0,62
18084,2,1,8.5811205,0.52,13,0.52,0,62
18085,2,1,1.748534,0.56,14,0.56,0,62
18086,0,-1,-0.0,0.56,14,0.56,0,62
18087,2,1,-0.12855183,0.6,15,0.6,0,62
18088,1,0,0.0,0.6,15,0.6,0,62
18089,0,-1,-0.0,0.6,15,0.6,1,62
18090,0,-1,0.12988903,0.56,14,0.56,0,62
18091,0,-1,-1.7473447,0.52,13,0.52,0,62
18092,0,-1,-0.0,0.52,13,0.52,0,62
18093,1,0,0.0,0.52,13,0.52,0,62
18094,2,1,4.9764614,0.56,14,0.56,0,62
18095,1,0,0.0,0.56,14,0.56,0,62
18096,0,-1,-0.0,0.56,14,0.56,0,62
18097,1,0,0.0,0.56,14,0.56,0,62
18098,0,-1,-0.0,0.56,14,0.56,0,62
18099,0,-1,-0.0,0.56,14,0.56,0,62
18100,2,1,-0.23928693,0.6,15,0.6,0,62
18101,0,-1,-2.0026135,0.56,14,0.56,0,62
18102,1,0,0.0,0.56,14,0.56,0,62
18103,0,-1,-3.8028765,0.52,13,0.52,0,62
18104,2,1,-2.220251,0.56,14,0.56,0,62
18105,0,-1,-0.0,0.56,14,0.56,0,62
18106,2,1,0.90772766,0.6,15,0.6,0,62
18107,0,-1,5.95005,0.56,14,0.56,0,62
18108,2,1,-0.9126173,0.6,15,0.6,0,62
18109,0,-1,-0.0,0.6,15,0.6,1,62
18110,2,1,-4.83441,0.64,16,0.64,0,62
18111,2,1,-8.15777,0.68,17,0.68,0,62
18112,0,-1,-0.0,0.68,17,0.68,0,62
18113,0,-1,11.267103,0.64,16,0.64,0,62
18114,1,0,0.0,0.64,16,0.64,0,62
18115,0,-1,5.9158883,0.6,15,0.6,0,62
18116,0,-1,-0.0,0.6,15,0.6,0,62
18117,0,-1,-1.2427872,0.56,14,0.56,0,62
18118,0,-1,-3.894612,0.52,13,0.52,0,62
18119,1,0,0.0,0.52,13,0.52,0,62
18120,1,0,0.0,0.52,13,0.52,0,62
18121,2,1,4.972586,0.56,14,0.56,0,62
18122,0,-1,-5.9277763,0.52,13,0.52,0,62
18123,0,-1,-10.759428,0.48,12,0.48,0,62
18124,0,-1,-10.032826,0.44,11,0.44,0,62
18125,2,1,11.109285,0.48,12,0.48,0,62
18126,2,1,5.4909005,0.52,13,0.52,0,62
18127,1,0,0.0,0.52,13,0.52,0,62
18128,0,-1,-0.0,0.52,13,0.52,0,62
18129,0,-1,-0.0,0.52,13,0.52,0,62
18130,2,1,2.4562662,0.56,14,0.56,0,62
18131,2,1,-3.3044732,0.6,15,0.6,0,62
18132,1,0,0.0,0.6,15,0.6,1,62
18133,2,1,-3.2212787,0.64,16,0.64,0,62
18134,2,1,-2.9571333,0.68,17,0.68,0,62
18135,1,0,0.0,0.68,17,0.68,0,62
18136,0,-1,-0.0,0.68,17,0.68,0,62
18137,2,1,-22.139124,0.72,18,0.72,0,62
18138,0,-1,-0.0,0.72,18,0.72,0,62
18139,0,-1,25.084675,0.68,17,0.68,0,62
18140,1,0,0.0,0.68,17,0.68,0,62
18141,0,-1,9.582204,0.64,16,0.64,0,62
18142,2,1,-15.305048,0.68,17,0.68,0,62
18143,0,-1,-0.0,0.68,17,0.68,0,62
18144,0,-1,-0.0,0.68,17,0.68,0,62
18145,0,-1,2.9571333,0.64,16,0.64,0,62
18146,1,0,0.0,0.64,16,0.64,0,62
18147,1,0,0.0,0.64,16,0.64,0,62
18148,0,-1,-0.0,0.64,16,0.64,1,62
18149,0,-1,5.362027,0.6,15,0.6,0,62
18150,1,0,0.0,0.6,15,0.6,0,62
18151,0,-1,1.0907549,0.56,14,0.56,0,62
18152,0,-1,-0.0,0.56,14,0.56,0,62
18153,0,-1,-0.0,0.56,14,0.56,0,62
18154,0,-1,-0.0,0.56,14,0.56,0,62
18155,1,0,0.0,0.56,14,0.56,0,62
18156,0,-1,-0.0,0.56,14,0.56,0,62
18157,0,-1,-0.0,0.56,14,0.56,0,62
18158,2,1,8.940894,0.6,15,0.6,0,62
18159,0,-1,-0.0,0.6,15,0.6,0,62
18160,0,-1,-8.940894,0.56,14,0.56,0,62
18161,0,-1,-0.0,0.56,14,0.56,0,62
18162,1,0,0.0,0.56,14,0.56,0,62
18163,0,-1,-0.31979802,0.52,13,0.52,0,62
18164,2,1,3.3669946,0.56,14,0.56,0,62
18165,1,0,0.0,0.56,14,0.56,0,62
18166,1,0,0.0,0.56,14,0.56,0,62
18167,0,-1,-2.4512265,0.52,13,0.52,0,62
18168,1,0,0.0,0.52,13,0.52,0,62
18169,2,1,7.9095507,0.56,14,0.56,0,62
18170,1,0,0.0,0.56,14,0.56,1,62
18171,2,1,-0.24850203,0.6,15,0.6,0,62
18172,0,-1,-4.177278,0.56,14,0.56,0,62
18173,0,-1,-3.363972,0.52,13,0.52,0,62
18174,0,-1,-7.47087,0.48,12,0.48,0,62
18175,2,1,2.2538588,0.52,13,0.52,0,62
18176,2,1,7.9070773,0.56,14,0.56,0,62
18177,2,1,1.5233686,0.6,15,0.6,0,62
18178,0,-1,4.323347,0.56,14,0.56,0,62
18179,0,-1,-0.0,0.56,14,0.56,0,62
18180,2,1,8.940556,0.6,15,0.6,0,62
18181,2,1,-4.13305,0.64,16,0.64,0,62
18182,2,1,-4.167003,0.68,17,0.68,0,62
18183,0,-1,8.742564,0.64,16,0.64,0,62
18184,0,-1,0.11594368,0.6,15,0.6,0,62
18185,1,0,0.0,0.6,15,0.6,0,62
18186,2,1,-0.26562867,0.64,16,0.64,0,62
18187,1,0,0.0,0.64,16,0.64,0,62
18188,0,-1,5.2477255,0.6,15,0.6,1,62
18189,0,-1,-0.0,0.6,15,0.6,0,62
18190,0,-1,-1.8318338,0.56,14,0.56,0,62
18191,2,1,6.0095696,0.6,15,0.6,0,62
18192,0,-1,-0.0,0.6,15,0.6,0,62
18193,1,0,0.0,0.6,15,0.6,0,62
18194,1,0,0.0,0.6,15,0.6,0,62
18195,1,0,0.0,0.6,15,0.6,0,62
18196,0,-1,-4.750395,0.56,14,0.56,0,62
18197,2,1,-0.25420064,0.6,15,0.6,0,62
18198,0,-1,-0.0,0.6,15,0.6,0,62
18199,0,-1,-0.0,0.6,15,0.6,1,62
18200,0,-1,0.25705603,0.56,14,0.56,0,62
18201,0,-1,-5.2430553,0.52,13,0.52,0,62
18202,1,0,0.0,0.52,13,0.52,0,62
18203,2,1,0.37464625,0.56,14,0.56,0,62
18204,1,0,0.0,0.56,14,0.56,0,62
18205,0,-1,-0.0,0.56,14,0.56,0,62
18206,0,-1,-5.4945393,0.52,13,0.52,0,62
18207,2,1,7.7177744,0.56,14,0.56,0,62
18208,2,1,1.7988169,0.6,15,0.6,0,62
18209,0,-1,-1.7988169,0.56,14,0.56,0,62
18210,0,-1,-0.37464625,0.52,13,0.52,0,62
18211,2,1,5.716737,0.56,14,0.56,0,62
18212,2,1,2.1861792,0.6,15,0.6,0,62
18213,1,0,0.0,0.6,15,0.6,0,62
18214,2,1,-3.2004066,0.64,16,0.64,0,62
18215,2,1,-11.839476,0.68,17,0.68,0,62
18216,0,-1,9.91111,0.64,16,0.64,0,62
18217,0,-1,-0.0,0.64,16,0.64,0,62
18218,0,-1,-0.0,0.64,16,0.64,0,62
18219,0,-1,-0.0,0.64,16,0.64,0,62
18220,0,-1,-0.0,0.64,16,0.64,1,62
18221,0,-1,-0.0,0.64,16,0.64,0,62
18222,0,-1,-0.0,0.64,16,0.64,0,62
18223,0,-1,4.94308,0.6,15,0.6,0,62
18224,1,0,0.0,0.6,15,0.6,0,62
18225,0,-1,-3.7215445,0.56,14,0.56,0,62
18226,1,0,0.0,0.56,14,0.56,0,62
18227,2,1,4.862534,0.6,15,0.6,0,62
18228,2,1,-4.8482447,0.64,16,0.64,0,62
18229,2,1,-10.054369,0.68,17,0.68,0,62
18230,0,-1,-0.0,0.68,17,0.68,0,62
18231,0,-1,-0.0,0.68,17,0.68,0,62
18232,0,-1,11.747069,0.64,16,0.64,0,62
18233,0,-1,3.1555448,0.6,15,0.6,0,62
18234,1,0,0.0,0.6,15,0.6,0,62
18235,0,-1,-0.0,0.6,15,0.6,0,62
18236,2,1,-1.2956663,0.64,16,0.64,0,62
18237,1,0,0.0,0.64,16,0.64,0,62
18238,1,0,0.0,0.64,16,0.64,0,62
18239,1,0,0.0,0.64,16,0.64,0,62
18240,0,-1,1.2956663,0.6,15,0.6,0,62
18241,1,0,0.0,0.6,15,0.6,0,62
18242,0,-1,-0.0,0.6,15,0.6,0,62
18243,0,-1,-0.0,0.6,15,0.6,0,62
18244,1,0,0.0,0.6,15,0.6,0,62
18245,0,-1,-0.0,0.6,15,0.6,0,62
18246,0,-1,-4.2570834,0.56,14,0.56,0,62
18247,1,0,0.0,0.56,14,0.56,0,62
18248,2,1,1.8436786,0.6,15,0.6,1,62
18249,0,-1,0.0,0.0,0,0.0,0,62
18250,2,1,24.20528,0.2,5,0.2,0,63
18251,2,1,19.698532,0.24,6,0.24,0,63
18252,2,1,-9.032244,0.28,7,0.28,0,63
18253,2,1,16.308062,0.32,8,0.32,0,63
18254,2,1,-10.560293,0.36,9,0.36,0,63
18255,2,1,-11.659089,0.4,10,0.4,0,63
18256,2,1,18.242548,0.44,11,0.44,0,63
18257,2,1,-14.783786,0.48,12,0.48,0,63
18258,2,1,7.242152,0.52,13,0.52,0,63
18259,1,0,0.0,0.52,13,0.52,0,63
18260,2,1,8.653325,0.56,14,0.56,1,63
18261,2,1,0.6576395,0.6,15,0.6,0,63
18262,2,1,3.940286,0.64,16,0.64,0,63
18263,0,-1,4.3415837,0.6,15,0.6,0,63
18264,0,-1,-0.0,0.6,15,0.6,0,63
18265,0,-1,-0.5928436,0.56,14,0.56,0,63
18266,1,0,0.0,0.56,14,0.56,0,63
18267,2,1,6.0656276,0.6,15,0.6,0,63
18268,2,1,-1.9812933,0.64,16,0.64,0,63
18269,0,-1,20.990158,0.6,15,0.6,0,63
18270,1,0,0.0,0.6,15,0.6,0,63
18271,0,-1,15.990935,0.56,14,0.56,0,63
18272,0,-1,-6.120066,0.52,13,0.52,0,63
18273,2,1,3.0101852,0.56,14,0.56,0,63
18274,0,-1,-6.747729,0.52,13,0.52,0,63
18275,2,1,6.9021616,0.56,14,0.56,0,63
18276,0,-1,-0.0,0.56,14,0.56,0,63
18277,1,0,0.0,0.56,14,0.56,0,63
18278,2,1,4.440843,0.6,15,0.6,0,63
18279,0,-1,-4.440843,0.56,14,0.56,0,63
18280,0,-1,-8.445718,0.52,13,0.52,1,63
18281,1,0,0.0,0.52,13,0.52,0,63
18282,2,1,4.964833,0.56,14,0.56,0,63
18283,1,0,0.0,0.56,14,0.56,0,63
18284,0,-1,3.820388,0.52,13,0.52,0,63
18285,2,1,4.067077,0.56,14,0.56,0,63
18286,1,0,0.0,0.56,14,0.56,0,63
18287,1,0,0.0,0.56,14,0.56,0,63
18288,0,-1,-4.067077,0.52,13,0.52,0,63
18289,2,1,2.8050096,0.56,14,0.56,0,63
18290,0,-1,-5.231482,0.52,13,0.52,0,63
18291,0,-1,-0.0,0.52,13,0.52,0,63
18292,2,1,2.9610903,0.56,14,0.56,0,63
18293,1,0,0.0,0.56,14,0.56,0,63
18294,0,-1,-2.8050096,0.52,13,0.52,0,63
18295,2,1,7.463857,0.56,14,0.56,0,63
18296,0,-1,-0.0,0.56,14,0.56,0,63
18297,2,1,1.5233792,0.6,15,0.6,0,63
18298,1,0,0.0,0.6,15,0.6,0,63
18299,1,0,0.0,0.6,15,0.6,0,63
18300,0,-1,-1.5233792,0.56,14,0.56,0,63
18301,1,0,0.0,0.56,14,0.56,0,63
18302,2,1,1.7735542,0.6,15,0.6,0,63
18303,1,0,0.0,0.6,15,0.6,1,63
18304,0,-1,-1.770621,0.56,14,0.56,0,63
18305,1,0,0.0,0.56,14,0.56,0,63
18306,2,1,4.1748013,0.6,15,0.6,0,63
18307,0,-1,-0.0,0.6,15,0.6,0,63
18308,0,-1,-2.0964158,0.56,14,0.56,1,63
18309,0,-1,-12.683846,0.52,13,0.52,0,63
18310,2,1,5.7193584,0.56,14,0.56,0,63
18311,0,-1,-5.7193584,0.52,13,0.52,0,63
18312,0,-1,-10.305023,0.48,12,0.48,0,63
18313,2,1,11.319295,0.52,13,0.52,0,63
18314,0,-1,-5.800997,0.48,12,0.48,0,63
18315,2,1,8.765751,0.52,13,0.52,0,63
18316,2,1,2.953589,0.56,14,0.56,0,63
18317,1,0,0.0,0.56,14,0.56,0,63
18318,0,-1,-0.0,0.56,14,0.56,0,63
18319,2,1,-0.9329847,0.6,15,0.6,0,63
18320,0,-1,-0.0,0.6,15,0.6,0,63
18321,0,-1,0.9329847,0.56,14,0.56,0,63
18322,1,0,0.0,0.56,14,0.56,0,63
18323,2,1,-2.893735,0.6,15,0.6,0,63
18324,2,1,-1.2714065,0.64,16,0.64,1,63
18325,0,-1,1.2729701,0.6,15,0.6,0,63
18326,0,-1,2.8956523,0.56,14,0.56,0,63
18327,0,-1,-0.0,0.56,14,0.56,0,63
18328,2,1,1.9882493,0.6,15,0.6,0,63
18329,2,1,-1.2729701,0.64,16,0.64,0,63
18330,0,-1,3.0109742,0.6,15,0.6,0,63
18331,0,-1,-0.0,0.6,15,0.6,0,63
18332,0,-1,-0.0,0.6,15,0.6,0,63
18333,1,0,0.0,0.6,15,0.6,0,63
18334,2,1,3.9399073,0.64,16,0.64,0,63
18335,0,-1,0.25282082,0.6,15,0.6,0,63
18336,0,-1,-0.0,0.6,15,0.6,1,63
18337,1,0,0.0,0.6,15,0.6,0,63
18338,0,-1,-3.7231224,0.56,14,0.56,0,63
18339,1,0,0.0,0.56,14,0.56,0,63
18340,0,-1,-0.0,0.56,14,0.56,0,63
18341,2,1,7.7253323,0.6,15,0.6,0,63
18342,1,0,0.0,0.6,15,0.6,0,63
18343,2,1,1.0666223,0.64,16,0.64,0,63
18344,0,-1,-0.0,0.64,16,0.64,1,63
18345,0,-1,2.8165977,0.6,15,0.6,0,63
18346,1,0,0.0,0.6,15,0.6,0,63
18347,2,1,-0.8796019,0.64,16,0.64,0,63
18348,0,-1,0.8796019,0.6,15,0.6,0,63
18349,2,1,-1.2792372,0.64,16,0.64,0,63
18350,1,0,0.0,0.64,16,0.64,0,63
18351,1,0,0.0,0.64,16,0.64,0,63
18352,1,0,0.0,0.64,16,0.64,0,63
18353,0,-1,1.2792372,0.6,15,0.6,0,63
18354,2,1,-1.2792372,0.64,16,0.64,0,63
18355,0,-1,-0.0,0.64,16,0.64,0,63
18356,0,-1,1.2792372,0.6,15,0.6,0,63
18357,0,-1,0.7856193,0.56,14,0.56,0,63
18358,2,1,-3.4228222,0.6,15,0.6,0,63
18359,1,0,0.0,0.6,15,0.6,0,63
18360,0,-1,-0.0,0.6,15,0.6,0,63
18361,0,-1,-4.1661077,0.56,14,0.56,0,63
18362,2,1,3.7199862,0.6,15,0.6,0,63
18363,1,0,0.0,0.6,15,0.6,0,63
18364,1,0,0.0,0.6,15,0.6,0,63
18365,1,0,0.0,0.6,15,0.6,1,63
18366,1,0,0.0,0.6,15,0.6,0,63
18367,0,-1,-0.0,0.6,15,0.6,0,63
18368,0,-1,-6.356835,0.56,14,0.56,0,63
18369,2,1,4.161122,0.6,15,0.6,0,63
18370,2,1,0.89704293,0.64,16,0.64,0,63
18371,0,-1,-0.0,0.64,16,0.64,0,63
18372,0,-1,-0.0,0.64,16,0.64,0,63
18373,2,1,-12.6912365,0.68,17,0.68,0,63
18374,2,1,-19.599953,0.72,18,0.72,0,63
18375,1,0,0.0,0.72,18,0.72,0,63
18376,1,0,0.0,0.72,18,0.72,0,63
18377,0,-1,-0.0,0.72,18,0.72,0,63
18378,0,-1,22.571018,0.68,17,0.68,0,63
18379,0,-1,-0.0,0.68,17,0.68,0,63
18380,2,1,-19.800095,0.72,18,0.72,0,63
18381,0,-1,19.800095,0.68,17,0.68,0,63
18382,0,-1,-0.0,0.68,17,0.68,0,63
18383,0,-1,8.184349,0.64,16,0.64,0,63
18384,0,-1,7.123519,0.6,15,0.6,0,63
18385,0,-1,-0.0,0.6,15,0.6,0,63
18386,1,0,0.0,0.6,15,0.6,0,63
18387,0,-1,-0.0,0.6,15,0.6,0,63
18388,2,1,-0.017758455,0.64,16,0.64,0,63
18389,1,0,0.0,0.64,16,0.64,0,63
18390,0,-1,-0.0,0.64,16,0.64,0,63
18391,0,-1,-0.0,0.64,16,0.64,0,63
18392,0,-1,-0.0,0.64,16,0.64,0,63
18393,2,1,-8.184349,0.68,17,0.68,0,63
18394,0,-1,9.72017,0.64,16,0.64,0,63
18395,2,1,-8.260125,0.68,17,0.68,1,63
18396,2,1,-18.587116,0.72,18,0.72,0,63
18397,0,-1,18.116339,0.68,17,0.68,0,63
18398,2,1,-22.578619,0.72,18,0.72,0,63
18399,0,-1,-0.0,0.72,18,0.72,0,63
18400,0,-1,22.578619,0.68,17,0.68,0,63
18401,0,-1,7.7419243,0.64,16,0.64,0,63
18402,1,0,0.0,0.64,16,0.64,0,63
18403,0,-1,-0.0,0.64,16,0.64,0,63
18404,2,1,-9.502848,0.68,17,0.68,0,63
18405,2,1,-17.347572,0.72,18,0.72,0,63
18406,0,-1,-0.0,0.72,18,0.72,0,63
18407,0,-1,-0.0,0.72,18,0.72,0,63
18408,0,-1,18.587116,0.68,17,0.68,0,63
18409,0,-1,8.190658,0.64,16,0.64,0,63
18410,1,0,0.0,0.64,16,0.64,0,63
18411,2,1,-9.1421585,0.68,17,0.68,0,63
18412,0,-1,9.502848,0.64,16,0.64,0,63
18413,0,-1,0.009086436,0.6,15,0.6,0,63
18414,0,-1,-2.7558894,0.56,14,0.56,0,63
18415,0,-1,-0.0,0.56,14,0.56,0,63
18416,2,1,4.1561236,0.6,15,0.6,0,63
18417,0,-1,-0.0,0.6,15,0.6,0,63
18418,2,1,-3.0267673,0.64,16,0.64,0,63
18419,0,-1,-0.0,0.64,16,0.64,0,63
18420,1,0,0.0,0.64,16,0.64,0,63
18421,1,0,0.0,0.64,16,0.64,0,63
18422,0,-1,-0.0,0.64,16,0.64,1,63
18423,1,0,0.0,0.64,16,0.64,0,63
18424,2,1,-8.261122,0.68,17,0.68,0,63
18425,2,1,-20.07781,0.72,18,0.72,0,63
18426,0,-1,-0.0,0.72,18,0.72,0,63
18427,0,-1,-0.0,0.72,18,0.72,0,63
18428,0,-1,20.07781,0.68,17,0.68,0,63
18429,1,0,0.0,0.68,17,0.68,0,63
18430,0,-1,6.5034676,0.64,16,0.64,0,63
18431,0,-1,-0.0,0.64,16,0.64,0,63
18432,0,-1,3.8054802,0.6,15,0.6,0,63
18433,0,-1,-0.0,0.6,15,0.6,0,63
18434,2,1,-0.23654416,0.64,16,0.64,0,63
18435,0,-1,3.0320604,0.6,15,0.6,0,63
18436,1,0,0.0,0.6,15,0.6,0,63
18437,1,0,0.0,0.6,15,0.6,0,63
18438,0,-1,-0.0,0.6,15,0.6,0,63
18439,0,-1,-0.0,0.6,15,0.6,0,63
18440,1,0,0.0,0.6,15,0.6,0,63
18441,0,-1,-4.151112,0.56,14,0.56,0,63
18442,0,-1,-0.0,0.56,14,0.56,0,63
18443,0,-1,-8.492478,0.52,13,0.52,0,63
18444,2,1,6.250866,0.56,14,0.56,0,63
18445,1,0,0.0,0.56,14,0.56,0,63
18446,2,1,4.460063,0.6,15,0.6,0,63
18447,0,-1,-4.460063,0.56,14,0.56,0,63
18448,0,-1,-6.8401513,0.52,13,0.52,0,63
18449,2,1,8.709558,0.56,14,0.56,0,63
18450,0,-1,-0.0,0.56,14,0.56,1,63
18451,2,1,4.470635,0.6,15,0.6,0,63
18452,2,1,-0.85817283,0.64,16,0.64,0,63
18453,0,-1,1.158907,0.6,15,0.6,0,63
18454,0,-1,-4.9969664,0.56,14,0.56,0,63
18455,0,-1,-6.931798,0.52,13,0.52,0,63
18456,2,1,8.505854,0.56,14,0.56,0,63
18457,0,-1,-0.0,0.56,14,0.56,0,63
18458,2,1,3.0928028,0.6,15,0.6,0,63
18459,0,-1,-4.7760544,0.56,14,0.56,0,63
18460,2,1,2.6913407,0.6,15,0.6,0,63
18461,1,0,0.0,0.6,15,0.6,0,63
18462,1,0,0.0,0.6,15,0.6,0,63
18463,1,0,0.0,0.6,15,0.6,0,63
18464,1,0,0.0,0.6,15,0.6,0,63
18465,1,0,0.0,0.6,15,0.6,0,63
18466,0,-1,-0.0,0.6,15,0.6,0,63
18467,0,-1,-0.0,0.6,15,0.6,0,63
18468,0,-1,-0.0,0.6,15,0.6,0,63
18469,0,-1,-4.1410503,0.56,14,0.56,0,63
18470,0,-1,-0.0,0.56,14,0.56,0,63
18471,2,1,3.6883333,0.6,15,0.6,0,63
18472,0,-1,-0.0,0.6,15,0.6,0,63
18473,0,-1,-0.0,0.6,15,0.6,0,63
18474,0,-1,-2.6913407,0.56,14,0.56,0,63
18475,2,1,0.82361966,0.6,15,0.6,0,63
18476,1,0,0.0,0.6,15,0.6,0,63
18477,0,-1,-0.0,0.6,15,0.6,0,63
18478,2,1,-2.8117354,0.64,16,0.64,0,63
18479,2,1,-6.3292046,0.68,17,0.68,0,63
18480,0,-1,7.4274125,0.64,16,0.64,1,63
18481,2,1,-6.9008665,0.68,17,0.68,0,63
18482,1,0,0.0,0.68,17,0.68,0,63
18483,0,-1,9.727065,0.64,16,0.64,1,63
18484,1,0,0.0,0.64,16,0.64,0,63
18485,0,-1,-0.9854433,0.6,15,0.6,0,63
18486,0,-1,-5.0104656,0.56,14,0.56,0,63
18487,2,1,2.1519508,0.6,15,0.6,0,63
18488,0,-1,-3.675531,0.56,14,0.56,0,63
18489,0,-1,-0.0,0.56,14,0.56,0,63
18490,0,-1,-0.0,0.56,14,0.56,0,63
18491,2,1,3.6755266,0.6,15,0.6,0,63
18492,2,1,-3.5387204,0.64,16,0.64,1,63
18493,2,1,-8.271785,0.68,17,0.68,0,63
18494,0,-1,-0.0,0.68,17,0.68,0,63
18495,2,1,-17.65197,0.72,18,0.72,0,63
18496,0,-1,19.643198,0.68,17,0.68,0,63
18497,0,-1,10.4444275,0.64,16,0.64,1,63
18498,0,-1,-0.0,0.64,16,0.64,0,63
18499,0,-1,-0.0,0.64,16,0.64,0,63
18500,2,1,-9.962953,0.68,17,0.68,0,63
18501,0,-1,-0.0,0.68,17,0.68,0,63
18502,0,-1,-0.0,0.68,17,0.68,0,63
18503,1,0,0.0,0.68,17,0.68,0,63
18504,0,-1,-0.0,0.68,17,0.68,0,63
18505,0,-1,-0.0,0.68,17,0.68,0,63
18506,0,-1,8.235405,0.64,16,0.64,0,63
18507,1,0,0.0,0.64,16,0.64,0,63
18508,0,-1,1.1779965,0.6,15,0.6,0,63
18509,2,1,0.034516733,0.64,16,0.64,0,63
18510,1,0,0.0,0.64,16,0.64,0,63
18511,1,0,0.0,0.64,16,0.64,1,63
18512,1,0,0.0,0.64,16,0.64,0,63
18513,0,-1,-0.0,0.64,16,0.64,0,63
18514,2,1,-8.241891,0.68,17,0.68,0,63
18515,0,-1,6.832161,0.64,16,0.64,0,63
18516,0,-1,-0.0,0.64,16,0.64,0,63
18517,0,-1,1.3430665,0.6,15,0.6,0,63
18518,0,-1,-0.0,0.6,15,0.6,0,63
18519,1,0,0.0,0.6,15,0.6,0,63
18520,0,-1,-1.9297022,0.56,14,0.56,0,63
18521,2,1,2.0975947,0.6,15,0.6,0,63
18522,0,-1,-0.0,0.6,15,0.6,0,63
18523,0,-1,-7.239017,0.56,14,0.56,0,63
18524,2,1,3.401332,0.6,15,0.6,1,63
18525,1,0,0.0,0.6,15,0.6,0,63
18526,0,-1,-8.303614,0.56,14,0.56,0,63
18527,2,1,1.1288705,0.6,15,0.6,0,63
18528,2,1,-3.074935,0.64,16,0.64,0,63
18529,0,-1,-0.0,0.64,16,0.64,0,63
18530,0,-1,3.870353,0.6,15,0.6,0,63
18531,0,-1,-8.994034,0.56,14,0.56,0,63
18532,1,0,0.0,0.56,14,0.56,0,63
18533,2,1,0.31258336,0.6,15,0.6,0,63
18534,2,1,-6.409293,0.64,16,0.64,0,63
18535,0,-1,4.68664,0.6,15,0.6,0,63
18536,0,-1,-2.0801694,0.56,14,0.56,0,63
18537,2,1,-0.15899526,0.6,15,0.6,0,63
18538,2,1,-1.3495672,0.64,16,0.64,0,63
18539,0,-1,6.409293,0.6,15,0.6,0,63
18540,1,0,0.0,0.6,15,0.6,0,63
18541,0,-1,0.15899526,0.56,14,0.56,0,63
18542,1,0,0.0,0.56,14,0.56,0,63
18543,1,0,0.0,0.56,14,0.56,1,63
18544,1,0,0.0,0.56,14,0.56,0,63
18545,2,1,8.9039135,0.6,15,0.6,0,63
18546,1,0,0.0,0.6,15,0.6,0,63
18547,1,0,0.0,0.6,15,0.6,0,63
18548,1,0,0.0,0.6,15,0.6,0,63
18549,2,1,0.0,0.0,0,0.0,0,63
18550,2,1,-8.282061,0.2,5,0.2,0,64
18551,2,1,23.929375,0.24,6,0.24,0,64
18552,2,1,19.224253,0.28,7,0.28,0,64
18553,2,1,21.588238,0.32,8,0.32,0,64
18554,2,1,17.93639,0.36,9,0.36,0,64
18555,2,1,14.90205,0.4,10,0.4,0,64
18556,2,1,12.226148,0.44,11,0.44,0,64
18557,0,-1,-12.226148,0.4,10,0.4,0,64
18558,2,1,13.721282,0.44,11,0.44,0,64
18559,0,-1,-13.519675,0.4,10,0.4,0,64
18560,2,1,-13.0409565,0.44,11,0.44,0,64
18561,2,1,-14.783627,0.48,12,0.48,0,64
18562,0,-1,14.783118,0.44,11,0.44,0,64
18563,2,1,17.721865,0.48,12,0.48,0,64
18564,0,-1,-0.0,0.48,12,0.48,0,64
18565,1,0,0.0,0.48,12,0.48,0,64
18566,2,1,7.843156,0.52,13,0.52,0,64
18567,1,0,0.0,0.52,13,0.52,0,64
18568,1,0,0.0,0.52,13,0.52,1,64
18569,2,1,2.8292863,0.56,14,0.56,0,64
18570,2,1,2.4098616,0.6,15,0.6,0,64
18571,0,-1,-0.0,0.6,15,0.6,1,64
18572,2,1,-4.0822177,0.64,16,0.64,0,64
18573,0,-1,-0.0,0.64,16,0.64,0,64
18574,0,-1,16.920828,0.6,15,0.6,0,64
18575,2,1,-1.9872016,0.64,16,0.64,0,64
18576,0,-1,1.9872016,0.6,15,0.6,0,64
18577,0,-1,-0.9170058,0.56,14,0.56,0,64
18578,2,1,7.721381,0.6,15,0.6,0,64
18579,0,-1,-0.0,0.6,15,0.6,0,64
18580,1,0,0.0,0.6,15,0.6,0,64
18581,1,0,0.0,0.6,15,0.6,0,64
18582,0,-1,0.9045341,0.56,14,0.56,0,64
18583,0,-1,-0.0,0.56,14,0.56,0,64
18584,2,1,0.9170058,0.6,15,0.6,0,64
18585,0,-1,-0.0,0.6,15,0.6,0,64
18586,0,-1,-0.0,0.6,15,0.6,0,64
18587,1,0,0.0,0.6,15,0.6,0,64
18588,2,1,-5.7493086,0.64,16,0.64,0,64
18589,0,-1,4.0822177,0.6,15,0.6,0,64
18590,0,-1,-0.0,0.6,15,0.6,0,64
18591,1,0,0.0,0.6,15,0.6,0,64
18592,0,-1,0.750085,0.56,14,0.56,0,64
18593,2,1,0.65257215,0.6,15,0.6,0,64
18594,2,1,-2.6592667,0.64,16,0.64,0,64
18595,1,0,0.0,0.64,16,0.64,0,64
18596,0,-1,4.346651,0.6,15,0.6,0,64
18597,1,0,0.0,0.6,15,0.6,0,64
18598,2,1,1.069125,0.64,16,0.64,1,64
18599,0,-1,9.841348,0.6,15,0.6,0,64
18600,0,-1,-6.0629034,0.56,14,0.56,0,64
18601,2,1,-0.05872453,0.6,15,0.6,0,64
18602,0,-1,-0.0,0.6,15,0.6,0,64
18603,0,-1,-0.0,0.6,15,0.6,0,64
18604,0,-1,-1.2466903,0.56,14,0.56,0,64
18605,2,1,1.2466903,0.6,15,0.6,0,64
18606,0,-1,-1.2466903,0.56,14,0.56,0,64
18607,2,1,-2.3128796,0.6,15,0.6,0,64
18608,0,-1,-3.1681595,0.56,14,0.56,0,64
18609,0,-1,-0.0,0.56,14,0.56,0,64
18610,1,0,0.0,0.56,14,0.56,0,64
18611,2,1,4.94464,0.6,15,0.6,0,64
18612,0,-1,-0.0,0.6,15,0.6,0,64
18613,2,1,-5.575329,0.64,16,0.64,0,64
18614,0,-1,5.575329,0.6,15,0.6,0,64
18615,0,-1,-2.380716,0.56,14,0.56,0,64
18616,0,-1,-0.0,0.56,14,0.56,0,64
18617,2,1,0.49066103,0.6,15,0.6,0,64
18618,2,1,-1.7854973,0.64,16,0.64,0,64
18619,1,0,0.0,0.64,16,0.64,0,64
18620,0,-1,-0.0,0.64,16,0.64,1,64
18621,0,-1,7.3215246,0.6,15,0.6,0,64
18622,0,-1,-0.0,0.6,15,0.6,0,64
18623,0,-1,-0.48477504,0.56,14,0.56,1,64
18624,1,0,0.0,0.56,14,0.56,0,64
18625,1,0,0.0,0.56,14,0.56,0,64
18626,2,1,6.0547066,0.6,15,0.6,0,64
18627,2,1,0.9705017,0.64,16,0.64,0,64
18628,2,1,-8.214868,0.68,17,0.68,0,64
18629,0,-1,7.1501827,0.64,16,0.64,0,64
18630,0,-1,-0.0,0.64,16,0.64,0,64
18631,2,1,-10.941824,0.68,17,0.68,0,64
18632,2,1,-20.604094,0.72,18,0.72,0,64
18633,0,-1,21.861313,0.68,17,0.68,0,64
18634,0,-1,10.941824,0.64,16,0.64,0,64
18635,0,-1,3.825487,0.6,15,0.6,0,64
18636,2,1,-0.821945,0.64,16,0.64,0,64
18637,0,-1,-0.0,0.64,16,0.64,0,64
18638,0,-1,-0.0,0.64,16,0.64,0,64
18639,2,1,-9.903256,0.68,17,0.68,0,64
18640,0,-1,-0.0,0.68,17,0.68,0,64
18641,1,0,0.0,0.68,17,0.68,0,64
18642,0,-1,8.681939,0.64,16,0.64,0,64
18643,1,0,0.0,0.64,16,0.64,1,64
18644,0,-1,0.032623865,0.6,15,0.6,0,64
18645,0,-1,-2.292152,0.56,14,0.56,0,64
18646,1,0,0.0,0.56,14,0.56,0,64
18647,2,1,-0.14331073,0.6,15,0.6,0,64
18648,2,1,-4.227317,0.64,16,0.64,0,64
18649,0,-1,5.1425343,0.6,15,0.6,1,64
18650,2,1,-0.43901044,0.64,16,0.64,0,64
18651,1,0,0.0,0.64,16,0.64,0,64
18652,0,-1,3.0149102,0.6,15,0.6,0,64
18653,2,1,-2.8154123,0.64,16,0.64,0,64
18654,2,1,-10.8172865,0.68,17,0.68,0,64
18655,0,-1,7.0352287,0.64,16,0.64,0,64
18656,0,-1,-0.0,0.64,16,0.64,0,64
18657,1,0,0.0,0.64,16,0.64,0,64
18658,2,1,-9.913734,0.68,17,0.68,0,64
18659,0,-1,9.714237,0.64,16,0.64,0,64
18660,0,-1,-0.0,0.64,16,0.64,0,64
18661,0,-1,3.5006819,0.6,15,0.6,0,64
18662,1,0,0.0,0.6,15,0.6,0,64
18663,1,0,0.0,0.6,15,0.6,0,64
18664,2,1,-0.038446937,0.64,16,0.64,0,64
18665,0,-1,3.0149105,0.6,15,0.6,0,64
18666,2,1,-2.8154123,0.64,16,0.64,0,64
18667,0,-1,-0.0,0.64,16,0.64,0,64
18668,0,-1,-0.0,0.64,16,0.64,0,64
18669,0,-1,3.9184623,0.6,15,0.6,0,64
18670,2,1,-3.0149105,0.64,16,0.64,0,64
18671,0,-1,0.038446937,0.6,15,0.6,0,64
18672,2,1,-0.2501454,0.64,16,0.64,0,64
18673,0,-1,3.0149105,0.6,15,0.6,0,64
18674,2,1,-3.8789482,0.64,16,0.64,0,64
18675,1,0,0.0,0.64,16,0.64,0,64
18676,0,-1,2.8154123,0.6,15,0.6,0,64
18677,0,-1,-3.709923,0.56,14,0.56,0,64
18678,0,-1,-8.478877,0.52,13,0.52,0,64
18679,2,1,0.15645026,0.56,14,0.56,1,64
18680,0,-1,-9.254366,0.52,13,0.52,1,64
18681,0,-1,-0.0,0.52,13,0.52,0,64
18682,2,1,5.8945584,0.56,14,0.56,1,64
18683,0,-1,-0.0,0.56,14,0.56,0,64
18684,0,-1,-0.0,0.56,14,0.56,0,64
18685,0,-1,-6.823515,0.52,13,0.52,0,64
18686,2,1,8.738574,0.56,14,0.56,0,64
18687,2,1,3.689753,0.6,15,0.6,0,64
18688,0,-1,-0.0,0.6,15,0.6,0,64
18689,1,0,0.0,0.6,15,0.6,0,64
18690,0,-1,1.5440487,0.56,14,0.56,0,64
18691,0,-1,-5.889768,0.52,13,0.52,0,64
18692,2,1,8.14001,0.56,14,0.56,0,64
18693,0,-1,-8.14001,0.52,13,0.52,0,64
18694,2,1,6.9633803,0.56,14,0.56,0,64
18695,2,1,4.774428,0.6,15,0.6,0,64
18696,0,-1,-4.142308,0.56,14,0.56,0,64
18697,2,1,4.1423054,0.6,15,0.6,0,64
18698,2,1,-2.527641,0.64,16,0.64,1,64
18699,1,0,0.0,0.64,16,0.64,0,64
18700,0,-1,0.18970041,0.6,15,0.6,0,64
18701,0,-1,-3.3870478,0.56,14,0.56,0,64
18702,2,1,4.7872267,0.6,15,0.6,0,64
18703,2,1,-6.644043,0.64,16,0.64,0,64
18704,0,-1,0.86702013,0.6,15,0.6,0,64
18705,0,-1,-0.0,0.6,15,0.6,0,64
18706,2,1,0.8968468,0.64,16,0.64,0,64
18707,0,-1,0.21199673,0.6,15,0.6,0,64
18708,1,0,0.0,0.6,15,0.6,0,64
18709,0,-1,-3.676915,0.56,14,0.56,0,64
18710,2,1,4.7872267,0.6,15,0.6,0,64
18711,1,0,0.0,0.6,15,0.6,0,64
18712,2,1,-1.2398876,0.64,16,0.64,0,64
18713,0,-1,-1.0055484,0.6,15,0.6,1,64
18714,1,0,0.0,0.6,15,0.6,0,64
18715,2,1,0.99425435,0.64,16,0.64,0,64
18716,0,-1,-0.0,0.64,16,0.64,0,64
18717,2,1,-8.543521,0.68,17,0.68,0,64
18718,2,1,-17.655802,0.72,18,0.72,0,64
18719,0,-1,18.423304,0.68,17,0.68,0,64
18720,2,1,-19.84136,0.72,18,0.72,0,64
18721,0,-1,22.508257,0.68,17,0.68,0,64
18722,0,-1,9.961577,0.64,16,0.64,0,64
18723,0,-1,2.4386833,0.6,15,0.6,1,64
18724,2,1,-1.3480505,0.64,16,0.64,0,64
18725,0,-1,1.3480505,0.6,15,0.6,0,64
18726,0,-1,-6.108793,0.56,14,0.56,0,64
18727,2,1,6.0573583,0.6,15,0.6,0,64
18728,0,-1,-6.0573583,0.56,14,0.56,0,64
18729,2,1,2.5772786,0.6,15,0.6,0,64
18730,0,-1,-0.0,0.6,15,0.6,0,64
18731,0,-1,-4.111824,0.56,14,0.56,0,64
18732,2,1,3.0098803,0.6,15,0.6,0,64
18733,2,1,-2.9127877,0.64,16,0.64,0,64
18734,0,-1,2.9127877,0.6,15,0.6,0,64
18735,0,-1,-2.5772786,0.56,14,0.56,0,64
18736,2,1,2.5772786,0.6,15,0.6,0,64
18737,1,0,0.0,0.6,15,0.6,0,64
18738,0,-1,-5.982161,0.56,14,0.56,0,64
18739,0,-1,-8.872786,0.52,13,0.52,0,64
18740,0,-1,-9.154485,0.48,12,0.48,0,64
18741,2,1,8.170495,0.52,13,0.52,0,64
18742,1,0,0.0,0.52,13,0.52,0,64
18743,0,-1,-9.587087,0.48,12,0.48,0,64
18744,2,1,11.04249,0.52,13,0.52,0,64
18745,2,1,6.3070774,0.56,14,0.56,1,64
18746,2,1,2.7791111,0.6,15,0.6,0,64
18747,0,-1,-0.0,0.6,15,0.6,0,64
18748,1,0,0.0,0.6,15,0.6,0,64
18749,2,1,-3.766448,0.64,16,0.64,0,64
18750,0,-1,2.2649624,0.6,15,0.6,0,64
18751,0,-1,-1.6045904,0.56,14,0.56,0,64
18752,2,1,2.6962852,0.6,15,0.6,0,64
18753,2,1,0.9772333,0.64,16,0.64,0,64
18754,0,-1,-0.0,0.64,16,0.64,0,64
18755,0,-1,-0.0,0.64,16,0.64,0,64
18756,2,1,-8.865603,0.68,17,0.68,0,64
18757,0,-1,-0.0,0.68,17,0.68,0,64
18758,0,-1,10.665273,0.64,16,0.64,0,64
18759,0,-1,1.966779,0.6,15,0.6,0,64
18760,2,1,-5.4922795,0.64,16,0.64,0,64
18761,0,-1,-0.0,0.64,16,0.64,0,64
18762,1,0,0.0,0.64,16,0.64,0,64
18763,0,-1,-0.0,0.64,16,0.64,1,64
18764,0,-1,-0.97439086,0.6,15,0.6,0,64
18765,0,-1,-2.8038116,0.56,14,0.56,0,64
18766,0,-1,-8.455674,0.52,13,0.52,0,64
18767,1,0,0.0,0.52,13,0.52,0,64
18768,2,1,3.1948164,0.56,14,0.56,0,64
18769,1,0,0.0,0.56,14,0.56,0,64
18770,2,1,-5.4358525,0.6,15,0.6,0,64
18771,2,1,0.97438306,0.64,16,0.64,0,64
18772,2,1,-5.817645,0.68,17,0.68,0,64
18773,0,-1,-0.0,0.68,17,0.68,0,64
18774,0,-1,-0.0,0.68,17,0.68,0,64
18775,0,-1,-0.0,0.68,17,0.68,0,64
18776,1,0,0.0,0.68,17,0.68,0,64
18777,0,-1,7.4079747,0.64,16,0.64,1,64
18778,2,1,-6.782212,0.68,17,0.68,0,64
18779,2,1,-20.220915,0.72,18,0.72,0,64
18780,0,-1,15.805652,0.68,17,0.68,0,64
18781,2,1,-15.805655,0.72,18,0.72,0,64
18782,0,-1,22.229181,0.68,17,0.68,0,64
18783,0,-1,5.9258723,0.64,16,0.64,0,64
18784,0,-1,-0.0,0.64,16,0.64,0,64
18785,0,-1,8.794246,0.6,15,0.6,0,64
18786,0,-1,-0.0,0.6,15,0.6,0,64
18787,0,-1,-6.0921316,0.56,14,0.56,0,64
18788,1,0,0.0,0.56,14,0.56,0,64
18789,0,-1,-0.0,0.56,14,0.56,0,64
18790,1,0,0.0,0.56,14,0.56,0,64
18791,0,-1,-0.0,0.56,14,0.56,0,64
18792,2,1,3.369863,0.6,15,0.6,0,64
18793,0,-1,-0.0,0.6,15,0.6,0,64
18794,0,-1,-7.580967,0.56,14,0.56,0,64
18795,2,1,-0.7659221,0.6,15,0.6,0,64
18796,0,-1,-0.0,0.6,15,0.6,0,64
18797,0,-1,-0.0,0.6,15,0.6,0,64
18798,2,1,1.0836802,0.64,16,0.64,0,64
18799,2,1,-12.349798,0.68,17,0.68,0,64
18800,1,0,0.0,0.68,17,0.68,0,64
18801,0,-1,12.66397,0.64,16,0.64,0,64
18802,0,-1,1.6293602,0.6,15,0.6,0,64
18803,1,0,0.0,0.6,15,0.6,0,64
18804,2,1,-0.2075668,0.64,16,0.64,0,64
18805,0,-1,5.450974,0.6,15,0.6,0,64
18806,2,1,-5.4973173,0.64,16,0.64,1,64
18807,0,-1,0.20002647,0.6,15,0.6,0,64
18808,2,1,-2.3809195,0.64,16,0.64,0,64
18809,1,0,0.0,0.64,16,0.64,0,64
18810,0,-1,-3.7872503,0.6,15,0.6,0,64
18811,1,0,0.0,0.6,15,0.6,0,64
18812,0,-1,-6.104338,0.56,14,0.56,0,64
18813,0,-1,-5.290546,0.52,13,0.52,0,64
18814,2,1,4.0916433,0.56,14,0.56,0,64
18815,0,-1,-0.0,0.56,14,0.56,0,64
18816,0,-1,-3.0246062,0.52,13,0.52,0,64
18817,1,0,0.0,0.52,13,0.52,0,64
18818,1,0,0.0,0.52,13,0.52,1,64
18819,0,-1,-6.9472637,0.48,12,0.48,0,64
18820,1,0,0.0,0.48,12,0.48,0,64
18821,2,1,5.5720615,0.52,13,0.52,0,64
18822,0,-1,-5.5720615,0.48,12,0.48,0,64
18823,0,-1,-11.421028,0.44,11,0.44,0,64
18824,2,1,11.418282,0.48,12,0.48,0,64
18825,2,1,6.94716,0.52,13,0.52,0,64
18826,0,-1,-0.0,0.52,13,0.52,0,64
18827,2,1,1.0668985,0.56,14,0.56,0,64
18828,0,-1,-0.0,0.56,14,0.56,0,64
18829,0,-1,-6.591307,0.52,13,0.52,0,64
18830,1,0,0.0,0.52,13,0.52,0,64
18831,1,0,0.0,0.52,13,0.52,0,64
18832,0,-1,-0.0,0.52,13,0.52,0,64
18833,2,1,2.088391,0.56,14,0.56,0,64
18834,2,1,-1.7756647,0.6,15,0.6,0,64
18835,0,-1,-0.0,0.6,15,0.6,0,64
18836,1,0,0.0,0.6,15,0.6,0,64
18837,1,0,0.0,0.6,15,0.6,0,64
18838,2,1,-2.2387028,0.64,16,0.64,0,64
18839,0,-1,-0.0,0.64,16,0.64,0,64
18840,2,1,-17.1316,0.68,17,0.68,0,64
18841,1,0,0.0,0.68,17,0.68,0,64
18842,1,0,0.0,0.68,17,0.68,0,64
18843,2,1,-29.554482,0.72,18,0.72,0,64
18844,0,-1,29.554482,0.68,17,0.68,0,64
18845,0,-1,-0.0,0.68,17,0.68,1,64
18846,0,-1,13.671082,0.64,16,0.64,0,64
18847,2,1,-3.1205838,0.68,17,0.68,0,64
18848,0,-1,3.1205838,0.64,16,0.64,0,64
18849,0,-1,0.0,0.0,0,0.0,0,64
18850,2,1,24.223005,0.2,5,0.2,0,65
18851,2,1,-8.557965,0.24,6,0.24,0,65
18852,2,1,19.010124,0.28,7,0.28,0,65
18853,2,1,21.593521,0.32,8,0.32,0,65
18854,2,1,-10.560293,0.36,9,0.36,0,65
18855,2,1,20.828676,0.4,10,0.4,0,65
18856,2,1,-13.041592,0.44,11,0.44,1,65
18857,2,1,14.881856,0.48,12,0.48,0,65
18858,1,0,0.0,0.48,12,0.48,0,65
18859,2,1,14.233387,0.52,13,0.52,0,65
18860,0,-1,-10.977987,0.48,12,0.48,0,65
18861,2,1,-16.996468,0.52,13,0.52,0,65
18862,0,-1,-1.746953,0.48,12,0.48,0,65
18863,1,0,0.0,0.48,12,0.48,1,65
18864,1,0,0.0,0.48,12,0.48,0,65
18865,2,1,1.8591745,0.52,13,0.52,0,65
18866,0,-1,0.9011712,0.48,12,0.48,0,65
18867,2,1,12.587572,0.52,13,0.52,0,65
18868,2,1,8.510281,0.56,14,0.56,0,65
18869,1,0,0.0,0.56,14,0.56,0,65
18870,2,1,5.485533,0.6,15,0.6,0,65
18871,0,-1,-0.0,0.6,15,0.6,0,65
18872,0,-1,-3.5629292,0.56,14,0.56,0,65
18873,0,-1,0.98823255,0.52,13,0.52,0,65
18874,2,1,7.4133215,0.56,14,0.56,0,65
18875,0,-1,-0.0,0.56,14,0.56,0,65
18876,2,1,4.7983913,0.6,15,0.6,0,65
18877,0,-1,-0.0,0.6,15,0.6,0,65
18878,1,0,0.0,0.6,15,0.6,0,65
18879,0,-1,-4.7804813,0.56,14,0.56,0,65
18880,2,1,4.1371927,0.6,15,0.6,0,65
18881,1,0,0.0,0.6,15,0.6,0,65
18882,1,0,0.0,0.6,15,0.6,0,65
18883,0,-1,-0.0,0.6,15,0.6,0,65
18884,0,-1,-5.485533,0.56,14,0.56,0,65
18885,0,-1,-0.0,0.56,14,0.56,0,65
18886,2,1,2.184871,0.6,15,0.6,1,65
18887,2,1,-1.9309231,0.64,16,0.64,0,65
18888,2,1,-9.956241,0.68,17,0.68,0,65
18889,0,-1,-0.0,0.68,17,0.68,0,65
18890,0,-1,-0.0,0.68,17,0.68,0,65
18891,0,-1,12.748172,0.64,16,0.64,0,65
18892,1,0,0.0,0.64,16,0.64,1,65
18893,0,-1,1.9397594,0.6,15,0.6,1,65
18894,1,0,0.0,0.6,15,0.6,0,65
18895,0,-1,-0.0,0.6,15,0.6,0,65
18896,2,1,0.045645934,0.64,16,0.64,0,65
18897,2,1,-12.101534,0.68,17,0.68,0,65
18898,1,0,0.0,0.68,17,0.68,0,65
18899,0,-1,12.101534,0.64,16,0.64,0,65
18900,2,1,-8.025518,0.68,17,0.68,0,65
18901,0,-1,-0.0,0.68,17,0.68,0,65
18902,1,0,0.0,0.68,17,0.68,0,65
18903,0,-1,-0.0,0.68,17,0.68,0,65
18904,0,-1,9.783631,0.64,16,0.64,0,65
18905,0,-1,1.341524,0.6,15,0.6,0,65
18906,2,1,0.8997417,0.64,16,0.64,0,65
18907,2,1,-9.76233,0.68,17,0.68,0,65
18908,0,-1,-0.0,0.68,17,0.68,0,65
18909,0,-1,-0.0,0.68,17,0.68,0,65
18910,0,-1,9.967003,0.64,16,0.64,0,65
18911,1,0,0.0,0.64,16,0.64,0,65
18912,0,-1,2.8635058,0.6,15,0.6,0,65
18913,0,-1,-0.0,0.6,15,0.6,0,65
18914,0,-1,-5.0448694,0.56,14,0.56,0,65
18915,0,-1,-8.484496,0.52,13,0.52,0,65
18916,0,-1,-0.0,0.52,13,0.52,0,65
18917,2,1,2.4436529,0.56,14,0.56,0,65
18918,2,1,1.9310412,0.6,15,0.6,0,65
18919,0,-1,-3.872529,0.56,14,0.56,0,65
18920,1,0,0.0,0.56,14,0.56,1,65
18921,0,-1,-2.9667275,0.52,13,0.52,0,65
18922,2,1,5.8606553,0.56,14,0.56,0,65
18923,0,-1,-9.684661,0.52,13,0.52,0,65
18924,2,1,9.6750555,0.56,14,0.56,0,65
18925,0,-1,-0.0,0.56,14,0.56,0,65
18926,2,1,4.7934136,0.6,15,0.6,0,65
18927,0,-1,-0.0,0.6,15,0.6,0,65
18928,0,-1,-0.0,0.6,15,0.6,0,65
18929,2,1,-0.40814283,0.64,16,0.64,0,65
18930,0,-1,0.40814283,0.6,15,0.6,0,65
18931,1,0,0.0,0.6,15,0.6,0,65
18932,0,-1,-0.0,0.6,15,0.6,1,65
18933,1,0,0.0,0.6,15,0.6,0,65
18934,0,-1,-2.1259832,0.56,14,0.56,0,65
18935,0,-1,-0.0,0.56,14,0.56,0,65
18936,2,1,2.4398067,0.6,15,0.6,0,65
18937,2,1,-0.3880183,0.64,16,0.64,0,65
18938,0,-1,-0.0,0.64,16,0.64,0,65
18939,1,0,0.0,0.64,16,0.64,0,65
18940,0,-1,-0.0,0.64,16,0.64,0,65
18941,0,-1,-0.0,0.64,16,0.64,0,65
18942,0,-1,-0.0,0.64,16,0.64,0,65
18943,1,0,0.0,0.64,16,0.64,0,65
18944,0,-1,-0.0,0.64,16,0.64,0,65
18945,0,-1,-0.0,0.64,16,0.64,0,65
18946,1,0,0.0,0.64,16,0.64,0,65
18947,2,1,-12.004036,0.68,17,0.68,0,65
18948,1,0,0.0,0.68,17,0.68,0,65
18949,0,-1,7.286843,0.64,16,0.64,1,65
18950,1,0,0.0,0.64,16,0.64,0,65
18951,0,-1,5.107828,0.6,15,0.6,0,65
18952,1,0,0.0,0.6,15,0.6,0,65
18953,2,1,0.10339933,0.64,16,0.64,0,65
18954,2,1,-7.173179,0.68,17,0.68,0,65
18955,1,0,0.0,0.68,17,0.68,0,65
18956,2,1,-21.886452,0.72,18,0.72,0,65
18957,2,1,-32.602238,0.76,19,0.76,0,65
18958,0,-1,-0.0,0.76,19,0.76,0,65
18959,0,-1,36.730606,0.72,18,0.72,0,65
18960,0,-1,-0.0,0.72,18,0.72,0,65
18961,0,-1,-0.0,0.72,18,0.72,0,65
18962,0,-1,17.052961,0.68,17,0.68,0,65
18963,0,-1,-0.0,0.68,17,0.68,1,65
18964,0,-1,-0.0,0.68,17,0.68,1,65
18965,0,-1,7.0588264,0.64,16,0.64,0,65
18966,0,-1,-0.0,0.64,16,0.64,0,65
18967,0,-1,-0.0,0.64,16,0.64,0,65
18968,1,0,0.0,0.64,16,0.64,0,65
18969,0,-1,2.3543918,0.6,15,0.6,0,65
18970,1,0,0.0,0.6,15,0.6,0,65
18971,0,-1,-0.0,0.6,15,0.6,0,65
18972,2,1,-1.3711152,0.64,16,0.64,0,65
18973,1,0,0.0,0.64,16,0.64,0,65
18974,1,0,0.0,0.64,16,0.64,0,65
18975,0,-1,-0.20197858,0.6,15,0.6,0,65
18976,2,1,0.14723372,0.64,16,0.64,0,65
18977,0,-1,0.7368894,0.6,15,0.6,0,65
18978,2,1,-0.85228723,0.64,16,0.64,0,65
18979,0,-1,0.85228723,0.6,15,0.6,0,65
18980,2,1,-0.385678,0.64,16,0.64,0,65
18981,0,-1,-0.14723372,0.6,15,0.6,0,65
18982,2,1,-0.4996374,0.64,16,0.64,0,65
18983,0,-1,-0.0,0.64,16,0.64,0,65
18984,0,-1,0.4996374,0.6,15,0.6,0,65
18985,0,-1,-0.0,0.6,15,0.6,0,65
18986,0,-1,-1.9066513,0.56,14,0.56,0,65
18987,1,0,0.0,0.56,14,0.56,0,65
18988,2,1,2.5977545,0.6,15,0.6,0,65
18989,0,-1,-4.6135454,0.56,14,0.56,0,65
18990,0,-1,-0.0,0.56,14,0.56,1,65
18991,1,0,0.0,0.56,14,0.56,0,65
18992,0,-1,-0.0,0.56,14,0.56,0,65
18993,0,-1,-7.3515215,0.52,13,0.52,0,65
18994,0,-1,-0.0,0.52,13,0.52,0,65
18995,0,-1,-0.0,0.52,13,0.52,0,65
18996,0,-1,-0.0,0.52,13,0.52,0,65
18997,1,0,0.0,0.52,13,0.52,0,65
18998,0,-1,-9.203611,0.48,12,0.48,1,65
18999,2,1,11.09811,0.52,13,0.52,0,65
19000,2,1,7.3381763,0.56,14,0.56,0,65
19001,1,0,0.0,0.56,14,0.56,0,65
19002,2,1,5.202779,0.6,15,0.6,0,65
19003,0,-1,-4.520904,0.56,14,0.56,0,65
19004,1,0,0.0,0.56,14,0.56,0,65
19005,2,1,1.3879477,0.6,15,0.6,0,65
19006,0,-1,-4.0782514,0.56,14,0.56,0,65
19007,0,-1,-9.878984,0.52,13,0.52,0,65
19008,2,1,8.511963,0.56,14,0.56,0,65
19009,1,0,0.0,0.56,14,0.56,0,65
19010,2,1,1.6558403,0.6,15,0.6,0,65
19011,0,-1,-0.0,0.6,15,0.6,1,65
19012,0,-1,-1.6495752,0.56,14,0.56,0,65
19013,1,0,0.0,0.56,14,0.56,0,65
19014,0,-1,-8.962064,0.52,13,0.52,0,65
19015,2,1,8.948516,0.56,14,0.56,0,65
19016,1,0,0.0,0.56,14,0.56,0,65
19017,0,-1,-0.0,0.56,14,0.56,0,65
19018,2,1,2.3699322,0.6,15,0.6,0,65
19019,0,-1,-0.0,0.6,15,0.6,0,65
19020,2,1,-5.3756676,0.64,16,0.64,0,65
19021,2,1,-7.825036,0.68,17,0.68,0,65
19022,0,-1,7.825036,0.64,16,0.64,0,65
19023,0,-1,5.3756676,0.6,15,0.6,0,65
19024,2,1,0.9760186,0.64,16,0.64,0,65
19025,2,1,-8.768549,0.68,17,0.68,0,65
19026,0,-1,8.768549,0.64,16,0.64,0,65
19027,1,0,0.0,0.64,16,0.64,0,65
19028,1,0,0.0,0.64,16,0.64,0,65
19029,2,1,-7.243394,0.68,17,0.68,0,65
19030,0,-1,-0.0,0.68,17,0.68,0,65
19031,0,-1,10.515789,0.64,16,0.64,0,65
19032,2,1,-8.768549,0.68,17,0.68,0,65
19033,1,0,0.0,0.68,17,0.68,0,65
19034,0,-1,-0.0,0.68,17,0.68,0,65
19035,0,-1,8.768549,0.64,16,0.64,0,65
19036,0,-1,0.34456965,0.6,15,0.6,0,65
19037,2,1,-0.67264867,0.64,16,0.64,0,65
19038,0,-1,-0.21949367,0.6,15,0.6,1,65
19039,1,0,0.0,0.6,15,0.6,0,65
19040,0,-1,-6.0088067,0.56,14,0.56,0,65
19041,1,0,0.0,0.56,14,0.56,0,65
19042,2,1,1.5192317,0.6,15,0.6,0,65
19043,2,1,-0.93668264,0.64,16,0.64,0,65
19044,1,0,0.0,0.64,16,0.64,0,65
19045,0,-1,-0.0,0.64,16,0.64,0,65
19046,0,-1,-0.0,0.64,16,0.64,0,65
19047,0,-1,-0.0,0.64,16,0.64,0,65
19048,0,-1,-0.0,0.64,16,0.64,0,65
19049,0,-1,-0.0,0.64,16,0.64,0,65
19050,1,0,0.0,0.64,16,0.64,1,65
19051,0,-1,1.416622,0.6,15,0.6,0,65
19052,0,-1,-4.057284,0.56,14,0.56,0,65
19053,0,-1,-0.0,0.56,14,0.56,0,65
19054,2,1,3.5819645,0.6,15,0.6,0,65
19055,2,1,0.25869367,0.64,16,0.64,0,65
19056,0,-1,-0.0,0.64,16,0.64,0,65
19057,0,-1,-0.0,0.64,16,0.64,0,65
19058,0,-1,-0.0,0.64,16,0.64,0,65
19059,2,1,-10.5374975,0.68,17,0.68,0,65
19060,0,-1,6.640131,0.64,16,0.64,0,65
19061,0,-1,3.6386726,0.6,15,0.6,0,65
19062,1,0,0.0,0.6,15,0.6,0,65
19063,0,-1,-0.0,0.6,15,0.6,0,65
19064,0,-1,-3.5819645,0.56,14,0.56,0,65
19065,2,1,5.257917,0.6,15,0.6,0,65
19066,1,0,0.0,0.6,15,0.6,0,65
19067,0,-1,-0.0,0.6,15,0.6,0,65
19068,1,0,0.0,0.6,15,0.6,0,65
19069,2,1,-1.4037749,0.64,16,0.64,0,65
19070,1,0,0.0,0.64,16,0.64,0,65
19071,0,-1,2.5538225,0.6,15,0.6,0,65
19072,1,0,0.0,0.6,15,0.6,1,65
19073,1,0,0.0,0.6,15,0.6,0,65
19074,0,-1,-0.0,0.6,15,0.6,0,65
19075,1,0,0.0,0.6,15,0.6,0,65
19076,0,-1,-3.61003,0.56,14,0.56,0,65
19077,2,1,5.99244,0.6,15,0.6,0,65
19078,2,1,-2.2855768,0.64,16,0.64,0,65
19079,0,-1,0.1481498,0.6,15,0.6,0,65
19080,0,-1,-5.2688603,0.56,14,0.56,0,65
19081,2,1,0.4058241,0.6,15,0.6,0,65
19082,1,0,0.0,0.6,15,0.6,0,65
19083,0,-1,-1.5246054,0.56,14,0.56,0,65
19084,2,1,4.05202,0.6,15,0.6,0,65
19085,1,0,0.0,0.6,15,0.6,0,65
19086,0,-1,-0.4058241,0.56,14,0.56,0,65
19087,2,1,5.2684,0.6,15,0.6,0,65
19088,0,-1,-5.99244,0.56,14,0.56,0,65
19089,2,1,2.0740616,0.6,15,0.6,0,65
19090,2,1,-4.601486,0.64,16,0.64,0,65
19091,0,-1,-0.0,0.64,16,0.64,0,65
19092,2,1,-11.954515,0.68,17,0.68,0,65
19093,0,-1,11.954515,0.64,16,0.64,0,65
19094,0,-1,-0.0,0.64,16,0.64,0,65
19095,1,0,0.0,0.64,16,0.64,0,65
19096,0,-1,4.601486,0.6,15,0.6,0,65
19097,0,-1,-0.0,0.6,15,0.6,0,65
19098,0,-1,-0.0,0.6,15,0.6,1,65
19099,0,-1,-5.279326,0.56,14,0.56,0,65
19100,0,-1,-6.833351,0.52,13,0.52,0,65
19101,2,1,8.289906,0.56,14,0.56,0,65
19102,1,0,0.0,0.56,14,0.56,0,65
19103,2,1,0.038990244,0.6,15,0.6,0,65
19104,0,-1,-0.0,0.6,15,0.6,0,65
19105,0,-1,-0.0,0.6,15,0.6,0,65
19106,2,1,-7.064382,0.64,16,0.64,0,65
19107,0,-1,0.5573632,0.6,15,0.6,0,65
19108,0,-1,-0.0,0.6,15,0.6,0,65
19109,1,0,0.0,0.6,15,0.6,0,65
19110,0,-1,-4.5601063,0.56,14,0.56,0,65
19111,2,1,4.773987,0.6,15,0.6,0,65
19112,0,-1,2.0651586,0.56,14,0.56,0,65
19113,2,1,2.467874,0.6,15,0.6,0,65
19114,0,-1,-2.467874,0.56,14,0.56,0,65
19115,2,1,4.5959144,0.6,15,0.6,0,65
19116,0,-1,-0.0,0.6,15,0.6,0,65
19117,2,1,-5.0608373,0.64,16,0.64,0,65
19118,0,-1,4.960233,0.6,15,0.6,0,65
19119,0,-1,-4.773987,0.56,14,0.56,1,65
19120,2,1,1.8540518,0.6,15,0.6,0,65
19121,0,-1,-0.0,0.6,15,0.6,0,65
19122,2,1,-1.433869,0.64,16,0.64,0,65
19123,0,-1,5.063419,0.6,15,0.6,0,65
19124,2,1,-0.43036154,0.64,16,0.64,0,65
19125,0,-1,1.433869,0.6,15,0.6,0,65
19126,2,1,-0.6437815,0.64,16,0.64,0,65
19127,0,-1,-0.0,0.64,16,0.64,0,65
19128,0,-1,-0.0,0.64,16,0.64,0,65
19129,0,-1,-0.0,0.64,16,0.64,0,65
19130,0,-1,0.6437815,0.6,15,0.6,0,65
19131,1,0,0.0,0.6,15,0.6,0,65
19132,1,0,0.0,0.6,15,0.6,0,65
19133,0,-1,-7.364833,0.56,14,0.56,1,65
19134,0,-1,-8.30714,0.52,13,0.52,0,65
19135,0,-1,-0.0,0.52,13,0.52,0,65
19136,0,-1,-0.0,0.52,13,0.52,0,65
19137,0,-1,-0.0,0.52,13,0.52,0,65
19138,2,1,7.2884016,0.56,14,0.56,0,65
19139,1,0,0.0,0.56,14,0.56,0,65
19140,0,-1,-7.2884016,0.52,13,0.52,0,65
19141,2,1,11.160294,0.56,14,0.56,0,65
19142,0,-1,-0.0,0.56,14,0.56,0,65
19143,0,-1,-11.160294,0.52,13,0.52,0,65
19144,0,-1,-8.42563,0.48,12,0.48,0,65
19145,1,0,0.0,0.48,12,0.48,0,65
19146,0,-1,-0.0,0.48,12,0.48,0,65
19147,2,1,11.154328,0.52,13,0.52,0,65
19148,2,1,8.496746,0.56,14,0.56,0,65
19149,2,1,0.0,0.0,0,0.0,0,65
19150,2,1,-8.281979,0.2,5,0.2,0,66
19151,2,1,-8.557965,0.24,6,0.24,0,66
19152,2,1,-9.032798,0.28,7,0.28,0,66
19153,2,1,-9.695935,0.32,8,0.32,0,66
19154,2,1,21.926966,0.36,9,0.36,0,66
19155,2,1,16.597834,0.4,10,0.4,0,66
19156,2,1,19.464027,0.44,11,0.44,0,66
19157,2,1,11.7775135,0.48,12,0.48,0,66
19158,2,1,14.292836,0.52,13,0.52,0,66
19159,2,1,5.423745,0.56,14,0.56,1,66
19160,0,-1,-5.4533706,0.52,13,0.52,0,66
19161,0,-1,3.5281205,0.48,12,0.48,0,66
19162,0,-1,-11.81511,0.44,11,0.44,0,66
19163,2,1,13.243592,0.48,12,0.48,0,66
19164,2,1,-16.996462,0.52,13,0.52,0,66
19165,0,-1,3.5000067,0.48,12,0.48,0,66
19166,1,0,0.0,0.48,12,0.48,0,66
19167,2,1,-16.99662,0.52,13,0.52,0,66
19168,0,-1,-6.8167014,0.48,12,0.48,0,66
19169,2,1,12.6296015,0.52,13,0.52,0,66
19170,0,-1,-11.030759,0.48,12,0.48,0,66
19171,2,1,10.316335,0.52,13,0.52,0,66
19172,1,0,0.0,0.52,13,0.52,0,66
19173,2,1,7.842436,0.56,14,0.56,0,66
19174,2,1,1.8452808,0.6,15,0.6,0,66
19175,0,-1,-0.0,0.6,15,0.6,0,66
19176,0,-1,-4.716094,0.56,14,0.56,0,66
19177,2,1,-23.57383,0.6,15,0.6,0,66
19178,0,-1,-1.8452808,0.56,14,0.56,1,66
19179,2,1,7.683466,0.6,15,0.6,0,66
19180,1,0,0.0,0.6,15,0.6,0,66
19181,0,-1,-0.0,0.6,15,0.6,0,66
19182,0,-1,-0.0,0.6,15,0.6,0,66
19183,2,1,-0.038608447,0.64,16,0.64,0,66
19184,0,-1,-2.6842427,0.6,15,0.6,0,66
19185,0,-1,-0.0,0.6,15,0.6,0,66
19186,0,-1,-8.888738,0.56,14,0.56,0,66
19187,2,1,4.436982,0.6,15,0.6,0,66
19188,0,-1,-5.135244,0.56,14,0.56,0,66
19189,0,-1,-0.0,0.56,14,0.56,0,66
19190,0,-1,-8.690413,0.52,13,0.52,0,66
19191,2,1,5.169356,0.56,14,0.56,0,66
19192,2,1,8.888787,0.6,15,0.6,0,66
19193,2,1,-0.038608447,0.64,16,0.64,0,66
19194,2,1,-28.976175,0.68,17,0.68,0,66
19195,0,-1,10.458491,0.64,16,0.64,0,66
19196,0,-1,-0.0,0.64,16,0.64,0,66
19197,0,-1,-0.0,0.64,16,0.64,0,66
19198,1,0,0.0,0.64,16,0.64,0,66
19199,0,-1,-0.0,0.64,16,0.64,0,66
19200,0,-1,-0.0,0.64,16,0.64,0,66
19201,2,1,-7.1539965,0.68,17,0.68,0,66
19202,0,-1,-0.0,0.68,17,0.68,0,66
19203,0,-1,-0.0,0.68,17,0.68,0,66
19204,0,-1,7.1539965,0.64,16,0.64,0,66
19205,2,1,-4.214618,0.68,17,0.68,0,66
19206,0,-1,28.976175,0.64,16,0.64,0,66
19207,1,0,0.0,0.64,16,0.64,0,66
19208,0,-1,0.562241,0.6,15,0.6,1,66
19209,1,0,0.0,0.6,15,0.6,0,66
19210,0,-1,-0.0,0.6,15,0.6,0,66
19211,1,0,0.0,0.6,15,0.6,0,66
19212,0,-1,-3.8254004,0.56,14,0.56,0,66
19213,2,1,3.6783059,0.6,15,0.6,0,66
19214,0,-1,-7.669857,0.56,14,0.56,0,66
19215,1,0,0.0,0.56,14,0.56,0,66
19216,2,1,7.66985,0.6,15,0.6,0,66
19217,0,-1,10.412897,0.56,14,0.56,0,66
19218,2,1,1.3856955,0.6,15,0.6,0,66
19219,0,-1,-7.66985,0.56,14,0.56,0,66
19220,2,1,2.4350586,0.6,15,0.6,0,66
19221,0,-1,-0.0,0.6,15,0.6,0,66
19222,1,0,0.0,0.6,15,0.6,0,66
19223,0,-1,-0.0,0.6,15,0.6,0,66
19224,0,-1,-0.0,0.6,15,0.6,0,66
19225,1,0,0.0,0.6,15,0.6,0,66
19226,0,-1,-0.0,0.6,15,0.6,0,66
19227,1,0,0.0,0.6,15,0.6,0,66
19228,0,-1,-0.0,0.6,15,0.6,0,66
19229,1,0,0.0,0.6,15,0.6,0,66
19230,2,1,-3.887896,0.64,16,0.64,0,66
19231,0,-1,3.887896,0.6,15,0.6,0,66
19232,0,-1,-2.4350586,0.56,14,0.56,0,66
19233,0,-1,-0.0,0.56,14,0.56,1,66
19234,2,1,7.6630197,0.6,15,0.6,0,66
19235,1,0,0.0,0.6,15,0.6,0,66
19236,2,1,-1.7772592,0.64,16,0.64,0,66
19237,0,-1,-0.0,0.64,16,0.64,0,66
19238,0,-1,3.578124,0.6,15,0.6,0,66
19239,0,-1,-0.0,0.6,15,0.6,0,66
19240,0,-1,6.2572055,0.56,14,0.56,0,66
19241,2,1,-14.392265,0.6,15,0.6,0,66
19242,0,-1,14.392265,0.56,14,0.56,0,66
19243,0,-1,-0.0,0.56,14,0.56,0,66
19244,0,-1,-0.0,0.56,14,0.56,0,66
19245,1,0,0.0,0.56,14,0.56,0,66
19246,0,-1,-7.406214,0.52,13,0.52,0,66
19247,1,0,0.0,0.52,13,0.52,0,66
19248,0,-1,-0.46431375,0.48,12,0.48,0,66
19249,2,1,11.429782,0.52,13,0.52,0,66
19250,2,1,8.494146,0.56,14,0.56,0,66
19251,2,1,0.9860752,0.6,15,0.6,0,66
19252,0,-1,-0.9860752,0.56,14,0.56,0,66
19253,1,0,0.0,0.56,14,0.56,0,66
19254,2,1,0.9860752,0.6,15,0.6,0,66
19255,0,-1,-0.0,0.6,15,0.6,0,66
19256,0,-1,-0.0,0.6,15,0.6,0,66
19257,1,0,0.0,0.6,15,0.6,0,66
19258,0,-1,-6.6557207,0.56,14,0.56,0,66
19259,0,-1,-4.715874,0.52,13,0.52,1,66
19260,2,1,9.886641,0.56,14,0.56,0,66
19261,0,-1,-0.0,0.56,14,0.56,0,66
19262,0,-1,-0.0,0.56,14,0.56,0,66
19263,2,1,2.2328982,0.6,15,0.6,0,66
19264,0,-1,-2.2328982,0.56,14,0.56,1,66
19265,1,0,0.0,0.56,14,0.56,0,66
19266,2,1,6.0158873,0.6,15,0.6,0,66
19267,0,-1,-0.0,0.6,15,0.6,0,66
19268,1,0,0.0,0.6,15,0.6,0,66
19269,0,-1,-4.824621,0.56,14,0.56,0,66
19270,2,1,4.783041,0.6,15,0.6,0,66
19271,2,1,-0.5822043,0.64,16,0.64,0,66
19272,2,1,-6.8072233,0.68,17,0.68,0,66
19273,0,-1,5.8821607,0.64,16,0.64,0,66
19274,1,0,0.0,0.64,16,0.64,0,66
19275,0,-1,0.5822043,0.6,15,0.6,0,66
19276,0,-1,0.6880921,0.56,14,0.56,0,66
19277,0,-1,-7.357148,0.52,13,0.52,0,66
19278,0,-1,-11.360247,0.48,12,0.48,0,66
19279,2,1,8.77976,0.52,13,0.52,0,66
19280,0,-1,-0.0,0.52,13,0.52,0,66
19281,0,-1,-0.0,0.52,13,0.52,0,66
19282,0,-1,-11.582228,0.48,12,0.48,0,66
19283,0,-1,-13.880864,0.44,11,0.44,0,66
19284,0,-1,-0.0,0.44,11,0.44,0,66
19285,2,1,9.176781,0.48,12,0.48,1,66
19286,2,1,10.305734,0.52,13,0.52,0,66
19287,0,-1,-0.0,0.52,13,0.52,0,66
19288,2,1,1.886987,0.56,14,0.56,0,66
19289,0,-1,-7.458327,0.52,13,0.52,0,66
19290,2,1,9.740093,0.56,14,0.56,0,66
19291,1,0,0.0,0.56,14,0.56,0,66
19292,1,0,0.0,0.56,14,0.56,0,66
19293,1,0,0.0,0.56,14,0.56,0,66
19294,1,0,0.0,0.56,14,0.56,0,66
19295,2,1,3.086365,0.6,15,0.6,0,66
19296,0,-1,-0.0,0.6,15,0.6,0,66
19297,0,-1,-0.0,0.6,15,0.6,0,66
19298,0,-1,-0.0,0.6,15,0.6,0,66
19299,0,-1,-6.010294,0.56,14,0.56,0,66
19300,1,0,0.0,0.56,14,0.56,0,66
19301,0,-1,-0.0,0.56,14,0.56,0,66
19302,1,0,0.0,0.56,14,0.56,0,66
19303,0,-1,-10.476957,0.52,13,0.52,0,66
19304,2,1,2.1427522,0.56,14,0.56,0,66
19305,0,-1,-0.0,0.56,14,0.56,0,66
19306,2,1,6.3966937,0.6,15,0.6,0,66
19307,2,1,-0.9995368,0.64,16,0.64,0,66
19308,1,0,0.0,0.64,16,0.64,0,66
19309,1,0,0.0,0.64,16,0.64,0,66
19310,2,1,-5.887754,0.68,17,0.68,1,66
19311,0,-1,-0.0,0.68,17,0.68,0,66
19312,1,0,0.0,0.68,17,0.68,0,66
19313,0,-1,-0.0,0.68,17,0.68,0,66
19314,0,-1,13.75021,0.64,16,0.64,0,66
19315,2,1,-9.883196,0.68,17,0.68,0,66
19316,0,-1,11.530228,0.64,16,0.64,0,66
19317,2,1,-11.288532,0.68,17,0.68,0,66
19318,0,-1,11.288532,0.64,16,0.64,0,66
19319,1,0,0.0,0.64,16,0.64,0,66
19320,0,-1,-1.0082682,0.6,15,0.6,0,66
19321,0,-1,-2.1778529,0.56,14,0.56,0,66
19322,2,1,4.932473,0.6,15,0.6,0,66
19323,0,-1,-0.0,0.6,15,0.6,0,66
19324,0,-1,-3.0820103,0.56,14,0.56,0,66
19325,2,1,3.0150142,0.6,15,0.6,0,66
19326,2,1,-2.5671616,0.64,16,0.64,0,66
19327,1,0,0.0,0.64,16,0.64,0,66
19328,1,0,0.0,0.64,16,0.64,1,66
19329,0,-1,-0.0,0.64,16,0.64,0,66
19330,0,-1,5.9680047,0.6,15,0.6,0,66
19331,2,1,0.11922939,0.64,16,0.64,0,66
19332,0,-1,3.0755944,0.6,15,0.6,0,66
19333,2,1,-1.9262574,0.64,16,0.64,0,66
19334,1,0,0.0,0.64,16,0.64,0,66
19335,0,-1,1.9262574,0.6,15,0.6,0,66
19336,0,-1,-0.0,0.6,15,0.6,0,66
19337,0,-1,-3.0787017,0.56,14,0.56,0,66
19338,0,-1,-8.668243,0.52,13,0.52,0,66
19339,2,1,6.802765,0.56,14,0.56,0,66
19340,0,-1,-0.0,0.56,14,0.56,0,66
19341,2,1,4.928999,0.6,15,0.6,0,66
19342,2,1,1.0026507,0.64,16,0.64,0,66
19343,2,1,-8.055072,0.68,17,0.68,0,66
19344,1,0,0.0,0.68,17,0.68,0,66
19345,0,-1,-0.0,0.68,17,0.68,0,66
19346,0,-1,9.319745,0.64,16,0.64,1,66
19347,0,-1,-0.0,0.64,16,0.64,0,66
19348,2,1,-12.982597,0.68,17,0.68,0,66
19349,2,1,-19.443047,0.72,18,0.72,0,66
19350,0,-1,19.443047,0.68,17,0.68,0,66
19351,0,-1,7.231547,0.64,16,0.64,0,66
19352,0,-1,-0.52802795,0.6,15,0.6,0,66
19353,0,-1,-3.064041,0.56,14,0.56,0,66
19354,0,-1,-7.694937,0.52,13,0.52,0,66
19355,2,1,6.7937574,0.56,14,0.56,0,66
19356,2,1,-2.4609458,0.6,15,0.6,0,66
19357,0,-1,-0.0,0.6,15,0.6,0,66
19358,0,-1,-0.0,0.6,15,0.6,0,66
19359,1,0,0.0,0.6,15,0.6,0,66
19360,2,1,-8.20815,0.64,16,0.64,0,66
19361,1,0,0.0,0.64,16,0.64,0,66
19362,0,-1,-1.7738839,0.6,15,0.6,0,66
19363,2,1,-2.8686433,0.64,16,0.64,0,66
19364,0,-1,-0.0,0.64,16,0.64,0,66
19365,2,1,-5.263885,0.68,17,0.68,0,66
19366,2,1,-27.56217,0.72,18,0.72,0,66
19367,0,-1,15.143667,0.68,17,0.68,1,66
19368,0,-1,9.80409,0.64,16,0.64,0,66
19369,0,-1,10.772428,0.6,15,0.6,0,66
19370,1,0,0.0,0.6,15,0.6,0,66
19371,2,1,1.7926354,0.64,16,0.64,0,66
19372,1,0,0.0,0.64,16,0.64,0,66
19373,2,1,-13.958592,0.68,17,0.68,0,66
19374,0,-1,13.958592,0.64,16,0.64,0,66
19375,2,1,-7.6740475,0.68,17,0.68,0,66
19376,2,1,-19.441164,0.72,18,0.72,0,66
19377,1,0,0.0,0.72,18,0.72,0,66
19378,0,-1,16.835333,0.68,17,0.68,0,66
19379,0,-1,12.786891,0.64,16,0.64,1,66
19380,0,-1,-0.0,0.64,16,0.64,0,66
19381,0,-1,-0.0,0.64,16,0.64,0,66
19382,1,0,0.0,0.64,16,0.64,0,66
19383,2,1,-7.788923,0.68,17,0.68,1,66
19384,0,-1,9.726233,0.64,16,0.64,0,66
19385,0,-1,-0.0,0.64,16,0.64,0,66
19386,0,-1,-0.0,0.64,16,0.64,0,66
19387,2,1,-6.4632316,0.68,17,0.68,0,66
19388,0,-1,15.040005,0.64,16,0.64,0,66
19389,0,-1,0.8074318,0.6,15,0.6,0,66
19390,1,0,0.0,0.6,15,0.6,0,66
19391,2,1,-3.9646747,0.64,16,0.64,0,66
19392,0,-1,-0.0,0.64,16,0.64,0,66
19393,0,-1,-0.0,0.64,16,0.64,0,66
19394,2,1,-10.779426,0.68,17,0.68,0,66
19395,0,-1,-0.0,0.68,17,0.68,0,66
19396,1,0,0.0,0.68,17,0.68,0,66
19397,0,-1,10.779426,0.64,16,0.64,0,66
19398,0,-1,-0.0,0.64,16,0.64,0,66
19399,0,-1,0.8952306,0.6,15,0.6,0,66
19400,0,-1,-0.0,0.6,15,0.6,0,66
19401,0,-1,-5.9735403,0.56,14,0.56,0,66
19402,0,-1,-0.0,0.56,14,0.56,0,66
19403,2,1,4.190989,0.6,15,0.6,0,66
19404,0,-1,-0.0,0.6,15,0.6,0,66
19405,2,1,-0.037212864,0.64,16,0.64,0,66
19406,0,-1,-0.0,0.64,16,0.64,0,66
19407,2,1,-5.9245076,0.68,17,0.68,1,66
19408,2,1,-22.283184,0.72,18,0.72,0,66
19409,0,-1,18.757557,0.68,17,0.68,0,66
19410,1,0,0.0,0.68,17,0.68,0,66
19411,0,-1,7.313808,0.64,16,0.64,0,66
19412,0,-1,4.738081,0.6,15,0.6,0,66
19413,0,-1,0.50535303,0.56,14,0.56,0,66
19414,2,1,4.3779755,0.6,15,0.6,0,66
19415,0,-1,-4.3779755,0.56,14,0.56,0,66
19416,1,0,0.0,0.56,14,0.56,0,66
19417,0,-1,-8.766151,0.52,13,0.52,0,66
19418,2,1,7.828645,0.56,14,0.56,0,66
19419,2,1,4.1665506,0.6,15,0.6,0,66
19420,0,-1,-4.098846,0.56,14,0.56,0,66
19421,2,1,4.987899,0.6,15,0.6,0,66
19422,2,1,-2.8421297,0.64,16,0.64,0,66
19423,0,-1,0.011324684,0.6,15,0.6,0,66
19424,2,1,-5.81427,0.64,16,0.64,0,66
19425,2,1,-12.4034,0.68,17,0.68,0,66
19426,0,-1,12.713095,0.64,16,0.64,0,66
19427,0,-1,2.8421297,0.6,15,0.6,0,66
19428,2,1,-2.8421297,0.64,16,0.64,0,66
19429,0,-1,0.28375497,0.6,15,0.6,0,66
19430,1,0,0.0,0.6,15,0.6,1,66
19431,0,-1,-0.0,0.6,15,0.6,0,66
19432,2,1,-5.806332,0.64,16,0.64,0,66
19433,0,-1,-0.0,0.64,16,0.64,0,66
19434,2,1,-8.26661,0.68,17,0.68,0,66
19435,1,0,0.0,0.68,17,0.68,0,66
19436,0,-1,12.705156,0.64,16,0.64,0,66
19437,2,1,-7.417513,0.68,17,0.68,0,66
19438,0,-1,-0.0,0.68,17,0.68,1,66
19439,0,-1,-0.0,0.68,17,0.68,0,66
19440,0,-1,-0.0,0.68,17,0.68,0,66
19441,1,0,0.0,0.68,17,0.68,0,66
19442,0,-1,7.407378,0.64,16,0.64,0,66
19443,0,-1,-0.0,0.64,16,0.64,0,66
19444,0,-1,-0.0,0.64,16,0.64,0,66
19445,0,-1,4.359763,0.6,15,0.6,0,66
19446,0,-1,-1.6386307,0.56,14,0.56,0,66
19447,0,-1,-0.0,0.56,14,0.56,1,66
19448,0,-1,-0.0,0.56,14,0.56,0,66
19449,0,-1,0.0,0.0,0,0.0,0,66
19450,2,1,24.20528,0.2,5,0.2,0,67
19451,2,1,-8.557965,0.24,6,0.24,1,67
19452,2,1,19.334047,0.28,7,0.28,0,67
19453,2,1,16.108175,0.32,8,0.32,0,67
19454,2,1,9.922813,0.36,9,0.36,0,67
19455,2,1,19.514927,0.4,10,0.4,0,67
19456,2,1,5.32847,0.44,11,0.44,0,67
19457,2,1,13.545383,0.48,12,0.48,0,67
19458,2,1,2.1101654,0.52,13,0.52,0,67
19459,2,1,5.857926,0.56,14,0.56,0,67
19460,0,-1,-5.960084,0.52,13,0.52,0,67
19461,2,1,5.960084,0.56,14,0.56,0,67
19462,2,1,4.171642,0.6,15,0.6,0,67
19463,2,1,0.98856646,0.64,16,0.64,0,67
19464,0,-1,2.7689383,0.6,15,0.6,0,67
19465,0,-1,5.2037315,0.56,14,0.56,0,67
19466,2,1,-5.8469586,0.6,15,0.6,0,67
19467,0,-1,-4.171642,0.56,14,0.56,0,67
19468,0,-1,-0.0,0.56,14,0.56,0,67
19469,1,0,0.0,0.56,14,0.56,0,67
19470,2,1,3.1563492,0.6,15,0.6,0,67
19471,0,-1,-2.128127,0.56,14,0.56,0,67
19472,2,1,-7.629283,0.6,15,0.6,0,67
19473,2,1,3.9149265,0.64,16,0.64,0,67
19474,1,0,0.0,0.64,16,0.64,0,67
19475,1,0,0.0,0.64,16,0.64,0,67
19476,0,-1,0.24387953,0.6,15,0.6,0,67
19477,0,-1,-0.0,0.6,15,0.6,0,67
19478,0,-1,-0.0,0.6,15,0.6,0,67
19479,0,-1,-0.0,0.6,15,0.6,1,67
19480,0,-1,-3.1939883,0.56,14,0.56,0,67
19481,1,0,0.0,0.56,14,0.56,0,67
19482,1,0,0.0,0.56,14,0.56,0,67
19483,0,-1,-8.54711,0.52,13,0.52,0,67
19484,2,1,11.325429,0.56,14,0.56,0,67
19485,0,-1,-0.0,0.56,14,0.56,0,67
19486,2,1,4.738076,0.6,15,0.6,0,67
19487,1,0,0.0,0.6,15,0.6,0,67
19488,1,0,0.0,0.6,15,0.6,0,67
19489,0,-1,-0.0,0.6,15,0.6,0,67
19490,0,-1,3.503378,0.56,14,0.56,0,67
19491,2,1,2.1009665,0.6,15,0.6,0,67
19492,0,-1,-0.0,0.6,15,0.6,0,67
19493,2,1,-0.89022666,0.64,16,0.64,1,67
19494,0,-1,-0.0,0.64,16,0.64,0,67
19495,2,1,-12.364562,0.68,17,0.68,0,67
19496,0,-1,4.158759,0.64,16,0.64,0,67
19497,0,-1,5.4657373,0.6,15,0.6,0,67
19498,2,1,-2.880864,0.64,16,0.64,0,67
19499,0,-1,-0.0,0.64,16,0.64,1,67
19500,1,0,0.0,0.64,16,0.64,0,67
19501,1,0,0.0,0.64,16,0.64,0,67
19502,0,-1,-0.0,0.64,16,0.64,0,67
19503,1,0,0.0,0.64,16,0.64,1,67
19504,0,-1,-0.0,0.64,16,0.64,0,67
19505,0,-1,2.890672,0.6,15,0.6,0,67
19506,0,-1,2.3421159,0.56,14,0.56,0,67
19507,2,1,3.6218615,0.6,15,0.6,0,67
19508,1,0,0.0,0.6,15,0.6,0,67
19509,0,-1,-2.0223546,0.56,14,0.56,0,67
19510,0,-1,-7.3516603,0.52,13,0.52,0,67
19511,1,0,0.0,0.52,13,0.52,0,67
19512,2,1,-4.053026,0.56,14,0.56,0,67
19513,2,1,2.0076342,0.6,15,0.6,0,67
19514,0,-1,-2.0076342,0.56,14,0.56,0,67
19515,1,0,0.0,0.56,14,0.56,0,67
19516,0,-1,4.053026,0.52,13,0.52,0,67
19517,1,0,0.0,0.52,13,0.52,0,67
19518,1,0,0.0,0.52,13,0.52,0,67
19519,0,-1,-0.0,0.52,13,0.52,0,67
19520,1,0,0.0,0.52,13,0.52,0,67
19521,2,1,8.45312,0.56,14,0.56,0,67
19522,1,0,0.0,0.56,14,0.56,0,67
19523,0,-1,-8.4224615,0.52,13,0.52,0,67
19524,1,0,0.0,0.52,13,0.52,0,67
19525,1,0,0.0,0.52,13,0.52,0,67
19526,2,1,5.8383474,0.56,14,0.56,0,67
19527,2,1,1.9010103,0.6,15,0.6,0,67
19528,1,0,0.0,0.6,15,0.6,0,67
19529,2,1,2.4997144,0.64,16,0.64,1,67
19530,0,-1,6.634246,0.6,15,0.6,0,67
19531,1,0,0.0,0.6,15,0.6,0,67
19532,0,-1,-0.0,0.6,15,0.6,0,67
19533,0,-1,-0.0,0.6,15,0.6,0,67
19534,2,1,0.58449984,0.64,16,0.64,0,67
19535,2,1,-8.204583,0.68,17,0.68,0,67
19536,1,0,0.0,0.68,17,0.68,0,67
19537,0,-1,-0.0,0.68,17,0.68,0,67
19538,2,1,-18.358387,0.72,18,0.72,0,67
19539,0,-1,19.882309,0.68,17,0.68,0,67
19540,0,-1,8.204583,0.64,16,0.64,0,67
19541,0,-1,-0.0,0.64,16,0.64,0,67
19542,0,-1,2.8955975,0.6,15,0.6,1,67
19543,0,-1,1.0597253,0.56,14,0.56,0,67
19544,2,1,0.44784054,0.6,15,0.6,0,67
19545,2,1,-2.5025468,0.64,16,0.64,0,67
19546,0,-1,-0.0,0.64,16,0.64,0,67
19547,0,-1,-0.0,0.64,16,0.64,0,67
19548,0,-1,0.9264113,0.6,15,0.6,0,67
19549,2,1,-0.008541623,0.64,16,0.64,0,67
19550,0,-1,-0.0,0.64,16,0.64,0,67
19551,0,-1,0.008541623,0.6,15,0.6,0,67
19552,0,-1,-0.44784054,0.56,14,0.56,0,67
19553,0,-1,-6.2264752,0.52,13,0.52,0,67
19554,2,1,4.1776395,0.56,14,0.56,0,67
19555,2,1,3.6973553,0.6,15,0.6,0,67
19556,0,-1,-0.0,0.6,15,0.6,0,67
19557,1,0,0.0,0.6,15,0.6,0,67
19558,2,1,0.58937186,0.64,16,0.64,0,67
19559,0,-1,-0.58937186,0.6,15,0.6,0,67
19560,2,1,-4.588169,0.64,16,0.64,0,67
19561,1,0,0.0,0.64,16,0.64,1,67
19562,0,-1,-0.0,0.64,16,0.64,0,67
19563,0,-1,4.4803233,0.6,15,0.6,0,67
19564,2,1,-2.5028372,0.64,16,0.64,0,67
19565,0,-1,-0.0,0.64,16,0.64,0,67
19566,2,1,-12.704853,0.68,17,0.68,0,67
19567,0,-1,5.9648485,0.64,16,0.64,0,67
19568,0,-1,-2.532788,0.6,15,0.6,0,67
19569,0,-1,-0.0,0.6,15,0.6,0,67
19570,0,-1,-0.0,0.6,15,0.6,0,67
19571,0,-1,-2.5811756,0.56,14,0.56,0,67
19572,0,-1,-0.0,0.56,14,0.56,0,67
19573,1,0,0.0,0.56,14,0.56,0,67
19574,0,-1,-2.9229932,0.52,13,0.52,0,67
19575,1,0,0.0,0.52,13,0.52,0,67
19576,2,1,4.622658,0.56,14,0.56,0,67
19577,2,1,-0.13744871,0.6,15,0.6,0,67
19578,2,1,2.5325124,0.64,16,0.64,0,67
19579,0,-1,4.1063647,0.6,15,0.6,0,67
19580,0,-1,-0.48644236,0.56,14,0.56,0,67
19581,2,1,4.782176,0.6,15,0.6,0,67
19582,2,1,0.9338407,0.64,16,0.64,0,67
19583,0,-1,0.21704723,0.6,15,0.6,1,67
19584,1,0,0.0,0.6,15,0.6,0,67
19585,2,1,-0.9347713,0.64,16,0.64,0,67
19586,0,-1,-0.0,0.64,16,0.64,0,67
19587,0,-1,-0.0,0.64,16,0.64,0,67
19588,0,-1,-0.0,0.64,16,0.64,1,67
19589,0,-1,5.041097,0.6,15,0.6,0,67
19590,0,-1,-2.6276753,0.56,14,0.56,0,67
19591,0,-1,-0.0,0.56,14,0.56,0,67
19592,2,1,4.7808795,0.6,15,0.6,0,67
19593,0,-1,-4.0355053,0.56,14,0.56,0,67
19594,1,0,0.0,0.56,14,0.56,0,67
19595,2,1,0.43076095,0.6,15,0.6,0,67
19596,2,1,0.02861186,0.64,16,0.64,0,67
19597,0,-1,-0.02861186,0.6,15,0.6,0,67
19598,0,-1,-0.0,0.6,15,0.6,0,67
19599,2,1,1.0547439,0.64,16,0.64,0,67
19600,0,-1,0.93738645,0.6,15,0.6,0,67
19601,0,-1,-4.7808795,0.56,14,0.56,0,67
19602,2,1,1.6211327,0.6,15,0.6,0,67
19603,0,-1,-6.0539675,0.56,14,0.56,0,67
19604,0,-1,-4.1605597,0.52,13,0.52,0,67
19605,1,0,0.0,0.52,13,0.52,0,67
19606,1,0,0.0,0.52,13,0.52,0,67
19607,2,1,3.2104523,0.56,14,0.56,0,67
19608,2,1,5.0278354,0.6,15,0.6,0,67
19609,0,-1,-4.138672,0.56,14,0.56,1,67
19610,1,0,0.0,0.56,14,0.56,0,67
19611,1,0,0.0,0.56,14,0.56,0,67
19612,2,1,-1.9874728,0.6,15,0.6,0,67
19613,0,-1,-5.4415755,0.56,14,0.56,0,67
19614,1,0,0.0,0.56,14,0.56,0,67
19615,2,1,0.62147087,0.6,15,0.6,0,67
19616,2,1,-0.017438108,0.64,16,0.64,0,67
19617,0,-1,-0.90453404,0.6,15,0.6,0,67
19618,1,0,0.0,0.6,15,0.6,0,67
19619,0,-1,-5.1398664,0.56,14,0.56,0,67
19620,0,-1,-11.151476,0.52,13,0.52,0,67
19621,1,0,0.0,0.52,13,0.52,0,67
19622,0,-1,-7.1986766,0.48,12,0.48,0,67
19623,0,-1,-13.771825,0.44,11,0.44,0,67
19624,2,1,15.876713,0.48,12,0.48,0,67
19625,2,1,11.686885,0.52,13,0.52,0,67
19626,2,1,6.236944,0.56,14,0.56,0,67
19627,0,-1,-11.22459,0.52,13,0.52,0,67
19628,2,1,4.3512697,0.56,14,0.56,0,67
19629,0,-1,-10.816473,0.52,13,0.52,0,67
19630,0,-1,-7.1986766,0.48,12,0.48,0,67
19631,2,1,3.4242764,0.52,13,0.52,0,67
19632,0,-1,-9.084352,0.48,12,0.48,0,67
19633,2,1,10.114101,0.52,13,0.52,0,67
19634,2,1,8.497434,0.56,14,0.56,0,67
19635,0,-1,-7.2666945,0.52,13,0.52,0,67
19636,0,-1,-11.686885,0.48,12,0.48,0,67
19637,2,1,14.071904,0.52,13,0.52,0,67
19638,0,-1,-3.4242764,0.48,12,0.48,1,67
19639,2,1,11.661556,0.52,13,0.52,0,67
19640,1,0,0.0,0.52,13,0.52,0,67
19641,2,1,8.243636,0.56,14,0.56,0,67
19642,2,1,-4.7209816,0.6,15,0.6,0,67
19643,2,1,0.8687713,0.64,16,0.64,1,67
19644,2,1,-8.808418,0.68,17,0.68,0,67
19645,0,-1,-0.0,0.68,17,0.68,0,67
19646,0,-1,-0.0,0.68,17,0.68,1,67
19647,0,-1,6.0664387,0.64,16,0.64,0,67
19648,0,-1,-0.0,0.64,16,0.64,0,67
19649,0,-1,-0.0,0.64,16,0.64,0,67
19650,1,0,0.0,0.64,16,0.64,0,67
19651,0,-1,0.54058397,0.6,15,0.6,0,67
19652,2,1,0.25903764,0.64,16,0.64,0,67
19653,0,-1,9.593466,0.6,15,0.6,0,67
19654,0,-1,-0.0,0.6,15,0.6,0,67
19655,0,-1,-5.6477447,0.56,14,0.56,0,67
19656,2,1,1.5907236,0.6,15,0.6,0,67
19657,0,-1,2.0115168,0.56,14,0.56,0,67
19658,0,-1,-5.3205223,0.52,13,0.52,0,67
19659,1,0,0.0,0.52,13,0.52,0,67
19660,0,-1,-9.9210415,0.48,12,0.48,0,67
19661,2,1,11.821076,0.52,13,0.52,0,67
19662,2,1,6.891711,0.56,14,0.56,0,67
19663,0,-1,-8.973669,0.52,13,0.52,0,67
19664,1,0,0.0,0.52,13,0.52,1,67
19665,2,1,11.187768,0.56,14,0.56,0,67
19666,1,0,0.0,0.56,14,0.56,0,67
19667,2,1,1.5025755,0.6,15,0.6,0,67
19668,2,1,-0.6574766,0.64,16,0.64,0,67
19669,0,-1,-0.0,0.64,16,0.64,0,67
19670,0,-1,-0.0,0.64,16,0.64,0,67
19671,0,-1,5.1775565,0.6,15,0.6,0,67
19672,0,-1,-5.2918315,0.56,14,0.56,0,67
19673,2,1,2.1601021,0.6,15,0.6,0,67
19674,2,1,-4.5785766,0.64,16,0.64,0,67
19675,0,-1,4.5785766,0.6,15,0.6,0,67
19676,2,1,-4.252179,0.64,16,0.64,0,67
19677,0,-1,-0.0,0.64,16,0.64,0,67
19678,0,-1,3.4966478,0.6,15,0.6,0,67
19679,2,1,0.5005225,0.64,16,0.64,0,67
19680,0,-1,4.252179,0.6,15,0.6,1,67
19681,2,1,-2.517012,0.64,16,0.64,0,67
19682,0,-1,-0.59241354,0.6,15,0.6,0,67
19683,1,0,0.0,0.6,15,0.6,0,67
19684,2,1,-4.8360376,0.64,16,0.64,1,67
19685,0,-1,2.517954,0.6,15,0.6,0,67
19686,0,-1,-0.8911548,0.56,14,0.56,0,67
19687,2,1,6.0340366,0.6,15,0.6,0,67
19688,1,0,0.0,0.6,15,0.6,0,67
19689,0,-1,-2.534289,0.56,14,0.56,0,67
19690,2,1,4.2791295,0.6,15,0.6,0,67
19691,0,-1,-3.3052158,0.56,14,0.56,0,67
19692,2,1,3.1658835,0.6,15,0.6,0,67
19693,0,-1,-3.1658835,0.56,14,0.56,0,67
19694,0,-1,-8.617747,0.52,13,0.52,0,67
19695,0,-1,-0.0,0.52,13,0.52,0,67
19696,1,0,0.0,0.52,13,0.52,0,67
19697,2,1,5.836226,0.56,14,0.56,0,67
19698,2,1,5.7977285,0.6,15,0.6,0,67
19699,2,1,-2.8346305,0.64,16,0.64,0,67
19700,0,-1,-0.0,0.64,16,0.64,0,67
19701,0,-1,-0.0,0.64,16,0.64,0,67
19702,0,-1,2.8346305,0.6,15,0.6,0,67
19703,0,-1,-2.106427,0.56,14,0.56,0,67
19704,1,0,0.0,0.56,14,0.56,0,67
19705,0,-1,-0.0,0.56,14,0.56,0,67
19706,2,1,3.9458017,0.6,15,0.6,0,67
19707,0,-1,-4.2791295,0.56,14,0.56,0,67
19708,1,0,0.0,0.56,14,0.56,0,67
19709,2,1,1.604436,0.6,15,0.6,0,67
19710,2,1,0.5573574,0.64,16,0.64,0,67
19711,2,1,-9.622003,0.68,17,0.68,0,67
19712,2,1,-23.071163,0.72,18,0.72,0,67
19713,0,-1,15.7437935,0.68,17,0.68,1,67
19714,1,0,0.0,0.68,17,0.68,0,67
19715,0,-1,-0.0,0.68,17,0.68,0,67
19716,0,-1,-0.0,0.68,17,0.68,0,67
19717,0,-1,-0.0,0.68,17,0.68,0,67
19718,0,-1,6.2838864,0.64,16,0.64,1,67
19719,0,-1,-0.0,0.64,16,0.64,0,67
19720,2,1,-8.473884,0.68,17,0.68,0,67
19721,0,-1,-0.0,0.68,17,0.68,0,67
19722,0,-1,-0.0,0.68,17,0.68,0,67
19723,0,-1,7.963418,0.64,16,0.64,0,67
19724,0,-1,-0.0,0.64,16,0.64,0,67
19725,2,1,-6.2883296,0.68,17,0.68,0,67
19726,1,0,0.0,0.68,17,0.68,0,67
19727,2,1,-17.636976,0.72,18,0.72,0,67
19728,0,-1,18.353666,0.68,17,0.68,0,67
19729,0,-1,-0.0,0.68,17,0.68,0,67
19730,0,-1,-0.0,0.68,17,0.68,1,67
19731,2,1,-15.811799,0.72,18,0.72,0,67
19732,0,-1,-0.0,0.72,18,0.72,0,67
19733,0,-1,15.811799,0.68,17,0.68,0,67
19734,1,0,0.0,0.68,17,0.68,0,67
19735,0,-1,-0.0,0.68,17,0.68,0,67
19736,0,-1,-0.0,0.68,17,0.68,0,67
19737,0,-1,6.1191444,0.64,16,0.64,0,67
19738,0,-1,6.2476525,0.6,15,0.6,0,67
19739,0,-1,-0.0,0.6,15,0.6,1,67
19740,0,-1,-4.1823354,0.56,14,0.56,0,67
19741,2,1,5.558721,0.6,15,0.6,0,67
19742,2,1,0.18216404,0.64,16,0.64,0,67
19743,2,1,-7.9461336,0.68,17,0.68,0,67
19744,0,-1,-0.0,0.68,17,0.68,0,67
19745,0,-1,-0.0,0.68,17,0.68,0,67
19746,2,1,-20.955702,0.72,18,0.72,0,67
19747,0,-1,16.596443,0.68,17,0.68,0,67
19748,2,1,-23.103968,0.72,18,0.72,0,67
19749,0,-1,0.0,0.0,0,0.0,0,67
19750,2,1,-8.282061,0.2,5,0.2,0,68
19751,2,1,23.947102,0.24,6,0.24,0,68
19752,2,1,-9.03267,0.28,7,0.28,0,68
19753,2,1,18.34702,0.32,8,0.32,0,68
19754,2,1,-10.560929,0.36,9,0.36,0,68
19755,1,0,0.0,0.36,9,0.36,0,68
19756,2,1,14.481087,0.4,10,0.4,0,68
19757,2,1,11.170131,0.44,11,0.44,0,68
19758,2,1,7.4812436,0.48,12,0.48,0,68
19759,2,1,3.1856978,0.52,13,0.52,0,68
19760,1,0,0.0,0.52,13,0.52,0,68
19761,2,1,-19.843359,0.56,14,0.56,0,68
19762,0,-1,-0.0,0.56,14,0.56,0,68
19763,0,-1,-0.0,0.56,14,0.56,1,68
19764,2,1,7.718476,0.6,15,0.6,0,68
19765,0,-1,-0.0,0.6,15,0.6,1,68
19766,1,0,0.0,0.6,15,0.6,0,68
19767,0,-1,23.318462,0.56,14,0.56,0,68
19768,1,0,0.0,0.56,14,0.56,0,68
19769,0,-1,-0.0,0.56,14,0.56,1,68
19770,1,0,0.0,0.56,14,0.56,0,68
19771,0,-1,-0.0,0.56,14,0.56,0,68
19772,0,-1,-0.34283143,0.52,13,0.52,0,68
19773,1,0,0.0,0.52,13,0.52,0,68
19774,1,0,0.0,0.52,13,0.52,0,68
19775,1,0,0.0,0.52,13,0.52,0,68
19776,2,1,12.634462,0.56,14,0.56,0,68
19777,0,-1,-3.4067156,0.52,13,0.52,0,68
19778,1,0,0.0,0.52,13,0.52,0,68
19779,1,0,0.0,0.52,13,0.52,0,68
19780,0,-1,-15.481869,0.48,12,0.48,0,68
19781,1,0,0.0,0.48,12,0.48,0,68
19782,1,0,0.0,0.48,12,0.48,0,68
19783,2,1,-11.658055,0.52,13,0.52,0,68
19784,0,-1,-0.0,0.52,13,0.52,0,68
19785,0,-1,-0.0,0.52,13,0.52,0,68
19786,2,1,4.4347196,0.56,14,0.56,0,68
19787,1,0,0.0,0.56,14,0.56,0,68
19788,2,1,-1.5877665,0.6,15,0.6,0,68
19789,0,-1,18.235262,0.56,14,0.56,0,68
19790,1,0,0.0,0.56,14,0.56,0,68
19791,0,-1,-0.0,0.56,14,0.56,0,68
19792,1,0,0.0,0.56,14,0.56,0,68
19793,0,-1,-4.4347196,0.52,13,0.52,0,68
19794,1,0,0.0,0.52,13,0.52,0,68
19795,2,1,9.796759,0.56,14,0.56,1,68
19796,2,1,-1.7148662,0.6,15,0.6,0,68
19797,1,0,0.0,0.6,15,0.6,0,68
19798,2,1,-0.049883984,0.64,16,0.64,0,68
19799,0,-1,-0.0,0.64,16,0.64,0,68
19800,0,-1,0.049883984,0.6,15,0.6,0,68
19801,1,0,0.0,0.6,15,0.6,0,68
19802,0,-1,-0.0,0.6,15,0.6,0,68
19803,0,-1,1.3102409,0.56,14,0.56,0,68
19804,2,1,2.9893706,0.6,15,0.6,0,68
19805,0,-1,-0.2749484,0.56,14,0.56,0,68
19806,0,-1,-9.797899,0.52,13,0.52,0,68
19807,0,-1,4.3757167,0.48,12,0.48,1,68
19808,2,1,1.2826608,0.52,13,0.52,0,68
19809,2,1,12.621777,0.56,14,0.56,0,68
19810,1,0,0.0,0.56,14,0.56,0,68
19811,0,-1,-0.0,0.56,14,0.56,0,68
19812,2,1,4.953398,0.6,15,0.6,0,68
19813,0,-1,5.294545,0.56,14,0.56,0,68
19814,1,0,0.0,0.56,14,0.56,0,68
19815,1,0,0.0,0.56,14,0.56,0,68
19816,0,-1,-8.683197,0.52,13,0.52,0,68
19817,1,0,0.0,0.52,13,0.52,0,68
19818,1,0,0.0,0.52,13,0.52,0,68
19819,2,1,4.494461,0.56,14,0.56,0,68
19820,2,1,7.68682,0.6,15,0.6,0,68
19821,0,-1,-0.0,0.6,15,0.6,0,68
19822,0,-1,-0.7646623,0.56,14,0.56,0,68
19823,2,1,6.0573645,0.6,15,0.6,0,68
19824,0,-1,-0.0,0.6,15,0.6,0,68
19825,1,0,0.0,0.6,15,0.6,0,68
19826,2,1,0.9896223,0.64,16,0.64,0,68
19827,1,0,0.0,0.64,16,0.64,0,68
19828,2,1,-8.206322,0.68,17,0.68,0,68
19829,0,-1,-0.0,0.68,17,0.68,0,68
19830,1,0,0.0,0.68,17,0.68,0,68
19831,0,-1,-0.0,0.68,17,0.68,0,68
19832,0,-1,8.206322,0.64,16,0.64,0,68
19833,0,-1,9.085378,0.6,15,0.6,0,68
19834,2,1,-0.8195713,0.64,16,0.64,1,68
19835,0,-1,2.0355053,0.6,15,0.6,0,68
19836,0,-1,-0.0,0.6,15,0.6,0,68
19837,0,-1,1.7449136,0.56,14,0.56,0,68
19838,1,0,0.0,0.56,14,0.56,0,68
19839,1,0,0.0,0.56,14,0.56,0,68
19840,2,1,4.957122,0.6,15,0.6,1,68
19841,0,-1,-0.57854885,0.56,14,0.56,1,68
19842,0,-1,-0.0,0.56,14,0.56,0,68
19843,0,-1,-0.0,0.56,14,0.56,0,68
19844,0,-1,-0.0,0.56,14,0.56,0,68
19845,0,-1,-8.721203,0.52,13,0.52,0,68
19846,2,1,7.4355044,0.56,14,0.56,0,68
19847,2,1,1.7469081,0.6,15,0.6,0,68
19848,2,1,-0.16278824,0.64,16,0.64,0,68
19849,0,-1,-0.0,0.64,16,0.64,0,68
19850,0,-1,0.16278824,0.6,15,0.6,0,68
19851,2,1,-5.3924727,0.64,16,0.64,0,68
19852,0,-1,-0.0,0.64,16,0.64,0,68
19853,0,-1,5.3924727,0.6,15,0.6,0,68
19854,2,1,-5.3924727,0.64,16,0.64,0,68
19855,1,0,0.0,0.64,16,0.64,0,68
19856,0,-1,2.3354883,0.6,15,0.6,1,68
19857,0,-1,-6.822158,0.56,14,0.56,0,68
19858,0,-1,-0.0,0.56,14,0.56,0,68
19859,0,-1,-0.0,0.56,14,0.56,0,68
19860,1,0,0.0,0.56,14,0.56,0,68
19861,2,1,-2.4453552,0.6,15,0.6,0,68
19862,1,0,0.0,0.6,15,0.6,0,68
19863,2,1,-9.508964,0.64,16,0.64,0,68
19864,0,-1,-0.0,0.64,16,0.64,0,68
19865,0,-1,-0.0,0.64,16,0.64,0,68
19866,0,-1,-0.0,0.64,16,0.64,0,68
19867,0,-1,-2.826587,0.6,15,0.6,0,68
19868,2,1,2.6593645,0.64,16,0.64,0,68
19869,0,-1,9.508964,0.6,15,0.6,0,68
19870,0,-1,-0.0,0.6,15,0.6,1,68
19871,0,-1,-4.388783,0.56,14,0.56,0,68
19872,2,1,-4.541525,0.6,15,0.6,0,68
19873,1,0,0.0,0.6,15,0.6,0,68
19874,0,-1,-0.0,0.6,15,0.6,0,68
19875,0,-1,-0.0,0.6,15,0.6,0,68
19876,0,-1,-0.0,0.6,15,0.6,0,68
19877,0,-1,-0.0,0.6,15,0.6,0,68
19878,1,0,0.0,0.6,15,0.6,0,68
19879,0,-1,-7.6608677,0.56,14,0.56,0,68
19880,1,0,0.0,0.56,14,0.56,0,68
19881,0,-1,0.811726,0.52,13,0.52,0,68
19882,0,-1,-0.0,0.52,13,0.52,0,68
19883,1,0,0.0,0.52,13,0.52,0,68
19884,0,-1,-15.552067,0.48,12,0.48,0,68
19885,2,1,11.405599,0.52,13,0.52,1,68
19886,1,0,0.0,0.52,13,0.52,0,68
19887,2,1,-0.81324065,0.56,14,0.56,0,68
19888,0,-1,0.8132406,0.52,13,0.52,0,68
19889,2,1,-0.7829388,0.56,14,0.56,0,68
19890,0,-1,-0.0,0.56,14,0.56,0,68
19891,0,-1,-0.0,0.56,14,0.56,0,68
19892,0,-1,-0.0,0.56,14,0.56,0,68
19893,2,1,8.932208,0.6,15,0.6,0,68
19894,2,1,0.0,0.6,15,0.6,0,68
19895,0,-1,-0.0,0.6,15,0.6,0,68
19896,0,-1,-4.825764,0.56,14,0.56,0,68
19897,0,-1,-0.0,0.56,14,0.56,0,68
19898,0,-1,0.7829388,0.52,13,0.52,0,68
19899,0,-1,-10.726966,0.48,12,0.48,0,68
19900,0,-1,-17.722248,0.44,11,0.44,0,68
19901,1,0,0.0,0.44,11,0.44,0,68
19902,2,1,6.567521,0.48,12,0.48,0,68
19903,2,1,8.062983,0.52,13,0.52,0,68
19904,1,0,0.0,0.52,13,0.52,0,68
19905,0,-1,-8.062983,0.48,12,0.48,0,68
19906,0,-1,-0.0,0.48,12,0.48,1,68
19907,2,1,15.50845,0.52,13,0.52,0,68
19908,1,0,0.0,0.52,13,0.52,0,68
19909,0,-1,-4.1273265,0.48,12,0.48,0,68
19910,0,-1,-0.0,0.48,12,0.48,0,68
19911,2,1,3.169943,0.52,13,0.52,0,68
19912,0,-1,-15.50845,0.48,12,0.48,1,68
19913,1,0,0.0,0.48,12,0.48,1,68
19914,0,-1,-0.0,0.48,12,0.48,0,68
19915,2,1,6.289757,0.52,13,0.52,0,68
19916,2,1,12.658799,0.56,14,0.56,0,68
19917,2,1,4.812127,0.6,15,0.6,0,68
19918,2,1,-7.5172915,0.64,16,0.64,0,68
19919,2,1,-4.18659,0.68,17,0.68,0,68
19920,0,-1,12.185496,0.64,16,0.64,0,68
19921,0,-1,-0.0,0.64,16,0.64,0,68
19922,0,-1,-0.0,0.64,16,0.64,0,68
19923,1,0,0.0,0.64,16,0.64,0,68
19924,0,-1,6.6693635,0.6,15,0.6,0,68
19925,2,1,-0.8557506,0.64,16,0.64,0,68
19926,0,-1,-0.0,0.64,16,0.64,0,68
19927,0,-1,7.5172915,0.6,15,0.6,0,68
19928,2,1,0.019710593,0.64,16,0.64,0,68
19929,2,1,-5.862956,0.68,17,0.68,0,68
19930,2,1,-17.640247,0.72,18,0.72,0,68
19931,1,0,0.0,0.72,18,0.72,0,68
19932,0,-1,16.758896,0.68,17,0.68,0,68
19933,0,-1,7.085921,0.64,16,0.64,0,68
19934,2,1,-9.736988,0.68,17,0.68,0,68
19935,0,-1,13.199322,0.64,16,0.64,0,68
19936,0,-1,2.8381634,0.6,15,0.6,1,68
19937,0,-1,-5.2590685,0.56,14,0.56,0,68
19938,0,-1,-0.0,0.56,14,0.56,0,68
19939,2,1,3.7426434,0.6,15,0.6,0,68
19940,1,0,0.0,0.6,15,0.6,0,68
19941,0,-1,-3.7426434,0.56,14,0.56,0,68
19942,1,0,0.0,0.56,14,0.56,1,68
19943,0,-1,-0.0,0.56,14,0.56,0,68
19944,0,-1,-3.3165562,0.52,13,0.52,0,68
19945,2,1,5.886059,0.56,14,0.56,0,68
19946,1,0,0.0,0.56,14,0.56,0,68
19947,2,1,1.9537795,0.6,15,0.6,0,68
19948,1,0,0.0,0.6,15,0.6,0,68
19949,0,-1,-1.7275023,0.56,14,0.56,0,68
19950,2,1,3.71085,0.6,15,0.6,0,68
19951,0,-1,-0.0,0.6,15,0.6,0,68
19952,1,0,0.0,0.6,15,0.6,0,68
19953,2,1,-4.8751526,0.64,16,0.64,1,68
19954,1,0,0.0,0.64,16,0.64,0,68
19955,2,1,-11.973949,0.68,17,0.68,0,68
19956,0,-1,8.19053,0.64,16,0.64,0,68
19957,0,-1,-0.0,0.64,16,0.64,0,68
19958,2,1,-8.231556,0.68,17,0.68,0,68
19959,0,-1,8.231556,0.64,16,0.64,0,68
19960,0,-1,-0.0,0.64,16,0.64,0,68
19961,0,-1,4.8774996,0.6,15,0.6,0,68
19962,0,-1,-0.0,0.6,15,0.6,1,68
19963,0,-1,-0.0,0.6,15,0.6,0,68
19964,0,-1,-0.0,0.6,15,0.6,0,68
19965,0,-1,-6.7308054,0.56,14,0.56,0,68
19966,2,1,1.4628682,0.6,15,0.6,0,68
19967,0,-1,0.078503124,0.56,14,0.56,0,68
19968,0,-1,-0.0,0.56,14,0.56,1,68
19969,1,0,0.0,0.56,14,0.56,0,68
19970,0,-1,-0.0,0.56,14,0.56,0,68
19971,2,1,1.7154914,0.6,15,0.6,0,68
19972,1,0,0.0,0.6,15,0.6,0,68
19973,0,-1,-7.7737093,0.56,14,0.56,1,68
19974,2,1,-0.43187055,0.6,15,0.6,0,68
19975,0,-1,-2.1417878,0.56,14,0.56,0,68
19976,0,-1,-5.6675324,0.52,13,0.52,0,68
19977,0,-1,-15.524811,0.48,12,0.48,0,68
19978,2,1,11.374109,0.52,13,0.52,0,68
19979,2,1,3.3297873,0.56,14,0.56,0,68
19980,2,1,3.6810358,0.6,15,0.6,0,68
19981,2,1,-2.857436,0.64,16,0.64,0,68
19982,0,-1,0.20232011,0.6,15,0.6,0,68
19983,1,0,0.0,0.6,15,0.6,0,68
19984,2,1,3.9207447,0.64,16,0.64,0,68
19985,0,-1,-0.0,0.64,16,0.64,0,68
19986,0,-1,5.4310937,0.6,15,0.6,0,68
19987,2,1,-5.5607023,0.64,16,0.64,0,68
19988,0,-1,-3.9207447,0.6,15,0.6,0,68
19989,1,0,0.0,0.6,15,0.6,0,68
19990,2,1,-5.4310937,0.64,16,0.64,0,68
19991,1,0,0.0,0.64,16,0.64,0,68
19992,0,-1,5.4310937,0.6,15,0.6,0,68
19993,0,-1,0.5614791,0.56,14,0.56,0,68
19994,0,-1,-0.0,0.56,14,0.56,0,68
19995,0,-1,-5.1790423,0.52,13,0.52,0,68
19996,1,0,0.0,0.52,13,0.52,0,68
19997,0,-1,-0.0,0.52,13,0.52,1,68
19998,1,0,0.0,0.52,13,0.52,0,68
19999,0,-1,-0.0,0.52,13,0.52,0,68
20000,2,1,5.1717405,0.56,14,0.56,0,68
