timestep,action,mapped_action,reward,resource_usage,element_count,budget_proximity,took_timestep,episode
1,0,-1,0.0,0.16,4,0.16,0,0
2,0,-1,0.0,0.16,4,0.16,0,0
3,2,1,33.268265,0.2,5,0.2,0,0
4,0,-1,0.0,0.2,5,0.2,0,0
5,0,-1,-32.89502,0.16,4,0.16,0,0
6,0,-1,0.0,0.16,4,0.16,0,0
7,2,1,32.93794,0.2,5,0.2,0,0
8,0,-1,-32.93794,0.16,4,0.16,0,0
9,1,0,0.0,0.16,4,0.16,0,0
10,1,0,0.0,0.16,4,0.16,0,0
11,0,-1,0.0,0.16,4,0.16,0,0
12,2,1,33.268265,0.2,5,0.2,0,0
13,2,1,31.681099,0.24,6,0.24,0,0
14,0,-1,-33.14954,0.2,5,0.2,0,0
15,2,1,33.21716,0.24,6,0.24,0,0
16,0,-1,-33.21716,0.2,5,0.2,0,0
17,2,1,33.24712,0.24,6,0.24,0,0
18,2,1,33.098835,0.28,7,0.28,0,0
19,1,0,0.0,0.28,7,0.28,0,0
20,2,1,32.933266,0.32,8,0.32,0,0
21,2,1,32.716938,0.36,9,0.36,1,0
22,0,-1,0.0,0.36,9,0.36,0,0
23,1,0,0.0,0.36,9,0.36,0,0
24,2,1,30.212332,0.4,10,0.4,0,0
25,0,-1,0.0,0.4,10,0.4,0,0
26,1,0,0.0,0.4,10,0.4,0,0
27,0,-1,-30.247541,0.36,9,0.36,0,0
28,2,1,30.271538,0.4,10,0.4,0,0
29,1,0,0.0,0.4,10,0.4,0,0
30,2,1,29.931364,0.44,11,0.44,0,0
31,2,1,29.666428,0.48,12,0.48,0,0
32,2,1,29.029003,0.52,13,0.52,0,0
33,1,0,0.0,0.52,13,0.52,0,0
34,0,-1,-28.852755,0.48,12,0.48,0,0
35,2,1,28.940523,0.52,13,0.52,0,0
36,2,1,28.228617,0.56,14,0.56,0,0
37,2,1,27.29589,0.6,15,0.6,0,0
38,0,-1,-27.295872,0.56,14,0.56,0,0
39,0,-1,0.0,0.56,14,0.56,0,0
40,2,1,27.290804,0.6,15,0.6,0,0
41,2,1,26.03182,0.64,16,0.64,0,0
42,2,1,24.306013,0.68,17,0.68,0,0
43,2,1,21.836018,0.72,18,0.72,0,0
44,0,-1,-21.836014,0.68,17,0.68,1,0
45,1,0,0.0,0.68,17,0.68,0,0
46,0,-1,-25.882532,0.64,16,0.64,0,0
47,0,-1,0.0,0.64,16,0.64,0,0
48,0,-1,0.0,0.64,16,0.64,0,0
49,1,0,0.0,0.64,16,0.64,0,0
50,2,1,25.882242,0.68,17,0.68,0,0
51,2,1,23.390574,0.72,18,0.72,0,0
52,2,1,19.690756,0.76,19,0.76,0,0
53,1,0,0.0,0.76,19,0.76,0,0
54,2,1,13.746733,0.8,20,0.8,0,0
55,2,1,3.3376389,0.84,21,0.84,0,0
56,1,0,0.0,0.84,21,0.84,0,0
57,2,1,-17.488766,0.88,22,0.88,0,0
58,1,0,0.0,0.88,22,0.88,0,0
59,2,1,-69.56564,0.92,23,0.92,0,0
60,0,-1,69.56565,0.88,22,0.88,0,0
61,2,1,-69.56564,0.92,23,0.92,0,0
62,0,-1,69.56565,0.88,22,0.88,0,0
63,2,1,-69.5657,0.92,23,0.92,0,0
64,2,1,-277.89304,0.96,24,0.96,0,0
65,2,1,34.740017,1.0,25,1.0,0,0
66,1,0,0.0,1.0,25,1.0,0,0
67,2,1,34.740013,1.0,25,1.0,0,0
68,0,-1,-34.740013,0.96,24,0.96,0,0
69,0,-1,0.0,0.96,24,0.96,0,0
70,0,-1,277.89297,0.92,23,0.92,0,0
71,2,1,-277.89307,0.96,24,0.96,1,0
72,2,1,36.7624,1.0,25,1.0,0,0
73,0,-1,-36.762966,0.96,24,0.96,0,0
74,2,1,36.762917,1.0,25,1.0,0,0
75,1,0,0.0,1.0,25,1.0,0,0
76,1,0,0.0,1.0,25,1.0,0,0
77,2,1,36.762917,1.0,25,1.0,0,0
78,1,0,0.0,1.0,25,1.0,1,0
79,0,-1,-72.99737,0.96,24,0.96,0,0
80,1,0,0.0,0.96,24,0.96,0,0
81,1,0,0.0,0.96,24,0.96,0,0
82,0,-1,239.63559,0.92,23,0.92,0,0
83,1,0,0.0,0.92,23,0.92,0,0
84,1,0,0.0,0.92,23,0.92,0,0
85,2,1,-239.63559,0.96,24,0.96,0,0
86,1,0,0.0,0.96,24,0.96,0,0
87,0,-1,0.0,0.96,24,0.96,0,0
88,2,1,72.99737,1.0,25,1.0,0,0
89,1,0,0.0,1.0,25,1.0,0,0
90,0,-1,0.0,1.0,25,1.0,0,0
91,1,0,0.0,1.0,25,1.0,0,0
92,2,1,72.99737,1.0,25,1.0,0,0
93,2,1,72.99737,1.0,25,1.0,0,0
94,1,0,0.0,1.0,25,1.0,0,0
95,0,-1,0.0,1.0,25,1.0,0,0
96,2,1,72.99737,1.0,25,1.0,0,0
97,1,0,0.0,1.0,25,1.0,0,0
98,0,-1,0.0,1.0,25,1.0,0,0
99,1,0,0.0,1.0,25,1.0,0,0
100,2,1,72.99737,1.0,25,1.0,0,0
101,2,1,72.99737,1.0,25,1.0,0,0
102,2,1,72.99737,1.0,25,1.0,0,0
103,2,1,72.99737,1.0,25,1.0,0,0
104,0,-1,-72.99737,0.96,24,0.96,0,0
105,2,1,72.99737,1.0,25,1.0,1,0
106,0,-1,-70.086075,0.96,24,0.96,0,0
107,0,-1,0.0,0.96,24,0.96,0,0
108,1,0,0.0,0.96,24,0.96,0,0
109,2,1,70.086075,1.0,25,1.0,0,0
110,0,-1,0.0,1.0,25,1.0,0,0
111,2,1,70.086075,1.0,25,1.0,0,0
112,1,0,0.0,1.0,25,1.0,0,0
113,1,0,0.0,1.0,25,1.0,0,0
114,0,-1,-70.086075,0.96,24,0.96,1,0
115,2,1,61.883884,1.0,25,1.0,0,0
116,0,-1,-61.883884,0.96,24,0.96,0,0
117,2,1,61.883884,1.0,25,1.0,0,0
118,2,1,61.883884,1.0,25,1.0,0,0
119,0,-1,-61.883884,0.96,24,0.96,0,0
120,2,1,61.883884,1.0,25,1.0,0,0
121,2,1,61.883884,1.0,25,1.0,0,0
122,2,1,61.883884,1.0,25,1.0,0,0
123,1,0,0.0,1.0,25,1.0,0,0
124,2,1,61.883884,1.0,25,1.0,0,0
125,1,0,0.0,1.0,25,1.0,0,0
126,2,1,0.0,1.0,25,1.0,1,0
127,1,0,0.0,1.0,25,1.0,0,0
128,1,0,0.0,1.0,25,1.0,0,0
129,1,0,0.0,1.0,25,1.0,0,0
130,1,0,0.0,1.0,25,1.0,0,0
131,1,0,0.0,1.0,25,1.0,0,0
132,0,-1,-34.83086,0.96,24,0.96,0,0
133,0,-1,275.359,0.92,23,0.92,0,0
134,0,-1,67.02138,0.88,22,0.88,0,0
135,2,1,-67.02142,0.92,23,0.92,0,0
136,2,1,-275.34885,0.96,24,0.96,0,0
137,2,1,37.284176,1.0,25,1.0,0,0
138,2,1,37.284176,1.0,25,1.0,0,0
139,1,0,0.0,1.0,25,1.0,0,0
140,1,0,0.0,1.0,25,1.0,0,0
141,2,1,37.284176,1.0,25,1.0,0,0
142,0,-1,-37.284164,0.96,24,0.96,0,0
143,2,1,37.283554,1.0,25,1.0,0,0
144,1,0,0.0,1.0,25,1.0,0,0
145,2,1,37.283558,1.0,25,1.0,0,0
146,2,1,37.283558,1.0,25,1.0,0,0
147,2,1,37.283558,1.0,25,1.0,0,0
148,1,0,0.0,1.0,25,1.0,0,0
149,2,1,0.0,1.0,25,1.0,0,0
150,2,1,37.283558,1.0,25,1.0,0,0
151,1,0,0.0,1.0,25,1.0,0,0
152,2,1,37.283558,1.0,25,1.0,0,0
153,1,0,0.0,1.0,25,1.0,0,0
154,0,-1,-37.283558,0.96,24,0.96,0,0
155,2,1,37.283443,1.0,25,1.0,0,0
156,0,-1,-37.283443,0.96,24,0.96,1,0
157,2,1,35.359123,1.0,25,1.0,0,0
158,0,-1,-35.36096,0.96,24,0.96,0,0
159,1,0,0.0,0.96,24,0.96,0,0
160,1,0,0.0,0.96,24,0.96,0,0
161,0,-1,0.0,0.96,24,0.96,0,0
162,2,1,0.0,0.96,24,0.96,0,0
163,2,1,35.36082,1.0,25,1.0,0,0
164,2,1,35.36082,1.0,25,1.0,0,0
165,0,-1,-35.36082,0.96,24,0.96,0,0
166,2,1,35.3589,1.0,25,1.0,0,0
167,0,-1,0.0,1.0,25,1.0,0,0
168,0,-1,0.0,1.0,25,1.0,0,0
169,2,1,35.359123,1.0,25,1.0,0,0
170,0,-1,-35.359123,0.96,24,0.96,0,0
171,2,1,35.36082,1.0,25,1.0,0,0
172,0,-1,-35.36082,0.96,24,0.96,0,0
173,2,1,0.0,0.96,24,0.96,0,0
174,2,1,35.360798,1.0,25,1.0,0,0
175,2,1,35.36082,1.0,25,1.0,0,0
176,2,1,35.36082,1.0,25,1.0,0,0
177,2,1,35.36082,1.0,25,1.0,0,0
178,0,-1,-35.36082,0.96,24,0.96,0,0
179,1,0,0.0,0.96,24,0.96,0,0
180,2,1,35.34599,1.0,25,1.0,0,0
181,1,0,0.0,1.0,25,1.0,0,0
182,2,1,35.35107,1.0,25,1.0,1,0
183,1,0,0.0,1.0,25,1.0,0,0
184,2,1,34.845932,1.0,25,1.0,0,0
185,2,1,34.845932,1.0,25,1.0,0,0
186,2,1,34.845932,1.0,25,1.0,0,0
187,0,-1,0.0,1.0,25,1.0,0,0
188,1,0,0.0,1.0,25,1.0,0,0
189,2,1,34.845932,1.0,25,1.0,0,0
190,1,0,0.0,1.0,25,1.0,0,0
191,1,0,0.0,1.0,25,1.0,0,0
192,1,0,0.0,1.0,25,1.0,0,0
193,1,0,0.0,1.0,25,1.0,0,0
194,2,1,0.0,1.0,25,1.0,0,0
195,0,-1,-34.845932,0.96,24,0.96,0,0
196,1,0,0.0,0.96,24,0.96,1,0
197,1,0,0.0,0.96,24,0.96,0,0
198,1,0,0.0,0.96,24,0.96,0,0
199,2,1,35.409565,1.0,25,1.0,0,0
200,2,1,0.0,0.0,0,0.0,0,0
201,2,1,32.87495,0.2,5,0.2,0,1
202,2,1,32.805973,0.24,6,0.24,0,1
203,0,-1,0.0,0.24,6,0.24,0,1
204,1,0,0.0,0.24,6,0.24,0,1
205,2,1,32.687405,0.28,7,0.28,0,1
206,1,0,0.0,0.28,7,0.28,0,1
207,2,1,32.92952,0.32,8,0.32,0,1
208,2,1,30.790485,0.36,9,0.36,0,1
209,2,1,30.444838,0.4,10,0.4,0,1
210,2,1,30.099245,0.44,11,0.44,0,1
211,0,-1,0.0,0.44,11,0.44,0,1
212,2,1,29.663704,0.48,12,0.48,0,1
213,0,-1,0.0,0.48,12,0.48,0,1
214,1,0,0.0,0.48,12,0.48,0,1
215,2,1,29.110497,0.52,13,0.52,0,1
216,0,-1,-31.011356,0.48,12,0.48,0,1
217,2,1,31.109028,0.52,13,0.52,1,1
218,1,0,0.0,0.52,13,0.52,0,1
219,2,1,28.43382,0.56,14,0.56,0,1
220,1,0,0.0,0.56,14,0.56,0,1
221,2,1,27.483728,0.6,15,0.6,0,1
222,2,1,26.365602,0.64,16,0.64,0,1
223,2,1,24.42097,0.68,17,0.68,0,1
224,0,-1,-24.052189,0.64,16,0.64,1,1
225,2,1,24.444746,0.68,17,0.68,0,1
226,1,0,0.0,0.68,17,0.68,0,1
227,2,1,21.972078,0.72,18,0.72,0,1
228,2,1,18.257927,0.76,19,0.76,0,1
229,1,0,0.0,0.76,19,0.76,1,1
230,1,0,0.0,0.76,19,0.76,0,1
231,2,1,12.239552,0.8,20,0.8,0,1
232,2,1,1.8160118,0.84,21,0.84,0,1
233,1,0,0.0,0.84,21,0.84,0,1
234,2,1,-19.008543,0.88,22,0.88,0,1
235,0,-1,0.0,0.88,22,0.88,0,1
236,0,-1,19.008581,0.84,21,0.84,0,1
237,0,-1,0.0,0.84,21,0.84,0,1
238,0,-1,-1.817737,0.8,20,0.8,1,1
239,1,0,0.0,0.8,20,0.8,0,1
240,1,0,0.0,0.8,20,0.8,0,1
241,2,1,41.353382,0.84,21,0.84,0,1
242,0,-1,-41.353382,0.8,20,0.8,0,1
243,2,1,41.353382,0.84,21,0.84,0,1
244,0,-1,-41.353382,0.8,20,0.8,0,1
245,2,1,41.353382,0.84,21,0.84,0,1
246,1,0,0.0,0.84,21,0.84,0,1
247,0,-1,-41.353382,0.8,20,0.8,0,1
248,2,1,41.353382,0.84,21,0.84,0,1
249,2,1,20.526974,0.88,22,0.88,0,1
250,0,-1,-20.526974,0.84,21,0.84,0,1
251,2,1,20.526974,0.88,22,0.88,0,1
252,0,-1,-20.526974,0.84,21,0.84,0,1
253,2,1,20.526974,0.88,22,0.88,1,1
254,0,-1,0.0,0.88,22,0.88,0,1
255,2,1,-42.52819,0.92,23,0.92,0,1
256,0,-1,42.52819,0.88,22,0.88,0,1
257,2,1,-42.52819,0.92,23,0.92,0,1
258,2,1,-250.85568,0.96,24,0.96,0,1
259,2,1,61.777287,1.0,25,1.0,0,1
260,1,0,0.0,1.0,25,1.0,0,1
261,0,-1,-67.40101,0.96,24,0.96,0,1
262,1,0,0.0,0.96,24,0.96,0,1
263,2,1,67.40101,1.0,25,1.0,0,1
264,0,-1,-67.40101,0.96,24,0.96,0,1
265,0,-1,245.23196,0.92,23,0.92,0,1
266,1,0,0.0,0.92,23,0.92,0,1
267,2,1,-245.23196,0.96,24,0.96,0,1
268,1,0,0.0,0.96,24,0.96,0,1
269,2,1,67.40101,1.0,25,1.0,0,1
270,2,1,67.40101,1.0,25,1.0,0,1
271,2,1,67.40101,1.0,25,1.0,0,1
272,2,1,67.40101,1.0,25,1.0,0,1
273,0,-1,-67.40101,0.96,24,0.96,0,1
274,2,1,67.40742,1.0,25,1.0,0,1
275,2,1,67.40742,1.0,25,1.0,0,1
276,1,0,0.0,1.0,25,1.0,0,1
277,2,1,67.40742,1.0,25,1.0,1,1
278,0,-1,0.0,1.0,25,1.0,0,1
279,2,1,40.53955,1.0,25,1.0,0,1
280,1,0,0.0,1.0,25,1.0,0,1
281,2,1,40.53955,1.0,25,1.0,0,1
282,0,-1,0.0,1.0,25,1.0,0,1
283,2,1,40.53955,1.0,25,1.0,0,1
284,2,1,40.53955,1.0,25,1.0,0,1
285,2,1,40.53955,1.0,25,1.0,0,1
286,0,-1,0.0,1.0,25,1.0,0,1
287,2,1,40.53955,1.0,25,1.0,0,1
288,1,0,0.0,1.0,25,1.0,0,1
289,0,-1,-40.53955,0.96,24,0.96,0,1
290,2,1,40.53955,1.0,25,1.0,0,1
291,1,0,0.0,1.0,25,1.0,0,1
292,2,1,40.539547,1.0,25,1.0,0,1
293,0,-1,0.0,1.0,25,1.0,0,1
294,2,1,40.539547,1.0,25,1.0,0,1
295,2,1,40.539547,1.0,25,1.0,0,1
296,2,1,40.539547,1.0,25,1.0,0,1
297,2,1,40.539547,1.0,25,1.0,0,1
298,2,1,40.539547,1.0,25,1.0,0,1
299,0,-1,0.0,1.0,25,1.0,0,1
300,2,1,40.539547,1.0,25,1.0,0,1
301,0,-1,-40.539547,0.96,24,0.96,0,1
302,2,1,40.539547,1.0,25,1.0,0,1
303,2,1,40.539547,1.0,25,1.0,1,1
304,2,1,37.18416,1.0,25,1.0,0,1
305,2,1,37.18416,1.0,25,1.0,0,1
306,2,1,37.18416,1.0,25,1.0,0,1
307,1,0,0.0,1.0,25,1.0,0,1
308,2,1,37.18416,1.0,25,1.0,0,1
309,2,1,37.18416,1.0,25,1.0,1,1
310,2,1,35.17436,1.0,25,1.0,0,1
311,1,0,0.0,1.0,25,1.0,0,1
312,1,0,0.0,1.0,25,1.0,0,1
313,2,1,35.17436,1.0,25,1.0,0,1
314,2,1,35.17436,1.0,25,1.0,0,1
315,2,1,35.17436,1.0,25,1.0,0,1
316,1,0,0.0,1.0,25,1.0,0,1
317,0,-1,-35.17436,0.96,24,0.96,0,1
318,2,1,35.17436,1.0,25,1.0,0,1
319,0,-1,0.0,1.0,25,1.0,0,1
320,2,1,35.17436,1.0,25,1.0,0,1
321,2,1,35.17436,1.0,25,1.0,0,1
322,0,-1,0.0,1.0,25,1.0,0,1
323,2,1,35.17436,1.0,25,1.0,0,1
324,0,-1,0.0,1.0,25,1.0,1,1
325,2,1,34.31696,1.0,25,1.0,0,1
326,2,1,34.31696,1.0,25,1.0,0,1
327,2,1,34.31696,1.0,25,1.0,0,1
328,1,0,0.0,1.0,25,1.0,0,1
329,2,1,34.31696,1.0,25,1.0,0,1
330,1,0,0.0,1.0,25,1.0,0,1
331,2,1,34.31696,1.0,25,1.0,0,1
332,0,-1,0.0,1.0,25,1.0,0,1
333,0,-1,0.0,1.0,25,1.0,0,1
334,0,-1,-34.31696,0.96,24,0.96,1,1
335,2,1,34.23084,1.0,25,1.0,0,1
336,2,1,34.231533,1.0,25,1.0,0,1
337,0,-1,-34.231533,0.96,24,0.96,0,1
338,2,1,34.23153,1.0,25,1.0,0,1
339,0,-1,-34.231537,0.96,24,0.96,0,1
340,2,1,34.26332,1.0,25,1.0,0,1
341,2,1,34.25178,1.0,25,1.0,0,1
342,1,0,0.0,1.0,25,1.0,0,1
343,2,1,34.25178,1.0,25,1.0,0,1
344,2,1,34.25178,1.0,25,1.0,0,1
345,2,1,34.25178,1.0,25,1.0,0,1
346,1,0,0.0,1.0,25,1.0,0,1
347,1,0,0.0,1.0,25,1.0,0,1
348,0,-1,-34.22993,0.96,24,0.96,0,1
349,1,0,0.0,0.96,24,0.96,0,1
350,2,1,34.28852,1.0,25,1.0,0,1
351,2,1,34.288525,1.0,25,1.0,0,1
352,2,1,34.288525,1.0,25,1.0,0,1
353,2,1,34.288525,1.0,25,1.0,0,1
354,0,-1,0.0,1.0,25,1.0,0,1
355,2,1,34.288525,1.0,25,1.0,0,1
356,2,1,34.288525,1.0,25,1.0,0,1
357,0,-1,-34.288525,0.96,24,0.96,0,1
358,2,1,34.288498,1.0,25,1.0,0,1
359,2,1,34.2885,1.0,25,1.0,1,1
360,2,1,34.287098,1.0,25,1.0,0,1
361,2,1,34.287098,1.0,25,1.0,0,1
362,2,1,34.287098,1.0,25,1.0,0,1
363,2,1,34.287098,1.0,25,1.0,0,1
364,2,1,34.287098,1.0,25,1.0,0,1
365,2,1,34.287098,1.0,25,1.0,0,1
366,2,1,34.287098,1.0,25,1.0,0,1
367,2,1,34.287098,1.0,25,1.0,0,1
368,1,0,0.0,1.0,25,1.0,0,1
369,2,1,34.287098,1.0,25,1.0,0,1
370,2,1,34.287098,1.0,25,1.0,0,1
371,2,1,34.287098,1.0,25,1.0,0,1
372,0,-1,0.0,1.0,25,1.0,0,1
373,2,1,34.287098,1.0,25,1.0,0,1
374,2,1,34.287098,1.0,25,1.0,0,1
375,2,1,34.287098,1.0,25,1.0,0,1
376,1,0,0.0,1.0,25,1.0,0,1
377,2,1,34.287098,1.0,25,1.0,0,1
378,2,1,34.287098,1.0,25,1.0,0,1
379,0,-1,-34.20198,0.96,24,0.96,0,1
380,2,1,34.308487,1.0,25,1.0,0,1
381,0,-1,-34.30927,0.96,24,0.96,0,1
382,2,1,34.262005,1.0,25,1.0,0,1
383,0,-1,0.0,1.0,25,1.0,0,1
384,0,-1,-34.27198,0.96,24,0.96,0,1
385,2,1,34.30931,1.0,25,1.0,0,1
386,2,1,34.309315,1.0,25,1.0,0,1
387,2,1,34.309315,1.0,25,1.0,0,1
388,1,0,0.0,1.0,25,1.0,1,1
389,1,0,0.0,1.0,25,1.0,0,1
390,2,1,72.76919,1.0,25,1.0,0,1
391,2,1,72.76919,1.0,25,1.0,0,1
392,2,1,72.76919,1.0,25,1.0,0,1
393,1,0,0.0,1.0,25,1.0,0,1
394,1,0,0.0,1.0,25,1.0,0,1
395,2,1,72.76919,1.0,25,1.0,0,1
396,2,1,72.76919,1.0,25,1.0,0,1
397,2,1,72.76919,1.0,25,1.0,1,1
398,2,1,67.35564,1.0,25,1.0,0,1
399,1,0,0.0,1.0,25,1.0,0,1
400,2,1,0.0,0.0,0,0.0,0,1
401,1,0,0.0,0.16,4,0.16,0,2
402,1,0,0.0,0.16,4,0.16,0,2
403,0,-1,0.0,0.16,4,0.16,0,2
404,1,0,0.0,0.16,4,0.16,1,2
405,2,1,34.340054,0.2,5,0.2,0,2
406,0,-1,0.0,0.2,5,0.2,0,2
407,0,-1,0.0,0.2,5,0.2,0,2
408,1,0,0.0,0.2,5,0.2,0,2
409,1,0,0.0,0.2,5,0.2,0,2
410,1,0,0.0,0.2,5,0.2,0,2
411,0,-1,0.0,0.2,5,0.2,0,2
412,2,1,34.26962,0.24,6,0.24,0,2
413,2,1,32.34038,0.28,7,0.28,0,2
414,0,-1,0.0,0.28,7,0.28,0,2
415,0,-1,-34.091663,0.24,6,0.24,0,2
416,2,1,32.34038,0.28,7,0.28,0,2
417,2,1,32.000587,0.32,8,0.32,0,2
418,2,1,31.796621,0.36,9,0.36,1,2
419,2,1,32.61058,0.4,10,0.4,0,2
420,0,-1,-33.181873,0.36,9,0.36,0,2
421,2,1,33.131477,0.4,10,0.4,0,2
422,2,1,32.787327,0.44,11,0.44,0,2
423,1,0,0.0,0.44,11,0.44,0,2
424,2,1,31.844307,0.48,12,0.48,0,2
425,2,1,31.216375,0.52,13,0.52,0,2
426,0,-1,-31.216848,0.48,12,0.48,0,2
427,0,-1,-31.769981,0.44,11,0.44,0,2
428,0,-1,0.0,0.44,11,0.44,0,2
429,0,-1,0.0,0.44,11,0.44,0,2
430,1,0,0.0,0.44,11,0.44,0,2
431,1,0,0.0,0.44,11,0.44,1,2
432,1,0,0.0,0.44,11,0.44,0,2
433,0,-1,-31.652937,0.4,10,0.4,0,2
434,2,1,31.645287,0.44,11,0.44,0,2
435,2,1,31.211811,0.48,12,0.48,0,2
436,2,1,30.659218,0.52,13,0.52,0,2
437,0,-1,0.0,0.52,13,0.52,1,2
438,1,0,0.0,0.52,13,0.52,0,2
439,0,-1,-68.38404,0.48,12,0.48,0,2
440,0,-1,-69.217735,0.44,11,0.44,0,2
441,2,1,69.20503,0.48,12,0.48,0,2
442,2,1,68.651825,0.52,13,0.52,0,2
443,2,1,67.93997,0.56,14,0.56,0,2
444,0,-1,0.0,0.56,14,0.56,0,2
445,2,1,67.00752,0.6,15,0.6,0,2
446,1,0,0.0,0.6,15,0.6,0,2
447,0,-1,-67.00752,0.56,14,0.56,0,2
448,2,1,67.00752,0.6,15,0.6,0,2
449,0,-1,-67.00752,0.56,14,0.56,0,2
450,2,1,67.00752,0.6,15,0.6,0,2
451,1,0,0.0,0.6,15,0.6,0,2
452,2,1,65.47723,0.64,16,0.64,0,2
453,2,1,63.75252,0.68,17,0.68,0,2
454,0,-1,-63.75252,0.64,16,0.64,0,2
455,2,1,63.75252,0.68,17,0.68,0,2
456,2,1,61.282574,0.72,18,0.72,0,2
457,2,1,57.571537,0.76,19,0.76,0,2
458,2,1,51.621075,0.8,20,0.8,0,2
459,0,-1,0.0,0.8,20,0.8,0,2
460,2,1,41.211987,0.84,21,0.84,0,2
461,2,1,20.385578,0.88,22,0.88,0,2
462,2,1,-31.691402,0.92,23,0.92,0,2
463,2,1,-240.01889,0.96,24,0.96,0,2
464,2,1,72.610855,1.0,25,1.0,0,2
465,1,0,0.0,1.0,25,1.0,0,2
466,2,1,72.610855,1.0,25,1.0,0,2
467,2,1,72.610855,1.0,25,1.0,1,2
468,2,1,66.78656,1.0,25,1.0,0,2
469,2,1,66.78656,1.0,25,1.0,0,2
470,2,1,66.78656,1.0,25,1.0,0,2
471,2,1,66.78656,1.0,25,1.0,0,2
472,2,1,66.78656,1.0,25,1.0,0,2
473,2,1,66.78656,1.0,25,1.0,0,2
474,2,1,66.78656,1.0,25,1.0,0,2
475,2,1,66.78656,1.0,25,1.0,0,2
476,2,1,66.78656,1.0,25,1.0,0,2
477,2,1,66.78656,1.0,25,1.0,0,2
478,2,1,66.78656,1.0,25,1.0,0,2
479,2,1,66.78656,1.0,25,1.0,0,2
480,2,1,66.78656,1.0,25,1.0,0,2
481,2,1,66.78656,1.0,25,1.0,0,2
482,1,0,0.0,1.0,25,1.0,0,2
483,2,1,66.78656,1.0,25,1.0,0,2
484,2,1,66.78656,1.0,25,1.0,0,2
485,0,-1,-66.78656,0.96,24,0.96,0,2
486,2,1,66.78656,1.0,25,1.0,0,2
487,2,1,66.78656,1.0,25,1.0,0,2
488,2,1,66.78656,1.0,25,1.0,0,2
489,0,-1,-66.78656,0.96,24,0.96,0,2
490,0,-1,0.0,0.96,24,0.96,0,2
491,2,1,66.78494,1.0,25,1.0,1,2
492,2,1,36.93817,1.0,25,1.0,0,2
493,2,1,36.93817,1.0,25,1.0,0,2
494,2,1,36.93817,1.0,25,1.0,0,2
495,0,-1,0.0,1.0,25,1.0,0,2
496,2,1,36.93817,1.0,25,1.0,0,2
497,2,1,36.93817,1.0,25,1.0,0,2
498,2,1,36.93817,1.0,25,1.0,0,2
499,2,1,36.93817,1.0,25,1.0,0,2
500,2,1,36.93817,1.0,25,1.0,1,2
501,2,1,34.349106,1.0,25,1.0,0,2
502,2,1,34.349106,1.0,25,1.0,0,2
503,2,1,34.349106,1.0,25,1.0,0,2
504,2,1,34.349106,1.0,25,1.0,0,2
505,2,1,34.349106,1.0,25,1.0,0,2
506,2,1,34.349106,1.0,25,1.0,0,2
507,2,1,34.349106,1.0,25,1.0,0,2
508,2,1,34.349106,1.0,25,1.0,0,2
509,2,1,34.349106,1.0,25,1.0,0,2
510,2,1,34.349106,1.0,25,1.0,0,2
511,2,1,34.349106,1.0,25,1.0,0,2
512,2,1,34.349106,1.0,25,1.0,0,2
513,1,0,0.0,1.0,25,1.0,0,2
514,2,1,34.349106,1.0,25,1.0,0,2
515,0,-1,0.0,1.0,25,1.0,0,2
516,2,1,34.349106,1.0,25,1.0,0,2
517,2,1,34.349106,1.0,25,1.0,0,2
518,2,1,34.349106,1.0,25,1.0,0,2
519,2,1,34.349106,1.0,25,1.0,1,2
520,1,0,0.0,1.0,25,1.0,0,2
521,2,1,34.357685,1.0,25,1.0,0,2
522,2,1,34.357685,1.0,25,1.0,0,2
523,2,1,34.357685,1.0,25,1.0,0,2
524,2,1,34.357685,1.0,25,1.0,0,2
525,2,1,34.357685,1.0,25,1.0,0,2
526,2,1,34.357685,1.0,25,1.0,0,2
527,2,1,34.357685,1.0,25,1.0,1,2
528,0,-1,0.0,1.0,25,1.0,0,2
529,2,1,34.28985,1.0,25,1.0,0,2
530,2,1,34.28985,1.0,25,1.0,0,2
531,2,1,34.28985,1.0,25,1.0,0,2
532,2,1,34.28985,1.0,25,1.0,0,2
533,2,1,34.28985,1.0,25,1.0,0,2
534,2,1,34.28985,1.0,25,1.0,0,2
535,2,1,34.28985,1.0,25,1.0,0,2
536,2,1,34.28985,1.0,25,1.0,0,2
537,2,1,34.28985,1.0,25,1.0,0,2
538,2,1,34.28985,1.0,25,1.0,0,2
539,1,0,0.0,1.0,25,1.0,0,2
540,2,1,34.28985,1.0,25,1.0,0,2
541,2,1,34.28985,1.0,25,1.0,0,2
542,2,1,34.28985,1.0,25,1.0,0,2
543,2,1,34.28985,1.0,25,1.0,0,2
544,2,1,34.28985,1.0,25,1.0,0,2
545,2,1,34.28985,1.0,25,1.0,0,2
546,2,1,34.28985,1.0,25,1.0,0,2
547,2,1,34.28985,1.0,25,1.0,0,2
548,0,-1,0.0,1.0,25,1.0,0,2
549,2,1,34.28985,1.0,25,1.0,0,2
550,2,1,34.28985,1.0,25,1.0,0,2
551,0,-1,-34.28985,0.96,24,0.96,1,2
552,2,1,34.188923,1.0,25,1.0,0,2
553,2,1,34.195553,1.0,25,1.0,0,2
554,2,1,34.195553,1.0,25,1.0,0,2
555,2,1,34.195553,1.0,25,1.0,0,2
556,2,1,34.195553,1.0,25,1.0,0,2
557,1,0,0.0,1.0,25,1.0,0,2
558,1,0,0.0,1.0,25,1.0,0,2
559,2,1,34.195553,1.0,25,1.0,0,2
560,2,1,34.195553,1.0,25,1.0,0,2
561,2,1,34.195553,1.0,25,1.0,0,2
562,2,1,34.195553,1.0,25,1.0,0,2
563,2,1,34.195553,1.0,25,1.0,0,2
564,2,1,34.195553,1.0,25,1.0,0,2
565,2,1,34.195553,1.0,25,1.0,0,2
566,2,1,34.195553,1.0,25,1.0,0,2
567,2,1,34.195553,1.0,25,1.0,0,2
568,2,1,34.195553,1.0,25,1.0,1,2
569,2,1,34.25582,1.0,25,1.0,0,2
570,2,1,34.25582,1.0,25,1.0,0,2
571,2,1,34.25582,1.0,25,1.0,0,2
572,2,1,34.25582,1.0,25,1.0,0,2
573,2,1,34.25582,1.0,25,1.0,1,2
574,2,1,72.55773,1.0,25,1.0,0,2
575,0,-1,-72.55773,0.96,24,0.96,0,2
576,2,1,72.55773,1.0,25,1.0,0,2
577,2,1,72.55773,1.0,25,1.0,0,2
578,1,0,0.0,1.0,25,1.0,0,2
579,2,1,72.55773,1.0,25,1.0,0,2
580,2,1,72.55773,1.0,25,1.0,0,2
581,2,1,72.55773,1.0,25,1.0,0,2
582,1,0,0.0,1.0,25,1.0,0,2
583,2,1,72.55773,1.0,25,1.0,1,2
584,2,1,66.67868,1.0,25,1.0,0,2
585,2,1,66.67868,1.0,25,1.0,0,2
586,2,1,66.67868,1.0,25,1.0,0,2
587,0,-1,-66.67868,0.96,24,0.96,0,2
588,1,0,0.0,0.96,24,0.96,0,2
589,0,-1,245.95428,0.92,23,0.92,0,2
590,2,1,-245.95428,0.96,24,0.96,0,2
591,2,1,66.67868,1.0,25,1.0,0,2
592,2,1,66.67868,1.0,25,1.0,0,2
593,2,1,66.67868,1.0,25,1.0,0,2
594,2,1,66.67868,1.0,25,1.0,0,2
595,2,1,66.67868,1.0,25,1.0,0,2
596,2,1,66.67868,1.0,25,1.0,0,2
597,2,1,66.67868,1.0,25,1.0,0,2
598,0,-1,-66.67868,0.96,24,0.96,0,2
599,2,1,59.97687,1.0,25,1.0,0,2
600,2,1,0.0,0.0,0,0.0,0,2
601,1,0,0.0,0.16,4,0.16,0,3
602,2,1,33.268265,0.2,5,0.2,0,3
603,2,1,33.21716,0.24,6,0.24,0,3
604,1,0,0.0,0.24,6,0.24,0,3
605,1,0,0.0,0.24,6,0.24,0,3
606,2,1,33.083378,0.28,7,0.28,0,3
607,2,1,31.382683,0.32,8,0.32,1,3
608,2,1,31.006924,0.36,9,0.36,0,3
609,2,1,30.726208,0.4,10,0.4,0,3
610,2,1,30.37877,0.44,11,0.44,0,3
611,2,1,29.943188,0.48,12,0.48,0,3
612,2,1,29.389956,0.52,13,0.52,0,3
613,0,-1,0.0,0.52,13,0.52,0,3
614,1,0,0.0,0.52,13,0.52,0,3
615,2,1,28.676521,0.56,14,0.56,0,3
616,2,1,27.745298,0.6,15,0.6,0,3
617,2,1,26.497004,0.64,16,0.64,0,3
618,2,1,24.587648,0.68,17,0.68,0,3
619,2,1,21.903337,0.72,18,0.72,0,3
620,1,0,0.0,0.72,18,0.72,0,3
621,2,1,18.276672,0.76,19,0.76,0,3
622,2,1,12.275683,0.8,20,0.8,0,3
623,2,1,1.8669838,0.84,21,0.84,1,3
624,2,1,-18.988354,0.88,22,0.88,0,3
625,2,1,-71.06507,0.92,23,0.92,0,3
626,2,1,-279.39273,0.96,24,0.96,1,3
627,2,1,33.14084,1.0,25,1.0,0,3
628,2,1,33.140846,1.0,25,1.0,0,3
629,2,1,33.140846,1.0,25,1.0,0,3
630,2,1,33.140846,1.0,25,1.0,1,3
631,2,1,72.90516,1.0,25,1.0,0,3
632,2,1,72.90516,1.0,25,1.0,0,3
633,2,1,72.90516,1.0,25,1.0,0,3
634,2,1,72.90516,1.0,25,1.0,0,3
635,2,1,72.90516,1.0,25,1.0,0,3
636,2,1,72.90516,1.0,25,1.0,0,3
637,2,1,72.90516,1.0,25,1.0,0,3
638,2,1,72.90516,1.0,25,1.0,0,3
639,2,1,0.0,1.0,25,1.0,0,3
640,2,1,72.90516,1.0,25,1.0,0,3
641,2,1,72.90516,1.0,25,1.0,0,3
642,2,1,72.90516,1.0,25,1.0,0,3
643,0,-1,-72.90516,0.96,24,0.96,0,3
644,2,1,72.90516,1.0,25,1.0,0,3
645,2,1,72.90516,1.0,25,1.0,0,3
646,2,1,72.90516,1.0,25,1.0,0,3
647,1,0,0.0,1.0,25,1.0,0,3
648,0,-1,0.0,1.0,25,1.0,0,3
649,2,1,72.90516,1.0,25,1.0,0,3
650,2,1,72.90516,1.0,25,1.0,0,3
651,2,1,72.90516,1.0,25,1.0,1,3
652,2,1,72.052635,1.0,25,1.0,0,3
653,2,1,72.052635,1.0,25,1.0,0,3
654,0,-1,-72.052635,0.96,24,0.96,0,3
655,2,1,72.052635,1.0,25,1.0,0,3
656,2,1,72.052635,1.0,25,1.0,0,3
657,2,1,72.052635,1.0,25,1.0,0,3
658,2,1,72.052635,1.0,25,1.0,0,3
659,2,1,0.0,1.0,25,1.0,0,3
660,2,1,0.0,1.0,25,1.0,0,3
661,1,0,0.0,1.0,25,1.0,0,3
662,2,1,72.052635,1.0,25,1.0,0,3
663,2,1,72.052635,1.0,25,1.0,0,3
664,2,1,72.052635,1.0,25,1.0,0,3
665,2,1,0.0,1.0,25,1.0,0,3
666,2,1,0.0,1.0,25,1.0,0,3
667,2,1,72.052635,1.0,25,1.0,0,3
668,2,1,72.052635,1.0,25,1.0,1,3
669,2,1,71.174706,1.0,25,1.0,0,3
670,2,1,71.174706,1.0,25,1.0,0,3
671,1,0,0.0,1.0,25,1.0,1,3
672,2,1,66.62848,1.0,25,1.0,0,3
673,1,0,0.0,1.0,25,1.0,0,3
674,2,1,66.62848,1.0,25,1.0,0,3
675,2,1,66.62848,1.0,25,1.0,0,3
676,2,1,66.62848,1.0,25,1.0,0,3
677,0,-1,-66.62848,0.96,24,0.96,0,3
678,2,1,0.0,0.96,24,0.96,0,3
679,2,1,0.0,0.96,24,0.96,0,3
680,2,1,0.0,0.96,24,0.96,0,3
681,2,1,66.62848,1.0,25,1.0,0,3
682,2,1,66.62848,1.0,25,1.0,0,3
683,2,1,66.62848,1.0,25,1.0,0,3
684,1,0,0.0,1.0,25,1.0,0,3
685,2,1,66.62848,1.0,25,1.0,0,3
686,2,1,66.62848,1.0,25,1.0,0,3
687,2,1,66.62848,1.0,25,1.0,0,3
688,2,1,66.62848,1.0,25,1.0,0,3
689,0,-1,-66.62848,0.96,24,0.96,0,3
690,2,1,66.62848,1.0,25,1.0,0,3
691,2,1,66.62848,1.0,25,1.0,0,3
692,1,0,0.0,1.0,25,1.0,0,3
693,2,1,66.62848,1.0,25,1.0,0,3
694,2,1,66.62848,1.0,25,1.0,0,3
695,2,1,66.62848,1.0,25,1.0,1,3
696,2,1,34.8324,1.0,25,1.0,0,3
697,2,1,34.8324,1.0,25,1.0,0,3
698,2,1,34.8324,1.0,25,1.0,0,3
699,2,1,34.8324,1.0,25,1.0,0,3
700,2,1,34.8324,1.0,25,1.0,0,3
701,2,1,34.8324,1.0,25,1.0,0,3
702,0,-1,-34.803757,0.96,24,0.96,0,3
703,0,-1,277.76105,0.92,23,0.92,0,3
704,2,1,-277.7534,0.96,24,0.96,0,3
705,2,1,34.835896,1.0,25,1.0,0,3
706,2,1,0.0,1.0,25,1.0,0,3
707,2,1,34.83911,1.0,25,1.0,0,3
708,2,1,34.83911,1.0,25,1.0,0,3
709,2,1,34.83911,1.0,25,1.0,1,3
710,2,1,34.755547,1.0,25,1.0,0,3
711,2,1,34.755547,1.0,25,1.0,0,3
712,2,1,34.755547,1.0,25,1.0,0,3
713,2,1,34.755547,1.0,25,1.0,0,3
714,2,1,0.0,1.0,25,1.0,0,3
715,2,1,34.755547,1.0,25,1.0,0,3
716,2,1,34.755547,1.0,25,1.0,0,3
717,2,1,34.755547,1.0,25,1.0,0,3
718,2,1,34.755547,1.0,25,1.0,0,3
719,2,1,34.755547,1.0,25,1.0,0,3
720,2,1,34.755547,1.0,25,1.0,0,3
721,2,1,34.755547,1.0,25,1.0,0,3
722,2,1,34.755547,1.0,25,1.0,1,3
723,2,1,34.72613,1.0,25,1.0,0,3
724,2,1,34.72613,1.0,25,1.0,0,3
725,2,1,34.72613,1.0,25,1.0,0,3
726,2,1,34.72613,1.0,25,1.0,0,3
727,2,1,34.72613,1.0,25,1.0,0,3
728,2,1,34.72613,1.0,25,1.0,0,3
729,1,0,0.0,1.0,25,1.0,0,3
730,1,0,0.0,1.0,25,1.0,0,3
731,2,1,34.72613,1.0,25,1.0,1,3
732,2,1,34.898895,1.0,25,1.0,0,3
733,2,1,34.898895,1.0,25,1.0,0,3
734,0,-1,0.0,1.0,25,1.0,0,3
735,0,-1,-34.898895,0.96,24,0.96,0,3
736,2,1,34.89882,1.0,25,1.0,0,3
737,2,1,34.8989,1.0,25,1.0,0,3
738,2,1,34.8989,1.0,25,1.0,0,3
739,2,1,0.0,1.0,25,1.0,0,3
740,2,1,34.8989,1.0,25,1.0,0,3
741,2,1,34.8989,1.0,25,1.0,0,3
742,2,1,34.8989,1.0,25,1.0,0,3
743,2,1,34.8989,1.0,25,1.0,0,3
744,2,1,34.8989,1.0,25,1.0,0,3
745,2,1,34.8989,1.0,25,1.0,0,3
746,2,1,34.8989,1.0,25,1.0,0,3
747,2,1,34.8989,1.0,25,1.0,0,3
748,2,1,34.8989,1.0,25,1.0,1,3
749,0,-1,-72.910095,0.96,24,0.96,0,3
750,2,1,72.910095,1.0,25,1.0,0,3
751,2,1,0.0,1.0,25,1.0,0,3
752,1,0,0.0,1.0,25,1.0,0,3
753,2,1,72.910095,1.0,25,1.0,0,3
754,2,1,72.910095,1.0,25,1.0,0,3
755,2,1,72.910095,1.0,25,1.0,0,3
756,2,1,72.910095,1.0,25,1.0,0,3
757,2,1,72.910095,1.0,25,1.0,0,3
758,0,-1,-72.910095,0.96,24,0.96,0,3
759,2,1,72.910095,1.0,25,1.0,0,3
760,2,1,0.0,1.0,25,1.0,0,3
761,2,1,0.0,1.0,25,1.0,0,3
762,2,1,72.910095,1.0,25,1.0,0,3
763,0,-1,-72.910095,0.96,24,0.96,0,3
764,2,1,0.0,0.96,24,0.96,0,3
765,1,0,0.0,0.96,24,0.96,0,3
766,2,1,72.910095,1.0,25,1.0,0,3
767,2,1,72.910095,1.0,25,1.0,0,3
768,2,1,72.910095,1.0,25,1.0,1,3
769,2,1,0.0,1.0,25,1.0,0,3
770,2,1,72.052155,1.0,25,1.0,0,3
771,2,1,0.0,1.0,25,1.0,0,3
772,2,1,72.052155,1.0,25,1.0,0,3
773,2,1,72.052155,1.0,25,1.0,0,3
774,2,1,72.052155,1.0,25,1.0,0,3
775,2,1,72.052155,1.0,25,1.0,0,3
776,2,1,72.052155,1.0,25,1.0,0,3
777,2,1,72.052155,1.0,25,1.0,0,3
778,2,1,72.052155,1.0,25,1.0,0,3
779,0,-1,-72.052155,0.96,24,0.96,0,3
780,1,0,0.0,0.96,24,0.96,0,3
781,2,1,72.052155,1.0,25,1.0,0,3
782,2,1,72.052155,1.0,25,1.0,0,3
783,2,1,0.0,1.0,25,1.0,0,3
784,2,1,72.052155,1.0,25,1.0,0,3
785,2,1,72.052155,1.0,25,1.0,0,3
786,2,1,72.052155,1.0,25,1.0,0,3
787,2,1,72.052155,1.0,25,1.0,1,3
788,2,1,71.22621,1.0,25,1.0,0,3
789,0,-1,0.0,1.0,25,1.0,0,3
790,2,1,0.0,1.0,25,1.0,0,3
791,2,1,71.22621,1.0,25,1.0,0,3
792,2,1,71.22621,1.0,25,1.0,0,3
793,2,1,71.22621,1.0,25,1.0,0,3
794,2,1,71.22621,1.0,25,1.0,0,3
795,2,1,71.22621,1.0,25,1.0,0,3
796,2,1,71.22621,1.0,25,1.0,0,3
797,2,1,71.22621,1.0,25,1.0,0,3
798,2,1,0.0,1.0,25,1.0,0,3
799,2,1,71.22621,1.0,25,1.0,0,3
800,0,-1,0.0,0.0,0,0.0,0,3
801,2,1,32.93794,0.2,5,0.2,0,4
802,2,1,32.867542,0.24,6,0.24,0,4
803,2,1,32.687405,0.28,7,0.28,0,4
804,0,-1,-32.748974,0.24,6,0.24,0,4
805,2,1,33.03352,0.28,7,0.28,0,4
806,2,1,32.909912,0.32,8,0.32,0,4
807,2,1,32.69388,0.36,9,0.36,0,4
808,2,1,32.41933,0.4,10,0.4,0,4
809,2,1,30.542751,0.44,11,0.44,0,4
810,2,1,30.018944,0.48,12,0.48,0,4
811,2,1,29.465736,0.52,13,0.52,0,4
812,2,1,28.753883,0.56,14,0.56,0,4
813,2,1,27.821434,0.6,15,0.6,0,4
814,2,1,26.572657,0.64,16,0.64,0,4
815,2,1,24.848022,0.68,17,0.68,0,4
816,2,1,22.479715,0.72,18,0.72,0,4
817,2,1,18.77069,0.76,19,0.76,0,4
818,2,1,12.826641,0.8,20,0.8,0,4
819,2,1,2.4201596,0.84,21,0.84,1,4
820,2,1,-19.050888,0.88,22,0.88,0,4
821,2,1,-71.13416,0.92,23,0.92,0,4
822,2,1,-279.46167,0.96,24,0.96,0,4
823,2,1,33.171284,1.0,25,1.0,0,4
824,2,1,33.171284,1.0,25,1.0,0,4
825,2,1,33.171284,1.0,25,1.0,0,4
826,2,1,33.171284,1.0,25,1.0,0,4
827,2,1,33.171284,1.0,25,1.0,0,4
828,1,0,0.0,1.0,25,1.0,0,4
829,2,1,33.171284,1.0,25,1.0,1,4
830,2,1,33.108593,1.0,25,1.0,0,4
831,2,1,33.108593,1.0,25,1.0,0,4
832,2,1,33.108593,1.0,25,1.0,0,4
833,2,1,33.108593,1.0,25,1.0,0,4
834,2,1,33.108593,1.0,25,1.0,0,4
835,2,1,33.108593,1.0,25,1.0,0,4
836,0,-1,0.0,1.0,25,1.0,0,4
837,2,1,33.108593,1.0,25,1.0,0,4
838,2,1,33.108593,1.0,25,1.0,1,4
839,2,1,33.057,1.0,25,1.0,0,4
840,2,1,33.057,1.0,25,1.0,0,4
841,2,1,33.057,1.0,25,1.0,0,4
842,2,1,33.057,1.0,25,1.0,0,4
843,2,1,33.057,1.0,25,1.0,0,4
844,2,1,33.057,1.0,25,1.0,0,4
845,2,1,33.057,1.0,25,1.0,0,4
846,2,1,33.057,1.0,25,1.0,0,4
847,2,1,33.057,1.0,25,1.0,0,4
848,2,1,33.057,1.0,25,1.0,0,4
849,2,1,33.057,1.0,25,1.0,0,4
850,2,1,33.057,1.0,25,1.0,0,4
851,2,1,33.057,1.0,25,1.0,0,4
852,1,0,0.0,1.0,25,1.0,0,4
853,1,0,0.0,1.0,25,1.0,0,4
854,2,1,33.057,1.0,25,1.0,0,4
855,2,1,33.057,1.0,25,1.0,0,4
856,2,1,33.057,1.0,25,1.0,0,4
857,2,1,33.057,1.0,25,1.0,0,4
858,2,1,33.057,1.0,25,1.0,0,4
859,2,1,33.057,1.0,25,1.0,0,4
860,1,0,0.0,1.0,25,1.0,0,4
861,2,1,33.057,1.0,25,1.0,0,4
862,2,1,33.057,1.0,25,1.0,1,4
863,2,1,72.872955,1.0,25,1.0,0,4
864,2,1,72.872955,1.0,25,1.0,0,4
865,1,0,0.0,1.0,25,1.0,1,4
866,1,0,0.0,1.0,25,1.0,0,4
867,2,1,72.05123,1.0,25,1.0,0,4
868,2,1,72.05123,1.0,25,1.0,0,4
869,2,1,72.05123,1.0,25,1.0,0,4
870,2,1,72.05123,1.0,25,1.0,0,4
871,2,1,72.05123,1.0,25,1.0,0,4
872,2,1,72.05123,1.0,25,1.0,0,4
873,2,1,72.05123,1.0,25,1.0,0,4
874,0,-1,-72.05123,0.96,24,0.96,0,4
875,2,1,72.05123,1.0,25,1.0,0,4
876,2,1,72.05123,1.0,25,1.0,0,4
877,0,-1,-72.05123,0.96,24,0.96,0,4
878,2,1,72.05123,1.0,25,1.0,0,4
879,0,-1,0.0,1.0,25,1.0,0,4
880,2,1,72.05123,1.0,25,1.0,0,4
881,2,1,72.05123,1.0,25,1.0,0,4
882,2,1,72.05123,1.0,25,1.0,0,4
883,2,1,72.05123,1.0,25,1.0,0,4
884,2,1,72.05123,1.0,25,1.0,0,4
885,2,1,72.05123,1.0,25,1.0,0,4
886,2,1,72.05123,1.0,25,1.0,0,4
887,2,1,72.05123,1.0,25,1.0,1,4
888,2,1,70.78848,1.0,25,1.0,0,4
889,1,0,0.0,1.0,25,1.0,0,4
890,2,1,70.78848,1.0,25,1.0,0,4
891,2,1,70.78848,1.0,25,1.0,0,4
892,2,1,70.78848,1.0,25,1.0,0,4
893,2,1,70.78848,1.0,25,1.0,1,4
894,1,0,0.0,1.0,25,1.0,0,4
895,2,1,66.90217,1.0,25,1.0,0,4
896,2,1,66.90217,1.0,25,1.0,0,4
897,2,1,66.90217,1.0,25,1.0,0,4
898,2,1,66.90217,1.0,25,1.0,0,4
899,2,1,66.90217,1.0,25,1.0,1,4
900,2,1,34.86062,1.0,25,1.0,1,4
901,2,1,34.816048,1.0,25,1.0,0,4
902,2,1,34.816048,1.0,25,1.0,0,4
903,2,1,34.816048,1.0,25,1.0,0,4
904,2,1,34.816048,1.0,25,1.0,0,4
905,2,1,34.816048,1.0,25,1.0,0,4
906,2,1,34.816048,1.0,25,1.0,0,4
907,2,1,34.816048,1.0,25,1.0,0,4
908,2,1,34.816048,1.0,25,1.0,0,4
909,2,1,34.816048,1.0,25,1.0,0,4
910,2,1,34.816048,1.0,25,1.0,0,4
911,2,1,34.816048,1.0,25,1.0,0,4
912,2,1,34.816048,1.0,25,1.0,1,4
913,2,1,35.332523,1.0,25,1.0,0,4
914,2,1,35.332523,1.0,25,1.0,0,4
915,2,1,35.332523,1.0,25,1.0,0,4
916,2,1,35.332523,1.0,25,1.0,1,4
917,2,1,34.877285,1.0,25,1.0,0,4
918,2,1,34.877285,1.0,25,1.0,0,4
919,1,0,0.0,1.0,25,1.0,0,4
920,2,1,34.877285,1.0,25,1.0,0,4
921,2,1,34.877285,1.0,25,1.0,0,4
922,2,1,34.877285,1.0,25,1.0,1,4
923,2,1,72.88118,1.0,25,1.0,0,4
924,1,0,0.0,1.0,25,1.0,0,4
925,2,1,72.88118,1.0,25,1.0,0,4
926,2,1,72.88118,1.0,25,1.0,0,4
927,1,0,0.0,1.0,25,1.0,0,4
928,2,1,72.88118,1.0,25,1.0,0,4
929,2,1,72.88118,1.0,25,1.0,0,4
930,2,1,72.88118,1.0,25,1.0,0,4
931,2,1,72.88118,1.0,25,1.0,0,4
932,2,1,72.88118,1.0,25,1.0,0,4
933,2,1,72.88118,1.0,25,1.0,0,4
934,2,1,72.88118,1.0,25,1.0,0,4
935,2,1,72.88118,1.0,25,1.0,0,4
936,2,1,72.88118,1.0,25,1.0,0,4
937,2,1,72.88118,1.0,25,1.0,0,4
938,2,1,72.88118,1.0,25,1.0,0,4
939,2,1,72.88118,1.0,25,1.0,0,4
940,1,0,0.0,1.0,25,1.0,0,4
941,2,1,72.88118,1.0,25,1.0,0,4
942,2,1,72.88118,1.0,25,1.0,0,4
943,2,1,72.88118,1.0,25,1.0,0,4
944,2,1,72.88118,1.0,25,1.0,0,4
945,1,0,0.0,1.0,25,1.0,0,4
946,2,1,72.88118,1.0,25,1.0,1,4
947,2,1,72.052864,1.0,25,1.0,0,4
948,2,1,72.052864,1.0,25,1.0,0,4
949,2,1,72.052864,1.0,25,1.0,1,4
950,2,1,70.86554,1.0,25,1.0,0,4
951,0,-1,-70.86554,0.96,24,0.96,0,4
952,2,1,70.87195,1.0,25,1.0,0,4
953,2,1,70.87195,1.0,25,1.0,0,4
954,2,1,70.87195,1.0,25,1.0,0,4
955,2,1,70.87195,1.0,25,1.0,0,4
956,2,1,70.87195,1.0,25,1.0,0,4
957,2,1,70.87195,1.0,25,1.0,0,4
958,2,1,70.87195,1.0,25,1.0,0,4
959,2,1,70.87195,1.0,25,1.0,0,4
960,2,1,70.87195,1.0,25,1.0,0,4
961,2,1,70.87195,1.0,25,1.0,0,4
962,2,1,70.87195,1.0,25,1.0,0,4
963,2,1,70.87195,1.0,25,1.0,0,4
964,2,1,70.87195,1.0,25,1.0,1,4
965,0,-1,-66.864044,0.96,24,0.96,0,4
966,2,1,66.864044,1.0,25,1.0,0,4
967,2,1,66.864044,1.0,25,1.0,0,4
968,2,1,66.864044,1.0,25,1.0,0,4
969,2,1,66.864044,1.0,25,1.0,0,4
970,2,1,66.864044,1.0,25,1.0,0,4
971,2,1,66.864044,1.0,25,1.0,0,4
972,2,1,66.864044,1.0,25,1.0,0,4
973,2,1,66.864044,1.0,25,1.0,0,4
974,2,1,66.864044,1.0,25,1.0,0,4
975,2,1,66.864044,1.0,25,1.0,0,4
976,2,1,66.864044,1.0,25,1.0,0,4
977,2,1,66.864044,1.0,25,1.0,0,4
978,2,1,66.864044,1.0,25,1.0,0,4
979,1,0,0.0,1.0,25,1.0,0,4
980,2,1,66.864044,1.0,25,1.0,0,4
981,2,1,66.864044,1.0,25,1.0,0,4
982,2,1,66.864044,1.0,25,1.0,0,4
983,2,1,66.864044,1.0,25,1.0,0,4
984,2,1,66.864044,1.0,25,1.0,0,4
985,2,1,66.864044,1.0,25,1.0,0,4
986,2,1,66.864044,1.0,25,1.0,0,4
987,2,1,66.864044,1.0,25,1.0,0,4
988,2,1,66.864044,1.0,25,1.0,0,4
989,2,1,66.864044,1.0,25,1.0,0,4
990,2,1,66.864044,1.0,25,1.0,0,4
991,2,1,66.864044,1.0,25,1.0,0,4
992,2,1,66.864044,1.0,25,1.0,1,4
993,2,1,34.91433,1.0,25,1.0,0,4
994,2,1,34.91433,1.0,25,1.0,0,4
995,2,1,34.91433,1.0,25,1.0,0,4
996,2,1,34.91433,1.0,25,1.0,0,4
997,2,1,34.91433,1.0,25,1.0,0,4
998,2,1,34.91433,1.0,25,1.0,0,4
999,2,1,34.91433,1.0,25,1.0,0,4
1000,2,1,0.0,0.0,0,0.0,0,4
1001,2,1,32.87495,0.2,5,0.2,0,5
1002,2,1,33.213867,0.24,6,0.24,0,5
1003,2,1,33.101723,0.28,7,0.28,0,5
1004,2,1,32.945004,0.32,8,0.32,0,5
1005,2,1,32.732033,0.36,9,0.36,0,5
1006,1,0,0.0,0.36,9,0.36,0,5
1007,1,0,0.0,0.36,9,0.36,0,5
1008,2,1,32.45768,0.4,10,0.4,0,5
1009,2,1,32.081043,0.44,11,0.44,0,5
1010,2,1,31.645502,0.48,12,0.48,0,5
1011,1,0,0.0,0.48,12,0.48,0,5
1012,2,1,31.092295,0.52,13,0.52,0,5
1013,2,1,30.380442,0.56,14,0.56,1,5
1014,2,1,27.303375,0.6,15,0.6,0,5
1015,2,1,26.048794,0.64,16,0.64,0,5
1016,2,1,24.319557,0.68,17,0.68,0,5
1017,2,1,21.84978,0.72,18,0.72,0,5
1018,2,1,18.138584,0.76,19,0.76,0,5
1019,2,1,12.193836,0.8,20,0.8,0,5
1020,2,1,1.7847725,0.84,21,0.84,0,5
1021,2,1,-19.041605,0.88,22,0.88,0,5
1022,2,1,-71.11481,0.92,23,0.92,0,5
1023,2,1,-279.44293,0.96,24,0.96,0,5
1024,2,1,33.18998,1.0,25,1.0,0,5
1025,2,1,33.189983,1.0,25,1.0,0,5
1026,2,1,33.189983,1.0,25,1.0,0,5
1027,2,1,33.189983,1.0,25,1.0,0,5
1028,2,1,33.189983,1.0,25,1.0,0,5
1029,2,1,33.189983,1.0,25,1.0,0,5
1030,2,1,33.189983,1.0,25,1.0,0,5
1031,2,1,33.189983,1.0,25,1.0,0,5
1032,2,1,33.189983,1.0,25,1.0,1,5
1033,0,-1,-32.92866,0.96,24,0.96,0,5
1034,2,1,33.1173,1.0,25,1.0,0,5
1035,2,1,33.1173,1.0,25,1.0,0,5
1036,2,1,33.1173,1.0,25,1.0,0,5
1037,2,1,33.1173,1.0,25,1.0,0,5
1038,2,1,33.1173,1.0,25,1.0,0,5
1039,2,1,33.1173,1.0,25,1.0,0,5
1040,2,1,33.1173,1.0,25,1.0,0,5
1041,2,1,33.1173,1.0,25,1.0,0,5
1042,2,1,33.1173,1.0,25,1.0,0,5
1043,2,1,33.1173,1.0,25,1.0,0,5
1044,2,1,33.1173,1.0,25,1.0,0,5
1045,2,1,33.1173,1.0,25,1.0,0,5
1046,2,1,33.1173,1.0,25,1.0,0,5
1047,0,-1,0.0,1.0,25,1.0,0,5
1048,2,1,33.1173,1.0,25,1.0,0,5
1049,2,1,33.1173,1.0,25,1.0,0,5
1050,2,1,33.1173,1.0,25,1.0,0,5
1051,2,1,33.1173,1.0,25,1.0,1,5
1052,2,1,33.164597,1.0,25,1.0,0,5
1053,2,1,33.164597,1.0,25,1.0,0,5
1054,2,1,33.164597,1.0,25,1.0,0,5
1055,2,1,33.164597,1.0,25,1.0,0,5
1056,2,1,33.164597,1.0,25,1.0,0,5
1057,2,1,33.164597,1.0,25,1.0,0,5
1058,2,1,33.164597,1.0,25,1.0,0,5
1059,0,-1,-34.12365,0.96,24,0.96,0,5
1060,2,1,34.14068,1.0,25,1.0,0,5
1061,2,1,34.14067,1.0,25,1.0,0,5
1062,2,1,34.14067,1.0,25,1.0,0,5
1063,2,1,34.14067,1.0,25,1.0,0,5
1064,2,1,34.14067,1.0,25,1.0,0,5
1065,2,1,34.14067,1.0,25,1.0,0,5
1066,2,1,34.14067,1.0,25,1.0,0,5
1067,2,1,34.14067,1.0,25,1.0,1,5
1068,2,1,72.778786,1.0,25,1.0,0,5
1069,2,1,72.778786,1.0,25,1.0,0,5
1070,2,1,72.778786,1.0,25,1.0,0,5
1071,2,1,72.778786,1.0,25,1.0,0,5
1072,2,1,72.778786,1.0,25,1.0,0,5
1073,2,1,72.778786,1.0,25,1.0,0,5
1074,2,1,72.778786,1.0,25,1.0,0,5
1075,2,1,72.778786,1.0,25,1.0,0,5
1076,2,1,72.778786,1.0,25,1.0,0,5
1077,2,1,72.778786,1.0,25,1.0,0,5
1078,2,1,72.778786,1.0,25,1.0,0,5
1079,2,1,72.778786,1.0,25,1.0,0,5
1080,2,1,72.778786,1.0,25,1.0,0,5
1081,2,1,72.778786,1.0,25,1.0,0,5
1082,2,1,72.778786,1.0,25,1.0,0,5
1083,2,1,72.778786,1.0,25,1.0,0,5
1084,2,1,72.778786,1.0,25,1.0,0,5
1085,2,1,72.778786,1.0,25,1.0,0,5
1086,2,1,72.778786,1.0,25,1.0,0,5
1087,2,1,72.778786,1.0,25,1.0,0,5
1088,0,-1,0.0,1.0,25,1.0,0,5
1089,2,1,72.778786,1.0,25,1.0,0,5
1090,2,1,72.778786,1.0,25,1.0,0,5
1091,2,1,72.778786,1.0,25,1.0,0,5
1092,2,1,72.778786,1.0,25,1.0,0,5
1093,2,1,72.778786,1.0,25,1.0,0,5
1094,2,1,72.778786,1.0,25,1.0,0,5
1095,2,1,72.778786,1.0,25,1.0,0,5
1096,2,1,72.778786,1.0,25,1.0,1,5
1097,2,1,56.618805,1.0,25,1.0,0,5
1098,2,1,56.618805,1.0,25,1.0,0,5
1099,2,1,56.618805,1.0,25,1.0,0,5
1100,2,1,56.618805,1.0,25,1.0,0,5
1101,2,1,56.618805,1.0,25,1.0,0,5
1102,2,1,56.618805,1.0,25,1.0,0,5
1103,2,1,56.618805,1.0,25,1.0,0,5
1104,2,1,56.618805,1.0,25,1.0,0,5
1105,2,1,56.618805,1.0,25,1.0,0,5
1106,2,1,56.618805,1.0,25,1.0,0,5
1107,2,1,56.618805,1.0,25,1.0,0,5
1108,2,1,56.618805,1.0,25,1.0,0,5
1109,2,1,56.618805,1.0,25,1.0,0,5
1110,2,1,56.618805,1.0,25,1.0,0,5
1111,2,1,56.618805,1.0,25,1.0,0,5
1112,2,1,56.618805,1.0,25,1.0,0,5
1113,2,1,56.618805,1.0,25,1.0,0,5
1114,2,1,56.618805,1.0,25,1.0,0,5
1115,2,1,56.618805,1.0,25,1.0,1,5
1116,2,1,33.812065,1.0,25,1.0,0,5
1117,2,1,33.812065,1.0,25,1.0,0,5
1118,2,1,33.812065,1.0,25,1.0,0,5
1119,2,1,33.812065,1.0,25,1.0,0,5
1120,2,1,33.812065,1.0,25,1.0,0,5
1121,2,1,33.812065,1.0,25,1.0,0,5
1122,2,1,33.812065,1.0,25,1.0,0,5
1123,2,1,33.812065,1.0,25,1.0,0,5
1124,2,1,33.812065,1.0,25,1.0,0,5
1125,2,1,33.812065,1.0,25,1.0,0,5
1126,2,1,33.812065,1.0,25,1.0,0,5
1127,0,-1,-35.74484,0.96,24,0.96,0,5
1128,2,1,35.853516,1.0,25,1.0,0,5
1129,2,1,35.853516,1.0,25,1.0,0,5
1130,2,1,35.853516,1.0,25,1.0,0,5
1131,0,-1,0.0,1.0,25,1.0,0,5
1132,2,1,35.853516,1.0,25,1.0,0,5
1133,2,1,35.853516,1.0,25,1.0,0,5
1134,2,1,35.853516,1.0,25,1.0,0,5
1135,0,-1,-35.853516,0.96,24,0.96,0,5
1136,2,1,35.85352,1.0,25,1.0,0,5
1137,2,1,35.85352,1.0,25,1.0,0,5
1138,2,1,35.85352,1.0,25,1.0,0,5
1139,2,1,35.85352,1.0,25,1.0,0,5
1140,2,1,35.85352,1.0,25,1.0,0,5
1141,2,1,35.85352,1.0,25,1.0,0,5
1142,2,1,35.85352,1.0,25,1.0,0,5
1143,2,1,35.85352,1.0,25,1.0,0,5
1144,2,1,35.85352,1.0,25,1.0,0,5
1145,2,1,35.85352,1.0,25,1.0,1,5
1146,2,1,33.96566,1.0,25,1.0,0,5
1147,2,1,33.96566,1.0,25,1.0,0,5
1148,2,1,33.96566,1.0,25,1.0,0,5
1149,2,1,33.96566,1.0,25,1.0,0,5
1150,2,1,33.96566,1.0,25,1.0,0,5
1151,2,1,33.96566,1.0,25,1.0,0,5
1152,2,1,33.96566,1.0,25,1.0,0,5
1153,2,1,33.96566,1.0,25,1.0,0,5
1154,2,1,33.96566,1.0,25,1.0,0,5
1155,2,1,33.96566,1.0,25,1.0,1,5
1156,2,1,33.880062,1.0,25,1.0,0,5
1157,2,1,33.880062,1.0,25,1.0,0,5
1158,2,1,33.880062,1.0,25,1.0,0,5
1159,2,1,33.880062,1.0,25,1.0,0,5
1160,2,1,33.880062,1.0,25,1.0,0,5
1161,2,1,33.880062,1.0,25,1.0,0,5
1162,2,1,33.880062,1.0,25,1.0,0,5
1163,2,1,33.880062,1.0,25,1.0,0,5
1164,2,1,33.880062,1.0,25,1.0,0,5
1165,2,1,33.880062,1.0,25,1.0,0,5
1166,2,1,33.880062,1.0,25,1.0,0,5
1167,2,1,33.880062,1.0,25,1.0,0,5
1168,2,1,33.880062,1.0,25,1.0,0,5
1169,2,1,33.880062,1.0,25,1.0,0,5
1170,2,1,33.880062,1.0,25,1.0,0,5
1171,2,1,33.880062,1.0,25,1.0,0,5
1172,2,1,33.880062,1.0,25,1.0,0,5
1173,1,0,0.0,1.0,25,1.0,0,5
1174,2,1,33.880062,1.0,25,1.0,0,5
1175,2,1,33.880062,1.0,25,1.0,0,5
1176,2,1,33.880062,1.0,25,1.0,0,5
1177,2,1,33.880062,1.0,25,1.0,0,5
1178,2,1,33.880062,1.0,25,1.0,0,5
1179,2,1,33.880062,1.0,25,1.0,0,5
1180,2,1,33.880062,1.0,25,1.0,0,5
1181,2,1,33.880062,1.0,25,1.0,0,5
1182,2,1,33.880062,1.0,25,1.0,0,5
1183,2,1,33.880062,1.0,25,1.0,0,5
1184,2,1,33.880062,1.0,25,1.0,0,5
1185,2,1,33.880062,1.0,25,1.0,1,5
1186,1,0,0.0,1.0,25,1.0,0,5
1187,2,1,33.81379,1.0,25,1.0,0,5
1188,2,1,33.81379,1.0,25,1.0,0,5
1189,2,1,33.81379,1.0,25,1.0,0,5
1190,2,1,33.81379,1.0,25,1.0,0,5
1191,2,1,33.81379,1.0,25,1.0,0,5
1192,2,1,33.81379,1.0,25,1.0,0,5
1193,2,1,33.81379,1.0,25,1.0,0,5
1194,2,1,33.81379,1.0,25,1.0,0,5
1195,2,1,33.81379,1.0,25,1.0,0,5
1196,2,1,33.81379,1.0,25,1.0,0,5
1197,2,1,33.81379,1.0,25,1.0,0,5
1198,2,1,33.81379,1.0,25,1.0,0,5
1199,2,1,33.81379,1.0,25,1.0,0,5
1200,2,1,0.0,0.0,0,0.0,0,5
1201,1,0,0.0,0.16,4,0.16,0,6
1202,2,1,32.93794,0.2,5,0.2,0,6
1203,2,1,32.867542,0.24,6,0.24,0,6
1204,2,1,32.748974,0.28,7,0.28,0,6
1205,2,1,32.5832,0.32,8,0.32,0,6
1206,2,1,32.36694,0.36,9,0.36,0,6
1207,2,1,32.09237,0.4,10,0.4,0,6
1208,0,-1,-32.09237,0.36,9,0.36,0,6
1209,1,0,0.0,0.36,9,0.36,0,6
1210,1,0,0.0,0.36,9,0.36,0,6
1211,2,1,32.09237,0.4,10,0.4,0,6
1212,2,1,31.746775,0.44,11,0.44,0,6
1213,2,1,31.311235,0.48,12,0.48,0,6
1214,2,1,30.758026,0.52,13,0.52,0,6
1215,2,1,30.216263,0.56,14,0.56,0,6
1216,0,-1,0.0,0.56,14,0.56,0,6
1217,2,1,27.878998,0.6,15,0.6,0,6
1218,2,1,26.57546,0.64,16,0.64,0,6
1219,2,1,24.850754,0.68,17,0.68,0,6
1220,2,1,22.483477,0.72,18,0.72,0,6
1221,2,1,18.774446,0.76,19,0.76,0,6
1222,2,1,12.830396,0.8,20,0.8,0,6
1223,2,1,2.4213088,0.84,21,0.84,0,6
1224,2,1,-18.4051,0.88,22,0.88,1,6
1225,2,1,-70.912895,0.92,23,0.92,0,6
1226,2,1,-279.24078,0.96,24,0.96,0,6
1227,2,1,33.392838,1.0,25,1.0,0,6
1228,2,1,33.393246,1.0,25,1.0,0,6
1229,2,1,33.393246,1.0,25,1.0,0,6
1230,2,1,0.0,1.0,25,1.0,1,6
1231,2,1,33.154152,1.0,25,1.0,0,6
1232,2,1,33.154152,1.0,25,1.0,0,6
1233,1,0,0.0,1.0,25,1.0,0,6
1234,2,1,33.154152,1.0,25,1.0,0,6
1235,2,1,33.154152,1.0,25,1.0,1,6
1236,2,1,33.185806,1.0,25,1.0,0,6
1237,2,1,33.185806,1.0,25,1.0,0,6
1238,2,1,33.185806,1.0,25,1.0,0,6
1239,2,1,0.0,1.0,25,1.0,0,6
1240,2,1,33.185806,1.0,25,1.0,0,6
1241,2,1,33.185806,1.0,25,1.0,0,6
1242,2,1,33.185806,1.0,25,1.0,0,6
1243,2,1,33.185806,1.0,25,1.0,0,6
1244,2,1,33.185806,1.0,25,1.0,0,6
1245,2,1,33.185806,1.0,25,1.0,0,6
1246,2,1,33.185806,1.0,25,1.0,0,6
1247,2,1,33.185806,1.0,25,1.0,0,6
1248,2,1,33.185806,1.0,25,1.0,0,6
1249,2,1,33.185806,1.0,25,1.0,0,6
1250,2,1,0.0,1.0,25,1.0,0,6
1251,2,1,33.185806,1.0,25,1.0,0,6
1252,2,1,33.185806,1.0,25,1.0,0,6
1253,2,1,33.185806,1.0,25,1.0,0,6
1254,2,1,33.185806,1.0,25,1.0,0,6
1255,2,1,33.185806,1.0,25,1.0,0,6
1256,2,1,33.185806,1.0,25,1.0,0,6
1257,2,1,0.0,1.0,25,1.0,0,6
1258,2,1,33.185806,1.0,25,1.0,0,6
1259,2,1,0.0,1.0,25,1.0,0,6
1260,2,1,33.185806,1.0,25,1.0,0,6
1261,2,1,33.185806,1.0,25,1.0,0,6
1262,2,1,33.185806,1.0,25,1.0,0,6
1263,2,1,33.185806,1.0,25,1.0,0,6
1264,2,1,33.185806,1.0,25,1.0,1,6
1265,1,0,0.0,1.0,25,1.0,0,6
1266,2,1,72.87001,1.0,25,1.0,0,6
1267,2,1,72.87001,1.0,25,1.0,0,6
1268,2,1,72.87001,1.0,25,1.0,0,6
1269,2,1,72.87001,1.0,25,1.0,0,6
1270,1,0,0.0,1.0,25,1.0,0,6
1271,2,1,72.87001,1.0,25,1.0,0,6
1272,2,1,72.87001,1.0,25,1.0,0,6
1273,2,1,72.87001,1.0,25,1.0,0,6
1274,2,1,72.87001,1.0,25,1.0,0,6
1275,2,1,72.87001,1.0,25,1.0,0,6
1276,2,1,72.87001,1.0,25,1.0,0,6
1277,2,1,72.87001,1.0,25,1.0,0,6
1278,2,1,72.87001,1.0,25,1.0,0,6
1279,2,1,72.87001,1.0,25,1.0,0,6
1280,2,1,72.87001,1.0,25,1.0,0,6
1281,2,1,72.87001,1.0,25,1.0,1,6
1282,2,1,72.05372,1.0,25,1.0,0,6
1283,2,1,72.05372,1.0,25,1.0,0,6
1284,2,1,0.0,1.0,25,1.0,0,6
1285,2,1,72.05372,1.0,25,1.0,0,6
1286,2,1,72.05372,1.0,25,1.0,1,6
1287,2,1,0.0,1.0,25,1.0,0,6
1288,2,1,70.63154,1.0,25,1.0,0,6
1289,2,1,70.63154,1.0,25,1.0,0,6
1290,2,1,70.63154,1.0,25,1.0,0,6
1291,2,1,70.63154,1.0,25,1.0,0,6
1292,2,1,70.63154,1.0,25,1.0,0,6
1293,2,1,70.63154,1.0,25,1.0,0,6
1294,2,1,70.63154,1.0,25,1.0,0,6
1295,2,1,0.0,1.0,25,1.0,0,6
1296,2,1,70.63154,1.0,25,1.0,0,6
1297,2,1,70.63154,1.0,25,1.0,0,6
1298,2,1,70.63154,1.0,25,1.0,0,6
1299,2,1,70.63154,1.0,25,1.0,0,6
1300,1,0,0.0,1.0,25,1.0,0,6
1301,2,1,70.63154,1.0,25,1.0,0,6
1302,2,1,70.63154,1.0,25,1.0,0,6
1303,2,1,70.63154,1.0,25,1.0,0,6
1304,2,1,70.63154,1.0,25,1.0,0,6
1305,2,1,70.63154,1.0,25,1.0,0,6
1306,2,1,70.63154,1.0,25,1.0,0,6
1307,2,1,70.63154,1.0,25,1.0,0,6
1308,2,1,70.63154,1.0,25,1.0,0,6
1309,2,1,70.63154,1.0,25,1.0,0,6
1310,2,1,70.63154,1.0,25,1.0,0,6
1311,2,1,70.63154,1.0,25,1.0,0,6
1312,2,1,70.63154,1.0,25,1.0,0,6
1313,2,1,70.63154,1.0,25,1.0,0,6
1314,2,1,70.63154,1.0,25,1.0,0,6
1315,2,1,70.63154,1.0,25,1.0,0,6
1316,2,1,70.63154,1.0,25,1.0,1,6
1317,2,1,66.9915,1.0,25,1.0,0,6
1318,2,1,66.9915,1.0,25,1.0,0,6
1319,2,1,66.9915,1.0,25,1.0,1,6
1320,2,1,34.85613,1.0,25,1.0,0,6
1321,2,1,34.85613,1.0,25,1.0,0,6
1322,2,1,34.85613,1.0,25,1.0,0,6
1323,2,1,34.85613,1.0,25,1.0,0,6
1324,2,1,34.85613,1.0,25,1.0,0,6
1325,2,1,34.85613,1.0,25,1.0,0,6
1326,2,1,34.85613,1.0,25,1.0,0,6
1327,2,1,34.85613,1.0,25,1.0,0,6
1328,2,1,34.85613,1.0,25,1.0,0,6
1329,2,1,34.85613,1.0,25,1.0,0,6
1330,2,1,34.85613,1.0,25,1.0,0,6
1331,2,1,34.85613,1.0,25,1.0,0,6
1332,2,1,34.85613,1.0,25,1.0,0,6
1333,2,1,34.85613,1.0,25,1.0,1,6
1334,2,1,0.0,1.0,25,1.0,0,6
1335,2,1,34.764942,1.0,25,1.0,0,6
1336,2,1,34.764942,1.0,25,1.0,0,6
1337,2,1,34.764942,1.0,25,1.0,0,6
1338,2,1,34.764942,1.0,25,1.0,0,6
1339,2,1,34.764942,1.0,25,1.0,0,6
1340,2,1,34.764942,1.0,25,1.0,0,6
1341,2,1,34.764942,1.0,25,1.0,0,6
1342,2,1,34.764942,1.0,25,1.0,0,6
1343,2,1,34.764942,1.0,25,1.0,0,6
1344,2,1,34.764942,1.0,25,1.0,0,6
1345,2,1,34.764942,1.0,25,1.0,0,6
1346,2,1,34.764942,1.0,25,1.0,1,6
1347,2,1,0.0,1.0,25,1.0,0,6
1348,2,1,0.0,1.0,25,1.0,0,6
1349,2,1,34.775818,1.0,25,1.0,0,6
1350,2,1,34.775818,1.0,25,1.0,1,6
1351,2,1,34.92444,1.0,25,1.0,0,6
1352,2,1,34.92444,1.0,25,1.0,0,6
1353,2,1,34.92444,1.0,25,1.0,0,6
1354,2,1,34.92444,1.0,25,1.0,0,6
1355,2,1,34.92444,1.0,25,1.0,0,6
1356,2,1,34.92444,1.0,25,1.0,0,6
1357,1,0,0.0,1.0,25,1.0,0,6
1358,2,1,0.0,1.0,25,1.0,0,6
1359,2,1,0.0,1.0,25,1.0,0,6
1360,2,1,34.92444,1.0,25,1.0,1,6
1361,2,1,72.87629,1.0,25,1.0,0,6
1362,1,0,0.0,1.0,25,1.0,0,6
1363,2,1,72.87629,1.0,25,1.0,0,6
1364,1,0,0.0,1.0,25,1.0,0,6
1365,2,1,72.87629,1.0,25,1.0,0,6
1366,2,1,72.87629,1.0,25,1.0,0,6
1367,2,1,72.87629,1.0,25,1.0,0,6
1368,2,1,72.87629,1.0,25,1.0,0,6
1369,1,0,0.0,1.0,25,1.0,0,6
1370,2,1,72.87629,1.0,25,1.0,0,6
1371,0,-1,-72.87629,0.96,24,0.96,0,6
1372,2,1,72.87629,1.0,25,1.0,0,6
1373,2,1,72.87629,1.0,25,1.0,0,6
1374,1,0,0.0,1.0,25,1.0,0,6
1375,2,1,72.87629,1.0,25,1.0,0,6
1376,2,1,72.87629,1.0,25,1.0,0,6
1377,2,1,72.87629,1.0,25,1.0,1,6
1378,2,1,72.055954,1.0,25,1.0,0,6
1379,2,1,72.055954,1.0,25,1.0,0,6
1380,2,1,72.055954,1.0,25,1.0,0,6
1381,2,1,72.055954,1.0,25,1.0,0,6
1382,2,1,72.055954,1.0,25,1.0,0,6
1383,2,1,72.055954,1.0,25,1.0,0,6
1384,2,1,72.055954,1.0,25,1.0,0,6
1385,2,1,72.055954,1.0,25,1.0,0,6
1386,2,1,72.055954,1.0,25,1.0,0,6
1387,2,1,72.055954,1.0,25,1.0,0,6
1388,2,1,72.055954,1.0,25,1.0,0,6
1389,2,1,72.055954,1.0,25,1.0,0,6
1390,2,1,72.055954,1.0,25,1.0,0,6
1391,2,1,72.055954,1.0,25,1.0,0,6
1392,2,1,72.055954,1.0,25,1.0,1,6
1393,2,1,70.722046,1.0,25,1.0,0,6
1394,2,1,70.722046,1.0,25,1.0,0,6
1395,2,1,70.722046,1.0,25,1.0,0,6
1396,2,1,70.722046,1.0,25,1.0,0,6
1397,2,1,70.722046,1.0,25,1.0,0,6
1398,2,1,70.722046,1.0,25,1.0,0,6
1399,2,1,70.722046,1.0,25,1.0,0,6
1400,2,1,0.0,0.0,0,0.0,0,6
1401,0,-1,0.0,0.16,4,0.16,0,7
1402,2,1,32.87495,0.2,5,0.2,0,7
1403,2,1,32.805973,0.24,6,0.24,0,7
1404,2,1,32.687405,0.28,7,0.28,0,7
1405,2,1,32.52163,0.32,8,0.32,0,7
1406,1,0,0.0,0.32,8,0.32,0,7
1407,2,1,32.713264,0.36,9,0.36,0,7
1408,2,1,32.49047,0.4,10,0.4,0,7
1409,1,0,0.0,0.4,10,0.4,0,7
1410,2,1,32.09952,0.44,11,0.44,0,7
1411,2,1,29.857132,0.48,12,0.48,0,7
1412,2,1,29.236408,0.52,13,0.52,1,7
1413,2,1,28.652512,0.56,14,0.56,0,7
1414,2,1,27.735538,0.6,15,0.6,0,7
1415,2,1,26.475502,0.64,16,0.64,0,7
1416,2,1,24.751148,0.68,17,0.68,0,7
1417,2,1,22.28669,0.72,18,0.72,1,7
1418,2,1,19.647423,0.76,19,0.76,0,7
1419,2,1,13.703969,0.8,20,0.8,0,7
1420,2,1,3.2950466,0.84,21,0.84,0,7
1421,2,1,-17.532349,0.88,22,0.88,0,7
1422,2,1,-69.60927,0.92,23,0.92,0,7
1423,2,1,-277.93677,0.96,24,0.96,0,7
1424,2,1,34.69621,1.0,25,1.0,0,7
1425,2,1,34.69621,1.0,25,1.0,0,7
1426,2,1,34.69621,1.0,25,1.0,0,7
1427,2,1,34.69621,1.0,25,1.0,0,7
1428,2,1,34.69621,1.0,25,1.0,0,7
1429,2,1,34.69621,1.0,25,1.0,0,7
1430,2,1,34.69621,1.0,25,1.0,0,7
1431,2,1,34.69621,1.0,25,1.0,0,7
1432,2,1,34.69621,1.0,25,1.0,0,7
1433,2,1,34.69621,1.0,25,1.0,0,7
1434,2,1,34.69621,1.0,25,1.0,0,7
1435,2,1,34.69621,1.0,25,1.0,0,7
1436,2,1,34.69621,1.0,25,1.0,0,7
1437,2,1,34.69621,1.0,25,1.0,0,7
1438,2,1,34.69621,1.0,25,1.0,0,7
1439,2,1,34.69621,1.0,25,1.0,0,7
1440,2,1,34.69621,1.0,25,1.0,0,7
1441,2,1,34.69621,1.0,25,1.0,0,7
1442,2,1,34.69621,1.0,25,1.0,0,7
1443,2,1,34.69621,1.0,25,1.0,0,7
1444,2,1,34.69621,1.0,25,1.0,0,7
1445,2,1,34.69621,1.0,25,1.0,1,7
1446,2,1,36.760258,1.0,25,1.0,0,7
1447,2,1,36.760258,1.0,25,1.0,0,7
1448,2,1,36.760258,1.0,25,1.0,0,7
1449,2,1,36.760258,1.0,25,1.0,0,7
1450,2,1,36.760258,1.0,25,1.0,0,7
1451,2,1,36.760258,1.0,25,1.0,0,7
1452,2,1,36.760258,1.0,25,1.0,0,7
1453,2,1,36.760258,1.0,25,1.0,0,7
1454,2,1,36.760258,1.0,25,1.0,0,7
1455,2,1,36.760258,1.0,25,1.0,0,7
1456,2,1,36.760258,1.0,25,1.0,0,7
1457,2,1,36.760258,1.0,25,1.0,0,7
1458,2,1,36.760258,1.0,25,1.0,0,7
1459,2,1,36.760258,1.0,25,1.0,0,7
1460,2,1,36.760258,1.0,25,1.0,1,7
1461,2,1,72.801315,1.0,25,1.0,0,7
1462,2,1,72.801315,1.0,25,1.0,0,7
1463,2,1,72.801315,1.0,25,1.0,0,7
1464,2,1,72.801315,1.0,25,1.0,0,7
1465,2,1,72.801315,1.0,25,1.0,0,7
1466,2,1,72.801315,1.0,25,1.0,0,7
1467,2,1,72.801315,1.0,25,1.0,0,7
1468,2,1,72.801315,1.0,25,1.0,0,7
1469,2,1,72.801315,1.0,25,1.0,0,7
1470,2,1,72.801315,1.0,25,1.0,0,7
1471,2,1,72.801315,1.0,25,1.0,0,7
1472,2,1,72.801315,1.0,25,1.0,0,7
1473,2,1,72.801315,1.0,25,1.0,0,7
1474,2,1,72.801315,1.0,25,1.0,0,7
1475,2,1,72.801315,1.0,25,1.0,0,7
1476,2,1,72.801315,1.0,25,1.0,0,7
1477,2,1,72.801315,1.0,25,1.0,0,7
1478,2,1,72.801315,1.0,25,1.0,0,7
1479,2,1,72.801315,1.0,25,1.0,0,7
1480,2,1,72.801315,1.0,25,1.0,0,7
1481,2,1,72.801315,1.0,25,1.0,0,7
1482,2,1,72.801315,1.0,25,1.0,0,7
1483,2,1,72.801315,1.0,25,1.0,0,7
1484,2,1,72.801315,1.0,25,1.0,0,7
1485,2,1,72.801315,1.0,25,1.0,0,7
1486,2,1,72.801315,1.0,25,1.0,0,7
1487,2,1,72.801315,1.0,25,1.0,0,7
1488,2,1,72.801315,1.0,25,1.0,1,7
1489,2,1,57.0403,1.0,25,1.0,0,7
1490,2,1,57.0403,1.0,25,1.0,0,7
1491,2,1,57.0403,1.0,25,1.0,0,7
1492,2,1,57.0403,1.0,25,1.0,1,7
1493,2,1,34.797733,1.0,25,1.0,0,7
1494,2,1,34.797733,1.0,25,1.0,0,7
1495,2,1,34.797733,1.0,25,1.0,0,7
1496,2,1,34.797733,1.0,25,1.0,0,7
1497,2,1,34.797733,1.0,25,1.0,0,7
1498,2,1,34.797733,1.0,25,1.0,0,7
1499,2,1,34.797733,1.0,25,1.0,0,7
1500,2,1,34.797733,1.0,25,1.0,0,7
1501,2,1,34.797733,1.0,25,1.0,0,7
1502,2,1,34.797733,1.0,25,1.0,1,7
1503,2,1,34.84756,1.0,25,1.0,0,7
1504,2,1,34.84756,1.0,25,1.0,1,7
1505,2,1,34.889824,1.0,25,1.0,0,7
1506,2,1,34.889824,1.0,25,1.0,0,7
1507,2,1,34.889824,1.0,25,1.0,0,7
1508,2,1,34.889824,1.0,25,1.0,0,7
1509,2,1,34.889824,1.0,25,1.0,0,7
1510,2,1,34.889824,1.0,25,1.0,0,7
1511,2,1,34.889824,1.0,25,1.0,0,7
1512,2,1,34.889824,1.0,25,1.0,0,7
1513,2,1,34.889824,1.0,25,1.0,0,7
1514,2,1,34.889824,1.0,25,1.0,0,7
1515,2,1,34.889824,1.0,25,1.0,0,7
1516,1,0,0.0,1.0,25,1.0,0,7
1517,2,1,34.889824,1.0,25,1.0,0,7
1518,2,1,34.889824,1.0,25,1.0,0,7
1519,2,1,34.889824,1.0,25,1.0,0,7
1520,2,1,34.889824,1.0,25,1.0,0,7
1521,2,1,34.889824,1.0,25,1.0,0,7
1522,2,1,34.889824,1.0,25,1.0,0,7
1523,0,-1,-34.889824,0.96,24,0.96,0,7
1524,2,1,34.890095,1.0,25,1.0,0,7
1525,2,1,34.89013,1.0,25,1.0,0,7
1526,2,1,34.89013,1.0,25,1.0,0,7
1527,2,1,34.89013,1.0,25,1.0,0,7
1528,2,1,34.89013,1.0,25,1.0,0,7
1529,2,1,34.89013,1.0,25,1.0,0,7
1530,2,1,34.89013,1.0,25,1.0,0,7
1531,2,1,34.89013,1.0,25,1.0,1,7
1532,2,1,34.948006,1.0,25,1.0,0,7
1533,2,1,34.948006,1.0,25,1.0,0,7
1534,2,1,34.948006,1.0,25,1.0,0,7
1535,2,1,34.948006,1.0,25,1.0,0,7
1536,2,1,34.948006,1.0,25,1.0,0,7
1537,2,1,34.948006,1.0,25,1.0,0,7
1538,2,1,34.948006,1.0,25,1.0,0,7
1539,2,1,34.948006,1.0,25,1.0,0,7
1540,2,1,34.948006,1.0,25,1.0,0,7
1541,2,1,34.948006,1.0,25,1.0,1,7
1542,2,1,35.099327,1.0,25,1.0,0,7
1543,0,-1,-35.099327,0.96,24,0.96,0,7
1544,2,1,35.10019,1.0,25,1.0,0,7
1545,2,1,35.10023,1.0,25,1.0,0,7
1546,2,1,35.10023,1.0,25,1.0,1,7
1547,2,1,36.758877,1.0,25,1.0,0,7
1548,2,1,36.758877,1.0,25,1.0,0,7
1549,2,1,36.758877,1.0,25,1.0,0,7
1550,2,1,36.758877,1.0,25,1.0,0,7
1551,2,1,36.758877,1.0,25,1.0,0,7
1552,2,1,36.758877,1.0,25,1.0,0,7
1553,2,1,36.758877,1.0,25,1.0,0,7
1554,2,1,36.758877,1.0,25,1.0,0,7
1555,2,1,36.758877,1.0,25,1.0,0,7
1556,2,1,36.758877,1.0,25,1.0,0,7
1557,2,1,36.758877,1.0,25,1.0,0,7
1558,2,1,36.758877,1.0,25,1.0,0,7
1559,2,1,36.758877,1.0,25,1.0,0,7
1560,2,1,36.758877,1.0,25,1.0,0,7
1561,2,1,36.758877,1.0,25,1.0,0,7
1562,2,1,36.758877,1.0,25,1.0,0,7
1563,2,1,36.758877,1.0,25,1.0,0,7
1564,2,1,36.758877,1.0,25,1.0,0,7
1565,2,1,36.758877,1.0,25,1.0,0,7
1566,2,1,36.758877,1.0,25,1.0,0,7
1567,2,1,36.758877,1.0,25,1.0,0,7
1568,2,1,36.758877,1.0,25,1.0,0,7
1569,2,1,36.758877,1.0,25,1.0,0,7
1570,2,1,36.758877,1.0,25,1.0,0,7
1571,2,1,36.758877,1.0,25,1.0,0,7
1572,2,1,36.758877,1.0,25,1.0,0,7
1573,2,1,36.758877,1.0,25,1.0,0,7
1574,2,1,36.758877,1.0,25,1.0,1,7
1575,2,1,72.79573,1.0,25,1.0,0,7
1576,2,1,72.79573,1.0,25,1.0,0,7
1577,2,1,72.79573,1.0,25,1.0,0,7
1578,1,0,0.0,1.0,25,1.0,0,7
1579,2,1,72.79573,1.0,25,1.0,0,7
1580,2,1,72.79573,1.0,25,1.0,0,7
1581,2,1,72.79573,1.0,25,1.0,0,7
1582,2,1,72.79573,1.0,25,1.0,0,7
1583,0,-1,-72.79573,0.96,24,0.96,0,7
1584,2,1,72.79573,1.0,25,1.0,0,7
1585,2,1,72.79573,1.0,25,1.0,0,7
1586,2,1,72.79573,1.0,25,1.0,0,7
1587,2,1,72.79573,1.0,25,1.0,0,7
1588,2,1,72.79573,1.0,25,1.0,0,7
1589,2,1,72.79573,1.0,25,1.0,0,7
1590,2,1,72.79573,1.0,25,1.0,0,7
1591,2,1,72.79573,1.0,25,1.0,0,7
1592,2,1,72.79573,1.0,25,1.0,0,7
1593,1,0,0.0,1.0,25,1.0,0,7
1594,2,1,72.79573,1.0,25,1.0,0,7
1595,2,1,72.79573,1.0,25,1.0,0,7
1596,2,1,72.79573,1.0,25,1.0,0,7
1597,2,1,72.79573,1.0,25,1.0,0,7
1598,2,1,72.79573,1.0,25,1.0,0,7
1599,2,1,72.79573,1.0,25,1.0,1,7
1600,2,1,0.0,0.0,0,0.0,0,7
1601,2,1,33.166183,0.2,5,0.2,0,8
1602,0,-1,0.0,0.2,5,0.2,0,8
1603,1,0,0.0,0.2,5,0.2,0,8
1604,2,1,33.0775,0.24,6,0.24,0,8
1605,2,1,32.918777,0.28,7,0.28,0,8
1606,2,1,32.686256,0.32,8,0.32,0,8
1607,2,1,32.469692,0.36,9,0.36,0,8
1608,2,1,32.19531,0.4,10,0.4,0,8
1609,2,1,31.849726,0.44,11,0.44,0,8
1610,2,1,31.36801,0.48,12,0.48,0,8
1611,2,1,30.811554,0.52,13,0.52,0,8
1612,2,1,30.10392,0.56,14,0.56,0,8
1613,2,1,29.170074,0.6,15,0.6,0,8
1614,2,1,27.920229,0.64,16,0.64,0,8
1615,2,1,26.196781,0.68,17,0.68,0,8
1616,2,1,23.726576,0.72,18,0.72,0,8
1617,2,1,20.015537,0.76,19,0.76,0,8
1618,2,1,14.07149,0.8,20,0.8,0,8
1619,2,1,3.6627038,0.84,21,0.84,0,8
1620,0,-1,0.0,0.84,21,0.84,0,8
1621,2,1,-17.163733,0.88,22,0.88,1,8
1622,2,1,-67.57331,0.92,23,0.92,0,8
1623,2,1,-275.90063,0.96,24,0.96,0,8
1624,2,1,36.73233,1.0,25,1.0,0,8
1625,2,1,36.732334,1.0,25,1.0,0,8
1626,2,1,36.732334,1.0,25,1.0,0,8
1627,2,1,36.732334,1.0,25,1.0,0,8
1628,2,1,36.732334,1.0,25,1.0,0,8
1629,2,1,36.732334,1.0,25,1.0,0,8
1630,2,1,36.732334,1.0,25,1.0,0,8
1631,2,1,36.732334,1.0,25,1.0,0,8
1632,2,1,36.732334,1.0,25,1.0,0,8
1633,2,1,36.732334,1.0,25,1.0,1,8
1634,2,1,34.387783,1.0,25,1.0,0,8
1635,2,1,34.387783,1.0,25,1.0,0,8
1636,2,1,34.387783,1.0,25,1.0,0,8
1637,2,1,34.387783,1.0,25,1.0,0,8
1638,2,1,34.387783,1.0,25,1.0,0,8
1639,1,0,0.0,1.0,25,1.0,0,8
1640,2,1,34.387783,1.0,25,1.0,0,8
1641,2,1,34.387783,1.0,25,1.0,0,8
1642,2,1,34.387783,1.0,25,1.0,0,8
1643,2,1,34.387783,1.0,25,1.0,0,8
1644,2,1,34.387783,1.0,25,1.0,0,8
1645,2,1,34.387783,1.0,25,1.0,0,8
1646,2,1,34.387783,1.0,25,1.0,0,8
1647,2,1,34.387783,1.0,25,1.0,0,8
1648,2,1,34.387783,1.0,25,1.0,0,8
1649,2,1,34.387783,1.0,25,1.0,0,8
1650,2,1,34.387783,1.0,25,1.0,0,8
1651,2,1,34.387783,1.0,25,1.0,0,8
1652,2,1,34.387783,1.0,25,1.0,0,8
1653,2,1,34.387783,1.0,25,1.0,0,8
1654,2,1,34.387783,1.0,25,1.0,0,8
1655,2,1,34.387783,1.0,25,1.0,0,8
1656,2,1,34.387783,1.0,25,1.0,0,8
1657,2,1,34.387783,1.0,25,1.0,0,8
1658,2,1,34.387783,1.0,25,1.0,1,8
1659,2,1,34.316227,1.0,25,1.0,0,8
1660,2,1,34.316227,1.0,25,1.0,0,8
1661,2,1,34.316227,1.0,25,1.0,0,8
1662,2,1,34.316227,1.0,25,1.0,0,8
1663,2,1,34.316227,1.0,25,1.0,0,8
1664,2,1,34.316227,1.0,25,1.0,0,8
1665,2,1,34.316227,1.0,25,1.0,0,8
1666,2,1,34.316227,1.0,25,1.0,0,8
1667,2,1,34.316227,1.0,25,1.0,1,8
1668,2,1,72.779594,1.0,25,1.0,0,8
1669,2,1,72.779594,1.0,25,1.0,0,8
1670,2,1,72.779594,1.0,25,1.0,0,8
1671,2,1,72.779594,1.0,25,1.0,0,8
1672,2,1,72.779594,1.0,25,1.0,0,8
1673,2,1,72.779594,1.0,25,1.0,0,8
1674,2,1,72.779594,1.0,25,1.0,0,8
1675,2,1,72.779594,1.0,25,1.0,0,8
1676,2,1,72.779594,1.0,25,1.0,0,8
1677,2,1,72.779594,1.0,25,1.0,0,8
1678,2,1,72.779594,1.0,25,1.0,0,8
1679,2,1,72.779594,1.0,25,1.0,0,8
1680,2,1,72.779594,1.0,25,1.0,0,8
1681,2,1,72.779594,1.0,25,1.0,0,8
1682,1,0,0.0,1.0,25,1.0,0,8
1683,2,1,72.779594,1.0,25,1.0,0,8
1684,2,1,72.779594,1.0,25,1.0,0,8
1685,2,1,72.779594,1.0,25,1.0,0,8
1686,2,1,72.779594,1.0,25,1.0,0,8
1687,2,1,72.779594,1.0,25,1.0,0,8
1688,2,1,72.779594,1.0,25,1.0,0,8
1689,2,1,72.779594,1.0,25,1.0,0,8
1690,2,1,72.779594,1.0,25,1.0,0,8
1691,2,1,72.779594,1.0,25,1.0,0,8
1692,2,1,72.779594,1.0,25,1.0,0,8
1693,0,-1,0.0,1.0,25,1.0,0,8
1694,2,1,72.779594,1.0,25,1.0,1,8
1695,2,1,67.42173,1.0,25,1.0,0,8
1696,2,1,67.42173,1.0,25,1.0,0,8
1697,2,1,67.42173,1.0,25,1.0,0,8
1698,2,1,67.42173,1.0,25,1.0,0,8
1699,2,1,67.42173,1.0,25,1.0,0,8
1700,2,1,67.42173,1.0,25,1.0,0,8
1701,2,1,67.42173,1.0,25,1.0,0,8
1702,2,1,67.42173,1.0,25,1.0,0,8
1703,2,1,67.42173,1.0,25,1.0,1,8
1704,2,1,40.698208,1.0,25,1.0,0,8
1705,2,1,40.698208,1.0,25,1.0,0,8
1706,2,1,40.698208,1.0,25,1.0,0,8
1707,2,1,40.698208,1.0,25,1.0,1,8
1708,2,1,34.29377,1.0,25,1.0,0,8
1709,2,1,34.29377,1.0,25,1.0,0,8
1710,2,1,34.29377,1.0,25,1.0,0,8
1711,2,1,34.29377,1.0,25,1.0,0,8
1712,2,1,34.29377,1.0,25,1.0,0,8
1713,2,1,34.29377,1.0,25,1.0,0,8
1714,2,1,34.29377,1.0,25,1.0,0,8
1715,2,1,34.29377,1.0,25,1.0,0,8
1716,2,1,34.29377,1.0,25,1.0,0,8
1717,2,1,34.29377,1.0,25,1.0,0,8
1718,2,1,34.29377,1.0,25,1.0,0,8
1719,2,1,34.29377,1.0,25,1.0,0,8
1720,2,1,34.29377,1.0,25,1.0,0,8
1721,2,1,34.29377,1.0,25,1.0,0,8
1722,2,1,34.29377,1.0,25,1.0,0,8
1723,2,1,34.29377,1.0,25,1.0,0,8
1724,2,1,34.29377,1.0,25,1.0,0,8
1725,2,1,34.29377,1.0,25,1.0,0,8
1726,1,0,0.0,1.0,25,1.0,1,8
1727,2,1,35.248047,1.0,25,1.0,0,8
1728,0,-1,-35.248047,0.96,24,0.96,0,8
1729,2,1,35.26687,1.0,25,1.0,0,8
1730,2,1,35.26687,1.0,25,1.0,0,8
1731,2,1,35.26687,1.0,25,1.0,0,8
1732,2,1,35.26687,1.0,25,1.0,0,8
1733,2,1,35.26687,1.0,25,1.0,0,8
1734,2,1,35.26687,1.0,25,1.0,0,8
1735,1,0,0.0,1.0,25,1.0,0,8
1736,2,1,35.26687,1.0,25,1.0,0,8
1737,2,1,35.26687,1.0,25,1.0,0,8
1738,2,1,35.26687,1.0,25,1.0,0,8
1739,2,1,35.26687,1.0,25,1.0,0,8
1740,2,1,35.26687,1.0,25,1.0,0,8
1741,2,1,35.26687,1.0,25,1.0,0,8
1742,2,1,35.26687,1.0,25,1.0,1,8
1743,2,1,36.745865,1.0,25,1.0,0,8
1744,2,1,36.745865,1.0,25,1.0,1,8
1745,2,1,34.58704,1.0,25,1.0,0,8
1746,2,1,34.58704,1.0,25,1.0,0,8
1747,2,1,34.58704,1.0,25,1.0,0,8
1748,2,1,34.58704,1.0,25,1.0,0,8
1749,2,1,34.58704,1.0,25,1.0,0,8
1750,2,1,34.58704,1.0,25,1.0,0,8
1751,2,1,34.58704,1.0,25,1.0,1,8
1752,2,1,34.635956,1.0,25,1.0,0,8
1753,2,1,34.635956,1.0,25,1.0,0,8
1754,2,1,34.635956,1.0,25,1.0,0,8
1755,2,1,34.635956,1.0,25,1.0,0,8
1756,2,1,34.635956,1.0,25,1.0,0,8
1757,2,1,34.635956,1.0,25,1.0,0,8
1758,2,1,34.635956,1.0,25,1.0,0,8
1759,2,1,34.635956,1.0,25,1.0,0,8
1760,2,1,34.635956,1.0,25,1.0,0,8
1761,2,1,34.635956,1.0,25,1.0,0,8
1762,2,1,34.635956,1.0,25,1.0,0,8
1763,2,1,34.635956,1.0,25,1.0,0,8
1764,2,1,34.635956,1.0,25,1.0,0,8
1765,2,1,34.635956,1.0,25,1.0,1,8
1766,2,1,72.78884,1.0,25,1.0,0,8
1767,2,1,72.78884,1.0,25,1.0,0,8
1768,2,1,72.78884,1.0,25,1.0,0,8
1769,2,1,72.78884,1.0,25,1.0,0,8
1770,2,1,72.78884,1.0,25,1.0,0,8
1771,2,1,72.78884,1.0,25,1.0,0,8
1772,2,1,72.78884,1.0,25,1.0,0,8
1773,2,1,72.78884,1.0,25,1.0,0,8
1774,2,1,72.78884,1.0,25,1.0,0,8
1775,2,1,72.78884,1.0,25,1.0,0,8
1776,2,1,72.78884,1.0,25,1.0,0,8
1777,2,1,72.78884,1.0,25,1.0,0,8
1778,2,1,72.78884,1.0,25,1.0,0,8
1779,2,1,72.78884,1.0,25,1.0,0,8
1780,2,1,72.78884,1.0,25,1.0,0,8
1781,2,1,72.78884,1.0,25,1.0,1,8
1782,2,1,67.4111,1.0,25,1.0,0,8
1783,2,1,67.4111,1.0,25,1.0,0,8
1784,2,1,67.4111,1.0,25,1.0,1,8
1785,2,1,40.489094,1.0,25,1.0,0,8
1786,2,1,40.489094,1.0,25,1.0,0,8
1787,2,1,40.489094,1.0,25,1.0,0,8
1788,0,-1,-40.489094,0.96,24,0.96,0,8
1789,2,1,40.4891,1.0,25,1.0,0,8
1790,2,1,40.4891,1.0,25,1.0,0,8
1791,2,1,40.4891,1.0,25,1.0,0,8
1792,2,1,40.4891,1.0,25,1.0,0,8
1793,2,1,40.4891,1.0,25,1.0,0,8
1794,2,1,40.4891,1.0,25,1.0,0,8
1795,2,1,40.4891,1.0,25,1.0,1,8
1796,2,1,34.451664,1.0,25,1.0,0,8
1797,2,1,34.451664,1.0,25,1.0,0,8
1798,2,1,34.451664,1.0,25,1.0,0,8
1799,2,1,34.451664,1.0,25,1.0,0,8
1800,2,1,0.0,0.0,0,0.0,0,8
1801,1,0,0.0,0.16,4,0.16,0,9
1802,2,1,32.87495,0.2,5,0.2,0,9
1803,2,1,32.805973,0.24,6,0.24,0,9
1804,1,0,0.0,0.24,6,0.24,0,9
1805,2,1,33.095295,0.28,7,0.28,0,9
1806,1,0,0.0,0.28,7,0.28,0,9
1807,2,1,32.935947,0.32,8,0.32,0,9
1808,2,1,32.73805,0.36,9,0.36,0,9
1809,0,-1,0.0,0.36,9,0.36,0,9
1810,2,1,32.43365,0.4,10,0.4,0,9
1811,0,-1,0.0,0.4,10,0.4,0,9
1812,2,1,32.088055,0.44,11,0.44,0,9
1813,2,1,31.652851,0.48,12,0.48,1,9
1814,2,1,29.286907,0.52,13,0.52,0,9
1815,2,1,28.573782,0.56,14,0.56,0,9
1816,2,1,27.641375,0.6,15,0.6,0,9
1817,2,1,26.391178,0.64,16,0.64,0,9
1818,2,1,24.666557,0.68,17,0.68,0,9
1819,2,1,22.225698,0.72,18,0.72,0,9
1820,2,1,18.16686,0.76,19,0.76,0,9
1821,2,1,12.217746,0.8,20,0.8,0,9
1822,1,0,0.0,0.8,20,0.8,0,9
1823,2,1,1.811003,0.84,21,0.84,0,9
1824,2,1,-19.017591,0.88,22,0.88,0,9
1825,2,1,-71.09488,0.92,23,0.92,0,9
1826,2,1,-279.42188,0.96,24,0.96,0,9
1827,2,1,33.297787,1.0,25,1.0,0,9
1828,2,1,33.21421,1.0,25,1.0,0,9
1829,2,1,33.21421,1.0,25,1.0,0,9
1830,2,1,33.21421,1.0,25,1.0,0,9
1831,2,1,33.21421,1.0,25,1.0,0,9
1832,2,1,33.21421,1.0,25,1.0,0,9
1833,2,1,33.21421,1.0,25,1.0,0,9
1834,2,1,33.21421,1.0,25,1.0,0,9
1835,2,1,33.21421,1.0,25,1.0,0,9
1836,2,1,33.21421,1.0,25,1.0,1,9
1837,2,1,33.06518,1.0,25,1.0,0,9
1838,2,1,33.06518,1.0,25,1.0,0,9
1839,2,1,33.06518,1.0,25,1.0,0,9
1840,2,1,33.06518,1.0,25,1.0,0,9
1841,2,1,33.06518,1.0,25,1.0,0,9
1842,2,1,33.06518,1.0,25,1.0,0,9
1843,2,1,33.06518,1.0,25,1.0,0,9
1844,2,1,33.06518,1.0,25,1.0,0,9
1845,2,1,33.06518,1.0,25,1.0,1,9
1846,2,1,34.10885,1.0,25,1.0,0,9
1847,2,1,34.10885,1.0,25,1.0,0,9
1848,2,1,34.10885,1.0,25,1.0,0,9
1849,2,1,34.10885,1.0,25,1.0,0,9
1850,2,1,34.10885,1.0,25,1.0,0,9
1851,2,1,34.10885,1.0,25,1.0,0,9
1852,2,1,34.10885,1.0,25,1.0,0,9
1853,2,1,34.10885,1.0,25,1.0,0,9
1854,2,1,34.10885,1.0,25,1.0,0,9
1855,2,1,34.10885,1.0,25,1.0,0,9
1856,2,1,34.10885,1.0,25,1.0,0,9
1857,2,1,34.10885,1.0,25,1.0,0,9
1858,2,1,34.10885,1.0,25,1.0,0,9
1859,2,1,34.10885,1.0,25,1.0,0,9
1860,1,0,0.0,1.0,25,1.0,0,9
1861,2,1,34.10885,1.0,25,1.0,0,9
1862,2,1,34.10885,1.0,25,1.0,0,9
1863,2,1,34.10885,1.0,25,1.0,0,9
1864,2,1,34.10885,1.0,25,1.0,0,9
1865,2,1,34.10885,1.0,25,1.0,0,9
1866,2,1,34.10885,1.0,25,1.0,0,9
1867,2,1,34.10885,1.0,25,1.0,0,9
1868,2,1,34.10885,1.0,25,1.0,0,9
1869,2,1,34.10885,1.0,25,1.0,0,9
1870,2,1,34.10885,1.0,25,1.0,0,9
1871,2,1,34.10885,1.0,25,1.0,0,9
1872,2,1,34.10885,1.0,25,1.0,0,9
1873,2,1,34.10885,1.0,25,1.0,1,9
1874,2,1,72.78932,1.0,25,1.0,0,9
1875,2,1,72.78932,1.0,25,1.0,0,9
1876,2,1,72.78932,1.0,25,1.0,0,9
1877,2,1,72.78932,1.0,25,1.0,0,9
1878,2,1,72.78932,1.0,25,1.0,0,9
1879,2,1,72.78932,1.0,25,1.0,0,9
1880,2,1,72.78932,1.0,25,1.0,0,9
1881,2,1,72.78932,1.0,25,1.0,0,9
1882,1,0,0.0,1.0,25,1.0,0,9
1883,2,1,72.78932,1.0,25,1.0,0,9
1884,2,1,72.78932,1.0,25,1.0,0,9
1885,2,1,72.78932,1.0,25,1.0,0,9
1886,2,1,72.78932,1.0,25,1.0,0,9
1887,2,1,72.78932,1.0,25,1.0,0,9
1888,2,1,72.78932,1.0,25,1.0,0,9
1889,2,1,72.78932,1.0,25,1.0,0,9
1890,2,1,72.78932,1.0,25,1.0,0,9
1891,2,1,72.78932,1.0,25,1.0,0,9
1892,2,1,72.78932,1.0,25,1.0,0,9
1893,2,1,72.78932,1.0,25,1.0,0,9
1894,2,1,72.78932,1.0,25,1.0,0,9
1895,2,1,72.78932,1.0,25,1.0,0,9
1896,2,1,72.78932,1.0,25,1.0,0,9
1897,2,1,72.78932,1.0,25,1.0,0,9
1898,2,1,72.78932,1.0,25,1.0,0,9
1899,2,1,72.78932,1.0,25,1.0,0,9
1900,0,-1,-72.78932,0.96,24,0.96,1,9
1901,2,1,67.41415,1.0,25,1.0,1,9
1902,2,1,40.524433,1.0,25,1.0,0,9
1903,2,1,40.524433,1.0,25,1.0,0,9
1904,2,1,40.524433,1.0,25,1.0,0,9
1905,2,1,40.524433,1.0,25,1.0,0,9
1906,2,1,40.524433,1.0,25,1.0,0,9
1907,2,1,40.524433,1.0,25,1.0,0,9
1908,2,1,40.524433,1.0,25,1.0,0,9
1909,2,1,40.524433,1.0,25,1.0,0,9
1910,2,1,40.524433,1.0,25,1.0,0,9
1911,2,1,40.524433,1.0,25,1.0,0,9
1912,2,1,40.524433,1.0,25,1.0,0,9
1913,2,1,40.524433,1.0,25,1.0,0,9
1914,2,1,40.524433,1.0,25,1.0,0,9
1915,2,1,40.524433,1.0,25,1.0,0,9
1916,2,1,40.524433,1.0,25,1.0,0,9
1917,2,1,40.524433,1.0,25,1.0,0,9
1918,2,1,40.524433,1.0,25,1.0,0,9
1919,2,1,40.524433,1.0,25,1.0,0,9
1920,2,1,40.524433,1.0,25,1.0,0,9
1921,2,1,40.524433,1.0,25,1.0,0,9
1922,2,1,40.524433,1.0,25,1.0,0,9
1923,2,1,40.524433,1.0,25,1.0,0,9
1924,2,1,40.524433,1.0,25,1.0,0,9
1925,2,1,40.524433,1.0,25,1.0,1,9
1926,2,1,33.99118,1.0,25,1.0,0,9
1927,2,1,33.99118,1.0,25,1.0,0,9
1928,2,1,33.99118,1.0,25,1.0,0,9
1929,2,1,33.99118,1.0,25,1.0,0,9
1930,2,1,33.99118,1.0,25,1.0,0,9
1931,2,1,33.99118,1.0,25,1.0,0,9
1932,2,1,33.99118,1.0,25,1.0,0,9
1933,2,1,33.99118,1.0,25,1.0,0,9
1934,2,1,33.99118,1.0,25,1.0,0,9
1935,1,0,0.0,1.0,25,1.0,0,9
1936,2,1,33.99118,1.0,25,1.0,0,9
1937,2,1,33.99118,1.0,25,1.0,0,9
1938,2,1,33.99118,1.0,25,1.0,0,9
1939,2,1,33.99118,1.0,25,1.0,0,9
1940,2,1,33.99118,1.0,25,1.0,0,9
1941,2,1,33.99118,1.0,25,1.0,0,9
1942,2,1,33.99118,1.0,25,1.0,0,9
1943,2,1,33.99118,1.0,25,1.0,0,9
1944,2,1,33.99118,1.0,25,1.0,0,9
1945,2,1,33.99118,1.0,25,1.0,0,9
1946,2,1,33.99118,1.0,25,1.0,1,9
1947,2,1,33.907333,1.0,25,1.0,0,9
1948,2,1,33.907333,1.0,25,1.0,0,9
1949,2,1,33.907333,1.0,25,1.0,0,9
1950,2,1,33.907333,1.0,25,1.0,0,9
1951,2,1,33.907333,1.0,25,1.0,0,9
1952,2,1,33.907333,1.0,25,1.0,0,9
1953,2,1,33.907333,1.0,25,1.0,1,9
1954,2,1,33.82199,1.0,25,1.0,0,9
1955,2,1,33.82199,1.0,25,1.0,1,9
1956,2,1,33.850807,1.0,25,1.0,0,9
1957,2,1,33.850807,1.0,25,1.0,0,9
1958,2,1,33.850807,1.0,25,1.0,0,9
1959,2,1,33.850807,1.0,25,1.0,0,9
1960,2,1,33.850807,1.0,25,1.0,0,9
1961,2,1,33.850807,1.0,25,1.0,0,9
1962,2,1,33.850807,1.0,25,1.0,0,9
1963,2,1,33.850807,1.0,25,1.0,0,9
1964,2,1,33.850807,1.0,25,1.0,0,9
1965,2,1,33.850807,1.0,25,1.0,1,9
1966,2,1,34.36185,1.0,25,1.0,0,9
1967,2,1,34.36185,1.0,25,1.0,0,9
1968,2,1,34.36185,1.0,25,1.0,0,9
1969,2,1,34.36185,1.0,25,1.0,0,9
1970,2,1,34.36185,1.0,25,1.0,0,9
1971,2,1,34.36185,1.0,25,1.0,0,9
1972,2,1,34.36185,1.0,25,1.0,1,9
1973,2,1,72.78504,1.0,25,1.0,1,9
1974,2,1,67.3888,1.0,25,1.0,1,9
1975,2,1,40.30272,1.0,25,1.0,0,9
1976,2,1,40.30272,1.0,25,1.0,0,9
1977,2,1,40.30272,1.0,25,1.0,0,9
1978,2,1,40.30272,1.0,25,1.0,0,9
1979,2,1,40.30272,1.0,25,1.0,1,9
1980,2,1,34.15587,1.0,25,1.0,0,9
1981,2,1,34.15587,1.0,25,1.0,0,9
1982,2,1,34.15587,1.0,25,1.0,0,9
1983,2,1,34.15587,1.0,25,1.0,0,9
1984,2,1,34.15587,1.0,25,1.0,0,9
1985,2,1,34.15587,1.0,25,1.0,0,9
1986,2,1,34.15587,1.0,25,1.0,0,9
1987,2,1,34.15587,1.0,25,1.0,0,9
1988,2,1,34.15587,1.0,25,1.0,0,9
1989,2,1,34.15587,1.0,25,1.0,0,9
1990,2,1,34.15587,1.0,25,1.0,1,9
1991,2,1,34.079124,1.0,25,1.0,0,9
1992,2,1,34.079124,1.0,25,1.0,0,9
1993,2,1,34.079124,1.0,25,1.0,0,9
1994,2,1,34.079124,1.0,25,1.0,0,9
1995,2,1,34.079124,1.0,25,1.0,0,9
1996,2,1,34.079124,1.0,25,1.0,0,9
1997,2,1,34.079124,1.0,25,1.0,0,9
1998,2,1,34.079124,1.0,25,1.0,0,9
1999,1,0,0.0,1.0,25,1.0,0,9
2000,2,1,0.0,0.0,0,0.0,0,9
2001,2,1,32.87495,0.2,5,0.2,0,10
2002,2,1,33.213867,0.24,6,0.24,0,10
2003,2,1,33.147076,0.28,7,0.28,0,10
2004,2,1,32.981297,0.32,8,0.32,0,10
2005,2,1,32.765255,0.36,9,0.36,0,10
2006,2,1,32.459557,0.4,10,0.4,0,10
2007,2,1,32.113766,0.44,11,0.44,0,10
2008,2,1,31.678213,0.48,12,0.48,1,10
2009,2,1,28.905497,0.52,13,0.52,0,10
2010,2,1,28.173496,0.56,14,0.56,0,10
2011,2,1,27.232573,0.6,15,0.6,0,10
2012,2,1,25.980328,0.64,16,0.64,0,10
2013,2,1,24.291737,0.68,17,0.68,0,10
2014,2,1,21.818272,0.72,18,0.72,0,10
2015,2,1,18.1179,0.76,19,0.76,0,10
2016,2,1,12.1744995,0.8,20,0.8,0,10
2017,2,1,1.7651982,0.84,21,0.84,0,10
2018,2,1,-19.061726,0.88,22,0.88,0,10
2019,2,1,-71.1379,0.92,23,0.92,0,10
2020,2,1,-279.46524,0.96,24,0.96,0,10
2021,2,1,33.168034,1.0,25,1.0,0,10
2022,2,1,33.168037,1.0,25,1.0,0,10
2023,2,1,33.168037,1.0,25,1.0,0,10
2024,2,1,33.168037,1.0,25,1.0,0,10
2025,2,1,33.168037,1.0,25,1.0,0,10
2026,2,1,33.168037,1.0,25,1.0,0,10
2027,2,1,33.168037,1.0,25,1.0,0,10
2028,2,1,33.168037,1.0,25,1.0,1,10
2029,2,1,33.147915,1.0,25,1.0,0,10
2030,2,1,33.147915,1.0,25,1.0,0,10
2031,2,1,33.147915,1.0,25,1.0,0,10
2032,2,1,33.147915,1.0,25,1.0,0,10
2033,2,1,33.147915,1.0,25,1.0,0,10
2034,2,1,33.147915,1.0,25,1.0,0,10
2035,2,1,33.147915,1.0,25,1.0,0,10
2036,2,1,33.147915,1.0,25,1.0,0,10
2037,2,1,33.147915,1.0,25,1.0,0,10
2038,2,1,33.147915,1.0,25,1.0,0,10
2039,2,1,33.147915,1.0,25,1.0,0,10
2040,2,1,33.147915,1.0,25,1.0,0,10
2041,2,1,33.147915,1.0,25,1.0,0,10
2042,2,1,33.147915,1.0,25,1.0,0,10
2043,2,1,33.147915,1.0,25,1.0,0,10
2044,2,1,33.147915,1.0,25,1.0,0,10
2045,2,1,33.147915,1.0,25,1.0,1,10
2046,2,1,33.15083,1.0,25,1.0,0,10
2047,2,1,33.15083,1.0,25,1.0,0,10
2048,2,1,33.15083,1.0,25,1.0,0,10
2049,2,1,33.15083,1.0,25,1.0,0,10
2050,2,1,33.15083,1.0,25,1.0,1,10
2051,2,1,72.766396,1.0,25,1.0,0,10
2052,2,1,72.766396,1.0,25,1.0,0,10
2053,2,1,72.766396,1.0,25,1.0,1,10
2054,2,1,67.33397,1.0,25,1.0,0,10
2055,2,1,67.33397,1.0,25,1.0,0,10
2056,2,1,67.33397,1.0,25,1.0,0,10
2057,2,1,67.33397,1.0,25,1.0,0,10
2058,2,1,67.33397,1.0,25,1.0,0,10
2059,2,1,67.33397,1.0,25,1.0,0,10
2060,2,1,67.33397,1.0,25,1.0,0,10
2061,2,1,67.33397,1.0,25,1.0,0,10
2062,2,1,67.33397,1.0,25,1.0,1,10
2063,2,1,39.86308,1.0,25,1.0,0,10
2064,2,1,39.86308,1.0,25,1.0,0,10
2065,2,1,39.86308,1.0,25,1.0,0,10
2066,2,1,39.86308,1.0,25,1.0,0,10
2067,2,1,39.86308,1.0,25,1.0,0,10
2068,2,1,39.86308,1.0,25,1.0,0,10
2069,2,1,39.86308,1.0,25,1.0,0,10
2070,2,1,39.86308,1.0,25,1.0,0,10
2071,2,1,39.86308,1.0,25,1.0,1,10
2072,2,1,33.808334,1.0,25,1.0,0,10
2073,2,1,33.808334,1.0,25,1.0,0,10
2074,2,1,33.808334,1.0,25,1.0,0,10
2075,2,1,33.808334,1.0,25,1.0,0,10
2076,2,1,33.808334,1.0,25,1.0,0,10
2077,2,1,33.808334,1.0,25,1.0,0,10
2078,2,1,33.808334,1.0,25,1.0,0,10
2079,2,1,33.808334,1.0,25,1.0,0,10
2080,2,1,33.808334,1.0,25,1.0,0,10
2081,2,1,33.808334,1.0,25,1.0,0,10
2082,2,1,33.808334,1.0,25,1.0,0,10
2083,2,1,33.808334,1.0,25,1.0,0,10
2084,2,1,33.808334,1.0,25,1.0,0,10
2085,2,1,33.808334,1.0,25,1.0,0,10
2086,2,1,33.808334,1.0,25,1.0,0,10
2087,2,1,33.808334,1.0,25,1.0,0,10
2088,2,1,33.808334,1.0,25,1.0,0,10
2089,2,1,33.808334,1.0,25,1.0,0,10
2090,2,1,33.808334,1.0,25,1.0,0,10
2091,2,1,33.808334,1.0,25,1.0,0,10
2092,2,1,33.808334,1.0,25,1.0,1,10
2093,2,1,34.00208,1.0,25,1.0,1,10
2094,2,1,33.77885,1.0,25,1.0,0,10
2095,2,1,33.77885,1.0,25,1.0,1,10
2096,2,1,33.810314,1.0,25,1.0,0,10
2097,2,1,33.810314,1.0,25,1.0,0,10
2098,2,1,33.810314,1.0,25,1.0,0,10
2099,2,1,33.810314,1.0,25,1.0,0,10
2100,2,1,33.810314,1.0,25,1.0,1,10
2101,2,1,33.862026,1.0,25,1.0,0,10
2102,2,1,33.862026,1.0,25,1.0,0,10
2103,2,1,33.862026,1.0,25,1.0,0,10
2104,2,1,33.862026,1.0,25,1.0,0,10
2105,2,1,33.862026,1.0,25,1.0,0,10
2106,2,1,33.862026,1.0,25,1.0,0,10
2107,2,1,33.862026,1.0,25,1.0,0,10
2108,2,1,33.862026,1.0,25,1.0,0,10
2109,2,1,33.862026,1.0,25,1.0,0,10
2110,2,1,33.862026,1.0,25,1.0,0,10
2111,2,1,33.862026,1.0,25,1.0,0,10
2112,2,1,33.862026,1.0,25,1.0,0,10
2113,2,1,33.862026,1.0,25,1.0,0,10
2114,2,1,33.862026,1.0,25,1.0,0,10
2115,0,-1,0.0,1.0,25,1.0,0,10
2116,2,1,33.862026,1.0,25,1.0,0,10
2117,2,1,33.862026,1.0,25,1.0,0,10
2118,2,1,33.862026,1.0,25,1.0,0,10
2119,2,1,33.862026,1.0,25,1.0,0,10
2120,2,1,33.862026,1.0,25,1.0,0,10
2121,2,1,33.862026,1.0,25,1.0,0,10
2122,2,1,33.862026,1.0,25,1.0,0,10
2123,2,1,33.862026,1.0,25,1.0,0,10
2124,2,1,33.862026,1.0,25,1.0,1,10
2125,2,1,72.735634,1.0,25,1.0,0,10
2126,2,1,72.735634,1.0,25,1.0,0,10
2127,2,1,72.735634,1.0,25,1.0,0,10
2128,2,1,72.735634,1.0,25,1.0,0,10
2129,2,1,72.735634,1.0,25,1.0,0,10
2130,2,1,72.735634,1.0,25,1.0,0,10
2131,2,1,72.735634,1.0,25,1.0,0,10
2132,2,1,72.735634,1.0,25,1.0,0,10
2133,2,1,72.735634,1.0,25,1.0,0,10
2134,2,1,72.735634,1.0,25,1.0,0,10
2135,2,1,72.735634,1.0,25,1.0,0,10
2136,2,1,72.735634,1.0,25,1.0,0,10
2137,2,1,72.735634,1.0,25,1.0,1,10
2138,2,1,67.19953,1.0,25,1.0,0,10
2139,2,1,67.19953,1.0,25,1.0,0,10
2140,2,1,67.19953,1.0,25,1.0,0,10
2141,2,1,67.19953,1.0,25,1.0,0,10
2142,2,1,67.19953,1.0,25,1.0,0,10
2143,2,1,67.19953,1.0,25,1.0,0,10
2144,2,1,67.19953,1.0,25,1.0,0,10
2145,2,1,67.19953,1.0,25,1.0,0,10
2146,2,1,67.19953,1.0,25,1.0,0,10
2147,2,1,67.19953,1.0,25,1.0,0,10
2148,2,1,67.19953,1.0,25,1.0,0,10
2149,2,1,67.19953,1.0,25,1.0,0,10
2150,2,1,67.19953,1.0,25,1.0,0,10
2151,2,1,67.19953,1.0,25,1.0,0,10
2152,2,1,67.19953,1.0,25,1.0,0,10
2153,2,1,67.19953,1.0,25,1.0,0,10
2154,2,1,67.19953,1.0,25,1.0,1,10
2155,2,1,38.967377,1.0,25,1.0,0,10
2156,2,1,38.967377,1.0,25,1.0,0,10
2157,2,1,38.967377,1.0,25,1.0,0,10
2158,2,1,38.967377,1.0,25,1.0,1,10
2159,2,1,33.9429,1.0,25,1.0,0,10
2160,2,1,33.9429,1.0,25,1.0,0,10
2161,2,1,33.9429,1.0,25,1.0,0,10
2162,2,1,33.9429,1.0,25,1.0,0,10
2163,2,1,33.9429,1.0,25,1.0,0,10
2164,2,1,33.9429,1.0,25,1.0,0,10
2165,2,1,33.9429,1.0,25,1.0,0,10
2166,2,1,33.9429,1.0,25,1.0,0,10
2167,2,1,33.9429,1.0,25,1.0,0,10
2168,2,1,33.9429,1.0,25,1.0,0,10
2169,2,1,33.9429,1.0,25,1.0,0,10
2170,2,1,33.9429,1.0,25,1.0,0,10
2171,2,1,33.9429,1.0,25,1.0,0,10
2172,2,1,33.9429,1.0,25,1.0,1,10
2173,2,1,34.248463,1.0,25,1.0,0,10
2174,2,1,34.248463,1.0,25,1.0,0,10
2175,2,1,34.248463,1.0,25,1.0,0,10
2176,2,1,34.248463,1.0,25,1.0,0,10
2177,2,1,34.248463,1.0,25,1.0,0,10
2178,2,1,34.248463,1.0,25,1.0,0,10
2179,2,1,34.248463,1.0,25,1.0,0,10
2180,2,1,34.248463,1.0,25,1.0,0,10
2181,2,1,34.248463,1.0,25,1.0,0,10
2182,2,1,34.248463,1.0,25,1.0,0,10
2183,2,1,34.248463,1.0,25,1.0,0,10
2184,2,1,34.248463,1.0,25,1.0,0,10
2185,2,1,34.248463,1.0,25,1.0,0,10
2186,2,1,34.248463,1.0,25,1.0,0,10
2187,2,1,34.248463,1.0,25,1.0,0,10
2188,2,1,34.248463,1.0,25,1.0,0,10
2189,2,1,34.248463,1.0,25,1.0,0,10
2190,2,1,34.248463,1.0,25,1.0,0,10
2191,2,1,34.248463,1.0,25,1.0,0,10
2192,2,1,34.248463,1.0,25,1.0,0,10
2193,2,1,34.248463,1.0,25,1.0,0,10
2194,2,1,34.248463,1.0,25,1.0,0,10
2195,2,1,34.248463,1.0,25,1.0,0,10
2196,2,1,34.248463,1.0,25,1.0,0,10
2197,2,1,34.248463,1.0,25,1.0,1,10
2198,2,1,33.981422,1.0,25,1.0,0,10
2199,2,1,33.981422,1.0,25,1.0,0,10
2200,2,1,0.0,0.0,0,0.0,0,10
2201,2,1,32.87495,0.2,5,0.2,0,11
2202,2,1,32.805973,0.24,6,0.24,0,11
2203,2,1,32.90466,0.28,7,0.28,0,11
2204,2,1,32.68094,0.32,8,0.32,0,11
2205,2,1,32.460552,0.36,9,0.36,0,11
2206,2,1,32.18692,0.4,10,0.4,0,11
2207,2,1,31.841017,0.44,11,0.44,0,11
2208,2,1,31.405704,0.48,12,0.48,0,11
2209,2,1,30.852545,0.52,13,0.52,0,11
2210,2,1,28.434048,0.56,14,0.56,0,11
2211,2,1,27.409554,0.6,15,0.6,0,11
2212,2,1,26.158012,0.64,16,0.64,0,11
2213,2,1,24.433607,0.68,17,0.68,0,11
2214,2,1,21.97317,0.72,18,0.72,0,11
2215,2,1,18.27437,0.76,19,0.76,0,11
2216,2,1,12.321822,0.8,20,0.8,0,11
2217,2,1,1.9130094,0.84,21,0.84,0,11
2218,2,1,-18.913342,0.88,22,0.88,0,11
2219,2,1,-70.990326,0.92,23,0.92,0,11
2220,2,1,-279.3178,0.96,24,0.96,0,11
2221,2,1,33.308197,1.0,25,1.0,0,11
2222,2,1,33.307262,1.0,25,1.0,0,11
2223,2,1,33.307262,1.0,25,1.0,1,11
2224,2,1,33.433426,1.0,25,1.0,0,11
2225,2,1,33.433426,1.0,25,1.0,0,11
2226,2,1,33.433426,1.0,25,1.0,0,11
2227,2,1,33.433426,1.0,25,1.0,0,11
2228,2,1,33.433426,1.0,25,1.0,0,11
2229,2,1,33.433426,1.0,25,1.0,0,11
2230,2,1,33.433426,1.0,25,1.0,0,11
2231,2,1,33.433426,1.0,25,1.0,0,11
2232,2,1,33.433426,1.0,25,1.0,0,11
2233,2,1,33.433426,1.0,25,1.0,0,11
2234,2,1,33.433426,1.0,25,1.0,0,11
2235,2,1,33.433426,1.0,25,1.0,0,11
2236,2,1,33.433426,1.0,25,1.0,0,11
2237,2,1,33.433426,1.0,25,1.0,0,11
2238,2,1,33.433426,1.0,25,1.0,0,11
2239,2,1,33.433426,1.0,25,1.0,0,11
2240,2,1,33.433426,1.0,25,1.0,1,11
2241,2,1,34.94859,1.0,25,1.0,0,11
2242,2,1,34.94859,1.0,25,1.0,0,11
2243,2,1,34.94859,1.0,25,1.0,0,11
2244,2,1,34.94859,1.0,25,1.0,0,11
2245,2,1,34.94859,1.0,25,1.0,0,11
2246,2,1,34.94859,1.0,25,1.0,1,11
2247,2,1,34.254906,1.0,25,1.0,0,11
2248,0,-1,-34.254906,0.96,24,0.96,0,11
2249,2,1,34.254833,1.0,25,1.0,0,11
2250,2,1,34.25485,1.0,25,1.0,0,11
2251,2,1,34.25485,1.0,25,1.0,0,11
2252,2,1,34.25485,1.0,25,1.0,0,11
2253,2,1,34.25485,1.0,25,1.0,0,11
2254,2,1,34.25485,1.0,25,1.0,0,11
2255,2,1,34.25485,1.0,25,1.0,0,11
2256,2,1,34.25485,1.0,25,1.0,0,11
2257,2,1,34.25485,1.0,25,1.0,0,11
2258,2,1,34.25485,1.0,25,1.0,0,11
2259,2,1,34.25485,1.0,25,1.0,0,11
2260,2,1,34.25485,1.0,25,1.0,0,11
2261,2,1,34.25485,1.0,25,1.0,0,11
2262,2,1,34.25485,1.0,25,1.0,0,11
2263,2,1,34.25485,1.0,25,1.0,0,11
2264,2,1,34.25485,1.0,25,1.0,0,11
2265,2,1,34.25485,1.0,25,1.0,0,11
2266,2,1,34.25485,1.0,25,1.0,0,11
2267,2,1,34.25485,1.0,25,1.0,0,11
2268,2,1,34.25485,1.0,25,1.0,0,11
2269,2,1,34.25485,1.0,25,1.0,0,11
2270,2,1,34.25485,1.0,25,1.0,0,11
2271,2,1,34.25485,1.0,25,1.0,1,11
2272,2,1,35.002106,1.0,25,1.0,0,11
2273,2,1,35.002106,1.0,25,1.0,0,11
2274,2,1,35.002106,1.0,25,1.0,0,11
2275,2,1,35.002106,1.0,25,1.0,0,11
2276,2,1,35.002106,1.0,25,1.0,0,11
2277,2,1,35.002106,1.0,25,1.0,0,11
2278,2,1,35.002106,1.0,25,1.0,0,11
2279,2,1,35.002106,1.0,25,1.0,0,11
2280,2,1,35.002106,1.0,25,1.0,0,11
2281,2,1,35.002106,1.0,25,1.0,0,11
2282,2,1,35.002106,1.0,25,1.0,0,11
2283,2,1,35.002106,1.0,25,1.0,0,11
2284,2,1,35.002106,1.0,25,1.0,0,11
2285,2,1,35.002106,1.0,25,1.0,0,11
2286,2,1,35.002106,1.0,25,1.0,1,11
2287,2,1,67.4478,1.0,25,1.0,0,11
2288,2,1,67.4478,1.0,25,1.0,0,11
2289,2,1,67.4478,1.0,25,1.0,0,11
2290,2,1,67.4478,1.0,25,1.0,0,11
2291,2,1,67.4478,1.0,25,1.0,0,11
2292,2,1,67.4478,1.0,25,1.0,0,11
2293,2,1,67.4478,1.0,25,1.0,0,11
2294,2,1,67.4478,1.0,25,1.0,0,11
2295,2,1,67.4478,1.0,25,1.0,0,11
2296,2,1,67.4478,1.0,25,1.0,0,11
2297,2,1,67.4478,1.0,25,1.0,0,11
2298,2,1,67.4478,1.0,25,1.0,1,11
2299,2,1,40.88308,1.0,25,1.0,0,11
2300,2,1,40.88308,1.0,25,1.0,0,11
2301,2,1,40.88308,1.0,25,1.0,0,11
2302,2,1,40.88308,1.0,25,1.0,0,11
2303,2,1,40.88308,1.0,25,1.0,0,11
2304,2,1,40.88308,1.0,25,1.0,0,11
2305,2,1,40.88308,1.0,25,1.0,1,11
2306,2,1,34.054047,1.0,25,1.0,0,11
2307,2,1,34.054047,1.0,25,1.0,0,11
2308,2,1,34.054047,1.0,25,1.0,0,11
2309,2,1,34.054047,1.0,25,1.0,0,11
2310,2,1,34.054047,1.0,25,1.0,0,11
2311,2,1,34.054047,1.0,25,1.0,0,11
2312,2,1,34.054047,1.0,25,1.0,0,11
2313,2,1,34.054047,1.0,25,1.0,0,11
2314,2,1,34.054047,1.0,25,1.0,0,11
2315,2,1,34.054047,1.0,25,1.0,0,11
2316,2,1,34.054047,1.0,25,1.0,0,11
2317,2,1,34.054047,1.0,25,1.0,0,11
2318,2,1,34.054047,1.0,25,1.0,0,11
2319,2,1,34.054047,1.0,25,1.0,0,11
2320,2,1,34.054047,1.0,25,1.0,0,11
2321,2,1,34.054047,1.0,25,1.0,0,11
2322,2,1,34.054047,1.0,25,1.0,0,11
2323,2,1,34.054047,1.0,25,1.0,0,11
2324,2,1,34.054047,1.0,25,1.0,0,11
2325,2,1,34.054047,1.0,25,1.0,0,11
2326,2,1,34.054047,1.0,25,1.0,0,11
2327,2,1,34.054047,1.0,25,1.0,0,11
2328,2,1,34.054047,1.0,25,1.0,0,11
2329,2,1,34.054047,1.0,25,1.0,0,11
2330,2,1,34.054047,1.0,25,1.0,0,11
2331,2,1,34.054047,1.0,25,1.0,0,11
2332,2,1,34.054047,1.0,25,1.0,1,11
2333,2,1,34.127804,1.0,25,1.0,1,11
2334,2,1,34.07236,1.0,25,1.0,0,11
2335,2,1,34.07236,1.0,25,1.0,0,11
2336,2,1,34.07236,1.0,25,1.0,1,11
2337,2,1,35.025063,1.0,25,1.0,0,11
2338,2,1,35.025063,1.0,25,1.0,0,11
2339,2,1,35.025063,1.0,25,1.0,0,11
2340,2,1,35.025063,1.0,25,1.0,0,11
2341,2,1,35.025063,1.0,25,1.0,0,11
2342,2,1,35.025063,1.0,25,1.0,0,11
2343,2,1,35.025063,1.0,25,1.0,0,11
2344,2,1,35.025063,1.0,25,1.0,0,11
2345,2,1,35.025063,1.0,25,1.0,0,11
2346,2,1,35.025063,1.0,25,1.0,0,11
2347,2,1,35.025063,1.0,25,1.0,0,11
2348,2,1,35.025063,1.0,25,1.0,0,11
2349,2,1,35.025063,1.0,25,1.0,0,11
2350,2,1,35.025063,1.0,25,1.0,0,11
2351,2,1,35.025063,1.0,25,1.0,0,11
2352,2,1,35.025063,1.0,25,1.0,0,11
2353,2,1,35.025063,1.0,25,1.0,1,11
2354,2,1,34.341827,1.0,25,1.0,0,11
2355,2,1,34.341827,1.0,25,1.0,0,11
2356,2,1,34.341827,1.0,25,1.0,0,11
2357,2,1,34.341827,1.0,25,1.0,0,11
2358,2,1,34.341827,1.0,25,1.0,0,11
2359,2,1,34.341827,1.0,25,1.0,0,11
2360,2,1,34.341827,1.0,25,1.0,0,11
2361,2,1,34.341827,1.0,25,1.0,0,11
2362,2,1,34.341827,1.0,25,1.0,0,11
2363,2,1,34.341827,1.0,25,1.0,0,11
2364,2,1,34.341827,1.0,25,1.0,0,11
2365,2,1,34.341827,1.0,25,1.0,0,11
2366,2,1,34.341827,1.0,25,1.0,0,11
2367,2,1,34.341827,1.0,25,1.0,0,11
2368,2,1,34.341827,1.0,25,1.0,0,11
2369,2,1,34.341827,1.0,25,1.0,1,11
2370,2,1,35.055027,1.0,25,1.0,0,11
2371,2,1,35.055027,1.0,25,1.0,0,11
2372,2,1,35.055027,1.0,25,1.0,0,11
2373,2,1,35.055027,1.0,25,1.0,0,11
2374,2,1,35.055027,1.0,25,1.0,0,11
2375,2,1,35.055027,1.0,25,1.0,0,11
2376,2,1,35.055027,1.0,25,1.0,0,11
2377,2,1,35.055027,1.0,25,1.0,0,11
2378,2,1,35.055027,1.0,25,1.0,0,11
2379,2,1,35.055027,1.0,25,1.0,0,11
2380,2,1,35.055027,1.0,25,1.0,0,11
2381,2,1,35.055027,1.0,25,1.0,0,11
2382,2,1,35.055027,1.0,25,1.0,0,11
2383,2,1,35.055027,1.0,25,1.0,0,11
2384,2,1,35.055027,1.0,25,1.0,0,11
2385,2,1,35.055027,1.0,25,1.0,0,11
2386,2,1,35.055027,1.0,25,1.0,0,11
2387,2,1,35.055027,1.0,25,1.0,0,11
2388,2,1,35.055027,1.0,25,1.0,0,11
2389,2,1,35.055027,1.0,25,1.0,0,11
2390,2,1,35.055027,1.0,25,1.0,0,11
2391,2,1,35.055027,1.0,25,1.0,0,11
2392,2,1,35.055027,1.0,25,1.0,0,11
2393,2,1,35.055027,1.0,25,1.0,0,11
2394,2,1,35.055027,1.0,25,1.0,0,11
2395,2,1,35.055027,1.0,25,1.0,0,11
2396,2,1,35.055027,1.0,25,1.0,0,11
2397,2,1,35.055027,1.0,25,1.0,0,11
2398,2,1,35.055027,1.0,25,1.0,0,11
2399,2,1,35.055027,1.0,25,1.0,1,11
2400,2,1,0.0,0.0,0,0.0,0,11
2401,2,1,33.166183,0.2,5,0.2,0,12
2402,2,1,33.036713,0.24,6,0.24,0,12
2403,2,1,32.918144,0.28,7,0.28,0,12
2404,2,1,32.75237,0.32,8,0.32,0,12
2405,2,1,32.470047,0.36,9,0.36,0,12
2406,2,1,32.195473,0.4,10,0.4,0,12
2407,2,1,31.84988,0.44,11,0.44,0,12
2408,2,1,31.36817,0.48,12,0.48,0,12
2409,2,1,30.811684,0.52,13,0.52,0,12
2410,2,1,30.09983,0.56,14,0.56,1,12
2411,2,1,30.840603,0.6,15,0.6,0,12
2412,2,1,29.590834,0.64,16,0.64,0,12
2413,2,1,27.866098,0.68,17,0.68,0,12
2414,2,1,25.396162,0.72,18,0.72,0,12
2415,2,1,21.685152,0.76,19,0.76,0,12
2416,1,0,0.0,0.76,19,0.76,0,12
2417,2,1,15.74123,0.8,20,0.8,1,12
2418,2,1,3.040135,0.84,21,0.84,0,12
2419,2,1,-17.79813,0.88,22,0.88,0,12
2420,2,1,-69.976135,0.92,23,0.92,0,12
2421,2,1,-278.3111,0.96,24,0.96,0,12
2422,2,1,34.321877,1.0,25,1.0,0,12
2423,2,1,34.321877,1.0,25,1.0,0,12
2424,2,1,34.321877,1.0,25,1.0,0,12
2425,2,1,34.321877,1.0,25,1.0,0,12
2426,2,1,34.321877,1.0,25,1.0,0,12
2427,2,1,34.321877,1.0,25,1.0,0,12
2428,2,1,34.321877,1.0,25,1.0,0,12
2429,2,1,34.321877,1.0,25,1.0,0,12
2430,2,1,34.321877,1.0,25,1.0,1,12
2431,2,1,34.5311,1.0,25,1.0,0,12
2432,2,1,34.5311,1.0,25,1.0,0,12
2433,2,1,34.5311,1.0,25,1.0,0,12
2434,2,1,34.5311,1.0,25,1.0,0,12
2435,2,1,34.5311,1.0,25,1.0,0,12
2436,2,1,34.5311,1.0,25,1.0,0,12
2437,2,1,34.5311,1.0,25,1.0,0,12
2438,1,0,0.0,1.0,25,1.0,0,12
2439,2,1,34.5311,1.0,25,1.0,0,12
2440,2,1,34.5311,1.0,25,1.0,0,12
2441,2,1,34.5311,1.0,25,1.0,0,12
2442,2,1,34.5311,1.0,25,1.0,0,12
2443,2,1,34.5311,1.0,25,1.0,1,12
2444,2,1,72.78932,1.0,25,1.0,0,12
2445,2,1,72.78932,1.0,25,1.0,0,12
2446,2,1,72.78932,1.0,25,1.0,0,12
2447,2,1,72.78932,1.0,25,1.0,0,12
2448,2,1,72.78932,1.0,25,1.0,0,12
2449,2,1,72.78932,1.0,25,1.0,0,12
2450,2,1,72.78932,1.0,25,1.0,0,12
2451,2,1,72.78932,1.0,25,1.0,0,12
2452,2,1,72.78932,1.0,25,1.0,0,12
2453,2,1,72.78932,1.0,25,1.0,1,12
2454,2,1,67.41565,1.0,25,1.0,0,12
2455,2,1,67.41565,1.0,25,1.0,0,12
2456,2,1,67.41565,1.0,25,1.0,0,12
2457,2,1,67.41565,1.0,25,1.0,0,12
2458,2,1,67.41565,1.0,25,1.0,0,12
2459,2,1,67.41565,1.0,25,1.0,0,12
2460,2,1,67.41565,1.0,25,1.0,0,12
2461,2,1,67.41565,1.0,25,1.0,0,12
2462,2,1,67.41565,1.0,25,1.0,0,12
2463,2,1,67.41565,1.0,25,1.0,0,12
2464,2,1,67.41565,1.0,25,1.0,0,12
2465,2,1,67.41565,1.0,25,1.0,0,12
2466,2,1,67.41565,1.0,25,1.0,0,12
2467,2,1,67.41565,1.0,25,1.0,1,12
2468,2,1,40.55215,1.0,25,1.0,0,12
2469,2,1,40.55215,1.0,25,1.0,0,12
2470,2,1,40.55215,1.0,25,1.0,0,12
2471,2,1,40.55215,1.0,25,1.0,0,12
2472,2,1,40.55215,1.0,25,1.0,0,12
2473,2,1,40.55215,1.0,25,1.0,0,12
2474,2,1,40.55215,1.0,25,1.0,0,12
2475,2,1,40.55215,1.0,25,1.0,0,12
2476,2,1,40.55215,1.0,25,1.0,0,12
2477,2,1,40.55215,1.0,25,1.0,0,12
2478,2,1,40.55215,1.0,25,1.0,0,12
2479,2,1,40.55215,1.0,25,1.0,0,12
2480,2,1,40.55215,1.0,25,1.0,0,12
2481,2,1,40.55215,1.0,25,1.0,0,12
2482,2,1,40.55215,1.0,25,1.0,0,12
2483,2,1,40.55215,1.0,25,1.0,0,12
2484,2,1,40.55215,1.0,25,1.0,0,12
2485,2,1,40.55215,1.0,25,1.0,0,12
2486,2,1,40.55215,1.0,25,1.0,0,12
2487,2,1,40.55215,1.0,25,1.0,0,12
2488,2,1,40.55215,1.0,25,1.0,0,12
2489,2,1,40.55215,1.0,25,1.0,0,12
2490,2,1,40.55215,1.0,25,1.0,0,12
2491,2,1,40.55215,1.0,25,1.0,0,12
2492,2,1,40.55215,1.0,25,1.0,1,12
2493,2,1,34.376965,1.0,25,1.0,0,12
2494,2,1,34.376965,1.0,25,1.0,0,12
2495,2,1,34.376965,1.0,25,1.0,0,12
2496,2,1,34.376965,1.0,25,1.0,0,12
2497,2,1,34.376965,1.0,25,1.0,0,12
2498,2,1,34.376965,1.0,25,1.0,0,12
2499,2,1,34.376965,1.0,25,1.0,0,12
2500,0,-1,0.0,1.0,25,1.0,0,12
2501,1,0,0.0,1.0,25,1.0,0,12
2502,2,1,34.376965,1.0,25,1.0,0,12
2503,2,1,34.376965,1.0,25,1.0,0,12
2504,2,1,34.376965,1.0,25,1.0,0,12
2505,2,1,34.376965,1.0,25,1.0,0,12
2506,2,1,34.376965,1.0,25,1.0,0,12
2507,2,1,34.376965,1.0,25,1.0,0,12
2508,2,1,34.376965,1.0,25,1.0,0,12
2509,2,1,34.376965,1.0,25,1.0,0,12
2510,2,1,34.376965,1.0,25,1.0,0,12
2511,2,1,34.376965,1.0,25,1.0,0,12
2512,1,0,0.0,1.0,25,1.0,0,12
2513,2,1,34.376965,1.0,25,1.0,0,12
2514,2,1,34.376965,1.0,25,1.0,0,12
2515,2,1,34.376965,1.0,25,1.0,0,12
2516,2,1,34.376965,1.0,25,1.0,1,12
2517,2,1,34.428913,1.0,25,1.0,0,12
2518,2,1,34.428913,1.0,25,1.0,0,12
2519,2,1,34.428913,1.0,25,1.0,0,12
2520,2,1,34.428913,1.0,25,1.0,0,12
2521,2,1,34.428913,1.0,25,1.0,0,12
2522,2,1,34.428913,1.0,25,1.0,0,12
2523,2,1,34.428913,1.0,25,1.0,0,12
2524,2,1,34.428913,1.0,25,1.0,0,12
2525,2,1,34.428913,1.0,25,1.0,0,12
2526,2,1,34.428913,1.0,25,1.0,0,12
2527,2,1,34.428913,1.0,25,1.0,0,12
2528,2,1,34.428913,1.0,25,1.0,1,12
2529,2,1,34.319416,1.0,25,1.0,1,12
2530,2,1,34.359455,1.0,25,1.0,0,12
2531,2,1,34.359455,1.0,25,1.0,0,12
2532,2,1,34.359455,1.0,25,1.0,0,12
2533,2,1,34.359455,1.0,25,1.0,0,12
2534,2,1,34.359455,1.0,25,1.0,0,12
2535,2,1,34.359455,1.0,25,1.0,0,12
2536,2,1,34.359455,1.0,25,1.0,1,12
2537,2,1,34.573685,1.0,25,1.0,0,12
2538,2,1,34.573685,1.0,25,1.0,0,12
2539,2,1,34.573685,1.0,25,1.0,0,12
2540,2,1,34.573685,1.0,25,1.0,0,12
2541,2,1,34.573685,1.0,25,1.0,0,12
2542,2,1,34.573685,1.0,25,1.0,0,12
2543,2,1,34.573685,1.0,25,1.0,0,12
2544,2,1,34.573685,1.0,25,1.0,0,12
2545,2,1,34.573685,1.0,25,1.0,0,12
2546,2,1,34.573685,1.0,25,1.0,0,12
2547,2,1,34.573685,1.0,25,1.0,0,12
2548,2,1,34.573685,1.0,25,1.0,0,12
2549,2,1,34.573685,1.0,25,1.0,0,12
2550,2,1,34.573685,1.0,25,1.0,0,12
2551,2,1,34.573685,1.0,25,1.0,0,12
2552,2,1,34.573685,1.0,25,1.0,0,12
2553,2,1,34.573685,1.0,25,1.0,0,12
2554,2,1,34.573685,1.0,25,1.0,0,12
2555,2,1,34.573685,1.0,25,1.0,0,12
2556,2,1,34.573685,1.0,25,1.0,0,12
2557,2,1,34.573685,1.0,25,1.0,0,12
2558,2,1,34.573685,1.0,25,1.0,1,12
2559,2,1,72.7873,1.0,25,1.0,0,12
2560,2,1,72.7873,1.0,25,1.0,0,12
2561,2,1,72.7873,1.0,25,1.0,0,12
2562,2,1,72.7873,1.0,25,1.0,0,12
2563,2,1,72.7873,1.0,25,1.0,0,12
2564,2,1,72.7873,1.0,25,1.0,0,12
2565,2,1,72.7873,1.0,25,1.0,0,12
2566,2,1,72.7873,1.0,25,1.0,0,12
2567,2,1,72.7873,1.0,25,1.0,0,12
2568,2,1,72.7873,1.0,25,1.0,0,12
2569,2,1,72.7873,1.0,25,1.0,0,12
2570,2,1,72.7873,1.0,25,1.0,0,12
2571,2,1,72.7873,1.0,25,1.0,0,12
2572,2,1,72.7873,1.0,25,1.0,0,12
2573,2,1,72.7873,1.0,25,1.0,0,12
2574,2,1,72.7873,1.0,25,1.0,0,12
2575,2,1,72.7873,1.0,25,1.0,0,12
2576,2,1,72.7873,1.0,25,1.0,0,12
2577,2,1,72.7873,1.0,25,1.0,0,12
2578,2,1,72.7873,1.0,25,1.0,0,12
2579,2,1,72.7873,1.0,25,1.0,0,12
2580,2,1,72.7873,1.0,25,1.0,1,12
2581,2,1,67.403336,1.0,25,1.0,0,12
2582,2,1,67.403336,1.0,25,1.0,0,12
2583,2,1,67.403336,1.0,25,1.0,0,12
2584,2,1,67.403336,1.0,25,1.0,0,12
2585,2,1,67.403336,1.0,25,1.0,0,12
2586,2,1,67.403336,1.0,25,1.0,0,12
2587,2,1,67.403336,1.0,25,1.0,0,12
2588,2,1,67.403336,1.0,25,1.0,0,12
2589,2,1,67.403336,1.0,25,1.0,0,12
2590,2,1,67.403336,1.0,25,1.0,0,12
2591,2,1,67.403336,1.0,25,1.0,0,12
2592,2,1,67.403336,1.0,25,1.0,0,12
2593,2,1,67.403336,1.0,25,1.0,0,12
2594,2,1,67.403336,1.0,25,1.0,0,12
2595,2,1,67.403336,1.0,25,1.0,0,12
2596,2,1,67.403336,1.0,25,1.0,0,12
2597,2,1,67.403336,1.0,25,1.0,0,12
2598,2,1,67.403336,1.0,25,1.0,0,12
2599,2,1,67.403336,1.0,25,1.0,0,12
2600,2,1,0.0,0.0,0,0.0,0,12
2601,0,-1,0.0,0.16,4,0.16,0,13
2602,2,1,33.268265,0.2,5,0.2,0,13
2603,2,1,33.200672,0.24,6,0.24,0,13
2604,2,1,33.099583,0.28,7,0.28,0,13
2605,2,1,32.93529,0.32,8,0.32,0,13
2606,2,1,32.720543,0.36,9,0.36,0,13
2607,2,1,32.446224,0.4,10,0.4,0,13
2608,2,1,32.092667,0.44,11,0.44,0,13
2609,2,1,30.191204,0.48,12,0.48,0,13
2610,2,1,29.556238,0.52,13,0.52,0,13
2611,2,1,28.845236,0.56,14,0.56,0,13
2612,2,1,27.911282,0.6,15,0.6,0,13
2613,2,1,26.666372,0.64,16,0.64,0,13
2614,2,1,24.944315,0.68,17,0.68,0,13
2615,2,1,22.474121,0.72,18,0.72,0,13
2616,2,1,18.765703,0.76,19,0.76,0,13
2617,2,1,12.8228445,0.8,20,0.8,0,13
2618,2,1,2.4130905,0.84,21,0.84,0,13
2619,2,1,-18.413301,0.88,22,0.88,0,13
2620,2,1,-70.4909,0.92,23,0.92,0,13
2621,2,1,-278.82144,0.96,24,0.96,0,13
2622,2,1,33.81167,1.0,25,1.0,0,13
2623,2,1,33.811665,1.0,25,1.0,0,13
2624,2,1,33.811665,1.0,25,1.0,0,13
2625,2,1,33.811665,1.0,25,1.0,0,13
2626,2,1,33.811665,1.0,25,1.0,0,13
2627,2,1,33.811665,1.0,25,1.0,0,13
2628,2,1,33.811665,1.0,25,1.0,0,13
2629,2,1,33.811665,1.0,25,1.0,1,13
2630,2,1,33.263565,1.0,25,1.0,0,13
2631,2,1,33.263565,1.0,25,1.0,0,13
2632,2,1,33.263565,1.0,25,1.0,0,13
2633,2,1,33.263565,1.0,25,1.0,0,13
2634,2,1,33.263565,1.0,25,1.0,0,13
2635,2,1,33.263565,1.0,25,1.0,0,13
2636,2,1,33.263565,1.0,25,1.0,0,13
2637,2,1,33.263565,1.0,25,1.0,0,13
2638,2,1,33.263565,1.0,25,1.0,1,13
2639,2,1,35.056602,1.0,25,1.0,0,13
2640,2,1,35.056602,1.0,25,1.0,1,13
2641,2,1,36.796852,1.0,25,1.0,0,13
2642,2,1,36.796852,1.0,25,1.0,0,13
2643,2,1,36.796852,1.0,25,1.0,0,13
2644,2,1,36.796852,1.0,25,1.0,0,13
2645,2,1,36.796852,1.0,25,1.0,0,13
2646,2,1,36.796852,1.0,25,1.0,0,13
2647,2,1,36.796852,1.0,25,1.0,0,13
2648,2,1,36.796852,1.0,25,1.0,0,13
2649,2,1,36.796852,1.0,25,1.0,0,13
2650,2,1,36.796852,1.0,25,1.0,0,13
2651,2,1,36.796852,1.0,25,1.0,0,13
2652,2,1,36.796852,1.0,25,1.0,0,13
2653,2,1,36.796852,1.0,25,1.0,0,13
2654,2,1,36.796852,1.0,25,1.0,0,13
2655,2,1,36.796852,1.0,25,1.0,0,13
2656,2,1,36.796852,1.0,25,1.0,0,13
2657,2,1,36.796852,1.0,25,1.0,0,13
2658,2,1,36.796852,1.0,25,1.0,0,13
2659,2,1,36.796852,1.0,25,1.0,0,13
2660,2,1,36.796852,1.0,25,1.0,0,13
2661,2,1,36.796852,1.0,25,1.0,0,13
2662,2,1,36.796852,1.0,25,1.0,0,13
2663,2,1,36.796852,1.0,25,1.0,0,13
2664,2,1,36.796852,1.0,25,1.0,0,13
2665,2,1,36.796852,1.0,25,1.0,0,13
2666,2,1,36.796852,1.0,25,1.0,0,13
2667,0,-1,0.0,1.0,25,1.0,0,13
2668,2,1,36.796852,1.0,25,1.0,1,13
2669,2,1,35.215885,1.0,25,1.0,0,13
2670,2,1,35.215885,1.0,25,1.0,0,13
2671,2,1,35.215885,1.0,25,1.0,0,13
2672,2,1,35.215885,1.0,25,1.0,0,13
2673,2,1,35.215885,1.0,25,1.0,0,13
2674,2,1,35.215885,1.0,25,1.0,0,13
2675,2,1,35.215885,1.0,25,1.0,0,13
2676,2,1,35.215885,1.0,25,1.0,0,13
2677,2,1,35.215885,1.0,25,1.0,0,13
2678,2,1,35.215885,1.0,25,1.0,0,13
2679,2,1,35.215885,1.0,25,1.0,1,13
2680,2,1,72.0898,1.0,25,1.0,1,13
2681,2,1,70.59538,1.0,25,1.0,0,13
2682,2,1,70.59538,1.0,25,1.0,0,13
2683,2,1,70.59538,1.0,25,1.0,0,13
2684,2,1,70.59538,1.0,25,1.0,0,13
2685,2,1,70.59538,1.0,25,1.0,0,13
2686,2,1,70.59538,1.0,25,1.0,0,13
2687,2,1,70.59538,1.0,25,1.0,0,13
2688,2,1,70.59538,1.0,25,1.0,0,13
2689,2,1,70.59538,1.0,25,1.0,0,13
2690,2,1,70.59538,1.0,25,1.0,0,13
2691,2,1,70.59538,1.0,25,1.0,1,13
2692,2,1,67.06757,1.0,25,1.0,0,13
2693,2,1,67.06757,1.0,25,1.0,0,13
2694,2,1,67.06757,1.0,25,1.0,0,13
2695,2,1,67.06757,1.0,25,1.0,0,13
2696,2,1,67.06757,1.0,25,1.0,0,13
2697,2,1,67.06757,1.0,25,1.0,0,13
2698,2,1,67.06757,1.0,25,1.0,0,13
2699,2,1,67.06757,1.0,25,1.0,0,13
2700,2,1,67.06757,1.0,25,1.0,0,13
2701,2,1,67.06757,1.0,25,1.0,1,13
2702,2,1,34.928883,1.0,25,1.0,0,13
2703,2,1,34.928883,1.0,25,1.0,0,13
2704,2,1,34.928883,1.0,25,1.0,0,13
2705,2,1,34.928883,1.0,25,1.0,0,13
2706,2,1,34.928883,1.0,25,1.0,0,13
2707,2,1,34.928883,1.0,25,1.0,0,13
2708,2,1,34.928883,1.0,25,1.0,0,13
2709,2,1,34.928883,1.0,25,1.0,0,13
2710,2,1,34.928883,1.0,25,1.0,0,13
2711,2,1,34.928883,1.0,25,1.0,0,13
2712,2,1,34.928883,1.0,25,1.0,0,13
2713,2,1,34.928883,1.0,25,1.0,1,13
2714,2,1,34.97223,1.0,25,1.0,0,13
2715,2,1,34.97223,1.0,25,1.0,0,13
2716,2,1,34.97223,1.0,25,1.0,0,13
2717,2,1,34.97223,1.0,25,1.0,0,13
2718,2,1,34.97223,1.0,25,1.0,0,13
2719,2,1,34.97223,1.0,25,1.0,0,13
2720,2,1,34.97223,1.0,25,1.0,0,13
2721,2,1,34.97223,1.0,25,1.0,0,13
2722,2,1,34.97223,1.0,25,1.0,0,13
2723,2,1,34.97223,1.0,25,1.0,1,13
2724,2,1,35.083824,1.0,25,1.0,0,13
2725,2,1,35.083824,1.0,25,1.0,0,13
2726,2,1,35.083824,1.0,25,1.0,0,13
2727,2,1,35.083824,1.0,25,1.0,0,13
2728,2,1,35.083824,1.0,25,1.0,0,13
2729,2,1,35.083824,1.0,25,1.0,0,13
2730,2,1,35.083824,1.0,25,1.0,0,13
2731,2,1,35.083824,1.0,25,1.0,0,13
2732,2,1,35.083824,1.0,25,1.0,0,13
2733,2,1,35.083824,1.0,25,1.0,0,13
2734,2,1,35.083824,1.0,25,1.0,0,13
2735,2,1,35.083824,1.0,25,1.0,0,13
2736,2,1,35.083824,1.0,25,1.0,0,13
2737,2,1,35.083824,1.0,25,1.0,0,13
2738,2,1,35.083824,1.0,25,1.0,0,13
2739,2,1,35.083824,1.0,25,1.0,0,13
2740,2,1,35.083824,1.0,25,1.0,0,13
2741,2,1,35.083824,1.0,25,1.0,0,13
2742,2,1,35.083824,1.0,25,1.0,0,13
2743,2,1,35.083824,1.0,25,1.0,0,13
2744,2,1,35.083824,1.0,25,1.0,0,13
2745,2,1,35.083824,1.0,25,1.0,0,13
2746,2,1,35.083824,1.0,25,1.0,0,13
2747,2,1,35.083824,1.0,25,1.0,1,13
2748,2,1,36.813652,1.0,25,1.0,0,13
2749,2,1,36.813652,1.0,25,1.0,0,13
2750,2,1,36.813652,1.0,25,1.0,0,13
2751,2,1,36.813652,1.0,25,1.0,0,13
2752,2,1,36.813652,1.0,25,1.0,0,13
2753,2,1,36.813652,1.0,25,1.0,0,13
2754,2,1,36.813652,1.0,25,1.0,0,13
2755,2,1,36.813652,1.0,25,1.0,0,13
2756,2,1,36.813652,1.0,25,1.0,0,13
2757,2,1,36.813652,1.0,25,1.0,0,13
2758,2,1,36.813652,1.0,25,1.0,0,13
2759,2,1,36.813652,1.0,25,1.0,0,13
2760,2,1,36.813652,1.0,25,1.0,0,13
2761,2,1,36.813652,1.0,25,1.0,0,13
2762,2,1,36.813652,1.0,25,1.0,0,13
2763,2,1,36.813652,1.0,25,1.0,0,13
2764,2,1,36.813652,1.0,25,1.0,0,13
2765,2,1,36.813652,1.0,25,1.0,0,13
2766,2,1,36.813652,1.0,25,1.0,0,13
2767,2,1,36.813652,1.0,25,1.0,1,13
2768,2,1,35.213627,1.0,25,1.0,0,13
2769,2,1,35.213627,1.0,25,1.0,0,13
2770,2,1,35.213627,1.0,25,1.0,0,13
2771,2,1,35.213627,1.0,25,1.0,0,13
2772,2,1,35.213627,1.0,25,1.0,0,13
2773,2,1,35.213627,1.0,25,1.0,0,13
2774,2,1,35.213627,1.0,25,1.0,0,13
2775,2,1,35.213627,1.0,25,1.0,0,13
2776,2,1,35.213627,1.0,25,1.0,0,13
2777,2,1,35.213627,1.0,25,1.0,0,13
2778,1,0,0.0,1.0,25,1.0,0,13
2779,2,1,35.213627,1.0,25,1.0,0,13
2780,2,1,35.213627,1.0,25,1.0,0,13
2781,2,1,35.213627,1.0,25,1.0,0,13
2782,2,1,35.213627,1.0,25,1.0,0,13
2783,2,1,35.213627,1.0,25,1.0,0,13
2784,2,1,35.213627,1.0,25,1.0,0,13
2785,2,1,35.213627,1.0,25,1.0,0,13
2786,2,1,35.213627,1.0,25,1.0,0,13
2787,2,1,35.213627,1.0,25,1.0,0,13
2788,2,1,35.213627,1.0,25,1.0,0,13
2789,2,1,35.213627,1.0,25,1.0,0,13
2790,2,1,35.213627,1.0,25,1.0,0,13
2791,2,1,35.213627,1.0,25,1.0,0,13
2792,2,1,35.213627,1.0,25,1.0,1,13
2793,2,1,72.0898,1.0,25,1.0,0,13
2794,2,1,72.0898,1.0,25,1.0,0,13
2795,2,1,72.0898,1.0,25,1.0,0,13
2796,2,1,72.0898,1.0,25,1.0,0,13
2797,2,1,72.0898,1.0,25,1.0,0,13
2798,2,1,72.0898,1.0,25,1.0,0,13
2799,2,1,72.0898,1.0,25,1.0,0,13
2800,2,1,0.0,0.0,0,0.0,0,13
2801,2,1,33.166183,0.2,5,0.2,0,14
2802,2,1,33.011017,0.24,6,0.24,1,14
2803,2,1,34.57421,0.28,7,0.28,0,14
2804,2,1,34.40851,0.32,8,0.32,0,14
2805,2,1,34.192226,0.36,9,0.36,0,14
2806,2,1,33.917248,0.4,10,0.4,0,14
2807,2,1,33.571583,0.44,11,0.44,0,14
2808,2,1,33.135975,0.48,12,0.48,0,14
2809,2,1,32.582767,0.52,13,0.52,0,14
2810,2,1,31.870924,0.56,14,0.56,0,14
2811,2,1,30.938484,0.6,15,0.6,0,14
2812,2,1,27.382978,0.64,16,0.64,0,14
2813,2,1,25.52541,0.68,17,0.68,0,14
2814,2,1,23.05536,0.72,18,0.72,0,14
2815,2,1,19.291195,0.76,19,0.76,0,14
2816,2,1,13.330536,0.8,20,0.8,0,14
2817,2,1,2.9118087,0.84,21,0.84,0,14
2818,2,1,-17.90979,0.88,22,0.88,0,14
2819,2,1,-69.987526,0.92,23,0.92,0,14
2820,2,1,-278.31476,0.96,24,0.96,0,14
2821,0,-1,278.31476,0.92,23,0.92,0,14
2822,2,1,-278.3148,0.96,24,0.96,0,14
2823,2,1,34.29975,1.0,25,1.0,1,14
2824,2,1,34.2456,1.0,25,1.0,0,14
2825,2,1,34.2456,1.0,25,1.0,0,14
2826,2,1,34.2456,1.0,25,1.0,0,14
2827,2,1,34.2456,1.0,25,1.0,0,14
2828,2,1,34.2456,1.0,25,1.0,0,14
2829,2,1,34.2456,1.0,25,1.0,0,14
2830,2,1,34.2456,1.0,25,1.0,0,14
2831,2,1,34.2456,1.0,25,1.0,0,14
2832,2,1,34.2456,1.0,25,1.0,0,14
2833,2,1,34.2456,1.0,25,1.0,0,14
2834,2,1,34.2456,1.0,25,1.0,0,14
2835,2,1,34.2456,1.0,25,1.0,0,14
2836,2,1,34.2456,1.0,25,1.0,0,14
2837,2,1,34.2456,1.0,25,1.0,1,14
2838,2,1,34.21893,1.0,25,1.0,0,14
2839,2,1,34.21893,1.0,25,1.0,0,14
2840,2,1,34.21893,1.0,25,1.0,0,14
2841,2,1,34.21893,1.0,25,1.0,0,14
2842,2,1,34.21893,1.0,25,1.0,0,14
2843,2,1,34.21893,1.0,25,1.0,0,14
2844,2,1,34.21893,1.0,25,1.0,0,14
2845,2,1,34.21893,1.0,25,1.0,0,14
2846,2,1,34.21893,1.0,25,1.0,0,14
2847,0,-1,-34.21893,0.96,24,0.96,0,14
2848,2,1,34.217793,1.0,25,1.0,0,14
2849,2,1,34.21792,1.0,25,1.0,0,14
2850,2,1,34.21792,1.0,25,1.0,0,14
2851,2,1,34.21792,1.0,25,1.0,0,14
2852,2,1,34.21792,1.0,25,1.0,0,14
2853,2,1,34.21792,1.0,25,1.0,1,14
2854,2,1,72.76133,1.0,25,1.0,0,14
2855,2,1,72.76133,1.0,25,1.0,0,14
2856,2,1,72.76133,1.0,25,1.0,0,14
2857,2,1,72.76133,1.0,25,1.0,0,14
2858,2,1,72.76133,1.0,25,1.0,0,14
2859,2,1,72.76133,1.0,25,1.0,0,14
2860,2,1,72.76133,1.0,25,1.0,0,14
2861,2,1,72.76133,1.0,25,1.0,0,14
2862,2,1,72.76133,1.0,25,1.0,0,14
2863,2,1,72.76133,1.0,25,1.0,0,14
2864,2,1,72.76133,1.0,25,1.0,0,14
2865,2,1,72.76133,1.0,25,1.0,0,14
2866,2,1,72.76133,1.0,25,1.0,0,14
2867,2,1,72.76133,1.0,25,1.0,0,14
2868,2,1,72.76133,1.0,25,1.0,0,14
2869,2,1,72.76133,1.0,25,1.0,0,14
2870,2,1,72.76133,1.0,25,1.0,0,14
2871,2,1,72.76133,1.0,25,1.0,1,14
2872,2,1,61.714573,1.0,25,1.0,0,14
2873,2,1,61.714573,1.0,25,1.0,0,14
2874,2,1,61.714573,1.0,25,1.0,1,14
2875,2,1,34.258373,1.0,25,1.0,0,14
2876,2,1,34.258373,1.0,25,1.0,0,14
2877,2,1,34.258373,1.0,25,1.0,0,14
2878,2,1,34.258373,1.0,25,1.0,0,14
2879,2,1,34.258373,1.0,25,1.0,0,14
2880,2,1,34.258373,1.0,25,1.0,0,14
2881,2,1,34.258373,1.0,25,1.0,0,14
2882,2,1,34.258373,1.0,25,1.0,0,14
2883,2,1,34.258373,1.0,25,1.0,0,14
2884,2,1,34.258373,1.0,25,1.0,0,14
2885,2,1,34.258373,1.0,25,1.0,0,14
2886,2,1,34.258373,1.0,25,1.0,0,14
2887,2,1,34.258373,1.0,25,1.0,0,14
2888,2,1,34.258373,1.0,25,1.0,0,14
2889,2,1,34.258373,1.0,25,1.0,0,14
2890,2,1,34.258373,1.0,25,1.0,0,14
2891,2,1,34.258373,1.0,25,1.0,0,14
2892,2,1,34.258373,1.0,25,1.0,0,14
2893,2,1,34.258373,1.0,25,1.0,0,14
2894,2,1,34.258373,1.0,25,1.0,0,14
2895,2,1,34.258373,1.0,25,1.0,0,14
2896,2,1,34.258373,1.0,25,1.0,0,14
2897,2,1,34.258373,1.0,25,1.0,0,14
2898,2,1,34.258373,1.0,25,1.0,0,14
2899,2,1,34.258373,1.0,25,1.0,0,14
2900,2,1,34.258373,1.0,25,1.0,0,14
2901,2,1,34.258373,1.0,25,1.0,0,14
2902,2,1,34.258373,1.0,25,1.0,0,14
2903,2,1,34.258373,1.0,25,1.0,1,14
2904,2,1,34.241524,1.0,25,1.0,0,14
2905,2,1,34.241524,1.0,25,1.0,0,14
2906,2,1,34.241524,1.0,25,1.0,0,14
2907,2,1,34.241524,1.0,25,1.0,0,14
2908,2,1,34.241524,1.0,25,1.0,0,14
2909,2,1,34.241524,1.0,25,1.0,0,14
2910,2,1,34.241524,1.0,25,1.0,0,14
2911,2,1,34.241524,1.0,25,1.0,0,14
2912,1,0,0.0,1.0,25,1.0,0,14
2913,2,1,34.241524,1.0,25,1.0,0,14
2914,2,1,34.241524,1.0,25,1.0,0,14
2915,2,1,34.241524,1.0,25,1.0,0,14
2916,2,1,34.241524,1.0,25,1.0,0,14
2917,2,1,34.241524,1.0,25,1.0,0,14
2918,2,1,34.241524,1.0,25,1.0,0,14
2919,2,1,34.241524,1.0,25,1.0,0,14
2920,2,1,34.241524,1.0,25,1.0,0,14
2921,2,1,34.241524,1.0,25,1.0,0,14
2922,2,1,34.241524,1.0,25,1.0,0,14
2923,2,1,34.241524,1.0,25,1.0,0,14
2924,2,1,34.241524,1.0,25,1.0,0,14
2925,2,1,34.241524,1.0,25,1.0,0,14
2926,2,1,34.241524,1.0,25,1.0,1,14
2927,2,1,34.349583,1.0,25,1.0,0,14
2928,2,1,34.349583,1.0,25,1.0,0,14
2929,2,1,34.349583,1.0,25,1.0,0,14
2930,2,1,34.349583,1.0,25,1.0,0,14
2931,2,1,34.349583,1.0,25,1.0,0,14
2932,2,1,34.349583,1.0,25,1.0,0,14
2933,2,1,34.349583,1.0,25,1.0,0,14
2934,2,1,34.349583,1.0,25,1.0,0,14
2935,2,1,34.349583,1.0,25,1.0,0,14
2936,2,1,34.349583,1.0,25,1.0,0,14
2937,2,1,34.349583,1.0,25,1.0,0,14
2938,2,1,34.349583,1.0,25,1.0,0,14
2939,2,1,34.349583,1.0,25,1.0,0,14
2940,2,1,34.349583,1.0,25,1.0,1,14
2941,2,1,34.27676,1.0,25,1.0,0,14
2942,2,1,34.27676,1.0,25,1.0,0,14
2943,2,1,34.27676,1.0,25,1.0,0,14
2944,2,1,34.27676,1.0,25,1.0,0,14
2945,2,1,34.27676,1.0,25,1.0,0,14
2946,2,1,34.27676,1.0,25,1.0,0,14
2947,2,1,34.27676,1.0,25,1.0,0,14
2948,2,1,34.27676,1.0,25,1.0,0,14
2949,2,1,34.27676,1.0,25,1.0,0,14
2950,2,1,34.27676,1.0,25,1.0,0,14
2951,2,1,34.27676,1.0,25,1.0,0,14
2952,2,1,34.27676,1.0,25,1.0,0,14
2953,2,1,34.27676,1.0,25,1.0,0,14
2954,2,1,34.27676,1.0,25,1.0,0,14
2955,2,1,34.27676,1.0,25,1.0,0,14
2956,2,1,34.27676,1.0,25,1.0,0,14
2957,2,1,34.27676,1.0,25,1.0,0,14
2958,2,1,34.27676,1.0,25,1.0,0,14
2959,2,1,34.27676,1.0,25,1.0,0,14
2960,2,1,34.27676,1.0,25,1.0,0,14
2961,2,1,34.27676,1.0,25,1.0,0,14
2962,2,1,34.27676,1.0,25,1.0,0,14
2963,2,1,34.27676,1.0,25,1.0,0,14
2964,2,1,34.27676,1.0,25,1.0,0,14
2965,2,1,34.27676,1.0,25,1.0,0,14
2966,2,1,34.27676,1.0,25,1.0,0,14
2967,2,1,34.27676,1.0,25,1.0,0,14
2968,2,1,34.27676,1.0,25,1.0,0,14
2969,2,1,34.27676,1.0,25,1.0,1,14
2970,2,1,34.2087,1.0,25,1.0,0,14
2971,2,1,34.2087,1.0,25,1.0,0,14
2972,2,1,34.2087,1.0,25,1.0,0,14
2973,2,1,34.2087,1.0,25,1.0,0,14
2974,2,1,34.2087,1.0,25,1.0,0,14
2975,2,1,34.2087,1.0,25,1.0,0,14
2976,2,1,34.2087,1.0,25,1.0,0,14
2977,2,1,34.2087,1.0,25,1.0,0,14
2978,2,1,34.2087,1.0,25,1.0,0,14
2979,2,1,34.2087,1.0,25,1.0,0,14
2980,2,1,34.2087,1.0,25,1.0,0,14
2981,2,1,34.2087,1.0,25,1.0,0,14
2982,2,1,34.2087,1.0,25,1.0,0,14
2983,2,1,34.2087,1.0,25,1.0,0,14
2984,2,1,34.2087,1.0,25,1.0,0,14
2985,2,1,34.2087,1.0,25,1.0,0,14
2986,2,1,34.2087,1.0,25,1.0,1,14
2987,2,1,34.19451,1.0,25,1.0,0,14
2988,2,1,34.19451,1.0,25,1.0,0,14
2989,2,1,34.19451,1.0,25,1.0,0,14
2990,2,1,34.19451,1.0,25,1.0,0,14
2991,2,1,34.19451,1.0,25,1.0,0,14
2992,2,1,34.19451,1.0,25,1.0,0,14
2993,2,1,34.19451,1.0,25,1.0,0,14
2994,2,1,34.19451,1.0,25,1.0,0,14
2995,2,1,34.19451,1.0,25,1.0,0,14
2996,2,1,34.19451,1.0,25,1.0,0,14
2997,2,1,34.19451,1.0,25,1.0,0,14
2998,2,1,34.19451,1.0,25,1.0,1,14
2999,2,1,72.74979,1.0,25,1.0,0,14
3000,2,1,0.0,0.0,0,0.0,0,14
3001,2,1,32.87495,0.2,5,0.2,0,15
3002,2,1,32.805973,0.24,6,0.24,0,15
3003,2,1,32.687405,0.28,7,0.28,0,15
3004,1,0,0.0,0.28,7,0.28,0,15
3005,1,0,0.0,0.28,7,0.28,0,15
3006,2,1,32.678467,0.32,8,0.32,0,15
3007,2,1,32.449234,0.36,9,0.36,0,15
3008,0,-1,0.0,0.36,9,0.36,0,15
3009,2,1,32.17466,0.4,10,0.4,0,15
3010,2,1,31.829067,0.44,11,0.44,0,15
3011,2,1,31.347126,0.48,12,0.48,0,15
3012,2,1,30.79057,0.52,13,0.52,0,15
3013,2,1,30.078716,0.56,14,0.56,0,15
3014,2,1,27.490288,0.6,15,0.6,0,15
3015,2,1,26.14734,0.64,16,0.64,0,15
3016,2,1,24.422636,0.68,17,0.68,0,15
3017,2,1,21.95269,0.72,18,0.72,0,15
3018,2,1,18.241652,0.76,19,0.76,0,15
3019,2,1,12.297601,0.8,20,0.8,0,15
3020,2,1,1.8885134,0.84,21,0.84,0,15
3021,2,1,-18.936152,0.88,22,0.88,0,15
3022,2,1,-71.00347,0.92,23,0.92,0,15
3023,2,1,-279.31842,0.96,24,0.96,0,15
3024,2,1,33.314533,1.0,25,1.0,0,15
3025,2,1,33.314533,1.0,25,1.0,0,15
3026,2,1,33.314533,1.0,25,1.0,1,15
3027,2,1,33.100643,1.0,25,1.0,1,15
3028,2,1,33.07956,1.0,25,1.0,0,15
3029,2,1,33.07956,1.0,25,1.0,0,15
3030,2,1,33.07956,1.0,25,1.0,0,15
3031,2,1,33.07956,1.0,25,1.0,0,15
3032,2,1,33.07956,1.0,25,1.0,1,15
3033,2,1,33.13179,1.0,25,1.0,0,15
3034,2,1,33.13179,1.0,25,1.0,0,15
3035,2,1,33.13179,1.0,25,1.0,0,15
3036,2,1,33.13179,1.0,25,1.0,0,15
3037,2,1,33.13179,1.0,25,1.0,0,15
3038,2,1,33.13179,1.0,25,1.0,0,15
3039,2,1,33.13179,1.0,25,1.0,0,15
3040,2,1,33.13179,1.0,25,1.0,0,15
3041,2,1,33.13179,1.0,25,1.0,0,15
3042,2,1,33.13179,1.0,25,1.0,0,15
3043,2,1,33.13179,1.0,25,1.0,1,15
3044,2,1,72.777985,1.0,25,1.0,0,15
3045,2,1,72.777985,1.0,25,1.0,0,15
3046,2,1,72.777985,1.0,25,1.0,0,15
3047,2,1,72.777985,1.0,25,1.0,0,15
3048,2,1,72.777985,1.0,25,1.0,0,15
3049,2,1,72.777985,1.0,25,1.0,0,15
3050,2,1,72.777985,1.0,25,1.0,0,15
3051,2,1,72.777985,1.0,25,1.0,0,15
3052,2,1,72.777985,1.0,25,1.0,0,15
3053,2,1,72.777985,1.0,25,1.0,0,15
3054,2,1,72.777985,1.0,25,1.0,0,15
3055,2,1,72.777985,1.0,25,1.0,0,15
3056,2,1,72.777985,1.0,25,1.0,0,15
3057,2,1,72.777985,1.0,25,1.0,0,15
3058,2,1,72.777985,1.0,25,1.0,1,15
3059,2,1,67.40742,1.0,25,1.0,0,15
3060,2,1,67.40742,1.0,25,1.0,0,15
3061,2,1,67.40742,1.0,25,1.0,0,15
3062,2,1,67.40742,1.0,25,1.0,0,15
3063,2,1,67.40742,1.0,25,1.0,0,15
3064,2,1,67.40742,1.0,25,1.0,0,15
3065,2,1,67.40742,1.0,25,1.0,0,15
3066,2,1,67.40742,1.0,25,1.0,0,15
3067,2,1,67.40742,1.0,25,1.0,0,15
3068,2,1,67.40742,1.0,25,1.0,0,15
3069,2,1,67.40742,1.0,25,1.0,0,15
3070,2,1,67.40742,1.0,25,1.0,0,15
3071,2,1,67.40742,1.0,25,1.0,0,15
3072,2,1,67.40742,1.0,25,1.0,0,15
3073,2,1,67.40742,1.0,25,1.0,0,15
3074,2,1,67.40742,1.0,25,1.0,0,15
3075,2,1,67.40742,1.0,25,1.0,0,15
3076,2,1,67.40742,1.0,25,1.0,0,15
3077,2,1,67.40742,1.0,25,1.0,0,15
3078,2,1,67.40742,1.0,25,1.0,0,15
3079,2,1,67.40742,1.0,25,1.0,0,15
3080,2,1,67.40742,1.0,25,1.0,0,15
3081,2,1,67.40742,1.0,25,1.0,0,15
3082,2,1,67.40742,1.0,25,1.0,0,15
3083,2,1,67.40742,1.0,25,1.0,0,15
3084,2,1,67.40742,1.0,25,1.0,0,15
3085,2,1,67.40742,1.0,25,1.0,1,15
3086,2,1,40.53941,1.0,25,1.0,0,15
3087,2,1,40.53941,1.0,25,1.0,0,15
3088,2,1,40.53941,1.0,25,1.0,0,15
3089,2,1,40.53941,1.0,25,1.0,0,15
3090,2,1,40.53941,1.0,25,1.0,0,15
3091,2,1,40.53941,1.0,25,1.0,1,15
3092,2,1,33.552414,1.0,25,1.0,0,15
3093,2,1,33.552414,1.0,25,1.0,0,15
3094,0,-1,-33.552414,0.96,24,0.96,0,15
3095,2,1,33.553905,1.0,25,1.0,1,15
3096,2,1,33.588085,1.0,25,1.0,0,15
3097,2,1,33.588085,1.0,25,1.0,0,15
3098,2,1,33.588085,1.0,25,1.0,0,15
3099,2,1,33.588085,1.0,25,1.0,0,15
3100,2,1,33.588085,1.0,25,1.0,0,15
3101,2,1,33.588085,1.0,25,1.0,0,15
3102,2,1,33.588085,1.0,25,1.0,0,15
3103,2,1,33.588085,1.0,25,1.0,0,15
3104,2,1,33.588085,1.0,25,1.0,0,15
3105,2,1,33.588085,1.0,25,1.0,0,15
3106,2,1,33.588085,1.0,25,1.0,0,15
3107,2,1,33.588085,1.0,25,1.0,0,15
3108,2,1,33.588085,1.0,25,1.0,0,15
3109,2,1,33.588085,1.0,25,1.0,0,15
3110,2,1,33.588085,1.0,25,1.0,1,15
3111,2,1,33.644634,1.0,25,1.0,0,15
3112,2,1,33.644634,1.0,25,1.0,0,15
3113,2,1,33.644634,1.0,25,1.0,0,15
3114,2,1,33.644634,1.0,25,1.0,0,15
3115,2,1,33.644634,1.0,25,1.0,0,15
3116,2,1,33.644634,1.0,25,1.0,0,15
3117,2,1,33.644634,1.0,25,1.0,0,15
3118,2,1,33.644634,1.0,25,1.0,0,15
3119,2,1,33.644634,1.0,25,1.0,0,15
3120,2,1,33.644634,1.0,25,1.0,0,15
3121,2,1,33.644634,1.0,25,1.0,0,15
3122,2,1,33.644634,1.0,25,1.0,0,15
3123,2,1,33.644634,1.0,25,1.0,0,15
3124,2,1,33.644634,1.0,25,1.0,0,15
3125,2,1,33.644634,1.0,25,1.0,0,15
3126,2,1,33.644634,1.0,25,1.0,0,15
3127,2,1,33.644634,1.0,25,1.0,0,15
3128,2,1,33.644634,1.0,25,1.0,0,15
3129,2,1,33.644634,1.0,25,1.0,0,15
3130,2,1,33.644634,1.0,25,1.0,0,15
3131,2,1,33.644634,1.0,25,1.0,1,15
3132,2,1,33.480953,1.0,25,1.0,0,15
3133,2,1,33.480953,1.0,25,1.0,0,15
3134,2,1,33.480953,1.0,25,1.0,0,15
3135,2,1,33.480953,1.0,25,1.0,0,15
3136,2,1,33.480953,1.0,25,1.0,0,15
3137,2,1,33.480953,1.0,25,1.0,0,15
3138,2,1,33.480953,1.0,25,1.0,0,15
3139,2,1,33.480953,1.0,25,1.0,0,15
3140,2,1,33.480953,1.0,25,1.0,0,15
3141,2,1,33.480953,1.0,25,1.0,1,15
3142,2,1,33.42999,1.0,25,1.0,0,15
3143,2,1,33.42999,1.0,25,1.0,0,15
3144,2,1,33.42999,1.0,25,1.0,0,15
3145,2,1,33.42999,1.0,25,1.0,0,15
3146,2,1,33.42999,1.0,25,1.0,0,15
3147,2,1,33.42999,1.0,25,1.0,0,15
3148,2,1,33.42999,1.0,25,1.0,0,15
3149,2,1,33.42999,1.0,25,1.0,0,15
3150,2,1,33.42999,1.0,25,1.0,1,15
3151,2,1,72.76919,1.0,25,1.0,0,15
3152,2,1,72.76919,1.0,25,1.0,0,15
3153,2,1,72.76919,1.0,25,1.0,0,15
3154,2,1,72.76919,1.0,25,1.0,0,15
3155,2,1,72.76919,1.0,25,1.0,0,15
3156,2,1,72.76919,1.0,25,1.0,0,15
3157,2,1,72.76919,1.0,25,1.0,0,15
3158,2,1,72.76919,1.0,25,1.0,1,15
3159,2,1,67.35564,1.0,25,1.0,0,15
3160,2,1,67.35564,1.0,25,1.0,0,15
3161,2,1,67.35564,1.0,25,1.0,0,15
3162,2,1,67.35564,1.0,25,1.0,0,15
3163,2,1,67.35564,1.0,25,1.0,0,15
3164,2,1,67.35564,1.0,25,1.0,0,15
3165,2,1,67.35564,1.0,25,1.0,0,15
3166,2,1,67.35564,1.0,25,1.0,0,15
3167,2,1,67.35564,1.0,25,1.0,1,15
3168,2,1,40.09517,1.0,25,1.0,0,15
3169,2,1,40.09517,1.0,25,1.0,0,15
3170,2,1,40.09517,1.0,25,1.0,0,15
3171,2,1,40.09517,1.0,25,1.0,0,15
3172,2,1,40.09517,1.0,25,1.0,0,15
3173,2,1,40.09517,1.0,25,1.0,0,15
3174,2,1,40.09517,1.0,25,1.0,0,15
3175,2,1,40.09517,1.0,25,1.0,0,15
3176,2,1,40.09517,1.0,25,1.0,0,15
3177,2,1,40.09517,1.0,25,1.0,1,15
3178,2,1,33.769787,1.0,25,1.0,0,15
3179,2,1,33.769787,1.0,25,1.0,0,15
3180,2,1,33.769787,1.0,25,1.0,0,15
3181,2,1,33.769787,1.0,25,1.0,0,15
3182,2,1,33.769787,1.0,25,1.0,0,15
3183,2,1,33.769787,1.0,25,1.0,0,15
3184,2,1,33.769787,1.0,25,1.0,0,15
3185,2,1,33.769787,1.0,25,1.0,0,15
3186,2,1,33.769787,1.0,25,1.0,0,15
3187,2,1,33.769787,1.0,25,1.0,0,15
3188,2,1,33.769787,1.0,25,1.0,0,15
3189,2,1,33.769787,1.0,25,1.0,0,15
3190,2,1,33.769787,1.0,25,1.0,0,15
3191,2,1,33.769787,1.0,25,1.0,0,15
3192,2,1,33.769787,1.0,25,1.0,0,15
3193,2,1,33.769787,1.0,25,1.0,0,15
3194,2,1,33.769787,1.0,25,1.0,0,15
3195,2,1,33.769787,1.0,25,1.0,0,15
3196,2,1,33.769787,1.0,25,1.0,0,15
3197,2,1,33.769787,1.0,25,1.0,0,15
3198,2,1,33.769787,1.0,25,1.0,0,15
3199,2,1,33.769787,1.0,25,1.0,1,15
3200,2,1,0.0,0.0,0,0.0,0,15
3201,2,1,33.268265,0.2,5,0.2,0,16
3202,2,1,33.265644,0.24,6,0.24,0,16
3203,2,1,33.101723,0.28,7,0.28,0,16
3204,2,1,32.95287,0.32,8,0.32,0,16
3205,2,1,30.912838,0.36,9,0.36,0,16
3206,2,1,30.575638,0.4,10,0.4,0,16
3207,2,1,29.924856,0.44,11,0.44,0,16
3208,2,1,29.463099,0.48,12,0.48,0,16
3209,2,1,28.912891,0.52,13,0.52,0,16
3210,2,1,28.202038,0.56,14,0.56,0,16
3211,2,1,27.262829,0.6,15,0.6,0,16
3212,2,1,26.01956,0.64,16,0.64,0,16
3213,2,1,24.292868,0.68,17,0.68,0,16
3214,2,1,21.82327,0.72,18,0.72,0,16
3215,2,1,18.112232,0.76,19,0.76,0,16
3216,2,1,12.168181,0.8,20,0.8,0,16
3217,2,1,1.759094,0.84,21,0.84,0,16
3218,2,1,-19.067314,0.88,22,0.88,1,16
3219,2,1,-71.13094,0.92,23,0.92,0,16
3220,2,1,-279.46,0.96,24,0.96,0,16
3221,2,1,33.253273,1.0,25,1.0,0,16
3222,2,1,33.177345,1.0,25,1.0,0,16
3223,2,1,33.177345,1.0,25,1.0,0,16
3224,2,1,33.177345,1.0,25,1.0,0,16
3225,2,1,33.177345,1.0,25,1.0,0,16
3226,2,1,33.177345,1.0,25,1.0,0,16
3227,2,1,33.177345,1.0,25,1.0,0,16
3228,2,1,33.177345,1.0,25,1.0,0,16
3229,2,1,33.177345,1.0,25,1.0,0,16
3230,2,1,33.177345,1.0,25,1.0,0,16
3231,2,1,33.177345,1.0,25,1.0,0,16
3232,2,1,33.177345,1.0,25,1.0,0,16
3233,2,1,33.177345,1.0,25,1.0,0,16
3234,2,1,33.177345,1.0,25,1.0,1,16
3235,2,1,34.94674,1.0,25,1.0,0,16
3236,2,1,34.94674,1.0,25,1.0,0,16
3237,2,1,34.94674,1.0,25,1.0,0,16
3238,2,1,34.94674,1.0,25,1.0,0,16
3239,2,1,34.94674,1.0,25,1.0,0,16
3240,2,1,34.94674,1.0,25,1.0,0,16
3241,2,1,34.94674,1.0,25,1.0,0,16
3242,2,1,34.94674,1.0,25,1.0,0,16
3243,2,1,34.94674,1.0,25,1.0,0,16
3244,2,1,34.94674,1.0,25,1.0,0,16
3245,2,1,34.94674,1.0,25,1.0,0,16
3246,2,1,34.94674,1.0,25,1.0,0,16
3247,2,1,34.94674,1.0,25,1.0,0,16
3248,2,1,34.94674,1.0,25,1.0,0,16
3249,2,1,34.94674,1.0,25,1.0,0,16
3250,2,1,34.94674,1.0,25,1.0,0,16
3251,2,1,34.94674,1.0,25,1.0,0,16
3252,2,1,34.94674,1.0,25,1.0,0,16
3253,2,1,34.94674,1.0,25,1.0,0,16
3254,2,1,34.94674,1.0,25,1.0,0,16
3255,2,1,34.94674,1.0,25,1.0,0,16
3256,2,1,34.94674,1.0,25,1.0,1,16
3257,2,1,33.99236,1.0,25,1.0,0,16
3258,2,1,33.99236,1.0,25,1.0,0,16
3259,2,1,33.99236,1.0,25,1.0,0,16
3260,2,1,33.99236,1.0,25,1.0,0,16
3261,2,1,33.99236,1.0,25,1.0,0,16
3262,2,1,33.99236,1.0,25,1.0,0,16
3263,2,1,33.99236,1.0,25,1.0,1,16
3264,2,1,72.76368,1.0,25,1.0,0,16
3265,2,1,72.76368,1.0,25,1.0,0,16
3266,2,1,72.76368,1.0,25,1.0,1,16
3267,2,1,56.967808,1.0,25,1.0,0,16
3268,2,1,56.967808,1.0,25,1.0,0,16
3269,2,1,56.967808,1.0,25,1.0,0,16
3270,2,1,56.967808,1.0,25,1.0,0,16
3271,2,1,56.967808,1.0,25,1.0,0,16
3272,2,1,56.967808,1.0,25,1.0,0,16
3273,2,1,56.967808,1.0,25,1.0,1,16
3274,2,1,33.888645,1.0,25,1.0,0,16
3275,2,1,33.888645,1.0,25,1.0,0,16
3276,2,1,33.888645,1.0,25,1.0,0,16
3277,2,1,33.888645,1.0,25,1.0,0,16
3278,2,1,33.888645,1.0,25,1.0,0,16
3279,2,1,33.888645,1.0,25,1.0,0,16
3280,2,1,33.888645,1.0,25,1.0,0,16
3281,2,1,33.888645,1.0,25,1.0,0,16
3282,2,1,33.888645,1.0,25,1.0,0,16
3283,2,1,33.888645,1.0,25,1.0,0,16
3284,2,1,33.888645,1.0,25,1.0,0,16
3285,2,1,33.888645,1.0,25,1.0,0,16
3286,2,1,33.888645,1.0,25,1.0,0,16
3287,2,1,33.888645,1.0,25,1.0,1,16
3288,2,1,33.75412,1.0,25,1.0,0,16
3289,2,1,33.75412,1.0,25,1.0,0,16
3290,2,1,33.75412,1.0,25,1.0,0,16
3291,2,1,33.75412,1.0,25,1.0,0,16
3292,2,1,33.75412,1.0,25,1.0,0,16
3293,2,1,33.75412,1.0,25,1.0,0,16
3294,2,1,33.75412,1.0,25,1.0,0,16
3295,2,1,33.75412,1.0,25,1.0,0,16
3296,2,1,33.75412,1.0,25,1.0,0,16
3297,2,1,33.75412,1.0,25,1.0,0,16
3298,2,1,33.75412,1.0,25,1.0,0,16
3299,2,1,33.75412,1.0,25,1.0,0,16
3300,2,1,33.75412,1.0,25,1.0,0,16
3301,2,1,33.75412,1.0,25,1.0,0,16
3302,2,1,33.75412,1.0,25,1.0,0,16
3303,2,1,33.75412,1.0,25,1.0,0,16
3304,2,1,33.75412,1.0,25,1.0,0,16
3305,2,1,33.75412,1.0,25,1.0,0,16
3306,2,1,33.75412,1.0,25,1.0,1,16
3307,2,1,33.728054,1.0,25,1.0,0,16
3308,2,1,33.728054,1.0,25,1.0,0,16
3309,2,1,33.728054,1.0,25,1.0,0,16
3310,2,1,33.728054,1.0,25,1.0,0,16
3311,2,1,33.728054,1.0,25,1.0,0,16
3312,2,1,33.728054,1.0,25,1.0,0,16
3313,2,1,33.728054,1.0,25,1.0,0,16
3314,2,1,33.728054,1.0,25,1.0,0,16
3315,2,1,33.728054,1.0,25,1.0,0,16
3316,2,1,33.728054,1.0,25,1.0,0,16
3317,2,1,33.728054,1.0,25,1.0,0,16
3318,2,1,33.728054,1.0,25,1.0,0,16
3319,2,1,33.728054,1.0,25,1.0,0,16
3320,2,1,33.728054,1.0,25,1.0,0,16
3321,2,1,33.728054,1.0,25,1.0,0,16
3322,2,1,33.728054,1.0,25,1.0,0,16
3323,2,1,33.728054,1.0,25,1.0,0,16
3324,2,1,33.728054,1.0,25,1.0,0,16
3325,2,1,33.728054,1.0,25,1.0,0,16
3326,2,1,33.728054,1.0,25,1.0,0,16
3327,2,1,33.728054,1.0,25,1.0,0,16
3328,2,1,33.728054,1.0,25,1.0,0,16
3329,2,1,33.728054,1.0,25,1.0,0,16
3330,2,1,33.728054,1.0,25,1.0,1,16
3331,2,1,33.766373,1.0,25,1.0,0,16
3332,2,1,33.766373,1.0,25,1.0,0,16
3333,2,1,33.766373,1.0,25,1.0,0,16
3334,2,1,33.766373,1.0,25,1.0,0,16
3335,2,1,33.766373,1.0,25,1.0,0,16
3336,2,1,33.766373,1.0,25,1.0,0,16
3337,2,1,33.766373,1.0,25,1.0,0,16
3338,2,1,33.766373,1.0,25,1.0,0,16
3339,2,1,33.766373,1.0,25,1.0,0,16
3340,2,1,33.766373,1.0,25,1.0,0,16
3341,2,1,33.766373,1.0,25,1.0,0,16
3342,2,1,33.766373,1.0,25,1.0,0,16
3343,2,1,33.766373,1.0,25,1.0,0,16
3344,2,1,33.766373,1.0,25,1.0,0,16
3345,2,1,33.766373,1.0,25,1.0,0,16
3346,2,1,33.766373,1.0,25,1.0,0,16
3347,2,1,33.766373,1.0,25,1.0,0,16
3348,2,1,33.766373,1.0,25,1.0,0,16
3349,2,1,33.766373,1.0,25,1.0,0,16
3350,2,1,33.766373,1.0,25,1.0,0,16
3351,2,1,33.766373,1.0,25,1.0,0,16
3352,2,1,33.766373,1.0,25,1.0,0,16
3353,2,1,33.766373,1.0,25,1.0,0,16
3354,2,1,33.766373,1.0,25,1.0,0,16
3355,2,1,33.766373,1.0,25,1.0,0,16
3356,2,1,33.766373,1.0,25,1.0,0,16
3357,2,1,33.766373,1.0,25,1.0,0,16
3358,2,1,33.766373,1.0,25,1.0,0,16
3359,2,1,33.766373,1.0,25,1.0,0,16
3360,2,1,33.766373,1.0,25,1.0,1,16
3361,2,1,35.244186,1.0,25,1.0,0,16
3362,2,1,35.244186,1.0,25,1.0,0,16
3363,2,1,35.244186,1.0,25,1.0,0,16
3364,2,1,35.244186,1.0,25,1.0,0,16
3365,2,1,35.244186,1.0,25,1.0,0,16
3366,2,1,35.244186,1.0,25,1.0,0,16
3367,2,1,35.244186,1.0,25,1.0,0,16
3368,2,1,35.244186,1.0,25,1.0,0,16
3369,2,1,35.244186,1.0,25,1.0,0,16
3370,2,1,35.244186,1.0,25,1.0,0,16
3371,2,1,35.244186,1.0,25,1.0,0,16
3372,2,1,35.244186,1.0,25,1.0,0,16
3373,2,1,35.244186,1.0,25,1.0,0,16
3374,2,1,35.244186,1.0,25,1.0,0,16
3375,2,1,35.244186,1.0,25,1.0,0,16
3376,2,1,35.244186,1.0,25,1.0,0,16
3377,2,1,35.244186,1.0,25,1.0,0,16
3378,2,1,35.244186,1.0,25,1.0,0,16
3379,2,1,35.244186,1.0,25,1.0,0,16
3380,2,1,35.244186,1.0,25,1.0,0,16
3381,2,1,35.244186,1.0,25,1.0,1,16
3382,2,1,34.19832,1.0,25,1.0,0,16
3383,2,1,34.19832,1.0,25,1.0,0,16
3384,2,1,34.19832,1.0,25,1.0,0,16
3385,2,1,34.19832,1.0,25,1.0,0,16
3386,2,1,34.19832,1.0,25,1.0,0,16
3387,2,1,34.19832,1.0,25,1.0,0,16
3388,2,1,34.19832,1.0,25,1.0,0,16
3389,2,1,34.19832,1.0,25,1.0,0,16
3390,2,1,34.19832,1.0,25,1.0,0,16
3391,2,1,34.19832,1.0,25,1.0,0,16
3392,2,1,34.19832,1.0,25,1.0,0,16
3393,2,1,34.19832,1.0,25,1.0,0,16
3394,2,1,34.19832,1.0,25,1.0,0,16
3395,2,1,34.19832,1.0,25,1.0,0,16
3396,2,1,34.19832,1.0,25,1.0,0,16
3397,2,1,34.19832,1.0,25,1.0,0,16
3398,2,1,34.19832,1.0,25,1.0,0,16
3399,2,1,34.19832,1.0,25,1.0,0,16
3400,2,1,0.0,0.0,0,0.0,0,16
3401,2,1,33.166183,0.2,5,0.2,0,17
3402,2,1,31.647371,0.24,6,0.24,0,17
3403,2,1,31.101442,0.28,7,0.28,0,17
3404,2,1,30.935667,0.32,8,0.32,0,17
3405,2,1,30.71941,0.36,9,0.36,0,17
3406,2,1,30.444838,0.4,10,0.4,0,17
3407,2,1,30.099245,0.44,11,0.44,0,17
3408,2,1,29.663704,0.48,12,0.48,0,17
3409,2,1,29.110497,0.52,13,0.52,0,17
3410,2,1,28.398643,0.56,14,0.56,0,17
3411,2,1,27.466194,0.6,15,0.6,0,17
3412,2,1,26.212626,0.64,16,0.64,0,17
3413,2,1,24.49147,0.68,17,0.68,0,17
3414,2,1,21.970465,0.72,18,0.72,0,17
3415,2,1,18.233986,0.76,19,0.76,0,17
3416,2,1,12.295698,0.8,20,0.8,0,17
3417,2,1,1.7567987,0.84,21,0.84,0,17
3418,2,1,-19.06572,0.88,22,0.88,0,17
3419,2,1,-71.1427,0.92,23,0.92,0,17
3420,2,1,-279.47018,0.96,24,0.96,0,17
3421,2,1,33.16278,1.0,25,1.0,0,17
3422,0,-1,-33.16278,0.96,24,0.96,0,17
3423,2,1,33.17313,1.0,25,1.0,0,17
3424,2,1,33.187366,1.0,25,1.0,0,17
3425,2,1,33.187366,1.0,25,1.0,0,17
3426,2,1,33.187366,1.0,25,1.0,0,17
3427,2,1,33.187366,1.0,25,1.0,0,17
3428,2,1,33.187366,1.0,25,1.0,0,17
3429,2,1,33.187366,1.0,25,1.0,1,17
3430,2,1,33.1953,1.0,25,1.0,0,17
3431,2,1,33.1953,1.0,25,1.0,1,17
3432,2,1,34.856808,1.0,25,1.0,0,17
3433,2,1,34.856808,1.0,25,1.0,0,17
3434,2,1,34.856808,1.0,25,1.0,1,17
3435,2,1,33.897358,1.0,25,1.0,0,17
3436,2,1,33.897358,1.0,25,1.0,0,17
3437,2,1,33.897358,1.0,25,1.0,0,17
3438,2,1,33.897358,1.0,25,1.0,0,17
3439,2,1,33.897358,1.0,25,1.0,0,17
3440,2,1,33.897358,1.0,25,1.0,1,17
3441,2,1,72.94603,1.0,25,1.0,0,17
3442,2,1,72.94603,1.0,25,1.0,0,17
3443,2,1,72.94603,1.0,25,1.0,0,17
3444,2,1,72.94603,1.0,25,1.0,0,17
3445,2,1,72.94603,1.0,25,1.0,0,17
3446,2,1,72.94603,1.0,25,1.0,0,17
3447,2,1,72.94603,1.0,25,1.0,0,17
3448,2,1,72.94603,1.0,25,1.0,0,17
3449,2,1,72.94603,1.0,25,1.0,1,17
3450,2,1,69.791046,1.0,25,1.0,0,17
3451,2,1,69.791046,1.0,25,1.0,0,17
3452,2,1,69.791046,1.0,25,1.0,0,17
3453,2,1,69.791046,1.0,25,1.0,0,17
3454,2,1,69.791046,1.0,25,1.0,0,17
3455,2,1,69.791046,1.0,25,1.0,0,17
3456,2,1,69.791046,1.0,25,1.0,0,17
3457,2,1,69.791046,1.0,25,1.0,0,17
3458,2,1,69.791046,1.0,25,1.0,1,17
3459,2,1,61.944355,1.0,25,1.0,0,17
3460,2,1,61.944355,1.0,25,1.0,0,17
3461,2,1,61.944355,1.0,25,1.0,0,17
3462,2,1,61.944355,1.0,25,1.0,0,17
3463,2,1,61.944355,1.0,25,1.0,0,17
3464,2,1,61.944355,1.0,25,1.0,0,17
3465,2,1,61.944355,1.0,25,1.0,0,17
3466,2,1,61.944355,1.0,25,1.0,0,17
3467,2,1,61.944355,1.0,25,1.0,0,17
3468,2,1,61.944355,1.0,25,1.0,1,17
3469,2,1,33.97488,1.0,25,1.0,0,17
3470,2,1,33.97488,1.0,25,1.0,0,17
3471,2,1,33.97488,1.0,25,1.0,0,17
3472,2,1,33.97488,1.0,25,1.0,0,17
3473,2,1,33.97488,1.0,25,1.0,0,17
3474,0,-1,-33.97488,0.96,24,0.96,0,17
3475,2,1,33.973404,1.0,25,1.0,0,17
3476,2,1,33.973404,1.0,25,1.0,0,17
3477,2,1,33.973404,1.0,25,1.0,0,17
3478,2,1,33.973404,1.0,25,1.0,0,17
3479,2,1,33.973404,1.0,25,1.0,0,17
3480,2,1,33.973404,1.0,25,1.0,0,17
3481,2,1,33.973404,1.0,25,1.0,0,17
3482,2,1,33.973404,1.0,25,1.0,0,17
3483,2,1,33.973404,1.0,25,1.0,0,17
3484,2,1,33.973404,1.0,25,1.0,0,17
3485,2,1,33.973404,1.0,25,1.0,1,17
3486,2,1,34.00695,1.0,25,1.0,0,17
3487,2,1,34.00695,1.0,25,1.0,0,17
3488,2,1,34.00695,1.0,25,1.0,0,17
3489,2,1,34.00695,1.0,25,1.0,0,17
3490,2,1,34.00695,1.0,25,1.0,0,17
3491,2,1,34.00695,1.0,25,1.0,0,17
3492,2,1,34.00695,1.0,25,1.0,0,17
3493,2,1,34.00695,1.0,25,1.0,0,17
3494,2,1,34.00695,1.0,25,1.0,0,17
3495,2,1,34.00695,1.0,25,1.0,0,17
3496,2,1,34.00695,1.0,25,1.0,0,17
3497,2,1,34.00695,1.0,25,1.0,0,17
3498,2,1,34.00695,1.0,25,1.0,0,17
3499,2,1,34.00695,1.0,25,1.0,0,17
3500,2,1,34.00695,1.0,25,1.0,0,17
3501,2,1,34.00695,1.0,25,1.0,0,17
3502,2,1,34.00695,1.0,25,1.0,0,17
3503,2,1,34.00695,1.0,25,1.0,0,17
3504,2,1,34.00695,1.0,25,1.0,0,17
3505,2,1,34.00695,1.0,25,1.0,0,17
3506,2,1,34.00695,1.0,25,1.0,0,17
3507,2,1,34.00695,1.0,25,1.0,0,17
3508,2,1,34.00695,1.0,25,1.0,0,17
3509,2,1,34.00695,1.0,25,1.0,0,17
3510,2,1,34.00695,1.0,25,1.0,0,17
3511,2,1,34.00695,1.0,25,1.0,0,17
3512,2,1,34.00695,1.0,25,1.0,0,17
3513,2,1,34.00695,1.0,25,1.0,0,17
3514,2,1,34.00695,1.0,25,1.0,0,17
3515,2,1,34.00695,1.0,25,1.0,1,17
3516,2,1,34.02376,1.0,25,1.0,0,17
3517,2,1,34.02376,1.0,25,1.0,1,17
3518,2,1,35.08973,1.0,25,1.0,0,17
3519,2,1,35.08973,1.0,25,1.0,0,17
3520,2,1,35.08973,1.0,25,1.0,0,17
3521,2,1,35.08973,1.0,25,1.0,0,17
3522,2,1,35.08973,1.0,25,1.0,0,17
3523,2,1,35.08973,1.0,25,1.0,0,17
3524,2,1,35.08973,1.0,25,1.0,1,17
3525,2,1,34.166874,1.0,25,1.0,0,17
3526,2,1,34.166874,1.0,25,1.0,0,17
3527,2,1,34.166874,1.0,25,1.0,0,17
3528,2,1,34.166874,1.0,25,1.0,0,17
3529,2,1,34.166874,1.0,25,1.0,0,17
3530,2,1,34.166874,1.0,25,1.0,0,17
3531,2,1,34.166874,1.0,25,1.0,0,17
3532,2,1,34.166874,1.0,25,1.0,0,17
3533,2,1,34.166874,1.0,25,1.0,0,17
3534,2,1,34.166874,1.0,25,1.0,0,17
3535,2,1,34.166874,1.0,25,1.0,0,17
3536,2,1,34.166874,1.0,25,1.0,0,17
3537,2,1,34.166874,1.0,25,1.0,0,17
3538,2,1,34.166874,1.0,25,1.0,0,17
3539,2,1,34.166874,1.0,25,1.0,0,17
3540,2,1,34.166874,1.0,25,1.0,0,17
3541,2,1,34.166874,1.0,25,1.0,1,17
3542,2,1,72.95183,1.0,25,1.0,1,17
3543,2,1,70.21171,1.0,25,1.0,0,17
3544,2,1,70.21171,1.0,25,1.0,0,17
3545,2,1,70.21171,1.0,25,1.0,0,17
3546,2,1,70.21171,1.0,25,1.0,0,17
3547,2,1,70.21171,1.0,25,1.0,0,17
3548,2,1,70.21171,1.0,25,1.0,0,17
3549,2,1,70.21171,1.0,25,1.0,0,17
3550,2,1,70.21171,1.0,25,1.0,0,17
3551,2,1,70.21171,1.0,25,1.0,0,17
3552,2,1,70.21171,1.0,25,1.0,0,17
3553,2,1,70.21171,1.0,25,1.0,0,17
3554,2,1,70.21171,1.0,25,1.0,0,17
3555,2,1,70.21171,1.0,25,1.0,0,17
3556,2,1,70.21171,1.0,25,1.0,0,17
3557,2,1,70.21171,1.0,25,1.0,0,17
3558,2,1,70.21171,1.0,25,1.0,0,17
3559,2,1,70.21171,1.0,25,1.0,0,17
3560,2,1,70.21171,1.0,25,1.0,0,17
3561,2,1,70.21171,1.0,25,1.0,1,17
3562,2,1,61.69713,1.0,25,1.0,0,17
3563,2,1,61.69713,1.0,25,1.0,0,17
3564,2,1,61.69713,1.0,25,1.0,0,17
3565,2,1,61.69713,1.0,25,1.0,0,17
3566,2,1,61.69713,1.0,25,1.0,0,17
3567,2,1,61.69713,1.0,25,1.0,0,17
3568,2,1,61.69713,1.0,25,1.0,0,17
3569,2,1,61.69713,1.0,25,1.0,0,17
3570,2,1,61.69713,1.0,25,1.0,0,17
3571,2,1,61.69713,1.0,25,1.0,0,17
3572,2,1,61.69713,1.0,25,1.0,0,17
3573,2,1,61.69713,1.0,25,1.0,0,17
3574,2,1,61.69713,1.0,25,1.0,0,17
3575,2,1,61.69713,1.0,25,1.0,0,17
3576,2,1,61.69713,1.0,25,1.0,0,17
3577,2,1,61.69713,1.0,25,1.0,0,17
3578,2,1,61.69713,1.0,25,1.0,0,17
3579,2,1,61.69713,1.0,25,1.0,0,17
3580,2,1,61.69713,1.0,25,1.0,0,17
3581,2,1,61.69713,1.0,25,1.0,0,17
3582,2,1,61.69713,1.0,25,1.0,1,17
3583,2,1,34.127018,1.0,25,1.0,0,17
3584,2,1,34.127018,1.0,25,1.0,0,17
3585,2,1,34.127018,1.0,25,1.0,0,17
3586,2,1,34.127018,1.0,25,1.0,0,17
3587,2,1,34.127018,1.0,25,1.0,0,17
3588,2,1,34.127018,1.0,25,1.0,0,17
3589,2,1,34.127018,1.0,25,1.0,0,17
3590,2,1,34.127018,1.0,25,1.0,0,17
3591,2,1,34.127018,1.0,25,1.0,0,17
3592,2,1,34.127018,1.0,25,1.0,0,17
3593,2,1,34.127018,1.0,25,1.0,0,17
3594,2,1,34.127018,1.0,25,1.0,0,17
3595,2,1,34.127018,1.0,25,1.0,0,17
3596,2,1,34.127018,1.0,25,1.0,1,17
3597,2,1,34.23684,1.0,25,1.0,0,17
3598,2,1,34.23684,1.0,25,1.0,0,17
3599,2,1,34.23684,1.0,25,1.0,0,17
3600,2,1,0.0,0.0,0,0.0,0,17
3601,2,1,33.166183,0.2,5,0.2,0,18
3602,2,1,33.036713,0.24,6,0.24,0,18
3603,2,1,32.87964,0.28,7,0.28,0,18
3604,2,1,32.636852,0.32,8,0.32,0,18
3605,2,1,32.420597,0.36,9,0.36,0,18
3606,0,-1,-32.420597,0.32,8,0.32,0,18
3607,2,1,32.420597,0.36,9,0.36,0,18
3608,2,1,32.14731,0.4,10,0.4,0,18
3609,2,1,31.803883,0.44,11,0.44,0,18
3610,2,1,31.368341,0.48,12,0.48,0,18
3611,2,1,30.815134,0.52,13,0.52,0,18
3612,2,1,30.103281,0.56,14,0.56,1,18
3613,2,1,30.838396,0.6,15,0.6,0,18
3614,2,1,29.587955,0.64,16,0.64,0,18
3615,2,1,27.862965,0.68,17,0.68,0,18
3616,2,1,25.393127,0.72,18,0.72,0,18
3617,2,1,21.67944,0.76,19,0.76,0,18
3618,2,1,15.735965,0.8,20,0.8,0,18
3619,2,1,5.3268776,0.84,21,0.84,0,18
3620,2,1,-15.49953,0.88,22,0.88,0,18
3621,2,1,-67.57651,0.92,23,0.92,0,18
3622,2,1,-275.90552,0.96,24,0.96,0,18
3623,2,1,36.728207,1.0,25,1.0,0,18
3624,2,1,36.72813,1.0,25,1.0,0,18
3625,2,1,36.72813,1.0,25,1.0,0,18
3626,2,1,36.72813,1.0,25,1.0,0,18
3627,2,1,36.72813,1.0,25,1.0,0,18
3628,2,1,36.72813,1.0,25,1.0,0,18
3629,2,1,36.72813,1.0,25,1.0,0,18
3630,2,1,36.72813,1.0,25,1.0,0,18
3631,2,1,36.72813,1.0,25,1.0,0,18
3632,2,1,36.72813,1.0,25,1.0,0,18
3633,2,1,36.72813,1.0,25,1.0,0,18
3634,2,1,36.72813,1.0,25,1.0,0,18
3635,2,1,36.72813,1.0,25,1.0,0,18
3636,2,1,36.72813,1.0,25,1.0,0,18
3637,2,1,36.72813,1.0,25,1.0,0,18
3638,2,1,36.72813,1.0,25,1.0,1,18
3639,2,1,34.386814,1.0,25,1.0,0,18
3640,2,1,34.386814,1.0,25,1.0,0,18
3641,2,1,34.386814,1.0,25,1.0,0,18
3642,2,1,34.386814,1.0,25,1.0,0,18
3643,2,1,34.386814,1.0,25,1.0,0,18
3644,2,1,34.386814,1.0,25,1.0,0,18
3645,2,1,34.386814,1.0,25,1.0,0,18
3646,2,1,34.386814,1.0,25,1.0,0,18
3647,2,1,34.386814,1.0,25,1.0,0,18
3648,2,1,34.386814,1.0,25,1.0,0,18
3649,2,1,34.386814,1.0,25,1.0,0,18
3650,2,1,34.386814,1.0,25,1.0,0,18
3651,2,1,34.386814,1.0,25,1.0,0,18
3652,2,1,34.386814,1.0,25,1.0,0,18
3653,2,1,34.386814,1.0,25,1.0,0,18
3654,2,1,34.386814,1.0,25,1.0,0,18
3655,2,1,34.386814,1.0,25,1.0,0,18
3656,2,1,34.386814,1.0,25,1.0,0,18
3657,2,1,34.386814,1.0,25,1.0,0,18
3658,2,1,34.386814,1.0,25,1.0,0,18
3659,2,1,34.386814,1.0,25,1.0,1,18
3660,2,1,34.31504,1.0,25,1.0,0,18
3661,2,1,34.31504,1.0,25,1.0,0,18
3662,2,1,34.31504,1.0,25,1.0,0,18
3663,2,1,34.31504,1.0,25,1.0,0,18
3664,2,1,34.31504,1.0,25,1.0,0,18
3665,2,1,34.31504,1.0,25,1.0,0,18
3666,2,1,34.31504,1.0,25,1.0,0,18
3667,2,1,34.31504,1.0,25,1.0,0,18
3668,2,1,34.31504,1.0,25,1.0,0,18
3669,2,1,34.31504,1.0,25,1.0,0,18
3670,2,1,34.31504,1.0,25,1.0,0,18
3671,2,1,34.31504,1.0,25,1.0,0,18
3672,2,1,34.31504,1.0,25,1.0,0,18
3673,2,1,34.31504,1.0,25,1.0,0,18
3674,2,1,34.31504,1.0,25,1.0,0,18
3675,2,1,34.31504,1.0,25,1.0,0,18
3676,2,1,34.31504,1.0,25,1.0,0,18
3677,2,1,34.31504,1.0,25,1.0,0,18
3678,2,1,34.31504,1.0,25,1.0,0,18
3679,2,1,34.31504,1.0,25,1.0,0,18
3680,2,1,34.31504,1.0,25,1.0,0,18
3681,2,1,34.31504,1.0,25,1.0,0,18
3682,2,1,34.31504,1.0,25,1.0,0,18
3683,2,1,34.31504,1.0,25,1.0,0,18
3684,2,1,34.31504,1.0,25,1.0,0,18
3685,2,1,34.31504,1.0,25,1.0,0,18
3686,2,1,34.31504,1.0,25,1.0,0,18
3687,2,1,34.31504,1.0,25,1.0,0,18
3688,2,1,34.31504,1.0,25,1.0,1,18
3689,2,1,72.76577,1.0,25,1.0,0,18
3690,2,1,72.76577,1.0,25,1.0,1,18
3691,2,1,57.21128,1.0,25,1.0,0,18
3692,2,1,57.21128,1.0,25,1.0,0,18
3693,2,1,57.21128,1.0,25,1.0,0,18
3694,2,1,57.21128,1.0,25,1.0,0,18
3695,2,1,57.21128,1.0,25,1.0,0,18
3696,2,1,57.21128,1.0,25,1.0,0,18
3697,2,1,57.21128,1.0,25,1.0,0,18
3698,2,1,57.21128,1.0,25,1.0,0,18
3699,2,1,57.21128,1.0,25,1.0,0,18
3700,2,1,57.21128,1.0,25,1.0,0,18
3701,2,1,57.21128,1.0,25,1.0,0,18
3702,2,1,57.21128,1.0,25,1.0,0,18
3703,2,1,57.21128,1.0,25,1.0,0,18
3704,2,1,57.21128,1.0,25,1.0,0,18
3705,2,1,57.21128,1.0,25,1.0,0,18
3706,2,1,57.21128,1.0,25,1.0,0,18
3707,2,1,57.21128,1.0,25,1.0,1,18
3708,2,1,34.2736,1.0,25,1.0,0,18
3709,2,1,34.2736,1.0,25,1.0,0,18
3710,2,1,34.2736,1.0,25,1.0,0,18
3711,2,1,34.2736,1.0,25,1.0,0,18
3712,2,1,34.2736,1.0,25,1.0,0,18
3713,2,1,34.2736,1.0,25,1.0,0,18
3714,2,1,34.2736,1.0,25,1.0,0,18
3715,2,1,34.2736,1.0,25,1.0,1,18
3716,2,1,34.265087,1.0,25,1.0,0,18
3717,2,1,34.265087,1.0,25,1.0,0,18
3718,2,1,34.265087,1.0,25,1.0,0,18
3719,2,1,34.265087,1.0,25,1.0,0,18
3720,2,1,34.265087,1.0,25,1.0,0,18
3721,2,1,34.265087,1.0,25,1.0,0,18
3722,2,1,34.265087,1.0,25,1.0,0,18
3723,2,1,34.265087,1.0,25,1.0,0,18
3724,2,1,34.265087,1.0,25,1.0,0,18
3725,2,1,34.265087,1.0,25,1.0,0,18
3726,2,1,34.265087,1.0,25,1.0,0,18
3727,2,1,34.265087,1.0,25,1.0,0,18
3728,2,1,34.265087,1.0,25,1.0,0,18
3729,2,1,34.265087,1.0,25,1.0,0,18
3730,2,1,34.265087,1.0,25,1.0,0,18
3731,2,1,34.265087,1.0,25,1.0,0,18
3732,2,1,34.265087,1.0,25,1.0,0,18
3733,2,1,34.265087,1.0,25,1.0,0,18
3734,2,1,34.265087,1.0,25,1.0,0,18
3735,2,1,34.265087,1.0,25,1.0,0,18
3736,2,1,34.265087,1.0,25,1.0,0,18
3737,2,1,34.265087,1.0,25,1.0,0,18
3738,2,1,34.265087,1.0,25,1.0,0,18
3739,2,1,34.265087,1.0,25,1.0,0,18
3740,2,1,34.265087,1.0,25,1.0,0,18
3741,2,1,34.265087,1.0,25,1.0,0,18
3742,2,1,34.265087,1.0,25,1.0,0,18
3743,2,1,34.265087,1.0,25,1.0,0,18
3744,2,1,34.265087,1.0,25,1.0,1,18
3745,2,1,35.315353,1.0,25,1.0,0,18
3746,2,1,35.315353,1.0,25,1.0,0,18
3747,2,1,35.315353,1.0,25,1.0,0,18
3748,2,1,35.315353,1.0,25,1.0,0,18
3749,2,1,35.315353,1.0,25,1.0,0,18
3750,2,1,35.315353,1.0,25,1.0,0,18
3751,2,1,35.315353,1.0,25,1.0,0,18
3752,2,1,35.315353,1.0,25,1.0,1,18
3753,2,1,36.671116,1.0,25,1.0,0,18
3754,2,1,36.671116,1.0,25,1.0,0,18
3755,2,1,36.671116,1.0,25,1.0,0,18
3756,2,1,36.671116,1.0,25,1.0,0,18
3757,2,1,36.671116,1.0,25,1.0,0,18
3758,2,1,36.671116,1.0,25,1.0,0,18
3759,2,1,36.671116,1.0,25,1.0,0,18
3760,2,1,36.671116,1.0,25,1.0,0,18
3761,2,1,36.671116,1.0,25,1.0,0,18
3762,2,1,36.671116,1.0,25,1.0,0,18
3763,2,1,36.671116,1.0,25,1.0,0,18
3764,2,1,36.671116,1.0,25,1.0,0,18
3765,2,1,36.671116,1.0,25,1.0,0,18
3766,2,1,36.671116,1.0,25,1.0,0,18
3767,2,1,36.671116,1.0,25,1.0,0,18
3768,2,1,36.671116,1.0,25,1.0,0,18
3769,2,1,36.671116,1.0,25,1.0,0,18
3770,2,1,36.671116,1.0,25,1.0,0,18
3771,2,1,36.671116,1.0,25,1.0,0,18
3772,2,1,36.671116,1.0,25,1.0,0,18
3773,2,1,36.671116,1.0,25,1.0,0,18
3774,2,1,36.671116,1.0,25,1.0,0,18
3775,2,1,36.671116,1.0,25,1.0,0,18
3776,2,1,36.671116,1.0,25,1.0,1,18
3777,2,1,34.56483,1.0,25,1.0,0,18
3778,2,1,34.56483,1.0,25,1.0,0,18
3779,2,1,34.56483,1.0,25,1.0,0,18
3780,2,1,34.56483,1.0,25,1.0,0,18
3781,2,1,34.56483,1.0,25,1.0,0,18
3782,2,1,34.56483,1.0,25,1.0,0,18
3783,2,1,34.56483,1.0,25,1.0,0,18
3784,2,1,34.56483,1.0,25,1.0,0,18
3785,2,1,34.56483,1.0,25,1.0,0,18
3786,2,1,34.56483,1.0,25,1.0,0,18
3787,2,1,34.56483,1.0,25,1.0,0,18
3788,2,1,34.56483,1.0,25,1.0,0,18
3789,2,1,34.56483,1.0,25,1.0,0,18
3790,2,1,34.56483,1.0,25,1.0,0,18
3791,2,1,34.56483,1.0,25,1.0,0,18
3792,2,1,34.56483,1.0,25,1.0,0,18
3793,2,1,34.56483,1.0,25,1.0,0,18
3794,2,1,34.56483,1.0,25,1.0,0,18
3795,2,1,34.56483,1.0,25,1.0,0,18
3796,2,1,34.56483,1.0,25,1.0,0,18
3797,2,1,34.56483,1.0,25,1.0,0,18
3798,2,1,34.56483,1.0,25,1.0,0,18
3799,2,1,34.56483,1.0,25,1.0,0,18
3800,2,1,0.0,0.0,0,0.0,0,18
3801,2,1,33.268265,0.2,5,0.2,0,19
3802,2,1,31.681099,0.24,6,0.24,0,19
3803,2,1,31.474737,0.28,7,0.28,0,19
3804,2,1,31.309862,0.32,8,0.32,0,19
3805,2,1,31.083471,0.36,9,0.36,0,19
3806,2,1,30.811764,0.4,10,0.4,0,19
3807,2,1,30.465033,0.44,11,0.44,0,19
3808,2,1,29.827868,0.48,12,0.48,0,19
3809,2,1,29.259125,0.52,13,0.52,0,19
3810,2,1,28.545721,0.56,14,0.56,0,19
3811,2,1,27.634237,0.6,15,0.6,0,19
3812,2,1,26.377567,0.64,16,0.64,0,19
3813,2,1,24.65276,0.68,17,0.68,0,19
3814,2,1,22.182821,0.72,18,0.72,0,19
3815,2,1,18.472149,0.76,19,0.76,0,19
3816,2,1,12.528138,0.8,20,0.8,0,19
3817,2,1,2.1189842,0.84,21,0.84,0,19
3818,2,1,-18.701517,0.88,22,0.88,0,19
3819,2,1,-70.779625,0.92,23,0.92,1,19
3820,2,1,-279.43213,0.96,24,0.96,0,19
3821,2,1,33.20299,1.0,25,1.0,0,19
3822,2,1,33.20298,1.0,25,1.0,0,19
3823,2,1,33.20298,1.0,25,1.0,0,19
3824,2,1,33.20298,1.0,25,1.0,0,19
3825,2,1,33.20298,1.0,25,1.0,0,19
3826,2,1,33.20298,1.0,25,1.0,0,19
3827,2,1,33.20298,1.0,25,1.0,0,19
3828,2,1,33.20298,1.0,25,1.0,0,19
3829,2,1,33.20298,1.0,25,1.0,0,19
3830,2,1,33.20298,1.0,25,1.0,0,19
3831,2,1,33.20298,1.0,25,1.0,0,19
3832,2,1,33.20298,1.0,25,1.0,0,19
3833,2,1,33.20298,1.0,25,1.0,0,19
3834,2,1,33.20298,1.0,25,1.0,0,19
3835,2,1,33.20298,1.0,25,1.0,0,19
3836,2,1,33.20298,1.0,25,1.0,0,19
3837,2,1,33.20298,1.0,25,1.0,0,19
3838,2,1,33.20298,1.0,25,1.0,0,19
3839,2,1,33.20298,1.0,25,1.0,0,19
3840,2,1,33.20298,1.0,25,1.0,1,19
3841,2,1,34.962727,1.0,25,1.0,0,19
3842,2,1,34.962727,1.0,25,1.0,0,19
3843,2,1,34.962727,1.0,25,1.0,0,19
3844,2,1,34.962727,1.0,25,1.0,0,19
3845,2,1,34.962727,1.0,25,1.0,0,19
3846,2,1,34.962727,1.0,25,1.0,0,19
3847,2,1,34.962727,1.0,25,1.0,0,19
3848,2,1,34.962727,1.0,25,1.0,0,19
3849,2,1,34.962727,1.0,25,1.0,0,19
3850,2,1,34.962727,1.0,25,1.0,0,19
3851,2,1,34.962727,1.0,25,1.0,0,19
3852,2,1,34.962727,1.0,25,1.0,0,19
3853,2,1,34.962727,1.0,25,1.0,0,19
3854,2,1,34.962727,1.0,25,1.0,0,19
3855,2,1,34.962727,1.0,25,1.0,0,19
3856,2,1,34.962727,1.0,25,1.0,0,19
3857,2,1,34.962727,1.0,25,1.0,0,19
3858,2,1,34.962727,1.0,25,1.0,0,19
3859,2,1,34.962727,1.0,25,1.0,1,19
3860,2,1,34.298252,1.0,25,1.0,0,19
3861,2,1,34.298252,1.0,25,1.0,0,19
3862,2,1,34.298252,1.0,25,1.0,0,19
3863,2,1,34.298252,1.0,25,1.0,0,19
3864,2,1,34.298252,1.0,25,1.0,0,19
3865,2,1,34.298252,1.0,25,1.0,0,19
3866,2,1,34.298252,1.0,25,1.0,0,19
3867,2,1,34.298252,1.0,25,1.0,0,19
3868,2,1,34.298252,1.0,25,1.0,0,19
3869,2,1,34.298252,1.0,25,1.0,0,19
3870,2,1,34.298252,1.0,25,1.0,0,19
3871,2,1,34.298252,1.0,25,1.0,0,19
3872,2,1,34.298252,1.0,25,1.0,0,19
3873,2,1,34.298252,1.0,25,1.0,0,19
3874,2,1,34.298252,1.0,25,1.0,0,19
3875,2,1,34.298252,1.0,25,1.0,0,19
3876,2,1,34.298252,1.0,25,1.0,0,19
3877,2,1,34.298252,1.0,25,1.0,0,19
3878,2,1,34.298252,1.0,25,1.0,0,19
3879,2,1,34.298252,1.0,25,1.0,0,19
3880,2,1,34.298252,1.0,25,1.0,0,19
3881,2,1,34.298252,1.0,25,1.0,0,19
3882,2,1,34.298252,1.0,25,1.0,1,19
3883,2,1,72.89207,1.0,25,1.0,0,19
3884,2,1,72.89207,1.0,25,1.0,0,19
3885,2,1,72.89207,1.0,25,1.0,0,19
3886,2,1,72.89207,1.0,25,1.0,0,19
3887,2,1,72.89207,1.0,25,1.0,0,19
3888,2,1,72.89207,1.0,25,1.0,0,19
3889,2,1,72.89207,1.0,25,1.0,0,19
3890,2,1,72.89207,1.0,25,1.0,0,19
3891,2,1,72.89207,1.0,25,1.0,0,19
3892,2,1,72.89207,1.0,25,1.0,0,19
3893,2,1,72.89207,1.0,25,1.0,0,19
3894,2,1,72.89207,1.0,25,1.0,0,19
3895,2,1,72.89207,1.0,25,1.0,0,19
3896,2,1,72.89207,1.0,25,1.0,0,19
3897,2,1,72.89207,1.0,25,1.0,0,19
3898,2,1,72.89207,1.0,25,1.0,1,19
3899,2,1,72.07035,1.0,25,1.0,0,19
3900,2,1,72.07035,1.0,25,1.0,0,19
3901,2,1,72.07035,1.0,25,1.0,0,19
3902,2,1,72.07035,1.0,25,1.0,0,19
3903,2,1,72.07035,1.0,25,1.0,0,19
3904,2,1,72.07035,1.0,25,1.0,0,19
3905,2,1,72.07035,1.0,25,1.0,0,19
3906,2,1,72.07035,1.0,25,1.0,0,19
3907,2,1,72.07035,1.0,25,1.0,0,19
3908,2,1,72.07035,1.0,25,1.0,0,19
3909,2,1,72.07035,1.0,25,1.0,0,19
3910,2,1,72.07035,1.0,25,1.0,0,19
3911,2,1,72.07035,1.0,25,1.0,0,19
3912,2,1,72.07035,1.0,25,1.0,1,19
3913,2,1,70.83722,1.0,25,1.0,0,19
3914,2,1,70.83722,1.0,25,1.0,0,19
3915,2,1,70.83722,1.0,25,1.0,0,19
3916,2,1,70.83722,1.0,25,1.0,1,19
3917,2,1,66.8879,1.0,25,1.0,1,19
3918,2,1,34.857174,1.0,25,1.0,0,19
3919,2,1,34.857174,1.0,25,1.0,0,19
3920,2,1,34.857174,1.0,25,1.0,0,19
3921,2,1,34.857174,1.0,25,1.0,0,19
3922,2,1,34.857174,1.0,25,1.0,1,19
3923,2,1,34.848675,1.0,25,1.0,0,19
3924,2,1,34.848675,1.0,25,1.0,0,19
3925,2,1,34.848675,1.0,25,1.0,0,19
3926,2,1,34.848675,1.0,25,1.0,0,19
3927,2,1,34.848675,1.0,25,1.0,0,19
3928,2,1,34.848675,1.0,25,1.0,0,19
3929,2,1,34.848675,1.0,25,1.0,0,19
3930,2,1,34.848675,1.0,25,1.0,0,19
3931,2,1,34.848675,1.0,25,1.0,0,19
3932,2,1,34.848675,1.0,25,1.0,0,19
3933,2,1,34.848675,1.0,25,1.0,0,19
3934,2,1,34.848675,1.0,25,1.0,0,19
3935,2,1,34.848675,1.0,25,1.0,0,19
3936,2,1,34.848675,1.0,25,1.0,0,19
3937,2,1,34.848675,1.0,25,1.0,0,19
3938,2,1,34.848675,1.0,25,1.0,0,19
3939,2,1,34.848675,1.0,25,1.0,1,19
3940,2,1,35.42546,1.0,25,1.0,0,19
3941,2,1,35.42546,1.0,25,1.0,0,19
3942,2,1,35.42546,1.0,25,1.0,0,19
3943,2,1,35.42546,1.0,25,1.0,0,19
3944,2,1,35.42546,1.0,25,1.0,0,19
3945,2,1,35.42546,1.0,25,1.0,0,19
3946,2,1,35.42546,1.0,25,1.0,0,19
3947,2,1,35.42546,1.0,25,1.0,0,19
3948,2,1,35.42546,1.0,25,1.0,0,19
3949,2,1,35.42546,1.0,25,1.0,0,19
3950,2,1,35.42546,1.0,25,1.0,0,19
3951,2,1,35.42546,1.0,25,1.0,0,19
3952,2,1,35.42546,1.0,25,1.0,0,19
3953,2,1,35.42546,1.0,25,1.0,0,19
3954,2,1,35.42546,1.0,25,1.0,0,19
3955,0,-1,0.0,1.0,25,1.0,0,19
3956,2,1,35.42546,1.0,25,1.0,0,19
3957,2,1,35.42546,1.0,25,1.0,0,19
3958,2,1,35.42546,1.0,25,1.0,0,19
3959,2,1,35.42546,1.0,25,1.0,0,19
3960,2,1,35.42546,1.0,25,1.0,0,19
3961,2,1,35.42546,1.0,25,1.0,0,19
3962,2,1,35.42546,1.0,25,1.0,0,19
3963,2,1,35.42546,1.0,25,1.0,0,19
3964,2,1,35.42546,1.0,25,1.0,0,19
3965,2,1,35.42546,1.0,25,1.0,0,19
3966,2,1,35.42546,1.0,25,1.0,0,19
3967,2,1,35.42546,1.0,25,1.0,0,19
3968,2,1,35.42546,1.0,25,1.0,0,19
3969,2,1,35.42546,1.0,25,1.0,1,19
3970,2,1,34.811226,1.0,25,1.0,0,19
3971,2,1,34.811226,1.0,25,1.0,0,19
3972,2,1,34.811226,1.0,25,1.0,0,19
3973,2,1,34.811226,1.0,25,1.0,0,19
3974,2,1,34.811226,1.0,25,1.0,0,19
3975,2,1,34.811226,1.0,25,1.0,0,19
3976,2,1,34.811226,1.0,25,1.0,0,19
3977,2,1,34.811226,1.0,25,1.0,0,19
3978,2,1,34.811226,1.0,25,1.0,0,19
3979,2,1,34.811226,1.0,25,1.0,0,19
3980,2,1,34.811226,1.0,25,1.0,0,19
3981,2,1,34.811226,1.0,25,1.0,0,19
3982,2,1,34.811226,1.0,25,1.0,0,19
3983,2,1,34.811226,1.0,25,1.0,0,19
3984,2,1,34.811226,1.0,25,1.0,0,19
3985,2,1,34.811226,1.0,25,1.0,0,19
3986,2,1,34.811226,1.0,25,1.0,0,19
3987,2,1,34.811226,1.0,25,1.0,0,19
3988,2,1,34.811226,1.0,25,1.0,0,19
3989,2,1,34.811226,1.0,25,1.0,0,19
3990,2,1,34.811226,1.0,25,1.0,0,19
3991,2,1,34.811226,1.0,25,1.0,0,19
3992,2,1,34.811226,1.0,25,1.0,0,19
3993,2,1,34.811226,1.0,25,1.0,1,19
3994,2,1,72.91511,1.0,25,1.0,0,19
3995,2,1,72.91511,1.0,25,1.0,0,19
3996,2,1,72.91511,1.0,25,1.0,0,19
3997,2,1,72.91511,1.0,25,1.0,0,19
3998,2,1,72.91511,1.0,25,1.0,0,19
3999,2,1,72.91511,1.0,25,1.0,0,19
4000,2,1,0.0,0.0,0,0.0,0,19
4001,2,1,33.166183,0.2,5,0.2,0,20
4002,2,1,31.647371,0.24,6,0.24,1,20
4003,2,1,31.26203,0.28,7,0.28,0,20
4004,2,1,30.876795,0.32,8,0.32,0,20
4005,2,1,30.660946,0.36,9,0.36,0,20
4006,2,1,30.383669,0.4,10,0.4,0,20
4007,2,1,30.04013,0.44,11,0.44,0,20
4008,2,1,29.604595,0.48,12,0.48,0,20
4009,2,1,29.051659,0.52,13,0.52,0,20
4010,2,1,28.339909,0.56,14,0.56,0,20
4011,2,1,27.407484,0.6,15,0.6,0,20
4012,2,1,26.1577,0.64,16,0.64,0,20
4013,2,1,24.433,0.68,17,0.68,0,20
4014,2,1,21.963053,0.72,18,0.72,1,20
4015,2,1,19.891573,0.76,19,0.76,0,20
4016,2,1,13.954719,0.8,20,0.8,0,20
4017,2,1,3.550506,0.84,21,0.84,0,20
4018,2,1,-17.277826,0.88,22,0.88,0,20
4019,2,1,-69.35482,0.92,23,0.92,0,20
4020,2,1,-277.68198,0.96,24,0.96,0,20
4021,2,1,34.950867,1.0,25,1.0,0,20
4022,2,1,34.950867,1.0,25,1.0,0,20
4023,2,1,34.950867,1.0,25,1.0,0,20
4024,2,1,34.950867,1.0,25,1.0,0,20
4025,2,1,34.950867,1.0,25,1.0,0,20
4026,2,1,34.950867,1.0,25,1.0,1,20
4027,2,1,36.783382,1.0,25,1.0,0,20
4028,2,1,36.783382,1.0,25,1.0,0,20
4029,2,1,36.783382,1.0,25,1.0,0,20
4030,2,1,36.783382,1.0,25,1.0,0,20
4031,2,1,36.783382,1.0,25,1.0,0,20
4032,2,1,36.783382,1.0,25,1.0,0,20
4033,2,1,36.783382,1.0,25,1.0,0,20
4034,2,1,36.783382,1.0,25,1.0,0,20
4035,2,1,36.783382,1.0,25,1.0,0,20
4036,2,1,36.783382,1.0,25,1.0,0,20
4037,2,1,36.783382,1.0,25,1.0,0,20
4038,2,1,36.783382,1.0,25,1.0,0,20
4039,2,1,36.783382,1.0,25,1.0,0,20
4040,2,1,36.783382,1.0,25,1.0,0,20
4041,2,1,36.783382,1.0,25,1.0,0,20
4042,2,1,36.783382,1.0,25,1.0,0,20
4043,2,1,36.783382,1.0,25,1.0,0,20
4044,2,1,36.783382,1.0,25,1.0,0,20
4045,2,1,36.783382,1.0,25,1.0,0,20
4046,2,1,36.783382,1.0,25,1.0,0,20
4047,2,1,36.783382,1.0,25,1.0,0,20
4048,2,1,36.783382,1.0,25,1.0,0,20
4049,2,1,36.783382,1.0,25,1.0,0,20
4050,2,1,36.783382,1.0,25,1.0,0,20
4051,2,1,36.783382,1.0,25,1.0,0,20
4052,2,1,36.783382,1.0,25,1.0,0,20
4053,2,1,36.783382,1.0,25,1.0,0,20
4054,2,1,36.783382,1.0,25,1.0,1,20
4055,2,1,72.99231,1.0,25,1.0,0,20
4056,2,1,72.99231,1.0,25,1.0,0,20
4057,2,1,72.99231,1.0,25,1.0,0,20
4058,2,1,72.99231,1.0,25,1.0,0,20
4059,2,1,72.99231,1.0,25,1.0,0,20
4060,2,1,72.99231,1.0,25,1.0,0,20
4061,2,1,72.99231,1.0,25,1.0,0,20
4062,2,1,72.99231,1.0,25,1.0,0,20
4063,2,1,72.99231,1.0,25,1.0,0,20
4064,2,1,72.99231,1.0,25,1.0,0,20
4065,2,1,72.99231,1.0,25,1.0,0,20
4066,2,1,72.99231,1.0,25,1.0,0,20
4067,2,1,72.99231,1.0,25,1.0,1,20
4068,2,1,69.76878,1.0,25,1.0,0,20
4069,2,1,69.76878,1.0,25,1.0,0,20
4070,2,1,69.76878,1.0,25,1.0,0,20
4071,2,1,69.76878,1.0,25,1.0,0,20
4072,2,1,69.76878,1.0,25,1.0,0,20
4073,2,1,69.76878,1.0,25,1.0,0,20
4074,2,1,69.76878,1.0,25,1.0,0,20
4075,2,1,69.76878,1.0,25,1.0,0,20
4076,2,1,69.76878,1.0,25,1.0,1,20
4077,2,1,62.022293,1.0,25,1.0,0,20
4078,2,1,62.022293,1.0,25,1.0,0,20
4079,2,1,62.022293,1.0,25,1.0,0,20
4080,2,1,62.022293,1.0,25,1.0,0,20
4081,2,1,62.022293,1.0,25,1.0,0,20
4082,2,1,62.022293,1.0,25,1.0,0,20
4083,2,1,62.022293,1.0,25,1.0,0,20
4084,2,1,62.022293,1.0,25,1.0,0,20
4085,2,1,62.022293,1.0,25,1.0,0,20
4086,2,1,62.022293,1.0,25,1.0,0,20
4087,2,1,62.022293,1.0,25,1.0,0,20
4088,2,1,62.022293,1.0,25,1.0,0,20
4089,2,1,62.022293,1.0,25,1.0,0,20
4090,2,1,62.022293,1.0,25,1.0,0,20
4091,2,1,62.022293,1.0,25,1.0,0,20
4092,2,1,62.022293,1.0,25,1.0,0,20
4093,2,1,62.022293,1.0,25,1.0,0,20
4094,2,1,62.022293,1.0,25,1.0,0,20
4095,2,1,62.022293,1.0,25,1.0,0,20
4096,2,1,62.022293,1.0,25,1.0,0,20
4097,2,1,62.022293,1.0,25,1.0,1,20
4098,2,1,34.780037,1.0,25,1.0,0,20
4099,2,1,34.780037,1.0,25,1.0,1,20
4100,2,1,34.92658,1.0,25,1.0,0,20
4101,2,1,34.92658,1.0,25,1.0,0,20
4102,2,1,34.92658,1.0,25,1.0,0,20
4103,2,1,34.92658,1.0,25,1.0,0,20
4104,2,1,34.92658,1.0,25,1.0,0,20
4105,2,1,34.92658,1.0,25,1.0,0,20
4106,2,1,34.92658,1.0,25,1.0,1,20
4107,2,1,34.905407,1.0,25,1.0,0,20
4108,2,1,34.905407,1.0,25,1.0,0,20
4109,2,1,34.905407,1.0,25,1.0,0,20
4110,2,1,34.905407,1.0,25,1.0,0,20
4111,2,1,34.905407,1.0,25,1.0,0,20
4112,2,1,34.905407,1.0,25,1.0,0,20
4113,2,1,34.905407,1.0,25,1.0,0,20
4114,2,1,34.905407,1.0,25,1.0,0,20
4115,2,1,34.905407,1.0,25,1.0,0,20
4116,2,1,34.905407,1.0,25,1.0,0,20
4117,2,1,34.905407,1.0,25,1.0,0,20
4118,2,1,34.905407,1.0,25,1.0,0,20
4119,2,1,34.905407,1.0,25,1.0,0,20
4120,2,1,34.905407,1.0,25,1.0,0,20
4121,2,1,34.905407,1.0,25,1.0,0,20
4122,1,0,0.0,1.0,25,1.0,0,20
4123,2,1,34.905407,1.0,25,1.0,1,20
4124,2,1,34.74634,1.0,25,1.0,0,20
4125,2,1,34.74634,1.0,25,1.0,0,20
4126,2,1,34.74634,1.0,25,1.0,0,20
4127,2,1,34.74634,1.0,25,1.0,0,20
4128,2,1,34.74634,1.0,25,1.0,0,20
4129,2,1,34.74634,1.0,25,1.0,0,20
4130,2,1,34.74634,1.0,25,1.0,0,20
4131,2,1,34.74634,1.0,25,1.0,0,20
4132,2,1,34.74634,1.0,25,1.0,1,20
4133,2,1,36.78414,1.0,25,1.0,0,20
4134,2,1,36.78414,1.0,25,1.0,0,20
4135,2,1,36.78414,1.0,25,1.0,0,20
4136,2,1,36.78414,1.0,25,1.0,0,20
4137,2,1,36.78414,1.0,25,1.0,0,20
4138,2,1,36.78414,1.0,25,1.0,0,20
4139,2,1,36.78414,1.0,25,1.0,0,20
4140,2,1,36.78414,1.0,25,1.0,1,20
4141,2,1,72.99858,1.0,25,1.0,0,20
4142,2,1,72.99858,1.0,25,1.0,0,20
4143,2,1,72.99858,1.0,25,1.0,0,20
4144,2,1,72.99858,1.0,25,1.0,0,20
4145,2,1,72.99858,1.0,25,1.0,0,20
4146,2,1,72.99858,1.0,25,1.0,0,20
4147,2,1,72.99858,1.0,25,1.0,0,20
4148,2,1,72.99858,1.0,25,1.0,0,20
4149,2,1,72.99858,1.0,25,1.0,0,20
4150,2,1,72.99858,1.0,25,1.0,0,20
4151,2,1,72.99858,1.0,25,1.0,0,20
4152,2,1,72.99858,1.0,25,1.0,0,20
4153,2,1,72.99858,1.0,25,1.0,0,20
4154,2,1,72.99858,1.0,25,1.0,0,20
4155,2,1,72.99858,1.0,25,1.0,0,20
4156,2,1,72.99858,1.0,25,1.0,0,20
4157,2,1,72.99858,1.0,25,1.0,0,20
4158,2,1,72.99858,1.0,25,1.0,0,20
4159,2,1,72.99858,1.0,25,1.0,0,20
4160,2,1,72.99858,1.0,25,1.0,0,20
4161,2,1,72.99858,1.0,25,1.0,0,20
4162,2,1,72.99858,1.0,25,1.0,0,20
4163,2,1,72.99858,1.0,25,1.0,0,20
4164,2,1,72.99858,1.0,25,1.0,0,20
4165,2,1,72.99858,1.0,25,1.0,0,20
4166,2,1,72.99858,1.0,25,1.0,0,20
4167,2,1,72.99858,1.0,25,1.0,0,20
4168,2,1,72.99858,1.0,25,1.0,0,20
4169,2,1,72.99858,1.0,25,1.0,1,20
4170,2,1,70.216125,1.0,25,1.0,0,20
4171,2,1,70.216125,1.0,25,1.0,0,20
4172,2,1,70.216125,1.0,25,1.0,0,20
4173,2,1,70.216125,1.0,25,1.0,0,20
4174,2,1,70.216125,1.0,25,1.0,0,20
4175,2,1,70.216125,1.0,25,1.0,0,20
4176,2,1,70.216125,1.0,25,1.0,0,20
4177,2,1,70.216125,1.0,25,1.0,0,20
4178,2,1,70.216125,1.0,25,1.0,0,20
4179,2,1,70.216125,1.0,25,1.0,0,20
4180,2,1,70.216125,1.0,25,1.0,0,20
4181,2,1,70.216125,1.0,25,1.0,0,20
4182,2,1,70.216125,1.0,25,1.0,0,20
4183,2,1,70.216125,1.0,25,1.0,0,20
4184,2,1,70.216125,1.0,25,1.0,0,20
4185,2,1,70.216125,1.0,25,1.0,0,20
4186,2,1,70.216125,1.0,25,1.0,0,20
4187,2,1,70.216125,1.0,25,1.0,0,20
4188,2,1,70.216125,1.0,25,1.0,1,20
4189,2,1,61.77549,1.0,25,1.0,0,20
4190,2,1,61.77549,1.0,25,1.0,0,20
4191,2,1,61.77549,1.0,25,1.0,0,20
4192,2,1,61.77549,1.0,25,1.0,0,20
4193,2,1,61.77549,1.0,25,1.0,0,20
4194,2,1,61.77549,1.0,25,1.0,0,20
4195,2,1,61.77549,1.0,25,1.0,0,20
4196,2,1,61.77549,1.0,25,1.0,0,20
4197,2,1,61.77549,1.0,25,1.0,0,20
4198,2,1,61.77549,1.0,25,1.0,0,20
4199,2,1,61.77549,1.0,25,1.0,0,20
4200,2,1,0.0,0.0,0,0.0,0,20
4201,2,1,32.93794,0.2,5,0.2,0,21
4202,2,1,32.868965,0.24,6,0.24,0,21
4203,2,1,32.748974,0.28,7,0.28,0,21
4204,2,1,32.5832,0.32,8,0.32,1,21
4205,2,1,34.0604,0.36,9,0.36,0,21
4206,2,1,33.784668,0.4,10,0.4,0,21
4207,2,1,33.439,0.44,11,0.44,0,21
4208,2,1,33.004402,0.48,12,0.48,0,21
4209,2,1,32.452534,0.52,13,0.52,0,21
4210,2,1,31.740995,0.56,14,0.56,0,21
4211,2,1,30.808237,0.6,15,0.6,0,21
4212,2,1,29.55843,0.64,16,0.64,0,21
4213,2,1,27.833435,0.68,17,0.68,0,21
4214,2,1,23.118933,0.72,18,0.72,0,21
4215,2,1,19.269527,0.76,19,0.76,0,21
4216,2,1,13.325307,0.8,20,0.8,0,21
4217,2,1,2.9162157,0.84,21,0.84,1,21
4218,2,1,-17.95162,0.88,22,0.88,0,21
4219,2,1,-70.02862,0.92,23,0.92,0,21
4220,2,1,-278.36472,0.96,24,0.96,0,21
4221,2,1,34.279804,1.0,25,1.0,0,21
4222,2,1,34.279774,1.0,25,1.0,0,21
4223,2,1,34.279774,1.0,25,1.0,0,21
4224,2,1,34.279774,1.0,25,1.0,0,21
4225,2,1,34.279774,1.0,25,1.0,0,21
4226,2,1,34.279774,1.0,25,1.0,0,21
4227,2,1,34.279774,1.0,25,1.0,0,21
4228,2,1,34.279774,1.0,25,1.0,0,21
4229,2,1,34.279774,1.0,25,1.0,0,21
4230,2,1,34.279774,1.0,25,1.0,0,21
4231,2,1,34.279774,1.0,25,1.0,0,21
4232,2,1,34.279774,1.0,25,1.0,0,21
4233,2,1,34.279774,1.0,25,1.0,0,21
4234,2,1,34.279774,1.0,25,1.0,0,21
4235,2,1,34.279774,1.0,25,1.0,0,21
4236,2,1,34.279774,1.0,25,1.0,0,21
4237,2,1,34.279774,1.0,25,1.0,0,21
4238,2,1,34.279774,1.0,25,1.0,0,21
4239,2,1,34.279774,1.0,25,1.0,0,21
4240,2,1,34.279774,1.0,25,1.0,0,21
4241,2,1,34.279774,1.0,25,1.0,0,21
4242,2,1,34.279774,1.0,25,1.0,0,21
4243,2,1,34.279774,1.0,25,1.0,0,21
4244,2,1,34.279774,1.0,25,1.0,0,21
4245,2,1,34.279774,1.0,25,1.0,0,21
4246,2,1,34.279774,1.0,25,1.0,1,21
4247,2,1,34.332867,1.0,25,1.0,0,21
4248,2,1,34.332867,1.0,25,1.0,0,21
4249,2,1,34.332867,1.0,25,1.0,0,21
4250,2,1,34.332867,1.0,25,1.0,0,21
4251,2,1,34.332867,1.0,25,1.0,0,21
4252,2,1,34.332867,1.0,25,1.0,0,21
4253,2,1,34.332867,1.0,25,1.0,0,21
4254,2,1,34.332867,1.0,25,1.0,0,21
4255,2,1,34.332867,1.0,25,1.0,0,21
4256,2,1,34.332867,1.0,25,1.0,0,21
4257,2,1,34.332867,1.0,25,1.0,0,21
4258,2,1,34.332867,1.0,25,1.0,0,21
4259,2,1,34.332867,1.0,25,1.0,0,21
4260,2,1,34.332867,1.0,25,1.0,0,21
4261,2,1,34.332867,1.0,25,1.0,0,21
4262,2,1,34.332867,1.0,25,1.0,0,21
4263,2,1,34.332867,1.0,25,1.0,1,21
4264,2,1,72.95187,1.0,25,1.0,0,21
4265,2,1,72.95187,1.0,25,1.0,0,21
4266,2,1,72.95187,1.0,25,1.0,0,21
4267,2,1,72.95187,1.0,25,1.0,0,21
4268,2,1,72.95187,1.0,25,1.0,0,21
4269,2,1,72.95187,1.0,25,1.0,0,21
4270,2,1,72.95187,1.0,25,1.0,0,21
4271,2,1,72.95187,1.0,25,1.0,0,21
4272,2,1,72.95187,1.0,25,1.0,0,21
4273,2,1,72.95187,1.0,25,1.0,0,21
4274,2,1,72.95187,1.0,25,1.0,0,21
4275,2,1,72.95187,1.0,25,1.0,0,21
4276,2,1,72.95187,1.0,25,1.0,0,21
4277,2,1,72.95187,1.0,25,1.0,0,21
4278,2,1,72.95187,1.0,25,1.0,0,21
4279,2,1,72.95187,1.0,25,1.0,0,21
4280,2,1,72.95187,1.0,25,1.0,0,21
4281,2,1,72.95187,1.0,25,1.0,0,21
4282,2,1,72.95187,1.0,25,1.0,0,21
4283,2,1,72.95187,1.0,25,1.0,0,21
4284,2,1,72.95187,1.0,25,1.0,0,21
4285,2,1,72.95187,1.0,25,1.0,0,21
4286,2,1,72.95187,1.0,25,1.0,0,21
4287,2,1,72.95187,1.0,25,1.0,0,21
4288,2,1,72.95187,1.0,25,1.0,0,21
4289,2,1,72.95187,1.0,25,1.0,1,21
4290,2,1,69.97593,1.0,25,1.0,0,21
4291,2,1,69.97593,1.0,25,1.0,0,21
4292,2,1,69.97593,1.0,25,1.0,0,21
4293,2,1,69.97593,1.0,25,1.0,0,21
4294,2,1,69.97593,1.0,25,1.0,0,21
4295,2,1,69.97593,1.0,25,1.0,0,21
4296,2,1,69.97593,1.0,25,1.0,0,21
4297,2,1,69.97593,1.0,25,1.0,0,21
4298,2,1,69.97593,1.0,25,1.0,0,21
4299,2,1,69.97593,1.0,25,1.0,0,21
4300,2,1,69.97593,1.0,25,1.0,0,21
4301,2,1,69.97593,1.0,25,1.0,1,21
4302,2,1,61.855263,1.0,25,1.0,0,21
4303,2,1,61.855263,1.0,25,1.0,0,21
4304,2,1,61.855263,1.0,25,1.0,0,21
4305,2,1,61.855263,1.0,25,1.0,0,21
4306,2,1,61.855263,1.0,25,1.0,0,21
4307,2,1,61.855263,1.0,25,1.0,0,21
4308,2,1,61.855263,1.0,25,1.0,0,21
4309,2,1,61.855263,1.0,25,1.0,0,21
4310,2,1,61.855263,1.0,25,1.0,0,21
4311,2,1,61.855263,1.0,25,1.0,0,21
4312,2,1,61.855263,1.0,25,1.0,0,21
4313,2,1,61.855263,1.0,25,1.0,0,21
4314,2,1,61.855263,1.0,25,1.0,0,21
4315,2,1,61.855263,1.0,25,1.0,0,21
4316,2,1,61.855263,1.0,25,1.0,0,21
4317,2,1,61.855263,1.0,25,1.0,0,21
4318,2,1,61.855263,1.0,25,1.0,0,21
4319,2,1,61.855263,1.0,25,1.0,0,21
4320,2,1,61.855263,1.0,25,1.0,0,21
4321,2,1,61.855263,1.0,25,1.0,0,21
4322,2,1,61.855263,1.0,25,1.0,0,21
4323,2,1,61.855263,1.0,25,1.0,0,21
4324,2,1,61.855263,1.0,25,1.0,0,21
4325,2,1,61.855263,1.0,25,1.0,0,21
4326,2,1,61.855263,1.0,25,1.0,1,21
4327,2,1,34.258827,1.0,25,1.0,0,21
4328,2,1,34.258827,1.0,25,1.0,0,21
4329,0,-1,-34.258827,0.96,24,0.96,1,21
4330,2,1,34.38306,1.0,25,1.0,0,21
4331,2,1,34.383095,1.0,25,1.0,0,21
4332,2,1,34.383095,1.0,25,1.0,0,21
4333,2,1,34.383095,1.0,25,1.0,0,21
4334,2,1,34.383095,1.0,25,1.0,0,21
4335,2,1,34.383095,1.0,25,1.0,0,21
4336,2,1,34.383095,1.0,25,1.0,0,21
4337,2,1,34.383095,1.0,25,1.0,0,21
4338,2,1,34.383095,1.0,25,1.0,0,21
4339,2,1,34.383095,1.0,25,1.0,0,21
4340,2,1,34.383095,1.0,25,1.0,0,21
4341,2,1,34.383095,1.0,25,1.0,0,21
4342,2,1,34.383095,1.0,25,1.0,0,21
4343,2,1,34.383095,1.0,25,1.0,0,21
4344,2,1,34.383095,1.0,25,1.0,0,21
4345,2,1,34.383095,1.0,25,1.0,0,21
4346,2,1,34.383095,1.0,25,1.0,0,21
4347,2,1,34.383095,1.0,25,1.0,0,21
4348,2,1,34.383095,1.0,25,1.0,0,21
4349,2,1,34.383095,1.0,25,1.0,0,21
4350,2,1,34.383095,1.0,25,1.0,0,21
4351,2,1,34.383095,1.0,25,1.0,0,21
4352,2,1,34.383095,1.0,25,1.0,0,21
4353,2,1,34.383095,1.0,25,1.0,0,21
4354,2,1,34.383095,1.0,25,1.0,0,21
4355,2,1,34.383095,1.0,25,1.0,0,21
4356,2,1,34.383095,1.0,25,1.0,0,21
4357,2,1,34.383095,1.0,25,1.0,0,21
4358,2,1,34.383095,1.0,25,1.0,0,21
4359,2,1,34.383095,1.0,25,1.0,1,21
4360,2,1,34.30575,1.0,25,1.0,0,21
4361,2,1,34.30575,1.0,25,1.0,0,21
4362,2,1,34.30575,1.0,25,1.0,0,21
4363,2,1,34.30575,1.0,25,1.0,0,21
4364,2,1,34.30575,1.0,25,1.0,0,21
4365,2,1,34.30575,1.0,25,1.0,0,21
4366,2,1,34.30575,1.0,25,1.0,0,21
4367,2,1,34.30575,1.0,25,1.0,0,21
4368,2,1,34.30575,1.0,25,1.0,0,21
4369,2,1,34.30575,1.0,25,1.0,0,21
4370,2,1,34.30575,1.0,25,1.0,0,21
4371,2,1,34.30575,1.0,25,1.0,0,21
4372,2,1,34.30575,1.0,25,1.0,0,21
4373,2,1,34.30575,1.0,25,1.0,0,21
4374,2,1,34.30575,1.0,25,1.0,0,21
4375,2,1,34.30575,1.0,25,1.0,0,21
4376,2,1,34.30575,1.0,25,1.0,0,21
4377,2,1,34.30575,1.0,25,1.0,0,21
4378,2,1,34.30575,1.0,25,1.0,0,21
4379,2,1,34.30575,1.0,25,1.0,0,21
4380,2,1,34.30575,1.0,25,1.0,0,21
4381,2,1,34.30575,1.0,25,1.0,0,21
4382,2,1,34.30575,1.0,25,1.0,1,21
4383,2,1,34.27466,1.0,25,1.0,0,21
4384,2,1,34.27466,1.0,25,1.0,0,21
4385,2,1,34.27466,1.0,25,1.0,0,21
4386,2,1,34.27466,1.0,25,1.0,0,21
4387,2,1,34.27466,1.0,25,1.0,0,21
4388,2,1,34.27466,1.0,25,1.0,1,21
4389,2,1,34.326736,1.0,25,1.0,0,21
4390,2,1,34.326736,1.0,25,1.0,0,21
4391,2,1,34.326736,1.0,25,1.0,0,21
4392,2,1,34.326736,1.0,25,1.0,0,21
4393,2,1,34.326736,1.0,25,1.0,0,21
4394,2,1,34.326736,1.0,25,1.0,0,21
4395,2,1,34.326736,1.0,25,1.0,0,21
4396,2,1,34.326736,1.0,25,1.0,0,21
4397,2,1,34.326736,1.0,25,1.0,0,21
4398,2,1,34.326736,1.0,25,1.0,0,21
4399,2,1,34.326736,1.0,25,1.0,0,21
4400,2,1,0.0,0.0,0,0.0,0,21
4401,2,1,33.166183,0.2,5,0.2,0,22
4402,2,1,33.036713,0.24,6,0.24,0,22
4403,2,1,32.918808,0.28,7,0.28,0,22
4404,2,1,32.73232,0.32,8,0.32,0,22
4405,2,1,32.51606,0.36,9,0.36,0,22
4406,2,1,32.24149,0.4,10,0.4,0,22
4407,2,1,31.895895,0.44,11,0.44,0,22
4408,2,1,30.0791,0.48,12,0.48,0,22
4409,2,1,29.473751,0.52,13,0.52,0,22
4410,2,1,28.761227,0.56,14,0.56,0,22
4411,2,1,27.828775,0.6,15,0.6,0,22
4412,1,0,0.0,0.6,15,0.6,1,22
4413,2,1,26.35365,0.64,16,0.64,1,22
4414,0,-1,-26.054317,0.6,15,0.6,0,22
4415,2,1,26.0791,0.64,16,0.64,0,22
4416,2,1,24.385248,0.68,17,0.68,0,22
4417,2,1,21.85622,0.72,18,0.72,0,22
4418,2,1,18.156532,0.76,19,0.76,0,22
4419,2,1,12.200632,0.8,20,0.8,0,22
4420,2,1,1.791598,0.84,21,0.84,0,22
4421,2,1,-19.034798,0.88,22,0.88,0,22
4422,2,1,-71.11178,0.92,23,0.92,0,22
4423,2,1,-279.43927,0.96,24,0.96,0,22
4424,2,1,33.193707,1.0,25,1.0,0,22
4425,2,1,33.193707,1.0,25,1.0,0,22
4426,2,1,33.193707,1.0,25,1.0,0,22
4427,2,1,33.193707,1.0,25,1.0,0,22
4428,2,1,33.193707,1.0,25,1.0,0,22
4429,2,1,33.193707,1.0,25,1.0,0,22
4430,2,1,33.193707,1.0,25,1.0,0,22
4431,2,1,33.193707,1.0,25,1.0,0,22
4432,2,1,33.193707,1.0,25,1.0,0,22
4433,2,1,33.193707,1.0,25,1.0,0,22
4434,2,1,33.193707,1.0,25,1.0,0,22
4435,2,1,33.193707,1.0,25,1.0,0,22
4436,2,1,33.193707,1.0,25,1.0,0,22
4437,2,1,33.193707,1.0,25,1.0,0,22
4438,2,1,33.193707,1.0,25,1.0,0,22
4439,2,1,33.193707,1.0,25,1.0,0,22
4440,2,1,33.193707,1.0,25,1.0,0,22
4441,2,1,33.193707,1.0,25,1.0,1,22
4442,2,1,33.17986,1.0,25,1.0,0,22
4443,2,1,33.17986,1.0,25,1.0,0,22
4444,2,1,33.17986,1.0,25,1.0,0,22
4445,2,1,33.17986,1.0,25,1.0,0,22
4446,2,1,33.17986,1.0,25,1.0,0,22
4447,2,1,33.17986,1.0,25,1.0,0,22
4448,2,1,33.17986,1.0,25,1.0,0,22
4449,2,1,33.17986,1.0,25,1.0,1,22
4450,2,1,72.879364,1.0,25,1.0,0,22
4451,2,1,72.879364,1.0,25,1.0,0,22
4452,2,1,72.879364,1.0,25,1.0,0,22
4453,2,1,72.879364,1.0,25,1.0,0,22
4454,2,1,72.879364,1.0,25,1.0,0,22
4455,2,1,72.879364,1.0,25,1.0,0,22
4456,2,1,72.879364,1.0,25,1.0,0,22
4457,2,1,72.879364,1.0,25,1.0,0,22
4458,2,1,72.879364,1.0,25,1.0,0,22
4459,2,1,72.879364,1.0,25,1.0,0,22
4460,2,1,72.879364,1.0,25,1.0,0,22
4461,2,1,72.879364,1.0,25,1.0,0,22
4462,2,1,72.879364,1.0,25,1.0,0,22
4463,2,1,72.879364,1.0,25,1.0,0,22
4464,2,1,72.879364,1.0,25,1.0,0,22
4465,2,1,72.879364,1.0,25,1.0,0,22
4466,2,1,72.879364,1.0,25,1.0,0,22
4467,2,1,72.879364,1.0,25,1.0,0,22
4468,2,1,72.879364,1.0,25,1.0,0,22
4469,1,0,0.0,1.0,25,1.0,0,22
4470,2,1,72.879364,1.0,25,1.0,0,22
4471,2,1,72.879364,1.0,25,1.0,1,22
4472,2,1,72.05765,1.0,25,1.0,1,22
4473,2,1,70.82452,1.0,25,1.0,0,22
4474,2,1,70.82452,1.0,25,1.0,0,22
4475,2,1,70.82452,1.0,25,1.0,0,22
4476,2,1,70.82452,1.0,25,1.0,0,22
4477,2,1,70.82452,1.0,25,1.0,0,22
4478,2,1,70.82452,1.0,25,1.0,0,22
4479,2,1,70.82452,1.0,25,1.0,0,22
4480,2,1,70.82452,1.0,25,1.0,0,22
4481,2,1,70.82452,1.0,25,1.0,0,22
4482,2,1,70.82452,1.0,25,1.0,0,22
4483,2,1,70.82452,1.0,25,1.0,0,22
4484,2,1,70.82452,1.0,25,1.0,0,22
4485,2,1,70.82452,1.0,25,1.0,0,22
4486,2,1,70.82452,1.0,25,1.0,0,22
4487,1,0,0.0,1.0,25,1.0,0,22
4488,2,1,70.82452,1.0,25,1.0,0,22
4489,2,1,70.82452,1.0,25,1.0,0,22
4490,2,1,70.82452,1.0,25,1.0,1,22
4491,2,1,66.8752,1.0,25,1.0,0,22
4492,2,1,66.8752,1.0,25,1.0,0,22
4493,2,1,66.8752,1.0,25,1.0,0,22
4494,2,1,66.8752,1.0,25,1.0,0,22
4495,2,1,66.8752,1.0,25,1.0,0,22
4496,2,1,66.8752,1.0,25,1.0,1,22
4497,2,1,34.866833,1.0,25,1.0,0,22
4498,2,1,34.866833,1.0,25,1.0,0,22
4499,2,1,34.866833,1.0,25,1.0,0,22
4500,2,1,34.866833,1.0,25,1.0,0,22
4501,2,1,34.866833,1.0,25,1.0,0,22
4502,2,1,34.866833,1.0,25,1.0,0,22
4503,2,1,34.866833,1.0,25,1.0,0,22
4504,2,1,34.866833,1.0,25,1.0,1,22
4505,2,1,34.77853,1.0,25,1.0,0,22
4506,2,1,34.77853,1.0,25,1.0,0,22
4507,2,1,34.77853,1.0,25,1.0,0,22
4508,2,1,34.77853,1.0,25,1.0,0,22
4509,2,1,34.77853,1.0,25,1.0,0,22
4510,2,1,34.77853,1.0,25,1.0,1,22
4511,2,1,34.741722,1.0,25,1.0,0,22
4512,2,1,34.741722,1.0,25,1.0,1,22
4513,2,1,34.91717,1.0,25,1.0,0,22
4514,2,1,34.91717,1.0,25,1.0,0,22
4515,2,1,34.91717,1.0,25,1.0,0,22
4516,2,1,34.91717,1.0,25,1.0,0,22
4517,2,1,34.91717,1.0,25,1.0,0,22
4518,2,1,34.91717,1.0,25,1.0,0,22
4519,2,1,34.91717,1.0,25,1.0,0,22
4520,2,1,34.91717,1.0,25,1.0,0,22
4521,2,1,34.91717,1.0,25,1.0,0,22
4522,2,1,34.91717,1.0,25,1.0,0,22
4523,2,1,34.91717,1.0,25,1.0,0,22
4524,2,1,34.91717,1.0,25,1.0,0,22
4525,2,1,34.91717,1.0,25,1.0,0,22
4526,2,1,34.91717,1.0,25,1.0,0,22
4527,2,1,34.91717,1.0,25,1.0,0,22
4528,2,1,34.91717,1.0,25,1.0,0,22
4529,2,1,34.91717,1.0,25,1.0,0,22
4530,2,1,34.91717,1.0,25,1.0,0,22
4531,2,1,34.91717,1.0,25,1.0,0,22
4532,2,1,34.91717,1.0,25,1.0,0,22
4533,2,1,34.91717,1.0,25,1.0,1,22
4534,2,1,72.902405,1.0,25,1.0,0,22
4535,2,1,72.902405,1.0,25,1.0,1,22
4536,2,1,72.062126,1.0,25,1.0,0,22
4537,2,1,72.062126,1.0,25,1.0,0,22
4538,2,1,72.062126,1.0,25,1.0,1,22
4539,2,1,71.093834,1.0,25,1.0,0,22
4540,2,1,71.093834,1.0,25,1.0,0,22
4541,2,1,71.093834,1.0,25,1.0,0,22
4542,2,1,71.093834,1.0,25,1.0,0,22
4543,2,1,71.093834,1.0,25,1.0,0,22
4544,2,1,71.093834,1.0,25,1.0,0,22
4545,2,1,71.093834,1.0,25,1.0,0,22
4546,2,1,71.093834,1.0,25,1.0,0,22
4547,2,1,71.093834,1.0,25,1.0,0,22
4548,2,1,71.093834,1.0,25,1.0,0,22
4549,2,1,71.093834,1.0,25,1.0,0,22
4550,2,1,71.093834,1.0,25,1.0,0,22
4551,2,1,71.093834,1.0,25,1.0,0,22
4552,2,1,71.093834,1.0,25,1.0,0,22
4553,2,1,71.093834,1.0,25,1.0,0,22
4554,2,1,71.093834,1.0,25,1.0,0,22
4555,2,1,71.093834,1.0,25,1.0,0,22
4556,2,1,71.093834,1.0,25,1.0,0,22
4557,2,1,71.093834,1.0,25,1.0,0,22
4558,2,1,71.093834,1.0,25,1.0,0,22
4559,2,1,71.093834,1.0,25,1.0,0,22
4560,2,1,71.093834,1.0,25,1.0,0,22
4561,2,1,71.093834,1.0,25,1.0,0,22
4562,2,1,71.093834,1.0,25,1.0,0,22
4563,2,1,71.093834,1.0,25,1.0,1,22
4564,2,1,66.6951,1.0,25,1.0,0,22
4565,2,1,66.6951,1.0,25,1.0,0,22
4566,2,1,66.6951,1.0,25,1.0,0,22
4567,2,1,66.6951,1.0,25,1.0,0,22
4568,2,1,66.6951,1.0,25,1.0,0,22
4569,2,1,66.6951,1.0,25,1.0,0,22
4570,2,1,66.6951,1.0,25,1.0,0,22
4571,2,1,66.6951,1.0,25,1.0,0,22
4572,2,1,66.6951,1.0,25,1.0,0,22
4573,2,1,66.6951,1.0,25,1.0,0,22
4574,2,1,66.6951,1.0,25,1.0,0,22
4575,2,1,66.6951,1.0,25,1.0,0,22
4576,2,1,66.6951,1.0,25,1.0,0,22
4577,2,1,66.6951,1.0,25,1.0,0,22
4578,2,1,66.6951,1.0,25,1.0,1,22
4579,2,1,34.965668,1.0,25,1.0,0,22
4580,2,1,34.965668,1.0,25,1.0,0,22
4581,2,1,34.965668,1.0,25,1.0,0,22
4582,2,1,34.965668,1.0,25,1.0,0,22
4583,2,1,34.965668,1.0,25,1.0,0,22
4584,2,1,34.965668,1.0,25,1.0,0,22
4585,2,1,34.965668,1.0,25,1.0,0,22
4586,2,1,34.965668,1.0,25,1.0,0,22
4587,2,1,34.965668,1.0,25,1.0,0,22
4588,2,1,34.965668,1.0,25,1.0,0,22
4589,2,1,34.965668,1.0,25,1.0,0,22
4590,2,1,34.965668,1.0,25,1.0,0,22
4591,2,1,34.965668,1.0,25,1.0,0,22
4592,2,1,34.965668,1.0,25,1.0,1,22
4593,2,1,34.97206,1.0,25,1.0,1,22
4594,2,1,34.904926,1.0,25,1.0,0,22
4595,2,1,34.904926,1.0,25,1.0,0,22
4596,2,1,34.904926,1.0,25,1.0,0,22
4597,2,1,34.904926,1.0,25,1.0,0,22
4598,2,1,34.904926,1.0,25,1.0,0,22
4599,2,1,34.904926,1.0,25,1.0,0,22
4600,0,-1,0.0,0.0,0,0.0,0,22
4601,2,1,33.166183,0.2,5,0.2,0,23
4602,2,1,33.036713,0.24,6,0.24,0,23
4603,2,1,32.87964,0.28,7,0.28,0,23
4604,2,1,32.711178,0.32,8,0.32,0,23
4605,2,1,32.496468,0.36,9,0.36,0,23
4606,2,1,32.223377,0.4,10,0.4,0,23
4607,2,1,30.327627,0.44,11,0.44,0,23
4608,2,1,29.945436,0.48,12,0.48,0,23
4609,2,1,29.397755,0.52,13,0.52,0,23
4610,2,1,28.686995,0.56,14,0.56,0,23
4611,2,1,27.746452,0.6,15,0.6,0,23
4612,2,1,26.4882,0.64,16,0.64,1,23
4613,2,1,24.626673,0.68,17,0.68,0,23
4614,2,1,22.156729,0.72,18,0.72,0,23
4615,2,1,18.447178,0.76,19,0.76,0,23
4616,2,1,12.57275,0.8,20,0.8,0,23
4617,2,1,1.8361195,0.84,21,0.84,0,23
4618,2,1,-19.009832,0.88,22,0.88,0,23
4619,2,1,-71.08937,0.92,23,0.92,0,23
4620,2,1,-279.4198,0.96,24,0.96,0,23
4621,2,1,33.210545,1.0,25,1.0,0,23
4622,2,1,33.210754,1.0,25,1.0,0,23
4623,2,1,33.210754,1.0,25,1.0,0,23
4624,2,1,33.210754,1.0,25,1.0,0,23
4625,2,1,33.210754,1.0,25,1.0,0,23
4626,2,1,33.210754,1.0,25,1.0,0,23
4627,2,1,33.210754,1.0,25,1.0,0,23
4628,2,1,33.210754,1.0,25,1.0,0,23
4629,2,1,33.210754,1.0,25,1.0,0,23
4630,2,1,33.210754,1.0,25,1.0,0,23
4631,2,1,33.210754,1.0,25,1.0,0,23
4632,2,1,33.210754,1.0,25,1.0,0,23
4633,2,1,33.210754,1.0,25,1.0,0,23
4634,2,1,33.210754,1.0,25,1.0,0,23
4635,2,1,33.210754,1.0,25,1.0,0,23
4636,2,1,33.210754,1.0,25,1.0,0,23
4637,2,1,33.210754,1.0,25,1.0,0,23
4638,2,1,33.210754,1.0,25,1.0,0,23
4639,2,1,33.210754,1.0,25,1.0,0,23
4640,2,1,33.210754,1.0,25,1.0,0,23
4641,2,1,33.210754,1.0,25,1.0,0,23
4642,2,1,33.210754,1.0,25,1.0,1,23
4643,2,1,33.06409,1.0,25,1.0,0,23
4644,2,1,33.06409,1.0,25,1.0,0,23
4645,2,1,33.06409,1.0,25,1.0,0,23
4646,2,1,33.06409,1.0,25,1.0,0,23
4647,2,1,33.06409,1.0,25,1.0,0,23
4648,2,1,33.06409,1.0,25,1.0,0,23
4649,2,1,33.06409,1.0,25,1.0,0,23
4650,2,1,33.06409,1.0,25,1.0,1,23
4651,2,1,33.17983,1.0,25,1.0,0,23
4652,2,1,33.17983,1.0,25,1.0,0,23
4653,2,1,33.17983,1.0,25,1.0,0,23
4654,2,1,33.17983,1.0,25,1.0,0,23
4655,2,1,33.17983,1.0,25,1.0,0,23
4656,2,1,33.17983,1.0,25,1.0,0,23
4657,2,1,33.17983,1.0,25,1.0,0,23
4658,2,1,33.17983,1.0,25,1.0,0,23
4659,2,1,33.17983,1.0,25,1.0,0,23
4660,2,1,33.17983,1.0,25,1.0,0,23
4661,2,1,33.17983,1.0,25,1.0,0,23
4662,2,1,33.17983,1.0,25,1.0,0,23
4663,2,1,33.17983,1.0,25,1.0,0,23
4664,2,1,33.17983,1.0,25,1.0,0,23
4665,2,1,33.17983,1.0,25,1.0,0,23
4666,2,1,33.17983,1.0,25,1.0,0,23
4667,2,1,33.17983,1.0,25,1.0,0,23
4668,2,1,33.17983,1.0,25,1.0,0,23
4669,2,1,33.17983,1.0,25,1.0,0,23
4670,2,1,33.17983,1.0,25,1.0,0,23
4671,2,1,33.17983,1.0,25,1.0,0,23
4672,2,1,33.17983,1.0,25,1.0,0,23
4673,2,1,33.17983,1.0,25,1.0,0,23
4674,2,1,33.17983,1.0,25,1.0,0,23
4675,2,1,33.17983,1.0,25,1.0,1,23
4676,2,1,72.954155,1.0,25,1.0,0,23
4677,2,1,72.954155,1.0,25,1.0,0,23
4678,2,1,72.954155,1.0,25,1.0,0,23
4679,2,1,72.954155,1.0,25,1.0,0,23
4680,2,1,72.954155,1.0,25,1.0,0,23
4681,2,1,72.954155,1.0,25,1.0,0,23
4682,2,1,72.954155,1.0,25,1.0,0,23
4683,2,1,72.954155,1.0,25,1.0,0,23
4684,2,1,72.954155,1.0,25,1.0,0,23
4685,2,1,72.954155,1.0,25,1.0,0,23
4686,2,1,72.954155,1.0,25,1.0,0,23
4687,2,1,72.954155,1.0,25,1.0,0,23
4688,2,1,72.954155,1.0,25,1.0,1,23
4689,2,1,69.655975,1.0,25,1.0,0,23
4690,2,1,69.655975,1.0,25,1.0,0,23
4691,2,1,69.655975,1.0,25,1.0,1,23
4692,2,1,62.030552,1.0,25,1.0,1,23
4693,2,1,33.967236,1.0,25,1.0,0,23
4694,2,1,33.967236,1.0,25,1.0,0,23
4695,2,1,33.967236,1.0,25,1.0,0,23
4696,2,1,33.967236,1.0,25,1.0,0,23
4697,2,1,33.967236,1.0,25,1.0,0,23
4698,2,1,33.967236,1.0,25,1.0,0,23
4699,2,1,33.967236,1.0,25,1.0,0,23
4700,2,1,33.967236,1.0,25,1.0,0,23
4701,2,1,33.967236,1.0,25,1.0,0,23
4702,2,1,33.967236,1.0,25,1.0,0,23
4703,2,1,33.967236,1.0,25,1.0,0,23
4704,2,1,33.967236,1.0,25,1.0,0,23
4705,2,1,33.967236,1.0,25,1.0,0,23
4706,2,1,33.967236,1.0,25,1.0,0,23
4707,2,1,33.967236,1.0,25,1.0,0,23
4708,2,1,33.967236,1.0,25,1.0,0,23
4709,2,1,33.967236,1.0,25,1.0,0,23
4710,2,1,33.967236,1.0,25,1.0,0,23
4711,2,1,33.967236,1.0,25,1.0,0,23
4712,2,1,33.967236,1.0,25,1.0,0,23
4713,2,1,33.967236,1.0,25,1.0,0,23
4714,2,1,33.967236,1.0,25,1.0,0,23
4715,2,1,33.967236,1.0,25,1.0,0,23
4716,2,1,33.967236,1.0,25,1.0,0,23
4717,2,1,33.967236,1.0,25,1.0,0,23
4718,2,1,33.967236,1.0,25,1.0,0,23
4719,2,1,33.967236,1.0,25,1.0,0,23
4720,2,1,33.967236,1.0,25,1.0,0,23
4721,2,1,33.967236,1.0,25,1.0,1,23
4722,2,1,34.019676,1.0,25,1.0,0,23
4723,2,1,34.019676,1.0,25,1.0,0,23
4724,2,1,34.019676,1.0,25,1.0,0,23
4725,2,1,34.019676,1.0,25,1.0,0,23
4726,2,1,34.019676,1.0,25,1.0,0,23
4727,2,1,34.019676,1.0,25,1.0,0,23
4728,2,1,34.019676,1.0,25,1.0,0,23
4729,2,1,34.019676,1.0,25,1.0,0,23
4730,2,1,34.019676,1.0,25,1.0,1,23
4731,2,1,34.00332,1.0,25,1.0,0,23
4732,2,1,34.00332,1.0,25,1.0,0,23
4733,2,1,34.00332,1.0,25,1.0,0,23
4734,2,1,34.00332,1.0,25,1.0,0,23
4735,2,1,34.00332,1.0,25,1.0,0,23
4736,2,1,34.00332,1.0,25,1.0,0,23
4737,2,1,34.00332,1.0,25,1.0,0,23
4738,2,1,34.00332,1.0,25,1.0,0,23
4739,2,1,34.00332,1.0,25,1.0,0,23
4740,2,1,34.00332,1.0,25,1.0,0,23
4741,2,1,34.00332,1.0,25,1.0,0,23
4742,2,1,34.00332,1.0,25,1.0,0,23
4743,2,1,34.00332,1.0,25,1.0,0,23
4744,2,1,34.00332,1.0,25,1.0,0,23
4745,2,1,34.00332,1.0,25,1.0,0,23
4746,2,1,34.00332,1.0,25,1.0,0,23
4747,2,1,34.00332,1.0,25,1.0,0,23
4748,2,1,34.00332,1.0,25,1.0,0,23
4749,2,1,34.00332,1.0,25,1.0,0,23
4750,2,1,34.00332,1.0,25,1.0,0,23
4751,2,1,34.00332,1.0,25,1.0,0,23
4752,2,1,34.00332,1.0,25,1.0,0,23
4753,2,1,34.00332,1.0,25,1.0,0,23
4754,2,1,34.00332,1.0,25,1.0,0,23
4755,2,1,34.00332,1.0,25,1.0,0,23
4756,2,1,34.00332,1.0,25,1.0,0,23
4757,2,1,34.00332,1.0,25,1.0,0,23
4758,2,1,34.00332,1.0,25,1.0,0,23
4759,2,1,34.00332,1.0,25,1.0,1,23
4760,2,1,34.017105,1.0,25,1.0,0,23
4761,2,1,34.017105,1.0,25,1.0,0,23
4762,2,1,34.017105,1.0,25,1.0,0,23
4763,2,1,34.017105,1.0,25,1.0,0,23
4764,2,1,34.017105,1.0,25,1.0,0,23
4765,2,1,34.017105,1.0,25,1.0,0,23
4766,2,1,34.017105,1.0,25,1.0,0,23
4767,2,1,34.017105,1.0,25,1.0,0,23
4768,2,1,34.017105,1.0,25,1.0,0,23
4769,2,1,34.017105,1.0,25,1.0,0,23
4770,2,1,34.017105,1.0,25,1.0,0,23
4771,2,1,34.017105,1.0,25,1.0,0,23
4772,2,1,34.017105,1.0,25,1.0,0,23
4773,2,1,34.017105,1.0,25,1.0,0,23
4774,2,1,34.017105,1.0,25,1.0,0,23
4775,2,1,34.017105,1.0,25,1.0,0,23
4776,2,1,34.017105,1.0,25,1.0,0,23
4777,2,1,34.017105,1.0,25,1.0,0,23
4778,2,1,34.017105,1.0,25,1.0,1,23
4779,2,1,34.094948,1.0,25,1.0,0,23
4780,2,1,34.094948,1.0,25,1.0,0,23
4781,2,1,34.094948,1.0,25,1.0,0,23
4782,2,1,34.094948,1.0,25,1.0,0,23
4783,2,1,34.094948,1.0,25,1.0,0,23
4784,2,1,34.094948,1.0,25,1.0,0,23
4785,2,1,34.094948,1.0,25,1.0,0,23
4786,2,1,34.094948,1.0,25,1.0,0,23
4787,2,1,34.094948,1.0,25,1.0,1,23
4788,2,1,72.957886,1.0,25,1.0,0,23
4789,2,1,72.957886,1.0,25,1.0,0,23
4790,2,1,72.957886,1.0,25,1.0,0,23
4791,2,1,72.957886,1.0,25,1.0,0,23
4792,2,1,72.957886,1.0,25,1.0,0,23
4793,2,1,72.957886,1.0,25,1.0,0,23
4794,2,1,72.957886,1.0,25,1.0,0,23
4795,2,1,72.957886,1.0,25,1.0,0,23
4796,2,1,72.957886,1.0,25,1.0,0,23
4797,2,1,72.957886,1.0,25,1.0,0,23
4798,2,1,72.957886,1.0,25,1.0,0,23
4799,2,1,72.957886,1.0,25,1.0,1,23
4800,2,1,0.0,0.0,0,0.0,0,23
4801,2,1,32.87495,0.2,5,0.2,0,24
4802,2,1,32.805973,0.24,6,0.24,0,24
4803,2,1,32.90466,0.28,7,0.28,1,24
4804,2,1,34.23652,0.32,8,0.32,0,24
4805,2,1,34.020363,0.36,9,0.36,0,24
4806,2,1,33.745167,0.4,10,0.4,0,24
4807,2,1,31.295816,0.44,11,0.44,0,24
4808,2,1,30.725372,0.48,12,0.48,0,24
4809,2,1,30.127625,0.52,13,0.52,0,24
4810,2,1,29.401863,0.56,14,0.56,0,24
4811,2,1,28.462437,0.6,15,0.6,0,24
4812,2,1,27.109003,0.64,16,0.64,0,24
4813,2,1,25.38573,0.68,17,0.68,0,24
4814,2,1,22.915714,0.72,18,0.72,0,24
4815,2,1,19.180199,0.76,19,0.76,0,24
4816,2,1,13.268565,0.8,20,0.8,0,24
4817,2,1,2.8566356,0.84,21,0.84,0,24
4818,2,1,-17.969168,0.88,22,0.88,0,24
4819,2,1,-70.04182,0.92,23,0.92,0,24
4820,2,1,-278.36917,0.96,24,0.96,0,24
4821,2,1,34.263905,1.0,25,1.0,0,24
4822,2,1,34.264023,1.0,25,1.0,0,24
4823,2,1,34.264023,1.0,25,1.0,0,24
4824,2,1,34.264023,1.0,25,1.0,0,24
4825,2,1,34.264023,1.0,25,1.0,0,24
4826,2,1,34.264023,1.0,25,1.0,0,24
4827,2,1,34.264023,1.0,25,1.0,0,24
4828,2,1,34.264023,1.0,25,1.0,0,24
4829,2,1,34.264023,1.0,25,1.0,0,24
4830,2,1,34.264023,1.0,25,1.0,0,24
4831,2,1,34.264023,1.0,25,1.0,1,24
4832,2,1,34.218662,1.0,25,1.0,0,24
4833,2,1,34.218662,1.0,25,1.0,0,24
4834,2,1,34.218662,1.0,25,1.0,0,24
4835,2,1,34.218662,1.0,25,1.0,0,24
4836,2,1,34.218662,1.0,25,1.0,0,24
4837,2,1,34.218662,1.0,25,1.0,0,24
4838,2,1,34.218662,1.0,25,1.0,1,24
4839,2,1,34.30984,1.0,25,1.0,0,24
4840,2,1,34.30984,1.0,25,1.0,0,24
4841,2,1,34.30984,1.0,25,1.0,0,24
4842,2,1,34.30984,1.0,25,1.0,0,24
4843,2,1,34.30984,1.0,25,1.0,1,24
4844,2,1,72.75291,1.0,25,1.0,0,24
4845,2,1,72.75291,1.0,25,1.0,0,24
4846,2,1,72.75291,1.0,25,1.0,0,24
4847,2,1,72.75291,1.0,25,1.0,0,24
4848,2,1,72.75291,1.0,25,1.0,0,24
4849,2,1,72.75291,1.0,25,1.0,0,24
4850,2,1,72.75291,1.0,25,1.0,0,24
4851,2,1,72.75291,1.0,25,1.0,0,24
4852,2,1,72.75291,1.0,25,1.0,0,24
4853,2,1,72.75291,1.0,25,1.0,0,24
4854,2,1,72.75291,1.0,25,1.0,0,24
4855,2,1,72.75291,1.0,25,1.0,0,24
4856,2,1,72.75291,1.0,25,1.0,0,24
4857,2,1,72.75291,1.0,25,1.0,0,24
4858,2,1,72.75291,1.0,25,1.0,0,24
4859,2,1,72.75291,1.0,25,1.0,0,24
4860,2,1,72.75291,1.0,25,1.0,0,24
4861,2,1,72.75291,1.0,25,1.0,0,24
4862,2,1,72.75291,1.0,25,1.0,0,24
4863,2,1,72.75291,1.0,25,1.0,0,24
4864,2,1,72.75291,1.0,25,1.0,0,24
4865,2,1,72.75291,1.0,25,1.0,0,24
4866,2,1,72.75291,1.0,25,1.0,0,24
4867,2,1,72.75291,1.0,25,1.0,1,24
4868,2,1,61.431976,1.0,25,1.0,0,24
4869,2,1,61.431976,1.0,25,1.0,0,24
4870,2,1,61.431976,1.0,25,1.0,0,24
4871,2,1,61.431976,1.0,25,1.0,0,24
4872,2,1,61.431976,1.0,25,1.0,0,24
4873,2,1,61.431976,1.0,25,1.0,0,24
4874,2,1,61.431976,1.0,25,1.0,0,24
4875,2,1,61.431976,1.0,25,1.0,0,24
4876,2,1,61.431976,1.0,25,1.0,0,24
4877,2,1,61.431976,1.0,25,1.0,0,24
4878,2,1,61.431976,1.0,25,1.0,0,24
4879,2,1,61.431976,1.0,25,1.0,0,24
4880,2,1,61.431976,1.0,25,1.0,0,24
4881,2,1,61.431976,1.0,25,1.0,0,24
4882,2,1,61.431976,1.0,25,1.0,0,24
4883,2,1,61.431976,1.0,25,1.0,0,24
4884,2,1,61.431976,1.0,25,1.0,0,24
4885,2,1,61.431976,1.0,25,1.0,0,24
4886,2,1,61.431976,1.0,25,1.0,0,24
4887,2,1,61.431976,1.0,25,1.0,0,24
4888,2,1,61.431976,1.0,25,1.0,0,24
4889,2,1,61.431976,1.0,25,1.0,0,24
4890,2,1,61.431976,1.0,25,1.0,0,24
4891,2,1,61.431976,1.0,25,1.0,0,24
4892,2,1,61.431976,1.0,25,1.0,1,24
4893,2,1,34.35857,1.0,25,1.0,0,24
4894,2,1,34.35857,1.0,25,1.0,0,24
4895,2,1,34.35857,1.0,25,1.0,0,24
4896,2,1,34.35857,1.0,25,1.0,0,24
4897,2,1,34.35857,1.0,25,1.0,0,24
4898,2,1,34.35857,1.0,25,1.0,0,24
4899,2,1,34.35857,1.0,25,1.0,0,24
4900,2,1,34.35857,1.0,25,1.0,0,24
4901,2,1,34.35857,1.0,25,1.0,0,24
4902,2,1,34.35857,1.0,25,1.0,0,24
4903,2,1,34.35857,1.0,25,1.0,0,24
4904,2,1,34.35857,1.0,25,1.0,0,24
4905,2,1,34.35857,1.0,25,1.0,0,24
4906,2,1,34.35857,1.0,25,1.0,0,24
4907,2,1,34.35857,1.0,25,1.0,0,24
4908,2,1,34.35857,1.0,25,1.0,0,24
4909,2,1,34.35857,1.0,25,1.0,0,24
4910,2,1,34.35857,1.0,25,1.0,1,24
4911,2,1,34.393074,1.0,25,1.0,0,24
4912,2,1,34.393074,1.0,25,1.0,0,24
4913,2,1,34.393074,1.0,25,1.0,0,24
4914,2,1,34.393074,1.0,25,1.0,0,24
4915,2,1,34.393074,1.0,25,1.0,0,24
4916,2,1,34.393074,1.0,25,1.0,0,24
4917,2,1,34.393074,1.0,25,1.0,1,24
4918,2,1,34.41033,1.0,25,1.0,0,24
4919,2,1,34.41033,1.0,25,1.0,0,24
4920,2,1,34.41033,1.0,25,1.0,0,24
4921,2,1,34.41033,1.0,25,1.0,0,24
4922,2,1,34.41033,1.0,25,1.0,0,24
4923,2,1,34.41033,1.0,25,1.0,0,24
4924,2,1,34.41033,1.0,25,1.0,0,24
4925,2,1,34.41033,1.0,25,1.0,0,24
4926,2,1,34.41033,1.0,25,1.0,0,24
4927,2,1,34.41033,1.0,25,1.0,0,24
4928,2,1,34.41033,1.0,25,1.0,0,24
4929,2,1,34.41033,1.0,25,1.0,0,24
4930,2,1,34.41033,1.0,25,1.0,0,24
4931,2,1,34.41033,1.0,25,1.0,0,24
4932,2,1,34.41033,1.0,25,1.0,0,24
4933,2,1,34.41033,1.0,25,1.0,0,24
4934,2,1,34.41033,1.0,25,1.0,0,24
4935,2,1,34.41033,1.0,25,1.0,0,24
4936,2,1,34.41033,1.0,25,1.0,0,24
4937,2,1,34.41033,1.0,25,1.0,0,24
4938,2,1,34.41033,1.0,25,1.0,0,24
4939,2,1,34.41033,1.0,25,1.0,0,24
4940,2,1,34.41033,1.0,25,1.0,0,24
4941,2,1,34.41033,1.0,25,1.0,0,24
4942,2,1,34.41033,1.0,25,1.0,1,24
4943,2,1,34.132004,1.0,25,1.0,0,24
4944,2,1,34.132004,1.0,25,1.0,0,24
4945,2,1,34.132004,1.0,25,1.0,0,24
4946,2,1,34.132004,1.0,25,1.0,0,24
4947,2,1,34.132004,1.0,25,1.0,0,24
4948,2,1,34.132004,1.0,25,1.0,0,24
4949,2,1,34.132004,1.0,25,1.0,0,24
4950,2,1,34.132004,1.0,25,1.0,0,24
4951,2,1,34.132004,1.0,25,1.0,0,24
4952,2,1,34.132004,1.0,25,1.0,0,24
4953,2,1,34.132004,1.0,25,1.0,0,24
4954,2,1,34.132004,1.0,25,1.0,0,24
4955,2,1,34.132004,1.0,25,1.0,0,24
4956,2,1,34.132004,1.0,25,1.0,0,24
4957,2,1,34.132004,1.0,25,1.0,0,24
4958,2,1,34.132004,1.0,25,1.0,0,24
4959,2,1,34.132004,1.0,25,1.0,0,24
4960,2,1,34.132004,1.0,25,1.0,1,24
4961,2,1,34.17778,1.0,25,1.0,0,24
4962,2,1,34.17778,1.0,25,1.0,0,24
4963,2,1,34.17778,1.0,25,1.0,0,24
4964,2,1,34.17778,1.0,25,1.0,0,24
4965,2,1,34.17778,1.0,25,1.0,0,24
4966,2,1,34.17778,1.0,25,1.0,0,24
4967,2,1,34.17778,1.0,25,1.0,0,24
4968,2,1,34.17778,1.0,25,1.0,0,24
4969,2,1,34.17778,1.0,25,1.0,0,24
4970,2,1,34.17778,1.0,25,1.0,0,24
4971,2,1,34.17778,1.0,25,1.0,0,24
4972,2,1,34.17778,1.0,25,1.0,0,24
4973,2,1,34.17778,1.0,25,1.0,0,24
4974,2,1,34.17778,1.0,25,1.0,0,24
4975,2,1,34.17778,1.0,25,1.0,0,24
4976,2,1,34.17778,1.0,25,1.0,0,24
4977,2,1,34.17778,1.0,25,1.0,0,24
4978,2,1,34.17778,1.0,25,1.0,0,24
4979,2,1,34.17778,1.0,25,1.0,0,24
4980,2,1,34.17778,1.0,25,1.0,1,24
4981,2,1,34.272446,1.0,25,1.0,0,24
4982,2,1,34.272446,1.0,25,1.0,0,24
4983,2,1,34.272446,1.0,25,1.0,0,24
4984,2,1,34.272446,1.0,25,1.0,0,24
4985,2,1,34.272446,1.0,25,1.0,0,24
4986,2,1,34.272446,1.0,25,1.0,0,24
4987,2,1,34.272446,1.0,25,1.0,0,24
4988,2,1,34.272446,1.0,25,1.0,0,24
4989,2,1,34.272446,1.0,25,1.0,0,24
4990,2,1,34.272446,1.0,25,1.0,0,24
4991,2,1,34.272446,1.0,25,1.0,1,24
4992,2,1,72.7436,1.0,25,1.0,0,24
4993,2,1,72.7436,1.0,25,1.0,0,24
4994,2,1,72.7436,1.0,25,1.0,0,24
4995,2,1,72.7436,1.0,25,1.0,0,24
4996,2,1,72.7436,1.0,25,1.0,0,24
4997,2,1,72.7436,1.0,25,1.0,0,24
4998,2,1,72.7436,1.0,25,1.0,0,24
4999,2,1,72.7436,1.0,25,1.0,1,24
5000,2,1,0.0,0.0,0,0.0,0,24
