timestep,action,mapped_action,reward,resource_usage,element_count,budget_proximity,took_timestep,episode
1,2,1,-4.1407347,0.2,5,0.2,0,0
2,0,-1,4.1407347,0.16,4,0.16,0,0
3,2,1,28.364332,0.2,5,0.2,0,0
4,1,0,0.0,0.2,5,0.2,0,0
5,1,0,0.0,0.2,5,0.2,0,0
6,1,0,0.0,0.2,5,0.2,0,0
7,1,0,0.0,0.2,5,0.2,0,0
8,2,1,23.955872,0.28,7,0.28,0,0
9,0,-1,-0.0,0.28,7,0.28,0,0
10,2,1,26.436209,0.32,8,0.32,0,0
11,1,0,0.0,0.32,8,0.32,0,0
12,1,0,0.0,0.32,8,0.32,0,0
13,0,-1,-0.0,0.32,8,0.32,0,0
14,0,-1,-26.436209,0.28,7,0.28,0,0
15,1,0,0.0,0.28,7,0.28,0,0
16,1,0,0.0,0.28,7,0.28,0,0
17,0,-1,-26.773045,0.24,6,0.24,0,0
18,1,0,0.0,0.24,6,0.24,0,0
19,2,1,-4.515826,0.28,7,0.28,0,0
20,0,-1,-27.98924,0.24,6,0.24,0,0
21,0,-1,4.278687,0.2,5,0.2,0,0
22,0,-1,-28.346605,0.16,4,0.16,0,0
23,0,-1,-0.0,0.16,4,0.16,0,0
24,2,1,-4.1407347,0.2,5,0.2,0,0
25,0,-1,-0.0,0.2,5,0.2,0,0
26,1,0,0.0,0.2,5,0.2,0,0
27,0,-1,-0.0,0.2,5,0.2,0,0
28,2,1,-4.278605,0.24,6,0.24,0,0
29,1,0,0.0,0.24,6,0.24,0,0
30,2,1,27.971514,0.28,7,0.28,0,0
31,0,-1,4.515744,0.24,6,0.24,0,0
32,1,0,0.0,0.24,6,0.24,0,0
33,0,-1,4.278687,0.2,5,0.2,0,0
34,1,0,0.0,0.2,5,0.2,0,0
35,0,-1,-0.0,0.2,5,0.2,0,0
36,0,-1,-0.0,0.2,5,0.2,0,0
37,0,-1,-0.0,0.2,5,0.2,0,0
38,1,0,0.0,0.2,5,0.2,0,0
39,1,0,0.0,0.2,5,0.2,0,0
40,2,1,28.22638,0.24,6,0.24,0,0
41,1,0,0.0,0.24,6,0.24,0,0
42,2,1,18.8927,0.32,8,0.32,0,0
43,1,0,0.0,0.32,8,0.32,0,0
44,2,1,15.451195,0.4,10,0.4,0,0
45,2,1,11.355066,0.48,12,0.48,0,0
46,0,-1,-25.113762,0.44,11,0.44,0,0
47,2,1,-7.39189,0.48,12,0.48,0,0
48,1,0,0.0,0.48,12,0.48,0,0
49,1,0,0.0,0.48,12,0.48,0,0
50,1,0,0.0,0.48,12,0.48,0,0
51,0,-1,-0.0,0.48,12,0.48,0,0
52,0,-1,-0.0,0.48,12,0.48,0,0
53,2,1,-8.498312,0.52,13,0.52,0,0
54,0,-1,-0.0,0.52,13,0.52,0,0
55,2,1,22.583641,0.56,14,0.56,0,0
56,0,-1,-22.583641,0.52,13,0.52,0,0
57,1,0,0.0,0.52,13,0.52,0,0
58,0,-1,8.498312,0.48,12,0.48,0,0
59,2,1,-44.493725,0.64,16,0.64,0,0
60,1,0,0.0,0.64,16,0.64,0,0
61,1,0,0.0,0.64,16,0.64,0,0
62,0,-1,-17.736612,0.68,17,0.68,0,0
63,2,1,-124.79867,0.84,21,0.84,0,0
64,2,1,-313.06796,0.92,23,0.92,0,0
65,0,-1,-0.0,0.92,23,0.92,0,0
66,0,-1,-0.0,0.92,23,0.92,0,0
67,0,-1,-0.0012884203,0.92,23,0.92,0,0
68,1,0,0.0,0.92,23,0.92,0,0
69,1,0,0.0,0.92,23,0.92,0,0
70,1,0,0.0,0.92,23,0.92,0,0
71,2,1,-1000.0,0.0,0,0.0,0,0
72,1,0,0.0,0.16,4,0.16,0,1
73,0,-1,-0.0,0.16,4,0.16,0,1
74,1,0,0.0,0.16,4,0.16,0,1
75,1,0,0.0,0.16,4,0.16,0,1
76,2,1,28.364332,0.2,5,0.2,0,1
77,0,-1,-0.0,0.2,5,0.2,0,1
78,1,0,0.0,0.2,5,0.2,0,1
79,2,1,23.955872,0.28,7,0.28,0,1
80,0,-1,-0.15642108,0.28,7,0.28,0,1
81,0,-1,-0.0,0.28,7,0.28,0,1
82,1,0,0.0,0.28,7,0.28,0,1
83,0,-1,-26.773045,0.24,6,0.24,0,1
84,1,0,0.0,0.24,6,0.24,0,1
85,1,0,0.0,0.24,6,0.24,0,1
86,2,1,18.8927,0.32,8,0.32,0,1
87,0,-1,-27.657686,0.28,7,0.28,0,1
88,2,1,16.432852,0.36,9,0.36,0,1
89,2,1,-5.82959,0.4,10,0.4,0,1
90,2,1,-6.5201416,0.44,11,0.44,0,1
91,0,-1,-0.0,0.44,11,0.44,0,1
92,0,-1,-0.0,0.44,11,0.44,0,1
93,1,0,0.0,0.44,11,0.44,0,1
94,0,-1,6.520777,0.4,10,0.4,0,1
95,1,0,0.0,0.4,10,0.4,0,1
96,1,0,0.0,0.4,10,0.4,0,1
97,2,1,11.355066,0.48,12,0.48,0,1
98,0,-1,-0.0,0.48,12,0.48,0,1
99,2,1,24.007345,0.52,13,0.52,0,1
100,1,0,0.0,0.52,13,0.52,0,1
101,0,-1,-0.0,0.52,13,0.52,0,1
102,1,0,0.0,0.52,13,0.52,0,1
103,1,0,0.0,0.52,13,0.52,0,1
104,1,0,0.0,0.52,13,0.52,0,1
105,2,1,1.8197838,0.6,15,0.6,0,1
106,2,1,-53.50636,0.76,19,0.76,0,1
107,2,1,-10.696547,0.8,20,0.8,0,1
108,1,0,0.0,0.8,20,0.8,0,1
109,0,-1,41.985336,0.76,19,0.76,0,1
110,0,-1,-0.0,0.76,19,0.76,0,1
111,0,-1,7.3985443,0.72,18,0.72,0,1
112,2,1,-7.3985443,0.76,19,0.76,0,1
113,0,-1,-0.0,0.76,19,0.76,0,1
114,1,0,0.0,0.76,19,0.76,0,1
115,2,1,-41.986008,0.8,20,0.8,0,1
116,2,1,-375.8721,0.92,23,0.92,0,1
117,1,0,0.0,0.92,23,0.92,0,1
118,0,-1,208.61096,0.88,22,0.88,0,1
119,2,1,21.59992,1.0,25,1.0,0,1
120,0,-1,-1000.0,0.0,0,0.0,0,1
121,2,1,28.364332,0.2,5,0.2,0,2
122,0,-1,-0.0,0.2,5,0.2,0,2
123,1,0,0.0,0.2,5,0.2,0,2
124,1,0,0.0,0.2,5,0.2,0,2
125,2,1,28.208652,0.24,6,0.24,0,2
126,0,-1,-0.0,0.24,6,0.24,0,2
127,2,1,-4.515744,0.28,7,0.28,0,2
128,0,-1,4.515744,0.24,6,0.24,0,2
129,1,0,0.0,0.24,6,0.24,0,2
130,1,0,0.0,0.24,6,0.24,0,2
131,2,1,26.767761,0.28,7,0.28,0,2
132,2,1,13.119488,0.4,10,0.4,0,2
133,1,0,0.0,0.4,10,0.4,0,2
134,2,1,17.554182,0.48,12,0.48,0,2
135,2,1,-8.498147,0.52,13,0.52,0,2
136,1,0,0.0,0.52,13,0.52,0,2
137,0,-1,-0.0040504737,0.52,13,0.52,0,2
138,1,0,0.0,0.52,13,0.52,0,2
139,1,0,0.0,0.52,13,0.52,0,2
140,0,-1,-0.004012119,0.52,13,0.52,0,2
141,2,1,6.3340287,0.6,15,0.6,0,2
142,2,1,-5.4134164,0.68,17,0.68,0,2
143,0,-1,17.735773,0.64,16,0.64,0,2
144,2,1,-17.735903,0.68,17,0.68,0,2
145,1,0,0.0,0.68,17,0.68,0,2
146,1,0,0.0,0.68,17,0.68,0,2
147,1,0,0.0,0.68,17,0.68,0,2
148,0,-1,17.735903,0.64,16,0.64,0,2
149,1,0,0.0,0.64,16,0.64,0,2
150,2,1,-13.850465,0.72,18,0.72,0,2
151,1,0,0.0,0.72,18,0.72,0,2
152,0,-1,-0.0,0.72,18,0.72,0,2
153,1,0,0.0,0.72,18,0.72,0,2
154,2,1,-30.097876,0.76,19,0.76,0,2
155,1,0,0.0,0.76,19,0.76,0,2
156,0,-1,3.536602,0.72,18,0.72,0,2
157,2,1,-30.09787,0.76,19,0.76,0,2
158,1,0,0.0,0.76,19,0.76,1,2
159,1,0,0.0,0.76,19,0.76,0,2
160,1,0,0.0,0.76,19,0.76,0,2
161,2,1,-41.98597,0.8,20,0.8,0,2
162,0,-1,41.98597,0.76,19,0.76,0,2
163,1,0,0.0,0.76,19,0.76,0,2
164,1,0,0.0,0.76,19,0.76,0,2
165,1,0,0.0,0.76,19,0.76,0,2
166,0,-1,1.6030377,0.72,18,0.72,0,2
167,2,1,-30.09787,0.76,19,0.76,0,2
168,2,1,-78.22405,0.84,21,0.84,0,2
169,0,-1,-0.0,0.84,21,0.84,0,2
170,1,0,0.0,0.84,21,0.84,0,2
171,2,1,-283.27322,0.92,23,0.92,0,2
172,1,0,0.0,0.92,23,0.92,0,2
173,1,0,0.0,0.92,23,0.92,0,2
174,0,-1,-0.0,0.92,23,0.92,0,2
175,0,-1,208.61096,0.88,22,0.88,0,2
176,0,-1,104.45696,0.84,21,0.84,0,2
177,2,1,-76.68552,0.88,22,0.88,0,2
178,1,0,0.0,0.88,22,0.88,0,2
179,1,0,0.0,0.88,22,0.88,0,2
180,1,0,0.0,0.88,22,0.88,0,2
181,0,-1,76.68552,0.84,21,0.84,0,2
182,1,0,0.0,0.84,21,0.84,0,2
183,1,0,0.0,0.84,21,0.84,0,2
184,1,0,0.0,0.84,21,0.84,0,2
185,0,-1,36.238045,0.8,20,0.8,0,2
186,1,0,0.0,0.8,20,0.8,0,2
187,0,-1,-19.572897,0.8,20,0.8,0,2
188,1,0,0.0,0.8,20,0.8,0,2
189,2,1,-36.238045,0.84,21,0.84,0,2
190,1,0,0.0,0.84,21,0.84,0,2
191,1,0,0.0,0.84,21,0.84,0,2
192,2,1,-287.8088,0.92,23,0.92,0,2
193,2,1,23.52347,1.0,25,1.0,0,2
194,2,1,-1000.0,0.0,0,0.0,0,2
195,1,0,0.0,0.16,4,0.16,0,3
196,1,0,0.0,0.16,4,0.16,0,3
197,2,1,-4.1406527,0.2,5,0.2,0,3
198,2,1,-4.278687,0.24,6,0.24,0,3
199,0,-1,-0.0,0.24,6,0.24,0,3
200,2,1,27.98924,0.28,7,0.28,0,3
201,2,1,-4.8479395,0.32,8,0.32,0,3
202,1,0,0.0,0.32,8,0.32,0,3
203,0,-1,4.847379,0.28,7,0.28,0,3
204,2,1,16.793488,0.4,10,0.4,0,3
205,0,-1,-0.0,0.4,10,0.4,0,3
206,1,0,0.0,0.4,10,0.4,0,3
207,2,1,21.522146,0.44,11,0.44,0,3
208,1,0,0.0,0.44,11,0.44,0,3
209,2,1,23.892282,0.48,12,0.48,0,3
210,2,1,20.002981,0.52,13,0.52,0,3
211,0,-1,8.497722,0.48,12,0.48,0,3
212,2,1,-3.4705594,0.6,15,0.6,0,3
213,2,1,-14.286362,0.64,16,0.64,0,3
214,0,-1,-0.0,0.64,16,0.64,0,3
215,0,-1,14.286496,0.6,15,0.6,0,3
216,1,0,0.0,0.6,15,0.6,0,3
217,2,1,15.365936,0.64,16,0.64,0,3
218,1,0,0.0,0.64,16,0.64,0,3
219,1,0,0.0,0.64,16,0.64,0,3
220,2,1,-43.813564,0.76,19,0.76,0,3
221,1,0,0.0,0.76,19,0.76,0,3
222,0,-1,-0.0,0.76,19,0.76,0,3
223,1,0,0.0,0.76,19,0.76,0,3
224,0,-1,-0.13550168,0.76,19,0.76,0,3
225,2,1,-41.98597,0.8,20,0.8,0,3
226,0,-1,41.98597,0.76,19,0.76,0,3
227,1,0,0.0,0.76,19,0.76,0,3
228,2,1,-15.221448,0.8,20,0.8,0,3
229,1,0,0.0,0.8,20,0.8,0,3
230,2,1,-33.153866,0.84,21,0.84,0,3
231,0,-1,-0.0,0.84,21,0.84,0,3
232,0,-1,-0.2025696,0.84,21,0.84,0,3
233,1,0,0.0,0.84,21,0.84,0,3
234,1,0,0.0,0.84,21,0.84,0,3
235,0,-1,36.867832,0.8,20,0.8,0,3
236,2,1,-62.804153,0.84,21,0.84,0,3
237,0,-1,36.039623,0.8,20,0.8,0,3
238,1,0,0.0,0.8,20,0.8,0,3
239,2,1,-39.4287,0.84,21,0.84,0,3
240,0,-1,-0.0,0.84,21,0.84,0,3
241,0,-1,-0.0,0.84,21,0.84,0,3
242,1,0,0.0,0.84,21,0.84,0,3
243,0,-1,38.592422,0.8,20,0.8,0,3
244,0,-1,12.333545,0.76,19,0.76,0,3
245,1,0,0.0,0.76,19,0.76,0,3
246,0,-1,-0.0,0.76,19,0.76,0,3
247,0,-1,-0.0,0.76,19,0.76,0,3
248,0,-1,30.097876,0.72,18,0.72,0,3
249,0,-1,-0.0,0.72,18,0.72,0,3
250,1,0,0.0,0.72,18,0.72,0,3
251,0,-1,-0.0,0.72,18,0.72,0,3
252,0,-1,-0.002741171,0.72,18,0.72,0,3
253,1,0,0.0,0.72,18,0.72,0,3
254,1,0,0.0,0.72,18,0.72,0,3
255,1,0,0.0,0.72,18,0.72,0,3
256,0,-1,-6.9744883,0.68,17,0.68,0,3
257,2,1,5.581258,0.72,18,0.72,0,3
258,1,0,0.0,0.72,18,0.72,0,3
259,2,1,-72.08388,0.8,20,0.8,0,3
260,2,1,-62.804146,0.84,21,0.84,0,3
261,1,0,0.0,0.84,21,0.84,0,3
262,1,0,0.0,0.84,21,0.84,0,3
263,2,1,-104.45699,0.88,22,0.88,0,3
264,1,0,0.0,0.88,22,0.88,0,3
265,0,-1,-0.0,0.88,22,0.88,0,3
266,1,0,0.0,0.88,22,0.88,0,3
267,1,0,0.0,0.88,22,0.88,0,3
268,0,-1,-0.0,0.88,22,0.88,0,3
269,1,0,0.0,0.88,22,0.88,0,3
270,0,-1,-0.0,0.88,22,0.88,0,3
271,2,1,-208.61096,0.92,23,0.92,0,3
272,1,0,0.0,0.92,23,0.92,0,3
273,2,1,-601.0542,0.96,24,0.96,0,3
274,1,0,0.0,0.96,24,0.96,0,3
275,2,1,2.018549e-07,1.0,25,1.0,0,3
276,1,0,-1000.0,0.0,0,0.0,0,3
277,2,1,28.364332,0.2,5,0.2,0,4
278,1,0,0.0,0.2,5,0.2,0,4
279,0,-1,-0.0,0.2,5,0.2,0,4
280,0,-1,-0.0,0.2,5,0.2,0,4
281,1,0,0.0,0.2,5,0.2,0,4
282,1,0,0.0,0.2,5,0.2,0,4
283,0,-1,-28.364332,0.16,4,0.16,0,4
284,2,1,-4.1407347,0.2,5,0.2,0,4
285,2,1,28.208652,0.24,6,0.24,0,4
286,0,-1,-0.0,0.24,6,0.24,0,4
287,0,-1,4.278687,0.2,5,0.2,0,4
288,0,-1,-0.0,0.2,5,0.2,0,4
289,1,0,0.0,0.2,5,0.2,0,4
290,2,1,19.461393,0.28,7,0.28,0,4
291,0,-1,-23.740671,0.24,6,0.24,0,4
292,0,-1,-28.208652,0.2,5,0.2,0,4
293,1,0,0.0,0.2,5,0.2,0,4
294,0,-1,4.1407347,0.16,4,0.16,0,4
295,1,0,0.0,0.16,4,0.16,0,4
296,2,1,-4.1407347,0.2,5,0.2,0,4
297,2,1,23.692236,0.28,7,0.28,0,4
298,1,0,0.0,0.28,7,0.28,0,4
299,0,-1,-0.0,0.28,7,0.28,0,4
300,2,1,-10.12841,0.36,9,0.36,0,4
301,1,0,0.0,0.36,9,0.36,0,4
302,0,-1,-0.0,0.36,9,0.36,0,4
303,1,0,0.0,0.36,9,0.36,0,4
304,1,0,0.0,0.36,9,0.36,0,4
305,1,0,0.0,0.36,9,0.36,0,4
306,0,-1,-0.0,0.36,9,0.36,0,4
307,2,1,26.67603,0.4,10,0.4,0,4
308,2,1,21.736273,0.44,11,0.44,0,4
309,0,-1,-0.0,0.44,11,0.44,0,4
310,2,1,12.152752,0.52,13,0.52,0,4
311,0,-1,-19.544647,0.48,12,0.48,0,4
312,0,-1,-20.865192,0.44,11,0.44,0,4
313,0,-1,-0.0,0.44,11,0.44,0,4
314,1,0,0.0,0.44,11,0.44,0,4
315,2,1,23.897566,0.48,12,0.48,0,4
316,0,-1,-0.17004603,0.48,12,0.48,0,4
317,2,1,19.544647,0.52,13,0.52,0,4
318,0,-1,-0.19791,0.52,13,0.52,0,4
319,2,1,-9.922011,0.56,14,0.56,0,4
320,1,0,0.0,0.56,14,0.56,0,4
321,0,-1,-21.367445,0.52,13,0.52,0,4
322,2,1,18.335072,0.56,14,0.56,0,4
323,0,-1,9.922011,0.52,13,0.52,0,4
324,2,1,-9.922011,0.56,14,0.56,0,4
325,0,-1,9.922011,0.52,13,0.52,0,4
326,2,1,-9.922011,0.56,14,0.56,0,4
327,0,-1,9.92201,0.52,13,0.52,0,4
328,0,-1,-0.0,0.52,13,0.52,0,4
329,0,-1,8.498307,0.48,12,0.48,0,4
330,2,1,-8.4982815,0.52,13,0.52,0,4
331,2,1,4.900119,0.6,15,0.6,0,4
332,0,-1,11.78675,0.56,14,0.56,0,4
333,0,-1,9.921978,0.52,13,0.52,0,4
334,0,-1,-18.110739,0.48,12,0.48,0,4
335,0,-1,7.391865,0.44,11,0.44,0,4
336,0,-1,-0.0,0.44,11,0.44,0,4
337,0,-1,-0.0,0.44,11,0.44,0,4
338,0,-1,-0.0,0.44,11,0.44,0,4
339,1,0,0.0,0.44,11,0.44,0,4
340,0,-1,6.5206485,0.4,10,0.4,0,4
341,1,0,0.0,0.4,10,0.4,0,4
342,0,-1,-0.0,0.4,10,0.4,0,4
343,0,-1,-22.427462,0.36,9,0.36,0,4
344,0,-1,-27.207449,0.32,8,0.32,0,4
345,0,-1,-0.0,0.32,8,0.32,0,4
346,2,1,-5.280317,0.36,9,0.36,0,4
347,2,1,26.658304,0.4,10,0.4,0,4
348,2,1,-6.520649,0.44,11,0.44,0,4
349,2,1,-15.890165,0.52,13,0.52,0,4
350,0,-1,-0.0,0.52,13,0.52,0,4
351,2,1,9.586318,0.6,15,0.6,0,4
352,0,-1,-0.17648853,0.6,15,0.6,0,4
353,1,0,0.0,0.6,15,0.6,0,4
354,0,-1,-14.353426,0.56,14,0.56,0,4
355,0,-1,-0.0,0.56,14,0.56,0,4
356,2,1,-11.786884,0.6,15,0.6,0,4
357,1,0,0.0,0.6,15,0.6,0,4
358,0,-1,-0.0,0.6,15,0.6,0,4
359,0,-1,-0.15735848,0.6,15,0.6,0,4
360,2,1,-14.2864895,0.64,16,0.64,0,4
361,1,0,0.0,0.64,16,0.64,0,4
362,1,0,0.0,0.64,16,0.64,0,4
363,0,-1,-0.0,0.64,16,0.64,0,4
364,0,-1,14.2864895,0.6,15,0.6,0,4
365,1,0,0.0,0.6,15,0.6,0,4
366,2,1,-14.2864895,0.64,16,0.64,0,4
367,0,-1,14.286496,0.6,15,0.6,0,4
368,2,1,-26.44121,0.72,18,0.72,0,4
369,1,0,0.0,0.72,18,0.72,0,4
370,1,0,0.0,0.72,18,0.72,0,4
371,0,-1,-0.0,0.72,18,0.72,0,4
372,0,-1,-0.0,0.72,18,0.72,0,4
373,1,0,0.0,0.72,18,0.72,0,4
374,0,-1,-0.0044092326,0.72,18,0.72,0,4
375,0,-1,22.675829,0.68,17,0.68,0,4
376,2,1,-22.675827,0.72,18,0.72,0,4
377,1,0,0.0,0.72,18,0.72,0,4
378,2,1,-72.08391,0.8,20,0.8,0,4
379,1,0,0.0,0.8,20,0.8,0,4
380,0,-1,41.986004,0.76,19,0.76,0,4
381,1,0,0.0,0.76,19,0.76,0,4
382,0,-1,-0.0,0.76,19,0.76,0,4
383,0,-1,-0.0042451704,0.76,19,0.76,0,4
384,1,0,0.0,0.76,19,0.76,0,4
385,1,0,0.0,0.76,19,0.76,0,4
386,1,0,0.0,0.76,19,0.76,0,4
387,0,-1,-0.0,0.76,19,0.76,0,4
388,1,0,0.0,0.76,19,0.76,0,4
389,0,-1,-0.0,0.76,19,0.76,0,4
390,0,-1,-0.0040261038,0.76,19,0.76,0,4
391,1,0,0.0,0.76,19,0.76,0,4
392,1,0,0.0,0.76,19,0.76,0,4
393,0,-1,-0.0,0.76,19,0.76,0,4
394,1,0,0.0,0.76,19,0.76,0,4
395,1,0,0.0,0.76,19,0.76,0,4
396,2,1,-15.424703,0.8,20,0.8,0,4
397,1,0,0.0,0.8,20,0.8,0,4
398,2,1,-62.80418,0.84,21,0.84,0,4
399,0,-1,31.51472,0.8,20,0.8,0,4
400,1,0,0.0,0.8,20,0.8,0,4
401,1,0,0.0,0.8,20,0.8,0,4
402,0,-1,-0.0,0.8,20,0.8,0,4
403,0,-1,-0.0056216973,0.8,20,0.8,0,4
404,1,0,0.0,0.8,20,0.8,0,4
405,1,0,0.0,0.8,20,0.8,0,4
406,2,1,-37.536404,0.84,21,0.84,0,4
407,0,-1,-0.0,0.84,21,0.84,0,4
408,1,0,0.0,0.84,21,0.84,0,4
409,1,0,0.0,0.84,21,0.84,0,4
410,0,-1,-0.0,0.84,21,0.84,0,4
411,0,-1,-0.0,0.84,21,0.84,0,4
412,1,0,0.0,0.84,21,0.84,0,4
413,2,1,-104.45699,0.88,22,0.88,0,4
414,2,1,-802.58167,0.96,24,0.96,0,4
415,0,-1,599.99817,0.92,23,0.92,0,4
416,1,0,0.0,0.92,23,0.92,0,4
417,0,-1,208.61096,0.88,22,0.88,0,4
418,0,-1,104.45696,0.84,21,0.84,0,4
419,1,0,0.0,0.84,21,0.84,0,4
420,1,0,0.0,0.84,21,0.84,0,4
421,2,1,-104.45696,0.88,22,0.88,0,4
422,1,0,0.0,0.88,22,0.88,0,4
423,0,-1,104.457,0.84,21,0.84,0,4
424,0,-1,-0.18139096,0.84,21,0.84,0,4
425,0,-1,36.66384,0.8,20,0.8,0,4
426,1,0,0.0,0.8,20,0.8,0,4
427,1,0,0.0,0.8,20,0.8,0,4
428,0,-1,-0.0,0.8,20,0.8,0,4
429,1,0,0.0,0.8,20,0.8,0,4
430,0,-1,-0.0,0.8,20,0.8,0,4
431,2,1,-34.30289,0.84,21,0.84,0,4
432,0,-1,-0.0,0.84,21,0.84,0,4
433,2,1,-313.06793,0.92,23,0.92,0,4
434,2,1,31.462822,1.0,25,1.0,0,4
435,1,0,-1000.0,0.0,0,0.0,0,4
436,1,0,0.0,0.16,4,0.16,0,5
437,2,1,-4.1407347,0.2,5,0.2,0,5
438,0,-1,-0.0,0.2,5,0.2,0,5
439,0,-1,-0.0,0.2,5,0.2,0,5
440,1,0,0.0,0.2,5,0.2,0,5
441,1,0,0.0,0.2,5,0.2,0,5
442,2,1,-4.278605,0.24,6,0.24,0,5
443,0,-1,4.278687,0.2,5,0.2,0,5
444,0,-1,-0.0,0.2,5,0.2,0,5
445,1,0,0.0,0.2,5,0.2,0,5
446,0,-1,4.1406527,0.16,4,0.16,0,5
447,0,-1,-0.0,0.16,4,0.16,0,5
448,1,0,0.0,0.16,4,0.16,0,5
449,2,1,28.346605,0.2,5,0.2,0,5
450,1,0,0.0,0.2,5,0.2,0,5
451,0,-1,-0.0,0.2,5,0.2,0,5
452,1,0,0.0,0.2,5,0.2,0,5
453,1,0,0.0,0.2,5,0.2,0,5
454,2,1,28.22638,0.24,6,0.24,0,5
455,1,0,0.0,0.24,6,0.24,0,5
456,1,0,0.0,0.24,6,0.24,0,5
457,2,1,-4.515744,0.28,7,0.28,0,5
458,2,1,18.128635,0.36,9,0.36,0,5
459,2,1,-5.829461,0.4,10,0.4,0,5
460,0,-1,5.829461,0.36,9,0.36,0,5
461,1,0,0.0,0.36,9,0.36,0,5
462,1,0,0.0,0.36,9,0.36,0,5
463,1,0,0.0,0.36,9,0.36,0,5
464,1,0,0.0,0.36,9,0.36,0,5
465,0,-1,5.27981,0.32,8,0.32,0,5
466,1,0,0.0,0.32,8,0.32,0,5
467,0,-1,-23.409119,0.28,7,0.28,0,5
468,2,1,26.436209,0.32,8,0.32,0,5
469,1,0,0.0,0.32,8,0.32,0,5
470,0,-1,-0.0,0.32,8,0.32,0,5
471,2,1,26.008978,0.36,9,0.36,0,5
472,0,-1,-26.003696,0.32,8,0.32,0,5
473,0,-1,4.847379,0.28,7,0.28,0,5
474,0,-1,-0.0,0.28,7,0.28,0,5
475,2,1,13.033225,0.4,10,0.4,0,5
476,2,1,-6.5206485,0.44,11,0.44,0,5
477,1,0,0.0,0.44,11,0.44,0,5
478,0,-1,6.5206485,0.4,10,0.4,0,5
479,0,-1,-0.0,0.4,10,0.4,0,5
480,1,0,0.0,0.4,10,0.4,0,5
481,1,0,0.0,0.4,10,0.4,0,5
482,0,-1,-22.671667,0.36,9,0.36,0,5
483,2,1,19.11238,0.44,11,0.44,0,5
484,1,0,0.0,0.44,11,0.44,0,5
485,1,0,0.0,0.44,11,0.44,0,5
486,1,0,0.0,0.44,11,0.44,0,5
487,0,-1,-0.0,0.44,11,0.44,0,5
488,2,1,12.366879,0.52,13,0.52,0,5
489,1,0,0.0,0.52,13,0.52,0,5
490,0,-1,-0.18968947,0.52,13,0.52,0,5
491,0,-1,-0.0,0.52,13,0.52,0,5
492,1,0,0.0,0.52,13,0.52,0,5
493,1,0,0.0,0.52,13,0.52,0,5
494,0,-1,-0.0,0.52,13,0.52,0,5
495,2,1,4.8523736,0.6,15,0.6,0,5
496,1,0,0.0,0.6,15,0.6,0,5
497,0,-1,-0.0,0.6,15,0.6,0,5
498,0,-1,-0.0,0.6,15,0.6,0,5
499,0,-1,-0.0,0.6,15,0.6,0,5
500,2,1,14.2147665,0.64,16,0.64,0,5
501,0,-1,-12.274778,0.6,15,0.6,0,5
502,1,0,0.0,0.6,15,0.6,0,5
503,0,-1,-0.0038925202,0.6,15,0.6,0,5
504,0,-1,-16.470173,0.56,14,0.56,0,5
505,1,0,0.0,0.56,14,0.56,0,5
506,1,0,0.0,0.56,14,0.56,0,5
507,0,-1,-0.0,0.56,14,0.56,0,5
508,0,-1,-0.0,0.56,14,0.56,0,5
509,0,-1,-0.0,0.56,14,0.56,0,5
510,2,1,3.0041258,0.64,16,0.64,0,5
511,0,-1,-0.0,0.64,16,0.64,0,5
512,0,-1,-0.0038308254,0.64,16,0.64,0,5
513,0,-1,-0.0,0.64,16,0.64,0,5
514,2,1,-17.735903,0.68,17,0.68,0,5
515,2,1,-26.111107,0.76,19,0.76,0,5
516,2,1,-75.08565,0.84,21,0.84,0,5
517,1,0,0.0,0.84,21,0.84,0,5
518,2,1,-76.68619,0.88,22,0.88,0,5
519,0,-1,-0.0,0.88,22,0.88,0,5
520,1,0,0.0,0.88,22,0.88,0,5
521,1,0,0.0,0.88,22,0.88,0,5
522,0,-1,77.694084,0.84,21,0.84,0,5
523,2,1,-78.31666,0.88,22,0.88,0,5
524,1,0,0.0,0.88,22,0.88,0,5
525,1,0,0.0,0.88,22,0.88,0,5
526,0,-1,-0.0,0.88,22,0.88,0,5
527,0,-1,78.31666,0.84,21,0.84,0,5
528,2,1,-77.124344,0.88,22,0.88,0,5
529,0,-1,76.68619,0.84,21,0.84,0,5
530,1,0,0.0,0.84,21,0.84,0,5
531,1,0,0.0,0.84,21,0.84,0,5
532,1,0,0.0,0.84,21,0.84,1,5
533,0,-1,62.804146,0.8,20,0.8,0,5
534,0,-1,16.055584,0.76,19,0.76,0,5
535,0,-1,30.03973,0.72,18,0.72,0,5
536,2,1,-11.676649,0.76,19,0.76,0,5
537,1,0,0.0,0.76,19,0.76,0,5
538,1,0,0.0,0.76,19,0.76,0,5
539,2,1,-24.939793,0.8,20,0.8,0,5
540,2,1,-51.437202,0.84,21,0.84,0,5
541,0,-1,-0.0,0.84,21,0.84,0,5
542,1,0,0.0,0.84,21,0.84,0,5
543,0,-1,45.75797,0.8,20,0.8,0,5
544,0,-1,30.619026,0.76,19,0.76,0,5
545,2,1,-88.442566,0.84,21,0.84,0,5
546,1,0,0.0,0.84,21,0.84,0,5
547,1,0,0.0,0.84,21,0.84,0,5
548,1,0,0.0,0.84,21,0.84,0,5
549,2,1,-78.52657,0.88,22,0.88,0,5
550,0,-1,-5.194363,0.88,22,0.88,0,5
551,1,0,0.0,0.88,22,0.88,0,5
552,2,1,-206.5238,0.92,23,0.92,0,5
553,2,1,-599.1223,0.96,24,0.96,0,5
554,1,0,0.0,0.96,24,0.96,0,5
555,1,0,0.0,0.96,24,0.96,0,5
556,1,0,0.0,0.96,24,0.96,0,5
557,2,1,9.992009,1.0,25,1.0,0,5
558,0,-1,-1000.0,0.0,0,0.0,0,5
559,0,-1,-0.0,0.16,4,0.16,0,6
560,1,0,0.0,0.16,4,0.16,0,6
561,0,-1,-0.0,0.16,4,0.16,0,6
562,1,0,0.0,0.16,4,0.16,0,6
563,0,-1,-0.0,0.16,4,0.16,0,6
564,1,0,0.0,0.16,4,0.16,0,6
565,0,-1,-0.0,0.16,4,0.16,0,6
566,1,0,0.0,0.16,4,0.16,0,6
567,1,0,0.0,0.16,4,0.16,0,6
568,0,-1,-0.0,0.16,4,0.16,0,6
569,0,-1,-0.0,0.16,4,0.16,0,6
570,0,-1,-0.0,0.16,4,0.16,0,6
571,2,1,-4.1406527,0.2,5,0.2,0,6
572,2,1,23.70996,0.28,7,0.28,0,6
573,0,-1,-0.0,0.28,7,0.28,0,6
574,2,1,22.623116,0.36,9,0.36,0,6
575,1,0,0.0,0.36,9,0.36,0,6
576,0,-1,-26.008978,0.32,8,0.32,0,6
577,0,-1,4.847804,0.28,7,0.28,0,6
578,1,0,0.0,0.28,7,0.28,0,6
579,2,1,-4.8479395,0.32,8,0.32,0,6
580,1,0,0.0,0.32,8,0.32,0,6
581,0,-1,-0.0,0.32,8,0.32,0,6
582,1,0,0.0,0.32,8,0.32,0,6
583,2,1,-17.630163,0.44,11,0.44,0,6
584,2,1,20.865192,0.48,12,0.48,0,6
585,0,-1,-0.0,0.48,12,0.48,0,6
586,2,1,22.785866,0.52,13,0.52,0,6
587,0,-1,-19.758776,0.48,12,0.48,0,6
588,1,0,0.0,0.48,12,0.48,0,6
589,0,-1,-0.0,0.48,12,0.48,0,6
590,0,-1,-0.30990842,0.48,12,0.48,0,6
591,0,-1,7.3913045,0.44,11,0.44,0,6
592,1,0,0.0,0.44,11,0.44,0,6
593,1,0,0.0,0.44,11,0.44,0,6
594,2,1,3.265344,0.56,14,0.56,0,6
595,1,0,0.0,0.56,14,0.56,0,6
596,1,0,0.0,0.56,14,0.56,0,6
597,0,-1,-0.25072703,0.56,14,0.56,0,6
598,2,1,1.9695174,0.64,16,0.64,0,6
599,2,1,-17.7359,0.68,17,0.68,0,6
600,1,0,0.0,0.68,17,0.68,0,6
601,1,0,0.0,0.68,17,0.68,0,6
602,0,-1,-0.0,0.68,17,0.68,0,6
603,0,-1,17.735903,0.64,16,0.64,0,6
604,2,1,-13.749139,0.72,18,0.72,0,6
605,0,-1,-0.0,0.72,18,0.72,0,6
606,2,1,-30.097902,0.76,19,0.76,0,6
607,0,-1,4.1641755,0.72,18,0.72,0,6
608,0,-1,-5.36713,0.68,17,0.68,0,6
609,2,1,5.36713,0.72,18,0.72,0,6
610,0,-1,-0.0,0.72,18,0.72,0,6
611,1,0,0.0,0.72,18,0.72,0,6
612,0,-1,-3.3281717,0.68,17,0.68,0,6
613,1,0,0.0,0.68,17,0.68,0,6
614,0,-1,17.735933,0.64,16,0.64,0,6
615,0,-1,-0.0,0.64,16,0.64,0,6
616,0,-1,-0.0,0.64,16,0.64,0,6
617,2,1,-17.735933,0.68,17,0.68,0,6
618,0,-1,-0.0,0.68,17,0.68,0,6
619,1,0,0.0,0.68,17,0.68,0,6
620,0,-1,-0.0,0.68,17,0.68,0,6
621,0,-1,-0.0,0.68,17,0.68,0,6
622,1,0,0.0,0.68,17,0.68,0,6
623,1,0,0.0,0.68,17,0.68,0,6
624,0,-1,17.735933,0.64,16,0.64,0,6
625,1,0,0.0,0.64,16,0.64,0,6
626,2,1,-39.033768,0.76,19,0.76,0,6
627,0,-1,30.09787,0.72,18,0.72,0,6
628,0,-1,-0.18363933,0.72,18,0.72,0,6
629,0,-1,-0.0,0.72,18,0.72,0,6
630,1,0,0.0,0.72,18,0.72,0,6
631,0,-1,-4.087081,0.68,17,0.68,0,6
632,0,-1,-10.761417,0.64,16,0.64,0,6
633,0,-1,-0.18387717,0.64,16,0.64,0,6
634,0,-1,-0.19636156,0.64,16,0.64,0,6
635,0,-1,-13.7564335,0.6,15,0.6,0,6
636,0,-1,-0.19380827,0.6,15,0.6,0,6
637,0,-1,-0.1809949,0.6,15,0.6,0,6
638,0,-1,-0.0,0.6,15,0.6,0,6
639,0,-1,-0.0,0.6,15,0.6,0,6
640,0,-1,11.786911,0.56,14,0.56,0,6
641,2,1,17.86555,0.6,15,0.6,0,6
642,1,0,0.0,0.6,15,0.6,0,6
643,1,0,0.0,0.6,15,0.6,0,6
644,2,1,13.484284,0.64,16,0.64,0,6
645,0,-1,-0.0,0.64,16,0.64,0,6
646,1,0,0.0,0.64,16,0.64,0,6
647,1,0,0.0,0.64,16,0.64,0,6
648,0,-1,-0.0,0.64,16,0.64,0,6
649,1,0,0.0,0.64,16,0.64,0,6
650,0,-1,-0.0,0.64,16,0.64,0,6
651,1,0,0.0,0.64,16,0.64,0,6
652,0,-1,-0.0,0.64,16,0.64,0,6
653,0,-1,-0.19905806,0.64,16,0.64,0,6
654,0,-1,14.286496,0.6,15,0.6,0,6
655,0,-1,-16.470173,0.56,14,0.56,0,6
656,1,0,0.0,0.56,14,0.56,0,6
657,0,-1,-17.848795,0.52,13,0.52,0,6
658,1,0,0.0,0.52,13,0.52,0,6
659,2,1,17.849766,0.56,14,0.56,0,6
660,0,-1,-0.0,0.56,14,0.56,0,6
661,1,0,0.0,0.56,14,0.56,0,6
662,0,-1,-0.0,0.56,14,0.56,0,6
663,1,0,0.0,0.56,14,0.56,0,6
664,1,0,0.0,0.56,14,0.56,0,6
665,0,-1,-0.0,0.56,14,0.56,0,6
666,1,0,0.0,0.56,14,0.56,0,6
667,0,-1,9.921425,0.52,13,0.52,0,6
668,2,1,-9.921425,0.56,14,0.56,0,6
669,1,0,0.0,0.56,14,0.56,0,6
670,0,-1,9.92185,0.52,13,0.52,0,6
671,2,1,-9.921978,0.56,14,0.56,0,6
672,1,0,0.0,0.56,14,0.56,0,6
673,1,0,0.0,0.56,14,0.56,0,6
674,0,-1,9.921343,0.52,13,0.52,0,6
675,0,-1,-0.0,0.52,13,0.52,0,6
676,2,1,-9.92201,0.56,14,0.56,0,6
677,0,-1,-0.0,0.56,14,0.56,0,6
678,2,1,-43.80854,0.68,17,0.68,0,6
679,2,1,-232.82753,0.88,22,0.88,0,6
680,2,1,-180.84015,0.92,23,0.92,0,6
681,0,-1,-0.0,0.92,23,0.92,0,6
682,2,1,25.508877,1.0,25,1.0,0,6
683,2,1,-1000.0,0.0,0,0.0,0,6
684,2,1,28.346605,0.2,5,0.2,0,7
685,0,-1,-0.0,0.2,5,0.2,0,7
686,2,1,19.461393,0.28,7,0.28,0,7
687,0,-1,-23.740671,0.24,6,0.24,0,7
688,0,-1,-0.0,0.24,6,0.24,0,7
689,1,0,0.0,0.24,6,0.24,0,7
690,1,0,0.0,0.24,6,0.24,0,7
691,0,-1,4.278687,0.2,5,0.2,0,7
692,1,0,0.0,0.2,5,0.2,0,7
693,1,0,0.0,0.2,5,0.2,0,7
694,2,1,-4.278687,0.24,6,0.24,0,7
695,1,0,0.0,0.24,6,0.24,0,7
696,2,1,23.740671,0.28,7,0.28,0,7
697,0,-1,-0.0,0.28,7,0.28,0,7
698,2,1,-4.847297,0.32,8,0.32,0,7
699,1,0,0.0,0.32,8,0.32,0,7
700,1,0,0.0,0.32,8,0.32,0,7
701,1,0,0.0,0.32,8,0.32,0,7
702,1,0,0.0,0.32,8,0.32,0,7
703,2,1,15.134242,0.44,11,0.44,0,7
704,1,0,0.0,0.44,11,0.44,0,7
705,0,-1,-19.483187,0.4,10,0.4,0,7
706,1,0,0.0,0.4,10,0.4,0,7
707,0,-1,-0.0,0.4,10,0.4,0,7
708,2,1,-6.520649,0.44,11,0.44,0,7
709,2,1,19.169409,0.48,12,0.48,0,7
710,2,1,-8.498146,0.52,13,0.52,0,7
711,2,1,-21.708895,0.6,15,0.6,0,7
712,2,1,-6.754689,0.68,17,0.68,0,7
713,0,-1,-13.54824,0.64,16,0.64,0,7
714,0,-1,14.286522,0.6,15,0.6,0,7
715,2,1,-0.73320955,0.68,17,0.68,0,7
716,1,0,0.0,0.68,17,0.68,0,7
717,1,0,0.0,0.68,17,0.68,0,7
718,0,-1,-0.0,0.68,17,0.68,0,7
719,1,0,0.0,0.68,17,0.68,0,7
720,2,1,8.613631,0.72,18,0.72,0,7
721,0,-1,-0.0,0.72,18,0.72,0,7
722,0,-1,22.6758,0.68,17,0.68,0,7
723,0,-1,-0.18968947,0.68,17,0.68,0,7
724,2,1,5.8215265,0.72,18,0.72,0,7
725,1,0,0.0,0.72,18,0.72,0,7
726,0,-1,-2.5919468,0.68,17,0.68,0,7
727,0,-1,-8.268063,0.64,16,0.64,0,7
728,2,1,-12.36881,0.72,18,0.72,0,7
729,0,-1,-3.8854747,0.68,17,0.68,0,7
730,0,-1,-10.761417,0.64,16,0.64,0,7
731,1,0,0.0,0.64,16,0.64,0,7
732,1,0,0.0,0.64,16,0.64,0,7
733,1,0,0.0,0.64,16,0.64,0,7
734,0,-1,-0.0038925202,0.64,16,0.64,0,7
735,1,0,0.0,0.64,16,0.64,0,7
736,2,1,-40.411728,0.72,18,0.72,0,7
737,1,0,0.0,0.72,18,0.72,0,7
738,2,1,-0.44758847,0.76,19,0.76,0,7
739,1,0,0.0,0.76,19,0.76,0,7
740,2,1,-209.24715,0.88,22,0.88,0,7
741,0,-1,-0.0,0.88,22,0.88,0,7
742,1,0,0.0,0.88,22,0.88,0,7
743,1,0,0.0,0.88,22,0.88,0,7
744,0,-1,-0.19770592,0.88,22,0.88,0,7
745,1,0,0.0,0.88,22,0.88,0,7
746,0,-1,-0.0038308254,0.88,22,0.88,0,7
747,0,-1,-0.0,0.88,22,0.88,0,7
748,0,-1,104.45699,0.84,21,0.84,0,7
749,0,-1,-0.19271593,0.84,21,0.84,0,7
750,0,-1,-0.0038230405,0.84,21,0.84,0,7
751,1,0,0.0,0.84,21,0.84,0,7
752,1,0,0.0,0.84,21,0.84,0,7
753,2,1,-77.89569,0.88,22,0.88,0,7
754,0,-1,104.45699,0.84,21,0.84,0,7
755,0,-1,62.804146,0.8,20,0.8,0,7
756,2,1,-137.46692,0.88,22,0.88,0,7
757,0,-1,104.45699,0.84,21,0.84,0,7
758,1,0,0.0,0.84,21,0.84,0,7
759,1,0,0.0,0.84,21,0.84,0,7
760,2,1,-104.45699,0.88,22,0.88,0,7
761,0,-1,-0.0,0.88,22,0.88,0,7
762,0,-1,104.45697,0.84,21,0.84,0,7
763,2,1,-104.45699,0.88,22,0.88,0,7
764,0,-1,-0.0,0.88,22,0.88,0,7
765,1,0,0.0,0.88,22,0.88,0,7
766,2,1,4.0384977e-05,1.0,25,1.0,0,7
767,2,1,-1000.0,0.0,0,0.0,0,7
768,0,-1,-0.0,0.16,4,0.16,0,8
769,2,1,-4.1407347,0.2,5,0.2,0,8
770,1,0,0.0,0.2,5,0.2,0,8
771,0,-1,-0.0,0.2,5,0.2,0,8
772,2,1,28.208652,0.24,6,0.24,0,8
773,1,0,0.0,0.24,6,0.24,0,8
774,2,1,-4.516252,0.28,7,0.28,0,8
775,0,-1,4.516252,0.24,6,0.24,0,8
776,2,1,27.98924,0.28,7,0.28,0,8
777,1,0,0.0,0.28,7,0.28,0,8
778,0,-1,-27.98924,0.24,6,0.24,0,8
779,0,-1,4.278687,0.2,5,0.2,0,8
780,2,1,28.22638,0.24,6,0.24,0,8
781,0,-1,-0.0,0.24,6,0.24,0,8
782,2,1,26.767761,0.28,7,0.28,0,8
783,1,0,0.0,0.28,7,0.28,0,8
784,0,-1,-0.0,0.28,7,0.28,0,8
785,2,1,13.119488,0.4,10,0.4,0,8
786,0,-1,-0.0,0.4,10,0.4,0,8
787,1,0,0.0,0.4,10,0.4,0,8
788,0,-1,-22.66773,0.36,9,0.36,1,8
789,1,0,0.0,0.36,9,0.36,0,8
790,0,-1,-11.833002,0.36,9,0.36,0,8
791,2,1,25.461376,0.4,10,0.4,0,8
792,0,-1,-25.461376,0.36,9,0.36,0,8
793,1,0,0.0,0.36,9,0.36,0,8
794,0,-1,-26.002026,0.32,8,0.32,0,8
795,2,1,13.142303,0.36,9,0.36,0,8
796,2,1,10.513894,0.4,10,0.4,0,8
797,1,0,0.0,0.4,10,0.4,0,8
798,1,0,0.0,0.4,10,0.4,0,8
799,1,0,0.0,0.4,10,0.4,0,8
800,1,0,0.0,0.4,10,0.4,0,8
801,0,-1,-22.431519,0.36,9,0.36,0,8
802,2,1,4.73315,0.44,11,0.44,0,8
803,1,0,0.0,0.44,11,0.44,0,8
804,0,-1,-8.1935596e-08,0.44,11,0.44,0,8
805,0,-1,-4.1573715,0.4,10,0.4,0,8
806,1,0,0.0,0.4,10,0.4,0,8
807,0,-1,-30.36612,0.44,11,0.44,0,8
808,1,0,0.0,0.44,11,0.44,0,8
809,1,0,0.0,0.44,11,0.44,0,8
810,0,-1,-25.965548,0.4,10,0.4,0,8
811,1,0,0.0,0.4,10,0.4,0,8
812,2,1,18.573652,0.48,12,0.48,0,8
813,1,0,0.0,0.48,12,0.48,0,8
814,1,0,0.0,0.48,12,0.48,0,8
815,2,1,-3.4821453,0.56,14,0.56,0,8
816,1,0,0.0,0.56,14,0.56,0,8
817,1,0,0.0,0.56,14,0.56,0,8
818,2,1,16.474205,0.6,15,0.6,0,8
819,0,-1,-0.0,0.6,15,0.6,0,8
820,2,1,-2.1770577,0.64,16,0.64,0,8
821,2,1,-10.562167,0.68,17,0.68,0,8
822,0,-1,-31.979233,0.72,18,0.72,0,8
823,2,1,-40.796345,0.8,20,0.8,0,8
824,0,-1,-0.0,0.8,20,0.8,0,8
825,0,-1,34.812237,0.76,19,0.76,0,8
826,1,0,0.0,0.76,19,0.76,0,8
827,0,-1,-0.0,0.76,19,0.76,0,8
828,1,0,0.0,0.76,19,0.76,0,8
829,1,0,0.0,0.76,19,0.76,0,8
830,0,-1,-0.27128983,0.76,19,0.76,0,8
831,0,-1,-0.1830863,0.76,19,0.76,0,8
832,1,0,0.0,0.76,19,0.76,0,8
833,1,0,0.0,0.76,19,0.76,0,8
834,0,-1,20.794527,0.72,18,0.72,0,8
835,0,-1,-39.401325,0.76,19,0.76,0,8
836,0,-1,4.098959,0.72,18,0.72,0,8
837,2,1,-22.16904,0.76,19,0.76,0,8
838,0,-1,-0.0,0.76,19,0.76,0,8
839,0,-1,1.8367872,0.72,18,0.72,0,8
840,1,0,0.0,0.72,18,0.72,0,8
841,2,1,-16.817417,0.76,19,0.76,0,8
842,2,1,-10.694929,0.8,20,0.8,0,8
843,1,0,0.0,0.8,20,0.8,0,8
844,0,-1,29.87654,0.76,19,0.76,0,8
845,0,-1,-6.359233e-08,0.76,19,0.76,0,8
846,0,-1,-7.3205484e-08,0.76,19,0.76,0,8
847,0,-1,-1.1931721,0.72,18,0.72,0,8
848,2,1,-65.764206,0.8,20,0.8,0,8
849,1,0,0.0,0.8,20,0.8,0,8
850,0,-1,-4.2632564e-12,0.8,20,0.8,0,8
851,0,-1,-1.454481e-11,0.8,20,0.8,0,8
852,1,0,0.0,0.8,20,0.8,0,8
853,1,0,0.0,0.8,20,0.8,0,8
854,1,0,0.0,0.8,20,0.8,0,8
855,0,-1,30.893993,0.76,19,0.76,0,8
856,0,-1,16.817417,0.72,18,0.72,0,8
857,0,-1,-4.874323e-12,0.72,18,0.72,0,8
858,1,0,0.0,0.72,18,0.72,0,8
859,1,0,0.0,0.72,18,0.72,0,8
860,0,-1,-0.0,0.72,18,0.72,0,8
861,1,0,0.0,0.72,18,0.72,0,8
862,2,1,-19.005892,0.76,19,0.76,0,8
863,0,-1,-0.26321125,0.76,19,0.76,0,8
864,0,-1,-8.945733e-12,0.76,19,0.76,0,8
865,0,-1,-5.2309908e-08,0.76,19,0.76,0,8
866,0,-1,24.648552,0.72,18,0.72,0,8
867,0,-1,-1.9485327e-08,0.72,18,0.72,0,8
868,0,-1,-0.35167438,0.72,18,0.72,0,8
869,1,0,0.0,0.72,18,0.72,0,8
870,1,0,0.0,0.72,18,0.72,0,8
871,0,-1,16.895689,0.68,17,0.68,0,8
872,1,0,0.0,0.68,17,0.68,0,8
873,1,0,0.0,0.68,17,0.68,0,8
874,1,0,0.0,0.68,17,0.68,0,8
875,0,-1,-0.0,0.68,17,0.68,0,8
876,1,0,0.0,0.68,17,0.68,0,8
877,0,-1,9.807072,0.64,16,0.64,0,8
878,0,-1,5.6866035,0.6,15,0.6,0,8
879,2,1,-6.35766,0.64,16,0.64,0,8
880,1,0,0.0,0.64,16,0.64,0,8
881,0,-1,-0.0,0.64,16,0.64,0,8
882,2,1,13.5551405,0.68,17,0.68,0,8
883,0,-1,9.807072,0.64,16,0.64,0,8
884,1,0,0.0,0.64,16,0.64,0,8
885,0,-1,3.1945117,0.6,15,0.6,0,8
886,1,0,0.0,0.6,15,0.6,0,8
887,1,0,0.0,0.6,15,0.6,0,8
888,0,-1,-19.495594,0.56,14,0.56,0,8
889,1,0,0.0,0.56,14,0.56,0,8
890,1,0,0.0,0.56,14,0.56,0,8
891,0,-1,0.6186363,0.52,13,0.52,0,8
892,1,0,0.0,0.52,13,0.52,0,8
893,0,-1,-6.4182787,0.48,12,0.48,0,8
894,1,0,0.0,0.48,12,0.48,0,8
895,1,0,0.0,0.48,12,0.48,0,8
896,2,1,0.8050672,0.52,13,0.52,0,8
897,0,-1,-5.2369304,0.48,12,0.48,0,8
898,1,0,0.0,0.48,12,0.48,0,8
899,1,0,0.0,0.48,12,0.48,0,8
900,1,0,0.0,0.48,12,0.48,0,8
901,0,-1,-1.911484,0.44,11,0.44,0,8
902,2,1,13.101802,0.52,13,0.52,0,8
903,0,-1,-0.0036139297,0.52,13,0.52,0,8
904,1,0,0.0,0.52,13,0.52,0,8
905,1,0,0.0,0.52,13,0.52,0,8
906,1,0,0.0,0.52,13,0.52,0,8
907,1,0,0.0,0.52,13,0.52,0,8
908,2,1,3.5994184,0.56,14,0.56,0,8
909,1,0,0.0,0.56,14,0.56,0,8
910,0,-1,-0.0,0.56,14,0.56,0,8
911,1,0,0.0,0.56,14,0.56,0,8
912,1,0,0.0,0.56,14,0.56,0,8
913,2,1,-10.3777275,0.64,16,0.64,0,8
914,1,0,0.0,0.64,16,0.64,0,8
915,2,1,-8.950133,0.72,18,0.72,0,8
916,0,-1,-4.8407763e-08,0.72,18,0.72,0,8
917,0,-1,-5.827935,0.68,17,0.68,0,8
918,2,1,-8.940588,0.72,18,0.72,0,8
919,2,1,-3.9542253,0.76,19,0.76,0,8
920,0,-1,-0.0,0.76,19,0.76,0,8
921,1,0,0.0,0.76,19,0.76,0,8
922,1,0,0.0,0.76,19,0.76,0,8
923,1,0,0.0,0.76,19,0.76,1,8
924,0,-1,18.122864,0.72,18,0.72,0,8
925,0,-1,8.9390135,0.68,17,0.68,0,8
926,1,0,0.0,0.68,17,0.68,0,8
927,0,-1,-0.0,0.68,17,0.68,0,8
928,0,-1,-3.3625632e-08,0.68,17,0.68,0,8
929,0,-1,4.7245317,0.64,16,0.64,0,8
930,0,-1,-0.0,0.64,16,0.64,0,8
931,2,1,-40.72077,0.76,19,0.76,0,8
932,0,-1,9.339775,0.72,18,0.72,0,8
933,0,-1,-3.4711177,0.68,17,0.68,0,8
934,2,1,-11.991729,0.72,18,0.72,0,8
935,0,-1,-0.0,0.72,18,0.72,0,8
936,1,0,0.0,0.72,18,0.72,0,8
937,2,1,-44.19016,0.8,20,0.8,0,8
938,0,-1,-0.0,0.8,20,0.8,0,8
939,0,-1,13.947058,0.76,19,0.76,0,8
940,1,0,0.0,0.76,19,0.76,0,8
941,2,1,-78.890625,0.84,21,0.84,0,8
942,1,0,0.0,0.84,21,0.84,0,8
943,2,1,-1000.0,0.0,0,0.0,0,8
944,0,-1,-0.0,0.16,4,0.16,0,9
945,2,1,28.346605,0.2,5,0.2,0,9
946,1,0,0.0,0.2,5,0.2,0,9
947,2,1,-4.278687,0.24,6,0.24,0,9
948,0,-1,-0.0,0.24,6,0.24,0,9
949,1,0,0.0,0.24,6,0.24,0,9
950,1,0,0.0,0.24,6,0.24,0,9
951,1,0,0.0,0.24,6,0.24,0,9
952,1,0,0.0,0.24,6,0.24,0,9
953,1,0,0.0,0.24,6,0.24,0,9
954,0,-1,-28.208652,0.2,5,0.2,0,9
955,1,0,0.0,0.2,5,0.2,0,9
956,1,0,0.0,0.2,5,0.2,0,9
957,0,-1,-0.0,0.2,5,0.2,0,9
958,0,-1,-0.0,0.2,5,0.2,0,9
959,2,1,28.22638,0.24,6,0.24,0,9
960,1,0,0.0,0.24,6,0.24,0,9
961,2,1,23.123543,0.32,8,0.32,0,9
962,0,-1,-0.0,0.32,8,0.32,0,9
963,0,-1,-0.0,0.32,8,0.32,0,9
964,0,-1,-27.657686,0.28,7,0.28,0,9
965,1,0,0.0,0.28,7,0.28,0,9
966,2,1,27.657686,0.32,8,0.32,0,9
967,0,-1,-0.0,0.32,8,0.32,0,9
968,2,1,17.146978,0.4,10,0.4,0,9
969,0,-1,-26.67603,0.36,9,0.36,0,9
970,2,1,20.413567,0.44,11,0.44,0,9
971,1,0,0.0,0.44,11,0.44,0,9
972,1,0,0.0,0.44,11,0.44,0,9
973,1,0,0.0,0.44,11,0.44,0,9
974,0,-1,-0.17871168,0.44,11,0.44,0,9
975,0,-1,-0.0,0.44,11,0.44,0,9
976,1,0,0.0,0.44,11,0.44,0,9
977,0,-1,-0.0,0.44,11,0.44,0,9
978,0,-1,-24.763365,0.4,10,0.4,0,9
979,1,0,0.0,0.4,10,0.4,0,9
980,0,-1,-0.0,0.4,10,0.4,0,9
981,0,-1,-0.0,0.4,10,0.4,0,9
982,2,1,24.768646,0.44,11,0.44,0,9
983,2,1,3.1790812,0.56,14,0.56,0,9
984,1,0,0.0,0.56,14,0.56,0,9
985,0,-1,-0.0,0.56,14,0.56,0,9
986,2,1,-43.809334,0.68,17,0.68,0,9
987,1,0,0.0,0.68,17,0.68,0,9
988,1,0,0.0,0.68,17,0.68,0,9
989,1,0,0.0,0.68,17,0.68,0,9
990,0,-1,-0.0,0.68,17,0.68,0,9
991,1,0,0.0,0.68,17,0.68,0,9
992,2,1,-21.310917,0.76,19,0.76,0,9
993,1,0,0.0,0.76,19,0.76,0,9
994,2,1,-41.985844,0.8,20,0.8,0,9
995,0,-1,13.4847145,0.76,19,0.76,0,9
996,0,-1,-0.0,0.76,19,0.76,0,9
997,0,-1,-0.16343947,0.76,19,0.76,0,9
998,0,-1,-0.0,0.76,19,0.76,0,9
999,1,0,0.0,0.76,19,0.76,0,9
1000,1,0,0.0,0.76,19,0.76,0,9
1001,0,-1,-0.0036137272,0.76,19,0.76,0,9
1002,0,-1,30.097904,0.72,18,0.72,0,9
1003,2,1,-72.08388,0.8,20,0.8,0,9
1004,0,-1,-0.0043399152,0.8,20,0.8,0,9
1005,0,-1,41.98597,0.76,19,0.76,0,9
1006,0,-1,30.097902,0.72,18,0.72,0,9
1007,1,0,0.0,0.72,18,0.72,0,9
1008,2,1,-0.44758847,0.76,19,0.76,0,9
1009,2,1,-14.214226,0.8,20,0.8,0,9
1010,0,-1,-0.0,0.8,20,0.8,0,9
1011,0,-1,-0.0,0.8,20,0.8,0,9
1012,1,0,0.0,0.8,20,0.8,0,9
1013,1,0,0.0,0.8,20,0.8,0,9
1014,0,-1,-0.0,0.8,20,0.8,0,9
1015,0,-1,41.985844,0.76,19,0.76,0,9
1016,2,1,-180.43433,0.88,22,0.88,0,9
1017,1,0,0.0,0.88,22,0.88,0,9
1018,1,0,0.0,0.88,22,0.88,0,9
1019,1,0,0.0,0.88,22,0.88,0,9
1020,0,-1,104.45696,0.84,21,0.84,0,9
1021,2,1,-75.95964,0.88,22,0.88,0,9
1022,2,1,-182.60696,0.92,23,0.92,0,9
1023,1,0,0.0,0.92,23,0.92,0,9
1024,0,-1,-0.0032670426,0.92,23,0.92,0,9
1025,0,-1,-0.016364306,0.92,23,0.92,0,9
1026,0,-1,180.1136,0.88,22,0.88,0,9
1027,0,-1,78.452995,0.84,21,0.84,0,9
1028,2,1,-910.4213,0.96,24,0.96,0,9
1029,0,-1,-0.09752346,0.96,24,0.96,0,9
1030,0,-1,-0.003577322,0.96,24,0.96,0,9
1031,1,0,0.0,0.96,24,0.96,0,9
1032,1,0,0.0,0.96,24,0.96,0,9
1033,1,0,0.0,0.96,24,0.96,0,9
1034,0,-1,601.70496,0.92,23,0.92,0,9
1035,2,1,-599.89465,0.96,24,0.96,0,9
1036,2,1,23.659153,1.0,25,1.0,0,9
1037,1,0,-1000.0,0.0,0,0.0,0,9
1038,0,-1,-0.0,0.16,4,0.16,0,10
1039,2,1,28.346605,0.2,5,0.2,0,10
1040,0,-1,-0.0,0.2,5,0.2,0,10
1041,2,1,28.22638,0.24,6,0.24,0,10
1042,0,-1,-28.208652,0.2,5,0.2,0,10
1043,0,-1,-28.364332,0.16,4,0.16,0,10
1044,1,0,0.0,0.16,4,0.16,0,10
1045,1,0,0.0,0.16,4,0.16,0,10
1046,1,0,0.0,0.16,4,0.16,0,10
1047,2,1,-4.1406527,0.2,5,0.2,0,10
1048,1,0,0.0,0.2,5,0.2,0,10
1049,1,0,0.0,0.2,5,0.2,0,10
1050,1,0,0.0,0.2,5,0.2,0,10
1051,0,-1,-0.0,0.2,5,0.2,0,10
1052,1,0,0.0,0.2,5,0.2,0,10
1053,0,-1,-0.0,0.2,5,0.2,0,10
1054,0,-1,-0.0,0.2,5,0.2,0,10
1055,2,1,-4.278687,0.24,6,0.24,0,10
1056,1,0,0.0,0.24,6,0.24,0,10
1057,2,1,-4.5163865,0.28,7,0.28,0,10
1058,0,-1,4.5163865,0.24,6,0.24,0,10
1059,2,1,27.98924,0.28,7,0.28,0,10
1060,0,-1,4.515744,0.24,6,0.24,0,10
1061,2,1,-4.51638,0.28,7,0.28,0,10
1062,2,1,10.009035,0.44,11,0.44,0,10
1063,1,0,0.0,0.44,11,0.44,0,10
1064,1,0,0.0,0.44,11,0.44,0,10
1065,0,-1,-0.1677413,0.44,11,0.44,0,10
1066,0,-1,-25.984842,0.4,10,0.4,0,10
1067,0,-1,5.828954,0.36,9,0.36,0,10
1068,0,-1,-0.0,0.36,9,0.36,0,10
1069,0,-1,-6.024995,0.4,10,0.4,0,10
1070,2,1,21.736273,0.44,11,0.44,0,10
1071,0,-1,-0.0,0.44,11,0.44,0,10
1072,1,0,0.0,0.44,11,0.44,0,10
1073,0,-1,6.5201416,0.4,10,0.4,0,10
1074,0,-1,-0.0,0.4,10,0.4,0,10
1075,1,0,0.0,0.4,10,0.4,0,10
1076,1,0,0.0,0.4,10,0.4,0,10
1077,1,0,0.0,0.4,10,0.4,0,10
1078,1,0,0.0,0.4,10,0.4,0,10
1079,0,-1,5.8296223,0.36,9,0.36,0,10
1080,0,-1,-0.0,0.36,9,0.36,0,10
1081,1,0,0.0,0.36,9,0.36,0,10
1082,0,-1,5.280318,0.32,8,0.32,0,10
1083,0,-1,4.8479323,0.28,7,0.28,0,10
1084,1,0,0.0,0.28,7,0.28,0,10
1085,0,-1,-0.0,0.28,7,0.28,0,10
1086,2,1,16.807087,0.4,10,0.4,0,10
1087,2,1,24.768646,0.44,11,0.44,0,10
1088,1,0,0.0,0.44,11,0.44,0,10
1089,1,0,0.0,0.44,11,0.44,0,10
1090,2,1,3.1790812,0.56,14,0.56,0,10
1091,0,-1,-0.0,0.56,14,0.56,0,10
1092,1,0,0.0,0.56,14,0.56,0,10
1093,0,-1,-0.0034654697,0.56,14,0.56,0,10
1094,0,-1,-16.081985,0.52,13,0.52,0,10
1095,1,0,0.0,0.52,13,0.52,0,10
1096,0,-1,-0.0,0.52,13,0.52,0,10
1097,1,0,0.0,0.52,13,0.52,0,10
1098,0,-1,-0.0,0.52,13,0.52,0,10
1099,1,0,0.0,0.52,13,0.52,0,10
1100,0,-1,-0.004118555,0.52,13,0.52,0,10
1101,1,0,0.0,0.52,13,0.52,0,10
1102,0,-1,-20.002981,0.48,12,0.48,0,10
1103,0,-1,-23.892282,0.44,11,0.44,0,10
1104,0,-1,-0.0,0.44,11,0.44,0,10
1105,1,0,0.0,0.44,11,0.44,0,10
1106,0,-1,-0.0,0.44,11,0.44,0,10
1107,2,1,23.892282,0.48,12,0.48,0,10
1108,0,-1,-0.0,0.48,12,0.48,0,10
1109,1,0,0.0,0.48,12,0.48,0,10
1110,0,-1,-0.0,0.48,12,0.48,0,10
1111,1,0,0.0,0.48,12,0.48,0,10
1112,0,-1,-20.651064,0.44,11,0.44,0,10
1113,0,-1,-24.763365,0.4,10,0.4,0,10
1114,2,1,24.763365,0.44,11,0.44,0,10
1115,1,0,0.0,0.44,11,0.44,0,10
1116,1,0,0.0,0.44,11,0.44,0,10
1117,1,0,0.0,0.44,11,0.44,0,10
1118,1,0,0.0,0.44,11,0.44,0,10
1119,1,0,0.0,0.44,11,0.44,0,10
1120,0,-1,-0.0,0.44,11,0.44,0,10
1121,0,-1,-24.768646,0.4,10,0.4,0,10
1122,2,1,21.522146,0.44,11,0.44,0,10
1123,0,-1,-21.522146,0.4,10,0.4,0,10
1124,0,-1,-0.0,0.4,10,0.4,0,10
1125,0,-1,-25.454552,0.36,9,0.36,0,10
1126,0,-1,-0.0,0.36,9,0.36,0,10
1127,1,0,0.0,0.36,9,0.36,0,10
1128,1,0,0.0,0.36,9,0.36,0,10
1129,0,-1,-0.0,0.36,9,0.36,0,10
1130,1,0,0.0,0.36,9,0.36,0,10
1131,2,1,25.454552,0.4,10,0.4,0,10
1132,2,1,24.768646,0.44,11,0.44,0,10
1133,1,0,0.0,0.44,11,0.44,0,10
1134,2,1,-7.3917303,0.48,12,0.48,0,10
1135,0,-1,7.3917303,0.44,11,0.44,0,10
1136,0,-1,-0.0,0.44,11,0.44,0,10
1137,1,0,0.0,0.44,11,0.44,0,10
1138,1,0,0.0,0.44,11,0.44,0,10
1139,2,1,-7.391858,0.48,12,0.48,0,10
1140,1,0,0.0,0.48,12,0.48,0,10
1141,0,-1,-23.892282,0.44,11,0.44,0,10
1142,0,-1,-24.768646,0.4,10,0.4,0,10
1143,0,-1,-22.427462,0.36,9,0.36,0,10
1144,1,0,0.0,0.36,9,0.36,0,10
1145,1,0,0.0,0.36,9,0.36,0,10
1146,1,0,0.0,0.36,9,0.36,0,10
1147,0,-1,5.2804456,0.32,8,0.32,0,10
1148,2,1,-5.2804523,0.36,9,0.36,0,10
1149,0,-1,5.2804523,0.32,8,0.32,0,10
1150,1,0,0.0,0.32,8,0.32,0,10
1151,0,-1,-27.639961,0.28,7,0.28,0,10
1152,1,0,0.0,0.28,7,0.28,0,10
1153,0,-1,-27.98924,0.24,6,0.24,0,10
1154,0,-1,-0.0,0.24,6,0.24,0,10
1155,1,0,0.0,0.24,6,0.24,0,10
1156,1,0,0.0,0.24,6,0.24,0,10
1157,1,0,0.0,0.24,6,0.24,0,10
1158,2,1,27.98924,0.28,7,0.28,0,10
1159,1,0,0.0,0.28,7,0.28,0,10
1160,1,0,0.0,0.28,7,0.28,0,10
1161,2,1,22.623116,0.36,9,0.36,0,10
1162,0,-1,-0.18939301,0.36,9,0.36,0,10
1163,1,0,0.0,0.36,9,0.36,0,10
1164,0,-1,-0.0,0.36,9,0.36,0,10
1165,1,0,0.0,0.36,9,0.36,0,10
1166,0,-1,-26.008978,0.32,8,0.32,0,10
1167,0,-1,-27.657686,0.28,7,0.28,0,10
1168,1,0,0.0,0.28,7,0.28,0,10
1169,0,-1,-27.971514,0.24,6,0.24,0,10
1170,1,0,0.0,0.24,6,0.24,0,10
1171,1,0,0.0,0.24,6,0.24,1,10
1172,2,1,6.884954,0.28,7,0.28,0,10
1173,0,-1,-6.884954,0.24,6,0.24,0,10
1174,1,0,0.0,0.24,6,0.24,0,10
1175,0,-1,-0.99023384,0.2,5,0.2,0,10
1176,0,-1,-0.0,0.2,5,0.2,0,10
1177,1,0,0.0,0.2,5,0.2,0,10
1178,0,-1,-15.603333,0.16,4,0.16,0,10
1179,1,0,0.0,0.16,4,0.16,0,10
1180,2,1,28.345037,0.2,5,0.2,0,10
1181,1,0,0.0,0.2,5,0.2,0,10
1182,0,-1,-0.0,0.2,5,0.2,0,10
1183,1,0,0.0,0.2,5,0.2,0,10
1184,1,0,0.0,0.2,5,0.2,0,10
1185,0,-1,-28.345037,0.16,4,0.16,0,10
1186,2,1,28.365671,0.2,5,0.2,0,10
1187,0,-1,-0.0,0.2,5,0.2,0,10
1188,1,0,0.0,0.2,5,0.2,0,10
1189,0,-1,-0.0,0.2,5,0.2,0,10
1190,2,1,23.955044,0.28,7,0.28,0,10
1191,2,1,21.333183,0.36,9,0.36,0,10
1192,1,0,0.0,0.36,9,0.36,0,10
1193,1,0,0.0,0.36,9,0.36,0,10
1194,0,-1,-24.373272,0.32,8,0.32,0,10
1195,0,-1,-0.0,0.32,8,0.32,0,10
1196,2,1,24.373272,0.36,9,0.36,0,10
1197,2,1,-1.7626783,0.4,10,0.4,0,10
1198,1,0,0.0,0.4,10,0.4,0,10
1199,0,-1,-23.824127,0.36,9,0.36,0,10
1200,2,1,-3.0881944,0.4,10,0.4,0,10
1201,0,-1,-25.452883,0.36,9,0.36,0,10
1202,2,1,25.452883,0.4,10,0.4,0,10
1203,0,-1,-0.0,0.4,10,0.4,0,10
1204,0,-1,-0.0,0.4,10,0.4,0,10
1205,0,-1,3.0881944,0.36,9,0.36,0,10
1206,2,1,-3.0881944,0.4,10,0.4,0,10
1207,1,0,0.0,0.4,10,0.4,0,10
1208,0,-1,-0.0,0.4,10,0.4,0,10
1209,2,1,23.13294,0.44,11,0.44,0,10
1210,2,1,3.1798127,0.56,14,0.56,0,10
1211,1,0,0.0,0.56,14,0.56,0,10
1212,1,0,0.0,0.56,14,0.56,0,10
1213,0,-1,7.180583,0.52,13,0.52,0,10
1214,1,0,0.0,0.52,13,0.52,0,10
1215,1,0,0.0,0.52,13,0.52,0,10
1216,0,-1,4.4313636,0.48,12,0.48,0,10
1217,0,-1,-21.11187,0.44,11,0.44,0,10
1218,1,0,0.0,0.44,11,0.44,0,10
1219,2,1,13.901295,0.52,13,0.52,0,10
1220,2,1,17.847569,0.56,14,0.56,0,10
1221,0,-1,-17.850924,0.52,13,0.52,0,10
1222,1,0,0.0,0.52,13,0.52,0,10
1223,2,1,17.850924,0.56,14,0.56,0,10
1224,0,-1,-17.847569,0.52,13,0.52,0,10
1225,1,0,0.0,0.52,13,0.52,0,10
1226,1,0,0.0,0.52,13,0.52,0,10
1227,0,-1,-19.54255,0.48,12,0.48,0,10
1228,0,-1,-0.36720473,0.48,12,0.48,0,10
1229,0,-1,-0.0,0.48,12,0.48,0,10
1230,0,-1,-0.0,0.48,12,0.48,0,10
1231,0,-1,-0.0,0.48,12,0.48,0,10
1232,1,0,0.0,0.48,12,0.48,0,10
1233,0,-1,-0.0,0.48,12,0.48,0,10
1234,0,-1,-20.381044,0.44,11,0.44,0,10
1235,2,1,20.37769,0.48,12,0.48,0,10
1236,1,0,0.0,0.48,12,0.48,0,10
1237,0,-1,0.0,0.0,0,0.0,0,10
1238,2,1,-4.1406527,0.2,5,0.2,0,11
1239,2,1,28.22638,0.24,6,0.24,0,11
1240,0,-1,-0.0,0.24,6,0.24,0,11
1241,2,1,23.526543,0.28,7,0.28,0,11
1242,1,0,0.0,0.28,7,0.28,0,11
1243,2,1,-4.8479395,0.32,8,0.32,0,11
1244,2,1,8.978125,0.44,11,0.44,0,11
1245,0,-1,6.520784,0.4,10,0.4,0,11
1246,2,1,11.351135,0.48,12,0.48,0,11
1247,0,-1,-0.0,0.48,12,0.48,0,11
1248,2,1,-8.498275,0.52,13,0.52,0,11
1249,0,-1,-0.0,0.52,13,0.52,0,11
1250,2,1,-20.978401,0.68,17,0.68,0,11
1251,2,1,8.608348,0.72,18,0.72,0,11
1252,1,0,0.0,0.72,18,0.72,0,11
1253,1,0,0.0,0.72,18,0.72,0,11
1254,1,0,0.0,0.72,18,0.72,0,11
1255,0,-1,-8.608348,0.68,17,0.68,0,11
1256,1,0,0.0,0.68,17,0.68,0,11
1257,0,-1,-5.639542,0.64,16,0.64,0,11
1258,0,-1,-11.853814,0.6,15,0.6,0,11
1259,1,0,0.0,0.6,15,0.6,0,11
1260,1,0,0.0,0.6,15,0.6,0,11
1261,1,0,0.0,0.6,15,0.6,0,11
1262,0,-1,11.786878,0.56,14,0.56,0,11
1263,0,-1,-0.0,0.56,14,0.56,0,11
1264,0,-1,-0.37721762,0.56,14,0.56,0,11
1265,1,0,0.0,0.56,14,0.56,0,11
1266,1,0,0.0,0.56,14,0.56,0,11
1267,2,1,16.714378,0.6,15,0.6,0,11
1268,1,0,0.0,0.6,15,0.6,0,11
1269,0,-1,-16.714378,0.56,14,0.56,0,11
1270,1,0,0.0,0.56,14,0.56,0,11
1271,0,-1,-0.0,0.56,14,0.56,0,11
1272,2,1,16.714378,0.6,15,0.6,0,11
1273,2,1,16.997652,0.64,16,0.64,0,11
1274,0,-1,-0.0,0.64,16,0.64,0,11
1275,2,1,-16.884653,0.72,18,0.72,0,11
1276,2,1,-30.097742,0.76,19,0.76,0,11
1277,2,1,-75.08353,0.84,21,0.84,0,11
1278,1,0,0.0,0.84,21,0.84,0,11
1279,0,-1,-0.0,0.84,21,0.84,0,11
1280,1,0,0.0,0.84,21,0.84,0,11
1281,0,-1,-0.0,0.84,21,0.84,0,11
1282,0,-1,-0.0,0.84,21,0.84,0,11
1283,1,0,0.0,0.84,21,0.84,0,11
1284,0,-1,-0.0,0.84,21,0.84,0,11
1285,2,1,-286.86655,0.92,23,0.92,0,11
1286,1,0,0.0,0.92,23,0.92,0,11
1287,1,0,0.0,0.92,23,0.92,0,11
1288,0,-1,208.6108,0.88,22,0.88,0,11
1289,1,0,0.0,0.88,22,0.88,0,11
1290,1,0,0.0,0.88,22,0.88,0,11
1291,2,1,-184.3992,0.92,23,0.92,0,11
1292,2,1,-597.93207,0.96,24,0.96,0,11
1293,1,0,0.0,0.96,24,0.96,0,11
1294,0,-1,-0.0,0.96,24,0.96,0,11
1295,0,-1,597.93207,0.92,23,0.92,0,11
1296,0,-1,208.61037,0.88,22,0.88,1,11
1297,0,-1,80.93392,0.84,21,0.84,0,11
1298,0,-1,37.54531,0.8,20,0.8,0,11
1299,0,-1,-0.0,0.8,20,0.8,0,11
1300,0,-1,15.219371,0.76,19,0.76,0,11
1301,1,0,0.0,0.76,19,0.76,0,11
1302,1,0,0.0,0.76,19,0.76,0,11
1303,1,0,0.0,0.76,19,0.76,0,11
1304,1,0,0.0,0.76,19,0.76,0,11
1305,1,0,0.0,0.76,19,0.76,0,11
1306,0,-1,-0.0,0.76,19,0.76,0,11
1307,0,-1,-0.0,0.76,19,0.76,0,11
1308,0,-1,-0.0,0.76,19,0.76,0,11
1309,1,0,0.0,0.76,19,0.76,0,11
1310,2,1,-74.999214,0.84,21,0.84,0,11
1311,1,0,0.0,0.84,21,0.84,0,11
1312,0,-1,-0.0,0.84,21,0.84,0,11
1313,1,0,0.0,0.84,21,0.84,0,11
1314,0,-1,43.194786,0.8,20,0.8,0,11
1315,1,0,0.0,0.8,20,0.8,0,11
1316,0,-1,17.77641,0.76,19,0.76,0,11
1317,2,1,-201.10173,0.88,22,0.88,0,11
1318,0,-1,-208.61478,0.92,23,0.92,0,11
1319,0,-1,180.1072,0.88,22,0.88,0,11
1320,2,1,28.81494,1.0,25,1.0,0,11
1321,1,0,-1000.0,0.0,0,0.0,0,11
1322,0,-1,-0.0,0.16,4,0.16,0,12
1323,1,0,0.0,0.16,4,0.16,0,12
1324,0,-1,-0.0,0.16,4,0.16,0,12
1325,2,1,28.346605,0.2,5,0.2,0,12
1326,0,-1,-0.0,0.2,5,0.2,0,12
1327,0,-1,-28.346605,0.16,4,0.16,0,12
1328,1,0,0.0,0.16,4,0.16,0,12
1329,1,0,0.0,0.16,4,0.16,0,12
1330,2,1,28.346605,0.2,5,0.2,0,12
1331,2,1,-4.278605,0.24,6,0.24,0,12
1332,0,-1,-28.208652,0.2,5,0.2,0,12
1333,0,-1,-0.0,0.2,5,0.2,0,12
1334,2,1,28.22638,0.24,6,0.24,0,12
1335,1,0,0.0,0.24,6,0.24,0,12
1336,2,1,23.38718,0.32,8,0.32,0,12
1337,2,1,26.003696,0.36,9,0.36,0,12
1338,1,0,0.0,0.36,9,0.36,0,12
1339,1,0,0.0,0.36,9,0.36,0,12
1340,0,-1,5.27981,0.32,8,0.32,0,12
1341,2,1,24.37198,0.36,9,0.36,0,12
1342,2,1,0.9251354,0.52,13,0.52,0,12
1343,0,-1,-0.023737308,0.52,13,0.52,0,12
1344,2,1,4.900119,0.6,15,0.6,0,12
1345,0,-1,-0.0,0.6,15,0.6,0,12
1346,0,-1,-0.0,0.6,15,0.6,0,12
1347,1,0,0.0,0.6,15,0.6,0,12
1348,0,-1,-0.0,0.6,15,0.6,0,12
1349,1,0,0.0,0.6,15,0.6,0,12
1350,1,0,0.0,0.6,15,0.6,0,12
1351,2,1,-2.2299426,0.68,17,0.68,0,12
1352,1,0,0.0,0.68,17,0.68,0,12
1353,0,-1,-0.0,0.68,17,0.68,0,12
1354,1,0,0.0,0.68,17,0.68,0,12
1355,1,0,0.0,0.68,17,0.68,0,12
1356,2,1,3.464511,0.72,18,0.72,0,12
1357,2,1,-5.869473,0.76,19,0.76,0,12
1358,2,1,-79.526344,0.84,21,0.84,0,12
1359,0,-1,38.57575,0.8,20,0.8,0,12
1360,2,1,-139.36157,0.88,22,0.88,0,12
1361,0,-1,-0.02485935,0.88,22,0.88,0,12
1362,0,-1,79.19315,0.84,21,0.84,0,12
1363,0,-1,35.47031,0.8,20,0.8,0,12
1364,0,-1,-0.0,0.8,20,0.8,0,12
1365,1,0,0.0,0.8,20,0.8,0,12
1366,0,-1,-0.1534827,0.8,20,0.8,0,12
1367,0,-1,-0.0,0.8,20,0.8,0,12
1368,2,1,-971.89954,0.96,24,0.96,0,12
1369,0,-1,596.76465,0.92,23,0.92,0,12
1370,0,-1,-0.15899013,0.92,23,0.92,0,12
1371,0,-1,181.2783,0.88,22,0.88,0,12
1372,2,1,-182.60696,0.92,23,0.92,0,12
1373,1,0,0.0,0.92,23,0.92,0,12
1374,1,0,0.0,0.92,23,0.92,0,12
1375,0,-1,-0.0,0.92,23,0.92,0,12
1376,0,-1,180.1136,0.88,22,0.88,0,12
1377,1,0,0.0,0.88,22,0.88,0,12
1378,2,1,-1000.0,0.0,0,0.0,0,12
1379,1,0,0.0,0.16,4,0.16,0,13
1380,2,1,-4.1407347,0.2,5,0.2,0,13
1381,2,1,28.22638,0.24,6,0.24,0,13
1382,2,1,-4.515744,0.28,7,0.28,0,13
1383,2,1,23.19499,0.32,8,0.32,0,13
1384,1,0,0.0,0.32,8,0.32,0,13
1385,1,0,0.0,0.32,8,0.32,0,13
1386,2,1,21.641457,0.4,10,0.4,0,13
1387,0,-1,-0.0,0.4,10,0.4,0,13
1388,1,0,0.0,0.4,10,0.4,0,13
1389,0,-1,-25.459835,0.36,9,0.36,0,13
1390,0,-1,-22.762478,0.32,8,0.32,0,13
1391,1,0,0.0,0.32,8,0.32,0,13
1392,0,-1,4.847297,0.28,7,0.28,0,13
1393,1,0,0.0,0.28,7,0.28,0,13
1394,0,-1,4.515826,0.24,6,0.24,0,13
1395,2,1,26.767761,0.28,7,0.28,0,13
1396,1,0,0.0,0.28,7,0.28,0,13
1397,2,1,-4.847379,0.32,8,0.32,0,13
1398,2,1,17.967459,0.4,10,0.4,0,13
1399,0,-1,-0.0040504737,0.4,10,0.4,0,13
1400,2,1,-6.5207767,0.44,11,0.44,0,13
1401,0,-1,-7.703601,0.48,12,0.48,0,13
1402,2,1,-8.4982815,0.52,13,0.52,0,13
1403,2,1,-21.708761,0.6,15,0.6,0,13
1404,1,0,0.0,0.6,15,0.6,0,13
1405,1,0,0.0,0.6,15,0.6,0,13
1406,0,-1,-0.2500457,0.6,15,0.6,0,13
1407,1,0,0.0,0.6,15,0.6,0,13
1408,2,1,-32.022297,0.68,17,0.68,0,13
1409,2,1,-22.675825,0.72,18,0.72,0,13
1410,1,0,0.0,0.72,18,0.72,0,13
1411,1,0,0.0,0.72,18,0.72,0,13
1412,0,-1,-0.004012119,0.72,18,0.72,0,13
1413,0,-1,22.675825,0.68,17,0.68,0,13
1414,2,1,-21.306845,0.76,19,0.76,0,13
1415,1,0,0.0,0.76,19,0.76,0,13
1416,2,1,-74.99593,0.84,21,0.84,0,13
1417,1,0,0.0,0.84,21,0.84,0,13
1418,1,0,0.0,0.84,21,0.84,0,13
1419,0,-1,62.804176,0.8,20,0.8,0,13
1420,0,-1,14.215197,0.76,19,0.76,0,13
1421,0,-1,30.097876,0.72,18,0.72,0,13
1422,2,1,-72.08388,0.8,20,0.8,0,13
1423,0,-1,-0.0,0.8,20,0.8,0,13
1424,0,-1,41.986004,0.76,19,0.76,0,13
1425,2,1,-15.424703,0.8,20,0.8,0,13
1426,0,-1,15.424703,0.76,19,0.76,0,13
1427,0,-1,-0.0,0.76,19,0.76,0,13
1428,1,0,0.0,0.76,19,0.76,0,13
1429,1,0,0.0,0.76,19,0.76,0,13
1430,1,0,0.0,0.76,19,0.76,0,13
1431,2,1,-180.0814,0.88,22,0.88,0,13
1432,0,-1,-0.0,0.88,22,0.88,0,13
1433,0,-1,-0.015789993,0.88,22,0.88,0,13
1434,2,1,-208.61096,0.92,23,0.92,0,13
1435,2,1,-625.2659,0.96,24,0.96,0,13
1436,0,-1,625.2659,0.92,23,0.92,0,13
1437,0,-1,208.61092,0.88,22,0.88,0,13
1438,0,-1,-208.61584,0.92,23,0.92,0,13
1439,0,-1,-0.0,0.92,23,0.92,0,13
1440,0,-1,-0.0,0.92,23,0.92,0,13
1441,0,-1,-0.0,0.92,23,0.92,0,13
1442,0,-1,178.96065,0.88,22,0.88,0,13
1443,0,-1,104.45683,0.84,21,0.84,0,13
1444,0,-1,62.804016,0.8,20,0.8,0,13
1445,0,-1,14.652136,0.76,19,0.76,0,13
1446,1,0,0.0,0.76,19,0.76,0,13
1447,0,-1,-41.98988,0.8,20,0.8,0,13
1448,2,1,-167.26102,0.88,22,0.88,0,13
1449,0,-1,-0.003968624,0.88,22,0.88,0,13
1450,0,-1,75.95964,0.84,21,0.84,0,13
1451,1,0,0.0,0.84,21,0.84,0,13
1452,2,1,-313.06796,0.92,23,0.92,0,13
1453,0,-1,-0.0,0.92,23,0.92,0,13
1454,0,-1,180.10966,0.88,22,0.88,0,13
1455,0,-1,-0.0,0.88,22,0.88,0,13
1456,0,-1,76.41404,0.84,21,0.84,0,13
1457,1,0,0.0,0.84,21,0.84,0,13
1458,1,0,0.0,0.84,21,0.84,0,13
1459,0,-1,-0.0,0.84,21,0.84,0,13
1460,0,-1,62.804176,0.8,20,0.8,0,13
1461,1,0,0.0,0.8,20,0.8,0,13
1462,0,-1,-0.0,0.8,20,0.8,0,13
1463,0,-1,-0.0,0.8,20,0.8,0,13
1464,0,-1,-62.804188,0.84,21,0.84,0,13
1465,1,0,0.0,0.84,21,0.84,0,13
1466,1,0,0.0,0.84,21,0.84,0,13
1467,1,0,0.0,0.84,21,0.84,0,13
1468,1,0,0.0,0.84,21,0.84,0,13
1469,1,0,0.0,0.84,21,0.84,0,13
1470,0,-1,62.804176,0.8,20,0.8,0,13
1471,0,-1,13.72892,0.76,19,0.76,0,13
1472,1,0,0.0,0.76,19,0.76,0,13
1473,0,-1,-0.0,0.76,19,0.76,0,13
1474,1,0,0.0,0.76,19,0.76,0,13
1475,0,-1,30.097906,0.72,18,0.72,0,13
1476,0,-1,22.675825,0.68,17,0.68,0,13
1477,0,-1,17.7359,0.64,16,0.64,0,13
1478,1,0,0.0,0.64,16,0.64,0,13
1479,0,-1,14.286527,0.6,15,0.6,0,13
1480,1,0,0.0,0.6,15,0.6,0,13
1481,0,-1,-0.0,0.6,15,0.6,0,13
1482,0,-1,-17.86555,0.56,14,0.56,0,13
1483,1,0,0.0,0.56,14,0.56,0,13
1484,0,-1,-21.362164,0.52,13,0.52,0,13
1485,1,0,0.0,0.52,13,0.52,0,13
1486,0,-1,-0.0,0.52,13,0.52,0,13
1487,1,0,0.0,0.52,13,0.52,0,13
1488,2,1,-9.922016,0.56,14,0.56,0,13
1489,0,-1,-0.0,0.56,14,0.56,0,13
1490,0,-1,-0.54165345,0.56,14,0.56,0,13
1491,0,-1,9.922016,0.52,13,0.52,0,13
1492,1,0,0.0,0.52,13,0.52,0,13
1493,1,0,0.0,0.52,13,0.52,0,13
1494,0,-1,8.498307,0.48,12,0.48,0,13
1495,1,0,0.0,0.48,12,0.48,0,13
1496,2,1,9.622631,0.56,14,0.56,0,13
1497,0,-1,-0.0,0.56,14,0.56,0,13
1498,2,1,19.497263,0.6,15,0.6,0,13
1499,0,-1,-19.497263,0.56,14,0.56,0,13
1500,0,-1,9.921979,0.52,13,0.52,0,13
1501,2,1,21.362164,0.56,14,0.56,0,13
1502,0,-1,9.921425,0.52,13,0.52,0,13
1503,0,-1,-22.785866,0.48,12,0.48,0,13
1504,0,-1,-20.651064,0.44,11,0.44,0,13
1505,1,0,0.0,0.44,11,0.44,0,13
1506,0,-1,-24.768646,0.4,10,0.4,0,13
1507,0,-1,-0.0,0.4,10,0.4,0,13
1508,0,-1,5.8296223,0.36,9,0.36,0,13
1509,0,-1,5.280317,0.32,8,0.32,0,13
1510,0,-1,-27.657686,0.28,7,0.28,0,13
1511,0,-1,-27.971514,0.24,6,0.24,0,13
1512,0,-1,4.2792473,0.2,5,0.2,0,13
1513,2,1,28.22638,0.24,6,0.24,0,13
1514,1,0,0.0,0.24,6,0.24,0,13
1515,2,1,23.38718,0.32,8,0.32,0,13
1516,1,0,0.0,0.32,8,0.32,0,13
1517,0,-1,4.847297,0.28,7,0.28,0,13
1518,0,-1,-0.25708807,0.28,7,0.28,0,13
1519,2,1,21.334368,0.36,9,0.36,0,13
1520,0,-1,-0.0,0.36,9,0.36,0,13
1521,1,0,0.0,0.36,9,0.36,0,13
1522,2,1,15.906646,0.44,11,0.44,0,13
1523,1,0,0.0,0.44,11,0.44,0,13
1524,0,-1,-21.736273,0.4,10,0.4,0,13
1525,0,-1,5.829036,0.36,9,0.36,0,13
1526,0,-1,-0.0,0.36,9,0.36,0,13
1527,0,-1,-0.18011321,0.36,9,0.36,0,13
1528,2,1,0.9251354,0.52,13,0.52,0,13
1529,0,-1,-0.19145253,0.52,13,0.52,0,13
1530,2,1,-9.921425,0.56,14,0.56,0,13
1531,1,0,0.0,0.56,14,0.56,0,13
1532,1,0,0.0,0.56,14,0.56,0,13
1533,0,-1,9.921425,0.52,13,0.52,0,13
1534,1,0,0.0,0.52,13,0.52,0,13
1535,1,0,0.0,0.52,13,0.52,0,13
1536,1,0,0.0,0.52,13,0.52,0,13
1537,0,-1,-0.004647266,0.52,13,0.52,0,13
1538,0,-1,-0.0037756874,0.52,13,0.52,0,13
1539,2,1,-9.92185,0.56,14,0.56,0,13
1540,1,0,0.0,0.56,14,0.56,0,13
1541,0,-1,9.92185,0.52,13,0.52,0,13
1542,1,0,0.0,0.52,13,0.52,0,13
1543,0,-1,-0.0,0.52,13,0.52,0,13
1544,0,-1,-0.0,0.52,13,0.52,0,13
1545,0,-1,-18.83556,0.48,12,0.48,0,13
1546,1,0,0.0,0.48,12,0.48,0,13
1547,0,-1,-0.0,0.48,12,0.48,0,13
1548,1,0,0.0,0.48,12,0.48,0,13
1549,0,-1,-0.21666151,0.48,12,0.48,0,13
1550,0,-1,-0.0,0.48,12,0.48,0,13
1551,1,0,0.0,0.48,12,0.48,0,13
1552,1,0,0.0,0.48,12,0.48,0,13
1553,0,-1,-0.0,0.48,12,0.48,0,13
1554,2,1,-8.498146,0.52,13,0.52,0,13
1555,1,0,0.0,0.52,13,0.52,1,13
1556,2,1,8.082047,0.6,15,0.6,0,13
1557,0,-1,-0.0,0.6,15,0.6,0,13
1558,2,1,13.483059,0.64,16,0.64,0,13
1559,1,0,0.0,0.64,16,0.64,0,13
1560,2,1,-146.0356,0.84,21,0.84,0,13
1561,0,-1,43.172073,0.8,20,0.8,0,13
1562,0,-1,13.482236,0.76,19,0.76,0,13
1563,1,0,0.0,0.76,19,0.76,0,13
1564,1,0,0.0,0.76,19,0.76,0,13
1565,0,-1,4.5097885,0.72,18,0.72,0,13
1566,0,-1,-5.0937552,0.68,17,0.68,0,13
1567,2,1,4.0849996,0.72,18,0.72,0,13
1568,2,1,-30.080093,0.76,19,0.76,0,13
1569,0,-1,2.0568457,0.72,18,0.72,0,13
1570,0,-1,-0.003538857,0.72,18,0.72,0,13
1571,0,-1,2.9757864,0.68,17,0.68,0,13
1572,0,-1,-41.098557,0.72,18,0.72,0,13
1573,0,-1,-4.0849996,0.68,17,0.68,0,13
1574,1,0,0.0,0.68,17,0.68,0,13
1575,1,0,0.0,0.68,17,0.68,0,13
1576,0,-1,-0.003570754,0.68,17,0.68,0,13
1577,0,-1,-0.0,0.68,17,0.68,0,13
1578,2,1,0.0,0.0,0,0.0,0,13
1579,2,1,28.364332,0.2,5,0.2,0,14
1580,2,1,28.208652,0.24,6,0.24,0,14
1581,0,-1,-0.0,0.24,6,0.24,0,14
1582,1,0,0.0,0.24,6,0.24,0,14
1583,2,1,26.767761,0.28,7,0.28,0,14
1584,0,-1,-0.2743589,0.28,7,0.28,0,14
1585,1,0,0.0,0.28,7,0.28,0,14
1586,0,-1,-26.767761,0.24,6,0.24,0,14
1587,1,0,0.0,0.24,6,0.24,0,14
1588,1,0,0.0,0.24,6,0.24,0,14
1589,0,-1,-0.0,0.24,6,0.24,0,14
1590,2,1,18.8927,0.32,8,0.32,0,14
1591,1,0,0.0,0.32,8,0.32,0,14
1592,0,-1,-0.0,0.32,8,0.32,0,14
1593,0,-1,-23.409119,0.28,7,0.28,0,14
1594,0,-1,4.515826,0.24,6,0.24,0,14
1595,0,-1,-28.22638,0.2,5,0.2,0,14
1596,0,-1,-28.346605,0.16,4,0.16,0,14
1597,0,-1,-0.0,0.16,4,0.16,0,14
1598,1,0,0.0,0.16,4,0.16,0,14
1599,1,0,0.0,0.16,4,0.16,0,14
1600,1,0,0.0,0.16,4,0.16,0,14
1601,1,0,0.0,0.16,4,0.16,0,14
1602,2,1,-4.1407347,0.2,5,0.2,0,14
1603,1,0,0.0,0.2,5,0.2,0,14
1604,2,1,28.208652,0.24,6,0.24,0,14
1605,0,-1,-0.0,0.24,6,0.24,0,14
1606,1,0,0.0,0.24,6,0.24,1,14
1607,2,1,6.194967,0.28,7,0.28,0,14
1608,0,-1,-27.969946,0.24,6,0.24,0,14
1609,0,-1,-0.0,0.24,6,0.24,0,14
1610,0,-1,-0.0,0.24,6,0.24,0,14
1611,2,1,17.841492,0.36,9,0.36,0,14
1612,1,0,0.0,0.36,9,0.36,0,14
1613,2,1,20.156555,0.44,11,0.44,0,14
1614,0,-1,3.1290686,0.4,10,0.4,0,14
1615,0,-1,-0.0,0.4,10,0.4,0,14
1616,1,0,0.0,0.4,10,0.4,0,14
1617,0,-1,-4.881757,0.36,9,0.36,0,14
1618,1,0,0.0,0.36,9,0.36,0,14
1619,0,-1,-11.812578,0.32,8,0.32,0,14
1620,0,-1,-13.620059,0.28,7,0.28,0,14
1621,2,1,5.863414,0.32,8,0.32,0,14
1622,2,1,0.8371572,0.44,11,0.44,0,14
1623,0,-1,-3.5527137e-14,0.44,11,0.44,0,14
1624,0,-1,-2.110859,0.4,10,0.4,0,14
1625,0,-1,-4.881757,0.36,9,0.36,0,14
1626,0,-1,1.8887371,0.32,8,0.32,0,14
1627,1,0,0.0,0.32,8,0.32,0,14
1628,0,-1,-27.638393,0.28,7,0.28,0,14
1629,0,-1,-27.99058,0.24,6,0.24,0,14
1630,0,-1,-0.0,0.24,6,0.24,0,14
1631,2,1,11.87236,0.28,7,0.28,0,14
1632,1,0,0.0,0.28,7,0.28,0,14
1633,2,1,27.659027,0.32,8,0.32,0,14
1634,1,0,0.0,0.32,8,0.32,0,14
1635,1,0,0.0,0.32,8,0.32,0,14
1636,0,-1,-7.0782623,0.28,7,0.28,0,14
1637,0,-1,-0.0,0.28,7,0.28,0,14
1638,0,-1,-11.87236,0.24,6,0.24,0,14
1639,1,0,0.0,0.24,6,0.24,0,14
1640,1,0,0.0,0.24,6,0.24,0,14
1641,0,-1,-0.0,0.24,6,0.24,0,14
1642,2,1,6.19605,0.28,7,0.28,0,14
1643,0,-1,-13.9516115,0.24,6,0.24,0,14
1644,0,-1,-28.227718,0.2,5,0.2,0,14
1645,1,0,0.0,0.2,5,0.2,0,14
1646,0,-1,-0.0,0.2,5,0.2,0,14
1647,2,1,5.05838,0.24,6,0.24,0,14
1648,1,0,0.0,0.24,6,0.24,0,14
1649,1,0,0.0,0.24,6,0.24,0,14
1650,1,0,0.0,0.24,6,0.24,0,14
1651,0,-1,-5.05838,0.2,5,0.2,0,14
1652,0,-1,-6.5711417,0.16,4,0.16,0,14
1653,1,0,0.0,0.16,4,0.16,0,14
1654,2,1,14.326704,0.2,5,0.2,0,14
1655,0,-1,-0.0,0.2,5,0.2,0,14
1656,0,-1,-14.326704,0.16,4,0.16,0,14
1657,1,0,0.0,0.16,4,0.16,0,14
1658,1,0,0.0,0.16,4,0.16,0,14
1659,1,0,0.0,0.16,4,0.16,0,14
1660,1,0,0.0,0.16,4,0.16,0,14
1661,1,0,0.0,0.16,4,0.16,0,14
1662,1,0,0.0,0.16,4,0.16,0,14
1663,2,1,6.5711417,0.2,5,0.2,0,14
1664,0,-1,-0.0,0.2,5,0.2,0,14
1665,2,1,5.05838,0.24,6,0.24,0,14
1666,2,1,27.99058,0.28,7,0.28,0,14
1667,2,1,16.792658,0.4,10,0.4,0,14
1668,1,0,0.0,0.4,10,0.4,0,14
1669,0,-1,-0.0,0.4,10,0.4,0,14
1670,0,-1,-0.0,0.4,10,0.4,0,14
1671,0,-1,-0.0,0.4,10,0.4,0,14
1672,1,0,0.0,0.4,10,0.4,0,14
1673,0,-1,-3.5080311,0.36,9,0.36,0,14
1674,2,1,25.452883,0.4,10,0.4,0,14
1675,1,0,0.0,0.4,10,0.4,0,14
1676,0,-1,-12.638402,0.36,9,0.36,0,14
1677,0,-1,-26.002026,0.32,8,0.32,0,14
1678,1,0,0.0,0.32,8,0.32,0,14
1679,1,0,0.0,0.32,8,0.32,0,14
1680,0,-1,-5.864497,0.28,7,0.28,0,14
1681,2,1,18.132666,0.36,9,0.36,0,14
1682,0,-1,-4.641265e-11,0.36,9,0.36,0,14
1683,2,1,9.249699,0.48,12,0.48,0,14
1684,0,-1,-21.11187,0.44,11,0.44,0,14
1685,0,-1,-1.5264233e-07,0.44,11,0.44,0,14
1686,1,0,0.0,0.44,11,0.44,0,14
1687,0,-1,-24.770266,0.4,10,0.4,0,14
1688,1,0,0.0,0.4,10,0.4,0,14
1689,0,-1,-22.211235,0.36,9,0.36,0,14
1690,1,0,0.0,0.36,9,0.36,0,14
1691,0,-1,-22.980637,0.32,8,0.32,0,14
1692,1,0,0.0,0.32,8,0.32,0,14
1693,0,-1,-5.864497,0.28,7,0.28,0,14
1694,1,0,0.0,0.28,7,0.28,0,14
1695,0,-1,-13.9516115,0.24,6,0.24,0,14
1696,0,-1,-28.227718,0.2,5,0.2,0,14
1697,2,1,23.968967,0.28,7,0.28,0,14
1698,0,-1,-0.0,0.28,7,0.28,0,14
1699,0,-1,-26.766092,0.24,6,0.24,0,14
1700,2,1,26.774662,0.28,7,0.28,0,14
1701,1,0,0.0,0.28,7,0.28,0,14
1702,2,1,5.864497,0.32,8,0.32,0,14
1703,1,0,0.0,0.32,8,0.32,0,14
1704,0,-1,-5.864497,0.28,7,0.28,0,14
1705,0,-1,-26.774662,0.24,6,0.24,0,14
1706,2,1,26.774662,0.28,7,0.28,0,14
1707,0,-1,-0.0,0.28,7,0.28,0,14
1708,2,1,21.333183,0.36,9,0.36,0,14
1709,0,-1,-24.373272,0.32,8,0.32,0,14
1710,1,0,0.0,0.32,8,0.32,0,14
1711,0,-1,-26.43454,0.28,7,0.28,0,14
1712,2,1,21.333183,0.36,9,0.36,0,14
1713,0,-1,-0.18035622,0.36,9,0.36,0,14
1714,2,1,9.335618,0.48,12,0.48,0,14
1715,1,0,0.0,0.48,12,0.48,0,14
1716,0,-1,-0.0,0.48,12,0.48,0,14
1717,2,1,8.238091,0.56,14,0.56,0,14
1718,0,-1,-0.0014680906,0.56,14,0.56,0,14
1719,0,-1,-0.0,0.56,14,0.56,0,14
1720,0,-1,-0.0,0.56,14,0.56,0,14
1721,0,-1,-0.0,0.56,14,0.56,0,14
1722,1,0,0.0,0.56,14,0.56,0,14
1723,1,0,0.0,0.56,14,0.56,0,14
1724,2,1,-37.318573,0.72,18,0.72,0,14
1725,0,-1,-1.482866e-07,0.72,18,0.72,0,14
1726,2,1,-47.44365,0.8,20,0.8,0,14
1727,1,0,0.0,0.8,20,0.8,0,14
1728,1,0,0.0,0.8,20,0.8,0,14
1729,2,1,-140.69492,0.88,22,0.88,0,14
1730,0,-1,-1.2827408e-07,0.88,22,0.88,0,14
1731,0,-1,-0.0,0.88,22,0.88,0,14
1732,2,1,-1000.0,0.0,0,0.0,0,14
1733,2,1,28.346605,0.2,5,0.2,0,15
1734,2,1,-4.278605,0.24,6,0.24,0,15
1735,0,-1,-28.208652,0.2,5,0.2,0,15
1736,2,1,28.22638,0.24,6,0.24,0,15
1737,1,0,0.0,0.24,6,0.24,0,15
1738,2,1,23.38718,0.32,8,0.32,0,15
1739,2,1,20.35271,0.4,10,0.4,0,15
1740,2,1,6.754763,0.52,13,0.52,0,15
1741,1,0,0.0,0.52,13,0.52,0,15
1742,0,-1,-0.0,0.52,13,0.52,0,15
1743,0,-1,-0.0,0.52,13,0.52,0,15
1744,2,1,16.842545,0.56,14,0.56,0,15
1745,0,-1,-16.842545,0.52,13,0.52,0,15
1746,2,1,8.083592,0.6,15,0.6,0,15
1747,0,-1,-0.034149595,0.6,15,0.6,0,15
1748,0,-1,-0.17742907,0.6,15,0.6,0,15
1749,2,1,11.303396,0.64,16,0.64,0,15
1750,2,1,-12.512168,0.72,18,0.72,0,15
1751,1,0,0.0,0.72,18,0.72,0,15
1752,0,-1,-0.15142523,0.72,18,0.72,0,15
1753,2,1,-46.57504,0.8,20,0.8,0,15
1754,0,-1,-0.0038925202,0.8,20,0.8,0,15
1755,1,0,0.0,0.8,20,0.8,0,15
1756,0,-1,-0.0,0.8,20,0.8,0,15
1757,0,-1,-0.0,0.8,20,0.8,0,15
1758,1,0,0.0,0.8,20,0.8,0,15
1759,1,0,0.0,0.8,20,0.8,0,15
1760,0,-1,16.199673,0.76,19,0.76,0,15
1761,1,0,0.0,0.76,19,0.76,0,15
1762,1,0,0.0,0.76,19,0.76,0,15
1763,2,1,-78.901276,0.84,21,0.84,0,15
1764,2,1,-80.797844,0.88,22,0.88,0,15
1765,2,1,25.922297,1.0,25,1.0,0,15
1766,0,-1,-1000.0,0.0,0,0.0,0,15
1767,2,1,28.346605,0.2,5,0.2,0,16
1768,2,1,28.22638,0.24,6,0.24,0,16
1769,2,1,18.678572,0.32,8,0.32,0,16
1770,2,1,26.008978,0.36,9,0.36,0,16
1771,2,1,19.11238,0.44,11,0.44,0,16
1772,2,1,18.748446,0.48,12,0.48,0,16
1773,2,1,21.152006,0.52,13,0.52,0,16
1774,2,1,7.0632806,0.6,15,0.6,0,16
1775,2,1,13.484284,0.64,16,0.64,0,16
1776,0,-1,-0.0,0.64,16,0.64,0,16
1777,0,-1,-0.0,0.64,16,0.64,0,16
1778,1,0,0.0,0.64,16,0.64,0,16
1779,0,-1,-0.0,0.64,16,0.64,0,16
1780,2,1,-12.553195,0.72,18,0.72,0,16
1781,0,-1,-0.0,0.72,18,0.72,0,16
1782,0,-1,-0.023737308,0.72,18,0.72,0,16
1783,0,-1,-0.0,0.72,18,0.72,0,16
1784,0,-1,-0.0,0.72,18,0.72,0,16
1785,0,-1,-0.0,0.72,18,0.72,0,16
1786,1,0,0.0,0.72,18,0.72,0,16
1787,0,-1,-0.0,0.72,18,0.72,0,16
1788,2,1,-4.3115716,0.76,19,0.76,0,16
1789,1,0,0.0,0.76,19,0.76,0,16
1790,1,0,0.0,0.76,19,0.76,0,16
1791,0,-1,4.7266426,0.72,18,0.72,0,16
1792,1,0,0.0,0.72,18,0.72,0,16
1793,0,-1,-0.02485935,0.72,18,0.72,0,16
1794,0,-1,-0.0,0.72,18,0.72,0,16
1795,0,-1,-0.0,0.72,18,0.72,0,16
1796,0,-1,-3.464511,0.68,17,0.68,0,16
1797,2,1,-26.864845,0.76,19,0.76,0,16
1798,1,0,0.0,0.76,19,0.76,0,16
1799,2,1,-16.396084,0.8,20,0.8,0,16
1800,0,-1,-0.0,0.8,20,0.8,0,16
1801,2,1,-143.38846,0.88,22,0.88,0,16
1802,1,0,0.0,0.88,22,0.88,0,16
1803,2,1,-100.0,0.0,0,0.0,0,16
1804,1,0,0.0,0.16,4,0.16,0,17
1805,2,1,28.346605,0.2,5,0.2,0,17
1806,0,-1,-28.346605,0.16,4,0.16,0,17
1807,0,-1,-0.0,0.16,4,0.16,0,17
1808,2,1,-4.1407347,0.2,5,0.2,0,17
1809,1,0,0.0,0.2,5,0.2,0,17
1810,2,1,28.22638,0.24,6,0.24,0,17
1811,2,1,-4.51638,0.28,7,0.28,0,17
1812,0,-1,4.51638,0.24,6,0.24,0,17
1813,0,-1,-28.22638,0.2,5,0.2,0,17
1814,1,0,0.0,0.2,5,0.2,0,17
1815,0,-1,-0.0,0.2,5,0.2,0,17
1816,2,1,28.208652,0.24,6,0.24,0,17
1817,0,-1,-28.208652,0.2,5,0.2,0,17
1818,2,1,28.22638,0.24,6,0.24,0,17
1819,0,-1,-28.22638,0.2,5,0.2,0,17
1820,0,-1,-0.0,0.2,5,0.2,0,17
1821,1,0,0.0,0.2,5,0.2,0,17
1822,0,-1,4.1407347,0.16,4,0.16,0,17
1823,0,-1,-0.0,0.16,4,0.16,0,17
1824,2,1,28.346605,0.2,5,0.2,0,17
1825,0,-1,-0.0,0.2,5,0.2,0,17
1826,1,0,0.0,0.2,5,0.2,0,17
1827,2,1,23.968313,0.28,7,0.28,0,17
1828,0,-1,-0.0,0.28,7,0.28,0,17
1829,0,-1,-0.17871168,0.28,7,0.28,0,17
1830,0,-1,-0.0,0.28,7,0.28,0,17
1831,2,1,13.119488,0.4,10,0.4,0,17
1832,0,-1,-0.004205765,0.4,10,0.4,0,17
1833,1,0,0.0,0.4,10,0.4,0,17
1834,1,0,0.0,0.4,10,0.4,0,17
1835,2,1,-6.5201416,0.44,11,0.44,0,17
1836,0,-1,-0.004392714,0.44,11,0.44,0,17
1837,1,0,0.0,0.44,11,0.44,0,17
1838,2,1,-7.391858,0.48,12,0.48,0,17
1839,2,1,22.79115,0.52,13,0.52,0,17
1840,1,0,0.0,0.52,13,0.52,0,17
1841,1,0,0.0,0.52,13,0.52,0,17
1842,2,1,19.730448,0.56,14,0.56,0,17
1843,1,0,0.0,0.56,14,0.56,0,17
1844,2,1,17.863403,0.6,15,0.6,0,17
1845,0,-1,11.7862425,0.56,14,0.56,0,17
1846,0,-1,-11.790924,0.6,15,0.6,0,17
1847,0,-1,-0.0035956122,0.6,15,0.6,0,17
1848,1,0,0.0,0.6,15,0.6,0,17
1849,0,-1,11.7862425,0.56,14,0.56,0,17
1850,2,1,15.984867,0.6,15,0.6,0,17
1851,0,-1,-14.498367,0.64,16,0.64,0,17
1852,0,-1,14.2864895,0.6,15,0.6,0,17
1853,1,0,0.0,0.6,15,0.6,0,17
1854,2,1,-55.602814,0.76,19,0.76,0,17
1855,0,-1,-0.0042948527,0.76,19,0.76,0,17
1856,1,0,0.0,0.76,19,0.76,0,17
1857,0,-1,-0.05598759,0.76,19,0.76,0,17
1858,0,-1,-0.003820976,0.76,19,0.76,0,17
1859,1,0,0.0,0.76,19,0.76,0,17
1860,0,-1,-0.020208849,0.76,19,0.76,0,17
1861,0,-1,-0.016364306,0.76,19,0.76,0,17
1862,1,0,0.0,0.76,19,0.76,0,17
1863,2,1,-181.33463,0.88,22,0.88,0,17
1864,0,-1,75.95964,0.84,21,0.84,0,17
1865,0,-1,-0.0,0.84,21,0.84,0,17
1866,1,0,0.0,0.84,21,0.84,0,17
1867,0,-1,-0.0,0.84,21,0.84,0,17
1868,1,0,0.0,0.84,21,0.84,0,17
1869,2,1,-286.33127,0.92,23,0.92,0,17
1870,2,1,-625.26587,0.96,24,0.96,0,17
1871,0,-1,-0.0,0.96,24,0.96,0,17
1872,1,0,0.0,0.96,24,0.96,0,17
1873,0,-1,597.00885,0.92,23,0.92,0,17
1874,0,-1,182.6746,0.88,22,0.88,0,17
1875,1,0,0.0,0.88,22,0.88,0,17
1876,0,-1,-0.0,0.88,22,0.88,0,17
1877,2,1,-1000.0,0.0,0,0.0,0,17
1878,1,0,0.0,0.16,4,0.16,0,18
1879,1,0,0.0,0.16,4,0.16,0,18
1880,2,1,28.346605,0.2,5,0.2,0,18
1881,1,0,0.0,0.2,5,0.2,0,18
1882,1,0,0.0,0.2,5,0.2,0,18
1883,0,-1,-28.346605,0.16,4,0.16,0,18
1884,2,1,28.364332,0.2,5,0.2,0,18
1885,0,-1,-0.0,0.2,5,0.2,0,18
1886,1,0,0.0,0.2,5,0.2,0,18
1887,1,0,0.0,0.2,5,0.2,0,18
1888,0,-1,-0.0,0.2,5,0.2,0,18
1889,2,1,23.955872,0.28,7,0.28,0,18
1890,1,0,0.0,0.28,7,0.28,0,18
1891,2,1,21.334368,0.36,9,0.36,0,18
1892,2,1,-5.828954,0.4,10,0.4,0,18
1893,2,1,14.3443775,0.48,12,0.48,0,18
1894,0,-1,-0.0,0.48,12,0.48,0,18
1895,2,1,11.372195,0.56,14,0.56,0,18
1896,0,-1,-0.0,0.56,14,0.56,0,18
1897,0,-1,-0.0,0.56,14,0.56,0,18
1898,2,1,-37.29182,0.72,18,0.72,0,18
1899,2,1,-45.474865,0.8,20,0.8,0,18
1900,0,-1,-0.0,0.8,20,0.8,0,18
1901,0,-1,-0.054735657,0.8,20,0.8,0,18
1902,0,-1,-0.0,0.8,20,0.8,0,18
1903,0,-1,-0.0,0.8,20,0.8,0,18
1904,1,0,0.0,0.8,20,0.8,0,18
1905,2,1,-34.306828,0.84,21,0.84,0,18
1906,1,0,0.0,0.84,21,0.84,0,18
1907,0,-1,36.195133,0.8,20,0.8,0,18
1908,0,-1,-0.0,0.8,20,0.8,0,18
1909,2,1,-140.31935,0.88,22,0.88,0,18
1910,1,0,0.0,0.88,22,0.88,0,18
1911,0,-1,75.95964,0.84,21,0.84,0,18
1912,0,-1,-0.0,0.84,21,0.84,0,18
1913,1,0,0.0,0.84,21,0.84,0,18
1914,2,1,-76.68619,0.88,22,0.88,0,18
1915,0,-1,-0.0,0.88,22,0.88,0,18
1916,1,0,0.0,0.88,22,0.88,0,18
1917,2,1,-808.36804,0.96,24,0.96,0,18
1918,0,-1,597.00885,0.92,23,0.92,0,18
1919,0,-1,-0.004909076,0.92,23,0.92,0,18
1920,0,-1,-0.0,0.92,23,0.92,0,18
1921,2,1,-1000.0,0.0,0,0.0,0,18
1922,0,-1,-0.0,0.16,4,0.16,0,19
1923,0,-1,-0.0,0.16,4,0.16,0,19
1924,1,0,0.0,0.16,4,0.16,0,19
1925,1,0,0.0,0.16,4,0.16,0,19
1926,1,0,0.0,0.16,4,0.16,0,19
1927,2,1,28.364332,0.2,5,0.2,0,19
1928,0,-1,-0.0,0.2,5,0.2,0,19
1929,1,0,0.0,0.2,5,0.2,0,19
1930,0,-1,-0.0,0.2,5,0.2,0,19
1931,1,0,0.0,0.2,5,0.2,0,19
1932,0,-1,-0.0,0.2,5,0.2,0,19
1933,0,-1,-28.364332,0.16,4,0.16,0,19
1934,1,0,0.0,0.16,4,0.16,0,19
1935,1,0,0.0,0.16,4,0.16,0,19
1936,2,1,28.346605,0.2,5,0.2,0,19
1937,2,1,19.461393,0.28,7,0.28,0,19
1938,0,-1,-0.0,0.28,7,0.28,0,19
1939,0,-1,-23.740671,0.24,6,0.24,0,19
1940,2,1,27.98924,0.28,7,0.28,0,19
1941,2,1,26.441492,0.32,8,0.32,0,19
1942,1,0,0.0,0.32,8,0.32,0,19
1943,2,1,20.35271,0.4,10,0.4,0,19
1944,1,0,0.0,0.4,10,0.4,0,19
1945,2,1,15.879813,0.48,12,0.48,0,19
1946,0,-1,-0.0,0.48,12,0.48,0,19
1947,2,1,10.65724,0.56,14,0.56,0,19
1948,0,-1,-0.0,0.56,14,0.56,0,19
1949,1,0,0.0,0.56,14,0.56,0,19
1950,0,-1,-0.004012119,0.56,14,0.56,0,19
1951,2,1,0.4878623,0.64,16,0.64,0,19
1952,0,-1,-0.0,0.64,16,0.64,0,19
1953,2,1,-40.411728,0.72,18,0.72,0,19
1954,2,1,-418.76266,0.92,23,0.92,0,19
1955,1,0,0.0,0.92,23,0.92,0,19
1956,0,-1,-0.013097828,0.92,23,0.92,0,19
1957,2,1,-597.4951,0.96,24,0.96,0,19
1958,2,1,27.332655,1.0,25,1.0,0,19
1959,1,0,-1000.0,0.0,0,0.0,0,19
1960,0,-1,-0.0,0.16,4,0.16,0,20
1961,1,0,0.0,0.16,4,0.16,0,20
1962,1,0,0.0,0.16,4,0.16,0,20
1963,2,1,28.364332,0.2,5,0.2,0,20
1964,1,0,0.0,0.2,5,0.2,0,20
1965,1,0,0.0,0.2,5,0.2,0,20
1966,0,-1,-28.364332,0.16,4,0.16,0,20
1967,1,0,0.0,0.16,4,0.16,0,20
1968,1,0,0.0,0.16,4,0.16,0,20
1969,0,-1,-0.0,0.16,4,0.16,0,20
1970,1,0,0.0,0.16,4,0.16,0,20
1971,2,1,28.346605,0.2,5,0.2,0,20
1972,0,-1,-0.0,0.2,5,0.2,0,20
1973,0,-1,-0.0,0.2,5,0.2,0,20
1974,0,-1,-0.0,0.2,5,0.2,0,20
1975,1,0,0.0,0.2,5,0.2,0,20
1976,0,-1,-28.346605,0.16,4,0.16,0,20
1977,1,0,0.0,0.16,4,0.16,0,20
1978,0,-1,-0.0,0.16,4,0.16,0,20
1979,1,0,0.0,0.16,4,0.16,0,20
1980,2,1,28.364332,0.2,5,0.2,0,20
1981,1,0,0.0,0.2,5,0.2,0,20
1982,2,1,23.955872,0.28,7,0.28,0,20
1983,1,0,0.0,0.28,7,0.28,0,20
1984,1,0,0.0,0.28,7,0.28,0,20
1985,2,1,21.334368,0.36,9,0.36,0,20
1986,2,1,0.9251354,0.52,13,0.52,0,20
1987,2,1,5.0277534,0.6,15,0.6,0,20
1988,0,-1,-14.149434,0.56,14,0.56,0,20
1989,2,1,12.441519,0.6,15,0.6,0,20
1990,1,0,0.0,0.6,15,0.6,0,20
1991,0,-1,-0.0,0.6,15,0.6,0,20
1992,0,-1,-0.0,0.6,15,0.6,0,20
1993,0,-1,-0.0,0.6,15,0.6,0,20
1994,1,0,0.0,0.6,15,0.6,0,20
1995,0,-1,-12.441519,0.56,14,0.56,0,20
1996,0,-1,-16.218325,0.52,13,0.52,0,20
1997,2,1,-9.921425,0.56,14,0.56,0,20
1998,0,-1,9.921425,0.52,13,0.52,0,20
1999,1,0,0.0,0.52,13,0.52,0,20
2000,1,0,0.0,0.52,13,0.52,0,20
2001,1,0,0.0,0.52,13,0.52,0,20
2002,1,0,0.0,0.52,13,0.52,0,20
2003,2,1,19.728302,0.56,14,0.56,0,20
2004,0,-1,-0.0046381094,0.56,14,0.56,0,20
2005,0,-1,-0.0,0.56,14,0.56,0,20
2006,1,0,0.0,0.56,14,0.56,0,20
2007,1,0,0.0,0.56,14,0.56,0,20
2008,0,-1,-0.0,0.56,14,0.56,0,20
2009,2,1,15.984867,0.6,15,0.6,0,20
2010,1,0,0.0,0.6,15,0.6,0,20
2011,2,1,-25.62073,0.72,18,0.72,0,20
2012,0,-1,-0.014605587,0.72,18,0.72,0,20
2013,0,-1,-0.021203704,0.72,18,0.72,0,20
2014,0,-1,-0.0036137272,0.72,18,0.72,0,20
2015,1,0,0.0,0.72,18,0.72,0,20
2016,2,1,-4.7266426,0.76,19,0.76,0,20
2017,0,-1,-0.003756224,0.76,19,0.76,0,20
2018,0,-1,4.7266426,0.72,18,0.72,0,20
2019,0,-1,-0.0,0.72,18,0.72,0,20
2020,1,0,0.0,0.72,18,0.72,0,20
2021,1,0,0.0,0.72,18,0.72,0,20
2022,2,1,-30.097742,0.76,19,0.76,0,20
2023,2,1,-41.985977,0.8,20,0.8,0,20
2024,1,0,0.0,0.8,20,0.8,0,20
2025,0,-1,-0.0043399152,0.8,20,0.8,0,20
2026,0,-1,-0.004116449,0.8,20,0.8,0,20
2027,0,-1,41.985977,0.76,19,0.76,0,20
2028,0,-1,-0.0037308452,0.76,19,0.76,0,20
2029,0,-1,30.097742,0.72,18,0.72,0,20
2030,0,-1,-5.8215265,0.68,17,0.68,0,20
2031,0,-1,-9.597933,0.64,16,0.64,0,20
2032,0,-1,-0.0,0.64,16,0.64,0,20
2033,0,-1,-14.2147665,0.6,15,0.6,0,20
2034,0,-1,-16.256044,0.56,14,0.56,0,20
2035,0,-1,-0.17742907,0.56,14,0.56,0,20
2036,0,-1,-0.0,0.56,14,0.56,0,20
2037,0,-1,-0.0,0.56,14,0.56,0,20
2038,0,-1,-0.0,0.56,14,0.56,0,20
2039,0,-1,-0.20432076,0.56,14,0.56,0,20
2040,2,1,15.983896,0.6,15,0.6,0,20
2041,0,-1,-0.0,0.6,15,0.6,0,20
2042,0,-1,-16.470173,0.56,14,0.56,0,20
2043,1,0,0.0,0.56,14,0.56,0,20
2044,1,0,0.0,0.56,14,0.56,0,20
2045,1,0,0.0,0.56,14,0.56,0,20
2046,0,-1,-17.849766,0.52,13,0.52,0,20
2047,0,-1,8.49764,0.48,12,0.48,0,20
2048,1,0,0.0,0.48,12,0.48,0,20
2049,1,0,0.0,0.48,12,0.48,0,20
2050,1,0,0.0,0.48,12,0.48,0,20
2051,1,0,0.0,0.48,12,0.48,0,20
2052,0,-1,7.3913045,0.44,11,0.44,0,20
2053,1,0,0.0,0.44,11,0.44,0,20
2054,1,0,0.0,0.44,11,0.44,0,20
2055,0,-1,-0.0,0.44,11,0.44,0,20
2056,2,1,20.379887,0.48,12,0.48,0,20
2057,2,1,-8.497722,0.52,13,0.52,0,20
2058,0,-1,-0.0,0.52,13,0.52,0,20
2059,2,1,-9.92185,0.56,14,0.56,0,20
2060,0,-1,-0.0,0.56,14,0.56,0,20
2061,2,1,-37.220985,0.72,18,0.72,0,20
2062,0,-1,-0.06967565,0.72,18,0.72,0,20
2063,1,0,0.0,0.72,18,0.72,0,20
2064,0,-1,-0.0,0.72,18,0.72,0,20
2065,1,0,0.0,0.72,18,0.72,0,20
2066,0,-1,-0.054735657,0.72,18,0.72,0,20
2067,1,0,0.0,0.72,18,0.72,0,20
2068,1,0,0.0,0.72,18,0.72,0,20
2069,1,0,0.0,0.72,18,0.72,0,20
2070,0,-1,22.675665,0.68,17,0.68,0,20
2071,2,1,-232.82753,0.88,22,0.88,0,20
2072,1,0,0.0,0.88,22,0.88,0,20
2073,0,-1,-0.0039418247,0.88,22,0.88,0,20
2074,0,-1,-0.016577119,0.88,22,0.88,0,20
2075,1,0,0.0,0.88,22,0.88,0,20
2076,1,0,0.0,0.88,22,0.88,0,20
2077,2,1,-208.61093,0.92,23,0.92,0,20
2078,1,0,0.0,0.92,23,0.92,0,20
2079,0,-1,-0.0,0.92,23,0.92,0,20
2080,1,0,0.0,0.92,23,0.92,0,20
2081,2,1,-599.89526,0.96,24,0.96,0,20
2082,2,1,23.457272,1.0,25,1.0,0,20
2083,1,0,-1000.0,0.0,0,0.0,0,20
2084,1,0,0.0,0.16,4,0.16,0,21
2085,1,0,0.0,0.16,4,0.16,0,21
2086,2,1,28.346605,0.2,5,0.2,0,21
2087,2,1,-4.278605,0.24,6,0.24,0,21
2088,2,1,-4.5163865,0.28,7,0.28,0,21
2089,0,-1,-27.971514,0.24,6,0.24,0,21
2090,2,1,27.98924,0.28,7,0.28,0,21
2091,0,-1,4.5163865,0.24,6,0.24,0,21
2092,2,1,-4.516251,0.28,7,0.28,0,21
2093,0,-1,-0.0,0.28,7,0.28,0,21
2094,0,-1,4.516251,0.24,6,0.24,0,21
2095,1,0,0.0,0.24,6,0.24,0,21
2096,2,1,27.971514,0.28,7,0.28,0,21
2097,0,-1,-0.0,0.28,7,0.28,0,21
2098,1,0,0.0,0.28,7,0.28,0,21
2099,2,1,26.441492,0.32,8,0.32,0,21
2100,0,-1,-26.441492,0.28,7,0.28,0,21
2101,2,1,-4.8479395,0.32,8,0.32,0,21
2102,0,-1,-27.639961,0.28,7,0.28,0,21
2103,2,1,16.793488,0.4,10,0.4,0,21
2104,1,0,0.0,0.4,10,0.4,0,21
2105,2,1,17.550112,0.48,12,0.48,0,21
2106,1,0,0.0,0.48,12,0.48,0,21
2107,1,0,0.0,0.48,12,0.48,0,21
2108,1,0,0.0,0.48,12,0.48,0,21
2109,2,1,21.152006,0.52,13,0.52,0,21
2110,2,1,17.849766,0.56,14,0.56,0,21
2111,1,0,0.0,0.56,14,0.56,0,21
2112,0,-1,9.921425,0.52,13,0.52,0,21
2113,0,-1,-0.0,0.52,13,0.52,0,21
2114,0,-1,-0.0,0.52,13,0.52,0,21
2115,0,-1,-19.27347,0.48,12,0.48,0,21
2116,0,-1,-22.258423,0.44,11,0.44,0,21
2117,1,0,0.0,0.44,11,0.44,0,21
2118,1,0,0.0,0.44,11,0.44,0,21
2119,1,0,0.0,0.44,11,0.44,0,21
2120,1,0,0.0,0.44,11,0.44,0,21
2121,0,-1,-0.0,0.44,11,0.44,0,21
2122,1,0,0.0,0.44,11,0.44,0,21
2123,0,-1,-0.0,0.44,11,0.44,0,21
2124,0,-1,-0.0,0.44,11,0.44,0,21
2125,0,-1,6.520784,0.4,10,0.4,0,21
2126,0,-1,5.828954,0.36,9,0.36,0,21
2127,2,1,23.820692,0.4,10,0.4,0,21
2128,1,0,0.0,0.4,10,0.4,0,21
2129,2,1,-3.1672533,0.56,14,0.56,0,21
2130,0,-1,-0.0,0.56,14,0.56,0,21
2131,0,-1,-0.0,0.56,14,0.56,0,21
2132,2,1,-11.7863245,0.6,15,0.6,0,21
2133,2,1,13.485255,0.64,16,0.64,0,21
2134,0,-1,-0.0,0.64,16,0.64,0,21
2135,0,-1,-13.485255,0.6,15,0.6,0,21
2136,1,0,0.0,0.6,15,0.6,0,21
2137,1,0,0.0,0.6,15,0.6,0,21
2138,2,1,11.853814,0.64,16,0.64,0,21
2139,1,0,0.0,0.64,16,0.64,0,21
2140,0,-1,-0.0,0.64,16,0.64,0,21
2141,0,-1,-0.0,0.64,16,0.64,0,21
2142,0,-1,-11.853814,0.6,15,0.6,0,21
2143,0,-1,-0.004015685,0.6,15,0.6,0,21
2144,0,-1,-17.863403,0.56,14,0.56,0,21
2145,0,-1,9.921425,0.52,13,0.52,0,21
2146,0,-1,-18.83556,0.48,12,0.48,0,21
2147,2,1,8.316357,0.56,14,0.56,0,21
2148,0,-1,-16.014334,0.52,13,0.52,0,21
2149,0,-1,-21.154152,0.48,12,0.48,0,21
2150,1,0,0.0,0.48,12,0.48,0,21
2151,0,-1,-0.0,0.48,12,0.48,0,21
2152,1,0,0.0,0.48,12,0.48,0,21
2153,1,0,0.0,0.48,12,0.48,0,21
2154,2,1,-3.5111322,0.6,15,0.6,0,21
2155,0,-1,-0.0,0.6,15,0.6,0,21
2156,0,-1,-0.0016140933,0.6,15,0.6,0,21
2157,0,-1,-0.0,0.6,15,0.6,0,21
2158,2,1,15.365936,0.64,16,0.64,0,21
2159,1,0,0.0,0.64,16,0.64,0,21
2160,1,0,0.0,0.64,16,0.64,0,21
2161,2,1,-10.619246,0.72,18,0.72,0,21
2162,0,-1,-0.0017686473,0.72,18,0.72,0,21
2163,1,0,0.0,0.72,18,0.72,0,21
2164,0,-1,-0.0017223329,0.72,18,0.72,0,21
2165,1,0,0.0,0.72,18,0.72,0,21
2166,0,-1,-0.0,0.72,18,0.72,0,21
2167,2,1,-44.184315,0.8,20,0.8,0,21
2168,2,1,-141.3523,0.88,22,0.88,0,21
2169,2,1,-1000.0,0.0,0,0.0,0,21
2170,2,1,28.346605,0.2,5,0.2,0,22
2171,0,-1,-28.346605,0.16,4,0.16,0,22
2172,1,0,0.0,0.16,4,0.16,0,22
2173,2,1,28.364332,0.2,5,0.2,0,22
2174,2,1,-4.278605,0.24,6,0.24,0,22
2175,0,-1,-0.0,0.24,6,0.24,0,22
2176,1,0,0.0,0.24,6,0.24,0,22
2177,2,1,23.38718,0.32,8,0.32,0,22
2178,1,0,0.0,0.32,8,0.32,0,22
2179,0,-1,-0.1677413,0.32,8,0.32,0,22
2180,2,1,-5.279892,0.36,9,0.36,0,22
2181,1,0,0.0,0.36,9,0.36,0,22
2182,2,1,19.11238,0.44,11,0.44,0,22
2183,2,1,13.902316,0.52,13,0.52,0,22
2184,0,-1,8.49764,0.48,12,0.48,0,22
2185,0,-1,-0.0,0.48,12,0.48,0,22
2186,0,-1,7.3913045,0.44,11,0.44,0,22
2187,1,0,0.0,0.44,11,0.44,0,22
2188,0,-1,-0.0,0.44,11,0.44,0,22
2189,0,-1,-0.0,0.44,11,0.44,0,22
2190,2,1,12.366879,0.52,13,0.52,0,22
2191,1,0,0.0,0.52,13,0.52,0,22
2192,0,-1,-0.0,0.52,13,0.52,0,22
2193,0,-1,-0.0,0.52,13,0.52,0,22
2194,2,1,-47.213837,0.72,18,0.72,0,22
2195,1,0,0.0,0.72,18,0.72,0,22
2196,0,-1,-0.0,0.72,18,0.72,0,22
2197,2,1,-2.327096,0.76,19,0.76,0,22
2198,0,-1,-0.0038925202,0.76,19,0.76,0,22
2199,0,-1,-0.0,0.76,19,0.76,0,22
2200,0,-1,1.8408189,0.72,18,0.72,0,22
2201,1,0,0.0,0.72,18,0.72,0,22
2202,0,-1,22.67524,0.68,17,0.68,0,22
2203,0,-1,-0.0,0.68,17,0.68,0,22
2204,0,-1,-7.8539844,0.64,16,0.64,0,22
2205,0,-1,-13.047345,0.6,15,0.6,0,22
2206,1,0,0.0,0.6,15,0.6,0,22
2207,1,0,0.0,0.6,15,0.6,0,22
2208,0,-1,-0.0,0.6,15,0.6,0,22
2209,1,0,0.0,0.6,15,0.6,0,22
2210,1,0,0.0,0.6,15,0.6,0,22
2211,0,-1,-16.714378,0.56,14,0.56,0,22
2212,2,1,-37.246666,0.72,18,0.72,0,22
2213,0,-1,-0.016028788,0.72,18,0.72,0,22
2214,0,-1,-0.0,0.72,18,0.72,0,22
2215,1,0,0.0,0.72,18,0.72,0,22
2216,2,1,-4.3115716,0.76,19,0.76,0,22
2217,2,1,-41.985844,0.8,20,0.8,0,22
2218,2,1,-36.66384,0.84,21,0.84,0,22
2219,1,0,0.0,0.84,21,0.84,0,22
2220,1,0,0.0,0.84,21,0.84,0,22
2221,2,1,-909.521,0.96,24,0.96,0,22
2222,0,-1,599.1256,0.92,23,0.92,0,22
2223,0,-1,-0.02485935,0.92,23,0.92,0,22
2224,2,1,-599.6765,0.96,24,0.96,0,22
2225,2,1,23.560968,1.0,25,1.0,0,22
2226,0,-1,-1000.0,0.0,0,0.0,0,22
2227,1,0,0.0,0.16,4,0.16,0,23
2228,2,1,28.346605,0.2,5,0.2,0,23
2229,0,-1,-0.0,0.2,5,0.2,0,23
2230,2,1,23.968313,0.28,7,0.28,0,23
2231,1,0,0.0,0.28,7,0.28,0,23
2232,2,1,26.441492,0.32,8,0.32,0,23
2233,2,1,24.37198,0.36,9,0.36,0,23
2234,2,1,23.820692,0.4,10,0.4,0,23
2235,2,1,-6.5202236,0.44,11,0.44,0,23
2236,0,-1,6.5202236,0.4,10,0.4,0,23
2237,1,0,0.0,0.4,10,0.4,0,23
2238,2,1,21.250967,0.44,11,0.44,0,23
2239,2,1,12.009394,0.52,13,0.52,0,23
2240,2,1,-47.213837,0.72,18,0.72,0,23
2241,1,0,0.0,0.72,18,0.72,0,23
2242,2,1,-46.175022,0.8,20,0.8,0,23
2243,0,-1,-0.023737308,0.8,20,0.8,0,23
2244,0,-1,-0.054735657,0.8,20,0.8,0,23
2245,2,1,-39.243214,0.84,21,0.84,0,23
2246,1,0,0.0,0.84,21,0.84,0,23
2247,0,-1,-0.0038925202,0.84,21,0.84,0,23
2248,0,-1,39.051575,0.8,20,0.8,0,23
2249,2,1,-1000.0,0.0,0,0.0,0,23
2250,1,0,0.0,0.16,4,0.16,0,24
2251,2,1,28.364332,0.2,5,0.2,0,24
2252,2,1,23.955872,0.28,7,0.28,0,24
2253,1,0,0.0,0.28,7,0.28,0,24
2254,0,-1,-0.0,0.28,7,0.28,1,24
2255,1,0,0.0,0.28,7,0.28,0,24
2256,1,0,0.0,0.28,7,0.28,0,24
2257,1,0,0.0,0.28,7,0.28,0,24
2258,0,-1,-0.0,0.28,7,0.28,0,24
2259,1,0,0.0,0.28,7,0.28,0,24
2260,1,0,0.0,0.28,7,0.28,0,24
2261,0,-1,-19.580135,0.28,7,0.28,0,24
2262,0,-1,-26.774712,0.24,6,0.24,0,24
2263,2,1,26.766092,0.28,7,0.28,0,24
2264,1,0,0.0,0.28,7,0.28,0,24
2265,1,0,0.0,0.28,7,0.28,0,24
2266,2,1,26.443033,0.32,8,0.32,0,24
2267,2,1,24.36848,0.36,9,0.36,0,24
2268,2,1,0.99799776,0.52,13,0.52,0,24
2269,0,-1,-3.6138204e-11,0.52,13,0.52,0,24
2270,1,0,0.0,0.52,13,0.52,0,24
2271,1,0,0.0,0.52,13,0.52,0,24
2272,1,0,0.0,0.52,13,0.52,0,24
2273,1,0,0.0,0.52,13,0.52,0,24
2274,1,0,0.0,0.52,13,0.52,0,24
2275,1,0,0.0,0.52,13,0.52,0,24
2276,2,1,19.731565,0.56,14,0.56,0,24
2277,1,0,0.0,0.56,14,0.56,0,24
2278,0,-1,-0.0035163718,0.56,14,0.56,0,24
2279,2,1,15.985694,0.6,15,0.6,0,24
2280,0,-1,-15.985694,0.56,14,0.56,0,24
2281,2,1,14.973915,0.6,15,0.6,0,24
2282,1,0,0.0,0.6,15,0.6,0,24
2283,0,-1,-15.5442,0.56,14,0.56,0,24
2284,0,-1,-0.2205466,0.56,14,0.56,0,24
2285,1,0,0.0,0.56,14,0.56,0,24
2286,0,-1,-0.0,0.56,14,0.56,0,24
2287,0,-1,-0.0,0.56,14,0.56,0,24
2288,1,0,0.0,0.56,14,0.56,0,24
2289,2,1,-37.318604,0.72,18,0.72,0,24
2290,1,0,0.0,0.72,18,0.72,0,24
2291,1,0,0.0,0.72,18,0.72,0,24
2292,0,-1,-4.659558,0.68,17,0.68,0,24
2293,0,-1,-0.003444957,0.68,17,0.68,0,24
2294,2,1,5.093755,0.72,18,0.72,0,24
2295,2,1,-2.7625191,0.76,19,0.76,0,24
2296,2,1,-76.93075,0.84,21,0.84,0,24
2297,1,0,0.0,0.84,21,0.84,0,24
2298,1,0,0.0,0.84,21,0.84,0,24
2299,1,0,0.0,0.84,21,0.84,0,24
2300,1,0,0.0,0.84,21,0.84,0,24
2301,0,-1,-0.0036589908,0.84,21,0.84,0,24
2302,1,0,0.0,0.84,21,0.84,0,24
2303,0,-1,-1.3408481e-07,0.84,21,0.84,0,24
2304,1,0,0.0,0.84,21,0.84,0,24
2305,0,-1,-0.0039499346,0.84,21,0.84,0,24
2306,0,-1,-0.003530321,0.84,21,0.84,0,24
2307,0,-1,-1.322534e-07,0.84,21,0.84,0,24
2308,1,0,0.0,0.84,21,0.84,0,24
2309,0,-1,-1.4994654e-07,0.84,21,0.84,0,24
2310,0,-1,-3.6060044e-11,0.84,21,0.84,0,24
2311,2,1,-78.86607,0.88,22,0.88,0,24
2312,1,0,0.0,0.88,22,0.88,0,24
2313,0,-1,79.08439,0.84,21,0.84,0,24
2314,0,-1,-1.3037183e-07,0.84,21,0.84,0,24
2315,0,-1,-0.0038147736,0.84,21,0.84,0,24
2316,0,-1,-0.01564577,0.84,21,0.84,0,24
2317,0,-1,-0.010828944,0.84,21,0.84,0,24
2318,1,0,0.0,0.84,21,0.84,0,24
2319,1,0,0.0,0.84,21,0.84,0,24
2320,0,-1,-0.003820976,0.84,21,0.84,0,24
2321,1,0,0.0,0.84,21,0.84,0,24
2322,1,0,0.0,0.84,21,0.84,0,24
2323,1,0,0.0,0.84,21,0.84,0,24
2324,1,0,0.0,0.84,21,0.84,0,24
2325,0,-1,36.043354,0.8,20,0.8,0,24
2326,0,-1,-1.3127159e-07,0.8,20,0.8,0,24
2327,0,-1,-0.0038926916,0.8,20,0.8,0,24
2328,0,-1,-0.0,0.8,20,0.8,0,24
2329,1,0,0.0,0.8,20,0.8,0,24
2330,0,-1,-0.0,0.8,20,0.8,0,24
2331,0,-1,-0.004273133,0.8,20,0.8,0,24
2332,1,0,0.0,0.8,20,0.8,0,24
2333,1,0,0.0,0.8,20,0.8,0,24
2334,1,0,0.0,0.8,20,0.8,0,24
2335,0,-1,-0.003004631,0.8,20,0.8,0,24
2336,0,-1,-1.4151126e-07,0.8,20,0.8,0,24
2337,1,0,0.0,0.8,20,0.8,0,24
2338,0,-1,-0.0034507068,0.8,20,0.8,0,24
2339,0,-1,13.491138,0.76,19,0.76,0,24
2340,2,1,-78.90057,0.84,21,0.84,0,24
2341,1,0,0.0,0.84,21,0.84,0,24
2342,0,-1,-0.013793298,0.84,21,0.84,0,24
2343,0,-1,-1.2902345e-07,0.84,21,0.84,0,24
2344,0,-1,39.2423,0.8,20,0.8,0,24
2345,1,0,0.0,0.8,20,0.8,0,24
2346,0,-1,-0.100844495,0.8,20,0.8,0,24
2347,1,0,0.0,0.8,20,0.8,0,24
2348,2,1,-347.06467,0.92,23,0.92,0,24
2349,1,0,0.0,0.92,23,0.92,0,24
2350,2,1,-598.49915,0.96,24,0.96,0,24
2351,0,-1,599.6778,0.92,23,0.92,0,24
2352,0,-1,-1.3352218e-07,0.92,23,0.92,0,24
2353,0,-1,181.27985,0.88,22,0.88,0,24
2354,1,0,0.0,0.88,22,0.88,0,24
2355,0,-1,75.96213,0.84,21,0.84,0,24
2356,1,0,0.0,0.84,21,0.84,0,24
2357,1,0,0.0,0.84,21,0.84,0,24
2358,0,-1,36.037388,0.8,20,0.8,0,24
2359,1,0,0.0,0.8,20,0.8,0,24
2360,0,-1,-0.057237957,0.8,20,0.8,0,24
2361,0,-1,-0.03645823,0.8,20,0.8,0,24
2362,2,1,-141.35326,0.88,22,0.88,0,24
2363,0,-1,-0.0,0.88,22,0.88,0,24
2364,2,1,-807.3106,0.96,24,0.96,0,24
2365,1,0,0.0,0.96,24,0.96,0,24
2366,1,0,0.0,0.96,24,0.96,0,24
2367,1,0,0.0,0.96,24,0.96,0,24
2368,0,-1,-0.012511033,0.96,24,0.96,0,24
2369,1,0,0.0,0.96,24,0.96,0,24
2370,1,0,0.0,0.96,24,0.96,0,24
2371,2,1,-1000.0,0.0,0,0.0,0,24
2372,2,1,28.346605,0.2,5,0.2,0,25
2373,0,-1,-0.0,0.2,5,0.2,0,25
2374,2,1,19.461393,0.28,7,0.28,0,25
2375,2,1,27.657686,0.32,8,0.32,0,25
2376,2,1,-5.280318,0.36,9,0.36,0,25
2377,1,0,0.0,0.36,9,0.36,0,25
2378,0,-1,-27.225174,0.32,8,0.32,0,25
2379,0,-1,4.8478045,0.28,7,0.28,0,25
2380,2,1,27.657686,0.32,8,0.32,0,25
2381,0,-1,-0.0,0.32,8,0.32,0,25
2382,0,-1,-23.409119,0.28,7,0.28,0,25
2383,0,-1,4.515826,0.24,6,0.24,0,25
2384,1,0,0.0,0.24,6,0.24,0,25
2385,1,0,0.0,0.24,6,0.24,0,25
2386,0,-1,-28.22638,0.2,5,0.2,0,25
2387,2,1,23.968313,0.28,7,0.28,0,25
2388,0,-1,-0.17871168,0.28,7,0.28,0,25
2389,2,1,18.128635,0.36,9,0.36,0,25
2390,1,0,0.0,0.36,9,0.36,0,25
2391,0,-1,-22.976604,0.32,8,0.32,0,25
2392,0,-1,-26.436209,0.28,7,0.28,0,25
2393,1,0,0.0,0.28,7,0.28,0,25
2394,0,-1,4.515826,0.24,6,0.24,0,25
2395,0,-1,-0.0,0.24,6,0.24,0,25
2396,2,1,-4.515826,0.28,7,0.28,0,25
2397,2,1,-4.8478045,0.32,8,0.32,0,25
2398,2,1,-5.27981,0.36,9,0.36,0,25
2399,0,-1,5.280318,0.32,8,0.32,0,25
2400,0,-1,-27.639961,0.28,7,0.28,0,25
2401,2,1,-4.8479395,0.32,8,0.32,0,25
2402,1,0,0.0,0.32,8,0.32,0,25
2403,0,-1,4.847379,0.28,7,0.28,0,25
2404,1,0,0.0,0.28,7,0.28,0,25
2405,0,-1,-0.0,0.28,7,0.28,0,25
2406,2,1,27.639961,0.32,8,0.32,0,25
2407,2,1,17.146978,0.4,10,0.4,0,25
2408,1,0,0.0,0.4,10,0.4,0,25
2409,2,1,24.768646,0.44,11,0.44,0,25
2410,1,0,0.0,0.44,11,0.44,0,25
2411,2,1,13.101097,0.52,13,0.52,0,25
2412,0,-1,-0.0,0.52,13,0.52,0,25
2413,2,1,-9.92185,0.56,14,0.56,0,25
2414,1,0,0.0,0.56,14,0.56,0,25
2415,0,-1,-18.335072,0.52,13,0.52,0,25
2416,0,-1,-0.21415809,0.52,13,0.52,0,25
2417,1,0,0.0,0.52,13,0.52,0,25
2418,1,0,0.0,0.52,13,0.52,0,25
2419,1,0,0.0,0.52,13,0.52,0,25
2420,0,-1,-0.18717547,0.52,13,0.52,0,25
2421,0,-1,-0.124770775,0.52,13,0.52,0,25
2422,0,-1,8.498147,0.48,12,0.48,0,25
2423,1,0,0.0,0.48,12,0.48,0,25
2424,1,0,0.0,0.48,12,0.48,0,25
2425,1,0,0.0,0.48,12,0.48,0,25
2426,0,-1,7.391865,0.44,11,0.44,0,25
2427,1,0,0.0,0.44,11,0.44,0,25
2428,0,-1,-0.0,0.44,11,0.44,0,25
2429,0,-1,-0.0,0.44,11,0.44,0,25
2430,1,0,0.0,0.44,11,0.44,0,25
2431,1,0,0.0,0.44,11,0.44,0,25
2432,2,1,10.846477,0.52,13,0.52,0,25
2433,0,-1,-17.438036,0.48,12,0.48,0,25
2434,1,0,0.0,0.48,12,0.48,0,25
2435,2,1,13.042493,0.56,14,0.56,0,25
2436,2,1,3.7190814,0.64,16,0.64,0,25
2437,1,0,0.0,0.64,16,0.64,0,25
2438,0,-1,14.285936,0.6,15,0.6,0,25
2439,0,-1,-0.0,0.6,15,0.6,0,25
2440,0,-1,-14.353426,0.56,14,0.56,0,25
2441,0,-1,-0.0,0.56,14,0.56,0,25
2442,0,-1,-0.0,0.56,14,0.56,0,25
2443,0,-1,-0.004513899,0.56,14,0.56,0,25
2444,1,0,0.0,0.56,14,0.56,0,25
2445,0,-1,-0.0,0.56,14,0.56,0,25
2446,1,0,0.0,0.56,14,0.56,0,25
2447,0,-1,-0.0,0.56,14,0.56,0,25
2448,1,0,0.0,0.56,14,0.56,0,25
2449,2,1,15.983896,0.6,15,0.6,0,25
2450,1,0,0.0,0.6,15,0.6,0,25
2451,0,-1,-15.984867,0.56,14,0.56,0,25
2452,0,-1,-0.0,0.56,14,0.56,0,25
2453,0,-1,-0.0,0.56,14,0.56,0,25
2454,2,1,-67.31889,0.76,19,0.76,0,25
2455,1,0,0.0,0.76,19,0.76,0,25
2456,0,-1,-0.0,0.76,19,0.76,0,25
2457,0,-1,-0.29605818,0.76,19,0.76,0,25
2458,0,-1,-0.0,0.76,19,0.76,0,25
2459,0,-1,-0.0035705888,0.76,19,0.76,0,25
2460,1,0,0.0,0.76,19,0.76,0,25
2461,2,1,-76.88979,0.84,21,0.84,0,25
2462,0,-1,37.21477,0.8,20,0.8,0,25
2463,1,0,0.0,0.8,20,0.8,0,25
2464,1,0,0.0,0.8,20,0.8,0,25
2465,0,-1,-0.0,0.8,20,0.8,0,25
2466,0,-1,13.4847145,0.76,19,0.76,0,25
2467,0,-1,2.054947,0.72,18,0.72,0,25
2468,1,0,0.0,0.72,18,0.72,0,25
2469,2,1,-4.3115716,0.76,19,0.76,0,25
2470,1,0,0.0,0.76,19,0.76,0,25
2471,2,1,-18.233627,0.8,20,0.8,0,25
2472,1,0,0.0,0.8,20,0.8,0,25
2473,0,-1,-0.017678978,0.8,20,0.8,0,25
2474,0,-1,41.985336,0.76,19,0.76,0,25
2475,1,0,0.0,0.76,19,0.76,0,25
2476,0,-1,-0.0,0.76,19,0.76,0,25
2477,0,-1,-0.0,0.76,19,0.76,0,25
2478,1,0,0.0,0.76,19,0.76,0,25
2479,1,0,0.0,0.76,19,0.76,1,25
2480,0,-1,-0.0,0.76,19,0.76,0,25
2481,0,-1,6.3466673,0.72,18,0.72,0,25
2482,2,1,-1044.0237,0.96,24,0.96,0,25
2483,1,0,0.0,0.96,24,0.96,0,25
2484,0,-1,-11.832969,0.96,24,0.96,0,25
2485,0,-1,-7.368753,0.96,24,0.96,0,25
2486,0,-1,-0.018987814,0.96,24,0.96,0,25
2487,0,-1,601.60974,0.92,23,0.92,0,25
2488,2,1,-599.89667,0.96,24,0.96,0,25
2489,0,-1,-4.3186787e-11,0.96,24,0.96,0,25
2490,1,0,0.0,0.96,24,0.96,0,25
2491,2,1,23.656199,1.0,25,1.0,0,25
2492,0,-1,-1000.0,0.0,0,0.0,0,25
2493,1,0,0.0,0.16,4,0.16,0,26
2494,2,1,28.346605,0.2,5,0.2,0,26
2495,0,-1,-0.0,0.2,5,0.2,0,26
2496,0,-1,-0.0,0.2,5,0.2,0,26
2497,1,0,0.0,0.2,5,0.2,0,26
2498,1,0,0.0,0.2,5,0.2,0,26
2499,0,-1,-0.0,0.2,5,0.2,0,26
2500,0,-1,-0.0,0.2,5,0.2,0,26
2501,1,0,0.0,0.2,5,0.2,0,26
2502,1,0,0.0,0.2,5,0.2,0,26
2503,2,1,28.22638,0.24,6,0.24,0,26
2504,1,0,0.0,0.24,6,0.24,0,26
2505,1,0,0.0,0.24,6,0.24,0,26
2506,0,-1,-0.0,0.24,6,0.24,0,26
2507,1,0,0.0,0.24,6,0.24,0,26
2508,1,0,0.0,0.24,6,0.24,0,26
2509,0,-1,-28.208652,0.2,5,0.2,0,26
2510,2,1,28.208652,0.24,6,0.24,0,26
2511,2,1,26.767761,0.28,7,0.28,0,26
2512,1,0,0.0,0.28,7,0.28,0,26
2513,0,-1,-26.767761,0.24,6,0.24,0,26
2514,2,1,-4.515744,0.28,7,0.28,0,26
2515,2,1,26.441492,0.32,8,0.32,0,26
2516,2,1,22.762478,0.36,9,0.36,0,26
2517,1,0,0.0,0.36,9,0.36,0,26
2518,2,1,-5.829461,0.4,10,0.4,0,26
2519,0,-1,-0.0,0.4,10,0.4,0,26
2520,0,-1,-22.213333,0.36,9,0.36,0,26
2521,2,1,25.454552,0.4,10,0.4,0,26
2522,1,0,0.0,0.4,10,0.4,0,26
2523,0,-1,-0.0,0.4,10,0.4,0,26
2524,0,-1,-25.459835,0.36,9,0.36,0,26
2525,2,1,-5.8295965,0.4,10,0.4,0,26
2526,1,0,0.0,0.4,10,0.4,0,26
2527,0,-1,-6.83246,0.44,11,0.44,0,26
2528,1,0,0.0,0.44,11,0.44,0,26
2529,1,0,0.0,0.44,11,0.44,0,26
2530,0,-1,6.5202236,0.4,10,0.4,0,26
2531,2,1,14.3443775,0.48,12,0.48,0,26
2532,0,-1,-0.2500457,0.48,12,0.48,0,26
2533,1,0,0.0,0.48,12,0.48,0,26
2534,0,-1,7.3917294,0.44,11,0.44,0,26
2535,0,-1,6.520784,0.4,10,0.4,0,26
2536,1,0,0.0,0.4,10,0.4,0,26
2537,1,0,0.0,0.4,10,0.4,0,26
2538,0,-1,-22.427462,0.36,9,0.36,0,26
2539,0,-1,5.27981,0.32,8,0.32,0,26
2540,0,-1,-0.0,0.32,8,0.32,0,26
2541,2,1,20.356783,0.4,10,0.4,0,26
2542,2,1,23.131649,0.44,11,0.44,0,26
2543,0,-1,6.5202236,0.4,10,0.4,0,26
2544,2,1,21.250967,0.44,11,0.44,0,26
2545,0,-1,-0.0,0.44,11,0.44,0,26
2546,1,0,0.0,0.44,11,0.44,0,26
2547,2,1,-8.360594,0.6,15,0.6,0,26
2548,0,-1,-0.017965542,0.6,15,0.6,0,26
2549,0,-1,-0.0147802755,0.6,15,0.6,0,26
2550,1,0,0.0,0.6,15,0.6,0,26
2551,0,-1,-0.0,0.6,15,0.6,0,26
2552,1,0,0.0,0.6,15,0.6,0,26
2553,1,0,0.0,0.6,15,0.6,0,26
2554,0,-1,-0.0,0.6,15,0.6,0,26
2555,1,0,0.0,0.6,15,0.6,0,26
2556,2,1,-5.0821247,0.68,17,0.68,0,26
2557,1,0,0.0,0.68,17,0.68,0,26
2558,1,0,0.0,0.68,17,0.68,0,26
2559,2,1,-24.874136,0.76,19,0.76,0,26
2560,0,-1,-0.016793897,0.76,19,0.76,0,26
2561,0,-1,-0.0,0.76,19,0.76,0,26
2562,0,-1,4.9741464,0.72,18,0.72,0,26
2563,0,-1,-4.656823,0.68,17,0.68,0,26
2564,2,1,-25.361652,0.76,19,0.76,0,26
2565,0,-1,-0.0,0.76,19,0.76,0,26
2566,0,-1,-0.0,0.76,19,0.76,0,26
2567,2,1,-16.396597,0.8,20,0.8,0,26
2568,0,-1,-0.0,0.8,20,0.8,0,26
2569,2,1,-37.01831,0.84,21,0.84,0,26
2570,0,-1,-0.0043399152,0.84,21,0.84,0,26
2571,0,-1,-0.0037308452,0.84,21,0.84,0,26
2572,1,0,0.0,0.84,21,0.84,0,26
2573,0,-1,-0.0038660597,0.84,21,0.84,0,26
2574,1,0,0.0,0.84,21,0.84,0,26
2575,2,1,-80.70439,0.88,22,0.88,0,26
2576,1,0,0.0,0.88,22,0.88,0,26
2577,0,-1,-0.0,0.88,22,0.88,0,26
2578,1,0,0.0,0.88,22,0.88,0,26
2579,1,0,0.0,0.88,22,0.88,0,26
2580,0,-1,-0.10402326,0.88,22,0.88,0,26
2581,0,-1,-0.0,0.88,22,0.88,0,26
2582,0,-1,-0.0,0.88,22,0.88,0,26
2583,2,1,-810.00415,0.96,24,0.96,0,26
2584,0,-1,-0.0,0.96,24,0.96,0,26
2585,2,1,-1000.0,0.0,0,0.0,0,26
2586,2,1,28.364332,0.2,5,0.2,0,27
2587,1,0,0.0,0.2,5,0.2,0,27
2588,1,0,0.0,0.2,5,0.2,0,27
2589,2,1,19.247265,0.28,7,0.28,0,27
2590,1,0,0.0,0.28,7,0.28,0,27
2591,0,-1,-0.0,0.28,7,0.28,0,27
2592,2,1,27.639961,0.32,8,0.32,0,27
2593,0,-1,-23.19499,0.28,7,0.28,0,27
2594,1,0,0.0,0.28,7,0.28,0,27
2595,1,0,0.0,0.28,7,0.28,0,27
2596,0,-1,-27.98924,0.24,6,0.24,0,27
2597,0,-1,-28.208652,0.2,5,0.2,0,27
2598,0,-1,4.1406527,0.16,4,0.16,0,27
2599,2,1,-4.1407347,0.2,5,0.2,0,27
2600,2,1,28.22638,0.24,6,0.24,0,27
2601,0,-1,4.278687,0.2,5,0.2,0,27
2602,1,0,0.0,0.2,5,0.2,0,27
2603,2,1,23.955872,0.28,7,0.28,0,27
2604,2,1,18.128635,0.36,9,0.36,0,27
2605,1,0,0.0,0.36,9,0.36,0,27
2606,0,-1,-22.976604,0.32,8,0.32,0,27
2607,2,1,26.003696,0.36,9,0.36,0,27
2608,0,-1,-26.003696,0.32,8,0.32,0,27
2609,1,0,0.0,0.32,8,0.32,0,27
2610,2,1,11.36038,0.44,11,0.44,0,27
2611,0,-1,-21.980478,0.4,10,0.4,0,27
2612,0,-1,5.829036,0.36,9,0.36,0,27
2613,0,-1,-26.008978,0.32,8,0.32,0,27
2614,0,-1,-27.639961,0.28,7,0.28,0,27
2615,2,1,22.623116,0.36,9,0.36,0,27
2616,1,0,0.0,0.36,9,0.36,0,27
2617,0,-1,-0.0,0.36,9,0.36,0,27
2618,0,-1,-0.0,0.36,9,0.36,0,27
2619,0,-1,-22.762478,0.32,8,0.32,0,27
2620,0,-1,-0.0,0.32,8,0.32,0,27
2621,2,1,20.35271,0.4,10,0.4,0,27
2622,1,0,0.0,0.4,10,0.4,0,27
2623,1,0,0.0,0.4,10,0.4,0,27
2624,2,1,-6.5202236,0.44,11,0.44,0,27
2625,2,1,3.3535616,0.56,14,0.56,0,27
2626,0,-1,-0.0,0.56,14,0.56,0,27
2627,1,0,0.0,0.56,14,0.56,0,27
2628,1,0,0.0,0.56,14,0.56,0,27
2629,0,-1,-17.411856,0.52,13,0.52,0,27
2630,2,1,8.083592,0.6,15,0.6,0,27
2631,0,-1,-0.0039054214,0.6,15,0.6,0,27
2632,1,0,0.0,0.6,15,0.6,0,27
2633,0,-1,-0.0,0.6,15,0.6,0,27
2634,1,0,0.0,0.6,15,0.6,0,27
2635,1,0,0.0,0.6,15,0.6,0,27
2636,1,0,0.0,0.6,15,0.6,0,27
2637,1,0,0.0,0.6,15,0.6,0,27
2638,1,0,0.0,0.6,15,0.6,0,27
2639,0,-1,-15.984867,0.56,14,0.56,0,27
2640,1,0,0.0,0.56,14,0.56,0,27
2641,1,0,0.0,0.56,14,0.56,0,27
2642,1,0,0.0,0.56,14,0.56,0,27
2643,2,1,0.6632423,0.64,16,0.64,0,27
2644,0,-1,-15.363791,0.6,15,0.6,0,27
2645,1,0,0.0,0.6,15,0.6,0,27
2646,0,-1,-0.0,0.6,15,0.6,0,27
2647,0,-1,-14.149434,0.56,14,0.56,0,27
2648,0,-1,9.921425,0.52,13,0.52,0,27
2649,0,-1,-0.0,0.52,13,0.52,0,27
2650,0,-1,-0.0,0.52,13,0.52,0,27
2651,0,-1,-0.0,0.52,13,0.52,0,27
2652,1,0,0.0,0.52,13,0.52,0,27
2653,2,1,16.842545,0.56,14,0.56,0,27
2654,1,0,0.0,0.56,14,0.56,0,27
2655,0,-1,-0.0,0.56,14,0.56,0,27
2656,1,0,0.0,0.56,14,0.56,0,27
2657,0,-1,-0.0,0.56,14,0.56,0,27
2658,0,-1,-16.218325,0.52,13,0.52,0,27
2659,2,1,19.728302,0.56,14,0.56,0,27
2660,0,-1,-0.0,0.56,14,0.56,0,27
2661,1,0,0.0,0.56,14,0.56,0,27
2662,0,-1,-0.0,0.56,14,0.56,0,27
2663,0,-1,-0.28777906,0.56,14,0.56,0,27
2664,2,1,15.984867,0.6,15,0.6,0,27
2665,2,1,-4.1228642,0.68,17,0.68,0,27
2666,1,0,0.0,0.68,17,0.68,0,27
2667,1,0,0.0,0.68,17,0.68,0,27
2668,1,0,0.0,0.68,17,0.68,0,27
2669,0,-1,-0.0,0.68,17,0.68,0,27
2670,2,1,-67.2434,0.8,20,0.8,0,27
2671,0,-1,15.221448,0.76,19,0.76,0,27
2672,2,1,-16.614744,0.8,20,0.8,0,27
2673,2,1,-141.3523,0.88,22,0.88,0,27
2674,0,-1,-0.0,0.88,22,0.88,0,27
2675,1,0,0.0,0.88,22,0.88,0,27
2676,1,0,0.0,0.88,22,0.88,1,27
2677,0,-1,-0.03791318,0.88,22,0.88,0,27
2678,0,-1,-0.0042459676,0.88,22,0.88,0,27
2679,2,1,-184.85973,0.92,23,0.92,0,27
2680,1,0,0.0,0.92,23,0.92,0,27
2681,0,-1,-0.0033368128,0.92,23,0.92,0,27
2682,2,1,-603.66345,0.96,24,0.96,0,27
2683,0,-1,603.66345,0.92,23,0.92,0,27
2684,1,0,0.0,0.92,23,0.92,0,27
2685,1,0,0.0,0.92,23,0.92,0,27
2686,1,0,0.0,0.92,23,0.92,0,27
2687,0,-1,-0.0037286533,0.92,23,0.92,0,27
2688,2,1,-1000.0,0.0,0,0.0,0,27
2689,2,1,28.346605,0.2,5,0.2,0,28
2690,1,0,0.0,0.2,5,0.2,0,28
2691,0,-1,-0.0,0.2,5,0.2,0,28
2692,2,1,19.461393,0.28,7,0.28,0,28
2693,1,0,0.0,0.28,7,0.28,0,28
2694,0,-1,-0.0,0.28,7,0.28,0,28
2695,2,1,16.807087,0.4,10,0.4,0,28
2696,0,-1,-0.13550168,0.4,10,0.4,0,28
2697,0,-1,-0.2743589,0.4,10,0.4,0,28
2698,2,1,17.554182,0.48,12,0.48,0,28
2699,0,-1,-18.612106,0.44,11,0.44,0,28
2700,1,0,0.0,0.44,11,0.44,0,28
2701,1,0,0.0,0.44,11,0.44,0,28
2702,0,-1,-0.0,0.44,11,0.44,0,28
2703,2,1,22.260569,0.48,12,0.48,0,28
2704,2,1,19.27347,0.52,13,0.52,0,28
2705,0,-1,-0.0,0.52,13,0.52,0,28
2706,1,0,0.0,0.52,13,0.52,0,28
2707,0,-1,-0.0,0.52,13,0.52,0,28
2708,2,1,7.0599895,0.6,15,0.6,0,28
2709,0,-1,-0.0,0.6,15,0.6,0,28
2710,0,-1,-0.0055206846,0.6,15,0.6,0,28
2711,0,-1,-0.0,0.6,15,0.6,0,28
2712,0,-1,-0.0041768,0.6,15,0.6,1,28
2713,2,1,11.712419,0.64,16,0.64,0,28
2714,0,-1,-0.0,0.64,16,0.64,0,28
2715,0,-1,-11.832969,0.64,16,0.64,0,28
2716,0,-1,-7.368753,0.64,16,0.64,0,28
2717,0,-1,-11.712419,0.6,15,0.6,0,28
2718,0,-1,-0.0,0.6,15,0.6,0,28
2719,2,1,-4.9831805,0.64,16,0.64,0,28
2720,1,0,0.0,0.64,16,0.64,0,28
2721,0,-1,-37.584797,0.68,17,0.68,0,28
2722,0,-1,-9.595176,0.64,16,0.64,0,28
2723,2,1,10.033647,0.68,17,0.68,0,28
2724,0,-1,-10.037003,0.64,16,0.64,0,28
2725,0,-1,-23.83208,0.64,16,0.64,0,28
2726,0,-1,-0.0043429937,0.64,16,0.64,0,28
2727,0,-1,4.9831805,0.6,15,0.6,0,28
2728,0,-1,-0.0039981343,0.6,15,0.6,0,28
2729,0,-1,-6.6357813,0.56,14,0.56,0,28
2730,2,1,1.8265532,0.64,16,0.64,0,28
2731,1,0,0.0,0.64,16,0.64,0,28
2732,0,-1,-0.0,0.64,16,0.64,0,28
2733,1,0,0.0,0.64,16,0.64,0,28
2734,0,-1,-0.0,0.64,16,0.64,0,28
2735,1,0,0.0,0.64,16,0.64,0,28
2736,2,1,-12.919391,0.72,18,0.72,0,28
2737,1,0,0.0,0.72,18,0.72,0,28
2738,0,-1,-0.017092882,0.72,18,0.72,0,28
2739,2,1,-210.17848,0.88,22,0.88,0,28
2740,0,-1,77.12221,0.84,21,0.84,0,28
2741,1,0,0.0,0.84,21,0.84,0,28
2742,0,-1,34.30041,0.8,20,0.8,0,28
2743,0,-1,-1.279075e-07,0.8,20,0.8,0,28
2744,2,1,-37.43494,0.84,21,0.84,0,28
2745,1,0,0.0,0.84,21,0.84,0,28
2746,0,-1,34.763123,0.8,20,0.8,0,28
2747,1,0,0.0,0.8,20,0.8,0,28
2748,1,0,0.0,0.8,20,0.8,0,28
2749,1,0,0.0,0.8,20,0.8,0,28
2750,1,0,0.0,0.8,20,0.8,0,28
2751,0,-1,16.616766,0.76,19,0.76,0,28
2752,2,1,-388.66394,0.92,23,0.92,0,28
2753,0,-1,-0.022441624,0.92,23,0.92,0,28
2754,0,-1,-4.5289994e-11,0.92,23,0.92,0,28
2755,0,-1,-4.939693e-11,0.92,23,0.92,0,28
2756,0,-1,-0.063417464,0.92,23,0.92,0,28
2757,2,1,25.5109,1.0,25,1.0,0,28
2758,1,0,-1000.0,0.0,0,0.0,0,28
2759,1,0,0.0,0.16,4,0.16,0,29
2760,0,-1,-0.0,0.16,4,0.16,0,29
2761,2,1,28.364332,0.2,5,0.2,0,29
2762,2,1,28.208652,0.24,6,0.24,0,29
2763,2,1,26.767761,0.28,7,0.28,0,29
2764,0,-1,-26.767761,0.24,6,0.24,0,29
2765,0,-1,-28.22638,0.2,5,0.2,0,29
2766,0,-1,-0.0,0.2,5,0.2,0,29
2767,2,1,23.968313,0.28,7,0.28,0,29
2768,2,1,17.914507,0.36,9,0.36,0,29
2769,2,1,19.116451,0.44,11,0.44,0,29
2770,0,-1,-0.0,0.44,11,0.44,0,29
2771,2,1,-8.360594,0.6,15,0.6,0,29
2772,0,-1,-16.256044,0.56,14,0.56,0,29
2773,1,0,0.0,0.56,14,0.56,0,29
2774,0,-1,-0.013837823,0.56,14,0.56,0,29
2775,1,0,0.0,0.56,14,0.56,0,29
2776,1,0,0.0,0.56,14,0.56,0,29
2777,0,-1,-0.0,0.56,14,0.56,0,29
2778,1,0,0.0,0.56,14,0.56,0,29
2779,0,-1,-0.015284785,0.56,14,0.56,0,29
2780,0,-1,-0.019916374,0.56,14,0.56,0,29
2781,0,-1,-0.21178976,0.56,14,0.56,0,29
2782,1,0,0.0,0.56,14,0.56,0,29
2783,0,-1,-0.0040504737,0.56,14,0.56,0,29
2784,0,-1,-0.17648853,0.56,14,0.56,0,29
2785,0,-1,-0.0,0.56,14,0.56,0,29
2786,1,0,0.0,0.56,14,0.56,0,29
2787,1,0,0.0,0.56,14,0.56,0,29
2788,2,1,0.866899,0.64,16,0.64,0,29
2789,1,0,0.0,0.64,16,0.64,0,29
2790,0,-1,-10.837234,0.6,15,0.6,0,29
2791,0,-1,11.7862425,0.56,14,0.56,0,29
2792,0,-1,-0.18113132,0.56,14,0.56,0,29
2793,2,1,17.86555,0.6,15,0.6,0,29
2794,0,-1,-15.545738,0.56,14,0.56,0,29
2795,1,0,0.0,0.56,14,0.56,0,29
2796,2,1,15.983896,0.6,15,0.6,0,29
2797,2,1,-5.3598356,0.68,17,0.68,0,29
2798,1,0,0.0,0.68,17,0.68,0,29
2799,1,0,0.0,0.68,17,0.68,0,29
2800,0,-1,-8.197792,0.64,16,0.64,0,29
2801,0,-1,-11.717475,0.6,15,0.6,0,29
2802,1,0,0.0,0.6,15,0.6,0,29
2803,0,-1,-14.975996,0.56,14,0.56,0,29
2804,0,-1,-0.0052123754,0.56,14,0.56,0,29
2805,1,0,0.0,0.56,14,0.56,0,29
2806,0,-1,-0.0,0.56,14,0.56,0,29
2807,0,-1,-0.0,0.56,14,0.56,0,29
2808,1,0,0.0,0.56,14,0.56,0,29
2809,2,1,1.8269575,0.64,16,0.64,0,29
2810,1,0,0.0,0.64,16,0.64,0,29
2811,0,-1,-0.0,0.64,16,0.64,0,29
2812,0,-1,-0.0,0.64,16,0.64,0,29
2813,1,0,0.0,0.64,16,0.64,0,29
2814,0,-1,-0.0,0.64,16,0.64,0,29
2815,0,-1,-14.21083,0.6,15,0.6,0,29
2816,0,-1,-0.13964331,0.6,15,0.6,0,29
2817,2,1,-5.4611616,0.68,17,0.68,0,29
2818,1,0,0.0,0.68,17,0.68,0,29
2819,1,0,0.0,0.68,17,0.68,0,29
2820,0,-1,-0.0,0.68,17,0.68,0,29
2821,1,0,0.0,0.68,17,0.68,0,29
2822,1,0,0.0,0.68,17,0.68,0,29
2823,2,1,3.110505,0.72,18,0.72,0,29
2824,1,0,0.0,0.72,18,0.72,0,29
2825,1,0,0.0,0.72,18,0.72,0,29
2826,0,-1,-0.0,0.72,18,0.72,0,29
2827,2,1,-210.1793,0.88,22,0.88,0,29
2828,1,0,0.0,0.88,22,0.88,0,29
2829,0,-1,-0.0,0.88,22,0.88,0,29
2830,0,-1,-0.0,0.88,22,0.88,0,29
2831,1,0,0.0,0.88,22,0.88,1,29
2832,1,0,0.0,0.88,22,0.88,0,29
2833,2,1,-184.85973,0.92,23,0.92,0,29
2834,0,-1,-0.0,0.92,23,0.92,0,29
2835,1,0,0.0,0.92,23,0.92,0,29
2836,0,-1,-0.014536608,0.92,23,0.92,0,29
2837,0,-1,181.27556,0.88,22,0.88,0,29
2838,2,1,27.517754,1.0,25,1.0,0,29
2839,2,1,-1000.0,0.0,0,0.0,0,29
2840,1,0,0.0,0.16,4,0.16,0,30
2841,2,1,28.364332,0.2,5,0.2,0,30
2842,1,0,0.0,0.2,5,0.2,0,30
2843,1,0,0.0,0.2,5,0.2,0,30
2844,2,1,23.955872,0.28,7,0.28,0,30
2845,1,0,0.0,0.28,7,0.28,0,30
2846,1,0,0.0,0.28,7,0.28,0,30
2847,2,1,18.128635,0.36,9,0.36,0,30
2848,1,0,0.0,0.36,9,0.36,0,30
2849,1,0,0.0,0.36,9,0.36,0,30
2850,2,1,9.248968,0.48,12,0.48,0,30
2851,0,-1,-0.0,0.48,12,0.48,0,30
2852,1,0,0.0,0.48,12,0.48,0,30
2853,1,0,0.0,0.48,12,0.48,0,30
2854,2,1,8.316357,0.56,14,0.56,0,30
2855,1,0,0.0,0.56,14,0.56,0,30
2856,0,-1,-18.335072,0.52,13,0.52,0,30
2857,2,1,18.335072,0.56,14,0.56,0,30
2858,1,0,0.0,0.56,14,0.56,0,30
2859,0,-1,-16.014334,0.52,13,0.52,1,30
2860,1,0,0.0,0.52,13,0.52,1,30
2861,0,-1,-20.007935,0.48,12,0.48,0,30
2862,0,-1,-18.754993,0.44,11,0.44,0,30
2863,1,0,0.0,0.44,11,0.44,0,30
2864,1,0,0.0,0.44,11,0.44,0,30
2865,2,1,15.569863,0.52,13,0.52,0,30
2866,1,0,0.0,0.52,13,0.52,0,30
2867,1,0,0.0,0.52,13,0.52,1,30
2868,0,-1,-0.0,0.52,13,0.52,0,30
2869,0,-1,-9.549371,0.52,13,0.52,0,30
2870,2,1,19.724237,0.56,14,0.56,0,30
2871,1,0,0.0,0.56,14,0.56,0,30
2872,1,0,0.0,0.56,14,0.56,0,30
2873,1,0,0.0,0.56,14,0.56,0,30
2874,2,1,15.962912,0.6,15,0.6,0,30
2875,2,1,-3.2441633,0.68,17,0.68,0,30
2876,2,1,-8.034089,0.72,18,0.72,0,30
2877,0,-1,-0.2222666,0.72,18,0.72,0,30
2878,0,-1,-5.2438054e-12,0.72,18,0.72,0,30
2879,2,1,-4.520924,0.76,19,0.76,0,30
2880,2,1,-13.496123,0.8,20,0.8,0,30
2881,0,-1,-0.018536802,0.8,20,0.8,0,30
2882,1,0,0.0,0.8,20,0.8,0,30
2883,0,-1,-5.584866e-12,0.8,20,0.8,0,30
2884,0,-1,-0.051564362,0.8,20,0.8,0,30
2885,0,-1,-0.017419457,0.8,20,0.8,0,30
2886,1,0,0.0,0.8,20,0.8,0,30
2887,1,0,0.0,0.8,20,0.8,0,30
2888,0,-1,-21.75253,0.8,20,0.8,0,30
2889,2,1,-35.037052,0.84,21,0.84,0,30
2890,1,0,0.0,0.84,21,0.84,0,30
2891,0,-1,-0.0157823,0.84,21,0.84,0,30
2892,1,0,0.0,0.84,21,0.84,0,30
2893,0,-1,48.16244,0.8,20,0.8,0,30
2894,0,-1,-0.004064935,0.8,20,0.8,0,30
2895,0,-1,-5.3574922e-12,0.8,20,0.8,0,30
2896,1,0,0.0,0.8,20,0.8,0,30
2897,1,0,0.0,0.8,20,0.8,0,30
2898,0,-1,-21.828028,0.8,20,0.8,0,30
2899,1,0,0.0,0.8,20,0.8,0,30
2900,2,1,-141.42676,0.88,22,0.88,0,30
2901,1,0,0.0,0.88,22,0.88,0,30
2902,1,0,0.0,0.88,22,0.88,0,30
2903,1,0,0.0,0.88,22,0.88,0,30
2904,2,1,-806.93085,0.96,24,0.96,0,30
2905,1,0,0.0,0.96,24,0.96,0,30
2906,0,-1,-0.18575265,0.96,24,0.96,0,30
2907,0,-1,-0.16349474,0.96,24,0.96,0,30
2908,0,-1,596.77606,0.92,23,0.92,0,30
2909,0,-1,-0.018945657,0.92,23,0.92,0,30
2910,0,-1,-0.1548936,0.92,23,0.92,0,30
2911,2,1,-601.6154,0.96,24,0.96,0,30
2912,0,-1,596.99725,0.92,23,0.92,0,30
2913,1,0,0.0,0.92,23,0.92,0,30
2914,0,-1,-9.856817e-07,0.92,23,0.92,0,30
2915,1,0,0.0,0.92,23,0.92,0,30
2916,0,-1,-0.0,0.92,23,0.92,0,30
2917,0,-1,-0.0,0.92,23,0.92,0,30
2918,2,1,-603.7018,0.96,24,0.96,0,30
2919,0,-1,600.14685,0.92,23,0.92,0,30
2920,1,0,0.0,0.92,23,0.92,0,30
2921,0,-1,200.21353,0.88,22,0.88,0,30
2922,1,0,0.0,0.88,22,0.88,0,30
2923,0,-1,-0.14315273,0.88,22,0.88,0,30
2924,0,-1,82.89284,0.84,21,0.84,0,30
2925,1,0,0.0,0.84,21,0.84,0,30
2926,1,0,0.0,0.84,21,0.84,0,30
2927,0,-1,39.15365,0.8,20,0.8,0,30
2928,0,-1,-0.17521046,0.8,20,0.8,0,30
2929,1,0,0.0,0.8,20,0.8,0,30
2930,0,-1,-0.091960445,0.8,20,0.8,0,30
2931,1,0,0.0,0.8,20,0.8,0,30
2932,1,0,0.0,0.8,20,0.8,0,30
2933,1,0,0.0,0.8,20,0.8,0,30
2934,1,0,0.0,0.8,20,0.8,0,30
2935,1,0,0.0,0.8,20,0.8,0,30
2936,1,0,0.0,0.8,20,0.8,0,30
2937,0,-1,-0.0,0.8,20,0.8,0,30
2938,1,0,0.0,0.8,20,0.8,0,30
2939,0,-1,15.215425,0.76,19,0.76,0,30
2940,0,-1,-0.0,0.76,19,0.76,0,30
2941,0,-1,-0.0,0.76,19,0.76,0,30
2942,0,-1,-0.0,0.76,19,0.76,0,30
2943,1,0,0.0,0.76,19,0.76,0,30
2944,0,-1,-0.0,0.76,19,0.76,0,30
2945,1,0,0.0,0.76,19,0.76,0,30
2946,0,-1,-0.0,0.76,19,0.76,0,30
2947,1,0,0.0,0.76,19,0.76,0,30
2948,1,0,0.0,0.76,19,0.76,0,30
2949,0,-1,-0.0,0.76,19,0.76,0,30
2950,0,-1,-0.15240969,0.76,19,0.76,0,30
2951,2,1,-81.02642,0.84,21,0.84,0,30
2952,1,0,0.0,0.84,21,0.84,0,30
2953,1,0,0.0,0.84,21,0.84,0,30
2954,0,-1,-0.0,0.84,21,0.84,0,30
2955,0,-1,41.274803,0.8,20,0.8,0,30
2956,0,-1,-0.15715769,0.8,20,0.8,0,30
2957,1,0,0.0,0.8,20,0.8,0,30
2958,0,-1,18.335474,0.76,19,0.76,0,30
2959,0,-1,6.5176177,0.72,18,0.72,0,30
2960,1,0,0.0,0.72,18,0.72,0,30
2961,2,1,-6.4473734,0.76,19,0.76,0,30
2962,2,1,-33.588585,0.8,20,0.8,0,30
2963,1,0,0.0,0.8,20,0.8,0,30
2964,0,-1,-15.582986,0.8,20,0.8,0,30
2965,1,0,0.0,0.8,20,0.8,0,30
2966,0,-1,-0.06855975,0.8,20,0.8,0,30
2967,0,-1,-0.022356138,0.8,20,0.8,0,30
2968,0,-1,-0.0,0.8,20,0.8,0,30
2969,0,-1,33.588585,0.76,19,0.76,0,30
2970,0,-1,-0.094665214,0.76,19,0.76,0,30
2971,2,1,-18.405718,0.8,20,0.8,0,30
2972,0,-1,-0.0,0.8,20,0.8,0,30
2973,1,0,0.0,0.8,20,0.8,1,30
2974,1,0,0.0,0.8,20,0.8,0,30
2975,0,-1,18.340988,0.76,19,0.76,0,30
2976,0,-1,6.5161257,0.72,18,0.72,0,30
2977,0,-1,-15.879066,0.72,18,0.72,0,30
2978,1,0,0.0,0.72,18,0.72,0,30
2979,0,-1,-0.0034340774,0.72,18,0.72,0,30
2980,0,-1,-5.5120597,0.72,18,0.72,0,30
2981,0,-1,-20.187687,0.72,18,0.72,0,30
2982,1,0,0.0,0.72,18,0.72,0,30
2983,0,-1,-0.0045139794,0.72,18,0.72,0,30
2984,1,0,0.0,0.72,18,0.72,0,30
2985,0,-1,-0.003632471,0.72,18,0.72,0,30
2986,1,0,0.0,0.72,18,0.72,0,30
2987,0,-1,-21.046253,0.72,18,0.72,0,30
2988,1,0,0.0,0.72,18,0.72,0,30
2989,1,0,0.0,0.72,18,0.72,0,30
2990,0,-1,-2.9034204,0.68,17,0.68,0,30
2991,1,0,0.0,0.68,17,0.68,0,30
2992,0,-1,-0.0,0.68,17,0.68,0,30
2993,2,1,2.903415,0.72,18,0.72,0,30
2994,1,0,0.0,0.72,18,0.72,0,30
2995,2,1,-4.3167114,0.76,19,0.76,0,30
2996,1,0,0.0,0.76,19,0.76,0,30
2997,2,1,-18.372763,0.8,20,0.8,0,30
2998,1,0,0.0,0.8,20,0.8,0,30
2999,0,-1,-0.003978227,0.8,20,0.8,0,30
3000,2,1,-143.55777,0.88,22,0.88,0,30
3001,0,-1,-0.07612667,0.88,22,0.88,0,30
3002,2,1,-1000.0,0.0,0,0.0,0,30
3003,2,1,28.346605,0.2,5,0.2,0,31
3004,1,0,0.0,0.2,5,0.2,0,31
3005,1,0,0.0,0.2,5,0.2,0,31
3006,0,-1,-0.0,0.2,5,0.2,0,31
3007,2,1,19.461393,0.28,7,0.28,0,31
3008,2,1,16.807087,0.4,10,0.4,0,31
3009,1,0,0.0,0.4,10,0.4,0,31
3010,0,-1,-0.13550168,0.4,10,0.4,0,31
3011,0,-1,-20.174376,0.36,9,0.36,0,31
3012,2,1,22.66773,0.4,10,0.4,0,31
3013,2,1,12.648595,0.48,12,0.48,0,31
3014,1,0,0.0,0.48,12,0.48,0,31
3015,0,-1,-21.105461,0.44,11,0.44,0,31
3016,0,-1,-0.0,0.44,11,0.44,0,31
3017,0,-1,-0.0,0.44,11,0.44,0,31
3018,2,1,23.897566,0.48,12,0.48,0,31
3019,0,-1,-19.169409,0.44,11,0.44,0,31
3020,0,-1,-21.736273,0.4,10,0.4,0,31
3021,2,1,23.131649,0.44,11,0.44,0,31
3022,0,-1,-0.0,0.44,11,0.44,0,31
3023,0,-1,-0.0,0.44,11,0.44,0,31
3024,1,0,0.0,0.44,11,0.44,0,31
3025,1,0,0.0,0.44,11,0.44,0,31
3026,1,0,0.0,0.44,11,0.44,0,31
3027,2,1,13.18736,0.52,13,0.52,0,31
3028,2,1,-7.0041533,0.64,16,0.64,0,31
3029,0,-1,14.286362,0.6,15,0.6,0,31
3030,1,0,0.0,0.6,15,0.6,0,31
3031,0,-1,-0.0,0.6,15,0.6,0,31
3032,0,-1,-0.0038925202,0.6,15,0.6,0,31
3033,0,-1,-0.0043150755,0.6,15,0.6,0,31
3034,2,1,13.047345,0.64,16,0.64,0,31
3035,0,-1,-14.21083,0.6,15,0.6,0,31
3036,0,-1,-0.0,0.6,15,0.6,0,31
3037,1,0,0.0,0.6,15,0.6,0,31
3038,1,0,0.0,0.6,15,0.6,0,31
3039,0,-1,-0.023737308,0.6,15,0.6,0,31
3040,0,-1,-0.02485935,0.6,15,0.6,0,31
3041,2,1,15.363791,0.64,16,0.64,0,31
3042,0,-1,-0.0038308254,0.64,16,0.64,0,31
3043,1,0,0.0,0.64,16,0.64,0,31
3044,1,0,0.0,0.64,16,0.64,0,31
3045,2,1,-13.850465,0.72,18,0.72,0,31
3046,0,-1,-0.0,0.72,18,0.72,0,31
3047,1,0,0.0,0.72,18,0.72,0,31
3048,1,0,0.0,0.72,18,0.72,0,31
3049,0,-1,-0.0,0.72,18,0.72,0,31
3050,1,0,0.0,0.72,18,0.72,0,31
3051,1,0,0.0,0.72,18,0.72,0,31
3052,1,0,0.0,0.72,18,0.72,0,31
3053,0,-1,-0.0,0.72,18,0.72,0,31
3054,0,-1,-4.658042,0.68,17,0.68,0,31
3055,1,0,0.0,0.68,17,0.68,0,31
3056,0,-1,-0.0,0.68,17,0.68,0,31
3057,0,-1,-0.0,0.68,17,0.68,0,31
3058,0,-1,-0.0,0.68,17,0.68,0,31
3059,1,0,0.0,0.68,17,0.68,0,31
3060,2,1,-22.675665,0.72,18,0.72,0,31
3061,0,-1,-0.0,0.72,18,0.72,0,31
3062,0,-1,-0.0,0.72,18,0.72,0,31
3063,0,-1,-0.0,0.72,18,0.72,0,31
3064,1,0,0.0,0.72,18,0.72,0,31
3065,1,0,0.0,0.72,18,0.72,0,31
3066,0,-1,-3.8854747,0.68,17,0.68,0,31
3067,0,-1,-10.765354,0.64,16,0.64,0,31
3068,0,-1,-15.363791,0.6,15,0.6,0,31
3069,1,0,0.0,0.6,15,0.6,0,31
3070,0,-1,-0.4336983,0.6,15,0.6,0,31
3071,0,-1,-0.25077888,0.6,15,0.6,0,31
3072,1,0,0.0,0.6,15,0.6,0,31
3073,0,-1,11.786749,0.56,14,0.56,0,31
3074,1,0,0.0,0.56,14,0.56,0,31
3075,0,-1,-0.0,0.56,14,0.56,0,31
3076,0,-1,-0.13552457,0.56,14,0.56,0,31
3077,0,-1,-18.335072,0.52,13,0.52,0,31
3078,1,0,0.0,0.52,13,0.52,0,31
3079,0,-1,-0.0,0.52,13,0.52,0,31
3080,1,0,0.0,0.52,13,0.52,0,31
3081,0,-1,-0.16677947,0.52,13,0.52,0,31
3082,1,0,0.0,0.52,13,0.52,0,31
3083,1,0,0.0,0.52,13,0.52,0,31
3084,1,0,0.0,0.52,13,0.52,0,31
3085,0,-1,-0.0,0.52,13,0.52,0,31
3086,0,-1,8.498147,0.48,12,0.48,0,31
3087,0,-1,-20.651064,0.44,11,0.44,0,31
3088,1,0,0.0,0.44,11,0.44,0,31
3089,1,0,0.0,0.44,11,0.44,0,31
3090,2,1,-7.3917294,0.48,12,0.48,0,31
3091,1,0,0.0,0.48,12,0.48,0,31
3092,0,-1,-0.0,0.48,12,0.48,0,31
3093,0,-1,-0.22223318,0.48,12,0.48,0,31
3094,1,0,0.0,0.48,12,0.48,0,31
3095,1,0,0.0,0.48,12,0.48,0,31
3096,1,0,0.0,0.48,12,0.48,0,31
3097,1,0,0.0,0.48,12,0.48,0,31
3098,0,-1,-0.0,0.48,12,0.48,0,31
3099,0,-1,-0.0,0.48,12,0.48,0,31
3100,1,0,0.0,0.48,12,0.48,0,31
3101,0,-1,-22.260569,0.44,11,0.44,0,31
3102,1,0,0.0,0.44,11,0.44,0,31
3103,0,-1,6.5202236,0.4,10,0.4,0,31
3104,2,1,23.129503,0.44,11,0.44,0,31
3105,1,0,0.0,0.44,11,0.44,0,31
3106,0,-1,-0.0,0.44,11,0.44,0,31
3107,1,0,0.0,0.44,11,0.44,0,31
3108,2,1,12.366879,0.52,13,0.52,0,31
3109,2,1,8.085325,0.6,15,0.6,0,31
3110,2,1,-4.1220665,0.68,17,0.68,0,31
3111,1,0,0.0,0.68,17,0.68,0,31
3112,1,0,0.0,0.68,17,0.68,0,31
3113,1,0,0.0,0.68,17,0.68,0,31
3114,1,0,0.0,0.68,17,0.68,0,31
3115,2,1,-65.95006,0.8,20,0.8,1,31
3116,2,1,-57.38721,0.84,21,0.84,0,31
3117,0,-1,-19.57412,0.84,21,0.84,0,31
3118,0,-1,-0.20374836,0.84,21,0.84,0,31
3119,1,0,0.0,0.84,21,0.84,0,31
3120,1,0,0.0,0.84,21,0.84,0,31
3121,0,-1,-7.368759,0.84,21,0.84,0,31
3122,1,0,0.0,0.84,21,0.84,0,31
3123,1,0,0.0,0.84,21,0.84,0,31
3124,0,-1,-0.003671766,0.84,21,0.84,0,31
3125,2,1,-78.69849,0.88,22,0.88,0,31
3126,2,1,-180.5699,0.92,23,0.92,0,31
3127,0,-1,-0.017179938,0.92,23,0.92,0,31
3128,0,-1,188.97885,0.88,22,0.88,0,31
3129,2,1,-184.94327,0.92,23,0.92,0,31
3130,1,0,0.0,0.92,23,0.92,0,31
3131,2,1,26.566216,1.0,25,1.0,0,31
3132,1,0,-1000.0,0.0,0,0.0,0,31
3133,2,1,28.346605,0.2,5,0.2,0,32
3134,0,-1,-0.0,0.2,5,0.2,0,32
3135,0,-1,-28.346605,0.16,4,0.16,0,32
3136,2,1,28.364332,0.2,5,0.2,0,32
3137,1,0,0.0,0.2,5,0.2,0,32
3138,1,0,0.0,0.2,5,0.2,0,32
3139,2,1,19.247265,0.28,7,0.28,0,32
3140,0,-1,-0.0,0.28,7,0.28,0,32
3141,0,-1,-23.526543,0.24,6,0.24,0,32
3142,0,-1,-28.22638,0.2,5,0.2,0,32
3143,0,-1,-0.0,0.2,5,0.2,0,32
3144,1,0,0.0,0.2,5,0.2,0,32
3145,1,0,0.0,0.2,5,0.2,0,32
3146,1,0,0.0,0.2,5,0.2,0,32
3147,2,1,23.70996,0.28,7,0.28,1,32
3148,0,-1,-23.84531,0.28,7,0.28,0,32
3149,0,-1,-15.115782,0.24,6,0.24,0,32
3150,1,0,0.0,0.24,6,0.24,0,32
3151,0,-1,-15.420856,0.2,5,0.2,0,32
3152,2,1,28.207085,0.24,6,0.24,0,32
3153,1,0,0.0,0.24,6,0.24,0,32
3154,1,0,0.0,0.24,6,0.24,0,32
3155,1,0,0.0,0.24,6,0.24,0,32
3156,0,-1,-28.207085,0.2,5,0.2,0,32
3157,0,-1,-0.0,0.2,5,0.2,0,32
3158,1,0,0.0,0.2,5,0.2,0,32
3159,1,0,0.0,0.2,5,0.2,0,32
3160,2,1,23.955044,0.28,7,0.28,0,32
3161,2,1,21.333183,0.36,9,0.36,0,32
3162,0,-1,-0.12797004,0.36,9,0.36,0,32
3163,1,0,0.0,0.36,9,0.36,0,32
3164,2,1,23.819338,0.4,10,0.4,0,32
3165,1,0,0.0,0.4,10,0.4,0,32
3166,1,0,0.0,0.4,10,0.4,0,32
3167,2,1,21.252125,0.44,11,0.44,0,32
3168,1,0,0.0,0.44,11,0.44,0,32
3169,0,-1,-0.0,0.44,11,0.44,0,32
3170,1,0,0.0,0.44,11,0.44,0,32
3171,1,0,0.0,0.44,11,0.44,0,32
3172,2,1,-22.691414,0.64,16,0.64,0,32
3173,1,0,0.0,0.64,16,0.64,0,32
3174,2,1,-42.598022,0.76,19,0.76,0,32
3175,2,1,-18.325727,0.8,20,0.8,0,32
3176,2,1,-349.9507,0.92,23,0.92,0,32
3177,1,0,0.0,0.92,23,0.92,0,32
3178,0,-1,-0.0,0.92,23,0.92,0,32
3179,0,-1,-0.017292265,0.92,23,0.92,0,32
3180,1,0,0.0,0.92,23,0.92,0,32
3181,0,-1,-0.0,0.92,23,0.92,0,32
3182,1,0,0.0,0.92,23,0.92,0,32
3183,0,-1,-0.061518647,0.92,23,0.92,0,32
3184,0,-1,-0.0033831648,0.92,23,0.92,0,32
3185,0,-1,185.0488,0.88,22,0.88,0,32
3186,0,-1,-0.06979226,0.88,22,0.88,0,32
3187,1,0,0.0,0.88,22,0.88,0,32
3188,0,-1,-0.021959512,0.88,22,0.88,0,32
3189,1,0,0.0,0.88,22,0.88,0,32
3190,1,0,0.0,0.88,22,0.88,0,32
3191,1,0,0.0,0.88,22,0.88,0,32
3192,0,-1,-1.3351332e-07,0.88,22,0.88,0,32
3193,1,0,0.0,0.88,22,0.88,0,32
3194,1,0,0.0,0.88,22,0.88,0,32
3195,0,-1,-0.07425186,0.88,22,0.88,0,32
3196,0,-1,-0.07466767,0.88,22,0.88,0,32
3197,0,-1,-1.1698232e-07,0.88,22,0.88,0,32
3198,2,1,-100.0,0.0,0,0.0,0,32
3199,0,-1,-0.0,0.16,4,0.16,0,33
3200,2,1,28.364332,0.2,5,0.2,0,33
3201,1,0,0.0,0.2,5,0.2,0,33
3202,0,-1,-0.0,0.2,5,0.2,0,33
3203,2,1,-4.278687,0.24,6,0.24,0,33
3204,1,0,0.0,0.24,6,0.24,0,33
3205,0,-1,4.278687,0.2,5,0.2,0,33
3206,0,-1,-28.364332,0.16,4,0.16,0,33
3207,2,1,-4.1407347,0.2,5,0.2,0,33
3208,2,1,28.22638,0.24,6,0.24,0,33
3209,2,1,-4.51638,0.28,7,0.28,0,33
3210,1,0,0.0,0.28,7,0.28,0,33
3211,1,0,0.0,0.28,7,0.28,0,33
3212,0,-1,-27.98924,0.24,6,0.24,0,33
3213,2,1,27.971514,0.28,7,0.28,0,33
3214,0,-1,-27.971514,0.24,6,0.24,0,33
3215,2,1,27.98924,0.28,7,0.28,0,33
3216,0,-1,-0.0,0.28,7,0.28,0,33
3217,1,0,0.0,0.28,7,0.28,0,33
3218,1,0,0.0,0.28,7,0.28,0,33
3219,2,1,27.639961,0.32,8,0.32,0,33
3220,1,0,0.0,0.32,8,0.32,0,33
3221,0,-1,-27.657686,0.28,7,0.28,0,33
3222,0,-1,-0.0,0.28,7,0.28,0,33
3223,2,1,-4.8478045,0.32,8,0.32,0,33
3224,2,1,27.225174,0.36,9,0.36,0,33
3225,1,0,0.0,0.36,9,0.36,0,33
3226,1,0,0.0,0.36,9,0.36,0,33
3227,2,1,25.454552,0.4,10,0.4,0,33
3228,2,1,9.05587,0.52,13,0.52,0,33
3229,1,0,0.0,0.52,13,0.52,0,33
3230,1,0,0.0,0.52,13,0.52,0,33
3231,0,-1,-21.152006,0.48,12,0.48,0,33
3232,0,-1,-23.897566,0.44,11,0.44,0,33
3233,1,0,0.0,0.44,11,0.44,0,33
3234,0,-1,-0.20553954,0.44,11,0.44,0,33
3235,1,0,0.0,0.44,11,0.44,0,33
3236,0,-1,-0.23699082,0.44,11,0.44,0,33
3237,0,-1,6.5201416,0.4,10,0.4,0,33
3238,1,0,0.0,0.4,10,0.4,0,33
3239,1,0,0.0,0.4,10,0.4,0,33
3240,2,1,21.736273,0.44,11,0.44,0,33
3241,0,-1,-24.763365,0.4,10,0.4,0,33
3242,1,0,0.0,0.4,10,0.4,0,33
3243,1,0,0.0,0.4,10,0.4,0,33
3244,1,0,0.0,0.4,10,0.4,0,33
3245,1,0,0.0,0.4,10,0.4,0,33
3246,1,0,0.0,0.4,10,0.4,0,33
3247,1,0,0.0,0.4,10,0.4,0,33
3248,0,-1,-0.0,0.4,10,0.4,0,33
3249,0,-1,-22.427462,0.36,9,0.36,0,33
3250,2,1,25.459835,0.4,10,0.4,0,33
3251,0,-1,-6.979956,0.44,11,0.44,0,33
3252,1,0,0.0,0.44,11,0.44,0,33
3253,2,1,23.892282,0.48,12,0.48,0,33
3254,2,1,10.65724,0.56,14,0.56,0,33
3255,1,0,0.0,0.56,14,0.56,0,33
3256,2,1,17.863403,0.6,15,0.6,0,33
3257,1,0,0.0,0.6,15,0.6,0,33
3258,0,-1,11.7862425,0.56,14,0.56,0,33
3259,0,-1,-11.791416,0.6,15,0.6,0,33
3260,1,0,0.0,0.6,15,0.6,0,33
3261,0,-1,-0.0037821357,0.6,15,0.6,0,33
3262,0,-1,-0.21685827,0.6,15,0.6,0,33
3263,2,1,15.365936,0.64,16,0.64,0,33
3264,0,-1,-15.363791,0.6,15,0.6,0,33
3265,0,-1,-0.004402033,0.6,15,0.6,0,33
3266,1,0,0.0,0.6,15,0.6,0,33
3267,0,-1,11.7862425,0.56,14,0.56,0,33
3268,0,-1,9.92185,0.52,13,0.52,0,33
3269,0,-1,8.498275,0.48,12,0.48,0,33
3270,1,0,0.0,0.48,12,0.48,0,33
3271,2,1,-15.327986,0.64,16,0.64,0,33
3272,1,0,0.0,0.64,16,0.64,0,33
3273,2,1,-17.735909,0.68,17,0.68,0,33
3274,2,1,-22.981215,0.76,19,0.76,0,33
3275,1,0,0.0,0.76,19,0.76,0,33
3276,1,0,0.0,0.76,19,0.76,0,33
3277,1,0,0.0,0.76,19,0.76,0,33
3278,0,-1,1.6005503,0.72,18,0.72,0,33
3279,1,0,0.0,0.72,18,0.72,0,33
3280,1,0,0.0,0.72,18,0.72,0,33
3281,1,0,0.0,0.72,18,0.72,0,33
3282,0,-1,-4.658042,0.68,17,0.68,0,33
3283,0,-1,17.735909,0.64,16,0.64,0,33
3284,2,1,-12.916776,0.72,18,0.72,0,33
3285,2,1,-106.975525,0.84,21,0.84,0,33
3286,0,-1,-0.014991351,0.84,21,0.84,0,33
3287,0,-1,-0.0,0.84,21,0.84,0,33
3288,1,0,0.0,0.84,21,0.84,0,33
3289,1,0,0.0,0.84,21,0.84,0,33
3290,0,-1,-0.15941666,0.84,21,0.84,0,33
3291,1,0,0.0,0.84,21,0.84,0,33
3292,2,1,-79.08573,0.88,22,0.88,0,33
3293,1,0,0.0,0.88,22,0.88,0,33
3294,1,0,0.0,0.88,22,0.88,0,33
3295,1,0,0.0,0.88,22,0.88,0,33
3296,0,-1,-0.013351822,0.88,22,0.88,0,33
3297,0,-1,-0.011991609,0.88,22,0.88,0,33
3298,1,0,0.0,0.88,22,0.88,0,33
3299,0,-1,-0.0,0.88,22,0.88,0,33
3300,0,-1,76.19991,0.84,21,0.84,0,33
3301,1,0,0.0,0.84,21,0.84,0,33
3302,2,1,-81.10876,0.88,22,0.88,0,33
3303,2,1,-807.968,0.96,24,0.96,0,33
3304,0,-1,-0.015708586,0.96,24,0.96,0,33
3305,1,0,0.0,0.96,24,0.96,0,33
3306,1,0,0.0,0.96,24,0.96,0,33
3307,2,1,-1000.0,0.0,0,0.0,0,33
3308,1,0,0.0,0.16,4,0.16,0,34
3309,2,1,28.346605,0.2,5,0.2,0,34
3310,2,1,28.22638,0.24,6,0.24,0,34
3311,2,1,26.767761,0.28,7,0.28,0,34
3312,2,1,26.441492,0.32,8,0.32,0,34
3313,2,1,24.37198,0.36,9,0.36,0,34
3314,0,-1,-0.13550168,0.36,9,0.36,0,34
3315,1,0,0.0,0.36,9,0.36,0,34
3316,0,-1,-0.18968947,0.36,9,0.36,0,34
3317,1,0,0.0,0.36,9,0.36,0,34
3318,2,1,23.820692,0.4,10,0.4,0,34
3319,2,1,21.249996,0.44,11,0.44,0,34
3320,0,-1,-0.0,0.44,11,0.44,0,34
3321,2,1,12.366879,0.52,13,0.52,0,34
3322,1,0,0.0,0.52,13,0.52,0,34
3323,2,1,6.1914687,0.6,15,0.6,0,34
3324,0,-1,-16.470173,0.56,14,0.56,0,34
3325,0,-1,-0.0,0.56,14,0.56,0,34
3326,1,0,0.0,0.56,14,0.56,0,34
3327,1,0,0.0,0.56,14,0.56,0,34
3328,0,-1,-0.0,0.56,14,0.56,0,34
3329,1,0,0.0,0.56,14,0.56,0,34
3330,0,-1,-0.0,0.56,14,0.56,0,34
3331,0,-1,-0.0,0.56,14,0.56,0,34
3332,2,1,-67.389725,0.76,19,0.76,1,34
3333,0,-1,24.845036,0.72,18,0.72,0,34
3334,0,-1,-0.0,0.72,18,0.72,0,34
3335,2,1,-210.10646,0.88,22,0.88,0,34
3336,0,-1,-0.0028274623,0.88,22,0.88,0,34
3337,0,-1,77.125885,0.84,21,0.84,0,34
3338,1,0,0.0,0.84,21,0.84,0,34
3339,0,-1,-19.644049,0.84,21,0.84,0,34
3340,1,0,0.0,0.84,21,0.84,0,34
3341,0,-1,34.309315,0.8,20,0.8,0,34
3342,2,1,-140.69496,0.88,22,0.88,0,34
3343,0,-1,-0.0037356582,0.88,22,0.88,0,34
3344,1,0,0.0,0.88,22,0.88,0,34
3345,2,1,-182.85245,0.92,23,0.92,0,34
3346,1,0,0.0,0.92,23,0.92,0,34
3347,1,0,0.0,0.92,23,0.92,0,34
3348,1,0,0.0,0.92,23,0.92,0,34
3349,1,0,0.0,0.92,23,0.92,0,34
3350,1,0,0.0,0.92,23,0.92,0,34
3351,1,0,0.0,0.92,23,0.92,0,34
3352,0,-1,-10.23527,0.92,23,0.92,0,34
3353,1,0,0.0,0.92,23,0.92,0,34
3354,1,0,0.0,0.92,23,0.92,0,34
3355,2,1,28.76666,1.0,25,1.0,0,34
3356,1,0,-1000.0,0.0,0,0.0,0,34
3357,2,1,28.346605,0.2,5,0.2,0,35
3358,2,1,19.461393,0.28,7,0.28,0,35
3359,1,0,0.0,0.28,7,0.28,0,35
3360,2,1,22.635555,0.36,9,0.36,0,35
3361,2,1,19.116451,0.44,11,0.44,0,35
3362,2,1,22.260569,0.48,12,0.48,0,35
3363,0,-1,-0.0,0.48,12,0.48,0,35
3364,0,-1,-0.0,0.48,12,0.48,0,35
3365,2,1,-8.49764,0.52,13,0.52,0,35
3366,0,-1,-0.0,0.52,13,0.52,0,35
3367,2,1,17.848795,0.56,14,0.56,0,35
3368,1,0,0.0,0.56,14,0.56,0,35
3369,2,1,15.984867,0.6,15,0.6,0,35
3370,2,1,-3.2535455,0.68,17,0.68,0,35
3371,0,-1,17.735266,0.64,16,0.64,0,35
3372,2,1,-146.10648,0.84,21,0.84,0,35
3373,0,-1,-0.01769744,0.84,21,0.84,0,35
3374,0,-1,35.47153,0.8,20,0.8,0,35
3375,1,0,0.0,0.8,20,0.8,0,35
3376,0,-1,-0.023737308,0.8,20,0.8,0,35
3377,1,0,0.0,0.8,20,0.8,0,35
3378,0,-1,14.215197,0.76,19,0.76,0,35
3379,0,-1,-0.02485935,0.76,19,0.76,0,35
3380,1,0,0.0,0.76,19,0.76,0,35
3381,0,-1,-0.0,0.76,19,0.76,0,35
3382,1,0,0.0,0.76,19,0.76,0,35
3383,0,-1,-0.0038925202,0.76,19,0.76,0,35
3384,2,1,-14.215197,0.8,20,0.8,0,35
3385,1,0,0.0,0.8,20,0.8,0,35
3386,0,-1,13.488651,0.76,19,0.76,0,35
3387,1,0,0.0,0.76,19,0.76,0,35
3388,1,0,0.0,0.76,19,0.76,0,35
3389,2,1,-16.199673,0.8,20,0.8,0,35
3390,2,1,-140.52449,0.88,22,0.88,0,35
3391,1,0,0.0,0.88,22,0.88,0,35
3392,0,-1,-0.0,0.88,22,0.88,0,35
3393,1,0,0.0,0.88,22,0.88,0,35
3394,0,-1,78.52065,0.84,21,0.84,0,35
3395,1,0,0.0,0.84,21,0.84,0,35
3396,0,-1,-0.0,0.84,21,0.84,0,35
3397,0,-1,-0.0,0.84,21,0.84,0,35
3398,2,1,-287.15906,0.92,23,0.92,0,35
3399,0,-1,-0.09797702,0.92,23,0.92,0,35
3400,1,0,0.0,0.92,23,0.92,0,35
3401,2,1,-1000.0,0.0,0,0.0,0,35
3402,2,1,28.364332,0.2,5,0.2,0,36
3403,1,0,0.0,0.2,5,0.2,0,36
3404,0,-1,-28.364332,0.16,4,0.16,0,36
3405,2,1,28.364332,0.2,5,0.2,0,36
3406,1,0,0.0,0.2,5,0.2,0,36
3407,0,-1,-0.0,0.2,5,0.2,0,36
3408,1,0,0.0,0.2,5,0.2,0,36
3409,1,0,0.0,0.2,5,0.2,0,36
3410,1,0,0.0,0.2,5,0.2,0,36
3411,0,-1,-28.364332,0.16,4,0.16,0,36
3412,0,-1,-0.0,0.16,4,0.16,0,36
3413,2,1,28.346605,0.2,5,0.2,0,36
3414,2,1,-4.278605,0.24,6,0.24,0,36
3415,1,0,0.0,0.24,6,0.24,0,36
3416,2,1,27.98924,0.28,7,0.28,0,36
3417,0,-1,-27.971514,0.24,6,0.24,0,36
3418,0,-1,4.278605,0.2,5,0.2,0,36
3419,1,0,0.0,0.2,5,0.2,0,36
3420,0,-1,-28.364332,0.16,4,0.16,0,36
3421,2,1,28.364332,0.2,5,0.2,0,36
3422,2,1,-4.278687,0.24,6,0.24,0,36
3423,2,1,23.123543,0.32,8,0.32,0,36
3424,0,-1,-27.657686,0.28,7,0.28,0,36
3425,0,-1,4.516252,0.24,6,0.24,0,36
3426,0,-1,-0.0,0.24,6,0.24,0,36
3427,0,-1,4.278687,0.2,5,0.2,0,36
3428,2,1,19.461393,0.28,7,0.28,0,36
3429,1,0,0.0,0.28,7,0.28,0,36
3430,2,1,27.657686,0.32,8,0.32,0,36
3431,0,-1,-27.657686,0.28,7,0.28,0,36
3432,1,0,0.0,0.28,7,0.28,0,36
3433,2,1,27.657686,0.32,8,0.32,0,36
3434,0,-1,-27.657686,0.28,7,0.28,0,36
3435,0,-1,-0.0,0.28,7,0.28,0,36
3436,2,1,27.657686,0.32,8,0.32,0,36
3437,1,0,0.0,0.32,8,0.32,0,36
3438,0,-1,-0.0,0.32,8,0.32,0,36
3439,0,-1,-23.409119,0.28,7,0.28,0,36
3440,1,0,0.0,0.28,7,0.28,0,36
3441,1,0,0.0,0.28,7,0.28,0,36
3442,2,1,26.441492,0.32,8,0.32,0,36
3443,0,-1,-0.0,0.32,8,0.32,0,36
3444,2,1,11.36038,0.44,11,0.44,0,36
3445,1,0,0.0,0.44,11,0.44,0,36
3446,2,1,-7.391858,0.48,12,0.48,0,36
3447,1,0,0.0,0.48,12,0.48,0,36
3448,0,-1,-21.109398,0.44,11,0.44,0,36
3449,1,0,0.0,0.44,11,0.44,0,36
3450,0,-1,6.5207767,0.4,10,0.4,0,36
3451,1,0,0.0,0.4,10,0.4,0,36
3452,1,0,0.0,0.4,10,0.4,0,36
3453,0,-1,-0.0,0.4,10,0.4,0,36
3454,1,0,0.0,0.4,10,0.4,0,36
3455,0,-1,5.829036,0.36,9,0.36,0,36
3456,0,-1,-22.762478,0.32,8,0.32,0,36
3457,2,1,26.003696,0.36,9,0.36,0,36
3458,2,1,23.822836,0.4,10,0.4,0,36
3459,1,0,0.0,0.4,10,0.4,0,36
3460,0,-1,5.828954,0.36,9,0.36,0,36
3461,1,0,0.0,0.36,9,0.36,0,36
3462,2,1,0.9251354,0.52,13,0.52,0,36
3463,0,-1,-0.0,0.52,13,0.52,0,36
3464,1,0,0.0,0.52,13,0.52,0,36
3465,0,-1,-0.0,0.52,13,0.52,0,36
3466,0,-1,-0.0,0.52,13,0.52,0,36
3467,1,0,0.0,0.52,13,0.52,0,36
3468,0,-1,-0.0,0.52,13,0.52,0,36
3469,0,-1,-0.0,0.52,13,0.52,0,36
3470,2,1,19.728302,0.56,14,0.56,0,36
3471,0,-1,-0.019390903,0.56,14,0.56,0,36
3472,2,1,1.7851325,0.64,16,0.64,0,36
3473,2,1,-13.675085,0.72,18,0.72,0,36
3474,0,-1,-0.0013273895,0.72,18,0.72,0,36
3475,1,0,0.0,0.72,18,0.72,0,36
3476,1,0,0.0,0.72,18,0.72,0,36
3477,0,-1,-0.13590328,0.72,18,0.72,0,36
3478,0,-1,-0.0,0.72,18,0.72,0,36
3479,1,0,0.0,0.72,18,0.72,0,36
3480,1,0,0.0,0.72,18,0.72,0,36
3481,0,-1,-0.0,0.72,18,0.72,0,36
3482,1,0,0.0,0.72,18,0.72,0,36
3483,0,-1,-2.695434,0.68,17,0.68,0,36
3484,0,-1,-0.0,0.68,17,0.68,0,36
3485,0,-1,-9.597933,0.64,16,0.64,0,36
3486,1,0,0.0,0.64,16,0.64,0,36
3487,2,1,-12.916776,0.72,18,0.72,0,36
3488,1,0,0.0,0.72,18,0.72,0,36
3489,2,1,-45.142086,0.8,20,0.8,0,36
3490,0,-1,16.396084,0.76,19,0.76,0,36
3491,0,-1,-0.17742907,0.76,19,0.76,0,36
3492,0,-1,-0.016296886,0.76,19,0.76,0,36
3493,1,0,0.0,0.76,19,0.76,0,36
3494,0,-1,4.9734936,0.72,18,0.72,0,36
3495,2,1,-4.5079837,0.76,19,0.76,0,36
3496,1,0,0.0,0.76,19,0.76,0,36
3497,0,-1,-0.0,0.76,19,0.76,0,36
3498,0,-1,3.3333473,0.72,18,0.72,0,36
3499,0,-1,-0.0014741041,0.72,18,0.72,0,36
3500,0,-1,-0.0,0.72,18,0.72,0,36
3501,1,0,0.0,0.72,18,0.72,0,36
3502,1,0,0.0,0.72,18,0.72,0,36
3503,0,-1,-0.0,0.72,18,0.72,0,36
3504,1,0,0.0,0.72,18,0.72,0,36
3505,1,0,0.0,0.72,18,0.72,0,36
3506,0,-1,-0.20432076,0.72,18,0.72,0,36
3507,1,0,0.0,0.72,18,0.72,0,36
3508,2,1,-106.975525,0.84,21,0.84,0,36
3509,0,-1,-0.0014061548,0.84,21,0.84,0,36
3510,0,-1,-0.0014839385,0.84,21,0.84,0,36
3511,0,-1,-0.0,0.84,21,0.84,0,36
3512,1,0,0.0,0.84,21,0.84,0,36
3513,1,0,0.0,0.84,21,0.84,0,36
3514,2,1,-287.55908,0.92,23,0.92,0,36
3515,1,0,0.0,0.92,23,0.92,0,36
3516,0,-1,-0.0,0.92,23,0.92,0,36
3517,1,0,0.0,0.92,23,0.92,0,36
3518,1,0,0.0,0.92,23,0.92,0,36
3519,1,0,0.0,0.92,23,0.92,0,36
3520,2,1,26.831533,1.0,25,1.0,0,36
3521,0,-1,-1000.0,0.0,0,0.0,0,36
3522,1,0,0.0,0.16,4,0.16,0,37
3523,2,1,28.346605,0.2,5,0.2,0,37
3524,0,-1,-28.346605,0.16,4,0.16,0,37
3525,1,0,0.0,0.16,4,0.16,0,37
3526,2,1,28.346605,0.2,5,0.2,0,37
3527,1,0,0.0,0.2,5,0.2,0,37
3528,0,-1,-28.346605,0.16,4,0.16,0,37
3529,0,-1,-0.0,0.16,4,0.16,0,37
3530,2,1,28.364332,0.2,5,0.2,0,37
3531,2,1,23.955872,0.28,7,0.28,0,37
3532,2,1,17.914507,0.36,9,0.36,0,37
3533,1,0,0.0,0.36,9,0.36,0,37
3534,2,1,-5.8295965,0.4,10,0.4,0,37
3535,1,0,0.0,0.4,10,0.4,0,37
3536,0,-1,-22.213333,0.36,9,0.36,0,37
3537,1,0,0.0,0.36,9,0.36,0,37
3538,0,-1,-0.0,0.36,9,0.36,0,37
3539,1,0,0.0,0.36,9,0.36,0,37
3540,0,-1,-0.0,0.36,9,0.36,0,37
3541,0,-1,-6.0249276,0.4,10,0.4,0,37
3542,2,1,21.736273,0.44,11,0.44,0,37
3543,0,-1,6.520784,0.4,10,0.4,0,37
3544,1,0,0.0,0.4,10,0.4,0,37
3545,0,-1,5.828954,0.36,9,0.36,0,37
3546,2,1,19.11238,0.44,11,0.44,0,37
3547,0,-1,-0.0,0.44,11,0.44,0,37
3548,2,1,13.902316,0.52,13,0.52,0,37
3549,0,-1,-0.0,0.52,13,0.52,0,37
3550,1,0,0.0,0.52,13,0.52,0,37
3551,0,-1,-19.758776,0.48,12,0.48,0,37
3552,1,0,0.0,0.48,12,0.48,0,37
3553,1,0,0.0,0.48,12,0.48,0,37
3554,0,-1,7.3913045,0.44,11,0.44,0,37
3555,0,-1,-0.0,0.44,11,0.44,0,37
3556,2,1,12.009394,0.52,13,0.52,0,37
3557,0,-1,-0.0,0.52,13,0.52,0,37
3558,1,0,0.0,0.52,13,0.52,0,37
3559,2,1,4.199961,0.6,15,0.6,0,37
3560,1,0,0.0,0.6,15,0.6,0,37
3561,0,-1,-0.0,0.6,15,0.6,0,37
3562,0,-1,-0.0,0.6,15,0.6,0,37
3563,0,-1,-0.0,0.6,15,0.6,0,37
3564,0,-1,-0.0,0.6,15,0.6,0,37
3565,0,-1,-0.0,0.6,15,0.6,0,37
3566,2,1,-55.630417,0.76,19,0.76,0,37
3567,0,-1,-0.023737308,0.76,19,0.76,0,37
3568,0,-1,2.764035,0.72,18,0.72,0,37
3569,1,0,0.0,0.72,18,0.72,0,37
3570,0,-1,-0.0,0.72,18,0.72,0,37
3571,0,-1,-0.0,0.72,18,0.72,0,37
3572,1,0,0.0,0.72,18,0.72,0,37
3573,0,-1,-0.0,0.72,18,0.72,0,37
3574,0,-1,-5.825463,0.68,17,0.68,0,37
3575,2,1,1.0765506,0.72,18,0.72,0,37
3576,0,-1,-0.0,0.72,18,0.72,0,37
3577,1,0,0.0,0.72,18,0.72,0,37
3578,0,-1,-5.36713,0.68,17,0.68,0,37
3579,2,1,-128.37053,0.84,21,0.84,0,37
3580,0,-1,-0.0,0.84,21,0.84,0,37
3581,0,-1,-0.0,0.84,21,0.84,0,37
3582,1,0,0.0,0.84,21,0.84,0,37
3583,1,0,0.0,0.84,21,0.84,0,37
3584,2,1,-82.7614,0.88,22,0.88,0,37
3585,0,-1,-0.0,0.88,22,0.88,0,37
3586,1,0,0.0,0.88,22,0.88,0,37
3587,2,1,-184.95181,0.92,23,0.92,0,37
3588,1,0,0.0,0.92,23,0.92,0,37
3589,1,0,0.0,0.92,23,0.92,0,37
3590,1,0,0.0,0.92,23,0.92,0,37
3591,1,0,0.0,0.92,23,0.92,0,37
3592,2,1,-603.57025,0.96,24,0.96,0,37
3593,1,0,0.0,0.96,24,0.96,0,37
3594,1,0,0.0,0.96,24,0.96,0,37
3595,1,0,0.0,0.96,24,0.96,0,37
3596,2,1,21.65008,1.0,25,1.0,0,37
3597,1,0,-1000.0,0.0,0,0.0,0,37
3598,2,1,28.364332,0.2,5,0.2,0,38
3599,0,-1,-0.0,0.2,5,0.2,0,38
3600,2,1,23.955872,0.28,7,0.28,0,38
3601,0,-1,-26.773045,0.24,6,0.24,0,38
3602,1,0,0.0,0.24,6,0.24,0,38
3603,2,1,18.678572,0.32,8,0.32,0,38
3604,0,-1,-23.19499,0.28,7,0.28,0,38
3605,0,-1,-27.98924,0.24,6,0.24,0,38
3606,0,-1,4.278605,0.2,5,0.2,0,38
3607,1,0,0.0,0.2,5,0.2,0,38
3608,2,1,28.22638,0.24,6,0.24,0,38
3609,2,1,26.773045,0.28,7,0.28,0,38
3610,0,-1,-0.15642108,0.28,7,0.28,0,38
3611,2,1,17.914507,0.36,9,0.36,0,38
3612,0,-1,-26.008978,0.32,8,0.32,0,38
3613,0,-1,-23.19499,0.28,7,0.28,0,38
3614,2,1,26.436209,0.32,8,0.32,0,38
3615,2,1,26.008978,0.36,9,0.36,0,38
3616,0,-1,-0.0,0.36,9,0.36,0,38
3617,0,-1,-0.0,0.36,9,0.36,0,38
3618,1,0,0.0,0.36,9,0.36,0,38
3619,0,-1,-0.0,0.36,9,0.36,0,38
3620,0,-1,5.27981,0.32,8,0.32,0,38
3621,2,1,17.146978,0.4,10,0.4,0,38
3622,2,1,23.131649,0.44,11,0.44,0,38
3623,1,0,0.0,0.44,11,0.44,0,38
3624,1,0,0.0,0.44,11,0.44,0,38
3625,0,-1,-0.0,0.44,11,0.44,0,38
3626,2,1,22.258423,0.48,12,0.48,0,38
3627,1,0,0.0,0.48,12,0.48,0,38
3628,1,0,0.0,0.48,12,0.48,0,38
3629,1,0,0.0,0.48,12,0.48,0,38
3630,1,0,0.0,0.48,12,0.48,0,38
3631,0,-1,-0.0,0.48,12,0.48,0,38
3632,0,-1,-22.258423,0.44,11,0.44,0,38
3633,0,-1,-0.4363553,0.44,11,0.44,0,38
3634,2,1,-7.3917303,0.48,12,0.48,0,38
3635,1,0,0.0,0.48,12,0.48,0,38
3636,0,-1,7.3917303,0.44,11,0.44,0,38
3637,2,1,13.902316,0.52,13,0.52,0,38
3638,2,1,6.190671,0.6,15,0.6,0,38
3639,2,1,-160.38907,0.84,21,0.84,0,38
3640,0,-1,-0.0,0.84,21,0.84,0,38
3641,1,0,0.0,0.84,21,0.84,0,38
3642,1,0,0.0,0.84,21,0.84,0,38
3643,0,-1,-0.0,0.84,21,0.84,0,38
3644,0,-1,-0.021884654,0.84,21,0.84,0,38
3645,1,0,0.0,0.84,21,0.84,0,38
3646,0,-1,-0.14544351,0.84,21,0.84,0,38
3647,2,1,-912.4116,0.96,24,0.96,0,38
3648,0,-1,597.00885,0.92,23,0.92,0,38
3649,1,0,0.0,0.92,23,0.92,0,38
3650,1,0,0.0,0.92,23,0.92,0,38
3651,0,-1,-0.050306875,0.92,23,0.92,0,38
3652,0,-1,-0.004037977,0.92,23,0.92,0,38
3653,1,0,0.0,0.92,23,0.92,0,38
3654,0,-1,-0.06418964,0.92,23,0.92,0,38
3655,0,-1,-0.11025715,0.92,23,0.92,0,38
3656,2,1,21.764036,1.0,25,1.0,0,38
3657,1,0,-1000.0,0.0,0,0.0,0,38
3658,2,1,28.364332,0.2,5,0.2,0,39
3659,1,0,0.0,0.2,5,0.2,0,39
3660,1,0,0.0,0.2,5,0.2,0,39
3661,1,0,0.0,0.2,5,0.2,0,39
3662,2,1,-4.278687,0.24,6,0.24,0,39
3663,1,0,0.0,0.24,6,0.24,0,39
3664,0,-1,4.278687,0.2,5,0.2,0,39
3665,2,1,23.955872,0.28,7,0.28,0,39
3666,1,0,0.0,0.28,7,0.28,0,39
3667,0,-1,-0.0,0.28,7,0.28,0,39
3668,1,0,0.0,0.28,7,0.28,0,39
3669,1,0,0.0,0.28,7,0.28,0,39
3670,2,1,26.436209,0.32,8,0.32,0,39
3671,1,0,0.0,0.32,8,0.32,0,39
3672,0,-1,-0.0,0.32,8,0.32,0,39
3673,0,-1,-0.0,0.32,8,0.32,0,39
3674,1,0,0.0,0.32,8,0.32,0,39
3675,1,0,0.0,0.32,8,0.32,0,39
3676,1,0,0.0,0.32,8,0.32,0,39
3677,2,1,24.37198,0.36,9,0.36,0,39
3678,0,-1,-0.0,0.36,9,0.36,0,39
3679,1,0,0.0,0.36,9,0.36,0,39
3680,1,0,0.0,0.36,9,0.36,0,39
3681,1,0,0.0,0.36,9,0.36,0,39
3682,2,1,17.442081,0.44,11,0.44,0,39
3683,2,1,12.009394,0.52,13,0.52,0,39
3684,0,-1,-0.0,0.52,13,0.52,0,39
3685,2,1,15.863857,0.56,14,0.56,0,39
3686,2,1,-109.30123,0.8,20,0.8,0,39
3687,0,-1,-0.0,0.8,20,0.8,0,39
3688,1,0,0.0,0.8,20,0.8,0,39
3689,0,-1,-0.0,0.8,20,0.8,0,39
3690,0,-1,-0.065546915,0.8,20,0.8,0,39
3691,0,-1,-0.0040504737,0.8,20,0.8,0,39
3692,1,0,0.0,0.8,20,0.8,0,39
3693,1,0,0.0,0.8,20,0.8,0,39
3694,2,1,-39.051575,0.84,21,0.84,0,39
3695,1,0,0.0,0.84,21,0.84,0,39
3696,1,0,0.0,0.84,21,0.84,0,39
3697,1,0,0.0,0.84,21,0.84,0,39
3698,1,0,0.0,0.84,21,0.84,0,39
3699,1,0,0.0,0.84,21,0.84,0,39
3700,0,-1,-0.01769744,0.84,21,0.84,0,39
3701,2,1,-80.70462,0.88,22,0.88,0,39
3702,0,-1,-0.051564362,0.88,22,0.88,0,39
3703,2,1,-1000.0,0.0,0,0.0,0,39
3704,2,1,28.364332,0.2,5,0.2,0,40
3705,0,-1,-28.364332,0.16,4,0.16,0,40
3706,2,1,28.364332,0.2,5,0.2,0,40
3707,2,1,23.955872,0.28,7,0.28,0,40
3708,0,-1,-0.15642108,0.28,7,0.28,0,40
3709,1,0,0.0,0.28,7,0.28,0,40
3710,2,1,-4.847297,0.32,8,0.32,0,40
3711,2,1,20.35271,0.4,10,0.4,0,40
3712,0,-1,-0.0,0.4,10,0.4,0,40
3713,0,-1,-0.18114887,0.4,10,0.4,0,40
3714,1,0,0.0,0.4,10,0.4,0,40
3715,2,1,6.754763,0.52,13,0.52,0,40
3716,1,0,0.0,0.52,13,0.52,1,40
3717,0,-1,-19.644049,0.52,13,0.52,0,40
3718,0,-1,-0.003905817,0.52,13,0.52,0,40
3719,0,-1,-18.837095,0.48,12,0.48,0,40
3720,0,-1,-1.4041348e-07,0.48,12,0.48,0,40
3721,1,0,0.0,0.48,12,0.48,1,40
3722,0,-1,-21.114351,0.44,11,0.44,0,40
3723,0,-1,-0.0,0.44,11,0.44,0,40
3724,1,0,0.0,0.44,11,0.44,0,40
3725,1,0,0.0,0.44,11,0.44,0,40
3726,1,0,0.0,0.44,11,0.44,0,40
3727,1,0,0.0,0.44,11,0.44,0,40
3728,1,0,0.0,0.44,11,0.44,0,40
3729,0,-1,-20.735659,0.44,11,0.44,0,40
3730,0,-1,-5.146608e-07,0.44,11,0.44,0,40
3731,2,1,13.898202,0.52,13,0.52,0,40
3732,1,0,0.0,0.52,13,0.52,0,40
3733,1,0,0.0,0.52,13,0.52,0,40
3734,2,1,6.183554,0.6,15,0.6,0,40
3735,2,1,-3.2458036,0.68,17,0.68,0,40
3736,0,-1,-6.115755e-07,0.68,17,0.68,0,40
3737,0,-1,-5.0241334e-07,0.68,17,0.68,0,40
3738,1,0,0.0,0.68,17,0.68,0,40
3739,1,0,0.0,0.68,17,0.68,0,40
3740,1,0,0.0,0.68,17,0.68,0,40
3741,2,1,-10.900273,0.72,18,0.72,0,40
3742,2,1,-46.18676,0.8,20,0.8,0,40
3743,1,0,0.0,0.8,20,0.8,0,40
3744,1,0,0.0,0.8,20,0.8,0,40
3745,2,1,-143.40306,0.88,22,0.88,0,40
3746,0,-1,-0.017073208,0.88,22,0.88,0,40
3747,0,-1,-5.05741e-07,0.88,22,0.88,0,40
3748,0,-1,-0.0524644,0.88,22,0.88,0,40
3749,0,-1,-0.0,0.88,22,0.88,0,40
3750,2,1,29.238678,1.0,25,1.0,0,40
3751,2,1,-1000.0,0.0,0,0.0,0,40
3752,2,1,28.364332,0.2,5,0.2,0,41
3753,1,0,0.0,0.2,5,0.2,0,41
3754,2,1,-4.278687,0.24,6,0.24,0,41
3755,1,0,0.0,0.24,6,0.24,0,41
3756,0,-1,4.278687,0.2,5,0.2,0,41
3757,2,1,19.247265,0.28,7,0.28,0,41
3758,0,-1,-0.0,0.28,7,0.28,0,41
3759,0,-1,-23.526543,0.24,6,0.24,0,41
3760,1,0,0.0,0.24,6,0.24,0,41
3761,1,0,0.0,0.24,6,0.24,0,41
3762,2,1,23.38718,0.32,8,0.32,0,41
3763,1,0,0.0,0.32,8,0.32,0,41
3764,0,-1,4.847297,0.28,7,0.28,0,41
3765,0,-1,-0.0,0.28,7,0.28,0,41
3766,0,-1,-0.0,0.28,7,0.28,0,41
3767,2,1,21.334368,0.36,9,0.36,0,41
3768,0,-1,-0.0,0.36,9,0.36,0,41
3769,0,-1,-0.0,0.36,9,0.36,0,41
3770,1,0,0.0,0.36,9,0.36,0,41
3771,0,-1,-0.0,0.36,9,0.36,0,41
3772,1,0,0.0,0.36,9,0.36,0,41
3773,1,0,0.0,0.36,9,0.36,0,41
3774,1,0,0.0,0.36,9,0.36,0,41
3775,1,0,0.0,0.36,9,0.36,0,41
3776,0,-1,-0.0,0.36,9,0.36,0,41
3777,0,-1,-0.13550168,0.36,9,0.36,0,41
3778,1,0,0.0,0.36,9,0.36,0,41
3779,0,-1,-0.18968947,0.36,9,0.36,0,41
3780,0,-1,-0.20546973,0.36,9,0.36,0,41
3781,0,-1,-0.0,0.36,9,0.36,0,41
3782,1,0,0.0,0.36,9,0.36,0,41
3783,0,-1,-0.0,0.36,9,0.36,0,41
3784,1,0,0.0,0.36,9,0.36,0,41
3785,1,0,0.0,0.36,9,0.36,0,41
3786,1,0,0.0,0.36,9,0.36,0,41
3787,2,1,23.820692,0.4,10,0.4,0,41
3788,1,0,0.0,0.4,10,0.4,0,41
3789,1,0,0.0,0.4,10,0.4,0,41
3790,1,0,0.0,0.4,10,0.4,0,41
3791,1,0,0.0,0.4,10,0.4,0,41
3792,2,1,-6.5202236,0.44,11,0.44,0,41
3793,1,0,0.0,0.44,11,0.44,0,41
3794,0,-1,-23.131649,0.4,10,0.4,0,41
3795,2,1,-6.5201416,0.44,11,0.44,0,41
3796,0,-1,6.5201416,0.4,10,0.4,0,41
3797,1,0,0.0,0.4,10,0.4,0,41
3798,2,1,23.131649,0.44,11,0.44,0,41
3799,1,0,0.0,0.44,11,0.44,0,41
3800,0,-1,6.5202236,0.4,10,0.4,0,41
3801,1,0,0.0,0.4,10,0.4,0,41
3802,1,0,0.0,0.4,10,0.4,0,41
3803,0,-1,-0.0,0.4,10,0.4,0,41
3804,2,1,21.249996,0.44,11,0.44,0,41
3805,2,1,20.379887,0.48,12,0.48,0,41
3806,0,-1,-20.378916,0.44,11,0.44,0,41
3807,1,0,0.0,0.44,11,0.44,0,41
3808,1,0,0.0,0.44,11,0.44,0,41
3809,1,0,0.0,0.44,11,0.44,0,41
3810,1,0,0.0,0.44,11,0.44,0,41
3811,1,0,0.0,0.44,11,0.44,0,41
3812,2,1,3.265344,0.56,14,0.56,0,41
3813,1,0,0.0,0.56,14,0.56,0,41
3814,1,0,0.0,0.56,14,0.56,0,41
3815,0,-1,-0.0040504737,0.56,14,0.56,0,41
3816,1,0,0.0,0.56,14,0.56,0,41
3817,0,-1,-0.0,0.56,14,0.56,0,41
3818,2,1,1.8261597,0.64,16,0.64,0,41
3819,2,1,-250.55954,0.88,22,0.88,0,41
3820,0,-1,75.95964,0.84,21,0.84,0,41
3821,1,0,0.0,0.84,21,0.84,0,41
3822,0,-1,-0.0038308254,0.84,21,0.84,0,41
3823,0,-1,-0.0,0.84,21,0.84,0,41
3824,0,-1,-0.058132906,0.84,21,0.84,0,41
3825,0,-1,-0.0,0.84,21,0.84,0,41
3826,0,-1,-0.023737308,0.84,21,0.84,0,41
3827,1,0,0.0,0.84,21,0.84,0,41
3828,0,-1,-0.054735657,0.84,21,0.84,0,41
3829,0,-1,-0.0,0.84,21,0.84,0,41
3830,0,-1,-0.065546915,0.84,21,0.84,0,41
3831,1,0,0.0,0.84,21,0.84,0,41
3832,1,0,0.0,0.84,21,0.84,0,41
3833,1,0,0.0,0.84,21,0.84,0,41
3834,0,-1,-0.0,0.84,21,0.84,0,41
3835,0,-1,-0.0038230405,0.84,21,0.84,0,41
3836,1,0,0.0,0.84,21,0.84,0,41
3837,0,-1,-0.15305364,0.84,21,0.84,0,41
3838,0,-1,-0.0,0.84,21,0.84,0,41
3839,0,-1,-0.0,0.84,21,0.84,0,41
3840,1,0,0.0,0.84,21,0.84,0,41
3841,2,1,-287.55908,0.92,23,0.92,0,41
3842,0,-1,-0.0,0.92,23,0.92,0,41
3843,1,0,0.0,0.92,23,0.92,0,41
3844,1,0,0.0,0.92,23,0.92,0,41
3845,1,0,0.0,0.92,23,0.92,0,41
3846,1,0,0.0,0.92,23,0.92,0,41
3847,0,-1,-0.0032296411,0.92,23,0.92,0,41
3848,1,0,0.0,0.92,23,0.92,0,41
3849,1,0,0.0,0.92,23,0.92,0,41
3850,0,-1,184.95181,0.88,22,0.88,0,41
3851,1,0,0.0,0.88,22,0.88,0,41
3852,1,0,0.0,0.88,22,0.88,0,41
3853,0,-1,-0.0,0.88,22,0.88,0,41
3854,0,-1,-0.16349474,0.88,22,0.88,1,41
3855,0,-1,-0.0,0.88,22,0.88,0,41
3856,0,-1,-0.0044720666,0.88,22,0.88,0,41
3857,2,1,-807.982,0.96,24,0.96,0,41
3858,1,0,0.0,0.96,24,0.96,0,41
3859,0,-1,601.80707,0.92,23,0.92,0,41
3860,0,-1,183.23825,0.88,22,0.88,0,41
3861,1,0,0.0,0.88,22,0.88,0,41
3862,0,-1,78.86578,0.84,21,0.84,0,41
3863,0,-1,-0.0039800117,0.84,21,0.84,0,41
3864,0,-1,35.468773,0.8,20,0.8,0,41
3865,0,-1,-0.0,0.8,20,0.8,0,41
3866,0,-1,-5.194363,0.8,20,0.8,0,41
3867,1,0,0.0,0.8,20,0.8,0,41
3868,0,-1,18.35101,0.76,19,0.76,0,41
3869,1,0,0.0,0.76,19,0.76,0,41
3870,1,0,0.0,0.76,19,0.76,0,41
3871,0,-1,-19.644049,0.76,19,0.76,0,41
3872,2,1,-18.35101,0.8,20,0.8,0,41
3873,1,0,0.0,0.8,20,0.8,0,41
3874,1,0,0.0,0.8,20,0.8,0,41
3875,0,-1,-0.0034064976,0.8,20,0.8,0,41
3876,2,1,-143.44057,0.88,22,0.88,0,41
3877,0,-1,75.953224,0.84,21,0.84,0,41
3878,0,-1,-1.2767605e-07,0.84,21,0.84,0,41
3879,0,-1,-0.0,0.84,21,0.84,0,41
3880,1,0,0.0,0.84,21,0.84,0,41
3881,2,1,-909.5188,0.96,24,0.96,0,41
3882,1,0,0.0,0.96,24,0.96,0,41
3883,1,0,0.0,0.96,24,0.96,0,41
3884,0,-1,-0.0,0.96,24,0.96,0,41
3885,1,0,0.0,0.96,24,0.96,0,41
3886,0,-1,597.00476,0.92,23,0.92,0,41
3887,0,-1,-0.0,0.92,23,0.92,0,41
3888,1,0,0.0,0.92,23,0.92,0,41
3889,1,0,0.0,0.92,23,0.92,0,41
3890,1,0,0.0,0.92,23,0.92,0,41
3891,1,0,0.0,0.92,23,0.92,1,41
3892,0,-1,-12.114428,0.92,23,0.92,0,41
3893,1,0,0.0,0.92,23,0.92,0,41
3894,1,0,0.0,0.92,23,0.92,0,41
3895,1,0,0.0,0.92,23,0.92,0,41
3896,1,0,0.0,0.92,23,0.92,0,41
3897,1,0,0.0,0.92,23,0.92,0,41
3898,0,-1,183.01846,0.88,22,0.88,0,41
3899,1,0,0.0,0.88,22,0.88,0,41
3900,0,-1,-0.06081295,0.88,22,0.88,0,41
3901,1,0,0.0,0.88,22,0.88,0,41
3902,1,0,0.0,0.88,22,0.88,0,41
3903,1,0,0.0,0.88,22,0.88,0,41
3904,0,-1,-0.0,0.88,22,0.88,0,41
3905,1,0,0.0,0.88,22,0.88,0,41
3906,1,0,0.0,0.88,22,0.88,0,41
3907,1,0,0.0,0.88,22,0.88,0,41
3908,0,-1,77.120056,0.84,21,0.84,0,41
3909,2,1,-1000.0,0.0,0,0.0,0,41
3910,2,1,28.364332,0.2,5,0.2,0,42
3911,0,-1,-0.0,0.2,5,0.2,0,42
3912,1,0,0.0,0.2,5,0.2,0,42
3913,1,0,0.0,0.2,5,0.2,0,42
3914,2,1,23.955872,0.28,7,0.28,0,42
3915,1,0,0.0,0.28,7,0.28,0,42
3916,0,-1,-0.15642108,0.28,7,0.28,0,42
3917,0,-1,-0.0,0.28,7,0.28,0,42
3918,1,0,0.0,0.28,7,0.28,0,42
3919,0,-1,-0.0,0.28,7,0.28,0,42
3920,2,1,17.914507,0.36,9,0.36,0,42
3921,0,-1,-0.0,0.36,9,0.36,0,42
3922,1,0,0.0,0.36,9,0.36,0,42
3923,1,0,0.0,0.36,9,0.36,0,42
3924,0,-1,-0.0,0.36,9,0.36,0,42
3925,1,0,0.0,0.36,9,0.36,0,42
3926,1,0,0.0,0.36,9,0.36,0,42
3927,0,-1,-0.0,0.36,9,0.36,0,42
3928,0,-1,-22.762478,0.32,8,0.32,0,42
3929,0,-1,-0.0,0.32,8,0.32,0,42
3930,1,0,0.0,0.32,8,0.32,0,42
3931,1,0,0.0,0.32,8,0.32,0,42
3932,1,0,0.0,0.32,8,0.32,0,42
3933,2,1,20.35271,0.4,10,0.4,0,42
3934,0,-1,-0.0,0.4,10,0.4,0,42
3935,1,0,0.0,0.4,10,0.4,0,42
3936,0,-1,-0.18114887,0.4,10,0.4,0,42
3937,1,0,0.0,0.4,10,0.4,0,42
3938,1,0,0.0,0.4,10,0.4,0,42
3939,1,0,0.0,0.4,10,0.4,0,42
3940,1,0,0.0,0.4,10,0.4,0,42
3941,1,0,0.0,0.4,10,0.4,0,42
3942,0,-1,-0.16343947,0.4,10,0.4,0,42
3943,0,-1,5.828954,0.36,9,0.36,0,42
3944,1,0,0.0,0.36,9,0.36,0,42
3945,1,0,0.0,0.36,9,0.36,0,42
3946,0,-1,-0.19513218,0.36,9,0.36,0,42
3947,1,0,0.0,0.36,9,0.36,0,42
3948,1,0,0.0,0.36,9,0.36,0,42
3949,0,-1,-0.20385987,0.36,9,0.36,0,42
3950,1,0,0.0,0.36,9,0.36,0,42
3951,1,0,0.0,0.36,9,0.36,0,42
3952,1,0,0.0,0.36,9,0.36,0,42
3953,0,-1,-0.0,0.36,9,0.36,0,42
3954,1,0,0.0,0.36,9,0.36,0,42
3955,1,0,0.0,0.36,9,0.36,0,42
3956,1,0,0.0,0.36,9,0.36,0,42
3957,0,-1,-0.15283349,0.36,9,0.36,0,42
3958,0,-1,-24.37198,0.32,8,0.32,0,42
3959,1,0,0.0,0.32,8,0.32,0,42
3960,2,1,24.37198,0.36,9,0.36,0,42
3961,0,-1,-0.0,0.36,9,0.36,0,42
3962,0,-1,-0.0,0.36,9,0.36,0,42
3963,2,1,23.820692,0.4,10,0.4,0,42
3964,0,-1,-23.822836,0.36,9,0.36,0,42
3965,2,1,9.33523,0.48,12,0.48,0,42
3966,0,-1,-0.56690043,0.48,12,0.48,0,42
3967,2,1,11.373928,0.56,14,0.56,0,42
3968,1,0,0.0,0.56,14,0.56,0,42
3969,1,0,0.0,0.56,14,0.56,0,42
3970,2,1,1.8269575,0.64,16,0.64,0,42
3971,0,-1,-11.499346,0.6,15,0.6,0,42
3972,1,0,0.0,0.6,15,0.6,1,42
3973,0,-1,-0.0,0.6,15,0.6,0,42
3974,0,-1,-0.0,0.6,15,0.6,0,42
3975,1,0,0.0,0.6,15,0.6,0,42
3976,1,0,0.0,0.6,15,0.6,0,42
3977,1,0,0.0,0.6,15,0.6,0,42
3978,0,-1,-19.57412,0.6,15,0.6,0,42
3979,0,-1,-15.982671,0.56,14,0.56,0,42
3980,0,-1,-18.572853,0.52,13,0.52,0,42
3981,0,-1,-0.0,0.52,13,0.52,0,42
3982,1,0,0.0,0.52,13,0.52,0,42
3983,0,-1,-11.832969,0.52,13,0.52,0,42
3984,1,0,0.0,0.52,13,0.52,0,42
3985,1,0,0.0,0.52,13,0.52,0,42
3986,0,-1,-0.0,0.52,13,0.52,0,42
3987,2,1,6.1862683,0.6,15,0.6,0,42
3988,0,-1,-0.0,0.6,15,0.6,0,42
3989,0,-1,-4.3094417e-11,0.6,15,0.6,0,42
3990,1,0,0.0,0.6,15,0.6,0,42
3991,1,0,0.0,0.6,15,0.6,0,42
3992,1,0,0.0,0.6,15,0.6,0,42
3993,1,0,0.0,0.6,15,0.6,0,42
3994,2,1,-160.38821,0.84,21,0.84,0,42
3995,1,0,0.0,0.84,21,0.84,0,42
3996,1,0,0.0,0.84,21,0.84,0,42
3997,0,-1,34.543106,0.8,20,0.8,0,42
3998,0,-1,-0.054854028,0.8,20,0.8,0,42
3999,0,-1,-0.019090839,0.8,20,0.8,0,42
4000,2,1,-141.75092,0.88,22,0.88,0,42
4001,1,0,0.0,0.88,22,0.88,0,42
4002,2,1,-810.4001,0.96,24,0.96,0,42
4003,0,-1,-0.0032168815,0.96,24,0.96,0,42
4004,0,-1,-0.0036108976,0.96,24,0.96,0,42
4005,1,0,0.0,0.96,24,0.96,0,42
4006,0,-1,-1.2445153e-07,0.96,24,0.96,0,42
4007,0,-1,-0.0,0.96,24,0.96,0,42
4008,0,-1,-0.003972228,0.96,24,0.96,0,42
4009,0,-1,-0.020847917,0.96,24,0.96,0,42
4010,0,-1,-0.0,0.96,24,0.96,0,42
4011,0,-1,614.58777,0.92,23,0.92,0,42
4012,0,-1,-0.0,0.92,23,0.92,0,42
4013,0,-1,-0.0,0.92,23,0.92,0,42
4014,1,0,0.0,0.92,23,0.92,0,42
4015,1,0,0.0,0.92,23,0.92,0,42
4016,1,0,0.0,0.92,23,0.92,0,42
4017,2,1,-603.968,0.96,24,0.96,0,42
4018,0,-1,-0.0,0.96,24,0.96,0,42
4019,1,0,0.0,0.96,24,0.96,0,42
4020,0,-1,-0.021730468,0.96,24,0.96,0,42
4021,0,-1,-0.0,0.96,24,0.96,0,42
4022,0,-1,-0.16573946,0.96,24,0.96,0,42
4023,0,-1,-0.017730905,0.96,24,0.96,0,42
4024,1,0,0.0,0.96,24,0.96,0,42
4025,1,0,0.0,0.96,24,0.96,0,42
4026,0,-1,-1.4468026e-07,0.96,24,0.96,0,42
4027,1,0,0.0,0.96,24,0.96,0,42
4028,1,0,0.0,0.96,24,0.96,0,42
4029,1,0,0.0,0.96,24,0.96,0,42
4030,0,-1,-0.01631674,0.96,24,0.96,0,42
4031,0,-1,-0.0,0.96,24,0.96,0,42
4032,1,0,0.0,0.96,24,0.96,0,42
4033,0,-1,-1.4939323e-07,0.96,24,0.96,0,42
4034,1,0,0.0,0.96,24,0.96,0,42
4035,1,0,0.0,0.96,24,0.96,0,42
4036,1,0,0.0,0.96,24,0.96,0,42
4037,0,-1,601.62823,0.92,23,0.92,0,42
4038,0,-1,-0.0,0.92,23,0.92,0,42
4039,1,0,0.0,0.92,23,0.92,0,42
4040,1,0,0.0,0.92,23,0.92,0,42
4041,0,-1,-0.0038230405,0.92,23,0.92,0,42
4042,1,0,0.0,0.92,23,0.92,0,42
4043,1,0,0.0,0.92,23,0.92,0,42
4044,0,-1,-0.0,0.92,23,0.92,0,42
4045,0,-1,-0.0036529906,0.92,23,0.92,0,42
4046,1,0,0.0,0.92,23,0.92,0,42
4047,0,-1,-0.003881747,0.92,23,0.92,0,42
4048,0,-1,-0.019399835,0.92,23,0.92,0,42
4049,1,0,0.0,0.92,23,0.92,0,42
4050,0,-1,-0.004015359,0.92,23,0.92,0,42
4051,0,-1,187.31305,0.88,22,0.88,0,42
4052,1,0,0.0,0.88,22,0.88,0,42
4053,1,0,0.0,0.88,22,0.88,0,42
4054,0,-1,83.10553,0.84,21,0.84,0,42
4055,2,1,-80.81929,0.88,22,0.88,0,42
4056,1,0,0.0,0.88,22,0.88,0,42
4057,1,0,0.0,0.88,22,0.88,0,42
4058,0,-1,-0.0037286533,0.88,22,0.88,0,42
4059,0,-1,80.998405,0.84,21,0.84,0,42
4060,0,-1,-0.17838825,0.84,21,0.84,0,42
4061,1,0,0.0,0.84,21,0.84,0,42
4062,1,0,0.0,0.84,21,0.84,0,42
4063,0,-1,-0.022142641,0.84,21,0.84,0,42
4064,1,0,0.0,0.84,21,0.84,0,42
4065,0,-1,-0.0,0.84,21,0.84,0,42
4066,1,0,0.0,0.84,21,0.84,0,42
4067,1,0,0.0,0.84,21,0.84,0,42
4068,1,0,0.0,0.84,21,0.84,0,42
4069,2,1,-1000.0,0.0,0,0.0,0,42
4070,1,0,0.0,0.16,4,0.16,0,43
4071,1,0,0.0,0.16,4,0.16,0,43
4072,2,1,-4.1406527,0.2,5,0.2,0,43
4073,1,0,0.0,0.2,5,0.2,0,43
4074,1,0,0.0,0.2,5,0.2,0,43
4075,2,1,28.22638,0.24,6,0.24,0,43
4076,0,-1,4.278605,0.2,5,0.2,0,43
4077,1,0,0.0,0.2,5,0.2,0,43
4078,2,1,19.247265,0.28,7,0.28,0,43
4079,0,-1,-23.526543,0.24,6,0.24,0,43
4080,1,0,0.0,0.24,6,0.24,0,43
4081,1,0,0.0,0.24,6,0.24,0,43
4082,1,0,0.0,0.24,6,0.24,0,43
4083,1,0,0.0,0.24,6,0.24,0,43
4084,2,1,-4.5163865,0.28,7,0.28,0,43
4085,1,0,0.0,0.28,7,0.28,0,43
4086,2,1,27.639961,0.32,8,0.32,0,43
4087,1,0,0.0,0.32,8,0.32,0,43
4088,1,0,0.0,0.32,8,0.32,0,43
4089,1,0,0.0,0.32,8,0.32,0,43
4090,0,-1,4.8479395,0.28,7,0.28,0,43
4091,1,0,0.0,0.28,7,0.28,0,43
4092,0,-1,-0.0,0.28,7,0.28,0,43
4093,0,-1,4.515744,0.24,6,0.24,0,43
4094,0,-1,-0.0,0.24,6,0.24,0,43
4095,1,0,0.0,0.24,6,0.24,0,43
4096,1,0,0.0,0.24,6,0.24,0,43
4097,0,-1,-28.208652,0.2,5,0.2,0,43
4098,0,-1,-28.364332,0.16,4,0.16,0,43
4099,0,-1,-0.0,0.16,4,0.16,0,43
4100,2,1,28.364332,0.2,5,0.2,0,43
4101,0,-1,-28.364332,0.16,4,0.16,0,43
4102,1,0,0.0,0.16,4,0.16,0,43
4103,1,0,0.0,0.16,4,0.16,0,43
4104,2,1,28.364332,0.2,5,0.2,0,43
4105,2,1,23.955872,0.28,7,0.28,0,43
4106,0,-1,-0.0,0.28,7,0.28,0,43
4107,2,1,21.334368,0.36,9,0.36,0,43
4108,1,0,0.0,0.36,9,0.36,0,43
4109,0,-1,-0.0,0.36,9,0.36,0,43
4110,0,-1,-0.0,0.36,9,0.36,0,43
4111,1,0,0.0,0.36,9,0.36,0,43
4112,1,0,0.0,0.36,9,0.36,0,43
4113,0,-1,-0.0,0.36,9,0.36,0,43
4114,0,-1,-0.0,0.36,9,0.36,0,43
4115,2,1,17.442081,0.44,11,0.44,0,43
4116,1,0,0.0,0.44,11,0.44,0,43
4117,1,0,0.0,0.44,11,0.44,0,43
4118,1,0,0.0,0.44,11,0.44,0,43
4119,0,-1,-0.0,0.44,11,0.44,0,43
4120,1,0,0.0,0.44,11,0.44,0,43
4121,1,0,0.0,0.44,11,0.44,0,43
4122,1,0,0.0,0.44,11,0.44,0,43
4123,0,-1,-0.0,0.44,11,0.44,0,43
4124,2,1,-8.433354,0.6,15,0.6,0,43
4125,0,-1,-0.0036824294,0.6,15,0.6,0,43
4126,0,-1,-15.546957,0.56,14,0.56,0,43
4127,1,0,0.0,0.56,14,0.56,0,43
4128,0,-1,-17.849766,0.52,13,0.52,0,43
4129,1,0,0.0,0.52,13,0.52,0,43
4130,0,-1,-20.002981,0.48,12,0.48,0,43
4131,1,0,0.0,0.48,12,0.48,0,43
4132,1,0,0.0,0.48,12,0.48,0,43
4133,0,-1,-22.258423,0.44,11,0.44,0,43
4134,2,1,22.258423,0.48,12,0.48,0,43
4135,0,-1,-20.651064,0.44,11,0.44,0,43
4136,1,0,0.0,0.44,11,0.44,0,43
4137,1,0,0.0,0.44,11,0.44,0,43
4138,0,-1,6.5201416,0.4,10,0.4,0,43
4139,2,1,21.249996,0.44,11,0.44,0,43
4140,2,1,-22.621439,0.64,16,0.64,0,43
4141,0,-1,-0.0,0.64,16,0.64,0,43
4142,2,1,-42.59632,0.76,19,0.76,0,43
4143,1,0,0.0,0.76,19,0.76,0,43
4144,1,0,0.0,0.76,19,0.76,0,43
4145,1,0,0.0,0.76,19,0.76,0,43
4146,0,-1,-0.0173144,0.76,19,0.76,0,43
4147,0,-1,-0.09992107,0.76,19,0.76,0,43
4148,0,-1,-0.016577119,0.76,19,0.76,0,43
4149,0,-1,-0.016583519,0.76,19,0.76,0,43
4150,1,0,0.0,0.76,19,0.76,0,43
4151,1,0,0.0,0.76,19,0.76,0,43
4152,1,0,0.0,0.76,19,0.76,0,43
4153,1,0,0.0,0.76,19,0.76,0,43
4154,1,0,0.0,0.76,19,0.76,0,43
4155,1,0,0.0,0.76,19,0.76,0,43
4156,1,0,0.0,0.76,19,0.76,1,43
4157,0,-1,-11.832969,0.76,19,0.76,0,43
4158,0,-1,-23.80314,0.76,19,0.76,0,43
4159,1,0,0.0,0.76,19,0.76,0,43
4160,0,-1,-0.0,0.76,19,0.76,0,43
4161,1,0,0.0,0.76,19,0.76,0,43
4162,1,0,0.0,0.76,19,0.76,0,43
4163,0,-1,-7.368753,0.76,19,0.76,0,43
4164,0,-1,-19.57412,0.76,19,0.76,0,43
4165,0,-1,-0.0,0.76,19,0.76,0,43
4166,1,0,0.0,0.76,19,0.76,0,43
4167,1,0,0.0,0.76,19,0.76,0,43
4168,0,-1,-0.0,0.76,19,0.76,0,43
4169,0,-1,-0.0,0.76,19,0.76,0,43
4170,1,0,0.0,0.76,19,0.76,0,43
4171,2,1,-78.88979,0.84,21,0.84,0,43
4172,0,-1,-0.0,0.84,21,0.84,0,43
4173,1,0,0.0,0.84,21,0.84,0,43
4174,2,1,-1000.0,0.0,0,0.0,0,43
4175,2,1,-4.1406527,0.2,5,0.2,0,44
4176,1,0,0.0,0.2,5,0.2,0,44
4177,2,1,-4.2792473,0.24,6,0.24,0,44
4178,0,-1,-0.0,0.24,6,0.24,0,44
4179,0,-1,-0.0,0.24,6,0.24,0,44
4180,1,0,0.0,0.24,6,0.24,0,44
4181,1,0,0.0,0.24,6,0.24,0,44
4182,0,-1,4.2792473,0.2,5,0.2,0,44
4183,2,1,-4.2792473,0.24,6,0.24,0,44
4184,1,0,0.0,0.24,6,0.24,0,44
4185,1,0,0.0,0.24,6,0.24,0,44
4186,0,-1,-0.0,0.24,6,0.24,0,44
4187,0,-1,-0.0,0.24,6,0.24,0,44
4188,2,1,27.98924,0.28,7,0.28,0,44
4189,2,1,27.639961,0.32,8,0.32,0,44
4190,0,-1,4.8479395,0.28,7,0.28,0,44
4191,0,-1,-27.971514,0.24,6,0.24,0,44
4192,1,0,0.0,0.24,6,0.24,0,44
4193,2,1,27.971514,0.28,7,0.28,0,44
4194,1,0,0.0,0.28,7,0.28,0,44
4195,0,-1,-27.98924,0.24,6,0.24,0,44
4196,1,0,0.0,0.24,6,0.24,0,44
4197,0,-1,-28.208652,0.2,5,0.2,0,44
4198,2,1,28.22638,0.24,6,0.24,0,44
4199,0,-1,-0.0,0.24,6,0.24,0,44
4200,1,0,0.0,0.24,6,0.24,0,44
4201,0,-1,-28.22638,0.2,5,0.2,0,44
4202,1,0,0.0,0.2,5,0.2,0,44
4203,1,0,0.0,0.2,5,0.2,0,44
4204,2,1,28.22638,0.24,6,0.24,0,44
4205,0,-1,4.278605,0.2,5,0.2,0,44
4206,2,1,28.208652,0.24,6,0.24,0,44
4207,2,1,26.773045,0.28,7,0.28,0,44
4208,1,0,0.0,0.28,7,0.28,0,44
4209,1,0,0.0,0.28,7,0.28,0,44
4210,0,-1,-26.773045,0.24,6,0.24,0,44
4211,2,1,18.678572,0.32,8,0.32,0,44
4212,1,0,0.0,0.32,8,0.32,0,44
4213,1,0,0.0,0.32,8,0.32,0,44
4214,0,-1,-0.0,0.32,8,0.32,0,44
4215,1,0,0.0,0.32,8,0.32,0,44
4216,1,0,0.0,0.32,8,0.32,0,44
4217,1,0,0.0,0.32,8,0.32,0,44
4218,0,-1,-0.0,0.32,8,0.32,0,44
4219,1,0,0.0,0.32,8,0.32,0,44
4220,0,-1,-27.639961,0.28,7,0.28,0,44
4221,0,-1,-0.0,0.28,7,0.28,0,44
4222,1,0,0.0,0.28,7,0.28,0,44
4223,0,-1,-0.0,0.28,7,0.28,0,44
4224,1,0,0.0,0.28,7,0.28,0,44
4225,0,-1,-23.526543,0.24,6,0.24,0,44
4226,1,0,0.0,0.24,6,0.24,0,44
4227,0,-1,-28.22638,0.2,5,0.2,0,44
4228,1,0,0.0,0.2,5,0.2,0,44
4229,2,1,28.22638,0.24,6,0.24,0,44
4230,1,0,0.0,0.24,6,0.24,0,44
4231,0,-1,-28.22638,0.2,5,0.2,0,44
4232,0,-1,4.1406527,0.16,4,0.16,0,44
4233,0,-1,-0.0,0.16,4,0.16,0,44
4234,1,0,0.0,0.16,4,0.16,0,44
4235,2,1,-4.1407347,0.2,5,0.2,0,44
4236,0,-1,-0.0,0.2,5,0.2,0,44
4237,2,1,28.208652,0.24,6,0.24,0,44
4238,0,-1,-28.208652,0.2,5,0.2,0,44
4239,2,1,28.208652,0.24,6,0.24,0,44
4240,2,1,23.39962,0.32,8,0.32,0,44
4241,2,1,26.008978,0.36,9,0.36,0,44
4242,2,1,16.727127,0.44,11,0.44,0,44
4243,0,-1,-0.0,0.44,11,0.44,0,44
4244,0,-1,-21.976542,0.4,10,0.4,0,44
4245,0,-1,-25.454552,0.36,9,0.36,0,44
4246,2,1,19.11238,0.44,11,0.44,0,44
4247,2,1,-8.433354,0.6,15,0.6,0,44
4248,0,-1,-15.546957,0.56,14,0.56,0,44
4249,0,-1,-0.19090927,0.56,14,0.56,0,44
4250,0,-1,-18.335072,0.52,13,0.52,0,44
4251,1,0,0.0,0.52,13,0.52,0,44
4252,0,-1,-20.002981,0.48,12,0.48,0,44
4253,1,0,0.0,0.48,12,0.48,0,44
4254,0,-1,-0.0,0.48,12,0.48,0,44
4255,1,0,0.0,0.48,12,0.48,0,44
4256,1,0,0.0,0.48,12,0.48,0,44
4257,2,1,11.372195,0.56,14,0.56,0,44
4258,1,0,0.0,0.56,14,0.56,0,44
4259,1,0,0.0,0.56,14,0.56,0,44
4260,1,0,0.0,0.56,14,0.56,0,44
4261,0,-1,-0.0,0.56,14,0.56,0,44
4262,1,0,0.0,0.56,14,0.56,0,44
4263,1,0,0.0,0.56,14,0.56,0,44
4264,0,-1,-18.120945,0.52,13,0.52,0,44
4265,1,0,0.0,0.52,13,0.52,0,44
4266,0,-1,8.497722,0.48,12,0.48,0,44
4267,2,1,19.2725,0.52,13,0.52,0,44
4268,0,-1,-0.0,0.52,13,0.52,0,44
4269,2,1,7.2823744,0.6,15,0.6,0,44
4270,0,-1,-16.714378,0.56,14,0.56,0,44
4271,2,1,13.998958,0.6,15,0.6,0,44
4272,0,-1,-0.0,0.6,15,0.6,0,44
4273,2,1,-55.55766,0.76,19,0.76,0,44
4274,1,0,0.0,0.76,19,0.76,0,44
4275,0,-1,-0.0,0.76,19,0.76,0,44
4276,0,-1,-0.015077508,0.76,19,0.76,0,44
4277,0,-1,-0.0,0.76,19,0.76,0,44
4278,1,0,0.0,0.76,19,0.76,0,44
4279,1,0,0.0,0.76,19,0.76,0,44
4280,0,-1,-0.0,0.76,19,0.76,0,44
4281,1,0,0.0,0.76,19,0.76,0,44
4282,0,-1,-0.117342345,0.76,19,0.76,0,44
4283,1,0,0.0,0.76,19,0.76,0,44
4284,2,1,-79.06531,0.84,21,0.84,0,44
4285,0,-1,-0.066785395,0.84,21,0.84,0,44
4286,0,-1,-0.07179183,0.84,21,0.84,0,44
4287,0,-1,-0.06566401,0.84,21,0.84,0,44
4288,0,-1,-0.0,0.84,21,0.84,0,44
4289,1,0,0.0,0.84,21,0.84,0,44
4290,2,1,-289.38095,0.92,23,0.92,0,44
4291,1,0,0.0,0.92,23,0.92,0,44
4292,2,1,-603.75964,0.96,24,0.96,0,44
4293,0,-1,-0.050306875,0.96,24,0.96,0,44
4294,0,-1,603.75964,0.92,23,0.92,0,44
4295,1,0,0.0,0.92,23,0.92,0,44
4296,0,-1,-0.062947944,0.92,23,0.92,0,44
4297,1,0,0.0,0.92,23,0.92,0,44
4298,1,0,0.0,0.92,23,0.92,0,44
4299,0,-1,-0.0,0.92,23,0.92,0,44
4300,1,0,0.0,0.92,23,0.92,0,44
4301,1,0,0.0,0.92,23,0.92,0,44
4302,1,0,0.0,0.92,23,0.92,0,44
4303,2,1,-1000.0,0.0,0,0.0,0,44
4304,1,0,0.0,0.16,4,0.16,0,45
4305,2,1,28.364332,0.2,5,0.2,0,45
4306,1,0,0.0,0.2,5,0.2,0,45
4307,2,1,23.955872,0.28,7,0.28,0,45
4308,1,0,0.0,0.28,7,0.28,0,45
4309,0,-1,-26.773045,0.24,6,0.24,0,45
4310,1,0,0.0,0.24,6,0.24,0,45
4311,2,1,-4.515826,0.28,7,0.28,0,45
4312,1,0,0.0,0.28,7,0.28,1,45
4313,0,-1,-27.990631,0.24,6,0.24,0,45
4314,0,-1,-0.0,0.24,6,0.24,0,45
4315,0,-1,-28.207085,0.2,5,0.2,0,45
4316,0,-1,-0.0,0.2,5,0.2,0,45
4317,0,-1,-0.0,0.2,5,0.2,0,45
4318,0,-1,-7.750594,0.16,4,0.16,0,45
4319,2,1,28.365671,0.2,5,0.2,0,45
4320,0,-1,-0.0,0.2,5,0.2,0,45
4321,0,-1,-0.0,0.2,5,0.2,0,45
4322,2,1,23.955044,0.28,7,0.28,0,45
4323,1,0,0.0,0.28,7,0.28,0,45
4324,0,-1,-26.774662,0.24,6,0.24,0,45
4325,1,0,0.0,0.24,6,0.24,0,45
4326,2,1,26.774662,0.28,7,0.28,0,45
4327,0,-1,-0.1782825,0.28,7,0.28,0,45
4328,1,0,0.0,0.28,7,0.28,0,45
4329,0,-1,-0.0,0.28,7,0.28,0,45
4330,1,0,0.0,0.28,7,0.28,0,45
4331,0,-1,-26.774662,0.24,6,0.24,0,45
4332,0,-1,-28.207085,0.2,5,0.2,0,45
4333,1,0,0.0,0.2,5,0.2,0,45
4334,2,1,28.207085,0.24,6,0.24,0,45
4335,1,0,0.0,0.24,6,0.24,0,45
4336,2,1,18.67654,0.32,8,0.32,0,45
4337,1,0,0.0,0.32,8,0.32,0,45
4338,0,-1,-1.4012653e-07,0.32,8,0.32,0,45
4339,1,0,0.0,0.32,8,0.32,0,45
4340,2,1,5.397703,0.36,9,0.36,0,45
4341,0,-1,-5.397703,0.32,8,0.32,0,45
4342,1,0,0.0,0.32,8,0.32,0,45
4343,0,-1,-1.2837828e-07,0.32,8,0.32,0,45
4344,1,0,0.0,0.32,8,0.32,0,45
4345,1,0,0.0,0.32,8,0.32,0,45
4346,0,-1,-23.192892,0.28,7,0.28,0,45
4347,1,0,0.0,0.28,7,0.28,0,45
4348,0,-1,-27.969946,0.24,6,0.24,0,45
4349,2,1,23.38635,0.32,8,0.32,0,45
4350,0,-1,-13.574817,0.28,7,0.28,0,45
4351,2,1,13.033955,0.4,10,0.4,0,45
4352,1,0,0.0,0.4,10,0.4,0,45
4353,2,1,17.548927,0.48,12,0.48,0,45
4354,2,1,11.371174,0.56,14,0.56,0,45
4355,0,-1,-18.58175,0.52,13,0.52,0,45
4356,0,-1,-0.17701015,0.52,13,0.52,0,45
4357,1,0,0.0,0.52,13,0.52,0,45
4358,2,1,17.847569,0.56,14,0.56,0,45
4359,1,0,0.0,0.56,14,0.56,0,45
4360,0,-1,-0.0,0.56,14,0.56,0,45
4361,0,-1,-1.2027613e-07,0.56,14,0.56,1,45
4362,0,-1,-20.781063,0.56,14,0.56,0,45
4363,2,1,13.913787,0.6,15,0.6,0,45
4364,2,1,-6.1440773,0.68,17,0.68,0,45
4365,1,0,0.0,0.68,17,0.68,0,45
4366,1,0,0.0,0.68,17,0.68,0,45
4367,1,0,0.0,0.68,17,0.68,0,45
4368,1,0,0.0,0.68,17,0.68,0,45
4369,0,-1,-10.303011,0.64,16,0.64,0,45
4370,0,-1,-0.0,0.64,16,0.64,0,45
4371,1,0,0.0,0.64,16,0.64,0,45
4372,0,-1,-0.0,0.64,16,0.64,0,45
4373,1,0,0.0,0.64,16,0.64,0,45
4374,2,1,-83.300575,0.8,20,0.8,0,45
4375,1,0,0.0,0.8,20,0.8,0,45
4376,0,-1,-0.054735657,0.8,20,0.8,0,45
4377,0,-1,18.510088,0.76,19,0.76,0,45
4378,1,0,0.0,0.76,19,0.76,0,45
4379,2,1,-18.510088,0.8,20,0.8,0,45
4380,2,1,-141.74963,0.88,22,0.88,0,45
4381,1,0,0.0,0.88,22,0.88,0,45
4382,1,0,0.0,0.88,22,0.88,0,45
4383,1,0,0.0,0.88,22,0.88,0,45
4384,1,0,0.0,0.88,22,0.88,0,45
4385,1,0,0.0,0.88,22,0.88,0,45
4386,1,0,0.0,0.88,22,0.88,0,45
4387,1,0,0.0,0.88,22,0.88,0,45
4388,1,0,0.0,0.88,22,0.88,0,45
4389,1,0,0.0,0.88,22,0.88,0,45
4390,1,0,0.0,0.88,22,0.88,0,45
4391,1,0,0.0,0.88,22,0.88,0,45
4392,2,1,-810.0634,0.96,24,0.96,0,45
4393,1,0,0.0,0.96,24,0.96,0,45
4394,1,0,0.0,0.96,24,0.96,0,45
4395,1,0,0.0,0.96,24,0.96,0,45
4396,1,0,0.0,0.96,24,0.96,0,45
4397,1,0,0.0,0.96,24,0.96,0,45
4398,1,0,0.0,0.96,24,0.96,0,45
4399,2,1,26.768688,1.0,25,1.0,0,45
4400,0,-1,-1000.0,0.0,0,0.0,0,45
4401,0,-1,-0.0,0.16,4,0.16,0,46
4402,1,0,0.0,0.16,4,0.16,0,46
4403,2,1,28.364332,0.2,5,0.2,0,46
4404,2,1,23.955872,0.28,7,0.28,0,46
4405,0,-1,-26.773045,0.24,6,0.24,0,46
4406,2,1,26.773045,0.28,7,0.28,0,46
4407,1,0,0.0,0.28,7,0.28,0,46
4408,2,1,21.334368,0.36,9,0.36,0,46
4409,1,0,0.0,0.36,9,0.36,0,46
4410,2,1,17.442081,0.44,11,0.44,0,46
4411,0,-1,-21.250967,0.4,10,0.4,0,46
4412,0,-1,-0.0,0.4,10,0.4,0,46
4413,1,0,0.0,0.4,10,0.4,0,46
4414,1,0,0.0,0.4,10,0.4,0,46
4415,2,1,6.5802827,0.52,13,0.52,0,46
4416,0,-1,-20.002981,0.48,12,0.48,0,46
4417,2,1,19.27347,0.52,13,0.52,0,46
4418,2,1,6.190671,0.6,15,0.6,0,46
4419,0,-1,-13.99942,0.56,14,0.56,0,46
4420,1,0,0.0,0.56,14,0.56,0,46
4421,1,0,0.0,0.56,14,0.56,0,46
4422,0,-1,-0.0,0.56,14,0.56,0,46
4423,1,0,0.0,0.56,14,0.56,0,46
4424,2,1,-67.31889,0.76,19,0.76,0,46
4425,0,-1,-0.0,0.76,19,0.76,0,46
4426,1,0,0.0,0.76,19,0.76,0,46
4427,1,0,0.0,0.76,19,0.76,0,46
4428,1,0,0.0,0.76,19,0.76,0,46
4429,1,0,0.0,0.76,19,0.76,0,46
4430,0,-1,2.054947,0.72,18,0.72,0,46
4431,0,-1,-0.065546915,0.72,18,0.72,0,46
4432,0,-1,-0.0,0.72,18,0.72,0,46
4433,0,-1,-0.0685575,0.72,18,0.72,0,46
4434,0,-1,-0.0,0.72,18,0.72,0,46
4435,2,1,-210.1517,0.88,22,0.88,0,46
4436,1,0,0.0,0.88,22,0.88,0,46
4437,1,0,0.0,0.88,22,0.88,0,46
4438,1,0,0.0,0.88,22,0.88,0,46
4439,0,-1,-0.01769744,0.88,22,0.88,0,46
4440,1,0,0.0,0.88,22,0.88,0,46
4441,1,0,0.0,0.88,22,0.88,0,46
4442,1,0,0.0,0.88,22,0.88,0,46
4443,0,-1,-0.06979226,0.88,22,0.88,0,46
4444,0,-1,78.86707,0.84,21,0.84,0,46
4445,1,0,0.0,0.84,21,0.84,0,46
4446,0,-1,35.032402,0.8,20,0.8,0,46
4447,1,0,0.0,0.8,20,0.8,0,46
4448,1,0,0.0,0.8,20,0.8,0,46
4449,1,0,0.0,0.8,20,0.8,0,46
4450,0,-1,-0.0038308254,0.8,20,0.8,0,46
4451,0,-1,-0.016618423,0.8,20,0.8,0,46
4452,1,0,0.0,0.8,20,0.8,0,46
4453,1,0,0.0,0.8,20,0.8,0,46
4454,0,-1,-0.020528518,0.8,20,0.8,0,46
4455,1,0,0.0,0.8,20,0.8,0,46
4456,0,-1,-0.0,0.8,20,0.8,0,46
4457,1,0,0.0,0.8,20,0.8,0,46
4458,0,-1,-0.0,0.8,20,0.8,0,46
4459,1,0,0.0,0.8,20,0.8,0,46
4460,1,0,0.0,0.8,20,0.8,0,46
4461,0,-1,14.652136,0.76,19,0.76,0,46
4462,1,0,0.0,0.76,19,0.76,0,46
4463,1,0,0.0,0.76,19,0.76,0,46
4464,0,-1,-0.017402662,0.76,19,0.76,0,46
4465,0,-1,-0.0,0.76,19,0.76,0,46
4466,1,0,0.0,0.76,19,0.76,0,46
4467,2,1,-78.22889,0.84,21,0.84,0,46
4468,1,0,0.0,0.84,21,0.84,0,46
4469,0,-1,-0.0,0.84,21,0.84,0,46
4470,1,0,0.0,0.84,21,0.84,0,46
4471,1,0,0.0,0.84,21,0.84,0,46
4472,0,-1,37.21477,0.8,20,0.8,0,46
4473,1,0,0.0,0.8,20,0.8,0,46
4474,0,-1,-0.5565298,0.8,20,0.8,0,46
4475,0,-1,13.4847145,0.76,19,0.76,0,46
4476,1,0,0.0,0.76,19,0.76,0,46
4477,1,0,0.0,0.76,19,0.76,0,46
4478,0,-1,-0.20606886,0.76,19,0.76,0,46
4479,1,0,0.0,0.76,19,0.76,0,46
4480,1,0,0.0,0.76,19,0.76,0,46
4481,0,-1,-0.0,0.76,19,0.76,0,46
4482,1,0,0.0,0.76,19,0.76,0,46
4483,0,-1,2.327096,0.72,18,0.72,0,46
4484,2,1,-3.9575658,0.76,19,0.76,0,46
4485,0,-1,-0.0,0.76,19,0.76,0,46
4486,0,-1,-0.0,0.76,19,0.76,0,46
4487,0,-1,-0.01804878,0.76,19,0.76,0,46
4488,0,-1,-0.0,0.76,19,0.76,0,46
4489,0,-1,-0.0,0.76,19,0.76,0,46
4490,0,-1,-0.0,0.76,19,0.76,0,46
4491,1,0,0.0,0.76,19,0.76,0,46
4492,0,-1,-0.014364104,0.76,19,0.76,0,46
4493,0,-1,-0.0,0.76,19,0.76,0,46
4494,1,0,0.0,0.76,19,0.76,0,46
4495,0,-1,3.9575658,0.72,18,0.72,0,46
4496,1,0,0.0,0.72,18,0.72,0,46
4497,0,-1,-0.0,0.72,18,0.72,0,46
4498,1,0,0.0,0.72,18,0.72,0,46
4499,1,0,0.0,0.72,18,0.72,0,46
4500,1,0,0.0,0.72,18,0.72,0,46
4501,1,0,0.0,0.72,18,0.72,0,46
4502,1,0,0.0,0.72,18,0.72,0,46
4503,0,-1,-0.0,0.72,18,0.72,0,46
4504,1,0,0.0,0.72,18,0.72,0,46
4505,2,1,-1.5966138,0.76,19,0.76,0,46
4506,1,0,0.0,0.76,19,0.76,0,46
4507,0,-1,0.44544354,0.72,18,0.72,0,46
4508,1,0,0.0,0.72,18,0.72,0,46
4509,0,-1,-0.0,0.72,18,0.72,0,46
4510,1,0,0.0,0.72,18,0.72,0,46
4511,1,0,0.0,0.72,18,0.72,0,46
4512,1,0,0.0,0.72,18,0.72,0,46
4513,0,-1,-5.825463,0.68,17,0.68,0,46
4514,0,-1,-0.0,0.68,17,0.68,0,46
4515,0,-1,-8.825366,0.64,16,0.64,0,46
4516,0,-1,-0.005508958,0.64,16,0.64,0,46
4517,1,0,0.0,0.64,16,0.64,0,46
4518,1,0,0.0,0.64,16,0.64,0,46
4519,0,-1,-0.0,0.64,16,0.64,0,46
4520,0,-1,-0.020156354,0.64,16,0.64,0,46
4521,1,0,0.0,0.64,16,0.64,0,46
4522,1,0,0.0,0.64,16,0.64,0,46
4523,1,0,0.0,0.64,16,0.64,0,46
4524,1,0,0.0,0.64,16,0.64,0,46
4525,1,0,0.0,0.64,16,0.64,0,46
4526,0,-1,-0.0044315304,0.64,16,0.64,0,46
4527,1,0,0.0,0.64,16,0.64,0,46
4528,1,0,0.0,0.64,16,0.64,0,46
4529,0,-1,14.286362,0.6,15,0.6,0,46
4530,1,0,0.0,0.6,15,0.6,0,46
4531,1,0,0.0,0.6,15,0.6,0,46
4532,0,-1,-0.0,0.6,15,0.6,0,46
4533,1,0,0.0,0.6,15,0.6,0,46
4534,0,-1,-0.0043756133,0.6,15,0.6,0,46
4535,1,0,0.0,0.6,15,0.6,0,46
4536,0,-1,-15.545738,0.56,14,0.56,0,46
4537,1,0,0.0,0.56,14,0.56,0,46
4538,0,-1,-18.57534,0.52,13,0.52,0,46
4539,0,-1,-0.0,0.52,13,0.52,0,46
4540,0,-1,-0.82457215,0.52,13,0.52,0,46
4541,1,0,0.0,0.52,13,0.52,0,46
4542,0,-1,-0.0,0.52,13,0.52,0,46
4543,1,0,0.0,0.52,13,0.52,0,46
4544,1,0,0.0,0.52,13,0.52,0,46
4545,0,-1,-0.0,0.52,13,0.52,0,46
4546,2,1,19.730448,0.56,14,0.56,0,46
4547,1,0,0.0,0.56,14,0.56,0,46
4548,2,1,2.6987693,0.64,16,0.64,0,46
4549,1,0,0.0,0.64,16,0.64,0,46
4550,1,0,0.0,0.64,16,0.64,0,46
4551,1,0,0.0,0.64,16,0.64,0,46
4552,1,0,0.0,0.64,16,0.64,0,46
4553,1,0,0.0,0.64,16,0.64,0,46
4554,0,-1,-13.047345,0.6,15,0.6,0,46
4555,0,-1,-0.0,0.6,15,0.6,0,46
4556,1,0,0.0,0.6,15,0.6,0,46
4557,1,0,0.0,0.6,15,0.6,0,46
4558,1,0,0.0,0.6,15,0.6,0,46
4559,1,0,0.0,0.6,15,0.6,0,46
4560,1,0,0.0,0.6,15,0.6,0,46
4561,1,0,0.0,0.6,15,0.6,0,46
4562,0,-1,-16.714378,0.56,14,0.56,0,46
4563,0,-1,-19.728302,0.52,13,0.52,0,46
4564,1,0,0.0,0.52,13,0.52,0,46
4565,0,-1,-0.0,0.52,13,0.52,0,46
4566,0,-1,-0.0,0.52,13,0.52,0,46
4567,2,1,7.0632806,0.6,15,0.6,0,46
4568,1,0,0.0,0.6,15,0.6,0,46
4569,0,-1,-0.0,0.6,15,0.6,0,46
4570,0,-1,-16.470173,0.56,14,0.56,0,46
4571,1,0,0.0,0.56,14,0.56,0,46
4572,0,-1,-0.021997735,0.56,14,0.56,0,46
4573,1,0,0.0,0.56,14,0.56,0,46
4574,0,-1,-0.0,0.56,14,0.56,0,46
4575,2,1,14.977644,0.6,15,0.6,0,46
4576,1,0,0.0,0.6,15,0.6,0,46
4577,0,-1,-14.977644,0.56,14,0.56,0,46
4578,1,0,0.0,0.56,14,0.56,0,46
4579,1,0,0.0,0.56,14,0.56,1,46
4580,1,0,0.0,0.56,14,0.56,0,46
4581,1,0,0.0,0.56,14,0.56,0,46
4582,1,0,0.0,0.56,14,0.56,0,46
4583,0,-1,-17.413393,0.52,13,0.52,0,46
4584,0,-1,-19.644049,0.52,13,0.52,0,46
4585,0,-1,-0.0069788713,0.52,13,0.52,0,46
4586,0,-1,-0.0,0.52,13,0.52,0,46
4587,0,-1,-0.004301983,0.52,13,0.52,0,46
4588,1,0,0.0,0.52,13,0.52,0,46
4589,0,-1,-20.005459,0.48,12,0.48,0,46
4590,1,0,0.0,0.48,12,0.48,0,46
4591,0,-1,-1.14499315e-07,0.48,12,0.48,0,46
4592,1,0,0.0,0.48,12,0.48,0,46
4593,1,0,0.0,0.48,12,0.48,0,46
4594,0,-1,-1.368607e-07,0.48,12,0.48,0,46
4595,1,0,0.0,0.48,12,0.48,0,46
4596,0,-1,-12.923046,0.48,12,0.48,0,46
4597,0,-1,-0.0,0.48,12,0.48,0,46
4598,0,-1,2.139024,0.44,11,0.44,0,46
4599,0,-1,-21.520247,0.4,10,0.4,0,46
4600,2,1,0.0,0.0,0,0.0,0,46
4601,0,-1,-0.0,0.16,4,0.16,0,47
4602,1,0,0.0,0.16,4,0.16,0,47
4603,1,0,0.0,0.16,4,0.16,0,47
4604,2,1,-4.1407347,0.2,5,0.2,0,47
4605,2,1,28.208652,0.24,6,0.24,0,47
4606,1,0,0.0,0.24,6,0.24,0,47
4607,2,1,23.39962,0.32,8,0.32,0,47
4608,0,-1,-0.2743589,0.32,8,0.32,0,47
4609,2,1,20.356783,0.4,10,0.4,0,47
4610,0,-1,-0.0,0.4,10,0.4,0,47
4611,2,1,21.736273,0.44,11,0.44,0,47
4612,1,0,0.0,0.44,11,0.44,0,47
4613,0,-1,-21.736273,0.4,10,0.4,0,47
4614,1,0,0.0,0.4,10,0.4,0,47
4615,1,0,0.0,0.4,10,0.4,0,47
4616,1,0,0.0,0.4,10,0.4,0,47
4617,2,1,23.131649,0.44,11,0.44,0,47
4618,1,0,0.0,0.44,11,0.44,0,47
4619,1,0,0.0,0.44,11,0.44,0,47
4620,1,0,0.0,0.44,11,0.44,0,47
4621,2,1,-8.433354,0.6,15,0.6,0,47
4622,0,-1,-0.003939959,0.6,15,0.6,0,47
4623,1,0,0.0,0.6,15,0.6,0,47
4624,1,0,0.0,0.6,15,0.6,0,47
4625,1,0,0.0,0.6,15,0.6,0,47
4626,1,0,0.0,0.6,15,0.6,0,47
4627,1,0,0.0,0.6,15,0.6,0,47
4628,0,-1,-0.013097828,0.6,15,0.6,0,47
4629,1,0,0.0,0.6,15,0.6,0,47
4630,0,-1,-0.0,0.6,15,0.6,0,47
4631,0,-1,-0.02006989,0.6,15,0.6,0,47
4632,1,0,0.0,0.6,15,0.6,0,47
4633,1,0,0.0,0.6,15,0.6,0,47
4634,0,-1,-0.0,0.6,15,0.6,0,47
4635,1,0,0.0,0.6,15,0.6,0,47
4636,1,0,0.0,0.6,15,0.6,0,47
4637,2,1,12.478033,0.64,16,0.64,0,47
4638,1,0,0.0,0.64,16,0.64,0,47
4639,1,0,0.0,0.64,16,0.64,0,47
4640,0,-1,-0.0038965838,0.64,16,0.64,0,47
4641,0,-1,14.285936,0.6,15,0.6,0,47
4642,1,0,0.0,0.6,15,0.6,0,47
4643,1,0,0.0,0.6,15,0.6,0,47
4644,1,0,0.0,0.6,15,0.6,0,47
4645,1,0,0.0,0.6,15,0.6,0,47
4646,0,-1,-0.0035872161,0.6,15,0.6,0,47
4647,1,0,0.0,0.6,15,0.6,0,47
4648,0,-1,-0.0,0.6,15,0.6,0,47
4649,0,-1,-14.977644,0.56,14,0.56,0,47
4650,1,0,0.0,0.56,14,0.56,0,47
4651,1,0,0.0,0.56,14,0.56,0,47
4652,0,-1,-0.0,0.56,14,0.56,0,47
4653,0,-1,-19.728302,0.52,13,0.52,0,47
4654,1,0,0.0,0.52,13,0.52,0,47
4655,0,-1,-0.0,0.52,13,0.52,0,47
4656,1,0,0.0,0.52,13,0.52,0,47
4657,0,-1,-0.03094504,0.52,13,0.52,0,47
4658,0,-1,-0.0,0.52,13,0.52,0,47
4659,0,-1,-18.83556,0.48,12,0.48,0,47
4660,1,0,0.0,0.48,12,0.48,0,47
4661,0,-1,-0.0033849191,0.48,12,0.48,0,47
4662,1,0,0.0,0.48,12,0.48,0,47
4663,0,-1,-0.0,0.48,12,0.48,0,47
4664,0,-1,-0.4133937,0.48,12,0.48,0,47
4665,2,1,11.372195,0.56,14,0.56,0,47
4666,1,0,0.0,0.56,14,0.56,0,47
4667,1,0,0.0,0.56,14,0.56,0,47
4668,0,-1,-0.0,0.56,14,0.56,1,47
4669,1,0,0.0,0.56,14,0.56,0,47
4670,1,0,0.0,0.56,14,0.56,0,47
4671,0,-1,-17.850925,0.52,13,0.52,0,47
4672,0,-1,-0.0,0.52,13,0.52,0,47
4673,0,-1,-21.150652,0.48,12,0.48,0,47
4674,1,0,0.0,0.48,12,0.48,1,47
4675,0,-1,-14.9858265,0.48,12,0.48,0,47
4676,1,0,0.0,0.48,12,0.48,0,47
4677,0,-1,-4.2030563,0.48,12,0.48,0,47
4678,0,-1,-0.16394576,0.48,12,0.48,0,47
4679,1,0,0.0,0.48,12,0.48,0,47
4680,0,-1,-0.0036314174,0.48,12,0.48,0,47
4681,0,-1,-22.263243,0.44,11,0.44,0,47
4682,1,0,0.0,0.44,11,0.44,0,47
4683,1,0,0.0,0.44,11,0.44,0,47
4684,1,0,0.0,0.44,11,0.44,0,47
4685,1,0,0.0,0.44,11,0.44,0,47
4686,1,0,0.0,0.44,11,0.44,0,47
4687,1,0,0.0,0.44,11,0.44,0,47
4688,1,0,0.0,0.44,11,0.44,0,47
4689,1,0,0.0,0.44,11,0.44,0,47
4690,1,0,0.0,0.44,11,0.44,0,47
4691,1,0,0.0,0.44,11,0.44,0,47
4692,1,0,0.0,0.44,11,0.44,0,47
4693,1,0,0.0,0.44,11,0.44,0,47
4694,0,-1,-21.985434,0.4,10,0.4,0,47
4695,0,-1,-22.209522,0.36,9,0.36,0,47
4696,1,0,0.0,0.36,9,0.36,0,47
4697,1,0,0.0,0.36,9,0.36,0,47
4698,1,0,0.0,0.36,9,0.36,0,47
4699,1,0,0.0,0.36,9,0.36,1,47
4700,1,0,0.0,0.36,9,0.36,0,47
4701,1,0,0.0,0.36,9,0.36,0,47
4702,2,1,8.812115,0.4,10,0.4,0,47
4703,1,0,0.0,0.4,10,0.4,0,47
4704,2,1,23.130247,0.44,11,0.44,0,47
4705,1,0,0.0,0.44,11,0.44,0,47
4706,1,0,0.0,0.44,11,0.44,0,47
4707,0,-1,-8.120927,0.4,10,0.4,0,47
4708,2,1,6.667514,0.52,13,0.52,0,47
4709,1,0,0.0,0.52,13,0.52,0,47
4710,0,-1,-5.151435e-12,0.52,13,0.52,0,47
4711,1,0,0.0,0.52,13,0.52,0,47
4712,2,1,8.078763,0.6,15,0.6,0,47
4713,1,0,0.0,0.6,15,0.6,0,47
4714,0,-1,-5.4996008e-12,0.6,15,0.6,0,47
4715,0,-1,-0.0,0.6,15,0.6,0,47
4716,2,1,13.480605,0.64,16,0.64,0,47
4717,1,0,0.0,0.64,16,0.64,0,47
4718,0,-1,-13.475407,0.6,15,0.6,0,47
4719,1,0,0.0,0.6,15,0.6,0,47
4720,0,-1,-0.0031603125,0.6,15,0.6,0,47
4721,1,0,0.0,0.6,15,0.6,0,47
4722,1,0,0.0,0.6,15,0.6,0,47
4723,0,-1,-0.003878464,0.6,15,0.6,0,47
4724,1,0,0.0,0.6,15,0.6,0,47
4725,1,0,0.0,0.6,15,0.6,0,47
4726,1,0,0.0,0.6,15,0.6,0,47
4727,0,-1,-0.0,0.6,15,0.6,0,47
4728,1,0,0.0,0.6,15,0.6,0,47
4729,2,1,-4.131147,0.68,17,0.68,0,47
4730,1,0,0.0,0.68,17,0.68,0,47
4731,1,0,0.0,0.68,17,0.68,0,47
4732,1,0,0.0,0.68,17,0.68,0,47
4733,1,0,0.0,0.68,17,0.68,0,47
4734,1,0,0.0,0.68,17,0.68,0,47
4735,1,0,0.0,0.68,17,0.68,0,47
4736,0,-1,-4.1477814,0.64,16,0.64,0,47
4737,2,1,-146.10445,0.84,21,0.84,0,47
4738,0,-1,-4.4835247e-12,0.84,21,0.84,0,47
4739,1,0,0.0,0.84,21,0.84,0,47
4740,1,0,0.0,0.84,21,0.84,0,47
4741,1,0,0.0,0.84,21,0.84,0,47
4742,1,0,0.0,0.84,21,0.84,0,47
4743,0,-1,34.3143,0.8,20,0.8,0,47
4744,0,-1,-0.023178037,0.8,20,0.8,0,47
4745,0,-1,-1.1547997e-06,0.8,20,0.8,0,47
4746,0,-1,-4.73932e-12,0.8,20,0.8,0,47
4747,0,-1,-0.003688328,0.8,20,0.8,0,47
4748,0,-1,-0.004063433,0.8,20,0.8,0,47
4749,0,-1,16.393309,0.76,19,0.76,0,47
4750,0,-1,-0.0,0.76,19,0.76,0,47
4751,1,0,0.0,0.76,19,0.76,0,47
4752,0,-1,-0.21456203,0.76,19,0.76,0,47
4753,1,0,0.0,0.76,19,0.76,0,47
4754,1,0,0.0,0.76,19,0.76,0,47
4755,0,-1,-4.8672177e-12,0.76,19,0.76,0,47
4756,0,-1,-0.14794478,0.76,19,0.76,0,47
4757,1,0,0.0,0.76,19,0.76,0,47
4758,1,0,0.0,0.76,19,0.76,0,47
4759,0,-1,-1.1032427e-06,0.76,19,0.76,0,47
4760,0,-1,-0.023525698,0.76,19,0.76,0,47
4761,2,1,-13.496124,0.8,20,0.8,0,47
4762,0,-1,-0.0042772647,0.8,20,0.8,0,47
4763,1,0,0.0,0.8,20,0.8,0,47
4764,1,0,0.0,0.8,20,0.8,0,47
4765,0,-1,14.652805,0.76,19,0.76,0,47
4766,1,0,0.0,0.76,19,0.76,0,47
4767,2,1,-16.221792,0.8,20,0.8,0,47
4768,1,0,0.0,0.8,20,0.8,0,47
4769,0,-1,13.47738,0.76,19,0.76,0,47
4770,1,0,0.0,0.76,19,0.76,0,47
4771,1,0,0.0,0.76,19,0.76,0,47
4772,1,0,0.0,0.76,19,0.76,0,47
4773,1,0,0.0,0.76,19,0.76,0,47
4774,1,0,0.0,0.76,19,0.76,0,47
4775,1,0,0.0,0.76,19,0.76,0,47
4776,2,1,-18.263079,0.8,20,0.8,0,47
4777,0,-1,13.496124,0.76,19,0.76,0,47
4778,1,0,0.0,0.76,19,0.76,0,47
4779,0,-1,-0.0,0.76,19,0.76,0,47
4780,0,-1,-3.957723e-12,0.76,19,0.76,0,47
4781,2,1,-18.237053,0.8,20,0.8,0,47
4782,0,-1,-0.0,0.8,20,0.8,0,47
4783,0,-1,-1.2712719e-06,0.8,20,0.8,0,47
4784,0,-1,-0.0,0.8,20,0.8,0,47
4785,0,-1,13.948782,0.76,19,0.76,0,47
4786,1,0,0.0,0.76,19,0.76,0,47
4787,0,-1,-0.0,0.76,19,0.76,0,47
4788,0,-1,-5.1088023e-12,0.76,19,0.76,0,47
4789,0,-1,-0.0,0.76,19,0.76,0,47
4790,0,-1,-5.584866e-12,0.76,19,0.76,0,47
4791,1,0,0.0,0.76,19,0.76,0,47
4792,1,0,0.0,0.76,19,0.76,0,47
4793,0,-1,-0.0,0.76,19,0.76,0,47
4794,0,-1,1.8292177,0.72,18,0.72,0,47
4795,0,-1,-0.0,0.72,18,0.72,0,47
4796,1,0,0.0,0.72,18,0.72,0,47
4797,0,-1,-0.0,0.72,18,0.72,0,47
4798,1,0,0.0,0.72,18,0.72,0,47
4799,1,0,0.0,0.72,18,0.72,0,47
4800,1,0,0.0,0.0,0,0.0,0,47
4801,1,0,0.0,0.16,4,0.16,0,48
4802,2,1,28.364332,0.2,5,0.2,0,48
4803,2,1,-4.278687,0.24,6,0.24,0,48
4804,0,-1,-28.22638,0.2,5,0.2,0,48
4805,2,1,28.22638,0.24,6,0.24,0,48
4806,1,0,0.0,0.24,6,0.24,0,48
4807,2,1,27.971514,0.28,7,0.28,0,48
4808,0,-1,4.515826,0.24,6,0.24,0,48
4809,2,1,26.773045,0.28,7,0.28,0,48
4810,2,1,21.334368,0.36,9,0.36,0,48
4811,0,-1,-24.37198,0.32,8,0.32,0,48
4812,2,1,-5.279892,0.36,9,0.36,0,48
4813,2,1,15.692518,0.44,11,0.44,0,48
4814,0,-1,-0.0,0.44,11,0.44,0,48
4815,0,-1,-0.0,0.44,11,0.44,0,48
4816,0,-1,-24.768646,0.4,10,0.4,0,48
4817,1,0,0.0,0.4,10,0.4,0,48
4818,0,-1,-22.213333,0.36,9,0.36,0,48
4819,0,-1,5.27981,0.32,8,0.32,1,48
4820,1,0,0.0,0.32,8,0.32,0,48
4821,2,1,26.01052,0.36,9,0.36,0,48
4822,2,1,16.727495,0.44,11,0.44,0,48
4823,2,1,22.261686,0.48,12,0.48,0,48
4824,1,0,0.0,0.48,12,0.48,0,48
4825,1,0,0.0,0.48,12,0.48,0,48
4826,0,-1,-0.0,0.48,12,0.48,0,48
4827,0,-1,-0.0,0.48,12,0.48,0,48
4828,1,0,0.0,0.48,12,0.48,0,48
4829,2,1,2.1787713,0.52,13,0.52,0,48
4830,0,-1,-0.0,0.52,13,0.52,0,48
4831,1,0,0.0,0.52,13,0.52,0,48
4832,2,1,16.076864,0.56,14,0.56,0,48
4833,1,0,0.0,0.56,14,0.56,0,48
4834,0,-1,-18.572853,0.52,13,0.52,0,48
4835,1,0,0.0,0.52,13,0.52,0,48
4836,2,1,-6.203988,0.64,16,0.64,0,48
4837,1,0,0.0,0.64,16,0.64,0,48
4838,1,0,0.0,0.64,16,0.64,0,48
4839,1,0,0.0,0.64,16,0.64,0,48
4840,0,-1,-0.0,0.64,16,0.64,0,48
4841,0,-1,-0.0,0.64,16,0.64,0,48
4842,1,0,0.0,0.64,16,0.64,0,48
4843,1,0,0.0,0.64,16,0.64,0,48
4844,0,-1,-13.486083,0.6,15,0.6,0,48
4845,1,0,0.0,0.6,15,0.6,0,48
4846,0,-1,-0.0,0.6,15,0.6,0,48
4847,0,-1,-6.6358714,0.56,14,0.56,0,48
4848,1,0,0.0,0.56,14,0.56,0,48
4849,0,-1,-0.75506765,0.52,13,0.52,0,48
4850,0,-1,-21.15527,0.48,12,0.48,0,48
4851,0,-1,-18.606985,0.44,11,0.44,0,48
4852,0,-1,-11.833002,0.44,11,0.44,0,48
4853,1,0,0.0,0.44,11,0.44,0,48
4854,1,0,0.0,0.44,11,0.44,0,48
4855,0,-1,-0.0,0.44,11,0.44,0,48
4856,1,0,0.0,0.44,11,0.44,0,48
4857,1,0,0.0,0.44,11,0.44,0,48
4858,1,0,0.0,0.44,11,0.44,0,48
4859,1,0,0.0,0.44,11,0.44,0,48
4860,0,-1,-0.0,0.44,11,0.44,0,48
4861,1,0,0.0,0.44,11,0.44,0,48
4862,1,0,0.0,0.44,11,0.44,0,48
4863,1,0,0.0,0.44,11,0.44,0,48
4864,1,0,0.0,0.44,11,0.44,0,48
4865,1,0,0.0,0.44,11,0.44,0,48
4866,2,1,12.150917,0.52,13,0.52,0,48
4867,2,1,4.895666,0.6,15,0.6,0,48
4868,0,-1,-0.0,0.6,15,0.6,0,48
4869,0,-1,-14.817612,0.56,14,0.56,0,48
4870,1,0,0.0,0.56,14,0.56,0,48
4871,0,-1,-0.0,0.56,14,0.56,0,48
4872,0,-1,-18.119043,0.52,13,0.52,0,48
4873,0,-1,-0.32586637,0.52,13,0.52,0,48
4874,0,-1,-21.150652,0.48,12,0.48,0,48
4875,1,0,0.0,0.48,12,0.48,0,48
4876,0,-1,-9.655922,0.44,11,0.44,0,48
4877,0,-1,-0.0,0.44,11,0.44,0,48
4878,1,0,0.0,0.44,11,0.44,0,48
4879,0,-1,-21.740261,0.4,10,0.4,0,48
4880,0,-1,-12.59316,0.36,9,0.36,0,48
4881,0,-1,-0.0,0.36,9,0.36,0,48
4882,2,1,23.819338,0.4,10,0.4,0,48
4883,1,0,0.0,0.4,10,0.4,0,48
4884,1,0,0.0,0.4,10,0.4,0,48
4885,0,-1,-0.12575269,0.4,10,0.4,0,48
4886,2,1,15.882355,0.48,12,0.48,0,48
4887,0,-1,-0.0,0.48,12,0.48,0,48
4888,0,-1,-0.0,0.48,12,0.48,0,48
4889,1,0,0.0,0.48,12,0.48,0,48
4890,1,0,0.0,0.48,12,0.48,0,48
4891,0,-1,-0.0,0.48,12,0.48,0,48
4892,1,0,0.0,0.48,12,0.48,0,48
4893,0,-1,-0.0,0.48,12,0.48,0,48
4894,1,0,0.0,0.48,12,0.48,0,48
4895,1,0,0.0,0.48,12,0.48,0,48
4896,2,1,19.274298,0.52,13,0.52,0,48
4897,1,0,0.0,0.52,13,0.52,1,48
4898,2,1,15.86152,0.56,14,0.56,0,48
4899,1,0,0.0,0.56,14,0.56,0,48
4900,0,-1,-0.0,0.56,14,0.56,0,48
4901,0,-1,-15.86152,0.52,13,0.52,0,48
4902,1,0,0.0,0.52,13,0.52,0,48
4903,1,0,0.0,0.52,13,0.52,0,48
4904,0,-1,-19.270046,0.48,12,0.48,0,48
4905,1,0,0.0,0.48,12,0.48,0,48
4906,2,1,-33.03455,0.68,17,0.68,0,48
4907,0,-1,-0.0,0.68,17,0.68,0,48
4908,1,0,0.0,0.68,17,0.68,0,48
4909,0,-1,3.893156,0.64,16,0.64,0,48
4910,1,0,0.0,0.64,16,0.64,0,48
4911,2,1,-42.60913,0.76,19,0.76,0,48
4912,1,0,0.0,0.76,19,0.76,0,48
4913,0,-1,-0.15305364,0.76,19,0.76,0,48
4914,2,1,-78.91176,0.84,21,0.84,0,48
4915,2,1,-912.8052,0.96,24,0.96,0,48
4916,0,-1,-0.0,0.96,24,0.96,0,48
4917,1,0,0.0,0.96,24,0.96,0,48
4918,2,1,12.751523,1.0,25,1.0,0,48
4919,0,-1,-1000.0,0.0,0,0.0,0,48
4920,0,-1,-0.0,0.16,4,0.16,0,49
4921,2,1,28.346605,0.2,5,0.2,0,49
4922,2,1,28.22638,0.24,6,0.24,0,49
4923,1,0,0.0,0.24,6,0.24,0,49
4924,2,1,26.767761,0.28,7,0.28,0,49
4925,1,0,0.0,0.28,7,0.28,0,49
4926,1,0,0.0,0.28,7,0.28,0,49
4927,1,0,0.0,0.28,7,0.28,0,49
4928,0,-1,-0.2743589,0.28,7,0.28,0,49
4929,1,0,0.0,0.28,7,0.28,0,49
4930,0,-1,-0.22802086,0.28,7,0.28,0,49
4931,2,1,26.441492,0.32,8,0.32,0,49
4932,2,1,24.37198,0.36,9,0.36,0,49
4933,2,1,23.820692,0.4,10,0.4,0,49
4934,0,-1,-0.0,0.4,10,0.4,0,49
4935,1,0,0.0,0.4,10,0.4,0,49
4936,0,-1,-0.0,0.4,10,0.4,0,49
4937,1,0,0.0,0.4,10,0.4,0,49
4938,2,1,6.666545,0.52,13,0.52,0,49
4939,1,0,0.0,0.52,13,0.52,0,49
4940,2,1,17.848795,0.56,14,0.56,0,49
4941,0,-1,-0.0,0.56,14,0.56,0,49
4942,0,-1,-0.0,0.56,14,0.56,0,49
4943,1,0,0.0,0.56,14,0.56,0,49
4944,2,1,-11.78675,0.6,15,0.6,0,49
4945,1,0,0.0,0.6,15,0.6,0,49
4946,1,0,0.0,0.6,15,0.6,0,49
4947,1,0,0.0,0.6,15,0.6,0,49
4948,0,-1,-0.0,0.6,15,0.6,0,49
4949,1,0,0.0,0.6,15,0.6,0,49
4950,0,-1,-0.0040504737,0.6,15,0.6,0,49
4951,0,-1,-0.0,0.6,15,0.6,0,49
4952,1,0,0.0,0.6,15,0.6,0,49
4953,1,0,0.0,0.6,15,0.6,0,49
4954,0,-1,-0.17117998,0.6,15,0.6,0,49
4955,0,-1,-0.004012119,0.6,15,0.6,0,49
4956,2,1,13.485255,0.64,16,0.64,0,49
4957,1,0,0.0,0.64,16,0.64,0,49
4958,1,0,0.0,0.64,16,0.64,0,49
4959,1,0,0.0,0.64,16,0.64,0,49
4960,0,-1,-14.21083,0.6,15,0.6,0,49
4961,1,0,0.0,0.6,15,0.6,0,49
4962,2,1,11.499808,0.64,16,0.64,0,49
4963,0,-1,-0.0,0.64,16,0.64,0,49
4964,0,-1,-13.970561,0.6,15,0.6,0,49
4965,1,0,0.0,0.6,15,0.6,0,49
4966,0,-1,-0.0,0.6,15,0.6,0,49
4967,1,0,0.0,0.6,15,0.6,0,49
4968,1,0,0.0,0.6,15,0.6,0,49
4969,2,1,-160.38907,0.84,21,0.84,0,49
4970,1,0,0.0,0.84,21,0.84,0,49
4971,0,-1,-0.05902705,0.84,21,0.84,0,49
4972,1,0,0.0,0.84,21,0.84,0,49
4973,1,0,0.0,0.84,21,0.84,0,49
4974,1,0,0.0,0.84,21,0.84,0,49
4975,1,0,0.0,0.84,21,0.84,0,49
4976,1,0,0.0,0.84,21,0.84,0,49
4977,0,-1,62.804016,0.8,20,0.8,0,49
4978,2,1,-143.57394,0.88,22,0.88,0,49
4979,1,0,0.0,0.88,22,0.88,0,49
4980,1,0,0.0,0.88,22,0.88,0,49
4981,1,0,0.0,0.88,22,0.88,0,49
4982,0,-1,104.456406,0.84,21,0.84,0,49
4983,1,0,0.0,0.84,21,0.84,0,49
4984,0,-1,-0.0,0.84,21,0.84,0,49
4985,0,-1,-0.014470336,0.84,21,0.84,0,49
4986,1,0,0.0,0.84,21,0.84,0,49
4987,1,0,0.0,0.84,21,0.84,0,49
4988,1,0,0.0,0.84,21,0.84,0,49
4989,0,-1,-0.0034654697,0.84,21,0.84,0,49
4990,1,0,0.0,0.84,21,0.84,0,49
4991,1,0,0.0,0.84,21,0.84,0,49
4992,1,0,0.0,0.84,21,0.84,0,49
4993,1,0,0.0,0.84,21,0.84,0,49
4994,1,0,0.0,0.84,21,0.84,0,49
4995,0,-1,-0.0,0.84,21,0.84,0,49
4996,1,0,0.0,0.84,21,0.84,0,49
4997,0,-1,-0.0,0.84,21,0.84,0,49
4998,0,-1,-0.023531405,0.84,21,0.84,0,49
4999,1,0,0.0,0.84,21,0.84,0,49
5000,2,1,-912.4116,0.96,24,0.96,0,49
