timestep,action,mapped_action,reward,resource_usage,element_count,budget_proximity,took_timestep,episode
1,0,-1,-0.0,0.16,4,0.16,0,0
2,0,-1,-0.0,0.16,4,0.16,0,0
3,0,-1,-0.0,0.16,4,0.16,0,0
4,1,0,0.0,0.16,4,0.16,0,0
5,1,0,0.0,0.16,4,0.16,0,0
6,1,0,0.0,0.16,4,0.16,0,0
7,0,-1,-0.0,0.16,4,0.16,0,0
8,2,1,28.346605,0.2,5,0.2,0,0
9,2,1,28.22638,0.24,6,0.24,0,0
10,0,-1,-0.0,0.24,6,0.24,0,0
11,0,-1,-0.0,0.24,6,0.24,0,0
12,2,1,-4.515826,0.28,7,0.28,1,0
13,0,-1,-5.2253613,0.24,6,0.24,0,0
14,2,1,26.657764,0.28,7,0.28,0,0
15,0,-1,-8.812465,0.24,6,0.24,0,0
16,2,1,18.704454,0.32,8,0.32,0,0
17,2,1,25.920689,0.36,9,0.36,0,0
18,0,-1,-7.6798606,0.32,8,0.32,0,0
19,1,0,0.0,0.32,8,0.32,1,0
20,1,0,0.0,0.32,8,0.32,0,0
21,0,-1,-13.743934,0.32,8,0.32,0,0
22,1,0,0.0,0.32,8,0.32,0,0
23,0,-1,-0.00044416686,0.32,8,0.32,0,0
24,1,0,0.0,0.32,8,0.32,0,0
25,0,-1,-7.0028205,0.28,7,0.28,0,0
26,2,1,20.201767,0.32,8,0.32,0,0
27,1,0,0.0,0.32,8,0.32,0,0
28,1,0,0.0,0.32,8,0.32,0,0
29,2,1,18.35885,0.36,9,0.36,0,0
30,1,0,0.0,0.36,9,0.36,0,0
31,1,0,0.0,0.36,9,0.36,0,0
32,0,-1,-3.898942,0.32,8,0.32,0,0
33,0,-1,-9.038874,0.28,7,0.28,0,0
34,0,-1,-0.0,0.28,7,0.28,1,0
35,0,-1,-0.0,0.28,7,0.28,0,0
36,2,1,27.519014,0.32,8,0.32,0,0
37,0,-1,-0.0,0.32,8,0.32,0,0
38,2,1,11.592309,0.44,11,0.44,0,0
39,0,-1,-3.1214519,0.4,10,0.4,0,0
40,0,-1,-5.8463516,0.36,9,0.36,0,0
41,2,1,17.184296,0.4,10,0.4,0,0
42,0,-1,-4.774261,0.36,9,0.36,0,0
43,2,1,16.29677,0.4,10,0.4,0,0
44,2,1,19.32636,0.44,11,0.44,0,0
45,2,1,12.275496,0.48,12,0.48,0,0
46,2,1,-1.9027926,0.6,15,0.6,0,0
47,0,-1,-0.0,0.6,15,0.6,0,0
48,2,1,-0.98803675,0.68,17,0.68,0,0
49,0,-1,18.021992,0.64,16,0.64,0,0
50,1,0,0.0,0.64,16,0.64,0,0
51,1,0,0.0,0.64,16,0.64,0,0
52,1,0,0.0,0.64,16,0.64,1,0
53,2,1,8.724276,0.68,17,0.68,0,0
54,1,0,0.0,0.68,17,0.68,0,0
55,1,0,0.0,0.68,17,0.68,0,0
56,0,-1,16.291058,0.64,16,0.64,0,0
57,2,1,2.3332887,0.68,17,0.68,0,0
58,0,-1,13.373802,0.64,16,0.64,0,0
59,2,1,-9.387564,0.72,18,0.72,0,0
60,2,1,-45.547787,0.8,20,0.8,0,0
61,1,0,0.0,0.8,20,0.8,0,0
62,1,0,0.0,0.8,20,0.8,1,0
63,0,-1,53.134842,0.76,19,0.76,0,0
64,2,1,-76.749725,0.84,21,0.84,0,0
65,1,0,0.0,0.84,21,0.84,0,0
66,2,1,-83.85123,0.88,22,0.88,0,0
67,2,1,-804.40576,0.96,24,0.96,0,0
68,2,1,19.012623,1.0,25,1.0,0,0
69,0,-1,-1000.0,0.0,0,0.0,0,0
70,0,-1,-0.0,0.16,4,0.16,0,1
71,2,1,-4.1406527,0.2,5,0.2,0,1
72,1,0,0.0,0.2,5,0.2,0,1
73,0,-1,-0.0,0.2,5,0.2,0,1
74,0,-1,-0.0,0.2,5,0.2,0,1
75,0,-1,6.2116523,0.16,4,0.16,0,1
76,2,1,-4.1407347,0.2,5,0.2,0,1
77,0,-1,-0.0,0.2,5,0.2,0,1
78,2,1,-4.27924,0.24,6,0.24,0,1
79,0,-1,-0.0,0.24,6,0.24,0,1
80,1,0,0.0,0.24,6,0.24,0,1
81,0,-1,-0.0,0.24,6,0.24,0,1
82,1,0,0.0,0.24,6,0.24,0,1
83,0,-1,-0.0,0.24,6,0.24,1,1
84,2,1,11.940877,0.4,10,0.4,0,1
85,2,1,14.521419,0.48,12,0.48,0,1
86,0,-1,-0.0019687654,0.48,12,0.48,0,1
87,2,1,14.32171,0.56,14,0.56,0,1
88,0,-1,-0.13199914,0.56,14,0.56,0,1
89,2,1,15.017258,0.6,15,0.6,0,1
90,0,-1,4.278287,0.56,14,0.56,0,1
91,1,0,0.0,0.56,14,0.56,0,1
92,2,1,16.517609,0.6,15,0.6,0,1
93,1,0,0.0,0.6,15,0.6,0,1
94,1,0,0.0,0.6,15,0.6,0,1
95,1,0,0.0,0.6,15,0.6,0,1
96,0,-1,-0.0,0.6,15,0.6,0,1
97,0,-1,-0.002761349,0.6,15,0.6,0,1
98,0,-1,2.079331,0.56,14,0.56,0,1
99,2,1,2.856992,0.6,15,0.6,0,1
100,0,-1,-0.0,0.6,15,0.6,0,1
101,2,1,16.989866,0.64,16,0.64,0,1
102,1,0,0.0,0.64,16,0.64,0,1
103,2,1,9.0682335,0.68,17,0.68,0,1
104,1,0,0.0,0.68,17,0.68,0,1
105,1,0,0.0,0.68,17,0.68,0,1
106,2,1,-21.38932,0.76,19,0.76,0,1
107,1,0,0.0,0.76,19,0.76,0,1
108,0,-1,38.176464,0.72,18,0.72,0,1
109,2,1,-12.464727,0.76,19,0.76,1,1
110,1,0,0.0,0.76,19,0.76,0,1
111,0,-1,-0.0,0.76,19,0.76,0,1
112,2,1,-78.88971,0.84,21,0.84,0,1
113,2,1,-289.71472,0.92,23,0.92,0,1
114,0,-1,-13.82648,0.92,23,0.92,0,1
115,2,1,-611.37695,0.96,24,0.96,0,1
116,1,0,0.0,0.96,24,0.96,0,1
117,0,-1,-0.00053733314,0.96,24,0.96,0,1
118,2,1,-1000.0,0.0,0,0.0,0,1
119,0,-1,-0.0,0.16,4,0.16,0,2
120,0,-1,-0.0,0.16,4,0.16,0,2
121,0,-1,-0.0,0.16,4,0.16,0,2
122,2,1,-4.1406527,0.2,5,0.2,0,2
123,2,1,28.208652,0.24,6,0.24,1,2
124,0,-1,-0.0,0.24,6,0.24,0,2
125,1,0,0.0,0.24,6,0.24,0,2
126,0,-1,-8.022433,0.2,5,0.2,0,2
127,0,-1,-9.979426,0.16,4,0.16,0,2
128,0,-1,-0.0,0.16,4,0.16,0,2
129,1,0,0.0,0.16,4,0.16,1,2
130,2,1,28.232803,0.2,5,0.2,0,2
131,1,0,0.0,0.2,5,0.2,0,2
132,2,1,23.494083,0.28,7,0.28,0,2
133,0,-1,-0.0,0.28,7,0.28,0,2
134,2,1,20.840307,0.36,9,0.36,0,2
135,1,0,0.0,0.36,9,0.36,0,2
136,1,0,0.0,0.36,9,0.36,1,2
137,0,-1,-12.15283,0.36,9,0.36,0,2
138,2,1,9.49005,0.48,12,0.48,0,2
139,2,1,8.820017,0.56,14,0.56,0,2
140,2,1,-35.45244,0.72,18,0.72,0,2
141,2,1,-46.360783,0.8,20,0.8,0,2
142,1,0,0.0,0.8,20,0.8,0,2
143,2,1,-138.81511,0.88,22,0.88,0,2
144,2,1,-182.25975,0.92,23,0.92,0,2
145,0,-1,299.74084,0.88,22,0.88,0,2
146,2,1,-179.27837,0.92,23,0.92,0,2
147,1,0,0.0,0.92,23,0.92,0,2
148,1,0,0.0,0.92,23,0.92,0,2
149,0,-1,-0.005749349,0.92,23,0.92,0,2
150,1,0,0.0,0.92,23,0.92,0,2
151,1,0,0.0,0.92,23,0.92,0,2
152,2,1,-1000.0,0.0,0,0.0,0,2
153,1,0,0.0,0.16,4,0.16,0,3
154,0,-1,-0.0,0.16,4,0.16,0,3
155,2,1,28.346605,0.2,5,0.2,0,3
156,1,0,0.0,0.2,5,0.2,0,3
157,0,-1,-0.0,0.2,5,0.2,0,3
158,1,0,0.0,0.2,5,0.2,0,3
159,2,1,23.968313,0.28,7,0.28,0,3
160,0,-1,-8.867463,0.24,6,0.24,0,3
161,2,1,26.773045,0.28,7,0.28,0,3
162,0,-1,-8.870104,0.24,6,0.24,0,3
163,0,-1,-9.825048,0.2,5,0.2,0,3
164,2,1,23.955872,0.28,7,0.28,0,3
165,0,-1,-0.0,0.28,7,0.28,0,3
166,2,1,26.436209,0.32,8,0.32,0,3
167,1,0,0.0,0.32,8,0.32,0,3
168,0,-1,-8.372775,0.28,7,0.28,0,3
169,1,0,0.0,0.28,7,0.28,0,3
170,2,1,-4.847379,0.32,8,0.32,0,3
171,2,1,16.93285,0.4,10,0.4,0,3
172,0,-1,8.744145,0.36,9,0.36,0,3
173,2,1,-5.829461,0.4,10,0.4,0,3
174,1,0,0.0,0.4,10,0.4,0,3
175,0,-1,-0.0,0.4,10,0.4,0,3
176,0,-1,-0.0,0.4,10,0.4,0,3
177,1,0,0.0,0.4,10,0.4,0,3
178,1,0,0.0,0.4,10,0.4,0,3
179,0,-1,-0.0,0.4,10,0.4,1,3
180,2,1,6.6570907,0.52,13,0.52,0,3
181,1,0,0.0,0.52,13,0.52,0,3
182,1,0,0.0,0.52,13,0.52,0,3
183,0,-1,-1.2256879,0.48,12,0.48,0,3
184,2,1,22.747084,0.52,13,0.52,0,3
185,1,0,0.0,0.52,13,0.52,1,3
186,2,1,2.556281,0.56,14,0.56,0,3
187,0,-1,-13.186997,0.56,14,0.56,0,3
188,0,-1,8.643876,0.52,13,0.52,1,3
189,2,1,4.9743996,0.6,15,0.6,0,3
190,1,0,0.0,0.6,15,0.6,0,3
191,2,1,-3.9418378,0.68,17,0.68,0,3
192,0,-1,10.74272,0.64,16,0.64,0,3
193,0,-1,-0.0,0.64,16,0.64,0,3
194,1,0,0.0,0.64,16,0.64,0,3
195,1,0,0.0,0.64,16,0.64,0,3
196,1,0,0.0,0.64,16,0.64,0,3
197,2,1,8.068865,0.68,17,0.68,0,3
198,1,0,0.0,0.68,17,0.68,0,3
199,0,-1,-0.0020743962,0.68,17,0.68,0,3
200,0,-1,12.439394,0.64,16,0.64,0,3
201,2,1,-15.283684,0.72,18,0.72,0,3
202,1,0,0.0,0.72,18,0.72,0,3
203,1,0,0.0,0.72,18,0.72,0,3
204,0,-1,-1.8748736e-10,0.72,18,0.72,0,3
205,1,0,0.0,0.72,18,0.72,0,3
206,1,0,0.0,0.72,18,0.72,0,3
207,0,-1,20.887178,0.68,17,0.68,0,3
208,0,-1,-0.0,0.68,17,0.68,0,3
209,0,-1,12.6512575,0.64,16,0.64,0,3
210,0,-1,8.865748,0.6,15,0.6,0,3
211,1,0,0.0,0.6,15,0.6,0,3
212,2,1,14.041555,0.64,16,0.64,1,3
213,1,0,0.0,0.64,16,0.64,0,3
214,2,1,-53.02959,0.76,19,0.76,0,3
215,0,-1,-0.0,0.76,19,0.76,1,3
216,1,0,0.0,0.76,19,0.76,0,3
217,1,0,0.0,0.76,19,0.76,0,3
218,0,-1,-6.9142184,0.76,19,0.76,0,3
219,2,1,-16.499054,0.8,20,0.8,1,3
220,2,1,-155.54361,0.88,22,0.88,1,3
221,2,1,-810.4469,0.96,24,0.96,0,3
222,0,-1,-0.0,0.96,24,0.96,0,3
223,2,1,-1000.0,0.0,0,0.0,0,3
224,0,-1,-0.0,0.16,4,0.16,0,4
225,1,0,0.0,0.16,4,0.16,0,4
226,0,-1,-0.0,0.16,4,0.16,0,4
227,2,1,-4.1407347,0.2,5,0.2,0,4
228,0,-1,-0.0,0.2,5,0.2,0,4
229,1,0,0.0,0.2,5,0.2,0,4
230,1,0,0.0,0.2,5,0.2,0,4
231,0,-1,-0.0,0.2,5,0.2,0,4
232,2,1,-4.278605,0.24,6,0.24,0,4
233,1,0,0.0,0.24,6,0.24,0,4
234,0,-1,6.418622,0.2,5,0.2,0,4
235,1,0,0.0,0.2,5,0.2,0,4
236,1,0,0.0,0.2,5,0.2,0,4
237,1,0,0.0,0.2,5,0.2,0,4
238,1,0,0.0,0.2,5,0.2,0,4
239,0,-1,-0.0,0.2,5,0.2,0,4
240,1,0,0.0,0.2,5,0.2,0,4
241,2,1,-4.2792473,0.24,6,0.24,0,4
242,1,0,0.0,0.24,6,0.24,0,4
243,0,-1,-0.0,0.24,6,0.24,0,4
244,2,1,27.971514,0.28,7,0.28,0,4
245,2,1,16.547577,0.4,10,0.4,0,4
246,2,1,14.13025,0.48,12,0.48,0,4
247,2,1,18.110739,0.52,13,0.52,0,4
248,2,1,-9.92201,0.56,14,0.56,1,4
249,2,1,19.477139,0.6,15,0.6,0,4
250,2,1,-14.286522,0.64,16,0.64,0,4
251,0,-1,-28.033457,0.68,17,0.68,0,4
252,2,1,-22.675669,0.72,18,0.72,0,4
253,2,1,-103.58886,0.84,21,0.84,0,4
254,1,0,0.0,0.84,21,0.84,0,4
255,0,-1,82.10035,0.8,20,0.8,0,4
256,1,0,0.0,0.8,20,0.8,0,4
257,2,1,-138.18211,0.88,22,0.88,0,4
258,0,-1,144.93065,0.84,21,0.84,0,4
259,2,1,-284.547,0.92,23,0.92,0,4
260,0,-1,312.91644,0.88,22,0.88,0,4
261,0,-1,-0.0,0.88,22,0.88,0,4
262,2,1,-183.40808,0.92,23,0.92,0,4
263,1,0,0.0,0.92,23,0.92,0,4
264,2,1,-595.6319,0.96,24,0.96,0,4
265,1,0,0.0,0.96,24,0.96,0,4
266,0,-1,925.7768,0.92,23,0.92,0,4
267,1,0,0.0,0.92,23,0.92,0,4
268,1,0,0.0,0.92,23,0.92,0,4
269,1,0,0.0,0.92,23,0.92,0,4
270,2,1,-598.6549,0.96,24,0.96,0,4
271,2,1,26.737778,1.0,25,1.0,0,4
272,2,1,-1000.0,0.0,0,0.0,0,4
273,1,0,0.0,0.16,4,0.16,0,5
274,0,-1,-0.0,0.16,4,0.16,0,5
275,1,0,0.0,0.16,4,0.16,0,5
276,0,-1,-0.0,0.16,4,0.16,0,5
277,0,-1,-0.0,0.16,4,0.16,0,5
278,1,0,0.0,0.16,4,0.16,0,5
279,0,-1,-0.0,0.16,4,0.16,0,5
280,1,0,0.0,0.16,4,0.16,0,5
281,2,1,28.364332,0.2,5,0.2,0,5
282,0,-1,-10.04084,0.16,4,0.16,0,5
283,2,1,-4.1406527,0.2,5,0.2,0,5
284,1,0,0.0,0.2,5,0.2,0,5
285,1,0,0.0,0.2,5,0.2,0,5
286,2,1,28.22638,0.24,6,0.24,0,5
287,1,0,0.0,0.24,6,0.24,0,5
288,0,-1,6.418581,0.2,5,0.2,0,5
289,0,-1,-10.04084,0.16,4,0.16,0,5
290,2,1,28.346605,0.2,5,0.2,0,5
291,2,1,-4.278605,0.24,6,0.24,0,5
292,1,0,0.0,0.24,6,0.24,0,5
293,2,1,23.14127,0.32,8,0.32,0,5
294,1,0,0.0,0.32,8,0.32,1,5
295,2,1,25.907827,0.36,9,0.36,0,5
296,1,0,0.0,0.36,9,0.36,0,5
297,1,0,0.0,0.36,9,0.36,0,5
298,2,1,18.977566,0.44,11,0.44,0,5
299,2,1,3.3044112,0.56,14,0.56,0,5
300,0,-1,-0.0,0.56,14,0.56,0,5
301,0,-1,-0.013032657,0.56,14,0.56,0,5
302,2,1,3.5653443,0.64,16,0.64,0,5
303,0,-1,-0.0,0.64,16,0.64,0,5
304,1,0,0.0,0.64,16,0.64,1,5
305,0,-1,7.7613707,0.6,15,0.6,0,5
306,1,0,0.0,0.6,15,0.6,0,5
307,1,0,0.0,0.6,15,0.6,1,5
308,2,1,13.404085,0.64,16,0.64,0,5
309,1,0,0.0,0.64,16,0.64,0,5
310,2,1,-13.005492,0.72,18,0.72,0,5
311,1,0,0.0,0.72,18,0.72,0,5
312,0,-1,-0.0,0.72,18,0.72,0,5
313,2,1,-46.720207,0.8,20,0.8,0,5
314,1,0,0.0,0.8,20,0.8,0,5
315,0,-1,-0.0,0.8,20,0.8,0,5
316,1,0,0.0,0.8,20,0.8,0,5
317,0,-1,49.133705,0.76,19,0.76,0,5
318,2,1,-180.16306,0.88,22,0.88,0,5
319,2,1,-185.52815,0.92,23,0.92,0,5
320,1,0,0.0,0.92,23,0.92,0,5
321,1,0,0.0,0.92,23,0.92,0,5
322,2,1,-603.511,0.96,24,0.96,1,5
323,0,-1,-9.839442,0.96,24,0.96,0,5
324,2,1,26.297096,1.0,25,1.0,0,5
325,2,1,-1000.0,0.0,0,0.0,0,5
326,1,0,0.0,0.16,4,0.16,0,6
327,0,-1,-0.0,0.16,4,0.16,0,6
328,2,1,-4.1407347,0.2,5,0.2,0,6
329,2,1,-4.278605,0.24,6,0.24,0,6
330,2,1,27.98924,0.28,7,0.28,0,6
331,0,-1,6.774331,0.24,6,0.24,0,6
332,1,0,0.0,0.24,6,0.24,0,6
333,1,0,0.0,0.24,6,0.24,0,6
334,0,-1,-0.0,0.24,6,0.24,0,6
335,0,-1,-0.0,0.24,6,0.24,0,6
336,1,0,0.0,0.24,6,0.24,0,6
337,1,0,0.0,0.24,6,0.24,0,6
338,0,-1,-0.0,0.24,6,0.24,0,6
339,1,0,0.0,0.24,6,0.24,0,6
340,0,-1,-9.833911,0.2,5,0.2,0,6
341,1,0,0.0,0.2,5,0.2,0,6
342,2,1,23.70996,0.28,7,0.28,0,6
343,0,-1,-0.11401043,0.28,7,0.28,0,6
344,2,1,23.19499,0.32,8,0.32,0,6
345,2,1,21.641457,0.4,10,0.4,0,6
346,1,0,0.0,0.4,10,0.4,0,6
347,2,1,-6.520777,0.44,11,0.44,0,6
348,0,-1,-0.07821054,0.44,11,0.44,0,6
349,1,0,0.0,0.44,11,0.44,0,6
350,2,1,21.109398,0.48,12,0.48,0,6
351,0,-1,-0.0,0.48,12,0.48,0,6
352,0,-1,-0.08387065,0.48,12,0.48,0,6
353,1,0,0.0,0.48,12,0.48,0,6
354,0,-1,11.087825,0.44,11,0.44,0,6
355,0,-1,-0.0017327348,0.44,11,0.44,1,6
356,1,0,0.0,0.44,11,0.44,0,6
357,0,-1,-2.7300026,0.4,10,0.4,0,6
358,0,-1,-9.969647,0.4,10,0.4,0,6
359,2,1,12.872153,0.48,12,0.48,0,6
360,0,-1,-0.00065251725,0.48,12,0.48,0,6
361,0,-1,-0.000733354,0.48,12,0.48,0,6
362,0,-1,-0.0,0.48,12,0.48,0,6
363,2,1,8.191107,0.56,14,0.56,0,6
364,0,-1,-0.0,0.56,14,0.56,0,6
365,2,1,-35.054108,0.72,18,0.72,0,6
366,2,1,-5.9244685,0.76,19,0.76,0,6
367,0,-1,-1.2154483e-05,0.76,19,0.76,0,6
368,0,-1,33.060143,0.72,18,0.72,0,6
369,0,-1,-0.11512217,0.72,18,0.72,0,6
370,0,-1,-0.0,0.72,18,0.72,0,6
371,2,1,-6.55478,0.76,19,0.76,0,6
372,0,-1,-0.009690019,0.76,19,0.76,0,6
373,2,1,-14.739031,0.8,20,0.8,0,6
374,2,1,-38.431923,0.84,21,0.84,0,6
375,2,1,-74.82846,0.88,22,0.88,1,6
376,1,0,0.0,0.88,22,0.88,0,6
377,0,-1,-0.0,0.88,22,0.88,0,6
378,1,0,0.0,0.88,22,0.88,0,6
379,2,1,-194.48624,0.92,23,0.92,0,6
380,2,1,-605.9635,0.96,24,0.96,0,6
381,0,-1,-0.0,0.96,24,0.96,0,6
382,2,1,21.744099,1.0,25,1.0,0,6
383,2,1,-1000.0,0.0,0,0.0,0,6
384,2,1,28.346605,0.2,5,0.2,0,7
385,2,1,23.968313,0.28,7,0.28,0,7
386,1,0,0.0,0.28,7,0.28,0,7
387,0,-1,-8.867463,0.24,6,0.24,0,7
388,2,1,26.767761,0.28,7,0.28,0,7
389,2,1,18.128635,0.36,9,0.36,0,7
390,1,0,0.0,0.36,9,0.36,0,7
391,2,1,-5.829462,0.4,10,0.4,0,7
392,0,-1,-0.13717945,0.4,10,0.4,0,7
393,2,1,-6.5207767,0.44,11,0.44,0,7
394,2,1,-7.3912225,0.48,12,0.48,0,7
395,0,-1,11.087507,0.44,11,0.44,0,7
396,1,0,0.0,0.44,11,0.44,1,7
397,1,0,0.0,0.44,11,0.44,0,7
398,1,0,0.0,0.44,11,0.44,0,7
399,1,0,0.0,0.44,11,0.44,0,7
400,2,1,6.599581,0.48,12,0.48,0,7
401,1,0,0.0,0.48,12,0.48,0,7
402,1,0,0.0,0.48,12,0.48,0,7
403,1,0,0.0,0.48,12,0.48,0,7
404,0,-1,-10.947255,0.48,12,0.48,0,7
405,1,0,0.0,0.48,12,0.48,0,7
406,1,0,0.0,0.48,12,0.48,0,7
407,1,0,0.0,0.48,12,0.48,0,7
408,2,1,-8.498277,0.52,13,0.52,0,7
409,2,1,-4.5704074,0.64,16,0.64,0,7
410,0,-1,6.626537,0.6,15,0.6,0,7
411,1,0,0.0,0.6,15,0.6,0,7
412,0,-1,-0.0,0.6,15,0.6,0,7
413,1,0,0.0,0.6,15,0.6,0,7
414,0,-1,-13.111288,0.6,15,0.6,0,7
415,1,0,0.0,0.6,15,0.6,0,7
416,0,-1,10.684635,0.56,14,0.56,0,7
417,0,-1,-0.0,0.56,14,0.56,0,7
418,2,1,12.132611,0.6,15,0.6,0,7
419,2,1,8.891968,0.64,16,0.64,0,7
420,2,1,-26.420294,0.72,18,0.72,0,7
421,1,0,0.0,0.72,18,0.72,0,7
422,0,-1,-5.8556884e-07,0.72,18,0.72,0,7
423,2,1,-108.22009,0.84,21,0.84,1,7
424,0,-1,-12.627587,0.84,21,0.84,0,7
425,0,-1,-0.0,0.84,21,0.84,1,7
426,2,1,-299.14233,0.92,23,0.92,0,7
427,0,-1,-0.0,0.92,23,0.92,1,7
428,2,1,28.947355,1.0,25,1.0,0,7
429,2,1,-1000.0,0.0,0,0.0,0,7
430,2,1,28.364332,0.2,5,0.2,0,8
431,2,1,19.247265,0.28,7,0.28,0,8
432,2,1,16.480597,0.36,9,0.36,0,8
433,2,1,-12.350406,0.44,11,0.44,0,8
434,1,0,0.0,0.44,11,0.44,0,8
435,1,0,0.0,0.44,11,0.44,0,8
436,1,0,0.0,0.44,11,0.44,0,8
437,1,0,0.0,0.44,11,0.44,0,8
438,1,0,0.0,0.44,11,0.44,0,8
439,2,1,-7.39189,0.48,12,0.48,0,8
440,0,-1,-0.0,0.48,12,0.48,0,8
441,1,0,0.0,0.48,12,0.48,0,8
442,1,0,0.0,0.48,12,0.48,0,8
443,0,-1,-0.0,0.48,12,0.48,0,8
444,2,1,2.5443237,0.6,15,0.6,0,8
445,2,1,-14.2864895,0.64,16,0.64,0,8
446,0,-1,21.429771,0.6,15,0.6,0,8
447,2,1,-54.698254,0.72,18,0.72,0,8
448,1,0,0.0,0.72,18,0.72,0,8
449,1,0,0.0,0.72,18,0.72,0,8
450,1,0,0.0,0.72,18,0.72,0,8
451,1,0,0.0,0.72,18,0.72,0,8
452,1,0,0.0,0.72,18,0.72,0,8
453,2,1,-1.8408189,0.76,19,0.76,1,8
454,0,-1,30.993902,0.72,18,0.72,0,8
455,2,1,-40.648422,0.8,20,0.8,0,8
456,2,1,-36.627163,0.84,21,0.84,0,8
457,0,-1,85.789116,0.8,20,0.8,1,8
458,0,-1,61.6171,0.76,19,0.76,0,8
459,0,-1,31.894028,0.72,18,0.72,0,8
460,2,1,-105.816536,0.84,21,0.84,0,8
461,1,0,0.0,0.84,21,0.84,0,8
462,1,0,0.0,0.84,21,0.84,0,8
463,1,0,0.0,0.84,21,0.84,0,8
464,0,-1,-0.0018059672,0.84,21,0.84,0,8
465,2,1,-86.24147,0.88,22,0.88,0,8
466,1,0,0.0,0.88,22,0.88,0,8
467,0,-1,142.47256,0.84,21,0.84,0,8
468,0,-1,89.36612,0.8,20,0.8,0,8
469,1,0,0.0,0.8,20,0.8,0,8
470,1,0,0.0,0.8,20,0.8,0,8
471,0,-1,62.15253,0.76,19,0.76,0,8
472,1,0,0.0,0.76,19,0.76,1,8
473,1,0,0.0,0.76,19,0.76,1,8
474,2,1,-16.124527,0.8,20,0.8,0,8
475,1,0,0.0,0.8,20,0.8,0,8
476,1,0,0.0,0.8,20,0.8,0,8
477,0,-1,-0.0,0.8,20,0.8,0,8
478,0,-1,-7.8246503,0.8,20,0.8,0,8
479,0,-1,-0.0,0.8,20,0.8,0,8
480,2,1,-140.59789,0.88,22,0.88,0,8
481,2,1,-804.99884,0.96,24,0.96,0,8
482,2,1,-1000.0,0.0,0,0.0,0,8
483,2,1,28.364332,0.2,5,0.2,0,9
484,1,0,0.0,0.2,5,0.2,0,9
485,2,1,23.955872,0.28,7,0.28,0,9
486,0,-1,-0.0,0.28,7,0.28,0,9
487,2,1,21.334368,0.36,9,0.36,0,9
488,0,-1,-0.0,0.36,9,0.36,0,9
489,2,1,9.248968,0.48,12,0.48,0,9
490,2,1,-8.497722,0.52,13,0.52,0,9
491,1,0,0.0,0.52,13,0.52,0,9
492,1,0,0.0,0.52,13,0.52,0,9
493,1,0,0.0,0.52,13,0.52,0,9
494,2,1,19.728302,0.56,14,0.56,0,9
495,1,0,0.0,0.56,14,0.56,0,9
496,0,-1,0.056792423,0.52,13,0.52,0,9
497,2,1,18.335072,0.56,14,0.56,0,9
498,2,1,-11.786878,0.6,15,0.6,0,9
499,1,0,0.0,0.6,15,0.6,0,9
500,1,0,0.0,0.6,15,0.6,0,9
501,0,-1,-0.0,0.6,15,0.6,0,9
502,1,0,0.0,0.6,15,0.6,0,9
503,0,-1,3.4297268,0.56,14,0.56,0,9
504,1,0,0.0,0.56,14,0.56,0,9
505,0,-1,-0.0,0.56,14,0.56,0,9
506,2,1,-11.786884,0.6,15,0.6,0,9
507,2,1,-14.286522,0.64,16,0.64,0,9
508,1,0,0.0,0.64,16,0.64,0,9
509,0,-1,7.3012466,0.6,15,0.6,0,9
510,2,1,-14.286522,0.64,16,0.64,0,9
511,0,-1,-0.0,0.64,16,0.64,0,9
512,2,1,-41.27113,0.76,19,0.76,1,9
513,1,0,0.0,0.76,19,0.76,0,9
514,0,-1,-0.0,0.76,19,0.76,0,9
515,1,0,0.0,0.76,19,0.76,0,9
516,2,1,-209.24702,0.88,22,0.88,0,9
517,0,-1,-7.739076,0.88,22,0.88,0,9
518,0,-1,-0.0,0.88,22,0.88,0,9
519,0,-1,142.6718,0.84,21,0.84,0,9
520,1,0,0.0,0.84,21,0.84,0,9
521,1,0,0.0,0.84,21,0.84,0,9
522,2,1,-81.915535,0.88,22,0.88,0,9
523,1,0,0.0,0.88,22,0.88,0,9
524,0,-1,143.02534,0.84,21,0.84,0,9
525,0,-1,-11.833646,0.84,21,0.84,1,9
526,2,1,-77.846375,0.88,22,0.88,0,9
527,2,1,-807.3018,0.96,24,0.96,0,9
528,1,0,0.0,0.96,24,0.96,0,9
529,0,-1,-0.0,0.96,24,0.96,0,9
530,0,-1,-0.28590658,0.96,24,0.96,0,9
531,2,1,-1000.0,0.0,0,0.0,0,9
532,1,0,0.0,0.16,4,0.16,0,10
533,1,0,0.0,0.16,4,0.16,0,10
534,0,-1,-0.0,0.16,4,0.16,0,10
535,2,1,-4.1406527,0.2,5,0.2,0,10
536,1,0,0.0,0.2,5,0.2,0,10
537,2,1,-4.2792473,0.24,6,0.24,0,10
538,0,-1,-0.0,0.24,6,0.24,0,10
539,2,1,17.860786,0.36,9,0.36,0,10
540,1,0,0.0,0.36,9,0.36,0,10
541,0,-1,-0.13717945,0.36,9,0.36,0,10
542,1,0,0.0,0.36,9,0.36,0,10
543,2,1,22.213333,0.4,10,0.4,0,10
544,0,-1,-0.0,0.4,10,0.4,1,10
545,0,-1,-5.228711,0.36,9,0.36,0,10
546,2,1,15.901026,0.4,10,0.4,0,10
547,2,1,25.916025,0.44,11,0.44,0,10
548,0,-1,-15.295095,0.44,11,0.44,0,10
549,1,0,0.0,0.44,11,0.44,0,10
550,1,0,0.0,0.44,11,0.44,0,10
551,2,1,-7.3918567,0.48,12,0.48,0,10
552,1,0,0.0,0.48,12,0.48,0,10
553,1,0,0.0,0.48,12,0.48,0,10
554,2,1,22.731586,0.52,13,0.52,0,10
555,1,0,0.0,0.52,13,0.52,0,10
556,0,-1,12.74745,0.48,12,0.48,0,10
557,1,0,0.0,0.48,12,0.48,0,10
558,2,1,9.764994,0.56,14,0.56,0,10
559,2,1,3.5908546,0.6,15,0.6,0,10
560,1,0,0.0,0.6,15,0.6,0,10
561,0,-1,-14.288419,0.64,16,0.64,1,10
562,1,0,0.0,0.64,16,0.64,0,10
563,2,1,10.660081,0.68,17,0.68,0,10
564,1,0,0.0,0.68,17,0.68,0,10
565,0,-1,-13.811271,0.68,17,0.68,0,10
566,0,-1,15.26647,0.64,16,0.64,0,10
567,2,1,-11.381649,0.68,17,0.68,0,10
568,2,1,-21.416649,0.76,19,0.76,1,10
569,0,-1,-15.378941,0.76,19,0.76,0,10
570,0,-1,30.371902,0.72,18,0.72,0,10
571,0,-1,27.072437,0.68,17,0.68,0,10
572,0,-1,11.023861,0.64,16,0.64,0,10
573,0,-1,17.507742,0.6,15,0.6,0,10
574,1,0,0.0,0.6,15,0.6,0,10
575,0,-1,-0.0,0.6,15,0.6,0,10
576,0,-1,-7.0782175,0.6,15,0.6,0,10
577,1,0,0.0,0.6,15,0.6,0,10
578,1,0,0.0,0.6,15,0.6,0,10
579,0,-1,9.409364,0.56,14,0.56,1,10
580,0,-1,-7.2402267,0.56,14,0.56,0,10
581,0,-1,-14.080627,0.56,14,0.56,0,10
582,2,1,4.3782225,0.6,15,0.6,0,10
583,1,0,0.0,0.6,15,0.6,0,10
584,0,-1,-0.0,0.6,15,0.6,0,10
585,2,1,11.160887,0.64,16,0.64,0,10
586,2,1,-46.594444,0.76,19,0.76,0,10
587,2,1,-94.90911,0.84,21,0.84,0,10
588,2,1,-911.6009,0.96,24,0.96,0,10
589,0,-1,-0.0,0.96,24,0.96,0,10
590,0,-1,-2.0303759e-11,0.96,24,0.96,0,10
591,1,0,0.0,0.96,24,0.96,0,10
592,0,-1,-1.9995387e-06,0.96,24,0.96,0,10
593,0,-1,-1.8378587e-06,0.96,24,0.96,0,10
594,0,-1,-0.0002470857,0.96,24,0.96,0,10
595,1,0,0.0,0.96,24,0.96,0,10
596,0,-1,934.5459,0.92,23,0.92,0,10
597,0,-1,-0.0003567637,0.92,23,0.92,0,10
598,2,1,-618.56,0.96,24,0.96,0,10
599,0,-1,-1.7887352e-06,0.96,24,0.96,1,10
600,2,1,26.73386,1.0,25,1.0,0,10
601,0,-1,-1000.0,0.0,0,0.0,0,10
602,2,1,-4.1406527,0.2,5,0.2,0,11
603,1,0,0.0,0.2,5,0.2,0,11
604,1,0,0.0,0.2,5,0.2,0,11
605,0,-1,-0.0,0.2,5,0.2,0,11
606,1,0,0.0,0.2,5,0.2,0,11
607,0,-1,-0.0,0.2,5,0.2,0,11
608,1,0,0.0,0.2,5,0.2,0,11
609,0,-1,-0.0,0.2,5,0.2,0,11
610,0,-1,-0.0,0.2,5,0.2,0,11
611,2,1,23.70996,0.28,7,0.28,0,11
612,1,0,0.0,0.28,7,0.28,1,11
613,1,0,0.0,0.28,7,0.28,0,11
614,1,0,0.0,0.28,7,0.28,0,11
615,1,0,0.0,0.28,7,0.28,0,11
616,2,1,27.562618,0.32,8,0.32,0,11
617,1,0,0.0,0.32,8,0.32,0,11
618,1,0,0.0,0.32,8,0.32,0,11
619,2,1,25.907768,0.36,9,0.36,0,11
620,1,0,0.0,0.36,9,0.36,0,11
621,2,1,25.372458,0.4,10,0.4,0,11
622,1,0,0.0,0.4,10,0.4,0,11
623,1,0,0.0,0.4,10,0.4,0,11
624,2,1,6.6871285,0.52,13,0.52,0,11
625,1,0,0.0,0.52,13,0.52,0,11
626,0,-1,-9.227772e-09,0.52,13,0.52,0,11
627,2,1,9.841557,0.56,14,0.56,0,11
628,1,0,0.0,0.56,14,0.56,0,11
629,2,1,1.9032037,0.64,16,0.64,0,11
630,1,0,0.0,0.64,16,0.64,0,11
631,1,0,0.0,0.64,16,0.64,0,11
632,0,-1,-0.0020165162,0.64,16,0.64,1,11
633,1,0,0.0,0.64,16,0.64,0,11
634,2,1,8.185461,0.68,17,0.68,0,11
635,2,1,-3.3208902,0.72,18,0.72,0,11
636,1,0,0.0,0.72,18,0.72,1,11
637,1,0,0.0,0.72,18,0.72,0,11
638,2,1,-48.396854,0.8,20,0.8,0,11
639,2,1,-144.9222,0.88,22,0.88,0,11
640,1,0,0.0,0.88,22,0.88,0,11
641,0,-1,-13.735388,0.88,22,0.88,0,11
642,1,0,0.0,0.88,22,0.88,0,11
643,0,-1,-0.0015684923,0.88,22,0.88,0,11
644,2,1,-816.1864,0.96,24,0.96,0,11
645,0,-1,-8.69517,0.96,24,0.96,0,11
646,0,-1,-0.0,0.96,24,0.96,0,11
647,2,1,-1000.0,0.0,0,0.0,0,11
648,2,1,-4.1407347,0.2,5,0.2,0,12
649,0,-1,6.2116933,0.16,4,0.16,0,12
650,0,-1,-0.0,0.16,4,0.16,0,12
651,2,1,28.346605,0.2,5,0.2,0,12
652,2,1,-4.278605,0.24,6,0.24,0,12
653,2,1,23.39962,0.32,8,0.32,0,12
654,0,-1,7.2716193,0.28,7,0.28,0,12
655,2,1,17.914507,0.36,9,0.36,0,12
656,2,1,-5.8295965,0.4,10,0.4,0,12
657,2,1,6.666545,0.52,13,0.52,0,12
658,2,1,-9.92201,0.56,14,0.56,0,12
659,2,1,-11.786878,0.6,15,0.6,0,12
660,0,-1,-0.0,0.6,15,0.6,0,12
661,1,0,0.0,0.6,15,0.6,0,12
662,2,1,-5.3598356,0.68,17,0.68,0,12
663,1,0,0.0,0.68,17,0.68,0,12
664,0,-1,12.582429,0.64,16,0.64,0,12
665,1,0,0.0,0.64,16,0.64,0,12
666,1,0,0.0,0.64,16,0.64,1,12
667,0,-1,-0.0,0.64,16,0.64,0,12
668,0,-1,21.429771,0.6,15,0.6,0,12
669,0,-1,-0.0,0.6,15,0.6,0,12
670,2,1,13.739769,0.64,16,0.64,0,12
671,0,-1,-0.0,0.64,16,0.64,0,12
672,0,-1,7.4166427,0.6,15,0.6,0,12
673,0,-1,10.581659,0.56,14,0.56,0,12
674,0,-1,-0.0,0.56,14,0.56,0,12
675,2,1,16.239382,0.6,15,0.6,0,12
676,0,-1,8.289456,0.56,14,0.56,0,12
677,0,-1,-0.0,0.56,14,0.56,0,12
678,2,1,-11.786878,0.6,15,0.6,0,12
679,1,0,0.0,0.6,15,0.6,0,12
680,1,0,0.0,0.6,15,0.6,0,12
681,0,-1,3.6672254,0.56,14,0.56,0,12
682,1,0,0.0,0.56,14,0.56,0,12
683,1,0,0.0,0.56,14,0.56,0,12
684,1,0,0.0,0.56,14,0.56,0,12
685,0,-1,1.9294795,0.52,13,0.52,0,12
686,1,0,0.0,0.52,13,0.52,0,12
687,2,1,4.8828297,0.6,15,0.6,0,12
688,1,0,0.0,0.6,15,0.6,0,12
689,2,1,9.199558,0.64,16,0.64,0,12
690,2,1,-39.030766,0.76,19,0.76,0,12
691,1,0,0.0,0.76,19,0.76,0,12
692,1,0,0.0,0.76,19,0.76,0,12
693,1,0,0.0,0.76,19,0.76,0,12
694,0,-1,-9.784017,0.76,19,0.76,1,12
695,1,0,0.0,0.76,19,0.76,0,12
696,1,0,0.0,0.76,19,0.76,0,12
697,2,1,-75.08478,0.84,21,0.84,0,12
698,1,0,0.0,0.84,21,0.84,0,12
699,0,-1,-0.0,0.84,21,0.84,0,12
700,1,0,0.0,0.84,21,0.84,0,12
701,1,0,0.0,0.84,21,0.84,0,12
702,2,1,-78.57699,0.88,22,0.88,0,12
703,0,-1,-0.0,0.88,22,0.88,0,12
704,0,-1,-3.546563,0.88,22,0.88,0,12
705,2,1,-184.5642,0.92,23,0.92,0,12
706,1,0,0.0,0.92,23,0.92,0,12
707,2,1,-605.7322,0.96,24,0.96,0,12
708,0,-1,925.8755,0.92,23,0.92,0,12
709,1,0,0.0,0.92,23,0.92,0,12
710,0,-1,-2.060574e-13,0.92,23,0.92,0,12
711,2,1,-607.8403,0.96,24,0.96,0,12
712,0,-1,924.53424,0.92,23,0.92,0,12
713,1,0,0.0,0.92,23,0.92,0,12
714,1,0,0.0,0.92,23,0.92,0,12
715,0,-1,-10.087847,0.92,23,0.92,0,12
716,2,1,-1000.0,0.0,0,0.0,0,12
717,2,1,28.364332,0.2,5,0.2,0,13
718,2,1,23.955872,0.28,7,0.28,0,13
719,1,0,0.0,0.28,7,0.28,0,13
720,2,1,18.128635,0.36,9,0.36,0,13
721,1,0,0.0,0.36,9,0.36,0,13
722,2,1,15.692518,0.44,11,0.44,0,13
723,0,-1,-0.0,0.44,11,0.44,0,13
724,0,-1,-4.2402577,0.4,10,0.4,0,13
725,1,0,0.0,0.4,10,0.4,0,13
726,0,-1,-5.384103,0.36,9,0.36,0,13
727,2,1,19.11238,0.44,11,0.44,0,13
728,1,0,0.0,0.44,11,0.44,0,13
729,2,1,-7.391865,0.48,12,0.48,0,13
730,1,0,0.0,0.48,12,0.48,0,13
731,0,-1,-0.0,0.48,12,0.48,1,13
732,1,0,0.0,0.48,12,0.48,0,13
733,0,-1,-10.486278,0.48,12,0.48,0,13
734,0,-1,-3.8358583,0.44,11,0.44,0,13
735,1,0,0.0,0.44,11,0.44,0,13
736,1,0,0.0,0.44,11,0.44,0,13
737,0,-1,-0.58709425,0.4,10,0.4,0,13
738,0,-1,-6.884207,0.36,9,0.36,0,13
739,1,0,0.0,0.36,9,0.36,0,13
740,0,-1,-4.653138,0.32,8,0.32,0,13
741,2,1,25.976814,0.36,9,0.36,0,13
742,1,0,0.0,0.36,9,0.36,1,13
743,0,-1,-7.6804748,0.32,8,0.32,0,13
744,1,0,0.0,0.32,8,0.32,0,13
745,1,0,0.0,0.32,8,0.32,0,13
746,0,-1,-13.584813,0.32,8,0.32,0,13
747,2,1,17.007626,0.4,10,0.4,0,13
748,0,-1,-7.0576215,0.36,9,0.36,1,13
749,0,-1,-8.257059,0.32,8,0.32,0,13
750,0,-1,-0.0,0.32,8,0.32,0,13
751,0,-1,-4.7010965,0.28,7,0.28,0,13
752,0,-1,-7.651068,0.24,6,0.24,0,13
753,0,-1,-0.0,0.24,6,0.24,0,13
754,0,-1,-9.878755,0.2,5,0.2,0,13
755,0,-1,-7.555038,0.16,4,0.16,0,13
756,2,1,28.215204,0.2,5,0.2,0,13
757,1,0,0.0,0.2,5,0.2,0,13
758,1,0,0.0,0.2,5,0.2,0,13
759,2,1,22.581608,0.24,6,0.24,0,13
760,2,1,19.193739,0.32,8,0.32,0,13
761,0,-1,-7.005336,0.28,7,0.28,0,13
762,0,-1,-4.6823545,0.24,6,0.24,0,13
763,0,-1,-0.0,0.24,6,0.24,0,13
764,0,-1,-7.0115256,0.2,5,0.2,0,13
765,2,1,19.762432,0.28,7,0.28,0,13
766,0,-1,-0.0,0.28,7,0.28,0,13
767,0,-1,-0.0,0.28,7,0.28,0,13
768,0,-1,-0.0,0.28,7,0.28,0,13
769,1,0,0.0,0.28,7,0.28,0,13
770,0,-1,-0.0,0.28,7,0.28,0,13
771,2,1,16.746908,0.4,10,0.4,0,13
772,2,1,17.438166,0.48,12,0.48,0,13
773,1,0,0.0,0.48,12,0.48,0,13
774,0,-1,-0.0,0.48,12,0.48,0,13
775,1,0,0.0,0.48,12,0.48,0,13
776,2,1,-0.4756041,0.6,15,0.6,0,13
777,1,0,0.0,0.6,15,0.6,1,13
778,0,-1,2.9237475,0.56,14,0.56,0,13
779,2,1,3.9986544,0.64,16,0.64,0,13
780,1,0,0.0,0.64,16,0.64,0,13
781,0,-1,-11.852549,0.64,16,0.64,0,13
782,1,0,0.0,0.64,16,0.64,0,13
783,1,0,0.0,0.64,16,0.64,0,13
784,1,0,0.0,0.64,16,0.64,0,13
785,1,0,0.0,0.64,16,0.64,0,13
786,1,0,0.0,0.64,16,0.64,0,13
787,2,1,-12.030243,0.72,18,0.72,0,13
788,0,-1,-0.0006720769,0.72,18,0.72,0,13
789,0,-1,-0.0006591521,0.72,18,0.72,0,13
790,0,-1,-0.0,0.72,18,0.72,0,13
791,2,1,-44.256863,0.8,20,0.8,0,13
792,1,0,0.0,0.8,20,0.8,1,13
793,2,1,-140.09903,0.88,22,0.88,0,13
794,0,-1,-0.0,0.88,22,0.88,0,13
795,1,0,0.0,0.88,22,0.88,0,13
796,0,-1,-0.0018100742,0.88,22,0.88,0,13
797,0,-1,-11.150421,0.88,22,0.88,0,13
798,0,-1,-12.808742,0.88,22,0.88,0,13
799,0,-1,-9.04653,0.88,22,0.88,0,13
800,2,1,-186.39928,0.92,23,0.92,0,13
801,0,-1,-13.592849,0.92,23,0.92,0,13
802,0,-1,299.87384,0.88,22,0.88,0,13
803,0,-1,-0.03835293,0.88,22,0.88,0,13
804,0,-1,-0.0,0.88,22,0.88,0,13
805,2,1,-807.0517,0.96,24,0.96,0,13
806,2,1,18.662195,1.0,25,1.0,0,13
807,2,1,-1000.0,0.0,0,0.0,0,13
808,2,1,-4.1406527,0.2,5,0.2,0,14
809,1,0,0.0,0.2,5,0.2,0,14
810,0,-1,-0.0,0.2,5,0.2,0,14
811,2,1,-4.2792473,0.24,6,0.24,0,14
812,2,1,17.860786,0.36,9,0.36,0,14
813,1,0,0.0,0.36,9,0.36,0,14
814,0,-1,-0.13717945,0.36,9,0.36,0,14
815,0,-1,-0.0,0.36,9,0.36,0,14
816,1,0,0.0,0.36,9,0.36,1,14
817,1,0,0.0,0.36,9,0.36,0,14
818,1,0,0.0,0.36,9,0.36,0,14
819,0,-1,7.9204516,0.32,8,0.32,0,14
820,0,-1,-6.239064,0.28,7,0.28,0,14
821,0,-1,-3.6475255,0.24,6,0.24,0,14
822,1,0,0.0,0.24,6,0.24,0,14
823,1,0,0.0,0.24,6,0.24,0,14
824,1,0,0.0,0.24,6,0.24,0,14
825,2,1,-4.51587,0.28,7,0.28,0,14
826,0,-1,6.7743526,0.24,6,0.24,0,14
827,2,1,23.329235,0.28,7,0.28,0,14
828,1,0,0.0,0.28,7,0.28,0,14
829,1,0,0.0,0.28,7,0.28,0,14
830,2,1,22.54029,0.36,9,0.36,0,14
831,0,-1,-7.6734004,0.32,8,0.32,0,14
832,0,-1,-0.0,0.32,8,0.32,0,14
833,1,0,0.0,0.32,8,0.32,0,14
834,1,0,0.0,0.32,8,0.32,0,14
835,1,0,0.0,0.32,8,0.32,0,14
836,0,-1,-0.0,0.32,8,0.32,0,14
837,1,0,0.0,0.32,8,0.32,0,14
838,2,1,25.907768,0.36,9,0.36,0,14
839,1,0,0.0,0.36,9,0.36,0,14
840,0,-1,-13.618133,0.36,9,0.36,0,14
841,1,0,0.0,0.36,9,0.36,0,14
842,2,1,18.977343,0.44,11,0.44,0,14
843,0,-1,-0.06646298,0.44,11,0.44,0,14
844,1,0,0.0,0.44,11,0.44,0,14
845,1,0,0.0,0.44,11,0.44,0,14
846,0,-1,-0.0,0.44,11,0.44,1,14
847,0,-1,-0.0,0.44,11,0.44,0,14
848,0,-1,-4.173619,0.4,10,0.4,0,14
849,2,1,23.039988,0.44,11,0.44,0,14
850,1,0,0.0,0.44,11,0.44,0,14
851,2,1,12.551569,0.52,13,0.52,0,14
852,0,-1,-2.0329318,0.48,12,0.48,0,14
853,2,1,19.83251,0.52,13,0.52,0,14
854,1,0,0.0,0.52,13,0.52,0,14
855,1,0,0.0,0.52,13,0.52,0,14
856,2,1,13.975877,0.56,14,0.56,0,14
857,0,-1,-0.001879411,0.56,14,0.56,0,14
858,0,-1,-0.0,0.56,14,0.56,0,14
859,0,-1,-0.0,0.56,14,0.56,0,14
860,2,1,2.9024556,0.64,16,0.64,0,14
861,0,-1,7.2643795,0.6,15,0.6,0,14
862,1,0,0.0,0.6,15,0.6,0,14
863,0,-1,3.3771093,0.56,14,0.56,0,14
864,2,1,16.819613,0.6,15,0.6,0,14
865,2,1,5.719923,0.64,16,0.64,0,14
866,2,1,9.515499,0.68,17,0.68,0,14
867,1,0,0.0,0.68,17,0.68,0,14
868,2,1,-1.9370217,0.72,18,0.72,0,14
869,1,0,0.0,0.72,18,0.72,0,14
870,1,0,0.0,0.72,18,0.72,0,14
871,0,-1,-0.0,0.72,18,0.72,0,14
872,2,1,-4.28455,0.76,19,0.76,1,14
873,1,0,0.0,0.76,19,0.76,0,14
874,2,1,-77.92709,0.84,21,0.84,0,14
875,0,-1,-7.014064,0.84,21,0.84,0,14
876,0,-1,-3.690567e-07,0.84,21,0.84,0,14
877,2,1,-286.87054,0.92,23,0.92,0,14
878,2,1,27.271545,1.0,25,1.0,0,14
879,1,0,-1000.0,0.0,0,0.0,0,14
880,2,1,28.346605,0.2,5,0.2,0,15
881,0,-1,-0.0,0.2,5,0.2,0,15
882,2,1,28.22638,0.24,6,0.24,1,15
883,1,0,0.0,0.24,6,0.24,0,15
884,0,-1,-9.862538,0.2,5,0.2,0,15
885,2,1,22.364836,0.24,6,0.24,0,15
886,2,1,19.006653,0.32,8,0.32,0,15
887,2,1,21.617355,0.4,10,0.4,0,15
888,0,-1,-6.8426495,0.36,9,0.36,0,15
889,0,-1,-4.7225067e-06,0.36,9,0.36,0,15
890,2,1,18.828382,0.44,11,0.44,0,15
891,0,-1,-3.1208413,0.4,10,0.4,0,15
892,1,0,0.0,0.4,10,0.4,0,15
893,1,0,0.0,0.4,10,0.4,0,15
894,1,0,0.0,0.4,10,0.4,0,15
895,2,1,21.80836,0.44,11,0.44,0,15
896,0,-1,-4.3833647,0.4,10,0.4,0,15
897,0,-1,-4.5776157,0.36,9,0.36,0,15
898,2,1,16.588009,0.44,11,0.44,0,15
899,2,1,17.089401,0.48,12,0.48,0,15
900,2,1,14.540842,0.52,13,0.52,0,15
901,2,1,18.407158,0.56,14,0.56,0,15
902,2,1,-17.35464,0.68,17,0.68,0,15
903,2,1,0.7195988,0.72,18,0.72,0,15
904,2,1,-40.840816,0.8,20,0.8,0,15
905,0,-1,52.216705,0.76,19,0.76,0,15
906,0,-1,32.295883,0.72,18,0.72,0,15
907,0,-1,-0.0,0.72,18,0.72,0,15
908,0,-1,-5.0230324e-06,0.72,18,0.72,0,15
909,0,-1,-40.860214,0.76,19,0.76,1,15
910,0,-1,-11.373049,0.76,19,0.76,0,15
911,0,-1,31.839647,0.72,18,0.72,0,15
912,0,-1,-0.0,0.72,18,0.72,0,15
913,0,-1,22.497406,0.68,17,0.68,0,15
914,0,-1,12.184946,0.64,16,0.64,0,15
915,2,1,-10.810205,0.72,18,0.72,0,15
916,1,0,0.0,0.72,18,0.72,0,15
917,1,0,0.0,0.72,18,0.72,0,15
918,1,0,0.0,0.72,18,0.72,0,15
919,1,0,0.0,0.72,18,0.72,0,15
920,1,0,0.0,0.72,18,0.72,0,15
921,0,-1,-0.0,0.72,18,0.72,0,15
922,1,0,0.0,0.72,18,0.72,0,15
923,2,1,-45.375072,0.8,20,0.8,0,15
924,1,0,0.0,0.8,20,0.8,0,15
925,2,1,-142.97694,0.88,22,0.88,0,15
926,1,0,0.0,0.88,22,0.88,0,15
927,0,-1,-0.00050188386,0.88,22,0.88,1,15
928,1,0,0.0,0.88,22,0.88,0,15
929,1,0,0.0,0.88,22,0.88,0,15
930,0,-1,144.28293,0.84,21,0.84,0,15
931,1,0,0.0,0.84,21,0.84,0,15
932,1,0,0.0,0.84,21,0.84,0,15
933,2,1,-80.125175,0.88,22,0.88,0,15
934,0,-1,-7.566874,0.88,22,0.88,0,15
935,0,-1,143.38702,0.84,21,0.84,0,15
936,0,-1,-10.629102,0.84,21,0.84,0,15
937,1,0,0.0,0.84,21,0.84,0,15
938,0,-1,-7.244013e-07,0.84,21,0.84,0,15
939,2,1,-283.23312,0.92,23,0.92,0,15
940,0,-1,-0.12903692,0.92,23,0.92,0,15
941,1,0,0.0,0.92,23,0.92,0,15
942,0,-1,-0.0,0.92,23,0.92,1,15
943,2,1,27.44469,1.0,25,1.0,0,15
944,2,1,-1000.0,0.0,0,0.0,0,15
945,0,-1,-0.0,0.16,4,0.16,0,16
946,1,0,0.0,0.16,4,0.16,0,16
947,1,0,0.0,0.16,4,0.16,0,16
948,1,0,0.0,0.16,4,0.16,0,16
949,1,0,0.0,0.16,4,0.16,0,16
950,2,1,-4.1407347,0.2,5,0.2,0,16
951,0,-1,-0.0,0.2,5,0.2,0,16
952,1,0,0.0,0.2,5,0.2,0,16
953,1,0,0.0,0.2,5,0.2,0,16
954,0,-1,6.2116933,0.16,4,0.16,0,16
955,0,-1,-0.0,0.16,4,0.16,1,16
956,2,1,25.03742,0.2,5,0.2,0,16
957,0,-1,-8.377384,0.16,4,0.16,0,16
958,0,-1,-0.0,0.16,4,0.16,0,16
959,1,0,0.0,0.16,4,0.16,0,16
960,2,1,28.262749,0.2,5,0.2,0,16
961,2,1,21.808485,0.24,6,0.24,0,16
962,0,-1,-0.0,0.24,6,0.24,0,16
963,2,1,23.12957,0.32,8,0.32,0,16
964,0,-1,-8.167711,0.28,7,0.28,1,16
965,1,0,0.0,0.28,7,0.28,0,16
966,2,1,21.060919,0.32,8,0.32,0,16
967,2,1,19.186544,0.4,10,0.4,0,16
968,1,0,0.0,0.4,10,0.4,0,16
969,1,0,0.0,0.4,10,0.4,0,16
970,1,0,0.0,0.4,10,0.4,0,16
971,0,-1,-4.2100034,0.36,9,0.36,0,16
972,1,0,0.0,0.36,9,0.36,0,16
973,1,0,0.0,0.36,9,0.36,1,16
974,2,1,20.077799,0.4,10,0.4,0,16
975,2,1,21.78705,0.44,11,0.44,0,16
976,1,0,0.0,0.44,11,0.44,0,16
977,0,-1,-14.139092,0.44,11,0.44,0,16
978,2,1,16.026112,0.52,13,0.52,0,16
979,2,1,7.5167165,0.6,15,0.6,0,16
980,2,1,-55.93444,0.76,19,0.76,0,16
981,0,-1,-0.0,0.76,19,0.76,0,16
982,0,-1,-0.0053942543,0.76,19,0.76,0,16
983,1,0,0.0,0.76,19,0.76,0,16
984,2,1,-77.66787,0.84,21,0.84,0,16
985,1,0,0.0,0.84,21,0.84,0,16
986,1,0,0.0,0.84,21,0.84,0,16
987,2,1,-78.95788,0.88,22,0.88,0,16
988,0,-1,-0.0,0.88,22,0.88,0,16
989,2,1,-181.81462,0.92,23,0.92,0,16
990,0,-1,-0.0,0.92,23,0.92,0,16
991,0,-1,299.51828,0.88,22,0.88,0,16
992,2,1,-181.81462,0.92,23,0.92,0,16
993,2,1,22.935259,1.0,25,1.0,1,16
994,1,0,-1000.0,0.0,0,0.0,0,16
995,2,1,-4.1407347,0.2,5,0.2,0,17
996,2,1,23.692236,0.28,7,0.28,0,17
997,1,0,0.0,0.28,7,0.28,0,17
998,2,1,18.128635,0.36,9,0.36,0,17
999,2,1,14.210863,0.44,11,0.44,0,17
1000,2,1,25.113762,0.48,12,0.48,1,17
1001,2,1,-12.145038,0.6,15,0.6,0,17
1002,1,0,0.0,0.6,15,0.6,0,17
1003,1,0,0.0,0.6,15,0.6,0,17
1004,2,1,-53.526524,0.76,19,0.76,0,17
1005,1,0,0.0,0.76,19,0.76,0,17
1006,0,-1,40.949657,0.72,18,0.72,0,17
1007,1,0,0.0,0.72,18,0.72,0,17
1008,0,-1,22.305454,0.68,17,0.68,0,17
1009,2,1,-0.6919282,0.72,18,0.72,0,17
1010,1,0,0.0,0.72,18,0.72,0,17
1011,0,-1,34.013744,0.68,17,0.68,0,17
1012,2,1,0.7407545,0.72,18,0.72,0,17
1013,1,0,0.0,0.72,18,0.72,0,17
1014,0,-1,22.305454,0.68,17,0.68,0,17
1015,0,-1,13.632993,0.64,16,0.64,0,17
1016,0,-1,10.4378395,0.6,15,0.6,0,17
1017,0,-1,6.0005355,0.56,14,0.56,0,17
1018,1,0,0.0,0.56,14,0.56,0,17
1019,2,1,11.572761,0.6,15,0.6,0,17
1020,1,0,0.0,0.6,15,0.6,0,17
1021,1,0,0.0,0.6,15,0.6,0,17
1022,1,0,0.0,0.6,15,0.6,0,17
1023,2,1,-14.286522,0.64,16,0.64,0,17
1024,2,1,-24.443165,0.72,18,0.72,0,17
1025,2,1,-2.0821264,0.76,19,0.76,0,17
1026,0,-1,29.514833,0.72,18,0.72,0,17
1027,0,-1,20.005856,0.68,17,0.68,0,17
1028,0,-1,-0.0,0.68,17,0.68,1,17
1029,1,0,0.0,0.68,17,0.68,0,17
1030,0,-1,19.098173,0.64,16,0.64,0,17
1031,0,-1,-0.0,0.64,16,0.64,0,17
1032,0,-1,8.584903,0.6,15,0.6,0,17
1033,0,-1,-27.204353,0.64,16,0.64,0,17
1034,0,-1,9.068456,0.6,15,0.6,0,17
1035,0,-1,-26.647863,0.64,16,0.64,0,17
1036,2,1,10.23382,0.68,17,0.68,0,17
1037,1,0,0.0,0.68,17,0.68,0,17
1038,0,-1,-0.0,0.68,17,0.68,0,17
1039,2,1,-42.633743,0.76,19,0.76,1,17
1040,0,-1,-0.0,0.76,19,0.76,0,17
1041,0,-1,-0.0,0.76,19,0.76,0,17
1042,0,-1,31.17447,0.72,18,0.72,0,17
1043,0,-1,-7.720153,0.72,18,0.72,0,17
1044,1,0,0.0,0.72,18,0.72,0,17
1045,2,1,-15.530571,0.76,19,0.76,0,17
1046,1,0,0.0,0.76,19,0.76,0,17
1047,1,0,0.0,0.76,19,0.76,0,17
1048,0,-1,32.356117,0.72,18,0.72,0,17
1049,2,1,-4.9465814,0.76,19,0.76,0,17
1050,1,0,0.0,0.76,19,0.76,0,17
1051,0,-1,-0.0,0.76,19,0.76,0,17
1052,0,-1,-0.0,0.76,19,0.76,0,17
1053,0,-1,-4.50513,0.76,19,0.76,0,17
1054,0,-1,-0.0,0.76,19,0.76,0,17
1055,2,1,-73.552124,0.84,21,0.84,0,17
1056,0,-1,81.630615,0.8,20,0.8,0,17
1057,0,-1,-75.64826,0.84,21,0.84,0,17
1058,2,1,-913.113,0.96,24,0.96,0,17
1059,2,1,2.4907627,1.0,25,1.0,0,17
1060,2,1,-1000.0,0.0,0,0.0,0,17
1061,0,-1,-0.0,0.16,4,0.16,0,18
1062,1,0,0.0,0.16,4,0.16,1,18
1063,2,1,25.03742,0.2,5,0.2,0,18
1064,0,-1,-8.377384,0.16,4,0.16,0,18
1065,0,-1,-0.0,0.16,4,0.16,0,18
1066,0,-1,-0.0,0.16,4,0.16,0,18
1067,1,0,0.0,0.16,4,0.16,0,18
1068,1,0,0.0,0.16,4,0.16,0,18
1069,1,0,0.0,0.16,4,0.16,0,18
1070,2,1,28.130781,0.2,5,0.2,0,18
1071,2,1,21.808485,0.24,6,0.24,0,18
1072,2,1,24.174877,0.28,7,0.28,0,18
1073,1,0,0.0,0.28,7,0.28,0,18
1074,2,1,16.678345,0.4,10,0.4,0,18
1075,0,-1,-4.297539,0.36,9,0.36,0,18
1076,1,0,0.0,0.36,9,0.36,0,18
1077,2,1,20.254333,0.4,10,0.4,0,18
1078,1,0,0.0,0.4,10,0.4,1,18
1079,2,1,21.587626,0.44,11,0.44,0,18
1080,2,1,22.011354,0.48,12,0.48,0,18
1081,1,0,0.0,0.48,12,0.48,0,18
1082,0,-1,-2.0291069,0.44,11,0.44,0,18
1083,2,1,10.6469345,0.52,13,0.52,0,18
1084,2,1,-8.9294,0.64,16,0.64,0,18
1085,0,-1,-15.711947,0.64,16,0.64,0,18
1086,1,0,0.0,0.64,16,0.64,0,18
1087,0,-1,-0.0,0.64,16,0.64,0,18
1088,2,1,-15.281762,0.72,18,0.72,0,18
1089,1,0,0.0,0.72,18,0.72,0,18
1090,0,-1,-0.0,0.72,18,0.72,0,18
1091,0,-1,-0.12602156,0.72,18,0.72,0,18
1092,1,0,0.0,0.72,18,0.72,0,18
1093,0,-1,-0.18913934,0.72,18,0.72,1,18
1094,2,1,-5.5271263,0.76,19,0.76,0,18
1095,0,-1,30.32607,0.72,18,0.72,0,18
1096,1,0,0.0,0.72,18,0.72,0,18
1097,1,0,0.0,0.72,18,0.72,0,18
1098,2,1,-209.81168,0.88,22,0.88,0,18
1099,1,0,0.0,0.88,22,0.88,1,18
1100,2,1,-185.54216,0.92,23,0.92,0,18
1101,0,-1,-15.581088,0.92,23,0.92,0,18
1102,2,1,-597.05536,0.96,24,0.96,0,18
1103,1,0,0.0,0.96,24,0.96,0,18
1104,0,-1,-0.0,0.96,24,0.96,0,18
1105,1,0,0.0,0.96,24,0.96,0,18
1106,0,-1,-0.14054814,0.96,24,0.96,0,18
1107,0,-1,-12.56265,0.96,24,0.96,1,18
1108,0,-1,925.64417,0.92,23,0.92,0,18
1109,1,0,0.0,0.92,23,0.92,0,18
1110,1,0,0.0,0.92,23,0.92,0,18
1111,0,-1,298.64902,0.88,22,0.88,0,18
1112,1,0,0.0,0.88,22,0.88,0,18
1113,0,-1,-12.008426,0.88,22,0.88,0,18
1114,1,0,0.0,0.88,22,0.88,0,18
1115,1,0,0.0,0.88,22,0.88,1,18
1116,0,-1,-11.077064,0.88,22,0.88,0,18
1117,0,-1,-11.935409,0.88,22,0.88,0,18
1118,1,0,0.0,0.88,22,0.88,0,18
1119,1,0,0.0,0.88,22,0.88,0,18
1120,0,-1,-15.386497,0.88,22,0.88,0,18
1121,2,1,-178.13303,0.92,23,0.92,0,18
1122,1,0,0.0,0.92,23,0.92,0,18
1123,0,-1,-0.0,0.92,23,0.92,0,18
1124,0,-1,-0.0,0.92,23,0.92,0,18
1125,0,-1,-0.0,0.92,23,0.92,0,18
1126,1,0,0.0,0.92,23,0.92,0,18
1127,0,-1,-0.0,0.92,23,0.92,0,18
1128,1,0,0.0,0.92,23,0.92,1,18
1129,0,-1,-0.0,0.92,23,0.92,0,18
1130,2,1,-1000.0,0.0,0,0.0,0,18
1131,2,1,-4.1407347,0.2,5,0.2,0,19
1132,0,-1,6.2116933,0.16,4,0.16,0,19
1133,1,0,0.0,0.16,4,0.16,0,19
1134,1,0,0.0,0.16,4,0.16,0,19
1135,2,1,28.346605,0.2,5,0.2,0,19
1136,1,0,0.0,0.2,5,0.2,0,19
1137,2,1,19.461393,0.28,7,0.28,0,19
1138,1,0,0.0,0.28,7,0.28,0,19
1139,1,0,0.0,0.28,7,0.28,0,19
1140,2,1,-4.8478045,0.32,8,0.32,0,19
1141,1,0,0.0,0.32,8,0.32,0,19
1142,2,1,-11.110067,0.4,10,0.4,0,19
1143,0,-1,-5.384103,0.36,9,0.36,1,19
1144,0,-1,-19.005678,0.4,10,0.4,0,19
1145,2,1,2.9888902,0.48,12,0.48,0,19
1146,0,-1,-0.0,0.48,12,0.48,0,19
1147,1,0,0.0,0.48,12,0.48,0,19
1148,2,1,-3.62122,0.56,14,0.56,0,19
1149,2,1,-68.2376,0.76,19,0.76,0,19
1150,2,1,-21.36015,0.8,20,0.8,0,19
1151,0,-1,-74.45564,0.84,21,0.84,0,19
1152,0,-1,-0.0,0.84,21,0.84,0,19
1153,0,-1,83.89334,0.8,20,0.8,0,19
1154,1,0,0.0,0.8,20,0.8,0,19
1155,0,-1,-0.0,0.8,20,0.8,0,19
1156,0,-1,-0.0,0.8,20,0.8,0,19
1157,0,-1,-0.0,0.8,20,0.8,0,19
1158,0,-1,-0.0,0.8,20,0.8,1,19
1159,1,0,0.0,0.8,20,0.8,0,19
1160,1,0,0.0,0.8,20,0.8,0,19
1161,2,1,-53.90161,0.84,21,0.84,0,19
1162,0,-1,-1.9937668,0.84,21,0.84,0,19
1163,0,-1,-12.274956,0.84,21,0.84,0,19
1164,0,-1,-2.4289903e-11,0.84,21,0.84,0,19
1165,2,1,-292.11572,0.92,23,0.92,0,19
1166,0,-1,-0.0,0.92,23,0.92,0,19
1167,0,-1,-7.111063e-07,0.92,23,0.92,0,19
1168,1,0,0.0,0.92,23,0.92,0,19
1169,2,1,-606.50134,0.96,24,0.96,0,19
1170,0,-1,-2.8752112e-11,0.96,24,0.96,0,19
1171,2,1,15.251278,1.0,25,1.0,0,19
1172,1,0,-1000.0,0.0,0,0.0,0,19
1173,1,0,0.0,0.16,4,0.16,0,20
1174,0,-1,-0.0,0.16,4,0.16,0,20
1175,2,1,28.346605,0.2,5,0.2,0,20
1176,2,1,-4.278605,0.24,6,0.24,0,20
1177,0,-1,6.418581,0.2,5,0.2,0,20
1178,1,0,0.0,0.2,5,0.2,0,20
1179,2,1,-4.278605,0.24,6,0.24,0,20
1180,0,-1,-0.0,0.24,6,0.24,0,20
1181,2,1,23.14127,0.32,8,0.32,0,20
1182,2,1,-11.110074,0.4,10,0.4,0,20
1183,2,1,-6.520809,0.44,11,0.44,0,20
1184,1,0,0.0,0.44,11,0.44,0,20
1185,1,0,0.0,0.44,11,0.44,0,20
1186,2,1,23.892282,0.48,12,0.48,0,20
1187,1,0,0.0,0.48,12,0.48,1,20
1188,2,1,-34.22388,0.68,17,0.68,0,20
1189,0,-1,26.60389,0.64,16,0.64,0,20
1190,1,0,0.0,0.64,16,0.64,0,20
1191,2,1,13.531955,0.68,17,0.68,0,20
1192,0,-1,10.982046,0.64,16,0.64,0,20
1193,0,-1,10.943069,0.6,15,0.6,0,20
1194,0,-1,-14.288406,0.64,16,0.64,0,20
1195,1,0,0.0,0.64,16,0.64,0,20
1196,2,1,10.587028,0.68,17,0.68,0,20
1197,2,1,-0.2562484,0.72,18,0.72,0,20
1198,0,-1,22.803955,0.68,17,0.68,0,20
1199,0,-1,14.293074,0.64,16,0.64,0,20
1200,2,1,6.885731,0.68,17,0.68,0,20
1201,2,1,3.80961,0.72,18,0.72,0,20
1202,1,0,0.0,0.72,18,0.72,1,20
1203,1,0,0.0,0.72,18,0.72,0,20
1204,0,-1,22.668865,0.68,17,0.68,0,20
1205,2,1,-16.205347,0.72,18,0.72,0,20
1206,0,-1,27.0485,0.68,17,0.68,0,20
1207,1,0,0.0,0.68,17,0.68,0,20
1208,1,0,0.0,0.68,17,0.68,0,20
1209,1,0,0.0,0.68,17,0.68,0,20
1210,2,1,-49.727615,0.76,19,0.76,0,20
1211,0,-1,-0.0,0.76,19,0.76,0,20
1212,0,-1,32.157265,0.72,18,0.72,0,20
1213,1,0,0.0,0.72,18,0.72,0,20
1214,1,0,0.0,0.72,18,0.72,0,20
1215,1,0,0.0,0.72,18,0.72,0,20
1216,1,0,0.0,0.72,18,0.72,0,20
1217,0,-1,20.781673,0.68,17,0.68,0,20
1218,1,0,0.0,0.68,17,0.68,0,20
1219,0,-1,13.27557,0.64,16,0.64,0,20
1220,0,-1,-0.0,0.64,16,0.64,0,20
1221,0,-1,-0.0,0.64,16,0.64,0,20
1222,1,0,0.0,0.64,16,0.64,0,20
1223,0,-1,5.766054,0.6,15,0.6,0,20
1224,1,0,0.0,0.6,15,0.6,0,20
1225,0,-1,3.7229059,0.56,14,0.56,0,20
1226,1,0,0.0,0.56,14,0.56,1,20
1227,2,1,15.934071,0.6,15,0.6,0,20
1228,0,-1,11.791564,0.56,14,0.56,0,20
1229,0,-1,1.0225312,0.52,13,0.52,0,20
1230,0,-1,-3.5355425,0.48,12,0.48,0,20
1231,2,1,14.072005,0.56,14,0.56,0,20
1232,1,0,0.0,0.56,14,0.56,0,20
1233,1,0,0.0,0.56,14,0.56,0,20
1234,1,0,0.0,0.56,14,0.56,0,20
1235,0,-1,-0.0,0.56,14,0.56,0,20
1236,2,1,19.44673,0.6,15,0.6,0,20
1237,0,-1,2.063551,0.56,14,0.56,0,20
1238,1,0,0.0,0.56,14,0.56,0,20
1239,2,1,-12.83325,0.64,16,0.64,0,20
1240,0,-1,-0.19548696,0.64,16,0.64,0,20
1241,0,-1,7.1977105,0.6,15,0.6,0,20
1242,2,1,-23.536777,0.68,17,0.68,1,20
1243,0,-1,22.369696,0.64,16,0.64,0,20
1244,1,0,0.0,0.64,16,0.64,0,20
1245,1,0,0.0,0.64,16,0.64,0,20
1246,1,0,0.0,0.64,16,0.64,1,20
1247,0,-1,-15.7805195,0.64,16,0.64,0,20
1248,0,-1,7.057191,0.6,15,0.6,0,20
1249,2,1,14.068537,0.64,16,0.64,0,20
1250,0,-1,-0.0,0.64,16,0.64,0,20
1251,1,0,0.0,0.64,16,0.64,0,20
1252,0,-1,-0.0,0.64,16,0.64,0,20
1253,0,-1,5.1990223,0.6,15,0.6,0,20
1254,2,1,-14.740647,0.68,17,0.68,0,20
1255,0,-1,-0.0,0.68,17,0.68,0,20
1256,1,0,0.0,0.68,17,0.68,0,20
1257,2,1,-74.18303,0.8,20,0.8,0,20
1258,1,0,0.0,0.8,20,0.8,0,20
1259,2,1,-55.16197,0.84,21,0.84,0,20
1260,2,1,-304.59927,0.92,23,0.92,0,20
1261,1,0,0.0,0.92,23,0.92,0,20
1262,1,0,0.0,0.92,23,0.92,0,20
1263,0,-1,-3.1086245e-12,0.92,23,0.92,0,20
1264,0,-1,309.7883,0.88,22,0.88,0,20
1265,1,0,0.0,0.88,22,0.88,0,20
1266,0,-1,150.88786,0.84,21,0.84,0,20
1267,0,-1,83.91919,0.8,20,0.8,1,20
1268,0,-1,-0.0,0.8,20,0.8,0,20
1269,0,-1,58.651516,0.76,19,0.76,0,20
1270,2,1,-29.118605,0.8,20,0.8,0,20
1271,0,-1,56.54531,0.76,19,0.76,1,20
1272,0,-1,41.292923,0.72,18,0.72,0,20
1273,0,-1,-0.0,0.72,18,0.72,0,20
1274,2,1,-13.721008,0.76,19,0.76,0,20
1275,0,-1,37.93649,0.72,18,0.72,0,20
1276,0,-1,-0.0,0.72,18,0.72,0,20
1277,0,-1,26.913553,0.68,17,0.68,0,20
1278,0,-1,13.655519,0.64,16,0.64,0,20
1279,0,-1,14.223367,0.6,15,0.6,0,20
1280,0,-1,11.906272,0.56,14,0.56,0,20
1281,1,0,0.0,0.56,14,0.56,0,20
1282,1,0,0.0,0.56,14,0.56,0,20
1283,2,1,13.03815,0.6,15,0.6,0,20
1284,0,-1,9.491924,0.56,14,0.56,0,20
1285,0,-1,10.690156,0.52,13,0.52,0,20
1286,2,1,-3.3141901,0.64,16,0.64,0,20
1287,2,1,13.338666,0.68,17,0.68,0,20
1288,1,0,0.0,0.68,17,0.68,0,20
1289,0,-1,22.041094,0.64,16,0.64,1,20
1290,0,-1,-0.0,0.64,16,0.64,0,20
1291,2,1,3.4788964,0.68,17,0.68,0,20
1292,1,0,0.0,0.68,17,0.68,0,20
1293,2,1,7.2022667,0.72,18,0.72,0,20
1294,2,1,-4.1045294,0.76,19,0.76,0,20
1295,0,-1,-0.0,0.76,19,0.76,0,20
1296,0,-1,-0.0,0.76,19,0.76,0,20
1297,0,-1,30.207813,0.72,18,0.72,0,20
1298,1,0,0.0,0.72,18,0.72,0,20
1299,0,-1,-0.0,0.72,18,0.72,0,20
1300,1,0,0.0,0.72,18,0.72,0,20
1301,1,0,0.0,0.72,18,0.72,0,20
1302,2,1,-210.59651,0.88,22,0.88,0,20
1303,0,-1,-0.0,0.88,22,0.88,0,20
1304,1,0,0.0,0.88,22,0.88,0,20
1305,1,0,0.0,0.88,22,0.88,0,20
1306,2,1,-189.96466,0.92,23,0.92,0,20
1307,1,0,0.0,0.92,23,0.92,0,20
1308,0,-1,-0.0,0.92,23,0.92,0,20
1309,2,1,22.258495,1.0,25,1.0,0,20
1310,1,0,-1000.0,0.0,0,0.0,0,20
1311,2,1,28.364332,0.2,5,0.2,0,21
1312,0,-1,-10.04084,0.16,4,0.16,0,21
1313,1,0,0.0,0.16,4,0.16,0,21
1314,2,1,-4.1407347,0.2,5,0.2,0,21
1315,1,0,0.0,0.2,5,0.2,0,21
1316,1,0,0.0,0.2,5,0.2,0,21
1317,1,0,0.0,0.2,5,0.2,0,21
1318,0,-1,-0.0,0.2,5,0.2,0,21
1319,0,-1,6.2116933,0.16,4,0.16,0,21
1320,0,-1,-0.0,0.16,4,0.16,0,21
1321,2,1,28.346605,0.2,5,0.2,0,21
1322,0,-1,-10.031977,0.16,4,0.16,0,21
1323,0,-1,-0.0,0.16,4,0.16,0,21
1324,2,1,28.346605,0.2,5,0.2,0,21
1325,1,0,0.0,0.2,5,0.2,0,21
1326,1,0,0.0,0.2,5,0.2,0,21
1327,0,-1,-0.0,0.2,5,0.2,1,21
1328,1,0,0.0,0.2,5,0.2,0,21
1329,2,1,23.466194,0.24,6,0.24,0,21
1330,1,0,0.0,0.24,6,0.24,0,21
1331,1,0,0.0,0.24,6,0.24,0,21
1332,0,-1,-0.0,0.24,6,0.24,1,21
1333,1,0,0.0,0.24,6,0.24,0,21
1334,1,0,0.0,0.24,6,0.24,0,21
1335,2,1,21.144989,0.28,7,0.28,0,21
1336,0,-1,-0.0,0.28,7,0.28,0,21
1337,2,1,18.24277,0.36,9,0.36,0,21
1338,0,-1,-0.0,0.36,9,0.36,0,21
1339,1,0,0.0,0.36,9,0.36,0,21
1340,0,-1,-6.24586,0.32,8,0.32,1,21
1341,2,1,14.71866,0.44,11,0.44,1,21
1342,1,0,0.0,0.44,11,0.44,0,21
1343,1,0,0.0,0.44,11,0.44,0,21
1344,2,1,8.274393,0.52,13,0.52,0,21
1345,1,0,0.0,0.52,13,0.52,0,21
1346,2,1,9.601566,0.56,14,0.56,0,21
1347,0,-1,-24.556328,0.6,15,0.6,1,21
1348,1,0,0.0,0.6,15,0.6,0,21
1349,1,0,0.0,0.6,15,0.6,0,21
1350,0,-1,-13.884901,0.6,15,0.6,0,21
1351,0,-1,-0.0,0.6,15,0.6,0,21
1352,1,0,0.0,0.6,15,0.6,0,21
1353,1,0,0.0,0.6,15,0.6,0,21
1354,0,-1,-0.0036829424,0.6,15,0.6,0,21
1355,2,1,15.881726,0.64,16,0.64,0,21
1356,1,0,0.0,0.64,16,0.64,0,21
1357,0,-1,9.477458,0.6,15,0.6,0,21
1358,1,0,0.0,0.6,15,0.6,0,21
1359,0,-1,-26.179268,0.64,16,0.64,0,21
1360,0,-1,-0.0034612212,0.64,16,0.64,0,21
1361,1,0,0.0,0.64,16,0.64,0,21
1362,0,-1,-0.0,0.64,16,0.64,0,21
1363,0,-1,10.383291,0.6,15,0.6,0,21
1364,1,0,0.0,0.6,15,0.6,0,21
1365,1,0,0.0,0.6,15,0.6,0,21
1366,0,-1,-0.0,0.6,15,0.6,0,21
1367,2,1,-9.191313,0.68,17,0.68,0,21
1368,0,-1,16.073326,0.64,16,0.64,0,21
1369,0,-1,9.53705,0.6,15,0.6,0,21
1370,2,1,-30.802612,0.72,18,0.72,0,21
1371,2,1,-7.9072833,0.76,19,0.76,0,21
1372,0,-1,34.051548,0.72,18,0.72,0,21
1373,0,-1,-14.809598,0.72,18,0.72,0,21
1374,1,0,0.0,0.72,18,0.72,0,21
1375,2,1,-7.9072833,0.76,19,0.76,1,21
1376,0,-1,-13.574356,0.76,19,0.76,0,21
1377,0,-1,-10.59522,0.76,19,0.76,0,21
1378,1,0,0.0,0.76,19,0.76,0,21
1379,0,-1,-13.721509,0.76,19,0.76,0,21
1380,0,-1,-0.0,0.76,19,0.76,0,21
1381,0,-1,33.667587,0.72,18,0.72,0,21
1382,1,0,0.0,0.72,18,0.72,0,21
1383,1,0,0.0,0.72,18,0.72,0,21
1384,2,1,-9.59066,0.76,19,0.76,1,21
1385,0,-1,-0.0,0.76,19,0.76,1,21
1386,0,-1,30.087576,0.72,18,0.72,0,21
1387,0,-1,23.75176,0.68,17,0.68,0,21
1388,0,-1,-13.924318,0.68,17,0.68,0,21
1389,0,-1,-0.0,0.68,17,0.68,0,21
1390,0,-1,-0.033771392,0.68,17,0.68,0,21
1391,0,-1,15.274408,0.64,16,0.64,0,21
1392,1,0,0.0,0.64,16,0.64,0,21
1393,2,1,3.1623502,0.68,17,0.68,0,21
1394,1,0,0.0,0.68,17,0.68,0,21
1395,2,1,8.17252,0.72,18,0.72,0,21
1396,2,1,-42.906425,0.8,20,0.8,0,21
1397,0,-1,51.87783,0.76,19,0.76,0,21
1398,1,0,0.0,0.76,19,0.76,0,21
1399,2,1,-15.70673,0.8,20,0.8,0,21
1400,0,-1,-0.0,0.8,20,0.8,0,21
1401,2,1,-40.04988,0.84,21,0.84,0,21
1402,0,-1,-0.0,0.84,21,0.84,0,21
1403,0,-1,-0.0,0.84,21,0.84,0,21
1404,1,0,0.0,0.84,21,0.84,1,21
1405,0,-1,83.70711,0.8,20,0.8,0,21
1406,1,0,0.0,0.8,20,0.8,0,21
1407,2,1,-37.88109,0.84,21,0.84,0,21
1408,1,0,0.0,0.84,21,0.84,0,21
1409,1,0,0.0,0.84,21,0.84,0,21
1410,0,-1,82.33303,0.8,20,0.8,0,21
1411,1,0,0.0,0.8,20,0.8,0,21
1412,2,1,-40.547176,0.84,21,0.84,0,21
1413,1,0,0.0,0.84,21,0.84,0,21
1414,0,-1,-0.0,0.84,21,0.84,0,21
1415,2,1,-72.71304,0.88,22,0.88,0,21
1416,1,0,0.0,0.88,22,0.88,0,21
1417,0,-1,-0.0,0.88,22,0.88,0,21
1418,0,-1,145.55699,0.84,21,0.84,0,21
1419,0,-1,78.3343,0.8,20,0.8,0,21
1420,1,0,0.0,0.8,20,0.8,0,21
1421,0,-1,-12.332432,0.8,20,0.8,0,21
1422,2,1,-31.06023,0.84,21,0.84,0,21
1423,1,0,0.0,0.84,21,0.84,0,21
1424,0,-1,80.7965,0.8,20,0.8,0,21
1425,1,0,0.0,0.8,20,0.8,0,21
1426,1,0,0.0,0.8,20,0.8,0,21
1427,1,0,0.0,0.8,20,0.8,0,21
1428,0,-1,-0.0,0.8,20,0.8,0,21
1429,0,-1,50.882156,0.76,19,0.76,0,21
1430,0,-1,-0.0,0.76,19,0.76,0,21
1431,0,-1,-0.0,0.76,19,0.76,0,21
1432,2,1,-20.947641,0.8,20,0.8,1,21
1433,2,1,-136.98338,0.88,22,0.88,0,21
1434,0,-1,-12.097766,0.88,22,0.88,0,21
1435,0,-1,146.17706,0.84,21,0.84,0,21
1436,0,-1,-0.0,0.84,21,0.84,0,21
1437,0,-1,-0.0,0.84,21,0.84,0,21
1438,2,1,-76.004005,0.88,22,0.88,0,21
1439,0,-1,-0.0014751704,0.88,22,0.88,0,21
1440,2,1,-806.4801,0.96,24,0.96,0,21
1441,0,-1,925.6486,0.92,23,0.92,0,21
1442,2,1,-597.40717,0.96,24,0.96,0,21
1443,0,-1,-0.0014239713,0.96,24,0.96,0,21
1444,2,1,-1000.0,0.0,0,0.0,0,21
1445,0,-1,-0.0,0.16,4,0.16,0,22
1446,0,-1,-0.0,0.16,4,0.16,0,22
1447,1,0,0.0,0.16,4,0.16,0,22
1448,2,1,28.364332,0.2,5,0.2,0,22
1449,1,0,0.0,0.2,5,0.2,0,22
1450,1,0,0.0,0.2,5,0.2,0,22
1451,2,1,28.208652,0.24,6,0.24,0,22
1452,1,0,0.0,0.24,6,0.24,0,22
1453,1,0,0.0,0.24,6,0.24,0,22
1454,0,-1,-0.0,0.24,6,0.24,0,22
1455,0,-1,-0.0,0.24,6,0.24,0,22
1456,1,0,0.0,0.24,6,0.24,0,22
1457,2,1,18.678572,0.32,8,0.32,0,22
1458,2,1,-5.280317,0.36,9,0.36,0,22
1459,2,1,-5.8295965,0.4,10,0.4,0,22
1460,0,-1,8.744358,0.36,9,0.36,0,22
1461,2,1,15.906646,0.44,11,0.44,0,22
1462,1,0,0.0,0.44,11,0.44,0,22
1463,1,0,0.0,0.44,11,0.44,0,22
1464,2,1,-7.39189,0.48,12,0.48,0,22
1465,2,1,22.79115,0.52,13,0.52,1,22
1466,0,-1,-1.0738856e-06,0.52,13,0.52,0,22
1467,0,-1,-2.9104147,0.48,12,0.48,0,22
1468,2,1,16.150248,0.52,13,0.52,0,22
1469,0,-1,-1.4284077,0.48,12,0.48,0,22
1470,0,-1,-5.137,0.44,11,0.44,0,22
1471,0,-1,-2.5430572,0.4,10,0.4,0,22
1472,2,1,18.127745,0.44,11,0.44,0,22
1473,0,-1,-4.2151604,0.4,10,0.4,0,22
1474,1,0,0.0,0.4,10,0.4,0,22
1475,2,1,10.305851,0.52,13,0.52,0,22
1476,0,-1,0.42318943,0.48,12,0.48,0,22
1477,2,1,-8.498306,0.52,13,0.52,0,22
1478,0,-1,3.614241,0.48,12,0.48,0,22
1479,2,1,-8.498153,0.52,13,0.52,0,22
1480,1,0,0.0,0.52,13,0.52,0,22
1481,0,-1,12.747466,0.48,12,0.48,0,22
1482,1,0,0.0,0.48,12,0.48,0,22
1483,2,1,19.493805,0.52,13,0.52,0,22
1484,1,0,0.0,0.52,13,0.52,0,22
1485,0,-1,12.747389,0.48,12,0.48,0,22
1486,1,0,0.0,0.48,12,0.48,1,22
1487,1,0,0.0,0.48,12,0.48,0,22
1488,2,1,16.96106,0.52,13,0.52,0,22
1489,0,-1,-15.525626,0.52,13,0.52,0,22
1490,1,0,0.0,0.52,13,0.52,0,22
1491,0,-1,0.8008655,0.48,12,0.48,0,22
1492,0,-1,-1.6418419,0.44,11,0.44,0,22
1493,0,-1,-13.638818,0.44,11,0.44,0,22
1494,0,-1,-4.194069,0.4,10,0.4,0,22
1495,0,-1,-0.0,0.4,10,0.4,0,22
1496,2,1,-0.6701157,0.48,12,0.48,0,22
1497,0,-1,-0.049076177,0.48,12,0.48,0,22
1498,0,-1,-1.13722365e-11,0.48,12,0.48,1,22
1499,0,-1,2.1661139,0.44,11,0.44,0,22
1500,0,-1,-6.0903726,0.4,10,0.4,0,22
1501,0,-1,-5.279385,0.36,9,0.36,0,22
1502,0,-1,1.7748438,0.32,8,0.32,0,22
1503,2,1,26.038212,0.36,9,0.36,0,22
1504,2,1,25.315771,0.4,10,0.4,0,22
1505,1,0,0.0,0.4,10,0.4,0,22
1506,0,-1,-1.8916227,0.36,9,0.36,0,22
1507,1,0,0.0,0.36,9,0.36,0,22
1508,0,-1,-7.6519737,0.32,8,0.32,0,22
1509,1,0,0.0,0.32,8,0.32,0,22
1510,2,1,20.165686,0.4,10,0.4,0,22
1511,0,-1,-0.06621329,0.4,10,0.4,0,22
1512,0,-1,-1.9676297,0.36,9,0.36,0,22
1513,2,1,15.76516,0.44,11,0.44,0,22
1514,0,-1,-4.8058524,0.4,10,0.4,0,22
1515,2,1,23.016762,0.44,11,0.44,1,22
1516,0,-1,-4.976052,0.4,10,0.4,0,22
1517,0,-1,-5.427352,0.36,9,0.36,0,22
1518,2,1,16.812923,0.44,11,0.44,0,22
1519,0,-1,-13.497306,0.44,11,0.44,0,22
1520,1,0,0.0,0.44,11,0.44,0,22
1521,1,0,0.0,0.44,11,0.44,0,22
1522,2,1,14.207712,0.52,13,0.52,0,22
1523,0,-1,-12.108712,0.52,13,0.52,1,22
1524,2,1,16.24439,0.56,14,0.56,0,22
1525,0,-1,-0.0,0.56,14,0.56,0,22
1526,1,0,0.0,0.56,14,0.56,0,22
1527,1,0,0.0,0.56,14,0.56,0,22
1528,1,0,0.0,0.56,14,0.56,0,22
1529,0,-1,1.7998211,0.52,13,0.52,0,22
1530,2,1,5.567968,0.6,15,0.6,0,22
1531,2,1,-2.037171,0.68,17,0.68,0,22
1532,0,-1,-0.0007996516,0.68,17,0.68,0,22
1533,1,0,0.0,0.68,17,0.68,0,22
1534,1,0,0.0,0.68,17,0.68,0,22
1535,0,-1,-0.074982256,0.68,17,0.68,0,22
1536,2,1,4.2735734,0.72,18,0.72,0,22
1537,0,-1,-0.00075836614,0.72,18,0.72,0,22
1538,1,0,0.0,0.72,18,0.72,0,22
1539,1,0,0.0,0.72,18,0.72,0,22
1540,0,-1,-0.0007992445,0.72,18,0.72,0,22
1541,0,-1,20.625874,0.68,17,0.68,1,22
1542,0,-1,-10.254526,0.68,17,0.68,0,22
1543,1,0,0.0,0.68,17,0.68,0,22
1544,1,0,0.0,0.68,17,0.68,0,22
1545,0,-1,-0.0,0.68,17,0.68,0,22
1546,2,1,1.0596762,0.72,18,0.72,0,22
1547,0,-1,-0.0,0.72,18,0.72,0,22
1548,1,0,0.0,0.72,18,0.72,0,22
1549,1,0,0.0,0.72,18,0.72,0,22
1550,1,0,0.0,0.72,18,0.72,0,22
1551,0,-1,-13.52932,0.72,18,0.72,0,22
1552,1,0,0.0,0.72,18,0.72,0,22
1553,0,-1,-0.073648766,0.72,18,0.72,0,22
1554,2,1,-45.588455,0.8,20,0.8,0,22
1555,0,-1,-0.0,0.8,20,0.8,0,22
1556,1,0,0.0,0.8,20,0.8,0,22
1557,1,0,0.0,0.8,20,0.8,0,22
1558,0,-1,50.330303,0.76,19,0.76,0,22
1559,0,-1,31.51603,0.72,18,0.72,0,22
1560,2,1,-105.73619,0.84,21,0.84,0,22
1561,1,0,0.0,0.84,21,0.84,0,22
1562,2,1,-77.94414,0.88,22,0.88,0,22
1563,0,-1,143.42906,0.84,21,0.84,0,22
1564,0,-1,80.63042,0.8,20,0.8,0,22
1565,0,-1,48.24985,0.76,19,0.76,0,22
1566,1,0,0.0,0.76,19,0.76,0,22
1567,1,0,0.0,0.76,19,0.76,0,22
1568,0,-1,32.078743,0.72,18,0.72,1,22
1569,1,0,0.0,0.72,18,0.72,0,22
1570,0,-1,20.415035,0.68,17,0.68,0,22
1571,2,1,6.7133374,0.72,18,0.72,0,22
1572,0,-1,-13.220026,0.72,18,0.72,0,22
1573,1,0,0.0,0.72,18,0.72,0,22
1574,2,1,-43.454178,0.8,20,0.8,0,22
1575,2,1,-35.666187,0.84,21,0.84,0,22
1576,1,0,0.0,0.84,21,0.84,0,22
1577,0,-1,80.684525,0.8,20,0.8,0,22
1578,2,1,-37.16627,0.84,21,0.84,0,22
1579,1,0,0.0,0.84,21,0.84,0,22
1580,1,0,0.0,0.84,21,0.84,0,22
1581,2,1,-79.15722,0.88,22,0.88,0,22
1582,0,-1,-0.0012604641,0.88,22,0.88,0,22
1583,0,-1,-0.0,0.88,22,0.88,0,22
1584,0,-1,-0.0,0.88,22,0.88,1,22
1585,1,0,0.0,0.88,22,0.88,0,22
1586,1,0,0.0,0.88,22,0.88,0,22
1587,2,1,-807.3814,0.96,24,0.96,0,22
1588,1,0,0.0,0.96,24,0.96,0,22
1589,2,1,21.53571,1.0,25,1.0,0,22
1590,2,1,-1000.0,0.0,0,0.0,0,22
1591,2,1,28.346605,0.2,5,0.2,0,23
1592,2,1,23.968313,0.28,7,0.28,0,23
1593,0,-1,-0.0,0.28,7,0.28,0,23
1594,1,0,0.0,0.28,7,0.28,0,23
1595,0,-1,-8.867463,0.24,6,0.24,0,23
1596,1,0,0.0,0.24,6,0.24,0,23
1597,2,1,26.773045,0.28,7,0.28,0,23
1598,0,-1,-0.0,0.28,7,0.28,0,23
1599,1,0,0.0,0.28,7,0.28,0,23
1600,1,0,0.0,0.28,7,0.28,0,23
1601,1,0,0.0,0.28,7,0.28,0,23
1602,0,-1,-0.0,0.28,7,0.28,0,23
1603,0,-1,-8.870104,0.24,6,0.24,0,23
1604,1,0,0.0,0.24,6,0.24,0,23
1605,1,0,0.0,0.24,6,0.24,0,23
1606,2,1,18.678572,0.32,8,0.32,0,23
1607,0,-1,-0.0,0.32,8,0.32,0,23
1608,0,-1,-6.7495246,0.28,7,0.28,1,23
1609,0,-1,-9.506829,0.24,6,0.24,0,23
1610,1,0,0.0,0.24,6,0.24,0,23
1611,1,0,0.0,0.24,6,0.24,0,23
1612,0,-1,-0.0,0.24,6,0.24,0,23
1613,2,1,27.973358,0.28,7,0.28,0,23
1614,0,-1,-7.1112323,0.24,6,0.24,0,23
1615,1,0,0.0,0.24,6,0.24,0,23
1616,0,-1,-9.772497,0.2,5,0.2,0,23
1617,2,1,22.366962,0.24,6,0.24,0,23
1618,2,1,27.867332,0.28,7,0.28,0,23
1619,1,0,0.0,0.28,7,0.28,0,23
1620,2,1,26.385702,0.32,8,0.32,0,23
1621,0,-1,-0.09028357,0.32,8,0.32,0,23
1622,2,1,19.247541,0.36,9,0.36,0,23
1623,1,0,0.0,0.36,9,0.36,0,23
1624,1,0,0.0,0.36,9,0.36,0,23
1625,2,1,25.344086,0.4,10,0.4,0,23
1626,2,1,6.7008514,0.52,13,0.52,0,23
1627,1,0,0.0,0.52,13,0.52,0,23
1628,0,-1,-0.0,0.52,13,0.52,0,23
1629,1,0,0.0,0.52,13,0.52,0,23
1630,1,0,0.0,0.52,13,0.52,0,23
1631,1,0,0.0,0.52,13,0.52,0,23
1632,2,1,13.176031,0.56,14,0.56,0,23
1633,1,0,0.0,0.56,14,0.56,0,23
1634,1,0,0.0,0.56,14,0.56,1,23
1635,0,-1,-25.319391,0.6,15,0.6,0,23
1636,2,1,-5.541346,0.68,17,0.68,0,23
1637,2,1,-4.1727347,0.72,18,0.72,0,23
1638,0,-1,-0.0,0.72,18,0.72,0,23
1639,1,0,0.0,0.72,18,0.72,0,23
1640,0,-1,24.762197,0.68,17,0.68,0,23
1641,2,1,7.2588763,0.72,18,0.72,0,23
1642,2,1,-42.313766,0.8,20,0.8,0,23
1643,1,0,0.0,0.8,20,0.8,0,23
1644,1,0,0.0,0.8,20,0.8,0,23
1645,2,1,-39.38304,0.84,21,0.84,0,23
1646,1,0,0.0,0.84,21,0.84,0,23
1647,0,-1,-0.0,0.84,21,0.84,0,23
1648,1,0,0.0,0.84,21,0.84,0,23
1649,1,0,0.0,0.84,21,0.84,0,23
1650,2,1,-292.48868,0.92,23,0.92,0,23
1651,0,-1,-8.56579e-08,0.92,23,0.92,0,23
1652,0,-1,300.09146,0.88,22,0.88,0,23
1653,0,-1,146.46286,0.84,21,0.84,0,23
1654,0,-1,84.95473,0.8,20,0.8,0,23
1655,2,1,-41.572784,0.84,21,0.84,0,23
1656,2,1,29.577244,1.0,25,1.0,0,23
1657,0,-1,-1000.0,0.0,0,0.0,0,23
1658,2,1,-4.1406527,0.2,5,0.2,0,24
1659,0,-1,6.2116523,0.16,4,0.16,0,24
1660,1,0,0.0,0.16,4,0.16,0,24
1661,2,1,28.364332,0.2,5,0.2,0,24
1662,1,0,0.0,0.2,5,0.2,0,24
1663,2,1,-4.278687,0.24,6,0.24,0,24
1664,1,0,0.0,0.24,6,0.24,0,24
1665,2,1,27.971514,0.28,7,0.28,0,24
1666,2,1,26.441492,0.32,8,0.32,0,24
1667,2,1,20.35271,0.4,10,0.4,0,24
1668,2,1,-3.1672533,0.56,14,0.56,0,24
1669,2,1,-11.786749,0.6,15,0.6,0,24
1670,0,-1,-0.0,0.6,15,0.6,0,24
1671,0,-1,17.680079,0.56,14,0.56,0,24
1672,0,-1,-0.06775084,0.56,14,0.56,0,24
1673,1,0,0.0,0.56,14,0.56,0,24
1674,2,1,-14.731813,0.68,17,0.68,0,24
1675,0,-1,-0.0019462601,0.68,17,0.68,0,24
1676,1,0,0.0,0.68,17,0.68,0,24
1677,0,-1,-0.0019154127,0.68,17,0.68,0,24
1678,2,1,-22.675793,0.72,18,0.72,0,24
1679,2,1,-45.34723,0.8,20,0.8,0,24
1680,0,-1,-0.0020252368,0.8,20,0.8,0,24
1681,1,0,0.0,0.8,20,0.8,0,24
1682,1,0,0.0,0.8,20,0.8,0,24
1683,1,0,0.0,0.8,20,0.8,0,24
1684,1,0,0.0,0.8,20,0.8,1,24
1685,1,0,0.0,0.8,20,0.8,0,24
1686,2,1,-40.28611,0.84,21,0.84,0,24
1687,0,-1,-11.833646,0.84,21,0.84,0,24
1688,0,-1,80.5343,0.8,20,0.8,1,24
1689,0,-1,50.6543,0.76,19,0.76,0,24
1690,0,-1,-12.354486,0.76,19,0.76,0,24
1691,2,1,-16.08265,0.8,20,0.8,0,24
1692,1,0,0.0,0.8,20,0.8,0,24
1693,1,0,0.0,0.8,20,0.8,0,24
1694,0,-1,-0.0,0.8,20,0.8,0,24
1695,1,0,0.0,0.8,20,0.8,0,24
1696,0,-1,-0.0,0.8,20,0.8,0,24
1697,1,0,0.0,0.8,20,0.8,0,24
1698,1,0,0.0,0.8,20,0.8,0,24
1699,2,1,-38.73841,0.84,21,0.84,0,24
1700,0,-1,-6.6805243,0.84,21,0.84,0,24
1701,0,-1,-0.0006049092,0.84,21,0.84,0,24
1702,2,1,-286.20624,0.92,23,0.92,0,24
1703,1,0,0.0,0.92,23,0.92,0,24
1704,2,1,-598.72205,0.96,24,0.96,0,24
1705,1,0,0.0,0.96,24,0.96,0,24
1706,0,-1,-9.964368,0.96,24,0.96,0,24
1707,1,0,0.0,0.96,24,0.96,0,24
1708,0,-1,-14.509727,0.96,24,0.96,0,24
1709,0,-1,-0.007888345,0.96,24,0.96,0,24
1710,2,1,27.229603,1.0,25,1.0,0,24
1711,1,0,-1000.0,0.0,0,0.0,0,24
1712,2,1,28.364332,0.2,5,0.2,0,25
1713,1,0,0.0,0.2,5,0.2,0,25
1714,2,1,19.247265,0.28,7,0.28,0,25
1715,2,1,-4.847804,0.32,8,0.32,0,25
1716,1,0,0.0,0.32,8,0.32,0,25
1717,2,1,21.328568,0.36,9,0.36,0,25
1718,1,0,0.0,0.36,9,0.36,0,25
1719,2,1,13.010574,0.48,12,0.48,0,25
1720,2,1,-8.498275,0.52,13,0.52,0,25
1721,2,1,-21.708895,0.6,15,0.6,0,25
1722,2,1,-14.286521,0.64,16,0.64,0,25
1723,1,0,0.0,0.64,16,0.64,0,25
1724,1,0,0.0,0.64,16,0.64,0,25
1725,2,1,-17.735935,0.68,17,0.68,0,25
1726,0,-1,26.603907,0.64,16,0.64,0,25
1727,2,1,-45.24583,0.76,19,0.76,0,25
1728,1,0,0.0,0.76,19,0.76,0,25
1729,0,-1,-0.00054298685,0.76,19,0.76,0,25
1730,2,1,-10.70183,0.8,20,0.8,0,25
1731,1,0,0.0,0.8,20,0.8,0,25
1732,0,-1,-0.0,0.8,20,0.8,0,25
1733,0,-1,-0.0,0.8,20,0.8,0,25
1734,1,0,0.0,0.8,20,0.8,1,25
1735,0,-1,-0.0,0.8,20,0.8,0,25
1736,0,-1,62.97901,0.76,19,0.76,0,25
1737,0,-1,-0.0,0.76,19,0.76,0,25
1738,0,-1,-13.6812725,0.76,19,0.76,0,25
1739,2,1,-81.1344,0.84,21,0.84,0,25
1740,1,0,0.0,0.84,21,0.84,0,25
1741,0,-1,-0.0,0.84,21,0.84,0,25
1742,1,0,0.0,0.84,21,0.84,0,25
1743,0,-1,-0.0,0.84,21,0.84,0,25
1744,0,-1,94.20598,0.8,20,0.8,0,25
1745,1,0,0.0,0.8,20,0.8,0,25
1746,0,-1,62.978996,0.76,19,0.76,0,25
1747,1,0,0.0,0.76,19,0.76,0,25
1748,1,0,0.0,0.76,19,0.76,0,25
1749,1,0,0.0,0.76,19,0.76,0,25
1750,0,-1,-0.0,0.76,19,0.76,0,25
1751,1,0,0.0,0.76,19,0.76,0,25
1752,2,1,-104.79015,0.84,21,0.84,1,25
1753,1,0,0.0,0.84,21,0.84,0,25
1754,1,0,0.0,0.84,21,0.84,0,25
1755,2,1,-914.5008,0.96,24,0.96,0,25
1756,0,-1,-13.779849,0.96,24,0.96,0,25
1757,1,0,0.0,0.96,24,0.96,0,25
1758,2,1,20.771498,1.0,25,1.0,0,25
1759,0,-1,-1000.0,0.0,0,0.0,0,25
1760,1,0,0.0,0.16,4,0.16,0,26
1761,0,-1,-0.0,0.16,4,0.16,0,26
1762,1,0,0.0,0.16,4,0.16,0,26
1763,0,-1,-0.0,0.16,4,0.16,0,26
1764,0,-1,-0.0,0.16,4,0.16,0,26
1765,1,0,0.0,0.16,4,0.16,0,26
1766,0,-1,-0.0,0.16,4,0.16,0,26
1767,1,0,0.0,0.16,4,0.16,0,26
1768,2,1,-4.1407347,0.2,5,0.2,0,26
1769,0,-1,6.2116933,0.16,4,0.16,1,26
1770,2,1,21.946438,0.2,5,0.2,1,26
1771,0,-1,-0.0,0.2,5,0.2,0,26
1772,2,1,28.23477,0.24,6,0.24,0,26
1773,1,0,0.0,0.24,6,0.24,0,26
1774,0,-1,-7.3551617,0.2,5,0.2,0,26
1775,0,-1,-10.045035,0.16,4,0.16,0,26
1776,1,0,0.0,0.16,4,0.16,0,26
1777,0,-1,-0.0,0.16,4,0.16,0,26
1778,0,-1,-0.0,0.16,4,0.16,0,26
1779,2,1,26.002306,0.2,5,0.2,0,26
1780,0,-1,-0.0,0.2,5,0.2,0,26
1781,1,0,0.0,0.2,5,0.2,0,26
1782,0,-1,-8.859827,0.16,4,0.16,0,26
1783,2,1,28.372723,0.2,5,0.2,0,26
1784,0,-1,-0.0,0.2,5,0.2,0,26
1785,2,1,27.810223,0.24,6,0.24,0,26
1786,2,1,26.34868,0.28,7,0.28,0,26
1787,2,1,25.664158,0.32,8,0.32,0,26
1788,1,0,0.0,0.32,8,0.32,0,26
1789,0,-1,-0.0,0.32,8,0.32,0,26
1790,0,-1,-0.0,0.32,8,0.32,0,26
1791,0,-1,-8.160593,0.28,7,0.28,0,26
1792,2,1,25.295662,0.32,8,0.32,0,26
1793,2,1,19.571737,0.4,10,0.4,0,26
1794,1,0,0.0,0.4,10,0.4,0,26
1795,2,1,17.0545,0.48,12,0.48,1,26
1796,2,1,11.871972,0.56,14,0.56,0,26
1797,0,-1,-10.270898,0.56,14,0.56,0,26
1798,0,-1,0.6128816,0.52,13,0.52,0,26
1799,2,1,-7.0351686,0.64,16,0.64,0,26
1800,2,1,-14.118498,0.72,18,0.72,0,26
1801,1,0,0.0,0.72,18,0.72,0,26
1802,0,-1,-13.716595,0.72,18,0.72,0,26
1803,2,1,-2.3752248,0.76,19,0.76,0,26
1804,2,1,-179.62407,0.88,22,0.88,0,26
1805,0,-1,144.43047,0.84,21,0.84,0,26
1806,1,0,0.0,0.84,21,0.84,0,26
1807,0,-1,80.55503,0.8,20,0.8,0,26
1808,0,-1,-0.0,0.8,20,0.8,0,26
1809,0,-1,49.38445,0.76,19,0.76,0,26
1810,1,0,0.0,0.76,19,0.76,0,26
1811,1,0,0.0,0.76,19,0.76,0,26
1812,2,1,-18.327385,0.8,20,0.8,0,26
1813,2,1,-35.42596,0.84,21,0.84,0,26
1814,0,-1,80.517166,0.8,20,0.8,0,26
1815,0,-1,49.117672,0.76,19,0.76,0,26
1816,1,0,0.0,0.76,19,0.76,1,26
1817,2,1,-75.907364,0.84,21,0.84,0,26
1818,0,-1,-0.0,0.84,21,0.84,0,26
1819,2,1,-80.00947,0.88,22,0.88,0,26
1820,0,-1,-0.0,0.88,22,0.88,0,26
1821,0,-1,-0.0,0.88,22,0.88,0,26
1822,1,0,0.0,0.88,22,0.88,1,26
1823,2,1,-183.16504,0.92,23,0.92,0,26
1824,0,-1,-0.0,0.92,23,0.92,0,26
1825,2,1,25.88343,1.0,25,1.0,0,26
1826,1,0,-1000.0,0.0,0,0.0,0,26
1827,1,0,0.0,0.16,4,0.16,0,27
1828,2,1,28.346605,0.2,5,0.2,0,27
1829,0,-1,-10.031977,0.16,4,0.16,0,27
1830,0,-1,-0.0,0.16,4,0.16,0,27
1831,2,1,28.346605,0.2,5,0.2,0,27
1832,2,1,23.968313,0.28,7,0.28,0,27
1833,0,-1,-0.0,0.28,7,0.28,0,27
1834,1,0,0.0,0.28,7,0.28,0,27
1835,2,1,-4.847297,0.32,8,0.32,0,27
1836,1,0,0.0,0.32,8,0.32,0,27
1837,2,1,-5.2804523,0.36,9,0.36,0,27
1838,1,0,0.0,0.36,9,0.36,0,27
1839,2,1,25.459835,0.4,10,0.4,0,27
1840,0,-1,-6.897648,0.36,9,0.36,0,27
1841,1,0,0.0,0.36,9,0.36,0,27
1842,2,1,-5.829461,0.4,10,0.4,0,27
1843,2,1,9.051798,0.52,13,0.52,0,27
1844,0,-1,-0.0,0.52,13,0.52,0,27
1845,0,-1,-0.081719734,0.52,13,0.52,0,27
1846,0,-1,12.747454,0.48,12,0.48,1,27
1847,0,-1,-0.0,0.48,12,0.48,0,27
1848,0,-1,-1.423381,0.44,11,0.44,0,27
1849,1,0,0.0,0.44,11,0.44,0,27
1850,0,-1,-10.486278,0.44,11,0.44,0,27
1851,2,1,16.492092,0.48,12,0.48,0,27
1852,0,-1,-0.8541501,0.44,11,0.44,0,27
1853,2,1,13.112812,0.52,13,0.52,0,27
1854,2,1,18.38541,0.56,14,0.56,0,27
1855,0,-1,-12.551253,0.56,14,0.56,0,27
1856,2,1,17.84162,0.6,15,0.6,0,27
1857,2,1,-3.2900949,0.68,17,0.68,1,27
1858,2,1,4.132427,0.72,18,0.72,0,27
1859,2,1,-107.97609,0.84,21,0.84,1,27
1860,0,-1,-8.956677,0.84,21,0.84,0,27
1861,0,-1,-12.814455,0.84,21,0.84,0,27
1862,1,0,0.0,0.84,21,0.84,0,27
1863,1,0,0.0,0.84,21,0.84,0,27
1864,0,-1,-14.917529,0.84,21,0.84,0,27
1865,0,-1,-0.0005567226,0.84,21,0.84,0,27
1866,1,0,0.0,0.84,21,0.84,0,27
1867,0,-1,81.92297,0.8,20,0.8,0,27
1868,0,-1,-10.399465,0.8,20,0.8,0,27
1869,2,1,-35.067993,0.84,21,0.84,0,27
1870,0,-1,-1.7997513e-07,0.84,21,0.84,0,27
1871,0,-1,81.19353,0.8,20,0.8,0,27
1872,0,-1,-0.0019229352,0.8,20,0.8,0,27
1873,1,0,0.0,0.8,20,0.8,0,27
1874,1,0,0.0,0.8,20,0.8,0,27
1875,1,0,0.0,0.8,20,0.8,0,27
1876,1,0,0.0,0.8,20,0.8,0,27
1877,0,-1,-0.0017682838,0.8,20,0.8,0,27
1878,2,1,-36.7788,0.84,21,0.84,0,27
1879,1,0,0.0,0.84,21,0.84,0,27
1880,0,-1,-0.0,0.84,21,0.84,0,27
1881,1,0,0.0,0.84,21,0.84,1,27
1882,0,-1,-12.782329,0.84,21,0.84,0,27
1883,0,-1,81.18118,0.8,20,0.8,0,27
1884,1,0,0.0,0.8,20,0.8,0,27
1885,1,0,0.0,0.8,20,0.8,0,27
1886,0,-1,-10.172203,0.8,20,0.8,0,27
1887,0,-1,-13.173705,0.8,20,0.8,0,27
1888,0,-1,49.34077,0.76,19,0.76,0,27
1889,0,-1,-7.4075586e-05,0.76,19,0.76,0,27
1890,0,-1,-6.9295485e-05,0.76,19,0.76,0,27
1891,0,-1,31.54627,0.72,18,0.72,0,27
1892,2,1,-45.601208,0.8,20,0.8,0,27
1893,0,-1,49.115917,0.76,19,0.76,0,27
1894,1,0,0.0,0.76,19,0.76,1,27
1895,0,-1,29.952276,0.72,18,0.72,0,27
1896,1,0,0.0,0.72,18,0.72,0,27
1897,0,-1,21.127604,0.68,17,0.68,0,27
1898,1,0,0.0,0.68,17,0.68,0,27
1899,1,0,0.0,0.68,17,0.68,0,27
1900,2,1,-26.091375,0.76,19,0.76,0,27
1901,0,-1,-5.5808638e-08,0.76,19,0.76,0,27
1902,0,-1,32.01049,0.72,18,0.72,0,27
1903,2,1,-6.354661,0.76,19,0.76,0,27
1904,0,-1,33.275238,0.72,18,0.72,0,27
1905,0,-1,19.821705,0.68,17,0.68,0,27
1906,2,1,0.6230662,0.72,18,0.72,1,27
1907,1,0,0.0,0.72,18,0.72,0,27
1908,0,-1,-10.16789,0.72,18,0.72,0,27
1909,1,0,0.0,0.72,18,0.72,0,27
1910,0,-1,19.230078,0.68,17,0.68,0,27
1911,1,0,0.0,0.68,17,0.68,0,27
1912,2,1,-0.92217696,0.72,18,0.72,0,27
1913,0,-1,21.10741,0.68,17,0.68,0,27
1914,0,-1,11.013199,0.64,16,0.64,0,27
1915,0,-1,-0.0,0.64,16,0.64,0,27
1916,2,1,0.1514703,0.68,17,0.68,0,27
1917,0,-1,12.267028,0.64,16,0.64,0,27
1918,1,0,0.0,0.64,16,0.64,0,27
1919,0,-1,-1.5268979e-06,0.64,16,0.64,0,27
1920,1,0,0.0,0.64,16,0.64,0,27
1921,0,-1,-0.0,0.64,16,0.64,0,27
1922,2,1,-1.0475502,0.68,17,0.68,0,27
1923,2,1,-0.7991834,0.72,18,0.72,0,27
1924,1,0,0.0,0.72,18,0.72,0,27
1925,2,1,1.0834211,0.76,19,0.76,0,27
1926,0,-1,-1.4290674e-06,0.76,19,0.76,1,27
1927,1,0,0.0,0.76,19,0.76,0,27
1928,0,-1,36.720253,0.72,18,0.72,0,27
1929,0,-1,19.991262,0.68,17,0.68,1,27
1930,0,-1,12.99853,0.64,16,0.64,0,27
1931,1,0,0.0,0.64,16,0.64,0,27
1932,2,1,8.178751,0.68,17,0.68,0,27
1933,0,-1,-0.0,0.68,17,0.68,0,27
1934,0,-1,15.547285,0.64,16,0.64,0,27
1935,2,1,9.030997,0.68,17,0.68,0,27
1936,0,-1,13.646564,0.64,16,0.64,0,27
1937,1,0,0.0,0.64,16,0.64,0,27
1938,0,-1,8.046323,0.6,15,0.6,0,27
1939,0,-1,2.1181674,0.56,14,0.56,0,27
1940,2,1,-9.180551,0.64,16,0.64,0,27
1941,0,-1,9.097086,0.6,15,0.6,0,27
1942,2,1,0.06978879,0.64,16,0.64,0,27
1943,0,-1,14.251633,0.6,15,0.6,0,27
1944,1,0,0.0,0.6,15,0.6,0,27
1945,0,-1,-13.874672,0.6,15,0.6,0,27
1946,0,-1,-0.0,0.6,15,0.6,0,27
1947,2,1,4.9769793,0.64,16,0.64,0,27
1948,0,-1,-0.0,0.64,16,0.64,0,27
1949,0,-1,-0.0016946152,0.64,16,0.64,0,27
1950,0,-1,13.83943,0.6,15,0.6,0,27
1951,0,-1,-0.0,0.6,15,0.6,0,27
1952,1,0,0.0,0.6,15,0.6,0,27
1953,1,0,0.0,0.6,15,0.6,0,27
1954,1,0,0.0,0.6,15,0.6,0,27
1955,1,0,0.0,0.6,15,0.6,0,27
1956,1,0,0.0,0.6,15,0.6,1,27
1957,0,-1,-13.61915,0.6,15,0.6,0,27
1958,1,0,0.0,0.6,15,0.6,0,27
1959,0,-1,1.5681525,0.56,14,0.56,0,27
1960,0,-1,6.4969134,0.52,13,0.52,0,27
1961,0,-1,-3.7027621,0.48,12,0.48,0,27
1962,0,-1,-3.089732,0.44,11,0.44,0,27
1963,2,1,2.5429378,0.56,14,0.56,0,27
1964,0,-1,-0.0016407835,0.56,14,0.56,0,27
1965,0,-1,5.244069,0.52,13,0.52,0,27
1966,0,-1,4.850103,0.48,12,0.48,0,27
1967,1,0,0.0,0.48,12,0.48,0,27
1968,0,-1,-0.0,0.48,12,0.48,0,27
1969,2,1,13.259248,0.52,13,0.52,0,27
1970,0,-1,3.4199402,0.48,12,0.48,0,27
1971,2,1,-11.839752,0.64,16,0.64,0,27
1972,2,1,-12.220095,0.72,18,0.72,0,27
1973,0,-1,-0.0,0.72,18,0.72,0,27
1974,1,0,0.0,0.72,18,0.72,0,27
1975,0,-1,25.743263,0.68,17,0.68,1,27
1976,1,0,0.0,0.68,17,0.68,0,27
1977,1,0,0.0,0.68,17,0.68,0,27
1978,2,1,-2.2098386,0.72,18,0.72,0,27
1979,0,-1,24.266272,0.68,17,0.68,0,27
1980,1,0,0.0,0.68,17,0.68,0,27
1981,0,-1,-34.62827,0.72,18,0.72,0,27
1982,0,-1,23.78075,0.68,17,0.68,0,27
1983,2,1,-24.656975,0.76,19,0.76,0,27
1984,0,-1,33.39046,0.72,18,0.72,0,27
1985,1,0,0.0,0.72,18,0.72,0,27
1986,1,0,0.0,0.72,18,0.72,0,27
1987,1,0,0.0,0.72,18,0.72,0,27
1988,2,1,0.69061977,0.76,19,0.76,0,27
1989,0,-1,-0.0,0.76,19,0.76,0,27
1990,0,-1,29.752598,0.72,18,0.72,0,27
1991,0,-1,-0.0,0.72,18,0.72,0,27
1992,0,-1,-0.004189421,0.72,18,0.72,0,27
1993,1,0,0.0,0.72,18,0.72,0,27
1994,0,-1,-0.0,0.72,18,0.72,0,27
1995,1,0,0.0,0.72,18,0.72,0,27
1996,2,1,0.69061977,0.76,19,0.76,0,27
1997,2,1,-23.025423,0.8,20,0.8,0,27
1998,1,0,0.0,0.8,20,0.8,0,27
1999,0,-1,52.079365,0.76,19,0.76,0,27
2000,0,-1,34.05843,0.72,18,0.72,0,27
2001,2,1,-0.2443252,0.76,19,0.76,0,27
2002,0,-1,30.22007,0.72,18,0.72,0,27
2003,1,0,0.0,0.72,18,0.72,0,27
2004,2,1,-42.187187,0.8,20,0.8,0,27
2005,0,-1,-0.0,0.8,20,0.8,1,27
2006,2,1,-141.23325,0.88,22,0.88,0,27
2007,0,-1,-0.00013467921,0.88,22,0.88,0,27
2008,0,-1,-12.619685,0.88,22,0.88,0,27
2009,1,0,0.0,0.88,22,0.88,0,27
2010,0,-1,-0.0,0.88,22,0.88,0,27
2011,1,0,0.0,0.88,22,0.88,0,27
2012,2,1,-178.98009,0.92,23,0.92,0,27
2013,1,0,0.0,0.92,23,0.92,0,27
2014,1,0,0.0,0.92,23,0.92,0,27
2015,1,0,0.0,0.92,23,0.92,0,27
2016,0,-1,300.78073,0.88,22,0.88,0,27
2017,0,-1,147.19086,0.84,21,0.84,0,27
2018,1,0,0.0,0.84,21,0.84,0,27
2019,1,0,0.0,0.84,21,0.84,0,27
2020,0,-1,-13.4354315,0.84,21,0.84,0,27
2021,0,-1,-0.0,0.84,21,0.84,0,27
2022,0,-1,-0.0,0.84,21,0.84,0,27
2023,1,0,0.0,0.84,21,0.84,0,27
2024,2,1,-284.28683,0.92,23,0.92,0,27
2025,0,-1,299.32428,0.88,22,0.88,0,27
2026,0,-1,144.72934,0.84,21,0.84,0,27
2027,0,-1,79.39083,0.8,20,0.8,0,27
2028,0,-1,50.059807,0.76,19,0.76,0,27
2029,2,1,-12.355128,0.8,20,0.8,0,27
2030,0,-1,50.639313,0.76,19,0.76,0,27
2031,1,0,0.0,0.76,19,0.76,0,27
2032,2,1,-75.27888,0.84,21,0.84,0,27
2033,0,-1,-0.0,0.84,21,0.84,0,27
2034,2,1,-293.42044,0.92,23,0.92,0,27
2035,1,0,0.0,0.92,23,0.92,1,27
2036,1,0,0.0,0.92,23,0.92,0,27
2037,0,-1,298.62985,0.88,22,0.88,0,27
2038,2,1,-184.68481,0.92,23,0.92,0,27
2039,0,-1,297.64166,0.88,22,0.88,0,27
2040,0,-1,-9.817334,0.88,22,0.88,0,27
2041,0,-1,-0.0,0.88,22,0.88,0,27
2042,2,1,-811.9592,0.96,24,0.96,0,27
2043,1,0,0.0,0.96,24,0.96,0,27
2044,0,-1,925.93585,0.92,23,0.92,0,27
2045,2,1,-595.07336,0.96,24,0.96,1,27
2046,1,0,0.0,0.96,24,0.96,0,27
2047,1,0,0.0,0.96,24,0.96,0,27
2048,0,-1,-0.0,0.96,24,0.96,0,27
2049,2,1,-1000.0,0.0,0,0.0,0,27
2050,1,0,0.0,0.16,4,0.16,0,28
2051,0,-1,-0.0,0.16,4,0.16,0,28
2052,2,1,28.364332,0.2,5,0.2,0,28
2053,1,0,0.0,0.2,5,0.2,0,28
2054,1,0,0.0,0.2,5,0.2,0,28
2055,0,-1,-0.0,0.2,5,0.2,0,28
2056,0,-1,-0.0,0.2,5,0.2,0,28
2057,0,-1,-0.0,0.2,5,0.2,0,28
2058,2,1,23.955872,0.28,7,0.28,0,28
2059,2,1,-4.847297,0.32,8,0.32,0,28
2060,0,-1,7.2716193,0.28,7,0.28,0,28
2061,1,0,0.0,0.28,7,0.28,0,28
2062,0,-1,-0.07821054,0.28,7,0.28,0,28
2063,2,1,13.033225,0.4,10,0.4,0,28
2064,0,-1,-0.0,0.4,10,0.4,0,28
2065,0,-1,-0.0019462601,0.4,10,0.4,0,28
2066,0,-1,-5.5062056,0.36,9,0.36,0,28
2067,2,1,15.906646,0.44,11,0.44,0,28
2068,0,-1,-0.0,0.44,11,0.44,1,28
2069,2,1,14.012869,0.48,12,0.48,0,28
2070,1,0,0.0,0.48,12,0.48,0,28
2071,2,1,4.8000174,0.52,13,0.52,0,28
2072,0,-1,2.0450869,0.48,12,0.48,0,28
2073,2,1,2.7220197,0.52,13,0.52,0,28
2074,0,-1,-1.2398372,0.48,12,0.48,0,28
2075,0,-1,-2.1266837,0.44,11,0.44,0,28
2076,2,1,15.529819,0.52,13,0.52,0,28
2077,1,0,0.0,0.52,13,0.52,0,28
2078,1,0,0.0,0.52,13,0.52,0,28
2079,1,0,0.0,0.52,13,0.52,0,28
2080,0,-1,-0.085767366,0.52,13,0.52,0,28
2081,0,-1,-0.0,0.52,13,0.52,0,28
2082,2,1,8.019736,0.6,15,0.6,0,28
2083,1,0,0.0,0.6,15,0.6,1,28
2084,2,1,-3.4467509,0.68,17,0.68,0,28
2085,1,0,0.0,0.68,17,0.68,0,28
2086,0,-1,-13.300581,0.68,17,0.68,0,28
2087,0,-1,-0.06469418,0.68,17,0.68,0,28
2088,1,0,0.0,0.68,17,0.68,0,28
2089,1,0,0.0,0.68,17,0.68,0,28
2090,0,-1,-0.0,0.68,17,0.68,0,28
2091,2,1,-128.37662,0.84,21,0.84,0,28
2092,0,-1,-0.0018762884,0.84,21,0.84,0,28
2093,0,-1,-0.01120553,0.84,21,0.84,0,28
2094,1,0,0.0,0.84,21,0.84,0,28
2095,0,-1,-0.0019135893,0.84,21,0.84,0,28
2096,2,1,-286.05917,0.92,23,0.92,0,28
2097,2,1,28.676245,1.0,25,1.0,0,28
2098,0,-1,-1000.0,0.0,0,0.0,0,28
2099,1,0,0.0,0.16,4,0.16,0,29
2100,2,1,-4.1406527,0.2,5,0.2,0,29
2101,1,0,0.0,0.2,5,0.2,0,29
2102,1,0,0.0,0.2,5,0.2,0,29
2103,2,1,23.70996,0.28,7,0.28,0,29
2104,1,0,0.0,0.28,7,0.28,0,29
2105,0,-1,-0.0,0.28,7,0.28,0,29
2106,1,0,0.0,0.28,7,0.28,0,29
2107,2,1,-4.847379,0.32,8,0.32,0,29
2108,0,-1,-0.13717945,0.32,8,0.32,0,29
2109,2,1,21.641457,0.4,10,0.4,0,29
2110,2,1,24.763365,0.44,11,0.44,0,29
2111,2,1,-7.391865,0.48,12,0.48,0,29
2112,0,-1,-0.0,0.48,12,0.48,0,29
2113,2,1,19.758776,0.52,13,0.52,0,29
2114,0,-1,12.747386,0.48,12,0.48,0,29
2115,2,1,-8.498307,0.52,13,0.52,0,29
2116,0,-1,-0.0,0.52,13,0.52,0,29
2117,1,0,0.0,0.52,13,0.52,0,29
2118,0,-1,-2.8946202,0.48,12,0.48,0,29
2119,2,1,1.2555771,0.6,15,0.6,0,29
2120,1,0,0.0,0.6,15,0.6,0,29
2121,1,0,0.0,0.6,15,0.6,0,29
2122,1,0,0.0,0.6,15,0.6,1,29
2123,1,0,0.0,0.6,15,0.6,0,29
2124,0,-1,3.5195138,0.56,14,0.56,0,29
2125,0,-1,-9.028406,0.56,14,0.56,0,29
2126,0,-1,6.474727,0.52,13,0.52,0,29
2127,0,-1,-0.0,0.52,13,0.52,0,29
2128,2,1,8.099465,0.6,15,0.6,0,29
2129,2,1,-25.525547,0.72,18,0.72,0,29
2130,0,-1,20.355978,0.68,17,0.68,0,29
2131,0,-1,-0.093395256,0.68,17,0.68,0,29
2132,0,-1,26.60389,0.64,16,0.64,0,29
2133,1,0,0.0,0.64,16,0.64,0,29
2134,0,-1,11.061471,0.6,15,0.6,0,29
2135,1,0,0.0,0.6,15,0.6,0,29
2136,0,-1,-0.0,0.6,15,0.6,0,29
2137,0,-1,-12.544609,0.6,15,0.6,0,29
2138,1,0,0.0,0.6,15,0.6,0,29
2139,2,1,13.4645815,0.64,16,0.64,0,29
2140,0,-1,21.429502,0.6,15,0.6,0,29
2141,0,-1,-0.0,0.6,15,0.6,0,29
2142,0,-1,-0.0,0.6,15,0.6,0,29
2143,0,-1,3.804819,0.56,14,0.56,0,29
2144,2,1,1.8712213,0.64,16,0.64,0,29
2145,0,-1,-0.0,0.64,16,0.64,0,29
2146,0,-1,-0.0,0.64,16,0.64,0,29
2147,0,-1,-0.0,0.64,16,0.64,1,29
2148,0,-1,-9.508859,0.64,16,0.64,0,29
2149,0,-1,-6.289618,0.64,16,0.64,0,29
2150,2,1,-83.26246,0.8,20,0.8,0,29
2151,1,0,0.0,0.8,20,0.8,0,29
2152,1,0,0.0,0.8,20,0.8,0,29
2153,1,0,0.0,0.8,20,0.8,0,29
2154,0,-1,-0.0,0.8,20,0.8,0,29
2155,0,-1,49.32819,0.76,19,0.76,0,29
2156,1,0,0.0,0.76,19,0.76,0,29
2157,1,0,0.0,0.76,19,0.76,0,29
2158,0,-1,-12.238642,0.76,19,0.76,0,29
2159,1,0,0.0,0.76,19,0.76,0,29
2160,0,-1,-0.0023050383,0.76,19,0.76,0,29
2161,2,1,-77.80375,0.84,21,0.84,0,29
2162,1,0,0.0,0.84,21,0.84,0,29
2163,1,0,0.0,0.84,21,0.84,0,29
2164,1,0,0.0,0.84,21,0.84,0,29
2165,2,1,-286.43387,0.92,23,0.92,0,29
2166,1,0,0.0,0.92,23,0.92,0,29
2167,0,-1,-0.0019929248,0.92,23,0.92,0,29
2168,0,-1,299.59943,0.88,22,0.88,0,29
2169,2,1,-807.318,0.96,24,0.96,0,29
2170,0,-1,-0.0026859979,0.96,24,0.96,0,29
2171,0,-1,-1.2051958e-05,0.96,24,0.96,0,29
2172,0,-1,-0.056088746,0.96,24,0.96,0,29
2173,0,-1,924.5798,0.92,23,0.92,0,29
2174,0,-1,300.03525,0.88,22,0.88,1,29
2175,0,-1,142.63475,0.84,21,0.84,0,29
2176,2,1,-85.33924,0.88,22,0.88,0,29
2177,2,1,-182.85332,0.92,23,0.92,0,29
2178,0,-1,-0.0,0.92,23,0.92,0,29
2179,1,0,0.0,0.92,23,0.92,0,29
2180,2,1,-1000.0,0.0,0,0.0,0,29
2181,0,-1,-0.0,0.16,4,0.16,0,30
2182,0,-1,-0.0,0.16,4,0.16,0,30
2183,0,-1,-0.0,0.16,4,0.16,0,30
2184,1,0,0.0,0.16,4,0.16,0,30
2185,2,1,28.346605,0.2,5,0.2,0,30
2186,0,-1,-10.031977,0.16,4,0.16,0,30
2187,0,-1,-0.0,0.16,4,0.16,0,30
2188,2,1,28.364332,0.2,5,0.2,0,30
2189,1,0,0.0,0.2,5,0.2,0,30
2190,0,-1,-0.0,0.2,5,0.2,0,30
2191,1,0,0.0,0.2,5,0.2,0,30
2192,2,1,-4.278605,0.24,6,0.24,0,30
2193,2,1,-4.5163865,0.28,7,0.28,0,30
2194,2,1,23.19499,0.32,8,0.32,0,30
2195,1,0,0.0,0.32,8,0.32,0,30
2196,2,1,-5.2804775,0.36,9,0.36,0,30
2197,2,1,-5.4097548,0.56,14,0.56,0,30
2198,2,1,-26.073273,0.64,16,0.64,0,30
2199,0,-1,8.35962,0.6,15,0.6,0,30
2200,0,-1,-0.08387065,0.6,15,0.6,0,30
2201,0,-1,2.0356426,0.56,14,0.56,0,30
2202,0,-1,-0.0,0.56,14,0.56,0,30
2203,1,0,0.0,0.56,14,0.56,0,30
2204,2,1,-11.786749,0.6,15,0.6,0,30
2205,0,-1,-0.097406484,0.6,15,0.6,0,30
2206,1,0,0.0,0.6,15,0.6,0,30
2207,0,-1,-0.0,0.6,15,0.6,1,30
2208,1,0,0.0,0.6,15,0.6,1,30
2209,0,-1,-1.1405007,0.6,15,0.6,0,30
2210,2,1,-21.769045,0.68,17,0.68,0,30
2211,0,-1,23.385233,0.64,16,0.64,0,30
2212,0,-1,7.9838414,0.6,15,0.6,0,30
2213,2,1,-28.351337,0.68,17,0.68,0,30
2214,2,1,5.678481,0.72,18,0.72,1,30
2215,0,-1,-0.0,0.72,18,0.72,0,30
2216,0,-1,19.812311,0.68,17,0.68,0,30
2217,2,1,-26.474646,0.76,19,0.76,0,30
2218,0,-1,30.961426,0.72,18,0.72,0,30
2219,0,-1,27.518318,0.68,17,0.68,0,30
2220,0,-1,-0.62074125,0.68,17,0.68,0,30
2221,0,-1,-13.790605,0.68,17,0.68,0,30
2222,0,-1,-0.0,0.68,17,0.68,0,30
2223,0,-1,-0.078855015,0.68,17,0.68,0,30
2224,0,-1,-0.08371508,0.68,17,0.68,1,30
2225,0,-1,-13.4176235,0.68,17,0.68,0,30
2226,0,-1,-0.0,0.68,17,0.68,0,30
2227,0,-1,-0.0,0.68,17,0.68,0,30
2228,1,0,0.0,0.68,17,0.68,0,30
2229,2,1,-9.212586,0.72,18,0.72,0,30
2230,0,-1,-0.0,0.72,18,0.72,0,30
2231,0,-1,30.269156,0.68,17,0.68,0,30
2232,1,0,0.0,0.68,17,0.68,0,30
2233,0,-1,-15.991162,0.68,17,0.68,0,30
2234,0,-1,-0.05740338,0.68,17,0.68,0,30
2235,1,0,0.0,0.68,17,0.68,0,30
2236,1,0,0.0,0.68,17,0.68,0,30
2237,1,0,0.0,0.68,17,0.68,0,30
2238,0,-1,19.872288,0.64,16,0.64,1,30
2239,0,-1,19.069294,0.6,15,0.6,0,30
2240,0,-1,-0.0,0.6,15,0.6,0,30
2241,2,1,10.282795,0.64,16,0.64,0,30
2242,1,0,0.0,0.64,16,0.64,0,30
2243,1,0,0.0,0.64,16,0.64,0,30
2244,0,-1,9.598617,0.6,15,0.6,0,30
2245,0,-1,-2.693342,0.6,15,0.6,0,30
2246,2,1,14.6549425,0.64,16,0.64,0,30
2247,0,-1,-13.852694,0.64,16,0.64,0,30
2248,1,0,0.0,0.64,16,0.64,0,30
2249,2,1,-11.806629,0.72,18,0.72,0,30
2250,1,0,0.0,0.72,18,0.72,0,30
2251,0,-1,32.75316,0.68,17,0.68,0,30
2252,1,0,0.0,0.68,17,0.68,0,30
2253,0,-1,12.133174,0.64,16,0.64,0,30
2254,0,-1,-0.0,0.64,16,0.64,0,30
2255,0,-1,-6.3948846e-14,0.64,16,0.64,0,30
2256,2,1,-14.444878,0.68,17,0.68,0,30
2257,0,-1,-15.808303,0.68,17,0.68,0,30
2258,0,-1,14.319248,0.64,16,0.64,0,30
2259,0,-1,-0.0,0.64,16,0.64,0,30
2260,1,0,0.0,0.64,16,0.64,0,30
2261,0,-1,-0.1280348,0.64,16,0.64,1,30
2262,0,-1,17.514797,0.6,15,0.6,1,30
2263,0,-1,-0.0,0.6,15,0.6,0,30
2264,2,1,16.998478,0.64,16,0.64,0,30
2265,0,-1,7.0752873,0.6,15,0.6,0,30
2266,0,-1,7.0027122,0.56,14,0.56,0,30
2267,0,-1,-14.347917,0.56,14,0.56,0,30
2268,1,0,0.0,0.56,14,0.56,0,30
2269,0,-1,8.5389805,0.52,13,0.52,0,30
2270,2,1,8.1119995,0.6,15,0.6,0,30
2271,0,-1,9.670916,0.56,14,0.56,0,30
2272,0,-1,0.102117874,0.52,13,0.52,0,30
2273,0,-1,-1.7591755,0.48,12,0.48,0,30
2274,2,1,22.526709,0.52,13,0.52,0,30
2275,0,-1,9.627987,0.48,12,0.48,0,30
2276,2,1,20.93809,0.52,13,0.52,0,30
2277,0,-1,-1.867784,0.48,12,0.48,0,30
2278,2,1,11.233584,0.56,14,0.56,0,30
2279,1,0,0.0,0.56,14,0.56,0,30
2280,0,-1,-0.0,0.56,14,0.56,0,30
2281,1,0,0.0,0.56,14,0.56,0,30
2282,2,1,-13.939034,0.68,17,0.68,1,30
2283,0,-1,-0.0,0.68,17,0.68,0,30
2284,0,-1,-13.5734625,0.68,17,0.68,0,30
2285,2,1,-25.268393,0.76,19,0.76,0,30
2286,0,-1,32.57566,0.72,18,0.72,0,30
2287,0,-1,-0.0,0.72,18,0.72,0,30
2288,1,0,0.0,0.72,18,0.72,0,30
2289,1,0,0.0,0.72,18,0.72,0,30
2290,1,0,0.0,0.72,18,0.72,1,30
2291,0,-1,24.662735,0.68,17,0.68,0,30
2292,0,-1,12.82717,0.64,16,0.64,0,30
2293,1,0,0.0,0.64,16,0.64,0,30
2294,0,-1,8.151312,0.6,15,0.6,0,30
2295,0,-1,-0.0,0.6,15,0.6,0,30
2296,0,-1,3.9702802,0.56,14,0.56,0,30
2297,1,0,0.0,0.56,14,0.56,0,30
2298,2,1,17.752502,0.6,15,0.6,0,30
2299,0,-1,3.933312,0.56,14,0.56,0,30
2300,2,1,-37.25586,0.72,18,0.72,0,30
2301,0,-1,19.244038,0.68,17,0.68,0,30
2302,0,-1,-0.003129792,0.68,17,0.68,0,30
2303,0,-1,-0.0027631633,0.68,17,0.68,0,30
2304,0,-1,-15.101605,0.68,17,0.68,0,30
2305,0,-1,-12.793966,0.68,17,0.68,0,30
2306,1,0,0.0,0.68,17,0.68,0,30
2307,1,0,0.0,0.68,17,0.68,0,30
2308,2,1,-26.22587,0.76,19,0.76,0,30
2309,2,1,-77.436905,0.84,21,0.84,0,30
2310,0,-1,-0.0,0.84,21,0.84,0,30
2311,0,-1,-0.0030611116,0.84,21,0.84,0,30
2312,0,-1,-0.0,0.84,21,0.84,0,30
2313,2,1,-911.1992,0.96,24,0.96,0,30
2314,0,-1,-0.0013752155,0.96,24,0.96,0,30
2315,0,-1,924.3667,0.92,23,0.92,0,30
2316,0,-1,-4.054865e-09,0.92,23,0.92,0,30
2317,0,-1,299.4433,0.88,22,0.88,1,30
2318,0,-1,-13.440199,0.88,22,0.88,0,30
2319,0,-1,-10.53976,0.88,22,0.88,0,30
2320,0,-1,144.5685,0.84,21,0.84,0,30
2321,1,0,0.0,0.84,21,0.84,0,30
2322,0,-1,79.506096,0.8,20,0.8,0,30
2323,0,-1,49.580376,0.76,19,0.76,0,30
2324,1,0,0.0,0.76,19,0.76,0,30
2325,0,-1,-2.5995348e-07,0.76,19,0.76,1,30
2326,1,0,0.0,0.76,19,0.76,0,30
2327,0,-1,31.465527,0.72,18,0.72,0,30
2328,1,0,0.0,0.72,18,0.72,0,30
2329,0,-1,-0.0,0.72,18,0.72,0,30
2330,1,0,0.0,0.72,18,0.72,0,30
2331,1,0,0.0,0.72,18,0.72,1,30
2332,1,0,0.0,0.72,18,0.72,0,30
2333,1,0,0.0,0.72,18,0.72,0,30
2334,0,-1,21.431637,0.68,17,0.68,0,30
2335,0,-1,13.4111,0.64,16,0.64,0,30
2336,1,0,0.0,0.64,16,0.64,0,30
2337,1,0,0.0,0.64,16,0.64,0,30
2338,1,0,0.0,0.64,16,0.64,0,30
2339,1,0,0.0,0.64,16,0.64,0,30
2340,2,1,7.816108,0.68,17,0.68,0,30
2341,0,-1,15.15206,0.64,16,0.64,0,30
2342,0,-1,8.653768,0.6,15,0.6,0,30
2343,0,-1,3.6916337,0.56,14,0.56,0,30
2344,1,0,0.0,0.56,14,0.56,0,30
2345,2,1,4.159047,0.64,16,0.64,0,30
2346,1,0,0.0,0.64,16,0.64,0,30
2347,0,-1,-13.4167185,0.64,16,0.64,0,30
2348,0,-1,-0.0031546042,0.64,16,0.64,0,30
2349,0,-1,-13.333698,0.64,16,0.64,0,30
2350,2,1,9.024117,0.68,17,0.68,0,30
2351,0,-1,12.237165,0.64,16,0.64,0,30
2352,1,0,0.0,0.64,16,0.64,0,30
2353,0,-1,8.049763,0.6,15,0.6,0,30
2354,1,0,0.0,0.6,15,0.6,0,30
2355,2,1,12.805917,0.64,16,0.64,0,30
2356,0,-1,-0.0031954919,0.64,16,0.64,0,30
2357,1,0,0.0,0.64,16,0.64,0,30
2358,2,1,10.862991,0.68,17,0.68,1,30
2359,0,-1,12.73263,0.64,16,0.64,0,30
2360,0,-1,-10.435436,0.64,16,0.64,0,30
2361,1,0,0.0,0.64,16,0.64,0,30
2362,2,1,-13.227209,0.72,18,0.72,0,30
2363,1,0,0.0,0.72,18,0.72,0,30
2364,0,-1,21.219358,0.68,17,0.68,0,30
2365,1,0,0.0,0.68,17,0.68,0,30
2366,1,0,0.0,0.68,17,0.68,0,30
2367,1,0,0.0,0.68,17,0.68,0,30
2368,1,0,0.0,0.68,17,0.68,0,30
2369,0,-1,-12.936553,0.68,17,0.68,0,30
2370,0,-1,-12.869043,0.68,17,0.68,0,30
2371,1,0,0.0,0.68,17,0.68,0,30
2372,1,0,0.0,0.68,17,0.68,0,30
2373,0,-1,-12.707406,0.68,17,0.68,0,30
2374,1,0,0.0,0.68,17,0.68,0,30
2375,2,1,2.9129465,0.72,18,0.72,0,30
2376,2,1,-106.169846,0.84,21,0.84,0,30
2377,2,1,-287.5776,0.92,23,0.92,0,30
2378,0,-1,-0.026711445,0.92,23,0.92,0,30
2379,0,-1,-0.045171805,0.92,23,0.92,0,30
2380,0,-1,301.13226,0.88,22,0.88,0,30
2381,0,-1,-14.251785,0.88,22,0.88,0,30
2382,0,-1,-0.0,0.88,22,0.88,0,30
2383,2,1,-805.3369,0.96,24,0.96,0,30
2384,1,0,0.0,0.96,24,0.96,0,30
2385,0,-1,926.3741,0.92,23,0.92,0,30
2386,1,0,0.0,0.92,23,0.92,1,30
2387,1,0,0.0,0.92,23,0.92,0,30
2388,0,-1,300.00964,0.88,22,0.88,0,30
2389,0,-1,-0.0,0.88,22,0.88,0,30
2390,1,0,0.0,0.88,22,0.88,0,30
2391,1,0,0.0,0.88,22,0.88,0,30
2392,0,-1,143.93404,0.84,21,0.84,0,30
2393,0,-1,-8.227528,0.84,21,0.84,0,30
2394,0,-1,79.869774,0.8,20,0.8,0,30
2395,1,0,0.0,0.8,20,0.8,0,30
2396,2,1,-35.660473,0.84,21,0.84,0,30
2397,0,-1,-0.0,0.84,21,0.84,0,30
2398,0,-1,80.63442,0.8,20,0.8,0,30
2399,0,-1,48.670742,0.76,19,0.76,0,30
2400,0,-1,31.394709,0.72,18,0.72,0,30
2401,1,0,0.0,0.72,18,0.72,0,30
2402,2,1,-4.5219965,0.76,19,0.76,0,30
2403,0,-1,31.338455,0.72,18,0.72,0,30
2404,0,-1,21.22579,0.68,17,0.68,0,30
2405,1,0,0.0,0.68,17,0.68,0,30
2406,1,0,0.0,0.68,17,0.68,0,30
2407,0,-1,13.57157,0.64,16,0.64,1,30
2408,0,-1,-0.0,0.64,16,0.64,0,30
2409,0,-1,7.4028573,0.6,15,0.6,0,30
2410,1,0,0.0,0.6,15,0.6,0,30
2411,1,0,0.0,0.6,15,0.6,0,30
2412,0,-1,-12.289349,0.6,15,0.6,1,30
2413,0,-1,-12.5818,0.6,15,0.6,0,30
2414,0,-1,-14.31807,0.6,15,0.6,0,30
2415,0,-1,-13.89924,0.6,15,0.6,0,30
2416,0,-1,2.6464183,0.56,14,0.56,0,30
2417,2,1,-37.388428,0.72,18,0.72,0,30
2418,0,-1,-0.0,0.72,18,0.72,0,30
2419,0,-1,20.369879,0.68,17,0.68,0,30
2420,0,-1,-0.001680103,0.68,17,0.68,0,30
2421,0,-1,-0.0042732386,0.68,17,0.68,0,30
2422,0,-1,12.076671,0.64,16,0.64,0,30
2423,1,0,0.0,0.64,16,0.64,0,30
2424,0,-1,7.9444656,0.6,15,0.6,0,30
2425,1,0,0.0,0.6,15,0.6,0,30
2426,2,1,15.303183,0.64,16,0.64,0,30
2427,2,1,9.746126,0.68,17,0.68,0,30
2428,0,-1,-0.0,0.68,17,0.68,0,30
2429,0,-1,11.946317,0.64,16,0.64,0,30
2430,1,0,0.0,0.64,16,0.64,0,30
2431,2,1,9.234712,0.68,17,0.68,0,30
2432,0,-1,-0.002009302,0.68,17,0.68,0,30
2433,0,-1,-0.0022336717,0.68,17,0.68,0,30
2434,0,-1,11.916226,0.64,16,0.64,0,30
2435,2,1,7.294896,0.68,17,0.68,0,30
2436,0,-1,-0.0,0.68,17,0.68,0,30
2437,0,-1,11.809054,0.64,16,0.64,1,30
2438,0,-1,-0.0,0.64,16,0.64,0,30
2439,2,1,-40.143482,0.76,19,0.76,0,30
2440,1,0,0.0,0.76,19,0.76,0,30
2441,0,-1,-10.022755,0.76,19,0.76,0,30
2442,1,0,0.0,0.76,19,0.76,0,30
2443,1,0,0.0,0.76,19,0.76,0,30
2444,0,-1,-0.0048946775,0.76,19,0.76,0,30
2445,0,-1,-12.009255,0.76,19,0.76,0,30
2446,0,-1,-13.041581,0.76,19,0.76,0,30
2447,0,-1,-0.00015487235,0.76,19,0.76,0,30
2448,0,-1,-8.580957,0.76,19,0.76,0,30
2449,0,-1,-0.00011702934,0.76,19,0.76,0,30
2450,0,-1,-0.0021514776,0.76,19,0.76,0,30
2451,2,1,-76.338745,0.84,21,0.84,0,30
2452,0,-1,-0.0014650348,0.84,21,0.84,0,30
2453,0,-1,-0.0,0.84,21,0.84,0,30
2454,0,-1,-15.118467,0.84,21,0.84,0,30
2455,0,-1,-0.0,0.84,21,0.84,0,30
2456,1,0,0.0,0.84,21,0.84,0,30
2457,0,-1,-0.1717059,0.84,21,0.84,0,30
2458,0,-1,-0.04303504,0.84,21,0.84,0,30
2459,0,-1,79.67151,0.8,20,0.8,0,30
2460,0,-1,-0.045114685,0.8,20,0.8,0,30
2461,0,-1,-0.0,0.8,20,0.8,0,30
2462,1,0,0.0,0.8,20,0.8,0,30
2463,1,0,0.0,0.8,20,0.8,0,30
2464,0,-1,-0.038733926,0.8,20,0.8,0,30
2465,2,1,-137.66226,0.88,22,0.88,0,30
2466,1,0,0.0,0.88,22,0.88,1,30
2467,0,-1,143.93587,0.84,21,0.84,0,30
2468,0,-1,-13.312272,0.84,21,0.84,0,30
2469,2,1,-78.957756,0.88,22,0.88,0,30
2470,2,1,-805.9456,0.96,24,0.96,0,30
2471,0,-1,-0.0,0.96,24,0.96,0,30
2472,0,-1,-0.0,0.96,24,0.96,0,30
2473,2,1,-1000.0,0.0,0,0.0,0,30
2474,2,1,-4.1407347,0.2,5,0.2,0,31
2475,2,1,28.208652,0.24,6,0.24,0,31
2476,0,-1,-0.0,0.24,6,0.24,0,31
2477,0,-1,6.418622,0.2,5,0.2,0,31
2478,1,0,0.0,0.2,5,0.2,0,31
2479,1,0,0.0,0.2,5,0.2,0,31
2480,0,-1,-0.0,0.2,5,0.2,0,31
2481,0,-1,-0.0,0.2,5,0.2,0,31
2482,2,1,-4.278687,0.24,6,0.24,0,31
2483,2,1,27.98924,0.28,7,0.28,0,31
2484,2,1,26.441492,0.32,8,0.32,0,31
2485,2,1,-5.2804456,0.36,9,0.36,0,31
2486,0,-1,-0.0,0.36,9,0.36,0,31
2487,0,-1,-7.7240057,0.32,8,0.32,0,31
2488,0,-1,7.271937,0.28,7,0.28,0,31
2489,2,1,26.441492,0.32,8,0.32,0,31
2490,1,0,0.0,0.32,8,0.32,0,31
2491,1,0,0.0,0.32,8,0.32,0,31
2492,2,1,20.35271,0.4,10,0.4,0,31
2493,0,-1,-6.0817904,0.36,9,0.36,0,31
2494,0,-1,7.9204297,0.32,8,0.32,0,31
2495,0,-1,-8.372775,0.28,7,0.28,0,31
2496,0,-1,-0.0,0.28,7,0.28,0,31
2497,1,0,0.0,0.28,7,0.28,0,31
2498,1,0,0.0,0.28,7,0.28,0,31
2499,2,1,18.128635,0.36,9,0.36,1,31
2500,0,-1,-6.2691116,0.32,8,0.32,0,31
2501,2,1,20.31276,0.4,10,0.4,0,31
2502,1,0,0.0,0.4,10,0.4,0,31
2503,0,-1,-0.092826664,0.4,10,0.4,0,31
2504,0,-1,-0.0,0.4,10,0.4,0,31
2505,0,-1,-0.0,0.4,10,0.4,0,31
2506,0,-1,-2.2886996,0.36,9,0.36,0,31
2507,2,1,0.9829225,0.52,13,0.52,0,31
2508,2,1,4.787892,0.6,15,0.6,0,31
2509,0,-1,4.768221,0.56,14,0.56,1,31
2510,0,-1,1.2479622,0.52,13,0.52,0,31
2511,2,1,15.865792,0.56,14,0.56,0,31
2512,1,0,0.0,0.56,14,0.56,0,31
2513,0,-1,1.9891204,0.52,13,0.52,0,31
2514,0,-1,-10.95551,0.52,13,0.52,0,31
2515,1,0,0.0,0.52,13,0.52,0,31
2516,0,-1,-1.2876798e-06,0.52,13,0.52,0,31
2517,0,-1,-0.0,0.52,13,0.52,0,31
2518,1,0,0.0,0.52,13,0.52,0,31
2519,1,0,0.0,0.52,13,0.52,0,31
2520,2,1,17.348106,0.56,14,0.56,0,31
2521,1,0,0.0,0.56,14,0.56,0,31
2522,2,1,3.506816,0.64,16,0.64,0,31
2523,0,-1,7.569203,0.6,15,0.6,0,31
2524,0,-1,4.045312,0.56,14,0.56,0,31
2525,0,-1,0.17758691,0.52,13,0.52,0,31
2526,0,-1,-1.4499959,0.48,12,0.48,0,31
2527,1,0,0.0,0.48,12,0.48,0,31
2528,2,1,17.224554,0.52,13,0.52,0,31
2529,2,1,7.235204,0.6,15,0.6,0,31
2530,0,-1,-0.0,0.6,15,0.6,0,31
2531,1,0,0.0,0.6,15,0.6,0,31
2532,2,1,15.124348,0.64,16,0.64,0,31
2533,0,-1,-1.0984422e-06,0.64,16,0.64,0,31
2534,0,-1,7.1698413,0.6,15,0.6,0,31
2535,0,-1,3.7393527,0.56,14,0.56,0,31
2536,1,0,0.0,0.56,14,0.56,0,31
2537,2,1,16.095125,0.6,15,0.6,1,31
2538,0,-1,2.4379585,0.56,14,0.56,1,31
2539,0,-1,-13.6832285,0.56,14,0.56,1,31
2540,1,0,0.0,0.56,14,0.56,0,31
2541,0,-1,-0.0,0.56,14,0.56,1,31
2542,0,-1,1.8742291,0.52,13,0.52,1,31
2543,2,1,9.254157,0.6,15,0.6,0,31
2544,2,1,-26.175568,0.72,18,0.72,0,31
2545,0,-1,-13.994448,0.72,18,0.72,0,31
2546,0,-1,-12.310846,0.72,18,0.72,0,31
2547,1,0,0.0,0.72,18,0.72,1,31
2548,0,-1,21.302725,0.68,17,0.68,0,31
2549,0,-1,-10.794257,0.68,17,0.68,0,31
2550,0,-1,-1.1799178e-05,0.68,17,0.68,0,31
2551,1,0,0.0,0.68,17,0.68,0,31
2552,0,-1,12.30852,0.64,16,0.64,0,31
2553,0,-1,7.8637195,0.6,15,0.6,0,31
2554,0,-1,3.600651,0.56,14,0.56,0,31
2555,1,0,0.0,0.56,14,0.56,1,31
2556,0,-1,-0.0,0.56,14,0.56,0,31
2557,0,-1,1.0820657,0.52,13,0.52,0,31
2558,1,0,0.0,0.52,13,0.52,0,31
2559,0,-1,-1.4460047,0.48,12,0.48,0,31
2560,1,0,0.0,0.48,12,0.48,0,31
2561,0,-1,-0.0,0.48,12,0.48,0,31
2562,0,-1,-0.0,0.48,12,0.48,0,31
2563,0,-1,-0.92254317,0.44,11,0.44,0,31
2564,2,1,20.209997,0.48,12,0.48,0,31
2565,0,-1,-2.9903963,0.44,11,0.44,0,31
2566,2,1,3.1272154,0.56,14,0.56,0,31
2567,0,-1,-1.5458825e-05,0.56,14,0.56,0,31
2568,0,-1,-0.0,0.56,14,0.56,0,31
2569,1,0,0.0,0.56,14,0.56,0,31
2570,1,0,0.0,0.56,14,0.56,0,31
2571,0,-1,-0.0013872694,0.56,14,0.56,0,31
2572,0,-1,-0.000950703,0.56,14,0.56,0,31
2573,0,-1,1.0820783,0.52,13,0.52,0,31
2574,0,-1,-2.7544942,0.48,12,0.48,0,31
2575,0,-1,-0.0,0.48,12,0.48,0,31
2576,0,-1,-0.0,0.48,12,0.48,0,31
2577,2,1,18.619099,0.52,13,0.52,0,31
2578,0,-1,-0.0,0.52,13,0.52,0,31
2579,0,-1,-1.0269929e-05,0.52,13,0.52,0,31
2580,2,1,6.973358,0.6,15,0.6,0,31
2581,1,0,0.0,0.6,15,0.6,1,31
2582,2,1,-23.668854,0.72,18,0.72,0,31
2583,0,-1,21.435863,0.68,17,0.68,0,31
2584,0,-1,12.409202,0.64,16,0.64,0,31
2585,0,-1,-11.786266,0.64,16,0.64,0,31
2586,1,0,0.0,0.64,16,0.64,0,31
2587,0,-1,-0.0,0.64,16,0.64,0,31
2588,0,-1,-0.14984685,0.64,16,0.64,0,31
2589,1,0,0.0,0.64,16,0.64,0,31
2590,0,-1,7.557897,0.6,15,0.6,0,31
2591,1,0,0.0,0.6,15,0.6,0,31
2592,1,0,0.0,0.6,15,0.6,0,31
2593,0,-1,4.128699,0.56,14,0.56,0,31
2594,1,0,0.0,0.56,14,0.56,0,31
2595,0,-1,0.8334505,0.52,13,0.52,1,31
2596,2,1,-7.5595183,0.64,16,0.64,0,31
2597,0,-1,-0.0,0.64,16,0.64,0,31
2598,1,0,0.0,0.64,16,0.64,0,31
2599,0,-1,-11.783749,0.64,16,0.64,0,31
2600,0,-1,-14.4426365,0.64,16,0.64,0,31
2601,0,-1,-0.0,0.64,16,0.64,0,31
2602,0,-1,-0.0,0.64,16,0.64,0,31
2603,0,-1,-13.441432,0.64,16,0.64,0,31
2604,1,0,0.0,0.64,16,0.64,0,31
2605,0,-1,-1.9558154e-05,0.64,16,0.64,0,31
2606,0,-1,-0.017433077,0.64,16,0.64,0,31
2607,0,-1,-0.0042672255,0.64,16,0.64,0,31
2608,2,1,-40.85601,0.76,19,0.76,0,31
2609,0,-1,-0.0027354485,0.76,19,0.76,0,31
2610,0,-1,-0.0006195223,0.76,19,0.76,0,31
2611,2,1,-179.64293,0.88,22,0.88,0,31
2612,2,1,-805.568,0.96,24,0.96,0,31
2613,1,0,0.0,0.96,24,0.96,0,31
2614,0,-1,-0.0015499097,0.96,24,0.96,1,31
2615,1,0,0.0,0.96,24,0.96,0,31
2616,0,-1,926.2179,0.92,23,0.92,0,31
2617,0,-1,-12.154814,0.92,23,0.92,0,31
2618,1,0,0.0,0.92,23,0.92,0,31
2619,2,1,-598.9016,0.96,24,0.96,0,31
2620,0,-1,-11.075209,0.96,24,0.96,0,31
2621,0,-1,-8.54659,0.96,24,0.96,0,31
2622,0,-1,-9.475248,0.96,24,0.96,0,31
2623,0,-1,-0.0,0.96,24,0.96,0,31
2624,1,0,0.0,0.96,24,0.96,0,31
2625,0,-1,-10.811174,0.96,24,0.96,0,31
2626,0,-1,-12.335617,0.96,24,0.96,0,31
2627,1,0,0.0,0.96,24,0.96,0,31
2628,0,-1,925.0977,0.92,23,0.92,0,31
2629,1,0,0.0,0.92,23,0.92,0,31
2630,0,-1,-12.450155,0.92,23,0.92,0,31
2631,2,1,26.607244,1.0,25,1.0,0,31
2632,0,-1,-1000.0,0.0,0,0.0,0,31
2633,2,1,28.364332,0.2,5,0.2,0,32
2634,2,1,23.955872,0.28,7,0.28,0,32
2635,1,0,0.0,0.28,7,0.28,1,32
2636,0,-1,-0.0,0.28,7,0.28,0,32
2637,0,-1,-0.0,0.28,7,0.28,1,32
2638,1,0,0.0,0.28,7,0.28,0,32
2639,0,-1,-13.850735,0.28,7,0.28,0,32
2640,0,-1,-9.140626,0.24,6,0.24,0,32
2641,1,0,0.0,0.24,6,0.24,1,32
2642,0,-1,-0.0,0.24,6,0.24,0,32
2643,2,1,19.330244,0.32,8,0.32,0,32
2644,0,-1,-6.8256993,0.28,7,0.28,0,32
2645,1,0,0.0,0.28,7,0.28,0,32
2646,0,-1,-0.0,0.28,7,0.28,0,32
2647,1,0,0.0,0.28,7,0.28,0,32
2648,2,1,26.208914,0.32,8,0.32,0,32
2649,0,-1,-8.256487,0.28,7,0.28,0,32
2650,2,1,26.208914,0.32,8,0.32,0,32
2651,0,-1,-6.6084614,0.28,7,0.28,0,32
2652,0,-1,-8.753816,0.24,6,0.24,0,32
2653,2,1,27.098513,0.28,7,0.28,0,32
2654,0,-1,-9.032838,0.24,6,0.24,0,32
2655,1,0,0.0,0.24,6,0.24,0,32
2656,1,0,0.0,0.24,6,0.24,0,32
2657,1,0,0.0,0.24,6,0.24,0,32
2658,2,1,19.330244,0.32,8,0.32,0,32
2659,0,-1,-8.862487,0.28,7,0.28,0,32
2660,1,0,0.0,0.28,7,0.28,0,32
2661,2,1,16.734203,0.4,10,0.4,0,32
2662,0,-1,-4.6869326,0.36,9,0.36,0,32
2663,0,-1,-0.066897735,0.36,9,0.36,0,32
2664,2,1,18.967285,0.44,11,0.44,0,32
2665,1,0,0.0,0.44,11,0.44,0,32
2666,2,1,17.09358,0.48,12,0.48,0,32
2667,0,-1,-0.0,0.48,12,0.48,0,32
2668,0,-1,-0.00074623607,0.48,12,0.48,0,32
2669,2,1,20.963556,0.52,13,0.52,0,32
2670,1,0,0.0,0.52,13,0.52,0,32
2671,1,0,0.0,0.52,13,0.52,1,32
2672,1,0,0.0,0.52,13,0.52,0,32
2673,1,0,0.0,0.52,13,0.52,0,32
2674,0,-1,-1.9716104,0.48,12,0.48,0,32
2675,1,0,0.0,0.48,12,0.48,0,32
2676,0,-1,-1.3733613,0.44,11,0.44,0,32
2677,0,-1,-13.396194,0.44,11,0.44,0,32
2678,1,0,0.0,0.44,11,0.44,0,32
2679,0,-1,-0.0,0.44,11,0.44,0,32
2680,0,-1,-0.0,0.44,11,0.44,0,32
2681,1,0,0.0,0.44,11,0.44,0,32
2682,0,-1,-0.0,0.44,11,0.44,0,32
2683,0,-1,-0.0008697792,0.44,11,0.44,0,32
2684,2,1,14.147155,0.52,13,0.52,0,32
2685,2,1,-6.881869,0.64,16,0.64,0,32
2686,0,-1,-0.06919152,0.64,16,0.64,0,32
2687,0,-1,-0.058615576,0.64,16,0.64,0,32
2688,0,-1,7.3772974,0.6,15,0.6,0,32
2689,1,0,0.0,0.6,15,0.6,0,32
2690,2,1,-2.682919,0.68,17,0.68,0,32
2691,1,0,0.0,0.68,17,0.68,0,32
2692,0,-1,-0.02028749,0.68,17,0.68,0,32
2693,0,-1,-2.2708165e-05,0.68,17,0.68,0,32
2694,0,-1,12.283736,0.64,16,0.64,0,32
2695,2,1,-12.65189,0.72,18,0.72,0,32
2696,2,1,-45.94399,0.8,20,0.8,0,32
2697,0,-1,-0.0,0.8,20,0.8,0,32
2698,1,0,0.0,0.8,20,0.8,0,32
2699,0,-1,-0.062197965,0.8,20,0.8,1,32
2700,1,0,0.0,0.8,20,0.8,0,32
2701,1,0,0.0,0.8,20,0.8,0,32
2702,0,-1,-0.0,0.8,20,0.8,0,32
2703,2,1,-138.70993,0.88,22,0.88,0,32
2704,0,-1,-0.057270136,0.88,22,0.88,0,32
2705,0,-1,-13.300611,0.88,22,0.88,0,32
2706,0,-1,-0.0,0.88,22,0.88,0,32
2707,1,0,0.0,0.88,22,0.88,0,32
2708,0,-1,-0.0,0.88,22,0.88,0,32
2709,0,-1,-0.0,0.88,22,0.88,0,32
2710,1,0,0.0,0.88,22,0.88,0,32
2711,0,-1,143.10359,0.84,21,0.84,0,32
2712,0,-1,-0.00075385615,0.84,21,0.84,0,32
2713,0,-1,81.30872,0.8,20,0.8,0,32
2714,1,0,0.0,0.8,20,0.8,0,32
2715,1,0,0.0,0.8,20,0.8,0,32
2716,0,-1,-12.623701,0.8,20,0.8,0,32
2717,0,-1,50.56409,0.76,19,0.76,0,32
2718,0,-1,-0.0,0.76,19,0.76,0,32
2719,0,-1,-0.0,0.76,19,0.76,0,32
2720,0,-1,31.560032,0.72,18,0.72,0,32
2721,2,1,-45.212296,0.8,20,0.8,1,32
2722,0,-1,-0.0,0.8,20,0.8,0,32
2723,2,1,-973.55316,0.96,24,0.96,0,32
2724,1,0,0.0,0.96,24,0.96,0,32
2725,0,-1,-6.2784705,0.96,24,0.96,0,32
2726,0,-1,-12.248769,0.96,24,0.96,0,32
2727,0,-1,-11.668682,0.96,24,0.96,0,32
2728,1,0,0.0,0.96,24,0.96,0,32
2729,2,1,27.16104,1.0,25,1.0,0,32
2730,1,0,-1000.0,0.0,0,0.0,0,32
2731,2,1,-4.1407347,0.2,5,0.2,0,33
2732,0,-1,6.2116933,0.16,4,0.16,0,33
2733,1,0,0.0,0.16,4,0.16,0,33
2734,2,1,28.364332,0.2,5,0.2,0,33
2735,2,1,23.955872,0.28,7,0.28,0,33
2736,0,-1,-0.0,0.28,7,0.28,0,33
2737,0,-1,-0.0,0.28,7,0.28,0,33
2738,1,0,0.0,0.28,7,0.28,0,33
2739,0,-1,-0.0,0.28,7,0.28,0,33
2740,1,0,0.0,0.28,7,0.28,0,33
2741,0,-1,-0.0,0.28,7,0.28,0,33
2742,0,-1,-0.07821054,0.28,7,0.28,1,33
2743,2,1,21.291534,0.36,9,0.36,1,33
2744,1,0,0.0,0.36,9,0.36,0,33
2745,0,-1,-0.0,0.36,9,0.36,0,33
2746,0,-1,-11.667438,0.36,9,0.36,0,33
2747,1,0,0.0,0.36,9,0.36,0,33
2748,1,0,0.0,0.36,9,0.36,0,33
2749,0,-1,-0.0,0.36,9,0.36,0,33
2750,0,-1,-0.0,0.36,9,0.36,0,33
2751,0,-1,-0.0,0.36,9,0.36,0,33
2752,1,0,0.0,0.36,9,0.36,0,33
2753,2,1,16.00557,0.44,11,0.44,0,33
2754,1,0,0.0,0.44,11,0.44,0,33
2755,1,0,0.0,0.44,11,0.44,1,33
2756,0,-1,-0.0,0.44,11,0.44,0,33
2757,0,-1,-11.591513,0.44,11,0.44,0,33
2758,2,1,10.795839,0.52,13,0.52,0,33
2759,0,-1,-0.59440243,0.48,12,0.48,0,33
2760,1,0,0.0,0.48,12,0.48,0,33
2761,0,-1,-0.0,0.48,12,0.48,0,33
2762,2,1,9.805416,0.56,14,0.56,0,33
2763,2,1,16.831778,0.6,15,0.6,0,33
2764,0,-1,3.4719694,0.56,14,0.56,0,33
2765,1,0,0.0,0.56,14,0.56,1,33
2766,1,0,0.0,0.56,14,0.56,0,33
2767,0,-1,-12.11878,0.56,14,0.56,0,33
2768,1,0,0.0,0.56,14,0.56,1,33
2769,1,0,0.0,0.56,14,0.56,0,33
2770,1,0,0.0,0.56,14,0.56,0,33
2771,0,-1,4.4020886,0.52,13,0.52,0,33
2772,0,-1,-12.453387,0.52,13,0.52,0,33
2773,0,-1,-11.914757,0.52,13,0.52,0,33
2774,2,1,17.971375,0.56,14,0.56,0,33
2775,1,0,0.0,0.56,14,0.56,0,33
2776,0,-1,-0.0,0.56,14,0.56,0,33
2777,1,0,0.0,0.56,14,0.56,0,33
2778,0,-1,-13.689127,0.56,14,0.56,0,33
2779,1,0,0.0,0.56,14,0.56,0,33
2780,2,1,-13.568339,0.68,17,0.68,0,33
2781,0,-1,-13.725324,0.68,17,0.68,0,33
2782,0,-1,-0.01788785,0.68,17,0.68,0,33
2783,0,-1,-0.001823495,0.68,17,0.68,0,33
2784,2,1,0.17884587,0.72,18,0.72,0,33
2785,0,-1,-0.016959958,0.72,18,0.72,0,33
2786,1,0,0.0,0.72,18,0.72,0,33
2787,0,-1,-0.0,0.72,18,0.72,0,33
2788,0,-1,-0.0,0.72,18,0.72,0,33
2789,0,-1,-0.00033220896,0.72,18,0.72,0,33
2790,0,-1,-0.017933087,0.72,18,0.72,0,33
2791,0,-1,-0.057493094,0.72,18,0.72,0,33
2792,2,1,-105.74527,0.84,21,0.84,0,33
2793,0,-1,-0.08961238,0.84,21,0.84,0,33
2794,0,-1,80.61655,0.8,20,0.8,0,33
2795,0,-1,-0.0,0.8,20,0.8,1,33
2796,0,-1,49.78584,0.76,19,0.76,0,33
2797,0,-1,33.51296,0.72,18,0.72,1,33
2798,2,1,-45.43118,0.8,20,0.8,0,33
2799,1,0,0.0,0.8,20,0.8,0,33
2800,0,-1,-0.0,0.8,20,0.8,0,33
2801,0,-1,-13.273198,0.8,20,0.8,0,33
2802,0,-1,48.999836,0.76,19,0.76,0,33
2803,0,-1,30.723572,0.72,18,0.72,0,33
2804,1,0,0.0,0.72,18,0.72,0,33
2805,1,0,0.0,0.72,18,0.72,0,33
2806,0,-1,20.688372,0.68,17,0.68,0,33
2807,1,0,0.0,0.68,17,0.68,0,33
2808,0,-1,11.799766,0.64,16,0.64,0,33
2809,1,0,0.0,0.64,16,0.64,0,33
2810,0,-1,-0.00048266732,0.64,16,0.64,0,33
2811,0,-1,-0.0004353075,0.64,16,0.64,0,33
2812,0,-1,-0.0004177864,0.64,16,0.64,0,33
2813,0,-1,-0.0,0.64,16,0.64,0,33
2814,0,-1,11.214266,0.6,15,0.6,0,33
2815,0,-1,-0.0004704847,0.6,15,0.6,0,33
2816,0,-1,3.608023,0.56,14,0.56,0,33
2817,1,0,0.0,0.56,14,0.56,1,33
2818,0,-1,-0.0,0.56,14,0.56,0,33
2819,2,1,17.81089,0.6,15,0.6,1,33
2820,0,-1,-0.0,0.6,15,0.6,0,33
2821,0,-1,-12.4519005,0.6,15,0.6,0,33
2822,0,-1,3.7470474,0.56,14,0.56,0,33
2823,0,-1,-13.795776,0.56,14,0.56,0,33
2824,0,-1,-0.0,0.56,14,0.56,1,33
2825,0,-1,-0.0,0.56,14,0.56,1,33
2826,1,0,0.0,0.56,14,0.56,0,33
2827,1,0,0.0,0.56,14,0.56,0,33
2828,1,0,0.0,0.56,14,0.56,0,33
2829,0,-1,0.8428617,0.52,13,0.52,0,33
2830,2,1,16.19919,0.56,14,0.56,1,33
2831,2,1,16.268597,0.6,15,0.6,0,33
2832,1,0,0.0,0.6,15,0.6,0,33
2833,2,1,13.531821,0.64,16,0.64,0,33
2834,0,-1,-0.0,0.64,16,0.64,0,33
2835,0,-1,7.4020348,0.6,15,0.6,0,33
2836,0,-1,-0.0,0.6,15,0.6,0,33
2837,1,0,0.0,0.6,15,0.6,0,33
2838,0,-1,2.7526653,0.56,14,0.56,0,33
2839,0,-1,0.97384995,0.52,13,0.52,0,33
2840,1,0,0.0,0.52,13,0.52,0,33
2841,2,1,17.647123,0.56,14,0.56,0,33
2842,0,-1,-0.0,0.56,14,0.56,0,33
2843,0,-1,1.805033,0.52,13,0.52,0,33
2844,0,-1,-12.235503,0.52,13,0.52,0,33
2845,0,-1,-0.0,0.52,13,0.52,0,33
2846,0,-1,-0.0,0.52,13,0.52,0,33
2847,0,-1,-0.0,0.52,13,0.52,0,33
2848,1,0,0.0,0.52,13,0.52,0,33
2849,2,1,19.784288,0.56,14,0.56,1,33
2850,0,-1,0.014159323,0.52,13,0.52,0,33
2851,1,0,0.0,0.52,13,0.52,0,33
2852,1,0,0.0,0.52,13,0.52,0,33
2853,2,1,-7.5930066,0.64,16,0.64,0,33
2854,0,-1,-0.015035163,0.64,16,0.64,0,33
2855,2,1,-82.75938,0.8,20,0.8,0,33
2856,0,-1,-0.014992827,0.8,20,0.8,0,33
2857,0,-1,-0.017824706,0.8,20,0.8,0,33
2858,0,-1,-0.0026428492,0.8,20,0.8,0,33
2859,0,-1,-0.0,0.8,20,0.8,0,33
2860,2,1,-37.25222,0.84,21,0.84,0,33
2861,1,0,0.0,0.84,21,0.84,0,33
2862,1,0,0.0,0.84,21,0.84,0,33
2863,0,-1,-11.677342,0.84,21,0.84,0,33
2864,2,1,-286.581,0.92,23,0.92,0,33
2865,0,-1,-3.0322e-05,0.92,23,0.92,0,33
2866,0,-1,300.14047,0.88,22,0.88,0,33
2867,2,1,-178.87929,0.92,23,0.92,0,33
2868,1,0,0.0,0.92,23,0.92,0,33
2869,0,-1,300.27936,0.88,22,0.88,0,33
2870,0,-1,-0.0007806599,0.88,22,0.88,0,33
2871,0,-1,-2.5543372e-05,0.88,22,0.88,0,33
2872,0,-1,144.00305,0.84,21,0.84,0,33
2873,1,0,0.0,0.84,21,0.84,0,33
2874,0,-1,-0.021077845,0.84,21,0.84,0,33
2875,1,0,0.0,0.84,21,0.84,0,33
2876,1,0,0.0,0.84,21,0.84,0,33
2877,0,-1,-0.0038227392,0.84,21,0.84,0,33
2878,0,-1,-0.001324845,0.84,21,0.84,1,33
2879,1,0,0.0,0.84,21,0.84,0,33
2880,0,-1,-12.233149,0.84,21,0.84,0,33
2881,2,1,-78.883865,0.88,22,0.88,0,33
2882,0,-1,-12.586979,0.88,22,0.88,0,33
2883,0,-1,-13.165634,0.88,22,0.88,0,33
2884,0,-1,142.74728,0.84,21,0.84,0,33
2885,0,-1,80.681786,0.8,20,0.8,0,33
2886,0,-1,-0.0015189521,0.8,20,0.8,0,33
2887,0,-1,48.50631,0.76,19,0.76,0,33
2888,2,1,-14.937152,0.8,20,0.8,0,33
2889,0,-1,49.911728,0.76,19,0.76,0,33
2890,0,-1,-12.93611,0.76,19,0.76,0,33
2891,0,-1,-0.00086948986,0.76,19,0.76,0,33
2892,1,0,0.0,0.76,19,0.76,0,33
2893,1,0,0.0,0.76,19,0.76,0,33
2894,2,1,-75.550766,0.84,21,0.84,0,33
2895,0,-1,-0.0014825152,0.84,21,0.84,0,33
2896,1,0,0.0,0.84,21,0.84,0,33
2897,0,-1,-11.61997,0.84,21,0.84,0,33
2898,1,0,0.0,0.84,21,0.84,0,33
2899,1,0,0.0,0.84,21,0.84,0,33
2900,1,0,0.0,0.84,21,0.84,0,33
2901,0,-1,-0.0014869382,0.84,21,0.84,0,33
2902,1,0,0.0,0.84,21,0.84,0,33
2903,1,0,0.0,0.84,21,0.84,0,33
2904,0,-1,-0.0017168779,0.84,21,0.84,1,33
2905,0,-1,-11.891799,0.84,21,0.84,0,33
2906,0,-1,-11.274735,0.84,21,0.84,1,33
2907,0,-1,81.42492,0.8,20,0.8,0,33
2908,0,-1,-12.149542,0.8,20,0.8,0,33
2909,0,-1,-12.8970175,0.8,20,0.8,0,33
2910,0,-1,-0.0015444331,0.8,20,0.8,0,33
2911,0,-1,49.461517,0.76,19,0.76,0,33
2912,0,-1,-0.0010247751,0.76,19,0.76,0,33
2913,0,-1,31.225218,0.72,18,0.72,0,33
2914,1,0,0.0,0.72,18,0.72,0,33
2915,0,-1,-0.0011163289,0.72,18,0.72,0,33
2916,0,-1,-13.877143,0.72,18,0.72,0,33
2917,2,1,-2.769124,0.76,19,0.76,0,33
2918,2,1,-78.62236,0.84,21,0.84,0,33
2919,1,0,0.0,0.84,21,0.84,0,33
2920,0,-1,-0.0,0.84,21,0.84,0,33
2921,0,-1,79.72353,0.8,20,0.8,0,33
2922,0,-1,-11.224209,0.8,20,0.8,0,33
2923,1,0,0.0,0.8,20,0.8,0,33
2924,0,-1,-0.0009265738,0.8,20,0.8,0,33
2925,0,-1,50.289936,0.76,19,0.76,0,33
2926,0,-1,-0.0,0.76,19,0.76,0,33
2927,1,0,0.0,0.76,19,0.76,0,33
2928,0,-1,-4.127587e-05,0.76,19,0.76,0,33
2929,0,-1,-3.4070894e-05,0.76,19,0.76,0,33
2930,0,-1,-0.0007728425,0.76,19,0.76,0,33
2931,0,-1,-0.0008961199,0.76,19,0.76,0,33
2932,0,-1,30.977226,0.72,18,0.72,0,33
2933,1,0,0.0,0.72,18,0.72,0,33
2934,0,-1,-0.0,0.72,18,0.72,0,33
2935,0,-1,-3.109121e-05,0.72,18,0.72,1,33
2936,0,-1,-0.0,0.72,18,0.72,0,33
2937,1,0,0.0,0.72,18,0.72,0,33
2938,0,-1,-12.758885,0.72,18,0.72,0,33
2939,1,0,0.0,0.72,18,0.72,0,33
2940,0,-1,-0.001575063,0.72,18,0.72,0,33
2941,0,-1,20.367361,0.68,17,0.68,0,33
2942,1,0,0.0,0.68,17,0.68,0,33
2943,0,-1,12.618756,0.64,16,0.64,0,33
2944,2,1,9.4792185,0.68,17,0.68,1,33
2945,0,-1,-0.0,0.68,17,0.68,0,33
2946,0,-1,-0.0,0.68,17,0.68,0,33
2947,0,-1,12.509798,0.64,16,0.64,1,33
2948,0,-1,8.656299,0.6,15,0.6,0,33
2949,0,-1,3.6242886,0.56,14,0.56,0,33
2950,1,0,0.0,0.56,14,0.56,0,33
2951,1,0,0.0,0.56,14,0.56,0,33
2952,1,0,0.0,0.56,14,0.56,0,33
2953,1,0,0.0,0.56,14,0.56,0,33
2954,1,0,0.0,0.56,14,0.56,0,33
2955,2,1,-66.69647,0.76,19,0.76,0,33
2956,0,-1,31.317623,0.72,18,0.72,0,33
2957,1,0,0.0,0.72,18,0.72,0,33
2958,0,-1,21.470118,0.68,17,0.68,0,33
2959,1,0,0.0,0.68,17,0.68,0,33
2960,0,-1,-0.025064254,0.68,17,0.68,0,33
2961,0,-1,-0.029313365,0.68,17,0.68,0,33
2962,0,-1,-0.0008424541,0.68,17,0.68,0,33
2963,2,1,-26.654402,0.76,19,0.76,0,33
2964,2,1,-16.326426,0.8,20,0.8,0,33
2965,0,-1,-0.0,0.8,20,0.8,0,33
2966,0,-1,50.149223,0.76,19,0.76,0,33
2967,0,-1,-0.001345333,0.76,19,0.76,0,33
2968,0,-1,-0.0173853,0.76,19,0.76,0,33
2969,2,1,-77.04728,0.84,21,0.84,0,33
2970,2,1,-287.62848,0.92,23,0.92,0,33
2971,2,1,-1000.0,0.0,0,0.0,0,33
2972,2,1,28.364332,0.2,5,0.2,0,34
2973,1,0,0.0,0.2,5,0.2,0,34
2974,0,-1,-10.04084,0.16,4,0.16,0,34
2975,2,1,-4.1407347,0.2,5,0.2,0,34
2976,2,1,28.22638,0.24,6,0.24,0,34
2977,1,0,0.0,0.24,6,0.24,0,34
2978,1,0,0.0,0.24,6,0.24,0,34
2979,0,-1,-9.833911,0.2,5,0.2,0,34
2980,2,1,28.208652,0.24,6,0.24,0,34
2981,2,1,23.39962,0.32,8,0.32,0,34
2982,0,-1,-8.370133,0.28,7,0.28,0,34
2983,0,-1,-0.0,0.28,7,0.28,0,34
2984,1,0,0.0,0.28,7,0.28,0,34
2985,2,1,-4.8479323,0.32,8,0.32,0,34
2986,2,1,16.93285,0.4,10,0.4,0,34
2987,0,-1,-0.0,0.4,10,0.4,0,34
2988,1,0,0.0,0.4,10,0.4,0,34
2989,2,1,-13.91254,0.48,12,0.48,0,34
2990,1,0,0.0,0.48,12,0.48,0,34
2991,1,0,0.0,0.48,12,0.48,0,34
2992,0,-1,-2.9336362,0.44,11,0.44,0,34
2993,0,-1,-0.18860881,0.44,11,0.44,1,34
2994,2,1,12.432758,0.52,13,0.52,0,34
2995,0,-1,-0.0020087857,0.52,13,0.52,0,34
2996,1,0,0.0,0.52,13,0.52,0,34
2997,1,0,0.0,0.52,13,0.52,0,34
2998,1,0,0.0,0.52,13,0.52,0,34
2999,0,-1,5.8631706,0.48,12,0.48,0,34
3000,0,-1,-1.8876472,0.44,11,0.44,1,34
3001,0,-1,3.4703033,0.4,10,0.4,0,34
3002,0,-1,-0.0,0.4,10,0.4,0,34
3003,1,0,0.0,0.4,10,0.4,0,34
3004,2,1,8.801822,0.52,13,0.52,0,34
3005,0,-1,-0.07598363,0.52,13,0.52,0,34
3006,0,-1,-0.28968823,0.48,12,0.48,0,34
3007,0,-1,-1.8221215,0.44,11,0.44,0,34
3008,0,-1,-0.0,0.44,11,0.44,0,34
3009,0,-1,1.6866101,0.4,10,0.4,0,34
3010,0,-1,-5.460071,0.36,9,0.36,0,34
3011,1,0,0.0,0.36,9,0.36,0,34
3012,0,-1,-3.5744538,0.32,8,0.32,0,34
3013,0,-1,-0.0,0.32,8,0.32,0,34
3014,1,0,0.0,0.32,8,0.32,0,34
3015,2,1,16.875788,0.4,10,0.4,0,34
3016,1,0,0.0,0.4,10,0.4,0,34
3017,1,0,0.0,0.4,10,0.4,0,34
3018,1,0,0.0,0.4,10,0.4,0,34
3019,1,0,0.0,0.4,10,0.4,0,34
3020,1,0,0.0,0.4,10,0.4,0,34
3021,0,-1,-0.00016541123,0.4,10,0.4,0,34
3022,2,1,8.551627,0.44,11,0.44,0,34
3023,1,0,0.0,0.44,11,0.44,1,34
3024,1,0,0.0,0.44,11,0.44,0,34
3025,2,1,12.472112,0.52,13,0.52,0,34
3026,1,0,0.0,0.52,13,0.52,0,34
3027,0,-1,4.5530467,0.48,12,0.48,0,34
3028,1,0,0.0,0.48,12,0.48,1,34
3029,0,-1,-14.048272,0.48,12,0.48,0,34
3030,2,1,22.97865,0.52,13,0.52,0,34
3031,2,1,16.137304,0.56,14,0.56,0,34
3032,2,1,17.70554,0.6,15,0.6,0,34
3033,0,-1,4.650714,0.56,14,0.56,0,34
3034,2,1,17.873182,0.6,15,0.6,0,34
3035,0,-1,2.9341462,0.56,14,0.56,0,34
3036,0,-1,0.052975226,0.52,13,0.52,0,34
3037,0,-1,-1.5916046,0.48,12,0.48,0,34
3038,0,-1,0.5878243,0.44,11,0.44,0,34
3039,0,-1,-5.76255,0.4,10,0.4,0,34
3040,0,-1,-4.973477,0.36,9,0.36,0,34
3041,0,-1,-0.0,0.36,9,0.36,0,34
3042,0,-1,-6.3111243,0.32,8,0.32,0,34
3043,0,-1,-4.883057,0.28,7,0.28,0,34
3044,0,-1,-0.0,0.28,7,0.28,0,34
3045,1,0,0.0,0.28,7,0.28,0,34
3046,0,-1,-0.0,0.28,7,0.28,0,34
3047,1,0,0.0,0.28,7,0.28,1,34
3048,0,-1,-9.180749,0.24,6,0.24,0,34
3049,1,0,0.0,0.24,6,0.24,0,34
3050,2,1,26.510601,0.28,7,0.28,0,34
3051,1,0,0.0,0.28,7,0.28,0,34
3052,0,-1,-0.0,0.28,7,0.28,0,34
3053,1,0,0.0,0.28,7,0.28,0,34
3054,1,0,0.0,0.28,7,0.28,0,34
3055,2,1,26.900818,0.32,8,0.32,0,34
3056,2,1,24.735672,0.36,9,0.36,0,34
3057,0,-1,-0.0,0.36,9,0.36,1,34
3058,0,-1,-0.0,0.36,9,0.36,0,34
3059,2,1,17.68078,0.44,11,0.44,0,34
3060,0,-1,-0.0,0.44,11,0.44,0,34
3061,1,0,0.0,0.44,11,0.44,0,34
3062,1,0,0.0,0.44,11,0.44,0,34
3063,2,1,20.171425,0.48,12,0.48,0,34
3064,2,1,-14.705492,0.64,16,0.64,0,34
3065,2,1,-12.956593,0.72,18,0.72,0,34
3066,0,-1,20.232086,0.68,17,0.68,1,34
3067,0,-1,-0.0,0.68,17,0.68,0,34
3068,1,0,0.0,0.68,17,0.68,0,34
3069,1,0,0.0,0.68,17,0.68,0,34
3070,1,0,0.0,0.68,17,0.68,0,34
3071,1,0,0.0,0.68,17,0.68,0,34
3072,2,1,-128.5658,0.84,21,0.84,1,34
3073,1,0,0.0,0.84,21,0.84,0,34
3074,0,-1,80.685356,0.8,20,0.8,0,34
3075,1,0,0.0,0.8,20,0.8,0,34
3076,0,-1,48.27785,0.76,19,0.76,0,34
3077,1,0,0.0,0.76,19,0.76,0,34
3078,0,-1,30.448793,0.72,18,0.72,0,34
3079,0,-1,-0.0,0.72,18,0.72,1,34
3080,0,-1,20.02562,0.68,17,0.68,0,34
3081,0,-1,13.060556,0.64,16,0.64,0,34
3082,0,-1,-11.898373,0.64,16,0.64,1,34
3083,0,-1,7.63204,0.6,15,0.6,0,34
3084,1,0,0.0,0.6,15,0.6,0,34
3085,2,1,15.084852,0.64,16,0.64,0,34
3086,2,1,9.318213,0.68,17,0.68,0,34
3087,1,0,0.0,0.68,17,0.68,0,34
3088,0,-1,-14.2293825,0.68,17,0.68,0,34
3089,0,-1,-13.236135,0.68,17,0.68,0,34
3090,1,0,0.0,0.68,17,0.68,0,34
3091,1,0,0.0,0.68,17,0.68,0,34
3092,0,-1,-0.0,0.68,17,0.68,0,34
3093,0,-1,-11.38768,0.68,17,0.68,0,34
3094,0,-1,-0.0,0.68,17,0.68,0,34
3095,0,-1,11.258254,0.64,16,0.64,0,34
3096,1,0,0.0,0.64,16,0.64,0,34
3097,0,-1,-3.8520382e-05,0.64,16,0.64,0,34
3098,0,-1,7.9027143,0.6,15,0.6,0,34
3099,1,0,0.0,0.6,15,0.6,0,34
3100,1,0,0.0,0.6,15,0.6,0,34
3101,0,-1,2.9946835,0.56,14,0.56,0,34
3102,0,-1,-0.58473986,0.52,13,0.52,0,34
3103,0,-1,-0.0,0.52,13,0.52,0,34
3104,0,-1,-4.278002e-05,0.52,13,0.52,0,34
3105,0,-1,-0.0009664909,0.52,13,0.52,0,34
3106,1,0,0.0,0.52,13,0.52,0,34
3107,0,-1,-0.0,0.52,13,0.52,0,34
3108,2,1,17.132137,0.56,14,0.56,0,34
3109,1,0,0.0,0.56,14,0.56,0,34
3110,0,-1,1.3559477,0.52,13,0.52,1,34
3111,1,0,0.0,0.52,13,0.52,0,34
3112,0,-1,-1.9507862,0.48,12,0.48,0,34
3113,1,0,0.0,0.48,12,0.48,0,34
3114,0,-1,-3.2241116,0.44,11,0.44,0,34
3115,0,-1,-5.03031,0.4,10,0.4,0,34
3116,0,-1,-11.707595,0.4,10,0.4,0,34
3117,0,-1,-0.0,0.4,10,0.4,0,34
3118,1,0,0.0,0.4,10,0.4,0,34
3119,1,0,0.0,0.4,10,0.4,0,34
3120,0,-1,-5.3115396,0.36,9,0.36,0,34
3121,0,-1,-6.193339,0.32,8,0.32,0,34
3122,1,0,0.0,0.32,8,0.32,0,34
3123,1,0,0.0,0.32,8,0.32,0,34
3124,0,-1,-0.0,0.32,8,0.32,0,34
3125,1,0,0.0,0.32,8,0.32,0,34
3126,2,1,20.350899,0.4,10,0.4,0,34
3127,0,-1,-0.0,0.4,10,0.4,0,34
3128,0,-1,-0.0,0.4,10,0.4,0,34
3129,0,-1,-0.0,0.4,10,0.4,0,34
3130,0,-1,-0.042877734,0.4,10,0.4,0,34
3131,2,1,16.131496,0.48,12,0.48,0,34
3132,0,-1,-0.048229866,0.48,12,0.48,0,34
3133,0,-1,-0.051257562,0.48,12,0.48,0,34
3134,0,-1,-3.589884,0.44,11,0.44,0,34
3135,2,1,12.785086,0.52,13,0.52,1,34
3136,2,1,-23.559408,0.68,17,0.68,0,34
3137,0,-1,13.542966,0.64,16,0.64,0,34
3138,0,-1,6.7692566,0.6,15,0.6,0,34
3139,0,-1,3.7592888,0.56,14,0.56,0,34
3140,1,0,0.0,0.56,14,0.56,0,34
3141,0,-1,0.15874623,0.52,13,0.52,0,34
3142,0,-1,-1.2755046,0.48,12,0.48,0,34
3143,0,-1,-4.270061,0.44,11,0.44,0,34
3144,1,0,0.0,0.44,11,0.44,0,34
3145,1,0,0.0,0.44,11,0.44,0,34
3146,1,0,0.0,0.44,11,0.44,0,34
3147,2,1,21.929169,0.48,12,0.48,0,34
3148,0,-1,-14.97472,0.48,12,0.48,0,34
3149,2,1,-1.4302673,0.6,15,0.6,0,34
3150,2,1,-1.3399733,0.68,17,0.68,1,34
3151,0,-1,-12.967246,0.68,17,0.68,0,34
3152,0,-1,11.945502,0.64,16,0.64,0,34
3153,2,1,8.466264,0.68,17,0.68,0,34
3154,0,-1,12.601124,0.64,16,0.64,0,34
3155,0,-1,8.32869,0.6,15,0.6,0,34
3156,0,-1,-0.0,0.6,15,0.6,0,34
3157,1,0,0.0,0.6,15,0.6,0,34
3158,2,1,-2.8460007,0.68,17,0.68,0,34
3159,0,-1,-0.0,0.68,17,0.68,0,34
3160,0,-1,13.134676,0.64,16,0.64,0,34
3161,0,-1,-0.0,0.64,16,0.64,0,34
3162,0,-1,-10.702102,0.64,16,0.64,0,34
3163,0,-1,-4.7922767e-05,0.64,16,0.64,0,34
3164,0,-1,7.524661,0.6,15,0.6,1,34
3165,1,0,0.0,0.6,15,0.6,0,34
3166,2,1,-96.49041,0.8,20,0.8,0,34
3167,1,0,0.0,0.8,20,0.8,0,34
3168,0,-1,-0.066904634,0.8,20,0.8,0,34
3169,0,-1,-10.874284,0.8,20,0.8,0,34
3170,0,-1,-4.7562004e-05,0.8,20,0.8,0,34
3171,0,-1,-0.0706455,0.8,20,0.8,0,34
3172,0,-1,49.00421,0.76,19,0.76,0,34
3173,1,0,0.0,0.76,19,0.76,0,34
3174,0,-1,31.76626,0.72,18,0.72,0,34
3175,1,0,0.0,0.72,18,0.72,0,34
3176,1,0,0.0,0.72,18,0.72,0,34
3177,2,1,-4.4014626,0.76,19,0.76,0,34
3178,0,-1,-0.0,0.76,19,0.76,0,34
3179,1,0,0.0,0.76,19,0.76,0,34
3180,0,-1,32.57118,0.72,18,0.72,0,34
3181,0,-1,21.165524,0.68,17,0.68,0,34
3182,1,0,0.0,0.68,17,0.68,0,34
3183,0,-1,-0.0,0.68,17,0.68,0,34
3184,0,-1,-0.0,0.68,17,0.68,0,34
3185,0,-1,-0.020179942,0.68,17,0.68,1,34
3186,1,0,0.0,0.68,17,0.68,0,34
3187,0,-1,13.861686,0.64,16,0.64,0,34
3188,2,1,10.114996,0.68,17,0.68,0,34
3189,0,-1,-13.128607,0.68,17,0.68,0,34
3190,2,1,4.1070595,0.72,18,0.72,0,34
3191,0,-1,-10.256969,0.72,18,0.72,0,34
3192,0,-1,-0.0,0.72,18,0.72,0,34
3193,0,-1,-12.537138,0.72,18,0.72,0,34
3194,1,0,0.0,0.72,18,0.72,0,34
3195,2,1,-2.8598008,0.76,19,0.76,0,34
3196,0,-1,31.527807,0.72,18,0.72,0,34
3197,2,1,-46.162064,0.8,20,0.8,0,34
3198,1,0,0.0,0.8,20,0.8,0,34
3199,2,1,-139.92508,0.88,22,0.88,0,34
3200,1,0,0.0,0.88,22,0.88,0,34
3201,0,-1,142.76003,0.84,21,0.84,0,34
3202,1,0,0.0,0.84,21,0.84,0,34
3203,0,-1,-9.03269,0.84,21,0.84,1,34
3204,0,-1,-7.914881,0.84,21,0.84,0,34
3205,0,-1,-12.171518,0.84,21,0.84,0,34
3206,0,-1,-10.897758,0.84,21,0.84,0,34
3207,0,-1,-0.0,0.84,21,0.84,0,34
3208,0,-1,-11.537358,0.84,21,0.84,0,34
3209,1,0,0.0,0.84,21,0.84,0,34
3210,0,-1,-0.0,0.84,21,0.84,0,34
3211,0,-1,-0.03946139,0.84,21,0.84,0,34
3212,1,0,0.0,0.84,21,0.84,0,34
3213,1,0,0.0,0.84,21,0.84,0,34
3214,0,-1,-0.023381788,0.84,21,0.84,0,34
3215,0,-1,-0.0,0.84,21,0.84,0,34
3216,1,0,0.0,0.84,21,0.84,0,34
3217,0,-1,-0.0,0.84,21,0.84,0,34
3218,2,1,-76.60719,0.88,22,0.88,0,34
3219,0,-1,-0.00097647624,0.88,22,0.88,0,34
3220,1,0,0.0,0.88,22,0.88,0,34
3221,0,-1,144.57494,0.84,21,0.84,0,34
3222,0,-1,-12.795248,0.84,21,0.84,0,34
3223,1,0,0.0,0.84,21,0.84,0,34
3224,0,-1,-0.03495443,0.84,21,0.84,1,34
3225,1,0,0.0,0.84,21,0.84,0,34
3226,0,-1,81.28193,0.8,20,0.8,0,34
3227,0,-1,-0.0,0.8,20,0.8,0,34
3228,2,1,-349.82916,0.92,23,0.92,0,34
3229,2,1,-601.207,0.96,24,0.96,0,34
3230,0,-1,-0.0,0.96,24,0.96,0,34
3231,1,0,0.0,0.96,24,0.96,0,34
3232,2,1,-1000.0,0.0,0,0.0,0,34
3233,0,-1,-0.0,0.16,4,0.16,0,35
3234,2,1,28.364332,0.2,5,0.2,0,35
3235,2,1,23.955872,0.28,7,0.28,0,35
3236,0,-1,-8.870104,0.24,6,0.24,0,35
3237,0,-1,-9.833911,0.2,5,0.2,0,35
3238,0,-1,-0.0,0.2,5,0.2,0,35
3239,2,1,23.968313,0.28,7,0.28,0,35
3240,0,-1,-8.867463,0.24,6,0.24,0,35
3241,1,0,0.0,0.24,6,0.24,0,35
3242,2,1,26.767761,0.28,7,0.28,0,35
3243,1,0,0.0,0.28,7,0.28,0,35
3244,0,-1,-0.12536351,0.28,7,0.28,0,35
3245,0,-1,-0.0,0.28,7,0.28,0,35
3246,0,-1,-0.0,0.28,7,0.28,0,35
3247,2,1,21.33844,0.36,9,0.36,0,35
3248,0,-1,-0.0,0.36,9,0.36,0,35
3249,0,-1,-0.091938585,0.36,9,0.36,0,35
3250,0,-1,-0.09818078,0.36,9,0.36,0,35
3251,1,0,0.0,0.36,9,0.36,0,35
3252,0,-1,-6.904434,0.32,8,0.32,0,35
3253,0,-1,-8.372775,0.28,7,0.28,0,35
3254,0,-1,-0.3409416,0.28,7,0.28,0,35
3255,0,-1,-0.121033445,0.28,7,0.28,0,35
3256,2,1,-4.847379,0.32,8,0.32,0,35
3257,2,1,26.008978,0.36,9,0.36,0,35
3258,2,1,22.427462,0.4,10,0.4,1,35
3259,0,-1,-6.913687,0.36,9,0.36,0,35
3260,0,-1,-7.6943064,0.32,8,0.32,0,35
3261,0,-1,-6.917881,0.28,7,0.28,0,35
3262,0,-1,-4.23699,0.24,6,0.24,0,35
3263,0,-1,-0.0,0.24,6,0.24,0,35
3264,0,-1,-0.0,0.24,6,0.24,0,35
3265,0,-1,-0.0,0.24,6,0.24,0,35
3266,2,1,26.727934,0.28,7,0.28,0,35
3267,1,0,0.0,0.28,7,0.28,0,35
3268,2,1,21.260424,0.36,9,0.36,0,35
3269,0,-1,-6.814537,0.32,8,0.32,0,35
3270,2,1,11.437642,0.44,11,0.44,0,35
3271,1,0,0.0,0.44,11,0.44,0,35
3272,1,0,0.0,0.44,11,0.44,0,35
3273,2,1,10.606713,0.52,13,0.52,0,35
3274,0,-1,-0.0,0.52,13,0.52,0,35
3275,0,-1,-5.2972683e-07,0.52,13,0.52,0,35
3276,0,-1,-0.0,0.52,13,0.52,0,35
3277,0,-1,-5.546465e-07,0.52,13,0.52,0,35
3278,0,-1,-0.16477971,0.48,12,0.48,1,35
3279,1,0,0.0,0.48,12,0.48,0,35
3280,0,-1,-0.0,0.48,12,0.48,1,35
3281,0,-1,-4.7735367,0.44,11,0.44,0,35
3282,1,0,0.0,0.44,11,0.44,0,35
3283,1,0,0.0,0.44,11,0.44,0,35
3284,0,-1,-4.3837743,0.4,10,0.4,0,35
3285,0,-1,-11.838966,0.4,10,0.4,0,35
3286,1,0,0.0,0.4,10,0.4,1,35
3287,0,-1,-16.076591,0.4,10,0.4,0,35
3288,0,-1,-0.17436866,0.4,10,0.4,0,35
3289,0,-1,-0.0,0.4,10,0.4,0,35
3290,0,-1,-11.807587,0.4,10,0.4,0,35
3291,0,-1,-7.0934852e-06,0.4,10,0.4,0,35
3292,2,1,24.652458,0.44,11,0.44,0,35
3293,0,-1,-0.0,0.44,11,0.44,0,35
3294,1,0,0.0,0.44,11,0.44,0,35
3295,0,-1,-11.501946,0.44,11,0.44,0,35
3296,0,-1,-0.0,0.44,11,0.44,0,35
3297,1,0,0.0,0.44,11,0.44,0,35
3298,0,-1,-5.8054137,0.4,10,0.4,0,35
3299,0,-1,-4.232488,0.36,9,0.36,0,35
3300,2,1,21.136011,0.4,10,0.4,0,35
3301,2,1,21.76512,0.44,11,0.44,0,35
3302,1,0,0.0,0.44,11,0.44,0,35
3303,0,-1,-13.745855,0.44,11,0.44,0,35
3304,0,-1,-8.123651e-06,0.44,11,0.44,0,35
3305,1,0,0.0,0.44,11,0.44,0,35
3306,0,-1,-6.9780685e-06,0.44,11,0.44,0,35
3307,0,-1,-3.701597,0.4,10,0.4,0,35
3308,0,-1,-0.0014627121,0.4,10,0.4,0,35
3309,2,1,20.444824,0.44,11,0.44,0,35
3310,1,0,0.0,0.44,11,0.44,1,35
3311,0,-1,-4.720901,0.4,10,0.4,0,35
3312,0,-1,-11.839915,0.4,10,0.4,0,35
3313,1,0,0.0,0.4,10,0.4,0,35
3314,2,1,24.470987,0.44,11,0.44,0,35
3315,0,-1,-0.0,0.44,11,0.44,0,35
3316,2,1,21.420403,0.48,12,0.48,0,35
3317,1,0,0.0,0.48,12,0.48,0,35
3318,2,1,11.1210375,0.56,14,0.56,0,35
3319,0,-1,-0.056423936,0.56,14,0.56,0,35
3320,2,1,-36.60818,0.72,18,0.72,0,35
3321,0,-1,-1.20855775e-05,0.72,18,0.72,0,35
3322,0,-1,-0.0041418397,0.72,18,0.72,0,35
3323,1,0,0.0,0.72,18,0.72,0,35
3324,0,-1,20.448845,0.68,17,0.68,0,35
3325,0,-1,-0.0011329693,0.68,17,0.68,0,35
3326,0,-1,12.338766,0.64,16,0.64,0,35
3327,0,-1,-0.0,0.64,16,0.64,0,35
3328,2,1,3.872975,0.68,17,0.68,1,35
3329,0,-1,12.496744,0.64,16,0.64,0,35
3330,0,-1,-8.48474,0.64,16,0.64,0,35
3331,1,0,0.0,0.64,16,0.64,0,35
3332,0,-1,10.630659,0.6,15,0.6,0,35
3333,1,0,0.0,0.6,15,0.6,0,35
3334,1,0,0.0,0.6,15,0.6,0,35
3335,1,0,0.0,0.6,15,0.6,0,35
3336,0,-1,3.0871828,0.56,14,0.56,0,35
3337,0,-1,-0.0,0.56,14,0.56,0,35
3338,0,-1,-0.06762409,0.56,14,0.56,0,35
3339,1,0,0.0,0.56,14,0.56,0,35
3340,2,1,0.54438645,0.64,16,0.64,0,35
3341,1,0,0.0,0.64,16,0.64,0,35
3342,0,-1,8.124045,0.6,15,0.6,0,35
3343,0,-1,-0.0,0.6,15,0.6,0,35
3344,0,-1,-0.0,0.6,15,0.6,0,35
3345,2,1,13.352354,0.64,16,0.64,0,35
3346,0,-1,7.61035,0.6,15,0.6,1,35
3347,0,-1,6.78954,0.56,14,0.56,0,35
3348,0,-1,-12.53367,0.56,14,0.56,0,35
3349,0,-1,-3.0316278e-05,0.56,14,0.56,0,35
3350,2,1,3.3142014,0.64,16,0.64,0,35
3351,2,1,-82.81461,0.8,20,0.8,0,35
3352,0,-1,-0.059180457,0.8,20,0.8,0,35
3353,0,-1,-2.5428708e-05,0.8,20,0.8,0,35
3354,0,-1,48.37966,0.76,19,0.76,0,35
3355,1,0,0.0,0.76,19,0.76,0,35
3356,0,-1,-14.334076,0.76,19,0.76,0,35
3357,0,-1,32.707108,0.72,18,0.72,0,35
3358,0,-1,-2.8247923e-05,0.72,18,0.72,0,35
3359,0,-1,20.45793,0.68,17,0.68,0,35
3360,0,-1,-2.2152102e-05,0.68,17,0.68,0,35
3361,0,-1,-0.0,0.68,17,0.68,0,35
3362,1,0,0.0,0.68,17,0.68,0,35
3363,0,-1,11.504146,0.64,16,0.64,0,35
3364,0,-1,-15.419748,0.64,16,0.64,0,35
3365,0,-1,-2.491863e-05,0.64,16,0.64,0,35
3366,0,-1,7.19756,0.6,15,0.6,0,35
3367,0,-1,-0.0048715454,0.6,15,0.6,0,35
3368,0,-1,-0.004349098,0.6,15,0.6,0,35
3369,0,-1,-0.0,0.6,15,0.6,0,35
3370,1,0,0.0,0.6,15,0.6,0,35
3371,0,-1,-0.0017611356,0.6,15,0.6,0,35
3372,2,1,12.781976,0.64,16,0.64,0,35
3373,0,-1,-0.0,0.64,16,0.64,0,35
3374,0,-1,-0.11650191,0.64,16,0.64,1,35
3375,0,-1,7.5159655,0.6,15,0.6,0,35
3376,1,0,0.0,0.6,15,0.6,0,35
3377,1,0,0.0,0.6,15,0.6,0,35
3378,0,-1,3.332967,0.56,14,0.56,0,35
3379,1,0,0.0,0.56,14,0.56,0,35
3380,1,0,0.0,0.56,14,0.56,0,35
3381,0,-1,-0.0,0.56,14,0.56,0,35
3382,0,-1,0.32310158,0.52,13,0.52,0,35
3383,0,-1,-1.06142,0.48,12,0.48,0,35
3384,0,-1,-0.0,0.48,12,0.48,0,35
3385,0,-1,-0.0,0.48,12,0.48,1,35
3386,0,-1,-3.5288901,0.44,11,0.44,0,35
3387,0,-1,-0.0,0.44,11,0.44,0,35
3388,0,-1,-0.0,0.44,11,0.44,0,35
3389,0,-1,-0.0,0.44,11,0.44,0,35
3390,2,1,14.875579,0.48,12,0.48,0,35
3391,0,-1,-0.0,0.48,12,0.48,1,35
3392,1,0,0.0,0.48,12,0.48,0,35
3393,0,-1,-0.37434322,0.44,11,0.44,0,35
3394,0,-1,-0.0,0.44,11,0.44,0,35
3395,0,-1,-4.9352493,0.4,10,0.4,0,35
3396,2,1,14.959818,0.48,12,0.48,0,35
3397,2,1,20.934416,0.52,13,0.52,0,35
3398,0,-1,-0.0,0.52,13,0.52,0,35
3399,0,-1,-1.9688946,0.48,12,0.48,0,35
3400,0,-1,-0.0014370236,0.48,12,0.48,0,35
3401,0,-1,-2.941696,0.44,11,0.44,0,35
3402,2,1,14.884658,0.48,12,0.48,0,35
3403,0,-1,-0.0,0.48,12,0.48,0,35
3404,2,1,19.560766,0.52,13,0.52,0,35
3405,0,-1,-2.7976873,0.48,12,0.48,0,35
3406,2,1,8.077892,0.56,14,0.56,0,35
3407,1,0,0.0,0.56,14,0.56,0,35
3408,1,0,0.0,0.56,14,0.56,0,35
3409,0,-1,-1.2164491,0.52,13,0.52,0,35
3410,1,0,0.0,0.52,13,0.52,0,35
3411,1,0,0.0,0.52,13,0.52,0,35
3412,1,0,0.0,0.52,13,0.52,0,35
3413,0,-1,-0.0,0.52,13,0.52,0,35
3414,0,-1,0.123407446,0.48,12,0.48,0,35
3415,0,-1,-1.9924965,0.44,11,0.44,0,35
3416,1,0,0.0,0.44,11,0.44,0,35
3417,1,0,0.0,0.44,11,0.44,0,35
3418,1,0,0.0,0.44,11,0.44,0,35
3419,0,-1,-0.0,0.44,11,0.44,0,35
3420,1,0,0.0,0.44,11,0.44,0,35
3421,1,0,0.0,0.44,11,0.44,1,35
3422,1,0,0.0,0.44,11,0.44,0,35
3423,0,-1,-4.2315774,0.4,10,0.4,0,35
3424,2,1,25.215122,0.44,11,0.44,0,35
3425,2,1,22.016584,0.48,12,0.48,0,35
3426,2,1,20.626646,0.52,13,0.52,1,35
3427,1,0,0.0,0.52,13,0.52,0,35
3428,0,-1,-0.0,0.52,13,0.52,0,35
3429,0,-1,-1.94484,0.48,12,0.48,0,35
3430,1,0,0.0,0.48,12,0.48,0,35
3431,1,0,0.0,0.48,12,0.48,0,35
3432,2,1,18.293913,0.52,13,0.52,0,35
3433,1,0,0.0,0.52,13,0.52,0,35
3434,2,1,17.8799,0.56,14,0.56,1,35
3435,0,-1,-1.194219,0.52,13,0.52,0,35
3436,0,-1,-0.6197327,0.48,12,0.48,0,35
3437,0,-1,-4.357278,0.44,11,0.44,0,35
3438,0,-1,-1.7916437,0.4,10,0.4,0,35
3439,0,-1,-13.413033,0.4,10,0.4,0,35
3440,0,-1,-16.55738,0.4,10,0.4,0,35
3441,2,1,16.981915,0.48,12,0.48,0,35
3442,0,-1,-1.9433291,0.44,11,0.44,0,35
3443,0,-1,-0.14543045,0.44,11,0.44,1,35
3444,0,-1,-5.6310616,0.4,10,0.4,1,35
3445,0,-1,-0.0,0.4,10,0.4,0,35
3446,2,1,16.849823,0.48,12,0.48,0,35
3447,0,-1,-16.196806,0.48,12,0.48,0,35
3448,0,-1,-12.637609,0.48,12,0.48,0,35
3449,2,1,16.461521,0.52,13,0.52,0,35
3450,0,-1,-2.2994463,0.48,12,0.48,0,35
3451,2,1,18.066555,0.52,13,0.52,0,35
3452,1,0,0.0,0.52,13,0.52,0,35
3453,1,0,0.0,0.52,13,0.52,0,35
3454,0,-1,-0.22275972,0.48,12,0.48,0,35
3455,1,0,0.0,0.48,12,0.48,0,35
3456,1,0,0.0,0.48,12,0.48,0,35
3457,0,-1,-0.0,0.48,12,0.48,1,35
3458,0,-1,-3.043667,0.44,11,0.44,0,35
3459,0,-1,-0.0,0.44,11,0.44,0,35
3460,1,0,0.0,0.44,11,0.44,0,35
3461,0,-1,-0.0,0.44,11,0.44,1,35
3462,1,0,0.0,0.44,11,0.44,0,35
3463,2,1,16.288984,0.48,12,0.48,0,35
3464,1,0,0.0,0.48,12,0.48,0,35
3465,0,-1,-15.980028,0.48,12,0.48,0,35
3466,0,-1,-0.7525957,0.44,11,0.44,0,35
3467,2,1,12.347112,0.52,13,0.52,0,35
3468,2,1,15.023865,0.56,14,0.56,0,35
3469,0,-1,1.1883959,0.52,13,0.52,0,35
3470,1,0,0.0,0.52,13,0.52,0,35
3471,0,-1,-2.5577765,0.48,12,0.48,0,35
3472,1,0,0.0,0.48,12,0.48,1,35
3473,2,1,22.052513,0.52,13,0.52,0,35
3474,1,0,0.0,0.52,13,0.52,0,35
3475,0,-1,0.09355828,0.48,12,0.48,0,35
3476,1,0,0.0,0.48,12,0.48,0,35
3477,0,-1,-4.1875687,0.44,11,0.44,0,35
3478,0,-1,-0.0,0.44,11,0.44,0,35
3479,0,-1,-3.5337439,0.4,10,0.4,0,35
3480,0,-1,-4.424412,0.36,9,0.36,0,35
3481,0,-1,-8.604025,0.32,8,0.32,0,35
3482,1,0,0.0,0.32,8,0.32,0,35
3483,0,-1,-8.007699,0.28,7,0.28,0,35
3484,0,-1,-0.0,0.28,7,0.28,0,35
3485,0,-1,-13.382616,0.28,7,0.28,0,35
3486,1,0,0.0,0.28,7,0.28,0,35
3487,2,1,17.957027,0.32,8,0.32,0,35
3488,2,1,27.741426,0.36,9,0.36,0,35
3489,0,-1,-0.0,0.36,9,0.36,0,35
3490,2,1,14.792197,0.4,10,0.4,0,35
3491,2,1,17.856092,0.44,11,0.44,0,35
3492,1,0,0.0,0.44,11,0.44,0,35
3493,0,-1,-6.729733,0.4,10,0.4,0,35
3494,0,-1,-3.4440122,0.36,9,0.36,0,35
3495,0,-1,-0.0,0.36,9,0.36,0,35
3496,1,0,0.0,0.36,9,0.36,0,35
3497,0,-1,-2.3901875,0.32,8,0.32,0,35
3498,1,0,0.0,0.32,8,0.32,1,35
3499,0,-1,-0.0,0.32,8,0.32,0,35
3500,0,-1,-0.0,0.32,8,0.32,0,35
3501,2,1,20.524717,0.36,9,0.36,0,35
3502,2,1,19.548336,0.4,10,0.4,0,35
3503,0,-1,-4.1581593,0.36,9,0.36,0,35
3504,2,1,27.277905,0.4,10,0.4,0,35
3505,2,1,16.350159,0.44,11,0.44,0,35
3506,2,1,4.331398,0.56,14,0.56,0,35
3507,1,0,0.0,0.56,14,0.56,0,35
3508,0,-1,4.1039095,0.52,13,0.52,0,35
3509,0,-1,-2.3241048,0.48,12,0.48,0,35
3510,0,-1,-0.3476429,0.44,11,0.44,0,35
3511,1,0,0.0,0.44,11,0.44,0,35
3512,1,0,0.0,0.44,11,0.44,0,35
3513,1,0,0.0,0.44,11,0.44,0,35
3514,1,0,0.0,0.44,11,0.44,0,35
3515,0,-1,-6.7725434,0.4,10,0.4,0,35
3516,2,1,19.284386,0.44,11,0.44,0,35
3517,0,-1,-3.121378,0.4,10,0.4,0,35
3518,1,0,0.0,0.4,10,0.4,0,35
3519,0,-1,-2.2508967,0.36,9,0.36,0,35
3520,1,0,0.0,0.36,9,0.36,1,35
3521,2,1,17.263018,0.4,10,0.4,0,35
3522,0,-1,-5.1389003,0.36,9,0.36,0,35
3523,1,0,0.0,0.36,9,0.36,0,35
3524,0,-1,-0.0,0.36,9,0.36,0,35
3525,1,0,0.0,0.36,9,0.36,0,35
3526,0,-1,-20.712725,0.4,10,0.4,0,35
3527,0,-1,-6.1380258,0.36,9,0.36,0,35
3528,2,1,13.521696,0.48,12,0.48,0,35
3529,0,-1,-0.29152462,0.48,12,0.48,0,35
3530,1,0,0.0,0.48,12,0.48,0,35
3531,2,1,9.342288,0.56,14,0.56,0,35
3532,1,0,0.0,0.0,0,0.0,0,35
3533,1,0,0.0,0.16,4,0.16,0,36
3534,0,-1,-0.0,0.16,4,0.16,0,36
3535,2,1,-4.1407347,0.2,5,0.2,0,36
3536,0,-1,6.2116933,0.16,4,0.16,0,36
3537,2,1,28.364332,0.2,5,0.2,0,36
3538,1,0,0.0,0.2,5,0.2,0,36
3539,0,-1,-10.04084,0.16,4,0.16,0,36
3540,2,1,-4.1407347,0.2,5,0.2,0,36
3541,2,1,28.208652,0.24,6,0.24,0,36
3542,2,1,-4.515744,0.28,7,0.28,0,36
3543,1,0,0.0,0.28,7,0.28,0,36
3544,2,1,22.635555,0.36,9,0.36,0,36
3545,2,1,-5.8295965,0.4,10,0.4,0,36
3546,0,-1,-0.0,0.4,10,0.4,0,36
3547,2,1,15.164858,0.48,12,0.48,0,36
3548,0,-1,-0.0020252368,0.48,12,0.48,0,36
3549,2,1,22.79115,0.52,13,0.52,0,36
3550,2,1,19.728302,0.56,14,0.56,0,36
3551,0,-1,-0.0,0.56,14,0.56,0,36
3552,2,1,-11.786878,0.6,15,0.6,0,36
3553,2,1,11.717475,0.64,16,0.64,0,36
3554,0,-1,-0.10589488,0.64,16,0.64,0,36
3555,1,0,0.0,0.64,16,0.64,0,36
3556,0,-1,6.6046314,0.6,15,0.6,0,36
3557,0,-1,17.680359,0.56,14,0.56,1,36
3558,2,1,3.6086988,0.64,16,0.64,0,36
3559,0,-1,-0.0,0.64,16,0.64,0,36
3560,0,-1,8.065129,0.6,15,0.6,0,36
3561,1,0,0.0,0.6,15,0.6,0,36
3562,2,1,-2.3345604,0.68,17,0.68,0,36
3563,2,1,4.708553,0.72,18,0.72,0,36
3564,0,-1,25.92563,0.68,17,0.68,0,36
3565,2,1,-128.38054,0.84,21,0.84,0,36
3566,2,1,-89.46449,0.88,22,0.88,0,36
3567,2,1,-182.84386,0.92,23,0.92,0,36
3568,0,-1,-0.031708732,0.92,23,0.92,0,36
3569,0,-1,-0.009515635,0.92,23,0.92,0,36
3570,1,0,0.0,0.92,23,0.92,0,36
3571,0,-1,-0.0019821418,0.92,23,0.92,0,36
3572,0,-1,-0.03221207,0.92,23,0.92,1,36
3573,0,-1,299.9606,0.88,22,0.88,0,36
3574,2,1,-181.4253,0.92,23,0.92,0,36
3575,2,1,-599.73737,0.96,24,0.96,0,36
3576,0,-1,-0.0,0.96,24,0.96,0,36
3577,0,-1,929.6766,0.92,23,0.92,0,36
3578,0,-1,300.15216,0.88,22,0.88,0,36
3579,1,0,0.0,0.88,22,0.88,0,36
3580,0,-1,142.46202,0.84,21,0.84,0,36
3581,1,0,0.0,0.84,21,0.84,0,36
3582,0,-1,-9.461203,0.84,21,0.84,0,36
3583,2,1,-78.70187,0.88,22,0.88,0,36
3584,0,-1,142.51703,0.84,21,0.84,0,36
3585,1,0,0.0,0.84,21,0.84,0,36
3586,1,0,0.0,0.84,21,0.84,0,36
3587,2,1,-286.43448,0.92,23,0.92,0,36
3588,1,0,0.0,0.92,23,0.92,0,36
3589,0,-1,299.65112,0.88,22,0.88,0,36
3590,0,-1,144.53162,0.84,21,0.84,0,36
3591,1,0,0.0,0.84,21,0.84,0,36
3592,0,-1,-10.865487,0.84,21,0.84,0,36
3593,0,-1,-0.0018524873,0.84,21,0.84,0,36
3594,0,-1,-12.754851,0.84,21,0.84,0,36
3595,0,-1,-0.0,0.84,21,0.84,1,36
3596,1,0,0.0,0.84,21,0.84,0,36
3597,1,0,0.0,0.84,21,0.84,0,36
3598,1,0,0.0,0.84,21,0.84,1,36
3599,2,1,-909.10345,0.96,24,0.96,0,36
3600,0,-1,-9.176171,0.96,24,0.96,0,36
3601,2,1,-1000.0,0.0,0,0.0,0,36
3602,1,0,0.0,0.16,4,0.16,0,37
3603,2,1,-4.1407347,0.2,5,0.2,0,37
3604,0,-1,6.2116933,0.16,4,0.16,0,37
3605,0,-1,-0.0,0.16,4,0.16,0,37
3606,0,-1,-0.0,0.16,4,0.16,0,37
3607,2,1,-4.1407347,0.2,5,0.2,0,37
3608,2,1,-4.278605,0.24,6,0.24,0,37
3609,2,1,23.14127,0.32,8,0.32,0,37
3610,1,0,0.0,0.32,8,0.32,0,37
3611,0,-1,7.2718725,0.28,7,0.28,0,37
3612,2,1,-4.847804,0.32,8,0.32,0,37
3613,0,-1,7.2716603,0.28,7,0.28,1,37
3614,1,0,0.0,0.28,7,0.28,0,37
3615,2,1,22.997683,0.32,8,0.32,0,37
3616,2,1,11.60197,0.4,10,0.4,0,37
3617,2,1,-1.9645431,0.52,13,0.52,0,37
3618,0,-1,-0.0,0.52,13,0.52,0,37
3619,0,-1,-1.4616131e-07,0.52,13,0.52,0,37
3620,2,1,10.959812,0.6,15,0.6,0,37
3621,0,-1,-0.0,0.6,15,0.6,0,37
3622,0,-1,3.7575474,0.56,14,0.56,0,37
3623,1,0,0.0,0.56,14,0.56,0,37
3624,2,1,2.8470237,0.6,15,0.6,0,37
3625,0,-1,7.5387316,0.56,14,0.56,0,37
3626,0,-1,5.6927843,0.52,13,0.52,0,37
3627,0,-1,-2.8466563,0.48,12,0.48,0,37
3628,0,-1,-0.0,0.48,12,0.48,0,37
3629,0,-1,3.7708743,0.44,11,0.44,0,37
3630,2,1,7.2420435,0.48,12,0.48,0,37
3631,1,0,0.0,0.48,12,0.48,0,37
3632,1,0,0.0,0.48,12,0.48,0,37
3633,2,1,-3.0474951,0.56,14,0.56,1,37
3634,2,1,1.9358426,0.64,16,0.64,0,37
3635,1,0,0.0,0.64,16,0.64,1,37
3636,0,-1,-9.860463,0.64,16,0.64,0,37
3637,0,-1,15.356647,0.6,15,0.6,1,37
3638,2,1,-10.941348,0.68,17,0.68,0,37
3639,2,1,-5.3889914,0.72,18,0.72,0,37
3640,1,0,0.0,0.72,18,0.72,1,37
3641,0,-1,25.674587,0.68,17,0.68,0,37
3642,1,0,0.0,0.68,17,0.68,0,37
3643,0,-1,16.136103,0.64,16,0.64,0,37
3644,1,0,0.0,0.64,16,0.64,0,37
3645,1,0,0.0,0.64,16,0.64,0,37
3646,1,0,0.0,0.64,16,0.64,1,37
3647,2,1,-24.591444,0.72,18,0.72,0,37
3648,0,-1,-0.0,0.72,18,0.72,0,37
3649,0,-1,25.314823,0.68,17,0.68,0,37
3650,0,-1,-14.039818,0.68,17,0.68,0,37
3651,2,1,-4.1933384,0.72,18,0.72,0,37
3652,0,-1,-14.567476,0.72,18,0.72,0,37
3653,0,-1,20.53052,0.68,17,0.68,0,37
3654,1,0,0.0,0.68,17,0.68,0,37
3655,0,-1,20.20465,0.64,16,0.64,0,37
3656,2,1,-13.603652,0.72,18,0.72,0,37
3657,1,0,0.0,0.72,18,0.72,0,37
3658,2,1,-51.614674,0.8,20,0.8,0,37
3659,2,1,-48.828583,0.84,21,0.84,0,37
3660,0,-1,-6.8117795,0.84,21,0.84,0,37
3661,0,-1,-0.0020576979,0.84,21,0.84,0,37
3662,0,-1,-0.0,0.84,21,0.84,0,37
3663,0,-1,82.42514,0.8,20,0.8,0,37
3664,0,-1,-0.0,0.8,20,0.8,0,37
3665,0,-1,54.393993,0.76,19,0.76,0,37
3666,1,0,0.0,0.76,19,0.76,0,37
3667,0,-1,-1.246363e-09,0.76,19,0.76,0,37
3668,2,1,-86.82797,0.84,21,0.84,0,37
3669,1,0,0.0,0.84,21,0.84,0,37
3670,0,-1,-0.0024295545,0.84,21,0.84,0,37
3671,1,0,0.0,0.84,21,0.84,1,37
3672,2,1,-85.85941,0.88,22,0.88,0,37
3673,0,-1,-13.988475,0.88,22,0.88,0,37
3674,2,1,-176.70482,0.92,23,0.92,0,37
3675,0,-1,-6.516541,0.92,23,0.92,0,37
3676,0,-1,-0.0,0.92,23,0.92,0,37
3677,1,0,0.0,0.92,23,0.92,0,37
3678,0,-1,-1.9225226e-09,0.92,23,0.92,0,37
3679,0,-1,-8.42325,0.92,23,0.92,0,37
3680,1,0,0.0,0.92,23,0.92,0,37
3681,1,0,0.0,0.92,23,0.92,0,37
3682,0,-1,-0.0,0.92,23,0.92,0,37
3683,0,-1,299.51556,0.88,22,0.88,0,37
3684,0,-1,-8.896586,0.88,22,0.88,0,37
3685,1,0,0.0,0.88,22,0.88,0,37
3686,1,0,0.0,0.88,22,0.88,0,37
3687,0,-1,-2.2969539e-07,0.88,22,0.88,0,37
3688,2,1,-177.63293,0.92,23,0.92,0,37
3689,2,1,-595.8681,0.96,24,0.96,0,37
3690,0,-1,-0.0,0.96,24,0.96,0,37
3691,0,-1,-0.0,0.96,24,0.96,0,37
3692,0,-1,928.6001,0.92,23,0.92,0,37
3693,0,-1,298.8701,0.88,22,0.88,0,37
3694,0,-1,147.44514,0.84,21,0.84,1,37
3695,0,-1,83.55788,0.8,20,0.8,0,37
3696,1,0,0.0,0.8,20,0.8,0,37
3697,0,-1,54.315964,0.76,19,0.76,0,37
3698,0,-1,-0.0,0.76,19,0.76,0,37
3699,1,0,0.0,0.76,19,0.76,0,37
3700,0,-1,32.656956,0.72,18,0.72,0,37
3701,0,-1,19.32395,0.68,17,0.68,0,37
3702,0,-1,16.575127,0.64,16,0.64,0,37
3703,0,-1,5.952355,0.6,15,0.6,0,37
3704,0,-1,3.7980065,0.56,14,0.56,1,37
3705,0,-1,7.9530625,0.52,13,0.52,0,37
3706,1,0,0.0,0.52,13,0.52,0,37
3707,1,0,0.0,0.52,13,0.52,0,37
3708,2,1,8.124422,0.6,15,0.6,0,37
3709,0,-1,-14.4856,0.6,15,0.6,0,37
3710,0,-1,-0.0,0.6,15,0.6,0,37
3711,1,0,0.0,0.6,15,0.6,0,37
3712,2,1,-23.23468,0.72,18,0.72,0,37
3713,2,1,-42.10305,0.8,20,0.8,0,37
3714,1,0,0.0,0.8,20,0.8,0,37
3715,0,-1,-0.0,0.8,20,0.8,0,37
3716,0,-1,-0.0,0.8,20,0.8,0,37
3717,1,0,0.0,0.8,20,0.8,0,37
3718,1,0,0.0,0.8,20,0.8,0,37
3719,0,-1,55.621803,0.76,19,0.76,0,37
3720,0,-1,-0.0,0.76,19,0.76,0,37
3721,0,-1,31.246828,0.72,18,0.72,0,37
3722,0,-1,-0.0,0.72,18,0.72,0,37
3723,0,-1,23.116306,0.68,17,0.68,0,37
3724,0,-1,14.122707,0.64,16,0.64,0,37
3725,0,-1,-14.264169,0.64,16,0.64,0,37
3726,1,0,0.0,0.64,16,0.64,0,37
3727,0,-1,-0.0,0.64,16,0.64,0,37
3728,0,-1,-0.0,0.64,16,0.64,0,37
3729,0,-1,-0.0011498941,0.64,16,0.64,0,37
3730,0,-1,-0.0031087813,0.64,16,0.64,1,37
3731,0,-1,9.286853,0.6,15,0.6,0,37
3732,0,-1,-12.596318,0.6,15,0.6,0,37
3733,0,-1,-0.0,0.6,15,0.6,0,37
3734,2,1,-4.616009,0.68,17,0.68,0,37
3735,1,0,0.0,0.68,17,0.68,0,37
3736,2,1,-24.658792,0.76,19,0.76,0,37
3737,0,-1,-0.0,0.76,19,0.76,0,37
3738,1,0,0.0,0.76,19,0.76,0,37
3739,0,-1,-0.00094217237,0.76,19,0.76,0,37
3740,0,-1,-0.0,0.76,19,0.76,0,37
3741,2,1,-16.302038,0.8,20,0.8,0,37
3742,1,0,0.0,0.8,20,0.8,0,37
3743,0,-1,-12.797933,0.8,20,0.8,1,37
3744,0,-1,50.139973,0.76,19,0.76,0,37
3745,0,-1,-8.117205,0.76,19,0.76,0,37
3746,1,0,0.0,0.76,19,0.76,0,37
3747,1,0,0.0,0.76,19,0.76,0,37
3748,0,-1,-14.192647,0.76,19,0.76,0,37
3749,2,1,-79.138885,0.84,21,0.84,0,37
3750,0,-1,-0.0,0.84,21,0.84,0,37
3751,0,-1,-12.541172,0.84,21,0.84,1,37
3752,1,0,0.0,0.84,21,0.84,0,37
3753,2,1,-910.48773,0.96,24,0.96,0,37
3754,2,1,-1000.0,0.0,0,0.0,0,37
3755,1,0,0.0,0.16,4,0.16,0,38
3756,0,-1,-0.0,0.16,4,0.16,0,38
3757,2,1,28.346605,0.2,5,0.2,0,38
3758,1,0,0.0,0.2,5,0.2,0,38
3759,1,0,0.0,0.2,5,0.2,0,38
3760,1,0,0.0,0.2,5,0.2,0,38
3761,0,-1,-10.031977,0.16,4,0.16,0,38
3762,1,0,0.0,0.16,4,0.16,0,38
3763,2,1,28.364332,0.2,5,0.2,0,38
3764,0,-1,-10.04084,0.16,4,0.16,0,38
3765,1,0,0.0,0.16,4,0.16,0,38
3766,0,-1,-0.0,0.16,4,0.16,0,38
3767,1,0,0.0,0.16,4,0.16,0,38
3768,2,1,28.346605,0.2,5,0.2,0,38
3769,2,1,-4.278687,0.24,6,0.24,0,38
3770,0,-1,-0.0,0.24,6,0.24,0,38
3771,0,-1,6.418622,0.2,5,0.2,0,38
3772,2,1,-4.278605,0.24,6,0.24,0,38
3773,2,1,18.8927,0.32,8,0.32,0,38
3774,0,-1,-0.0,0.32,8,0.32,0,38
3775,1,0,0.0,0.32,8,0.32,1,38
3776,2,1,16.950188,0.36,9,0.36,0,38
3777,0,-1,-9.646864,0.36,9,0.36,0,38
3778,2,1,10.247861,0.4,10,0.4,0,38
3779,2,1,18.843306,0.48,12,0.48,0,38
3780,1,0,0.0,0.48,12,0.48,0,38
3781,0,-1,-0.027491603,0.44,11,0.44,0,38
3782,1,0,0.0,0.44,11,0.44,0,38
3783,0,-1,-5.8338075,0.4,10,0.4,0,38
3784,2,1,24.709246,0.44,11,0.44,0,38
3785,0,-1,-0.0,0.44,11,0.44,0,38
3786,0,-1,-3.873451,0.4,10,0.4,0,38
3787,2,1,19.324806,0.44,11,0.44,0,38
3788,1,0,0.0,0.44,11,0.44,0,38
3789,1,0,0.0,0.44,11,0.44,0,38
3790,2,1,21.024118,0.48,12,0.48,0,38
3791,0,-1,-0.16931796,0.48,12,0.48,0,38
3792,0,-1,3.0490997,0.44,11,0.44,0,38
3793,0,-1,-3.1415877,0.4,10,0.4,0,38
3794,0,-1,-4.103881e-08,0.4,10,0.4,0,38
3795,2,1,17.555977,0.48,12,0.48,0,38
3796,2,1,21.1404,0.52,13,0.52,1,38
3797,0,-1,-2.5418432,0.48,12,0.48,0,38
3798,0,-1,-13.446324,0.48,12,0.48,0,38
3799,1,0,0.0,0.48,12,0.48,0,38
3800,1,0,0.0,0.48,12,0.48,0,38
3801,0,-1,-15.326053,0.48,12,0.48,0,38
3802,1,0,0.0,0.48,12,0.48,0,38
3803,0,-1,-3.0991251,0.44,11,0.44,0,38
3804,1,0,0.0,0.44,11,0.44,0,38
3805,0,-1,-11.8463,0.44,11,0.44,0,38
3806,0,-1,-4.395654,0.4,10,0.4,0,38
3807,0,-1,-0.114629015,0.4,10,0.4,0,38
3808,0,-1,-2.5575032,0.36,9,0.36,0,38
3809,0,-1,-0.0,0.36,9,0.36,0,38
3810,2,1,21.052164,0.4,10,0.4,0,38
3811,1,0,0.0,0.4,10,0.4,0,38
3812,0,-1,-6.0476727,0.36,9,0.36,0,38
3813,2,1,19.675184,0.4,10,0.4,0,38
3814,0,-1,-0.0,0.4,10,0.4,0,38
3815,2,1,23.063414,0.44,11,0.44,0,38
3816,1,0,0.0,0.44,11,0.44,1,38
3817,0,-1,-3.8575187,0.4,10,0.4,0,38
3818,2,1,-3.1383026,0.56,14,0.56,0,38
3819,0,-1,-15.364345,0.56,14,0.56,0,38
3820,0,-1,-0.0013429488,0.56,14,0.56,0,38
3821,0,-1,1.2674022,0.52,13,0.52,0,38
3822,0,-1,-1.1144043,0.48,12,0.48,0,38
3823,1,0,0.0,0.48,12,0.48,0,38
3824,0,-1,-3.075862,0.44,11,0.44,0,38
3825,0,-1,-0.11304945,0.44,11,0.44,0,38
3826,0,-1,-0.0,0.44,11,0.44,0,38
3827,2,1,19.919989,0.48,12,0.48,0,38
3828,2,1,8.31167,0.56,14,0.56,0,38
3829,0,-1,1.5191017,0.52,13,0.52,0,38
3830,1,0,0.0,0.52,13,0.52,0,38
3831,0,-1,-1.4355202,0.48,12,0.48,0,38
3832,2,1,20.512327,0.52,13,0.52,0,38
3833,0,-1,-0.0,0.52,13,0.52,0,38
3834,1,0,0.0,0.52,13,0.52,0,38
3835,0,-1,-0.0,0.52,13,0.52,0,38
3836,0,-1,-0.9084728,0.48,12,0.48,0,38
3837,0,-1,0.4647593,0.44,11,0.44,0,38
3838,2,1,13.149819,0.52,13,0.52,0,38
3839,1,0,0.0,0.52,13,0.52,0,38
3840,0,-1,-0.0,0.52,13,0.52,0,38
3841,1,0,0.0,0.52,13,0.52,0,38
3842,0,-1,-0.0017488368,0.52,13,0.52,0,38
3843,2,1,15.891743,0.56,14,0.56,0,38
3844,2,1,15.903847,0.6,15,0.6,1,38
3845,1,0,0.0,0.6,15,0.6,0,38
3846,0,-1,-11.816818,0.6,15,0.6,0,38
3847,0,-1,4.74732,0.56,14,0.56,0,38
3848,1,0,0.0,0.56,14,0.56,0,38
3849,0,-1,-14.995028,0.56,14,0.56,0,38
3850,2,1,1.6808012,0.64,16,0.64,0,38
3851,1,0,0.0,0.64,16,0.64,0,38
3852,1,0,0.0,0.64,16,0.64,0,38
3853,0,-1,8.579835,0.6,15,0.6,0,38
3854,2,1,11.413384,0.64,16,0.64,0,38
3855,1,0,0.0,0.64,16,0.64,0,38
3856,0,-1,-13.041685,0.64,16,0.64,1,38
3857,0,-1,-12.733547,0.64,16,0.64,0,38
3858,2,1,9.475664,0.68,17,0.68,0,38
3859,1,0,0.0,0.68,17,0.68,0,38
3860,0,-1,-11.5275545,0.68,17,0.68,1,38
3861,0,-1,-12.74625,0.68,17,0.68,0,38
3862,2,1,-24.231068,0.76,19,0.76,0,38
3863,0,-1,-10.964242,0.76,19,0.76,0,38
3864,2,1,-180.04126,0.88,22,0.88,0,38
3865,2,1,-808.2572,0.96,24,0.96,0,38
3866,0,-1,-0.0,0.96,24,0.96,0,38
3867,0,-1,-11.853533,0.96,24,0.96,0,38
3868,2,1,27.191668,1.0,25,1.0,0,38
3869,1,0,-1000.0,0.0,0,0.0,0,38
3870,0,-1,-0.0,0.16,4,0.16,0,39
3871,2,1,28.346605,0.2,5,0.2,0,39
3872,0,-1,-0.0,0.2,5,0.2,0,39
3873,2,1,19.461393,0.28,7,0.28,0,39
3874,2,1,22.635555,0.36,9,0.36,0,39
3875,0,-1,-7.7213645,0.32,8,0.32,0,39
3876,1,0,0.0,0.32,8,0.32,0,39
3877,0,-1,-0.0,0.32,8,0.32,0,39
3878,2,1,26.008978,0.36,9,0.36,0,39
3879,0,-1,-6.207819,0.32,8,0.32,0,39
3880,1,0,0.0,0.32,8,0.32,0,39
3881,1,0,0.0,0.32,8,0.32,0,39
3882,1,0,0.0,0.32,8,0.32,0,39
3883,0,-1,-0.0,0.32,8,0.32,0,39
3884,0,-1,-0.0,0.32,8,0.32,0,39
3885,0,-1,7.2716603,0.28,7,0.28,0,39
3886,0,-1,-8.870104,0.24,6,0.24,0,39
3887,2,1,18.678572,0.32,8,0.32,0,39
3888,0,-1,-8.97201,0.28,7,0.28,0,39
3889,2,1,22.623116,0.36,9,0.36,0,39
3890,0,-1,-0.0,0.36,9,0.36,0,39
3891,2,1,25.454552,0.4,10,0.4,0,39
3892,0,-1,-0.0,0.4,10,0.4,1,39
3893,1,0,0.0,0.4,10,0.4,0,39
3894,2,1,11.104784,0.44,11,0.44,0,39
3895,0,-1,-4.206084,0.4,10,0.4,0,39
3896,0,-1,-0.0,0.4,10,0.4,0,39
3897,2,1,23.144829,0.44,11,0.44,0,39
3898,0,-1,-0.0,0.44,11,0.44,0,39
3899,1,0,0.0,0.44,11,0.44,0,39
3900,1,0,0.0,0.44,11,0.44,0,39
3901,2,1,20.580118,0.48,12,0.48,0,39
3902,2,1,11.308331,0.56,14,0.56,0,39
3903,0,-1,-0.0,0.56,14,0.56,0,39
3904,1,0,0.0,0.56,14,0.56,1,39
3905,0,-1,-9.4592,0.56,14,0.56,0,39
3906,2,1,15.934254,0.6,15,0.6,0,39
3907,2,1,11.954818,0.64,16,0.64,1,39
3908,0,-1,11.5465355,0.6,15,0.6,0,39
3909,0,-1,-13.535603,0.6,15,0.6,0,39
3910,0,-1,-0.0,0.6,15,0.6,0,39
3911,2,1,-3.668076,0.68,17,0.68,0,39
3912,0,-1,-0.0,0.68,17,0.68,0,39
3913,0,-1,-0.0,0.68,17,0.68,0,39
3914,1,0,0.0,0.68,17,0.68,0,39
3915,2,1,-66.061295,0.8,20,0.8,0,39
3916,1,0,0.0,0.8,20,0.8,0,39
3917,0,-1,-0.025888529,0.8,20,0.8,0,39
3918,0,-1,-0.029960198,0.8,20,0.8,0,39
3919,1,0,0.0,0.8,20,0.8,0,39
3920,0,-1,-0.006566841,0.8,20,0.8,0,39
3921,1,0,0.0,0.8,20,0.8,0,39
3922,0,-1,-0.0,0.8,20,0.8,0,39
3923,0,-1,-1.0380559e-07,0.8,20,0.8,0,39
3924,0,-1,-0.027816422,0.8,20,0.8,1,39
3925,2,1,-138.67967,0.88,22,0.88,0,39
3926,1,0,0.0,0.88,22,0.88,0,39
3927,0,-1,-12.618134,0.88,22,0.88,0,39
3928,0,-1,144.36539,0.84,21,0.84,0,39
3929,0,-1,79.92533,0.8,20,0.8,0,39
3930,0,-1,49.837063,0.76,19,0.76,0,39
3931,2,1,-78.17149,0.84,21,0.84,0,39
3932,0,-1,-10.772254,0.84,21,0.84,0,39
3933,0,-1,-8.57414e-05,0.84,21,0.84,0,39
3934,2,1,-87.787895,0.88,22,0.88,0,39
3935,0,-1,-0.0,0.88,22,0.88,0,39
3936,0,-1,143.47539,0.84,21,0.84,0,39
3937,0,-1,81.44577,0.8,20,0.8,0,39
3938,0,-1,49.353607,0.76,19,0.76,0,39
3939,0,-1,32.694836,0.72,18,0.72,0,39
3940,2,1,-14.682542,0.76,19,0.76,0,39
3941,0,-1,-0.0,0.76,19,0.76,0,39
3942,0,-1,31.144163,0.72,18,0.72,0,39
3943,0,-1,20.864094,0.68,17,0.68,0,39
3944,2,1,-232.7501,0.88,22,0.88,0,39
3945,0,-1,148.97781,0.84,21,0.84,0,39
3946,0,-1,-0.00012272554,0.84,21,0.84,0,39
3947,0,-1,81.47463,0.8,20,0.8,1,39
3948,2,1,-140.31253,0.88,22,0.88,0,39
3949,0,-1,-0.0,0.88,22,0.88,0,39
3950,1,0,0.0,0.88,22,0.88,0,39
3951,2,1,-182.73405,0.92,23,0.92,0,39
3952,0,-1,-0.011827559,0.92,23,0.92,0,39
3953,1,0,0.0,0.92,23,0.92,0,39
3954,0,-1,-0.0,0.92,23,0.92,0,39
3955,1,0,0.0,0.92,23,0.92,0,39
3956,0,-1,299.978,0.88,22,0.88,0,39
3957,0,-1,144.34917,0.84,21,0.84,0,39
3958,1,0,0.0,0.84,21,0.84,0,39
3959,0,-1,84.89436,0.8,20,0.8,0,39
3960,0,-1,-0.0,0.8,20,0.8,0,39
3961,0,-1,-11.458428,0.8,20,0.8,0,39
3962,2,1,-35.566284,0.84,21,0.84,0,39
3963,2,1,-78.58009,0.88,22,0.88,0,39
3964,2,1,-807.0617,0.96,24,0.96,1,39
3965,0,-1,-11.909002,0.96,24,0.96,1,39
3966,1,0,0.0,0.96,24,0.96,0,39
3967,0,-1,-11.448174,0.96,24,0.96,0,39
3968,2,1,21.57732,1.0,25,1.0,0,39
3969,0,-1,-1000.0,0.0,0,0.0,0,39
3970,2,1,28.364332,0.2,5,0.2,0,40
3971,2,1,23.955872,0.28,7,0.28,0,40
3972,0,-1,-0.07821054,0.28,7,0.28,0,40
3973,1,0,0.0,0.28,7,0.28,0,40
3974,0,-1,-0.0,0.28,7,0.28,0,40
3975,0,-1,-0.0,0.28,7,0.28,0,40
3976,0,-1,-0.0,0.28,7,0.28,0,40
3977,2,1,26.436209,0.32,8,0.32,0,40
3978,0,-1,-0.0,0.32,8,0.32,0,40
3979,0,-1,-0.0,0.32,8,0.32,0,40
3980,1,0,0.0,0.32,8,0.32,0,40
3981,0,-1,-0.0,0.32,8,0.32,0,40
3982,0,-1,-0.0,0.32,8,0.32,1,40
3983,2,1,24.38516,0.36,9,0.36,0,40
3984,0,-1,-0.0,0.36,9,0.36,0,40
3985,0,-1,-0.0,0.36,9,0.36,0,40
3986,2,1,9.326048,0.48,12,0.48,0,40
3987,2,1,16.73411,0.52,13,0.52,0,40
3988,0,-1,-1.4601856,0.48,12,0.48,0,40
3989,0,-1,-1.5283672,0.44,11,0.44,0,40
3990,1,0,0.0,0.44,11,0.44,0,40
3991,0,-1,-4.3852386,0.4,10,0.4,0,40
3992,2,1,12.238238,0.44,11,0.44,0,40
3993,1,0,0.0,0.44,11,0.44,0,40
3994,2,1,20.941027,0.48,12,0.48,0,40
3995,0,-1,-0.0,0.48,12,0.48,1,40
3996,0,-1,1.5038769,0.44,11,0.44,0,40
3997,0,-1,-11.639913,0.44,11,0.44,0,40
3998,0,-1,-4.4160333,0.4,10,0.4,0,40
3999,2,1,15.116165,0.44,11,0.44,0,40
4000,0,-1,-0.0,0.44,11,0.44,0,40
4001,0,-1,-0.0,0.44,11,0.44,0,40
4002,2,1,18.583206,0.48,12,0.48,0,40
4003,2,1,10.580381,0.56,14,0.56,0,40
4004,1,0,0.0,0.56,14,0.56,0,40
4005,1,0,0.0,0.56,14,0.56,1,40
4006,0,-1,-0.0,0.56,14,0.56,0,40
4007,2,1,4.137969,0.64,16,0.64,0,40
4008,0,-1,10.00904,0.6,15,0.6,0,40
4009,1,0,0.0,0.6,15,0.6,0,40
4010,2,1,11.441531,0.64,16,0.64,0,40
4011,2,1,-12.741834,0.72,18,0.72,0,40
4012,2,1,-3.764757,0.76,19,0.76,0,40
4013,0,-1,31.980286,0.72,18,0.72,0,40
4014,0,-1,22.253456,0.68,17,0.68,0,40
4015,0,-1,-0.035687413,0.68,17,0.68,0,40
4016,1,0,0.0,0.68,17,0.68,0,40
4017,0,-1,-0.0,0.68,17,0.68,0,40
4018,0,-1,-11.853136,0.68,17,0.68,0,40
4019,2,1,-66.1317,0.8,20,0.8,0,40
4020,0,-1,50.78171,0.76,19,0.76,0,40
4021,2,1,-17.556772,0.8,20,0.8,0,40
4022,0,-1,-0.0,0.8,20,0.8,0,40
4023,0,-1,-0.0,0.8,20,0.8,0,40
4024,2,1,-140.32823,0.88,22,0.88,0,40
4025,1,0,0.0,0.88,22,0.88,0,40
4026,1,0,0.0,0.88,22,0.88,1,40
4027,0,-1,-12.688945,0.88,22,0.88,0,40
4028,2,1,-1000.0,0.0,0,0.0,0,40
4029,0,-1,-0.0,0.16,4,0.16,0,41
4030,2,1,28.346605,0.2,5,0.2,0,41
4031,2,1,23.968313,0.28,7,0.28,0,41
4032,0,-1,-0.0,0.28,7,0.28,0,41
4033,2,1,21.33844,0.36,9,0.36,0,41
4034,2,1,15.692518,0.44,11,0.44,0,41
4035,1,0,0.0,0.44,11,0.44,0,41
4036,1,0,0.0,0.44,11,0.44,0,41
4037,2,1,21.109398,0.48,12,0.48,0,41
4038,0,-1,-0.0,0.48,12,0.48,0,41
4039,1,0,0.0,0.48,12,0.48,0,41
4040,2,1,-15.255225,0.64,16,0.64,0,41
4041,2,1,-17.735773,0.68,17,0.68,0,41
4042,0,-1,12.353263,0.64,16,0.64,0,41
4043,0,-1,21.429708,0.6,15,0.6,0,41
4044,2,1,11.853814,0.64,16,0.64,0,41
4045,0,-1,-0.0,0.64,16,0.64,1,41
4046,2,1,-13.821682,0.72,18,0.72,0,41
4047,1,0,0.0,0.72,18,0.72,0,41
4048,0,-1,20.727503,0.68,17,0.68,0,41
4049,1,0,0.0,0.68,17,0.68,0,41
4050,1,0,0.0,0.68,17,0.68,0,41
4051,0,-1,-11.833646,0.68,17,0.68,0,41
4052,0,-1,-0.0017939128,0.68,17,0.68,0,41
4053,0,-1,15.333177,0.64,16,0.64,0,41
4054,0,-1,-11.87823,0.64,16,0.64,0,41
4055,2,1,2.734871,0.68,17,0.68,0,41
4056,0,-1,-0.0,0.68,17,0.68,0,41
4057,0,-1,12.943753,0.64,16,0.64,0,41
4058,0,-1,7.1911097,0.6,15,0.6,0,41
4059,1,0,0.0,0.6,15,0.6,0,41
4060,2,1,4.7572513,0.64,16,0.64,0,41
4061,2,1,-41.97608,0.76,19,0.76,0,41
4062,0,-1,35.624973,0.72,18,0.72,0,41
4063,0,-1,-0.009902736,0.72,18,0.72,0,41
4064,0,-1,-0.008347164,0.72,18,0.72,0,41
4065,1,0,0.0,0.72,18,0.72,0,41
4066,0,-1,23.778341,0.68,17,0.68,0,41
4067,0,-1,12.461055,0.64,16,0.64,1,41
4068,0,-1,-0.0,0.64,16,0.64,1,41
4069,1,0,0.0,0.64,16,0.64,0,41
4070,0,-1,6.6210136,0.6,15,0.6,0,41
4071,2,1,11.71068,0.64,16,0.64,0,41
4072,1,0,0.0,0.64,16,0.64,0,41
4073,1,0,0.0,0.64,16,0.64,0,41
4074,0,-1,-0.0,0.64,16,0.64,0,41
4075,0,-1,8.431188,0.6,15,0.6,0,41
4076,0,-1,5.4631395,0.56,14,0.56,0,41
4077,0,-1,0.60824585,0.52,13,0.52,0,41
4078,0,-1,-0.36010927,0.48,12,0.48,0,41
4079,0,-1,-2.9089994,0.44,11,0.44,0,41
4080,2,1,20.931063,0.48,12,0.48,0,41
4081,0,-1,-4.534019,0.44,11,0.44,1,41
4082,0,-1,-4.4380827,0.4,10,0.4,0,41
4083,0,-1,-4.941849,0.36,9,0.36,0,41
4084,2,1,8.014842,0.4,10,0.4,0,41
4085,0,-1,-0.0,0.4,10,0.4,0,41
4086,0,-1,-7.118393,0.36,9,0.36,0,41
4087,0,-1,-19.699059,0.4,10,0.4,0,41
4088,2,1,10.260541,0.44,11,0.44,0,41
4089,1,0,0.0,0.44,11,0.44,0,41
4090,0,-1,1.3905444,0.4,10,0.4,0,41
4091,1,0,0.0,0.4,10,0.4,0,41
4092,0,-1,1.8222067,0.36,9,0.36,0,41
4093,1,0,0.0,0.36,9,0.36,0,41
4094,1,0,0.0,0.36,9,0.36,0,41
4095,1,0,0.0,0.36,9,0.36,0,41
4096,0,-1,-8.277879,0.32,8,0.32,0,41
4097,1,0,0.0,0.32,8,0.32,0,41
4098,0,-1,-9.009021,0.28,7,0.28,0,41
4099,0,-1,-6.3508,0.24,6,0.24,0,41
4100,2,1,27.880789,0.28,7,0.28,0,41
4101,1,0,0.0,0.28,7,0.28,0,41
4102,2,1,27.649128,0.32,8,0.32,0,41
4103,0,-1,-8.926648,0.28,7,0.28,0,41
4104,2,1,16.718155,0.4,10,0.4,0,41
4105,0,-1,-0.061917003,0.4,10,0.4,0,41
4106,0,-1,-0.07747887,0.4,10,0.4,0,41
4107,2,1,22.089449,0.44,11,0.44,0,41
4108,1,0,0.0,0.44,11,0.44,0,41
4109,0,-1,-0.07899098,0.44,11,0.44,0,41
4110,2,1,21.223242,0.48,12,0.48,0,41
4111,0,-1,-0.00015368618,0.48,12,0.48,1,41
4112,0,-1,-0.60822004,0.44,11,0.44,0,41
4113,0,-1,-10.81095,0.44,11,0.44,0,41
4114,0,-1,-13.539703,0.44,11,0.44,0,41
4115,0,-1,-1.9859152,0.4,10,0.4,0,41
4116,0,-1,-0.0027637398,0.4,10,0.4,0,41
4117,2,1,15.854835,0.44,11,0.44,0,41
4118,0,-1,-1.4066024,0.4,10,0.4,0,41
4119,0,-1,-14.181643,0.4,10,0.4,0,41
4120,1,0,0.0,0.4,10,0.4,0,41
4121,1,0,0.0,0.4,10,0.4,0,41
4122,0,-1,-0.0,0.4,10,0.4,0,41
4123,2,1,24.638607,0.44,11,0.44,0,41
4124,2,1,11.309313,0.52,13,0.52,0,41
4125,2,1,3.773712,0.6,15,0.6,0,41
4126,1,0,0.0,0.6,15,0.6,0,41
4127,0,-1,3.3525336,0.56,14,0.56,0,41
4128,2,1,-18.407907,0.68,17,0.68,0,41
4129,0,-1,15.416084,0.64,16,0.64,0,41
4130,2,1,-41.390278,0.76,19,0.76,1,41
4131,0,-1,32.877396,0.72,18,0.72,0,41
4132,2,1,0.100183085,0.76,19,0.76,0,41
4133,1,0,0.0,0.76,19,0.76,0,41
4134,1,0,0.0,0.76,19,0.76,0,41
4135,0,-1,-13.25263,0.76,19,0.76,0,41
4136,2,1,-18.950275,0.8,20,0.8,0,41
4137,0,-1,49.594566,0.76,19,0.76,0,41
4138,0,-1,33.628994,0.72,18,0.72,0,41
4139,1,0,0.0,0.72,18,0.72,1,41
4140,1,0,0.0,0.72,18,0.72,0,41
4141,2,1,-4.1158433,0.76,19,0.76,0,41
4142,0,-1,-0.0,0.76,19,0.76,1,41
4143,0,-1,31.04847,0.72,18,0.72,1,41
4144,0,-1,-13.065188,0.72,18,0.72,0,41
4145,1,0,0.0,0.72,18,0.72,0,41
4146,0,-1,-11.665414,0.72,18,0.72,0,41
4147,0,-1,20.944935,0.68,17,0.68,0,41
4148,0,-1,12.287472,0.64,16,0.64,0,41
4149,0,-1,-0.076964386,0.64,16,0.64,0,41
4150,2,1,9.035943,0.68,17,0.68,0,41
4151,0,-1,-0.05977756,0.68,17,0.68,0,41
4152,0,-1,13.217968,0.64,16,0.64,0,41
4153,0,-1,-0.0035318288,0.64,16,0.64,0,41
4154,2,1,-10.16974,0.72,18,0.72,0,41
4155,0,-1,-0.07228913,0.72,18,0.72,0,41
4156,0,-1,-0.0,0.72,18,0.72,1,41
4157,0,-1,20.131763,0.68,17,0.68,0,41
4158,0,-1,11.743212,0.64,16,0.64,0,41
4159,2,1,-11.1943655,0.72,18,0.72,0,41
4160,0,-1,-9.172339,0.72,18,0.72,0,41
4161,0,-1,-0.0,0.72,18,0.72,0,41
4162,0,-1,-9.4214054e-05,0.72,18,0.72,0,41
4163,0,-1,-0.0,0.72,18,0.72,0,41
4164,0,-1,-0.020682823,0.72,18,0.72,0,41
4165,0,-1,-0.0,0.72,18,0.72,0,41
4166,0,-1,-0.0,0.72,18,0.72,0,41
4167,0,-1,-0.0,0.72,18,0.72,0,41
4168,1,0,0.0,0.72,18,0.72,0,41
4169,0,-1,20.00175,0.68,17,0.68,0,41
4170,0,-1,12.175824,0.64,16,0.64,0,41
4171,0,-1,5.890415,0.6,15,0.6,0,41
4172,0,-1,-0.0,0.6,15,0.6,0,41
4173,0,-1,2.9528933,0.56,14,0.56,1,41
4174,1,0,0.0,0.56,14,0.56,0,41
4175,1,0,0.0,0.56,14,0.56,0,41
4176,0,-1,0.4422528,0.52,13,0.52,0,41
4177,2,1,7.890592,0.6,15,0.6,0,41
4178,1,0,0.0,0.6,15,0.6,0,41
4179,1,0,0.0,0.6,15,0.6,0,41
4180,0,-1,5.229462,0.56,14,0.56,0,41
4181,2,1,9.662864,0.6,15,0.6,0,41
4182,0,-1,-0.0,0.6,15,0.6,0,41
4183,0,-1,5.0428777,0.56,14,0.56,0,41
4184,0,-1,-0.0023221343,0.56,14,0.56,0,41
4185,2,1,14.977337,0.6,15,0.6,0,41
4186,1,0,0.0,0.6,15,0.6,0,41
4187,0,-1,2.1820755,0.56,14,0.56,0,41
4188,0,-1,-14.56071,0.56,14,0.56,0,41
4189,0,-1,-0.0,0.56,14,0.56,0,41
4190,0,-1,-0.06906986,0.56,14,0.56,1,41
4191,2,1,-1.5656073,0.64,16,0.64,0,41
4192,0,-1,-13.948779,0.64,16,0.64,0,41
4193,0,-1,-0.0,0.64,16,0.64,0,41
4194,0,-1,-13.960244,0.64,16,0.64,0,41
4195,0,-1,11.4332485,0.6,15,0.6,0,41
4196,0,-1,5.431959,0.56,14,0.56,0,41
4197,0,-1,-0.0011634751,0.56,14,0.56,0,41
4198,2,1,5.658267,0.64,16,0.64,0,41
4199,0,-1,-0.0,0.64,16,0.64,0,41
4200,1,0,0.0,0.64,16,0.64,0,41
4201,0,-1,-0.0,0.64,16,0.64,1,41
4202,0,-1,-13.490337,0.64,16,0.64,0,41
4203,2,1,-10.25344,0.72,18,0.72,0,41
4204,0,-1,-0.06325486,0.72,18,0.72,0,41
4205,0,-1,19.435265,0.68,17,0.68,0,41
4206,0,-1,-0.0011961545,0.68,17,0.68,0,41
4207,2,1,-28.300102,0.76,19,0.76,0,41
4208,0,-1,-0.0,0.76,19,0.76,0,41
4209,0,-1,-0.0,0.76,19,0.76,0,41
4210,0,-1,30.366114,0.72,18,0.72,0,41
4211,0,-1,-0.0012329946,0.72,18,0.72,0,41
4212,2,1,-42.614723,0.8,20,0.8,0,41
4213,0,-1,-0.0,0.8,20,0.8,0,41
4214,2,1,-140.01971,0.88,22,0.88,0,41
4215,1,0,0.0,0.88,22,0.88,0,41
4216,0,-1,-1.6792292e-05,0.88,22,0.88,0,41
4217,0,-1,-0.0,0.88,22,0.88,0,41
4218,0,-1,-0.0014953775,0.88,22,0.88,0,41
4219,1,0,0.0,0.88,22,0.88,0,41
4220,0,-1,146.55447,0.84,21,0.84,0,41
4221,0,-1,-0.026599087,0.84,21,0.84,0,41
4222,1,0,0.0,0.84,21,0.84,0,41
4223,0,-1,-0.0,0.84,21,0.84,0,41
4224,0,-1,-0.001560702,0.84,21,0.84,0,41
4225,0,-1,-0.00081067765,0.84,21,0.84,0,41
4226,0,-1,83.43983,0.8,20,0.8,0,41
4227,0,-1,-0.0007424106,0.8,20,0.8,0,41
4228,0,-1,-0.0016446781,0.8,20,0.8,0,41
4229,1,0,0.0,0.8,20,0.8,0,41
4230,0,-1,-0.0,0.8,20,0.8,1,41
4231,2,1,-138.17986,0.88,22,0.88,0,41
4232,1,0,0.0,0.88,22,0.88,0,41
4233,0,-1,-0.0,0.88,22,0.88,0,41
4234,1,0,0.0,0.88,22,0.88,0,41
4235,0,-1,142.56364,0.84,21,0.84,0,41
4236,0,-1,79.636284,0.8,20,0.8,0,41
4237,0,-1,-11.786987,0.8,20,0.8,0,41
4238,0,-1,-13.241806,0.8,20,0.8,0,41
4239,0,-1,50.68752,0.76,19,0.76,0,41
4240,0,-1,32.908848,0.72,18,0.72,0,41
4241,0,-1,20.416729,0.68,17,0.68,0,41
4242,1,0,0.0,0.68,17,0.68,0,41
4243,2,1,-25.509035,0.76,19,0.76,0,41
4244,1,0,0.0,0.76,19,0.76,0,41
4245,0,-1,-0.0016668254,0.76,19,0.76,0,41
4246,2,1,-12.337183,0.8,20,0.8,0,41
4247,0,-1,-0.0011027952,0.8,20,0.8,0,41
4248,0,-1,-10.515406,0.8,20,0.8,0,41
4249,2,1,-36.450222,0.84,21,0.84,0,41
4250,2,1,-287.33328,0.92,23,0.92,0,41
4251,0,-1,-12.656979,0.92,23,0.92,0,41
4252,2,1,-598.27576,0.96,24,0.96,0,41
4253,0,-1,925.3918,0.92,23,0.92,0,41
4254,0,-1,-0.0,0.92,23,0.92,0,41
4255,0,-1,-4.1618317e-05,0.92,23,0.92,0,41
4256,0,-1,-0.0,0.92,23,0.92,0,41
4257,0,-1,-0.0026962932,0.92,23,0.92,1,41
4258,0,-1,-10.710797,0.92,23,0.92,0,41
4259,1,0,0.0,0.92,23,0.92,0,41
4260,0,-1,299.7229,0.88,22,0.88,0,41
4261,0,-1,-3.6932313e-05,0.88,22,0.88,0,41
4262,0,-1,-0.0,0.88,22,0.88,0,41
4263,0,-1,-13.553599,0.88,22,0.88,0,41
4264,0,-1,-0.0,0.88,22,0.88,0,41
4265,1,0,0.0,0.88,22,0.88,0,41
4266,0,-1,-0.0014370236,0.88,22,0.88,0,41
4267,0,-1,-0.0,0.88,22,0.88,0,41
4268,0,-1,-13.279322,0.88,22,0.88,0,41
4269,0,-1,-0.0013067204,0.88,22,0.88,0,41
4270,0,-1,141.78348,0.84,21,0.84,0,41
4271,0,-1,78.62272,0.8,20,0.8,0,41
4272,2,1,-140.52396,0.88,22,0.88,1,41
4273,0,-1,-0.0,0.88,22,0.88,0,41
4274,1,0,0.0,0.88,22,0.88,1,41
4275,0,-1,144.42535,0.84,21,0.84,0,41
4276,0,-1,-15.73451,0.84,21,0.84,0,41
4277,0,-1,80.57731,0.8,20,0.8,0,41
4278,0,-1,50.61776,0.76,19,0.76,0,41
4279,0,-1,32.654858,0.72,18,0.72,0,41
4280,2,1,-45.47382,0.8,20,0.8,0,41
4281,0,-1,-0.0,0.8,20,0.8,0,41
4282,0,-1,-0.0,0.8,20,0.8,0,41
4283,0,-1,-0.0013497992,0.8,20,0.8,0,41
4284,0,-1,50.517834,0.76,19,0.76,0,41
4285,0,-1,31.772633,0.72,18,0.72,0,41
4286,1,0,0.0,0.72,18,0.72,0,41
4287,0,-1,20.810944,0.68,17,0.68,0,41
4288,2,1,3.5596457,0.72,18,0.72,0,41
4289,2,1,-2.8682556,0.76,19,0.76,0,41
4290,0,-1,-13.832424,0.76,19,0.76,0,41
4291,0,-1,31.532036,0.72,18,0.72,0,41
4292,0,-1,-0.0,0.72,18,0.72,1,41
4293,2,1,-108.19379,0.84,21,0.84,0,41
4294,0,-1,-11.643318,0.84,21,0.84,0,41
4295,0,-1,-3.06167e-05,0.84,21,0.84,0,41
4296,1,0,0.0,0.84,21,0.84,0,41
4297,0,-1,80.739456,0.8,20,0.8,0,41
4298,0,-1,-0.0,0.8,20,0.8,0,41
4299,2,1,-139.98346,0.88,22,0.88,0,41
4300,0,-1,-0.0,0.88,22,0.88,0,41
4301,0,-1,-14.469257,0.88,22,0.88,0,41
4302,0,-1,143.52847,0.84,21,0.84,0,41
4303,2,1,-288.31036,0.92,23,0.92,0,41
4304,0,-1,-10.602881,0.92,23,0.92,0,41
4305,0,-1,-0.0,0.92,23,0.92,0,41
4306,0,-1,-0.0,0.92,23,0.92,0,41
4307,0,-1,-0.06251757,0.92,23,0.92,0,41
4308,0,-1,-0.0,0.92,23,0.92,0,41
4309,1,0,0.0,0.92,23,0.92,0,41
4310,0,-1,299.5178,0.88,22,0.88,0,41
4311,0,-1,-14.583544,0.88,22,0.88,0,41
4312,0,-1,-0.0,0.88,22,0.88,0,41
4313,0,-1,-0.0,0.88,22,0.88,0,41
4314,1,0,0.0,0.88,22,0.88,1,41
4315,0,-1,-14.043892,0.88,22,0.88,0,41
4316,0,-1,-0.0,0.88,22,0.88,0,41
4317,0,-1,144.73605,0.84,21,0.84,0,41
4318,0,-1,-0.001431586,0.84,21,0.84,0,41
4319,1,0,0.0,0.84,21,0.84,0,41
4320,0,-1,82.951775,0.8,20,0.8,1,41
4321,0,-1,-14.784688,0.8,20,0.8,0,41
4322,2,1,-38.93071,0.84,21,0.84,0,41
4323,0,-1,-14.197591,0.84,21,0.84,0,41
4324,1,0,0.0,0.84,21,0.84,0,41
4325,0,-1,-10.696345,0.84,21,0.84,0,41
4326,0,-1,82.26954,0.8,20,0.8,0,41
4327,0,-1,-0.049276523,0.8,20,0.8,1,41
4328,0,-1,0.0,0.0,0,0.0,0,41
4329,0,-1,-0.0,0.16,4,0.16,0,42
4330,0,-1,-0.0,0.16,4,0.16,1,42
4331,0,-1,-0.0,0.16,4,0.16,0,42
4332,2,1,25.03742,0.2,5,0.2,1,42
4333,2,1,27.81022,0.24,6,0.24,0,42
4334,0,-1,-8.890242,0.2,5,0.2,0,42
4335,1,0,0.0,0.2,5,0.2,0,42
4336,0,-1,-0.0,0.2,5,0.2,0,42
4337,0,-1,-9.832761,0.16,4,0.16,1,42
4338,1,0,0.0,0.16,4,0.16,0,42
4339,1,0,0.0,0.16,4,0.16,0,42
4340,2,1,28.797577,0.2,5,0.2,0,42
4341,1,0,0.0,0.2,5,0.2,0,42
4342,0,-1,-10.2574625,0.16,4,0.16,0,42
4343,0,-1,-0.0,0.16,4,0.16,0,42
4344,0,-1,-0.0,0.16,4,0.16,0,42
4345,0,-1,-0.0,0.16,4,0.16,0,42
4346,1,0,0.0,0.16,4,0.16,0,42
4347,1,0,0.0,0.16,4,0.16,0,42
4348,0,-1,-0.0,0.16,4,0.16,0,42
4349,1,0,0.0,0.16,4,0.16,0,42
4350,1,0,0.0,0.16,4,0.16,0,42
4351,1,0,0.0,0.16,4,0.16,1,42
4352,1,0,0.0,0.16,4,0.16,1,42
4353,0,-1,-0.0,0.16,4,0.16,0,42
4354,0,-1,-0.0,0.16,4,0.16,0,42
4355,0,-1,-0.0,0.16,4,0.16,0,42
4356,2,1,26.906889,0.2,5,0.2,0,42
4357,0,-1,-0.0,0.2,5,0.2,0,42
4358,2,1,24.389864,0.24,6,0.24,0,42
4359,0,-1,-0.0,0.24,6,0.24,0,42
4360,1,0,0.0,0.24,6,0.24,0,42
4361,0,-1,-9.10519,0.2,5,0.2,0,42
4362,1,0,0.0,0.2,5,0.2,0,42
4363,0,-1,-8.122582,0.16,4,0.16,0,42
4364,1,0,0.0,0.16,4,0.16,0,42
4365,2,1,26.906889,0.2,5,0.2,0,42
4366,1,0,0.0,0.2,5,0.2,0,42
4367,1,0,0.0,0.2,5,0.2,0,42
4368,0,-1,-9.312119,0.16,4,0.16,0,42
4369,2,1,27.004416,0.2,5,0.2,0,42
4370,1,0,0.0,0.2,5,0.2,0,42
4371,2,1,24.389864,0.24,6,0.24,0,42
4372,0,-1,-0.0,0.24,6,0.24,1,42
4373,0,-1,-0.0,0.24,6,0.24,0,42
4374,2,1,26.765667,0.28,7,0.28,0,42
4375,2,1,21.309935,0.32,8,0.32,0,42
4376,0,-1,-8.369086,0.28,7,0.28,0,42
4377,1,0,0.0,0.28,7,0.28,0,42
4378,0,-1,-6.3043256,0.24,6,0.24,0,42
4379,2,1,24.002802,0.32,8,0.32,0,42
4380,2,1,20.679829,0.4,10,0.4,1,42
4381,2,1,22.305172,0.44,11,0.44,0,42
4382,2,1,14.300932,0.52,13,0.52,0,42
4383,1,0,0.0,0.52,13,0.52,0,42
4384,0,-1,-1.6655239,0.48,12,0.48,0,42
4385,2,1,10.161711,0.56,14,0.56,0,42
4386,0,-1,-0.0,0.56,14,0.56,0,42
4387,1,0,0.0,0.56,14,0.56,0,42
4388,0,-1,-0.0,0.56,14,0.56,0,42
4389,0,-1,-0.0,0.56,14,0.56,0,42
4390,1,0,0.0,0.56,14,0.56,0,42
4391,0,-1,0.48507828,0.52,13,0.52,0,42
4392,0,-1,-0.0,0.52,13,0.52,0,42
4393,1,0,0.0,0.52,13,0.52,0,42
4394,0,-1,-0.0,0.52,13,0.52,0,42
4395,2,1,21.76735,0.56,14,0.56,1,42
4396,0,-1,1.6086655,0.52,13,0.52,0,42
4397,0,-1,-0.0,0.52,13,0.52,0,42
4398,0,-1,-0.0,0.52,13,0.52,0,42
4399,0,-1,-1.5677191,0.48,12,0.48,0,42
4400,2,1,21.320656,0.52,13,0.52,0,42
4401,0,-1,-12.595986,0.52,13,0.52,0,42
4402,0,-1,-0.0,0.52,13,0.52,0,42
4403,0,-1,-2.1620154,0.48,12,0.48,0,42
4404,1,0,0.0,0.48,12,0.48,0,42
4405,2,1,21.320656,0.52,13,0.52,0,42
4406,0,-1,-0.008591563,0.52,13,0.52,0,42
4407,1,0,0.0,0.52,13,0.52,0,42
4408,2,1,18.991892,0.56,14,0.56,0,42
4409,0,-1,-0.0,0.56,14,0.56,0,42
4410,0,-1,-0.026460106,0.52,13,0.52,0,42
4411,0,-1,-13.984119,0.52,13,0.52,0,42
4412,2,1,7.5194054,0.6,15,0.6,1,42
4413,0,-1,-0.0,0.6,15,0.6,0,42
4414,0,-1,2.8847644,0.56,14,0.56,0,42
4415,0,-1,0.42598623,0.52,13,0.52,0,42
4416,1,0,0.0,0.52,13,0.52,1,42
4417,1,0,0.0,0.52,13,0.52,0,42
4418,0,-1,-14.025517,0.52,13,0.52,1,42
4419,2,1,7.1106167,0.6,15,0.6,0,42
4420,2,1,-3.312569,0.68,17,0.68,0,42
4421,0,-1,-0.0,0.68,17,0.68,0,42
4422,0,-1,12.220938,0.64,16,0.64,0,42
4423,0,-1,-15.167731,0.64,16,0.64,0,42
4424,0,-1,7.207159,0.6,15,0.6,0,42
4425,0,-1,-29.983286,0.64,16,0.64,0,42
4426,1,0,0.0,0.64,16,0.64,0,42
4427,0,-1,-0.0,0.64,16,0.64,0,42
4428,0,-1,-0.007605517,0.64,16,0.64,0,42
4429,0,-1,-0.008838581,0.64,16,0.64,0,42
4430,0,-1,7.2670317,0.6,15,0.6,0,42
4431,2,1,-25.315565,0.72,18,0.72,0,42
4432,0,-1,19.850986,0.68,17,0.68,0,42
4433,0,-1,-36.83859,0.72,18,0.72,0,42
4434,0,-1,-0.0081875175,0.72,18,0.72,0,42
4435,0,-1,-0.028217861,0.72,18,0.72,0,42
4436,0,-1,-0.008017087,0.72,18,0.72,0,42
4437,2,1,-41.916405,0.8,20,0.8,0,42
4438,0,-1,-0.004066151,0.8,20,0.8,0,42
4439,2,1,-35.696255,0.84,21,0.84,0,42
4440,0,-1,-0.0,0.84,21,0.84,0,42
4441,1,0,0.0,0.84,21,0.84,0,42
4442,0,-1,-0.0,0.84,21,0.84,0,42
4443,1,0,0.0,0.84,21,0.84,1,42
4444,0,-1,-0.0,0.84,21,0.84,0,42
4445,0,-1,-117.87512,0.88,22,0.88,1,42
4446,0,-1,143.15358,0.84,21,0.84,0,42
4447,0,-1,-13.746369,0.84,21,0.84,1,42
4448,0,-1,-14.395346,0.84,21,0.84,0,42
4449,0,-1,81.49669,0.8,20,0.8,1,42
4450,0,-1,-0.0,0.8,20,0.8,0,42
4451,1,0,0.0,0.8,20,0.8,0,42
4452,0,-1,-13.614959,0.8,20,0.8,0,42
4453,2,1,-36.127087,0.84,21,0.84,0,42
4454,0,-1,-12.107664,0.84,21,0.84,1,42
4455,1,0,0.0,0.84,21,0.84,0,42
4456,0,-1,-14.049336,0.84,21,0.84,0,42
4457,0,-1,-0.0,0.84,21,0.84,0,42
4458,0,-1,80.86201,0.8,20,0.8,0,42
4459,0,-1,47.841568,0.76,19,0.76,0,42
4460,0,-1,30.365183,0.72,18,0.72,0,42
4461,1,0,0.0,0.72,18,0.72,0,42
4462,0,-1,19.931156,0.68,17,0.68,0,42
4463,2,1,-23.200417,0.76,19,0.76,0,42
4464,0,-1,32.666973,0.72,18,0.72,0,42
4465,0,-1,20.512054,0.68,17,0.68,0,42
4466,0,-1,12.160446,0.64,16,0.64,0,42
4467,0,-1,7.133813,0.6,15,0.6,0,42
4468,0,-1,2.8986957,0.56,14,0.56,0,42
4469,2,1,16.109558,0.6,15,0.6,0,42
4470,0,-1,-0.0,0.6,15,0.6,0,42
4471,0,-1,3.3409562,0.56,14,0.56,0,42
4472,2,1,18.30481,0.6,15,0.6,0,42
4473,0,-1,-0.0,0.6,15,0.6,1,42
4474,0,-1,3.7499397,0.56,14,0.56,0,42
4475,2,1,-14.114704,0.68,17,0.68,0,42
4476,0,-1,12.862164,0.64,16,0.64,0,42
4477,0,-1,-0.0,0.64,16,0.64,0,42
4478,0,-1,-12.553381,0.64,16,0.64,0,42
4479,2,1,9.008153,0.68,17,0.68,0,42
4480,2,1,-24.550312,0.76,19,0.76,0,42
4481,0,-1,31.774815,0.72,18,0.72,0,42
4482,1,0,0.0,0.72,18,0.72,0,42
4483,1,0,0.0,0.72,18,0.72,0,42
4484,0,-1,-0.0,0.72,18,0.72,0,42
4485,0,-1,-0.0,0.72,18,0.72,0,42
4486,2,1,-1.562782,0.76,19,0.76,0,42
4487,0,-1,-0.0011487213,0.76,19,0.76,0,42
4488,0,-1,31.74973,0.72,18,0.72,0,42
4489,0,-1,18.539371,0.68,17,0.68,0,42
4490,2,1,4.8076606,0.72,18,0.72,1,42
4491,2,1,-45.13014,0.8,20,0.8,0,42
4492,0,-1,49.210796,0.76,19,0.76,0,42
4493,1,0,0.0,0.76,19,0.76,0,42
4494,0,-1,-0.0,0.76,19,0.76,0,42
4495,0,-1,-0.0,0.76,19,0.76,0,42
4496,0,-1,-0.0,0.76,19,0.76,0,42
4497,0,-1,-0.0,0.76,19,0.76,0,42
4498,0,-1,30.765678,0.72,18,0.72,0,42
4499,0,-1,-0.00022945533,0.72,18,0.72,0,42
4500,1,0,0.0,0.72,18,0.72,0,42
4501,1,0,0.0,0.72,18,0.72,0,42
4502,0,-1,19.644032,0.68,17,0.68,0,42
4503,2,1,-26.19908,0.76,19,0.76,0,42
4504,0,-1,32.96832,0.72,18,0.72,0,42
4505,0,-1,20.784052,0.68,17,0.68,0,42
4506,2,1,3.5838876,0.72,18,0.72,0,42
4507,0,-1,-0.0,0.72,18,0.72,0,42
4508,0,-1,20.73991,0.68,17,0.68,0,42
4509,0,-1,-13.526704,0.68,17,0.68,0,42
4510,0,-1,13.552641,0.64,16,0.64,1,42
4511,1,0,0.0,0.64,16,0.64,0,42
4512,0,-1,6.287657,0.6,15,0.6,0,42
4513,1,0,0.0,0.6,15,0.6,0,42
4514,0,-1,-14.617689,0.6,15,0.6,0,42
4515,0,-1,-15.837427,0.6,15,0.6,0,42
4516,1,0,0.0,0.6,15,0.6,0,42
4517,1,0,0.0,0.6,15,0.6,0,42
4518,0,-1,-0.04936149,0.6,15,0.6,0,42
4519,0,-1,3.82962,0.56,14,0.56,0,42
4520,0,-1,0.113176905,0.52,13,0.52,0,42
4521,0,-1,-0.16325216,0.48,12,0.48,0,42
4522,2,1,21.668436,0.52,13,0.52,0,42
4523,2,1,15.900808,0.56,14,0.56,0,42
4524,0,-1,-0.0,0.56,14,0.56,0,42
4525,2,1,14.6784,0.6,15,0.6,0,42
4526,2,1,12.577316,0.64,16,0.64,0,42
4527,0,-1,6.346417,0.6,15,0.6,0,42
4528,0,-1,2.289871,0.56,14,0.56,0,42
4529,0,-1,-0.5909207,0.52,13,0.52,1,42
4530,0,-1,-0.4528858,0.48,12,0.48,0,42
4531,2,1,1.4453111,0.6,15,0.6,0,42
4532,1,0,0.0,0.6,15,0.6,0,42
4533,0,-1,-12.504203,0.6,15,0.6,0,42
4534,0,-1,-0.0002520014,0.6,15,0.6,0,42
4535,2,1,-1.8053621,0.68,17,0.68,0,42
4536,0,-1,12.931648,0.64,16,0.64,0,42
4537,0,-1,-0.04936149,0.64,16,0.64,0,42
4538,1,0,0.0,0.64,16,0.64,0,42
4539,2,1,6.6709075,0.68,17,0.68,0,42
4540,0,-1,-0.0,0.68,17,0.68,0,42
4541,2,1,5.634707,0.72,18,0.72,0,42
4542,0,-1,19.858477,0.68,17,0.68,1,42
4543,0,-1,-0.0,0.68,17,0.68,0,42
4544,0,-1,-13.846429,0.68,17,0.68,0,42
4545,0,-1,-14.702926,0.68,17,0.68,0,42
4546,2,1,5.448337,0.72,18,0.72,0,42
4547,0,-1,-0.0,0.72,18,0.72,0,42
4548,0,-1,21.808884,0.68,17,0.68,0,42
4549,2,1,-64.922905,0.8,20,0.8,0,42
4550,0,-1,-0.00779211,0.8,20,0.8,0,42
4551,0,-1,-0.0,0.8,20,0.8,0,42
4552,1,0,0.0,0.8,20,0.8,0,42
4553,0,-1,-0.0,0.8,20,0.8,0,42
4554,0,-1,-12.679293,0.8,20,0.8,0,42
4555,2,1,-141.607,0.88,22,0.88,0,42
4556,0,-1,142.61958,0.84,21,0.84,0,42
4557,2,1,-77.74398,0.88,22,0.88,0,42
4558,0,-1,142.29707,0.84,21,0.84,0,42
4559,0,-1,-0.0,0.84,21,0.84,0,42
4560,0,-1,80.84976,0.8,20,0.8,0,42
4561,1,0,0.0,0.8,20,0.8,0,42
4562,0,-1,-0.0039777774,0.8,20,0.8,0,42
4563,1,0,0.0,0.8,20,0.8,0,42
4564,0,-1,-0.03879178,0.8,20,0.8,0,42
4565,0,-1,49.958557,0.76,19,0.76,0,42
4566,0,-1,33.005867,0.72,18,0.72,0,42
4567,2,1,-43.57559,0.8,20,0.8,0,42
4568,1,0,0.0,0.8,20,0.8,1,42
4569,2,1,-138.90193,0.88,22,0.88,0,42
4570,0,-1,-11.994885,0.88,22,0.88,0,42
4571,0,-1,-8.902849,0.88,22,0.88,0,42
4572,1,0,0.0,0.88,22,0.88,0,42
4573,0,-1,141.98686,0.84,21,0.84,0,42
4574,0,-1,80.59108,0.8,20,0.8,0,42
4575,0,-1,-0.0,0.8,20,0.8,0,42
4576,0,-1,-0.0,0.8,20,0.8,0,42
4577,0,-1,47.93078,0.76,19,0.76,0,42
4578,0,-1,-0.004075478,0.76,19,0.76,0,42
4579,0,-1,30.30188,0.72,18,0.72,0,42
4580,1,0,0.0,0.72,18,0.72,0,42
4581,0,-1,20.709461,0.68,17,0.68,0,42
4582,1,0,0.0,0.68,17,0.68,0,42
4583,0,-1,-0.0,0.68,17,0.68,0,42
4584,0,-1,13.341775,0.64,16,0.64,0,42
4585,0,-1,8.149941,0.6,15,0.6,0,42
4586,0,-1,3.4482741,0.56,14,0.56,0,42
4587,1,0,0.0,0.56,14,0.56,0,42
4588,0,-1,0.7987745,0.52,13,0.52,0,42
4589,1,0,0.0,0.52,13,0.52,0,42
4590,2,1,7.224994,0.6,15,0.6,0,42
4591,2,1,12.353545,0.64,16,0.64,0,42
4592,2,1,-14.339386,0.72,18,0.72,1,42
4593,0,-1,-0.0,0.72,18,0.72,0,42
4594,1,0,0.0,0.72,18,0.72,0,42
4595,1,0,0.0,0.72,18,0.72,0,42
4596,0,-1,-13.805959,0.72,18,0.72,0,42
4597,0,-1,-0.001593361,0.72,18,0.72,0,42
4598,0,-1,-0.0,0.72,18,0.72,1,42
4599,0,-1,19.571987,0.68,17,0.68,0,42
4600,1,0,0.0,0.68,17,0.68,0,42
4601,0,-1,-12.537348,0.68,17,0.68,0,42
4602,0,-1,11.409541,0.64,16,0.64,0,42
4603,0,-1,8.932528,0.6,15,0.6,0,42
4604,0,-1,-13.764259,0.6,15,0.6,0,42
4605,0,-1,4.9378757,0.56,14,0.56,0,42
4606,0,-1,-0.5439648,0.52,13,0.52,0,42
4607,0,-1,-3.212536,0.48,12,0.48,1,42
4608,0,-1,-3.1933808,0.44,11,0.44,0,42
4609,0,-1,-13.065027,0.44,11,0.44,0,42
4610,2,1,20.190493,0.48,12,0.48,0,42
4611,0,-1,-2.1652553,0.44,11,0.44,0,42
4612,2,1,18.893772,0.48,12,0.48,0,42
4613,0,-1,-0.0,0.48,12,0.48,0,42
4614,2,1,17.998411,0.52,13,0.52,0,42
4615,0,-1,-2.8449068,0.48,12,0.48,0,42
4616,2,1,-31.700764,0.68,17,0.68,0,42
4617,2,1,2.7268944,0.72,18,0.72,0,42
4618,1,0,0.0,0.72,18,0.72,0,42
4619,0,-1,21.312384,0.68,17,0.68,1,42
4620,0,-1,14.348776,0.64,16,0.64,0,42
4621,1,0,0.0,0.64,16,0.64,0,42
4622,0,-1,-12.556174,0.64,16,0.64,0,42
4623,0,-1,7.701383,0.6,15,0.6,0,42
4624,0,-1,3.3673563,0.56,14,0.56,0,42
4625,0,-1,-0.36747605,0.52,13,0.52,0,42
4626,0,-1,-0.48828605,0.48,12,0.48,0,42
4627,1,0,0.0,0.48,12,0.48,0,42
4628,0,-1,0.0,0.0,0,0.0,0,42
4629,0,-1,-0.0,0.16,4,0.16,0,43
4630,2,1,28.364332,0.2,5,0.2,0,43
4631,1,0,0.0,0.2,5,0.2,0,43
4632,2,1,19.247265,0.28,7,0.28,0,43
4633,0,-1,-7.246854,0.24,6,0.24,0,43
4634,1,0,0.0,0.24,6,0.24,0,43
4635,2,1,27.971514,0.28,7,0.28,1,43
4636,0,-1,-9.416788,0.24,6,0.24,0,43
4637,0,-1,-0.0,0.24,6,0.24,0,43
4638,0,-1,-0.0,0.24,6,0.24,0,43
4639,2,1,23.286705,0.32,8,0.32,0,43
4640,0,-1,-6.6139035,0.28,7,0.28,0,43
4641,2,1,13.163856,0.4,10,0.4,0,43
4642,2,1,8.878653,0.52,13,0.52,0,43
4643,0,-1,-0.07822515,0.52,13,0.52,0,43
4644,0,-1,-0.86704063,0.48,12,0.48,0,43
4645,0,-1,-0.0021205975,0.48,12,0.48,0,43
4646,0,-1,-0.002163716,0.48,12,0.48,0,43
4647,2,1,11.513691,0.52,13,0.52,0,43
4648,0,-1,2.7414672,0.48,12,0.48,0,43
4649,2,1,11.175464,0.56,14,0.56,0,43
4650,0,-1,-0.09237856,0.56,14,0.56,0,43
4651,2,1,1.2682095,0.64,16,0.64,0,43
4652,1,0,0.0,0.64,16,0.64,0,43
4653,0,-1,-0.020595642,0.64,16,0.64,1,43
4654,0,-1,-13.232744,0.64,16,0.64,0,43
4655,0,-1,-0.0,0.64,16,0.64,0,43
4656,0,-1,-0.0,0.64,16,0.64,0,43
4657,0,-1,-9.913738,0.64,16,0.64,0,43
4658,1,0,0.0,0.64,16,0.64,0,43
4659,0,-1,-12.741031,0.64,16,0.64,0,43
4660,0,-1,-0.0,0.64,16,0.64,0,43
4661,0,-1,-0.00026628657,0.64,16,0.64,0,43
4662,1,0,0.0,0.64,16,0.64,0,43
4663,0,-1,8.464378,0.6,15,0.6,0,43
4664,0,-1,-8.0847025,0.6,15,0.6,0,43
4665,2,1,-3.429087,0.68,17,0.68,0,43
4666,0,-1,-0.0023089277,0.68,17,0.68,0,43
4667,1,0,0.0,0.68,17,0.68,0,43
4668,0,-1,-0.0,0.68,17,0.68,0,43
4669,2,1,-25.754042,0.76,19,0.76,0,43
4670,2,1,-18.31531,0.8,20,0.8,0,43
4671,0,-1,-0.0,0.8,20,0.8,0,43
4672,2,1,-971.89014,0.96,24,0.96,0,43
4673,0,-1,-0.0002756237,0.96,24,0.96,0,43
4674,1,0,0.0,0.96,24,0.96,0,43
4675,2,1,-1000.0,0.0,0,0.0,0,43
4676,0,-1,-0.0,0.16,4,0.16,0,44
4677,2,1,28.364332,0.2,5,0.2,0,44
4678,2,1,28.208652,0.24,6,0.24,0,44
4679,0,-1,-9.833911,0.2,5,0.2,0,44
4680,2,1,28.22638,0.24,6,0.24,0,44
4681,2,1,18.678572,0.32,8,0.32,0,44
4682,2,1,26.008978,0.36,9,0.36,0,44
4683,0,-1,-0.0,0.36,9,0.36,0,44
4684,0,-1,-7.7240057,0.32,8,0.32,0,44
4685,0,-1,-0.0,0.32,8,0.32,0,44
4686,0,-1,-8.97201,0.28,7,0.28,0,44
4687,0,-1,-0.0,0.28,7,0.28,0,44
4688,2,1,22.623116,0.36,9,0.36,0,44
4689,2,1,19.11238,0.44,11,0.44,1,44
4690,0,-1,-0.0,0.44,11,0.44,0,44
4691,2,1,10.721212,0.52,13,0.52,0,44
4692,1,0,0.0,0.52,13,0.52,0,44
4693,0,-1,-0.0,0.52,13,0.52,0,44
4694,0,-1,-2.1762333,0.48,12,0.48,0,44
4695,0,-1,-4.5408077,0.44,11,0.44,0,44
4696,2,1,23.8654,0.48,12,0.48,0,44
4697,0,-1,-4.5694237,0.44,11,0.44,0,44
4698,2,1,15.571182,0.52,13,0.52,0,44
4699,2,1,3.5399132,0.6,15,0.6,0,44
4700,0,-1,2.8661065,0.56,14,0.56,0,44
4701,0,-1,-6.8315458e-06,0.56,14,0.56,0,44
4702,2,1,16.709806,0.6,15,0.6,0,44
4703,0,-1,-0.0,0.6,15,0.6,0,44
4704,0,-1,-0.0,0.6,15,0.6,0,44
4705,1,0,0.0,0.6,15,0.6,1,44
4706,0,-1,-12.499863,0.6,15,0.6,0,44
4707,0,-1,-0.0,0.6,15,0.6,0,44
4708,0,-1,-2.0682233e-05,0.6,15,0.6,0,44
4709,0,-1,-2.0982687e-05,0.6,15,0.6,0,44
4710,0,-1,-2.1600765e-05,0.6,15,0.6,0,44
4711,2,1,15.165011,0.64,16,0.64,0,44
4712,1,0,0.0,0.64,16,0.64,0,44
4713,0,-1,-1.9600608e-05,0.64,16,0.64,0,44
4714,2,1,-10.709004,0.72,18,0.72,0,44
4715,2,1,-7.3071523,0.76,19,0.76,0,44
4716,0,-1,-0.0,0.76,19,0.76,0,44
4717,0,-1,-0.0,0.76,19,0.76,1,44
4718,0,-1,32.598965,0.72,18,0.72,0,44
4719,0,-1,-0.0,0.72,18,0.72,0,44
4720,0,-1,-0.0,0.72,18,0.72,0,44
4721,0,-1,-11.383461,0.72,18,0.72,0,44
4722,0,-1,-0.0,0.72,18,0.72,0,44
4723,0,-1,-0.0,0.72,18,0.72,0,44
4724,0,-1,19.74379,0.68,17,0.68,0,44
4725,0,-1,-0.00067542016,0.68,17,0.68,0,44
4726,0,-1,-9.448134,0.68,17,0.68,0,44
4727,0,-1,-0.0,0.68,17,0.68,0,44
4728,2,1,-128.34073,0.84,21,0.84,0,44
4729,0,-1,-0.0,0.84,21,0.84,1,44
4730,0,-1,81.43553,0.8,20,0.8,0,44
4731,0,-1,-0.0,0.8,20,0.8,0,44
4732,0,-1,49.343967,0.76,19,0.76,0,44
4733,0,-1,-12.828997,0.76,19,0.76,0,44
4734,0,-1,31.905382,0.72,18,0.72,0,44
4735,0,-1,19.816608,0.68,17,0.68,0,44
4736,0,-1,13.61045,0.64,16,0.64,0,44
4737,1,0,0.0,0.64,16,0.64,0,44
4738,0,-1,-9.365581,0.64,16,0.64,0,44
4739,0,-1,-0.09645003,0.64,16,0.64,0,44
4740,0,-1,-0.0,0.64,16,0.64,0,44
4741,1,0,0.0,0.64,16,0.64,0,44
4742,0,-1,7.455128,0.6,15,0.6,0,44
4743,0,-1,-0.09111247,0.6,15,0.6,0,44
4744,2,1,-3.1853085,0.68,17,0.68,0,44
4745,0,-1,-0.0,0.68,17,0.68,0,44
4746,0,-1,-0.0,0.68,17,0.68,0,44
4747,0,-1,-0.0,0.68,17,0.68,0,44
4748,2,1,5.269814,0.72,18,0.72,0,44
4749,0,-1,-0.06877857,0.72,18,0.72,0,44
4750,0,-1,20.780548,0.68,17,0.68,0,44
4751,0,-1,-0.0,0.68,17,0.68,0,44
4752,2,1,-65.93343,0.8,20,0.8,0,44
4753,1,0,0.0,0.8,20,0.8,0,44
4754,2,1,-141.56483,0.88,22,0.88,0,44
4755,0,-1,-8.896277,0.88,22,0.88,0,44
4756,0,-1,142.46536,0.84,21,0.84,0,44
4757,0,-1,-0.0016786691,0.84,21,0.84,1,44
4758,0,-1,80.030914,0.8,20,0.8,0,44
4759,0,-1,-0.0,0.8,20,0.8,0,44
4760,0,-1,-13.433464,0.8,20,0.8,0,44
4761,0,-1,51.083794,0.76,19,0.76,0,44
4762,0,-1,31.287539,0.72,18,0.72,0,44
4763,0,-1,-0.0,0.72,18,0.72,0,44
4764,0,-1,-9.0268,0.72,18,0.72,0,44
4765,0,-1,-0.00010447754,0.72,18,0.72,0,44
4766,0,-1,-11.245697,0.72,18,0.72,0,44
4767,0,-1,25.068731,0.68,17,0.68,0,44
4768,0,-1,-11.630935,0.68,17,0.68,0,44
4769,0,-1,-0.00010870845,0.68,17,0.68,0,44
4770,0,-1,-0.0,0.68,17,0.68,0,44
4771,0,-1,-0.0,0.68,17,0.68,0,44
4772,2,1,-4.9356837,0.72,18,0.72,0,44
4773,2,1,-3.9145389,0.76,19,0.76,0,44
4774,1,0,0.0,0.76,19,0.76,0,44
4775,0,-1,-0.08011236,0.76,19,0.76,0,44
4776,0,-1,36.276787,0.72,18,0.72,0,44
4777,0,-1,21.094006,0.68,17,0.68,0,44
4778,1,0,0.0,0.68,17,0.68,0,44
4779,0,-1,-0.0,0.68,17,0.68,0,44
4780,0,-1,-0.012818503,0.68,17,0.68,0,44
4781,2,1,-128.3499,0.84,21,0.84,1,44
4782,0,-1,-10.78221,0.84,21,0.84,0,44
4783,0,-1,80.57602,0.8,20,0.8,0,44
4784,0,-1,48.790062,0.76,19,0.76,0,44
4785,0,-1,32.04968,0.72,18,0.72,0,44
4786,0,-1,19.832003,0.68,17,0.68,0,44
4787,2,1,-23.715971,0.76,19,0.76,0,44
4788,1,0,0.0,0.76,19,0.76,0,44
4789,0,-1,-14.671279,0.76,19,0.76,1,44
4790,0,-1,-12.41409,0.76,19,0.76,1,44
4791,1,0,0.0,0.76,19,0.76,0,44
4792,0,-1,-0.0,0.76,19,0.76,0,44
4793,0,-1,-11.08719,0.76,19,0.76,0,44
4794,0,-1,-0.0,0.76,19,0.76,0,44
4795,0,-1,-12.004338,0.76,19,0.76,0,44
4796,2,1,-21.853666,0.8,20,0.8,0,44
4797,0,-1,-9.663481,0.8,20,0.8,0,44
4798,0,-1,-0.0873953,0.8,20,0.8,0,44
4799,0,-1,-0.0,0.8,20,0.8,0,44
4800,2,1,-348.85556,0.92,23,0.92,0,44
4801,0,-1,-0.09714972,0.92,23,0.92,0,44
4802,1,0,0.0,0.92,23,0.92,0,44
4803,0,-1,-0.0016963538,0.92,23,0.92,1,44
4804,0,-1,-0.0,0.92,23,0.92,0,44
4805,0,-1,-13.252655,0.92,23,0.92,0,44
4806,0,-1,-0.00016192881,0.92,23,0.92,0,44
4807,2,1,-600.26166,0.96,24,0.96,0,44
4808,0,-1,927.4037,0.92,23,0.92,0,44
4809,0,-1,-0.0,0.92,23,0.92,0,44
4810,0,-1,-7.7420707,0.92,23,0.92,0,44
4811,1,0,0.0,0.92,23,0.92,0,44
4812,1,0,0.0,0.92,23,0.92,0,44
4813,0,-1,298.74115,0.88,22,0.88,0,44
4814,0,-1,144.18336,0.84,21,0.84,0,44
4815,0,-1,-0.0,0.84,21,0.84,1,44
4816,0,-1,80.005875,0.8,20,0.8,1,44
4817,0,-1,-11.494421,0.8,20,0.8,0,44
4818,0,-1,-0.0020046805,0.8,20,0.8,0,44
4819,0,-1,-9.649726,0.8,20,0.8,0,44
4820,0,-1,-0.013579711,0.8,20,0.8,0,44
4821,0,-1,50.92269,0.76,19,0.76,0,44
4822,1,0,0.0,0.76,19,0.76,0,44
4823,0,-1,-12.681415,0.76,19,0.76,0,44
4824,1,0,0.0,0.76,19,0.76,0,44
4825,2,1,-76.12086,0.84,21,0.84,0,44
4826,0,-1,-0.0015420386,0.84,21,0.84,0,44
4827,0,-1,81.76708,0.8,20,0.8,0,44
4828,0,-1,-0.0,0.8,20,0.8,0,44
4829,0,-1,-0.0,0.8,20,0.8,0,44
4830,1,0,0.0,0.8,20,0.8,0,44
4831,0,-1,48.88157,0.76,19,0.76,0,44
4832,0,-1,33.904644,0.72,18,0.72,0,44
4833,1,0,0.0,0.72,18,0.72,0,44
4834,0,-1,20.52569,0.68,17,0.68,0,44
4835,0,-1,-0.00019048322,0.68,17,0.68,0,44
4836,0,-1,-0.0002023085,0.68,17,0.68,0,44
4837,0,-1,-0.00020354231,0.68,17,0.68,1,44
4838,0,-1,-11.646352,0.68,17,0.68,0,44
4839,0,-1,-13.130053,0.68,17,0.68,0,44
4840,0,-1,-0.0019703053,0.68,17,0.68,0,44
4841,0,-1,-12.957838,0.68,17,0.68,0,44
4842,0,-1,-0.0,0.68,17,0.68,0,44
4843,1,0,0.0,0.68,17,0.68,0,44
4844,0,-1,12.75853,0.64,16,0.64,0,44
4845,2,1,-11.719116,0.72,18,0.72,0,44
4846,0,-1,-0.0016481661,0.72,18,0.72,1,44
4847,2,1,-3.747567,0.76,19,0.76,0,44
4848,0,-1,-7.810515,0.76,19,0.76,0,44
4849,0,-1,-11.931621,0.76,19,0.76,0,44
4850,0,-1,-0.0018966823,0.76,19,0.76,1,44
4851,1,0,0.0,0.76,19,0.76,0,44
4852,0,-1,-7.569729,0.76,19,0.76,0,44
4853,0,-1,-0.06679525,0.76,19,0.76,0,44
4854,0,-1,31.706417,0.72,18,0.72,0,44
4855,0,-1,-0.0,0.72,18,0.72,0,44
4856,0,-1,-11.986376,0.72,18,0.72,0,44
4857,0,-1,-0.0,0.72,18,0.72,0,44
4858,0,-1,-0.0022470243,0.72,18,0.72,0,44
4859,0,-1,-13.482429,0.72,18,0.72,0,44
4860,0,-1,-0.0019497112,0.72,18,0.72,0,44
4861,0,-1,-13.242492,0.72,18,0.72,0,44
4862,0,-1,-0.00026871965,0.72,18,0.72,0,44
4863,2,1,-4.3980346,0.76,19,0.76,0,44
4864,0,-1,-0.04121061,0.76,19,0.76,0,44
4865,0,-1,-0.0,0.76,19,0.76,0,44
4866,2,1,-18.31762,0.8,20,0.8,1,44
4867,0,-1,-0.0,0.8,20,0.8,0,44
4868,0,-1,51.146008,0.76,19,0.76,0,44
4869,0,-1,32.298145,0.72,18,0.72,0,44
4870,2,1,-5.4426317,0.76,19,0.76,0,44
4871,0,-1,32.819225,0.72,18,0.72,0,44
4872,0,-1,-6.440955,0.72,18,0.72,0,44
4873,0,-1,-0.06035457,0.72,18,0.72,0,44
4874,1,0,0.0,0.72,18,0.72,0,44
4875,0,-1,19.821392,0.68,17,0.68,0,44
4876,2,1,2.7313352,0.72,18,0.72,0,44
4877,2,1,-418.75226,0.92,23,0.92,0,44
4878,0,-1,300.21286,0.88,22,0.88,0,44
4879,1,0,0.0,0.88,22,0.88,0,44
4880,0,-1,-0.005265076,0.88,22,0.88,0,44
4881,0,-1,-3.752699e-06,0.88,22,0.88,0,44
4882,1,0,0.0,0.88,22,0.88,0,44
4883,0,-1,-12.886437,0.88,22,0.88,0,44
4884,0,-1,-0.0,0.88,22,0.88,0,44
4885,1,0,0.0,0.88,22,0.88,0,44
4886,1,0,0.0,0.88,22,0.88,0,44
4887,0,-1,-0.028264614,0.88,22,0.88,0,44
4888,0,-1,-11.680836,0.88,22,0.88,0,44
4889,0,-1,-0.029648542,0.88,22,0.88,0,44
4890,0,-1,-12.79833,0.88,22,0.88,0,44
4891,0,-1,-0.012092683,0.88,22,0.88,0,44
4892,0,-1,-0.0017628286,0.88,22,0.88,0,44
4893,1,0,0.0,0.88,22,0.88,0,44
4894,0,-1,-0.040452097,0.88,22,0.88,0,44
4895,0,-1,-0.014263984,0.88,22,0.88,0,44
4896,0,-1,-0.006598109,0.88,22,0.88,1,44
4897,0,-1,143.39058,0.84,21,0.84,0,44
4898,1,0,0.0,0.84,21,0.84,0,44
4899,1,0,0.0,0.84,21,0.84,0,44
4900,0,-1,-12.53405,0.84,21,0.84,0,44
4901,0,-1,-10.71817,0.84,21,0.84,0,44
4902,0,-1,-12.741655,0.84,21,0.84,0,44
4903,0,-1,-8.898237,0.84,21,0.84,0,44
4904,0,-1,-0.0,0.84,21,0.84,0,44
4905,0,-1,-11.123888,0.84,21,0.84,1,44
4906,0,-1,-13.173214,0.84,21,0.84,0,44
4907,0,-1,81.466034,0.8,20,0.8,0,44
4908,0,-1,49.378006,0.76,19,0.76,0,44
4909,0,-1,-12.469141,0.76,19,0.76,0,44
4910,0,-1,-0.00031300663,0.76,19,0.76,0,44
4911,0,-1,-11.095368,0.76,19,0.76,0,44
4912,0,-1,31.009096,0.72,18,0.72,0,44
4913,0,-1,20.17992,0.68,17,0.68,0,44
4914,2,1,4.991814,0.72,18,0.72,0,44
4915,1,0,0.0,0.72,18,0.72,0,44
4916,0,-1,-12.466024,0.72,18,0.72,0,44
4917,0,-1,-5.4466022e-06,0.72,18,0.72,0,44
4918,0,-1,-0.0,0.72,18,0.72,1,44
4919,0,-1,19.089935,0.68,17,0.68,0,44
4920,0,-1,12.659003,0.64,16,0.64,0,44
4921,1,0,0.0,0.64,16,0.64,0,44
4922,0,-1,7.6011367,0.6,15,0.6,1,44
4923,0,-1,2.1919167,0.56,14,0.56,0,44
4924,0,-1,-11.998153,0.56,14,0.56,0,44
4925,0,-1,0.13231754,0.52,13,0.52,0,44
4926,2,1,9.22122,0.6,15,0.6,0,44
4927,2,1,13.901372,0.64,16,0.64,0,44
4928,0,-1,-9.754612e-06,0.64,16,0.64,0,44
4929,0,-1,-0.0,0.64,16,0.64,0,44
4930,0,-1,-1.0766879e-05,0.64,16,0.64,0,44
4931,0,-1,7.20344,0.6,15,0.6,0,44
4932,0,-1,-12.976695,0.6,15,0.6,0,44
4933,0,-1,-0.002307875,0.6,15,0.6,0,44
4934,0,-1,-0.002297099,0.6,15,0.6,0,44
4935,2,1,-3.0441885,0.68,17,0.68,0,44
4936,0,-1,-0.0,0.68,17,0.68,0,44
4937,0,-1,12.50027,0.64,16,0.64,0,44
4938,2,1,-10.24591,0.72,18,0.72,0,44
4939,0,-1,-13.602233,0.72,18,0.72,0,44
4940,0,-1,19.835068,0.68,17,0.68,0,44
4941,2,1,4.9606037,0.72,18,0.72,0,44
4942,0,-1,-0.0,0.72,18,0.72,0,44
4943,1,0,0.0,0.72,18,0.72,0,44
4944,0,-1,22.135588,0.68,17,0.68,0,44
4945,0,-1,-0.00039562894,0.68,17,0.68,0,44
4946,2,1,-128.4303,0.84,21,0.84,0,44
4947,0,-1,79.484604,0.8,20,0.8,0,44
4948,0,-1,49.413986,0.76,19,0.76,0,44
4949,2,1,-16.77533,0.8,20,0.8,0,44
4950,0,-1,-0.0014580453,0.8,20,0.8,0,44
4951,0,-1,-0.0035435483,0.8,20,0.8,0,44
4952,0,-1,50.373672,0.76,19,0.76,1,44
4953,0,-1,-13.057122,0.76,19,0.76,0,44
4954,0,-1,31.333914,0.72,18,0.72,0,44
4955,0,-1,-13.135415,0.72,18,0.72,0,44
4956,2,1,-45.39367,0.8,20,0.8,0,44
4957,0,-1,-12.393244,0.8,20,0.8,0,44
4958,0,-1,49.404068,0.76,19,0.76,0,44
4959,0,-1,31.055357,0.72,18,0.72,0,44
4960,0,-1,-0.0,0.72,18,0.72,1,44
4961,0,-1,-9.810878,0.72,18,0.72,0,44
4962,2,1,-2.9501085,0.76,19,0.76,0,44
4963,0,-1,-13.047138,0.76,19,0.76,0,44
4964,0,-1,-0.0,0.76,19,0.76,0,44
4965,0,-1,-0.0006261682,0.76,19,0.76,0,44
4966,0,-1,31.572962,0.72,18,0.72,0,44
4967,1,0,0.0,0.72,18,0.72,0,44
4968,0,-1,-12.316867,0.72,18,0.72,0,44
4969,0,-1,19.984886,0.68,17,0.68,0,44
4970,0,-1,-0.0014589663,0.68,17,0.68,0,44
4971,0,-1,12.139354,0.64,16,0.64,0,44
4972,0,-1,-0.0,0.64,16,0.64,0,44
4973,0,-1,-0.0,0.64,16,0.64,0,44
4974,0,-1,-0.0,0.64,16,0.64,0,44
4975,0,-1,0.0,0.0,0,0.0,0,44
4976,0,-1,-0.0,0.16,4,0.16,0,45
4977,0,-1,-0.0,0.16,4,0.16,0,45
4978,0,-1,-0.0,0.16,4,0.16,0,45
4979,0,-1,-0.0,0.16,4,0.16,0,45
4980,2,1,28.364332,0.2,5,0.2,0,45
4981,1,0,0.0,0.2,5,0.2,0,45
4982,0,-1,-10.04084,0.16,4,0.16,0,45
4983,1,0,0.0,0.16,4,0.16,0,45
4984,0,-1,-0.0,0.16,4,0.16,0,45
4985,2,1,28.346605,0.2,5,0.2,0,45
4986,1,0,0.0,0.2,5,0.2,0,45
4987,1,0,0.0,0.2,5,0.2,0,45
4988,1,0,0.0,0.2,5,0.2,0,45
4989,2,1,23.968313,0.28,7,0.28,0,45
4990,2,1,26.441492,0.32,8,0.32,0,45
4991,2,1,17.146978,0.4,10,0.4,0,45
4992,0,-1,-5.384103,0.36,9,0.36,0,45
4993,0,-1,-0.0,0.36,9,0.36,0,45
4994,2,1,23.820692,0.4,10,0.4,0,45
4995,1,0,0.0,0.4,10,0.4,0,45
4996,0,-1,-0.0,0.4,10,0.4,0,45
4997,0,-1,-0.10589488,0.4,10,0.4,0,45
4998,2,1,15.881546,0.48,12,0.48,0,45
4999,1,0,0.0,0.48,12,0.48,0,45
5000,2,1,19.758776,0.52,13,0.52,0,45
5001,2,1,17.849766,0.56,14,0.56,0,45
5002,2,1,-14.818076,0.68,17,0.68,1,45
5003,0,-1,12.459034,0.64,16,0.64,0,45
5004,0,-1,7.5492983,0.6,15,0.6,0,45
5005,2,1,-2.9431994,0.68,17,0.68,0,45
5006,0,-1,-0.0,0.68,17,0.68,0,45
5007,0,-1,-0.0037164371,0.68,17,0.68,0,45
5008,2,1,3.2828832,0.72,18,0.72,0,45
5009,2,1,-2.336922,0.76,19,0.76,0,45
5010,0,-1,-0.0,0.76,19,0.76,0,45
5011,2,1,-17.825365,0.8,20,0.8,0,45
5012,0,-1,-0.0,0.8,20,0.8,0,45
5013,0,-1,49.09852,0.76,19,0.76,0,45
5014,0,-1,33.06654,0.72,18,0.72,0,45
5015,0,-1,19.753231,0.68,17,0.68,0,45
5016,2,1,5.085155,0.72,18,0.72,0,45
5017,0,-1,-6.7223067,0.72,18,0.72,0,45
5018,0,-1,20.133253,0.68,17,0.68,0,45
5019,0,-1,-5.409751,0.68,17,0.68,0,45
5020,0,-1,12.365229,0.64,16,0.64,0,45
5021,0,-1,-0.0,0.64,16,0.64,0,45
5022,0,-1,8.450434,0.6,15,0.6,0,45
5023,0,-1,3.537519,0.56,14,0.56,0,45
5024,0,-1,0.8693156,0.52,13,0.52,0,45
5025,2,1,17.83897,0.56,14,0.56,0,45
5026,0,-1,-0.0,0.56,14,0.56,0,45
5027,0,-1,8.735105,0.52,13,0.52,0,45
5028,0,-1,-0.0,0.52,13,0.52,1,45
5029,0,-1,-0.0,0.52,13,0.52,0,45
5030,0,-1,-0.0,0.52,13,0.52,0,45
5031,2,1,-24.528017,0.68,17,0.68,0,45
5032,2,1,-26.16232,0.76,19,0.76,0,45
5033,0,-1,-0.030136812,0.76,19,0.76,0,45
5034,0,-1,-0.03215345,0.76,19,0.76,0,45
5035,0,-1,-0.011594347,0.76,19,0.76,0,45
5036,0,-1,-0.009667109,0.76,19,0.76,0,45
5037,1,0,0.0,0.76,19,0.76,0,45
5038,0,-1,32.424152,0.72,18,0.72,0,45
5039,0,-1,20.741814,0.68,17,0.68,0,45
5040,0,-1,-0.002182153,0.68,17,0.68,0,45
5041,0,-1,12.728354,0.64,16,0.64,0,45
5042,0,-1,7.01214,0.6,15,0.6,0,45
5043,0,-1,2.8661046,0.56,14,0.56,0,45
5044,0,-1,-0.010573644,0.56,14,0.56,0,45
5045,1,0,0.0,0.56,14,0.56,0,45
5046,0,-1,-10.450142,0.56,14,0.56,0,45
5047,2,1,3.737677,0.64,16,0.64,1,45
5048,2,1,9.07767,0.68,17,0.68,0,45
5049,0,-1,-8.19029,0.68,17,0.68,0,45
5050,0,-1,12.929866,0.64,16,0.64,0,45
5051,0,-1,-0.001599161,0.64,16,0.64,0,45
5052,0,-1,-0.0017700063,0.64,16,0.64,0,45
5053,1,0,0.0,0.64,16,0.64,0,45
5054,0,-1,6.962713,0.6,15,0.6,0,45
5055,0,-1,-0.0,0.6,15,0.6,0,45
5056,2,1,13.454645,0.64,16,0.64,0,45
5057,2,1,-13.598848,0.72,18,0.72,0,45
5058,1,0,0.0,0.72,18,0.72,1,45
5059,0,-1,-0.0,0.72,18,0.72,0,45
5060,0,-1,20.600761,0.68,17,0.68,0,45
5061,2,1,-5.565773,0.72,18,0.72,0,45
5062,0,-1,20.994352,0.68,17,0.68,0,45
5063,0,-1,18.04888,0.64,16,0.64,0,45
5064,0,-1,7.5641932,0.6,15,0.6,0,45
5065,0,-1,2.491298,0.56,14,0.56,0,45
5066,0,-1,-0.0,0.56,14,0.56,0,45
5067,0,-1,0.593654,0.52,13,0.52,0,45
5068,0,-1,-0.24416119,0.48,12,0.48,0,45
5069,0,-1,-0.0,0.48,12,0.48,1,45
5070,0,-1,-0.0,0.48,12,0.48,0,45
5071,0,-1,-2.049095,0.44,11,0.44,0,45
5072,0,-1,-15.521324,0.44,11,0.44,0,45
5073,1,0,0.0,0.44,11,0.44,0,45
5074,2,1,21.789276,0.48,12,0.48,0,45
5075,0,-1,-0.0,0.48,12,0.48,0,45
5076,0,-1,-13.536226,0.48,12,0.48,1,45
5077,0,-1,-13.334417,0.48,12,0.48,0,45
5078,0,-1,-0.0,0.48,12,0.48,0,45
5079,0,-1,-0.0,0.48,12,0.48,0,45
5080,2,1,10.38552,0.56,14,0.56,0,45
5081,0,-1,-0.0,0.56,14,0.56,0,45
5082,0,-1,-0.0002179053,0.56,14,0.56,0,45
5083,0,-1,-0.012363701,0.56,14,0.56,0,45
5084,0,-1,-0.0,0.56,14,0.56,0,45
5085,0,-1,-0.012205167,0.56,14,0.56,0,45
5086,0,-1,-0.0,0.56,14,0.56,0,45
5087,2,1,17.535255,0.6,15,0.6,0,45
5088,0,-1,-0.0,0.6,15,0.6,0,45
5089,0,-1,-10.204784,0.6,15,0.6,0,45
5090,1,0,0.0,0.6,15,0.6,1,45
5091,0,-1,-0.0,0.6,15,0.6,0,45
5092,2,1,13.39398,0.64,16,0.64,0,45
5093,0,-1,-11.863585,0.64,16,0.64,0,45
5094,2,1,6.9813995,0.68,17,0.68,0,45
5095,0,-1,-0.0,0.68,17,0.68,0,45
5096,0,-1,-14.101588,0.68,17,0.68,0,45
5097,0,-1,14.24524,0.64,16,0.64,0,45
5098,0,-1,-0.014195625,0.64,16,0.64,0,45
5099,2,1,-83.3138,0.8,20,0.8,0,45
5100,0,-1,-3.896169e-06,0.8,20,0.8,0,45
5101,0,-1,-0.0019594415,0.8,20,0.8,0,45
5102,0,-1,-2.8532718e-06,0.8,20,0.8,0,45
5103,2,1,-140.47217,0.88,22,0.88,0,45
5104,0,-1,141.84451,0.84,21,0.84,0,45
5105,0,-1,-13.04895,0.84,21,0.84,0,45
5106,0,-1,-0.0,0.84,21,0.84,0,45
5107,0,-1,81.70592,0.8,20,0.8,0,45
5108,0,-1,49.329067,0.76,19,0.76,0,45
5109,0,-1,-0.0,0.76,19,0.76,0,45
5110,0,-1,31.53768,0.72,18,0.72,0,45
5111,0,-1,-0.0,0.72,18,0.72,0,45
5112,1,0,0.0,0.72,18,0.72,0,45
5113,1,0,0.0,0.72,18,0.72,0,45
5114,0,-1,20.710747,0.68,17,0.68,1,45
5115,0,-1,-12.962623,0.68,17,0.68,0,45
5116,0,-1,12.768798,0.64,16,0.64,1,45
5117,0,-1,-12.765415,0.64,16,0.64,0,45
5118,0,-1,-13.706822,0.64,16,0.64,0,45
5119,0,-1,6.671848,0.6,15,0.6,0,45
5120,1,0,0.0,0.6,15,0.6,0,45
5121,0,-1,3.5606647,0.56,14,0.56,0,45
5122,0,-1,-11.945189,0.56,14,0.56,0,45
5123,0,-1,-0.58013195,0.52,13,0.52,0,45
5124,0,-1,-6.4473693e-06,0.52,13,0.52,0,45
5125,0,-1,-1.6365311,0.48,12,0.48,0,45
5126,1,0,0.0,0.48,12,0.48,0,45
5127,0,-1,-2.8312714,0.44,11,0.44,0,45
5128,0,-1,-4.437856,0.4,10,0.4,0,45
5129,0,-1,-2.9672945,0.36,9,0.36,0,45
5130,1,0,0.0,0.36,9,0.36,0,45
5131,2,1,24.79403,0.4,10,0.4,0,45
5132,0,-1,-0.0,0.4,10,0.4,0,45
5133,2,1,16.130589,0.48,12,0.48,0,45
5134,2,1,19.151192,0.52,13,0.52,0,45
5135,0,-1,-1.0772827,0.48,12,0.48,0,45
5136,2,1,19.151192,0.52,13,0.52,0,45
5137,0,-1,-0.86456555,0.48,12,0.48,0,45
5138,2,1,-32.694096,0.68,17,0.68,0,45
5139,0,-1,-0.044190414,0.68,17,0.68,0,45
5140,0,-1,-0.00038127106,0.68,17,0.68,0,45
5141,0,-1,-0.00040955195,0.68,17,0.68,0,45
5142,0,-1,13.779038,0.64,16,0.64,1,45
5143,1,0,0.0,0.64,16,0.64,0,45
5144,0,-1,7.610258,0.6,15,0.6,0,45
5145,0,-1,-0.0,0.6,15,0.6,0,45
5146,0,-1,3.6600065,0.56,14,0.56,1,45
5147,0,-1,-13.462846,0.56,14,0.56,0,45
5148,0,-1,0.37881842,0.52,13,0.52,0,45
5149,0,-1,-0.00058533874,0.52,13,0.52,0,45
5150,0,-1,-0.00045830972,0.52,13,0.52,0,45
5151,0,-1,-10.4130535,0.52,13,0.52,0,45
5152,0,-1,-0.0,0.52,13,0.52,0,45
5153,0,-1,-0.075282566,0.52,13,0.52,0,45
5154,0,-1,-0.0,0.52,13,0.52,0,45
5155,2,1,18.744566,0.56,14,0.56,0,45
5156,0,-1,0.5497334,0.52,13,0.52,0,45
5157,1,0,0.0,0.52,13,0.52,0,45
5158,0,-1,-0.0005650715,0.52,13,0.52,0,45
5159,0,-1,-1.9850008,0.48,12,0.48,0,45
5160,0,-1,-0.0,0.48,12,0.48,0,45
5161,1,0,0.0,0.48,12,0.48,1,45
5162,2,1,10.642431,0.56,14,0.56,0,45
5163,0,-1,-13.84304,0.56,14,0.56,0,45
5164,0,-1,-0.0,0.56,14,0.56,0,45
5165,2,1,1.1093684,0.64,16,0.64,0,45
5166,0,-1,-0.0,0.64,16,0.64,0,45
5167,0,-1,-0.00215467,0.64,16,0.64,0,45
5168,0,-1,6.695333,0.6,15,0.6,0,45
5169,0,-1,-0.0,0.6,15,0.6,0,45
5170,0,-1,-0.0,0.6,15,0.6,1,45
5171,0,-1,-13.316309,0.6,15,0.6,0,45
5172,0,-1,4.7726517,0.56,14,0.56,0,45
5173,2,1,0.90745854,0.64,16,0.64,0,45
5174,0,-1,7.5087376,0.6,15,0.6,0,45
5175,0,-1,-0.0,0.6,15,0.6,0,45
5176,0,-1,-0.0,0.6,15,0.6,0,45
5177,0,-1,-12.37824,0.6,15,0.6,0,45
5178,0,-1,4.660844,0.56,14,0.56,0,45
5179,0,-1,-13.08166,0.56,14,0.56,0,45
5180,0,-1,1.6396472,0.52,13,0.52,0,45
5181,0,-1,-13.491774,0.52,13,0.52,0,45
5182,2,1,-7.0593,0.64,16,0.64,0,45
5183,2,1,-13.762191,0.72,18,0.72,0,45
5184,0,-1,19.9499,0.68,17,0.68,0,45
5185,2,1,-24.906315,0.76,19,0.76,0,45
5186,0,-1,32.610886,0.72,18,0.72,0,45
5187,0,-1,-0.058552567,0.72,18,0.72,0,45
5188,0,-1,-0.0006146897,0.72,18,0.72,0,45
5189,0,-1,-0.0017225357,0.72,18,0.72,0,45
5190,0,-1,-3.313481e-06,0.72,18,0.72,1,45
5191,1,0,0.0,0.72,18,0.72,0,45
5192,0,-1,-10.910969,0.72,18,0.72,0,45
5193,1,0,0.0,0.72,18,0.72,0,45
5194,0,-1,-0.06992054,0.72,18,0.72,0,45
5195,0,-1,-13.442089,0.72,18,0.72,0,45
5196,0,-1,-0.0,0.72,18,0.72,0,45
5197,0,-1,-0.0,0.72,18,0.72,0,45
5198,2,1,-46.846504,0.8,20,0.8,0,45
5199,1,0,0.0,0.8,20,0.8,0,45
5200,0,-1,-0.04532435,0.8,20,0.8,0,45
5201,0,-1,50.36542,0.76,19,0.76,0,45
5202,2,1,-16.582739,0.8,20,0.8,0,45
5203,0,-1,49.138344,0.76,19,0.76,0,45
5204,2,1,-74.60625,0.84,21,0.84,0,45
5205,2,1,-80.51194,0.88,22,0.88,0,45
5206,0,-1,-0.0,0.88,22,0.88,0,45
5207,0,-1,144.71297,0.84,21,0.84,0,45
5208,0,-1,80.27196,0.8,20,0.8,0,45
5209,0,-1,-0.0,0.8,20,0.8,0,45
5210,0,-1,-0.0,0.8,20,0.8,0,45
5211,0,-1,-0.0,0.8,20,0.8,0,45
5212,0,-1,48.468933,0.76,19,0.76,0,45
5213,0,-1,-0.0,0.76,19,0.76,1,45
5214,0,-1,30.94914,0.72,18,0.72,0,45
5215,1,0,0.0,0.72,18,0.72,0,45
5216,0,-1,-0.0,0.72,18,0.72,0,45
5217,0,-1,-0.0,0.72,18,0.72,0,45
5218,0,-1,-0.0,0.72,18,0.72,0,45
5219,1,0,0.0,0.72,18,0.72,0,45
5220,0,-1,-0.0,0.72,18,0.72,0,45
5221,0,-1,20.478188,0.68,17,0.68,0,45
5222,2,1,-24.378141,0.76,19,0.76,0,45
5223,0,-1,30.360655,0.72,18,0.72,0,45
5224,2,1,-6.171904,0.76,19,0.76,0,45
5225,0,-1,-0.0,0.76,19,0.76,0,45
5226,1,0,0.0,0.76,19,0.76,0,45
5227,0,-1,29.61679,0.72,18,0.72,0,45
5228,0,-1,-0.0,0.72,18,0.72,0,45
5229,1,0,0.0,0.72,18,0.72,0,45
5230,0,-1,-0.0,0.72,18,0.72,0,45
5231,0,-1,-45.987213,0.76,19,0.76,0,45
5232,1,0,0.0,0.76,19,0.76,0,45
5233,0,-1,34.82747,0.72,18,0.72,0,45
5234,0,-1,-0.0,0.72,18,0.72,0,45
5235,0,-1,-13.483531,0.72,18,0.72,0,45
5236,0,-1,-0.0014782532,0.72,18,0.72,0,45
5237,1,0,0.0,0.72,18,0.72,0,45
5238,0,-1,-0.0,0.72,18,0.72,0,45
5239,0,-1,20.468214,0.68,17,0.68,0,45
5240,0,-1,14.866211,0.64,16,0.64,0,45
5241,0,-1,-29.473639,0.68,17,0.68,1,45
5242,0,-1,11.896685,0.64,16,0.64,0,45
5243,0,-1,9.391882,0.6,15,0.6,0,45
5244,0,-1,-0.0,0.6,15,0.6,0,45
5245,0,-1,-0.0,0.6,15,0.6,0,45
5246,0,-1,-0.0,0.6,15,0.6,0,45
5247,0,-1,-0.0,0.6,15,0.6,0,45
5248,0,-1,5.730028,0.56,14,0.56,0,45
5249,2,1,18.53918,0.6,15,0.6,0,45
5250,0,-1,3.6631238,0.56,14,0.56,1,45
5251,1,0,0.0,0.56,14,0.56,0,45
5252,0,-1,-12.482798,0.56,14,0.56,0,45
5253,2,1,17.603205,0.6,15,0.6,1,45
5254,0,-1,6.505865,0.56,14,0.56,0,45
5255,2,1,17.500807,0.6,15,0.6,0,45
5256,0,-1,3.0365121,0.56,14,0.56,0,45
5257,0,-1,-0.39914653,0.52,13,0.52,0,45
5258,2,1,5.4357915,0.6,15,0.6,0,45
5259,0,-1,2.9976363,0.56,14,0.56,0,45
5260,0,-1,3.1475143,0.52,13,0.52,0,45
5261,0,-1,-2.7164593,0.48,12,0.48,0,45
5262,2,1,11.103449,0.56,14,0.56,0,45
5263,0,-1,2.1104994,0.52,13,0.52,0,45
5264,1,0,0.0,0.52,13,0.52,0,45
5265,2,1,15.658455,0.56,14,0.56,0,45
5266,0,-1,1.3235177,0.52,13,0.52,0,45
5267,2,1,9.742592,0.6,15,0.6,0,45
5268,0,-1,-0.0,0.6,15,0.6,0,45
5269,2,1,9.725755,0.64,16,0.64,0,45
5270,0,-1,8.639556,0.6,15,0.6,0,45
5271,0,-1,-13.947595,0.6,15,0.6,0,45
5272,0,-1,-0.0010570779,0.6,15,0.6,0,45
5273,0,-1,-0.04336001,0.6,15,0.6,0,45
5274,0,-1,2.402416,0.56,14,0.56,0,45
5275,2,1,0.0,0.0,0,0.0,0,45
5276,2,1,28.364332,0.2,5,0.2,0,46
5277,1,0,0.0,0.2,5,0.2,0,46
5278,2,1,23.955872,0.28,7,0.28,0,46
5279,2,1,13.033225,0.4,10,0.4,0,46
5280,0,-1,-0.0019462601,0.4,10,0.4,0,46
5281,2,1,17.550112,0.48,12,0.48,0,46
5282,0,-1,-0.0019154127,0.48,12,0.48,0,46
5283,2,1,21.152006,0.52,13,0.52,0,46
5284,2,1,-6.9178905,0.64,16,0.64,0,46
5285,0,-1,-0.0020252368,0.64,16,0.64,0,46
5286,1,0,0.0,0.64,16,0.64,0,46
5287,0,-1,6.6046314,0.6,15,0.6,0,46
5288,0,-1,2.8541417,0.56,14,0.56,0,46
5289,0,-1,-0.0019115203,0.56,14,0.56,0,46
5290,2,1,-11.786878,0.6,15,0.6,0,46
5291,1,0,0.0,0.6,15,0.6,0,46
5292,0,-1,3.4297268,0.56,14,0.56,0,46
5293,0,-1,0.86154413,0.52,13,0.52,0,46
5294,2,1,7.9956107,0.6,15,0.6,0,46
5295,0,-1,-0.0020060595,0.6,15,0.6,0,46
5296,0,-1,17.680037,0.56,14,0.56,0,46
5297,0,-1,1.5015686,0.52,13,0.52,0,46
5298,0,-1,12.74745,0.48,12,0.48,0,46
5299,2,1,11.373928,0.56,14,0.56,0,46
5300,0,-1,-0.08781507,0.56,14,0.56,0,46
5301,0,-1,-0.10303443,0.56,14,0.56,0,46
5302,0,-1,0.9976186,0.52,13,0.52,0,46
5303,0,-1,-0.0,0.52,13,0.52,1,46
5304,0,-1,-2.1762333,0.48,12,0.48,0,46
5305,0,-1,-3.1407297,0.44,11,0.44,0,46
5306,2,1,22.13478,0.48,12,0.48,0,46
5307,0,-1,-3.0730157,0.44,11,0.44,0,46
5308,0,-1,-0.0,0.44,11,0.44,0,46
5309,0,-1,-0.0,0.44,11,0.44,0,46
5310,2,1,3.423224,0.56,14,0.56,0,46
5311,0,-1,1.2290795,0.52,13,0.52,0,46
5312,1,0,0.0,0.52,13,0.52,1,46
5313,2,1,6.327339,0.6,15,0.6,0,46
5314,0,-1,-10.985488,0.6,15,0.6,0,46
5315,2,1,11.94831,0.64,16,0.64,0,46
5316,0,-1,6.304596,0.6,15,0.6,0,46
5317,1,0,0.0,0.6,15,0.6,0,46
5318,0,-1,-15.215376,0.6,15,0.6,0,46
5319,0,-1,-5.5485212e-05,0.6,15,0.6,0,46
5320,0,-1,4.562955,0.56,14,0.56,0,46
5321,2,1,0.48564512,0.64,16,0.64,0,46
5322,0,-1,8.184715,0.6,15,0.6,0,46
5323,0,-1,-0.0,0.6,15,0.6,0,46
5324,1,0,0.0,0.6,15,0.6,0,46
5325,0,-1,3.6933227,0.56,14,0.56,0,46
5326,1,0,0.0,0.56,14,0.56,0,46
5327,0,-1,2.957898,0.52,13,0.52,0,46
5328,2,1,19.548405,0.56,14,0.56,0,46
5329,0,-1,0.14781424,0.52,13,0.52,0,46
5330,0,-1,-6.375544e-07,0.52,13,0.52,0,46
5331,0,-1,-1.4604986,0.48,12,0.48,1,46
5332,0,-1,-11.101139,0.48,12,0.48,0,46
5333,2,1,10.23648,0.56,14,0.56,0,46
5334,0,-1,1.5330033,0.52,13,0.52,1,46
5335,0,-1,-0.8747928,0.48,12,0.48,0,46
5336,2,1,21.370285,0.52,13,0.52,0,46
5337,0,-1,-13.53294,0.52,13,0.52,0,46
5338,2,1,4.7375464,0.6,15,0.6,0,46
5339,0,-1,2.89388,0.56,14,0.56,0,46
5340,2,1,-1.9839783,0.64,16,0.64,0,46
5341,2,1,1.7980387,0.68,17,0.68,0,46
5342,2,1,-67.958145,0.8,20,0.8,0,46
5343,1,0,0.0,0.8,20,0.8,0,46
5344,2,1,-144.97832,0.88,22,0.88,0,46
5345,1,0,0.0,0.88,22,0.88,0,46
5346,0,-1,141.7512,0.84,21,0.84,0,46
5347,1,0,0.0,0.84,21,0.84,0,46
5348,0,-1,-0.0011237595,0.84,21,0.84,0,46
5349,0,-1,-0.0,0.84,21,0.84,0,46
5350,0,-1,-0.0,0.84,21,0.84,0,46
5351,0,-1,-3.0553307e-05,0.84,21,0.84,1,46
5352,1,0,0.0,0.84,21,0.84,1,46
5353,0,-1,83.6503,0.8,20,0.8,1,46
5354,0,-1,-0.0,0.8,20,0.8,0,46
5355,0,-1,-0.0,0.8,20,0.8,0,46
5356,0,-1,52.03897,0.76,19,0.76,0,46
5357,0,-1,34.2067,0.72,18,0.72,0,46
5358,2,1,-46.857323,0.8,20,0.8,0,46
5359,2,1,-32.750813,0.84,21,0.84,0,46
5360,0,-1,-0.0,0.84,21,0.84,0,46
5361,0,-1,-0.0,0.84,21,0.84,0,46
5362,0,-1,-1.744607e-07,0.84,21,0.84,0,46
5363,0,-1,82.42889,0.8,20,0.8,0,46
5364,0,-1,51.253548,0.76,19,0.76,0,46
5365,0,-1,-1.8524385e-07,0.76,19,0.76,0,46
5366,0,-1,-0.0,0.76,19,0.76,0,46
5367,0,-1,-0.0,0.76,19,0.76,0,46
5368,0,-1,30.120176,0.72,18,0.72,0,46
5369,1,0,0.0,0.72,18,0.72,0,46
5370,0,-1,21.158812,0.68,17,0.68,1,46
5371,0,-1,14.4895115,0.64,16,0.64,0,46
5372,0,-1,-0.0,0.64,16,0.64,0,46
5373,0,-1,8.48307,0.6,15,0.6,0,46
5374,0,-1,1.7743437,0.56,14,0.56,0,46
5375,0,-1,-0.0,0.56,14,0.56,0,46
5376,0,-1,1.465018,0.52,13,0.52,0,46
5377,0,-1,-0.0,0.52,13,0.52,0,46
5378,1,0,0.0,0.52,13,0.52,0,46
5379,0,-1,-1.4090896,0.48,12,0.48,0,46
5380,0,-1,-12.059642,0.48,12,0.48,0,46
5381,0,-1,-1.8305333,0.44,11,0.44,0,46
5382,0,-1,-0.0,0.44,11,0.44,0,46
5383,0,-1,-13.296826,0.44,11,0.44,0,46
5384,0,-1,-0.0014362953,0.44,11,0.44,0,46
5385,0,-1,-5.800578,0.4,10,0.4,0,46
5386,0,-1,-0.0,0.4,10,0.4,0,46
5387,2,1,8.727343,0.48,12,0.48,0,46
5388,2,1,9.750129,0.56,14,0.56,0,46
5389,0,-1,5.624318,0.52,13,0.52,0,46
5390,0,-1,-0.0,0.52,13,0.52,1,46
5391,0,-1,-0.0,0.52,13,0.52,0,46
5392,0,-1,-13.58306,0.52,13,0.52,0,46
5393,1,0,0.0,0.52,13,0.52,0,46
5394,0,-1,3.557429,0.48,12,0.48,0,46
5395,0,-1,-3.0916631,0.44,11,0.44,0,46
5396,2,1,15.221291,0.48,12,0.48,0,46
5397,2,1,22.902212,0.52,13,0.52,0,46
5398,0,-1,2.3625324,0.48,12,0.48,0,46
5399,0,-1,-4.6124187,0.44,11,0.44,0,46
5400,0,-1,-13.626613,0.44,11,0.44,0,46
5401,0,-1,-1.5253707,0.4,10,0.4,0,46
5402,0,-1,-0.0004297189,0.4,10,0.4,0,46
5403,0,-1,-0.00040714262,0.4,10,0.4,0,46
5404,1,0,0.0,0.4,10,0.4,0,46
5405,2,1,24.879711,0.44,11,0.44,0,46
5406,0,-1,-0.00033112586,0.44,11,0.44,1,46
5407,1,0,0.0,0.44,11,0.44,0,46
5408,2,1,15.617361,0.52,13,0.52,0,46
5409,0,-1,-0.049738765,0.52,13,0.52,0,46
5410,1,0,0.0,0.52,13,0.52,0,46
5411,2,1,-0.98326707,0.6,15,0.6,0,46
5412,0,-1,3.428796,0.56,14,0.56,1,46
5413,0,-1,-9.266958,0.56,14,0.56,0,46
5414,0,-1,-0.0,0.56,14,0.56,0,46
5415,2,1,17.660826,0.6,15,0.6,0,46
5416,2,1,-25.643923,0.72,18,0.72,0,46
5417,0,-1,19.920153,0.68,17,0.68,0,46
5418,0,-1,-36.561172,0.72,18,0.72,0,46
5419,2,1,-2.51027,0.76,19,0.76,0,46
5420,0,-1,-14.411329,0.76,19,0.76,0,46
5421,0,-1,31.596128,0.72,18,0.72,0,46
5422,0,-1,20.219927,0.68,17,0.68,1,46
5423,0,-1,-0.0,0.68,17,0.68,0,46
5424,1,0,0.0,0.68,17,0.68,0,46
5425,0,-1,12.612415,0.64,16,0.64,0,46
5426,0,-1,7.402855,0.6,15,0.6,0,46
5427,0,-1,-0.0,0.6,15,0.6,0,46
5428,0,-1,-28.225946,0.64,16,0.64,0,46
5429,0,-1,-0.0,0.64,16,0.64,0,46
5430,0,-1,-0.0,0.64,16,0.64,0,46
5431,2,1,-41.013344,0.76,19,0.76,0,46
5432,0,-1,-3.1474588e-07,0.76,19,0.76,0,46
5433,0,-1,-2.913614e-07,0.76,19,0.76,1,46
5434,0,-1,-12.666687,0.76,19,0.76,0,46
5435,0,-1,-0.0,0.76,19,0.76,0,46
5436,1,0,0.0,0.76,19,0.76,1,46
5437,0,-1,-9.744997,0.76,19,0.76,0,46
5438,0,-1,-13.868452,0.76,19,0.76,0,46
5439,0,-1,-12.626865,0.76,19,0.76,0,46
5440,2,1,-14.441689,0.8,20,0.8,0,46
5441,1,0,0.0,0.8,20,0.8,0,46
5442,0,-1,49.25624,0.76,19,0.76,0,46
5443,2,1,-85.830795,0.84,21,0.84,0,46
5444,0,-1,-14.611288,0.84,21,0.84,0,46
5445,2,1,-909.9575,0.96,24,0.96,0,46
5446,1,0,0.0,0.96,24,0.96,0,46
5447,0,-1,925.22375,0.92,23,0.92,0,46
5448,0,-1,-0.0,0.92,23,0.92,0,46
5449,0,-1,298.32928,0.88,22,0.88,0,46
5450,0,-1,-1.4468219e-07,0.88,22,0.88,1,46
5451,0,-1,-11.847705,0.88,22,0.88,0,46
5452,2,1,-179.15517,0.92,23,0.92,0,46
5453,0,-1,-0.0016388574,0.92,23,0.92,0,46
5454,0,-1,-9.422297,0.92,23,0.92,0,46
5455,0,-1,-0.0,0.92,23,0.92,0,46
5456,0,-1,-0.0,0.92,23,0.92,0,46
5457,0,-1,-0.0,0.92,23,0.92,0,46
5458,0,-1,303.66937,0.88,22,0.88,0,46
5459,1,0,0.0,0.88,22,0.88,0,46
5460,0,-1,-0.0021426647,0.88,22,0.88,0,46
5461,0,-1,147.79178,0.84,21,0.84,1,46
5462,0,-1,79.52418,0.8,20,0.8,0,46
5463,1,0,0.0,0.8,20,0.8,0,46
5464,1,0,0.0,0.8,20,0.8,0,46
5465,0,-1,52.396576,0.76,19,0.76,0,46
5466,0,-1,-11.817159,0.76,19,0.76,0,46
5467,0,-1,32.650753,0.72,18,0.72,0,46
5468,1,0,0.0,0.72,18,0.72,0,46
5469,0,-1,-13.865622,0.72,18,0.72,0,46
5470,0,-1,-0.002645763,0.72,18,0.72,0,46
5471,0,-1,20.504894,0.68,17,0.68,0,46
5472,0,-1,12.626196,0.64,16,0.64,1,46
5473,0,-1,-0.0,0.64,16,0.64,0,46
5474,0,-1,7.6742287,0.6,15,0.6,0,46
5475,0,-1,-0.0,0.6,15,0.6,0,46
5476,1,0,0.0,0.6,15,0.6,0,46
5477,1,0,0.0,0.6,15,0.6,0,46
5478,0,-1,-10.714666,0.6,15,0.6,0,46
5479,2,1,-24.781776,0.72,18,0.72,0,46
5480,0,-1,19.160606,0.68,17,0.68,1,46
5481,0,-1,12.85399,0.64,16,0.64,0,46
5482,2,1,0.16062498,0.68,17,0.68,1,46
5483,0,-1,17.261314,0.64,16,0.64,0,46
5484,0,-1,-14.168637,0.64,16,0.64,0,46
5485,0,-1,-0.0,0.64,16,0.64,0,46
5486,0,-1,-0.0023795734,0.64,16,0.64,0,46
5487,1,0,0.0,0.64,16,0.64,0,46
5488,0,-1,-0.0,0.64,16,0.64,0,46
5489,0,-1,-12.823345,0.64,16,0.64,0,46
5490,0,-1,6.712973,0.6,15,0.6,0,46
5491,0,-1,3.0726438,0.56,14,0.56,0,46
5492,0,-1,0.87591094,0.52,13,0.52,0,46
5493,0,-1,-1.9146115,0.48,12,0.48,0,46
5494,0,-1,-0.0,0.48,12,0.48,0,46
5495,2,1,6.279543,0.56,14,0.56,0,46
5496,2,1,16.227312,0.6,15,0.6,0,46
5497,0,-1,-12.722003,0.6,15,0.6,0,46
5498,0,-1,7.231562,0.56,14,0.56,0,46
5499,0,-1,-0.0,0.56,14,0.56,0,46
5500,0,-1,-0.56938773,0.52,13,0.52,0,46
5501,0,-1,-2.6897333,0.48,12,0.48,1,46
5502,1,0,0.0,0.48,12,0.48,0,46
5503,0,-1,-0.0,0.48,12,0.48,0,46
5504,0,-1,-1.2730384,0.44,11,0.44,0,46
5505,2,1,14.9266815,0.52,13,0.52,0,46
5506,0,-1,-0.0,0.52,13,0.52,0,46
5507,0,-1,-0.0,0.52,13,0.52,0,46
5508,1,0,0.0,0.52,13,0.52,0,46
5509,0,-1,-0.0,0.52,13,0.52,0,46
5510,0,-1,-0.037693772,0.52,13,0.52,0,46
5511,0,-1,-3.3963032,0.48,12,0.48,0,46
5512,1,0,0.0,0.48,12,0.48,0,46
5513,2,1,18.065714,0.52,13,0.52,0,46
5514,0,-1,-0.0,0.52,13,0.52,0,46
5515,0,-1,-0.0,0.52,13,0.52,0,46
5516,1,0,0.0,0.52,13,0.52,0,46
5517,0,-1,-0.24517053,0.48,12,0.48,0,46
5518,1,0,0.0,0.48,12,0.48,1,46
5519,1,0,0.0,0.48,12,0.48,0,46
5520,0,-1,-10.435231,0.48,12,0.48,0,46
5521,2,1,19.183025,0.52,13,0.52,0,46
5522,0,-1,-0.0,0.52,13,0.52,0,46
5523,0,-1,-0.0,0.52,13,0.52,0,46
5524,0,-1,-1.29881,0.48,12,0.48,0,46
5525,2,1,7.801952,0.56,14,0.56,0,46
5526,1,0,0.0,0.56,14,0.56,0,46
5527,2,1,6.3061147,0.6,15,0.6,0,46
5528,0,-1,4.3513646,0.56,14,0.56,1,46
5529,0,-1,-0.0,0.56,14,0.56,0,46
5530,0,-1,-0.0,0.56,14,0.56,0,46
5531,0,-1,5.729476,0.52,13,0.52,0,46
5532,0,-1,-11.739555,0.52,13,0.52,0,46
5533,0,-1,2.1790292,0.48,12,0.48,0,46
5534,2,1,15.735461,0.52,13,0.52,0,46
5535,0,-1,0.29083827,0.48,12,0.48,0,46
5536,1,0,0.0,0.48,12,0.48,0,46
5537,0,-1,-1.8755435,0.44,11,0.44,1,46
5538,0,-1,-4.0239725,0.4,10,0.4,0,46
5539,0,-1,-23.180561,0.44,11,0.44,0,46
5540,0,-1,-4.3402705,0.4,10,0.4,0,46
5541,0,-1,-0.0,0.4,10,0.4,0,46
5542,2,1,14.376125,0.48,12,0.48,0,46
5543,0,-1,-2.9659882,0.44,11,0.44,0,46
5544,0,-1,-2.3435063,0.4,10,0.4,0,46
5545,0,-1,-0.0017226451,0.4,10,0.4,0,46
5546,0,-1,-0.0,0.4,10,0.4,1,46
5547,0,-1,-15.352329,0.4,10,0.4,0,46
5548,0,-1,-5.0372944,0.36,9,0.36,0,46
5549,1,0,0.0,0.36,9,0.36,0,46
5550,0,-1,-7.42332,0.32,8,0.32,0,46
5551,0,-1,-9.151008,0.28,7,0.28,0,46
5552,2,1,15.648,0.36,9,0.36,0,46
5553,0,-1,-7.438329e-07,0.36,9,0.36,0,46
5554,0,-1,-0.0,0.36,9,0.36,0,46
5555,2,1,20.604836,0.44,11,0.44,0,46
5556,2,1,15.488148,0.52,13,0.52,0,46
5557,0,-1,-0.0,0.52,13,0.52,0,46
5558,2,1,17.594063,0.56,14,0.56,0,46
5559,2,1,5.2135053,0.64,16,0.64,0,46
5560,0,-1,5.893166,0.6,15,0.6,0,46
5561,1,0,0.0,0.6,15,0.6,0,46
5562,0,-1,-0.1661172,0.6,15,0.6,0,46
5563,1,0,0.0,0.6,15,0.6,0,46
5564,1,0,0.0,0.6,15,0.6,0,46
5565,0,-1,3.922334,0.56,14,0.56,0,46
5566,0,-1,-0.0,0.56,14,0.56,1,46
5567,0,-1,-0.0,0.56,14,0.56,0,46
5568,0,-1,-15.2011,0.56,14,0.56,0,46
5569,0,-1,-0.18512285,0.56,14,0.56,0,46
5570,2,1,4.057868,0.64,16,0.64,0,46
5571,0,-1,-0.0,0.64,16,0.64,0,46
5572,2,1,-14.626688,0.72,18,0.72,0,46
5573,0,-1,-0.1448654,0.72,18,0.72,0,46
5574,0,-1,-0.0,0.72,18,0.72,0,46
5575,2,1,0.0,0.0,0,0.0,0,46
5576,2,1,-4.1406527,0.2,5,0.2,0,47
5577,0,-1,-0.0,0.2,5,0.2,0,47
5578,1,0,0.0,0.2,5,0.2,0,47
5579,2,1,-4.278687,0.24,6,0.24,0,47
5580,1,0,0.0,0.24,6,0.24,0,47
5581,2,1,-4.5163865,0.28,7,0.28,1,47
5582,2,1,22.376383,0.36,9,0.36,0,47
5583,1,0,0.0,0.36,9,0.36,0,47
5584,2,1,26.580961,0.4,10,0.4,0,47
5585,0,-1,-0.21929799,0.36,9,0.36,0,47
5586,0,-1,-14.185602,0.4,10,0.4,1,47
5587,0,-1,-5.473937,0.36,9,0.36,0,47
5588,0,-1,-1.6447177,0.32,8,0.32,0,47
5589,1,0,0.0,0.32,8,0.32,0,47
5590,0,-1,-5.2545767,0.28,7,0.28,0,47
5591,0,-1,-9.388992,0.24,6,0.24,0,47
5592,1,0,0.0,0.24,6,0.24,0,47
5593,2,1,23.266586,0.32,8,0.32,0,47
5594,1,0,0.0,0.32,8,0.32,0,47
5595,2,1,22.743704,0.36,9,0.36,0,47
5596,1,0,0.0,0.36,9,0.36,0,47
5597,0,-1,-0.056885544,0.36,9,0.36,0,47
5598,0,-1,-0.06385639,0.36,9,0.36,0,47
5599,2,1,16.254576,0.44,11,0.44,0,47
5600,2,1,23.723822,0.48,12,0.48,0,47
5601,0,-1,-3.2146468,0.44,11,0.44,0,47
5602,1,0,0.0,0.44,11,0.44,0,47
5603,2,1,9.610315,0.48,12,0.48,0,47
5604,0,-1,2.5867386,0.44,11,0.44,0,47
5605,2,1,20.668203,0.48,12,0.48,0,47
5606,0,-1,-0.0,0.48,12,0.48,0,47
5607,0,-1,-2.9242492,0.44,11,0.44,0,47
5608,0,-1,-14.585819,0.44,11,0.44,0,47
5609,1,0,0.0,0.44,11,0.44,0,47
5610,2,1,21.499071,0.48,12,0.48,1,47
5611,2,1,20.99045,0.52,13,0.52,0,47
5612,1,0,0.0,0.52,13,0.52,0,47
5613,0,-1,0.08826095,0.48,12,0.48,0,47
5614,0,-1,-0.0,0.48,12,0.48,1,47
5615,0,-1,-0.0,0.48,12,0.48,0,47
5616,0,-1,-12.4726515,0.48,12,0.48,0,47
5617,2,1,9.232746,0.56,14,0.56,0,47
5618,2,1,-0.756421,0.64,16,0.64,0,47
5619,1,0,0.0,0.64,16,0.64,0,47
5620,0,-1,-0.0,0.64,16,0.64,0,47
5621,0,-1,-0.0,0.64,16,0.64,0,47
5622,0,-1,7.028904,0.6,15,0.6,0,47
5623,2,1,14.472571,0.64,16,0.64,0,47
5624,0,-1,-0.0,0.64,16,0.64,0,47
5625,0,-1,-0.0007694511,0.64,16,0.64,0,47
5626,0,-1,-0.0008768183,0.64,16,0.64,0,47
5627,2,1,8.328603,0.68,17,0.68,0,47
5628,0,-1,11.871297,0.64,16,0.64,0,47
5629,0,-1,-0.0,0.64,16,0.64,0,47
5630,0,-1,9.385585,0.6,15,0.6,0,47
5631,1,0,0.0,0.6,15,0.6,0,47
5632,1,0,0.0,0.6,15,0.6,0,47
5633,0,-1,3.3008242,0.56,14,0.56,0,47
5634,2,1,0.016826825,0.64,16,0.64,0,47
5635,2,1,12.80946,0.68,17,0.68,0,47
5636,1,0,0.0,0.68,17,0.68,0,47
5637,0,-1,11.33121,0.64,16,0.64,0,47
5638,2,1,11.023159,0.68,17,0.68,0,47
5639,0,-1,-0.00016984333,0.68,17,0.68,0,47
5640,0,-1,-0.00013446188,0.68,17,0.68,1,47
5641,0,-1,13.37826,0.64,16,0.64,0,47
5642,2,1,-45.18087,0.76,19,0.76,1,47
5643,0,-1,30.603384,0.72,18,0.72,0,47
5644,0,-1,-10.93277,0.72,18,0.72,0,47
5645,2,1,-43.109333,0.8,20,0.8,0,47
5646,0,-1,-12.111035,0.8,20,0.8,0,47
5647,0,-1,-0.0,0.8,20,0.8,0,47
5648,0,-1,49.8392,0.76,19,0.76,0,47
5649,0,-1,-0.001785741,0.76,19,0.76,0,47
5650,1,0,0.0,0.76,19,0.76,0,47
5651,0,-1,-0.0,0.76,19,0.76,0,47
5652,1,0,0.0,0.76,19,0.76,0,47
5653,0,-1,-0.0018043951,0.76,19,0.76,0,47
5654,0,-1,-0.0,0.76,19,0.76,0,47
5655,2,1,-11.139047,0.8,20,0.8,0,47
5656,0,-1,-0.0,0.8,20,0.8,0,47
5657,0,-1,-0.0,0.8,20,0.8,0,47
5658,2,1,-140.4521,0.88,22,0.88,0,47
5659,0,-1,142.66023,0.84,21,0.84,0,47
5660,0,-1,-0.000104925784,0.84,21,0.84,0,47
5661,1,0,0.0,0.84,21,0.84,0,47
5662,0,-1,-0.0,0.84,21,0.84,0,47
5663,0,-1,82.84176,0.8,20,0.8,0,47
5664,0,-1,48.925095,0.76,19,0.76,0,47
5665,1,0,0.0,0.76,19,0.76,0,47
5666,2,1,-74.65138,0.84,21,0.84,0,47
5667,1,0,0.0,0.84,21,0.84,0,47
5668,0,-1,80.813385,0.8,20,0.8,0,47
5669,0,-1,51.28788,0.76,19,0.76,1,47
5670,0,-1,33.634277,0.72,18,0.72,0,47
5671,0,-1,-11.797272,0.72,18,0.72,0,47
5672,0,-1,-4.6835426e-05,0.72,18,0.72,0,47
5673,0,-1,-0.0,0.72,18,0.72,0,47
5674,0,-1,-0.0,0.72,18,0.72,0,47
5675,0,-1,19.250732,0.68,17,0.68,0,47
5676,0,-1,-11.962518,0.68,17,0.68,0,47
5677,0,-1,12.361545,0.64,16,0.64,0,47
5678,2,1,-16.806648,0.72,18,0.72,0,47
5679,0,-1,19.470026,0.68,17,0.68,0,47
5680,0,-1,-0.0,0.68,17,0.68,0,47
5681,0,-1,-0.0,0.68,17,0.68,0,47
5682,0,-1,-0.0,0.68,17,0.68,0,47
5683,0,-1,15.2590685,0.64,16,0.64,0,47
5684,0,-1,6.7241406,0.6,15,0.6,0,47
5685,0,-1,5.710078,0.56,14,0.56,0,47
5686,0,-1,-0.5673474,0.52,13,0.52,0,47
5687,0,-1,1.2006037,0.48,12,0.48,0,47
5688,0,-1,-1.5692538,0.44,11,0.44,0,47
5689,2,1,22.019283,0.48,12,0.48,1,47
5690,0,-1,-2.6188755,0.44,11,0.44,0,47
5691,1,0,0.0,0.44,11,0.44,0,47
5692,2,1,3.8094444,0.56,14,0.56,0,47
5693,0,-1,-0.0024805027,0.56,14,0.56,0,47
5694,0,-1,-0.0,0.56,14,0.56,0,47
5695,2,1,4.8592014,0.64,16,0.64,0,47
5696,0,-1,6.87302,0.6,15,0.6,0,47
5697,1,0,0.0,0.6,15,0.6,0,47
5698,0,-1,-0.0,0.6,15,0.6,0,47
5699,0,-1,3.3489983,0.56,14,0.56,0,47
5700,2,1,11.374886,0.6,15,0.6,0,47
5701,1,0,0.0,0.6,15,0.6,0,47
5702,2,1,-2.4410238,0.68,17,0.68,0,47
5703,0,-1,-0.0,0.68,17,0.68,0,47
5704,0,-1,-0.0,0.68,17,0.68,0,47
5705,2,1,-127.78822,0.84,21,0.84,0,47
5706,0,-1,-0.0,0.84,21,0.84,0,47
5707,2,1,-285.08667,0.92,23,0.92,0,47
5708,0,-1,-0.0021404573,0.92,23,0.92,0,47
5709,0,-1,300.0199,0.88,22,0.88,0,47
5710,0,-1,-0.023899795,0.88,22,0.88,1,47
5711,2,1,-180.93956,0.92,23,0.92,0,47
5712,0,-1,-13.182915,0.92,23,0.92,0,47
5713,0,-1,-0.0,0.92,23,0.92,0,47
5714,0,-1,-13.69056,0.92,23,0.92,0,47
5715,1,0,0.0,0.92,23,0.92,0,47
5716,0,-1,301.33722,0.88,22,0.88,0,47
5717,0,-1,-0.0013012701,0.88,22,0.88,0,47
5718,1,0,0.0,0.88,22,0.88,0,47
5719,0,-1,-0.0013097337,0.88,22,0.88,0,47
5720,0,-1,144.92159,0.84,21,0.84,0,47
5721,0,-1,-7.039228,0.84,21,0.84,0,47
5722,2,1,-909.3047,0.96,24,0.96,0,47
5723,0,-1,-0.0011283164,0.96,24,0.96,0,47
5724,0,-1,-0.0015477488,0.96,24,0.96,1,47
5725,0,-1,923.62274,0.92,23,0.92,0,47
5726,0,-1,-13.502418,0.92,23,0.92,0,47
5727,0,-1,-11.583122,0.92,23,0.92,0,47
5728,2,1,25.467234,1.0,25,1.0,0,47
5729,2,1,-1000.0,0.0,0,0.0,0,47
5730,2,1,28.364332,0.2,5,0.2,0,48
5731,2,1,-4.278605,0.24,6,0.24,0,48
5732,2,1,23.526543,0.28,7,0.28,0,48
5733,2,1,16.79483,0.4,10,0.4,0,48
5734,0,-1,-0.07821054,0.4,10,0.4,0,48
5735,0,-1,-0.09885296,0.4,10,0.4,0,48
5736,0,-1,-0.08387065,0.4,10,0.4,0,48
5737,0,-1,-0.0,0.4,10,0.4,0,48
5738,1,0,0.0,0.4,10,0.4,0,48
5739,2,1,-6.5202236,0.44,11,0.44,0,48
5740,0,-1,-0.097406484,0.44,11,0.44,0,48
5741,2,1,23.892282,0.48,12,0.48,0,48
5742,0,-1,-1.9823269,0.44,11,0.44,0,48
5743,0,-1,-0.0,0.44,11,0.44,0,48
5744,1,0,0.0,0.44,11,0.44,0,48
5745,0,-1,9.780927,0.4,10,0.4,0,48
5746,2,1,-6.520784,0.44,11,0.44,0,48
5747,2,1,3.265344,0.56,14,0.56,0,48
5748,0,-1,-0.0,0.56,14,0.56,0,48
5749,2,1,0.4878623,0.64,16,0.64,0,48
5750,0,-1,8.149138,0.6,15,0.6,0,48
5751,0,-1,17.680359,0.56,14,0.56,0,48
5752,0,-1,-0.0,0.56,14,0.56,0,48
5753,0,-1,-0.0020931305,0.56,14,0.56,0,48
5754,0,-1,-0.76170653,0.52,13,0.52,0,48
5755,0,-1,12.747386,0.48,12,0.48,0,48
5756,0,-1,-2.9336362,0.44,11,0.44,1,48
5757,1,0,0.0,0.44,11,0.44,0,48
5758,1,0,0.0,0.44,11,0.44,0,48
5759,0,-1,-4.4473515,0.4,10,0.4,0,48
5760,0,-1,-5.416418,0.36,9,0.36,0,48
5761,0,-1,-14.650052,0.36,9,0.36,0,48
5762,2,1,25.47522,0.4,10,0.4,0,48
5763,1,0,0.0,0.4,10,0.4,0,48
5764,1,0,0.0,0.4,10,0.4,0,48
5765,1,0,0.0,0.4,10,0.4,0,48
5766,2,1,23.138357,0.44,11,0.44,0,48
5767,0,-1,-0.0,0.44,11,0.44,0,48
5768,0,-1,-0.0,0.44,11,0.44,0,48
5769,0,-1,-0.0,0.44,11,0.44,0,48
5770,0,-1,-2.8032296,0.4,10,0.4,0,48
5771,0,-1,0.6436048,0.36,9,0.36,0,48
5772,1,0,0.0,0.36,9,0.36,0,48
5773,2,1,18.098095,0.4,10,0.4,0,48
5774,0,-1,-6.085144,0.36,9,0.36,0,48
5775,0,-1,-7.731698,0.32,8,0.32,1,48
5776,0,-1,-8.329247,0.28,7,0.28,0,48
5777,1,0,0.0,0.28,7,0.28,1,48
5778,0,-1,-7.559664,0.24,6,0.24,0,48
5779,2,1,19.209816,0.32,8,0.32,0,48
5780,2,1,26.18926,0.36,9,0.36,0,48
5781,0,-1,-0.00069442805,0.36,9,0.36,0,48
5782,2,1,18.949419,0.44,11,0.44,0,48
5783,2,1,21.77109,0.48,12,0.48,0,48
5784,0,-1,-0.0026580093,0.48,12,0.48,0,48
5785,1,0,0.0,0.48,12,0.48,0,48
5786,0,-1,-0.0023467226,0.48,12,0.48,0,48
5787,0,-1,-3.735953,0.44,11,0.44,0,48
5788,2,1,22.100412,0.48,12,0.48,0,48
5789,0,-1,-0.0,0.48,12,0.48,0,48
5790,0,-1,-0.0,0.48,12,0.48,0,48
5791,0,-1,-0.0027247197,0.48,12,0.48,0,48
5792,2,1,13.634915,0.52,13,0.52,0,48
5793,0,-1,-1.9986851,0.48,12,0.48,0,48
5794,0,-1,-0.0,0.48,12,0.48,0,48
5795,0,-1,-0.0005479129,0.48,12,0.48,1,48
5796,0,-1,-3.461985,0.44,11,0.44,0,48
5797,1,0,0.0,0.44,11,0.44,0,48
5798,0,-1,-5.747461,0.4,10,0.4,0,48
5799,0,-1,-5.295007,0.36,9,0.36,0,48
5800,2,1,13.996946,0.4,10,0.4,0,48
5801,0,-1,-0.0,0.4,10,0.4,0,48
5802,1,0,0.0,0.4,10,0.4,0,48
5803,0,-1,-7.1340933,0.36,9,0.36,0,48
5804,0,-1,-8.547875,0.32,8,0.32,0,48
5805,0,-1,-6.730024,0.28,7,0.28,0,48
5806,2,1,23.486069,0.32,8,0.32,0,48
5807,0,-1,-0.0,0.32,8,0.32,0,48
5808,0,-1,-6.8950644,0.28,7,0.28,0,48
5809,2,1,23.486069,0.32,8,0.32,0,48
5810,1,0,0.0,0.32,8,0.32,0,48
5811,0,-1,-0.0,0.32,8,0.32,0,48
5812,2,1,21.519337,0.4,10,0.4,0,48
5813,0,-1,-6.7842183,0.36,9,0.36,0,48
5814,1,0,0.0,0.36,9,0.36,0,48
5815,0,-1,-0.0,0.36,9,0.36,0,48
5816,2,1,25.034332,0.4,10,0.4,0,48
5817,2,1,17.247543,0.48,12,0.48,0,48
5818,0,-1,-3.079176,0.44,11,0.44,0,48
5819,0,-1,-0.0,0.44,11,0.44,0,48
5820,1,0,0.0,0.44,11,0.44,0,48
5821,0,-1,-0.0,0.44,11,0.44,0,48
5822,0,-1,-0.0,0.44,11,0.44,0,48
5823,0,-1,-0.0,0.44,11,0.44,0,48
5824,2,1,22.076807,0.48,12,0.48,0,48
5825,0,-1,-0.0,0.48,12,0.48,1,48
5826,2,1,19.086882,0.52,13,0.52,0,48
5827,2,1,-23.231953,0.68,17,0.68,0,48
5828,2,1,7.278479,0.72,18,0.72,0,48
5829,2,1,-3.4029672,0.76,19,0.76,0,48
5830,2,1,-181.25253,0.88,22,0.88,0,48
5831,0,-1,-0.0,0.88,22,0.88,0,48
5832,0,-1,144.38986,0.84,21,0.84,0,48
5833,0,-1,-0.0045717577,0.84,21,0.84,0,48
5834,0,-1,80.9532,0.8,20,0.8,0,48
5835,1,0,0.0,0.8,20,0.8,0,48
5836,1,0,0.0,0.8,20,0.8,0,48
5837,2,1,-37.195255,0.84,21,0.84,0,48
5838,0,-1,81.40181,0.8,20,0.8,0,48
5839,1,0,0.0,0.8,20,0.8,1,48
5840,0,-1,-14.337225,0.8,20,0.8,0,48
5841,0,-1,49.634533,0.76,19,0.76,0,48
5842,0,-1,31.286413,0.72,18,0.72,0,48
5843,0,-1,-12.277576,0.72,18,0.72,0,48
5844,1,0,0.0,0.72,18,0.72,0,48
5845,2,1,-4.553283,0.76,19,0.76,0,48
5846,2,1,-14.789611,0.8,20,0.8,0,48
5847,0,-1,-0.0,0.8,20,0.8,0,48
5848,0,-1,-0.0,0.8,20,0.8,1,48
5849,0,-1,51.616272,0.76,19,0.76,0,48
5850,2,1,-13.176793,0.8,20,0.8,1,48
5851,1,0,0.0,0.8,20,0.8,0,48
5852,0,-1,-0.0,0.8,20,0.8,0,48
5853,0,-1,48.542835,0.76,19,0.76,0,48
5854,2,1,-77.93604,0.84,21,0.84,0,48
5855,0,-1,80.638306,0.8,20,0.8,0,48
5856,0,-1,50.524296,0.76,19,0.76,0,48
5857,0,-1,-0.0,0.76,19,0.76,0,48
5858,0,-1,-14.166249,0.76,19,0.76,0,48
5859,0,-1,-14.25686,0.76,19,0.76,0,48
5860,0,-1,31.79696,0.72,18,0.72,0,48
5861,0,-1,-10.762464,0.72,18,0.72,0,48
5862,2,1,-43.226856,0.8,20,0.8,0,48
5863,0,-1,-0.0,0.8,20,0.8,0,48
5864,0,-1,-0.0,0.8,20,0.8,0,48
5865,0,-1,49.69362,0.76,19,0.76,0,48
5866,0,-1,-0.0,0.76,19,0.76,0,48
5867,0,-1,-0.0,0.76,19,0.76,0,48
5868,1,0,0.0,0.76,19,0.76,0,48
5869,0,-1,31.36506,0.72,18,0.72,0,48
5870,1,0,0.0,0.72,18,0.72,0,48
5871,2,1,-44.08087,0.8,20,0.8,0,48
5872,0,-1,49.719334,0.76,19,0.76,0,48
5873,0,-1,-10.00367,0.76,19,0.76,0,48
5874,0,-1,31.659672,0.72,18,0.72,0,48
5875,0,-1,-0.0020124638,0.72,18,0.72,1,48
5876,2,1,-4.455945,0.76,19,0.76,0,48
5877,2,1,-75.77786,0.84,21,0.84,0,48
5878,0,-1,80.05542,0.8,20,0.8,0,48
5879,0,-1,-14.108916,0.8,20,0.8,0,48
5880,0,-1,-0.0022125538,0.8,20,0.8,0,48
5881,0,-1,-0.0,0.8,20,0.8,0,48
5882,1,0,0.0,0.8,20,0.8,0,48
5883,0,-1,-9.83819,0.8,20,0.8,0,48
5884,2,1,-138.9418,0.88,22,0.88,0,48
5885,0,-1,142.32454,0.84,21,0.84,0,48
5886,2,1,-284.72757,0.92,23,0.92,0,48
5887,0,-1,-0.000101714635,0.92,23,0.92,0,48
5888,1,0,0.0,0.92,23,0.92,0,48
5889,0,-1,-0.0,0.92,23,0.92,0,48
5890,0,-1,299.38846,0.88,22,0.88,1,48
5891,0,-1,-12.796853,0.88,22,0.88,0,48
5892,2,1,29.088856,1.0,25,1.0,0,48
5893,0,-1,-1000.0,0.0,0,0.0,0,48
5894,1,0,0.0,0.16,4,0.16,0,49
5895,2,1,28.364332,0.2,5,0.2,0,49
5896,2,1,28.208652,0.24,6,0.24,0,49
5897,2,1,26.773045,0.28,7,0.28,0,49
5898,2,1,-4.847297,0.32,8,0.32,0,49
5899,0,-1,-8.372775,0.28,7,0.28,0,49
5900,2,1,-4.847379,0.32,8,0.32,0,49
5901,0,-1,7.2716603,0.28,7,0.28,0,49
5902,0,-1,-9.478202,0.24,6,0.24,0,49
5903,0,-1,6.418581,0.2,5,0.2,1,49
5904,1,0,0.0,0.2,5,0.2,0,49
5905,1,0,0.0,0.2,5,0.2,0,49
5906,0,-1,-0.0,0.2,5,0.2,0,49
5907,0,-1,-0.0,0.2,5,0.2,0,49
5908,1,0,0.0,0.2,5,0.2,0,49
5909,0,-1,-0.0,0.2,5,0.2,0,49
5910,2,1,19.583254,0.28,7,0.28,0,49
5911,1,0,0.0,0.28,7,0.28,0,49
5912,0,-1,-7.408719,0.24,6,0.24,0,49
5913,0,-1,-0.0,0.24,6,0.24,0,49
5914,0,-1,-5.566757,0.2,5,0.2,0,49
5915,1,0,0.0,0.2,5,0.2,0,49
5916,2,1,28.208702,0.24,6,0.24,0,49
5917,2,1,26.657764,0.28,7,0.28,0,49
5918,1,0,0.0,0.28,7,0.28,0,49
5919,2,1,19.123379,0.32,8,0.32,0,49
5920,2,1,17.962793,0.4,10,0.4,0,49
5921,1,0,0.0,0.4,10,0.4,0,49
5922,0,-1,-3.241233,0.36,9,0.36,0,49
5923,2,1,19.758892,0.4,10,0.4,0,49
5924,0,-1,-6.8426495,0.36,9,0.36,0,49
5925,0,-1,-6.461677,0.32,8,0.32,0,49
5926,1,0,0.0,0.32,8,0.32,0,49
5927,2,1,18.8669,0.36,9,0.36,0,49
5928,2,1,22.935177,0.4,10,0.4,0,49
5929,1,0,0.0,0.4,10,0.4,0,49
5930,1,0,0.0,0.4,10,0.4,1,49
5931,0,-1,-0.0,0.4,10,0.4,0,49
5932,0,-1,-0.0,0.4,10,0.4,0,49
5933,0,-1,-3.3227983,0.36,9,0.36,0,49
5934,0,-1,-6.4943957,0.32,8,0.32,0,49
5935,0,-1,-0.0,0.32,8,0.32,0,49
5936,0,-1,-0.0,0.32,8,0.32,0,49
5937,0,-1,-0.0,0.32,8,0.32,0,49
5938,2,1,25.85065,0.36,9,0.36,1,49
5939,0,-1,-0.0,0.36,9,0.36,0,49
5940,0,-1,-5.210393,0.32,8,0.32,0,49
5941,0,-1,-0.0,0.32,8,0.32,0,49
5942,2,1,17.26658,0.4,10,0.4,0,49
5943,2,1,17.587984,0.48,12,0.48,0,49
5944,2,1,19.831385,0.52,13,0.52,1,49
5945,0,-1,-11.840674,0.52,13,0.52,0,49
5946,0,-1,-0.0,0.52,13,0.52,0,49
5947,1,0,0.0,0.52,13,0.52,0,49
5948,0,-1,-14.606902,0.52,13,0.52,0,49
5949,0,-1,-3.4446686e-05,0.52,13,0.52,0,49
5950,1,0,0.0,0.52,13,0.52,0,49
5951,2,1,6.23851,0.6,15,0.6,0,49
5952,0,-1,-0.0,0.6,15,0.6,0,49
5953,2,1,-5.4442,0.68,17,0.68,0,49
5954,0,-1,-15.359836,0.68,17,0.68,0,49
5955,0,-1,13.326104,0.64,16,0.64,0,49
5956,0,-1,-0.0,0.64,16,0.64,0,49
5957,0,-1,6.701318,0.6,15,0.6,0,49
5958,0,-1,6.2905736,0.56,14,0.56,0,49
5959,1,0,0.0,0.56,14,0.56,0,49
5960,0,-1,0.6912237,0.52,13,0.52,0,49
5961,2,1,19.534845,0.56,14,0.56,0,49
5962,0,-1,0.15459341,0.52,13,0.52,0,49
5963,0,-1,-2.773744,0.48,12,0.48,0,49
5964,0,-1,-1.4485554,0.44,11,0.44,1,49
5965,1,0,0.0,0.44,11,0.44,0,49
5966,0,-1,-13.045283,0.44,11,0.44,0,49
5967,2,1,23.619984,0.48,12,0.48,0,49
5968,0,-1,-0.0012200089,0.48,12,0.48,0,49
5969,2,1,20.934475,0.52,13,0.52,0,49
5970,0,-1,-0.0,0.52,13,0.52,0,49
5971,0,-1,-0.0010517474,0.52,13,0.52,0,49
5972,0,-1,-15.268232,0.52,13,0.52,0,49
5973,0,-1,-0.00134998,0.52,13,0.52,0,49
5974,2,1,4.3054113,0.6,15,0.6,0,49
5975,0,-1,5.540956,0.56,14,0.56,0,49
5976,2,1,3.9533827,0.64,16,0.64,0,49
5977,1,0,0.0,0.64,16,0.64,0,49
5978,1,0,0.0,0.64,16,0.64,0,49
5979,0,-1,8.519601,0.6,15,0.6,0,49
5980,2,1,14.3552,0.64,16,0.64,0,49
5981,0,-1,-0.0,0.64,16,0.64,0,49
5982,0,-1,-0.0012292047,0.64,16,0.64,0,49
5983,1,0,0.0,0.64,16,0.64,0,49
5984,2,1,7.862887,0.68,17,0.68,0,49
5985,2,1,4.224775,0.72,18,0.72,0,49
5986,0,-1,-0.0,0.72,18,0.72,0,49
5987,0,-1,20.507841,0.68,17,0.68,0,49
5988,0,-1,12.85977,0.64,16,0.64,0,49
5989,2,1,7.2348976,0.68,17,0.68,0,49
5990,0,-1,12.415051,0.64,16,0.64,0,49
5991,0,-1,-0.0,0.64,16,0.64,0,49
5992,0,-1,8.944372,0.6,15,0.6,1,49
5993,0,-1,3.232119,0.56,14,0.56,0,49
5994,2,1,-66.53867,0.76,19,0.76,0,49
5995,2,1,-1014.0512,0.96,24,0.96,0,49
5996,0,-1,-0.0011931513,0.96,24,0.96,0,49
5997,1,0,0.0,0.96,24,0.96,0,49
5998,0,-1,923.5529,0.92,23,0.92,0,49
5999,2,1,-597.61096,0.96,24,0.96,0,49
6000,0,-1,924.0714,0.92,23,0.92,0,49
6001,0,-1,-0.0038849043,0.92,23,0.92,0,49
6002,2,1,-601.12354,0.96,24,0.96,0,49
6003,0,-1,-6.3405096e-05,0.96,24,0.96,0,49
6004,0,-1,-0.0009767809,0.96,24,0.96,0,49
6005,2,1,25.225733,1.0,25,1.0,0,49
6006,1,0,-1000.0,0.0,0,0.0,0,49
6007,0,-1,-0.0,0.16,4,0.16,0,50
6008,1,0,0.0,0.16,4,0.16,0,50
6009,2,1,28.346605,0.2,5,0.2,0,50
6010,2,1,23.968313,0.28,7,0.28,0,50
6011,2,1,26.441492,0.32,8,0.32,0,50
6012,2,1,11.446643,0.44,11,0.44,0,50
6013,2,1,-7.3912225,0.48,12,0.48,0,50
6014,1,0,0.0,0.48,12,0.48,0,50
6015,2,1,21.154152,0.52,13,0.52,0,50
6016,2,1,4.8523736,0.6,15,0.6,0,50
6017,0,-1,-0.0,0.6,15,0.6,0,50
6018,2,1,-2.2299426,0.68,17,0.68,0,50
6019,0,-1,-0.09181967,0.68,17,0.68,0,50
6020,1,0,0.0,0.68,17,0.68,0,50
6021,1,0,0.0,0.68,17,0.68,0,50
6022,0,-1,-0.0,0.68,17,0.68,0,50
6023,0,-1,-0.0,0.68,17,0.68,0,50
6024,1,0,0.0,0.68,17,0.68,0,50
6025,2,1,-128.37053,0.84,21,0.84,0,50
6026,0,-1,79.957596,0.8,20,0.8,0,50
6027,0,-1,-0.011868654,0.8,20,0.8,0,50
6028,0,-1,-0.012429675,0.8,20,0.8,0,50
6029,2,1,-62.804153,0.84,21,0.84,0,50
6030,2,1,-286.45892,0.92,23,0.92,0,50
6031,0,-1,312.9164,0.88,22,0.88,1,50
6032,2,1,-183.23398,0.92,23,0.92,0,50
6033,0,-1,-0.12483383,0.92,23,0.92,0,50
6034,1,0,0.0,0.92,23,0.92,0,50
6035,0,-1,-1.0867396e-10,0.92,23,0.92,0,50
6036,0,-1,-0.0,0.92,23,0.92,0,50
6037,0,-1,299.62616,0.88,22,0.88,0,50
6038,2,1,-180.84506,0.92,23,0.92,1,50
6039,2,1,-601.8161,0.96,24,0.96,0,50
6040,0,-1,926.17395,0.92,23,0.92,0,50
6041,0,-1,299.6302,0.88,22,0.88,0,50
6042,0,-1,143.99414,0.84,21,0.84,1,50
6043,0,-1,80.053314,0.8,20,0.8,0,50
6044,0,-1,49.100986,0.76,19,0.76,0,50
6045,2,1,-180.01009,0.88,22,0.88,0,50
6046,0,-1,-2.9213052,0.88,22,0.88,0,50
6047,0,-1,-0.0018463751,0.88,22,0.88,0,50
6048,0,-1,-0.0,0.88,22,0.88,0,50
6049,0,-1,143.02844,0.84,21,0.84,0,50
6050,1,0,0.0,0.84,21,0.84,0,50
6051,0,-1,-0.0,0.84,21,0.84,0,50
6052,0,-1,-6.292713,0.84,21,0.84,0,50
6053,2,1,-77.84605,0.88,22,0.88,0,50
6054,2,1,-180.8549,0.92,23,0.92,0,50
6055,1,0,0.0,0.92,23,0.92,0,50
6056,0,-1,300.6721,0.88,22,0.88,0,50
6057,0,-1,142.45186,0.84,21,0.84,0,50
6058,0,-1,81.34952,0.8,20,0.8,0,50
6059,2,1,-36.62532,0.84,21,0.84,0,50
6060,0,-1,81.116844,0.8,20,0.8,0,50
6061,2,1,-140.29541,0.88,22,0.88,0,50
6062,0,-1,142.80746,0.84,21,0.84,0,50
6063,0,-1,-0.0,0.84,21,0.84,0,50
6064,0,-1,-0.0,0.84,21,0.84,0,50
6065,0,-1,-0.009558436,0.84,21,0.84,0,50
6066,0,-1,81.63424,0.8,20,0.8,0,50
6067,2,1,-35.04813,0.84,21,0.84,0,50
6068,2,1,-78.68519,0.88,22,0.88,0,50
6069,2,1,-807.1014,0.96,24,0.96,1,50
6070,0,-1,-0.0,0.96,24,0.96,0,50
6071,1,0,0.0,0.96,24,0.96,0,50
6072,1,0,0.0,0.96,24,0.96,1,50
6073,0,-1,924.8983,0.92,23,0.92,0,50
6074,0,-1,-14.414611,0.92,23,0.92,0,50
6075,0,-1,300.03525,0.88,22,0.88,0,50
6076,0,-1,-0.0,0.88,22,0.88,0,50
6077,0,-1,143.58371,0.84,21,0.84,0,50
6078,0,-1,-0.0,0.84,21,0.84,0,50
6079,0,-1,80.803444,0.8,20,0.8,0,50
6080,0,-1,-3.220467,0.8,20,0.8,0,50
6081,0,-1,-0.0,0.8,20,0.8,0,50
6082,0,-1,49.297134,0.76,19,0.76,0,50
6083,0,-1,-0.0,0.76,19,0.76,0,50
6084,0,-1,-0.0,0.76,19,0.76,0,50
6085,1,0,0.0,0.76,19,0.76,0,50
6086,0,-1,-12.7560425,0.76,19,0.76,0,50
6087,0,-1,30.871738,0.72,18,0.72,1,50
6088,0,-1,-0.0,0.72,18,0.72,0,50
6089,0,-1,20.021334,0.68,17,0.68,0,50
6090,0,-1,-0.0,0.68,17,0.68,0,50
6091,1,0,0.0,0.68,17,0.68,0,50
6092,0,-1,-0.0,0.68,17,0.68,0,50
6093,0,-1,13.260751,0.64,16,0.64,0,50
6094,0,-1,6.9009767,0.6,15,0.6,0,50
6095,2,1,-25.524378,0.72,18,0.72,0,50
6096,0,-1,-12.700579,0.72,18,0.72,0,50
6097,0,-1,-0.0018868705,0.72,18,0.72,0,50
6098,0,-1,-4.2591404e-05,0.72,18,0.72,0,50
6099,0,-1,25.869452,0.68,17,0.68,0,50
6100,2,1,-2.9624908,0.72,18,0.72,0,50
6101,0,-1,-0.001887924,0.72,18,0.72,0,50
6102,0,-1,19.832277,0.68,17,0.68,0,50
6103,0,-1,12.96552,0.64,16,0.64,0,50
6104,0,-1,7.561691,0.6,15,0.6,1,50
6105,0,-1,6.670953,0.56,14,0.56,0,50
6106,0,-1,3.6966565,0.52,13,0.52,0,50
6107,0,-1,-0.0,0.52,13,0.52,0,50
6108,0,-1,-10.311861,0.52,13,0.52,0,50
6109,0,-1,-1.5551646,0.48,12,0.48,0,50
6110,2,1,-15.280888,0.64,16,0.64,0,50
6111,1,0,0.0,0.64,16,0.64,0,50
6112,1,0,0.0,0.64,16,0.64,0,50
6113,0,-1,-0.0019501174,0.64,16,0.64,0,50
6114,0,-1,-1.0738883e-06,0.64,16,0.64,0,50
6115,1,0,0.0,0.64,16,0.64,0,50
6116,0,-1,-0.0,0.64,16,0.64,0,50
6117,2,1,-11.572643,0.72,18,0.72,0,50
6118,2,1,-0.7191188,0.76,19,0.76,0,50
6119,0,-1,31.51013,0.72,18,0.72,0,50
6120,0,-1,19.324352,0.68,17,0.68,0,50
6121,0,-1,11.296365,0.64,16,0.64,0,50
6122,0,-1,-0.00786986,0.64,16,0.64,0,50
6123,0,-1,-13.191871,0.64,16,0.64,0,50
6124,0,-1,-0.000102694125,0.64,16,0.64,0,50
6125,0,-1,-0.006378305,0.64,16,0.64,0,50
6126,0,-1,7.797988,0.6,15,0.6,0,50
6127,0,-1,-7.543804e-07,0.6,15,0.6,0,50
6128,0,-1,3.4888704,0.56,14,0.56,0,50
6129,2,1,18.086123,0.6,15,0.6,1,50
6130,0,-1,-13.310832,0.6,15,0.6,0,50
6131,0,-1,-0.00018683699,0.6,15,0.6,0,50
6132,0,-1,2.4487538,0.56,14,0.56,0,50
6133,0,-1,-0.0002031857,0.56,14,0.56,0,50
6134,1,0,0.0,0.56,14,0.56,0,50
6135,0,-1,-10.632914,0.56,14,0.56,0,50
6136,1,0,0.0,0.56,14,0.56,0,50
6137,0,-1,0.09936044,0.52,13,0.52,0,50
6138,2,1,20.340902,0.56,14,0.56,0,50
6139,1,0,0.0,0.56,14,0.56,0,50
6140,1,0,0.0,0.56,14,0.56,0,50
6141,0,-1,-0.24843518,0.52,13,0.52,0,50
6142,1,0,0.0,0.52,13,0.52,0,50
6143,0,-1,-0.0001854487,0.52,13,0.52,0,50
6144,0,-1,-1.5951761,0.48,12,0.48,0,50
6145,0,-1,-4.502863,0.44,11,0.44,0,50
6146,1,0,0.0,0.44,11,0.44,0,50
6147,2,1,16.827505,0.48,12,0.48,0,50
6148,2,1,6.6014767,0.56,14,0.56,0,50
6149,0,-1,0.6765554,0.52,13,0.52,0,50
6150,0,-1,-1.2661386,0.48,12,0.48,0,50
6151,2,1,19.866745,0.52,13,0.52,1,50
6152,2,1,4.9431844,0.6,15,0.6,0,50
6153,0,-1,-0.0,0.6,15,0.6,0,50
6154,0,-1,6.840549,0.56,14,0.56,0,50
6155,0,-1,2.7920127,0.52,13,0.52,0,50
6156,1,0,0.0,0.52,13,0.52,0,50
6157,0,-1,-0.0,0.52,13,0.52,0,50
6158,0,-1,-2.0498418e-07,0.52,13,0.52,0,50
6159,2,1,21.216473,0.56,14,0.56,0,50
6160,1,0,0.0,0.56,14,0.56,0,50
6161,0,-1,1.5573229,0.52,13,0.52,0,50
6162,1,0,0.0,0.52,13,0.52,0,50
6163,2,1,2.7165732,0.6,15,0.6,0,50
6164,2,1,15.246506,0.64,16,0.64,0,50
6165,2,1,12.941969,0.68,17,0.68,0,50
6166,0,-1,16.900665,0.64,16,0.64,0,50
6167,1,0,0.0,0.64,16,0.64,0,50
6168,0,-1,6.090837,0.6,15,0.6,0,50
6169,0,-1,6.2202926,0.56,14,0.56,0,50
6170,0,-1,-0.0,0.56,14,0.56,0,50
6171,0,-1,-0.0,0.56,14,0.56,0,50
6172,0,-1,1.3587018,0.52,13,0.52,1,50
6173,1,0,0.0,0.52,13,0.52,0,50
6174,0,-1,-1.4927944,0.48,12,0.48,0,50
6175,0,-1,-1.2131763,0.44,11,0.44,0,50
6176,2,1,23.456175,0.48,12,0.48,0,50
6177,0,-1,-2.8302402,0.44,11,0.44,0,50
6178,1,0,0.0,0.44,11,0.44,0,50
6179,0,-1,-5.6428127,0.4,10,0.4,0,50
6180,2,1,13.3306465,0.44,11,0.44,0,50
6181,2,1,14.997651,0.52,13,0.52,1,50
6182,0,-1,-0.0,0.52,13,0.52,0,50
6183,0,-1,-1.069238,0.48,12,0.48,0,50
6184,0,-1,-0.0,0.48,12,0.48,0,50
6185,0,-1,-0.0,0.48,12,0.48,0,50
6186,0,-1,0.9448585,0.44,11,0.44,0,50
6187,0,-1,-0.0,0.44,11,0.44,0,50
6188,0,-1,-2.5203164,0.4,10,0.4,0,50
6189,2,1,22.891758,0.44,11,0.44,0,50
6190,0,-1,-0.0,0.44,11,0.44,0,50
6191,0,-1,-0.0,0.44,11,0.44,0,50
6192,1,0,0.0,0.44,11,0.44,0,50
6193,2,1,12.598785,0.52,13,0.52,0,50
6194,0,-1,-0.0,0.52,13,0.52,0,50
6195,0,-1,-0.0,0.52,13,0.52,0,50
6196,1,0,0.0,0.52,13,0.52,0,50
6197,1,0,0.0,0.52,13,0.52,0,50
6198,0,-1,-1.2203047,0.48,12,0.48,0,50
6199,2,1,-0.89632905,0.6,15,0.6,0,50
6200,0,-1,-0.0004293298,0.6,15,0.6,0,50
6201,1,0,0.0,0.6,15,0.6,0,50
6202,1,0,0.0,0.6,15,0.6,0,50
6203,2,1,12.657906,0.64,16,0.64,0,50
6204,0,-1,-0.0,0.64,16,0.64,0,50
6205,0,-1,7.957575,0.6,15,0.6,0,50
6206,0,-1,3.3107142,0.56,14,0.56,0,50
6207,0,-1,-0.0,0.56,14,0.56,1,50
6208,2,1,-14.572198,0.68,17,0.68,0,50
6209,0,-1,-13.066582,0.68,17,0.68,0,50
6210,2,1,-25.45289,0.76,19,0.76,0,50
6211,0,-1,32.117607,0.72,18,0.72,1,50
6212,0,-1,21.196966,0.68,17,0.68,0,50
6213,2,1,2.964077,0.72,18,0.72,0,50
6214,2,1,-1044.0841,0.96,24,0.96,0,50
6215,0,-1,-1.5485302e-05,0.96,24,0.96,0,50
6216,0,-1,-13.950033,0.96,24,0.96,0,50
6217,2,1,-1000.0,0.0,0,0.0,0,50
6218,0,-1,-0.0,0.16,4,0.16,0,51
6219,2,1,28.364332,0.2,5,0.2,0,51
6220,2,1,23.955872,0.28,7,0.28,0,51
6221,2,1,21.334368,0.36,9,0.36,0,51
6222,2,1,17.442081,0.44,11,0.44,0,51
6223,0,-1,-0.0,0.44,11,0.44,0,51
6224,2,1,-22.692274,0.64,16,0.64,0,51
6225,0,-1,-0.0,0.64,16,0.64,0,51
6226,0,-1,-0.0,0.64,16,0.64,0,51
6227,0,-1,8.6348295,0.6,15,0.6,1,51
6228,1,0,0.0,0.6,15,0.6,0,51
6229,0,-1,-11.87823,0.6,15,0.6,0,51
6230,0,-1,3.5812,0.56,14,0.56,0,51
6231,1,0,0.0,0.56,14,0.56,0,51
6232,2,1,-37.247047,0.72,18,0.72,0,51
6233,0,-1,-0.007288708,0.72,18,0.72,0,51
6234,0,-1,-3.6671408e-06,0.72,18,0.72,0,51
6235,0,-1,-1.2790125e-10,0.72,18,0.72,0,51
6236,0,-1,-0.0034993172,0.72,18,0.72,0,51
6237,0,-1,20.34073,0.68,17,0.68,0,51
6238,0,-1,-4.112742e-06,0.68,17,0.68,0,51
6239,2,1,5.085155,0.72,18,0.72,0,51
6240,0,-1,-0.0022334096,0.72,18,0.72,0,51
6241,2,1,-45.159733,0.8,20,0.8,0,51
6242,0,-1,50.423748,0.76,19,0.76,0,51
6243,1,0,0.0,0.76,19,0.76,1,51
6244,0,-1,31.271307,0.72,18,0.72,1,51
6245,1,0,0.0,0.72,18,0.72,0,51
6246,0,-1,-12.8627615,0.72,18,0.72,0,51
6247,2,1,-7.509042,0.76,19,0.76,0,51
6248,0,-1,-8.836891,0.76,19,0.76,0,51
6249,0,-1,-12.80516,0.76,19,0.76,0,51
6250,0,-1,-0.0,0.76,19,0.76,0,51
6251,0,-1,33.85243,0.72,18,0.72,0,51
6252,0,-1,-0.0018480406,0.72,18,0.72,0,51
6253,0,-1,19.734043,0.68,17,0.68,0,51
6254,0,-1,12.607009,0.64,16,0.64,0,51
6255,0,-1,9.087397,0.6,15,0.6,0,51
6256,2,1,10.398262,0.64,16,0.64,0,51
6257,0,-1,9.087397,0.6,15,0.6,0,51
6258,1,0,0.0,0.6,15,0.6,0,51
6259,2,1,-55.615387,0.76,19,0.76,0,51
6260,0,-1,-9.877496,0.76,19,0.76,0,51
6261,0,-1,-0.011101727,0.76,19,0.76,0,51
6262,0,-1,-0.007749324,0.76,19,0.76,0,51
6263,0,-1,-0.0,0.76,19,0.76,0,51
6264,0,-1,-0.0,0.76,19,0.76,0,51
6265,1,0,0.0,0.76,19,0.76,0,51
6266,0,-1,-3.1991658e-05,0.76,19,0.76,0,51
6267,0,-1,-0.0,0.76,19,0.76,0,51
6268,1,0,0.0,0.76,19,0.76,0,51
6269,0,-1,-0.0,0.76,19,0.76,0,51
6270,0,-1,31.499168,0.72,18,0.72,0,51
6271,1,0,0.0,0.72,18,0.72,0,51
6272,0,-1,20.380938,0.68,17,0.68,0,51
6273,0,-1,13.2477665,0.64,16,0.64,1,51
6274,2,1,9.111743,0.68,17,0.68,1,51
6275,0,-1,-11.073294,0.68,17,0.68,0,51
6276,0,-1,-9.911848e-07,0.68,17,0.68,0,51
6277,0,-1,13.152868,0.64,16,0.64,0,51
6278,0,-1,6.0933824,0.6,15,0.6,0,51
6279,0,-1,3.3665879,0.56,14,0.56,0,51
6280,0,-1,0.8824956,0.52,13,0.52,0,51
6281,1,0,0.0,0.52,13,0.52,0,51
6282,1,0,0.0,0.52,13,0.52,0,51
6283,1,0,0.0,0.52,13,0.52,0,51
6284,0,-1,-13.326921,0.52,13,0.52,0,51
6285,2,1,20.06896,0.56,14,0.56,0,51
6286,0,-1,0.09091,0.52,13,0.52,0,51
6287,0,-1,-0.6841466,0.48,12,0.48,0,51
6288,0,-1,-0.0,0.48,12,0.48,0,51
6289,0,-1,-0.0,0.48,12,0.48,0,51
6290,0,-1,-0.0,0.48,12,0.48,0,51
6291,0,-1,-8.600063e-07,0.48,12,0.48,0,51
6292,1,0,0.0,0.48,12,0.48,0,51
6293,0,-1,-0.0,0.48,12,0.48,0,51
6294,2,1,8.025022,0.56,14,0.56,1,51
6295,0,-1,2.0201614,0.52,13,0.52,0,51
6296,0,-1,-0.0,0.52,13,0.52,0,51
6297,2,1,8.254402,0.6,15,0.6,0,51
6298,0,-1,-11.25683,0.6,15,0.6,0,51
6299,2,1,-3.7001846,0.68,17,0.68,0,51
6300,0,-1,12.42798,0.64,16,0.64,0,51
6301,0,-1,-2.138324e-06,0.64,16,0.64,0,51
6302,2,1,-13.863723,0.72,18,0.72,0,51
6303,0,-1,-1.9867941e-06,0.72,18,0.72,0,51
6304,2,1,-47.466095,0.8,20,0.8,0,51
6305,0,-1,-0.0,0.8,20,0.8,0,51
6306,0,-1,50.092247,0.76,19,0.76,0,51
6307,0,-1,-0.0,0.76,19,0.76,0,51
6308,0,-1,-0.0,0.76,19,0.76,0,51
6309,0,-1,30.95294,0.72,18,0.72,1,51
6310,2,1,-210.07602,0.88,22,0.88,0,51
6311,0,-1,-0.0,0.88,22,0.88,0,51
6312,1,0,0.0,0.88,22,0.88,0,51
6313,0,-1,-0.0,0.88,22,0.88,0,51
6314,0,-1,145.60767,0.84,21,0.84,0,51
6315,0,-1,-0.0,0.84,21,0.84,0,51
6316,0,-1,-0.0,0.84,21,0.84,0,51
6317,0,-1,-0.0,0.84,21,0.84,0,51
6318,2,1,-1000.0,0.0,0,0.0,0,51
6319,2,1,28.346605,0.2,5,0.2,0,52
6320,1,0,0.0,0.2,5,0.2,0,52
6321,2,1,28.22638,0.24,6,0.24,0,52
6322,2,1,26.773045,0.28,7,0.28,0,52
6323,0,-1,-0.07821054,0.28,7,0.28,0,52
6324,2,1,21.334368,0.36,9,0.36,0,52
6325,2,1,15.692518,0.44,11,0.44,0,52
6326,2,1,13.902316,0.52,13,0.52,0,52
6327,0,-1,-0.0,0.52,13,0.52,0,52
6328,0,-1,-1.2740111,0.48,12,0.48,0,52
6329,2,1,-1.1296759,0.6,15,0.6,0,52
6330,1,0,0.0,0.6,15,0.6,0,52
6331,0,-1,-0.08871453,0.6,15,0.6,0,52
6332,0,-1,-0.0,0.6,15,0.6,0,52
6333,1,0,0.0,0.6,15,0.6,0,52
6334,2,1,-4.1228642,0.68,17,0.68,0,52
6335,0,-1,26.603573,0.64,16,0.64,0,52
6336,0,-1,-0.0018068636,0.64,16,0.64,0,52
6337,0,-1,-0.0,0.64,16,0.64,0,52
6338,2,1,-83.3299,0.8,20,0.8,0,52
6339,1,0,0.0,0.8,20,0.8,0,52
6340,0,-1,-0.0021699576,0.8,20,0.8,0,52
6341,2,1,-62.804016,0.84,21,0.84,0,52
6342,0,-1,-0.075712614,0.84,21,0.84,0,52
6343,0,-1,81.31311,0.8,20,0.8,1,52
6344,2,1,-50.512844,0.84,21,0.84,0,52
6345,0,-1,-0.003652747,0.84,21,0.84,0,52
6346,0,-1,-0.0018172088,0.84,21,0.84,0,52
6347,0,-1,80.1071,0.8,20,0.8,0,52
6348,0,-1,59.187565,0.76,19,0.76,0,52
6349,0,-1,-0.0,0.76,19,0.76,0,52
6350,0,-1,-0.0,0.76,19,0.76,0,52
6351,0,-1,30.90818,0.72,18,0.72,0,52
6352,0,-1,-0.013582223,0.72,18,0.72,0,52
6353,0,-1,27.868076,0.68,17,0.68,0,52
6354,2,1,-16.307259,0.72,18,0.72,1,52
6355,0,-1,28.3923,0.68,17,0.68,0,52
6356,0,-1,-6.7431245,0.68,17,0.68,0,52
6357,0,-1,12.44306,0.64,16,0.64,0,52
6358,0,-1,13.368812,0.6,15,0.6,0,52
6359,0,-1,-0.001994951,0.6,15,0.6,0,52
6360,0,-1,-9.7550745,0.6,15,0.6,0,52
6361,0,-1,4.0085917,0.56,14,0.56,0,52
6362,0,-1,-0.0020724507,0.56,14,0.56,0,52
6363,0,-1,0.61276054,0.52,13,0.52,0,52
6364,2,1,6.3988633,0.6,15,0.6,0,52
6365,2,1,-55.560757,0.76,19,0.76,0,52
6366,0,-1,-0.0,0.76,19,0.76,1,52
6367,0,-1,-10.358308,0.76,19,0.76,0,52
6368,0,-1,-0.0,0.76,19,0.76,0,52
6369,0,-1,-12.206798,0.76,19,0.76,1,52
6370,2,1,-77.89879,0.84,21,0.84,0,52
6371,0,-1,80.20939,0.8,20,0.8,0,52
6372,0,-1,-0.0,0.8,20,0.8,0,52
6373,0,-1,50.43715,0.76,19,0.76,1,52
6374,0,-1,-14.3607025,0.76,19,0.76,0,52
6375,2,1,-78.264465,0.84,21,0.84,0,52
6376,0,-1,-0.0,0.84,21,0.84,0,52
6377,2,1,-909.1539,0.96,24,0.96,0,52
6378,2,1,21.07032,1.0,25,1.0,0,52
6379,0,-1,-1000.0,0.0,0,0.0,0,52
6380,1,0,0.0,0.16,4,0.16,0,53
6381,2,1,28.364332,0.2,5,0.2,0,53
6382,0,-1,-0.0,0.2,5,0.2,0,53
6383,1,0,0.0,0.2,5,0.2,0,53
6384,1,0,0.0,0.2,5,0.2,0,53
6385,2,1,28.208652,0.24,6,0.24,0,53
6386,1,0,0.0,0.24,6,0.24,0,53
6387,0,-1,-9.825048,0.2,5,0.2,0,53
6388,2,1,-4.278605,0.24,6,0.24,0,53
6389,2,1,27.971514,0.28,7,0.28,0,53
6390,2,1,-4.847804,0.32,8,0.32,0,53
6391,0,-1,-8.97201,0.28,7,0.28,0,53
6392,2,1,-4.847379,0.32,8,0.32,0,53
6393,0,-1,-0.0,0.32,8,0.32,0,53
6394,0,-1,7.2716603,0.28,7,0.28,0,53
6395,2,1,17.914507,0.36,9,0.36,0,53
6396,0,-1,-0.0,0.36,9,0.36,0,53
6397,0,-1,-0.0,0.36,9,0.36,0,53
6398,2,1,-19.742298,0.48,12,0.48,0,53
6399,0,-1,11.087842,0.44,11,0.44,0,53
6400,0,-1,-7.394137,0.48,12,0.48,0,53
6401,2,1,-8.498311,0.52,13,0.52,0,53
6402,2,1,11.042637,0.6,15,0.6,0,53
6403,0,-1,-0.0,0.6,15,0.6,0,53
6404,0,-1,-0.0,0.6,15,0.6,0,53
6405,0,-1,-0.0019154127,0.6,15,0.6,1,53
6406,0,-1,-0.0,0.6,15,0.6,0,53
6407,0,-1,-10.6419325,0.6,15,0.6,0,53
6408,0,-1,-12.256387,0.6,15,0.6,0,53
6409,0,-1,-12.163672,0.6,15,0.6,0,53
6410,0,-1,2.0266442,0.56,14,0.56,0,53
6411,1,0,0.0,0.56,14,0.56,0,53
6412,1,0,0.0,0.56,14,0.56,0,53
6413,0,-1,-7.366649e-06,0.56,14,0.56,0,53
6414,0,-1,6.1767774,0.52,13,0.52,0,53
6415,0,-1,-0.0,0.52,13,0.52,0,53
6416,0,-1,3.985447,0.48,12,0.48,0,53
6417,2,1,12.878515,0.56,14,0.56,0,53
6418,0,-1,1.793823,0.52,13,0.52,0,53
6419,0,-1,12.747179,0.48,12,0.48,0,53
6420,2,1,22.76572,0.52,13,0.52,0,53
6421,2,1,-9.921435,0.56,14,0.56,0,53
6422,1,0,0.0,0.56,14,0.56,0,53
6423,0,-1,-0.7489919,0.52,13,0.52,0,53
6424,1,0,0.0,0.52,13,0.52,0,53
6425,0,-1,1.099363,0.48,12,0.48,0,53
6426,0,-1,-2.9217477,0.44,11,0.44,0,53
6427,1,0,0.0,0.44,11,0.44,0,53
6428,0,-1,9.780932,0.4,10,0.4,0,53
6429,0,-1,-0.0,0.4,10,0.4,0,53
6430,0,-1,8.744427,0.36,9,0.36,0,53
6431,0,-1,-0.0,0.36,9,0.36,0,53
6432,0,-1,-4.331336,0.32,8,0.32,1,53
6433,2,1,22.685246,0.36,9,0.36,0,53
6434,0,-1,-13.475596,0.36,9,0.36,0,53
6435,0,-1,-6.0621395,0.32,8,0.32,0,53
6436,0,-1,-13.469847,0.32,8,0.32,0,53
6437,2,1,18.456358,0.36,9,0.36,0,53
6438,2,1,9.218364,0.48,12,0.48,0,53
6439,1,0,0.0,0.48,12,0.48,0,53
6440,1,0,0.0,0.48,12,0.48,0,53
6441,0,-1,-3.1616755,0.44,11,0.44,0,53
6442,0,-1,-4.201642,0.4,10,0.4,0,53
6443,0,-1,-0.0,0.4,10,0.4,0,53
6444,0,-1,-0.0,0.4,10,0.4,0,53
6445,1,0,0.0,0.4,10,0.4,0,53
6446,0,-1,-0.10203002,0.4,10,0.4,0,53
6447,2,1,15.047959,0.48,12,0.48,0,53
6448,0,-1,-0.0018387816,0.48,12,0.48,0,53
6449,0,-1,-0.0020910942,0.48,12,0.48,0,53
6450,0,-1,-0.07816637,0.48,12,0.48,0,53
6451,0,-1,-0.78057706,0.44,11,0.44,0,53
6452,2,1,21.024641,0.48,12,0.48,0,53
6453,2,1,8.346703,0.56,14,0.56,0,53
6454,0,-1,-0.0,0.56,14,0.56,0,53
6455,2,1,5.3526964,0.64,16,0.64,0,53
6456,0,-1,7.2215223,0.6,15,0.6,1,53
6457,1,0,0.0,0.6,15,0.6,0,53
6458,0,-1,-11.725021,0.6,15,0.6,0,53
6459,0,-1,2.5719817,0.56,14,0.56,0,53
6460,0,-1,1.9020472,0.52,13,0.52,0,53
6461,0,-1,-0.0,0.52,13,0.52,0,53
6462,0,-1,-12.962247,0.52,13,0.52,0,53
6463,0,-1,-0.36126894,0.48,12,0.48,0,53
6464,2,1,8.1733265,0.52,13,0.52,0,53
6465,0,-1,-2.850112,0.48,12,0.48,0,53
6466,0,-1,-0.00014930927,0.48,12,0.48,0,53
6467,0,-1,2.7520242,0.44,11,0.44,0,53
6468,0,-1,-0.00014711703,0.44,11,0.44,0,53
6469,2,1,16.625174,0.48,12,0.48,0,53
6470,1,0,0.0,0.48,12,0.48,0,53
6471,2,1,8.368505,0.56,14,0.56,0,53
6472,0,-1,-0.0005142028,0.56,14,0.56,0,53
6473,2,1,19.40823,0.6,15,0.6,0,53
6474,0,-1,-0.000543759,0.6,15,0.6,0,53
6475,0,-1,6.484549,0.56,14,0.56,0,53
6476,0,-1,-22.42231,0.6,15,0.6,0,53
6477,0,-1,-0.0004955004,0.6,15,0.6,0,53
6478,0,-1,-0.0,0.6,15,0.6,1,53
6479,0,-1,2.0897975,0.56,14,0.56,0,53
6480,0,-1,-11.465327,0.56,14,0.56,0,53
6481,2,1,12.805667,0.6,15,0.6,0,53
6482,2,1,-23.188274,0.72,18,0.72,0,53
6483,0,-1,-0.068013,0.72,18,0.72,0,53
6484,1,0,0.0,0.72,18,0.72,0,53
6485,0,-1,20.74616,0.68,17,0.68,0,53
6486,0,-1,14.307618,0.64,16,0.64,0,53
6487,0,-1,-0.0006791186,0.64,16,0.64,0,53
6488,2,1,11.830601,0.68,17,0.68,0,53
6489,0,-1,13.602796,0.64,16,0.64,0,53
6490,0,-1,7.1692696,0.6,15,0.6,0,53
6491,0,-1,2.8971033,0.56,14,0.56,0,53
6492,1,0,0.0,0.56,14,0.56,0,53
6493,0,-1,-0.22355749,0.52,13,0.52,0,53
6494,2,1,6.8092914,0.6,15,0.6,0,53
6495,0,-1,-0.0,0.6,15,0.6,0,53
6496,0,-1,-0.0,0.6,15,0.6,0,53
6497,0,-1,-0.010504945,0.6,15,0.6,0,53
6498,0,-1,-0.0,0.6,15,0.6,0,53
6499,0,-1,-0.014689711,0.6,15,0.6,1,53
6500,0,-1,-0.0,0.6,15,0.6,0,53
6501,2,1,-27.838812,0.72,18,0.72,0,53
6502,0,-1,21.982248,0.68,17,0.68,0,53
6503,0,-1,-0.0001583186,0.68,17,0.68,0,53
6504,0,-1,14.975547,0.64,16,0.64,0,53
6505,2,1,11.819273,0.68,17,0.68,0,53
6506,0,-1,14.601114,0.64,16,0.64,0,53
6507,0,-1,-0.0,0.64,16,0.64,0,53
6508,0,-1,9.030555,0.6,15,0.6,0,53
6509,1,0,0.0,0.6,15,0.6,1,53
6510,0,-1,-13.265052,0.6,15,0.6,0,53
6511,0,-1,4.5394263,0.56,14,0.56,0,53
6512,0,-1,1.6909014,0.52,13,0.52,0,53
6513,0,-1,-0.0,0.52,13,0.52,0,53
6514,0,-1,-0.50221753,0.48,12,0.48,0,53
6515,0,-1,-12.599957,0.48,12,0.48,0,53
6516,0,-1,-0.0019831148,0.48,12,0.48,0,53
6517,1,0,0.0,0.48,12,0.48,0,53
6518,0,-1,-3.2671103,0.44,11,0.44,0,53
6519,0,-1,-0.0,0.44,11,0.44,0,53
6520,1,0,0.0,0.44,11,0.44,0,53
6521,0,-1,-0.0,0.44,11,0.44,0,53
6522,0,-1,-0.0,0.44,11,0.44,0,53
6523,0,-1,-13.707168,0.44,11,0.44,0,53
6524,1,0,0.0,0.44,11,0.44,0,53
6525,2,1,23.260973,0.48,12,0.48,0,53
6526,2,1,19.16569,0.52,13,0.52,0,53
6527,2,1,19.184595,0.56,14,0.56,0,53
6528,2,1,2.9163291,0.64,16,0.64,0,53
6529,0,-1,-0.0,0.64,16,0.64,0,53
6530,2,1,7.8983755,0.68,17,0.68,0,53
6531,0,-1,-0.0019703053,0.68,17,0.68,0,53
6532,0,-1,12.771909,0.64,16,0.64,0,53
6533,2,1,-12.031818,0.72,18,0.72,0,53
6534,0,-1,-0.0,0.72,18,0.72,0,53
6535,2,1,-3.4052813,0.76,19,0.76,0,53
6536,0,-1,-0.0019497112,0.76,19,0.76,0,53
6537,0,-1,-0.0,0.76,19,0.76,1,53
6538,0,-1,31.08459,0.72,18,0.72,0,53
6539,0,-1,20.184332,0.68,17,0.68,1,53
6540,0,-1,-0.0,0.68,17,0.68,0,53
6541,0,-1,12.920702,0.64,16,0.64,1,53
6542,0,-1,8.517716,0.6,15,0.6,0,53
6543,0,-1,-13.268669,0.6,15,0.6,0,53
6544,0,-1,-0.00036027143,0.6,15,0.6,0,53
6545,1,0,0.0,0.6,15,0.6,0,53
6546,0,-1,-0.0,0.6,15,0.6,0,53
6547,0,-1,-13.770621,0.6,15,0.6,0,53
6548,0,-1,-0.0003809281,0.6,15,0.6,0,53
6549,1,0,0.0,0.6,15,0.6,0,53
6550,0,-1,-12.797492,0.6,15,0.6,0,53
6551,0,-1,3.7463822,0.56,14,0.56,0,53
6552,0,-1,-0.0018583266,0.56,14,0.56,0,53
6553,0,-1,-0.0019408735,0.56,14,0.56,0,53
6554,1,0,0.0,0.56,14,0.56,0,53
6555,0,-1,-0.0,0.56,14,0.56,0,53
6556,0,-1,-0.00188979,0.56,14,0.56,0,53
6557,2,1,15.861525,0.6,15,0.6,0,53
6558,0,-1,3.3314292,0.56,14,0.56,0,53
6559,0,-1,0.84064096,0.52,13,0.52,0,53
6560,0,-1,-0.0,0.52,13,0.52,0,53
6561,0,-1,-0.0,0.52,13,0.52,0,53
6562,2,1,15.747196,0.56,14,0.56,0,53
6563,0,-1,2.048418,0.52,13,0.52,0,53
6564,2,1,18.08881,0.56,14,0.56,0,53
6565,2,1,-67.158424,0.76,19,0.76,0,53
6566,0,-1,-0.11636151,0.76,19,0.76,0,53
6567,2,1,-17.545568,0.8,20,0.8,0,53
6568,0,-1,-0.0,0.8,20,0.8,0,53
6569,2,1,-39.36301,0.84,21,0.84,0,53
6570,0,-1,-0.002115493,0.84,21,0.84,1,53
6571,0,-1,-0.0,0.84,21,0.84,0,53
6572,2,1,26.829763,1.0,25,1.0,0,53
6573,0,-1,-1000.0,0.0,0,0.0,0,53
6574,2,1,-4.1406527,0.2,5,0.2,0,54
6575,0,-1,6.2116523,0.16,4,0.16,0,54
6576,2,1,28.364332,0.2,5,0.2,0,54
6577,0,-1,-0.0,0.2,5,0.2,0,54
6578,2,1,23.955872,0.28,7,0.28,0,54
6579,1,0,0.0,0.28,7,0.28,0,54
6580,0,-1,-8.870104,0.24,6,0.24,0,54
6581,2,1,26.773045,0.28,7,0.28,0,54
6582,2,1,26.436209,0.32,8,0.32,0,54
6583,2,1,24.37198,0.36,9,0.36,1,54
6584,0,-1,-10.486286,0.36,9,0.36,0,54
6585,2,1,23.798906,0.4,10,0.4,1,54
6586,0,-1,-6.4391103,0.36,9,0.36,0,54
6587,1,0,0.0,0.36,9,0.36,0,54
6588,0,-1,-0.0,0.36,9,0.36,0,54
6589,0,-1,-0.0,0.36,9,0.36,0,54
6590,1,0,0.0,0.36,9,0.36,0,54
6591,2,1,17.464594,0.44,11,0.44,0,54
6592,0,-1,-0.0,0.44,11,0.44,0,54
6593,1,0,0.0,0.44,11,0.44,0,54
6594,1,0,0.0,0.44,11,0.44,0,54
6595,0,-1,-4.0843744,0.4,10,0.4,0,54
6596,0,-1,-6.058811,0.36,9,0.36,1,54
6597,0,-1,-0.0,0.36,9,0.36,0,54
6598,2,1,0.95364684,0.52,13,0.52,0,54
6599,2,1,-6.938298,0.64,16,0.64,0,54
6600,0,-1,7.80837,0.6,15,0.6,0,54
6601,0,-1,3.41347,0.56,14,0.56,0,54
6602,0,-1,0.69704586,0.52,13,0.52,0,54
6603,0,-1,-1.4296747,0.48,12,0.48,0,54
6604,2,1,17.773392,0.52,13,0.52,0,54
6605,0,-1,1.7527741,0.48,12,0.48,0,54
6606,0,-1,-0.00012286387,0.48,12,0.48,0,54
6607,0,-1,-0.0,0.48,12,0.48,0,54
6608,0,-1,-2.0480082,0.44,11,0.44,0,54
6609,0,-1,-4.216465,0.4,10,0.4,0,54
6610,0,-1,-0.0,0.4,10,0.4,0,54
6611,0,-1,-6.4634447,0.36,9,0.36,0,54
6612,2,1,16.159763,0.4,10,0.4,0,54
6613,0,-1,-2.2502534,0.36,9,0.36,0,54
6614,2,1,24.14801,0.4,10,0.4,0,54
6615,0,-1,-11.835874,0.4,10,0.4,0,54
6616,2,1,23.063347,0.44,11,0.44,0,54
6617,2,1,20.818449,0.48,12,0.48,0,54
6618,0,-1,-1.897574,0.44,11,0.44,1,54
6619,0,-1,-4.84359,0.4,10,0.4,0,54
6620,2,1,6.6341214,0.52,13,0.52,0,54
6621,0,-1,-0.0,0.52,13,0.52,0,54
6622,1,0,0.0,0.52,13,0.52,0,54
6623,2,1,17.648355,0.56,14,0.56,0,54
6624,0,-1,-0.0,0.56,14,0.56,0,54
6625,0,-1,-0.0,0.56,14,0.56,0,54
6626,0,-1,-0.009618167,0.56,14,0.56,0,54
6627,1,0,0.0,0.56,14,0.56,0,54
6628,2,1,17.037672,0.6,15,0.6,0,54
6629,2,1,13.414231,0.64,16,0.64,0,54
6630,2,1,8.549824,0.68,17,0.68,0,54
6631,2,1,-24.408428,0.76,19,0.76,0,54
6632,2,1,-16.266949,0.8,20,0.8,0,54
6633,0,-1,49.836132,0.76,19,0.76,0,54
6634,0,-1,-0.011489115,0.76,19,0.76,0,54
6635,0,-1,-0.014362377,0.76,19,0.76,0,54
6636,0,-1,31.361675,0.72,18,0.72,0,54
6637,2,1,-2.5517206,0.76,19,0.76,0,54
6638,2,1,-15.431346,0.8,20,0.8,0,54
6639,2,1,-348.15656,0.92,23,0.92,0,54
6640,1,0,0.0,0.92,23,0.92,0,54
6641,0,-1,298.73508,0.88,22,0.88,0,54
6642,0,-1,-0.0,0.88,22,0.88,0,54
6643,0,-1,143.82597,0.84,21,0.84,0,54
6644,1,0,0.0,0.84,21,0.84,0,54
6645,0,-1,-0.11845405,0.84,21,0.84,0,54
6646,0,-1,-0.0001850674,0.84,21,0.84,0,54
6647,0,-1,-0.0,0.84,21,0.84,0,54
6648,0,-1,-0.00014339703,0.84,21,0.84,1,54
6649,0,-1,80.93182,0.8,20,0.8,0,54
6650,0,-1,-0.0,0.8,20,0.8,0,54
6651,1,0,0.0,0.8,20,0.8,0,54
6652,0,-1,-8.944744,0.8,20,0.8,0,54
6653,0,-1,-0.0,0.8,20,0.8,0,54
6654,0,-1,-12.026634,0.8,20,0.8,0,54
6655,2,1,-348.93597,0.92,23,0.92,0,54
6656,0,-1,301.61914,0.88,22,0.88,0,54
6657,2,1,-184.92622,0.92,23,0.92,0,54
6658,0,-1,-0.0,0.92,23,0.92,0,54
6659,0,-1,-0.0,0.92,23,0.92,0,54
6660,2,1,-601.20386,0.96,24,0.96,0,54
6661,0,-1,-0.0,0.96,24,0.96,0,54
6662,0,-1,-0.0,0.96,24,0.96,0,54
6663,0,-1,-0.013869554,0.96,24,0.96,0,54
6664,0,-1,926.0565,0.92,23,0.92,0,54
6665,0,-1,-0.01250502,0.92,23,0.92,0,54
6666,2,1,-601.5812,0.96,24,0.96,0,54
6667,0,-1,-12.71624,0.96,24,0.96,0,54
6668,1,0,0.0,0.96,24,0.96,0,54
6669,0,-1,925.86786,0.92,23,0.92,0,54
6670,0,-1,-0.045000423,0.92,23,0.92,0,54
6671,0,-1,-12.321017,0.92,23,0.92,0,54
6672,0,-1,-0.00015055834,0.92,23,0.92,0,54
6673,2,1,-601.20386,0.96,24,0.96,0,54
6674,1,0,0.0,0.96,24,0.96,1,54
6675,2,1,-1000.0,0.0,0,0.0,0,54
6676,0,-1,-0.0,0.16,4,0.16,1,55
6677,2,1,28.262749,0.2,5,0.2,0,55
6678,2,1,23.698263,0.28,7,0.28,0,55
6679,0,-1,-0.072483815,0.28,7,0.28,1,55
6680,0,-1,-14.2225275,0.28,7,0.28,0,55
6681,2,1,14.594804,0.4,10,0.4,0,55
6682,2,1,21.212444,0.44,11,0.44,0,55
6683,0,-1,-4.085407,0.4,10,0.4,0,55
6684,1,0,0.0,0.4,10,0.4,0,55
6685,1,0,0.0,0.4,10,0.4,0,55
6686,2,1,17.660297,0.48,12,0.48,0,55
6687,2,1,19.741316,0.52,13,0.52,0,55
6688,2,1,-6.7660637,0.64,16,0.64,0,55
6689,2,1,-11.541868,0.72,18,0.72,0,55
6690,0,-1,19.981842,0.68,17,0.68,0,55
6691,0,-1,12.484096,0.64,16,0.64,0,55
6692,0,-1,7.3278723,0.6,15,0.6,0,55
6693,0,-1,-0.057967342,0.6,15,0.6,1,55
6694,0,-1,-10.569012,0.6,15,0.6,0,55
6695,2,1,13.480387,0.64,16,0.64,0,55
6696,2,1,8.319835,0.68,17,0.68,0,55
6697,2,1,-22.563108,0.76,19,0.76,0,55
6698,0,-1,-0.0,0.76,19,0.76,0,55
6699,0,-1,-0.0,0.76,19,0.76,0,55
6700,0,-1,32.118973,0.72,18,0.72,0,55
6701,0,-1,19.608597,0.68,17,0.68,0,55
6702,0,-1,12.268501,0.64,16,0.64,1,55
6703,2,1,6.3810587,0.68,17,0.68,0,55
6704,0,-1,12.35782,0.64,16,0.64,0,55
6705,1,0,0.0,0.64,16,0.64,0,55
6706,0,-1,-13.851472,0.64,16,0.64,0,55
6707,0,-1,7.5028954,0.6,15,0.6,0,55
6708,0,-1,-0.00458449,0.6,15,0.6,0,55
6709,2,1,-6.5871267,0.68,17,0.68,0,55
6710,2,1,-23.81267,0.76,19,0.76,0,55
6711,0,-1,-0.0,0.76,19,0.76,0,55
6712,0,-1,-0.02527788,0.76,19,0.76,0,55
6713,0,-1,-0.0045127426,0.76,19,0.76,0,55
6714,0,-1,-10.335856,0.76,19,0.76,0,55
6715,0,-1,30.288816,0.72,18,0.72,0,55
6716,1,0,0.0,0.72,18,0.72,0,55
6717,1,0,0.0,0.72,18,0.72,0,55
6718,0,-1,-0.0,0.72,18,0.72,0,55
6719,0,-1,-0.0,0.72,18,0.72,0,55
6720,0,-1,23.18332,0.68,17,0.68,0,55
6721,0,-1,-0.0,0.68,17,0.68,0,55
6722,0,-1,-0.0044655474,0.68,17,0.68,0,55
6723,0,-1,-12.012901,0.68,17,0.68,0,55
6724,1,0,0.0,0.68,17,0.68,0,55
6725,0,-1,14.54541,0.64,16,0.64,0,55
6726,0,-1,-0.007650724,0.64,16,0.64,0,55
6727,0,-1,-0.03131009,0.64,16,0.64,0,55
6728,0,-1,-0.004893107,0.64,16,0.64,0,55
6729,1,0,0.0,0.64,16,0.64,0,55
6730,0,-1,8.723729,0.6,15,0.6,1,55
6731,0,-1,-0.0,0.6,15,0.6,0,55
6732,1,0,0.0,0.6,15,0.6,0,55
6733,0,-1,-12.745068,0.6,15,0.6,0,55
6734,0,-1,-0.0,0.6,15,0.6,0,55
6735,0,-1,-0.0,0.6,15,0.6,0,55
6736,0,-1,-0.0,0.6,15,0.6,0,55
6737,0,-1,-0.0,0.6,15,0.6,0,55
6738,0,-1,-0.0,0.6,15,0.6,1,55
6739,1,0,0.0,0.6,15,0.6,0,55
6740,0,-1,4.229686,0.56,14,0.56,0,55
6741,2,1,3.6901126,0.64,16,0.64,0,55
6742,0,-1,-0.0,0.64,16,0.64,0,55
6743,0,-1,-10.984835,0.64,16,0.64,0,55
6744,0,-1,-0.05933546,0.64,16,0.64,0,55
6745,0,-1,8.1233835,0.6,15,0.6,0,55
6746,0,-1,-14.213914,0.6,15,0.6,0,55
6747,0,-1,-12.639616,0.6,15,0.6,0,55
6748,2,1,-3.4687946,0.68,17,0.68,0,55
6749,0,-1,12.521123,0.64,16,0.64,0,55
6750,2,1,-12.256841,0.72,18,0.72,0,55
6751,2,1,-2.1561575,0.76,19,0.76,0,55
6752,0,-1,-0.0,0.76,19,0.76,0,55
6753,0,-1,-0.0,0.76,19,0.76,0,55
6754,0,-1,-0.0389653,0.76,19,0.76,0,55
6755,0,-1,-0.0,0.76,19,0.76,0,55
6756,2,1,-77.69294,0.84,21,0.84,0,55
6757,0,-1,-0.0,0.84,21,0.84,0,55
6758,1,0,0.0,0.84,21,0.84,0,55
6759,0,-1,-0.0,0.84,21,0.84,0,55
6760,2,1,-287.7164,0.92,23,0.92,0,55
6761,0,-1,-0.051156476,0.92,23,0.92,0,55
6762,1,0,0.0,0.92,23,0.92,1,55
6763,2,1,28.75354,1.0,25,1.0,0,55
6764,0,-1,-1000.0,0.0,0,0.0,0,55
6765,0,-1,-0.0,0.16,4,0.16,0,56
6766,2,1,-4.1407347,0.2,5,0.2,0,56
6767,2,1,28.22638,0.24,6,0.24,0,56
6768,0,-1,6.418622,0.2,5,0.2,0,56
6769,0,-1,-0.0,0.2,5,0.2,0,56
6770,2,1,-4.278605,0.24,6,0.24,0,56
6771,2,1,-4.5163865,0.28,7,0.28,0,56
6772,0,-1,-9.478202,0.24,6,0.24,0,56
6773,1,0,0.0,0.24,6,0.24,0,56
6774,0,-1,6.418902,0.2,5,0.2,0,56
6775,2,1,-4.2792473,0.24,6,0.24,0,56
6776,2,1,12.031158,0.4,10,0.4,0,56
6777,0,-1,8.744439,0.36,9,0.36,1,56
6778,0,-1,-5.590295,0.32,8,0.32,0,56
6779,2,1,21.558634,0.4,10,0.4,0,56
6780,2,1,17.415073,0.48,12,0.48,0,56
6781,0,-1,-3.5080209,0.44,11,0.44,0,56
6782,2,1,21.799833,0.48,12,0.48,0,56
6783,1,0,0.0,0.48,12,0.48,0,56
6784,0,-1,0.6656919,0.44,11,0.44,0,56
6785,2,1,3.304374,0.56,14,0.56,0,56
6786,0,-1,1.2122365,0.52,13,0.52,0,56
6787,1,0,0.0,0.52,13,0.52,0,56
6788,2,1,17.1667,0.56,14,0.56,0,56
6789,0,-1,14.8827505,0.52,13,0.52,0,56
6790,0,-1,-13.618133,0.52,13,0.52,0,56
6791,0,-1,-0.0,0.52,13,0.52,0,56
6792,2,1,17.41956,0.56,14,0.56,0,56
6793,2,1,17.796406,0.6,15,0.6,0,56
6794,0,-1,4.009586,0.56,14,0.56,0,56
6795,1,0,0.0,0.56,14,0.56,0,56
6796,0,-1,0.09136326,0.52,13,0.52,0,56
6797,0,-1,-0.19155237,0.52,13,0.52,0,56
6798,0,-1,-0.0,0.52,13,0.52,0,56
6799,0,-1,-0.18360236,0.52,13,0.52,0,56
6800,0,-1,-0.00013884548,0.52,13,0.52,0,56
6801,0,-1,-0.0,0.52,13,0.52,0,56
6802,0,-1,-0.10344127,0.52,13,0.52,1,56
6803,2,1,8.231914,0.6,15,0.6,0,56
6804,0,-1,-0.0,0.6,15,0.6,0,56
6805,2,1,13.413281,0.64,16,0.64,0,56
6806,0,-1,-13.032256,0.64,16,0.64,0,56
6807,1,0,0.0,0.64,16,0.64,0,56
6808,1,0,0.0,0.64,16,0.64,0,56
6809,0,-1,-13.3986435,0.64,16,0.64,0,56
6810,2,1,7.2577825,0.68,17,0.68,1,56
6811,0,-1,-0.0,0.68,17,0.68,0,56
6812,2,1,-25.290096,0.76,19,0.76,0,56
6813,0,-1,32.139328,0.72,18,0.72,1,56
6814,0,-1,-0.0,0.72,18,0.72,0,56
6815,2,1,-418.7171,0.92,23,0.92,0,56
6816,0,-1,300.16992,0.88,22,0.88,0,56
6817,0,-1,143.11903,0.84,21,0.84,0,56
6818,0,-1,80.824615,0.8,20,0.8,0,56
6819,2,1,-37.60377,0.84,21,0.84,0,56
6820,0,-1,-3.7525563e-06,0.84,21,0.84,0,56
6821,0,-1,80.597336,0.8,20,0.8,0,56
6822,0,-1,48.825165,0.76,19,0.76,0,56
6823,0,-1,-4.210077e-06,0.76,19,0.76,0,56
6824,2,1,-16.124214,0.8,20,0.8,0,56
6825,0,-1,-13.4308405,0.8,20,0.8,0,56
6826,2,1,-141.21184,0.88,22,0.88,0,56
6827,0,-1,-13.136636,0.88,22,0.88,0,56
6828,0,-1,-0.0,0.88,22,0.88,0,56
6829,0,-1,-0.0,0.88,22,0.88,0,56
6830,0,-1,-3.882457e-06,0.88,22,0.88,0,56
6831,0,-1,-0.0,0.88,22,0.88,0,56
6832,0,-1,-11.969204,0.88,22,0.88,0,56
6833,0,-1,-3.384037e-06,0.88,22,0.88,0,56
6834,1,0,0.0,0.88,22,0.88,0,56
6835,0,-1,-0.00027723497,0.88,22,0.88,0,56
6836,0,-1,142.8458,0.84,21,0.84,0,56
6837,0,-1,81.275375,0.8,20,0.8,0,56
6838,1,0,0.0,0.8,20,0.8,0,56
6839,2,1,-140.7185,0.88,22,0.88,0,56
6840,2,1,-806.5934,0.96,24,0.96,0,56
6841,0,-1,923.6804,0.92,23,0.92,0,56
6842,0,-1,-0.03712593,0.92,23,0.92,1,56
6843,1,0,0.0,0.92,23,0.92,0,56
6844,0,-1,-10.260258,0.92,23,0.92,0,56
6845,2,1,-597.5891,0.96,24,0.96,0,56
6846,0,-1,-11.48639,0.96,24,0.96,0,56
6847,0,-1,924.0605,0.92,23,0.92,0,56
6848,0,-1,299.9452,0.88,22,0.88,0,56
6849,0,-1,-11.049481,0.88,22,0.88,0,56
6850,1,0,0.0,0.88,22,0.88,0,56
6851,0,-1,-0.015028832,0.88,22,0.88,0,56
6852,0,-1,-0.17126225,0.88,22,0.88,0,56
6853,0,-1,-0.0,0.88,22,0.88,0,56
6854,0,-1,-0.08659863,0.88,22,0.88,0,56
6855,0,-1,144.299,0.84,21,0.84,1,56
6856,0,-1,-9.770181,0.84,21,0.84,0,56
6857,1,0,0.0,0.84,21,0.84,0,56
6858,0,-1,-0.0,0.84,21,0.84,0,56
6859,0,-1,82.559006,0.8,20,0.8,1,56
6860,0,-1,49.887524,0.76,19,0.76,0,56
6861,0,-1,-9.757225,0.76,19,0.76,0,56
6862,0,-1,-0.0,0.76,19,0.76,0,56
6863,0,-1,32.47476,0.72,18,0.72,0,56
6864,1,0,0.0,0.72,18,0.72,0,56
6865,0,-1,-0.0,0.72,18,0.72,0,56
6866,2,1,-43.26433,0.8,20,0.8,0,56
6867,0,-1,49.621746,0.76,19,0.76,0,56
6868,0,-1,32.12204,0.72,18,0.72,0,56
6869,2,1,-4.4115696,0.76,19,0.76,0,56
6870,2,1,-14.943478,0.8,20,0.8,0,56
6871,2,1,29.22174,1.0,25,1.0,0,56
6872,0,-1,-1000.0,0.0,0,0.0,0,56
6873,2,1,28.364332,0.2,5,0.2,0,57
6874,1,0,0.0,0.2,5,0.2,0,57
6875,1,0,0.0,0.2,5,0.2,0,57
6876,2,1,-4.278605,0.24,6,0.24,0,57
6877,1,0,0.0,0.24,6,0.24,0,57
6878,2,1,27.971514,0.28,7,0.28,0,57
6879,2,1,23.19499,0.32,8,0.32,0,57
6880,2,1,26.008978,0.36,9,0.36,0,57
6881,0,-1,-6.100755,0.32,8,0.32,0,57
6882,1,0,0.0,0.32,8,0.32,0,57
6883,1,0,0.0,0.32,8,0.32,0,57
6884,0,-1,7.2716193,0.28,7,0.28,0,57
6885,0,-1,-0.07821054,0.28,7,0.28,0,57
6886,2,1,21.334368,0.36,9,0.36,0,57
6887,0,-1,-0.090574436,0.36,9,0.36,0,57
6888,1,0,0.0,0.36,9,0.36,0,57
6889,0,-1,-0.0,0.36,9,0.36,0,57
6890,0,-1,-0.0,0.36,9,0.36,1,57
6891,0,-1,-7.0029774,0.32,8,0.32,0,57
6892,0,-1,-0.0,0.32,8,0.32,0,57
6893,1,0,0.0,0.32,8,0.32,0,57
6894,0,-1,-8.356696,0.28,7,0.28,0,57
6895,2,1,14.051791,0.32,8,0.32,0,57
6896,0,-1,-2.1779249,0.28,7,0.28,0,57
6897,2,1,18.179054,0.36,9,0.36,0,57
6898,0,-1,-9.118363e-08,0.36,9,0.36,0,57
6899,1,0,0.0,0.36,9,0.36,0,57
6900,2,1,18.911573,0.44,11,0.44,0,57
6901,0,-1,-0.0,0.44,11,0.44,0,57
6902,0,-1,-0.0,0.44,11,0.44,0,57
6903,2,1,3.1968956,0.56,14,0.56,0,57
6904,0,-1,-0.09012973,0.56,14,0.56,0,57
6905,2,1,-17.097868,0.68,17,0.68,0,57
6906,0,-1,-1.6692667e-08,0.68,17,0.68,0,57
6907,0,-1,12.334075,0.64,16,0.64,0,57
6908,0,-1,-0.0010165861,0.64,16,0.64,0,57
6909,2,1,11.892595,0.68,17,0.68,0,57
6910,0,-1,-0.00113119,0.68,17,0.68,0,57
6911,2,1,6.850847,0.72,18,0.72,0,57
6912,0,-1,19.199478,0.68,17,0.68,0,57
6913,0,-1,14.485461,0.64,16,0.64,0,57
6914,0,-1,8.118037,0.6,15,0.6,0,57
6915,2,1,1.0897101,0.64,16,0.64,0,57
6916,0,-1,-1.3684324e-05,0.64,16,0.64,1,57
6917,0,-1,8.50942,0.6,15,0.6,0,57
6918,0,-1,-0.0,0.6,15,0.6,0,57
6919,0,-1,-0.0,0.6,15,0.6,0,57
6920,0,-1,3.6930807,0.56,14,0.56,0,57
6921,0,-1,-10.792343,0.56,14,0.56,0,57
6922,2,1,-6.1307263,0.64,16,0.64,0,57
6923,2,1,-41.357624,0.76,19,0.76,0,57
6924,0,-1,-0.0019143593,0.76,19,0.76,0,57
6925,1,0,0.0,0.76,19,0.76,0,57
6926,0,-1,37.43939,0.72,18,0.72,0,57
6927,0,-1,-0.0,0.72,18,0.72,0,57
6928,0,-1,20.40823,0.68,17,0.68,0,57
6929,0,-1,12.328116,0.64,16,0.64,0,57
6930,0,-1,7.4427724,0.6,15,0.6,0,57
6931,0,-1,-0.0,0.6,15,0.6,0,57
6932,1,0,0.0,0.6,15,0.6,0,57
6933,2,1,-2.0548325,0.68,17,0.68,0,57
6934,0,-1,18.710163,0.64,16,0.64,0,57
6935,0,-1,8.3478155,0.6,15,0.6,0,57
6936,2,1,-55.624607,0.76,19,0.76,0,57
6937,0,-1,-5.8076086e-05,0.76,19,0.76,0,57
6938,0,-1,-0.011873349,0.76,19,0.76,0,57
6939,1,0,0.0,0.76,19,0.76,0,57
6940,0,-1,-5.5265846e-05,0.76,19,0.76,0,57
6941,0,-1,-0.010646957,0.76,19,0.76,1,57
6942,0,-1,31.496655,0.72,18,0.72,0,57
6943,2,1,-1.703046,0.76,19,0.76,0,57
6944,0,-1,-11.234182,0.76,19,0.76,0,57
6945,0,-1,-8.513163,0.76,19,0.76,0,57
6946,0,-1,-12.858453,0.76,19,0.76,0,57
6947,0,-1,-7.759385e-05,0.76,19,0.76,1,57
6948,0,-1,-10.304516,0.76,19,0.76,0,57
6949,2,1,-15.707616,0.8,20,0.8,0,57
6950,0,-1,49.839817,0.76,19,0.76,0,57
6951,0,-1,33.896038,0.72,18,0.72,0,57
6952,0,-1,19.254303,0.68,17,0.68,0,57
6953,0,-1,12.41707,0.64,16,0.64,0,57
6954,0,-1,-0.0019212513,0.64,16,0.64,0,57
6955,1,0,0.0,0.64,16,0.64,0,57
6956,0,-1,-0.0,0.64,16,0.64,0,57
6957,0,-1,-0.0019762237,0.64,16,0.64,0,57
6958,0,-1,-0.0,0.64,16,0.64,0,57
6959,0,-1,6.637681,0.6,15,0.6,0,57
6960,0,-1,-0.0016383494,0.6,15,0.6,0,57
6961,0,-1,-0.0016511674,0.6,15,0.6,0,57
6962,0,-1,3.3733895,0.56,14,0.56,0,57
6963,0,-1,0.6731706,0.52,13,0.52,0,57
6964,0,-1,-1.2517912,0.48,12,0.48,0,57
6965,2,1,19.855618,0.52,13,0.52,0,57
6966,0,-1,-2.5682645,0.48,12,0.48,0,57
6967,0,-1,-0.0,0.48,12,0.48,0,57
6968,2,1,17.245686,0.52,13,0.52,0,57
6969,1,0,0.0,0.52,13,0.52,0,57
6970,0,-1,-0.0,0.52,13,0.52,0,57
6971,0,-1,-0.0,0.52,13,0.52,0,57
6972,0,-1,3.7291493,0.48,12,0.48,0,57
6973,0,-1,-1.7841551,0.44,11,0.44,0,57
6974,0,-1,-6.0307813,0.4,10,0.4,0,57
6975,2,1,15.072118,0.44,11,0.44,0,57
6976,0,-1,-3.3801823,0.4,10,0.4,0,57
6977,2,1,8.962186,0.52,13,0.52,1,57
6978,0,-1,-0.7686149,0.48,12,0.48,0,57
6979,0,-1,-3.1202223,0.44,11,0.44,0,57
6980,2,1,4.0743003,0.56,14,0.56,0,57
6981,0,-1,3.4302006,0.52,13,0.52,0,57
6982,1,0,0.0,0.52,13,0.52,0,57
6983,2,1,6.3733606,0.6,15,0.6,0,57
6984,0,-1,-0.0,0.6,15,0.6,0,57
6985,0,-1,4.4160376,0.56,14,0.56,0,57
6986,2,1,2.0040264,0.64,16,0.64,0,57
6987,0,-1,-0.00022027176,0.64,16,0.64,0,57
6988,0,-1,-0.0,0.64,16,0.64,0,57
6989,1,0,0.0,0.64,16,0.64,0,57
6990,0,-1,7.5105042,0.6,15,0.6,0,57
6991,0,-1,4.8255663,0.56,14,0.56,0,57
6992,0,-1,3.1067991,0.52,13,0.52,0,57
6993,0,-1,-0.5168666,0.48,12,0.48,0,57
6994,1,0,0.0,0.48,12,0.48,0,57
6995,2,1,-15.3216095,0.64,16,0.64,0,57
6996,2,1,7.981868,0.68,17,0.68,0,57
6997,0,-1,12.758539,0.64,16,0.64,0,57
6998,0,-1,8.570888,0.6,15,0.6,0,57
6999,0,-1,-0.0,0.6,15,0.6,0,57
7000,0,-1,-0.00019749341,0.6,15,0.6,1,57
7001,0,-1,2.9520135,0.56,14,0.56,0,57
7002,0,-1,-13.201106,0.56,14,0.56,0,57
7003,0,-1,-0.015065164,0.56,14,0.56,0,57
7004,0,-1,-0.0,0.56,14,0.56,0,57
7005,1,0,0.0,0.56,14,0.56,0,57
7006,0,-1,-0.0,0.56,14,0.56,0,57
7007,0,-1,0.10787733,0.52,13,0.52,0,57
7008,0,-1,-13.387571,0.52,13,0.52,0,57
7009,0,-1,-13.127655,0.52,13,0.52,0,57
7010,0,-1,-12.170856,0.52,13,0.52,1,57
7011,0,-1,-11.766975,0.52,13,0.52,0,57
7012,0,-1,-13.049811,0.52,13,0.52,0,57
7013,0,-1,-13.151714,0.52,13,0.52,0,57
7014,0,-1,-0.0025639187,0.52,13,0.52,0,57
7015,0,-1,-0.0021753872,0.52,13,0.52,0,57
7016,2,1,-5.860413,0.64,16,0.64,0,57
7017,0,-1,-0.08617784,0.64,16,0.64,0,57
7018,2,1,8.639979,0.68,17,0.68,0,57
7019,0,-1,-0.078685686,0.68,17,0.68,0,57
7020,0,-1,-0.0021244884,0.68,17,0.68,0,57
7021,0,-1,13.667779,0.64,16,0.64,0,57
7022,0,-1,-0.0,0.64,16,0.64,0,57
7023,2,1,9.933723,0.68,17,0.68,0,57
7024,1,0,0.0,0.68,17,0.68,0,57
7025,1,0,0.0,0.68,17,0.68,0,57
7026,0,-1,-0.0,0.68,17,0.68,0,57
7027,0,-1,-12.147337,0.68,17,0.68,0,57
7028,0,-1,-0.015655281,0.68,17,0.68,0,57
7029,0,-1,-0.0,0.68,17,0.68,0,57
7030,0,-1,-0.0003063948,0.68,17,0.68,0,57
7031,0,-1,-0.0,0.68,17,0.68,0,57
7032,1,0,0.0,0.68,17,0.68,0,57
7033,0,-1,-0.00032738558,0.68,17,0.68,0,57
7034,0,-1,-0.0021205975,0.68,17,0.68,0,57
7035,0,-1,12.769078,0.64,16,0.64,0,57
7036,0,-1,-0.0003490694,0.64,16,0.64,1,57
7037,0,-1,-13.289368,0.64,16,0.64,0,57
7038,0,-1,-12.140118,0.64,16,0.64,0,57
7039,0,-1,-0.0020538066,0.64,16,0.64,0,57
7040,2,1,-13.243663,0.72,18,0.72,0,57
7041,0,-1,-0.011419114,0.72,18,0.72,0,57
7042,0,-1,20.886013,0.68,17,0.68,0,57
7043,0,-1,-0.0020792603,0.68,17,0.68,0,57
7044,0,-1,-0.013518865,0.68,17,0.68,0,57
7045,0,-1,-0.0,0.68,17,0.68,0,57
7046,2,1,3.5529916,0.72,18,0.72,0,57
7047,0,-1,-12.816648,0.72,18,0.72,0,57
7048,0,-1,-0.0,0.72,18,0.72,0,57
7049,0,-1,-0.0,0.72,18,0.72,0,57
7050,0,-1,-0.012120011,0.72,18,0.72,0,57
7051,0,-1,-0.011711804,0.72,18,0.72,0,57
7052,0,-1,21.395044,0.68,17,0.68,0,57
7053,0,-1,-0.0020439175,0.68,17,0.68,0,57
7054,0,-1,-0.0,0.68,17,0.68,0,57
7055,0,-1,-9.256086,0.68,17,0.68,0,57
7056,0,-1,-0.0,0.68,17,0.68,0,57
7057,0,-1,13.098209,0.64,16,0.64,0,57
7058,0,-1,8.31538,0.6,15,0.6,1,57
7059,0,-1,3.9387343,0.56,14,0.56,0,57
7060,0,-1,-0.0,0.56,14,0.56,0,57
7061,0,-1,-13.148798,0.56,14,0.56,0,57
7062,0,-1,-0.00041874757,0.56,14,0.56,0,57
7063,0,-1,0.10556992,0.52,13,0.52,0,57
7064,0,-1,-1.6126455,0.48,12,0.48,0,57
7065,0,-1,-0.0,0.48,12,0.48,0,57
7066,1,0,0.0,0.48,12,0.48,0,57
7067,1,0,0.0,0.48,12,0.48,0,57
7068,2,1,-1.2066108,0.6,15,0.6,0,57
7069,0,-1,3.7543147,0.56,14,0.56,0,57
7070,0,-1,-0.51282907,0.52,13,0.52,0,57
7071,0,-1,-1.3761575,0.48,12,0.48,0,57
7072,0,-1,-7.407311e-06,0.48,12,0.48,0,57
7073,0,-1,-15.743066,0.48,12,0.48,0,57
7074,2,1,19.748941,0.52,13,0.52,0,57
7075,1,0,0.0,0.52,13,0.52,0,57
7076,0,-1,-8.602961e-06,0.52,13,0.52,0,57
7077,0,-1,-0.84133583,0.48,12,0.48,0,57
7078,0,-1,-0.0016699923,0.48,12,0.48,0,57
7079,0,-1,-0.0,0.48,12,0.48,0,57
7080,0,-1,-3.0357826,0.44,11,0.44,1,57
7081,0,-1,-4.4255037,0.4,10,0.4,0,57
7082,0,-1,-3.448521,0.36,9,0.36,0,57
7083,0,-1,-6.828369,0.32,8,0.32,0,57
7084,0,-1,-0.0,0.32,8,0.32,0,57
7085,0,-1,-0.0,0.32,8,0.32,0,57
7086,0,-1,-8.275405,0.28,7,0.28,0,57
7087,2,1,26.246569,0.32,8,0.32,0,57
7088,0,-1,-8.596065,0.28,7,0.28,0,57
7089,2,1,26.629711,0.32,8,0.32,0,57
7090,2,1,22.16643,0.36,9,0.36,0,57
7091,2,1,22.058966,0.4,10,0.4,0,57
7092,2,1,6.5704713,0.52,13,0.52,0,57
7093,0,-1,-0.00058099424,0.52,13,0.52,0,57
7094,0,-1,-2.991372,0.48,12,0.48,0,57
7095,0,-1,-1.4371913e-05,0.48,12,0.48,0,57
7096,0,-1,-1.4830488e-05,0.48,12,0.48,1,57
7097,0,-1,-2.988675,0.44,11,0.44,0,57
7098,0,-1,-13.5047865,0.44,11,0.44,0,57
7099,0,-1,-4.4752684,0.4,10,0.4,0,57
7100,2,1,25.057528,0.44,11,0.44,0,57
7101,0,-1,-4.419852,0.4,10,0.4,0,57
7102,2,1,15.03184,0.48,12,0.48,0,57
7103,1,0,0.0,0.48,12,0.48,0,57
7104,0,-1,-0.0,0.48,12,0.48,0,57
7105,0,-1,-0.0,0.48,12,0.48,0,57
7106,0,-1,-0.0012643615,0.48,12,0.48,1,57
7107,2,1,21.736334,0.52,13,0.52,0,57
7108,2,1,4.836743,0.6,15,0.6,0,57
7109,0,-1,3.6281092,0.56,14,0.56,0,57
7110,0,-1,1.6139491,0.52,13,0.52,0,57
7111,1,0,0.0,0.52,13,0.52,1,57
7112,2,1,16.702114,0.56,14,0.56,0,57
7113,0,-1,-10.448445,0.56,14,0.56,0,57
7114,0,-1,-1.8429851e-06,0.56,14,0.56,0,57
7115,2,1,3.3716037,0.64,16,0.64,0,57
7116,0,-1,8.117726,0.6,15,0.6,0,57
7117,2,1,15.14022,0.64,16,0.64,0,57
7118,0,-1,-0.0022794355,0.64,16,0.64,0,57
7119,2,1,10.320542,0.68,17,0.68,0,57
7120,2,1,4.945558,0.72,18,0.72,0,57
7121,0,-1,-0.0,0.72,18,0.72,0,57
7122,0,-1,-13.752714,0.72,18,0.72,0,57
7123,0,-1,19.985506,0.68,17,0.68,0,57
7124,2,1,3.9116292,0.72,18,0.72,0,57
7125,1,0,0.0,0.72,18,0.72,0,57
7126,2,1,-2.5288599,0.76,19,0.76,1,57
7127,0,-1,31.280056,0.72,18,0.72,0,57
7128,2,1,-42.71179,0.8,20,0.8,0,57
7129,0,-1,-13.930033,0.8,20,0.8,0,57
7130,0,-1,52.089573,0.76,19,0.76,0,57
7131,0,-1,-0.0021695516,0.76,19,0.76,0,57
7132,0,-1,31.002478,0.72,18,0.72,0,57
7133,0,-1,21.395708,0.68,17,0.68,0,57
7134,0,-1,14.609542,0.64,16,0.64,0,57
7135,1,0,0.0,0.64,16,0.64,0,57
7136,0,-1,8.158848,0.6,15,0.6,0,57
7137,2,1,-4.9002643,0.68,17,0.68,0,57
7138,1,0,0.0,0.68,17,0.68,0,57
7139,2,1,-24.805809,0.76,19,0.76,0,57
7140,0,-1,-0.0,0.76,19,0.76,0,57
7141,0,-1,-0.0025188911,0.76,19,0.76,0,57
7142,0,-1,-0.0,0.76,19,0.76,0,57
7143,1,0,0.0,0.76,19,0.76,0,57
7144,2,1,-16.742296,0.8,20,0.8,0,57
7145,2,1,-350.0318,0.92,23,0.92,0,57
7146,0,-1,-0.0,0.92,23,0.92,0,57
7147,0,-1,-0.0,0.92,23,0.92,1,57
7148,0,-1,-12.1001005,0.92,23,0.92,0,57
7149,0,-1,-0.0,0.92,23,0.92,0,57
7150,0,-1,-0.04887513,0.92,23,0.92,0,57
7151,0,-1,-8.406441,0.92,23,0.92,0,57
7152,0,-1,300.29538,0.88,22,0.88,0,57
7153,2,1,-185.6136,0.92,23,0.92,0,57
7154,0,-1,300.5094,0.88,22,0.88,0,57
7155,0,-1,-13.05538,0.88,22,0.88,0,57
7156,0,-1,-0.0,0.88,22,0.88,0,57
7157,0,-1,-12.956204,0.88,22,0.88,0,57
7158,0,-1,-0.017065702,0.88,22,0.88,0,57
7159,0,-1,-0.05201163,0.88,22,0.88,0,57
7160,0,-1,-13.778076,0.88,22,0.88,0,57
7161,2,1,-184.20673,0.92,23,0.92,0,57
7162,2,1,-604.4971,0.96,24,0.96,0,57
7163,0,-1,-0.00090270175,0.96,24,0.96,0,57
7164,2,1,-1000.0,0.0,0,0.0,0,57
7165,2,1,28.364332,0.2,5,0.2,0,58
7166,0,-1,-0.0,0.2,5,0.2,0,58
7167,0,-1,-10.04084,0.16,4,0.16,0,58
7168,0,-1,-0.0,0.16,4,0.16,0,58
7169,2,1,28.346605,0.2,5,0.2,0,58
7170,2,1,19.461393,0.28,7,0.28,0,58
7171,0,-1,-7.3539176,0.24,6,0.24,0,58
7172,0,-1,6.418622,0.2,5,0.2,0,58
7173,0,-1,-0.0,0.2,5,0.2,0,58
7174,2,1,28.22638,0.24,6,0.24,0,58
7175,2,1,-4.515744,0.28,7,0.28,0,58
7176,0,-1,-9.469339,0.24,6,0.24,0,58
7177,2,1,23.38718,0.32,8,0.32,0,58
7178,2,1,17.881195,0.4,10,0.4,0,58
7179,2,1,24.763365,0.44,11,0.44,0,58
7180,0,-1,-4.4694242,0.4,10,0.4,0,58
7181,0,-1,-6.9002895,0.36,9,0.36,0,58
7182,1,0,0.0,0.36,9,0.36,1,58
7183,2,1,19.072426,0.44,11,0.44,0,58
7184,2,1,14.012869,0.48,12,0.48,0,58
7185,0,-1,-0.0,0.48,12,0.48,0,58
7186,0,-1,-17.311111,0.52,13,0.52,0,58
7187,0,-1,-2.0557802,0.48,12,0.48,0,58
7188,0,-1,2.2750447,0.44,11,0.44,0,58
7189,0,-1,-5.8338037,0.4,10,0.4,0,58
7190,1,0,0.0,0.4,10,0.4,0,58
7191,2,1,8.978189,0.52,13,0.52,0,58
7192,0,-1,-0.08235685,0.52,13,0.52,0,58
7193,0,-1,-1.9890724,0.48,12,0.48,0,58
7194,0,-1,-2.885313,0.44,11,0.44,0,58
7195,2,1,22.081188,0.48,12,0.48,0,58
7196,2,1,21.108173,0.52,13,0.52,0,58
7197,0,-1,-0.0,0.52,13,0.52,0,58
7198,0,-1,-0.0,0.52,13,0.52,0,58
7199,0,-1,-1.9890724,0.48,12,0.48,0,58
7200,0,-1,0.38546184,0.44,11,0.44,0,58
7201,2,1,8.136422,0.48,12,0.48,1,58
7202,0,-1,-15.232384,0.48,12,0.48,0,58
7203,0,-1,-3.7042592,0.44,11,0.44,0,58
7204,0,-1,-0.0,0.44,11,0.44,0,58
7205,2,1,21.797897,0.48,12,0.48,0,58
7206,0,-1,-3.5070522,0.44,11,0.44,0,58
7207,0,-1,-0.0,0.44,11,0.44,0,58
7208,1,0,0.0,0.44,11,0.44,1,58
7209,2,1,20.437698,0.48,12,0.48,0,58
7210,0,-1,-0.0,0.48,12,0.48,0,58
7211,0,-1,2.081817,0.44,11,0.44,0,58
7212,1,0,0.0,0.44,11,0.44,1,58
7213,0,-1,-4.4343753,0.4,10,0.4,0,58
7214,1,0,0.0,0.4,10,0.4,0,58
7215,1,0,0.0,0.4,10,0.4,0,58
7216,0,-1,-5.4884686,0.36,9,0.36,0,58
7217,1,0,0.0,0.36,9,0.36,0,58
7218,0,-1,-3.2537975,0.32,8,0.32,0,58
7219,2,1,11.335029,0.44,11,0.44,0,58
7220,2,1,10.802914,0.52,13,0.52,0,58
7221,2,1,-1.6871384,0.6,15,0.6,0,58
7222,0,-1,-8.5159354e-07,0.6,15,0.6,0,58
7223,0,-1,-0.0,0.6,15,0.6,0,58
7224,0,-1,1.6210304,0.56,14,0.56,0,58
7225,1,0,0.0,0.56,14,0.56,0,58
7226,0,-1,0.7898473,0.52,13,0.52,0,58
7227,2,1,21.578901,0.56,14,0.56,0,58
7228,1,0,0.0,0.56,14,0.56,0,58
7229,2,1,6.814176,0.6,15,0.6,0,58
7230,0,-1,-0.0,0.6,15,0.6,0,58
7231,0,-1,1.9299145,0.56,14,0.56,0,58
7232,0,-1,1.5367478,0.52,13,0.52,0,58
7233,0,-1,-0.0,0.52,13,0.52,0,58
7234,2,1,-4.3531847,0.64,16,0.64,0,58
7235,0,-1,13.109094,0.6,15,0.6,0,58
7236,0,-1,8.0695095,0.56,14,0.56,0,58
7237,2,1,13.51899,0.6,15,0.6,0,58
7238,0,-1,3.5046449,0.56,14,0.56,0,58
7239,2,1,16.56454,0.6,15,0.6,0,58
7240,0,-1,-0.10637658,0.6,15,0.6,0,58
7241,0,-1,3.5046449,0.56,14,0.56,0,58
7242,2,1,5.0296416,0.6,15,0.6,1,58
7243,1,0,0.0,0.6,15,0.6,0,58
7244,0,-1,5.778402,0.56,14,0.56,0,58
7245,2,1,18.316269,0.6,15,0.6,0,58
7246,0,-1,2.628781,0.56,14,0.56,0,58
7247,0,-1,-15.096921,0.56,14,0.56,0,58
7248,0,-1,-0.0,0.56,14,0.56,0,58
7249,0,-1,-0.0,0.56,14,0.56,0,58
7250,1,0,0.0,0.56,14,0.56,0,58
7251,0,-1,0.145569,0.52,13,0.52,0,58
7252,2,1,-16.659916,0.64,16,0.64,0,58
7253,0,-1,-0.0,0.64,16,0.64,0,58
7254,0,-1,5.638395,0.6,15,0.6,0,58
7255,0,-1,-0.0,0.6,15,0.6,0,58
7256,1,0,0.0,0.6,15,0.6,0,58
7257,0,-1,5.0355535,0.56,14,0.56,1,58
7258,0,-1,-24.398567,0.6,15,0.6,0,58
7259,0,-1,-7.1019225,0.6,15,0.6,0,58
7260,0,-1,-1.4617999e-07,0.6,15,0.6,0,58
7261,0,-1,5.068723,0.56,14,0.56,0,58
7262,0,-1,-0.6382657,0.52,13,0.52,0,58
7263,0,-1,-1.2508773,0.48,12,0.48,1,58
7264,2,1,19.3639,0.52,13,0.52,0,58
7265,0,-1,2.3542295,0.48,12,0.48,0,58
7266,0,-1,-5.469655,0.44,11,0.44,0,58
7267,0,-1,-20.20189,0.48,12,0.48,0,58
7268,2,1,13.930064,0.56,14,0.56,0,58
7269,2,1,3.2672758,0.6,15,0.6,0,58
7270,0,-1,-0.16700202,0.6,15,0.6,0,58
7271,0,-1,4.8703785,0.56,14,0.56,0,58
7272,0,-1,-24.59691,0.6,15,0.6,0,58
7273,0,-1,-0.0,0.6,15,0.6,0,58
7274,0,-1,4.8703785,0.56,14,0.56,0,58
7275,0,-1,1.6404475,0.52,13,0.52,0,58
7276,1,0,0.0,0.52,13,0.52,0,58
7277,0,-1,-1.1836365,0.48,12,0.48,0,58
7278,0,-1,3.5607483,0.44,11,0.44,0,58
7279,1,0,0.0,0.44,11,0.44,0,58
7280,0,-1,-6.392554,0.4,10,0.4,0,58
7281,2,1,21.341396,0.44,11,0.44,0,58
7282,0,-1,-4.1498833,0.4,10,0.4,0,58
7283,2,1,10.167226,0.44,11,0.44,0,58
7284,0,-1,-22.0699,0.48,12,0.48,0,58
7285,2,1,2.1443415,0.6,15,0.6,0,58
7286,0,-1,5.333562,0.56,14,0.56,0,58
7287,2,1,12.382345,0.6,15,0.6,0,58
7288,1,0,0.0,0.6,15,0.6,1,58
7289,0,-1,-0.0,0.6,15,0.6,0,58
7290,0,-1,-15.894817,0.6,15,0.6,0,58
7291,1,0,0.0,0.6,15,0.6,0,58
7292,2,1,16.119959,0.64,16,0.64,0,58
7293,0,-1,6.4401827,0.6,15,0.6,0,58
7294,0,-1,9.342849,0.56,14,0.56,0,58
7295,1,0,0.0,0.56,14,0.56,0,58
7296,0,-1,3.8077958,0.52,13,0.52,0,58
7297,1,0,0.0,0.52,13,0.52,0,58
7298,0,-1,3.1879413,0.48,12,0.48,0,58
7299,1,0,0.0,0.48,12,0.48,0,58
7300,0,-1,-0.0,0.48,12,0.48,0,58
7301,0,-1,-0.97471166,0.44,11,0.44,0,58
7302,0,-1,-2.918898,0.4,10,0.4,0,58
7303,1,0,0.0,0.4,10,0.4,0,58
7304,1,0,0.0,0.4,10,0.4,0,58
7305,0,-1,-14.125995,0.4,10,0.4,0,58
7306,0,-1,-0.0,0.4,10,0.4,0,58
7307,0,-1,-4.141968,0.36,9,0.36,0,58
7308,0,-1,-18.205427,0.4,10,0.4,0,58
7309,0,-1,-0.049794618,0.4,10,0.4,0,58
7310,0,-1,-4.0478888,0.36,9,0.36,1,58
7311,1,0,0.0,0.36,9,0.36,0,58
7312,2,1,24.527029,0.4,10,0.4,0,58
7313,1,0,0.0,0.4,10,0.4,0,58
7314,2,1,24.385395,0.44,11,0.44,0,58
7315,0,-1,-2.9467146,0.4,10,0.4,0,58
7316,2,1,6.6584883,0.52,13,0.52,1,58
7317,2,1,8.312928,0.6,15,0.6,0,58
7318,2,1,-3.7363,0.68,17,0.68,0,58
7319,0,-1,13.688368,0.64,16,0.64,0,58
7320,0,-1,-12.137785,0.64,16,0.64,0,58
7321,0,-1,7.500494,0.6,15,0.6,0,58
7322,0,-1,3.5821736,0.56,14,0.56,0,58
7323,1,0,0.0,0.56,14,0.56,0,58
7324,0,-1,-5.7519508e-05,0.56,14,0.56,1,58
7325,0,-1,-0.0,0.56,14,0.56,0,58
7326,0,-1,-11.941994,0.56,14,0.56,0,58
7327,0,-1,-5.0491235e-05,0.56,14,0.56,1,58
7328,2,1,1.5949887,0.64,16,0.64,0,58
7329,0,-1,5.3485665,0.6,15,0.6,0,58
7330,2,1,17.556164,0.64,16,0.64,0,58
7331,2,1,10.591261,0.68,17,0.68,0,58
7332,0,-1,-0.0003086522,0.68,17,0.68,0,58
7333,0,-1,-0.00027642277,0.68,17,0.68,0,58
7334,1,0,0.0,0.68,17,0.68,0,58
7335,0,-1,13.008177,0.64,16,0.64,0,58
7336,0,-1,-14.4113655,0.64,16,0.64,0,58
7337,1,0,0.0,0.64,16,0.64,0,58
7338,0,-1,7.024682,0.6,15,0.6,0,58
7339,0,-1,2.2760282,0.56,14,0.56,0,58
7340,2,1,19.021608,0.6,15,0.6,0,58
7341,0,-1,-0.0035927014,0.6,15,0.6,0,58
7342,0,-1,4.330824,0.56,14,0.56,0,58
7343,0,-1,0.71942407,0.52,13,0.52,0,58
7344,0,-1,-0.004302671,0.52,13,0.52,1,58
7345,0,-1,-0.0,0.52,13,0.52,0,58
7346,0,-1,-3.2436981,0.48,12,0.48,0,58
7347,2,1,1.7751673,0.6,15,0.6,0,58
7348,0,-1,-14.40903,0.6,15,0.6,0,58
7349,0,-1,-0.007072922,0.6,15,0.6,0,58
7350,0,-1,-0.20250216,0.6,15,0.6,0,58
7351,0,-1,-0.0,0.6,15,0.6,0,58
7352,2,1,14.976762,0.64,16,0.64,0,58
7353,0,-1,-0.0,0.64,16,0.64,0,58
7354,2,1,-9.880128,0.72,18,0.72,0,58
7355,0,-1,21.121641,0.68,17,0.68,0,58
7356,2,1,-24.06363,0.76,19,0.76,0,58
7357,0,-1,-0.0018165794,0.76,19,0.76,0,58
7358,2,1,-74.93998,0.84,21,0.84,0,58
7359,0,-1,-0.0016630918,0.84,21,0.84,0,58
7360,0,-1,-11.33584,0.84,21,0.84,0,58
7361,0,-1,-0.0016959875,0.84,21,0.84,0,58
7362,0,-1,-0.0039294004,0.84,21,0.84,0,58
7363,0,-1,-0.0,0.84,21,0.84,0,58
7364,0,-1,80.49645,0.8,20,0.8,0,58
7365,0,-1,48.687904,0.76,19,0.76,0,58
7366,0,-1,-6.5060856e-05,0.76,19,0.76,0,58
7367,0,-1,31.31259,0.72,18,0.72,0,58
7368,0,-1,19.231445,0.68,17,0.68,0,58
7369,0,-1,12.466484,0.64,16,0.64,0,58
7370,2,1,9.194616,0.68,17,0.68,0,58
7371,0,-1,-0.06543733,0.68,17,0.68,1,58
7372,1,0,0.0,0.68,17,0.68,0,58
7373,2,1,4.0076466,0.72,18,0.72,0,58
7374,0,-1,-15.2254505,0.72,18,0.72,0,58
7375,0,-1,-10.425678,0.72,18,0.72,0,58
7376,0,-1,19.681536,0.68,17,0.68,0,58
7377,1,0,0.0,0.68,17,0.68,0,58
7378,1,0,0.0,0.68,17,0.68,0,58
7379,2,1,-24.656717,0.76,19,0.76,0,58
7380,0,-1,-0.0,0.76,19,0.76,0,58
7381,2,1,-16.403328,0.8,20,0.8,0,58
7382,0,-1,-0.0,0.8,20,0.8,0,58
7383,0,-1,49.637276,0.76,19,0.76,0,58
7384,0,-1,-0.0,0.76,19,0.76,0,58
7385,0,-1,-8.668867,0.76,19,0.76,0,58
7386,0,-1,-0.0,0.76,19,0.76,0,58
7387,0,-1,-0.0076702023,0.76,19,0.76,0,58
7388,0,-1,-14.743867,0.76,19,0.76,0,58
7389,0,-1,-0.012521521,0.76,19,0.76,1,58
7390,1,0,0.0,0.76,19,0.76,0,58
7391,2,1,-13.284508,0.8,20,0.8,0,58
7392,0,-1,50.167007,0.76,19,0.76,0,58
7393,2,1,-180.46552,0.88,22,0.88,0,58
7394,0,-1,142.33475,0.84,21,0.84,0,58
7395,2,1,-81.42997,0.88,22,0.88,0,58
7396,2,1,-807.63007,0.96,24,0.96,0,58
7397,0,-1,-0.022237059,0.96,24,0.96,0,58
7398,0,-1,924.4785,0.92,23,0.92,0,58
7399,2,1,26.866056,1.0,25,1.0,0,58
7400,0,-1,-1000.0,0.0,0,0.0,0,58
7401,2,1,28.364332,0.2,5,0.2,0,59
7402,1,0,0.0,0.2,5,0.2,0,59
7403,1,0,0.0,0.2,5,0.2,0,59
7404,2,1,-4.278605,0.24,6,0.24,0,59
7405,1,0,0.0,0.24,6,0.24,0,59
7406,2,1,27.971514,0.28,7,0.28,0,59
7407,2,1,26.441492,0.32,8,0.32,0,59
7408,0,-1,-8.372775,0.28,7,0.28,0,59
7409,1,0,0.0,0.28,7,0.28,0,59
7410,2,1,-4.8479395,0.32,8,0.32,0,59
7411,0,-1,7.27194,0.28,7,0.28,0,59
7412,2,1,23.19499,0.32,8,0.32,0,59
7413,2,1,26.003696,0.36,9,0.36,0,59
7414,0,-1,-0.0,0.36,9,0.36,0,59
7415,0,-1,-0.0,0.36,9,0.36,0,59
7416,0,-1,-0.0,0.36,9,0.36,0,59
7417,2,1,19.116451,0.44,11,0.44,0,59
7418,0,-1,-5.043937,0.4,10,0.4,1,59
7419,1,0,0.0,0.4,10,0.4,0,59
7420,0,-1,-5.242865,0.36,9,0.36,0,59
7421,2,1,15.575137,0.4,10,0.4,0,59
7422,2,1,23.085684,0.44,11,0.44,0,59
7423,0,-1,-0.0,0.44,11,0.44,0,59
7424,0,-1,-22.592022,0.48,12,0.48,0,59
7425,0,-1,-0.110133864,0.48,12,0.48,0,59
7426,0,-1,-0.0,0.48,12,0.48,0,59
7427,0,-1,2.2750447,0.44,11,0.44,0,59
7428,0,-1,-0.0,0.44,11,0.44,0,59
7429,1,0,0.0,0.44,11,0.44,0,59
7430,0,-1,-5.022027,0.4,10,0.4,0,59
7431,1,0,0.0,0.4,10,0.4,0,59
7432,2,1,2.7732108,0.52,13,0.52,0,59
7433,0,-1,-5.2329684e-05,0.52,13,0.52,0,59
7434,0,-1,3.9346697,0.48,12,0.48,0,59
7435,0,-1,-0.0,0.48,12,0.48,0,59
7436,2,1,21.108187,0.52,13,0.52,0,59
7437,2,1,18.05,0.56,14,0.56,0,59
7438,2,1,5.838683,0.6,15,0.6,0,59
7439,0,-1,8.867575,0.56,14,0.56,0,59
7440,0,-1,-0.0,0.56,14,0.56,1,59
7441,1,0,0.0,0.56,14,0.56,0,59
7442,2,1,11.041234,0.6,15,0.6,0,59
7443,0,-1,3.7276845,0.56,14,0.56,0,59
7444,0,-1,-0.0,0.56,14,0.56,0,59
7445,1,0,0.0,0.56,14,0.56,0,59
7446,0,-1,-0.0,0.56,14,0.56,0,59
7447,1,0,0.0,0.56,14,0.56,0,59
7448,0,-1,-0.0,0.56,14,0.56,0,59
7449,1,0,0.0,0.56,14,0.56,1,59
7450,1,0,0.0,0.56,14,0.56,0,59
7451,0,-1,-27.356953,0.6,15,0.6,0,59
7452,0,-1,-0.0,0.6,15,0.6,0,59
7453,0,-1,-0.0,0.6,15,0.6,0,59
7454,0,-1,5.8245153,0.56,14,0.56,0,59
7455,1,0,0.0,0.56,14,0.56,0,59
7456,2,1,2.966871,0.64,16,0.64,0,59
7457,2,1,9.495408,0.68,17,0.68,0,59
7458,0,-1,-0.0054282974,0.68,17,0.68,0,59
7459,0,-1,-0.0041678715,0.68,17,0.68,0,59
7460,2,1,3.127884,0.72,18,0.72,0,59
7461,0,-1,21.111889,0.68,17,0.68,0,59
7462,2,1,-23.606018,0.76,19,0.76,0,59
7463,0,-1,33.921402,0.72,18,0.72,0,59
7464,0,-1,20.455738,0.68,17,0.68,0,59
7465,2,1,-23.701708,0.76,19,0.76,0,59
7466,0,-1,31.301476,0.72,18,0.72,0,59
7467,1,0,0.0,0.72,18,0.72,0,59
7468,2,1,-2.4071357,0.76,19,0.76,1,59
7469,0,-1,31.53759,0.72,18,0.72,0,59
7470,0,-1,-0.0,0.72,18,0.72,0,59
7471,0,-1,-13.043585,0.72,18,0.72,0,59
7472,0,-1,-0.0,0.72,18,0.72,0,59
7473,0,-1,22.043411,0.68,17,0.68,0,59
7474,0,-1,-13.89932,0.68,17,0.68,0,59
7475,2,1,-23.865881,0.76,19,0.76,0,59
7476,2,1,-77.28112,0.84,21,0.84,0,59
7477,0,-1,79.84917,0.8,20,0.8,0,59
7478,0,-1,48.826633,0.76,19,0.76,0,59
7479,2,1,-389.21252,0.92,23,0.92,0,59
7480,2,1,26.566084,1.0,25,1.0,0,59
7481,0,-1,-1000.0,0.0,0,0.0,0,59
7482,2,1,28.346605,0.2,5,0.2,0,60
7483,0,-1,-0.0,0.2,5,0.2,0,60
7484,2,1,-4.278687,0.24,6,0.24,0,60
7485,1,0,0.0,0.24,6,0.24,0,60
7486,2,1,-4.51638,0.28,7,0.28,0,60
7487,2,1,16.805927,0.4,10,0.4,0,60
7488,0,-1,-0.13717945,0.4,10,0.4,0,60
7489,0,-1,8.744104,0.36,9,0.36,0,60
7490,2,1,15.692518,0.44,11,0.44,0,60
7491,2,1,23.897566,0.48,12,0.48,0,60
7492,0,-1,11.087825,0.44,11,0.44,1,60
7493,2,1,22.273748,0.48,12,0.48,0,60
7494,0,-1,-2.8994622,0.44,11,0.44,0,60
7495,1,0,0.0,0.44,11,0.44,0,60
7496,2,1,3.3326774,0.56,14,0.56,0,60
7497,0,-1,1.256681,0.52,13,0.52,0,60
7498,1,0,0.0,0.52,13,0.52,0,60
7499,0,-1,-0.0023050383,0.52,13,0.52,0,60
7500,2,1,19.684483,0.56,14,0.56,0,60
7501,0,-1,0.61886024,0.52,13,0.52,0,60
7502,0,-1,3.3450036,0.48,12,0.48,0,60
7503,1,0,0.0,0.48,12,0.48,0,60
7504,0,-1,-0.0,0.48,12,0.48,0,60
7505,1,0,0.0,0.48,12,0.48,0,60
7506,0,-1,-2.8981633,0.44,11,0.44,0,60
7507,0,-1,-0.0,0.44,11,0.44,0,60
7508,1,0,0.0,0.44,11,0.44,0,60
7509,0,-1,-0.0,0.44,11,0.44,0,60
7510,2,1,-8.37595,0.6,15,0.6,0,60
7511,0,-1,-0.0020052684,0.6,15,0.6,0,60
7512,2,1,-25.553396,0.72,18,0.72,0,60
7513,1,0,0.0,0.72,18,0.72,0,60
7514,0,-1,-0.0,0.72,18,0.72,0,60
7515,2,1,-45.20925,0.8,20,0.8,0,60
7516,2,1,-35.238403,0.84,21,0.84,1,60
7517,2,1,-286.26974,0.92,23,0.92,0,60
7518,0,-1,-12.475879,0.92,23,0.92,0,60
7519,0,-1,-13.288662,0.92,23,0.92,0,60
7520,0,-1,-8.950436,0.92,23,0.92,0,60
7521,2,1,-597.53973,0.96,24,0.96,0,60
7522,0,-1,-0.0,0.96,24,0.96,0,60
7523,0,-1,-0.0,0.96,24,0.96,0,60
7524,0,-1,925.4658,0.92,23,0.92,0,60
7525,0,-1,-0.0020254753,0.92,23,0.92,0,60
7526,1,0,0.0,0.92,23,0.92,0,60
7527,0,-1,-0.0,0.92,23,0.92,0,60
7528,0,-1,299.59558,0.88,22,0.88,0,60
7529,0,-1,-0.0,0.88,22,0.88,0,60
7530,0,-1,144.15382,0.84,21,0.84,1,60
7531,2,1,-78.92529,0.88,22,0.88,0,60
7532,0,-1,143.35107,0.84,21,0.84,0,60
7533,0,-1,79.55478,0.8,20,0.8,0,60
7534,0,-1,-12.872058,0.8,20,0.8,0,60
7535,0,-1,49.292694,0.76,19,0.76,0,60
7536,0,-1,-10.968606,0.76,19,0.76,0,60
7537,2,1,-15.317256,0.8,20,0.8,0,60
7538,0,-1,-12.896708,0.8,20,0.8,1,60
7539,0,-1,49.649014,0.76,19,0.76,0,60
7540,0,-1,-13.074409,0.76,19,0.76,0,60
7541,0,-1,-12.60047,0.76,19,0.76,0,60
7542,0,-1,-11.170867,0.76,19,0.76,0,60
7543,0,-1,-11.311718,0.76,19,0.76,0,60
7544,0,-1,-0.001878641,0.76,19,0.76,0,60
7545,0,-1,-0.0021351879,0.76,19,0.76,0,60
7546,0,-1,-8.586246,0.76,19,0.76,0,60
7547,0,-1,-10.784719,0.76,19,0.76,0,60
7548,0,-1,-1.0823524e-06,0.76,19,0.76,0,60
7549,1,0,0.0,0.76,19,0.76,0,60
7550,2,1,-180.14232,0.88,22,0.88,0,60
7551,0,-1,-0.0,0.88,22,0.88,0,60
7552,0,-1,-0.0,0.88,22,0.88,0,60
7553,2,1,-180.93353,0.92,23,0.92,0,60
7554,0,-1,-0.002144995,0.92,23,0.92,0,60
7555,0,-1,-0.0,0.92,23,0.92,0,60
7556,0,-1,-0.025034523,0.92,23,0.92,0,60
7557,0,-1,-0.024357723,0.92,23,0.92,0,60
7558,0,-1,-0.024630519,0.92,23,0.92,0,60
7559,2,1,-601.66534,0.96,24,0.96,0,60
7560,0,-1,-0.0056426665,0.96,24,0.96,0,60
7561,0,-1,923.6218,0.92,23,0.92,0,60
7562,0,-1,-0.00011583353,0.92,23,0.92,0,60
7563,0,-1,-0.006048538,0.92,23,0.92,0,60
7564,0,-1,298.91843,0.88,22,0.88,0,60
7565,0,-1,-0.0060624518,0.88,22,0.88,0,60
7566,0,-1,144.93584,0.84,21,0.84,0,60
7567,2,1,-1000.0,0.0,0,0.0,0,60
7568,2,1,28.346605,0.2,5,0.2,0,61
7569,1,0,0.0,0.2,5,0.2,0,61
7570,2,1,23.968313,0.28,7,0.28,0,61
7571,1,0,0.0,0.28,7,0.28,0,61
7572,2,1,26.441492,0.32,8,0.32,0,61
7573,2,1,-5.279892,0.36,9,0.36,0,61
7574,2,1,23.820692,0.4,10,0.4,0,61
7575,0,-1,8.744145,0.36,9,0.36,0,61
7576,0,-1,-0.09885296,0.36,9,0.36,0,61
7577,1,0,0.0,0.36,9,0.36,0,61
7578,2,1,9.248968,0.48,12,0.48,0,61
7579,2,1,11.373928,0.56,14,0.56,0,61
7580,0,-1,-0.09181967,0.56,14,0.56,0,61
7581,0,-1,-0.0,0.56,14,0.56,0,61
7582,2,1,15.984867,0.6,15,0.6,0,61
7583,0,-1,-0.0019462601,0.6,15,0.6,0,61
7584,1,0,0.0,0.6,15,0.6,0,61
7585,0,-1,3.4297268,0.56,14,0.56,0,61
7586,2,1,-67.31889,0.76,19,0.76,0,61
7587,2,1,-16.200136,0.8,20,0.8,0,61
7588,0,-1,50.086075,0.76,19,0.76,0,61
7589,0,-1,31.125381,0.72,18,0.72,0,61
7590,0,-1,-0.00884872,0.72,18,0.72,0,61
7591,0,-1,-0.008309212,0.72,18,0.72,0,61
7592,0,-1,34.01341,0.68,17,0.68,0,61
7593,2,1,-232.82753,0.88,22,0.88,0,61
7594,1,0,0.0,0.88,22,0.88,0,61
7595,0,-1,-0.0,0.88,22,0.88,0,61
7596,0,-1,-0.03551275,0.88,22,0.88,0,61
7597,0,-1,-0.0,0.88,22,0.88,1,61
7598,0,-1,-8.583353,0.88,22,0.88,0,61
7599,0,-1,-0.018146308,0.88,22,0.88,0,61
7600,0,-1,-0.0,0.88,22,0.88,0,61
7601,0,-1,-0.02611354,0.88,22,0.88,0,61
7602,0,-1,-6.414749,0.88,22,0.88,0,61
7603,0,-1,-0.0085984515,0.88,22,0.88,0,61
7604,0,-1,-0.007849008,0.88,22,0.88,0,61
7605,0,-1,-0.030641735,0.88,22,0.88,0,61
7606,0,-1,-0.0015762293,0.88,22,0.88,0,61
7607,0,-1,-0.009253775,0.88,22,0.88,0,61
7608,0,-1,-0.008907509,0.88,22,0.88,0,61
7609,0,-1,-0.0079111,0.88,22,0.88,0,61
7610,2,1,-806.92706,0.96,24,0.96,0,61
7611,0,-1,-0.002084365,0.96,24,0.96,0,61
7612,0,-1,925.3334,0.92,23,0.92,0,61
7613,2,1,-599.2822,0.96,24,0.96,0,61
7614,0,-1,924.51245,0.92,23,0.92,0,61
7615,0,-1,-0.016925387,0.92,23,0.92,0,61
7616,0,-1,-0.012977307,0.92,23,0.92,0,61
7617,1,0,0.0,0.92,23,0.92,0,61
7618,0,-1,-0.0018761656,0.92,23,0.92,0,61
7619,0,-1,-11.1983795,0.92,23,0.92,0,61
7620,0,-1,300.12045,0.88,22,0.88,0,61
7621,2,1,-182.82976,0.92,23,0.92,0,61
7622,0,-1,300.02585,0.88,22,0.88,1,61
7623,0,-1,-3.4837768,0.88,22,0.88,0,61
7624,0,-1,-8.5265255,0.88,22,0.88,0,61
7625,1,0,0.0,0.88,22,0.88,0,61
7626,0,-1,-4.4570427e-09,0.88,22,0.88,0,61
7627,0,-1,-4.640871e-09,0.88,22,0.88,0,61
7628,0,-1,-0.0017670861,0.88,22,0.88,0,61
7629,2,1,-181.86476,0.92,23,0.92,1,61
7630,0,-1,-8.529575,0.92,23,0.92,0,61
7631,0,-1,299.24054,0.88,22,0.88,1,61
7632,0,-1,-6.050673,0.88,22,0.88,0,61
7633,0,-1,-0.0,0.88,22,0.88,0,61
7634,2,1,-182.84386,0.92,23,0.92,0,61
7635,2,1,-599.9185,0.96,24,0.96,0,61
7636,0,-1,-0.0019930052,0.96,24,0.96,0,61
7637,0,-1,925.2252,0.92,23,0.92,0,61
7638,0,-1,-14.302139,0.92,23,0.92,0,61
7639,0,-1,298.64615,0.88,22,0.88,0,61
7640,2,1,28.852173,1.0,25,1.0,0,61
7641,0,-1,-1000.0,0.0,0,0.0,0,61
7642,2,1,28.364332,0.2,5,0.2,0,62
7643,0,-1,-0.0,0.2,5,0.2,0,62
7644,2,1,28.208652,0.24,6,0.24,0,62
7645,0,-1,-0.0,0.24,6,0.24,0,62
7646,2,1,-4.515826,0.28,7,0.28,0,62
7647,2,1,-4.8479323,0.32,8,0.32,0,62
7648,0,-1,-8.980873,0.28,7,0.28,0,62
7649,2,1,16.805927,0.4,10,0.4,1,62
7650,0,-1,-0.6273478,0.36,9,0.36,0,62
7651,2,1,25.41577,0.4,10,0.4,0,62
7652,2,1,11.083595,0.44,11,0.44,0,62
7653,0,-1,-3.4698384,0.4,10,0.4,0,62
7654,2,1,9.70951,0.44,11,0.44,0,62
7655,2,1,3.278668,0.56,14,0.56,0,62
7656,1,0,0.0,0.56,14,0.56,0,62
7657,2,1,12.136545,0.6,15,0.6,0,62
7658,0,-1,2.0576754,0.56,14,0.56,0,62
7659,1,0,0.0,0.56,14,0.56,0,62
7660,1,0,0.0,0.56,14,0.56,0,62
7661,0,-1,-0.0,0.56,14,0.56,0,62
7662,0,-1,0.6753696,0.52,13,0.52,0,62
7663,0,-1,0.7857389,0.48,12,0.48,0,62
7664,0,-1,-3.0786197,0.44,11,0.44,1,62
7665,2,1,-2.761716,0.56,14,0.56,0,62
7666,0,-1,-1.1206076e-09,0.56,14,0.56,0,62
7667,0,-1,-1.0265815e-09,0.56,14,0.56,0,62
7668,2,1,19.361708,0.6,15,0.6,0,62
7669,0,-1,2.1060622,0.56,14,0.56,0,62
7670,0,-1,-1.5077077e-09,0.56,14,0.56,0,62
7671,0,-1,7.256611,0.52,13,0.52,0,62
7672,2,1,21.226606,0.56,14,0.56,0,62
7673,1,0,0.0,0.56,14,0.56,0,62
7674,1,0,0.0,0.56,14,0.56,0,62
7675,2,1,1.474135,0.6,15,0.6,0,62
7676,0,-1,6.4739714,0.56,14,0.56,0,62
7677,0,-1,3.3580866,0.52,13,0.52,0,62
7678,1,0,0.0,0.52,13,0.52,0,62
7679,0,-1,-2.8268423,0.48,12,0.48,0,62
7680,1,0,0.0,0.48,12,0.48,0,62
7681,1,0,0.0,0.48,12,0.48,0,62
7682,0,-1,-11.332391,0.48,12,0.48,0,62
7683,0,-1,-1.4386358e-06,0.48,12,0.48,0,62
7684,0,-1,-0.0,0.48,12,0.48,0,62
7685,1,0,0.0,0.48,12,0.48,0,62
7686,2,1,12.916324,0.56,14,0.56,0,62
7687,0,-1,0.09654672,0.52,13,0.52,0,62
7688,2,1,18.44077,0.56,14,0.56,1,62
7689,0,-1,-11.112711,0.56,14,0.56,0,62
7690,0,-1,0.66037774,0.52,13,0.52,0,62
7691,2,1,19.616838,0.56,14,0.56,0,62
7692,2,1,-5.914671,0.64,16,0.64,0,62
7693,2,1,-42.147327,0.76,19,0.76,0,62
7694,0,-1,-0.0,0.76,19,0.76,0,62
7695,0,-1,-0.0,0.76,19,0.76,0,62
7696,0,-1,37.434753,0.72,18,0.72,0,62
7697,0,-1,-0.0017736966,0.72,18,0.72,0,62
7698,1,0,0.0,0.72,18,0.72,0,62
7699,1,0,0.0,0.72,18,0.72,1,62
7700,2,1,-41.59149,0.8,20,0.8,0,62
7701,0,-1,-0.14467819,0.8,20,0.8,0,62
7702,0,-1,-0.0,0.8,20,0.8,0,62
7703,0,-1,-13.285043,0.8,20,0.8,0,62
7704,0,-1,56.56102,0.76,19,0.76,0,62
7705,0,-1,-0.14505252,0.76,19,0.76,0,62
7706,2,1,-13.06209,0.8,20,0.8,0,62
7707,0,-1,-0.0,0.8,20,0.8,0,62
7708,1,0,0.0,0.8,20,0.8,0,62
7709,1,0,0.0,0.8,20,0.8,1,62
7710,0,-1,49.156876,0.76,19,0.76,0,62
7711,0,-1,-9.13351,0.76,19,0.76,0,62
7712,0,-1,31.020546,0.72,18,0.72,0,62
7713,0,-1,19.28887,0.68,17,0.68,0,62
7714,0,-1,-36.338776,0.72,18,0.72,0,62
7715,2,1,-0.91574836,0.76,19,0.76,0,62
7716,2,1,-76.33845,0.84,21,0.84,0,62
7717,0,-1,-0.0,0.84,21,0.84,0,62
7718,0,-1,80.01199,0.8,20,0.8,0,62
7719,0,-1,-0.056535617,0.8,20,0.8,0,62
7720,1,0,0.0,0.8,20,0.8,0,62
7721,2,1,-346.73505,0.92,23,0.92,0,62
7722,0,-1,-2.8750105e-07,0.92,23,0.92,0,62
7723,0,-1,-0.0,0.92,23,0.92,0,62
7724,1,0,0.0,0.92,23,0.92,0,62
7725,0,-1,-0.0014533999,0.92,23,0.92,0,62
7726,0,-1,-0.06035457,0.92,23,0.92,1,62
7727,2,1,-1000.0,0.0,0,0.0,0,62
7728,2,1,28.364332,0.2,5,0.2,0,63
7729,1,0,0.0,0.2,5,0.2,0,63
7730,2,1,23.955872,0.28,7,0.28,0,63
7731,2,1,13.033225,0.4,10,0.4,0,63
7732,0,-1,-0.0019462601,0.4,10,0.4,0,63
7733,2,1,17.550112,0.48,12,0.48,0,63
7734,1,0,0.0,0.48,12,0.48,0,63
7735,2,1,11.372195,0.56,14,0.56,0,63
7736,0,-1,-0.0,0.56,14,0.56,0,63
7737,1,0,0.0,0.56,14,0.56,0,63
7738,0,-1,-0.0019154127,0.56,14,0.56,0,63
7739,1,0,0.0,0.56,14,0.56,0,63
7740,0,-1,-0.0,0.56,14,0.56,0,63
7741,0,-1,-0.0019115203,0.56,14,0.56,0,63
7742,0,-1,-0.0,0.56,14,0.56,0,63
7743,0,-1,-0.0,0.56,14,0.56,0,63
7744,0,-1,-0.0016148206,0.56,14,0.56,0,63
7745,2,1,1.8261597,0.64,16,0.64,0,63
7746,2,1,-17.735773,0.68,17,0.68,0,63
7747,0,-1,-0.0,0.68,17,0.68,0,63
7748,0,-1,-0.0,0.68,17,0.68,0,63
7749,1,0,0.0,0.68,17,0.68,0,63
7750,2,1,-24.51665,0.76,19,0.76,0,63
7751,2,1,-180.4375,0.88,22,0.88,0,63
7752,0,-1,143.8908,0.84,21,0.84,1,63
7753,0,-1,-0.0,0.84,21,0.84,0,63
7754,2,1,-285.56714,0.92,23,0.92,0,63
7755,1,0,0.0,0.92,23,0.92,0,63
7756,1,0,0.0,0.92,23,0.92,0,63
7757,0,-1,-0.00845209,0.92,23,0.92,0,63
7758,0,-1,-0.0065795975,0.92,23,0.92,0,63
7759,0,-1,-6.4147487,0.92,23,0.92,0,63
7760,0,-1,299.2532,0.88,22,0.88,0,63
7761,0,-1,-11.159249,0.88,22,0.88,0,63
7762,0,-1,-0.007262042,0.88,22,0.88,0,63
7763,0,-1,-2.7242587,0.88,22,0.88,0,63
7764,0,-1,-0.0,0.88,22,0.88,1,63
7765,2,1,-806.3951,0.96,24,0.96,0,63
7766,0,-1,925.0996,0.92,23,0.92,0,63
7767,0,-1,-4.594327,0.92,23,0.92,0,63
7768,0,-1,-0.0,0.92,23,0.92,0,63
7769,1,0,0.0,0.92,23,0.92,0,63
7770,1,0,0.0,0.92,23,0.92,0,63
7771,0,-1,-0.0,0.92,23,0.92,0,63
7772,0,-1,299.24338,0.88,22,0.88,0,63
7773,0,-1,-3.3048487,0.88,22,0.88,0,63
7774,0,-1,-1.5702994e-12,0.88,22,0.88,0,63
7775,0,-1,-9.010343,0.88,22,0.88,1,63
7776,0,-1,-4.167685,0.88,22,0.88,0,63
7777,0,-1,-5.4970684,0.88,22,0.88,0,63
7778,0,-1,142.42009,0.84,21,0.84,1,63
7779,0,-1,-9.307865,0.84,21,0.84,0,63
7780,0,-1,80.224945,0.8,20,0.8,0,63
7781,0,-1,50.194702,0.76,19,0.76,1,63
7782,0,-1,31.499168,0.72,18,0.72,0,63
7783,0,-1,-0.0,0.72,18,0.72,0,63
7784,0,-1,20.016844,0.68,17,0.68,0,63
7785,2,1,-26.212715,0.76,19,0.76,1,63
7786,0,-1,-11.089631,0.76,19,0.76,0,63
7787,0,-1,-0.0,0.76,19,0.76,0,63
7788,0,-1,32.234776,0.72,18,0.72,0,63
7789,0,-1,-0.0,0.72,18,0.72,0,63
7790,0,-1,-7.751339,0.72,18,0.72,0,63
7791,2,1,-17.782692,0.76,19,0.76,0,63
7792,0,-1,32.02728,0.72,18,0.72,0,63
7793,0,-1,-0.0,0.72,18,0.72,0,63
7794,0,-1,20.78847,0.68,17,0.68,0,63
7795,0,-1,-0.0,0.68,17,0.68,1,63
7796,0,-1,-0.0,0.68,17,0.68,0,63
7797,0,-1,12.406369,0.64,16,0.64,0,63
7798,2,1,-5.9454136,0.68,17,0.68,0,63
7799,2,1,-31.962986,0.76,19,0.76,0,63
7800,0,-1,32.219494,0.72,18,0.72,0,63
7801,0,-1,-0.0,0.72,18,0.72,0,63
7802,0,-1,-0.0,0.72,18,0.72,0,63
7803,0,-1,25.966043,0.68,17,0.68,0,63
7804,0,-1,-0.0,0.68,17,0.68,0,63
7805,2,1,3.0627608,0.72,18,0.72,0,63
7806,0,-1,28.118483,0.68,17,0.68,0,63
7807,0,-1,17.954992,0.64,16,0.64,0,63
7808,0,-1,-0.0,0.64,16,0.64,0,63
7809,2,1,10.553721,0.68,17,0.68,0,63
7810,0,-1,-0.0,0.68,17,0.68,0,63
7811,0,-1,16.203032,0.64,16,0.64,1,63
7812,0,-1,7.221795,0.6,15,0.6,0,63
7813,2,1,-3.9238384,0.68,17,0.68,0,63
7814,0,-1,15.362771,0.64,16,0.64,0,63
7815,0,-1,-0.0,0.64,16,0.64,0,63
7816,0,-1,8.562891,0.6,15,0.6,0,63
7817,0,-1,-0.000108387496,0.6,15,0.6,0,63
7818,0,-1,3.6846662,0.56,14,0.56,1,63
7819,0,-1,-0.0,0.56,14,0.56,0,63
7820,1,0,0.0,0.56,14,0.56,0,63
7821,0,-1,-0.0,0.56,14,0.56,0,63
7822,0,-1,-7.2682076,0.56,14,0.56,0,63
7823,0,-1,-0.0,0.56,14,0.56,0,63
7824,2,1,13.94208,0.6,15,0.6,0,63
7825,2,1,-160.34775,0.84,21,0.84,0,63
7826,1,0,0.0,0.84,21,0.84,0,63
7827,0,-1,-0.03187249,0.84,21,0.84,0,63
7828,0,-1,-0.02888946,0.84,21,0.84,0,63
7829,0,-1,-1.5643379e-06,0.84,21,0.84,0,63
7830,1,0,0.0,0.84,21,0.84,0,63
7831,0,-1,-0.007317005,0.84,21,0.84,0,63
7832,0,-1,-0.0,0.84,21,0.84,0,63
7833,0,-1,81.122246,0.8,20,0.8,0,63
7834,0,-1,-0.0,0.8,20,0.8,0,63
7835,0,-1,-0.0016159171,0.8,20,0.8,0,63
7836,2,1,-971.8743,0.96,24,0.96,1,63
7837,0,-1,-7.219259,0.96,24,0.96,0,63
7838,0,-1,926.09985,0.92,23,0.92,0,63
7839,2,1,-598.341,0.96,24,0.96,0,63
7840,0,-1,-10.959633,0.96,24,0.96,0,63
7841,1,0,0.0,0.96,24,0.96,0,63
7842,0,-1,-0.0070089567,0.96,24,0.96,0,63
7843,0,-1,-10.4850445,0.96,24,0.96,0,63
7844,0,-1,-0.0070035504,0.96,24,0.96,0,63
7845,0,-1,-1.5933106e-06,0.96,24,0.96,0,63
7846,0,-1,-0.0,0.96,24,0.96,0,63
7847,0,-1,-7.9466434,0.96,24,0.96,1,63
7848,0,-1,-10.889367,0.96,24,0.96,0,63
7849,0,-1,-7.7286186,0.96,24,0.96,0,63
7850,0,-1,-0.0019271702,0.96,24,0.96,0,63
7851,2,1,-1000.0,0.0,0,0.0,0,63
7852,0,-1,-0.0,0.16,4,0.16,0,64
7853,2,1,28.364332,0.2,5,0.2,0,64
7854,2,1,23.955872,0.28,7,0.28,0,64
7855,2,1,13.033225,0.4,10,0.4,0,64
7856,0,-1,-0.07821054,0.4,10,0.4,0,64
7857,0,-1,-5.5062056,0.36,9,0.36,0,64
7858,0,-1,-0.08387065,0.36,9,0.36,0,64
7859,2,1,-5.829461,0.4,10,0.4,0,64
7860,1,0,0.0,0.4,10,0.4,0,64
7861,2,1,17.550112,0.48,12,0.48,0,64
7862,1,0,0.0,0.48,12,0.48,0,64
7863,2,1,10.351883,0.56,14,0.56,0,64
7864,0,-1,14.882941,0.52,13,0.52,0,64
7865,0,-1,-0.9194671,0.48,12,0.48,0,64
7866,0,-1,-0.0,0.48,12,0.48,0,64
7867,1,0,0.0,0.48,12,0.48,0,64
7868,0,-1,-0.0,0.48,12,0.48,1,64
7869,0,-1,-0.0,0.48,12,0.48,0,64
7870,0,-1,-3.8358583,0.44,11,0.44,0,64
7871,0,-1,-0.0,0.44,11,0.44,0,64
7872,2,1,3.2659464,0.56,14,0.56,0,64
7873,0,-1,-0.003670948,0.56,14,0.56,1,64
7874,2,1,3.6434133,0.64,16,0.64,0,64
7875,0,-1,-12.981865,0.64,16,0.64,0,64
7876,0,-1,-0.0018071331,0.64,16,0.64,0,64
7877,0,-1,-9.256296,0.64,16,0.64,0,64
7878,0,-1,-13.1835,0.64,16,0.64,0,64
7879,0,-1,7.221875,0.6,15,0.6,0,64
7880,0,-1,-11.010328,0.6,15,0.6,0,64
7881,0,-1,3.5140042,0.56,14,0.56,0,64
7882,0,-1,1.5436543,0.52,13,0.52,0,64
7883,1,0,0.0,0.52,13,0.52,0,64
7884,2,1,16.756723,0.56,14,0.56,0,64
7885,0,-1,-10.448275,0.56,14,0.56,0,64
7886,1,0,0.0,0.56,14,0.56,0,64
7887,0,-1,-0.0023050383,0.56,14,0.56,0,64
7888,2,1,3.6558592,0.64,16,0.64,1,64
7889,0,-1,-0.0,0.64,16,0.64,0,64
7890,0,-1,6.8713107,0.6,15,0.6,0,64
7891,0,-1,-0.0,0.6,15,0.6,0,64
7892,2,1,-5.3804846,0.68,17,0.68,0,64
7893,0,-1,13.258062,0.64,16,0.64,0,64
7894,0,-1,-0.0,0.64,16,0.64,0,64
7895,0,-1,8.197008,0.6,15,0.6,0,64
7896,2,1,14.306457,0.64,16,0.64,0,64
7897,0,-1,7.148649,0.6,15,0.6,0,64
7898,0,-1,3.3838816,0.56,14,0.56,0,64
7899,2,1,-14.594047,0.68,17,0.68,0,64
7900,0,-1,12.613493,0.64,16,0.64,0,64
7901,0,-1,-0.0016819962,0.64,16,0.64,0,64
7902,0,-1,-10.860733,0.64,16,0.64,0,64
7903,0,-1,-0.005628981,0.64,16,0.64,0,64
7904,0,-1,9.019711,0.6,15,0.6,0,64
7905,2,1,-25.548431,0.72,18,0.72,0,64
7906,0,-1,-12.8566885,0.72,18,0.72,0,64
7907,0,-1,-9.017848e-05,0.72,18,0.72,0,64
7908,0,-1,-0.0016866608,0.72,18,0.72,0,64
7909,0,-1,-8.310488e-05,0.72,18,0.72,0,64
7910,0,-1,-0.0017768199,0.72,18,0.72,0,64
7911,0,-1,20.378698,0.68,17,0.68,0,64
7912,0,-1,-0.010747661,0.68,17,0.68,0,64
7913,0,-1,-0.0,0.68,17,0.68,0,64
7914,0,-1,-8.358887e-05,0.68,17,0.68,0,64
7915,0,-1,-4.2325553e-07,0.68,17,0.68,0,64
7916,0,-1,11.806214,0.64,16,0.64,1,64
7917,0,-1,-12.925018,0.64,16,0.64,0,64
7918,0,-1,-12.903592,0.64,16,0.64,0,64
7919,0,-1,7.2433686,0.6,15,0.6,1,64
7920,0,-1,-11.882817,0.6,15,0.6,0,64
7921,0,-1,-13.19036,0.6,15,0.6,0,64
7922,0,-1,-11.436561,0.6,15,0.6,0,64
7923,0,-1,3.486312,0.56,14,0.56,0,64
7924,0,-1,-0.011330635,0.56,14,0.56,0,64
7925,1,0,0.0,0.56,14,0.56,0,64
7926,1,0,0.0,0.56,14,0.56,0,64
7927,0,-1,-12.373545,0.56,14,0.56,0,64
7928,0,-1,-0.07703109,0.56,14,0.56,0,64
7929,2,1,17.785997,0.6,15,0.6,0,64
7930,0,-1,-0.0020057338,0.6,15,0.6,0,64
7931,0,-1,-12.97576,0.6,15,0.6,0,64
7932,1,0,0.0,0.6,15,0.6,0,64
7933,0,-1,-0.0,0.6,15,0.6,0,64
7934,0,-1,-0.0,0.6,15,0.6,0,64
7935,0,-1,3.9522667,0.56,14,0.56,0,64
7936,2,1,8.900007,0.6,15,0.6,1,64
7937,0,-1,-13.367511,0.6,15,0.6,0,64
7938,0,-1,-0.00021386046,0.6,15,0.6,0,64
7939,1,0,0.0,0.6,15,0.6,0,64
7940,0,-1,2.905248,0.56,14,0.56,0,64
7941,0,-1,-0.00023451207,0.56,14,0.56,0,64
7942,0,-1,-0.000209223,0.56,14,0.56,0,64
7943,0,-1,-0.0,0.56,14,0.56,0,64
7944,0,-1,-0.0,0.56,14,0.56,0,64
7945,2,1,17.763311,0.6,15,0.6,0,64
7946,0,-1,2.9052596,0.56,14,0.56,0,64
7947,2,1,12.728973,0.6,15,0.6,0,64
7948,0,-1,6.114302,0.56,14,0.56,0,64
7949,0,-1,-11.942076,0.56,14,0.56,0,64
7950,0,-1,-11.915605,0.56,14,0.56,0,64
7951,0,-1,-0.0018966823,0.56,14,0.56,0,64
7952,0,-1,2.6250799,0.52,13,0.52,0,64
7953,1,0,0.0,0.52,13,0.52,0,64
7954,0,-1,-1.6341774,0.48,12,0.48,0,64
7955,1,0,0.0,0.48,12,0.48,0,64
7956,2,1,11.4291725,0.52,13,0.52,0,64
7957,0,-1,-0.0,0.52,13,0.52,0,64
7958,0,-1,-0.0,0.52,13,0.52,0,64
7959,0,-1,-0.0,0.52,13,0.52,0,64
7960,0,-1,-0.0,0.52,13,0.52,1,64
7961,2,1,16.105232,0.56,14,0.56,0,64
7962,0,-1,1.8694,0.52,13,0.52,0,64
7963,2,1,16.554937,0.56,14,0.56,0,64
7964,0,-1,-0.0,0.56,14,0.56,0,64
7965,2,1,4.170839,0.64,16,0.64,0,64
7966,0,-1,11.104632,0.6,15,0.6,1,64
7967,0,-1,-13.60058,0.6,15,0.6,0,64
7968,0,-1,4.3971972,0.56,14,0.56,0,64
7969,0,-1,-0.0,0.56,14,0.56,0,64
7970,2,1,8.116126,0.6,15,0.6,0,64
7971,2,1,-25.521524,0.72,18,0.72,0,64
7972,2,1,-2.4488494,0.76,19,0.76,0,64
7973,0,-1,-0.0,0.76,19,0.76,0,64
7974,0,-1,-0.0004571887,0.76,19,0.76,0,64
7975,1,0,0.0,0.76,19,0.76,0,64
7976,0,-1,-0.00041684115,0.76,19,0.76,0,64
7977,0,-1,-0.0003532862,0.76,19,0.76,0,64
7978,1,0,0.0,0.76,19,0.76,0,64
7979,2,1,-14.895696,0.8,20,0.8,0,64
7980,0,-1,-0.0,0.8,20,0.8,0,64
7981,0,-1,49.84752,0.76,19,0.76,0,64
7982,0,-1,-12.856793,0.76,19,0.76,0,64
7983,2,1,-13.837084,0.8,20,0.8,0,64
7984,0,-1,-0.002128379,0.8,20,0.8,0,64
7985,2,1,-346.73026,0.92,23,0.92,0,64
7986,0,-1,298.97995,0.88,22,0.88,0,64
7987,0,-1,-0.004981199,0.88,22,0.88,0,64
7988,0,-1,-0.0,0.88,22,0.88,0,64
7989,1,0,0.0,0.88,22,0.88,0,64
7990,2,1,-807.1269,0.96,24,0.96,0,64
7991,0,-1,927.9474,0.92,23,0.92,1,64
7992,0,-1,299.32642,0.88,22,0.88,0,64
7993,0,-1,-0.0,0.88,22,0.88,0,64
7994,0,-1,-12.178561,0.88,22,0.88,0,64
7995,0,-1,143.09935,0.84,21,0.84,0,64
7996,1,0,0.0,0.84,21,0.84,0,64
7997,0,-1,80.0239,0.8,20,0.8,0,64
7998,0,-1,-12.684223,0.8,20,0.8,0,64
7999,0,-1,-0.0,0.8,20,0.8,0,64
8000,0,-1,-12.792384,0.8,20,0.8,0,64
8001,0,-1,-0.0,0.8,20,0.8,0,64
8002,0,-1,48.168335,0.76,19,0.76,0,64
8003,0,-1,-14.979745,0.76,19,0.76,0,64
8004,0,-1,-1.0267789e-05,0.76,19,0.76,0,64
8005,0,-1,-0.00019414653,0.76,19,0.76,0,64
8006,2,1,-17.044878,0.8,20,0.8,0,64
8007,0,-1,48.57437,0.76,19,0.76,0,64
8008,0,-1,31.035278,0.72,18,0.72,0,64
8009,0,-1,-0.0,0.72,18,0.72,0,64
8010,0,-1,20.880611,0.68,17,0.68,0,64
8011,0,-1,-9.158941e-06,0.68,17,0.68,0,64
8012,0,-1,13.660516,0.64,16,0.64,0,64
8013,0,-1,7.37554,0.6,15,0.6,0,64
8014,2,1,13.814385,0.64,16,0.64,0,64
8015,0,-1,-0.0,0.64,16,0.64,0,64
8016,0,-1,-0.13964471,0.64,16,0.64,0,64
8017,0,-1,-0.0,0.64,16,0.64,0,64
8018,0,-1,-0.12923007,0.64,16,0.64,0,64
8019,0,-1,-1.22626325e-05,0.64,16,0.64,0,64
8020,0,-1,7.2516212,0.6,15,0.6,0,64
8021,0,-1,5.209808,0.56,14,0.56,1,64
8022,0,-1,0.8301946,0.52,13,0.52,0,64
8023,2,1,-6.5709996,0.64,16,0.64,0,64
8024,2,1,-83.34716,0.8,20,0.8,0,64
8025,2,1,-33.36519,0.84,21,0.84,0,64
8026,0,-1,-0.019771995,0.84,21,0.84,0,64
8027,0,-1,81.48407,0.8,20,0.8,0,64
8028,0,-1,-0.0050164144,0.8,20,0.8,0,64
8029,0,-1,-0.0036604037,0.8,20,0.8,0,64
8030,0,-1,-11.572301,0.8,20,0.8,0,64
8031,0,-1,-13.269021,0.8,20,0.8,0,64
8032,0,-1,-0.0042324457,0.8,20,0.8,0,64
8033,2,1,-36.779922,0.84,21,0.84,0,64
8034,1,0,0.0,0.84,21,0.84,0,64
8035,0,-1,-0.0,0.84,21,0.84,0,64
8036,0,-1,-0.016597888,0.84,21,0.84,0,64
8037,0,-1,-0.0016206627,0.84,21,0.84,0,64
8038,0,-1,-0.0043304963,0.84,21,0.84,0,64
8039,0,-1,81.194145,0.8,20,0.8,0,64
8040,0,-1,-0.0013724962,0.8,20,0.8,0,64
8041,0,-1,-0.0017129839,0.8,20,0.8,0,64
8042,0,-1,48.259514,0.76,19,0.76,0,64
8043,0,-1,31.56743,0.72,18,0.72,0,64
8044,0,-1,-0.0016353481,0.72,18,0.72,0,64
8045,0,-1,-0.0,0.72,18,0.72,0,64
8046,0,-1,20.029188,0.68,17,0.68,0,64
8047,1,0,0.0,0.68,17,0.68,0,64
8048,0,-1,-1.0080828e-05,0.68,17,0.68,0,64
8049,0,-1,12.238969,0.64,16,0.64,0,64
8050,1,0,0.0,0.64,16,0.64,0,64
8051,0,-1,-0.0,0.64,16,0.64,1,64
8052,2,1,8.412346,0.68,17,0.68,0,64
8053,0,-1,-0.0,0.68,17,0.68,0,64
8054,0,-1,-13.139805,0.68,17,0.68,0,64
8055,1,0,0.0,0.68,17,0.68,0,64
8056,0,-1,12.515913,0.64,16,0.64,0,64
8057,0,-1,7.255524,0.6,15,0.6,0,64
8058,0,-1,4.606231,0.56,14,0.56,0,64
8059,0,-1,-14.241155,0.56,14,0.56,0,64
8060,0,-1,0.8233912,0.52,13,0.52,0,64
8061,0,-1,0.65067446,0.48,12,0.48,0,64
8062,0,-1,-0.0,0.48,12,0.48,0,64
8063,2,1,-33.08904,0.68,17,0.68,0,64
8064,0,-1,-1.5502224e-05,0.68,17,0.68,0,64
8065,0,-1,-0.0,0.68,17,0.68,0,64
8066,0,-1,-0.0012869325,0.68,17,0.68,0,64
8067,0,-1,-0.0040135486,0.68,17,0.68,0,64
8068,2,1,-65.234695,0.8,20,0.8,0,64
8069,1,0,0.0,0.8,20,0.8,0,64
8070,0,-1,-1.4469212e-05,0.8,20,0.8,0,64
8071,0,-1,-0.0015366022,0.8,20,0.8,1,64
8072,0,-1,-5.761778,0.8,20,0.8,0,64
8073,2,1,-971.6972,0.96,24,0.96,0,64
8074,0,-1,-13.178451,0.96,24,0.96,0,64
8075,0,-1,-9.532227,0.96,24,0.96,0,64
8076,0,-1,-10.913719,0.96,24,0.96,0,64
8077,0,-1,-0.011873349,0.96,24,0.96,0,64
8078,0,-1,-0.0044214725,0.96,24,0.96,0,64
8079,2,1,23.511843,1.0,25,1.0,0,64
8080,0,-1,-1000.0,0.0,0,0.0,0,64
8081,0,-1,-0.0,0.16,4,0.16,0,65
8082,2,1,28.346605,0.2,5,0.2,0,65
8083,1,0,0.0,0.2,5,0.2,0,65
8084,2,1,28.22638,0.24,6,0.24,0,65
8085,2,1,26.773045,0.28,7,0.28,0,65
8086,1,0,0.0,0.28,7,0.28,0,65
8087,0,-1,-0.0,0.28,7,0.28,0,65
8088,1,0,0.0,0.28,7,0.28,1,65
8089,0,-1,-13.204103,0.28,7,0.28,0,65
8090,0,-1,-0.0,0.28,7,0.28,0,65
8091,0,-1,-0.0,0.28,7,0.28,0,65
8092,1,0,0.0,0.28,7,0.28,1,65
8093,2,1,18.092594,0.36,9,0.36,0,65
8094,0,-1,-6.093315,0.32,8,0.32,0,65
8095,2,1,20.41782,0.4,10,0.4,0,65
8096,1,0,0.0,0.4,10,0.4,0,65
8097,0,-1,-0.0,0.4,10,0.4,0,65
8098,2,1,15.084347,0.48,12,0.48,0,65
8099,1,0,0.0,0.48,12,0.48,0,65
8100,2,1,19.245329,0.52,13,0.52,0,65
8101,0,-1,-1.124352,0.48,12,0.48,1,65
8102,0,-1,-12.147256,0.48,12,0.48,0,65
8103,1,0,0.0,0.48,12,0.48,0,65
8104,0,-1,-11.985521,0.48,12,0.48,0,65
8105,2,1,11.640396,0.56,14,0.56,0,65
8106,0,-1,0.5050226,0.52,13,0.52,0,65
8107,0,-1,-0.0,0.52,13,0.52,0,65
8108,0,-1,-0.09655312,0.52,13,0.52,0,65
8109,0,-1,-0.073648766,0.52,13,0.52,0,65
8110,2,1,16.43713,0.56,14,0.56,0,65
8111,0,-1,1.7034516,0.52,13,0.52,0,65
8112,0,-1,-0.0,0.52,13,0.52,1,65
8113,0,-1,-13.587132,0.52,13,0.52,0,65
8114,0,-1,-1.8991003,0.48,12,0.48,0,65
8115,0,-1,-0.0,0.48,12,0.48,0,65
8116,1,0,0.0,0.48,12,0.48,0,65
8117,0,-1,-3.6755953,0.44,11,0.44,0,65
8118,0,-1,-5.630222,0.4,10,0.4,0,65
8119,2,1,24.196352,0.44,11,0.44,0,65
8120,0,-1,-5.5773606,0.4,10,0.4,0,65
8121,0,-1,-5.3142524,0.36,9,0.36,0,65
8122,0,-1,-0.0,0.36,9,0.36,0,65
8123,0,-1,-0.0,0.36,9,0.36,0,65
8124,2,1,18.986723,0.4,10,0.4,0,65
8125,1,0,0.0,0.4,10,0.4,0,65
8126,0,-1,-6.8211226,0.36,9,0.36,0,65
8127,2,1,16.038921,0.44,11,0.44,0,65
8128,2,1,15.978065,0.48,12,0.48,0,65
8129,2,1,22.63273,0.52,13,0.52,0,65
8130,2,1,-6.875356,0.64,16,0.64,0,65
8131,0,-1,7.238385,0.6,15,0.6,0,65
8132,2,1,-29.029083,0.72,18,0.72,0,65
8133,0,-1,-0.002238272,0.72,18,0.72,0,65
8134,0,-1,23.75555,0.68,17,0.68,0,65
8135,0,-1,14.918929,0.64,16,0.64,0,65
8136,0,-1,10.440801,0.6,15,0.6,0,65
8137,0,-1,6.5327926,0.56,14,0.56,0,65
8138,2,1,18.93025,0.6,15,0.6,0,65
8139,0,-1,6.001286,0.56,14,0.56,0,65
8140,1,0,0.0,0.56,14,0.56,0,65
8141,0,-1,0.54136616,0.52,13,0.52,0,65
8142,2,1,12.373145,0.56,14,0.56,1,65
8143,1,0,0.0,0.56,14,0.56,0,65
8144,1,0,0.0,0.56,14,0.56,0,65
8145,0,-1,-24.049154,0.6,15,0.6,0,65
8146,0,-1,-0.052639153,0.6,15,0.6,0,65
8147,0,-1,6.523706,0.56,14,0.56,0,65
8148,0,-1,-0.0,0.56,14,0.56,0,65
8149,2,1,3.0596023,0.64,16,0.64,0,65
8150,0,-1,8.030751,0.6,15,0.6,0,65
8151,0,-1,-0.0,0.6,15,0.6,0,65
8152,0,-1,-0.0,0.6,15,0.6,0,65
8153,0,-1,-0.0,0.6,15,0.6,0,65
8154,0,-1,-0.085583985,0.6,15,0.6,0,65
8155,0,-1,-12.846107,0.6,15,0.6,0,65
8156,0,-1,3.7127044,0.56,14,0.56,0,65
8157,0,-1,3.0026495,0.52,13,0.52,0,65
8158,2,1,19.581581,0.56,14,0.56,0,65
8159,0,-1,-0.55935925,0.52,13,0.52,0,65
8160,2,1,-9.042587,0.64,16,0.64,0,65
8161,0,-1,9.034593,0.6,15,0.6,0,65
8162,0,-1,5.7999988,0.56,14,0.56,0,65
8163,0,-1,-0.0002665717,0.56,14,0.56,0,65
8164,0,-1,0.13122578,0.52,13,0.52,0,65
8165,0,-1,-0.384787,0.48,12,0.48,0,65
8166,0,-1,-0.0,0.48,12,0.48,0,65
8167,2,1,16.436802,0.52,13,0.52,0,65
8168,0,-1,-1.6393673,0.48,12,0.48,0,65
8169,2,1,6.561655,0.56,14,0.56,0,65
8170,1,0,0.0,0.56,14,0.56,0,65
8171,0,-1,-5.8479083e-05,0.56,14,0.56,0,65
8172,0,-1,-0.0,0.56,14,0.56,1,65
8173,0,-1,-0.0,0.56,14,0.56,0,65
8174,0,-1,-11.790112,0.56,14,0.56,0,65
8175,0,-1,-0.0,0.56,14,0.56,0,65
8176,0,-1,-24.654871,0.6,15,0.6,0,65
8177,0,-1,5.64152,0.56,14,0.56,0,65
8178,2,1,12.2907915,0.6,15,0.6,0,65
8179,0,-1,-4.6981444e-05,0.6,15,0.6,0,65
8180,0,-1,5.64152,0.56,14,0.56,0,65
8181,0,-1,-23.82577,0.6,15,0.6,0,65
8182,0,-1,4.347208,0.56,14,0.56,0,65
8183,2,1,10.908457,0.6,15,0.6,0,65
8184,0,-1,2.1517184,0.56,14,0.56,0,65
8185,0,-1,-4.798672e-05,0.56,14,0.56,0,65
8186,1,0,0.0,0.56,14,0.56,0,65
8187,0,-1,3.5353382,0.52,13,0.52,0,65
8188,0,-1,-3.3780487,0.48,12,0.48,0,65
8189,1,0,0.0,0.48,12,0.48,1,65
8190,0,-1,-1.1017433,0.44,11,0.44,0,65
8191,0,-1,-2.3885455,0.4,10,0.4,0,65
8192,0,-1,-5.029386,0.36,9,0.36,0,65
8193,1,0,0.0,0.36,9,0.36,0,65
8194,0,-1,-4.4079175,0.32,8,0.32,0,65
8195,0,-1,-14.038686,0.32,8,0.32,0,65
8196,2,1,25.731192,0.36,9,0.36,0,65
8197,0,-1,-0.0,0.36,9,0.36,0,65
8198,1,0,0.0,0.36,9,0.36,0,65
8199,0,-1,-0.0,0.36,9,0.36,0,65
8200,1,0,0.0,0.36,9,0.36,1,65
8201,2,1,19.757664,0.44,11,0.44,0,65
8202,0,-1,-13.566439,0.44,11,0.44,0,65
8203,0,-1,-4.910564,0.4,10,0.4,0,65
8204,2,1,23.916965,0.44,11,0.44,0,65
8205,2,1,21.991676,0.48,12,0.48,0,65
8206,2,1,20.954342,0.52,13,0.52,1,65
8207,2,1,19.283815,0.56,14,0.56,0,65
8208,0,-1,-14.205705,0.56,14,0.56,0,65
8209,0,-1,-12.961395,0.56,14,0.56,0,65
8210,0,-1,0.2801086,0.52,13,0.52,0,65
8211,0,-1,-0.0,0.52,13,0.52,0,65
8212,0,-1,-0.0010111433,0.52,13,0.52,0,65
8213,0,-1,-0.0027148437,0.52,13,0.52,0,65
8214,0,-1,-0.0,0.52,13,0.52,0,65
8215,0,-1,-1.9648308,0.48,12,0.48,0,65
8216,2,1,-15.592658,0.64,16,0.64,0,65
8217,1,0,0.0,0.64,16,0.64,0,65
8218,0,-1,-0.0032715683,0.64,16,0.64,0,65
8219,0,-1,6.143109,0.6,15,0.6,0,65
8220,0,-1,-0.0008324896,0.6,15,0.6,0,65
8221,0,-1,-0.0015731155,0.6,15,0.6,0,65
8222,2,1,12.004198,0.64,16,0.64,1,65
8223,0,-1,-11.583864,0.64,16,0.64,0,65
8224,0,-1,-13.427555,0.64,16,0.64,0,65
8225,2,1,9.093597,0.68,17,0.68,0,65
8226,0,-1,-13.072313,0.68,17,0.68,0,65
8227,0,-1,-0.0,0.68,17,0.68,0,65
8228,0,-1,-0.0,0.68,17,0.68,0,65
8229,0,-1,13.189141,0.64,16,0.64,0,65
8230,0,-1,-13.236047,0.64,16,0.64,0,65
8231,0,-1,-0.20931424,0.64,16,0.64,0,65
8232,1,0,0.0,0.64,16,0.64,0,65
8233,0,-1,-0.19098456,0.64,16,0.64,0,65
8234,0,-1,7.179351,0.6,15,0.6,0,65
8235,0,-1,-0.0,0.6,15,0.6,0,65
8236,0,-1,4.545772,0.56,14,0.56,0,65
8237,2,1,0.3903404,0.64,16,0.64,0,65
8238,1,0,0.0,0.64,16,0.64,0,65
8239,2,1,-13.945889,0.72,18,0.72,1,65
8240,2,1,-3.3040833,0.76,19,0.76,0,65
8241,0,-1,32.77753,0.72,18,0.72,0,65
8242,0,-1,20.525501,0.68,17,0.68,1,65
8243,2,1,-23.158318,0.76,19,0.76,0,65
8244,2,1,-74.08747,0.84,21,0.84,0,65
8245,0,-1,81.62637,0.8,20,0.8,0,65
8246,0,-1,-10.434384,0.8,20,0.8,0,65
8247,1,0,0.0,0.8,20,0.8,0,65
8248,0,-1,49.50158,0.76,19,0.76,0,65
8249,0,-1,-0.15021734,0.76,19,0.76,0,65
8250,0,-1,-11.771845,0.76,19,0.76,0,65
8251,2,1,-14.666554,0.8,20,0.8,0,65
8252,0,-1,-4.2493863e-05,0.8,20,0.8,0,65
8253,1,0,0.0,0.8,20,0.8,0,65
8254,0,-1,-0.052394114,0.8,20,0.8,0,65
8255,0,-1,-13.018221,0.8,20,0.8,0,65
8256,0,-1,-0.0021960523,0.8,20,0.8,0,65
8257,0,-1,-0.0019437124,0.8,20,0.8,0,65
8258,0,-1,-0.0,0.8,20,0.8,0,65
8259,0,-1,-0.0,0.8,20,0.8,0,65
8260,0,-1,-0.0,0.8,20,0.8,0,65
8261,0,-1,49.90835,0.76,19,0.76,0,65
8262,0,-1,31.199322,0.72,18,0.72,0,65
8263,0,-1,-0.038709775,0.72,18,0.72,0,65
8264,0,-1,-0.020119894,0.72,18,0.72,0,65
8265,0,-1,-0.00087920204,0.72,18,0.72,0,65
8266,0,-1,20.35402,0.68,17,0.68,1,65
8267,0,-1,-13.453057,0.68,17,0.68,0,65
8268,0,-1,-12.284332,0.68,17,0.68,0,65
8269,0,-1,13.498362,0.64,16,0.64,0,65
8270,0,-1,-11.514295,0.64,16,0.64,0,65
8271,0,-1,-0.0010367434,0.64,16,0.64,0,65
8272,0,-1,7.5075254,0.6,15,0.6,0,65
8273,0,-1,2.9558175,0.56,14,0.56,0,65
8274,2,1,3.4802868,0.64,16,0.64,0,65
8275,0,-1,-0.0010605325,0.64,16,0.64,0,65
8276,0,-1,-0.0,0.64,16,0.64,0,65
8277,1,0,0.0,0.64,16,0.64,0,65
8278,0,-1,-14.199256,0.64,16,0.64,0,65
8279,2,1,-12.236608,0.72,18,0.72,0,65
8280,0,-1,-0.0,0.72,18,0.72,0,65
8281,0,-1,-0.0009878521,0.72,18,0.72,0,65
8282,0,-1,-0.0011046048,0.72,18,0.72,0,65
8283,0,-1,-0.0015235356,0.72,18,0.72,0,65
8284,0,-1,-0.0018494873,0.72,18,0.72,0,65
8285,0,-1,20.367355,0.68,17,0.68,0,65
8286,0,-1,-0.0,0.68,17,0.68,0,65
8287,0,-1,-0.0018906827,0.68,17,0.68,0,65
8288,0,-1,11.262469,0.64,16,0.64,0,65
8289,0,-1,-0.0018887365,0.64,16,0.64,0,65
8290,0,-1,-0.0013432956,0.64,16,0.64,0,65
8291,0,-1,-0.0010650577,0.64,16,0.64,0,65
8292,0,-1,-0.0021697525,0.64,16,0.64,0,65
8293,0,-1,-0.0009789214,0.64,16,0.64,1,65
8294,0,-1,7.963769,0.6,15,0.6,0,65
8295,0,-1,-12.240793,0.6,15,0.6,0,65
8296,0,-1,-12.992697,0.6,15,0.6,0,65
8297,0,-1,3.0297165,0.56,14,0.56,0,65
8298,0,-1,-0.0,0.56,14,0.56,0,65
8299,0,-1,-0.0014517948,0.56,14,0.56,0,65
8300,0,-1,-11.395003,0.56,14,0.56,0,65
8301,0,-1,0.98136574,0.52,13,0.52,0,65
8302,0,-1,-4.090292e-05,0.52,13,0.52,0,65
8303,2,1,9.04114,0.6,15,0.6,0,65
8304,0,-1,3.7252913,0.56,14,0.56,0,65
8305,0,-1,-12.860837,0.56,14,0.56,0,65
8306,0,-1,-0.0,0.56,14,0.56,0,65
8307,0,-1,-14.199087,0.56,14,0.56,0,65
8308,0,-1,-0.17642823,0.56,14,0.56,0,65
8309,2,1,1.6350532,0.64,16,0.64,0,65
8310,0,-1,8.8411255,0.6,15,0.6,1,65
8311,0,-1,-0.0,0.6,15,0.6,0,65
8312,0,-1,-0.0,0.6,15,0.6,0,65
8313,0,-1,-14.312496,0.6,15,0.6,0,65
8314,0,-1,-14.115707,0.6,15,0.6,0,65
8315,0,-1,-0.0,0.6,15,0.6,0,65
8316,0,-1,-0.001159695,0.6,15,0.6,0,65
8317,0,-1,4.088142,0.56,14,0.56,0,65
8318,0,-1,-11.9157505,0.56,14,0.56,0,65
8319,0,-1,-12.74234,0.56,14,0.56,0,65
8320,0,-1,-0.0,0.56,14,0.56,0,65
8321,2,1,15.882839,0.6,15,0.6,0,65
8322,0,-1,-0.0,0.6,15,0.6,0,65
8323,0,-1,-0.0,0.6,15,0.6,0,65
8324,0,-1,-0.001071218,0.6,15,0.6,0,65
8325,0,-1,-0.0009822336,0.6,15,0.6,0,65
8326,0,-1,3.8290515,0.56,14,0.56,0,65
8327,2,1,17.50216,0.6,15,0.6,0,65
8328,2,1,13.161842,0.64,16,0.64,1,65
8329,0,-1,-0.0,0.64,16,0.64,0,65
8330,0,-1,-14.492866,0.64,16,0.64,0,65
8331,0,-1,-0.0,0.64,16,0.64,0,65
8332,0,-1,7.4542217,0.6,15,0.6,0,65
8333,0,-1,-0.0,0.6,15,0.6,0,65
8334,2,1,-3.9976342,0.68,17,0.68,0,65
8335,2,1,-23.720598,0.76,19,0.76,0,65
8336,0,-1,-0.0,0.76,19,0.76,0,65
8337,0,-1,-0.0023673226,0.76,19,0.76,0,65
8338,0,-1,-0.0028976488,0.76,19,0.76,0,65
8339,0,-1,-0.0894033,0.76,19,0.76,0,65
8340,2,1,-15.187044,0.8,20,0.8,0,65
8341,0,-1,-0.018101744,0.8,20,0.8,0,65
8342,0,-1,-0.0,0.8,20,0.8,0,65
8343,0,-1,-0.002359596,0.8,20,0.8,0,65
8344,0,-1,-12.734679,0.8,20,0.8,0,65
8345,0,-1,-0.0,0.8,20,0.8,0,65
8346,0,-1,50.24841,0.76,19,0.76,0,65
8347,2,1,-15.960505,0.8,20,0.8,0,65
8348,0,-1,49.00667,0.76,19,0.76,1,65
8349,2,1,-76.77721,0.84,21,0.84,0,65
8350,1,0,0.0,0.84,21,0.84,0,65
8351,0,-1,81.474236,0.8,20,0.8,0,65
8352,0,-1,-13.802634,0.8,20,0.8,0,65
8353,0,-1,-12.768299,0.8,20,0.8,0,65
8354,2,1,-37.340107,0.84,21,0.84,0,65
8355,0,-1,81.18601,0.8,20,0.8,0,65
8356,0,-1,-0.023846412,0.8,20,0.8,0,65
8357,0,-1,-0.0011213117,0.8,20,0.8,0,65
8358,0,-1,-0.0,0.8,20,0.8,0,65
8359,0,-1,50.282986,0.76,19,0.76,0,65
8360,0,-1,-0.0011434521,0.76,19,0.76,0,65
8361,0,-1,-0.0,0.76,19,0.76,0,65
8362,0,-1,-0.0,0.76,19,0.76,0,65
8363,0,-1,31.31374,0.72,18,0.72,0,65
8364,0,-1,-0.0,0.72,18,0.72,0,65
8365,0,-1,-0.0,0.72,18,0.72,0,65
8366,0,-1,-0.0,0.72,18,0.72,0,65
8367,1,0,0.0,0.72,18,0.72,0,65
8368,0,-1,20.045013,0.68,17,0.68,0,65
8369,0,-1,12.791342,0.64,16,0.64,0,65
8370,0,-1,-0.0011062055,0.64,16,0.64,0,65
8371,0,-1,-0.0011500911,0.64,16,0.64,0,65
8372,2,1,9.854865,0.68,17,0.68,0,65
8373,0,-1,-0.0020713173,0.68,17,0.68,1,65
8374,0,-1,-0.0,0.68,17,0.68,0,65
8375,0,-1,12.816852,0.64,16,0.64,0,65
8376,0,-1,-12.80006,0.64,16,0.64,0,65
8377,0,-1,8.700537,0.6,15,0.6,0,65
8378,1,0,0.0,0.6,15,0.6,0,65
8379,1,0,0.0,0.6,15,0.6,0,65
8380,2,1,0.0,0.0,0,0.0,0,65
8381,1,0,0.0,0.16,4,0.16,1,66
8382,2,1,21.946438,0.2,5,0.2,0,66
8383,0,-1,-6.831893,0.16,4,0.16,0,66
8384,2,1,28.262749,0.2,5,0.2,0,66
8385,1,0,0.0,0.2,5,0.2,0,66
8386,2,1,21.497908,0.28,7,0.28,0,66
8387,2,1,22.365505,0.36,9,0.36,0,66
8388,2,1,25.226465,0.4,10,0.4,0,66
8389,0,-1,-6.203641,0.36,9,0.36,0,66
8390,2,1,23.6329,0.4,10,0.4,0,66
8391,2,1,-3.0168974,0.56,14,0.56,0,66
8392,0,-1,-0.00014294306,0.56,14,0.56,0,66
8393,0,-1,0.2936517,0.52,13,0.52,0,66
8394,0,-1,-0.12735482,0.52,13,0.52,0,66
8395,2,1,5.4470806,0.6,15,0.6,0,66
8396,0,-1,4.1196904,0.56,14,0.56,0,66
8397,2,1,17.100729,0.6,15,0.6,0,66
8398,0,-1,3.6020374,0.56,14,0.56,0,66
8399,0,-1,-0.0,0.56,14,0.56,0,66
8400,0,-1,-0.0,0.56,14,0.56,0,66
8401,2,1,-1.3334934,0.64,16,0.64,0,66
8402,1,0,0.0,0.64,16,0.64,0,66
8403,2,1,-40.03652,0.76,19,0.76,0,66
8404,1,0,0.0,0.76,19,0.76,0,66
8405,2,1,-76.32963,0.84,21,0.84,0,66
8406,0,-1,80.64559,0.8,20,0.8,1,66
8407,0,-1,-12.577576,0.8,20,0.8,0,66
8408,0,-1,48.92479,0.76,19,0.76,0,66
8409,0,-1,-10.317278,0.76,19,0.76,0,66
8410,0,-1,-9.9806406e-05,0.76,19,0.76,0,66
8411,0,-1,30.427452,0.72,18,0.72,0,66
8412,0,-1,-9.160591,0.72,18,0.72,0,66
8413,0,-1,-0.0,0.72,18,0.72,0,66
8414,0,-1,19.675362,0.68,17,0.68,0,66
8415,0,-1,-0.0,0.68,17,0.68,0,66
8416,0,-1,15.907187,0.64,16,0.64,0,66
8417,0,-1,8.915863,0.6,15,0.6,0,66
8418,0,-1,3.8485348,0.56,14,0.56,0,66
8419,0,-1,-14.409095,0.56,14,0.56,0,66
8420,0,-1,0.51186335,0.52,13,0.52,0,66
8421,0,-1,0.83174676,0.48,12,0.48,0,66
8422,0,-1,-2.1151373,0.44,11,0.44,0,66
8423,1,0,0.0,0.44,11,0.44,0,66
8424,1,0,0.0,0.44,11,0.44,0,66
8425,0,-1,-5.15973,0.4,10,0.4,0,66
8426,0,-1,-0.0,0.4,10,0.4,0,66
8427,1,0,0.0,0.4,10,0.4,0,66
8428,0,-1,-0.0,0.4,10,0.4,0,66
8429,1,0,0.0,0.4,10,0.4,0,66
8430,0,-1,-0.0,0.4,10,0.4,0,66
8431,2,1,16.51812,0.48,12,0.48,1,66
8432,1,0,0.0,0.48,12,0.48,0,66
8433,0,-1,-3.6930487,0.44,11,0.44,0,66
8434,1,0,0.0,0.44,11,0.44,0,66
8435,0,-1,-0.0,0.44,11,0.44,0,66
8436,2,1,-21.271576,0.64,16,0.64,0,66
8437,2,1,10.356807,0.68,17,0.68,0,66
8438,1,0,0.0,0.68,17,0.68,0,66
8439,0,-1,12.557536,0.64,16,0.64,0,66
8440,0,-1,-0.0042493516,0.64,16,0.64,0,66
8441,0,-1,-0.007629242,0.64,16,0.64,0,66
8442,2,1,-11.556329,0.72,18,0.72,0,66
8443,0,-1,-10.256798,0.72,18,0.72,0,66
8444,0,-1,-0.0,0.72,18,0.72,0,66
8445,2,1,-43.031525,0.8,20,0.8,0,66
8446,0,-1,48.581192,0.76,19,0.76,0,66
8447,0,-1,-0.0,0.76,19,0.76,0,66
8448,2,1,-77.96818,0.84,21,0.84,0,66
8449,0,-1,80.422714,0.8,20,0.8,0,66
8450,0,-1,48.865353,0.76,19,0.76,1,66
8451,0,-1,32.63863,0.72,18,0.72,0,66
8452,0,-1,-13.494074,0.72,18,0.72,0,66
8453,2,1,-5.3834376,0.76,19,0.76,0,66
8454,0,-1,31.007807,0.72,18,0.72,0,66
8455,0,-1,-13.459452,0.72,18,0.72,0,66
8456,0,-1,-0.055128574,0.72,18,0.72,0,66
8457,0,-1,-0.0,0.72,18,0.72,0,66
8458,0,-1,-0.0,0.72,18,0.72,0,66
8459,0,-1,-0.0,0.72,18,0.72,0,66
8460,0,-1,-0.05104359,0.72,18,0.72,0,66
8461,0,-1,-0.0,0.72,18,0.72,0,66
8462,0,-1,-10.268018,0.72,18,0.72,0,66
8463,0,-1,-0.0,0.72,18,0.72,0,66
8464,2,1,-5.828638,0.76,19,0.76,0,66
8465,0,-1,-0.0,0.76,19,0.76,0,66
8466,0,-1,-10.373477,0.76,19,0.76,0,66
8467,0,-1,-0.0714138,0.76,19,0.76,0,66
8468,0,-1,-0.0,0.76,19,0.76,0,66
8469,0,-1,-0.007475626,0.76,19,0.76,0,66
8470,0,-1,-0.0,0.76,19,0.76,1,66
8471,0,-1,-0.0,0.76,19,0.76,0,66
8472,0,-1,-0.0,0.76,19,0.76,0,66
8473,0,-1,-10.1568985,0.76,19,0.76,0,66
8474,0,-1,32.607098,0.72,18,0.72,0,66
8475,0,-1,-0.0,0.72,18,0.72,0,66
8476,0,-1,20.610365,0.68,17,0.68,0,66
8477,2,1,3.0637918,0.72,18,0.72,0,66
8478,0,-1,-0.007481718,0.72,18,0.72,0,66
8479,1,0,0.0,0.72,18,0.72,0,66
8480,0,-1,-0.007629242,0.72,18,0.72,0,66
8481,2,1,-105.78946,0.84,21,0.84,0,66
8482,0,-1,-0.04669723,0.84,21,0.84,0,66
8483,0,-1,-0.0,0.84,21,0.84,0,66
8484,0,-1,-0.06646694,0.84,21,0.84,0,66
8485,0,-1,-13.376526,0.84,21,0.84,0,66
8486,2,1,-287.63104,0.92,23,0.92,0,66
8487,0,-1,-12.558604,0.92,23,0.92,0,66
8488,0,-1,301.312,0.88,22,0.88,0,66
8489,0,-1,-0.01860986,0.88,22,0.88,0,66
8490,0,-1,-0.024039445,0.88,22,0.88,0,66
8491,0,-1,-0.0,0.88,22,0.88,0,66
8492,0,-1,-0.025257142,0.88,22,0.88,0,66
8493,2,1,-805.0072,0.96,24,0.96,0,66
8494,0,-1,-0.0,0.96,24,0.96,0,66
8495,0,-1,925.2374,0.92,23,0.92,1,66
8496,0,-1,299.88867,0.88,22,0.88,0,66
8497,0,-1,-0.0,0.88,22,0.88,0,66
8498,0,-1,-0.0,0.88,22,0.88,0,66
8499,0,-1,-8.441815,0.88,22,0.88,0,66
8500,0,-1,142.58694,0.84,21,0.84,0,66
8501,0,-1,-11.936889,0.84,21,0.84,1,66
8502,0,-1,80.65925,0.8,20,0.8,0,66
8503,0,-1,-0.0,0.8,20,0.8,0,66
8504,0,-1,-11.864709,0.8,20,0.8,0,66
8505,0,-1,-0.026356695,0.8,20,0.8,0,66
8506,0,-1,50.16313,0.76,19,0.76,0,66
8507,0,-1,-0.0,0.76,19,0.76,0,66
8508,0,-1,-0.025716605,0.76,19,0.76,0,66
8509,0,-1,-0.026498433,0.76,19,0.76,0,66
8510,0,-1,31.00733,0.72,18,0.72,0,66
8511,0,-1,-8.484715,0.72,18,0.72,0,66
8512,1,0,0.0,0.72,18,0.72,0,66
8513,0,-1,-0.0,0.72,18,0.72,0,66
8514,0,-1,20.430079,0.68,17,0.68,0,66
8515,2,1,4.525455,0.72,18,0.72,0,66
8516,1,0,0.0,0.72,18,0.72,0,66
8517,0,-1,-0.0,0.72,18,0.72,1,66
8518,0,-1,-0.0,0.72,18,0.72,0,66
8519,0,-1,19.431953,0.68,17,0.68,0,66
8520,0,-1,-0.0,0.68,17,0.68,0,66
8521,0,-1,-35.98374,0.72,18,0.72,0,66
8522,2,1,-1.8825322,0.76,19,0.76,0,66
8523,1,0,0.0,0.76,19,0.76,0,66
8524,1,0,0.0,0.76,19,0.76,0,66
8525,0,-1,-0.028064275,0.76,19,0.76,0,66
8526,0,-1,29.977327,0.72,18,0.72,0,66
8527,2,1,0.10297106,0.76,19,0.76,0,66
8528,0,-1,31.103874,0.72,18,0.72,0,66
8529,0,-1,-0.0,0.72,18,0.72,0,66
8530,2,1,-105.730286,0.84,21,0.84,0,66
8531,2,1,-80.01321,0.88,22,0.88,0,66
8532,0,-1,142.33566,0.84,21,0.84,0,66
8533,0,-1,81.98438,0.8,20,0.8,0,66
8534,0,-1,48.04877,0.76,19,0.76,0,66
8535,0,-1,-0.003269791,0.76,19,0.76,1,66
8536,0,-1,-11.543547,0.76,19,0.76,0,66
8537,0,-1,-0.0,0.76,19,0.76,0,66
8538,0,-1,31.55599,0.72,18,0.72,0,66
8539,0,-1,20.246454,0.68,17,0.68,0,66
8540,0,-1,-13.419213,0.68,17,0.68,1,66
8541,0,-1,-0.0,0.68,17,0.68,0,66
8542,0,-1,-0.0,0.68,17,0.68,0,66
8543,0,-1,-11.253157,0.68,17,0.68,0,66
8544,0,-1,-13.398551,0.68,17,0.68,0,66
8545,0,-1,11.468271,0.64,16,0.64,0,66
8546,0,-1,-0.0025567736,0.64,16,0.64,0,66
8547,0,-1,5.786379,0.6,15,0.6,0,66
8548,1,0,0.0,0.6,15,0.6,0,66
8549,0,-1,-12.590255,0.6,15,0.6,0,66
8550,0,-1,-16.069263,0.6,15,0.6,0,66
8551,2,1,15.559819,0.64,16,0.64,0,66
8552,0,-1,7.9180007,0.6,15,0.6,0,66
8553,0,-1,2.9913468,0.56,14,0.56,0,66
8554,0,-1,0.9024905,0.52,13,0.52,1,66
8555,0,-1,-2.6949985,0.48,12,0.48,0,66
8556,0,-1,-3.1748145,0.44,11,0.44,0,66
8557,2,1,15.534791,0.52,13,0.52,0,66
8558,0,-1,-1.4106003,0.48,12,0.48,0,66
8559,0,-1,-3.9373832,0.44,11,0.44,0,66
8560,0,-1,-5.043641,0.4,10,0.4,0,66
8561,2,1,16.357874,0.48,12,0.48,0,66
8562,2,1,16.897661,0.52,13,0.52,0,66
8563,0,-1,-2.0183363,0.48,12,0.48,0,66
8564,2,1,11.593441,0.56,14,0.56,0,66
8565,2,1,-36.432365,0.72,18,0.72,0,66
8566,0,-1,-0.025782181,0.72,18,0.72,0,66
8567,2,1,-43.789402,0.8,20,0.8,0,66
8568,0,-1,-0.051415037,0.8,20,0.8,0,66
8569,0,-1,49.76524,0.76,19,0.76,0,66
8570,0,-1,-0.047730546,0.76,19,0.76,0,66
8571,0,-1,-0.006233722,0.76,19,0.76,0,66
8572,0,-1,-0.0,0.76,19,0.76,0,66
8573,0,-1,31.785667,0.72,18,0.72,0,66
8574,0,-1,-0.004302738,0.72,18,0.72,0,66
8575,2,1,-1.8635668,0.76,19,0.76,0,66
8576,0,-1,30.654287,0.72,18,0.72,0,66
8577,0,-1,-0.0,0.72,18,0.72,0,66
8578,2,1,-2.9535096,0.76,19,0.76,0,66
8579,0,-1,31.29094,0.72,18,0.72,0,66
8580,0,-1,20.27517,0.68,17,0.68,0,66
8581,0,-1,13.031711,0.64,16,0.64,1,66
8582,0,-1,7.3016257,0.6,15,0.6,0,66
8583,0,-1,4.975468,0.56,14,0.56,0,66
8584,0,-1,-9.951486,0.56,14,0.56,0,66
8585,0,-1,0.13527578,0.52,13,0.52,0,66
8586,0,-1,-0.0,0.52,13,0.52,0,66
8587,1,0,0.0,0.52,13,0.52,0,66
8588,2,1,6.6303096,0.6,15,0.6,0,66
8589,0,-1,2.8608496,0.56,14,0.56,0,66
8590,0,-1,1.4917185,0.52,13,0.52,1,66
8591,2,1,-75.9807,0.76,19,0.76,0,66
8592,2,1,-16.497238,0.8,20,0.8,0,66
8593,0,-1,-0.007169525,0.8,20,0.8,0,66
8594,0,-1,-0.06679525,0.8,20,0.8,0,66
8595,2,1,-138.7819,0.88,22,0.88,0,66
8596,2,1,-180.80109,0.92,23,0.92,0,66
8597,0,-1,-0.0529778,0.92,23,0.92,0,66
8598,0,-1,-0.037067883,0.92,23,0.92,0,66
8599,0,-1,299.0115,0.88,22,0.88,0,66
8600,0,-1,-0.0042895433,0.88,22,0.88,1,66
8601,0,-1,-0.0,0.88,22,0.88,0,66
8602,0,-1,-0.0,0.88,22,0.88,0,66
8603,0,-1,-13.017743,0.88,22,0.88,0,66
8604,0,-1,-0.00477025,0.88,22,0.88,0,66
8605,0,-1,-0.0,0.88,22,0.88,0,66
8606,0,-1,-11.351114,0.88,22,0.88,0,66
8607,0,-1,-0.0,0.88,22,0.88,0,66
8608,0,-1,143.98457,0.84,21,0.84,0,66
8609,0,-1,-9.980526,0.84,21,0.84,0,66
8610,0,-1,-0.055240545,0.84,21,0.84,0,66
8611,0,-1,-0.004409733,0.84,21,0.84,0,66
8612,0,-1,-0.0040582772,0.84,21,0.84,0,66
8613,0,-1,80.9142,0.8,20,0.8,0,66
8614,0,-1,-0.0,0.8,20,0.8,0,66
8615,0,-1,-0.0,0.8,20,0.8,0,66
8616,0,-1,-0.0,0.8,20,0.8,0,66
8617,0,-1,-0.0041814293,0.8,20,0.8,0,66
8618,0,-1,-0.0,0.8,20,0.8,1,66
8619,2,1,-39.350464,0.84,21,0.84,0,66
8620,0,-1,82.479416,0.8,20,0.8,1,66
8621,0,-1,49.84326,0.76,19,0.76,0,66
8622,0,-1,-0.0,0.76,19,0.76,0,66
8623,0,-1,31.011356,0.72,18,0.72,0,66
8624,2,1,-44.907486,0.8,20,0.8,0,66
8625,0,-1,-0.06057616,0.8,20,0.8,0,66
8626,0,-1,50.2413,0.76,19,0.76,0,66
8627,2,1,-77.9654,0.84,21,0.84,0,66
8628,0,-1,80.94403,0.8,20,0.8,0,66
8629,0,-1,50.2413,0.76,19,0.76,0,66
8630,0,-1,31.771702,0.72,18,0.72,0,66
8631,0,-1,-0.0,0.72,18,0.72,0,66
8632,0,-1,-0.0,0.72,18,0.72,0,66
8633,0,-1,-13.545688,0.72,18,0.72,0,66
8634,0,-1,-0.040002655,0.72,18,0.72,0,66
8635,0,-1,20.684624,0.68,17,0.68,0,66
8636,0,-1,-13.720416,0.68,17,0.68,0,66
8637,1,0,0.0,0.68,17,0.68,1,66
8638,0,-1,-13.182401,0.68,17,0.68,0,66
8639,2,1,4.745434,0.72,18,0.72,0,66
8640,0,-1,-0.0,0.72,18,0.72,0,66
8641,0,-1,-13.989874,0.72,18,0.72,0,66
8642,0,-1,-0.0,0.72,18,0.72,0,66
8643,0,-1,-0.0,0.72,18,0.72,1,66
8644,0,-1,-0.0,0.72,18,0.72,0,66
8645,0,-1,-8.7444315,0.72,18,0.72,0,66
8646,0,-1,19.993118,0.68,17,0.68,0,66
8647,0,-1,-0.0,0.68,17,0.68,0,66
8648,0,-1,12.787019,0.64,16,0.64,0,66
8649,0,-1,6.643356,0.6,15,0.6,0,66
8650,0,-1,-0.0,0.6,15,0.6,0,66
8651,0,-1,4.572001,0.56,14,0.56,0,66
8652,2,1,17.58292,0.6,15,0.6,0,66
8653,0,-1,-13.8465185,0.6,15,0.6,0,66
8654,0,-1,2.9954557,0.56,14,0.56,0,66
8655,2,1,3.3163307,0.64,16,0.64,0,66
8656,0,-1,-0.0,0.64,16,0.64,0,66
8657,2,1,-12.04327,0.72,18,0.72,0,66
8658,0,-1,-0.0,0.72,18,0.72,0,66
8659,0,-1,21.281399,0.68,17,0.68,0,66
8660,2,1,1.435488,0.72,18,0.72,0,66
8661,1,0,0.0,0.72,18,0.72,0,66
8662,2,1,-3.885561,0.76,19,0.76,0,66
8663,0,-1,-0.0067864847,0.76,19,0.76,0,66
8664,0,-1,32.040688,0.72,18,0.72,1,66
8665,0,-1,-0.0,0.72,18,0.72,0,66
8666,0,-1,-13.939619,0.72,18,0.72,0,66
8667,0,-1,21.959425,0.68,17,0.68,0,66
8668,0,-1,-0.0,0.68,17,0.68,0,66
8669,0,-1,11.856471,0.64,16,0.64,0,66
8670,0,-1,6.866882,0.6,15,0.6,0,66
8671,0,-1,-14.109059,0.6,15,0.6,0,66
8672,0,-1,-0.0,0.6,15,0.6,0,66
8673,0,-1,-0.0,0.6,15,0.6,0,66
8674,0,-1,-0.0,0.6,15,0.6,0,66
8675,0,-1,-12.376868,0.6,15,0.6,0,66
8676,0,-1,-14.829636,0.6,15,0.6,0,66
8677,0,-1,-0.0,0.6,15,0.6,0,66
8678,1,0,0.0,0.6,15,0.6,0,66
8679,0,-1,3.6112764,0.56,14,0.56,0,66
8680,0,-1,0.0,0.0,0,0.0,0,66
8681,0,-1,-0.0,0.16,4,0.16,0,67
8682,2,1,-4.1407347,0.2,5,0.2,0,67
8683,2,1,28.22638,0.24,6,0.24,0,67
8684,2,1,18.678572,0.32,8,0.32,0,67
8685,1,0,0.0,0.32,8,0.32,0,67
8686,0,-1,-0.0,0.32,8,0.32,0,67
8687,0,-1,-6.7495246,0.28,7,0.28,0,67
8688,0,-1,6.774331,0.24,6,0.24,0,67
8689,0,-1,-9.833911,0.2,5,0.2,1,67
8690,0,-1,-0.0,0.2,5,0.2,0,67
8691,2,1,21.21308,0.24,6,0.24,0,67
8692,2,1,27.812548,0.28,7,0.28,0,67
8693,0,-1,-9.389856,0.24,6,0.24,0,67
8694,2,1,17.828396,0.36,9,0.36,0,67
8695,2,1,17.193573,0.44,11,0.44,0,67
8696,0,-1,-0.0045110495,0.44,11,0.44,0,67
8697,0,-1,-0.005800317,0.44,11,0.44,0,67
8698,0,-1,-1.6827986,0.4,10,0.4,0,67
8699,2,1,21.303133,0.44,11,0.44,0,67
8700,2,1,18.649254,0.48,12,0.48,0,67
8701,2,1,-29.638906,0.68,17,0.68,0,67
8702,0,-1,-0.0,0.68,17,0.68,0,67
8703,0,-1,13.857731,0.64,16,0.64,0,67
8704,1,0,0.0,0.64,16,0.64,0,67
8705,0,-1,8.772546,0.6,15,0.6,0,67
8706,0,-1,-0.07215727,0.6,15,0.6,0,67
8707,0,-1,-0.06705322,0.6,15,0.6,1,67
8708,1,0,0.0,0.6,15,0.6,0,67
8709,0,-1,4.6659994,0.56,14,0.56,0,67
8710,0,-1,-15.298909,0.56,14,0.56,0,67
8711,1,0,0.0,0.56,14,0.56,0,67
8712,0,-1,0.9798213,0.52,13,0.52,1,67
8713,0,-1,-0.0,0.52,13,0.52,0,67
8714,0,-1,-0.0,0.52,13,0.52,0,67
8715,2,1,-9.322986,0.64,16,0.64,0,67
8716,0,-1,-0.00022064148,0.64,16,0.64,0,67
8717,0,-1,-7.985697e-05,0.64,16,0.64,0,67
8718,0,-1,-0.00017539664,0.64,16,0.64,0,67
8719,0,-1,9.167259,0.6,15,0.6,0,67
8720,0,-1,-15.578636,0.6,15,0.6,0,67
8721,0,-1,-0.14290033,0.6,15,0.6,1,67
8722,1,0,0.0,0.6,15,0.6,0,67
8723,0,-1,-14.229326,0.6,15,0.6,0,67
8724,2,1,-3.9503887,0.68,17,0.68,0,67
8725,0,-1,14.938311,0.64,16,0.64,0,67
8726,0,-1,-29.324236,0.68,17,0.68,0,67
8727,0,-1,12.468413,0.64,16,0.64,0,67
8728,0,-1,8.016341,0.6,15,0.6,0,67
8729,0,-1,6.0920777,0.56,14,0.56,0,67
8730,0,-1,-0.0,0.56,14,0.56,0,67
8731,0,-1,-23.375212,0.6,15,0.6,0,67
8732,0,-1,3.6044414,0.56,14,0.56,0,67
8733,1,0,0.0,0.56,14,0.56,0,67
8734,0,-1,3.2947288,0.52,13,0.52,0,67
8735,2,1,-8.433231,0.64,16,0.64,0,67
8736,0,-1,9.8414955,0.6,15,0.6,0,67
8737,0,-1,-0.0,0.6,15,0.6,1,67
8738,0,-1,-26.657282,0.64,16,0.64,0,67
8739,0,-1,8.602625,0.6,15,0.6,0,67
8740,0,-1,6.0921907,0.56,14,0.56,0,67
8741,0,-1,-0.0,0.56,14,0.56,0,67
8742,2,1,12.338878,0.6,15,0.6,0,67
8743,2,1,10.0840435,0.64,16,0.64,0,67
8744,0,-1,-0.0,0.64,16,0.64,0,67
8745,0,-1,-31.30409,0.68,17,0.68,0,67
8746,0,-1,15.015727,0.64,16,0.64,0,67
8747,0,-1,7.540186,0.6,15,0.6,0,67
8748,0,-1,-25.87471,0.64,16,0.64,0,67
8749,0,-1,9.244506,0.6,15,0.6,0,67
8750,2,1,-0.5384951,0.68,17,0.68,0,67
8751,2,1,6.760902,0.72,18,0.72,0,67
8752,0,-1,-0.0,0.72,18,0.72,0,67
8753,0,-1,22.425564,0.68,17,0.68,0,67
8754,1,0,0.0,0.68,17,0.68,0,67
8755,0,-1,-0.0,0.68,17,0.68,0,67
8756,1,0,0.0,0.68,17,0.68,0,67
8757,0,-1,-0.0,0.68,17,0.68,0,67
8758,1,0,0.0,0.68,17,0.68,1,67
8759,0,-1,14.099208,0.64,16,0.64,0,67
8760,0,-1,6.7234015,0.6,15,0.6,0,67
8761,0,-1,3.8933156,0.56,14,0.56,0,67
8762,0,-1,-23.990656,0.6,15,0.6,0,67
8763,0,-1,2.9608138,0.56,14,0.56,0,67
8764,0,-1,3.3145533,0.52,13,0.52,0,67
8765,0,-1,-0.0,0.52,13,0.52,0,67
8766,1,0,0.0,0.52,13,0.52,0,67
8767,0,-1,-2.714554,0.48,12,0.48,0,67
8768,1,0,0.0,0.48,12,0.48,0,67
8769,1,0,0.0,0.48,12,0.48,0,67
8770,1,0,0.0,0.48,12,0.48,0,67
8771,0,-1,-0.0,0.48,12,0.48,0,67
8772,0,-1,-0.0,0.48,12,0.48,0,67
8773,1,0,0.0,0.48,12,0.48,0,67
8774,0,-1,-1.8558035,0.44,11,0.44,0,67
8775,0,-1,-4.743031,0.4,10,0.4,0,67
8776,0,-1,-0.0,0.4,10,0.4,0,67
8777,0,-1,-6.752973,0.36,9,0.36,0,67
8778,2,1,25.165201,0.4,10,0.4,0,67
8779,0,-1,-4.1521387,0.36,9,0.36,0,67
8780,2,1,23.583052,0.4,10,0.4,0,67
8781,0,-1,-5.961898,0.36,9,0.36,0,67
8782,0,-1,-8.104442,0.32,8,0.32,0,67
8783,0,-1,-0.0,0.32,8,0.32,1,67
8784,2,1,23.567696,0.36,9,0.36,0,67
8785,0,-1,-0.0,0.36,9,0.36,0,67
8786,0,-1,-16.467789,0.36,9,0.36,0,67
8787,1,0,0.0,0.36,9,0.36,0,67
8788,2,1,16.54433,0.4,10,0.4,0,67
8789,0,-1,-2.4425378,0.36,9,0.36,0,67
8790,2,1,16.214745,0.44,11,0.44,0,67
8791,2,1,10.9982815,0.52,13,0.52,0,67
8792,0,-1,-0.0,0.52,13,0.52,0,67
8793,0,-1,-2.7188413,0.48,12,0.48,0,67
8794,0,-1,-0.0,0.48,12,0.48,0,67
8795,2,1,12.521821,0.56,14,0.56,0,67
8796,2,1,4.529898,0.64,16,0.64,0,67
8797,0,-1,7.9857893,0.6,15,0.6,0,67
8798,0,-1,4.4966264,0.56,14,0.56,0,67
8799,0,-1,0.45893472,0.52,13,0.52,0,67
8800,1,0,0.0,0.52,13,0.52,0,67
8801,2,1,6.5687127,0.6,15,0.6,0,67
8802,2,1,-26.327925,0.72,18,0.72,0,67
8803,0,-1,-0.004369913,0.72,18,0.72,0,67
8804,0,-1,-0.0,0.72,18,0.72,0,67
8805,0,-1,24.383915,0.68,17,0.68,1,67
8806,0,-1,-13.102769,0.68,17,0.68,0,67
8807,0,-1,-11.602514,0.68,17,0.68,0,67
8808,0,-1,11.541941,0.64,16,0.64,0,67
8809,0,-1,-0.0021205975,0.64,16,0.64,0,67
8810,0,-1,-0.0016290997,0.64,16,0.64,0,67
8811,2,1,-13.909634,0.72,18,0.72,0,67
8812,0,-1,21.628838,0.68,17,0.68,0,67
8813,0,-1,-0.049304847,0.68,17,0.68,0,67
8814,0,-1,-14.966795,0.68,17,0.68,0,67
8815,0,-1,-10.956639,0.68,17,0.68,0,67
8816,0,-1,13.450164,0.64,16,0.64,0,67
8817,1,0,0.0,0.64,16,0.64,0,67
8818,0,-1,-0.0016345351,0.64,16,0.64,0,67
8819,0,-1,-0.007454776,0.64,16,0.64,0,67
8820,0,-1,-3.5542707e-06,0.64,16,0.64,0,67
8821,0,-1,-0.0020411806,0.64,16,0.64,0,67
8822,0,-1,8.90035,0.6,15,0.6,0,67
8823,2,1,10.772356,0.64,16,0.64,0,67
8824,2,1,-39.606777,0.76,19,0.76,0,67
8825,0,-1,-0.1448654,0.76,19,0.76,0,67
8826,0,-1,30.824087,0.72,18,0.72,0,67
8827,0,-1,-0.0016458124,0.72,18,0.72,0,67
8828,0,-1,-0.0024007373,0.72,18,0.72,0,67
8829,2,1,-44.20803,0.8,20,0.8,0,67
8830,0,-1,50.214535,0.76,19,0.76,1,67
8831,0,-1,-14.114727,0.76,19,0.76,0,67
8832,0,-1,-0.0,0.76,19,0.76,0,67
8833,0,-1,-11.51902,0.76,19,0.76,0,67
8834,0,-1,-0.0,0.76,19,0.76,0,67
8835,0,-1,-0.0019166693,0.76,19,0.76,0,67
8836,0,-1,-5.259689,0.76,19,0.76,0,67
8837,0,-1,-0.0,0.76,19,0.76,0,67
8838,0,-1,32.620773,0.72,18,0.72,0,67
8839,0,-1,18.772932,0.68,17,0.68,0,67
8840,0,-1,13.106449,0.64,16,0.64,0,67
8841,0,-1,-0.0,0.64,16,0.64,0,67
8842,1,0,0.0,0.64,16,0.64,0,67
8843,0,-1,-13.091041,0.64,16,0.64,0,67
8844,0,-1,-0.0,0.64,16,0.64,0,67
8845,0,-1,-12.54749,0.64,16,0.64,0,67
8846,0,-1,-0.0,0.64,16,0.64,0,67
8847,0,-1,6.656895,0.6,15,0.6,0,67
8848,0,-1,2.808141,0.56,14,0.56,0,67
8849,0,-1,-1.69201e-05,0.56,14,0.56,0,67
8850,0,-1,-0.0018997625,0.56,14,0.56,0,67
8851,1,0,0.0,0.56,14,0.56,0,67
8852,0,-1,-0.0,0.56,14,0.56,0,67
8853,0,-1,-0.0,0.56,14,0.56,0,67
8854,0,-1,-0.0018162355,0.56,14,0.56,0,67
8855,2,1,-35.55424,0.72,18,0.72,1,67
8856,0,-1,-13.179868,0.72,18,0.72,0,67
8857,0,-1,-13.403927,0.72,18,0.72,0,67
8858,0,-1,20.208609,0.68,17,0.68,0,67
8859,2,1,-25.624237,0.76,19,0.76,0,67
8860,1,0,0.0,0.76,19,0.76,0,67
8861,0,-1,32.501396,0.72,18,0.72,1,67
8862,1,0,0.0,0.72,18,0.72,0,67
8863,0,-1,19.727543,0.68,17,0.68,1,67
8864,0,-1,-15.422185,0.68,17,0.68,0,67
8865,0,-1,-13.682694,0.68,17,0.68,0,67
8866,0,-1,-0.16176355,0.68,17,0.68,0,67
8867,0,-1,13.128285,0.64,16,0.64,0,67
8868,0,-1,-14.804138,0.64,16,0.64,0,67
8869,0,-1,-0.001698868,0.64,16,0.64,0,67
8870,2,1,-11.278883,0.72,18,0.72,0,67
8871,0,-1,-13.377653,0.72,18,0.72,1,67
8872,1,0,0.0,0.72,18,0.72,0,67
8873,2,1,-0.57014024,0.76,19,0.76,0,67
8874,0,-1,31.042149,0.72,18,0.72,0,67
8875,0,-1,-0.0,0.72,18,0.72,0,67
8876,2,1,-3.8872375,0.76,19,0.76,0,67
8877,0,-1,-12.963802,0.76,19,0.76,1,67
8878,0,-1,-12.901291,0.76,19,0.76,0,67
8879,1,0,0.0,0.76,19,0.76,0,67
8880,0,-1,-14.233451,0.76,19,0.76,0,67
8881,0,-1,31.42601,0.72,18,0.72,0,67
8882,1,0,0.0,0.72,18,0.72,0,67
8883,0,-1,-0.006393586,0.72,18,0.72,0,67
8884,0,-1,-13.631057,0.72,18,0.72,1,67
8885,0,-1,-0.0,0.72,18,0.72,0,67
8886,0,-1,-11.629786,0.72,18,0.72,0,67
8887,0,-1,-0.0,0.72,18,0.72,0,67
8888,0,-1,-0.0149498265,0.72,18,0.72,0,67
8889,2,1,-42.702915,0.8,20,0.8,0,67
8890,0,-1,48.59435,0.76,19,0.76,0,67
8891,1,0,0.0,0.76,19,0.76,0,67
8892,0,-1,30.309092,0.72,18,0.72,0,67
8893,1,0,0.0,0.72,18,0.72,0,67
8894,0,-1,20.930109,0.68,17,0.68,0,67
8895,0,-1,-0.0,0.68,17,0.68,0,67
8896,2,1,-23.773655,0.76,19,0.76,0,67
8897,0,-1,-13.26783,0.76,19,0.76,0,67
8898,0,-1,-12.903563,0.76,19,0.76,0,67
8899,0,-1,31.269562,0.72,18,0.72,0,67
8900,0,-1,-0.0,0.72,18,0.72,0,67
8901,1,0,0.0,0.72,18,0.72,1,67
8902,0,-1,-12.250792,0.72,18,0.72,0,67
8903,2,1,-43.646973,0.8,20,0.8,0,67
8904,0,-1,-13.728021,0.8,20,0.8,0,67
8905,0,-1,-0.0,0.8,20,0.8,0,67
8906,1,0,0.0,0.8,20,0.8,0,67
8907,0,-1,-12.8314905,0.8,20,0.8,0,67
8908,0,-1,-0.00019942493,0.8,20,0.8,0,67
8909,0,-1,-0.0034350343,0.8,20,0.8,0,67
8910,0,-1,-0.03539627,0.8,20,0.8,1,67
8911,0,-1,-0.0,0.8,20,0.8,0,67
8912,1,0,0.0,0.8,20,0.8,0,67
8913,0,-1,-13.21146,0.8,20,0.8,0,67
8914,0,-1,48.96194,0.76,19,0.76,0,67
8915,0,-1,-0.0,0.76,19,0.76,0,67
8916,0,-1,30.806976,0.72,18,0.72,0,67
8917,2,1,-1.6322533,0.76,19,0.76,0,67
8918,2,1,-14.732754,0.8,20,0.8,0,67
8919,1,0,0.0,0.8,20,0.8,0,67
8920,0,-1,-0.0,0.8,20,0.8,1,67
8921,0,-1,50.190712,0.76,19,0.76,0,67
8922,0,-1,31.358625,0.72,18,0.72,0,67
8923,0,-1,19.795113,0.68,17,0.68,0,67
8924,0,-1,12.216537,0.64,16,0.64,0,67
8925,0,-1,-0.0,0.64,16,0.64,0,67
8926,0,-1,6.811216,0.6,15,0.6,0,67
8927,0,-1,-0.0,0.6,15,0.6,0,67
8928,0,-1,-0.0,0.6,15,0.6,0,67
8929,2,1,-1.9048762,0.68,17,0.68,0,67
8930,0,-1,-13.044431,0.68,17,0.68,0,67
8931,2,1,-23.821247,0.76,19,0.76,0,67
8932,0,-1,-0.04449911,0.76,19,0.76,0,67
8933,0,-1,31.018938,0.72,18,0.72,0,67
8934,0,-1,-0.04993225,0.72,18,0.72,0,67
8935,0,-1,19.696138,0.68,17,0.68,0,67
8936,0,-1,-12.455473,0.68,17,0.68,0,67
8937,2,1,4.7199907,0.72,18,0.72,0,67
8938,0,-1,-0.0,0.72,18,0.72,0,67
8939,0,-1,-0.0,0.72,18,0.72,1,67
8940,0,-1,20.321667,0.68,17,0.68,0,67
8941,0,-1,11.689679,0.64,16,0.64,0,67
8942,0,-1,-13.832629,0.64,16,0.64,0,67
8943,0,-1,-0.045012347,0.64,16,0.64,0,67
8944,0,-1,7.9065504,0.6,15,0.6,0,67
8945,0,-1,3.0685728,0.56,14,0.56,0,67
8946,0,-1,1.0085273,0.52,13,0.52,0,67
8947,0,-1,-12.686355,0.52,13,0.52,0,67
8948,0,-1,-0.0,0.52,13,0.52,0,67
8949,0,-1,-1.6025187,0.48,12,0.48,0,67
8950,2,1,11.723458,0.56,14,0.56,0,67
8951,0,-1,-12.76353,0.56,14,0.56,0,67
8952,2,1,2.5367162,0.64,16,0.64,0,67
8953,0,-1,-13.991632,0.64,16,0.64,0,67
8954,0,-1,8.023318,0.6,15,0.6,0,67
8955,2,1,13.258524,0.64,16,0.64,0,67
8956,0,-1,6.611977,0.6,15,0.6,0,67
8957,0,-1,3.4659111,0.56,14,0.56,0,67
8958,2,1,14.757846,0.6,15,0.6,0,67
8959,0,-1,-0.0,0.6,15,0.6,0,67
8960,0,-1,3.068632,0.56,14,0.56,0,67
8961,0,-1,1.1104989,0.52,13,0.52,0,67
8962,2,1,19.301468,0.56,14,0.56,0,67
8963,0,-1,0.27128273,0.52,13,0.52,0,67
8964,0,-1,-0.17911242,0.52,13,0.52,1,67
8965,0,-1,-0.0,0.52,13,0.52,0,67
8966,1,0,0.0,0.52,13,0.52,0,67
8967,0,-1,-12.104794,0.52,13,0.52,0,67
8968,0,-1,-12.784772,0.52,13,0.52,0,67
8969,2,1,18.526314,0.56,14,0.56,0,67
8970,1,0,0.0,0.56,14,0.56,0,67
8971,0,-1,-15.284982,0.56,14,0.56,0,67
8972,0,-1,-0.1652195,0.56,14,0.56,1,67
8973,2,1,14.959607,0.6,15,0.6,0,67
8974,0,-1,4.307112,0.56,14,0.56,0,67
8975,0,-1,-0.0,0.56,14,0.56,0,67
8976,2,1,3.9813251,0.64,16,0.64,0,67
8977,0,-1,-14.320101,0.64,16,0.64,0,67
8978,2,1,9.653132,0.68,17,0.68,0,67
8979,0,-1,-0.0,0.68,17,0.68,0,67
8980,0,-1,0.0,0.0,0,0.0,0,67
8981,2,1,-4.1407347,0.2,5,0.2,0,68
8982,2,1,28.208652,0.24,6,0.24,0,68
8983,2,1,-4.51638,0.28,7,0.28,0,68
8984,2,1,23.409119,0.32,8,0.32,0,68
8985,2,1,8.930379,0.44,11,0.44,0,68
8986,2,1,-7.391865,0.48,12,0.48,0,68
8987,1,0,0.0,0.48,12,0.48,0,68
8988,0,-1,-0.0,0.48,12,0.48,0,68
8989,0,-1,-2.1928086,0.44,11,0.44,0,68
8990,0,-1,9.781139,0.4,10,0.4,0,68
8991,1,0,0.0,0.4,10,0.4,0,68
8992,0,-1,-5.384103,0.36,9,0.36,0,68
8993,0,-1,7.9207096,0.32,8,0.32,0,68
8994,0,-1,7.271937,0.28,7,0.28,0,68
8995,0,-1,6.77429,0.24,6,0.24,0,68
8996,1,0,0.0,0.24,6,0.24,0,68
8997,0,-1,-0.0,0.24,6,0.24,0,68
8998,2,1,23.740671,0.28,7,0.28,0,68
8999,2,1,27.657686,0.32,8,0.32,0,68
9000,0,-1,-0.0,0.32,8,0.32,0,68
9001,2,1,-5.280318,0.36,9,0.36,0,68
9002,2,1,25.454552,0.4,10,0.4,0,68
9003,2,1,24.768646,0.44,11,0.44,0,68
9004,1,0,0.0,0.44,11,0.44,0,68
9005,1,0,0.0,0.44,11,0.44,0,68
9006,1,0,0.0,0.44,11,0.44,0,68
9007,0,-1,-4.347322,0.4,10,0.4,0,68
9008,2,1,23.129503,0.44,11,0.44,1,68
9009,2,1,22.140333,0.48,12,0.48,0,68
9010,2,1,-1.2054985,0.6,15,0.6,1,68
9011,0,-1,2.87712,0.56,14,0.56,0,68
9012,0,-1,-0.0,0.56,14,0.56,0,68
9013,0,-1,-0.24196397,0.52,13,0.52,0,68
9014,2,1,10.247576,0.56,14,0.56,0,68
9015,0,-1,-0.0,0.56,14,0.56,0,68
9016,2,1,2.2594829,0.64,16,0.64,0,68
9017,2,1,11.936461,0.68,17,0.68,0,68
9018,0,-1,20.145285,0.64,16,0.64,0,68
9019,0,-1,-11.266591,0.64,16,0.64,0,68
9020,1,0,0.0,0.64,16,0.64,0,68
9021,0,-1,7.1495094,0.6,15,0.6,0,68
9022,0,-1,7.5955777,0.56,14,0.56,0,68
9023,0,-1,-13.03624,0.56,14,0.56,0,68
9024,2,1,8.382676,0.6,15,0.6,0,68
9025,0,-1,2.8441732,0.56,14,0.56,0,68
9026,0,-1,-0.77754045,0.52,13,0.52,0,68
9027,2,1,21.322283,0.56,14,0.56,0,68
9028,0,-1,-5.3099855e-05,0.56,14,0.56,0,68
9029,0,-1,6.099785,0.52,13,0.52,1,68
9030,0,-1,-13.612537,0.52,13,0.52,0,68
9031,0,-1,-2.839719,0.48,12,0.48,0,68
9032,0,-1,-4.7736144,0.44,11,0.44,0,68
9033,0,-1,-4.445126,0.4,10,0.4,0,68
9034,0,-1,-0.0,0.4,10,0.4,0,68
9035,2,1,21.845457,0.44,11,0.44,0,68
9036,1,0,0.0,0.44,11,0.44,0,68
9037,2,1,23.817331,0.48,12,0.48,0,68
9038,2,1,12.852687,0.56,14,0.56,0,68
9039,0,-1,-0.072220944,0.56,14,0.56,0,68
9040,0,-1,0.91143125,0.52,13,0.52,0,68
9041,1,0,0.0,0.52,13,0.52,0,68
9042,0,-1,-1.4356673,0.48,12,0.48,0,68
9043,1,0,0.0,0.48,12,0.48,0,68
9044,0,-1,-3.3664339,0.44,11,0.44,0,68
9045,2,1,2.874464,0.52,13,0.52,0,68
9046,2,1,7.3635807,0.6,15,0.6,0,68
9047,1,0,0.0,0.6,15,0.6,0,68
9048,0,-1,3.3284347,0.56,14,0.56,0,68
9049,2,1,17.774721,0.6,15,0.6,0,68
9050,2,1,7.3076406,0.64,16,0.64,0,68
9051,0,-1,-29.905275,0.68,17,0.68,0,68
9052,0,-1,-0.0,0.68,17,0.68,0,68
9053,0,-1,14.434575,0.64,16,0.64,0,68
9054,0,-1,12.220398,0.6,15,0.6,1,68
9055,0,-1,6.1319146,0.56,14,0.56,0,68
9056,2,1,0.75509137,0.64,16,0.64,0,68
9057,0,-1,-0.0,0.64,16,0.64,0,68
9058,0,-1,9.569001,0.6,15,0.6,0,68
9059,0,-1,-0.0,0.6,15,0.6,0,68
9060,0,-1,-0.0,0.6,15,0.6,0,68
9061,0,-1,-0.00015472547,0.6,15,0.6,0,68
9062,2,1,15.605002,0.64,16,0.64,0,68
9063,0,-1,-0.0002116886,0.64,16,0.64,0,68
9064,1,0,0.0,0.64,16,0.64,0,68
9065,0,-1,-0.0,0.64,16,0.64,0,68
9066,0,-1,-0.0,0.64,16,0.64,0,68
9067,0,-1,-0.0,0.64,16,0.64,0,68
9068,1,0,0.0,0.64,16,0.64,0,68
9069,1,0,0.0,0.64,16,0.64,0,68
9070,0,-1,12.502262,0.6,15,0.6,0,68
9071,0,-1,-0.0,0.6,15,0.6,0,68
9072,0,-1,-0.00016526993,0.6,15,0.6,1,68
9073,0,-1,-0.0,0.6,15,0.6,0,68
9074,1,0,0.0,0.6,15,0.6,0,68
9075,0,-1,-0.0,0.6,15,0.6,0,68
9076,0,-1,2.9225101,0.56,14,0.56,0,68
9077,0,-1,-12.39065,0.56,14,0.56,0,68
9078,0,-1,-13.31939,0.56,14,0.56,1,68
9079,0,-1,2.617794,0.52,13,0.52,0,68
9080,2,1,15.869691,0.56,14,0.56,0,68
9081,0,-1,-11.862493,0.56,14,0.56,0,68
9082,0,-1,1.8017416,0.52,13,0.52,0,68
9083,1,0,0.0,0.52,13,0.52,0,68
9084,0,-1,-0.0,0.52,13,0.52,0,68
9085,1,0,0.0,0.52,13,0.52,0,68
9086,0,-1,-0.14838453,0.48,12,0.48,0,68
9087,1,0,0.0,0.48,12,0.48,0,68
9088,2,1,20.993877,0.52,13,0.52,0,68
9089,0,-1,-2.6859133,0.48,12,0.48,0,68
9090,0,-1,-2.946581,0.44,11,0.44,0,68
9091,2,1,20.378643,0.48,12,0.48,0,68
9092,0,-1,-0.0,0.48,12,0.48,0,68
9093,2,1,12.298191,0.56,14,0.56,0,68
9094,0,-1,-0.0,0.56,14,0.56,0,68
9095,0,-1,-0.0,0.56,14,0.56,0,68
9096,0,-1,-0.0,0.56,14,0.56,0,68
9097,0,-1,1.3142927,0.52,13,0.52,0,68
9098,2,1,5.426099,0.6,15,0.6,0,68
9099,0,-1,-0.0,0.6,15,0.6,0,68
9100,1,0,0.0,0.6,15,0.6,0,68
9101,0,-1,-0.0,0.6,15,0.6,0,68
9102,0,-1,-0.0,0.6,15,0.6,0,68
9103,0,-1,-0.0,0.6,15,0.6,0,68
9104,2,1,-2.767891,0.68,17,0.68,1,68
9105,1,0,0.0,0.68,17,0.68,0,68
9106,0,-1,-0.0,0.68,17,0.68,1,68
9107,0,-1,-12.960834,0.68,17,0.68,0,68
9108,0,-1,-0.0,0.68,17,0.68,0,68
9109,0,-1,-0.0,0.68,17,0.68,0,68
9110,0,-1,-0.0,0.68,17,0.68,0,68
9111,0,-1,-0.0,0.68,17,0.68,0,68
9112,0,-1,-0.0,0.68,17,0.68,0,68
9113,0,-1,-0.0,0.68,17,0.68,0,68
9114,0,-1,-0.0,0.68,17,0.68,0,68
9115,2,1,5.3097425,0.72,18,0.72,0,68
9116,2,1,-105.77291,0.84,21,0.84,0,68
9117,0,-1,-0.045718834,0.84,21,0.84,0,68
9118,1,0,0.0,0.84,21,0.84,0,68
9119,2,1,-79.889984,0.88,22,0.88,0,68
9120,2,1,-808.7941,0.96,24,0.96,0,68
9121,0,-1,925.11633,0.92,23,0.92,0,68
9122,0,-1,-637.08264,0.96,24,0.96,0,68
9123,0,-1,-13.485155,0.96,24,0.96,0,68
9124,0,-1,-0.0,0.96,24,0.96,0,68
9125,0,-1,925.07935,0.92,23,0.92,0,68
9126,0,-1,-0.0,0.92,23,0.92,0,68
9127,0,-1,300.61594,0.88,22,0.88,0,68
9128,0,-1,143.16597,0.84,21,0.84,0,68
9129,1,0,0.0,0.84,21,0.84,0,68
9130,0,-1,-0.0020223535,0.84,21,0.84,0,68
9131,2,1,-78.986046,0.88,22,0.88,0,68
9132,0,-1,-0.0,0.88,22,0.88,0,68
9133,0,-1,-0.0,0.88,22,0.88,1,68
9134,0,-1,143.95467,0.84,21,0.84,0,68
9135,0,-1,-12.614822,0.84,21,0.84,0,68
9136,0,-1,82.096634,0.8,20,0.8,1,68
9137,2,1,-139.85,0.88,22,0.88,0,68
9138,0,-1,-0.0,0.88,22,0.88,0,68
9139,0,-1,144.37236,0.84,21,0.84,0,68
9140,0,-1,-8.037646,0.84,21,0.84,0,68
9141,0,-1,81.28594,0.8,20,0.8,0,68
9142,0,-1,49.99526,0.76,19,0.76,0,68
9143,0,-1,-0.0,0.76,19,0.76,0,68
9144,0,-1,33.290108,0.72,18,0.72,0,68
9145,0,-1,20.424715,0.68,17,0.68,0,68
9146,0,-1,-0.058337487,0.68,17,0.68,0,68
9147,0,-1,-0.0,0.68,17,0.68,0,68
9148,2,1,1.4417026,0.72,18,0.72,1,68
9149,0,-1,-0.0,0.72,18,0.72,0,68
9150,2,1,-4.0887775,0.76,19,0.76,0,68
9151,0,-1,-53.8402,0.8,20,0.8,0,68
9152,0,-1,50.83296,0.76,19,0.76,0,68
9153,0,-1,-0.060465377,0.76,19,0.76,0,68
9154,2,1,-16.357016,0.8,20,0.8,0,68
9155,0,-1,-13.5648155,0.8,20,0.8,0,68
9156,0,-1,48.96396,0.76,19,0.76,0,68
9157,0,-1,-12.825282,0.76,19,0.76,0,68
9158,0,-1,-14.0968,0.76,19,0.76,0,68
9159,0,-1,-0.00224826,0.76,19,0.76,0,68
9160,0,-1,33.292793,0.72,18,0.72,0,68
9161,0,-1,-0.0,0.72,18,0.72,0,68
9162,0,-1,-0.0,0.72,18,0.72,0,68
9163,2,1,-44.109573,0.8,20,0.8,0,68
9164,0,-1,-0.046924952,0.8,20,0.8,0,68
9165,2,1,-36.568226,0.84,21,0.84,0,68
9166,0,-1,-0.0,0.84,21,0.84,0,68
9167,2,1,-80.160095,0.88,22,0.88,0,68
9168,2,1,-187.06703,0.92,23,0.92,0,68
9169,0,-1,299.91187,0.88,22,0.88,0,68
9170,2,1,-182.56657,0.92,23,0.92,1,68
9171,0,-1,-0.0,0.92,23,0.92,0,68
9172,0,-1,-0.0,0.92,23,0.92,0,68
9173,1,0,0.0,0.92,23,0.92,0,68
9174,0,-1,-0.0,0.92,23,0.92,0,68
9175,0,-1,-0.0,0.92,23,0.92,0,68
9176,0,-1,302.14508,0.88,22,0.88,0,68
9177,0,-1,-0.0,0.88,22,0.88,0,68
9178,0,-1,-2.6348627,0.88,22,0.88,0,68
9179,0,-1,-12.288631,0.88,22,0.88,0,68
9180,0,-1,143.66159,0.84,21,0.84,0,68
9181,0,-1,-12.593239,0.84,21,0.84,1,68
9182,0,-1,-12.343073,0.84,21,0.84,0,68
9183,1,0,0.0,0.84,21,0.84,0,68
9184,0,-1,-3.3497307,0.84,21,0.84,0,68
9185,0,-1,-0.019999776,0.84,21,0.84,0,68
9186,0,-1,-0.0,0.84,21,0.84,0,68
9187,1,0,0.0,0.84,21,0.84,0,68
9188,0,-1,-0.0,0.84,21,0.84,0,68
9189,0,-1,80.381035,0.8,20,0.8,0,68
9190,0,-1,-0.0005586531,0.8,20,0.8,0,68
9191,2,1,-36.529594,0.84,21,0.84,0,68
9192,2,1,-910.42633,0.96,24,0.96,0,68
9193,0,-1,-0.0,0.96,24,0.96,0,68
9194,0,-1,925.2161,0.92,23,0.92,0,68
9195,0,-1,-0.0,0.92,23,0.92,0,68
9196,0,-1,-0.0,0.92,23,0.92,1,68
9197,0,-1,-0.0,0.92,23,0.92,0,68
9198,0,-1,-0.0,0.92,23,0.92,0,68
9199,0,-1,-0.0,0.92,23,0.92,0,68
9200,0,-1,-0.0,0.92,23,0.92,0,68
9201,0,-1,299.74664,0.88,22,0.88,0,68
9202,2,1,-1000.0,0.0,0,0.0,0,68
9203,2,1,28.364332,0.2,5,0.2,0,69
9204,1,0,0.0,0.2,5,0.2,0,69
9205,0,-1,-0.0,0.2,5,0.2,0,69
9206,2,1,28.208652,0.24,6,0.24,0,69
9207,2,1,18.8927,0.32,8,0.32,0,69
9208,2,1,26.008978,0.36,9,0.36,0,69
9209,0,-1,-0.0,0.36,9,0.36,0,69
9210,2,1,14.210863,0.44,11,0.44,0,69
9211,0,-1,-0.0,0.44,11,0.44,0,69
9212,0,-1,-5.863508,0.4,10,0.4,0,69
9213,2,1,24.768646,0.44,11,0.44,0,69
9214,0,-1,-0.0,0.44,11,0.44,0,69
9215,0,-1,-3.4994302,0.4,10,0.4,0,69
9216,1,0,0.0,0.4,10,0.4,0,69
9217,2,1,17.376547,0.48,12,0.48,0,69
9218,2,1,19.999044,0.52,13,0.52,0,69
9219,2,1,7.9956107,0.6,15,0.6,0,69
9220,2,1,-32.022423,0.68,17,0.68,0,69
9221,0,-1,13.601909,0.64,16,0.64,0,69
9222,0,-1,-17.82804,0.68,17,0.68,0,69
9223,2,1,-22.675793,0.72,18,0.72,0,69
9224,0,-1,-0.0,0.72,18,0.72,0,69
9225,0,-1,-0.0,0.72,18,0.72,1,69
9226,0,-1,-0.09527601,0.72,18,0.72,0,69
9227,0,-1,22.107082,0.68,17,0.68,0,69
9228,0,-1,-34.65142,0.72,18,0.72,0,69
9229,0,-1,-0.098032564,0.72,18,0.72,0,69
9230,2,1,-0.4716805,0.76,19,0.76,0,69
9231,0,-1,33.870155,0.72,18,0.72,0,69
9232,0,-1,34.01373,0.68,17,0.68,0,69
9233,2,1,5.085155,0.72,18,0.72,0,69
9234,0,-1,-41.374615,0.76,19,0.76,0,69
9235,0,-1,45.14686,0.72,18,0.72,0,69
9236,0,-1,20.133253,0.68,17,0.68,0,69
9237,0,-1,-0.0020169434,0.68,17,0.68,0,69
9238,0,-1,26.603828,0.64,16,0.64,0,69
9239,0,-1,-0.17058867,0.64,16,0.64,0,69
9240,2,1,9.5843725,0.68,17,0.68,0,69
9241,0,-1,19.857727,0.64,16,0.64,0,69
9242,0,-1,-0.0,0.64,16,0.64,0,69
9243,1,0,0.0,0.64,16,0.64,0,69
9244,0,-1,-0.0,0.64,16,0.64,0,69
9245,1,0,0.0,0.64,16,0.64,0,69
9246,0,-1,7.769635,0.6,15,0.6,0,69
9247,2,1,13.033785,0.64,16,0.64,1,69
9248,0,-1,-0.0,0.64,16,0.64,0,69
9249,2,1,0.20660293,0.68,17,0.68,0,69
9250,2,1,-23.774286,0.76,19,0.76,0,69
9251,0,-1,-12.354486,0.76,19,0.76,0,69
9252,0,-1,31.7822,0.72,18,0.72,0,69
9253,1,0,0.0,0.72,18,0.72,0,69
9254,0,-1,-9.964595,0.72,18,0.72,0,69
9255,0,-1,25.042475,0.68,17,0.68,0,69
9256,0,-1,-0.0016524246,0.68,17,0.68,0,69
9257,0,-1,-0.0018270221,0.68,17,0.68,0,69
9258,0,-1,-0.0,0.68,17,0.68,0,69
9259,2,1,-9.351713,0.72,18,0.72,0,69
9260,0,-1,19.74669,0.68,17,0.68,0,69
9261,0,-1,12.949965,0.64,16,0.64,0,69
9262,2,1,8.993359,0.68,17,0.68,1,69
9263,1,0,0.0,0.68,17,0.68,0,69
9264,0,-1,-12.863162,0.68,17,0.68,0,69
9265,0,-1,-3.4480134e-05,0.68,17,0.68,0,69
9266,0,-1,12.607206,0.64,16,0.64,0,69
9267,0,-1,9.08704,0.6,15,0.6,0,69
9268,2,1,13.454656,0.64,16,0.64,0,69
9269,0,-1,7.5591993,0.6,15,0.6,0,69
9270,0,-1,4.3242383,0.56,14,0.56,0,69
9271,0,-1,0.664714,0.52,13,0.52,0,69
9272,0,-1,5.0020404,0.48,12,0.48,0,69
9273,2,1,6.1242886,0.52,13,0.52,0,69
9274,0,-1,-2.0613084,0.48,12,0.48,0,69
9275,2,1,-1.1904389,0.6,15,0.6,0,69
9276,0,-1,-3.900183e-05,0.6,15,0.6,0,69
9277,0,-1,-0.0,0.6,15,0.6,0,69
9278,0,-1,10.369073,0.56,14,0.56,0,69
9279,0,-1,0.71296686,0.52,13,0.52,0,69
9280,0,-1,-3.293306e-05,0.52,13,0.52,0,69
9281,0,-1,-2.297689,0.48,12,0.48,0,69
9282,0,-1,-4.5340204,0.44,11,0.44,0,69
9283,0,-1,-0.12925261,0.4,10,0.4,0,69
9284,0,-1,-0.0,0.4,10,0.4,0,69
9285,2,1,12.644657,0.48,12,0.48,0,69
9286,2,1,13.434463,0.52,13,0.52,0,69
9287,2,1,9.7036,0.6,15,0.6,0,69
9288,1,0,0.0,0.6,15,0.6,0,69
9289,0,-1,6.713986,0.56,14,0.56,0,69
9290,0,-1,-0.0,0.56,14,0.56,1,69
9291,1,0,0.0,0.56,14,0.56,0,69
9292,0,-1,-0.0,0.56,14,0.56,0,69
9293,0,-1,1.6503583,0.52,13,0.52,0,69
9294,0,-1,-11.568166,0.52,13,0.52,0,69
9295,0,-1,-0.0,0.52,13,0.52,0,69
9296,2,1,19.673346,0.56,14,0.56,0,69
9297,0,-1,0.59581804,0.52,13,0.52,0,69
9298,0,-1,-0.0,0.52,13,0.52,0,69
9299,0,-1,-2.429636,0.48,12,0.48,0,69
9300,2,1,20.04452,0.52,13,0.52,0,69
9301,0,-1,-1.5239468,0.48,12,0.48,0,69
9302,0,-1,-0.0,0.48,12,0.48,0,69
9303,1,0,0.0,0.48,12,0.48,1,69
9304,2,1,19.991917,0.52,13,0.52,0,69
9305,2,1,6.654696,0.6,15,0.6,0,69
9306,0,-1,-12.513899,0.6,15,0.6,0,69
9307,0,-1,-0.0016344548,0.6,15,0.6,0,69
9308,0,-1,3.4990165,0.56,14,0.56,0,69
9309,0,-1,-0.0017896343,0.56,14,0.56,0,69
9310,0,-1,-0.0019586291,0.56,14,0.56,0,69
9311,2,1,14.498195,0.6,15,0.6,0,69
9312,0,-1,-0.0,0.6,15,0.6,0,69
9313,0,-1,4.205579,0.56,14,0.56,0,69
9314,0,-1,1.7404692,0.52,13,0.52,0,69
9315,0,-1,-13.568303,0.52,13,0.52,0,69
9316,0,-1,-2.0390084,0.48,12,0.48,0,69
9317,2,1,10.719915,0.52,13,0.52,0,69
9318,0,-1,-0.0023304792,0.52,13,0.52,0,69
9319,0,-1,-0.00015588895,0.52,13,0.52,0,69
9320,1,0,0.0,0.52,13,0.52,0,69
9321,0,-1,-2.846714,0.48,12,0.48,0,69
9322,2,1,19.8644,0.52,13,0.52,0,69
9323,2,1,5.155396,0.6,15,0.6,1,69
9324,1,0,0.0,0.6,15,0.6,0,69
9325,2,1,-7.1677437,0.68,17,0.68,0,69
9326,2,1,-21.594957,0.76,19,0.76,0,69
9327,0,-1,-0.0,0.76,19,0.76,0,69
9328,0,-1,-6.166423e-05,0.76,19,0.76,0,69
9329,0,-1,35.493725,0.72,18,0.72,0,69
9330,0,-1,-0.067601696,0.72,18,0.72,0,69
9331,0,-1,-11.316327,0.72,18,0.72,0,69
9332,0,-1,-2.3092734e-06,0.72,18,0.72,0,69
9333,0,-1,-13.01913,0.72,18,0.72,0,69
9334,2,1,-4.9956717,0.76,19,0.76,0,69
9335,1,0,0.0,0.76,19,0.76,0,69
9336,0,-1,32.24697,0.72,18,0.72,0,69
9337,2,1,-3.727895,0.76,19,0.76,0,69
9338,2,1,-178.90253,0.88,22,0.88,0,69
9339,0,-1,-0.11057408,0.88,22,0.88,0,69
9340,0,-1,142.48822,0.84,21,0.84,1,69
9341,0,-1,-0.0,0.84,21,0.84,0,69
9342,0,-1,82.85227,0.8,20,0.8,1,69
9343,0,-1,49.808533,0.76,19,0.76,0,69
9344,0,-1,-11.340534,0.76,19,0.76,0,69
9345,0,-1,-7.632376e-05,0.76,19,0.76,0,69
9346,0,-1,32.92219,0.72,18,0.72,0,69
9347,1,0,0.0,0.72,18,0.72,0,69
9348,0,-1,-0.0,0.72,18,0.72,0,69
9349,0,-1,-0.0,0.72,18,0.72,0,69
9350,0,-1,-7.07184e-05,0.72,18,0.72,0,69
9351,0,-1,22.349375,0.68,17,0.68,0,69
9352,0,-1,-0.0,0.68,17,0.68,0,69
9353,2,1,-28.366774,0.76,19,0.76,0,69
9354,0,-1,-0.0,0.76,19,0.76,0,69
9355,1,0,0.0,0.76,19,0.76,0,69
9356,2,1,-180.21576,0.88,22,0.88,0,69
9357,0,-1,143.23894,0.84,21,0.84,0,69
9358,0,-1,-0.0019330087,0.84,21,0.84,0,69
9359,2,1,-286.6154,0.92,23,0.92,0,69
9360,0,-1,-3.4313212e-05,0.92,23,0.92,0,69
9361,0,-1,300.08456,0.88,22,0.88,0,69
9362,0,-1,-0.0,0.88,22,0.88,1,69
9363,0,-1,-11.335854,0.88,22,0.88,1,69
9364,0,-1,-9.589486,0.88,22,0.88,0,69
9365,0,-1,-0.0,0.88,22,0.88,0,69
9366,0,-1,143.70636,0.84,21,0.84,0,69
9367,0,-1,-13.402303,0.84,21,0.84,0,69
9368,1,0,0.0,0.84,21,0.84,0,69
9369,0,-1,78.79433,0.8,20,0.8,0,69
9370,0,-1,-3.3198223e-05,0.8,20,0.8,0,69
9371,0,-1,-0.0013872694,0.8,20,0.8,0,69
9372,0,-1,-11.2727,0.8,20,0.8,0,69
9373,0,-1,-0.0,0.8,20,0.8,0,69
9374,0,-1,-4.988927e-06,0.8,20,0.8,0,69
9375,0,-1,-5.5545665e-06,0.8,20,0.8,0,69
9376,0,-1,-3.8517544e-05,0.8,20,0.8,0,69
9377,0,-1,50.409214,0.76,19,0.76,0,69
9378,2,1,-82.90562,0.84,21,0.84,0,69
9379,0,-1,-0.0,0.84,21,0.84,0,69
9380,0,-1,-0.0013390519,0.84,21,0.84,0,69
9381,0,-1,80.07615,0.8,20,0.8,0,69
9382,1,0,0.0,0.8,20,0.8,0,69
9383,0,-1,-5.2729415e-06,0.8,20,0.8,0,69
9384,0,-1,-12.099913,0.8,20,0.8,0,69
9385,0,-1,-0.00056099595,0.8,20,0.8,0,69
9386,0,-1,47.41336,0.76,19,0.76,1,69
9387,0,-1,-0.0,0.76,19,0.76,0,69
9388,1,0,0.0,0.76,19,0.76,0,69
9389,1,0,0.0,0.76,19,0.76,0,69
9390,0,-1,31.983618,0.72,18,0.72,0,69
9391,0,-1,-0.0,0.72,18,0.72,0,69
9392,0,-1,19.820108,0.68,17,0.68,0,69
9393,0,-1,-8.956288,0.68,17,0.68,0,69
9394,0,-1,-0.0,0.68,17,0.68,0,69
9395,0,-1,13.370476,0.64,16,0.64,0,69
9396,0,-1,-12.343256,0.64,16,0.64,0,69
9397,0,-1,6.96865,0.6,15,0.6,0,69
9398,0,-1,-0.0,0.6,15,0.6,0,69
9399,0,-1,7.638334,0.56,14,0.56,0,69
9400,1,0,0.0,0.56,14,0.56,0,69
9401,0,-1,3.981983,0.52,13,0.52,0,69
9402,0,-1,-0.0,0.52,13,0.52,0,69
9403,0,-1,-1.2918669,0.48,12,0.48,0,69
9404,0,-1,-4.978672,0.44,11,0.44,0,69
9405,0,-1,-2.170592,0.4,10,0.4,0,69
9406,2,1,14.303237,0.48,12,0.48,0,69
9407,1,0,0.0,0.48,12,0.48,0,69
9408,2,1,13.599402,0.52,13,0.52,0,69
9409,0,-1,-0.0,0.52,13,0.52,0,69
9410,0,-1,-0.0,0.52,13,0.52,0,69
9411,2,1,21.514397,0.56,14,0.56,0,69
9412,0,-1,-0.0017690328,0.56,14,0.56,0,69
9413,2,1,17.458206,0.6,15,0.6,1,69
9414,0,-1,-0.0,0.6,15,0.6,0,69
9415,0,-1,5.5514684,0.56,14,0.56,0,69
9416,0,-1,3.3761058,0.52,13,0.52,0,69
9417,0,-1,-0.0,0.52,13,0.52,0,69
9418,0,-1,-1.8357332,0.48,12,0.48,0,69
9419,0,-1,-0.0,0.48,12,0.48,0,69
9420,2,1,17.886003,0.52,13,0.52,0,69
9421,0,-1,-14.3365345,0.52,13,0.52,0,69
9422,1,0,0.0,0.52,13,0.52,0,69
9423,2,1,2.9249163,0.6,15,0.6,0,69
9424,0,-1,5.765284,0.56,14,0.56,0,69
9425,0,-1,1.553955,0.52,13,0.52,0,69
9426,0,-1,-3.0017272e-05,0.52,13,0.52,0,69
9427,0,-1,0.9921382,0.48,12,0.48,0,69
9428,0,-1,-1.0323795,0.44,11,0.44,0,69
9429,0,-1,-0.0,0.44,11,0.44,0,69
9430,0,-1,-0.07125737,0.44,11,0.44,0,69
9431,0,-1,-0.0,0.44,11,0.44,0,69
9432,0,-1,-6.095029,0.4,10,0.4,0,69
9433,0,-1,-7.405642,0.36,9,0.36,0,69
9434,1,0,0.0,0.36,9,0.36,0,69
9435,2,1,18.41082,0.4,10,0.4,0,69
9436,1,0,0.0,0.4,10,0.4,1,69
9437,1,0,0.0,0.4,10,0.4,0,69
9438,0,-1,-0.0,0.4,10,0.4,0,69
9439,0,-1,-20.351665,0.44,11,0.44,0,69
9440,1,0,0.0,0.44,11,0.44,0,69
9441,0,-1,-3.5165298,0.4,10,0.4,0,69
9442,1,0,0.0,0.4,10,0.4,0,69
9443,2,1,25.750704,0.44,11,0.44,0,69
9444,0,-1,-4.9471436,0.4,10,0.4,0,69
9445,2,1,21.753199,0.44,11,0.44,0,69
9446,2,1,14.033811,0.48,12,0.48,0,69
9447,2,1,10.268385,0.56,14,0.56,0,69
9448,0,-1,-0.0,0.56,14,0.56,0,69
9449,0,-1,1.3472329,0.52,13,0.52,0,69
9450,0,-1,0.64176816,0.48,12,0.48,0,69
9451,0,-1,-14.077038,0.48,12,0.48,0,69
9452,0,-1,1.1031709,0.44,11,0.44,1,69
9453,0,-1,-4.6047325,0.4,10,0.4,0,69
9454,0,-1,-13.964605,0.4,10,0.4,0,69
9455,1,0,0.0,0.4,10,0.4,0,69
9456,0,-1,-2.1939538,0.36,9,0.36,0,69
9457,0,-1,-8.184716,0.32,8,0.32,1,69
9458,0,-1,-13.584568,0.32,8,0.32,0,69
9459,2,1,19.263157,0.36,9,0.36,0,69
9460,0,-1,-0.0,0.36,9,0.36,0,69
9461,2,1,20.45679,0.44,11,0.44,0,69
9462,0,-1,-4.8137493,0.4,10,0.4,0,69
9463,2,1,8.5814295,0.48,12,0.48,0,69
9464,2,1,2.548564,0.56,14,0.56,1,69
9465,0,-1,-10.180287,0.56,14,0.56,0,69
9466,2,1,-15.031341,0.68,17,0.68,0,69
9467,0,-1,-0.0,0.68,17,0.68,0,69
9468,1,0,0.0,0.68,17,0.68,0,69
9469,0,-1,-0.0,0.68,17,0.68,0,69
9470,0,-1,16.3044,0.64,16,0.64,0,69
9471,2,1,5.7155647,0.68,17,0.68,1,69
9472,0,-1,15.590645,0.64,16,0.64,0,69
9473,0,-1,5.3373723,0.6,15,0.6,0,69
9474,1,0,0.0,0.6,15,0.6,0,69
9475,0,-1,5.843234,0.56,14,0.56,0,69
9476,0,-1,-8.626416,0.56,14,0.56,0,69
9477,0,-1,-1.2857366e-06,0.56,14,0.56,0,69
9478,0,-1,-13.800113,0.56,14,0.56,0,69
9479,0,-1,-1.8307953,0.52,13,0.52,0,69
9480,2,1,22.623058,0.56,14,0.56,0,69
9481,2,1,1.0288668,0.64,16,0.64,0,69
9482,2,1,8.096344,0.68,17,0.68,0,69
9483,0,-1,-0.0,0.68,17,0.68,0,69
9484,0,-1,17.287811,0.64,16,0.64,0,69
9485,2,1,13.146452,0.68,17,0.68,0,69
9486,1,0,0.0,0.68,17,0.68,0,69
9487,0,-1,13.687768,0.64,16,0.64,0,69
9488,0,-1,7.878741,0.6,15,0.6,0,69
9489,1,0,0.0,0.6,15,0.6,0,69
9490,2,1,-1.1733878,0.68,17,0.68,0,69
9491,1,0,0.0,0.68,17,0.68,0,69
9492,0,-1,-1.5986382e-06,0.68,17,0.68,1,69
9493,0,-1,-11.858536,0.68,17,0.68,0,69
9494,0,-1,-3.794811e-05,0.68,17,0.68,0,69
9495,0,-1,11.953615,0.64,16,0.64,0,69
9496,0,-1,-8.122501,0.64,16,0.64,0,69
9497,0,-1,-2.7075686e-05,0.64,16,0.64,0,69
9498,1,0,0.0,0.64,16,0.64,0,69
9499,0,-1,5.784063,0.6,15,0.6,0,69
9500,0,-1,-15.50624,0.6,15,0.6,0,69
9501,0,-1,-3.8427865e-05,0.6,15,0.6,0,69
9502,0,-1,0.0,0.0,0,0.0,0,69
9503,2,1,28.364332,0.2,5,0.2,0,70
9504,2,1,-4.278605,0.24,6,0.24,0,70
9505,2,1,-4.5163865,0.28,7,0.28,0,70
9506,2,1,27.639961,0.32,8,0.32,0,70
9507,1,0,0.0,0.32,8,0.32,0,70
9508,0,-1,-8.97201,0.28,7,0.28,0,70
9509,2,1,-15.957318,0.4,10,0.4,0,70
9510,0,-1,8.744145,0.36,9,0.36,0,70
9511,0,-1,-0.0,0.36,9,0.36,0,70
9512,0,-1,-5.967032,0.4,10,0.4,0,70
9513,2,1,18.838858,0.48,12,0.48,0,70
9514,0,-1,-0.0,0.48,12,0.48,0,70
9515,2,1,22.785866,0.52,13,0.52,0,70
9516,2,1,7.368637,0.6,15,0.6,1,70
9517,0,-1,8.990901,0.56,14,0.56,0,70
9518,0,-1,-12.489513,0.56,14,0.56,0,70
9519,0,-1,-0.0020421853,0.56,14,0.56,0,70
9520,2,1,14.116235,0.6,15,0.6,0,70
9521,0,-1,4.7287984,0.56,14,0.56,0,70
9522,0,-1,-0.0,0.56,14,0.56,0,70
9523,1,0,0.0,0.56,14,0.56,0,70
9524,0,-1,-0.0,0.56,14,0.56,0,70
9525,0,-1,0.6544506,0.52,13,0.52,0,70
9526,0,-1,3.9905367,0.48,12,0.48,0,70
9527,1,0,0.0,0.48,12,0.48,0,70
9528,0,-1,-4.5679197,0.44,11,0.44,0,70
9529,1,0,0.0,0.44,11,0.44,0,70
9530,0,-1,-0.0,0.44,11,0.44,0,70
9531,0,-1,-4.372465,0.4,10,0.4,0,70
9532,2,1,6.165762,0.48,12,0.48,0,70
9533,0,-1,11.087556,0.44,11,0.44,0,70
9534,2,1,-9.573169,0.6,15,0.6,1,70
9535,0,-1,-8.967608,0.6,15,0.6,0,70
9536,0,-1,-0.0,0.6,15,0.6,0,70
9537,2,1,-1.6007725,0.64,16,0.64,0,70
9538,0,-1,15.086914,0.6,15,0.6,0,70
9539,2,1,-5.399688,0.68,17,0.68,0,70
9540,1,0,0.0,0.68,17,0.68,0,70
9541,0,-1,-0.0,0.68,17,0.68,0,70
9542,0,-1,16.001703,0.64,16,0.64,0,70
9543,1,0,0.0,0.64,16,0.64,0,70
9544,2,1,13.518893,0.68,17,0.68,0,70
9545,0,-1,19.66147,0.64,16,0.64,0,70
9546,2,1,-41.438114,0.76,19,0.76,0,70
9547,0,-1,-1.9211299e-10,0.76,19,0.76,0,70
9548,0,-1,-0.0018735826,0.76,19,0.76,0,70
9549,0,-1,-0.0008572658,0.76,19,0.76,0,70
9550,0,-1,-0.0006791186,0.76,19,0.76,1,70
9551,0,-1,-0.0,0.76,19,0.76,0,70
9552,0,-1,-12.994028,0.76,19,0.76,0,70
9553,0,-1,-8.709121,0.76,19,0.76,0,70
9554,0,-1,-7.350904,0.76,19,0.76,0,70
9555,0,-1,34.27379,0.72,18,0.72,0,70
9556,0,-1,21.329144,0.68,17,0.68,0,70
9557,0,-1,17.785196,0.64,16,0.64,0,70
9558,0,-1,-6.660592e-10,0.64,16,0.64,0,70
9559,0,-1,-0.0,0.64,16,0.64,0,70
9560,0,-1,5.7929397,0.6,15,0.6,0,70
9561,1,0,0.0,0.6,15,0.6,0,70
9562,0,-1,-0.0020332583,0.6,15,0.6,0,70
9563,0,-1,-0.0016967602,0.6,15,0.6,0,70
9564,0,-1,-0.0,0.6,15,0.6,0,70
9565,0,-1,-0.001810235,0.6,15,0.6,0,70
9566,0,-1,4.421768,0.56,14,0.56,0,70
9567,2,1,-4.7664275,0.64,16,0.64,0,70
9568,0,-1,10.789192,0.6,15,0.6,0,70
9569,2,1,16.933594,0.64,16,0.64,0,70
9570,2,1,-1.476956,0.68,17,0.68,0,70
9571,2,1,-31.490902,0.76,19,0.76,0,70
9572,0,-1,-0.0014985024,0.76,19,0.76,0,70
9573,0,-1,-13.594859,0.76,19,0.76,0,70
9574,0,-1,32.074707,0.72,18,0.72,0,70
9575,0,-1,18.403687,0.68,17,0.68,1,70
9576,0,-1,17.32653,0.64,16,0.64,0,70
9577,0,-1,-13.106567,0.64,16,0.64,0,70
9578,0,-1,-7.424705,0.64,16,0.64,0,70
9579,1,0,0.0,0.64,16,0.64,0,70
9580,0,-1,-1.1092389e-09,0.64,16,0.64,0,70
9581,0,-1,9.729903,0.6,15,0.6,0,70
9582,1,0,0.0,0.6,15,0.6,0,70
9583,2,1,-23.334751,0.72,18,0.72,0,70
9584,0,-1,-0.0,0.72,18,0.72,0,70
9585,0,-1,-0.0019081568,0.72,18,0.72,0,70
9586,0,-1,-0.079016045,0.72,18,0.72,0,70
9587,0,-1,20.035822,0.68,17,0.68,0,70
9588,0,-1,-13.492155,0.68,17,0.68,0,70
9589,0,-1,13.278329,0.64,16,0.64,0,70
9590,0,-1,6.6404867,0.6,15,0.6,0,70
9591,0,-1,8.236772,0.56,14,0.56,0,70
9592,0,-1,0.7019265,0.52,13,0.52,0,70
9593,0,-1,-1.4320039,0.48,12,0.48,1,70
9594,0,-1,-0.0,0.48,12,0.48,0,70
9595,2,1,11.6124735,0.52,13,0.52,0,70
9596,2,1,-6.987213,0.64,16,0.64,0,70
9597,0,-1,-0.0,0.64,16,0.64,0,70
9598,0,-1,-0.0,0.64,16,0.64,0,70
9599,0,-1,11.374398,0.6,15,0.6,0,70
9600,0,-1,9.243459,0.56,14,0.56,0,70
9601,0,-1,0.74846315,0.52,13,0.52,0,70
9602,1,0,0.0,0.52,13,0.52,0,70
9603,1,0,0.0,0.52,13,0.52,0,70
9604,0,-1,-0.0,0.52,13,0.52,0,70
9605,1,0,0.0,0.52,13,0.52,0,70
9606,0,-1,-3.175161,0.48,12,0.48,0,70
9607,0,-1,-4.4814777,0.44,11,0.44,0,70
9608,1,0,0.0,0.44,11,0.44,0,70
9609,1,0,0.0,0.44,11,0.44,0,70
9610,1,0,0.0,0.44,11,0.44,0,70
9611,2,1,9.481934,0.48,12,0.48,0,70
9612,0,-1,-1.03373,0.44,11,0.44,0,70
9613,0,-1,-0.0,0.44,11,0.44,1,70
9614,2,1,24.10775,0.48,12,0.48,0,70
9615,1,0,0.0,0.48,12,0.48,0,70
9616,0,-1,-4.6619787,0.44,11,0.44,0,70
9617,0,-1,-4.1290665,0.4,10,0.4,0,70
9618,0,-1,-5.4866533,0.36,9,0.36,0,70
9619,1,0,0.0,0.36,9,0.36,0,70
9620,2,1,22.221722,0.4,10,0.4,0,70
9621,1,0,0.0,0.4,10,0.4,0,70
9622,0,-1,-5.281234,0.36,9,0.36,0,70
9623,0,-1,-8.224271,0.32,8,0.32,0,70
9624,0,-1,-3.4293704,0.28,7,0.28,1,70
9625,2,1,23.333883,0.32,8,0.32,0,70
9626,2,1,26.894396,0.36,9,0.36,0,70
9627,2,1,19.64506,0.44,11,0.44,0,70
9628,2,1,20.221798,0.48,12,0.48,0,70
9629,0,-1,-2.0332983,0.44,11,0.44,0,70
9630,2,1,23.562393,0.48,12,0.48,0,70
9631,0,-1,-4.908318,0.44,11,0.44,0,70
9632,0,-1,-0.0,0.44,11,0.44,0,70
9633,2,1,18.780981,0.48,12,0.48,0,70
9634,2,1,13.642593,0.56,14,0.56,0,70
9635,2,1,4.350549,0.64,16,0.64,0,70
9636,0,-1,-0.0,0.64,16,0.64,0,70
9637,2,1,-41.22671,0.76,19,0.76,0,70
9638,2,1,-23.46322,0.8,20,0.8,0,70
9639,0,-1,49.219006,0.76,19,0.76,0,70
9640,0,-1,29.963047,0.72,18,0.72,0,70
9641,2,1,-104.459335,0.84,21,0.84,0,70
9642,0,-1,84.94488,0.8,20,0.8,0,70
9643,0,-1,50.438667,0.76,19,0.76,0,70
9644,0,-1,-0.12551524,0.76,19,0.76,0,70
9645,0,-1,32.060425,0.72,18,0.72,0,70
9646,2,1,-42.621704,0.8,20,0.8,0,70
9647,0,-1,-0.0019831148,0.8,20,0.8,0,70
9648,0,-1,49.172165,0.76,19,0.76,0,70
9649,0,-1,-0.0021911091,0.76,19,0.76,0,70
9650,0,-1,-0.0017375619,0.76,19,0.76,0,70
9651,0,-1,31.63365,0.72,18,0.72,0,70
9652,2,1,-43.040478,0.8,20,0.8,0,70
9653,0,-1,-0.097561374,0.8,20,0.8,1,70
9654,0,-1,48.983433,0.76,19,0.76,0,70
9655,0,-1,30.738634,0.72,18,0.72,0,70
9656,0,-1,-13.847761,0.72,18,0.72,0,70
9657,0,-1,-14.321333,0.72,18,0.72,0,70
9658,0,-1,-0.0,0.72,18,0.72,0,70
9659,0,-1,-13.622364,0.72,18,0.72,0,70
9660,0,-1,-0.0008460423,0.72,18,0.72,0,70
9661,0,-1,-0.046571445,0.72,18,0.72,0,70
9662,2,1,-4.558115,0.76,19,0.76,0,70
9663,0,-1,33.78478,0.72,18,0.72,0,70
9664,0,-1,21.24385,0.68,17,0.68,0,70
9665,0,-1,-0.0,0.68,17,0.68,0,70
9666,2,1,3.7299585,0.72,18,0.72,0,70
9667,2,1,-2.700723,0.76,19,0.76,0,70
9668,0,-1,32.576645,0.72,18,0.72,0,70
9669,0,-1,-0.0,0.72,18,0.72,0,70
9670,0,-1,-0.0009138994,0.72,18,0.72,0,70
9671,0,-1,20.810852,0.68,17,0.68,0,70
9672,0,-1,-0.0,0.68,17,0.68,0,70
9673,2,1,3.10719,0.72,18,0.72,0,70
9674,0,-1,20.492352,0.68,17,0.68,0,70
9675,0,-1,-0.0,0.68,17,0.68,1,70
9676,0,-1,-0.0,0.68,17,0.68,0,70
9677,0,-1,-0.0,0.68,17,0.68,0,70
9678,0,-1,-34.1438,0.72,18,0.72,0,70
9679,0,-1,-13.652647,0.72,18,0.72,0,70
9680,2,1,-45.394733,0.8,20,0.8,0,70
9681,0,-1,-0.0,0.8,20,0.8,0,70
9682,0,-1,-0.0,0.8,20,0.8,0,70
9683,0,-1,48.29429,0.76,19,0.76,0,70
9684,2,1,-78.20816,0.84,21,0.84,0,70
9685,0,-1,-0.00044425836,0.84,21,0.84,0,70
9686,2,1,-81.32807,0.88,22,0.88,0,70
9687,0,-1,145.12103,0.84,21,0.84,0,70
9688,0,-1,-0.0,0.84,21,0.84,0,70
9689,0,-1,-0.027308637,0.84,21,0.84,0,70
9690,0,-1,81.1313,0.8,20,0.8,0,70
9691,0,-1,51.511135,0.76,19,0.76,0,70
9692,0,-1,-0.0,0.76,19,0.76,0,70
9693,0,-1,-0.0,0.76,19,0.76,0,70
9694,0,-1,-0.0,0.76,19,0.76,0,70
9695,0,-1,-0.0,0.76,19,0.76,0,70
9696,0,-1,31.24203,0.72,18,0.72,0,70
9697,0,-1,-43.70412,0.76,19,0.76,0,70
9698,0,-1,32.37955,0.72,18,0.72,0,70
9699,0,-1,-0.0,0.72,18,0.72,0,70
9700,0,-1,-0.0,0.72,18,0.72,0,70
9701,0,-1,19.85869,0.68,17,0.68,0,70
9702,0,-1,12.849355,0.64,16,0.64,0,70
9703,2,1,9.7731695,0.68,17,0.68,0,70
9704,0,-1,12.024454,0.64,16,0.64,0,70
9705,0,-1,-0.00032091478,0.64,16,0.64,1,70
9706,0,-1,-12.454773,0.64,16,0.64,0,70
9707,0,-1,-14.279109,0.64,16,0.64,0,70
9708,2,1,2.9882946,0.68,17,0.68,0,70
9709,0,-1,16.241793,0.64,16,0.64,0,70
9710,2,1,-40.753716,0.76,19,0.76,0,70
9711,0,-1,-0.0,0.76,19,0.76,0,70
9712,2,1,-18.726719,0.8,20,0.8,0,70
9713,1,0,0.0,0.8,20,0.8,0,70
9714,0,-1,51.34937,0.76,19,0.76,0,70
9715,0,-1,33.510937,0.72,18,0.72,0,70
9716,0,-1,20.690199,0.68,17,0.68,1,70
9717,0,-1,13.72275,0.64,16,0.64,0,70
9718,0,-1,-12.93115,0.64,16,0.64,0,70
9719,0,-1,-14.033611,0.64,16,0.64,0,70
9720,2,1,-41.31138,0.76,19,0.76,0,70
9721,0,-1,-0.0015877112,0.76,19,0.76,0,70
9722,0,-1,-0.0020743962,0.76,19,0.76,0,70
9723,2,1,-12.794239,0.8,20,0.8,0,70
9724,0,-1,48.38313,0.76,19,0.76,0,70
9725,0,-1,31.655481,0.72,18,0.72,0,70
9726,2,1,-42.867188,0.8,20,0.8,0,70
9727,2,1,-35.821423,0.84,21,0.84,0,70
9728,2,1,-77.030106,0.88,22,0.88,0,70
9729,0,-1,-0.0023023242,0.88,22,0.88,0,70
9730,0,-1,142.97205,0.84,21,0.84,0,70
9731,0,-1,-0.0027932033,0.84,21,0.84,0,70
9732,0,-1,80.7149,0.8,20,0.8,0,70
9733,0,-1,50.222122,0.76,19,0.76,0,70
9734,0,-1,31.723976,0.72,18,0.72,0,70
9735,0,-1,-0.0022499417,0.72,18,0.72,0,70
9736,0,-1,-0.0024618737,0.72,18,0.72,1,70
9737,2,1,-2.4397917,0.76,19,0.76,0,70
9738,2,1,-78.19147,0.84,21,0.84,0,70
9739,0,-1,-12.730883,0.84,21,0.84,0,70
9740,0,-1,81.70803,0.8,20,0.8,0,70
9741,0,-1,49.035915,0.76,19,0.76,0,70
9742,0,-1,-12.592009,0.76,19,0.76,0,70
9743,0,-1,31.40886,0.72,18,0.72,0,70
9744,0,-1,-10.832577,0.72,18,0.72,0,70
9745,0,-1,-0.0,0.72,18,0.72,1,70
9746,0,-1,19.404692,0.68,17,0.68,0,70
9747,0,-1,-0.0,0.68,17,0.68,0,70
9748,0,-1,11.282279,0.64,16,0.64,0,70
9749,0,-1,6.772239,0.6,15,0.6,0,70
9750,0,-1,-12.648916,0.6,15,0.6,0,70
9751,1,0,0.0,0.6,15,0.6,0,70
9752,1,0,0.0,0.6,15,0.6,0,70
9753,0,-1,-0.0,0.6,15,0.6,0,70
9754,0,-1,-11.891566,0.6,15,0.6,0,70
9755,0,-1,4.461059,0.56,14,0.56,0,70
9756,0,-1,-2.15073e-05,0.56,14,0.56,0,70
9757,0,-1,-0.55424577,0.52,13,0.52,0,70
9758,2,1,5.5710483,0.6,15,0.6,0,70
9759,1,0,0.0,0.6,15,0.6,0,70
9760,1,0,0.0,0.6,15,0.6,0,70
9761,2,1,9.814107,0.64,16,0.64,0,70
9762,0,-1,-2.0206742e-05,0.64,16,0.64,0,70
9763,0,-1,7.0613527,0.6,15,0.6,0,70
9764,0,-1,-14.448831,0.6,15,0.6,0,70
9765,1,0,0.0,0.6,15,0.6,0,70
9766,0,-1,2.9469776,0.56,14,0.56,0,70
9767,2,1,12.679157,0.6,15,0.6,0,70
9768,1,0,0.0,0.6,15,0.6,0,70
9769,0,-1,-0.054366883,0.6,15,0.6,0,70
9770,1,0,0.0,0.6,15,0.6,0,70
9771,0,-1,-13.992175,0.6,15,0.6,0,70
9772,2,1,-28.906637,0.72,18,0.72,1,70
9773,0,-1,-12.094998,0.72,18,0.72,1,70
9774,0,-1,-11.974654,0.72,18,0.72,0,70
9775,0,-1,-6.530343,0.72,18,0.72,1,70
9776,0,-1,21.53844,0.68,17,0.68,0,70
9777,0,-1,-13.939944,0.68,17,0.68,0,70
9778,0,-1,-14.424354,0.68,17,0.68,0,70
9779,0,-1,14.458744,0.64,16,0.64,0,70
9780,0,-1,-0.0,0.64,16,0.64,0,70
9781,0,-1,10.249957,0.6,15,0.6,0,70
9782,0,-1,-0.16936511,0.6,15,0.6,0,70
9783,0,-1,5.4542155,0.56,14,0.56,0,70
9784,1,0,0.0,0.56,14,0.56,0,70
9785,0,-1,0.5487138,0.52,13,0.52,0,70
9786,2,1,18.446442,0.56,14,0.56,0,70
9787,0,-1,-0.17273214,0.56,14,0.56,1,70
9788,2,1,12.747541,0.6,15,0.6,0,70
9789,1,0,0.0,0.6,15,0.6,0,70
9790,0,-1,-0.0,0.6,15,0.6,1,70
9791,2,1,-28.954556,0.72,18,0.72,0,70
9792,0,-1,21.775356,0.68,17,0.68,0,70
9793,2,1,8.138818,0.72,18,0.72,0,70
9794,0,-1,21.657658,0.68,17,0.68,0,70
9795,0,-1,-0.0,0.68,17,0.68,0,70
9796,0,-1,15.260684,0.64,16,0.64,0,70
9797,0,-1,6.0224667,0.6,15,0.6,0,70
9798,0,-1,6.061785,0.56,14,0.56,0,70
9799,2,1,11.790489,0.6,15,0.6,0,70
9800,1,0,0.0,0.6,15,0.6,0,70
9801,0,-1,-0.0,0.6,15,0.6,0,70
9802,0,-1,0.0,0.0,0,0.0,0,70
9803,0,-1,-0.0,0.16,4,0.16,0,71
9804,2,1,28.364332,0.2,5,0.2,0,71
9805,0,-1,-10.04084,0.16,4,0.16,0,71
9806,2,1,28.346605,0.2,5,0.2,0,71
9807,2,1,-4.278605,0.24,6,0.24,0,71
9808,2,1,18.8927,0.32,8,0.32,0,71
9809,0,-1,-0.0,0.32,8,0.32,0,71
9810,0,-1,7.2716193,0.28,7,0.28,0,71
9811,0,-1,-0.0,0.28,7,0.28,0,71
9812,2,1,27.657686,0.32,8,0.32,0,71
9813,2,1,-5.27981,0.36,9,0.36,0,71
9814,0,-1,-6.207819,0.32,8,0.32,0,71
9815,0,-1,7.2716603,0.28,7,0.28,0,71
9816,2,1,18.128635,0.36,9,0.36,0,71
9817,0,-1,-0.0,0.36,9,0.36,0,71
9818,0,-1,-0.0,0.36,9,0.36,0,71
9819,0,-1,-0.0,0.36,9,0.36,0,71
9820,2,1,-5.829461,0.4,10,0.4,0,71
9821,0,-1,-0.0,0.4,10,0.4,0,71
9822,0,-1,8.744358,0.36,9,0.36,0,71
9823,0,-1,7.9203887,0.32,8,0.32,0,71
9824,0,-1,-8.980873,0.28,7,0.28,0,71
9825,2,1,16.807087,0.4,10,0.4,0,71
9826,0,-1,-0.0,0.4,10,0.4,1,71
9827,0,-1,-7.8357573,0.4,10,0.4,0,71
9828,2,1,14.557048,0.48,12,0.48,0,71
9829,2,1,17.381714,0.52,13,0.52,0,71
9830,0,-1,-10.016697,0.52,13,0.52,0,71
9831,0,-1,-0.19254404,0.48,12,0.48,0,71
9832,1,0,0.0,0.48,12,0.48,0,71
9833,0,-1,-0.95727396,0.44,11,0.44,0,71
9834,0,-1,-4.447352,0.4,10,0.4,0,71
9835,2,1,24.76685,0.44,11,0.44,0,71
9836,0,-1,-0.0,0.44,11,0.44,0,71
9837,2,1,21.065252,0.48,12,0.48,0,71
9838,1,0,0.0,0.48,12,0.48,0,71
9839,1,0,0.0,0.48,12,0.48,0,71
9840,0,-1,-8.9684384e-08,0.48,12,0.48,0,71
9841,1,0,0.0,0.48,12,0.48,0,71
9842,2,1,21.119434,0.52,13,0.52,0,71
9843,0,-1,-1.4811051,0.48,12,0.48,0,71
9844,1,0,0.0,0.48,12,0.48,0,71
9845,0,-1,-0.0,0.48,12,0.48,1,71
9846,0,-1,-0.0,0.48,12,0.48,0,71
9847,2,1,11.559186,0.56,14,0.56,0,71
9848,0,-1,-0.0,0.56,14,0.56,0,71
9849,0,-1,-10.932818,0.56,14,0.56,0,71
9850,2,1,-67.3575,0.76,19,0.76,0,71
9851,2,1,-76.36303,0.84,21,0.84,0,71
9852,0,-1,-5.947088e-07,0.84,21,0.84,0,71
9853,0,-1,-0.006656067,0.84,21,0.84,0,71
9854,0,-1,-0.034453847,0.84,21,0.84,0,71
9855,0,-1,-0.03489613,0.84,21,0.84,0,71
9856,2,1,-85.64384,0.88,22,0.88,0,71
9857,0,-1,-0.0,0.88,22,0.88,0,71
9858,0,-1,-0.0,0.88,22,0.88,0,71
9859,0,-1,143.50424,0.84,21,0.84,0,71
9860,0,-1,-0.0062046284,0.84,21,0.84,0,71
9861,0,-1,-0.0,0.84,21,0.84,0,71
9862,0,-1,82.24469,0.8,20,0.8,0,71
9863,1,0,0.0,0.8,20,0.8,0,71
9864,0,-1,48.572693,0.76,19,0.76,0,71
9865,0,-1,35.74028,0.72,18,0.72,0,71
9866,0,-1,-0.009732807,0.72,18,0.72,0,71
9867,0,-1,21.079828,0.68,17,0.68,0,71
9868,0,-1,-6.0745177e-05,0.68,17,0.68,0,71
9869,0,-1,-0.0017078276,0.68,17,0.68,1,71
9870,0,-1,-13.302187,0.68,17,0.68,0,71
9871,0,-1,-10.808481,0.68,17,0.68,0,71
9872,1,0,0.0,0.68,17,0.68,0,71
9873,0,-1,12.406351,0.64,16,0.64,0,71
9874,0,-1,7.8238807,0.6,15,0.6,0,71
9875,0,-1,-12.168632,0.6,15,0.6,0,71
9876,1,0,0.0,0.6,15,0.6,0,71
9877,2,1,13.434649,0.64,16,0.64,0,71
9878,2,1,9.473684,0.68,17,0.68,0,71
9879,0,-1,-9.210376e-07,0.68,17,0.68,0,71
9880,0,-1,-0.0,0.68,17,0.68,0,71
9881,2,1,-2.625523,0.72,18,0.72,0,71
9882,0,-1,-12.875627,0.72,18,0.72,0,71
9883,0,-1,-11.511266,0.72,18,0.72,0,71
9884,0,-1,23.988592,0.68,17,0.68,0,71
9885,0,-1,-0.00937937,0.68,17,0.68,0,71
9886,0,-1,-0.0,0.68,17,0.68,0,71
9887,0,-1,-0.0,0.68,17,0.68,0,71
9888,0,-1,12.433559,0.64,16,0.64,0,71
9889,0,-1,7.8249793,0.6,15,0.6,0,71
9890,2,1,14.0541725,0.64,16,0.64,0,71
9891,2,1,9.473684,0.68,17,0.68,0,71
9892,1,0,0.0,0.68,17,0.68,0,71
9893,1,0,0.0,0.68,17,0.68,0,71
9894,0,-1,12.433559,0.64,16,0.64,0,71
9895,0,-1,10.716749,0.6,15,0.6,1,71
9896,2,1,-55.585995,0.76,19,0.76,0,71
9897,0,-1,-12.940716,0.76,19,0.76,0,71
9898,2,1,-16.459661,0.8,20,0.8,0,71
9899,0,-1,-0.025319353,0.8,20,0.8,0,71
9900,0,-1,-0.0001223231,0.8,20,0.8,0,71
9901,0,-1,-0.028323693,0.8,20,0.8,1,71
9902,0,-1,-11.472094,0.8,20,0.8,0,71
9903,0,-1,-10.81806,0.8,20,0.8,0,71
9904,2,1,-33.288445,0.84,21,0.84,0,71
9905,1,0,0.0,0.84,21,0.84,0,71
9906,1,0,0.0,0.84,21,0.84,0,71
9907,0,-1,79.4484,0.8,20,0.8,0,71
9908,0,-1,-11.150247,0.8,20,0.8,0,71
9909,0,-1,-12.616441,0.8,20,0.8,0,71
9910,1,0,0.0,0.8,20,0.8,0,71
9911,0,-1,50.218513,0.76,19,0.76,0,71
9912,0,-1,-0.0015886956,0.76,19,0.76,0,71
9913,0,-1,-0.006738239,0.76,19,0.76,0,71
9914,0,-1,-0.0069670295,0.76,19,0.76,0,71
9915,2,1,-78.073395,0.84,21,0.84,0,71
9916,0,-1,-11.765435,0.84,21,0.84,0,71
9917,0,-1,-0.0,0.84,21,0.84,0,71
9918,0,-1,-0.0017690328,0.84,21,0.84,0,71
9919,0,-1,80.420525,0.8,20,0.8,0,71
9920,0,-1,49.621216,0.76,19,0.76,0,71
9921,0,-1,-12.634756,0.76,19,0.76,0,71
9922,0,-1,-0.0,0.76,19,0.76,0,71
9923,2,1,-14.643393,0.8,20,0.8,0,71
9924,0,-1,52.982178,0.76,19,0.76,0,71
9925,2,1,-77.95824,0.84,21,0.84,0,71
9926,0,-1,-0.00015767019,0.84,21,0.84,0,71
9927,0,-1,-0.0021939846,0.84,21,0.84,0,71
9928,0,-1,-0.00015894034,0.84,21,0.84,0,71
9929,0,-1,-0.0020969308,0.84,21,0.84,0,71
9930,0,-1,81.68865,0.8,20,0.8,1,71
9931,0,-1,-0.0,0.8,20,0.8,0,71
9932,0,-1,49.131077,0.76,19,0.76,0,71
9933,0,-1,31.298834,0.72,18,0.72,0,71
9934,0,-1,20.697237,0.68,17,0.68,0,71
9935,2,1,-2.7225506,0.72,18,0.72,0,71
9936,0,-1,24.037106,0.68,17,0.68,0,71
9937,0,-1,-13.004639,0.68,17,0.68,0,71
9938,2,1,-24.992199,0.76,19,0.76,1,71
9939,0,-1,-11.419477,0.76,19,0.76,0,71
9940,0,-1,-12.685862,0.76,19,0.76,0,71
9941,0,-1,30.813717,0.72,18,0.72,0,71
9942,2,1,-4.2917247,0.76,19,0.76,0,71
9943,0,-1,-0.0,0.76,19,0.76,0,71
9944,0,-1,-0.000207871,0.76,19,0.76,0,71
9945,0,-1,-0.00022592359,0.76,19,0.76,1,71
9946,0,-1,32.223637,0.72,18,0.72,0,71
9947,2,1,-45.636833,0.8,20,0.8,0,71
9948,0,-1,50.344128,0.76,19,0.76,0,71
9949,0,-1,-0.00089173875,0.76,19,0.76,0,71
9950,0,-1,-15.278013,0.76,19,0.76,0,71
9951,2,1,-16.716335,0.8,20,0.8,0,71
9952,0,-1,-11.613688,0.8,20,0.8,0,71
9953,0,-1,48.957325,0.76,19,0.76,1,71
9954,0,-1,-0.0,0.76,19,0.76,0,71
9955,0,-1,32.515057,0.72,18,0.72,0,71
9956,1,0,0.0,0.72,18,0.72,0,71
9957,0,-1,20.173475,0.68,17,0.68,0,71
9958,0,-1,11.350498,0.64,16,0.64,0,71
9959,0,-1,-15.780287,0.64,16,0.64,0,71
9960,0,-1,7.9657855,0.6,15,0.6,0,71
9961,2,1,-8.022428,0.68,17,0.68,0,71
9962,0,-1,-0.0,0.68,17,0.68,0,71
9963,0,-1,12.994762,0.64,16,0.64,0,71
9964,0,-1,-0.0,0.64,16,0.64,0,71
9965,0,-1,-0.00025446241,0.64,16,0.64,0,71
9966,1,0,0.0,0.64,16,0.64,0,71
9967,0,-1,-0.00024559462,0.64,16,0.64,0,71
9968,0,-1,9.837204,0.6,15,0.6,0,71
9969,2,1,-2.771271,0.68,17,0.68,0,71
9970,0,-1,-0.0,0.68,17,0.68,0,71
9971,0,-1,-0.0,0.68,17,0.68,0,71
9972,0,-1,-0.0,0.68,17,0.68,1,71
9973,0,-1,13.7845545,0.64,16,0.64,0,71
9974,2,1,9.152335,0.68,17,0.68,0,71
9975,0,-1,-14.942227,0.68,17,0.68,0,71
9976,0,-1,-0.0,0.68,17,0.68,0,71
9977,0,-1,-11.634604,0.68,17,0.68,0,71
9978,0,-1,-0.0,0.68,17,0.68,0,71
9979,0,-1,-10.930838,0.68,17,0.68,0,71
9980,0,-1,-0.0,0.68,17,0.68,0,71
9981,0,-1,13.159772,0.64,16,0.64,0,71
9982,0,-1,-0.0,0.64,16,0.64,0,71
9983,0,-1,-5.9372996e-06,0.64,16,0.64,0,71
9984,0,-1,-0.11041544,0.64,16,0.64,0,71
9985,0,-1,-0.0,0.64,16,0.64,0,71
9986,0,-1,-0.0,0.64,16,0.64,0,71
9987,0,-1,-0.0044752425,0.64,16,0.64,0,71
9988,0,-1,-0.0,0.64,16,0.64,1,71
9989,0,-1,-0.0,0.64,16,0.64,0,71
9990,0,-1,-14.853092,0.64,16,0.64,0,71
9991,0,-1,-0.11725238,0.64,16,0.64,0,71
9992,0,-1,-0.0,0.64,16,0.64,0,71
9993,0,-1,-0.0,0.64,16,0.64,0,71
9994,0,-1,-0.0,0.64,16,0.64,0,71
9995,2,1,-13.054851,0.72,18,0.72,0,71
9996,1,0,0.0,0.72,18,0.72,0,71
9997,0,-1,21.277601,0.68,17,0.68,0,71
9998,1,0,0.0,0.68,17,0.68,0,71
9999,0,-1,14.91901,0.64,16,0.64,0,71
10000,0,-1,-0.0,0.64,16,0.64,0,71
