timestep,action,mapped_action,reward,resource_usage,element_count,budget_proximity,took_timestep,episode
1,0,-1,-0.0,0.16,4,0.16,0,0
2,2,1,28.346605,0.2,5,0.2,0,0
3,0,-1,-0.0,0.2,5,0.2,0,0
4,1,0,0.0,0.2,5,0.2,0,0
5,1,0,0.0,0.2,5,0.2,0,0
6,0,-1,-0.0,0.2,5,0.2,0,0
7,2,1,-4.278687,0.24,6,0.24,0,0
8,1,0,0.0,0.24,6,0.24,0,0
9,1,0,0.0,0.24,6,0.24,0,0
10,2,1,-4.515744,0.28,7,0.28,0,0
11,2,1,-4.8478045,0.32,8,0.32,0,0
12,2,1,-5.2804523,0.36,9,0.36,0,0
13,2,1,22.427462,0.4,10,0.4,0,0
14,0,-1,-0.0,0.4,10,0.4,0,0
15,0,-1,-0.0,0.4,10,0.4,0,0
16,2,1,10.354144,0.52,13,0.52,0,0
17,2,1,16.63929,0.56,14,0.56,0,0
18,2,1,-0.80566543,0.64,16,0.64,0,0
19,1,0,0.0,0.64,16,0.64,0,0
20,1,0,0.0,0.64,16,0.64,0,0
21,2,1,-17.735773,0.68,17,0.68,0,0
22,0,-1,-0.06775084,0.68,17,0.68,0,0
23,1,0,0.0,0.68,17,0.68,0,0
24,2,1,5.8215265,0.72,18,0.72,0,0
25,1,0,0.0,0.72,18,0.72,0,0
26,2,1,-2.054947,0.76,19,0.76,0,0
27,1,0,0.0,0.76,19,0.76,0,0
28,1,0,0.0,0.76,19,0.76,0,0
29,2,1,-15.376958,0.8,20,0.8,1,0
30,1,0,0.0,0.8,20,0.8,0,0
31,1,0,0.0,0.8,20,0.8,0,0
32,2,1,-36.897095,0.84,21,0.84,0,0
33,0,-1,-0.0,0.84,21,0.84,1,0
34,0,-1,85.525,0.8,20,0.8,0,0
35,2,1,-62.803253,0.84,21,0.84,0,0
36,0,-1,-0.0,0.84,21,0.84,0,0
37,0,-1,-0.0,0.84,21,0.84,0,0
38,2,1,-907.0403,0.96,24,0.96,0,0
39,1,0,0.0,0.96,24,0.96,0,0
40,2,1,-1000.0,0.0,0,0.0,0,0
41,0,-1,-0.0,0.16,4,0.16,0,1
42,1,0,0.0,0.16,4,0.16,0,1
43,1,0,0.0,0.16,4,0.16,0,1
44,2,1,-4.1406527,0.2,5,0.2,0,1
45,0,-1,-0.0,0.2,5,0.2,0,1
46,0,-1,-0.0,0.2,5,0.2,0,1
47,1,0,0.0,0.2,5,0.2,0,1
48,0,-1,6.2116523,0.16,4,0.16,0,1
49,2,1,-4.1407347,0.2,5,0.2,0,1
50,2,1,28.208652,0.24,6,0.24,0,1
51,1,0,0.0,0.24,6,0.24,0,1
52,1,0,0.0,0.24,6,0.24,0,1
53,2,1,-4.515744,0.28,7,0.28,0,1
54,2,1,-4.8479323,0.32,8,0.32,0,1
55,1,0,0.0,0.32,8,0.32,0,1
56,1,0,0.0,0.32,8,0.32,0,1
57,0,-1,-8.97201,0.28,7,0.28,1,1
58,0,-1,-0.0,0.28,7,0.28,0,1
59,1,0,0.0,0.28,7,0.28,0,1
60,0,-1,-0.0,0.28,7,0.28,0,1
61,0,-1,-7.3481,0.24,6,0.24,0,1
62,1,0,0.0,0.24,6,0.24,0,1
63,1,0,0.0,0.24,6,0.24,0,1
64,2,1,15.3196945,0.28,7,0.28,0,1
65,0,-1,-3.1434295,0.24,6,0.24,0,1
66,0,-1,-0.0,0.24,6,0.24,0,1
67,2,1,22.555727,0.28,7,0.28,0,1
68,0,-1,-6.7614455,0.24,6,0.24,0,1
69,1,0,0.0,0.24,6,0.24,0,1
70,0,-1,-0.0,0.24,6,0.24,0,1
71,0,-1,-0.0,0.24,6,0.24,1,1
72,1,0,0.0,0.24,6,0.24,0,1
73,1,0,0.0,0.24,6,0.24,0,1
74,2,1,27.938278,0.28,7,0.28,0,1
75,1,0,0.0,0.28,7,0.28,0,1
76,2,1,16.647522,0.4,10,0.4,0,1
77,0,-1,-0.07253967,0.4,10,0.4,0,1
78,2,1,18.28133,0.44,11,0.44,0,1
79,2,1,0.70066,0.56,14,0.56,0,1
80,1,0,0.0,0.56,14,0.56,0,1
81,2,1,13.271659,0.6,15,0.6,0,1
82,1,0,0.0,0.6,15,0.6,0,1
83,2,1,9.150654,0.64,16,0.64,0,1
84,1,0,0.0,0.64,16,0.64,0,1
85,1,0,0.0,0.64,16,0.64,0,1
86,1,0,0.0,0.64,16,0.64,0,1
87,0,-1,5.879987,0.6,15,0.6,0,1
88,1,0,0.0,0.6,15,0.6,0,1
89,1,0,0.0,0.6,15,0.6,1,1
90,2,1,3.7508965,0.64,16,0.64,0,1
91,0,-1,9.7214985,0.6,15,0.6,0,1
92,0,-1,8.661662,0.56,14,0.56,0,1
93,1,0,0.0,0.56,14,0.56,0,1
94,0,-1,-9.372765,0.56,14,0.56,0,1
95,1,0,0.0,0.56,14,0.56,0,1
96,0,-1,-9.856856e-08,0.56,14,0.56,0,1
97,0,-1,-0.0,0.56,14,0.56,0,1
98,2,1,1.722929,0.64,16,0.64,0,1
99,1,0,0.0,0.64,16,0.64,0,1
100,2,1,-20.970919,0.72,18,0.72,0,1
101,1,0,0.0,0.72,18,0.72,0,1
102,2,1,-9.496409,0.76,19,0.76,0,1
103,0,-1,-0.0010156931,0.76,19,0.76,0,1
104,0,-1,-5.5495626e-08,0.76,19,0.76,0,1
105,0,-1,-7.547277e-08,0.76,19,0.76,0,1
106,0,-1,34.84611,0.72,18,0.72,0,1
107,0,-1,24.384539,0.68,17,0.68,0,1
108,2,1,-0.4937255,0.72,18,0.72,0,1
109,0,-1,-0.0,0.72,18,0.72,0,1
110,0,-1,21.416224,0.68,17,0.68,0,1
111,2,1,8.418212,0.72,18,0.72,0,1
112,1,0,0.0,0.72,18,0.72,0,1
113,1,0,0.0,0.72,18,0.72,0,1
114,0,-1,-15.533731,0.72,18,0.72,0,1
115,2,1,-10.839491,0.76,19,0.76,0,1
116,2,1,-73.5666,0.84,21,0.84,1,1
117,0,-1,-0.0,0.84,21,0.84,0,1
118,0,-1,83.08658,0.8,20,0.8,0,1
119,1,0,0.0,0.8,20,0.8,0,1
120,0,-1,53.40468,0.76,19,0.76,0,1
121,1,0,0.0,0.76,19,0.76,0,1
122,1,0,0.0,0.76,19,0.76,0,1
123,1,0,0.0,0.76,19,0.76,0,1
124,0,-1,36.146557,0.72,18,0.72,0,1
125,0,-1,-0.0,0.72,18,0.72,0,1
126,0,-1,-8.588368,0.72,18,0.72,0,1
127,2,1,-42.085674,0.8,20,0.8,0,1
128,0,-1,-0.0,0.8,20,0.8,0,1
129,1,0,0.0,0.8,20,0.8,0,1
130,0,-1,-0.0,0.8,20,0.8,0,1
131,2,1,-34.53562,0.84,21,0.84,0,1
132,1,0,0.0,0.84,21,0.84,0,1
133,1,0,0.0,0.84,21,0.84,0,1
134,1,0,0.0,0.84,21,0.84,0,1
135,1,0,0.0,0.84,21,0.84,0,1
136,0,-1,83.16428,0.8,20,0.8,0,1
137,2,1,-35.827446,0.84,21,0.84,0,1
138,2,1,-79.71934,0.88,22,0.88,0,1
139,0,-1,-0.0,0.88,22,0.88,0,1
140,2,1,30.03604,1.0,25,1.0,0,1
141,2,1,-1000.0,0.0,0,0.0,0,1
142,0,-1,-0.0,0.16,4,0.16,0,2
143,1,0,0.0,0.16,4,0.16,0,2
144,1,0,0.0,0.16,4,0.16,0,2
145,2,1,28.346605,0.2,5,0.2,0,2
146,0,-1,-10.031977,0.16,4,0.16,0,2
147,1,0,0.0,0.16,4,0.16,0,2
148,2,1,-4.1406527,0.2,5,0.2,0,2
149,1,0,0.0,0.2,5,0.2,0,2
150,0,-1,-0.0,0.2,5,0.2,0,2
151,2,1,-4.2792473,0.24,6,0.24,0,2
152,0,-1,-0.0,0.24,6,0.24,0,2
153,1,0,0.0,0.24,6,0.24,0,2
154,2,1,27.98924,0.28,7,0.28,0,2
155,1,0,0.0,0.28,7,0.28,0,2
156,2,1,27.639961,0.32,8,0.32,0,2
157,1,0,0.0,0.32,8,0.32,0,2
158,1,0,0.0,0.32,8,0.32,0,2
159,1,0,0.0,0.32,8,0.32,0,2
160,1,0,0.0,0.32,8,0.32,0,2
161,2,1,-5.2804775,0.36,9,0.36,0,2
162,2,1,25.459835,0.4,10,0.4,0,2
163,0,-1,-0.0,0.4,10,0.4,0,2
164,0,-1,-0.0,0.4,10,0.4,0,2
165,0,-1,-0.0,0.4,10,0.4,0,2
166,0,-1,-6.6049356,0.44,11,0.44,0,2
167,1,0,0.0,0.44,11,0.44,1,2
168,2,1,20.60029,0.48,12,0.48,0,2
169,0,-1,-21.427841,0.52,13,0.52,0,2
170,2,1,4.951223,0.6,15,0.6,0,2
171,2,1,-32.0223,0.68,17,0.68,0,2
172,0,-1,17.470682,0.64,16,0.64,0,2
173,1,0,0.0,0.64,16,0.64,0,2
174,2,1,5.537111,0.68,17,0.68,0,2
175,1,0,0.0,0.68,17,0.68,0,2
176,1,0,0.0,0.68,17,0.68,0,2
177,0,-1,14.967384,0.64,16,0.64,0,2
178,0,-1,-0.089232214,0.64,16,0.64,1,2
179,0,-1,5.69832,0.6,15,0.6,0,2
180,1,0,0.0,0.6,15,0.6,0,2
181,0,-1,4.4472837,0.56,14,0.56,0,2
182,2,1,14.67768,0.6,15,0.6,0,2
183,2,1,10.804669,0.64,16,0.64,0,2
184,0,-1,-13.211356,0.64,16,0.64,0,2
185,2,1,-17.170645,0.72,18,0.72,0,2
186,0,-1,22.653097,0.68,17,0.68,0,2
187,1,0,0.0,0.68,17,0.68,0,2
188,0,-1,15.434815,0.64,16,0.64,0,2
189,0,-1,-0.0,0.64,16,0.64,0,2
190,0,-1,15.145144,0.6,15,0.6,0,2
191,0,-1,9.573893,0.56,14,0.56,0,2
192,0,-1,2.337426,0.52,13,0.52,0,2
193,0,-1,1.404133,0.48,12,0.48,0,2
194,0,-1,8.046071,0.44,11,0.44,0,2
195,2,1,15.335138,0.52,13,0.52,0,2
196,0,-1,-0.4848287,0.48,12,0.48,0,2
197,0,-1,-0.08423171,0.48,12,0.48,0,2
198,0,-1,-2.0225437,0.44,11,0.44,0,2
199,0,-1,-3.329144,0.4,10,0.4,1,2
200,1,0,0.0,0.4,10,0.4,0,2
201,0,-1,-7.1460643,0.36,9,0.36,0,2
202,1,0,0.0,0.36,9,0.36,0,2
203,2,1,22.585241,0.4,10,0.4,0,2
204,0,-1,-10.527394,0.4,10,0.4,0,2
205,1,0,0.0,0.4,10,0.4,0,2
206,1,0,0.0,0.4,10,0.4,0,2
207,2,1,13.284297,0.48,12,0.48,0,2
208,0,-1,-3.1195908,0.44,11,0.44,0,2
209,1,0,0.0,0.44,11,0.44,0,2
210,1,0,0.0,0.44,11,0.44,0,2
211,1,0,0.0,0.44,11,0.44,0,2
212,0,-1,-0.21789244,0.4,10,0.4,0,2
213,2,1,13.477415,0.44,11,0.44,0,2
214,0,-1,-0.21789244,0.4,10,0.4,0,2
215,2,1,14.502379,0.48,12,0.48,0,2
216,1,0,0.0,0.48,12,0.48,0,2
217,0,-1,-2.132527,0.44,11,0.44,0,2
218,0,-1,-0.0,0.44,11,0.44,0,2
219,0,-1,-4.4262123,0.4,10,0.4,0,2
220,0,-1,-4.5371737,0.36,9,0.36,0,2
221,1,0,0.0,0.36,9,0.36,0,2
222,1,0,0.0,0.36,9,0.36,0,2
223,0,-1,-2.07839,0.32,8,0.32,0,2
224,2,1,25.986439,0.36,9,0.36,0,2
225,0,-1,-13.859272,0.36,9,0.36,0,2
226,2,1,25.330214,0.4,10,0.4,0,2
227,0,-1,-0.00023818461,0.4,10,0.4,1,2
228,2,1,22.982653,0.44,11,0.44,0,2
229,2,1,14.600094,0.52,13,0.52,1,2
230,0,-1,-0.0,0.52,13,0.52,0,2
231,2,1,14.435572,0.56,14,0.56,0,2
232,0,-1,-0.0,0.56,14,0.56,0,2
233,1,0,0.0,0.56,14,0.56,0,2
234,1,0,0.0,0.56,14,0.56,0,2
235,1,0,0.0,0.56,14,0.56,0,2
236,0,-1,-0.0,0.56,14,0.56,0,2
237,1,0,0.0,0.56,14,0.56,0,2
238,1,0,0.0,0.56,14,0.56,0,2
239,0,-1,-0.0,0.56,14,0.56,0,2
240,2,1,17.423964,0.6,15,0.6,0,2
241,2,1,11.362618,0.64,16,0.64,0,2
242,2,1,-41.552654,0.76,19,0.76,0,2
243,0,-1,-0.0,0.76,19,0.76,0,2
244,0,-1,-0.0,0.76,19,0.76,0,2
245,2,1,-16.149553,0.8,20,0.8,0,2
246,0,-1,50.060783,0.76,19,0.76,0,2
247,2,1,-78.08059,0.84,21,0.84,0,2
248,2,1,29.158333,1.0,25,1.0,0,2
249,1,0,-1000.0,0.0,0,0.0,0,2
250,0,-1,-0.0,0.16,4,0.16,0,3
251,0,-1,-0.0,0.16,4,0.16,0,3
252,0,-1,-0.0,0.16,4,0.16,0,3
253,0,-1,-0.0,0.16,4,0.16,0,3
254,2,1,-4.1407347,0.2,5,0.2,0,3
255,1,0,0.0,0.2,5,0.2,0,3
256,0,-1,-0.0,0.2,5,0.2,0,3
257,2,1,-4.27924,0.24,6,0.24,0,3
258,1,0,0.0,0.24,6,0.24,0,3
259,0,-1,-0.0,0.24,6,0.24,1,3
260,2,1,27.984325,0.28,7,0.28,0,3
261,2,1,16.457293,0.4,10,0.4,0,3
262,1,0,0.0,0.4,10,0.4,0,3
263,1,0,0.0,0.4,10,0.4,0,3
264,1,0,0.0,0.4,10,0.4,0,3
265,2,1,14.521419,0.48,12,0.48,0,3
266,2,1,6.145595,0.52,13,0.52,0,3
267,0,-1,-3.502902,0.48,12,0.48,0,3
268,0,-1,-11.989641,0.48,12,0.48,0,3
269,0,-1,-2.447545,0.44,11,0.44,0,3
270,0,-1,-5.013016e-06,0.44,11,0.44,0,3
271,0,-1,-0.0,0.44,11,0.44,0,3
272,0,-1,-0.0,0.44,11,0.44,0,3
273,1,0,0.0,0.44,11,0.44,0,3
274,2,1,14.207606,0.48,12,0.48,0,3
275,0,-1,4.117448,0.44,11,0.44,0,3
276,2,1,1.2606804,0.56,14,0.56,1,3
277,2,1,6.510225,0.6,15,0.6,1,3
278,0,-1,-0.0,0.6,15,0.6,0,3
279,0,-1,-0.0,0.6,15,0.6,0,3
280,2,1,-29.922663,0.72,18,0.72,0,3
281,1,0,0.0,0.72,18,0.72,0,3
282,2,1,-7.3737435,0.76,19,0.76,0,3
283,2,1,-22.680191,0.8,20,0.8,0,3
284,0,-1,-0.0,0.8,20,0.8,0,3
285,0,-1,-76.4217,0.84,21,0.84,0,3
286,2,1,-298.8407,0.92,23,0.92,0,3
287,2,1,-1000.0,0.0,0,0.0,0,3
288,0,-1,-0.0,0.16,4,0.16,0,4
289,2,1,28.364332,0.2,5,0.2,0,4
290,0,-1,-0.0,0.2,5,0.2,0,4
291,1,0,0.0,0.2,5,0.2,0,4
292,0,-1,-0.0,0.2,5,0.2,0,4
293,1,0,0.0,0.2,5,0.2,0,4
294,2,1,28.208652,0.24,6,0.24,0,4
295,2,1,-4.515826,0.28,7,0.28,0,4
296,1,0,0.0,0.28,7,0.28,0,4
297,2,1,-4.8478045,0.32,8,0.32,0,4
298,1,0,0.0,0.32,8,0.32,1,4
299,2,1,16.73432,0.36,9,0.36,1,4
300,2,1,25.286936,0.4,10,0.4,0,4
301,1,0,0.0,0.4,10,0.4,0,4
302,0,-1,-22.727728,0.44,11,0.44,0,4
303,2,1,12.465828,0.52,13,0.52,0,4
304,1,0,0.0,0.52,13,0.52,0,4
305,0,-1,-0.001185012,0.52,13,0.52,0,4
306,2,1,19.624008,0.56,14,0.56,0,4
307,1,0,0.0,0.56,14,0.56,0,4
308,2,1,7.3082004,0.6,15,0.6,0,4
309,0,-1,8.132815,0.56,14,0.56,0,4
310,1,0,0.0,0.56,14,0.56,0,4
311,2,1,5.2076697,0.64,16,0.64,0,4
312,2,1,9.462719,0.68,17,0.68,0,4
313,1,0,0.0,0.68,17,0.68,0,4
314,1,0,0.0,0.68,17,0.68,0,4
315,1,0,0.0,0.68,17,0.68,0,4
316,0,-1,13.0045805,0.64,16,0.64,0,4
317,2,1,-21.303026,0.72,18,0.72,0,4
318,0,-1,-0.000435765,0.72,18,0.72,0,4
319,1,0,0.0,0.72,18,0.72,0,4
320,1,0,0.0,0.72,18,0.72,0,4
321,0,-1,-0.0,0.72,18,0.72,0,4
322,1,0,0.0,0.72,18,0.72,0,4
323,0,-1,-9.2888286e-08,0.72,18,0.72,0,4
324,0,-1,-12.199543,0.72,18,0.72,1,4
325,2,1,-3.4462957,0.76,19,0.76,0,4
326,1,0,0.0,0.76,19,0.76,0,4
327,2,1,-14.15836,0.8,20,0.8,0,4
328,0,-1,49.06519,0.76,19,0.76,0,4
329,0,-1,-0.0,0.76,19,0.76,0,4
330,0,-1,-10.323076,0.76,19,0.76,0,4
331,0,-1,31.821056,0.72,18,0.72,0,4
332,2,1,-50.546032,0.8,20,0.8,0,4
333,1,0,0.0,0.8,20,0.8,0,4
334,1,0,0.0,0.8,20,0.8,0,4
335,1,0,0.0,0.8,20,0.8,0,4
336,1,0,0.0,0.8,20,0.8,0,4
337,1,0,0.0,0.8,20,0.8,0,4
338,1,0,0.0,0.8,20,0.8,0,4
339,2,1,-32.941936,0.84,21,0.84,0,4
340,2,1,-76.82383,0.88,22,0.88,0,4
341,2,1,-183.66228,0.92,23,0.92,0,4
342,1,0,0.0,0.92,23,0.92,0,4
343,1,0,0.0,0.92,23,0.92,0,4
344,2,1,-599.2993,0.96,24,0.96,0,4
345,1,0,0.0,0.96,24,0.96,0,4
346,2,1,-1000.0,0.0,0,0.0,0,4
347,0,-1,-0.0,0.16,4,0.16,0,5
348,2,1,28.346605,0.2,5,0.2,0,5
349,1,0,0.0,0.2,5,0.2,0,5
350,1,0,0.0,0.2,5,0.2,0,5
351,0,-1,-0.0,0.2,5,0.2,0,5
352,2,1,28.22638,0.24,6,0.24,0,5
353,2,1,26.767761,0.28,7,0.28,0,5
354,0,-1,-0.0,0.28,7,0.28,0,5
355,0,-1,-0.0,0.28,7,0.28,0,5
356,1,0,0.0,0.28,7,0.28,0,5
357,1,0,0.0,0.28,7,0.28,0,5
358,2,1,13.119488,0.4,10,0.4,0,5
359,2,1,9.064888,0.52,13,0.52,0,5
360,2,1,-9.223471,0.64,16,0.64,0,5
361,0,-1,-0.0009627269,0.64,16,0.64,0,5
362,2,1,-10.617514,0.72,18,0.72,0,5
363,1,0,0.0,0.72,18,0.72,0,5
364,2,1,-5.8591294,0.76,19,0.76,0,5
365,2,1,-18.430752,0.8,20,0.8,0,5
366,1,0,0.0,0.8,20,0.8,0,5
367,1,0,0.0,0.8,20,0.8,0,5
368,0,-1,-0.00010414816,0.8,20,0.8,0,5
369,2,1,-974.4824,0.96,24,0.96,0,5
370,2,1,-1000.0,0.0,0,0.0,0,5
371,1,0,0.0,0.16,4,0.16,0,6
372,2,1,28.364332,0.2,5,0.2,0,6
373,1,0,0.0,0.2,5,0.2,0,6
374,1,0,0.0,0.2,5,0.2,0,6
375,1,0,0.0,0.2,5,0.2,0,6
376,0,-1,-0.0,0.2,5,0.2,0,6
377,2,1,28.208652,0.24,6,0.24,0,6
378,0,-1,-9.833911,0.2,5,0.2,0,6
379,2,1,23.968313,0.28,7,0.28,0,6
380,2,1,18.128635,0.36,9,0.36,0,6
381,1,0,0.0,0.36,9,0.36,0,6
382,0,-1,-0.0,0.36,9,0.36,0,6
383,1,0,0.0,0.36,9,0.36,0,6
384,0,-1,-0.11401043,0.36,9,0.36,0,6
385,1,0,0.0,0.36,9,0.36,0,6
386,2,1,-5.828954,0.4,10,0.4,0,6
387,2,1,-6.5206485,0.44,11,0.44,0,6
388,1,0,0.0,0.44,11,0.44,0,6
389,2,1,18.612106,0.48,12,0.48,0,6
390,1,0,0.0,0.48,12,0.48,0,6
391,0,-1,-0.0,0.48,12,0.48,0,6
392,2,1,22.79115,0.52,13,0.52,0,6
393,2,1,7.2823744,0.6,15,0.6,1,6
394,2,1,-28.002258,0.72,18,0.72,0,6
395,2,1,-0.46936932,0.76,19,0.76,1,6
396,0,-1,-12.45032,0.76,19,0.76,0,6
397,1,0,0.0,0.76,19,0.76,0,6
398,0,-1,-0.00097182574,0.76,19,0.76,0,6
399,0,-1,33.002804,0.72,18,0.72,0,6
400,1,0,0.0,0.72,18,0.72,0,6
401,2,1,-16.917545,0.76,19,0.76,0,6
402,1,0,0.0,0.76,19,0.76,0,6
403,2,1,-75.09324,0.84,21,0.84,0,6
404,0,-1,-10.300224,0.84,21,0.84,0,6
405,0,-1,79.931046,0.8,20,0.8,0,6
406,2,1,-39.068752,0.84,21,0.84,0,6
407,0,-1,80.20941,0.8,20,0.8,0,6
408,2,1,-58.615974,0.84,21,0.84,0,6
409,1,0,0.0,0.84,21,0.84,0,6
410,2,1,-86.89986,0.88,22,0.88,0,6
411,1,0,0.0,0.88,22,0.88,0,6
412,0,-1,143.81119,0.84,21,0.84,0,6
413,0,-1,80.335686,0.8,20,0.8,0,6
414,0,-1,48.170235,0.76,19,0.76,0,6
415,1,0,0.0,0.76,19,0.76,0,6
416,0,-1,-0.0,0.76,19,0.76,0,6
417,0,-1,-8.039403,0.76,19,0.76,0,6
418,0,-1,-0.0,0.76,19,0.76,0,6
419,0,-1,30.374645,0.72,18,0.72,0,6
420,2,1,-0.5534746,0.76,19,0.76,1,6
421,0,-1,34.060997,0.72,18,0.72,0,6
422,2,1,-9.120829,0.76,19,0.76,0,6
423,1,0,0.0,0.76,19,0.76,0,6
424,1,0,0.0,0.76,19,0.76,0,6
425,0,-1,33.285522,0.72,18,0.72,0,6
426,1,0,0.0,0.72,18,0.72,1,6
427,0,-1,20.637743,0.68,17,0.68,0,6
428,1,0,0.0,0.68,17,0.68,0,6
429,0,-1,22.299332,0.64,16,0.64,0,6
430,2,1,-13.677992,0.72,18,0.72,0,6
431,2,1,-15.916623,0.76,19,0.76,0,6
432,1,0,0.0,0.76,19,0.76,0,6
433,2,1,-34.352646,0.8,20,0.8,0,6
434,1,0,0.0,0.8,20,0.8,0,6
435,2,1,-57.310833,0.84,21,0.84,1,6
436,0,-1,-8.930377,0.84,21,0.84,0,6
437,0,-1,78.87897,0.8,20,0.8,0,6
438,0,-1,51.11052,0.76,19,0.76,0,6
439,1,0,0.0,0.76,19,0.76,0,6
440,1,0,0.0,0.76,19,0.76,0,6
441,0,-1,-0.07234351,0.76,19,0.76,0,6
442,0,-1,31.450743,0.72,18,0.72,0,6
443,0,-1,18.14079,0.68,17,0.68,0,6
444,0,-1,-0.0,0.68,17,0.68,0,6
445,1,0,0.0,0.68,17,0.68,0,6
446,0,-1,-38.48895,0.72,18,0.72,0,6
447,2,1,-123.359436,0.84,21,0.84,0,6
448,0,-1,-0.19198059,0.84,21,0.84,0,6
449,1,0,0.0,0.84,21,0.84,0,6
450,2,1,-284.70584,0.92,23,0.92,0,6
451,0,-1,-0.19557162,0.92,23,0.92,0,6
452,0,-1,311.03497,0.88,22,0.88,0,6
453,0,-1,144.83394,0.84,21,0.84,0,6
454,2,1,-95.21592,0.88,22,0.88,0,6
455,0,-1,153.82242,0.84,21,0.84,0,6
456,1,0,0.0,0.84,21,0.84,0,6
457,1,0,0.0,0.84,21,0.84,0,6
458,1,0,0.0,0.84,21,0.84,1,6
459,2,1,-281.7083,0.92,23,0.92,0,6
460,1,0,0.0,0.92,23,0.92,0,6
461,0,-1,-0.0,0.92,23,0.92,0,6
462,1,0,0.0,0.92,23,0.92,0,6
463,1,0,0.0,0.92,23,0.92,0,6
464,0,-1,298.75098,0.88,22,0.88,0,6
465,1,0,0.0,0.88,22,0.88,0,6
466,0,-1,-0.0,0.88,22,0.88,0,6
467,0,-1,142.74733,0.84,21,0.84,0,6
468,0,-1,-118.01262,0.88,22,0.88,0,6
469,2,1,-822.9046,0.96,24,0.96,0,6
470,0,-1,933.7456,0.92,23,0.92,0,6
471,1,0,0.0,0.92,23,0.92,0,6
472,1,0,0.0,0.92,23,0.92,0,6
473,2,1,13.739298,1.0,25,1.0,0,6
474,0,-1,-1000.0,0.0,0,0.0,0,6
475,2,1,28.364332,0.2,5,0.2,0,7
476,2,1,23.955872,0.28,7,0.28,0,7
477,0,-1,-8.870104,0.24,6,0.24,0,7
478,2,1,18.678572,0.32,8,0.32,0,7
479,2,1,20.185139,0.4,10,0.4,0,7
480,2,1,14.602428,0.48,12,0.48,0,7
481,2,1,7.5564013,0.56,14,0.56,0,7
482,2,1,2.1836455,0.64,16,0.64,0,7
483,0,-1,10.056186,0.6,15,0.6,0,7
484,0,-1,-0.0,0.6,15,0.6,0,7
485,1,0,0.0,0.6,15,0.6,0,7
486,0,-1,-0.0,0.6,15,0.6,0,7
487,1,0,0.0,0.6,15,0.6,0,7
488,1,0,0.0,0.6,15,0.6,0,7
489,0,-1,-0.0,0.6,15,0.6,0,7
490,2,1,9.2703,0.64,16,0.64,0,7
491,2,1,-143.8273,0.84,21,0.84,0,7
492,0,-1,-0.06775084,0.84,21,0.84,0,7
493,2,1,-79.951416,0.88,22,0.88,0,7
494,0,-1,144.43271,0.84,21,0.84,1,7
495,0,-1,-7.853387,0.84,21,0.84,0,7
496,2,1,-290.0958,0.92,23,0.92,0,7
497,2,1,27.41618,1.0,25,1.0,0,7
498,0,-1,-1000.0,0.0,0,0.0,0,7
499,2,1,28.364332,0.2,5,0.2,0,8
500,1,0,0.0,0.2,5,0.2,0,8
501,0,-1,-10.04084,0.16,4,0.16,0,8
502,1,0,0.0,0.16,4,0.16,0,8
503,0,-1,-0.0,0.16,4,0.16,0,8
504,2,1,28.364332,0.2,5,0.2,0,8
505,0,-1,-10.04084,0.16,4,0.16,0,8
506,2,1,28.364332,0.2,5,0.2,0,8
507,1,0,0.0,0.2,5,0.2,0,8
508,0,-1,-0.0,0.2,5,0.2,0,8
509,1,0,0.0,0.2,5,0.2,0,8
510,0,-1,-10.04084,0.16,4,0.16,1,8
511,0,-1,-0.0,0.16,4,0.16,0,8
512,0,-1,-0.0,0.16,4,0.16,0,8
513,1,0,0.0,0.16,4,0.16,0,8
514,2,1,28.130781,0.2,5,0.2,0,8
515,2,1,28.124796,0.24,6,0.24,0,8
516,2,1,26.362917,0.28,7,0.28,0,8
517,0,-1,-0.0,0.28,7,0.28,0,8
518,2,1,21.239792,0.32,8,0.32,0,8
519,2,1,19.424269,0.36,9,0.36,0,8
520,0,-1,-20.419,0.4,10,0.4,1,8
521,1,0,0.0,0.4,10,0.4,0,8
522,2,1,22.078896,0.44,11,0.44,0,8
523,2,1,21.109306,0.48,12,0.48,0,8
524,0,-1,-0.0,0.48,12,0.48,0,8
525,2,1,16.030365,0.52,13,0.52,0,8
526,1,0,0.0,0.52,13,0.52,1,8
527,0,-1,-1.575137,0.48,12,0.48,0,8
528,1,0,0.0,0.48,12,0.48,0,8
529,2,1,8.4908085,0.56,14,0.56,0,8
530,0,-1,-0.00044820784,0.56,14,0.56,0,8
531,0,-1,-0.000440904,0.56,14,0.56,0,8
532,2,1,19.161604,0.6,15,0.6,0,8
533,0,-1,2.2061136,0.56,14,0.56,0,8
534,1,0,0.0,0.56,14,0.56,0,8
535,0,-1,2.5544465,0.52,13,0.52,0,8
536,1,0,0.0,0.52,13,0.52,0,8
537,1,0,0.0,0.52,13,0.52,0,8
538,0,-1,-14.497064,0.52,13,0.52,0,8
539,0,-1,-0.0,0.52,13,0.52,0,8
540,0,-1,-3.3497016,0.48,12,0.48,0,8
541,2,1,15.256293,0.52,13,0.52,1,8
542,1,0,0.0,0.52,13,0.52,0,8
543,1,0,0.0,0.52,13,0.52,0,8
544,1,0,0.0,0.52,13,0.52,0,8
545,0,-1,-14.210215,0.52,13,0.52,0,8
546,1,0,0.0,0.52,13,0.52,0,8
547,2,1,11.562521,0.56,14,0.56,0,8
548,0,-1,-11.186187,0.56,14,0.56,0,8
549,1,0,0.0,0.56,14,0.56,0,8
550,2,1,-14.95663,0.68,17,0.68,0,8
551,0,-1,-0.0,0.68,17,0.68,0,8
552,0,-1,13.774515,0.64,16,0.64,0,8
553,0,-1,7.1210403,0.6,15,0.6,0,8
554,1,0,0.0,0.6,15,0.6,1,8
555,0,-1,1.0582054,0.56,14,0.56,0,8
556,0,-1,1.5805227,0.52,13,0.52,0,8
557,1,0,0.0,0.52,13,0.52,0,8
558,0,-1,3.1436412,0.48,12,0.48,0,8
559,2,1,2.4869149,0.6,15,0.6,0,8
560,1,0,0.0,0.6,15,0.6,0,8
561,0,-1,-0.20103985,0.6,15,0.6,0,8
562,0,-1,6.597427,0.56,14,0.56,1,8
563,1,0,0.0,0.56,14,0.56,0,8
564,0,-1,-12.541674,0.56,14,0.56,0,8
565,2,1,18.784855,0.6,15,0.6,0,8
566,0,-1,-6.40175e-05,0.6,15,0.6,0,8
567,2,1,9.522942,0.64,16,0.64,0,8
568,0,-1,10.559525,0.6,15,0.6,0,8
569,2,1,7.0460973,0.64,16,0.64,0,8
570,0,-1,-14.895672,0.64,16,0.64,0,8
571,1,0,0.0,0.64,16,0.64,0,8
572,1,0,0.0,0.64,16,0.64,0,8
573,1,0,0.0,0.64,16,0.64,0,8
574,2,1,3.466089,0.68,17,0.68,0,8
575,2,1,-66.64608,0.8,20,0.8,0,8
576,0,-1,-1.2888486e-05,0.8,20,0.8,0,8
577,2,1,-31.819958,0.84,21,0.84,0,8
578,1,0,0.0,0.84,21,0.84,0,8
579,2,1,-76.11011,0.88,22,0.88,0,8
580,1,0,0.0,0.88,22,0.88,0,8
581,1,0,0.0,0.88,22,0.88,0,8
582,0,-1,-0.0012709787,0.88,22,0.88,1,8
583,0,-1,-13.127981,0.88,22,0.88,0,8
584,2,1,-805.2118,0.96,24,0.96,0,8
585,2,1,-1000.0,0.0,0,0.0,0,8
586,1,0,0.0,0.16,4,0.16,0,9
587,2,1,28.346605,0.2,5,0.2,0,9
588,0,-1,-10.031977,0.16,4,0.16,0,9
589,1,0,0.0,0.16,4,0.16,0,9
590,2,1,-4.1406527,0.2,5,0.2,0,9
591,1,0,0.0,0.2,5,0.2,0,9
592,0,-1,-0.0,0.2,5,0.2,0,9
593,0,-1,6.2116523,0.16,4,0.16,0,9
594,0,-1,-0.0,0.16,4,0.16,0,9
595,0,-1,-0.0,0.16,4,0.16,0,9
596,2,1,-4.1407347,0.2,5,0.2,0,9
597,1,0,0.0,0.2,5,0.2,0,9
598,0,-1,-0.0,0.2,5,0.2,0,9
599,2,1,-4.278605,0.24,6,0.24,0,9
600,0,-1,6.418622,0.2,5,0.2,1,9
601,2,1,23.6775,0.28,7,0.28,0,9
602,2,1,27.480995,0.32,8,0.32,0,9
603,2,1,17.499424,0.4,10,0.4,0,9
604,1,0,0.0,0.4,10,0.4,0,9
605,1,0,0.0,0.4,10,0.4,0,9
606,0,-1,-0.0,0.4,10,0.4,0,9
607,2,1,13.103149,0.48,12,0.48,0,9
608,0,-1,-0.16658776,0.48,12,0.48,0,9
609,2,1,8.120249,0.56,14,0.56,0,9
610,1,0,0.0,0.56,14,0.56,0,9
611,0,-1,-7.033411e-05,0.56,14,0.56,0,9
612,0,-1,-1.0106203e-06,0.56,14,0.56,0,9
613,0,-1,-7.136128e-05,0.56,14,0.56,0,9
614,0,-1,-6.499407e-05,0.56,14,0.56,0,9
615,0,-1,-0.13696532,0.56,14,0.56,0,9
616,0,-1,-6.656394e-05,0.56,14,0.56,0,9
617,1,0,0.0,0.56,14,0.56,0,9
618,2,1,17.66682,0.6,15,0.6,0,9
619,2,1,16.829372,0.64,16,0.64,1,9
620,0,-1,7.698352,0.6,15,0.6,0,9
621,0,-1,3.3511393,0.56,14,0.56,0,9
622,0,-1,-0.6603855,0.52,13,0.52,0,9
623,1,0,0.0,0.52,13,0.52,0,9
624,0,-1,-13.775574,0.52,13,0.52,0,9
625,0,-1,-12.129137,0.52,13,0.52,0,9
626,2,1,5.910372,0.6,15,0.6,0,9
627,2,1,16.799679,0.64,16,0.64,0,9
628,0,-1,-8.015077e-05,0.64,16,0.64,0,9
629,0,-1,11.029244,0.6,15,0.6,0,9
630,1,0,0.0,0.6,15,0.6,0,9
631,1,0,0.0,0.6,15,0.6,0,9
632,1,0,0.0,0.6,15,0.6,0,9
633,0,-1,2.1372702,0.56,14,0.56,0,9
634,0,-1,2.9425035,0.52,13,0.52,0,9
635,2,1,14.330084,0.56,14,0.56,0,9
636,0,-1,-13.79067,0.56,14,0.56,0,9
637,1,0,0.0,0.56,14,0.56,0,9
638,0,-1,-0.0,0.56,14,0.56,0,9
639,0,-1,2.7569742,0.52,13,0.52,0,9
640,0,-1,-0.3019835,0.48,12,0.48,0,9
641,1,0,0.0,0.48,12,0.48,0,9
642,0,-1,-0.0,0.48,12,0.48,0,9
643,2,1,20.152878,0.52,13,0.52,0,9
644,2,1,21.045366,0.56,14,0.56,0,9
645,0,-1,-10.874657,0.56,14,0.56,0,9
646,1,0,0.0,0.56,14,0.56,0,9
647,2,1,16.734083,0.6,15,0.6,1,9
648,1,0,0.0,0.6,15,0.6,0,9
649,2,1,8.857059,0.64,16,0.64,0,9
650,0,-1,7.468916,0.6,15,0.6,0,9
651,2,1,-53.380093,0.76,19,0.76,0,9
652,1,0,0.0,0.76,19,0.76,0,9
653,1,0,0.0,0.76,19,0.76,0,9
654,1,0,0.0,0.76,19,0.76,0,9
655,0,-1,34.236115,0.72,18,0.72,0,9
656,0,-1,20.484976,0.68,17,0.68,1,9
657,0,-1,-33.942516,0.72,18,0.72,0,9
658,2,1,-8.570234,0.76,19,0.76,0,9
659,2,1,-14.810534,0.8,20,0.8,0,9
660,0,-1,-0.0,0.8,20,0.8,1,9
661,2,1,-35.104992,0.84,21,0.84,0,9
662,0,-1,-0.0,0.84,21,0.84,0,9
663,2,1,-911.2523,0.96,24,0.96,1,9
664,2,1,26.207907,1.0,25,1.0,0,9
665,2,1,-1000.0,0.0,0,0.0,0,9
666,0,-1,-0.0,0.16,4,0.16,0,10
667,2,1,28.364332,0.2,5,0.2,0,10
668,0,-1,-10.04084,0.16,4,0.16,0,10
669,1,0,0.0,0.16,4,0.16,0,10
670,2,1,28.364332,0.2,5,0.2,0,10
671,2,1,-4.278605,0.24,6,0.24,0,10
672,1,0,0.0,0.24,6,0.24,0,10
673,0,-1,-0.0,0.24,6,0.24,0,10
674,1,0,0.0,0.24,6,0.24,0,10
675,0,-1,6.418581,0.2,5,0.2,0,10
676,2,1,-4.278605,0.24,6,0.24,0,10
677,0,-1,-9.833911,0.2,5,0.2,0,10
678,0,-1,-0.0,0.2,5,0.2,0,10
679,0,-1,-0.0,0.2,5,0.2,0,10
680,0,-1,-0.0,0.2,5,0.2,0,10
681,0,-1,-0.0,0.2,5,0.2,0,10
682,1,0,0.0,0.2,5,0.2,0,10
683,1,0,0.0,0.2,5,0.2,0,10
684,2,1,23.70996,0.28,7,0.28,0,10
685,0,-1,6.7745433,0.24,6,0.24,0,10
686,2,1,-4.5163865,0.28,7,0.28,0,10
687,0,-1,-0.0,0.28,7,0.28,0,10
688,2,1,-15.957318,0.4,10,0.4,0,10
689,0,-1,8.744439,0.36,9,0.36,1,10
690,0,-1,-5.590295,0.32,8,0.32,0,10
691,2,1,27.130104,0.36,9,0.36,0,10
692,0,-1,-0.0,0.36,9,0.36,0,10
693,0,-1,-8.284569,0.32,8,0.32,0,10
694,0,-1,-3.1501963,0.28,7,0.28,0,10
695,1,0,0.0,0.28,7,0.28,0,10
696,2,1,27.562618,0.32,8,0.32,0,10
697,2,1,25.907768,0.36,9,0.36,0,10
698,1,0,0.0,0.36,9,0.36,0,10
699,2,1,25.372458,0.4,10,0.4,0,10
700,0,-1,-6.849684,0.36,9,0.36,0,10
701,0,-1,-0.0,0.36,9,0.36,0,10
702,1,0,0.0,0.36,9,0.36,0,10
703,2,1,16.747705,0.44,11,0.44,0,10
704,1,0,0.0,0.44,11,0.44,0,10
705,0,-1,-4.4692943e-06,0.44,11,0.44,0,10
706,1,0,0.0,0.44,11,0.44,0,10
707,0,-1,-4.4062767,0.4,10,0.4,0,10
708,1,0,0.0,0.4,10,0.4,0,10
709,0,-1,-5.4726233,0.36,9,0.36,0,10
710,1,0,0.0,0.36,9,0.36,0,10
711,0,-1,7.920451,0.32,8,0.32,1,10
712,1,0,0.0,0.32,8,0.32,0,10
713,1,0,0.0,0.32,8,0.32,0,10
714,2,1,11.42224,0.44,11,0.44,0,10
715,0,-1,-0.001810235,0.44,11,0.44,0,10
716,0,-1,-4.3608007,0.4,10,0.4,0,10
717,2,1,17.553513,0.48,12,0.48,0,10
718,1,0,0.0,0.48,12,0.48,0,10
719,1,0,0.0,0.48,12,0.48,1,10
720,0,-1,-15.329214,0.48,12,0.48,0,10
721,0,-1,-0.09776707,0.48,12,0.48,0,10
722,1,0,0.0,0.48,12,0.48,0,10
723,0,-1,-3.6696234,0.44,11,0.44,0,10
724,1,0,0.0,0.44,11,0.44,0,10
725,0,-1,-4.4570217,0.4,10,0.4,0,10
726,1,0,0.0,0.4,10,0.4,0,10
727,0,-1,-6.8139663,0.36,9,0.36,0,10
728,2,1,25.286882,0.4,10,0.4,0,10
729,2,1,15.420933,0.48,12,0.48,0,10
730,0,-1,-4.470411,0.44,11,0.44,0,10
731,0,-1,-0.96884567,0.4,10,0.4,0,10
732,0,-1,-14.095498,0.4,10,0.4,0,10
733,2,1,19.791431,0.44,11,0.44,0,10
734,2,1,16.678493,0.48,12,0.48,0,10
735,1,0,0.0,0.48,12,0.48,0,10
736,0,-1,-0.0,0.48,12,0.48,0,10
737,0,-1,-3.4397697,0.44,11,0.44,0,10
738,0,-1,-17.853085,0.48,12,0.48,0,10
739,2,1,11.046794,0.52,13,0.52,0,10
740,2,1,8.865115,0.56,14,0.56,0,10
741,0,-1,-0.0,0.56,14,0.56,0,10
742,0,-1,1.7269015,0.52,13,0.52,0,10
743,2,1,6.081559,0.56,14,0.56,1,10
744,1,0,0.0,0.56,14,0.56,0,10
745,2,1,4.4651313,0.6,15,0.6,0,10
746,0,-1,8.606922,0.56,14,0.56,0,10
747,0,-1,-1.0404506,0.52,13,0.52,0,10
748,0,-1,-0.0,0.52,13,0.52,0,10
749,1,0,0.0,0.52,13,0.52,0,10
750,1,0,0.0,0.52,13,0.52,0,10
751,0,-1,4.6214457,0.48,12,0.48,0,10
752,0,-1,0.38713306,0.44,11,0.44,0,10
753,2,1,24.132898,0.48,12,0.48,0,10
754,1,0,0.0,0.48,12,0.48,1,10
755,0,-1,-3.2315874,0.44,11,0.44,0,10
756,1,0,0.0,0.44,11,0.44,0,10
757,2,1,21.089365,0.48,12,0.48,0,10
758,1,0,0.0,0.48,12,0.48,0,10
759,1,0,0.0,0.48,12,0.48,0,10
760,1,0,0.0,0.48,12,0.48,0,10
761,1,0,0.0,0.48,12,0.48,0,10
762,1,0,0.0,0.48,12,0.48,0,10
763,2,1,9.1604805,0.56,14,0.56,0,10
764,0,-1,-0.00051444117,0.56,14,0.56,0,10
765,1,0,0.0,0.56,14,0.56,0,10
766,2,1,-4.576372,0.64,16,0.64,0,10
767,0,-1,-2.155495e-06,0.64,16,0.64,0,10
768,2,1,-45.531643,0.76,19,0.76,0,10
769,0,-1,35.870773,0.72,18,0.72,0,10
770,0,-1,24.439392,0.68,17,0.68,0,10
771,1,0,0.0,0.68,17,0.68,0,10
772,0,-1,15.882395,0.64,16,0.64,0,10
773,1,0,0.0,0.64,16,0.64,0,10
774,2,1,-42.357357,0.76,19,0.76,1,10
775,1,0,0.0,0.76,19,0.76,0,10
776,0,-1,-0.0,0.76,19,0.76,0,10
777,0,-1,-0.0,0.76,19,0.76,0,10
778,1,0,0.0,0.76,19,0.76,0,10
779,1,0,0.0,0.76,19,0.76,0,10
780,2,1,-14.760406,0.8,20,0.8,0,10
781,1,0,0.0,0.8,20,0.8,0,10
782,2,1,-39.503677,0.84,21,0.84,0,10
783,0,-1,79.95433,0.8,20,0.8,0,10
784,1,0,0.0,0.8,20,0.8,0,10
785,2,1,-354.24387,0.92,23,0.92,0,10
786,0,-1,-15.492355,0.92,23,0.92,0,10
787,0,-1,-0.0,0.92,23,0.92,0,10
788,1,0,0.0,0.92,23,0.92,0,10
789,2,1,-596.8209,0.96,24,0.96,0,10
790,1,0,0.0,0.96,24,0.96,0,10
791,2,1,-1000.0,0.0,0,0.0,0,10
792,2,1,-4.1406527,0.2,5,0.2,0,11
793,2,1,28.22638,0.24,6,0.24,1,11
794,2,1,23.277052,0.28,7,0.28,0,11
795,0,-1,-7.122108,0.24,6,0.24,0,11
796,0,-1,-9.862544,0.2,5,0.2,0,11
797,0,-1,-0.0,0.2,5,0.2,0,11
798,2,1,15.732725,0.24,6,0.24,0,11
799,1,0,0.0,0.24,6,0.24,0,11
800,1,0,0.0,0.24,6,0.24,0,11
801,0,-1,-7.4669895,0.2,5,0.2,0,11
802,1,0,0.0,0.2,5,0.2,0,11
803,0,-1,-3.7940133,0.16,4,0.16,0,11
804,2,1,28.242535,0.2,5,0.2,0,11
805,0,-1,-0.0,0.2,5,0.2,0,11
806,1,0,0.0,0.2,5,0.2,0,11
807,0,-1,-0.0,0.2,5,0.2,0,11
808,1,0,0.0,0.2,5,0.2,0,11
809,2,1,15.732725,0.24,6,0.24,0,11
810,2,1,27.973312,0.28,7,0.28,0,11
811,0,-1,-9.470238,0.24,6,0.24,0,11
812,1,0,0.0,0.24,6,0.24,0,11
813,1,0,0.0,0.24,6,0.24,0,11
814,2,1,13.359771,0.28,7,0.28,0,11
815,0,-1,-2.1634676,0.24,6,0.24,0,11
816,2,1,22.12991,0.28,7,0.28,0,11
817,2,1,22.36201,0.36,9,0.36,0,11
818,2,1,12.804122,0.4,10,0.4,0,11
819,1,0,0.0,0.4,10,0.4,0,11
820,0,-1,-0.24676216,0.4,10,0.4,0,11
821,2,1,18.0073,0.44,11,0.44,1,11
822,0,-1,-2.3643093,0.4,10,0.4,0,11
823,2,1,16.460089,0.44,11,0.44,0,11
824,1,0,0.0,0.44,11,0.44,0,11
825,1,0,0.0,0.44,11,0.44,0,11
826,1,0,0.0,0.44,11,0.44,0,11
827,2,1,21.059343,0.48,12,0.48,0,11
828,1,0,0.0,0.48,12,0.48,0,11
829,0,-1,-0.0,0.48,12,0.48,0,11
830,2,1,1.0978986,0.6,15,0.6,0,11
831,1,0,0.0,0.6,15,0.6,0,11
832,0,-1,-14.187295,0.6,15,0.6,0,11
833,1,0,0.0,0.6,15,0.6,0,11
834,1,0,0.0,0.6,15,0.6,0,11
835,1,0,0.0,0.6,15,0.6,0,11
836,0,-1,5.960464,0.56,14,0.56,0,11
837,0,-1,-23.506824,0.6,15,0.6,0,11
838,0,-1,5.373467,0.56,14,0.56,0,11
839,1,0,0.0,0.56,14,0.56,0,11
840,0,-1,3.163115,0.52,13,0.52,0,11
841,1,0,0.0,0.52,13,0.52,0,11
842,0,-1,-2.9042892,0.48,12,0.48,0,11
843,0,-1,-1.2258873,0.44,11,0.44,0,11
844,0,-1,-1.7092296,0.4,10,0.4,0,11
845,0,-1,-3.476946,0.36,9,0.36,0,11
846,2,1,22.141424,0.4,10,0.4,0,11
847,0,-1,-7.40583,0.36,9,0.36,0,11
848,2,1,13.22996,0.44,11,0.44,1,11
849,2,1,15.550792,0.48,12,0.48,0,11
850,0,-1,-0.0,0.48,12,0.48,0,11
851,1,0,0.0,0.48,12,0.48,0,11
852,1,0,0.0,0.48,12,0.48,0,11
853,0,-1,-0.38349995,0.44,11,0.44,0,11
854,1,0,0.0,0.44,11,0.44,0,11
855,0,-1,-21.458782,0.48,12,0.48,0,11
856,0,-1,-2.9580538,0.44,11,0.44,0,11
857,0,-1,-2.1359005,0.4,10,0.4,0,11
858,1,0,0.0,0.4,10,0.4,0,11
859,2,1,10.226018,0.52,13,0.52,0,11
860,1,0,0.0,0.52,13,0.52,0,11
861,0,-1,-1.4905777,0.48,12,0.48,0,11
862,1,0,0.0,0.48,12,0.48,0,11
863,0,-1,-4.6543026,0.44,11,0.44,0,11
864,0,-1,-2.916153,0.4,10,0.4,1,11
865,0,-1,-5.5635896,0.36,9,0.36,0,11
866,1,0,0.0,0.36,9,0.36,0,11
867,2,1,25.11825,0.4,10,0.4,0,11
868,2,1,18.078058,0.48,12,0.48,0,11
869,0,-1,-3.6005354,0.44,11,0.44,0,11
870,1,0,0.0,0.44,11,0.44,0,11
871,0,-1,-5.6927156,0.4,10,0.4,0,11
872,1,0,0.0,0.4,10,0.4,0,11
873,0,-1,-0.0,0.4,10,0.4,0,11
874,2,1,24.427061,0.44,11,0.44,0,11
875,1,0,0.0,0.44,11,0.44,0,11
876,1,0,0.0,0.44,11,0.44,1,11
877,2,1,15.526535,0.48,12,0.48,0,11
878,2,1,12.788229,0.52,13,0.52,0,11
879,2,1,-7.8415494,0.64,16,0.64,0,11
880,2,1,10.663475,0.68,17,0.68,0,11
881,0,-1,-0.0,0.68,17,0.68,1,11
882,1,0,0.0,0.68,17,0.68,0,11
883,0,-1,-36.530777,0.72,18,0.72,0,11
884,2,1,-2.2874453,0.76,19,0.76,0,11
885,0,-1,34.522987,0.72,18,0.72,0,11
886,1,0,0.0,0.72,18,0.72,1,11
887,0,-1,20.120312,0.68,17,0.68,0,11
888,2,1,-28.025404,0.76,19,0.76,0,11
889,1,0,0.0,0.76,19,0.76,0,11
890,2,1,-82.15055,0.84,21,0.84,0,11
891,2,1,-82.8619,0.88,22,0.88,0,11
892,0,-1,-10.716994,0.88,22,0.88,0,11
893,1,0,0.0,0.88,22,0.88,0,11
894,0,-1,-1.2638095e-05,0.88,22,0.88,0,11
895,0,-1,-0.0,0.88,22,0.88,0,11
896,0,-1,145.88795,0.84,21,0.84,0,11
897,0,-1,83.36046,0.8,20,0.8,0,11
898,0,-1,-3.3157216e-05,0.8,20,0.8,0,11
899,1,0,0.0,0.8,20,0.8,0,11
900,2,1,-140.5131,0.88,22,0.88,0,11
901,2,1,-812.8152,0.96,24,0.96,0,11
902,2,1,19.248667,1.0,25,1.0,0,11
903,2,1,-1000.0,0.0,0,0.0,0,11
904,0,-1,-0.0,0.16,4,0.16,0,12
905,2,1,28.364332,0.2,5,0.2,0,12
906,0,-1,-0.0,0.2,5,0.2,0,12
907,2,1,-4.278687,0.24,6,0.24,0,12
908,1,0,0.0,0.24,6,0.24,0,12
909,2,1,-4.515744,0.28,7,0.28,0,12
910,2,1,-4.847804,0.32,8,0.32,0,12
911,1,0,0.0,0.32,8,0.32,0,12
912,2,1,21.377821,0.4,10,0.4,0,12
913,1,0,0.0,0.4,10,0.4,0,12
914,0,-1,-0.07821054,0.4,10,0.4,0,12
915,0,-1,-0.08387065,0.4,10,0.4,0,12
916,1,0,0.0,0.4,10,0.4,1,12
917,1,0,0.0,0.4,10,0.4,0,12
918,0,-1,-15.652313,0.4,10,0.4,0,12
919,2,1,21.833513,0.44,11,0.44,0,12
920,1,0,0.0,0.44,11,0.44,0,12
921,1,0,0.0,0.44,11,0.44,0,12
922,1,0,0.0,0.44,11,0.44,0,12
923,0,-1,9.781145,0.4,10,0.4,0,12
924,2,1,24.681492,0.44,11,0.44,0,12
925,2,1,6.821872,0.52,13,0.52,0,12
926,1,0,0.0,0.52,13,0.52,0,12
927,2,1,21.353666,0.56,14,0.56,0,12
928,0,-1,-0.754817,0.52,13,0.52,0,12
929,1,0,0.0,0.52,13,0.52,0,12
930,1,0,0.0,0.52,13,0.52,0,12
931,2,1,9.735854,0.6,15,0.6,0,12
932,2,1,-14.286373,0.64,16,0.64,0,12
933,1,0,0.0,0.64,16,0.64,0,12
934,2,1,0.6445408,0.68,17,0.68,0,12
935,2,1,-22.675795,0.72,18,0.72,0,12
936,2,1,-13.385959,0.76,19,0.76,0,12
937,0,-1,-0.0,0.76,19,0.76,0,12
938,2,1,-21.702724,0.8,20,0.8,1,12
939,2,1,-34.428135,0.84,21,0.84,0,12
940,1,0,0.0,0.84,21,0.84,0,12
941,2,1,-295.4239,0.92,23,0.92,0,12
942,2,1,26.692297,1.0,25,1.0,0,12
943,2,1,-1000.0,0.0,0,0.0,0,12
944,2,1,-4.1407347,0.2,5,0.2,0,13
945,1,0,0.0,0.2,5,0.2,0,13
946,2,1,-4.278605,0.24,6,0.24,0,13
947,1,0,0.0,0.24,6,0.24,0,13
948,0,-1,6.418622,0.2,5,0.2,0,13
949,0,-1,-0.0,0.2,5,0.2,1,13
950,0,-1,-8.635872,0.16,4,0.16,0,13
951,1,0,0.0,0.16,4,0.16,0,13
952,0,-1,-0.0,0.16,4,0.16,0,13
953,1,0,0.0,0.16,4,0.16,0,13
954,2,1,28.313251,0.2,5,0.2,0,13
955,0,-1,-0.0,0.2,5,0.2,1,13
956,2,1,27.934004,0.24,6,0.24,0,13
957,1,0,0.0,0.24,6,0.24,0,13
958,1,0,0.0,0.24,6,0.24,0,13
959,0,-1,-9.687723,0.2,5,0.2,0,13
960,2,1,23.822672,0.28,7,0.28,0,13
961,1,0,0.0,0.28,7,0.28,0,13
962,2,1,21.34454,0.32,8,0.32,0,13
963,1,0,0.0,0.32,8,0.32,0,13
964,0,-1,-5.824299,0.28,7,0.28,0,13
965,1,0,0.0,0.28,7,0.28,0,13
966,1,0,0.0,0.28,7,0.28,0,13
967,0,-1,-0.04642073,0.28,7,0.28,0,13
968,0,-1,-0.063829735,0.28,7,0.28,0,13
969,1,0,0.0,0.28,7,0.28,0,13
970,0,-1,-8.984871,0.24,6,0.24,0,13
971,2,1,21.676092,0.28,7,0.28,0,13
972,2,1,23.912167,0.32,8,0.32,0,13
973,2,1,18.706583,0.36,9,0.36,0,13
974,2,1,18.98193,0.4,10,0.4,0,13
975,0,-1,-7.730248,0.36,9,0.36,1,13
976,2,1,12.912776,0.48,12,0.48,0,13
977,0,-1,-0.18051858,0.48,12,0.48,0,13
978,0,-1,-3.3340847,0.44,11,0.44,0,13
979,2,1,14.69681,0.52,13,0.52,0,13
980,0,-1,0.78101826,0.48,12,0.48,0,13
981,0,-1,-0.0,0.48,12,0.48,0,13
982,1,0,0.0,0.48,12,0.48,0,13
983,1,0,0.0,0.48,12,0.48,0,13
984,2,1,9.888196,0.56,14,0.56,0,13
985,1,0,0.0,0.56,14,0.56,0,13
986,0,-1,-0.0,0.56,14,0.56,0,13
987,2,1,12.14087,0.6,15,0.6,0,13
988,0,-1,-0.0,0.6,15,0.6,0,13
989,2,1,-24.100962,0.72,18,0.72,0,13
990,1,0,0.0,0.72,18,0.72,0,13
991,1,0,0.0,0.72,18,0.72,0,13
992,1,0,0.0,0.72,18,0.72,0,13
993,0,-1,20.775175,0.68,17,0.68,0,13
994,0,-1,-0.0,0.68,17,0.68,1,13
995,2,1,3.725075,0.72,18,0.72,0,13
996,1,0,0.0,0.72,18,0.72,0,13
997,0,-1,20.813293,0.68,17,0.68,0,13
998,2,1,-24.150856,0.76,19,0.76,0,13
999,2,1,-183.29036,0.88,22,0.88,0,13
1000,2,1,28.306353,1.0,25,1.0,0,13
1001,2,1,-1000.0,0.0,0,0.0,0,13
1002,0,-1,-0.0,0.16,4,0.16,0,14
1003,1,0,0.0,0.16,4,0.16,0,14
1004,2,1,-4.1407347,0.2,5,0.2,1,14
1005,2,1,28.049686,0.24,6,0.24,0,14
1006,2,1,27.93816,0.28,7,0.28,0,14
1007,2,1,19.69118,0.36,9,0.36,0,14
1008,2,1,18.76899,0.44,11,0.44,0,14
1009,2,1,19.03445,0.48,12,0.48,0,14
1010,0,-1,-2.5101447,0.44,11,0.44,0,14
1011,1,0,0.0,0.44,11,0.44,0,14
1012,1,0,0.0,0.44,11,0.44,0,14
1013,1,0,0.0,0.44,11,0.44,0,14
1014,2,1,11.400415,0.52,13,0.52,0,14
1015,1,0,0.0,0.52,13,0.52,1,14
1016,2,1,3.239388,0.6,15,0.6,0,14
1017,0,-1,-28.665174,0.64,16,0.64,0,14
1018,1,0,0.0,0.64,16,0.64,0,14
1019,1,0,0.0,0.64,16,0.64,0,14
1020,2,1,10.035194,0.68,17,0.68,0,14
1021,2,1,0.63893527,0.72,18,0.72,0,14
1022,1,0,0.0,0.72,18,0.72,0,14
1023,0,-1,22.356363,0.68,17,0.68,0,14
1024,2,1,5.8725686,0.72,18,0.72,0,14
1025,1,0,0.0,0.72,18,0.72,0,14
1026,1,0,0.0,0.72,18,0.72,0,14
1027,2,1,-44.683765,0.8,20,0.8,0,14
1028,1,0,0.0,0.8,20,0.8,0,14
1029,2,1,-38.73652,0.84,21,0.84,0,14
1030,0,-1,82.17244,0.8,20,0.8,0,14
1031,0,-1,-0.0015941666,0.8,20,0.8,0,14
1032,2,1,-40.161613,0.84,21,0.84,1,14
1033,2,1,-291.05554,0.92,23,0.92,0,14
1034,1,0,0.0,0.92,23,0.92,0,14
1035,2,1,25.572233,1.0,25,1.0,0,14
1036,0,-1,-1000.0,0.0,0,0.0,0,14
1037,1,0,0.0,0.16,4,0.16,0,15
1038,2,1,-4.1406527,0.2,5,0.2,0,15
1039,1,0,0.0,0.2,5,0.2,0,15
1040,0,-1,6.2116523,0.16,4,0.16,1,15
1041,0,-1,-0.0,0.16,4,0.16,0,15
1042,0,-1,-0.0,0.16,4,0.16,0,15
1043,2,1,28.262749,0.2,5,0.2,0,15
1044,1,0,0.0,0.2,5,0.2,0,15
1045,2,1,27.992828,0.24,6,0.24,1,15
1046,2,1,22.207676,0.28,7,0.28,0,15
1047,2,1,19.526075,0.32,8,0.32,0,15
1048,0,-1,-9.251488,0.28,7,0.28,0,15
1049,1,0,0.0,0.28,7,0.28,0,15
1050,1,0,0.0,0.28,7,0.28,0,15
1051,1,0,0.0,0.28,7,0.28,0,15
1052,2,1,15.24461,0.36,9,0.36,0,15
1053,0,-1,-0.00017139564,0.36,9,0.36,0,15
1054,0,-1,-0.00012460901,0.36,9,0.36,0,15
1055,1,0,0.0,0.36,9,0.36,0,15
1056,2,1,22.64788,0.4,10,0.4,0,15
1057,0,-1,-0.00014694248,0.4,10,0.4,0,15
1058,0,-1,-2.2454214,0.36,9,0.36,0,15
1059,0,-1,-0.0,0.36,9,0.36,0,15
1060,1,0,0.0,0.36,9,0.36,1,15
1061,2,1,16.498566,0.4,10,0.4,0,15
1062,0,-1,-2.419655,0.36,9,0.36,0,15
1063,2,1,24.195402,0.4,10,0.4,0,15
1064,2,1,26.001083,0.44,11,0.44,1,15
1065,1,0,0.0,0.44,11,0.44,0,15
1066,2,1,20.120258,0.48,12,0.48,0,15
1067,2,1,13.503581,0.52,13,0.52,0,15
1068,0,-1,-3.713753,0.48,12,0.48,0,15
1069,1,0,0.0,0.48,12,0.48,0,15
1070,0,-1,-0.0,0.48,12,0.48,0,15
1071,0,-1,-3.234476,0.44,11,0.44,0,15
1072,1,0,0.0,0.44,11,0.44,0,15
1073,0,-1,-14.884711,0.44,11,0.44,1,15
1074,2,1,12.887657,0.52,13,0.52,0,15
1075,2,1,-3.1664305,0.64,16,0.64,0,15
1076,1,0,0.0,0.64,16,0.64,0,15
1077,0,-1,7.698565,0.6,15,0.6,0,15
1078,0,-1,-0.15649647,0.6,15,0.6,0,15
1079,1,0,0.0,0.6,15,0.6,0,15
1080,1,0,0.0,0.6,15,0.6,0,15
1081,1,0,0.0,0.6,15,0.6,0,15
1082,1,0,0.0,0.6,15,0.6,0,15
1083,1,0,0.0,0.6,15,0.6,0,15
1084,2,1,-4.307274,0.68,17,0.68,0,15
1085,0,-1,11.407328,0.64,16,0.64,0,15
1086,0,-1,10.34696,0.6,15,0.6,0,15
1087,0,-1,-29.412846,0.64,16,0.64,0,15
1088,2,1,13.216531,0.68,17,0.68,0,15
1089,1,0,0.0,0.68,17,0.68,0,15
1090,1,0,0.0,0.68,17,0.68,0,15
1091,0,-1,15.2743225,0.64,16,0.64,0,15
1092,0,-1,6.3034735,0.6,15,0.6,1,15
1093,2,1,7.8099875,0.64,16,0.64,0,15
1094,0,-1,-12.548204,0.64,16,0.64,0,15
1095,1,0,0.0,0.64,16,0.64,0,15
1096,2,1,6.9128695,0.68,17,0.68,0,15
1097,2,1,-231.73244,0.88,22,0.88,0,15
1098,1,0,0.0,0.88,22,0.88,0,15
1099,1,0,0.0,0.88,22,0.88,0,15
1100,0,-1,141.04634,0.84,21,0.84,0,15
1101,0,-1,81.88187,0.8,20,0.8,0,15
1102,0,-1,51.71263,0.76,19,0.76,0,15
1103,2,1,-73.563034,0.84,21,0.84,0,15
1104,2,1,-284.15616,0.92,23,0.92,0,15
1105,2,1,24.492287,1.0,25,1.0,0,15
1106,0,-1,-1000.0,0.0,0,0.0,0,15
1107,1,0,0.0,0.16,4,0.16,0,16
1108,1,0,0.0,0.16,4,0.16,0,16
1109,0,-1,-0.0,0.16,4,0.16,0,16
1110,1,0,0.0,0.16,4,0.16,0,16
1111,1,0,0.0,0.16,4,0.16,0,16
1112,0,-1,-0.0,0.16,4,0.16,0,16
1113,0,-1,-0.0,0.16,4,0.16,0,16
1114,1,0,0.0,0.16,4,0.16,0,16
1115,0,-1,-0.0,0.16,4,0.16,0,16
1116,1,0,0.0,0.16,4,0.16,0,16
1117,1,0,0.0,0.16,4,0.16,0,16
1118,0,-1,-0.0,0.16,4,0.16,0,16
1119,2,1,-4.1406527,0.2,5,0.2,0,16
1120,2,1,28.208652,0.24,6,0.24,0,16
1121,1,0,0.0,0.24,6,0.24,0,16
1122,1,0,0.0,0.24,6,0.24,0,16
1123,1,0,0.0,0.24,6,0.24,0,16
1124,2,1,-4.515826,0.28,7,0.28,0,16
1125,1,0,0.0,0.28,7,0.28,0,16
1126,2,1,22.377203,0.36,9,0.36,0,16
1127,1,0,0.0,0.36,9,0.36,0,16
1128,2,1,-5.8295894,0.4,10,0.4,0,16
1129,1,0,0.0,0.4,10,0.4,0,16
1130,2,1,-13.912674,0.48,12,0.48,0,16
1131,0,-1,-5.1561217,0.44,11,0.44,0,16
1132,2,1,-15.890203,0.52,13,0.52,0,16
1133,1,0,0.0,0.52,13,0.52,0,16
1134,1,0,0.0,0.52,13,0.52,1,16
1135,1,0,0.0,0.52,13,0.52,0,16
1136,2,1,-9.92201,0.56,14,0.56,0,16
1137,0,-1,6.465864,0.52,13,0.52,0,16
1138,2,1,11.028973,0.6,15,0.6,0,16
1139,0,-1,7.4767046,0.56,14,0.56,0,16
1140,2,1,-43.809216,0.68,17,0.68,0,16
1141,2,1,-22.675829,0.72,18,0.72,0,16
1142,1,0,0.0,0.72,18,0.72,0,16
1143,1,0,0.0,0.72,18,0.72,0,16
1144,0,-1,18.3672,0.68,17,0.68,0,16
1145,0,-1,-22.675835,0.72,18,0.72,0,16
1146,2,1,-72.08391,0.8,20,0.8,0,16
1147,0,-1,-0.11096272,0.8,20,0.8,0,16
1148,1,0,0.0,0.8,20,0.8,0,16
1149,0,-1,62.97901,0.76,19,0.76,0,16
1150,1,0,0.0,0.76,19,0.76,0,16
1151,2,1,-41.986008,0.8,20,0.8,0,16
1152,0,-1,62.97901,0.76,19,0.76,0,16
1153,0,-1,45.146862,0.72,18,0.72,0,16
1154,2,1,-2.0821266,0.76,19,0.76,0,16
1155,1,0,0.0,0.76,19,0.76,0,16
1156,1,0,0.0,0.76,19,0.76,0,16
1157,2,1,-10.692919,0.8,20,0.8,0,16
1158,2,1,-62.804184,0.84,21,0.84,0,16
1159,0,-1,94.206276,0.8,20,0.8,1,16
1160,1,0,0.0,0.8,20,0.8,0,16
1161,2,1,-38.21523,0.84,21,0.84,0,16
1162,0,-1,84.933334,0.8,20,0.8,0,16
1163,2,1,-972.80963,0.96,24,0.96,0,16
1164,2,1,-1000.0,0.0,0,0.0,0,16
1165,1,0,0.0,0.16,4,0.16,0,17
1166,2,1,28.364332,0.2,5,0.2,0,17
1167,2,1,23.955872,0.28,7,0.28,0,17
1168,0,-1,-8.870104,0.24,6,0.24,0,17
1169,2,1,26.767761,0.28,7,0.28,0,17
1170,0,-1,-0.15495421,0.28,7,0.28,0,17
1171,1,0,0.0,0.28,7,0.28,0,17
1172,0,-1,-0.0,0.28,7,0.28,0,17
1173,0,-1,-0.12536351,0.28,7,0.28,0,17
1174,0,-1,-0.11411591,0.28,7,0.28,0,17
1175,0,-1,-8.867463,0.24,6,0.24,0,17
1176,1,0,0.0,0.24,6,0.24,1,17
1177,0,-1,-0.0,0.24,6,0.24,0,17
1178,2,1,26.684753,0.28,7,0.28,0,17
1179,1,0,0.0,0.28,7,0.28,0,17
1180,2,1,21.796144,0.32,8,0.32,0,17
1181,2,1,19.200813,0.36,9,0.36,1,17
1182,2,1,17.798117,0.4,10,0.4,0,17
1183,2,1,21.835093,0.44,11,0.44,0,17
1184,0,-1,-0.0,0.44,11,0.44,0,17
1185,0,-1,-1.0768199e-05,0.44,11,0.44,0,17
1186,1,0,0.0,0.44,11,0.44,1,17
1187,2,1,15.751248,0.52,13,0.52,0,17
1188,2,1,18.185104,0.56,14,0.56,0,17
1189,1,0,0.0,0.56,14,0.56,0,17
1190,2,1,0.9928811,0.64,16,0.64,0,17
1191,1,0,0.0,0.64,16,0.64,0,17
1192,2,1,3.5740047,0.68,17,0.68,0,17
1193,1,0,0.0,0.68,17,0.68,0,17
1194,0,-1,11.191132,0.64,16,0.64,0,17
1195,0,-1,7.376231,0.6,15,0.6,0,17
1196,1,0,0.0,0.6,15,0.6,1,17
1197,1,0,0.0,0.6,15,0.6,0,17
1198,0,-1,7.028435,0.56,14,0.56,0,17
1199,2,1,3.3884363,0.64,16,0.64,1,17
1200,2,1,8.592403,0.68,17,0.68,0,17
1201,0,-1,-11.619514,0.68,17,0.68,0,17
1202,1,0,0.0,0.68,17,0.68,0,17
1203,1,0,0.0,0.68,17,0.68,0,17
1204,0,-1,11.112085,0.64,16,0.64,0,17
1205,1,0,0.0,0.64,16,0.64,0,17
1206,2,1,4.88526,0.68,17,0.68,0,17
1207,0,-1,13.439738,0.64,16,0.64,0,17
1208,0,-1,-0.0,0.64,16,0.64,0,17
1209,1,0,0.0,0.64,16,0.64,0,17
1210,2,1,-13.581715,0.72,18,0.72,0,17
1211,1,0,0.0,0.72,18,0.72,0,17
1212,1,0,0.0,0.72,18,0.72,0,17
1213,0,-1,-0.0,0.72,18,0.72,0,17
1214,0,-1,19.357628,0.68,17,0.68,0,17
1215,0,-1,-0.0,0.68,17,0.68,0,17
1216,2,1,4.755279,0.72,18,0.72,0,17
1217,1,0,0.0,0.72,18,0.72,0,17
1218,0,-1,20.298191,0.68,17,0.68,0,17
1219,1,0,0.0,0.68,17,0.68,0,17
1220,0,-1,-12.24716,0.68,17,0.68,0,17
1221,0,-1,12.215071,0.64,16,0.64,0,17
1222,1,0,0.0,0.64,16,0.64,0,17
1223,2,1,-17.454046,0.72,18,0.72,1,17
1224,1,0,0.0,0.72,18,0.72,0,17
1225,1,0,0.0,0.72,18,0.72,0,17
1226,1,0,0.0,0.72,18,0.72,0,17
1227,1,0,0.0,0.72,18,0.72,0,17
1228,2,1,-10.040638,0.76,19,0.76,0,17
1229,1,0,0.0,0.76,19,0.76,1,17
1230,2,1,-75.844,0.84,21,0.84,0,17
1231,0,-1,82.87432,0.8,20,0.8,0,17
1232,2,1,-353.0771,0.92,23,0.92,0,17
1233,2,1,-595.94183,0.96,24,0.96,1,17
1234,2,1,18.784758,1.0,25,1.0,0,17
1235,0,-1,-1000.0,0.0,0,0.0,0,17
1236,2,1,-4.1406527,0.2,5,0.2,0,18
1237,2,1,28.208652,0.24,6,0.24,0,18
1238,1,0,0.0,0.24,6,0.24,0,18
1239,2,1,18.8927,0.32,8,0.32,0,18
1240,2,1,21.395546,0.4,10,0.4,0,18
1241,1,0,0.0,0.4,10,0.4,0,18
1242,0,-1,-0.13717945,0.4,10,0.4,0,18
1243,2,1,-6.520784,0.44,11,0.44,0,18
1244,1,0,0.0,0.44,11,0.44,0,18
1245,2,1,12.152752,0.52,13,0.52,0,18
1246,2,1,-21.708923,0.6,15,0.6,0,18
1247,0,-1,-0.0,0.6,15,0.6,0,18
1248,0,-1,-0.0019699796,0.6,15,0.6,0,18
1249,1,0,0.0,0.6,15,0.6,0,18
1250,0,-1,-0.0019482919,0.6,15,0.6,0,18
1251,1,0,0.0,0.6,15,0.6,0,18
1252,2,1,-28.089247,0.72,18,0.72,0,18
1253,2,1,1.1915543,0.76,19,0.76,0,18
1254,0,-1,31.018316,0.72,18,0.72,0,18
1255,1,0,0.0,0.72,18,0.72,0,18
1256,0,-1,34.01345,0.68,17,0.68,0,18
1257,1,0,0.0,0.68,17,0.68,0,18
1258,0,-1,-22.676895,0.72,18,0.72,0,18
1259,2,1,-1.8408189,0.76,19,0.76,0,18
1260,0,-1,29.50213,0.72,18,0.72,0,18
1261,0,-1,-0.0,0.72,18,0.72,0,18
1262,1,0,0.0,0.72,18,0.72,0,18
1263,1,0,0.0,0.72,18,0.72,1,18
1264,1,0,0.0,0.72,18,0.72,0,18
1265,2,1,-30.097906,0.76,19,0.76,1,18
1266,2,1,-91.28584,0.84,21,0.84,0,18
1267,1,0,0.0,0.84,21,0.84,0,18
1268,1,0,0.0,0.84,21,0.84,0,18
1269,1,0,0.0,0.84,21,0.84,0,18
1270,0,-1,-10.225754,0.84,21,0.84,0,18
1271,0,-1,-0.0,0.84,21,0.84,0,18
1272,0,-1,-0.035420366,0.84,21,0.84,0,18
1273,1,0,0.0,0.84,21,0.84,0,18
1274,0,-1,-0.0,0.84,21,0.84,0,18
1275,2,1,-293.06912,0.92,23,0.92,0,18
1276,2,1,-1000.0,0.0,0,0.0,0,18
1277,2,1,28.364332,0.2,5,0.2,0,19
1278,1,0,0.0,0.2,5,0.2,0,19
1279,1,0,0.0,0.2,5,0.2,0,19
1280,2,1,19.247265,0.28,7,0.28,0,19
1281,0,-1,-0.0,0.28,7,0.28,0,19
1282,0,-1,-0.0,0.28,7,0.28,0,19
1283,2,1,-4.8479395,0.32,8,0.32,0,19
1284,0,-1,-0.0,0.32,8,0.32,0,19
1285,2,1,27.207449,0.36,9,0.36,0,19
1286,2,1,-19.741575,0.48,12,0.48,0,19
1287,1,0,0.0,0.48,12,0.48,0,19
1288,0,-1,-5.1561217,0.44,11,0.44,0,19
1289,2,1,-7.391858,0.48,12,0.48,0,19
1290,2,1,-18.42032,0.56,14,0.56,0,19
1291,0,-1,-0.0,0.56,14,0.56,0,19
1292,1,0,0.0,0.56,14,0.56,0,19
1293,1,0,0.0,0.56,14,0.56,0,19
1294,1,0,0.0,0.56,14,0.56,0,19
1295,2,1,-11.786915,0.6,15,0.6,0,19
1296,0,-1,17.680079,0.56,14,0.56,0,19
1297,0,-1,14.883024,0.52,13,0.52,1,19
1298,1,0,0.0,0.52,13,0.52,0,19
1299,1,0,0.0,0.52,13,0.52,0,19
1300,1,0,0.0,0.52,13,0.52,0,19
1301,2,1,16.635065,0.56,14,0.56,0,19
1302,0,-1,14.883022,0.52,13,0.52,0,19
1303,1,0,0.0,0.52,13,0.52,0,19
1304,2,1,-19.286718,0.64,16,0.64,0,19
1305,2,1,-58.64832,0.76,19,0.76,0,19
1306,1,0,0.0,0.76,19,0.76,0,19
1307,2,1,-81.54138,0.84,21,0.84,0,19
1308,2,1,-91.89253,0.88,22,0.88,0,19
1309,1,0,0.0,0.88,22,0.88,0,19
1310,0,-1,-0.0,0.88,22,0.88,0,19
1311,1,0,0.0,0.88,22,0.88,0,19
1312,2,1,-191.37271,0.92,23,0.92,0,19
1313,0,-1,-0.00078640465,0.92,23,0.92,0,19
1314,0,-1,312.91614,0.88,22,0.88,0,19
1315,2,1,-183.40807,0.92,23,0.92,0,19
1316,2,1,-625.2654,0.96,24,0.96,0,19
1317,1,0,0.0,0.96,24,0.96,1,19
1318,1,0,0.0,0.96,24,0.96,0,19
1319,0,-1,925.30524,0.92,23,0.92,0,19
1320,2,1,-1000.0,0.0,0,0.0,0,19
1321,2,1,28.364332,0.2,5,0.2,0,20
1322,1,0,0.0,0.2,5,0.2,0,20
1323,2,1,-4.278605,0.24,6,0.24,0,20
1324,0,-1,-0.0,0.24,6,0.24,0,20
1325,0,-1,6.418581,0.2,5,0.2,0,20
1326,1,0,0.0,0.2,5,0.2,0,20
1327,2,1,19.247265,0.28,7,0.28,0,20
1328,1,0,0.0,0.28,7,0.28,0,20
1329,1,0,0.0,0.28,7,0.28,0,20
1330,1,0,0.0,0.28,7,0.28,0,20
1331,1,0,0.0,0.28,7,0.28,0,20
1332,0,-1,-0.0,0.28,7,0.28,0,20
1333,2,1,16.480597,0.36,9,0.36,0,20
1334,0,-1,-0.0,0.36,9,0.36,0,20
1335,0,-1,-0.0,0.36,9,0.36,0,20
1336,2,1,12.9134035,0.44,11,0.44,0,20
1337,2,1,16.86136,0.52,13,0.52,0,20
1338,1,0,0.0,0.52,13,0.52,0,20
1339,1,0,0.0,0.52,13,0.52,0,20
1340,0,-1,-0.0,0.52,13,0.52,1,20
1341,0,-1,-2.9036407,0.48,12,0.48,0,20
1342,1,0,0.0,0.48,12,0.48,0,20
1343,0,-1,-1.5239602,0.44,11,0.44,0,20
1344,2,1,15.410961,0.52,13,0.52,0,20
1345,1,0,0.0,0.52,13,0.52,0,20
1346,0,-1,-0.0,0.52,13,0.52,0,20
1347,2,1,21.34877,0.56,14,0.56,0,20
1348,0,-1,-0.070906095,0.56,14,0.56,0,20
1349,2,1,17.861874,0.6,15,0.6,0,20
1350,2,1,10.937081,0.64,16,0.64,0,20
1351,2,1,-7.903293,0.68,17,0.68,0,20
1352,2,1,6.963628,0.72,18,0.72,0,20
1353,1,0,0.0,0.72,18,0.72,0,20
1354,2,1,-2.341039,0.76,19,0.76,0,20
1355,2,1,-180.72299,0.88,22,0.88,0,20
1356,1,0,0.0,0.88,22,0.88,0,20
1357,1,0,0.0,0.88,22,0.88,0,20
1358,1,0,0.0,0.88,22,0.88,0,20
1359,2,1,-180.84998,0.92,23,0.92,0,20
1360,0,-1,308.00012,0.88,22,0.88,1,20
1361,1,0,0.0,0.88,22,0.88,0,20
1362,1,0,0.0,0.88,22,0.88,0,20
1363,0,-1,144.44878,0.84,21,0.84,0,20
1364,0,-1,89.542336,0.8,20,0.8,0,20
1365,1,0,0.0,0.8,20,0.8,0,20
1366,2,1,-39.06672,0.84,21,0.84,0,20
1367,2,1,-80.91362,0.88,22,0.88,0,20
1368,0,-1,-0.0,0.88,22,0.88,0,20
1369,0,-1,144.81677,0.84,21,0.84,0,20
1370,2,1,-917.8393,0.96,24,0.96,1,20
1371,0,-1,-9.108922,1.0,25,1.0,0,20
1372,1,0,-1000.0,0.0,0,0.0,0,20
1373,2,1,-4.1407347,0.2,5,0.2,0,21
1374,1,0,0.0,0.2,5,0.2,0,21
1375,1,0,0.0,0.2,5,0.2,0,21
1376,1,0,0.0,0.2,5,0.2,0,21
1377,0,-1,6.2116933,0.16,4,0.16,0,21
1378,1,0,0.0,0.16,4,0.16,0,21
1379,1,0,0.0,0.16,4,0.16,0,21
1380,0,-1,-0.0,0.16,4,0.16,0,21
1381,2,1,28.346605,0.2,5,0.2,0,21
1382,1,0,0.0,0.2,5,0.2,0,21
1383,2,1,19.461393,0.28,7,0.28,0,21
1384,0,-1,-0.0,0.28,7,0.28,0,21
1385,2,1,-4.8479323,0.32,8,0.32,0,21
1386,1,0,0.0,0.32,8,0.32,0,21
1387,1,0,0.0,0.32,8,0.32,0,21
1388,2,1,-17.630081,0.44,11,0.44,0,21
1389,0,-1,-4.347322,0.4,10,0.4,0,21
1390,2,1,-6.520809,0.44,11,0.44,0,21
1391,0,-1,-7.3919115,0.48,12,0.48,0,21
1392,0,-1,-0.07700937,0.48,12,0.48,0,21
1393,2,1,14.085329,0.56,14,0.56,0,21
1394,0,-1,14.883009,0.52,13,0.52,0,21
1395,2,1,-9.922016,0.56,14,0.56,0,21
1396,2,1,-15.766422,0.68,17,0.68,0,21
1397,1,0,0.0,0.68,17,0.68,0,21
1398,1,0,0.0,0.68,17,0.68,0,21
1399,0,-1,26.603909,0.64,16,0.64,1,21
1400,1,0,0.0,0.64,16,0.64,0,21
1401,1,0,0.0,0.64,16,0.64,0,21
1402,0,-1,-0.0,0.64,16,0.64,0,21
1403,0,-1,-12.929529,0.64,16,0.64,0,21
1404,2,1,0.7100475,0.68,17,0.68,0,21
1405,0,-1,17.380917,0.64,16,0.64,0,21
1406,2,1,-13.769173,0.72,18,0.72,0,21
1407,2,1,-112.456856,0.84,21,0.84,0,21
1408,1,0,0.0,0.84,21,0.84,0,21
1409,1,0,0.0,0.84,21,0.84,0,21
1410,0,-1,-6.2078914e-07,0.84,21,0.84,0,21
1411,1,0,0.0,0.84,21,0.84,0,21
1412,2,1,-73.1891,0.88,22,0.88,0,21
1413,0,-1,-0.0,0.88,22,0.88,0,21
1414,2,1,-180.11905,0.92,23,0.92,0,21
1415,1,0,0.0,0.92,23,0.92,0,21
1416,0,-1,-7.2099874e-07,0.92,23,0.92,0,21
1417,1,0,0.0,0.92,23,0.92,1,21
1418,2,1,28.35257,1.0,25,1.0,0,21
1419,0,-1,-1000.0,0.0,0,0.0,0,21
1420,2,1,28.364332,0.2,5,0.2,0,22
1421,1,0,0.0,0.2,5,0.2,0,22
1422,2,1,23.955872,0.28,7,0.28,0,22
1423,2,1,18.128635,0.36,9,0.36,0,22
1424,2,1,14.210863,0.44,11,0.44,1,22
1425,2,1,5.450261,0.56,14,0.56,0,22
1426,2,1,-7.1817136,0.64,16,0.64,0,22
1427,2,1,11.796289,0.68,17,0.68,0,22
1428,1,0,0.0,0.68,17,0.68,0,22
1429,2,1,-5.171114,0.72,18,0.72,0,22
1430,1,0,0.0,0.72,18,0.72,1,22
1431,2,1,-18.930325,0.76,19,0.76,0,22
1432,0,-1,-0.0,0.76,19,0.76,0,22
1433,0,-1,-0.0,0.76,19,0.76,0,22
1434,2,1,-17.299915,0.8,20,0.8,0,22
1435,1,0,0.0,0.8,20,0.8,1,22
1436,1,0,0.0,0.8,20,0.8,0,22
1437,0,-1,47.8541,0.76,19,0.76,0,22
1438,1,0,0.0,0.76,19,0.76,0,22
1439,2,1,-21.701727,0.8,20,0.8,0,22
1440,0,-1,-0.0,0.8,20,0.8,0,22
1441,2,1,-350.55716,0.92,23,0.92,0,22
1442,0,-1,302.5133,0.88,22,0.88,0,22
1443,0,-1,148.55229,0.84,21,0.84,0,22
1444,0,-1,-0.0,0.84,21,0.84,0,22
1445,2,1,-913.7436,0.96,24,0.96,0,22
1446,1,0,0.0,0.96,24,0.96,0,22
1447,1,0,0.0,0.96,24,0.96,1,22
1448,2,1,28.39513,1.0,25,1.0,0,22
1449,1,0,-1000.0,0.0,0,0.0,0,22
1450,1,0,0.0,0.16,4,0.16,0,23
1451,0,-1,-0.0,0.16,4,0.16,0,23
1452,0,-1,-0.0,0.16,4,0.16,0,23
1453,0,-1,-0.0,0.16,4,0.16,0,23
1454,1,0,0.0,0.16,4,0.16,0,23
1455,1,0,0.0,0.16,4,0.16,0,23
1456,0,-1,-0.0,0.16,4,0.16,0,23
1457,1,0,0.0,0.16,4,0.16,0,23
1458,2,1,-4.1407347,0.2,5,0.2,0,23
1459,0,-1,-0.0,0.2,5,0.2,0,23
1460,0,-1,-0.0,0.2,5,0.2,0,23
1461,1,0,0.0,0.2,5,0.2,0,23
1462,2,1,28.208652,0.24,6,0.24,0,23
1463,2,1,23.740671,0.28,7,0.28,0,23
1464,0,-1,-0.0,0.28,7,0.28,0,23
1465,1,0,0.0,0.28,7,0.28,0,23
1466,2,1,-4.8479323,0.32,8,0.32,0,23
1467,0,-1,-6.8565884,0.28,7,0.28,0,23
1468,2,1,23.409119,0.32,8,0.32,0,23
1469,1,0,0.0,0.32,8,0.32,0,23
1470,2,1,27.225174,0.36,9,0.36,0,23
1471,2,1,11.546919,0.48,12,0.48,0,23
1472,2,1,13.046564,0.56,14,0.56,0,23
1473,1,0,0.0,0.56,14,0.56,1,23
1474,2,1,12.096844,0.6,15,0.6,0,23
1475,0,-1,9.5922575,0.56,14,0.56,0,23
1476,2,1,2.658964,0.64,16,0.64,0,23
1477,2,1,-12.39709,0.72,18,0.72,0,23
1478,2,1,-10.578489,0.76,19,0.76,0,23
1479,0,-1,-0.0074324505,0.76,19,0.76,0,23
1480,2,1,-12.453779,0.8,20,0.8,0,23
1481,1,0,0.0,0.8,20,0.8,0,23
1482,0,-1,-0.0,0.8,20,0.8,0,23
1483,1,0,0.0,0.8,20,0.8,0,23
1484,0,-1,-0.0,0.8,20,0.8,0,23
1485,1,0,0.0,0.8,20,0.8,0,23
1486,2,1,-62.80402,0.84,21,0.84,0,23
1487,2,1,-284.2948,0.92,23,0.92,0,23
1488,2,1,14.992506,1.0,25,1.0,0,23
1489,2,1,-1000.0,0.0,0,0.0,0,23
1490,0,-1,-0.0,0.16,4,0.16,0,24
1491,0,-1,-0.0,0.16,4,0.16,0,24
1492,1,0,0.0,0.16,4,0.16,0,24
1493,1,0,0.0,0.16,4,0.16,0,24
1494,2,1,28.364332,0.2,5,0.2,0,24
1495,1,0,0.0,0.2,5,0.2,0,24
1496,0,-1,-10.04084,0.16,4,0.16,0,24
1497,1,0,0.0,0.16,4,0.16,0,24
1498,1,0,0.0,0.16,4,0.16,0,24
1499,0,-1,-0.0,0.16,4,0.16,0,24
1500,0,-1,-0.0,0.16,4,0.16,0,24
1501,0,-1,-0.0,0.16,4,0.16,0,24
1502,2,1,-4.1407347,0.2,5,0.2,0,24
1503,0,-1,6.2116933,0.16,4,0.16,0,24
1504,1,0,0.0,0.16,4,0.16,0,24
1505,1,0,0.0,0.16,4,0.16,1,24
1506,0,-1,-0.0,0.16,4,0.16,0,24
1507,2,1,28.130781,0.2,5,0.2,0,24
1508,2,1,28.124796,0.24,6,0.24,0,24
1509,2,1,21.571346,0.28,7,0.28,0,24
1510,0,-1,-9.361427,0.24,6,0.24,0,24
1511,0,-1,-9.78312,0.2,5,0.2,0,24
1512,1,0,0.0,0.2,5,0.2,0,24
1513,2,1,24.899467,0.24,6,0.24,0,24
1514,1,0,0.0,0.24,6,0.24,0,24
1515,2,1,23.049597,0.32,8,0.32,0,24
1516,2,1,15.852144,0.4,10,0.4,0,24
1517,1,0,0.0,0.4,10,0.4,0,24
1518,0,-1,-0.0,0.4,10,0.4,0,24
1519,0,-1,-3.3643744,0.36,9,0.36,0,24
1520,0,-1,-5.527187,0.32,8,0.32,0,24
1521,0,-1,-6.6254582,0.28,7,0.28,0,24
1522,2,1,22.143875,0.36,9,0.36,0,24
1523,2,1,24.066538,0.4,10,0.4,0,24
1524,1,0,0.0,0.4,10,0.4,0,24
1525,2,1,14.857442,0.48,12,0.48,0,24
1526,2,1,16.206438,0.52,13,0.52,0,24
1527,1,0,0.0,0.52,13,0.52,0,24
1528,0,-1,-0.06318312,0.52,13,0.52,0,24
1529,1,0,0.0,0.52,13,0.52,1,24
1530,0,-1,-0.0,0.52,13,0.52,0,24
1531,2,1,9.198259,0.6,15,0.6,0,24
1532,0,-1,3.9113424,0.56,14,0.56,0,24
1533,0,-1,-0.0,0.56,14,0.56,0,24
1534,0,-1,-0.0,0.56,14,0.56,0,24
1535,1,0,0.0,0.56,14,0.56,0,24
1536,2,1,15.08021,0.6,15,0.6,0,24
1537,0,-1,2.244291,0.56,14,0.56,0,24
1538,2,1,12.4226465,0.6,15,0.6,0,24
1539,2,1,7.2784543,0.64,16,0.64,0,24
1540,2,1,-12.492305,0.72,18,0.72,0,24
1541,1,0,0.0,0.72,18,0.72,0,24
1542,0,-1,-0.0,0.72,18,0.72,0,24
1543,0,-1,-0.0,0.72,18,0.72,0,24
1544,1,0,0.0,0.72,18,0.72,0,24
1545,1,0,0.0,0.72,18,0.72,0,24
1546,0,-1,-13.879618,0.72,18,0.72,0,24
1547,1,0,0.0,0.72,18,0.72,0,24
1548,1,0,0.0,0.72,18,0.72,0,24
1549,1,0,0.0,0.72,18,0.72,0,24
1550,2,1,-46.288002,0.8,20,0.8,0,24
1551,2,1,-142.7517,0.88,22,0.88,1,24
1552,0,-1,145.82689,0.84,21,0.84,0,24
1553,0,-1,80.932785,0.8,20,0.8,0,24
1554,0,-1,-0.0,0.8,20,0.8,0,24
1555,0,-1,-0.0,0.8,20,0.8,0,24
1556,2,1,-31.821577,0.84,21,0.84,0,24
1557,1,0,0.0,0.84,21,0.84,1,24
1558,2,1,-73.46974,0.88,22,0.88,1,24
1559,2,1,-185.32787,0.92,23,0.92,0,24
1560,1,0,0.0,0.92,23,0.92,0,24
1561,2,1,-1000.0,0.0,0,0.0,0,24
1562,0,-1,-0.0,0.16,4,0.16,0,25
1563,2,1,-4.1406527,0.2,5,0.2,0,25
1564,1,0,0.0,0.2,5,0.2,0,25
1565,1,0,0.0,0.2,5,0.2,1,25
1566,0,-1,-0.0,0.2,5,0.2,0,25
1567,1,0,0.0,0.2,5,0.2,0,25
1568,0,-1,-8.635872,0.16,4,0.16,0,25
1569,1,0,0.0,0.16,4,0.16,0,25
1570,0,-1,-0.0,0.16,4,0.16,0,25
1571,1,0,0.0,0.16,4,0.16,0,25
1572,2,1,28.18764,0.2,5,0.2,0,25
1573,2,1,19.813837,0.28,7,0.28,0,25
1574,2,1,16.703796,0.32,8,0.32,0,25
1575,1,0,0.0,0.32,8,0.32,0,25
1576,0,-1,-0.0,0.32,8,0.32,0,25
1577,2,1,27.174095,0.36,9,0.36,0,25
1578,2,1,25.269835,0.4,10,0.4,1,25
1579,2,1,18.736698,0.44,11,0.44,0,25
1580,1,0,0.0,0.44,11,0.44,0,25
1581,1,0,0.0,0.44,11,0.44,0,25
1582,0,-1,-6.2140856,0.4,10,0.4,0,25
1583,2,1,14.115944,0.44,11,0.44,0,25
1584,2,1,16.483557,0.48,12,0.48,0,25
1585,1,0,0.0,0.48,12,0.48,0,25
1586,0,-1,-0.0,0.48,12,0.48,0,25
1587,0,-1,-0.0,0.48,12,0.48,0,25
1588,0,-1,-0.0,0.48,12,0.48,0,25
1589,0,-1,-5.188528,0.44,11,0.44,0,25
1590,0,-1,-2.156504,0.4,10,0.4,0,25
1591,0,-1,-1.5739378,0.36,9,0.36,0,25
1592,2,1,9.481977,0.48,12,0.48,0,25
1593,1,0,0.0,0.48,12,0.48,0,25
1594,2,1,2.20942,0.6,15,0.6,0,25
1595,2,1,9.588925,0.64,16,0.64,0,25
1596,0,-1,-0.0,0.64,16,0.64,0,25
1597,2,1,1.621823,0.68,17,0.68,0,25
1598,1,0,0.0,0.68,17,0.68,0,25
1599,0,-1,-35.397755,0.72,18,0.72,0,25
1600,2,1,-5.3461585,0.76,19,0.76,0,25
1601,2,1,-18.159336,0.8,20,0.8,0,25
1602,1,0,0.0,0.8,20,0.8,1,25
1603,2,1,-31.761827,0.84,21,0.84,0,25
1604,1,0,0.0,0.84,21,0.84,0,25
1605,1,0,0.0,0.84,21,0.84,0,25
1606,1,0,0.0,0.84,21,0.84,0,25
1607,1,0,0.0,0.84,21,0.84,0,25
1608,1,0,0.0,0.84,21,0.84,0,25
1609,1,0,0.0,0.84,21,0.84,0,25
1610,0,-1,-0.0,0.84,21,0.84,0,25
1611,0,-1,-7.7243805,0.84,21,0.84,0,25
1612,1,0,0.0,0.84,21,0.84,0,25
1613,1,0,0.0,0.84,21,0.84,0,25
1614,2,1,-80.04159,0.88,22,0.88,0,25
1615,2,1,-178.7161,0.92,23,0.92,0,25
1616,0,-1,-6.290001e-07,0.92,23,0.92,0,25
1617,0,-1,297.96902,0.88,22,0.88,0,25
1618,0,-1,-15.37801,0.88,22,0.88,0,25
1619,1,0,0.0,0.88,22,0.88,0,25
1620,0,-1,-7.221212e-07,0.88,22,0.88,1,25
1621,0,-1,-0.0,0.88,22,0.88,0,25
1622,1,0,0.0,0.88,22,0.88,0,25
1623,0,-1,-0.0,0.88,22,0.88,0,25
1624,1,0,0.0,0.88,22,0.88,0,25
1625,1,0,0.0,0.88,22,0.88,0,25
1626,2,1,-814.8136,0.96,24,0.96,0,25
1627,0,-1,-0.0,0.96,24,0.96,0,25
1628,0,-1,925.2581,0.92,23,0.92,0,25
1629,1,0,0.0,0.92,23,0.92,0,25
1630,0,-1,-0.0,0.92,23,0.92,0,25
1631,0,-1,297.40277,0.88,22,0.88,0,25
1632,2,1,-810.5311,0.96,24,0.96,0,25
1633,1,0,0.0,0.96,24,0.96,0,25
1634,2,1,21.096941,1.0,25,1.0,0,25
1635,2,1,-1000.0,0.0,0,0.0,0,25
1636,1,0,0.0,0.16,4,0.16,0,26
1637,1,0,0.0,0.16,4,0.16,1,26
1638,0,-1,-0.0,0.16,4,0.16,0,26
1639,2,1,28.130781,0.2,5,0.2,0,26
1640,2,1,24.899467,0.24,6,0.24,0,26
1641,2,1,23.27061,0.32,8,0.32,1,26
1642,1,0,0.0,0.32,8,0.32,0,26
1643,0,-1,-16.032621,0.32,8,0.32,0,26
1644,0,-1,-0.0,0.32,8,0.32,0,26
1645,1,0,0.0,0.32,8,0.32,0,26
1646,0,-1,-7.6487083,0.28,7,0.28,0,26
1647,1,0,0.0,0.28,7,0.28,0,26
1648,1,0,0.0,0.28,7,0.28,0,26
1649,0,-1,-0.0,0.28,7,0.28,0,26
1650,2,1,25.684418,0.32,8,0.32,0,26
1651,1,0,0.0,0.32,8,0.32,0,26
1652,0,-1,-8.225942,0.28,7,0.28,0,26
1653,0,-1,-0.0,0.28,7,0.28,0,26
1654,1,0,0.0,0.28,7,0.28,0,26
1655,1,0,0.0,0.28,7,0.28,0,26
1656,0,-1,-0.0,0.28,7,0.28,0,26
1657,2,1,21.513287,0.32,8,0.32,0,26
1658,2,1,23.318937,0.36,9,0.36,0,26
1659,1,0,0.0,0.36,9,0.36,0,26
1660,2,1,18.226353,0.4,10,0.4,1,26
1661,2,1,16.787258,0.48,12,0.48,0,26
1662,0,-1,-3.2372856,0.44,11,0.44,0,26
1663,0,-1,-2.2730045,0.4,10,0.4,0,26
1664,0,-1,-4.7579174,0.36,9,0.36,0,26
1665,0,-1,-0.0,0.36,9,0.36,0,26
1666,0,-1,-14.563836,0.36,9,0.36,0,26
1667,2,1,16.588272,0.44,11,0.44,0,26
1668,2,1,13.279058,0.52,13,0.52,0,26
1669,1,0,0.0,0.52,13,0.52,0,26
1670,2,1,18.131514,0.56,14,0.56,0,26
1671,0,-1,-0.0,0.56,14,0.56,0,26
1672,0,-1,-0.0029653595,0.56,14,0.56,0,26
1673,1,0,0.0,0.56,14,0.56,0,26
1674,2,1,15.667335,0.6,15,0.6,0,26
1675,0,-1,3.9532487,0.56,14,0.56,0,26
1676,2,1,1.4513205,0.64,16,0.64,0,26
1677,0,-1,7.1738467,0.6,15,0.6,0,26
1678,1,0,0.0,0.6,15,0.6,0,26
1679,2,1,10.781462,0.64,16,0.64,0,26
1680,2,1,-14.403473,0.72,18,0.72,0,26
1681,2,1,-103.34365,0.84,21,0.84,0,26
1682,1,0,0.0,0.84,21,0.84,0,26
1683,2,1,-80.05425,0.88,22,0.88,0,26
1684,0,-1,-0.0005525329,0.88,22,0.88,0,26
1685,0,-1,-0.00063010113,0.88,22,0.88,0,26
1686,1,0,0.0,0.88,22,0.88,0,26
1687,2,1,-804.77,0.96,24,0.96,1,26
1688,2,1,27.157642,1.0,25,1.0,0,26
1689,2,1,-1000.0,0.0,0,0.0,0,26
1690,2,1,28.346605,0.2,5,0.2,0,27
1691,2,1,19.461393,0.28,7,0.28,0,27
1692,2,1,-4.8478045,0.32,8,0.32,0,27
1693,0,-1,7.271873,0.28,7,0.28,0,27
1694,2,1,16.807087,0.4,10,0.4,0,27
1695,0,-1,-0.13717945,0.4,10,0.4,0,27
1696,1,0,0.0,0.4,10,0.4,0,27
1697,0,-1,-0.11401043,0.4,10,0.4,0,27
1698,1,0,0.0,0.4,10,0.4,0,27
1699,2,1,4.24156,0.52,13,0.52,0,27
1700,0,-1,0.64074326,0.48,12,0.48,0,27
1701,1,0,0.0,0.48,12,0.48,0,27
1702,2,1,6.847449,0.56,14,0.56,0,27
1703,2,1,-26.073399,0.64,16,0.64,0,27
1704,2,1,-70.509,0.76,19,0.76,0,27
1705,0,-1,45.146526,0.72,18,0.72,0,27
1706,1,0,0.0,0.72,18,0.72,0,27
1707,0,-1,-30.098244,0.76,19,0.76,0,27
1708,0,-1,-0.0,0.76,19,0.76,0,27
1709,0,-1,32.14486,0.72,18,0.72,0,27
1710,2,1,-30.097902,0.76,19,0.76,0,27
1711,2,1,-15.982006,0.8,20,0.8,1,27
1712,1,0,0.0,0.8,20,0.8,0,27
1713,0,-1,-71.5703,0.84,21,0.84,1,27
1714,0,-1,-14.6500225,0.84,21,0.84,0,27
1715,0,-1,86.782,0.8,20,0.8,0,27
1716,1,0,0.0,0.8,20,0.8,0,27
1717,1,0,0.0,0.8,20,0.8,1,27
1718,2,1,-37.740982,0.84,21,0.84,0,27
1719,0,-1,-0.0,0.84,21,0.84,0,27
1720,2,1,-81.02253,0.88,22,0.88,0,27
1721,2,1,-191.73407,0.92,23,0.92,0,27
1722,2,1,20.832628,1.0,25,1.0,0,27
1723,1,0,-1000.0,0.0,0,0.0,0,27
1724,1,0,0.0,0.16,4,0.16,0,28
1725,2,1,28.346605,0.2,5,0.2,0,28
1726,2,1,-4.278605,0.24,6,0.24,0,28
1727,0,-1,6.418581,0.2,5,0.2,0,28
1728,2,1,-4.278687,0.24,6,0.24,0,28
1729,1,0,0.0,0.24,6,0.24,0,28
1730,1,0,0.0,0.24,6,0.24,0,28
1731,2,1,23.39962,0.32,8,0.32,0,28
1732,2,1,16.93285,0.4,10,0.4,0,28
1733,1,0,0.0,0.4,10,0.4,0,28
1734,0,-1,8.744145,0.36,9,0.36,0,28
1735,2,1,-5.829461,0.4,10,0.4,0,28
1736,2,1,-13.912674,0.48,12,0.48,0,28
1737,0,-1,-0.0,0.48,12,0.48,1,28
1738,2,1,22.769583,0.52,13,0.52,0,28
1739,1,0,0.0,0.52,13,0.52,0,28
1740,1,0,0.0,0.52,13,0.52,0,28
1741,1,0,0.0,0.52,13,0.52,0,28
1742,2,1,5.4036384,0.56,14,0.56,0,28
1743,1,0,0.0,0.56,14,0.56,0,28
1744,1,0,0.0,0.56,14,0.56,0,28
1745,0,-1,3.837557,0.52,13,0.52,0,28
1746,1,0,0.0,0.52,13,0.52,0,28
1747,0,-1,-0.0,0.52,13,0.52,0,28
1748,0,-1,-2.8864782,0.48,12,0.48,0,28
1749,2,1,-8.497744,0.52,13,0.52,0,28
1750,0,-1,-1.2416055,0.48,12,0.48,1,28
1751,0,-1,-0.0,0.48,12,0.48,0,28
1752,1,0,0.0,0.48,12,0.48,0,28
1753,0,-1,5.1594996,0.44,11,0.44,0,28
1754,1,0,0.0,0.44,11,0.44,0,28
1755,0,-1,-0.0,0.44,11,0.44,0,28
1756,1,0,0.0,0.44,11,0.44,0,28
1757,1,0,0.0,0.44,11,0.44,0,28
1758,2,1,23.79652,0.48,12,0.48,0,28
1759,2,1,19.326984,0.52,13,0.52,0,28
1760,1,0,0.0,0.52,13,0.52,0,28
1761,2,1,18.59774,0.56,14,0.56,0,28
1762,1,0,0.0,0.56,14,0.56,0,28
1763,1,0,0.0,0.56,14,0.56,0,28
1764,1,0,0.0,0.56,14,0.56,0,28
1765,1,0,0.0,0.56,14,0.56,0,28
1766,1,0,0.0,0.56,14,0.56,0,28
1767,1,0,0.0,0.56,14,0.56,0,28
1768,0,-1,0.6231459,0.52,13,0.52,0,28
1769,0,-1,-2.8537328,0.48,12,0.48,0,28
1770,2,1,9.933983,0.56,14,0.56,0,28
1771,1,0,0.0,0.56,14,0.56,0,28
1772,1,0,0.0,0.56,14,0.56,0,28
1773,0,-1,-0.0,0.56,14,0.56,0,28
1774,2,1,-2.469131,0.6,15,0.6,1,28
1775,0,-1,-0.0,0.6,15,0.6,0,28
1776,1,0,0.0,0.6,15,0.6,0,28
1777,0,-1,-0.0,0.6,15,0.6,0,28
1778,0,-1,-13.724021,0.6,15,0.6,0,28
1779,2,1,-23.069834,0.68,17,0.68,0,28
1780,1,0,0.0,0.68,17,0.68,0,28
1781,0,-1,16.143097,0.64,16,0.64,0,28
1782,0,-1,8.09315,0.6,15,0.6,0,28
1783,1,0,0.0,0.6,15,0.6,0,28
1784,0,-1,-0.0,0.6,15,0.6,0,28
1785,2,1,-0.85751164,0.68,17,0.68,0,28
1786,1,0,0.0,0.68,17,0.68,0,28
1787,0,-1,-0.0,0.68,17,0.68,0,28
1788,0,-1,-0.0,0.68,17,0.68,0,28
1789,1,0,0.0,0.68,17,0.68,0,28
1790,0,-1,-3.8404835e-12,0.68,17,0.68,0,28
1791,0,-1,13.678945,0.64,16,0.64,0,28
1792,2,1,-13.253333,0.72,18,0.72,0,28
1793,0,-1,18.164785,0.68,17,0.68,0,28
1794,2,1,5.631416,0.72,18,0.72,0,28
1795,2,1,-9.734087,0.76,19,0.76,0,28
1796,1,0,0.0,0.76,19,0.76,0,28
1797,2,1,-80.28878,0.84,21,0.84,0,28
1798,0,-1,-3.2521984e-05,0.84,21,0.84,0,28
1799,1,0,0.0,0.84,21,0.84,0,28
1800,0,-1,-4.8707705e-12,0.84,21,0.84,0,28
1801,0,-1,80.05265,0.8,20,0.8,0,28
1802,1,0,0.0,0.8,20,0.8,0,28
1803,1,0,0.0,0.8,20,0.8,1,28
1804,2,1,-135.77162,0.88,22,0.88,0,28
1805,1,0,0.0,0.88,22,0.88,0,28
1806,2,1,-195.05806,0.92,23,0.92,0,28
1807,1,0,0.0,0.92,23,0.92,0,28
1808,0,-1,-0.0,0.92,23,0.92,0,28
1809,2,1,-596.03033,0.96,24,0.96,0,28
1810,1,0,0.0,0.96,24,0.96,0,28
1811,1,0,0.0,0.96,24,0.96,0,28
1812,0,-1,-0.0,0.96,24,0.96,0,28
1813,1,0,0.0,0.96,24,0.96,0,28
1814,2,1,-1000.0,0.0,0,0.0,0,28
1815,1,0,0.0,0.16,4,0.16,0,29
1816,0,-1,-0.0,0.16,4,0.16,0,29
1817,2,1,28.346605,0.2,5,0.2,0,29
1818,0,-1,-0.0,0.2,5,0.2,0,29
1819,1,0,0.0,0.2,5,0.2,0,29
1820,0,-1,-0.0,0.2,5,0.2,0,29
1821,2,1,19.461393,0.28,7,0.28,0,29
1822,1,0,0.0,0.28,7,0.28,0,29
1823,1,0,0.0,0.28,7,0.28,0,29
1824,0,-1,-0.0,0.28,7,0.28,0,29
1825,2,1,22.635555,0.36,9,0.36,0,29
1826,0,-1,-0.13717945,0.36,9,0.36,0,29
1827,2,1,25.459835,0.4,10,0.4,0,29
1828,2,1,19.483187,0.44,11,0.44,0,29
1829,0,-1,-0.0,0.44,11,0.44,0,29
1830,2,1,22.260569,0.48,12,0.48,0,29
1831,1,0,0.0,0.48,12,0.48,0,29
1832,0,-1,-1.9141572,0.44,11,0.44,0,29
1833,2,1,-8.433354,0.6,15,0.6,0,29
1834,1,0,0.0,0.6,15,0.6,0,29
1835,2,1,12.478033,0.64,16,0.64,0,29
1836,2,1,-17.7359,0.68,17,0.68,0,29
1837,0,-1,-0.0019699796,0.68,17,0.68,0,29
1838,1,0,0.0,0.68,17,0.68,0,29
1839,0,-1,12.475366,0.64,16,0.64,0,29
1840,0,-1,-0.0,0.64,16,0.64,0,29
1841,2,1,8.404402,0.68,17,0.68,0,29
1842,1,0,0.0,0.68,17,0.68,1,29
1843,2,1,-64.98163,0.8,20,0.8,0,29
1844,1,0,0.0,0.8,20,0.8,0,29
1845,0,-1,-0.0,0.8,20,0.8,0,29
1846,2,1,-36.841637,0.84,21,0.84,0,29
1847,1,0,0.0,0.84,21,0.84,0,29
1848,0,-1,81.225,0.8,20,0.8,0,29
1849,0,-1,-0.0,0.8,20,0.8,0,29
1850,2,1,-160.20032,0.88,22,0.88,0,29
1851,0,-1,144.02602,0.84,21,0.84,0,29
1852,2,1,-300.78415,0.92,23,0.92,0,29
1853,1,0,0.0,0.92,23,0.92,0,29
1854,0,-1,-11.87823,0.92,23,0.92,0,29
1855,0,-1,-635.50134,0.96,24,0.96,0,29
1856,0,-1,-0.0,0.96,24,0.96,0,29
1857,1,0,0.0,0.96,24,0.96,0,29
1858,2,1,-1000.0,0.0,0,0.0,0,29
1859,0,-1,-0.0,0.16,4,0.16,0,30
1860,2,1,-4.1406527,0.2,5,0.2,0,30
1861,2,1,28.22638,0.24,6,0.24,0,30
1862,1,0,0.0,0.24,6,0.24,0,30
1863,2,1,-4.5163865,0.28,7,0.28,0,30
1864,2,1,23.19499,0.32,8,0.32,0,30
1865,1,0,0.0,0.32,8,0.32,0,30
1866,1,0,0.0,0.32,8,0.32,0,30
1867,2,1,15.120643,0.44,11,0.44,0,30
1868,0,-1,9.781207,0.4,10,0.4,0,30
1869,2,1,-6.520784,0.44,11,0.44,0,30
1870,1,0,0.0,0.44,11,0.44,0,30
1871,1,0,0.0,0.44,11,0.44,1,30
1872,0,-1,-4.206084,0.4,10,0.4,0,30
1873,0,-1,-6.913687,0.36,9,0.36,0,30
1874,1,0,0.0,0.36,9,0.36,0,30
1875,2,1,22.5033,0.4,10,0.4,0,30
1876,1,0,0.0,0.4,10,0.4,0,30
1877,1,0,0.0,0.4,10,0.4,1,30
1878,1,0,0.0,0.4,10,0.4,0,30
1879,2,1,24.682148,0.44,11,0.44,0,30
1880,0,-1,-4.445127,0.4,10,0.4,0,30
1881,1,0,0.0,0.4,10,0.4,0,30
1882,0,-1,-13.860733,0.4,10,0.4,1,30
1883,0,-1,-0.739512,0.36,9,0.36,0,30
1884,1,0,0.0,0.36,9,0.36,0,30
1885,1,0,0.0,0.36,9,0.36,0,30
1886,2,1,7.4341826,0.48,12,0.48,0,30
1887,2,1,9.491562,0.56,14,0.56,0,30
1888,1,0,0.0,0.56,14,0.56,0,30
1889,0,-1,2.98524,0.52,13,0.52,0,30
1890,1,0,0.0,0.52,13,0.52,0,30
1891,0,-1,-13.961429,0.52,13,0.52,0,30
1892,1,0,0.0,0.52,13,0.52,0,30
1893,0,-1,-0.13119082,0.48,12,0.48,0,30
1894,2,1,22.617392,0.52,13,0.52,0,30
1895,0,-1,3.7753203,0.48,12,0.48,1,30
1896,2,1,16.072683,0.52,13,0.52,0,30
1897,1,0,0.0,0.52,13,0.52,0,30
1898,2,1,13.86753,0.56,14,0.56,0,30
1899,2,1,-22.946583,0.68,17,0.68,0,30
1900,0,-1,16.408289,0.64,16,0.64,0,30
1901,1,0,0.0,0.64,16,0.64,0,30
1902,2,1,13.090354,0.68,17,0.68,0,30
1903,1,0,0.0,0.68,17,0.68,0,30
1904,2,1,-8.152014,0.72,18,0.72,0,30
1905,1,0,0.0,0.72,18,0.72,0,30
1906,1,0,0.0,0.72,18,0.72,0,30
1907,2,1,-1.562571,0.76,19,0.76,0,30
1908,2,1,-13.84074,0.8,20,0.8,0,30
1909,1,0,0.0,0.8,20,0.8,1,30
1910,0,-1,48.931725,0.76,19,0.76,0,30
1911,0,-1,-0.0,0.76,19,0.76,0,30
1912,2,1,-21.443686,0.8,20,0.8,0,30
1913,1,0,0.0,0.8,20,0.8,0,30
1914,0,-1,-10.678797,0.8,20,0.8,0,30
1915,2,1,-35.00684,0.84,21,0.84,0,30
1916,2,1,-91.48208,0.88,22,0.88,0,30
1917,1,0,0.0,0.88,22,0.88,0,30
1918,1,0,0.0,0.88,22,0.88,0,30
1919,0,-1,-0.0,0.88,22,0.88,0,30
1920,2,1,29.225792,1.0,25,1.0,0,30
1921,2,1,-1000.0,0.0,0,0.0,0,30
1922,2,1,28.346605,0.2,5,0.2,0,31
1923,2,1,28.22638,0.24,6,0.24,0,31
1924,2,1,26.773045,0.28,7,0.28,0,31
1925,0,-1,-0.0,0.28,7,0.28,0,31
1926,0,-1,-0.0,0.28,7,0.28,0,31
1927,2,1,21.334368,0.36,9,0.36,0,31
1928,0,-1,-0.0,0.36,9,0.36,0,31
1929,0,-1,-0.0,0.36,9,0.36,0,31
1930,2,1,23.820692,0.4,10,0.4,0,31
1931,1,0,0.0,0.4,10,0.4,0,31
1932,2,1,-3.1672533,0.56,14,0.56,0,31
1933,1,0,0.0,0.56,14,0.56,0,31
1934,0,-1,-0.0,0.56,14,0.56,0,31
1935,2,1,-14.731813,0.68,17,0.68,0,31
1936,1,0,0.0,0.68,17,0.68,0,31
1937,2,1,4.087081,0.72,18,0.72,0,31
1938,0,-1,-0.011868654,0.72,18,0.72,0,31
1939,0,-1,-0.0,0.72,18,0.72,0,31
1940,2,1,-45.142086,0.8,20,0.8,0,31
1941,0,-1,-0.0020252368,0.8,20,0.8,0,31
1942,0,-1,-0.0,0.8,20,0.8,0,31
1943,1,0,0.0,0.8,20,0.8,0,31
1944,2,1,-62.804146,0.84,21,0.84,1,31
1945,0,-1,88.82559,0.8,20,0.8,0,31
1946,1,0,0.0,0.8,20,0.8,0,31
1947,2,1,-35.47769,0.84,21,0.84,0,31
1948,1,0,0.0,0.84,21,0.84,1,31
1949,0,-1,-0.0,0.84,21,0.84,0,31
1950,0,-1,81.63802,0.8,20,0.8,0,31
1951,1,0,0.0,0.8,20,0.8,0,31
1952,2,1,-36.63796,0.84,21,0.84,0,31
1953,0,-1,-0.0,0.84,21,0.84,0,31
1954,2,1,-286.89252,0.92,23,0.92,0,31
1955,0,-1,-0.001205413,0.92,23,0.92,0,31
1956,2,1,-1000.0,0.0,0,0.0,0,31
1957,0,-1,-0.0,0.16,4,0.16,0,32
1958,2,1,28.364332,0.2,5,0.2,0,32
1959,2,1,19.247265,0.28,7,0.28,0,32
1960,1,0,0.0,0.28,7,0.28,0,32
1961,1,0,0.0,0.28,7,0.28,0,32
1962,1,0,0.0,0.28,7,0.28,0,32
1963,2,1,16.79483,0.4,10,0.4,0,32
1964,0,-1,-0.09885296,0.4,10,0.4,0,32
1965,2,1,24.763365,0.44,11,0.44,0,32
1966,2,1,0.8838875,0.56,14,0.56,0,32
1967,1,0,0.0,0.56,14,0.56,0,32
1968,0,-1,-0.0008882241,0.56,14,0.56,0,32
1969,0,-1,-0.096357964,0.56,14,0.56,0,32
1970,2,1,17.86555,0.6,15,0.6,0,32
1971,2,1,-14.286496,0.64,16,0.64,0,32
1972,0,-1,-17.736235,0.68,17,0.68,0,32
1973,0,-1,26.603613,0.64,16,0.64,0,32
1974,1,0,0.0,0.64,16,0.64,0,32
1975,1,0,0.0,0.64,16,0.64,0,32
1976,2,1,-41.737465,0.76,19,0.76,0,32
1977,0,-1,-0.0,0.76,19,0.76,0,32
1978,0,-1,-0.0,0.76,19,0.76,0,32
1979,1,0,0.0,0.76,19,0.76,0,32
1980,0,-1,31.479925,0.72,18,0.72,0,32
1981,0,-1,34.01373,0.68,17,0.68,1,32
1982,2,1,-0.15775895,0.72,18,0.72,0,32
1983,1,0,0.0,0.72,18,0.72,0,32
1984,2,1,-4.874299,0.76,19,0.76,0,32
1985,1,0,0.0,0.76,19,0.76,0,32
1986,1,0,0.0,0.76,19,0.76,0,32
1987,1,0,0.0,0.76,19,0.76,0,32
1988,1,0,0.0,0.76,19,0.76,0,32
1989,1,0,0.0,0.76,19,0.76,0,32
1990,0,-1,-3.2563073e-06,0.76,19,0.76,0,32
1991,0,-1,-0.0,0.76,19,0.76,0,32
1992,0,-1,-0.0,0.76,19,0.76,0,32
1993,0,-1,-0.0,0.76,19,0.76,0,32
1994,0,-1,-0.0,0.76,19,0.76,0,32
1995,1,0,0.0,0.76,19,0.76,0,32
1996,1,0,0.0,0.76,19,0.76,0,32
1997,1,0,0.0,0.76,19,0.76,0,32
1998,2,1,-75.71093,0.84,21,0.84,0,32
1999,0,-1,-0.0016174793,0.84,21,0.84,0,32
2000,0,-1,79.9676,0.8,20,0.8,0,32
2001,0,-1,-4.455038,0.8,20,0.8,0,32
2002,1,0,0.0,0.8,20,0.8,0,32
2003,1,0,0.0,0.8,20,0.8,0,32
2004,0,-1,-1.2896351e-12,0.8,20,0.8,0,32
2005,1,0,0.0,0.8,20,0.8,0,32
2006,1,0,0.0,0.8,20,0.8,0,32
2007,1,0,0.0,0.8,20,0.8,0,32
2008,1,0,0.0,0.8,20,0.8,0,32
2009,1,0,0.0,0.8,20,0.8,1,32
2010,2,1,-38.431736,0.84,21,0.84,0,32
2011,2,1,-78.5392,0.88,22,0.88,0,32
2012,0,-1,144.59879,0.84,21,0.84,0,32
2013,2,1,-80.95177,0.88,22,0.88,0,32
2014,0,-1,-0.0,0.88,22,0.88,0,32
2015,1,0,0.0,0.88,22,0.88,0,32
2016,2,1,-185.14969,0.92,23,0.92,0,32
2017,2,1,-595.6374,0.96,24,0.96,0,32
2018,2,1,-1000.0,0.0,0,0.0,0,32
2019,1,0,0.0,0.16,4,0.16,0,33
2020,2,1,28.346605,0.2,5,0.2,0,33
2021,0,-1,-10.031977,0.16,4,0.16,0,33
2022,1,0,0.0,0.16,4,0.16,0,33
2023,2,1,-4.1407347,0.2,5,0.2,0,33
2024,0,-1,-0.0,0.2,5,0.2,0,33
2025,1,0,0.0,0.2,5,0.2,0,33
2026,1,0,0.0,0.2,5,0.2,0,33
2027,0,-1,-0.0,0.2,5,0.2,0,33
2028,2,1,28.22638,0.24,6,0.24,1,33
2029,0,-1,-5.5810704,0.2,5,0.2,0,33
2030,2,1,23.855509,0.28,7,0.28,0,33
2031,0,-1,-8.826019,0.24,6,0.24,1,33
2032,1,0,0.0,0.24,6,0.24,0,33
2033,0,-1,-0.0,0.24,6,0.24,0,33
2034,2,1,27.089151,0.28,7,0.28,0,33
2035,2,1,21.18609,0.36,9,0.36,0,33
2036,2,1,9.256014,0.48,12,0.48,0,33
2037,1,0,0.0,0.48,12,0.48,0,33
2038,2,1,17.619785,0.52,13,0.52,0,33
2039,0,-1,-0.31157959,0.48,12,0.48,0,33
2040,0,-1,-0.0,0.48,12,0.48,0,33
2041,1,0,0.0,0.48,12,0.48,0,33
2042,2,1,10.169232,0.56,14,0.56,0,33
2043,0,-1,0.85232776,0.52,13,0.52,0,33
2044,1,0,0.0,0.52,13,0.52,0,33
2045,1,0,0.0,0.52,13,0.52,0,33
2046,0,-1,-0.0032645545,0.52,13,0.52,0,33
2047,0,-1,-0.0018195617,0.52,13,0.52,0,33
2048,2,1,12.366213,0.56,14,0.56,0,33
2049,0,-1,-0.001791581,0.56,14,0.56,0,33
2050,1,0,0.0,0.56,14,0.56,0,33
2051,1,0,0.0,0.56,14,0.56,1,33
2052,0,-1,3.75232,0.52,13,0.52,0,33
2053,2,1,8.329845,0.6,15,0.6,0,33
2054,2,1,12.810885,0.64,16,0.64,0,33
2055,0,-1,7.8810844,0.6,15,0.6,0,33
2056,2,1,9.220912,0.64,16,0.64,0,33
2057,0,-1,-0.0,0.64,16,0.64,0,33
2058,0,-1,-13.552958,0.64,16,0.64,0,33
2059,1,0,0.0,0.64,16,0.64,0,33
2060,1,0,0.0,0.64,16,0.64,0,33
2061,0,-1,7.457519,0.6,15,0.6,0,33
2062,0,-1,-28.197302,0.64,16,0.64,0,33
2063,0,-1,-0.0,0.64,16,0.64,0,33
2064,0,-1,9.676071,0.6,15,0.6,0,33
2065,0,-1,-11.945416,0.6,15,0.6,0,33
2066,0,-1,-0.06619319,0.6,15,0.6,0,33
2067,2,1,13.692548,0.64,16,0.64,0,33
2068,1,0,0.0,0.64,16,0.64,0,33
2069,0,-1,-0.0007768657,0.64,16,0.64,0,33
2070,1,0,0.0,0.64,16,0.64,0,33
2071,0,-1,-0.07332493,0.64,16,0.64,0,33
2072,1,0,0.0,0.64,16,0.64,0,33
2073,2,1,-11.921446,0.72,18,0.72,0,33
2074,1,0,0.0,0.72,18,0.72,0,33
2075,2,1,-3.928787,0.76,19,0.76,0,33
2076,0,-1,-0.0011390675,0.76,19,0.76,1,33
2077,1,0,0.0,0.76,19,0.76,0,33
2078,2,1,-15.514775,0.8,20,0.8,0,33
2079,2,1,-140.7305,0.88,22,0.88,0,33
2080,2,1,-808.04346,0.96,24,0.96,0,33
2081,1,0,0.0,0.96,24,0.96,0,33
2082,1,0,0.0,0.96,24,0.96,0,33
2083,2,1,-1000.0,0.0,0,0.0,0,33
2084,1,0,0.0,0.16,4,0.16,0,34
2085,2,1,28.346605,0.2,5,0.2,0,34
2086,0,-1,-0.0,0.2,5,0.2,0,34
2087,1,0,0.0,0.2,5,0.2,0,34
2088,2,1,-4.278605,0.24,6,0.24,0,34
2089,2,1,-4.5163865,0.28,7,0.28,0,34
2090,2,1,16.805927,0.4,10,0.4,0,34
2091,2,1,-13.9125395,0.48,12,0.48,0,34
2092,1,0,0.0,0.48,12,0.48,0,34
2093,1,0,0.0,0.48,12,0.48,0,34
2094,0,-1,-0.13717945,0.48,12,0.48,0,34
2095,0,-1,-0.0,0.48,12,0.48,0,34
2096,2,1,-18.420322,0.56,14,0.56,0,34
2097,2,1,-15.766422,0.68,17,0.68,0,34
2098,0,-1,26.603891,0.64,16,0.64,0,34
2099,1,0,0.0,0.64,16,0.64,1,34
2100,0,-1,5.797763,0.6,15,0.6,0,34
2101,0,-1,-0.0,0.6,15,0.6,0,34
2102,0,-1,11.489221,0.56,14,0.56,0,34
2103,2,1,-0.6201305,0.6,15,0.6,0,34
2104,1,0,0.0,0.6,15,0.6,0,34
2105,0,-1,17.680355,0.56,14,0.56,0,34
2106,2,1,-47.18752,0.72,18,0.72,0,34
2107,1,0,0.0,0.72,18,0.72,0,34
2108,0,-1,-0.0,0.72,18,0.72,0,34
2109,0,-1,29.11778,0.68,17,0.68,0,34
2110,2,1,8.617261,0.72,18,0.72,0,34
2111,2,1,-30.097744,0.76,19,0.76,0,34
2112,1,0,0.0,0.76,19,0.76,0,34
2113,1,0,0.0,0.76,19,0.76,0,34
2114,2,1,-41.986004,0.8,20,0.8,0,34
2115,0,-1,55.412315,0.76,19,0.76,0,34
2116,2,1,-41.986008,0.8,20,0.8,0,34
2117,0,-1,48.97047,0.76,19,0.76,0,34
2118,0,-1,-0.0,0.76,19,0.76,0,34
2119,1,0,0.0,0.76,19,0.76,0,34
2120,0,-1,45.146862,0.72,18,0.72,0,34
2121,0,-1,18.3672,0.68,17,0.68,0,34
2122,0,-1,-12.256386,0.68,17,0.68,0,34
2123,0,-1,-14.374429,0.68,17,0.68,0,34
2124,1,0,0.0,0.68,17,0.68,0,34
2125,0,-1,-0.0,0.68,17,0.68,0,34
2126,0,-1,-0.0,0.68,17,0.68,0,34
2127,2,1,-7.5424337,0.72,18,0.72,1,34
2128,0,-1,-12.794987,0.72,18,0.72,0,34
2129,2,1,1.145726,0.76,19,0.76,0,34
2130,2,1,-73.339325,0.84,21,0.84,0,34
2131,1,0,0.0,0.84,21,0.84,0,34
2132,2,1,-102.08789,0.88,22,0.88,0,34
2133,0,-1,150.17235,0.84,21,0.84,0,34
2134,1,0,0.0,0.84,21,0.84,0,34
2135,2,1,-95.87416,0.88,22,0.88,0,34
2136,1,0,0.0,0.88,22,0.88,0,34
2137,0,-1,156.68097,0.84,21,0.84,0,34
2138,2,1,-76.111465,0.88,22,0.88,0,34
2139,0,-1,148.23691,0.84,21,0.84,0,34
2140,1,0,0.0,0.84,21,0.84,0,34
2141,0,-1,93.02172,0.8,20,0.8,0,34
2142,1,0,0.0,0.8,20,0.8,0,34
2143,0,-1,48.170353,0.76,19,0.76,0,34
2144,0,-1,43.39972,0.72,18,0.72,0,34
2145,0,-1,22.820168,0.68,17,0.68,0,34
2146,1,0,0.0,0.68,17,0.68,0,34
2147,0,-1,22.312492,0.64,16,0.64,0,34
2148,1,0,0.0,0.64,16,0.64,0,34
2149,1,0,0.0,0.64,16,0.64,0,34
2150,2,1,-15.332287,0.68,17,0.68,0,34
2151,1,0,0.0,0.68,17,0.68,0,34
2152,2,1,3.2024343,0.72,18,0.72,0,34
2153,1,0,0.0,0.72,18,0.72,0,34
2154,2,1,-45.32745,0.8,20,0.8,0,34
2155,0,-1,-0.0,0.8,20,0.8,1,34
2156,0,-1,-0.22977622,0.8,20,0.8,0,34
2157,0,-1,-12.71268,0.8,20,0.8,0,34
2158,1,0,0.0,0.8,20,0.8,0,34
2159,0,-1,-13.2563305,0.8,20,0.8,0,34
2160,0,-1,56.6582,0.76,19,0.76,0,34
2161,0,-1,42.60537,0.72,18,0.72,0,34
2162,2,1,-2.152321,0.76,19,0.76,0,34
2163,0,-1,35.343353,0.72,18,0.72,0,34
2164,0,-1,21.252731,0.68,17,0.68,0,34
2165,2,1,3.484387,0.72,18,0.72,0,34
2166,0,-1,20.933638,0.68,17,0.68,0,34
2167,2,1,-28.834715,0.76,19,0.76,0,34
2168,1,0,0.0,0.76,19,0.76,0,34
2169,0,-1,-0.00015081017,0.76,19,0.76,0,34
2170,0,-1,-0.00013843131,0.76,19,0.76,0,34
2171,0,-1,34.014412,0.72,18,0.72,0,34
2172,0,-1,20.040953,0.68,17,0.68,0,34
2173,2,1,-0.41092896,0.72,18,0.72,0,34
2174,0,-1,-0.0,0.72,18,0.72,0,34
2175,1,0,0.0,0.72,18,0.72,0,34
2176,0,-1,22.881296,0.68,17,0.68,0,34
2177,2,1,-24.34632,0.76,19,0.76,0,34
2178,2,1,-19.933353,0.8,20,0.8,0,34
2179,0,-1,-3.5527137e-15,0.8,20,0.8,0,34
2180,1,0,0.0,0.8,20,0.8,0,34
2181,1,0,0.0,0.8,20,0.8,0,34
2182,0,-1,47.337025,0.76,19,0.76,0,34
2183,0,-1,-3.5527137e-15,0.76,19,0.76,1,34
2184,0,-1,33.282665,0.72,18,0.72,0,34
2185,0,-1,-0.0,0.72,18,0.72,0,34
2186,0,-1,-3.4172628,0.72,18,0.72,0,34
2187,1,0,0.0,0.72,18,0.72,0,34
2188,0,-1,-12.411555,0.72,18,0.72,0,34
2189,2,1,-6.249559,0.76,19,0.76,0,34
2190,1,0,0.0,0.76,19,0.76,0,34
2191,0,-1,-6.2124357,0.76,19,0.76,0,34
2192,2,1,-177.82317,0.88,22,0.88,0,34
2193,0,-1,-1.6697754e-13,0.88,22,0.88,0,34
2194,1,0,0.0,0.88,22,0.88,0,34
2195,1,0,0.0,0.88,22,0.88,1,34
2196,0,-1,-0.0,0.88,22,0.88,0,34
2197,2,1,-807.857,0.96,24,0.96,0,34
2198,2,1,-1000.0,0.0,0,0.0,0,34
2199,2,1,-4.1407347,0.2,5,0.2,0,35
2200,1,0,0.0,0.2,5,0.2,0,35
2201,1,0,0.0,0.2,5,0.2,0,35
2202,2,1,28.208652,0.24,6,0.24,0,35
2203,1,0,0.0,0.24,6,0.24,0,35
2204,2,1,27.98924,0.28,7,0.28,0,35
2205,1,0,0.0,0.28,7,0.28,0,35
2206,2,1,-4.8479323,0.32,8,0.32,0,35
2207,2,1,-5.2804775,0.36,9,0.36,0,35
2208,0,-1,-0.0,0.36,9,0.36,0,35
2209,1,0,0.0,0.36,9,0.36,0,35
2210,1,0,0.0,0.36,9,0.36,0,35
2211,2,1,-19.741495,0.48,12,0.48,0,35
2212,0,-1,-5.1649847,0.44,11,0.44,0,35
2213,0,-1,9.780886,0.4,10,0.4,0,35
2214,0,-1,-6.5211515,0.44,11,0.44,0,35
2215,1,0,0.0,0.44,11,0.44,0,35
2216,0,-1,9.7812195,0.4,10,0.4,1,35
2217,1,0,0.0,0.4,10,0.4,0,35
2218,1,0,0.0,0.4,10,0.4,0,35
2219,2,1,14.410255,0.48,12,0.48,0,35
2220,0,-1,-2.2303991,0.44,11,0.44,0,35
2221,2,1,-0.40283653,0.56,14,0.56,0,35
2222,0,-1,-1.2351936e-08,0.56,14,0.56,0,35
2223,0,-1,-23.446253,0.6,15,0.6,0,35
2224,1,0,0.0,0.6,15,0.6,0,35
2225,0,-1,-0.0,0.6,15,0.6,0,35
2226,2,1,-32.022457,0.68,17,0.68,0,35
2227,0,-1,-1.3290318e-08,0.68,17,0.68,0,35
2228,0,-1,14.944572,0.64,16,0.64,0,35
2229,0,-1,-1.17193295e-08,0.64,16,0.64,0,35
2230,0,-1,8.725201,0.6,15,0.6,0,35
2231,0,-1,11.403839,0.56,14,0.56,0,35
2232,0,-1,-24.491507,0.6,15,0.6,0,35
2233,0,-1,-0.0,0.6,15,0.6,0,35
2234,0,-1,-0.0,0.6,15,0.6,0,35
2235,2,1,1.2565551,0.64,16,0.64,0,35
2236,0,-1,-0.0,0.64,16,0.64,0,35
2237,0,-1,-29.395277,0.68,17,0.68,0,35
2238,2,1,9.837387,0.72,18,0.72,0,35
2239,1,0,0.0,0.72,18,0.72,1,35
2240,2,1,-103.660446,0.84,21,0.84,0,35
2241,0,-1,-0.0,0.84,21,0.84,0,35
2242,1,0,0.0,0.84,21,0.84,0,35
2243,0,-1,-0.0,0.84,21,0.84,0,35
2244,0,-1,-0.0,0.84,21,0.84,0,35
2245,2,1,-912.6019,0.96,24,0.96,0,35
2246,1,0,0.0,0.96,24,0.96,0,35
2247,1,0,0.0,0.96,24,0.96,0,35
2248,0,-1,936.80035,0.92,23,0.92,0,35
2249,0,-1,301.99118,0.88,22,0.88,0,35
2250,0,-1,-0.08314401,0.88,22,0.88,1,35
2251,1,0,0.0,0.88,22,0.88,0,35
2252,1,0,0.0,0.88,22,0.88,0,35
2253,0,-1,-13.308982,0.88,22,0.88,0,35
2254,0,-1,-11.307618,0.88,22,0.88,0,35
2255,0,-1,-0.0,0.88,22,0.88,0,35
2256,0,-1,151.49551,0.84,21,0.84,0,35
2257,0,-1,-10.68069,0.84,21,0.84,0,35
2258,0,-1,84.463135,0.8,20,0.8,1,35
2259,1,0,0.0,0.8,20,0.8,0,35
2260,0,-1,50.03539,0.76,19,0.76,0,35
2261,0,-1,33.923367,0.72,18,0.72,0,35
2262,2,1,1.0591391,0.76,19,0.76,0,35
2263,0,-1,33.37956,0.72,18,0.72,0,35
2264,0,-1,23.035294,0.68,17,0.68,0,35
2265,0,-1,-0.0,0.68,17,0.68,0,35
2266,0,-1,22.604221,0.64,16,0.64,0,35
2267,1,0,0.0,0.64,16,0.64,0,35
2268,2,1,11.230632,0.68,17,0.68,0,35
2269,1,0,0.0,0.68,17,0.68,0,35
2270,1,0,0.0,0.68,17,0.68,0,35
2271,1,0,0.0,0.68,17,0.68,0,35
2272,0,-1,18.395212,0.64,16,0.64,0,35
2273,2,1,-10.818467,0.72,18,0.72,0,35
2274,0,-1,-0.0,0.72,18,0.72,0,35
2275,1,0,0.0,0.72,18,0.72,0,35
2276,0,-1,28.481686,0.68,17,0.68,0,35
2277,1,0,0.0,0.68,17,0.68,0,35
2278,0,-1,-0.0,0.68,17,0.68,0,35
2279,0,-1,14.371184,0.64,16,0.64,0,35
2280,0,-1,8.367842,0.6,15,0.6,0,35
2281,2,1,11.837371,0.64,16,0.64,0,35
2282,0,-1,-0.0,0.64,16,0.64,0,35
2283,0,-1,9.878731,0.6,15,0.6,0,35
2284,0,-1,4.0750847,0.56,14,0.56,0,35
2285,1,0,0.0,0.56,14,0.56,1,35
2286,0,-1,0.7588681,0.52,13,0.52,0,35
2287,2,1,18.38648,0.56,14,0.56,1,35
2288,1,0,0.0,0.56,14,0.56,1,35
2289,0,-1,-0.09461556,0.52,13,0.52,0,35
2290,1,0,0.0,0.52,13,0.52,0,35
2291,0,-1,-0.0,0.52,13,0.52,0,35
2292,0,-1,-13.8320465,0.52,13,0.52,0,35
2293,0,-1,-0.0,0.52,13,0.52,0,35
2294,0,-1,-1.3848732,0.48,12,0.48,0,35
2295,0,-1,-0.0,0.48,12,0.48,0,35
2296,1,0,0.0,0.48,12,0.48,0,35
2297,1,0,0.0,0.48,12,0.48,0,35
2298,0,-1,-4.3550305,0.44,11,0.44,0,35
2299,2,1,18.562946,0.48,12,0.48,0,35
2300,2,1,11.378787,0.52,13,0.52,0,35
2301,1,0,0.0,0.52,13,0.52,0,35
2302,0,-1,2.8089192,0.48,12,0.48,0,35
2303,1,0,0.0,0.48,12,0.48,0,35
2304,1,0,0.0,0.48,12,0.48,0,35
2305,1,0,0.0,0.48,12,0.48,1,35
2306,0,-1,-0.0,0.48,12,0.48,0,35
2307,1,0,0.0,0.48,12,0.48,0,35
2308,0,-1,-0.0,0.48,12,0.48,0,35
2309,2,1,9.798584,0.56,14,0.56,0,35
2310,0,-1,-0.0039042472,0.56,14,0.56,0,35
2311,2,1,9.00201,0.6,15,0.6,0,35
2312,1,0,0.0,0.6,15,0.6,0,35
2313,0,-1,2.9283018,0.56,14,0.56,0,35
2314,1,0,0.0,0.56,14,0.56,0,35
2315,1,0,0.0,0.56,14,0.56,0,35
2316,1,0,0.0,0.56,14,0.56,0,35
2317,1,0,0.0,0.56,14,0.56,0,35
2318,1,0,0.0,0.56,14,0.56,0,35
2319,0,-1,3.2205544,0.52,13,0.52,0,35
2320,2,1,20.65596,0.56,14,0.56,0,35
2321,2,1,3.9447596,0.64,16,0.64,0,35
2322,1,0,0.0,0.64,16,0.64,0,35
2323,0,-1,7.3240943,0.6,15,0.6,0,35
2324,1,0,0.0,0.6,15,0.6,0,35
2325,2,1,-3.5350828,0.68,17,0.68,1,35
2326,0,-1,15.92804,0.64,16,0.64,0,35
2327,1,0,0.0,0.64,16,0.64,0,35
2328,0,-1,-0.0,0.64,16,0.64,0,35
2329,0,-1,-0.0,0.64,16,0.64,0,35
2330,0,-1,8.388751,0.6,15,0.6,0,35
2331,0,-1,-10.260214,0.6,15,0.6,0,35
2332,0,-1,3.4590564,0.56,14,0.56,0,35
2333,0,-1,0.83739257,0.52,13,0.52,0,35
2334,2,1,7.260616,0.6,15,0.6,0,35
2335,2,1,6.8012276,0.64,16,0.64,0,35
2336,0,-1,-0.06913708,0.64,16,0.64,0,35
2337,0,-1,7.336437,0.6,15,0.6,0,35
2338,0,-1,-0.0,0.6,15,0.6,0,35
2339,0,-1,7.136496,0.56,14,0.56,1,35
2340,0,-1,-12.757943,0.56,14,0.56,0,35
2341,0,-1,-2.098174e-05,0.56,14,0.56,0,35
2342,2,1,15.830915,0.6,15,0.6,0,35
2343,1,0,0.0,0.6,15,0.6,0,35
2344,0,-1,-0.0,0.6,15,0.6,0,35
2345,1,0,0.0,0.6,15,0.6,0,35
2346,0,-1,-0.0,0.6,15,0.6,0,35
2347,0,-1,3.676414,0.56,14,0.56,1,35
2348,1,0,0.0,0.56,14,0.56,0,35
2349,0,-1,-0.0,0.56,14,0.56,0,35
2350,1,0,0.0,0.56,14,0.56,0,35
2351,0,-1,-11.833803,0.56,14,0.56,0,35
2352,2,1,11.549805,0.6,15,0.6,0,35
2353,0,-1,-0.0,0.6,15,0.6,0,35
2354,0,-1,3.876763,0.56,14,0.56,0,35
2355,0,-1,0.1321903,0.52,13,0.52,0,35
2356,1,0,0.0,0.52,13,0.52,0,35
2357,0,-1,1.0791091,0.48,12,0.48,1,35
2358,1,0,0.0,0.48,12,0.48,0,35
2359,0,-1,-3.1261523,0.44,11,0.44,0,35
2360,1,0,0.0,0.44,11,0.44,1,35
2361,0,-1,-0.0,0.44,11,0.44,0,35
2362,2,1,20.647562,0.48,12,0.48,0,35
2363,1,0,0.0,0.48,12,0.48,0,35
2364,2,1,11.080773,0.56,14,0.56,0,35
2365,0,-1,2.2216382,0.52,13,0.52,0,35
2366,0,-1,-1.7715735,0.48,12,0.48,0,35
2367,0,-1,-0.0,0.48,12,0.48,0,35
2368,0,-1,-0.0,0.48,12,0.48,0,35
2369,0,-1,-0.0,0.48,12,0.48,0,35
2370,0,-1,-0.00087390817,0.48,12,0.48,0,35
2371,0,-1,-0.0,0.48,12,0.48,1,35
2372,0,-1,-0.0,0.48,12,0.48,0,35
2373,0,-1,-3.3413458,0.44,11,0.44,0,35
2374,2,1,13.760528,0.52,13,0.52,1,35
2375,0,-1,-1.9386178,0.48,12,0.48,0,35
2376,2,1,20.873383,0.52,13,0.52,0,35
2377,0,-1,-1.8671077,0.48,12,0.48,0,35
2378,0,-1,-3.5980039,0.44,11,0.44,0,35
2379,1,0,0.0,0.44,11,0.44,0,35
2380,0,-1,-5.7875786,0.4,10,0.4,0,35
2381,2,1,6.3550167,0.52,13,0.52,0,35
2382,0,-1,-3.3947423,0.48,12,0.48,0,35
2383,0,-1,-11.889652,0.48,12,0.48,0,35
2384,1,0,0.0,0.48,12,0.48,0,35
2385,2,1,14.388935,0.52,13,0.52,0,35
2386,1,0,0.0,0.52,13,0.52,0,35
2387,0,-1,1.3038455,0.48,12,0.48,0,35
2388,0,-1,-4.9412563e-05,0.48,12,0.48,0,35
2389,1,0,0.0,0.48,12,0.48,0,35
2390,1,0,0.0,0.48,12,0.48,0,35
2391,0,-1,-3.3991091,0.44,11,0.44,0,35
2392,1,0,0.0,0.44,11,0.44,0,35
2393,2,1,15.495352,0.48,12,0.48,0,35
2394,0,-1,-2.9590802,0.44,11,0.44,0,35
2395,2,1,14.025818,0.48,12,0.48,0,35
2396,0,-1,-0.0,0.48,12,0.48,0,35
2397,1,0,0.0,0.48,12,0.48,0,35
2398,0,-1,-0.0,0.48,12,0.48,0,35
2399,0,-1,-2.8788493,0.44,11,0.44,1,35
2400,2,1,18.737144,0.48,12,0.48,0,35
2401,0,-1,-16.629084,0.48,12,0.48,0,35
2402,0,-1,-12.7228985,0.48,12,0.48,0,35
2403,0,-1,0.40912646,0.44,11,0.44,0,35
2404,2,1,11.996707,0.52,13,0.52,0,35
2405,2,1,9.136881,0.6,15,0.6,0,35
2406,2,1,14.418946,0.64,16,0.64,1,35
2407,1,0,0.0,0.64,16,0.64,0,35
2408,2,1,-39.508358,0.76,19,0.76,0,35
2409,1,0,0.0,0.76,19,0.76,0,35
2410,0,-1,32.90088,0.72,18,0.72,0,35
2411,0,-1,-0.002207356,0.72,18,0.72,0,35
2412,1,0,0.0,0.72,18,0.72,0,35
2413,0,-1,19.689531,0.68,17,0.68,0,35
2414,2,1,5.7306356,0.72,18,0.72,0,35
2415,1,0,0.0,0.72,18,0.72,0,35
2416,1,0,0.0,0.72,18,0.72,0,35
2417,1,0,0.0,0.72,18,0.72,0,35
2418,2,1,-105.47341,0.84,21,0.84,0,35
2419,1,0,0.0,0.84,21,0.84,0,35
2420,2,1,-78.05646,0.88,22,0.88,0,35
2421,2,1,-805.1226,0.96,24,0.96,0,35
2422,0,-1,-0.0,0.96,24,0.96,0,35
2423,0,-1,-0.0009427208,0.96,24,0.96,0,35
2424,0,-1,923.97534,0.92,23,0.92,0,35
2425,0,-1,-0.039437905,0.92,23,0.92,0,35
2426,0,-1,300.0683,0.88,22,0.88,1,35
2427,1,0,0.0,0.88,22,0.88,0,35
2428,0,-1,143.6407,0.84,21,0.84,0,35
2429,0,-1,-12.018013,0.84,21,0.84,0,35
2430,1,0,0.0,0.84,21,0.84,1,35
2431,1,0,0.0,0.84,21,0.84,0,35
2432,0,-1,80.11746,0.8,20,0.8,0,35
2433,0,-1,-14.962342,0.8,20,0.8,0,35
2434,0,-1,-0.003347536,0.8,20,0.8,0,35
2435,1,0,0.0,0.8,20,0.8,0,35
2436,0,-1,49.82632,0.76,19,0.76,0,35
2437,0,-1,30.574175,0.72,18,0.72,0,35
2438,0,-1,-0.0,0.72,18,0.72,0,35
2439,0,-1,-0.0,0.72,18,0.72,0,35
2440,0,-1,19.789663,0.68,17,0.68,0,35
2441,2,1,-25.366201,0.76,19,0.76,0,35
2442,1,0,0.0,0.76,19,0.76,0,35
2443,0,-1,-0.0,0.76,19,0.76,0,35
2444,2,1,-79.15192,0.84,21,0.84,1,35
2445,2,1,-77.01661,0.88,22,0.88,0,35
2446,0,-1,-0.0,0.88,22,0.88,0,35
2447,0,-1,-0.0,0.88,22,0.88,0,35
2448,0,-1,-10.93789,0.88,22,0.88,0,35
2449,2,1,-182.40913,0.92,23,0.92,0,35
2450,0,-1,-0.0,0.92,23,0.92,0,35
2451,0,-1,301.365,0.88,22,0.88,0,35
2452,2,1,-803.8319,0.96,24,0.96,0,35
2453,2,1,-1000.0,0.0,0,0.0,0,35
2454,1,0,0.0,0.16,4,0.16,0,36
2455,1,0,0.0,0.16,4,0.16,0,36
2456,0,-1,-0.0,0.16,4,0.16,0,36
2457,0,-1,-0.0,0.16,4,0.16,0,36
2458,1,0,0.0,0.16,4,0.16,0,36
2459,2,1,-4.1407347,0.2,5,0.2,1,36
2460,1,0,0.0,0.2,5,0.2,0,36
2461,1,0,0.0,0.2,5,0.2,0,36
2462,2,1,23.533312,0.28,7,0.28,0,36
2463,0,-1,-4.3680983,0.24,6,0.24,0,36
2464,1,0,0.0,0.24,6,0.24,0,36
2465,0,-1,-6.7505374,0.2,5,0.2,0,36
2466,2,1,23.891731,0.28,7,0.28,0,36
2467,2,1,18.512627,0.36,9,0.36,0,36
2468,2,1,22.416624,0.4,10,0.4,1,36
2469,0,-1,-5.3556623,0.36,9,0.36,0,36
2470,2,1,17.252953,0.4,10,0.4,0,36
2471,1,0,0.0,0.4,10,0.4,0,36
2472,0,-1,-15.673294,0.4,10,0.4,0,36
2473,2,1,24.480509,0.44,11,0.44,0,36
2474,1,0,0.0,0.44,11,0.44,0,36
2475,2,1,4.487312,0.56,14,0.56,1,36
2476,2,1,14.336982,0.6,15,0.6,0,36
2477,1,0,0.0,0.6,15,0.6,0,36
2478,1,0,0.0,0.6,15,0.6,0,36
2479,0,-1,-11.005897,0.6,15,0.6,0,36
2480,1,0,0.0,0.6,15,0.6,0,36
2481,0,-1,-0.0,0.6,15,0.6,0,36
2482,1,0,0.0,0.6,15,0.6,0,36
2483,0,-1,4.618425,0.56,14,0.56,0,36
2484,1,0,0.0,0.56,14,0.56,0,36
2485,1,0,0.0,0.56,14,0.56,0,36
2486,2,1,17.678574,0.6,15,0.6,0,36
2487,0,-1,-14.382872,0.6,15,0.6,0,36
2488,2,1,15.858962,0.64,16,0.64,0,36
2489,0,-1,6.3570466,0.6,15,0.6,0,36
2490,0,-1,-10.965808,0.6,15,0.6,0,36
2491,0,-1,3.2649105,0.56,14,0.56,0,36
2492,0,-1,-0.0,0.56,14,0.56,0,36
2493,0,-1,-15.628939,0.56,14,0.56,0,36
2494,0,-1,-0.15277988,0.56,14,0.56,1,36
2495,1,0,0.0,0.56,14,0.56,0,36
2496,1,0,0.0,0.56,14,0.56,0,36
2497,1,0,0.0,0.56,14,0.56,0,36
2498,0,-1,-15.55997,0.56,14,0.56,0,36
2499,0,-1,0.1621812,0.52,13,0.52,0,36
2500,0,-1,-1.6071811,0.48,12,0.48,0,36
2501,0,-1,-3.7506766,0.44,11,0.44,0,36
2502,0,-1,-4.9733615,0.4,10,0.4,0,36
2503,1,0,0.0,0.4,10,0.4,0,36
2504,2,1,22.72694,0.44,11,0.44,1,36
2505,0,-1,-0.0,0.44,11,0.44,0,36
2506,1,0,0.0,0.44,11,0.44,0,36
2507,0,-1,-0.0,0.44,11,0.44,0,36
2508,2,1,-7.1741624,0.6,15,0.6,0,36
2509,2,1,-4.6869063,0.68,17,0.68,1,36
2510,2,1,-27.523428,0.76,19,0.76,0,36
2511,1,0,0.0,0.76,19,0.76,0,36
2512,0,-1,-13.154785,0.76,19,0.76,0,36
2513,0,-1,-0.0068850876,0.76,19,0.76,0,36
2514,0,-1,-13.021129,0.76,19,0.76,0,36
2515,0,-1,-0.0,0.76,19,0.76,0,36
2516,1,0,0.0,0.76,19,0.76,0,36
2517,1,0,0.0,0.76,19,0.76,0,36
2518,0,-1,-0.0036147092,0.76,19,0.76,0,36
2519,0,-1,-12.821883,0.76,19,0.76,0,36
2520,0,-1,-0.0064356206,0.76,19,0.76,0,36
2521,0,-1,-0.0,0.76,19,0.76,0,36
2522,2,1,-74.47522,0.84,21,0.84,0,36
2523,2,1,-287.15576,0.92,23,0.92,0,36
2524,0,-1,301.7251,0.88,22,0.88,0,36
2525,1,0,0.0,0.88,22,0.88,0,36
2526,0,-1,-0.006383225,0.88,22,0.88,0,36
2527,0,-1,-0.0,0.88,22,0.88,1,36
2528,0,-1,141.76756,0.84,21,0.84,0,36
2529,1,0,0.0,0.84,21,0.84,0,36
2530,1,0,0.0,0.84,21,0.84,0,36
2531,0,-1,-0.0,0.84,21,0.84,0,36
2532,1,0,0.0,0.84,21,0.84,0,36
2533,0,-1,-12.6441765,0.84,21,0.84,0,36
2534,2,1,-908.48956,0.96,24,0.96,0,36
2535,0,-1,-0.0,0.96,24,0.96,0,36
2536,1,0,0.0,0.96,24,0.96,0,36
2537,2,1,22.965097,1.0,25,1.0,0,36
2538,0,-1,-1000.0,0.0,0,0.0,0,36
2539,1,0,0.0,0.16,4,0.16,0,37
2540,2,1,28.346605,0.2,5,0.2,0,37
2541,2,1,28.22638,0.24,6,0.24,0,37
2542,2,1,18.678572,0.32,8,0.32,0,37
2543,0,-1,-8.97201,0.28,7,0.28,0,37
2544,1,0,0.0,0.28,7,0.28,0,37
2545,0,-1,-0.0,0.28,7,0.28,0,37
2546,2,1,22.623116,0.36,9,0.36,0,37
2547,0,-1,-0.08387065,0.36,9,0.36,0,37
2548,0,-1,-6.100755,0.32,8,0.32,0,37
2549,2,1,17.146978,0.4,10,0.4,0,37
2550,1,0,0.0,0.4,10,0.4,0,37
2551,0,-1,8.744104,0.36,9,0.36,0,37
2552,2,1,9.248968,0.48,12,0.48,0,37
2553,0,-1,-0.0,0.48,12,0.48,0,37
2554,1,0,0.0,0.48,12,0.48,1,37
2555,2,1,15.384685,0.52,13,0.52,0,37
2556,1,0,0.0,0.52,13,0.52,0,37
2557,0,-1,-1.4133905,0.48,12,0.48,0,37
2558,1,0,0.0,0.48,12,0.48,0,37
2559,0,-1,-3.1811154,0.44,11,0.44,0,37
2560,0,-1,-2.1602764,0.4,10,0.4,0,37
2561,2,1,17.508547,0.48,12,0.48,0,37
2562,2,1,21.130226,0.52,13,0.52,0,37
2563,0,-1,-2.0186453,0.48,12,0.48,0,37
2564,0,-1,-12.544633,0.48,12,0.48,0,37
2565,0,-1,-0.0,0.48,12,0.48,0,37
2566,2,1,21.033916,0.52,13,0.52,0,37
2567,2,1,17.462368,0.56,14,0.56,0,37
2568,2,1,14.403939,0.6,15,0.6,0,37
2569,1,0,0.0,0.6,15,0.6,0,37
2570,0,-1,9.579537,0.56,14,0.56,1,37
2571,0,-1,-0.0,0.56,14,0.56,0,37
2572,2,1,-14.984021,0.68,17,0.68,0,37
2573,2,1,-0.93604505,0.72,18,0.72,0,37
2574,0,-1,21.261358,0.68,17,0.68,0,37
2575,1,0,0.0,0.68,17,0.68,0,37
2576,0,-1,12.959228,0.64,16,0.64,0,37
2577,2,1,8.255895,0.68,17,0.68,0,37
2578,0,-1,-34.133766,0.72,18,0.72,0,37
2579,0,-1,-0.0006294657,0.72,18,0.72,0,37
2580,1,0,0.0,0.72,18,0.72,0,37
2581,0,-1,-0.0,0.72,18,0.72,0,37
2582,0,-1,-0.0,0.72,18,0.72,1,37
2583,1,0,0.0,0.72,18,0.72,0,37
2584,2,1,-43.36031,0.8,20,0.8,0,37
2585,0,-1,-0.0,0.8,20,0.8,0,37
2586,0,-1,51.8353,0.76,19,0.76,0,37
2587,0,-1,-11.162962,0.76,19,0.76,0,37
2588,0,-1,34.882725,0.72,18,0.72,0,37
2589,2,1,-5.6264105,0.76,19,0.76,0,37
2590,2,1,-77.9514,0.84,21,0.84,0,37
2591,1,0,0.0,0.84,21,0.84,0,37
2592,0,-1,-0.011650731,0.84,21,0.84,0,37
2593,2,1,-81.54903,0.88,22,0.88,0,37
2594,1,0,0.0,0.88,22,0.88,0,37
2595,1,0,0.0,0.88,22,0.88,0,37
2596,0,-1,-13.035621,0.88,22,0.88,0,37
2597,0,-1,-0.0,0.88,22,0.88,0,37
2598,1,0,0.0,0.88,22,0.88,0,37
2599,2,1,-185.48985,0.92,23,0.92,0,37
2600,1,0,0.0,0.92,23,0.92,0,37
2601,1,0,0.0,0.92,23,0.92,0,37
2602,2,1,-1000.0,0.0,0,0.0,0,37
2603,2,1,28.364332,0.2,5,0.2,0,38
2604,2,1,19.247265,0.28,7,0.28,0,38
2605,0,-1,-0.0,0.28,7,0.28,0,38
2606,2,1,-4.8479395,0.32,8,0.32,0,38
2607,2,1,8.978125,0.44,11,0.44,0,38
2608,1,0,0.0,0.44,11,0.44,0,38
2609,1,0,0.0,0.44,11,0.44,0,38
2610,1,0,0.0,0.44,11,0.44,0,38
2611,1,0,0.0,0.44,11,0.44,0,38
2612,0,-1,-0.0,0.44,11,0.44,0,38
2613,2,1,25.096035,0.48,12,0.48,0,38
2614,1,0,0.0,0.48,12,0.48,0,38
2615,2,1,22.79115,0.52,13,0.52,0,38
2616,2,1,9.75389,0.6,15,0.6,0,38
2617,2,1,-5.8210444,0.68,17,0.68,1,38
2618,2,1,-23.986063,0.76,19,0.76,0,38
2619,0,-1,-11.828432,0.76,19,0.76,0,38
2620,0,-1,31.478943,0.72,18,0.72,0,38
2621,0,-1,34.013454,0.68,17,0.68,0,38
2622,0,-1,11.775146,0.64,16,0.64,0,38
2623,2,1,2.7188294,0.68,17,0.68,0,38
2624,0,-1,12.343449,0.64,16,0.64,1,38
2625,2,1,6.4380774,0.68,17,0.68,1,38
2626,2,1,-132.00096,0.84,21,0.84,0,38
2627,1,0,0.0,0.84,21,0.84,0,38
2628,0,-1,-10.141505,0.84,21,0.84,0,38
2629,0,-1,83.194565,0.8,20,0.8,1,38
2630,0,-1,-15.092793,0.8,20,0.8,0,38
2631,0,-1,47.36056,0.76,19,0.76,0,38
2632,2,1,-32.07093,0.8,20,0.8,0,38
2633,1,0,0.0,0.8,20,0.8,0,38
2634,0,-1,-12.210381,0.8,20,0.8,0,38
2635,2,1,-40.54921,0.84,21,0.84,0,38
2636,0,-1,-13.077005,0.84,21,0.84,0,38
2637,1,0,0.0,0.84,21,0.84,0,38
2638,0,-1,-0.0,0.84,21,0.84,0,38
2639,0,-1,-0.0,0.84,21,0.84,0,38
2640,0,-1,-0.0,0.84,21,0.84,0,38
2641,0,-1,83.07879,0.8,20,0.8,0,38
2642,0,-1,-0.0,0.8,20,0.8,0,38
2643,0,-1,-0.0,0.8,20,0.8,0,38
2644,0,-1,-2.8476856e-05,0.8,20,0.8,0,38
2645,0,-1,-4.2048407,0.8,20,0.8,0,38
2646,0,-1,-2.835572e-05,0.8,20,0.8,0,38
2647,0,-1,-0.00061855704,0.8,20,0.8,0,38
2648,1,0,0.0,0.8,20,0.8,0,38
2649,1,0,0.0,0.8,20,0.8,0,38
2650,0,-1,58.021473,0.76,19,0.76,0,38
2651,0,-1,-0.000710088,0.76,19,0.76,0,38
2652,0,-1,-0.11019394,0.76,19,0.76,0,38
2653,0,-1,-0.0,0.76,19,0.76,0,38
2654,0,-1,-0.08836779,0.76,19,0.76,0,38
2655,1,0,0.0,0.76,19,0.76,0,38
2656,0,-1,-0.0,0.76,19,0.76,0,38
2657,0,-1,33.070087,0.72,18,0.72,1,38
2658,1,0,0.0,0.72,18,0.72,0,38
2659,0,-1,-12.24029,0.72,18,0.72,0,38
2660,0,-1,-3.637527e-05,0.72,18,0.72,0,38
2661,2,1,-19.587488,0.76,19,0.76,0,38
2662,0,-1,39.89165,0.72,18,0.72,0,38
2663,0,-1,-3.7906106e-05,0.72,18,0.72,0,38
2664,0,-1,23.694204,0.68,17,0.68,0,38
2665,1,0,0.0,0.68,17,0.68,0,38
2666,0,-1,-4.511581e-05,0.68,17,0.68,0,38
2667,0,-1,14.763377,0.64,16,0.64,0,38
2668,0,-1,13.226932,0.6,15,0.6,0,38
2669,0,-1,-28.781767,0.64,16,0.64,0,38
2670,0,-1,13.800268,0.6,15,0.6,0,38
2671,0,-1,5.1322618,0.56,14,0.56,0,38
2672,1,0,0.0,0.56,14,0.56,0,38
2673,1,0,0.0,0.56,14,0.56,0,38
2674,1,0,0.0,0.56,14,0.56,0,38
2675,2,1,19.443012,0.6,15,0.6,0,38
2676,1,0,0.0,0.6,15,0.6,0,38
2677,0,-1,7.616088,0.56,14,0.56,0,38
2678,1,0,0.0,0.56,14,0.56,0,38
2679,0,-1,2.37132,0.52,13,0.52,0,38
2680,0,-1,-0.0,0.52,13,0.52,0,38
2681,0,-1,-0.0,0.52,13,0.52,0,38
2682,1,0,0.0,0.52,13,0.52,0,38
2683,2,1,6.8013897,0.6,15,0.6,0,38
2684,0,-1,-0.0115729505,0.6,15,0.6,0,38
2685,2,1,0.972519,0.64,16,0.64,1,38
2686,2,1,6.4572377,0.68,17,0.68,0,38
2687,0,-1,-0.0,0.68,17,0.68,0,38
2688,0,-1,-13.243651,0.68,17,0.68,0,38
2689,0,-1,18.079369,0.64,16,0.64,0,38
2690,0,-1,-10.227901,0.64,16,0.64,0,38
2691,1,0,0.0,0.64,16,0.64,0,38
2692,0,-1,5.821706,0.6,15,0.6,0,38
2693,2,1,-0.65415925,0.68,17,0.68,0,38
2694,1,0,0.0,0.68,17,0.68,0,38
2695,0,-1,13.485894,0.64,16,0.64,0,38
2696,0,-1,-0.00091605185,0.64,16,0.64,0,38
2697,0,-1,7.1688704,0.6,15,0.6,0,38
2698,2,1,-2.3489537,0.68,17,0.68,0,38
2699,0,-1,-0.0008078184,0.68,17,0.68,0,38
2700,2,1,-24.982866,0.76,19,0.76,0,38
2701,2,1,-76.42127,0.84,21,0.84,0,38
2702,0,-1,80.02182,0.8,20,0.8,0,38
2703,0,-1,-0.0,0.8,20,0.8,0,38
2704,0,-1,54.84485,0.76,19,0.76,0,38
2705,0,-1,-0.0,0.76,19,0.76,0,38
2706,0,-1,-0.0006341244,0.76,19,0.76,0,38
2707,0,-1,-0.00070890895,0.76,19,0.76,0,38
2708,1,0,0.0,0.76,19,0.76,0,38
2709,0,-1,-0.0,0.76,19,0.76,0,38
2710,2,1,-16.24792,0.8,20,0.8,0,38
2711,1,0,0.0,0.8,20,0.8,1,38
2712,0,-1,-0.0,0.8,20,0.8,0,38
2713,2,1,-1000.0,0.0,0,0.0,0,38
2714,0,-1,-0.0,0.16,4,0.16,0,39
2715,2,1,-4.1406527,0.2,5,0.2,0,39
2716,1,0,0.0,0.2,5,0.2,0,39
2717,2,1,28.22638,0.24,6,0.24,0,39
2718,2,1,23.38718,0.32,8,0.32,0,39
2719,1,0,0.0,0.32,8,0.32,0,39
2720,1,0,0.0,0.32,8,0.32,0,39
2721,1,0,0.0,0.32,8,0.32,0,39
2722,2,1,-5.279892,0.36,9,0.36,0,39
2723,0,-1,7.9204297,0.32,8,0.32,0,39
2724,2,1,-5.279892,0.36,9,0.36,0,39
2725,2,1,-5.8295965,0.4,10,0.4,0,39
2726,1,0,0.0,0.4,10,0.4,0,39
2727,1,0,0.0,0.4,10,0.4,0,39
2728,2,1,21.736273,0.44,11,0.44,0,39
2729,1,0,0.0,0.44,11,0.44,0,39
2730,2,1,-15.890038,0.52,13,0.52,0,39
2731,0,-1,-0.0,0.52,13,0.52,1,39
2732,2,1,-9.921977,0.56,14,0.56,0,39
2733,0,-1,0.70714754,0.52,13,0.52,0,39
2734,1,0,0.0,0.52,13,0.52,0,39
2735,1,0,0.0,0.52,13,0.52,0,39
2736,0,-1,-2.9104147,0.48,12,0.48,0,39
2737,0,-1,1.6978898,0.44,11,0.44,0,39
2738,1,0,0.0,0.44,11,0.44,0,39
2739,0,-1,-6.4436216,0.4,10,0.4,0,39
2740,2,1,18.804163,0.48,12,0.48,0,39
2741,1,0,0.0,0.48,12,0.48,0,39
2742,2,1,19.493874,0.52,13,0.52,0,39
2743,0,-1,-0.0,0.52,13,0.52,0,39
2744,1,0,0.0,0.52,13,0.52,0,39
2745,0,-1,-2.8855994,0.48,12,0.48,0,39
2746,0,-1,-1.7882407,0.44,11,0.44,0,39
2747,1,0,0.0,0.44,11,0.44,0,39
2748,1,0,0.0,0.44,11,0.44,0,39
2749,2,1,23.851736,0.48,12,0.48,0,39
2750,0,-1,-4.533972,0.44,11,0.44,0,39
2751,0,-1,0.30237165,0.4,10,0.4,0,39
2752,0,-1,-5.251652,0.36,9,0.36,0,39
2753,1,0,0.0,0.36,9,0.36,0,39
2754,0,-1,-5.042049,0.32,8,0.32,0,39
2755,1,0,0.0,0.32,8,0.32,0,39
2756,0,-1,7.2719364,0.28,7,0.28,0,39
2757,1,0,0.0,0.28,7,0.28,0,39
2758,0,-1,6.774342,0.24,6,0.24,1,39
2759,1,0,0.0,0.24,6,0.24,0,39
2760,0,-1,-9.882227,0.2,5,0.2,0,39
2761,2,1,22.894245,0.24,6,0.24,1,39
2762,2,1,23.217014,0.32,8,0.32,0,39
2763,0,-1,-0.16373299,0.32,8,0.32,0,39
2764,2,1,11.263882,0.44,11,0.44,1,39
2765,0,-1,-11.856342,0.44,11,0.44,0,39
2766,2,1,22.721344,0.48,12,0.48,0,39
2767,2,1,13.99224,0.52,13,0.52,0,39
2768,1,0,0.0,0.52,13,0.52,0,39
2769,2,1,20.83681,0.56,14,0.56,0,39
2770,0,-1,-0.17359592,0.52,13,0.52,0,39
2771,1,0,0.0,0.52,13,0.52,0,39
2772,1,0,0.0,0.52,13,0.52,0,39
2773,1,0,0.0,0.52,13,0.52,0,39
2774,0,-1,1.5021929,0.48,12,0.48,0,39
2775,0,-1,-2.9250622,0.44,11,0.44,0,39
2776,0,-1,-5.7095933,0.4,10,0.4,0,39
2777,2,1,17.17543,0.48,12,0.48,0,39
2778,2,1,11.871204,0.56,14,0.56,0,39
2779,0,-1,-15.304159,0.56,14,0.56,0,39
2780,2,1,10.703637,0.6,15,0.6,0,39
2781,0,-1,-0.0051143705,0.6,15,0.6,0,39
2782,0,-1,6.435097,0.56,14,0.56,0,39
2783,0,-1,0.64333296,0.52,13,0.52,0,39
2784,2,1,6.8793087,0.6,15,0.6,0,39
2785,1,0,0.0,0.6,15,0.6,0,39
2786,0,-1,-0.022909358,0.6,15,0.6,0,39
2787,0,-1,-0.0049065882,0.6,15,0.6,0,39
2788,2,1,-25.169622,0.72,18,0.72,0,39
2789,0,-1,-0.02653596,0.72,18,0.72,0,39
2790,1,0,0.0,0.72,18,0.72,0,39
2791,0,-1,-0.025737884,0.72,18,0.72,1,39
2792,0,-1,-12.706376,0.72,18,0.72,0,39
2793,1,0,0.0,0.72,18,0.72,0,39
2794,0,-1,-0.025666757,0.72,18,0.72,0,39
2795,0,-1,-4.6987116e-05,0.72,18,0.72,0,39
2796,2,1,-43.754944,0.8,20,0.8,0,39
2797,0,-1,49.45479,0.76,19,0.76,0,39
2798,0,-1,-13.632221,0.76,19,0.76,0,39
2799,1,0,0.0,0.76,19,0.76,0,39
2800,0,-1,-9.466846,0.76,19,0.76,0,39
2801,1,0,0.0,0.76,19,0.76,0,39
2802,2,1,-16.390053,0.8,20,0.8,0,39
2803,1,0,0.0,0.8,20,0.8,0,39
2804,0,-1,-0.06500074,0.8,20,0.8,1,39
2805,1,0,0.0,0.8,20,0.8,0,39
2806,0,-1,-7.39481,0.8,20,0.8,0,39
2807,0,-1,-13.554211,0.8,20,0.8,0,39
2808,1,0,0.0,0.8,20,0.8,0,39
2809,1,0,0.0,0.8,20,0.8,0,39
2810,2,1,-137.9983,0.88,22,0.88,0,39
2811,0,-1,-0.032662295,0.88,22,0.88,0,39
2812,0,-1,142.68727,0.84,21,0.84,0,39
2813,1,0,0.0,0.84,21,0.84,0,39
2814,0,-1,82.28562,0.8,20,0.8,0,39
2815,0,-1,48.818626,0.76,19,0.76,0,39
2816,2,1,-16.800066,0.8,20,0.8,1,39
2817,0,-1,49.930836,0.76,19,0.76,0,39
2818,0,-1,-13.145007,0.76,19,0.76,0,39
2819,1,0,0.0,0.76,19,0.76,0,39
2820,2,1,-78.26963,0.84,21,0.84,0,39
2821,1,0,0.0,0.84,21,0.84,0,39
2822,1,0,0.0,0.84,21,0.84,0,39
2823,1,0,0.0,0.84,21,0.84,0,39
2824,0,-1,-0.006020731,0.84,21,0.84,0,39
2825,2,1,-286.044,0.92,23,0.92,0,39
2826,0,-1,-0.0,0.92,23,0.92,0,39
2827,2,1,-1000.0,0.0,0,0.0,0,39
2828,0,-1,-0.0,0.16,4,0.16,0,40
2829,2,1,28.364332,0.2,5,0.2,0,40
2830,1,0,0.0,0.2,5,0.2,0,40
2831,0,-1,-0.0,0.2,5,0.2,0,40
2832,0,-1,-0.0,0.2,5,0.2,0,40
2833,0,-1,-10.04084,0.16,4,0.16,0,40
2834,1,0,0.0,0.16,4,0.16,0,40
2835,1,0,0.0,0.16,4,0.16,0,40
2836,2,1,-4.1406527,0.2,5,0.2,0,40
2837,2,1,28.22638,0.24,6,0.24,0,40
2838,0,-1,-0.0,0.24,6,0.24,0,40
2839,0,-1,6.418581,0.2,5,0.2,0,40
2840,2,1,23.955872,0.28,7,0.28,0,40
2841,0,-1,-0.07821054,0.28,7,0.28,0,40
2842,2,1,-4.847379,0.32,8,0.32,0,40
2843,1,0,0.0,0.32,8,0.32,0,40
2844,1,0,0.0,0.32,8,0.32,0,40
2845,1,0,0.0,0.32,8,0.32,0,40
2846,2,1,26.003696,0.36,9,0.36,0,40
2847,1,0,0.0,0.36,9,0.36,0,40
2848,0,-1,-0.0,0.36,9,0.36,0,40
2849,0,-1,7.9204297,0.32,8,0.32,0,40
2850,0,-1,-8.370133,0.28,7,0.28,0,40
2851,2,1,26.436209,0.32,8,0.32,0,40
2852,1,0,0.0,0.32,8,0.32,0,40
2853,2,1,24.37198,0.36,9,0.36,0,40
2854,2,1,23.820692,0.4,10,0.4,1,40
2855,1,0,0.0,0.4,10,0.4,0,40
2856,1,0,0.0,0.4,10,0.4,0,40
2857,1,0,0.0,0.4,10,0.4,0,40
2858,0,-1,-0.0,0.4,10,0.4,0,40
2859,0,-1,-0.0,0.4,10,0.4,0,40
2860,1,0,0.0,0.4,10,0.4,0,40
2861,1,0,0.0,0.4,10,0.4,0,40
2862,0,-1,-0.0,0.4,10,0.4,0,40
2863,0,-1,-0.0,0.4,10,0.4,0,40
2864,1,0,0.0,0.4,10,0.4,0,40
2865,1,0,0.0,0.4,10,0.4,0,40
2866,0,-1,-0.0,0.4,10,0.4,0,40
2867,2,1,14.114658,0.48,12,0.48,0,40
2868,1,0,0.0,0.48,12,0.48,1,40
2869,0,-1,-0.0,0.48,12,0.48,0,40
2870,0,-1,-2.8999424,0.44,11,0.44,0,40
2871,0,-1,-3.3007019,0.4,10,0.4,0,40
2872,0,-1,-0.0,0.4,10,0.4,0,40
2873,1,0,0.0,0.4,10,0.4,0,40
2874,2,1,21.210388,0.44,11,0.44,0,40
2875,1,0,0.0,0.44,11,0.44,0,40
2876,1,0,0.0,0.44,11,0.44,0,40
2877,2,1,13.137466,0.52,13,0.52,0,40
2878,0,-1,-0.0,0.52,13,0.52,0,40
2879,2,1,-47.159164,0.72,18,0.72,0,40
2880,0,-1,-0.0015382237,0.72,18,0.72,0,40
2881,0,-1,-0.0020949852,0.72,18,0.72,0,40
2882,1,0,0.0,0.72,18,0.72,0,40
2883,0,-1,-0.0019664133,0.72,18,0.72,0,40
2884,2,1,-2.6270945,0.76,19,0.76,0,40
2885,2,1,-17.37657,0.8,20,0.8,0,40
2886,2,1,-350.32288,0.92,23,0.92,0,40
2887,0,-1,-5.6257766e-05,0.92,23,0.92,0,40
2888,2,1,-1000.0,0.0,0,0.0,0,40
2889,2,1,-4.1407347,0.2,5,0.2,0,41
2890,1,0,0.0,0.2,5,0.2,0,41
2891,2,1,-4.27924,0.24,6,0.24,0,41
2892,1,0,0.0,0.24,6,0.24,0,41
2893,1,0,0.0,0.24,6,0.24,0,41
2894,2,1,27.971514,0.28,7,0.28,0,41
2895,2,1,27.657686,0.32,8,0.32,0,41
2896,2,1,22.976604,0.36,9,0.36,0,41
2897,2,1,25.454552,0.4,10,0.4,0,41
2898,1,0,0.0,0.4,10,0.4,0,41
2899,1,0,0.0,0.4,10,0.4,0,41
2900,2,1,21.976542,0.44,11,0.44,0,41
2901,2,1,23.897566,0.48,12,0.48,0,41
2902,1,0,0.0,0.48,12,0.48,0,41
2903,1,0,0.0,0.48,12,0.48,0,41
2904,0,-1,-3.1608346,0.44,11,0.44,0,41
2905,1,0,0.0,0.44,11,0.44,0,41
2906,1,0,0.0,0.44,11,0.44,0,41
2907,0,-1,9.781203,0.4,10,0.4,0,41
2908,0,-1,-0.0,0.4,10,0.4,0,41
2909,0,-1,-0.0,0.4,10,0.4,0,41
2910,2,1,-6.5201416,0.44,11,0.44,0,41
2911,0,-1,-0.0,0.44,11,0.44,0,41
2912,0,-1,-0.0,0.44,11,0.44,0,41
2913,1,0,0.0,0.44,11,0.44,0,41
2914,1,0,0.0,0.44,11,0.44,1,41
2915,0,-1,-5.8769064,0.4,10,0.4,0,41
2916,2,1,6.7775154,0.44,11,0.44,0,41
2917,0,-1,-0.0,0.44,11,0.44,0,41
2918,2,1,23.852455,0.48,12,0.48,0,41
2919,2,1,12.906452,0.52,13,0.52,0,41
2920,0,-1,2.0450869,0.48,12,0.48,0,41
2921,0,-1,-0.0,0.48,12,0.48,0,41
2922,1,0,0.0,0.48,12,0.48,0,41
2923,0,-1,4.4386787,0.44,11,0.44,0,41
2924,0,-1,-5.8409534,0.4,10,0.4,0,41
2925,0,-1,-15.311871,0.4,10,0.4,0,41
2926,0,-1,-4.473507,0.36,9,0.36,0,41
2927,0,-1,-0.186394,0.36,9,0.36,0,41
2928,0,-1,-0.0,0.36,9,0.36,0,41
2929,1,0,0.0,0.36,9,0.36,0,41
2930,0,-1,-7.6943064,0.32,8,0.32,0,41
2931,0,-1,-9.37122,0.32,8,0.32,0,41
2932,2,1,26.019152,0.36,9,0.36,0,41
2933,0,-1,-6.2691116,0.32,8,0.32,0,41
2934,1,0,0.0,0.32,8,0.32,0,41
2935,1,0,0.0,0.32,8,0.32,1,41
2936,1,0,0.0,0.32,8,0.32,0,41
2937,1,0,0.0,0.32,8,0.32,0,41
2938,0,-1,-0.0,0.32,8,0.32,0,41
2939,0,-1,-8.593265,0.28,7,0.28,1,41
2940,2,1,23.486088,0.32,8,0.32,0,41
2941,0,-1,-6.8950734,0.28,7,0.28,0,41
2942,2,1,23.486088,0.32,8,0.32,0,41
2943,0,-1,-12.942121,0.32,8,0.32,0,41
2944,2,1,18.353,0.36,9,0.36,0,41
2945,2,1,25.731915,0.4,10,0.4,0,41
2946,0,-1,-0.0,0.4,10,0.4,0,41
2947,2,1,7.3785033,0.52,13,0.52,0,41
2948,2,1,21.135286,0.56,14,0.56,0,41
2949,1,0,0.0,0.56,14,0.56,0,41
2950,2,1,3.83611,0.64,16,0.64,0,41
2951,1,0,0.0,0.64,16,0.64,0,41
2952,1,0,0.0,0.64,16,0.64,0,41
2953,2,1,-10.631759,0.72,18,0.72,0,41
2954,0,-1,19.846716,0.68,17,0.68,0,41
2955,2,1,5.658228,0.72,18,0.72,0,41
2956,0,-1,-0.0,0.72,18,0.72,0,41
2957,0,-1,20.197287,0.68,17,0.68,0,41
2958,2,1,4.9307103,0.72,18,0.72,0,41
2959,0,-1,-0.00089235767,0.72,18,0.72,0,41
2960,2,1,-4.0281825,0.76,19,0.76,0,41
2961,0,-1,-0.0,0.76,19,0.76,0,41
2962,0,-1,31.343592,0.72,18,0.72,0,41
2963,0,-1,-0.0020419718,0.72,18,0.72,1,41
2964,0,-1,-8.904891,0.72,18,0.72,0,41
2965,1,0,0.0,0.72,18,0.72,0,41
2966,0,-1,-0.0,0.72,18,0.72,0,41
2967,1,0,0.0,0.72,18,0.72,0,41
2968,2,1,-44.72843,0.8,20,0.8,0,41
2969,1,0,0.0,0.8,20,0.8,0,41
2970,0,-1,50.878117,0.76,19,0.76,0,41
2971,2,1,-14.390116,0.8,20,0.8,0,41
2972,0,-1,-13.096324,0.8,20,0.8,0,41
2973,1,0,0.0,0.8,20,0.8,0,41
2974,0,-1,49.181065,0.76,19,0.76,0,41
2975,1,0,0.0,0.76,19,0.76,0,41
2976,2,1,-80.167114,0.84,21,0.84,0,41
2977,2,1,-284.32523,0.92,23,0.92,0,41
2978,2,1,27.267641,1.0,25,1.0,0,41
2979,2,1,-1000.0,0.0,0,0.0,0,41
2980,2,1,-4.1407347,0.2,5,0.2,0,42
2981,0,-1,6.2116933,0.16,4,0.16,0,42
2982,2,1,28.346605,0.2,5,0.2,0,42
2983,1,0,0.0,0.2,5,0.2,0,42
2984,2,1,28.22638,0.24,6,0.24,0,42
2985,2,1,26.773045,0.28,7,0.28,0,42
2986,2,1,-4.847297,0.32,8,0.32,0,42
2987,1,0,0.0,0.32,8,0.32,0,42
2988,2,1,20.35271,0.4,10,0.4,0,42
2989,1,0,0.0,0.4,10,0.4,0,42
2990,0,-1,8.744104,0.36,9,0.36,0,42
2991,2,1,-5.829036,0.4,10,0.4,0,42
2992,0,-1,-0.0,0.4,10,0.4,0,42
2993,0,-1,-6.0817904,0.36,9,0.36,0,42
2994,1,0,0.0,0.36,9,0.36,0,42
2995,0,-1,-0.0,0.36,9,0.36,0,42
2996,0,-1,-7.7240057,0.32,8,0.32,1,42
2997,1,0,0.0,0.32,8,0.32,0,42
2998,2,1,23.052444,0.36,9,0.36,0,42
2999,2,1,11.144787,0.4,10,0.4,0,42
3000,2,1,17.510157,0.48,12,0.48,0,42
