timestep,action,mapped_action,reward,resource_usage,element_count,budget_proximity,took_timestep,episode
1,0,-1,-0.0,0.16,4,0.16,0,0
2,0,-1,-0.0,0.16,4,0.16,0,0
3,2,1,-4.1406527,0.2,5,0.2,0,0
4,2,1,-4.2792473,0.24,6,0.24,0,0
5,2,1,-4.516412,0.28,7,0.28,0,0
6,1,0,0.0,0.28,7,0.28,0,0
7,1,0,0.0,0.28,7,0.28,0,0
8,2,1,-4.8479652,0.32,8,0.32,0,0
9,2,1,27.225174,0.36,9,0.36,0,0
10,2,1,25.459835,0.4,10,0.4,0,0
11,0,-1,5.829622,0.36,9,0.36,0,0
12,0,-1,-0.0,0.36,9,0.36,0,0
13,1,0,0.0,0.36,9,0.36,0,0
14,0,-1,5.2804785,0.32,8,0.32,0,0
15,0,-1,-26.441492,0.28,7,0.28,0,0
16,2,1,-4.8479652,0.32,8,0.32,0,0
17,2,1,-5.280483,0.36,9,0.36,0,0
18,1,0,0.0,0.36,9,0.36,0,0
19,2,1,-5.8296275,0.4,10,0.4,0,0
20,2,1,-6.520815,0.44,11,0.44,0,0
21,0,-1,-0.0,0.44,11,0.44,0,0
22,0,-1,-0.0,0.44,11,0.44,0,0
23,0,-1,-0.0,0.44,11,0.44,0,0
24,0,-1,-0.0,0.44,11,0.44,0,0
25,0,-1,-0.0,0.44,11,0.44,0,0
26,1,0,0.0,0.44,11,0.44,0,0
27,1,0,0.0,0.44,11,0.44,0,0
28,2,1,-7.391896,0.48,12,0.48,0,0
29,1,0,0.0,0.48,12,0.48,0,0
30,0,-1,-25.113762,0.44,11,0.44,0,0
31,1,0,0.0,0.44,11,0.44,0,0
32,1,0,0.0,0.44,11,0.44,0,0
33,1,0,0.0,0.44,11,0.44,0,0
34,2,1,-7.3913045,0.48,12,0.48,0,0
35,0,-1,-0.0,0.48,12,0.48,0,0
36,0,-1,-0.0,0.48,12,0.48,0,0
37,1,0,0.0,0.48,12,0.48,0,0
38,0,-1,7.391896,0.44,11,0.44,0,0
39,2,1,25.096035,0.48,12,0.48,0,0
40,1,0,0.0,0.48,12,0.48,0,0
41,0,-1,-0.0,0.48,12,0.48,0,0
42,2,1,-8.498313,0.52,13,0.52,0,0
43,2,1,-9.922016,0.56,14,0.56,0,0
44,1,0,0.0,0.56,14,0.56,0,0
45,2,1,-11.786916,0.6,15,0.6,0,0
46,0,-1,11.786916,0.56,14,0.56,0,0
47,1,0,0.0,0.56,14,0.56,0,0
48,1,0,0.0,0.56,14,0.56,0,0
49,0,-1,9.922016,0.52,13,0.52,0,0
50,2,1,-9.92201,0.56,14,0.56,0,0
51,1,0,0.0,0.56,14,0.56,0,0
52,2,1,-11.786878,0.6,15,0.6,0,0
53,0,-1,-20.701015,0.56,14,0.56,0,0
54,0,-1,-0.0,0.56,14,0.56,0,0
55,2,1,-11.786915,0.6,15,0.6,0,0
56,0,-1,-0.0,0.6,15,0.6,0,0
57,0,-1,-0.0,0.6,15,0.6,0,0
58,1,0,0.0,0.6,15,0.6,0,0
59,0,-1,11.786878,0.56,14,0.56,0,0
60,1,0,0.0,0.56,14,0.56,0,0
61,1,0,0.0,0.56,14,0.56,0,0
62,2,1,-11.786916,0.6,15,0.6,0,0
63,2,1,-14.286361,0.64,16,0.64,0,0
64,2,1,-17.735903,0.68,17,0.68,0,0
65,2,1,-22.67583,0.72,18,0.72,0,0
66,0,-1,-100.0,0.0,0,0.0,0,0
67,0,-1,-0.0,0.16,4,0.16,0,1
68,0,-1,-0.0,0.16,4,0.16,0,1
69,0,-1,-0.0,0.16,4,0.16,0,1
70,1,0,0.0,0.16,4,0.16,0,1
71,0,-1,-0.0,0.16,4,0.16,0,1
72,0,-1,-0.0,0.16,4,0.16,0,1
73,0,-1,-0.0,0.16,4,0.16,0,1
74,1,0,0.0,0.16,4,0.16,0,1
75,2,1,28.364332,0.2,5,0.2,0,1
76,2,1,-4.278605,0.24,6,0.24,0,1
77,1,0,0.0,0.24,6,0.24,0,1
78,1,0,0.0,0.24,6,0.24,0,1
79,2,1,27.971514,0.28,7,0.28,0,1
80,0,-1,-27.98924,0.24,6,0.24,0,1
81,1,0,0.0,0.24,6,0.24,0,1
82,1,0,0.0,0.24,6,0.24,0,1
83,2,1,26.767761,0.28,7,0.28,0,1
84,1,0,0.0,0.28,7,0.28,0,1
85,2,1,-4.847804,0.32,8,0.32,0,1
86,0,-1,-0.0,0.32,8,0.32,0,1
87,2,1,22.976604,0.36,9,0.36,0,1
88,0,-1,-0.0,0.36,9,0.36,0,1
89,2,1,20.174376,0.4,10,0.4,0,1
90,1,0,0.0,0.4,10,0.4,0,1
91,0,-1,-0.0,0.4,10,0.4,0,1
92,2,1,-6.520784,0.44,11,0.44,0,1
93,0,-1,-24.763365,0.4,10,0.4,0,1
94,2,1,25.984842,0.44,11,0.44,0,1
95,1,0,0.0,0.44,11,0.44,0,1
96,2,1,16.846882,0.48,12,0.48,1,1
97,0,-1,-16.333055,0.44,11,0.44,0,1
98,2,1,23.903444,0.48,12,0.48,0,1
99,0,-1,-23.903444,0.44,11,0.44,0,1
100,0,-1,-8.366615,0.4,10,0.4,0,1
101,1,0,0.0,0.4,10,0.4,0,1
102,2,1,14.297004,0.44,11,0.44,0,1
103,2,1,11.012239,0.48,12,0.48,0,1
104,2,1,5.125687,0.52,13,0.52,0,1
105,1,0,0.0,0.52,13,0.52,0,1
106,0,-1,-0.0,0.52,13,0.52,0,1
107,1,0,0.0,0.52,13,0.52,0,1
108,0,-1,-5.125687,0.48,12,0.48,0,1
109,1,0,0.0,0.48,12,0.48,0,1
110,2,1,10.77738,0.52,13,0.52,0,1
111,2,1,21.373325,0.56,14,0.56,0,1
112,0,-1,-13.902583,0.52,13,0.52,0,1
113,2,1,21.34877,0.56,14,0.56,0,1
114,1,0,0.0,0.56,14,0.56,0,1
115,2,1,17.852543,0.6,15,0.6,0,1
116,1,0,0.0,0.6,15,0.6,0,1
117,0,-1,-17.852543,0.56,14,0.56,0,1
118,2,1,4.916755,0.6,15,0.6,0,1
119,1,0,0.0,0.6,15,0.6,0,1
120,0,-1,-19.483871,0.56,14,0.56,0,1
121,2,1,19.483871,0.6,15,0.6,0,1
122,0,-1,-0.0,0.6,15,0.6,0,1
123,0,-1,-6.6172194,0.56,14,0.56,0,1
124,2,1,10.771928,0.6,15,0.6,0,1
125,2,1,3.245179,0.64,16,0.64,0,1
126,1,0,0.0,0.64,16,0.64,0,1
127,0,-1,-8.272316,0.6,15,0.6,0,1
128,1,0,0.0,0.6,15,0.6,0,1
129,2,1,15.352932,0.64,16,0.64,0,1
130,1,0,0.0,0.64,16,0.64,0,1
131,1,0,0.0,0.64,16,0.64,0,1
132,2,1,-17.735355,0.68,17,0.68,0,1
133,0,-1,-0.0,0.68,17,0.68,0,1
134,2,1,5.085155,0.72,18,0.72,0,1
135,2,1,-100.0,0.0,0,0.0,0,1
136,0,-1,-0.0,0.16,4,0.16,0,2
137,0,-1,-0.0,0.16,4,0.16,0,2
138,0,-1,-0.0,0.16,4,0.16,0,2
139,1,0,0.0,0.16,4,0.16,0,2
140,0,-1,-0.0,0.16,4,0.16,0,2
141,1,0,0.0,0.16,4,0.16,0,2
142,0,-1,-0.0,0.16,4,0.16,0,2
143,0,-1,-0.0,0.16,4,0.16,0,2
144,1,0,0.0,0.16,4,0.16,0,2
145,2,1,-4.1407347,0.2,5,0.2,0,2
146,2,1,-4.279113,0.24,6,0.24,0,2
147,2,1,-4.516412,0.28,7,0.28,0,2
148,2,1,-4.847933,0.32,8,0.32,0,2
149,0,-1,4.847965,0.28,7,0.28,0,2
150,1,0,0.0,0.28,7,0.28,0,2
151,0,-1,-0.0,0.28,7,0.28,0,2
152,2,1,27.639961,0.32,8,0.32,0,2
153,2,1,-5.2804775,0.36,9,0.36,0,2
154,2,1,26.67603,0.4,10,0.4,0,2
155,0,-1,-26.67603,0.36,9,0.36,0,2
156,1,0,0.0,0.36,9,0.36,0,2
157,2,1,22.427462,0.4,10,0.4,0,2
158,2,1,-6.520814,0.44,11,0.44,0,2
159,0,-1,-0.0,0.44,11,0.44,0,2
160,2,1,23.892282,0.48,12,0.48,0,2
161,2,1,-8.498313,0.52,13,0.52,0,2
162,2,1,-9.92201,0.56,14,0.56,0,2
163,0,-1,9.922016,0.52,13,0.52,0,2
164,2,1,-9.922016,0.56,14,0.56,0,2
165,1,0,0.0,0.56,14,0.56,0,2
166,1,0,0.0,0.56,14,0.56,0,2
167,0,-1,-0.0,0.56,14,0.56,0,2
168,1,0,0.0,0.56,14,0.56,0,2
169,0,-1,-0.0,0.56,14,0.56,0,2
170,2,1,-11.786916,0.6,15,0.6,0,2
171,0,-1,-16.470173,0.56,14,0.56,0,2
172,0,-1,-0.0,0.56,14,0.56,0,2
173,0,-1,-0.0,0.56,14,0.56,0,2
174,1,0,0.0,0.56,14,0.56,0,2
175,1,0,0.0,0.56,14,0.56,0,2
176,1,0,0.0,0.56,14,0.56,0,2
177,0,-1,-0.0,0.56,14,0.56,0,2
178,1,0,0.0,0.56,14,0.56,0,2
179,1,0,0.0,0.56,14,0.56,0,2
180,2,1,-11.7862425,0.6,15,0.6,0,2
181,1,0,0.0,0.6,15,0.6,0,2
182,2,1,-14.286524,0.64,16,0.64,1,2
183,2,1,-17.735939,0.68,17,0.68,0,2
184,2,1,-22.67583,0.72,18,0.72,0,2
185,2,1,-30.097908,0.76,19,0.76,0,2
186,0,-1,30.097908,0.72,18,0.72,0,2
187,1,0,0.0,0.72,18,0.72,0,2
188,1,0,0.0,0.72,18,0.72,0,2
189,1,0,0.0,0.72,18,0.72,0,2
190,2,1,-30.097908,0.76,19,0.76,0,2
191,2,1,-41.986008,0.8,20,0.8,0,2
192,0,-1,-0.0,0.8,20,0.8,0,2
193,1,0,0.0,0.8,20,0.8,0,2
194,0,-1,41.986008,0.76,19,0.76,0,2
195,2,1,0.0,0.76,19,0.76,0,2
196,1,0,0.0,0.76,19,0.76,0,2
197,2,1,-41.986008,0.8,20,0.8,0,2
198,0,-1,-0.0,0.8,20,0.8,0,2
199,2,1,-62.804184,0.84,21,0.84,0,2
200,2,1,-104.457,0.88,22,0.88,0,2
201,1,0,0.0,0.88,22,0.88,0,2
202,2,1,-206.93993,0.92,23,0.92,0,2
203,0,-1,208.61096,0.88,22,0.88,0,2
204,2,1,-208.17886,0.92,23,0.92,0,2
205,2,1,-625.2659,0.96,24,0.96,0,2
206,2,1,0.039000127,1.0,25,1.0,0,2
207,1,0,-1000.0,0.0,0,0.0,0,2
208,1,0,0.0,0.16,4,0.16,0,3
209,2,1,28.346605,0.2,5,0.2,0,3
210,1,0,0.0,0.2,5,0.2,0,3
211,0,-1,-0.0,0.2,5,0.2,0,3
212,2,1,23.97781,0.24,6,0.24,0,3
213,1,0,0.0,0.24,6,0.24,0,3
214,2,1,26.767761,0.28,7,0.28,0,3
215,2,1,21.713335,0.32,8,0.32,0,3
216,2,1,-5.27981,0.36,9,0.36,0,3
217,1,0,0.0,0.36,9,0.36,0,3
218,0,-1,-0.0,0.36,9,0.36,0,3
219,1,0,0.0,0.36,9,0.36,0,3
220,2,1,-5.829036,0.4,10,0.4,0,3
221,2,1,21.976542,0.44,11,0.44,0,3
222,0,-1,6.5202236,0.4,10,0.4,0,3
223,0,-1,-0.0,0.4,10,0.4,0,3
224,1,0,0.0,0.4,10,0.4,0,3
225,0,-1,-0.0,0.4,10,0.4,0,3
226,0,-1,-20.731678,0.36,9,0.36,0,3
227,1,0,0.0,0.36,9,0.36,0,3
228,2,1,-5.829036,0.4,10,0.4,0,3
229,2,1,-6.5207767,0.44,11,0.44,0,3
230,2,1,18.541836,0.48,12,0.48,0,3
231,1,0,0.0,0.48,12,0.48,0,3
232,2,1,24.007345,0.52,13,0.52,0,3
233,2,1,14.171615,0.56,14,0.56,0,3
234,0,-1,9.921978,0.52,13,0.52,0,3
235,1,0,0.0,0.52,13,0.52,0,3
236,2,1,-9.921978,0.56,14,0.56,0,3
237,1,0,0.0,0.56,14,0.56,0,3
238,1,0,0.0,0.56,14,0.56,0,3
239,1,0,0.0,0.56,14,0.56,0,3
240,1,0,0.0,0.56,14,0.56,0,3
241,0,-1,-0.0,0.56,14,0.56,0,3
242,0,-1,-22.583641,0.52,13,0.52,0,3
243,0,-1,8.49764,0.48,12,0.48,0,3
244,1,0,0.0,0.48,12,0.48,0,3
245,1,0,0.0,0.48,12,0.48,0,3
246,2,1,13.626463,0.52,13,0.52,0,3
247,0,-1,-0.0,0.52,13,0.52,0,3
248,0,-1,-0.0,0.52,13,0.52,0,3
249,1,0,0.0,0.52,13,0.52,0,3
250,0,-1,-0.0,0.52,13,0.52,0,3
251,1,0,0.0,0.52,13,0.52,0,3
252,1,0,0.0,0.52,13,0.52,0,3
253,1,0,0.0,0.52,13,0.52,0,3
254,0,-1,-0.0,0.52,13,0.52,0,3
255,1,0,0.0,0.52,13,0.52,0,3
256,0,-1,-0.0,0.52,13,0.52,0,3
257,2,1,10.067848,0.56,14,0.56,0,3
258,0,-1,-0.0,0.56,14,0.56,0,3
259,1,0,0.0,0.56,14,0.56,0,3
260,1,0,0.0,0.56,14,0.56,0,3
261,1,0,0.0,0.56,14,0.56,0,3
262,0,-1,-0.0,0.56,14,0.56,0,3
263,0,-1,-0.0,0.56,14,0.56,0,3
264,0,-1,-0.0,0.56,14,0.56,0,3
265,2,1,14.975996,0.6,15,0.6,0,3
266,0,-1,-0.0,0.6,15,0.6,0,3
267,2,1,12.274778,0.64,16,0.64,0,3
268,0,-1,-5.7033367,0.6,15,0.6,0,3
269,1,0,0.0,0.6,15,0.6,0,3
270,0,-1,-0.0,0.6,15,0.6,0,3
271,1,0,0.0,0.6,15,0.6,0,3
272,2,1,9.26873,0.64,16,0.64,0,3
273,2,1,2.3626492,0.68,17,0.68,0,3
274,0,-1,17.7359,0.64,16,0.64,0,3
275,1,0,0.0,0.64,16,0.64,0,3
276,0,-1,-0.0,0.64,16,0.64,0,3
277,1,0,0.0,0.64,16,0.64,0,3
278,0,-1,-12.274778,0.6,15,0.6,0,3
279,2,1,-14.286362,0.64,16,0.64,0,3
280,0,-1,-12.476384,0.6,15,0.6,0,3
281,2,1,7.3383923,0.64,16,0.64,0,3
282,2,1,-100.0,0.0,0,0.0,0,3
283,0,-1,-0.0,0.16,4,0.16,0,4
284,1,0,0.0,0.16,4,0.16,0,4
285,1,0,0.0,0.16,4,0.16,0,4
286,2,1,28.364332,0.2,5,0.2,0,4
287,1,0,0.0,0.2,5,0.2,0,4
288,1,0,0.0,0.2,5,0.2,0,4
289,2,1,-4.278687,0.24,6,0.24,0,4
290,1,0,0.0,0.24,6,0.24,0,4
291,2,1,-4.515744,0.28,7,0.28,0,4
292,2,1,-4.8479323,0.32,8,0.32,0,4
293,2,1,-5.2804785,0.36,9,0.36,0,4
294,1,0,0.0,0.36,9,0.36,0,4
295,2,1,-5.829627,0.4,10,0.4,0,4
296,1,0,0.0,0.4,10,0.4,0,4
297,1,0,0.0,0.4,10,0.4,0,4
298,0,-1,-0.0,0.4,10,0.4,0,4
299,0,-1,5.828954,0.36,9,0.36,0,4
300,2,1,-5.829622,0.4,10,0.4,0,4
301,2,1,-6.5208144,0.44,11,0.44,0,4
302,0,-1,6.5208144,0.4,10,0.4,0,4
303,2,1,-6.5208135,0.44,11,0.44,0,4
304,2,1,-7.3917303,0.48,12,0.48,0,4
305,0,-1,-0.0,0.48,12,0.48,0,4
306,0,-1,-0.0,0.48,12,0.48,0,4
307,1,0,0.0,0.48,12,0.48,0,4
308,1,0,0.0,0.48,12,0.48,0,4
309,0,-1,7.391895,0.44,11,0.44,0,4
310,2,1,23.897566,0.48,12,0.48,0,4
311,2,1,20.002981,0.52,13,0.52,0,4
312,1,0,0.0,0.52,13,0.52,0,4
313,0,-1,8.498147,0.48,12,0.48,0,4
314,0,-1,-0.0,0.48,12,0.48,0,4
315,0,-1,-0.0,0.48,12,0.48,0,4
316,2,1,21.154152,0.52,13,0.52,0,4
317,0,-1,-0.0,0.52,13,0.52,0,4
318,1,0,0.0,0.52,13,0.52,0,4
319,2,1,-9.922016,0.56,14,0.56,0,4
320,2,1,-11.78675,0.6,15,0.6,0,4
321,2,1,-14.286527,0.64,16,0.64,0,4
322,2,1,-17.735266,0.68,17,0.68,0,4
323,0,-1,-10.765354,0.64,16,0.64,0,4
324,1,0,0.0,0.64,16,0.64,0,4
325,0,-1,-15.365936,0.6,15,0.6,0,4
326,0,-1,11.78691,0.56,14,0.56,0,4
327,1,0,0.0,0.56,14,0.56,0,4
328,0,-1,-0.0,0.56,14,0.56,0,4
329,2,1,-11.786884,0.6,15,0.6,0,4
330,2,1,-14.286528,0.64,16,0.64,0,4
331,0,-1,-0.0,0.64,16,0.64,0,4
332,0,-1,14.286528,0.6,15,0.6,0,4
333,0,-1,11.786916,0.56,14,0.56,0,4
334,2,1,20.701015,0.6,15,0.6,0,4
335,0,-1,11.786915,0.56,14,0.56,0,4
336,1,0,0.0,0.56,14,0.56,0,4
337,0,-1,-21.367445,0.52,13,0.52,0,4
338,0,-1,-23.989618,0.48,12,0.48,0,4
339,2,1,-8.498313,0.52,13,0.52,0,4
340,1,0,0.0,0.52,13,0.52,0,4
341,0,-1,-0.0,0.52,13,0.52,0,4
342,2,1,-9.922016,0.56,14,0.56,0,4
343,1,0,0.0,0.56,14,0.56,0,4
344,1,0,0.0,0.56,14,0.56,0,4
345,0,-1,9.922016,0.52,13,0.52,0,4
346,1,0,0.0,0.52,13,0.52,0,4
347,2,1,-9.922016,0.56,14,0.56,0,4
348,1,0,0.0,0.56,14,0.56,0,4
349,1,0,0.0,0.56,14,0.56,0,4
350,1,0,0.0,0.56,14,0.56,0,4
351,1,0,0.0,0.56,14,0.56,0,4
352,1,0,0.0,0.56,14,0.56,0,4
353,0,-1,-0.0,0.56,14,0.56,0,4
354,2,1,-11.786916,0.6,15,0.6,0,4
355,2,1,-14.286522,0.64,16,0.64,0,4
356,1,0,0.0,0.64,16,0.64,0,4
357,1,0,0.0,0.64,16,0.64,0,4
358,0,-1,14.286496,0.6,15,0.6,0,4
359,1,0,0.0,0.6,15,0.6,0,4
360,1,0,0.0,0.6,15,0.6,0,4
361,1,0,0.0,0.6,15,0.6,0,4
362,0,-1,-0.0,0.6,15,0.6,0,4
363,2,1,-14.286528,0.64,16,0.64,0,4
364,1,0,0.0,0.64,16,0.64,0,4
365,0,-1,14.286528,0.6,15,0.6,0,4
366,1,0,0.0,0.6,15,0.6,0,4
367,1,0,0.0,0.6,15,0.6,0,4
368,0,-1,11.786916,0.56,14,0.56,0,4
369,0,-1,9.92201,0.52,13,0.52,0,4
370,1,0,0.0,0.52,13,0.52,0,4
371,0,-1,8.498147,0.48,12,0.48,0,4
372,0,-1,-0.0,0.48,12,0.48,0,4
373,2,1,-8.498312,0.52,13,0.52,0,4
374,2,1,-9.922016,0.56,14,0.56,0,4
375,0,-1,9.922016,0.52,13,0.52,0,4
376,2,1,-9.922016,0.56,14,0.56,0,4
377,0,-1,-0.0,0.56,14,0.56,0,4
378,1,0,0.0,0.56,14,0.56,0,4
379,2,1,19.502546,0.6,15,0.6,0,4
380,2,1,-14.286522,0.64,16,0.64,0,4
381,1,0,0.0,0.64,16,0.64,0,4
382,1,0,0.0,0.64,16,0.64,0,4
383,0,-1,14.286522,0.6,15,0.6,0,4
384,2,1,18.201405,0.64,16,0.64,0,4
385,2,1,-17.735909,0.68,17,0.68,0,4
386,1,0,0.0,0.68,17,0.68,0,4
387,1,0,0.0,0.68,17,0.68,0,4
388,0,-1,-14.751992,0.64,16,0.64,0,4
389,1,0,0.0,0.64,16,0.64,0,4
390,2,1,-17.735773,0.68,17,0.68,0,4
391,2,1,-22.67583,0.72,18,0.72,0,4
392,1,0,0.0,0.72,18,0.72,0,4
393,2,1,-30.097902,0.76,19,0.76,0,4
394,0,-1,-0.0,0.76,19,0.76,0,4
395,2,1,-41.986008,0.8,20,0.8,0,4
396,1,0,0.0,0.8,20,0.8,0,4
397,0,-1,41.985844,0.76,19,0.76,0,4
398,1,0,0.0,0.76,19,0.76,0,4
399,2,1,-41.986008,0.8,20,0.8,0,4
400,0,-1,-0.0,0.8,20,0.8,0,4
401,0,-1,-0.0,0.8,20,0.8,0,4
402,2,1,-30.316252,0.84,21,0.84,0,4
403,0,-1,-0.0,0.84,21,0.84,0,4
404,0,-1,-0.0,0.84,21,0.84,0,4
405,1,0,0.0,0.84,21,0.84,0,4
406,1,0,0.0,0.84,21,0.84,0,4
407,2,1,-104.457,0.88,22,0.88,0,4
408,1,0,0.0,0.88,22,0.88,0,4
409,1,0,0.0,0.88,22,0.88,0,4
410,1,0,0.0,0.88,22,0.88,0,4
411,2,1,-208.61096,0.92,23,0.92,0,4
412,2,1,-625.2659,0.96,24,0.96,0,4
413,0,-1,625.2659,0.92,23,0.92,0,4
414,0,-1,208.61096,0.88,22,0.88,0,4
415,0,-1,-0.0,0.88,22,0.88,1,4
416,1,0,0.0,0.88,22,0.88,0,4
417,2,1,-208.61096,0.92,23,0.92,0,4
418,2,1,-625.2659,0.96,24,0.96,0,4
419,1,0,0.0,0.96,24,0.96,0,4
420,2,1,8.306813e-10,1.0,25,1.0,0,4
421,2,1,-1000.0,0.0,0,0.0,0,4
422,2,1,28.364332,0.2,5,0.2,0,5
423,1,0,0.0,0.2,5,0.2,0,5
424,0,-1,-28.364332,0.16,4,0.16,0,5
425,1,0,0.0,0.16,4,0.16,0,5
426,1,0,0.0,0.16,4,0.16,0,5
427,2,1,28.364332,0.2,5,0.2,0,5
428,2,1,28.208652,0.24,6,0.24,0,5
429,1,0,0.0,0.24,6,0.24,0,5
430,1,0,0.0,0.24,6,0.24,0,5
431,0,-1,-28.22638,0.2,5,0.2,0,5
432,0,-1,-0.0,0.2,5,0.2,0,5
433,0,-1,-0.0,0.2,5,0.2,0,5
434,1,0,0.0,0.2,5,0.2,0,5
435,2,1,28.22638,0.24,6,0.24,0,5
436,1,0,0.0,0.24,6,0.24,0,5
437,1,0,0.0,0.24,6,0.24,0,5
438,1,0,0.0,0.24,6,0.24,0,5
439,2,1,26.767761,0.28,7,0.28,0,5
440,2,1,23.649387,0.32,8,0.32,0,5
441,0,-1,-0.0,0.32,8,0.32,0,5
442,2,1,26.008978,0.36,9,0.36,0,5
443,2,1,22.427462,0.4,10,0.4,0,5
444,0,-1,-0.0,0.4,10,0.4,0,5
445,1,0,0.0,0.4,10,0.4,0,5
446,1,0,0.0,0.4,10,0.4,0,5
447,2,1,23.129503,0.44,11,0.44,0,5
448,1,0,0.0,0.44,11,0.44,0,5
449,0,-1,-0.0,0.44,11,0.44,0,5
450,0,-1,-21.976542,0.4,10,0.4,0,5
451,0,-1,-0.0,0.4,10,0.4,0,5
452,2,1,-6.5202236,0.44,11,0.44,0,5
453,2,1,-7.3912225,0.48,12,0.48,0,5
454,1,0,0.0,0.48,12,0.48,0,5
455,1,0,0.0,0.48,12,0.48,0,5
456,0,-1,-20.865192,0.44,11,0.44,0,5
457,2,1,19.940758,0.48,12,0.48,0,5
458,1,0,0.0,0.48,12,0.48,0,5
459,0,-1,7.3912225,0.44,11,0.44,0,5
460,2,1,21.105461,0.48,12,0.48,0,5
461,0,-1,-0.0,0.48,12,0.48,0,5
462,2,1,21.154152,0.52,13,0.52,0,5
463,1,0,0.0,0.52,13,0.52,0,5
464,1,0,0.0,0.52,13,0.52,0,5
465,0,-1,-19.999044,0.48,12,0.48,0,5
466,0,-1,-22.260569,0.44,11,0.44,0,5
467,2,1,20.651064,0.48,12,0.48,0,5
468,1,0,0.0,0.48,12,0.48,0,5
469,1,0,0.0,0.48,12,0.48,0,5
470,1,0,0.0,0.48,12,0.48,0,5
471,1,0,0.0,0.48,12,0.48,0,5
472,1,0,0.0,0.48,12,0.48,0,5
473,1,0,0.0,0.48,12,0.48,0,5
474,1,0,0.0,0.48,12,0.48,0,5
475,2,1,21.154152,0.52,13,0.52,0,5
476,0,-1,8.497722,0.48,12,0.48,0,5
477,0,-1,-0.0,0.48,12,0.48,0,5
478,1,0,0.0,0.48,12,0.48,1,5
479,1,0,0.0,0.48,12,0.48,0,5
480,0,-1,-19.928415,0.44,11,0.44,0,5
481,1,0,0.0,0.44,11,0.44,0,5
482,0,-1,-23.118645,0.4,10,0.4,0,5
483,2,1,21.764902,0.44,11,0.44,0,5
484,1,0,0.0,0.44,11,0.44,0,5
485,1,0,0.0,0.44,11,0.44,0,5
486,1,0,0.0,0.44,11,0.44,0,5
487,1,0,0.0,0.44,11,0.44,0,5
488,1,0,0.0,0.44,11,0.44,0,5
489,0,-1,-21.506601,0.4,10,0.4,0,5
490,2,1,20.81502,0.44,11,0.44,0,5
491,1,0,0.0,0.44,11,0.44,0,5
492,0,-1,-21.764902,0.4,10,0.4,0,5
493,2,1,18.833525,0.44,11,0.44,0,5
494,0,-1,-0.0,0.44,11,0.44,0,5
495,0,-1,-0.0,0.44,11,0.44,0,5
496,1,0,0.0,0.44,11,0.44,0,5
497,2,1,15.849347,0.48,12,0.48,0,5
498,1,0,0.0,0.48,12,0.48,0,5
499,1,0,0.0,0.48,12,0.48,0,5
500,2,1,14.805653,0.52,13,0.52,0,5
501,1,0,0.0,0.52,13,0.52,0,5
502,0,-1,-14.74293,0.48,12,0.48,0,5
503,0,-1,-0.0,0.48,12,0.48,0,5
504,0,-1,-0.0,0.48,12,0.48,0,5
505,0,-1,-0.0,0.48,12,0.48,0,5
506,0,-1,-0.0,0.48,12,0.48,0,5
507,0,-1,-0.0,0.48,12,0.48,0,5
508,0,-1,-0.0,0.48,12,0.48,0,5
509,1,0,0.0,0.48,12,0.48,0,5
510,2,1,20.02261,0.52,13,0.52,0,5
511,0,-1,-22.772474,0.48,12,0.48,0,5
512,2,1,14.74293,0.52,13,0.52,0,5
513,2,1,12.631072,0.56,14,0.56,0,5
514,0,-1,-18.598906,0.52,13,0.52,0,5
515,2,1,17.71818,0.56,14,0.56,0,5
516,1,0,0.0,0.56,14,0.56,0,5
517,2,1,13.364263,0.6,15,0.6,0,5
518,2,1,8.237958,0.64,16,0.64,0,5
519,1,0,0.0,0.64,16,0.64,0,5
520,2,1,3.498691,0.68,17,0.68,0,5
521,0,-1,-4.817148,0.64,16,0.64,0,5
522,0,-1,-6.9481034,0.6,15,0.6,0,5
523,1,0,0.0,0.6,15,0.6,0,5
524,2,1,11.17206,0.64,16,0.64,0,5
525,0,-1,-0.0,0.64,16,0.64,0,5
526,1,0,0.0,0.64,16,0.64,0,5
527,0,-1,-0.0,0.64,16,0.64,0,5
528,2,1,4.749445,0.68,17,0.68,0,5
529,0,-1,-4.7885456,0.64,16,0.64,0,5
530,0,-1,-0.0,0.64,16,0.64,0,5
531,2,1,3.498691,0.68,17,0.68,0,5
532,0,-1,-0.0,0.68,17,0.68,0,5
533,2,1,-100.0,0.0,0,0.0,0,5
534,2,1,-4.1407347,0.2,5,0.2,0,6
535,0,-1,4.1407347,0.16,4,0.16,0,6
536,0,-1,-0.0,0.16,4,0.16,0,6
537,2,1,28.346605,0.2,5,0.2,0,6
538,2,1,-4.278605,0.24,6,0.24,0,6
539,1,0,0.0,0.24,6,0.24,0,6
540,1,0,0.0,0.24,6,0.24,0,6
541,1,0,0.0,0.24,6,0.24,0,6
542,1,0,0.0,0.24,6,0.24,0,6
543,2,1,26.767761,0.28,7,0.28,0,6
544,2,1,24.80235,0.32,8,0.32,0,6
545,1,0,0.0,0.32,8,0.32,0,6
546,2,1,-5.279892,0.36,9,0.36,0,6
547,0,-1,5.279892,0.32,8,0.32,0,6
548,2,1,-5.2804523,0.36,9,0.36,0,6
549,2,1,21.941185,0.4,10,0.4,0,6
550,2,1,21.736273,0.44,11,0.44,0,6
551,1,0,0.0,0.44,11,0.44,0,6
552,2,1,18.393976,0.48,12,0.48,0,6
553,1,0,0.0,0.48,12,0.48,0,6
554,1,0,0.0,0.48,12,0.48,0,6
555,2,1,17.50569,0.52,13,0.52,0,6
556,1,0,0.0,0.52,13,0.52,0,6
557,1,0,0.0,0.52,13,0.52,0,6
558,2,1,14.291435,0.56,14,0.56,0,6
559,1,0,0.0,0.56,14,0.56,0,6
560,2,1,-11.786911,0.6,15,0.6,0,6
561,0,-1,-0.0,0.6,15,0.6,0,6
562,0,-1,-0.0,0.6,15,0.6,0,6
563,0,-1,-0.0,0.6,15,0.6,0,6
564,2,1,9.9522505,0.64,16,0.64,0,6
565,0,-1,-0.0,0.64,16,0.64,0,6
566,2,1,6.016442,0.68,17,0.68,0,6
567,1,0,0.0,0.68,17,0.68,0,6
568,0,-1,17.735935,0.64,16,0.64,0,6
569,2,1,5.9229755,0.68,17,0.68,0,6
570,1,0,0.0,0.68,17,0.68,0,6
571,0,-1,-0.0,0.68,17,0.68,0,6
572,2,1,-0.98023266,0.72,18,0.72,0,6
573,2,1,-8.49467,0.76,19,0.76,0,6
574,2,1,-21.12388,0.8,20,0.8,0,6
575,1,0,0.0,0.8,20,0.8,0,6
576,2,1,-62.803593,0.84,21,0.84,0,6
577,1,0,0.0,0.84,21,0.84,0,6
578,0,-1,41.108585,0.8,20,0.8,0,6
579,2,1,-34.306828,0.84,21,0.84,0,6
580,1,0,0.0,0.84,21,0.84,0,6
581,2,1,-81.71244,0.88,22,0.88,0,6
582,2,1,-208.61096,0.92,23,0.92,0,6
583,2,1,-100.0,0.0,0,0.0,0,6
584,1,0,0.0,0.16,4,0.16,0,7
585,0,-1,-0.0,0.16,4,0.16,0,7
586,0,-1,-0.0,0.16,4,0.16,0,7
587,1,0,0.0,0.16,4,0.16,0,7
588,2,1,28.364332,0.2,5,0.2,0,7
589,0,-1,-0.0,0.2,5,0.2,0,7
590,1,0,0.0,0.2,5,0.2,0,7
591,0,-1,-0.0,0.2,5,0.2,0,7
592,1,0,0.0,0.2,5,0.2,0,7
593,0,-1,-0.0,0.2,5,0.2,0,7
594,0,-1,-0.0,0.2,5,0.2,0,7
595,2,1,28.208652,0.24,6,0.24,0,7
596,0,-1,-0.0,0.24,6,0.24,0,7
597,2,1,26.767761,0.28,7,0.28,0,7
598,1,0,0.0,0.28,7,0.28,0,7
599,2,1,-4.847379,0.32,8,0.32,0,7
600,1,0,0.0,0.32,8,0.32,0,7
601,1,0,0.0,0.32,8,0.32,0,7
602,2,1,24.369835,0.36,9,0.36,0,7
603,0,-1,-27.225174,0.32,8,0.32,0,7
604,1,0,0.0,0.32,8,0.32,0,7
605,2,1,27.225174,0.36,9,0.36,0,7
606,2,1,-5.829462,0.4,10,0.4,0,7
607,1,0,0.0,0.4,10,0.4,0,7
608,2,1,21.522146,0.44,11,0.44,0,7
609,0,-1,-23.129503,0.4,10,0.4,0,7
610,0,-1,-22.213333,0.36,9,0.36,0,7
611,0,-1,-0.0,0.36,9,0.36,0,7
612,2,1,-5.82959,0.4,10,0.4,0,7
613,2,1,-6.520809,0.44,11,0.44,0,7
614,0,-1,-0.0,0.44,11,0.44,0,7
615,2,1,-7.3912225,0.48,12,0.48,0,7
616,1,0,0.0,0.48,12,0.48,0,7
617,2,1,19.999044,0.52,13,0.52,0,7
618,1,0,0.0,0.52,13,0.52,0,7
619,2,1,-9.92201,0.56,14,0.56,0,7
620,0,-1,-0.0,0.56,14,0.56,0,7
621,0,-1,9.92201,0.52,13,0.52,0,7
622,0,-1,8.49764,0.48,12,0.48,0,7
623,2,1,-8.49764,0.52,13,0.52,0,7
624,0,-1,-24.007345,0.48,12,0.48,0,7
625,2,1,-8.4982815,0.52,13,0.52,0,7
626,2,1,-9.92185,0.56,14,0.56,0,7
627,0,-1,9.921985,0.52,13,0.52,0,7
628,2,1,-9.921985,0.56,14,0.56,0,7
629,0,-1,-0.0,0.56,14,0.56,0,7
630,2,1,16.470173,0.6,15,0.6,0,7
631,0,-1,11.786749,0.56,14,0.56,0,7
632,2,1,-11.786749,0.6,15,0.6,0,7
633,0,-1,11.786749,0.56,14,0.56,0,7
634,2,1,14.146816,0.6,15,0.6,0,7
635,0,-1,11.786884,0.56,14,0.56,0,7
636,0,-1,-0.0,0.56,14,0.56,0,7
637,2,1,17.863403,0.6,15,0.6,0,7
638,0,-1,-14.146816,0.56,14,0.56,0,7
639,0,-1,9.921343,0.52,13,0.52,0,7
640,0,-1,-21.152006,0.48,12,0.48,0,7
641,1,0,0.0,0.48,12,0.48,0,7
642,2,1,-8.498312,0.52,13,0.52,0,7
643,2,1,-9.921978,0.56,14,0.56,0,7
644,1,0,0.0,0.56,14,0.56,0,7
645,2,1,17.863403,0.6,15,0.6,0,7
646,2,1,12.476384,0.64,16,0.64,0,7
647,1,0,0.0,0.64,16,0.64,0,7
648,2,1,6.768734,0.68,17,0.68,0,7
649,1,0,0.0,0.68,17,0.68,0,7
650,0,-1,-0.0,0.68,17,0.68,0,7
651,0,-1,-0.0,0.68,17,0.68,0,7
652,2,1,-0.16183512,0.72,18,0.72,0,7
653,0,-1,-0.0,0.72,18,0.72,0,7
654,2,1,-30.097906,0.76,19,0.76,0,7
655,2,1,-14.215197,0.8,20,0.8,0,7
656,1,0,0.0,0.8,20,0.8,0,7
657,0,-1,-0.0,0.8,20,0.8,0,7
658,0,-1,41.98597,0.76,19,0.76,0,7
659,0,-1,-0.0,0.76,19,0.76,0,7
660,2,1,-41.986008,0.8,20,0.8,0,7
661,1,0,0.0,0.8,20,0.8,0,7
662,2,1,-42.41413,0.84,21,0.84,0,7
663,2,1,-78.452995,0.88,22,0.88,0,7
664,1,0,0.0,0.88,22,0.88,0,7
665,0,-1,-0.0,0.88,22,0.88,0,7
666,1,0,0.0,0.88,22,0.88,0,7
667,0,-1,-0.0,0.88,22,0.88,0,7
668,0,-1,-0.0,0.88,22,0.88,0,7
669,1,0,0.0,0.88,22,0.88,0,7
670,0,-1,84.06695,0.84,21,0.84,0,7
671,2,1,-78.67113,0.88,22,0.88,0,7
672,1,0,0.0,0.88,22,0.88,0,7
673,2,1,-182.04965,0.92,23,0.92,0,7
674,0,-1,182.60696,0.88,22,0.88,0,7
675,1,0,0.0,0.88,22,0.88,0,7
676,0,-1,81.943,0.84,21,0.84,0,7
677,0,-1,36.242878,0.8,20,0.8,0,7
678,2,1,-62.804184,0.84,21,0.84,0,7
679,1,0,0.0,0.84,21,0.84,0,7
680,0,-1,-0.0,0.84,21,0.84,0,7
681,2,1,-104.457,0.88,22,0.88,0,7
682,2,1,-176.1053,0.92,23,0.92,0,7
683,2,1,-597.9333,0.96,24,0.96,0,7
684,2,1,25.589413,1.0,25,1.0,0,7
685,1,0,-1000.0,0.0,0,0.0,0,7
686,1,0,0.0,0.16,4,0.16,0,8
687,1,0,0.0,0.16,4,0.16,0,8
688,0,-1,-0.0,0.16,4,0.16,0,8
689,2,1,28.364332,0.2,5,0.2,0,8
690,0,-1,-28.364332,0.16,4,0.16,0,8
691,2,1,28.346605,0.2,5,0.2,0,8
692,1,0,0.0,0.2,5,0.2,0,8
693,2,1,-4.278605,0.24,6,0.24,0,8
694,2,1,23.740671,0.28,7,0.28,0,8
695,0,-1,-0.0,0.28,7,0.28,0,8
696,2,1,21.713335,0.32,8,0.32,0,8
697,1,0,0.0,0.32,8,0.32,0,8
698,0,-1,4.847297,0.28,7,0.28,0,8
699,1,0,0.0,0.28,7,0.28,0,8
700,2,1,26.436209,0.32,8,0.32,0,8
701,1,0,0.0,0.32,8,0.32,0,8
702,1,0,0.0,0.32,8,0.32,0,8
703,2,1,27.225174,0.36,9,0.36,0,8
704,0,-1,-0.0,0.36,9,0.36,0,8
705,2,1,25.459835,0.4,10,0.4,0,8
706,1,0,0.0,0.4,10,0.4,0,8
707,1,0,0.0,0.4,10,0.4,0,8
708,2,1,18.746964,0.44,11,0.44,0,8
709,2,1,22.258423,0.48,12,0.48,0,8
710,0,-1,-0.0,0.48,12,0.48,0,8
711,1,0,0.0,0.48,12,0.48,0,8
712,1,0,0.0,0.48,12,0.48,0,8
713,1,0,0.0,0.48,12,0.48,0,8
714,0,-1,-0.0,0.48,12,0.48,0,8
715,2,1,15.030403,0.52,13,0.52,0,8
716,0,-1,-21.152006,0.48,12,0.48,0,8
717,0,-1,-23.897566,0.44,11,0.44,0,8
718,2,1,15.307467,0.48,12,0.48,0,8
719,0,-1,-0.0,0.48,12,0.48,0,8
720,2,1,17.50569,0.52,13,0.52,0,8
721,1,0,0.0,0.52,13,0.52,0,8
722,1,0,0.0,0.52,13,0.52,0,8
723,0,-1,-17.50569,0.48,12,0.48,0,8
724,1,0,0.0,0.48,12,0.48,0,8
725,2,1,11.802843,0.52,13,0.52,0,8
726,0,-1,-0.0,0.52,13,0.52,0,8
727,2,1,21.367445,0.56,14,0.56,0,8
728,2,1,9.48836,0.6,15,0.6,0,8
729,2,1,15.365936,0.64,16,0.64,0,8
730,1,0,0.0,0.64,16,0.64,0,8
731,2,1,1.3661044,0.68,17,0.68,0,8
732,0,-1,-0.0,0.68,17,0.68,0,8
733,2,1,-1.8090308,0.72,18,0.72,0,8
734,0,-1,-0.0,0.72,18,0.72,0,8
735,2,1,-0.44758847,0.76,19,0.76,0,8
736,2,1,-14.214226,0.8,20,0.8,0,8
737,1,0,0.0,0.8,20,0.8,0,8
738,0,-1,-0.0,0.8,20,0.8,0,8
739,2,1,-34.30289,0.84,21,0.84,0,8
740,0,-1,-0.0,0.84,21,0.84,0,8
741,2,1,-78.52065,0.88,22,0.88,0,8
742,0,-1,-0.0,0.88,22,0.88,0,8
743,1,0,0.0,0.88,22,0.88,0,8
744,2,1,-181.2783,0.92,23,0.92,0,8
745,1,0,0.0,0.92,23,0.92,0,8
746,1,0,0.0,0.92,23,0.92,0,8
747,1,0,0.0,0.92,23,0.92,0,8
748,0,-1,181.2783,0.88,22,0.88,0,8
749,2,1,-180.84015,0.92,23,0.92,0,8
750,1,0,0.0,0.92,23,0.92,0,8
751,0,-1,188.3098,0.88,22,0.88,0,8
752,2,1,-185.13611,0.92,23,0.92,0,8
753,0,-1,185.13611,0.88,22,0.88,0,8
754,1,0,0.0,0.88,22,0.88,0,8
755,1,0,0.0,0.88,22,0.88,0,8
756,2,1,-189.71243,0.92,23,0.92,0,8
757,2,1,-605.98376,0.96,24,0.96,0,8
758,1,0,0.0,0.96,24,0.96,0,8
759,2,1,-100.0,0.0,0,0.0,0,8
760,1,0,0.0,0.16,4,0.16,0,9
761,1,0,0.0,0.16,4,0.16,0,9
762,2,1,-4.1406527,0.2,5,0.2,0,9
763,2,1,28.208652,0.24,6,0.24,0,9
764,1,0,0.0,0.24,6,0.24,0,9
765,1,0,0.0,0.24,6,0.24,0,9
766,2,1,26.767761,0.28,7,0.28,0,9
767,0,-1,-0.0,0.28,7,0.28,0,9
768,0,-1,-26.767761,0.24,6,0.24,0,9
769,0,-1,-0.0,0.24,6,0.24,0,9
770,2,1,26.767761,0.28,7,0.28,0,9
771,2,1,-4.847379,0.32,8,0.32,0,9
772,1,0,0.0,0.32,8,0.32,0,9
773,1,0,0.0,0.32,8,0.32,0,9
774,1,0,0.0,0.32,8,0.32,0,9
775,1,0,0.0,0.32,8,0.32,0,9
776,0,-1,4.847379,0.28,7,0.28,0,9
777,2,1,23.649387,0.32,8,0.32,0,9
778,2,1,20.653248,0.36,9,0.36,0,9
779,0,-1,-0.0,0.36,9,0.36,0,9
780,2,1,23.820692,0.4,10,0.4,0,9
781,0,-1,-0.0,0.4,10,0.4,0,9
782,1,0,0.0,0.4,10,0.4,0,9
783,0,-1,-20.104105,0.36,9,0.36,0,9
784,1,0,0.0,0.36,9,0.36,0,9
785,2,1,21.941185,0.4,10,0.4,0,9
786,0,-1,-21.941185,0.36,9,0.36,0,9
787,2,1,-5.8295965,0.4,10,0.4,0,9
788,1,0,0.0,0.4,10,0.4,0,9
789,1,0,0.0,0.4,10,0.4,0,9
790,0,-1,-0.0,0.4,10,0.4,0,9
791,1,0,0.0,0.4,10,0.4,0,9
792,1,0,0.0,0.4,10,0.4,0,9
793,1,0,0.0,0.4,10,0.4,0,9
794,2,1,-6.5206485,0.44,11,0.44,0,9
795,1,0,0.0,0.44,11,0.44,0,9
796,0,-1,-21.976542,0.4,10,0.4,0,9
797,2,1,-6.5202236,0.44,11,0.44,0,9
798,1,0,0.0,0.44,11,0.44,0,9
799,2,1,20.378916,0.48,12,0.48,0,9
800,0,-1,-0.0,0.48,12,0.48,0,9
801,1,0,0.0,0.48,12,0.48,0,9
802,2,1,18.834341,0.52,13,0.52,0,9
803,1,0,0.0,0.52,13,0.52,0,9
804,2,1,15.448675,0.56,14,0.56,0,9
805,1,0,0.0,0.56,14,0.56,0,9
806,2,1,13.802496,0.6,15,0.6,0,9
807,1,0,0.0,0.6,15,0.6,0,9
808,1,0,0.0,0.6,15,0.6,0,9
809,0,-1,11.7863245,0.56,14,0.56,0,9
810,0,-1,9.92185,0.52,13,0.52,0,9
811,2,1,13.310036,0.56,14,0.56,0,9
812,2,1,9.335522,0.6,15,0.6,0,9
813,1,0,0.0,0.6,15,0.6,0,9
814,0,-1,-0.0,0.6,15,0.6,0,9
815,2,1,11.499346,0.64,16,0.64,0,9
816,2,1,6.016442,0.68,17,0.68,0,9
817,1,0,0.0,0.68,17,0.68,0,9
818,0,-1,-0.0,0.68,17,0.68,0,9
819,2,1,-0.98023266,0.72,18,0.72,0,9
820,2,1,-100.0,0.0,0,0.0,0,9
821,2,1,28.346605,0.2,5,0.2,0,10
822,2,1,23.97781,0.24,6,0.24,0,10
823,0,-1,-23.97781,0.2,5,0.2,0,10
824,2,1,-4.278605,0.24,6,0.24,0,10
825,0,-1,4.278605,0.2,5,0.2,0,10
826,1,0,0.0,0.2,5,0.2,0,10
827,1,0,0.0,0.2,5,0.2,0,10
828,1,0,0.0,0.2,5,0.2,0,10
829,0,-1,-0.0,0.2,5,0.2,0,10
830,1,0,0.0,0.2,5,0.2,0,10
831,2,1,23.97781,0.24,6,0.24,0,10
832,0,-1,-23.97781,0.2,5,0.2,0,10
833,0,-1,-0.0,0.2,5,0.2,0,10
834,0,-1,-0.0,0.2,5,0.2,0,10
835,2,1,-4.278605,0.24,6,0.24,0,10
836,0,-1,4.278605,0.2,5,0.2,0,10
837,1,0,0.0,0.2,5,0.2,0,10
838,2,1,28.22638,0.24,6,0.24,0,10
839,0,-1,-0.0,0.24,6,0.24,0,10
840,1,0,0.0,0.24,6,0.24,0,10
841,2,1,23.740671,0.28,7,0.28,0,10
842,0,-1,-27.98924,0.24,6,0.24,0,10
843,1,0,0.0,0.24,6,0.24,0,10
844,0,-1,-0.0,0.24,6,0.24,0,10
845,0,-1,-0.0,0.24,6,0.24,0,10
846,1,0,0.0,0.24,6,0.24,0,10
847,0,-1,-23.97781,0.2,5,0.2,0,10
848,2,1,27.0049,0.24,6,0.24,0,10
849,0,-1,-0.0,0.24,6,0.24,0,10
850,0,-1,-0.0,0.24,6,0.24,0,10
851,2,1,23.98094,0.28,7,0.28,0,10
852,1,0,0.0,0.28,7,0.28,0,10
853,1,0,0.0,0.28,7,0.28,0,10
854,0,-1,-0.0,0.28,7,0.28,0,10
855,2,1,24.80235,0.32,8,0.32,0,10
856,0,-1,-0.0,0.32,8,0.32,0,10
857,2,1,22.490328,0.36,9,0.36,0,10
858,1,0,0.0,0.36,9,0.36,0,10
859,2,1,26.67603,0.4,10,0.4,0,10
860,2,1,-6.5201416,0.44,11,0.44,0,10
861,0,-1,-25.984842,0.4,10,0.4,0,10
862,2,1,20.811838,0.44,11,0.44,0,10
863,0,-1,-0.0,0.44,11,0.44,0,10
864,2,1,18.393976,0.48,12,0.48,0,10
865,2,1,17.091099,0.52,13,0.52,0,10
866,2,1,13.830365,0.56,14,0.56,0,10
867,0,-1,9.921343,0.52,13,0.52,0,10
868,2,1,11.7735815,0.56,14,0.56,0,10
869,2,1,-11.7862425,0.6,15,0.6,0,10
870,2,1,11.084164,0.64,16,0.64,0,10
871,2,1,-100.0,0.0,0,0.0,0,10
872,2,1,28.346605,0.2,5,0.2,0,11
873,1,0,0.0,0.2,5,0.2,0,11
874,2,1,-4.278605,0.24,6,0.24,0,11
875,2,1,27.98924,0.28,7,0.28,0,11
876,1,0,0.0,0.28,7,0.28,0,11
877,1,0,0.0,0.28,7,0.28,0,11
878,1,0,0.0,0.28,7,0.28,0,11
879,2,1,-4.847379,0.32,8,0.32,0,11
880,1,0,0.0,0.32,8,0.32,0,11
881,2,1,-5.280317,0.36,9,0.36,0,11
882,2,1,25.454552,0.4,10,0.4,0,11
883,0,-1,-0.0,0.4,10,0.4,0,11
884,2,1,-6.520784,0.44,11,0.44,0,11
885,2,1,-7.391891,0.48,12,0.48,0,11
886,0,-1,7.3917294,0.44,11,0.44,0,11
887,1,0,0.0,0.44,11,0.44,0,11
888,0,-1,6.5208097,0.4,10,0.4,0,11
889,0,-1,-26.67603,0.36,9,0.36,0,11
890,1,0,0.0,0.36,9,0.36,0,11
891,2,1,23.820692,0.4,10,0.4,0,11
892,0,-1,-0.0,0.4,10,0.4,0,11
893,0,-1,-0.0,0.4,10,0.4,0,11
894,1,0,0.0,0.4,10,0.4,0,11
895,1,0,0.0,0.4,10,0.4,0,11
896,2,1,21.736273,0.44,11,0.44,0,11
897,1,0,0.0,0.44,11,0.44,0,11
898,1,0,0.0,0.44,11,0.44,0,11
899,1,0,0.0,0.44,11,0.44,0,11
900,1,0,0.0,0.44,11,0.44,0,11
901,0,-1,-21.736273,0.4,10,0.4,0,11
902,1,0,0.0,0.4,10,0.4,0,11
903,0,-1,-0.0,0.4,10,0.4,0,11
904,1,0,0.0,0.4,10,0.4,0,11
905,2,1,-6.5207767,0.44,11,0.44,0,11
906,0,-1,-0.0,0.44,11,0.44,0,11
907,1,0,0.0,0.44,11,0.44,0,11
908,1,0,0.0,0.44,11,0.44,0,11
909,1,0,0.0,0.44,11,0.44,0,11
910,2,1,19.940758,0.48,12,0.48,0,11
911,2,1,24.007345,0.52,13,0.52,0,11
912,2,1,18.57534,0.56,14,0.56,0,11
913,0,-1,-18.57534,0.52,13,0.52,0,11
914,1,0,0.0,0.52,13,0.52,0,11
915,0,-1,-0.0,0.52,13,0.52,0,11
916,2,1,-9.92185,0.56,14,0.56,0,11
917,0,-1,9.921978,0.52,13,0.52,0,11
918,0,-1,-0.0,0.52,13,0.52,0,11
919,0,-1,8.498146,0.48,12,0.48,0,11
920,2,1,-8.498307,0.52,13,0.52,0,11
921,2,1,17.848795,0.56,14,0.56,0,11
922,2,1,13.998958,0.6,15,0.6,0,11
923,2,1,-14.2864895,0.64,16,0.64,0,11
924,0,-1,-0.0,0.64,16,0.64,0,11
925,1,0,0.0,0.64,16,0.64,0,11
926,0,-1,14.286522,0.6,15,0.6,0,11
927,2,1,-14.286362,0.64,16,0.64,0,11
928,2,1,10.761417,0.68,17,0.68,0,11
929,2,1,1.0765506,0.72,18,0.72,0,11
930,2,1,-8.447942,0.76,19,0.76,0,11
931,1,0,0.0,0.76,19,0.76,0,11
932,0,-1,2.7652535,0.72,18,0.72,0,11
933,2,1,-6.4389925,0.76,19,0.76,0,11
934,1,0,0.0,0.76,19,0.76,0,11
935,0,-1,30.097876,0.72,18,0.72,0,11
936,1,0,0.0,0.72,18,0.72,0,11
937,0,-1,22.675665,0.68,17,0.68,0,11
938,0,-1,-0.0,0.68,17,0.68,0,11
939,0,-1,-0.0,0.68,17,0.68,0,11
940,0,-1,-0.0,0.68,17,0.68,0,11
941,1,0,0.0,0.68,17,0.68,0,11
942,1,0,0.0,0.68,17,0.68,0,11
943,2,1,4.656823,0.72,18,0.72,0,11
944,0,-1,22.675158,0.68,17,0.68,0,11
945,1,0,0.0,0.68,17,0.68,0,11
946,0,-1,17.7359,0.64,16,0.64,0,11
947,0,-1,-0.0,0.64,16,0.64,0,11
948,0,-1,-7.3634386,0.6,15,0.6,0,11
949,1,0,0.0,0.6,15,0.6,0,11
950,2,1,7.31671,0.64,16,0.64,0,11
951,2,1,3.9596586,0.68,17,0.68,0,11
952,1,0,0.0,0.68,17,0.68,0,11
953,2,1,8.613631,0.72,18,0.72,0,11
954,0,-1,22.67524,0.68,17,0.68,0,11
955,1,0,0.0,0.68,17,0.68,0,11
956,2,1,3.2579012,0.72,18,0.72,0,11
957,2,1,-100.0,0.0,0,0.0,0,11
958,2,1,-4.1406527,0.2,5,0.2,0,12
959,2,1,28.208652,0.24,6,0.24,0,12
960,2,1,-4.516251,0.28,7,0.28,0,12
961,1,0,0.0,0.28,7,0.28,0,12
962,1,0,0.0,0.28,7,0.28,0,12
963,0,-1,-27.971514,0.24,6,0.24,0,12
964,1,0,0.0,0.24,6,0.24,0,12
965,0,-1,4.279112,0.2,5,0.2,0,12
966,1,0,0.0,0.2,5,0.2,0,12
967,1,0,0.0,0.2,5,0.2,0,12
968,0,-1,4.1406527,0.16,4,0.16,0,12
969,0,-1,-0.0,0.16,4,0.16,0,12
970,2,1,28.364332,0.2,5,0.2,0,12
971,1,0,0.0,0.2,5,0.2,0,12
972,0,-1,-28.364332,0.16,4,0.16,0,12
973,2,1,28.346605,0.2,5,0.2,0,12
974,1,0,0.0,0.2,5,0.2,0,12
975,2,1,27.0049,0.24,6,0.24,0,12
976,2,1,-4.515744,0.28,7,0.28,0,12
977,1,0,0.0,0.28,7,0.28,0,12
978,2,1,23.409119,0.32,8,0.32,0,12
979,1,0,0.0,0.32,8,0.32,0,12
980,0,-1,4.847297,0.28,7,0.28,0,12
981,2,1,24.80235,0.32,8,0.32,0,12
982,0,-1,-23.409119,0.28,7,0.28,0,12
983,1,0,0.0,0.28,7,0.28,0,12
984,0,-1,-0.0,0.28,7,0.28,0,12
985,2,1,22.922842,0.32,8,0.32,0,12
986,0,-1,-0.0,0.32,8,0.32,0,12
987,2,1,20.308928,0.36,9,0.36,0,12
988,1,0,0.0,0.36,9,0.36,0,12
989,2,1,22.427462,0.4,10,0.4,0,12
990,2,1,20.811838,0.44,11,0.44,0,12
991,1,0,0.0,0.44,11,0.44,0,12
992,0,-1,-0.0,0.44,11,0.44,0,12
993,0,-1,-20.811838,0.4,10,0.4,0,12
994,1,0,0.0,0.4,10,0.4,0,12
995,2,1,25.984842,0.44,11,0.44,0,12
996,0,-1,-0.0,0.44,11,0.44,0,12
997,2,1,-7.3912225,0.48,12,0.48,0,12
998,0,-1,7.3912225,0.44,11,0.44,0,12
999,0,-1,-0.0,0.44,11,0.44,0,12
1000,1,0,0.0,0.44,11,0.44,0,12
1001,2,1,16.065376,0.48,12,0.48,0,12
1002,2,1,15.062407,0.52,13,0.52,0,12
1003,0,-1,-0.0,0.52,13,0.52,0,12
1004,0,-1,-19.758776,0.48,12,0.48,0,12
1005,1,0,0.0,0.48,12,0.48,0,12
1006,0,-1,-25.113762,0.44,11,0.44,0,12
1007,2,1,14.01228,0.48,12,0.48,0,12
1008,1,0,0.0,0.48,12,0.48,0,12
1009,0,-1,-0.0,0.48,12,0.48,0,12
1010,2,1,17.28756,0.52,13,0.52,0,12
1011,1,0,0.0,0.52,13,0.52,0,12
1012,2,1,11.533877,0.56,14,0.56,0,12
1013,1,0,0.0,0.56,14,0.56,0,12
1014,2,1,9.564119,0.6,15,0.6,0,12
1015,0,-1,-0.0,0.6,15,0.6,0,12
1016,0,-1,-13.998958,0.56,14,0.56,0,12
1017,2,1,-100.0,0.0,0,0.0,0,12
1018,1,0,0.0,0.16,4,0.16,0,13
1019,2,1,28.346605,0.2,5,0.2,0,13
1020,2,1,-4.278605,0.24,6,0.24,0,13
1021,2,1,26.767761,0.28,7,0.28,0,13
1022,2,1,-4.8479395,0.32,8,0.32,0,13
1023,1,0,0.0,0.32,8,0.32,0,13
1024,2,1,27.225174,0.36,9,0.36,0,13
1025,2,1,23.820692,0.4,10,0.4,0,13
1026,2,1,21.249996,0.44,11,0.44,0,13
1027,2,1,-7.39189,0.48,12,0.48,0,13
1028,1,0,0.0,0.48,12,0.48,0,13
1029,2,1,17.28756,0.52,13,0.52,0,13
1030,0,-1,-0.0,0.52,13,0.52,0,13
1031,1,0,0.0,0.52,13,0.52,0,13
1032,0,-1,-24.007345,0.48,12,0.48,0,13
1033,1,0,0.0,0.48,12,0.48,0,13
1034,1,0,0.0,0.48,12,0.48,0,13
1035,1,0,0.0,0.48,12,0.48,0,13
1036,0,-1,7.39189,0.44,11,0.44,0,13
1037,2,1,25.113762,0.48,12,0.48,0,13
1038,2,1,18.834341,0.52,13,0.52,0,13
1039,1,0,0.0,0.52,13,0.52,0,13
1040,0,-1,8.4982815,0.48,12,0.48,0,13
1041,1,0,0.0,0.48,12,0.48,0,13
1042,1,0,0.0,0.48,12,0.48,0,13
1043,2,1,16.625448,0.52,13,0.52,0,13
1044,2,1,-9.921425,0.56,14,0.56,0,13
1045,1,0,0.0,0.56,14,0.56,0,13
1046,1,0,0.0,0.56,14,0.56,0,13
1047,2,1,11.321744,0.6,15,0.6,0,13
1048,2,1,9.465854,0.64,16,0.64,0,13
1049,1,0,0.0,0.64,16,0.64,0,13
1050,1,0,0.0,0.64,16,0.64,0,13
1051,2,1,3.2610621,0.68,17,0.68,0,13
1052,2,1,2.913581,0.72,18,0.72,0,13
1053,2,1,-1.6005503,0.76,19,0.76,0,13
1054,2,1,-19.009306,0.8,20,0.8,0,13
1055,0,-1,-0.0,0.8,20,0.8,0,13
1056,2,1,-41.108585,0.84,21,0.84,0,13
1057,2,1,-82.80703,0.88,22,0.88,0,13
1058,1,0,0.0,0.88,22,0.88,0,13
1059,2,1,-189.02892,0.92,23,0.92,0,13
1060,2,1,-605.707,0.96,24,0.96,0,13
1061,1,0,0.0,0.96,24,0.96,0,13
1062,1,0,0.0,0.96,24,0.96,0,13
1063,1,0,0.0,0.96,24,0.96,0,13
1064,2,1,23.457272,1.0,25,1.0,0,13
1065,2,1,-1000.0,0.0,0,0.0,0,13
1066,2,1,-4.1406527,0.2,5,0.2,0,14
1067,0,-1,4.1406527,0.16,4,0.16,0,14
1068,2,1,-4.1407347,0.2,5,0.2,0,14
1069,2,1,28.22638,0.24,6,0.24,0,14
1070,0,-1,4.278687,0.2,5,0.2,0,14
1071,1,0,0.0,0.2,5,0.2,0,14
1072,1,0,0.0,0.2,5,0.2,0,14
1073,2,1,23.763681,0.24,6,0.24,0,14
1074,1,0,0.0,0.24,6,0.24,0,14
1075,2,1,-4.515826,0.28,7,0.28,0,14
1076,0,-1,-0.0,0.28,7,0.28,0,14
1077,2,1,27.639961,0.32,8,0.32,0,14
1078,1,0,0.0,0.32,8,0.32,0,14
1079,2,1,-5.2804456,0.36,9,0.36,0,14
1080,1,0,0.0,0.36,9,0.36,0,14
1081,0,-1,-22.762478,0.32,8,0.32,0,14
1082,0,-1,-27.657686,0.28,7,0.28,0,14
1083,2,1,26.436209,0.32,8,0.32,0,14
1084,0,-1,-0.0,0.32,8,0.32,0,14
1085,2,1,24.369835,0.36,9,0.36,0,14
1086,0,-1,-0.0,0.36,9,0.36,0,14
1087,2,1,21.941185,0.4,10,0.4,0,14
1088,0,-1,-0.0,0.4,10,0.4,0,14
1089,1,0,0.0,0.4,10,0.4,0,14
1090,2,1,19.265059,0.44,11,0.44,0,14
1091,2,1,-7.3918905,0.48,12,0.48,0,14
1092,1,0,0.0,0.48,12,0.48,0,14
1093,0,-1,-0.0,0.48,12,0.48,0,14
1094,2,1,15.254068,0.52,13,0.52,0,14
1095,2,1,17.410637,0.56,14,0.56,0,14
1096,1,0,0.0,0.56,14,0.56,0,14
1097,2,1,11.872,0.6,15,0.6,0,14
1098,1,0,0.0,0.6,15,0.6,0,14
1099,1,0,0.0,0.6,15,0.6,0,14
1100,1,0,0.0,0.6,15,0.6,0,14
1101,2,1,7.409071,0.64,16,0.64,0,14
1102,2,1,7.853472,0.68,17,0.68,0,14
1103,0,-1,-9.596714,0.64,16,0.64,0,14
1104,1,0,0.0,0.64,16,0.64,0,14
1105,2,1,-100.0,0.0,0,0.0,0,14
1106,2,1,28.346605,0.2,5,0.2,0,15
1107,2,1,-4.278605,0.24,6,0.24,0,15
1108,2,1,26.767761,0.28,7,0.28,0,15
1109,0,-1,4.515744,0.24,6,0.24,0,15
1110,2,1,23.98094,0.28,7,0.28,0,15
1111,1,0,0.0,0.28,7,0.28,0,15
1112,0,-1,-0.0,0.28,7,0.28,0,15
1113,2,1,21.914942,0.32,8,0.32,0,15
1114,2,1,19.559298,0.36,9,0.36,0,15
1115,2,1,23.820692,0.4,10,0.4,0,15
1116,0,-1,-0.0,0.4,10,0.4,0,15
1117,2,1,-6.5201416,0.44,11,0.44,0,15
1118,0,-1,-0.0,0.44,11,0.44,0,15
1119,2,1,17.112778,0.48,12,0.48,0,15
1120,2,1,17.43542,0.52,13,0.52,0,15
1121,1,0,0.0,0.52,13,0.52,0,15
1122,1,0,0.0,0.52,13,0.52,0,15
1123,1,0,0.0,0.52,13,0.52,0,15
1124,1,0,0.0,0.52,13,0.52,0,15
1125,0,-1,-17.43542,0.48,12,0.48,0,15
1126,1,0,0.0,0.48,12,0.48,0,15
1127,0,-1,7.3912225,0.44,11,0.44,0,15
1128,2,1,19.940758,0.48,12,0.48,0,15
1129,1,0,0.0,0.48,12,0.48,0,15
1130,2,1,16.87238,0.52,13,0.52,0,15
1131,1,0,0.0,0.52,13,0.52,0,15
1132,0,-1,-16.341469,0.48,12,0.48,0,15
1133,1,0,0.0,0.48,12,0.48,0,15
1134,0,-1,-17.112778,0.44,11,0.44,0,15
1135,1,0,0.0,0.44,11,0.44,0,15
1136,2,1,20.378916,0.48,12,0.48,0,15
1137,2,1,17.091099,0.52,13,0.52,0,15
1138,1,0,0.0,0.52,13,0.52,0,15
1139,0,-1,-16.87238,0.48,12,0.48,0,15
1140,2,1,14.95896,0.52,13,0.52,0,15
1141,1,0,0.0,0.52,13,0.52,0,15
1142,1,0,0.0,0.52,13,0.52,0,15
1143,0,-1,-18.834341,0.48,12,0.48,0,15
1144,0,-1,-0.0,0.48,12,0.48,0,15
1145,1,0,0.0,0.48,12,0.48,0,15
1146,2,1,-8.497722,0.52,13,0.52,0,15
1147,2,1,11.48216,0.56,14,0.56,0,15
1148,0,-1,-0.0,0.56,14,0.56,0,15
1149,2,1,-100.0,0.0,0,0.0,0,15
1150,2,1,28.364332,0.2,5,0.2,0,16
1151,2,1,27.010183,0.24,6,0.24,0,16
1152,2,1,25.136045,0.28,7,0.28,0,16
1153,0,-1,-0.0,0.28,7,0.28,0,16
1154,2,1,23.653324,0.32,8,0.32,0,16
1155,0,-1,-23.653324,0.28,7,0.28,0,16
1156,1,0,0.0,0.28,7,0.28,0,16
1157,0,-1,-0.0,0.28,7,0.28,0,16
1158,2,1,22.923813,0.32,8,0.32,0,16
1159,2,1,20.30944,0.36,9,0.36,0,16
1160,0,-1,-0.0,0.36,9,0.36,0,16
1161,0,-1,-0.0,0.36,9,0.36,0,16
1162,2,1,19.956709,0.4,10,0.4,0,16
1163,2,1,21.980478,0.44,11,0.44,0,16
1164,0,-1,-21.980478,0.4,10,0.4,0,16
1165,2,1,17.138338,0.44,11,0.44,0,16
1166,1,0,0.0,0.44,11,0.44,0,16
1167,1,0,0.0,0.44,11,0.44,0,16
1168,0,-1,-0.0,0.44,11,0.44,0,16
1169,2,1,16.06564,0.48,12,0.48,0,16
1170,2,1,23.989618,0.52,13,0.52,0,16
1171,2,1,13.830591,0.56,14,0.56,0,16
1172,2,1,-11.7863245,0.6,15,0.6,0,16
1173,2,1,7.064641,0.64,16,0.64,0,16
1174,1,0,0.0,0.64,16,0.64,0,16
1175,0,-1,-7.064641,0.6,15,0.6,0,16
1176,2,1,7.4091825,0.64,16,0.64,0,16
1177,1,0,0.0,0.64,16,0.64,0,16
1178,2,1,3.6152287,0.68,17,0.68,0,16
1179,0,-1,-0.0,0.68,17,0.68,0,16
1180,0,-1,-14.751992,0.64,16,0.64,0,16
1181,2,1,-100.0,0.0,0,0.0,0,16
1182,1,0,0.0,0.16,4,0.16,0,17
1183,2,1,28.346605,0.2,5,0.2,0,17
1184,1,0,0.0,0.2,5,0.2,0,17
1185,0,-1,-28.346605,0.16,4,0.16,0,17
1186,2,1,28.346605,0.2,5,0.2,0,17
1187,0,-1,-28.346605,0.16,4,0.16,0,17
1188,1,0,0.0,0.16,4,0.16,0,17
1189,0,-1,-0.0,0.16,4,0.16,0,17
1190,2,1,-4.1406527,0.2,5,0.2,0,17
1191,1,0,0.0,0.2,5,0.2,0,17
1192,2,1,28.22638,0.24,6,0.24,0,17
1193,2,1,-4.516251,0.28,7,0.28,0,17
1194,2,1,-4.8479395,0.32,8,0.32,0,17
1195,1,0,0.0,0.32,8,0.32,0,17
1196,2,1,-5.2804456,0.36,9,0.36,0,17
1197,2,1,25.459835,0.4,10,0.4,0,17
1198,2,1,25.967117,0.44,11,0.44,0,17
1199,0,-1,6.520777,0.4,10,0.4,0,17
1200,0,-1,5.8295965,0.36,9,0.36,0,17
1201,2,1,23.822836,0.4,10,0.4,0,17
1202,1,0,0.0,0.4,10,0.4,0,17
1203,2,1,20.813057,0.44,11,0.44,0,17
1204,0,-1,-0.0,0.44,11,0.44,0,17
1205,0,-1,-0.0,0.44,11,0.44,0,17
1206,2,1,21.109398,0.48,12,0.48,0,17
1207,0,-1,-0.0,0.48,12,0.48,0,17
1208,2,1,19.758776,0.52,13,0.52,0,17
1209,0,-1,-0.0,0.52,13,0.52,0,17
1210,1,0,0.0,0.52,13,0.52,0,17
1211,0,-1,-18.83556,0.48,12,0.48,0,17
1212,0,-1,7.3917294,0.44,11,0.44,0,17
1213,2,1,19.372663,0.48,12,0.48,0,17
1214,1,0,0.0,0.48,12,0.48,0,17
1215,2,1,19.27347,0.52,13,0.52,0,17
1216,2,1,-9.921985,0.56,14,0.56,0,17
1217,1,0,0.0,0.56,14,0.56,0,17
1218,2,1,15.546957,0.6,15,0.6,0,17
1219,2,1,11.303396,0.64,16,0.64,0,17
1220,0,-1,-0.0,0.64,16,0.64,0,17
1221,2,1,5.825029,0.68,17,0.68,0,17
1222,0,-1,17.735909,0.64,16,0.64,0,17
1223,0,-1,14.285854,0.6,15,0.6,0,17
1224,0,-1,-16.470173,0.56,14,0.56,0,17
1225,2,1,11.67062,0.6,15,0.6,0,17
1226,2,1,7.1694922,0.64,16,0.64,0,17
1227,1,0,0.0,0.64,16,0.64,0,17
1228,1,0,0.0,0.64,16,0.64,0,17
1229,1,0,0.0,0.64,16,0.64,0,17
1230,1,0,0.0,0.64,16,0.64,0,17
1231,1,0,0.0,0.64,16,0.64,0,17
1232,2,1,8.20041,0.68,17,0.68,0,17
1233,0,-1,-14.751992,0.64,16,0.64,0,17
1234,0,-1,-12.478033,0.6,15,0.6,0,17
1235,2,1,7.117779,0.64,16,0.64,0,17
1236,1,0,0.0,0.64,16,0.64,0,17
1237,0,-1,-11.649822,0.6,15,0.6,0,17
1238,1,0,0.0,0.6,15,0.6,0,17
1239,1,0,0.0,0.6,15,0.6,0,17
1240,2,1,11.649822,0.64,16,0.64,0,17
1241,2,1,14.751992,0.68,17,0.68,0,17
1242,2,1,2.4485834,0.72,18,0.72,0,17
1243,2,1,-4.3115716,0.76,19,0.76,0,17
1244,0,-1,4.161558,0.72,18,0.72,0,17
1245,2,1,1.1862713,0.76,19,0.76,0,17
1246,1,0,0.0,0.76,19,0.76,0,17
1247,2,1,-12.33569,0.8,20,0.8,0,17
1248,2,1,-39.051575,0.84,21,0.84,0,17
1249,2,1,-100.0,0.0,0,0.0,0,17
1250,1,0,0.0,0.16,4,0.16,0,18
1251,2,1,-4.1406527,0.2,5,0.2,0,18
1252,2,1,-4.279112,0.24,6,0.24,0,18
1253,2,1,27.971514,0.28,7,0.28,0,18
1254,1,0,0.0,0.28,7,0.28,0,18
1255,2,1,-4.847379,0.32,8,0.32,0,18
1256,1,0,0.0,0.32,8,0.32,0,18
1257,1,0,0.0,0.32,8,0.32,0,18
1258,0,-1,4.847379,0.28,7,0.28,0,18
1259,0,-1,-0.0,0.28,7,0.28,0,18
1260,2,1,-4.8479395,0.32,8,0.32,0,18
1261,0,-1,4.847804,0.28,7,0.28,0,18
1262,2,1,27.657686,0.32,8,0.32,0,18
1263,0,-1,-0.0,0.32,8,0.32,0,18
1264,0,-1,-27.657686,0.28,7,0.28,0,18
1265,2,1,27.657686,0.32,8,0.32,0,18
1266,1,0,0.0,0.32,8,0.32,0,18
1267,0,-1,-0.0,0.32,8,0.32,0,18
1268,2,1,-5.279892,0.36,9,0.36,0,18
1269,0,-1,-0.0,0.36,9,0.36,0,18
1270,1,0,0.0,0.36,9,0.36,0,18
1271,2,1,25.459835,0.4,10,0.4,0,18
1272,0,-1,-0.0,0.4,10,0.4,0,18
1273,0,-1,-0.0,0.4,10,0.4,0,18
1274,1,0,0.0,0.4,10,0.4,0,18
1275,0,-1,-0.0,0.4,10,0.4,0,18
1276,2,1,21.522146,0.44,11,0.44,0,18
1277,2,1,-7.391858,0.48,12,0.48,0,18
1278,2,1,-8.498307,0.52,13,0.52,0,18
1279,2,1,-9.92185,0.56,14,0.56,0,18
1280,2,1,-11.786916,0.6,15,0.6,0,18
1281,2,1,-14.2864895,0.64,16,0.64,0,18
1282,2,1,8.873111,0.68,17,0.68,0,18
1283,1,0,0.0,0.68,17,0.68,1,18
1284,0,-1,17.735939,0.64,16,0.64,0,18
1285,1,0,0.0,0.64,16,0.64,0,18
1286,0,-1,14.286522,0.6,15,0.6,0,18
1287,0,-1,-0.0,0.6,15,0.6,0,18
1288,1,0,0.0,0.6,15,0.6,0,18
1289,2,1,10.916566,0.64,16,0.64,0,18
1290,0,-1,-17.020931,0.6,15,0.6,0,18
1291,2,1,17.006325,0.64,16,0.64,0,18
1292,0,-1,-10.916566,0.6,15,0.6,0,18
1293,2,1,8.935975,0.64,16,0.64,0,18
1294,2,1,11.900565,0.68,17,0.68,0,18
1295,2,1,8.588223,0.72,18,0.72,0,18
1296,2,1,-0.46390277,0.76,19,0.76,0,18
1297,1,0,0.0,0.76,19,0.76,0,18
1298,0,-1,3.5414467,0.72,18,0.72,0,18
1299,2,1,-2.783794,0.76,19,0.76,0,18
1300,1,0,0.0,0.76,19,0.76,0,18
1301,1,0,0.0,0.76,19,0.76,0,18
1302,0,-1,16.959044,0.72,18,0.72,0,18
1303,2,1,-4.9940205,0.76,19,0.76,0,18
1304,1,0,0.0,0.76,19,0.76,0,18
1305,1,0,0.0,0.76,19,0.76,0,18
1306,1,0,0.0,0.76,19,0.76,0,18
1307,2,1,-13.518745,0.8,20,0.8,0,18
1308,1,0,0.0,0.8,20,0.8,0,18
1309,0,-1,16.882122,0.76,19,0.76,0,18
1310,0,-1,30.097868,0.72,18,0.72,0,18
1311,1,0,0.0,0.72,18,0.72,0,18
1312,2,1,-1.8005223,0.76,19,0.76,0,18
1313,1,0,0.0,0.76,19,0.76,0,18
1314,2,1,-14.254684,0.8,20,0.8,0,18
1315,0,-1,18.763506,0.76,19,0.76,0,18
1316,0,-1,2.078661,0.72,18,0.72,0,18
1317,2,1,-4.165404,0.76,19,0.76,0,18
1318,1,0,0.0,0.76,19,0.76,0,18
1319,0,-1,-0.0,0.76,19,0.76,0,18
1320,0,-1,2.3665838,0.72,18,0.72,0,18
1321,1,0,0.0,0.72,18,0.72,0,18
1322,1,0,0.0,0.72,18,0.72,0,18
1323,2,1,-2.3418586,0.76,19,0.76,0,18
1324,1,0,0.0,0.76,19,0.76,0,18
1325,2,1,-16.882122,0.8,20,0.8,0,18
1326,2,1,-34.298668,0.84,21,0.84,0,18
1327,1,0,0.0,0.84,21,0.84,0,18
1328,0,-1,34.298668,0.8,20,0.8,0,18
1329,1,0,0.0,0.8,20,0.8,0,18
1330,1,0,0.0,0.8,20,0.8,0,18
1331,0,-1,-0.0,0.8,20,0.8,0,18
1332,2,1,-38.688435,0.84,21,0.84,0,18
1333,2,1,-92.59708,0.88,22,0.88,0,18
1334,1,0,0.0,0.88,22,0.88,0,18
1335,1,0,0.0,0.88,22,0.88,0,18
1336,1,0,0.0,0.88,22,0.88,0,18
1337,1,0,0.0,0.88,22,0.88,0,18
1338,2,1,-183.03712,0.92,23,0.92,0,18
1339,2,1,-601.7204,0.96,24,0.96,0,18
1340,0,-1,596.79865,0.92,23,0.92,0,18
1341,0,-1,-0.0,0.92,23,0.92,0,18
1342,0,-1,184.21484,0.88,22,0.88,0,18
1343,2,1,-192.2588,0.92,23,0.92,0,18
1344,0,-1,-0.0,0.92,23,0.92,0,18
1345,0,-1,-0.0,0.92,23,0.92,0,18
1346,0,-1,196.75104,0.88,22,0.88,0,18
1347,2,1,-187.11967,0.92,23,0.92,0,18
1348,2,1,-605.8416,0.96,24,0.96,0,18
1349,1,0,0.0,0.96,24,0.96,0,18
1350,0,-1,-100.0,0.0,0,0.0,0,18
1351,0,-1,-0.0,0.16,4,0.16,0,19
1352,0,-1,-0.0,0.16,4,0.16,0,19
1353,1,0,0.0,0.16,4,0.16,0,19
1354,0,-1,-0.0,0.16,4,0.16,0,19
1355,0,-1,-0.0,0.16,4,0.16,0,19
1356,2,1,28.364332,0.2,5,0.2,0,19
1357,1,0,0.0,0.2,5,0.2,1,19
1358,2,1,26.922014,0.24,6,0.24,0,19
1359,2,1,24.176413,0.28,7,0.28,0,19
1360,1,0,0.0,0.28,7,0.28,0,19
1361,2,1,22.9455,0.32,8,0.32,0,19
1362,0,-1,-0.0,0.32,8,0.32,0,19
1363,0,-1,-0.0,0.32,8,0.32,0,19
1364,0,-1,-23.84486,0.28,7,0.28,0,19
1365,1,0,0.0,0.28,7,0.28,0,19
1366,1,0,0.0,0.28,7,0.28,0,19
1367,0,-1,-0.0,0.28,7,0.28,0,19
1368,2,1,24.058159,0.32,8,0.32,0,19
1369,0,-1,-0.0,0.32,8,0.32,0,19
1370,0,-1,-0.0,0.32,8,0.32,0,19
1371,1,0,0.0,0.32,8,0.32,0,19
1372,2,1,27.103376,0.36,9,0.36,0,19
1373,0,-1,-22.512987,0.32,8,0.32,0,19
1374,2,1,23.412346,0.36,9,0.36,0,19
1375,2,1,21.399527,0.4,10,0.4,0,19
1376,2,1,19.728952,0.44,11,0.44,0,19
1377,0,-1,-20.70834,0.4,10,0.4,0,19
1378,2,1,21.272655,0.44,11,0.44,0,19
1379,2,1,19.070356,0.48,12,0.48,0,19
1380,1,0,0.0,0.48,12,0.48,0,19
1381,0,-1,-19.070356,0.44,11,0.44,0,19
1382,2,1,21.106503,0.48,12,0.48,0,19
1383,2,1,18.80778,0.52,13,0.52,0,19
1384,0,-1,-20.194517,0.48,12,0.48,0,19
1385,1,0,0.0,0.48,12,0.48,0,19
1386,1,0,0.0,0.48,12,0.48,0,19
1387,2,1,16.204098,0.52,13,0.52,0,19
1388,2,1,14.062232,0.56,14,0.56,0,19
1389,0,-1,-0.0,0.56,14,0.56,0,19
1390,2,1,11.199455,0.6,15,0.6,0,19
1391,2,1,6.7709303,0.64,16,0.64,0,19
1392,0,-1,-0.0,0.64,16,0.64,0,19
1393,2,1,3.2199798,0.68,17,0.68,0,19
1394,2,1,-1.9447109,0.72,18,0.72,0,19
1395,0,-1,-0.0,0.72,18,0.72,0,19
1396,1,0,0.0,0.72,18,0.72,0,19
1397,2,1,-100.0,0.0,0,0.0,0,19
1398,2,1,28.364332,0.2,5,0.2,0,20
1399,2,1,28.208652,0.24,6,0.24,0,20
1400,0,-1,-28.22638,0.2,5,0.2,0,20
1401,2,1,23.97781,0.24,6,0.24,0,20
1402,1,0,0.0,0.24,6,0.24,0,20
1403,2,1,27.98924,0.28,7,0.28,0,20
1404,2,1,26.436209,0.32,8,0.32,0,20
1405,0,-1,-0.0,0.32,8,0.32,0,20
1406,2,1,24.369835,0.36,9,0.36,0,20
1407,0,-1,-24.369835,0.32,8,0.32,0,20
1408,2,1,26.008978,0.36,9,0.36,0,20
1409,0,-1,-0.0,0.36,9,0.36,0,20
1410,2,1,23.822836,0.4,10,0.4,0,20
1411,0,-1,-22.427462,0.36,9,0.36,0,20
1412,0,-1,-0.0,0.36,9,0.36,0,20
1413,0,-1,-0.0,0.36,9,0.36,0,20
1414,0,-1,-0.0,0.36,9,0.36,0,20
1415,2,1,-5.828954,0.4,10,0.4,0,20
1416,2,1,21.736273,0.44,11,0.44,0,20
1417,0,-1,-0.0,0.44,11,0.44,0,20
1418,2,1,22.258423,0.48,12,0.48,0,20
1419,0,-1,7.3912225,0.44,11,0.44,0,20
1420,0,-1,-21.736273,0.4,10,0.4,0,20
1421,0,-1,-0.0,0.4,10,0.4,0,20
1422,2,1,-6.5201416,0.44,11,0.44,0,20
1423,2,1,20.379887,0.48,12,0.48,0,20
1424,2,1,17.288023,0.52,13,0.52,0,20
1425,0,-1,-0.0,0.52,13,0.52,0,20
1426,0,-1,-0.0,0.52,13,0.52,0,20
1427,0,-1,8.49764,0.48,12,0.48,0,20
1428,2,1,15.160839,0.52,13,0.52,0,20
1429,2,1,17.848795,0.56,14,0.56,0,20
1430,2,1,9.76856,0.6,15,0.6,0,20
1431,2,1,13.970561,0.64,16,0.64,0,20
1432,1,0,0.0,0.64,16,0.64,0,20
1433,2,1,6.016668,0.68,17,0.68,0,20
1434,2,1,-1.0724764,0.72,18,0.72,0,20
1435,2,1,-100.0,0.0,0,0.0,0,20
1436,2,1,28.364332,0.2,5,0.2,0,21
1437,1,0,0.0,0.2,5,0.2,0,21
1438,1,0,0.0,0.2,5,0.2,0,21
1439,2,1,27.010183,0.24,6,0.24,0,21
1440,0,-1,-0.0,0.24,6,0.24,0,21
1441,0,-1,-0.0,0.24,6,0.24,0,21
1442,0,-1,-0.0,0.24,6,0.24,0,21
1443,1,0,0.0,0.24,6,0.24,0,21
1444,2,1,25.136045,0.28,7,0.28,0,21
1445,2,1,22.923813,0.32,8,0.32,0,21
1446,2,1,20.30944,0.36,9,0.36,0,21
1447,1,0,0.0,0.36,9,0.36,0,21
1448,2,1,26.658304,0.4,10,0.4,0,21
1449,2,1,-6.5201416,0.44,11,0.44,0,21
1450,0,-1,-0.0,0.44,11,0.44,0,21
1451,1,0,0.0,0.44,11,0.44,0,21
1452,2,1,-7.3913045,0.48,12,0.48,0,21
1453,2,1,20.002981,0.52,13,0.52,0,21
1454,2,1,13.53552,0.56,14,0.56,0,21
1455,1,0,0.0,0.56,14,0.56,0,21
1456,0,-1,-22.565916,0.52,13,0.52,0,21
1457,2,1,22.565916,0.56,14,0.56,0,21
1458,2,1,15.546957,0.6,15,0.6,0,21
1459,0,-1,-11.67062,0.56,14,0.56,0,21
1460,2,1,-11.786878,0.6,15,0.6,0,21
1461,2,1,-14.286361,0.64,16,0.64,0,21
1462,1,0,0.0,0.64,16,0.64,0,21
1463,2,1,10.307021,0.68,17,0.68,0,21
1464,1,0,0.0,0.68,17,0.68,0,21
1465,0,-1,-10.307021,0.64,16,0.64,0,21
1466,2,1,7.6353254,0.68,17,0.68,0,21
1467,0,-1,17.735773,0.64,16,0.64,0,21
1468,1,0,0.0,0.64,16,0.64,0,21
1469,1,0,0.0,0.64,16,0.64,0,21
1470,2,1,8.050396,0.68,17,0.68,0,21
1471,0,-1,-0.0,0.68,17,0.68,0,21
1472,2,1,2.4485834,0.72,18,0.72,0,21
1473,0,-1,-5.825463,0.68,17,0.68,0,21
1474,0,-1,17.7359,0.64,16,0.64,0,21
1475,0,-1,14.285936,0.6,15,0.6,0,21
1476,0,-1,11.7862425,0.56,14,0.56,0,21
1477,0,-1,-0.0,0.56,14,0.56,0,21
1478,2,1,11.67062,0.6,15,0.6,0,21
1479,1,0,0.0,0.6,15,0.6,0,21
1480,2,1,8.94582,0.64,16,0.64,0,21
1481,1,0,0.0,0.64,16,0.64,0,21
1482,2,1,5.9232125,0.68,17,0.68,0,21
1483,2,1,-1.1203544,0.72,18,0.72,0,21
1484,2,1,-8.746739,0.76,19,0.76,0,21
1485,2,1,-100.0,0.0,0,0.0,0,21
1486,2,1,-4.1407347,0.2,5,0.2,0,22
1487,2,1,28.208652,0.24,6,0.24,0,22
1488,2,1,27.98924,0.28,7,0.28,0,22
1489,0,-1,4.515826,0.24,6,0.24,0,22
1490,1,0,0.0,0.24,6,0.24,0,22
1491,2,1,-4.515744,0.28,7,0.28,0,22
1492,2,1,26.441492,0.32,8,0.32,0,22
1493,2,1,26.003696,0.36,9,0.36,0,22
1494,2,1,23.820692,0.4,10,0.4,0,22
1495,2,1,21.522146,0.44,11,0.44,0,22
1496,2,1,-7.3913045,0.48,12,0.48,0,22
1497,0,-1,7.3912225,0.44,11,0.44,0,22
1498,2,1,22.260569,0.48,12,0.48,0,22
1499,0,-1,7.3913045,0.44,11,0.44,0,22
1500,2,1,21.109398,0.48,12,0.48,0,22
1501,2,1,18.83556,0.52,13,0.52,0,22
1502,2,1,15.449248,0.56,14,0.56,0,22
1503,0,-1,-18.579277,0.52,13,0.52,0,22
1504,1,0,0.0,0.52,13,0.52,0,22
1505,2,1,15.202398,0.56,14,0.56,0,22
1506,2,1,11.190125,0.6,15,0.6,0,22
1507,0,-1,-0.0,0.6,15,0.6,0,22
1508,1,0,0.0,0.6,15,0.6,0,22
1509,2,1,6.5763326,0.64,16,0.64,0,22
1510,2,1,-100.0,0.0,0,0.0,0,22
1511,0,-1,-0.0,0.16,4,0.16,0,23
1512,2,1,28.346605,0.2,5,0.2,0,23
1513,2,1,27.0049,0.24,6,0.24,0,23
1514,2,1,27.98924,0.28,7,0.28,0,23
1515,0,-1,-0.0,0.28,7,0.28,0,23
1516,2,1,26.441492,0.32,8,0.32,0,23
1517,2,1,22.762478,0.36,9,0.36,0,23
1518,0,-1,-22.762478,0.32,8,0.32,0,23
1519,0,-1,-0.0,0.32,8,0.32,0,23
1520,2,1,23.216873,0.36,9,0.36,0,23
1521,0,-1,-0.0,0.36,9,0.36,0,23
1522,0,-1,-0.0,0.36,9,0.36,0,23
1523,2,1,23.820692,0.4,10,0.4,0,23
1524,0,-1,-0.0,0.4,10,0.4,0,23
1525,1,0,0.0,0.4,10,0.4,0,23
1526,2,1,21.249996,0.44,11,0.44,0,23
1527,2,1,18.393976,0.48,12,0.48,0,23
1528,2,1,15.254068,0.52,13,0.52,0,23
1529,1,0,0.0,0.52,13,0.52,0,23
1530,2,1,18.120945,0.56,14,0.56,0,23
1531,2,1,11.872,0.6,15,0.6,0,23
1532,0,-1,-16.710442,0.56,14,0.56,0,23
1533,2,1,14.822135,0.6,15,0.6,0,23
1534,2,1,7.31671,0.64,16,0.64,0,23
1535,2,1,3.9596586,0.68,17,0.68,0,23
1536,2,1,5.825463,0.72,18,0.72,0,23
1537,2,1,-4.508496,0.76,19,0.76,0,23
1538,2,1,-20.430653,0.8,20,0.8,0,23
1539,2,1,-62.80351,0.84,21,0.84,0,23
1540,2,1,-100.0,0.0,0,0.0,0,23
1541,2,1,28.364332,0.2,5,0.2,0,24
1542,2,1,-4.278605,0.24,6,0.24,0,24
1543,2,1,-4.515826,0.28,7,0.28,0,24
1544,2,1,-4.8479323,0.32,8,0.32,0,24
1545,0,-1,4.8479323,0.28,7,0.28,0,24
1546,2,1,26.441492,0.32,8,0.32,0,24
1547,1,0,0.0,0.32,8,0.32,0,24
1548,2,1,24.37198,0.36,9,0.36,0,24
1549,0,-1,5.27981,0.32,8,0.32,0,24
1550,1,0,0.0,0.32,8,0.32,0,24
1551,2,1,23.22081,0.36,9,0.36,0,24
1552,0,-1,5.279892,0.32,8,0.32,0,24
1553,2,1,27.207449,0.36,9,0.36,0,24
1554,1,0,0.0,0.36,9,0.36,0,24
1555,2,1,20.934933,0.4,10,0.4,0,24
1556,0,-1,-23.822836,0.36,9,0.36,0,24
1557,1,0,0.0,0.36,9,0.36,0,24
1558,1,0,0.0,0.36,9,0.36,0,24
1559,0,-1,-0.0,0.36,9,0.36,0,24
1560,1,0,0.0,0.36,9,0.36,0,24
1561,0,-1,-0.0,0.36,9,0.36,0,24
1562,2,1,-5.828954,0.4,10,0.4,0,24
1563,1,0,0.0,0.4,10,0.4,0,24
1564,2,1,21.736273,0.44,11,0.44,0,24
1565,2,1,-7.3917294,0.48,12,0.48,0,24
1566,0,-1,-19.372663,0.44,11,0.44,0,24
1567,1,0,0.0,0.44,11,0.44,0,24
1568,2,1,-7.3918905,0.48,12,0.48,0,24
1569,0,-1,-0.0,0.48,12,0.48,0,24
1570,2,1,17.438036,0.52,13,0.52,0,24
1571,2,1,-9.921425,0.56,14,0.56,0,24
1572,2,1,14.977644,0.6,15,0.6,0,24
1573,2,1,-14.286362,0.64,16,0.64,0,24
1574,0,-1,14.286362,0.6,15,0.6,0,24
1575,0,-1,-14.977644,0.56,14,0.56,0,24
1576,0,-1,9.921425,0.52,13,0.52,0,24
1577,0,-1,8.498307,0.48,12,0.48,0,24
1578,1,0,0.0,0.48,12,0.48,0,24
1579,1,0,0.0,0.48,12,0.48,0,24
1580,2,1,21.154152,0.52,13,0.52,0,24
1581,2,1,17.411856,0.56,14,0.56,0,24
1582,1,0,0.0,0.56,14,0.56,0,24
1583,2,1,15.984867,0.6,15,0.6,0,24
1584,2,1,11.084738,0.64,16,0.64,0,24
1585,2,1,5.6123,0.68,17,0.68,0,24
1586,2,1,5.36713,0.72,18,0.72,0,24
1587,1,0,0.0,0.72,18,0.72,1,24
1588,1,0,0.0,0.72,18,0.72,0,24
1589,0,-1,-5.36332,0.68,17,0.68,0,24
1590,0,-1,-0.0,0.68,17,0.68,1,24
1591,2,1,2.4551609,0.72,18,0.72,0,24
1592,2,1,-8.817477,0.76,19,0.76,0,24
1593,2,1,-100.0,0.0,0,0.0,0,24
1594,1,0,0.0,0.16,4,0.16,0,25
1595,2,1,-4.1407347,0.2,5,0.2,0,25
1596,1,0,0.0,0.2,5,0.2,0,25
1597,1,0,0.0,0.2,5,0.2,0,25
1598,0,-1,4.1407347,0.16,4,0.16,0,25
1599,1,0,0.0,0.16,4,0.16,0,25
1600,2,1,28.364332,0.2,5,0.2,0,25
1601,2,1,-4.278605,0.24,6,0.24,0,25
1602,2,1,26.773045,0.28,7,0.28,0,25
1603,1,0,0.0,0.28,7,0.28,1,25
1604,1,0,0.0,0.28,7,0.28,0,25
1605,1,0,0.0,0.28,7,0.28,0,25
1606,1,0,0.0,0.28,7,0.28,0,25
1607,2,1,24.817759,0.32,8,0.32,0,25
1608,0,-1,-21.587927,0.28,7,0.28,0,25
1609,2,1,22.718094,0.32,8,0.32,0,25
1610,2,1,12.345116,0.36,9,0.36,0,25
1611,1,0,0.0,0.36,9,0.36,0,25
1612,1,0,0.0,0.36,9,0.36,0,25
1613,1,0,0.0,0.36,9,0.36,0,25
1614,0,-1,-0.0,0.36,9,0.36,0,25
1615,2,1,10.419936,0.4,10,0.4,0,25
1616,1,0,0.0,0.4,10,0.4,0,25
1617,2,1,9.0075035,0.44,11,0.44,0,25
1618,0,-1,-9.728749,0.4,10,0.4,0,25
1619,1,0,0.0,0.4,10,0.4,0,25
1620,2,1,18.712603,0.44,11,0.44,0,25
1621,0,-1,-0.0,0.44,11,0.44,0,25
1622,2,1,6.7062216,0.48,12,0.48,0,25
1623,1,0,0.0,0.48,12,0.48,0,25
1624,0,-1,-6.7062216,0.44,11,0.44,0,25
1625,2,1,25.044945,0.48,12,0.48,0,25
1626,2,1,17.373045,0.52,13,0.52,0,25
1627,2,1,13.214278,0.56,14,0.56,0,25
1628,2,1,11.159762,0.6,15,0.6,0,25
1629,2,1,11.1511135,0.64,16,0.64,0,25
1630,1,0,0.0,0.64,16,0.64,0,25
1631,2,1,9.51673,0.68,17,0.68,0,25
1632,2,1,8.554069,0.72,18,0.72,0,25
1633,1,0,0.0,0.72,18,0.72,0,25
1634,2,1,-0.49180305,0.76,19,0.76,0,25
1635,1,0,0.0,0.76,19,0.76,0,25
1636,0,-1,14.56959,0.72,18,0.72,0,25
1637,2,1,-7.23698,0.76,19,0.76,0,25
1638,2,1,-20.656443,0.8,20,0.8,0,25
1639,0,-1,-0.0,0.8,20,0.8,0,25
1640,1,0,0.0,0.8,20,0.8,0,25
1641,0,-1,-0.0,0.8,20,0.8,0,25
1642,1,0,0.0,0.8,20,0.8,0,25
1643,0,-1,14.733338,0.76,19,0.76,0,25
1644,2,1,-22.554022,0.8,20,0.8,0,25
1645,1,0,0.0,0.8,20,0.8,0,25
1646,0,-1,-0.0,0.8,20,0.8,0,25
1647,1,0,0.0,0.8,20,0.8,0,25
1648,1,0,0.0,0.8,20,0.8,0,25
1649,2,1,-39.149513,0.84,21,0.84,0,25
1650,0,-1,33.19808,0.8,20,0.8,0,25
1651,1,0,0.0,0.8,20,0.8,0,25
1652,1,0,0.0,0.8,20,0.8,0,25
1653,2,1,-41.325,0.84,21,0.84,0,25
1654,0,-1,-100.0,0.0,0,0.0,0,25
1655,2,1,28.364332,0.2,5,0.2,0,26
1656,1,0,0.0,0.2,5,0.2,0,26
1657,2,1,23.763681,0.24,6,0.24,0,26
1658,1,0,0.0,0.24,6,0.24,0,26
1659,2,1,21.623924,0.28,7,0.28,0,26
1660,0,-1,-21.623924,0.24,6,0.24,0,26
1661,2,1,26.773045,0.28,7,0.28,0,26
1662,1,0,0.0,0.28,7,0.28,0,26
1663,1,0,0.0,0.28,7,0.28,0,26
1664,2,1,-4.847379,0.32,8,0.32,0,26
1665,2,1,-5.27981,0.36,9,0.36,0,26
1666,0,-1,-26.008978,0.32,8,0.32,0,26
1667,1,0,0.0,0.32,8,0.32,0,26
1668,2,1,26.008978,0.36,9,0.36,0,26
1669,2,1,23.822836,0.4,10,0.4,0,26
1670,2,1,20.813057,0.44,11,0.44,0,26
1671,0,-1,6.5202236,0.4,10,0.4,0,26
1672,0,-1,-22.213333,0.36,9,0.36,0,26
1673,0,-1,-0.0,0.36,9,0.36,0,26
1674,2,1,21.942156,0.4,10,0.4,0,26
1675,1,0,0.0,0.4,10,0.4,0,26
1676,0,-1,-0.0,0.4,10,0.4,0,26
1677,1,0,0.0,0.4,10,0.4,0,26
1678,0,-1,5.828954,0.36,9,0.36,0,26
1679,2,1,19.956709,0.4,10,0.4,0,26
1680,2,1,18.85045,0.44,11,0.44,0,26
1681,2,1,15.840451,0.48,12,0.48,0,26
1682,2,1,12.684026,0.52,13,0.52,0,26
1683,1,0,0.0,0.52,13,0.52,0,26
1684,2,1,-100.0,0.0,0,0.0,0,26
1685,2,1,-4.1406527,0.2,5,0.2,0,27
1686,0,-1,4.1406527,0.16,4,0.16,0,27
1687,1,0,0.0,0.16,4,0.16,0,27
1688,0,-1,-0.0,0.16,4,0.16,0,27
1689,1,0,0.0,0.16,4,0.16,0,27
1690,0,-1,-0.0,0.16,4,0.16,0,27
1691,2,1,28.346605,0.2,5,0.2,0,27
1692,2,1,27.0049,0.24,6,0.24,0,27
1693,2,1,27.98924,0.28,7,0.28,0,27
1694,2,1,23.649387,0.32,8,0.32,0,27
1695,2,1,-5.27981,0.36,9,0.36,0,27
1696,1,0,0.0,0.36,9,0.36,0,27
1697,0,-1,-23.216873,0.32,8,0.32,0,27
1698,0,-1,-26.436209,0.28,7,0.28,0,27
1699,2,1,26.441492,0.32,8,0.32,0,27
1700,2,1,26.003696,0.36,9,0.36,0,27
1701,2,1,-5.829461,0.4,10,0.4,0,27
1702,0,-1,-0.0,0.4,10,0.4,0,27
1703,0,-1,-0.0,0.4,10,0.4,0,27
1704,2,1,21.976542,0.44,11,0.44,0,27
1705,2,1,21.109398,0.48,12,0.48,0,27
1706,2,1,-8.498275,0.52,13,0.52,0,27
1707,1,0,0.0,0.52,13,0.52,0,27
1708,2,1,19.730448,0.56,14,0.56,0,27
1709,0,-1,-0.0,0.56,14,0.56,0,27
1710,2,1,17.863403,0.6,15,0.6,0,27
1711,2,1,13.046126,0.64,16,0.64,0,27
1712,1,0,0.0,0.64,16,0.64,0,27
1713,2,1,-17.735909,0.68,17,0.68,0,27
1714,1,0,0.0,0.68,17,0.68,0,27
1715,2,1,5.0949807,0.72,18,0.72,0,27
1716,0,-1,-5.8215265,0.68,17,0.68,0,27
1717,2,1,2.4479303,0.72,18,0.72,0,27
1718,2,1,-2.326125,0.76,19,0.76,0,27
1719,2,1,-13.72892,0.8,20,0.8,0,27
1720,2,1,-37.43349,0.84,21,0.84,0,27
1721,0,-1,-0.0,0.84,21,0.84,0,27
1722,2,1,-104.45699,0.88,22,0.88,0,27
1723,0,-1,104.45696,0.84,21,0.84,0,27
1724,2,1,-77.12312,0.88,22,0.88,0,27
1725,0,-1,104.45683,0.84,21,0.84,0,27
1726,0,-1,62.804176,0.8,20,0.8,0,27
1727,0,-1,13.4847145,0.76,19,0.76,0,27
1728,2,1,-13.488651,0.8,20,0.8,0,27
1729,2,1,-37.01831,0.84,21,0.84,0,27
1730,0,-1,62.804153,0.8,20,0.8,0,27
1731,1,0,0.0,0.8,20,0.8,0,27
1732,2,1,-37.43292,0.84,21,0.84,0,27
1733,0,-1,-0.0,0.84,21,0.84,0,27
1734,2,1,-78.67066,0.88,22,0.88,0,27
1735,1,0,0.0,0.88,22,0.88,0,27
1736,2,1,-184.95181,0.92,23,0.92,0,27
1737,2,1,-601.91797,0.96,24,0.96,0,27
1738,0,-1,597.00885,0.92,23,0.92,0,27
1739,2,1,-597.22296,0.96,24,0.96,0,27
1740,2,1,25.589924,1.0,25,1.0,0,27
1741,1,0,-1000.0,0.0,0,0.0,0,27
1742,2,1,28.346605,0.2,5,0.2,0,28
1743,2,1,27.0049,0.24,6,0.24,0,28
1744,0,-1,-0.0,0.24,6,0.24,0,28
1745,2,1,25.133902,0.28,7,0.28,1,28
1746,1,0,0.0,0.28,7,0.28,0,28
1747,2,1,22.45991,0.32,8,0.32,0,28
1748,2,1,20.066896,0.36,9,0.36,0,28
1749,2,1,17.378386,0.4,10,0.4,0,28
1750,2,1,14.577199,0.44,11,0.44,0,28
1751,2,1,15.933414,0.48,12,0.48,0,28
1752,1,0,0.0,0.48,12,0.48,0,28
1753,2,1,24.016075,0.52,13,0.52,0,28
1754,1,0,0.0,0.52,13,0.52,0,28
1755,2,1,21.38286,0.56,14,0.56,0,28
1756,2,1,-100.0,0.0,0,0.0,0,28
1757,2,1,-4.1407347,0.2,5,0.2,0,29
1758,2,1,28.208652,0.24,6,0.24,0,29
1759,1,0,0.0,0.24,6,0.24,0,29
1760,0,-1,4.278687,0.2,5,0.2,0,29
1761,2,1,28.22638,0.24,6,0.24,0,29
1762,1,0,0.0,0.24,6,0.24,0,29
1763,1,0,0.0,0.24,6,0.24,0,29
1764,1,0,0.0,0.24,6,0.24,0,29
1765,0,-1,-0.0,0.24,6,0.24,0,29
1766,0,-1,-0.0,0.24,6,0.24,0,29
1767,1,0,0.0,0.24,6,0.24,0,29
1768,1,0,0.0,0.24,6,0.24,0,29
1769,2,1,23.740671,0.28,7,0.28,0,29
1770,1,0,0.0,0.28,7,0.28,0,29
1771,0,-1,-0.0,0.28,7,0.28,0,29
1772,2,1,26.441492,0.32,8,0.32,0,29
1773,0,-1,-0.0,0.32,8,0.32,0,29
1774,1,0,0.0,0.32,8,0.32,0,29
1775,2,1,26.003696,0.36,9,0.36,0,29
1776,2,1,23.822836,0.4,10,0.4,0,29
1777,0,-1,-0.0,0.4,10,0.4,0,29
1778,0,-1,-22.427462,0.36,9,0.36,0,29
1779,1,0,0.0,0.36,9,0.36,0,29
1780,2,1,23.820692,0.4,10,0.4,0,29
1781,2,1,21.250967,0.44,11,0.44,0,29
1782,2,1,20.378916,0.48,12,0.48,0,29
1783,0,-1,-0.0,0.48,12,0.48,0,29
1784,0,-1,-0.0,0.48,12,0.48,0,29
1785,2,1,19.544647,0.52,13,0.52,0,29
1786,2,1,15.86432,0.56,14,0.56,0,29
1787,1,0,0.0,0.56,14,0.56,0,29
1788,0,-1,-18.120945,0.52,13,0.52,0,29
1789,2,1,15.667908,0.56,14,0.56,0,29
1790,0,-1,-15.667908,0.52,13,0.52,0,29
1791,0,-1,-0.0,0.52,13,0.52,0,29
1792,2,1,13.830591,0.56,14,0.56,0,29
1793,2,1,9.863165,0.6,15,0.6,0,29
1794,2,1,9.372625,0.64,16,0.64,0,29
1795,0,-1,-0.0,0.64,16,0.64,0,29
1796,2,1,7.8539844,0.68,17,0.68,0,29
1797,0,-1,-0.0,0.68,17,0.68,0,29
1798,1,0,0.0,0.68,17,0.68,0,29
1799,1,0,0.0,0.68,17,0.68,0,29
1800,2,1,-100.0,0.0,0,0.0,0,29
1801,2,1,-4.1407347,0.2,5,0.2,0,30
1802,2,1,28.22638,0.24,6,0.24,0,30
1803,0,-1,4.278687,0.2,5,0.2,0,30
1804,2,1,28.208652,0.24,6,0.24,0,30
1805,1,0,0.0,0.24,6,0.24,0,30
1806,2,1,26.773045,0.28,7,0.28,0,30
1807,2,1,26.436209,0.32,8,0.32,0,30
1808,1,0,0.0,0.32,8,0.32,0,30
1809,2,1,23.216873,0.36,9,0.36,0,30
1810,2,1,23.820692,0.4,10,0.4,0,30
1811,0,-1,-22.66773,0.36,9,0.36,0,30
1812,1,0,0.0,0.36,9,0.36,0,30
1813,2,1,21.941185,0.4,10,0.4,0,30
1814,2,1,19.068598,0.44,11,0.44,0,30
1815,2,1,22.260569,0.48,12,0.48,0,30
1816,2,1,19.999044,0.52,13,0.52,0,30
1817,2,1,-9.921425,0.56,14,0.56,0,30
1818,0,-1,-0.0,0.56,14,0.56,0,30
1819,1,0,0.0,0.56,14,0.56,0,30
1820,2,1,15.984867,0.6,15,0.6,0,30
1821,0,-1,-16.710442,0.56,14,0.56,0,30
1822,0,-1,-0.0,0.56,14,0.56,0,30
1823,2,1,15.545738,0.6,15,0.6,0,30
1824,2,1,-14.286362,0.64,16,0.64,0,30
1825,0,-1,-0.0,0.64,16,0.64,0,30
1826,2,1,5.7213326,0.68,17,0.68,0,30
1827,0,-1,17.735773,0.64,16,0.64,0,30
1828,0,-1,-0.0,0.64,16,0.64,0,30
1829,1,0,0.0,0.64,16,0.64,0,30
1830,1,0,0.0,0.64,16,0.64,0,30
1831,2,1,8.050396,0.68,17,0.68,0,30
1832,2,1,-1.2716547,0.72,18,0.72,0,30
1833,1,0,0.0,0.72,18,0.72,0,30
1834,0,-1,-0.0,0.72,18,0.72,0,30
1835,2,1,-4.3120346,0.76,19,0.76,0,30
1836,2,1,-16.615316,0.8,20,0.8,0,30
1837,1,0,0.0,0.8,20,0.8,0,30
1838,2,1,-37.680424,0.84,21,0.84,0,30
1839,2,1,-80.797844,0.88,22,0.88,0,30
1840,1,0,0.0,0.88,22,0.88,0,30
1841,1,0,0.0,0.88,22,0.88,0,30
1842,2,1,-100.0,0.0,0,0.0,0,30
1843,2,1,28.364332,0.2,5,0.2,0,31
1844,2,1,27.010183,0.24,6,0.24,0,31
1845,1,0,0.0,0.24,6,0.24,0,31
1846,1,0,0.0,0.24,6,0.24,0,31
1847,2,1,27.971514,0.28,7,0.28,0,31
1848,0,-1,-0.0,0.28,7,0.28,0,31
1849,0,-1,-0.0,0.28,7,0.28,0,31
1850,2,1,26.436209,0.32,8,0.32,0,31
1851,2,1,24.369835,0.36,9,0.36,0,31
1852,2,1,21.941185,0.4,10,0.4,0,31
1853,1,0,0.0,0.4,10,0.4,0,31
1854,2,1,21.976542,0.44,11,0.44,0,31
1855,0,-1,-0.0,0.44,11,0.44,0,31
1856,0,-1,-24.768646,0.4,10,0.4,0,31
1857,0,-1,-0.0,0.4,10,0.4,0,31
1858,0,-1,-0.0,0.4,10,0.4,0,31
1859,0,-1,-0.0,0.4,10,0.4,0,31
1860,1,0,0.0,0.4,10,0.4,0,31
1861,2,1,19.265059,0.44,11,0.44,0,31
1862,2,1,18.197515,0.48,12,0.48,0,31
1863,2,1,18.834341,0.52,13,0.52,0,31
1864,2,1,15.448675,0.56,14,0.56,0,31
1865,0,-1,-0.0,0.56,14,0.56,0,31
1866,2,1,11.872,0.6,15,0.6,0,31
1867,1,0,0.0,0.6,15,0.6,0,31
1868,2,1,9.274192,0.64,16,0.64,0,31
1869,2,1,3.7199538,0.68,17,0.68,0,31
1870,0,-1,-10.761417,0.64,16,0.64,0,31
1871,0,-1,-0.0,0.64,16,0.64,0,31
1872,2,1,7.3878217,0.68,17,0.68,1,31
1873,1,0,0.0,0.68,17,0.68,0,31
1874,2,1,1.0754095,0.72,18,0.72,0,31
1875,2,1,-8.495853,0.76,19,0.76,0,31
1876,2,1,-20.291538,0.8,20,0.8,0,31
1877,2,1,-39.34824,0.84,21,0.84,0,31
1878,2,1,-82.80819,0.88,22,0.88,0,31
1879,2,1,-185.3804,0.92,23,0.92,0,31
1880,2,1,-602.29095,0.96,24,0.96,0,31
1881,2,1,20.929358,1.0,25,1.0,0,31
1882,2,1,-1000.0,0.0,0,0.0,0,31
1883,2,1,-4.1407347,0.2,5,0.2,0,32
1884,1,0,0.0,0.2,5,0.2,0,32
1885,0,-1,4.1407347,0.16,4,0.16,0,32
1886,2,1,28.346605,0.2,5,0.2,0,32
1887,2,1,-4.278605,0.24,6,0.24,0,32
1888,2,1,-4.515826,0.28,7,0.28,0,32
1889,2,1,26.436209,0.32,8,0.32,0,32
1890,0,-1,-0.0,0.32,8,0.32,0,32
1891,2,1,24.369835,0.36,9,0.36,0,32
1892,0,-1,5.279892,0.32,8,0.32,0,32
1893,1,0,0.0,0.32,8,0.32,0,32
1894,0,-1,-0.0,0.32,8,0.32,0,32
1895,2,1,-5.280317,0.36,9,0.36,0,32
1896,2,1,26.67603,0.4,10,0.4,0,32
1897,1,0,0.0,0.4,10,0.4,0,32
1898,0,-1,-0.0,0.4,10,0.4,0,32
1899,1,0,0.0,0.4,10,0.4,0,32
1900,1,0,0.0,0.4,10,0.4,0,32
1901,0,-1,-26.67603,0.36,9,0.36,0,32
1902,2,1,21.941185,0.4,10,0.4,0,32
1903,1,0,0.0,0.4,10,0.4,0,32
1904,0,-1,-0.0,0.4,10,0.4,0,32
1905,0,-1,5.829461,0.36,9,0.36,0,32
1906,2,1,22.66773,0.4,10,0.4,0,32
1907,1,0,0.0,0.4,10,0.4,0,32
1908,2,1,-6.5206485,0.44,11,0.44,0,32
1909,1,0,0.0,0.44,11,0.44,0,32
1910,2,1,19.371016,0.48,12,0.48,0,32
1911,0,-1,-0.0,0.48,12,0.48,0,32
1912,0,-1,7.3917294,0.44,11,0.44,0,32
1913,2,1,-7.391865,0.48,12,0.48,0,32
1914,2,1,24.007345,0.52,13,0.52,0,32
1915,2,1,16.011715,0.56,14,0.56,0,32
1916,1,0,0.0,0.56,14,0.56,0,32
1917,0,-1,-16.840895,0.52,13,0.52,0,32
1918,1,0,0.0,0.52,13,0.52,0,32
1919,0,-1,-17.43542,0.48,12,0.48,0,32
1920,2,1,19.758776,0.52,13,0.52,0,32
1921,0,-1,-0.0,0.52,13,0.52,0,32
1922,1,0,0.0,0.52,13,0.52,0,32
1923,2,1,16.63929,0.56,14,0.56,0,32
1924,1,0,0.0,0.56,14,0.56,0,32
1925,0,-1,-16.63929,0.52,13,0.52,0,32
1926,0,-1,8.4982815,0.48,12,0.48,0,32
1927,1,0,0.0,0.48,12,0.48,0,32
1928,2,1,-8.4982815,0.52,13,0.52,0,32
1929,2,1,15.667396,0.56,14,0.56,0,32
1930,2,1,13.998958,0.6,15,0.6,0,32
1931,2,1,13.046126,0.64,16,0.64,0,32
1932,2,1,9.026972,0.68,17,0.68,0,32
1933,1,0,0.0,0.68,17,0.68,0,32
1934,1,0,0.0,0.68,17,0.68,0,32
1935,2,1,1.8288426,0.72,18,0.72,0,32
1936,0,-1,-1.8288426,0.68,17,0.68,0,32
1937,0,-1,-0.0,0.68,17,0.68,0,32
1938,1,0,0.0,0.68,17,0.68,0,32
1939,0,-1,17.735909,0.64,16,0.64,0,32
1940,0,-1,-0.0,0.64,16,0.64,0,32
1941,2,1,5.7213326,0.68,17,0.68,0,32
1942,2,1,2.6948602,0.72,18,0.72,0,32
1943,2,1,1.1915543,0.76,19,0.76,0,32
1944,1,0,0.0,0.76,19,0.76,0,32
1945,2,1,-20.634974,0.8,20,0.8,0,32
1946,2,1,-100.0,0.0,0,0.0,0,32
1947,2,1,28.346605,0.2,5,0.2,0,33
1948,0,-1,-0.0,0.2,5,0.2,0,33
1949,2,1,-4.278687,0.24,6,0.24,0,33
1950,1,0,0.0,0.24,6,0.24,0,33
1951,0,-1,-0.0,0.24,6,0.24,0,33
1952,2,1,-4.516252,0.28,7,0.28,0,33
1953,2,1,27.657686,0.32,8,0.32,0,33
1954,0,-1,-0.0,0.32,8,0.32,0,33
1955,2,1,-5.2804456,0.36,9,0.36,0,33
1956,1,0,0.0,0.36,9,0.36,0,33
1957,2,1,-5.82959,0.4,10,0.4,0,33
1958,0,-1,-26.67603,0.36,9,0.36,0,33
1959,1,0,0.0,0.36,9,0.36,0,33
1960,2,1,-5.829622,0.4,10,0.4,0,33
1961,0,-1,-26.658304,0.36,9,0.36,0,33
1962,1,0,0.0,0.36,9,0.36,0,33
1963,2,1,-5.8296275,0.4,10,0.4,0,33
1964,0,-1,5.82959,0.36,9,0.36,0,33
1965,1,0,0.0,0.36,9,0.36,0,33
1966,2,1,-5.828954,0.4,10,0.4,0,33
1967,1,0,0.0,0.4,10,0.4,0,33
1968,1,0,0.0,0.4,10,0.4,0,33
1969,0,-1,5.8296275,0.36,9,0.36,0,33
1970,2,1,-5.8296223,0.4,10,0.4,0,33
1971,2,1,-6.5206485,0.44,11,0.44,0,33
1972,2,1,25.113762,0.48,12,0.48,0,33
1973,1,0,0.0,0.48,12,0.48,0,33
1974,2,1,-8.498312,0.52,13,0.52,0,33
1975,1,0,0.0,0.52,13,0.52,0,33
1976,0,-1,-0.0,0.52,13,0.52,0,33
1977,0,-1,8.498307,0.48,12,0.48,0,33
1978,0,-1,-0.0,0.48,12,0.48,0,33
1979,0,-1,-0.0,0.48,12,0.48,0,33
1980,2,1,23.989618,0.52,13,0.52,0,33
1981,2,1,21.362164,0.56,14,0.56,0,33
1982,2,1,-11.786879,0.6,15,0.6,0,33
1983,1,0,0.0,0.6,15,0.6,0,33
1984,1,0,0.0,0.6,15,0.6,0,33
1985,0,-1,-19.497263,0.56,14,0.56,0,33
1986,0,-1,9.922016,0.52,13,0.52,0,33
1987,0,-1,8.498307,0.48,12,0.48,0,33
1988,2,1,-8.498309,0.52,13,0.52,0,33
1989,2,1,-9.921979,0.56,14,0.56,0,33
1990,1,0,0.0,0.56,14,0.56,0,33
1991,2,1,19.497263,0.6,15,0.6,0,33
1992,0,-1,11.786878,0.56,14,0.56,0,33
1993,0,-1,9.921979,0.52,13,0.52,0,33
1994,2,1,18.335072,0.56,14,0.56,0,33
1995,0,-1,-21.362164,0.52,13,0.52,0,33
1996,2,1,-9.92201,0.56,14,0.56,0,33
1997,2,1,-11.786878,0.6,15,0.6,0,33
1998,0,-1,11.786749,0.56,14,0.56,0,33
1999,2,1,19.497263,0.6,15,0.6,0,33
2000,0,-1,11.786912,0.56,14,0.56,0,33
2001,1,0,0.0,0.56,14,0.56,0,33
2002,0,-1,9.921979,0.52,13,0.52,0,33
2003,1,0,0.0,0.52,13,0.52,0,33
2004,2,1,21.367445,0.56,14,0.56,0,33
2005,2,1,17.86555,0.6,15,0.6,0,33
2006,0,-1,-19.497263,0.56,14,0.56,0,33
2007,2,1,19.497263,0.6,15,0.6,0,33
2008,0,-1,11.786878,0.56,14,0.56,0,33
2009,1,0,0.0,0.56,14,0.56,0,33
2010,1,0,0.0,0.56,14,0.56,0,33
2011,0,-1,9.921343,0.52,13,0.52,0,33
2012,2,1,-9.922015,0.56,14,0.56,0,33
2013,2,1,17.863403,0.6,15,0.6,0,33
2014,0,-1,-16.470173,0.56,14,0.56,0,33
2015,1,0,0.0,0.56,14,0.56,0,33
2016,0,-1,-0.0,0.56,14,0.56,0,33
2017,0,-1,-0.0,0.56,14,0.56,0,33
2018,0,-1,-0.0,0.56,14,0.56,0,33
2019,1,0,0.0,0.56,14,0.56,0,33
2020,2,1,16.470173,0.6,15,0.6,0,33
2021,0,-1,-0.0,0.6,15,0.6,0,33
2022,0,-1,-16.470173,0.56,14,0.56,0,33
2023,1,0,0.0,0.56,14,0.56,0,33
2024,2,1,-11.786916,0.6,15,0.6,0,33
2025,2,1,14.2147665,0.64,16,0.64,0,33
2026,0,-1,14.286526,0.6,15,0.6,0,33
2027,1,0,0.0,0.6,15,0.6,0,33
2028,1,0,0.0,0.6,15,0.6,0,33
2029,2,1,-14.286528,0.64,16,0.64,0,33
2030,0,-1,-0.0,0.64,16,0.64,0,33
2031,2,1,10.035843,0.68,17,0.68,0,33
2032,1,0,0.0,0.68,17,0.68,1,33
2033,2,1,2.8844185,0.72,18,0.72,0,33
2034,2,1,-3.9696472,0.76,19,0.76,0,33
2035,2,1,-17.634764,0.8,20,0.8,0,33
2036,1,0,0.0,0.8,20,0.8,0,33
2037,2,1,-41.344883,0.84,21,0.84,0,33
2038,1,0,0.0,0.84,21,0.84,0,33
2039,2,1,-76.17776,0.88,22,0.88,0,33
2040,2,1,-180.84752,0.92,23,0.92,0,33
2041,0,-1,-0.0,0.92,23,0.92,0,33
2042,2,1,-597.9425,0.96,24,0.96,0,33
2043,2,1,27.342731,1.0,25,1.0,0,33
2044,1,0,-1000.0,0.0,0,0.0,0,33
2045,2,1,28.364332,0.2,5,0.2,0,34
2046,0,-1,-0.0,0.2,5,0.2,0,34
2047,2,1,27.010183,0.24,6,0.24,0,34
2048,2,1,25.136045,0.28,7,0.28,0,34
2049,2,1,-4.847297,0.32,8,0.32,0,34
2050,0,-1,4.847297,0.28,7,0.28,0,34
2051,1,0,0.0,0.28,7,0.28,0,34
2052,2,1,27.639961,0.32,8,0.32,0,34
2053,1,0,0.0,0.32,8,0.32,0,34
2054,2,1,22.762478,0.36,9,0.36,0,34
2055,0,-1,-22.762478,0.32,8,0.32,0,34
2056,2,1,22.491299,0.36,9,0.36,0,34
2057,2,1,22.671667,0.4,10,0.4,0,34
2058,1,0,0.0,0.4,10,0.4,0,34
2059,0,-1,-0.0,0.4,10,0.4,0,34
2060,2,1,19.069109,0.44,11,0.44,0,34
2061,2,1,18.39444,0.48,12,0.48,0,34
2062,2,1,15.062655,0.52,13,0.52,0,34
2063,1,0,0.0,0.52,13,0.52,0,34
2064,2,1,13.830591,0.56,14,0.56,0,34
2065,2,1,14.977644,0.6,15,0.6,0,34
2066,2,1,13.047345,0.64,16,0.64,0,34
2067,2,1,5.9232125,0.68,17,0.68,0,34
2068,2,1,-0.9801209,0.72,18,0.72,0,34
2069,2,1,-4.7266426,0.76,19,0.76,0,34
2070,2,1,-16.04966,0.8,20,0.8,0,34
2071,2,1,-41.20083,0.84,21,0.84,0,34
2072,0,-1,36.867832,0.8,20,0.8,0,34
2073,0,-1,-0.0,0.8,20,0.8,0,34
2074,2,1,-100.0,0.0,0,0.0,0,34
2075,2,1,-4.1406527,0.2,5,0.2,0,35
2076,2,1,28.208652,0.24,6,0.24,0,35
2077,2,1,27.98924,0.28,7,0.28,0,35
2078,0,-1,-27.98924,0.24,6,0.24,0,35
2079,0,-1,-28.208652,0.2,5,0.2,0,35
2080,2,1,28.22638,0.24,6,0.24,0,35
2081,0,-1,4.278605,0.2,5,0.2,0,35
2082,1,0,0.0,0.2,5,0.2,0,35
2083,2,1,27.010183,0.24,6,0.24,0,35
2084,1,0,0.0,0.24,6,0.24,0,35
2085,2,1,25.136045,0.28,7,0.28,0,35
2086,2,1,-4.847379,0.32,8,0.32,0,35
2087,2,1,22.053389,0.36,9,0.36,0,35
2088,0,-1,-0.0,0.36,9,0.36,0,35
2089,1,0,0.0,0.36,9,0.36,0,35
2090,2,1,-5.8295894,0.4,10,0.4,0,35
2091,2,1,-6.520809,0.44,11,0.44,0,35
2092,2,1,20.379887,0.48,12,0.48,0,35
2093,0,-1,-0.0,0.48,12,0.48,0,35
2094,0,-1,-0.0,0.48,12,0.48,0,35
2095,1,0,0.0,0.48,12,0.48,0,35
2096,2,1,16.6261,0.52,13,0.52,0,35
2097,2,1,15.86432,0.56,14,0.56,0,35
2098,1,0,0.0,0.56,14,0.56,0,35
2099,2,1,20.701015,0.6,15,0.6,0,35
2100,2,1,9.372625,0.64,16,0.64,0,35
2101,0,-1,14.286522,0.6,15,0.6,0,35
2102,2,1,7.268949,0.64,16,0.64,0,35
2103,2,1,10.765354,0.68,17,0.68,0,35
2104,1,0,0.0,0.68,17,0.68,0,35
2105,2,1,2.9140933,0.72,18,0.72,0,35
2106,0,-1,-0.0,0.72,18,0.72,0,35
2107,2,1,-3.3333473,0.76,19,0.76,0,35
2108,2,1,-10.70183,0.8,20,0.8,0,35
2109,2,1,-62.804176,0.84,21,0.84,0,35
2110,0,-1,-0.0,0.84,21,0.84,0,35
2111,2,1,-81.34802,0.88,22,0.88,0,35
2112,1,0,0.0,0.88,22,0.88,0,35
2113,2,1,-183.2397,0.92,23,0.92,0,35
2114,1,0,0.0,0.92,23,0.92,0,35
2115,2,1,-100.0,0.0,0,0.0,0,35
2116,0,-1,-0.0,0.16,4,0.16,0,36
2117,2,1,28.364332,0.2,5,0.2,0,36
2118,1,0,0.0,0.2,5,0.2,0,36
2119,2,1,28.208652,0.24,6,0.24,0,36
2120,1,0,0.0,0.24,6,0.24,0,36
2121,2,1,26.767761,0.28,7,0.28,0,36
2122,1,0,0.0,0.28,7,0.28,0,36
2123,0,-1,-0.0,0.28,7,0.28,0,36
2124,0,-1,-0.0,0.28,7,0.28,0,36
2125,2,1,23.649387,0.32,8,0.32,0,36
2126,2,1,22.976604,0.36,9,0.36,0,36
2127,2,1,23.820692,0.4,10,0.4,0,36
2128,1,0,0.0,0.4,10,0.4,0,36
2129,2,1,19.412916,0.44,11,0.44,0,36
2130,2,1,16.701735,0.48,12,0.48,0,36
2131,1,0,0.0,0.48,12,0.48,0,36
2132,0,-1,-20.865192,0.44,11,0.44,0,36
2133,2,1,23.897566,0.48,12,0.48,0,36
2134,1,0,0.0,0.48,12,0.48,0,36
2135,2,1,18.834341,0.52,13,0.52,0,36
2136,1,0,0.0,0.52,13,0.52,0,36
2137,2,1,15.448675,0.56,14,0.56,0,36
2138,2,1,11.561046,0.6,15,0.6,0,36
2139,2,1,6.9536114,0.64,16,0.64,0,36
2140,0,-1,-9.807103,0.6,15,0.6,0,36
2141,0,-1,-0.0,0.6,15,0.6,0,36
2142,2,1,-100.0,0.0,0,0.0,0,36
2143,1,0,0.0,0.16,4,0.16,0,37
2144,0,-1,-0.0,0.16,4,0.16,0,37
2145,2,1,-4.1407347,0.2,5,0.2,0,37
2146,0,-1,-0.0,0.2,5,0.2,0,37
2147,2,1,28.208652,0.24,6,0.24,0,37
2148,1,0,0.0,0.24,6,0.24,0,37
2149,0,-1,4.278687,0.2,5,0.2,0,37
2150,0,-1,-0.0,0.2,5,0.2,0,37
2151,0,-1,-0.0,0.2,5,0.2,0,37
2152,0,-1,-28.346605,0.16,4,0.16,0,37
2153,2,1,28.364332,0.2,5,0.2,0,37
2154,2,1,-4.278605,0.24,6,0.24,0,37
2155,2,1,-4.516251,0.28,7,0.28,0,37
2156,0,-1,-0.0,0.28,7,0.28,0,37
2157,2,1,-4.847933,0.32,8,0.32,0,37
2158,2,1,26.008978,0.36,9,0.36,0,37
2159,1,0,0.0,0.36,9,0.36,0,37
2160,0,-1,-0.0,0.36,9,0.36,0,37
2161,2,1,26.658304,0.4,10,0.4,0,37
2162,1,0,0.0,0.4,10,0.4,0,37
2163,1,0,0.0,0.4,10,0.4,0,37
2164,0,-1,-0.0,0.4,10,0.4,0,37
2165,2,1,-6.5208087,0.44,11,0.44,0,37
2166,2,1,-7.3913045,0.48,12,0.48,0,37
2167,2,1,-8.498307,0.52,13,0.52,0,37
2168,0,-1,8.498306,0.48,12,0.48,0,37
2169,1,0,0.0,0.48,12,0.48,0,37
2170,0,-1,7.391858,0.44,11,0.44,0,37
2171,1,0,0.0,0.44,11,0.44,0,37
2172,2,1,-7.391858,0.48,12,0.48,0,37
2173,1,0,0.0,0.48,12,0.48,0,37
2174,2,1,-8.498307,0.52,13,0.52,0,37
2175,2,1,18.335072,0.56,14,0.56,0,37
2176,0,-1,-0.0,0.56,14,0.56,0,37
2177,1,0,0.0,0.56,14,0.56,0,37
2178,2,1,-11.786884,0.6,15,0.6,0,37
2179,2,1,-14.286528,0.64,16,0.64,0,37
2180,0,-1,14.286496,0.6,15,0.6,0,37
2181,0,-1,-19.502546,0.56,14,0.56,0,37
2182,2,1,14.217087,0.6,15,0.6,0,37
2183,2,1,16.997652,0.64,16,0.64,0,37
2184,2,1,6.502838,0.68,17,0.68,0,37
2185,2,1,-22.675793,0.72,18,0.72,0,37
2186,2,1,-30.097908,0.76,19,0.76,0,37
2187,0,-1,-0.0,0.76,19,0.76,0,37
2188,2,1,-12.33569,0.8,20,0.8,0,37
2189,2,1,-31.51472,0.84,21,0.84,0,37
2190,1,0,0.0,0.84,21,0.84,0,37
2191,1,0,0.0,0.84,21,0.84,0,37
2192,1,0,0.0,0.84,21,0.84,0,37
2193,0,-1,62.804184,0.8,20,0.8,0,37
2194,0,-1,-0.0,0.8,20,0.8,0,37
2195,0,-1,12.33569,0.76,19,0.76,0,37
2196,0,-1,-0.0,0.76,19,0.76,0,37
2197,0,-1,-1.1862713,0.72,18,0.72,0,37
2198,0,-1,-0.0,0.72,18,0.72,0,37
2199,0,-1,-0.0,0.72,18,0.72,0,37
2200,2,1,-30.097908,0.76,19,0.76,0,37
2201,2,1,-41.986008,0.8,20,0.8,0,37
2202,1,0,0.0,0.8,20,0.8,0,37
2203,1,0,0.0,0.8,20,0.8,0,37
2204,2,1,-62.804184,0.84,21,0.84,0,37
2205,2,1,-104.45699,0.88,22,0.88,0,37
2206,0,-1,-0.0,0.88,22,0.88,0,37
2207,1,0,0.0,0.88,22,0.88,0,37
2208,0,-1,-0.0,0.88,22,0.88,0,37
2209,0,-1,-0.0,0.88,22,0.88,0,37
2210,1,0,0.0,0.88,22,0.88,0,37
2211,0,-1,80.21822,0.84,21,0.84,0,37
2212,1,0,0.0,0.84,21,0.84,0,37
2213,2,1,-104.457,0.88,22,0.88,0,37
2214,0,-1,104.45699,0.84,21,0.84,0,37
2215,1,0,0.0,0.84,21,0.84,0,37
2216,0,-1,62.80418,0.8,20,0.8,0,37
2217,1,0,0.0,0.8,20,0.8,0,37
2218,0,-1,41.986008,0.76,19,0.76,0,37
2219,1,0,0.0,0.76,19,0.76,0,37
2220,2,1,-41.986008,0.8,20,0.8,0,37
2221,2,1,-33.15172,0.84,21,0.84,0,37
2222,0,-1,36.800182,0.8,20,0.8,0,37
2223,2,1,-35.47031,0.84,21,0.84,0,37
2224,0,-1,-0.0,0.84,21,0.84,0,37
2225,2,1,-76.68522,0.88,22,0.88,0,37
2226,2,1,-208.61093,0.92,23,0.92,0,37
2227,1,0,0.0,0.92,23,0.92,0,37
2228,1,0,0.0,0.92,23,0.92,0,37
2229,0,-1,-0.0,0.92,23,0.92,0,37
2230,0,-1,208.61096,0.88,22,0.88,0,37
2231,0,-1,104.457,0.84,21,0.84,0,37
2232,2,1,-79.33259,0.88,22,0.88,0,37
2233,1,0,0.0,0.88,22,0.88,0,37
2234,1,0,0.0,0.88,22,0.88,0,37
2235,1,0,0.0,0.88,22,0.88,0,37
2236,1,0,0.0,0.88,22,0.88,0,37
2237,0,-1,-0.0,0.88,22,0.88,0,37
2238,0,-1,104.45699,0.84,21,0.84,0,37
2239,1,0,0.0,0.84,21,0.84,0,37
2240,0,-1,62.804184,0.8,20,0.8,0,37
2241,1,0,0.0,0.8,20,0.8,0,37
2242,0,-1,41.98597,0.76,19,0.76,0,37
2243,1,0,0.0,0.76,19,0.76,0,37
2244,1,0,0.0,0.76,19,0.76,0,37
2245,1,0,0.0,0.76,19,0.76,0,37
2246,2,1,-13.4847145,0.8,20,0.8,0,37
2247,1,0,0.0,0.8,20,0.8,0,37
2248,2,1,-39.695206,0.84,21,0.84,0,37
2249,0,-1,34.30289,0.8,20,0.8,0,37
2250,0,-1,-0.0,0.8,20,0.8,0,37
2251,1,0,0.0,0.8,20,0.8,0,37
2252,1,0,0.0,0.8,20,0.8,0,37
2253,2,1,-37.43292,0.84,21,0.84,0,37
2254,0,-1,-0.0,0.84,21,0.84,0,37
2255,1,0,0.0,0.84,21,0.84,0,37
2256,2,1,-81.10876,0.88,22,0.88,0,37
2257,0,-1,76.19991,0.84,21,0.84,0,37
2258,2,1,-83.45984,0.88,22,0.88,0,37
2259,2,1,-187.37068,0.92,23,0.92,0,37
2260,0,-1,208.61096,0.88,22,0.88,1,37
2261,2,1,-185.37712,0.92,23,0.92,0,37
2262,2,1,-599.50745,0.96,24,0.96,0,37
2263,1,0,0.0,0.96,24,0.96,0,37
2264,2,1,23.637707,1.0,25,1.0,0,37
2265,1,0,-1000.0,0.0,0,0.0,0,37
2266,0,-1,-0.0,0.16,4,0.16,0,38
2267,2,1,-4.1406527,0.2,5,0.2,0,38
2268,1,0,0.0,0.2,5,0.2,0,38
2269,2,1,-4.2792473,0.24,6,0.24,0,38
2270,1,0,0.0,0.24,6,0.24,0,38
2271,2,1,27.971514,0.28,7,0.28,0,38
2272,0,-1,-27.971514,0.24,6,0.24,0,38
2273,0,-1,-0.0,0.24,6,0.24,0,38
2274,1,0,0.0,0.24,6,0.24,0,38
2275,1,0,0.0,0.24,6,0.24,0,38
2276,1,0,0.0,0.24,6,0.24,0,38
2277,2,1,27.98924,0.28,7,0.28,0,38
2278,1,0,0.0,0.28,7,0.28,0,38
2279,0,-1,4.5163865,0.24,6,0.24,0,38
2280,1,0,0.0,0.24,6,0.24,0,38
2281,2,1,27.971514,0.28,7,0.28,0,38
2282,2,1,26.436209,0.32,8,0.32,0,38
2283,2,1,26.008978,0.36,9,0.36,0,38
2284,1,0,0.0,0.36,9,0.36,0,38
2285,2,1,23.820692,0.4,10,0.4,0,38
2286,1,0,0.0,0.4,10,0.4,0,38
2287,0,-1,5.828954,0.36,9,0.36,0,38
2288,1,0,0.0,0.36,9,0.36,0,38
2289,1,0,0.0,0.36,9,0.36,0,38
2290,2,1,23.822836,0.4,10,0.4,0,38
2291,2,1,20.811838,0.44,11,0.44,0,38
2292,0,-1,-0.0,0.44,11,0.44,0,38
2293,2,1,19.941977,0.48,12,0.48,0,38
2294,0,-1,-0.0,0.48,12,0.48,0,38
2295,0,-1,-0.0,0.48,12,0.48,0,38
2296,2,1,19.544647,0.52,13,0.52,0,38
2297,0,-1,-19.544647,0.48,12,0.48,0,38
2298,1,0,0.0,0.48,12,0.48,0,38
2299,0,-1,-0.0,0.48,12,0.48,0,38
2300,2,1,16.625448,0.52,13,0.52,0,38
2301,2,1,15.448675,0.56,14,0.56,0,38
2302,2,1,16.256044,0.6,15,0.6,0,38
2303,1,0,0.0,0.6,15,0.6,0,38
2304,0,-1,-13.5837755,0.56,14,0.56,0,38
2305,2,1,14.353426,0.6,15,0.6,0,38
2306,0,-1,-0.0,0.6,15,0.6,0,38
2307,2,1,13.484284,0.64,16,0.64,0,38
2308,2,1,7.6347513,0.68,17,0.68,0,38
2309,2,1,2.913581,0.72,18,0.72,0,38
2310,2,1,-2.326125,0.76,19,0.76,0,38
2311,2,1,-18.877348,0.8,20,0.8,0,38
2312,2,1,-39.456223,0.84,21,0.84,0,38
2313,0,-1,-0.0,0.84,21,0.84,0,38
2314,2,1,-83.39625,0.88,22,0.88,0,38
2315,2,1,-182.82509,0.92,23,0.92,0,38
2316,2,1,-604.0258,0.96,24,0.96,0,38
2317,1,0,0.0,0.96,24,0.96,0,38
2318,2,1,-100.0,0.0,0,0.0,0,38
2319,2,1,-4.1406527,0.2,5,0.2,0,39
2320,0,-1,4.1406527,0.16,4,0.16,0,39
2321,1,0,0.0,0.16,4,0.16,0,39
2322,2,1,-4.1407347,0.2,5,0.2,0,39
2323,1,0,0.0,0.2,5,0.2,0,39
2324,2,1,28.22638,0.24,6,0.24,0,39
2325,0,-1,-28.22638,0.2,5,0.2,0,39
2326,2,1,28.208652,0.24,6,0.24,0,39
2327,1,0,0.0,0.24,6,0.24,0,39
2328,2,1,27.98924,0.28,7,0.28,0,39
2329,2,1,26.441492,0.32,8,0.32,0,39
2330,0,-1,-27.639961,0.28,7,0.28,0,39
2331,1,0,0.0,0.28,7,0.28,0,39
2332,2,1,27.639961,0.32,8,0.32,0,39
2333,1,0,0.0,0.32,8,0.32,0,39
2334,2,1,26.003696,0.36,9,0.36,0,39
2335,1,0,0.0,0.36,9,0.36,0,39
2336,2,1,22.671667,0.4,10,0.4,0,39
2337,2,1,23.129503,0.44,11,0.44,0,39
2338,0,-1,6.5202236,0.4,10,0.4,0,39
2339,2,1,21.249996,0.44,11,0.44,0,39
2340,0,-1,-21.980478,0.4,10,0.4,1,39
2341,2,1,23.105412,0.44,11,0.44,0,39
2342,0,-1,-0.0,0.44,11,0.44,0,39
2343,1,0,0.0,0.44,11,0.44,0,39
2344,1,0,0.0,0.44,11,0.44,0,39
2345,0,-1,-0.0,0.44,11,0.44,0,39
2346,2,1,18.18715,0.48,12,0.48,0,39
2347,2,1,19.979034,0.52,13,0.52,0,39
2348,0,-1,-0.0,0.52,13,0.52,0,39
2349,0,-1,-0.0,0.52,13,0.52,0,39
2350,2,1,15.854492,0.56,14,0.56,0,39
2351,0,-1,-0.0,0.56,14,0.56,0,39
2352,2,1,5.0852766,0.6,15,0.6,0,39
2353,2,1,9.362789,0.64,16,0.64,0,39
2354,0,-1,-0.0,0.64,16,0.64,0,39
2355,0,-1,-15.3397,0.6,15,0.6,0,39
2356,2,1,15.3397,0.64,16,0.64,0,39
2357,2,1,3.8096972,0.68,17,0.68,0,39
2358,0,-1,-0.0,0.68,17,0.68,0,39
2359,2,1,4.64448,0.72,18,0.72,0,39
2360,2,1,-100.0,0.0,0,0.0,0,39
2361,2,1,28.364332,0.2,5,0.2,0,40
2362,1,0,0.0,0.2,5,0.2,0,40
2363,2,1,28.208652,0.24,6,0.24,0,40
2364,1,0,0.0,0.24,6,0.24,0,40
2365,1,0,0.0,0.24,6,0.24,0,40
2366,2,1,-4.515744,0.28,7,0.28,0,40
2367,2,1,26.436209,0.32,8,0.32,0,40
2368,2,1,-5.279892,0.36,9,0.36,0,40
2369,2,1,25.459835,0.4,10,0.4,0,40
2370,2,1,21.736273,0.44,11,0.44,0,40
2371,1,0,0.0,0.44,11,0.44,0,40
2372,2,1,21.105461,0.48,12,0.48,0,40
2373,1,0,0.0,0.48,12,0.48,0,40
2374,2,1,21.152006,0.52,13,0.52,0,40
2375,2,1,-9.92185,0.56,14,0.56,1,40
2376,1,0,0.0,0.56,14,0.56,0,40
2377,2,1,14.818036,0.6,15,0.6,0,40
2378,1,0,0.0,0.6,15,0.6,0,40
2379,0,-1,-0.0,0.6,15,0.6,0,40
2380,0,-1,-14.818036,0.56,14,0.56,0,40
2381,2,1,16.74116,0.6,15,0.6,0,40
2382,2,1,13.021362,0.64,16,0.64,0,40
2383,1,0,0.0,0.64,16,0.64,0,40
2384,2,1,8.993383,0.68,17,0.68,0,40
2385,0,-1,-0.0,0.68,17,0.68,0,40
2386,2,1,-3.1564126,0.72,18,0.72,0,40
2387,2,1,-2.3467977,0.76,19,0.76,0,40
2388,2,1,-16.417385,0.8,20,0.8,0,40
2389,2,1,-37.4568,0.84,21,0.84,0,40
2390,0,-1,43.284763,0.8,20,0.8,0,40
2391,1,0,0.0,0.8,20,0.8,0,40
2392,2,1,-38.336647,0.84,21,0.84,0,40
2393,1,0,0.0,0.84,21,0.84,0,40
2394,2,1,-81.021095,0.88,22,0.88,0,40
2395,0,-1,-0.0,0.88,22,0.88,0,40
2396,0,-1,76.13528,0.84,21,0.84,0,40
2397,1,0,0.0,0.84,21,0.84,0,40
2398,2,1,-79.35979,0.88,22,0.88,0,40
2399,0,-1,75.928925,0.84,21,0.84,0,40
2400,2,1,-74.92477,0.88,22,0.88,0,40
2401,1,0,0.0,0.88,22,0.88,0,40
2402,0,-1,-0.0,0.88,22,0.88,0,40
2403,0,-1,93.40886,0.84,21,0.84,0,40
2404,1,0,0.0,0.84,21,0.84,0,40
2405,1,0,0.0,0.84,21,0.84,0,40
2406,0,-1,46.60251,0.8,20,0.8,0,40
2407,2,1,-36.924232,0.84,21,0.84,0,40
2408,0,-1,36.924232,0.8,20,0.8,0,40
2409,2,1,-39.855015,0.84,21,0.84,0,40
2410,0,-1,38.336647,0.8,20,0.8,0,40
2411,2,1,-41.900192,0.84,21,0.84,0,40
2412,1,0,0.0,0.84,21,0.84,0,40
2413,2,1,-77.21002,0.88,22,0.88,0,40
2414,2,1,-187.22786,0.92,23,0.92,0,40
2415,2,1,-100.0,0.0,0,0.0,0,40
2416,2,1,28.364332,0.2,5,0.2,0,41
2417,2,1,27.010183,0.24,6,0.24,0,41
2418,1,0,0.0,0.24,6,0.24,0,41
2419,0,-1,-0.0,0.24,6,0.24,0,41
2420,1,0,0.0,0.24,6,0.24,0,41
2421,2,1,-4.515744,0.28,7,0.28,0,41
2422,1,0,0.0,0.28,7,0.28,0,41
2423,2,1,27.639961,0.32,8,0.32,0,41
2424,0,-1,-0.0,0.32,8,0.32,0,41
2425,1,0,0.0,0.32,8,0.32,0,41
2426,2,1,26.003696,0.36,9,0.36,0,41
2427,2,1,23.822836,0.4,10,0.4,0,41
2428,0,-1,-0.0,0.4,10,0.4,0,41
2429,1,0,0.0,0.4,10,0.4,0,41
2430,2,1,20.813057,0.44,11,0.44,0,41
2431,2,1,17.732517,0.48,12,0.48,0,41
2432,0,-1,-0.0,0.48,12,0.48,0,41
2433,2,1,19.999044,0.52,13,0.52,0,41
2434,0,-1,-0.0,0.52,13,0.52,0,41
2435,2,1,-9.921425,0.56,14,0.56,0,41
2436,2,1,11.190125,0.6,15,0.6,0,41
2437,2,1,12.476384,0.64,16,0.64,0,41
2438,0,-1,14.285936,0.6,15,0.6,0,41
2439,0,-1,-0.0,0.6,15,0.6,0,41
2440,0,-1,11.7862425,0.56,14,0.56,0,41
2441,0,-1,-0.0,0.56,14,0.56,0,41
2442,2,1,17.863403,0.6,15,0.6,0,41
2443,0,-1,-14.975996,0.56,14,0.56,0,41
2444,2,1,15.984867,0.6,15,0.6,0,41
2445,0,-1,-0.0,0.6,15,0.6,0,41
2446,1,0,0.0,0.6,15,0.6,0,41
2447,0,-1,-0.0,0.6,15,0.6,0,41
2448,0,-1,-16.710442,0.56,14,0.56,0,41
2449,0,-1,-0.0,0.56,14,0.56,0,41
2450,2,1,13.58435,0.6,15,0.6,0,41
2451,2,1,11.499808,0.64,16,0.64,0,41
2452,2,1,5.496408,0.68,17,0.68,0,41
2453,1,0,0.0,0.68,17,0.68,0,41
2454,2,1,-1.7446285,0.72,18,0.72,0,41
2455,2,1,-8.975319,0.76,19,0.76,0,41
2456,2,1,-14.215197,0.8,20,0.8,0,41
2457,1,0,0.0,0.8,20,0.8,0,41
2458,0,-1,-0.0,0.8,20,0.8,0,41
2459,2,1,-100.0,0.0,0,0.0,0,41
2460,2,1,-4.1406527,0.2,5,0.2,0,42
2461,2,1,28.208652,0.24,6,0.24,0,42
2462,2,1,-4.516251,0.28,7,0.28,0,42
2463,2,1,26.436209,0.32,8,0.32,0,42
2464,1,0,0.0,0.32,8,0.32,0,42
2465,2,1,27.225174,0.36,9,0.36,0,42
2466,1,0,0.0,0.36,9,0.36,0,42
2467,0,-1,5.280317,0.32,8,0.32,0,42
2468,1,0,0.0,0.32,8,0.32,0,42
2469,2,1,26.008978,0.36,9,0.36,0,42
2470,0,-1,-26.003696,0.32,8,0.32,0,42
2471,0,-1,4.847297,0.28,7,0.28,0,42
2472,2,1,24.804493,0.32,8,0.32,0,42
2473,1,0,0.0,0.32,8,0.32,0,42
2474,2,1,22.053389,0.36,9,0.36,0,42
2475,2,1,19.294786,0.4,10,0.4,0,42
2476,2,1,21.980478,0.44,11,0.44,0,42
2477,1,0,0.0,0.44,11,0.44,0,42
2478,1,0,0.0,0.44,11,0.44,0,42
2479,2,1,20.651064,0.48,12,0.48,0,42
2480,1,0,0.0,0.48,12,0.48,0,42
2481,0,-1,-20.651064,0.44,11,0.44,0,42
2482,2,1,17.979368,0.48,12,0.48,0,42
2483,1,0,0.0,0.48,12,0.48,0,42
2484,2,1,14.734035,0.52,13,0.52,0,42
2485,0,-1,-23.989618,0.48,12,0.48,0,42
2486,2,1,14.478728,0.52,13,0.52,0,42
2487,2,1,22.565916,0.56,14,0.56,0,42
2488,1,0,0.0,0.56,14,0.56,0,42
2489,2,1,19.497263,0.6,15,0.6,0,42
2490,0,-1,-0.0,0.6,15,0.6,0,42
2491,2,1,6.644675,0.64,16,0.64,0,42
2492,2,1,5.6123,0.68,17,0.68,0,42
2493,1,0,0.0,0.68,17,0.68,0,42
2494,2,1,-1.5532427,0.72,18,0.72,0,42
2495,2,1,-8.857627,0.76,19,0.76,0,42
2496,0,-1,1.5966138,0.72,18,0.72,0,42
2497,0,-1,-8.608348,0.68,17,0.68,0,42
2498,1,0,0.0,0.68,17,0.68,0,42
2499,2,1,-100.0,0.0,0,0.0,0,42
2500,0,-1,-0.0,0.16,4,0.16,0,43
2501,2,1,28.364332,0.2,5,0.2,0,43
2502,0,-1,-28.364332,0.16,4,0.16,0,43
2503,2,1,-4.1406527,0.2,5,0.2,0,43
2504,0,-1,4.1406527,0.16,4,0.16,0,43
2505,0,-1,-0.0,0.16,4,0.16,0,43
2506,1,0,0.0,0.16,4,0.16,0,43
2507,2,1,-4.1407347,0.2,5,0.2,0,43
2508,2,1,28.208652,0.24,6,0.24,0,43
2509,2,1,27.98924,0.28,7,0.28,0,43
2510,0,-1,-27.971514,0.24,6,0.24,0,43
2511,0,-1,-0.0,0.24,6,0.24,0,43
2512,2,1,26.773045,0.28,7,0.28,0,43
2513,2,1,-4.8479323,0.32,8,0.32,0,43
2514,2,1,24.37198,0.36,9,0.36,0,43
2515,2,1,21.504246,0.4,10,0.4,0,43
2516,2,1,21.522146,0.44,11,0.44,0,43
2517,0,-1,-21.522146,0.4,10,0.4,0,43
2518,0,-1,5.8295894,0.36,9,0.36,0,43
2519,1,0,0.0,0.36,9,0.36,0,43
2520,2,1,22.213333,0.4,10,0.4,0,43
2521,2,1,25.967117,0.44,11,0.44,0,43
2522,2,1,20.865192,0.48,12,0.48,0,43
2523,0,-1,7.3913045,0.44,11,0.44,0,43
2524,2,1,20.379887,0.48,12,0.48,0,43
2525,1,0,0.0,0.48,12,0.48,0,43
2526,1,0,0.0,0.48,12,0.48,0,43
2527,2,1,18.062992,0.52,13,0.52,0,43
2528,0,-1,-0.0,0.52,13,0.52,0,43
2529,2,1,15.86432,0.56,14,0.56,0,43
2530,1,0,0.0,0.56,14,0.56,0,43
2531,0,-1,-18.120945,0.52,13,0.52,0,43
2532,2,1,-9.921425,0.56,14,0.56,0,43
2533,1,0,0.0,0.56,14,0.56,0,43
2534,2,1,11.965692,0.6,15,0.6,0,43
2535,0,-1,-0.0,0.6,15,0.6,0,43
2536,0,-1,-0.0,0.6,15,0.6,0,43
2537,2,1,11.717475,0.64,16,0.64,0,43
2538,0,-1,-11.717475,0.6,15,0.6,0,43
2539,2,1,13.7564335,0.64,16,0.64,0,43
2540,1,0,0.0,0.64,16,0.64,0,43
2541,0,-1,14.285936,0.6,15,0.6,0,43
2542,2,1,7.363553,0.64,16,0.64,0,43
2543,2,1,7.3884745,0.68,17,0.68,0,43
2544,2,1,2.9140933,0.72,18,0.72,0,43
2545,0,-1,-5.36713,0.68,17,0.68,0,43
2546,0,-1,-7.3884745,0.64,16,0.64,0,43
2547,0,-1,-0.0,0.64,16,0.64,0,43
2548,2,1,7.6353254,0.68,17,0.68,0,43
2549,2,1,-100.0,0.0,0,0.0,0,43
2550,2,1,28.364332,0.2,5,0.2,0,44
2551,2,1,27.010183,0.24,6,0.24,0,44
2552,0,-1,-0.0,0.24,6,0.24,0,44
2553,0,-1,-0.0,0.24,6,0.24,0,44
2554,1,0,0.0,0.24,6,0.24,0,44
2555,2,1,25.136045,0.28,7,0.28,0,44
2556,2,1,22.923813,0.32,8,0.32,0,44
2557,1,0,0.0,0.32,8,0.32,0,44
2558,0,-1,-0.0,0.32,8,0.32,0,44
2559,1,0,0.0,0.32,8,0.32,0,44
2560,0,-1,-0.0,0.32,8,0.32,0,44
2561,1,0,0.0,0.32,8,0.32,0,44
2562,2,1,20.30944,0.36,9,0.36,0,44
2563,2,1,17.627909,0.4,10,0.4,0,44
2564,2,1,17.040154,0.44,11,0.44,0,44
2565,2,1,25.096035,0.48,12,0.48,0,44
2566,2,1,22.785866,0.52,13,0.52,0,44
2567,2,1,11.4291525,0.56,14,0.56,0,44
2568,2,1,9.719471,0.6,15,0.6,0,44
2569,2,1,13.047345,0.64,16,0.64,0,44
2570,1,0,0.0,0.64,16,0.64,0,44
2571,2,1,7.6353254,0.68,17,0.68,0,44
2572,2,1,3.110505,0.72,18,0.72,0,44
2573,2,1,-0.44758847,0.76,19,0.76,0,44
2574,2,1,-18.326857,0.8,20,0.8,0,44
2575,0,-1,-0.0,0.8,20,0.8,0,44
2576,2,1,-39.455944,0.84,21,0.84,0,44
2577,2,1,-82.90152,0.88,22,0.88,0,44
2578,2,1,-183.48654,0.92,23,0.92,0,44
2579,2,1,-100.0,0.0,0,0.0,0,44
2580,2,1,28.364332,0.2,5,0.2,0,45
2581,2,1,27.010183,0.24,6,0.24,0,45
2582,2,1,-4.515826,0.28,7,0.28,0,45
2583,1,0,0.0,0.28,7,0.28,0,45
2584,1,0,0.0,0.28,7,0.28,0,45
2585,1,0,0.0,0.28,7,0.28,0,45
2586,2,1,24.804493,0.32,8,0.32,0,45
2587,2,1,22.053389,0.36,9,0.36,0,45
2588,1,0,0.0,0.36,9,0.36,0,45
2589,2,1,26.658304,0.4,10,0.4,0,45
2590,2,1,21.736273,0.44,11,0.44,0,45
2591,0,-1,-0.0,0.44,11,0.44,0,45
2592,0,-1,-0.0,0.44,11,0.44,0,45
2593,1,0,0.0,0.44,11,0.44,0,45
2594,1,0,0.0,0.44,11,0.44,0,45
2595,2,1,18.612106,0.48,12,0.48,0,45
2596,2,1,19.27347,0.52,13,0.52,0,45
2597,1,0,0.0,0.52,13,0.52,0,45
2598,2,1,15.667908,0.56,14,0.56,0,45
2599,1,0,0.0,0.56,14,0.56,0,45
2600,1,0,0.0,0.56,14,0.56,0,45
2601,2,1,13.99942,0.6,15,0.6,0,45
2602,0,-1,-0.0,0.6,15,0.6,0,45
2603,0,-1,-14.217087,0.56,14,0.56,0,45
2604,1,0,0.0,0.56,14,0.56,0,45
2605,2,1,13.337499,0.6,15,0.6,0,45
2606,2,1,-14.2864895,0.64,16,0.64,0,45
2607,0,-1,-13.970561,0.6,15,0.6,0,45
2608,2,1,-14.285854,0.64,16,0.64,0,45
2609,2,1,5.2411013,0.68,17,0.68,0,45
2610,0,-1,17.7359,0.64,16,0.64,0,45
2611,2,1,13.54824,0.68,17,0.68,0,45
2612,1,0,0.0,0.68,17,0.68,0,45
2613,1,0,0.0,0.68,17,0.68,0,45
2614,2,1,1.0767766,0.72,18,0.72,0,45
2615,1,0,0.0,0.72,18,0.72,0,45
2616,0,-1,-0.0,0.72,18,0.72,0,45
2617,2,1,-8.402198,0.76,19,0.76,0,45
2618,2,1,-41.98597,0.8,20,0.8,0,45
2619,1,0,0.0,0.8,20,0.8,0,45
2620,0,-1,-0.0,0.8,20,0.8,0,45
2621,2,1,-39.243214,0.84,21,0.84,0,45
2622,2,1,-81.34802,0.88,22,0.88,0,45
2623,2,1,-183.2397,0.92,23,0.92,1,45
2624,2,1,-601.6056,0.96,24,0.96,0,45
2625,2,1,20.93288,1.0,25,1.0,0,45
2626,2,1,-1000.0,0.0,0,0.0,0,45
2627,2,1,28.346605,0.2,5,0.2,0,46
2628,2,1,-4.278687,0.24,6,0.24,0,46
2629,2,1,27.98924,0.28,7,0.28,0,46
2630,0,-1,4.515826,0.24,6,0.24,0,46
2631,0,-1,-0.0,0.24,6,0.24,0,46
2632,0,-1,-0.0,0.24,6,0.24,0,46
2633,2,1,26.767761,0.28,7,0.28,0,46
2634,2,1,24.80235,0.32,8,0.32,0,46
2635,1,0,0.0,0.32,8,0.32,0,46
2636,0,-1,-0.0,0.32,8,0.32,0,46
2637,1,0,0.0,0.32,8,0.32,0,46
2638,2,1,26.008978,0.36,9,0.36,0,46
2639,0,-1,-0.0,0.36,9,0.36,0,46
2640,0,-1,-0.0,0.36,9,0.36,0,46
2641,0,-1,-0.0,0.36,9,0.36,0,46
2642,0,-1,-0.0,0.36,9,0.36,0,46
2643,2,1,23.822836,0.4,10,0.4,0,46
2644,0,-1,-0.0,0.4,10,0.4,0,46
2645,2,1,21.736273,0.44,11,0.44,0,46
2646,0,-1,-21.736273,0.4,10,0.4,0,46
2647,1,0,0.0,0.4,10,0.4,0,46
2648,2,1,21.976542,0.44,11,0.44,0,46
2649,1,0,0.0,0.44,11,0.44,0,46
2650,1,0,0.0,0.44,11,0.44,0,46
2651,1,0,0.0,0.44,11,0.44,0,46
2652,2,1,19.941977,0.48,12,0.48,0,46
2653,2,1,19.2725,0.52,13,0.52,0,46
2654,1,0,0.0,0.52,13,0.52,0,46
2655,2,1,17.410637,0.56,14,0.56,0,46
2656,0,-1,-17.410637,0.52,13,0.52,0,46
2657,0,-1,-0.0,0.52,13,0.52,0,46
2658,2,1,15.863857,0.56,14,0.56,0,46
2659,2,1,13.58435,0.6,15,0.6,0,46
2660,1,0,0.0,0.6,15,0.6,0,46
2661,0,-1,-0.0,0.6,15,0.6,0,46
2662,1,0,0.0,0.6,15,0.6,0,46
2663,2,1,-14.285936,0.64,16,0.64,0,46
2664,2,1,5.496408,0.68,17,0.68,0,46
2665,2,1,-1.5532427,0.72,18,0.72,0,46
2666,2,1,-100.0,0.0,0,0.0,0,46
2667,0,-1,-0.0,0.16,4,0.16,0,47
2668,0,-1,-0.0,0.16,4,0.16,0,47
2669,2,1,28.364332,0.2,5,0.2,0,47
2670,2,1,27.010183,0.24,6,0.24,0,47
2671,2,1,23.984877,0.28,7,0.28,0,47
2672,2,1,27.639961,0.32,8,0.32,0,47
2673,2,1,21.484077,0.36,9,0.36,0,47
2674,1,0,0.0,0.36,9,0.36,0,47
2675,2,1,-5.829036,0.4,10,0.4,0,47
2676,0,-1,-0.0,0.4,10,0.4,0,47
2677,0,-1,5.829036,0.36,9,0.36,0,47
2678,2,1,25.454552,0.4,10,0.4,0,47
2679,0,-1,-0.0,0.4,10,0.4,0,47
2680,2,1,23.129503,0.44,11,0.44,0,47
2681,1,0,0.0,0.44,11,0.44,0,47
2682,0,-1,-0.0,0.44,11,0.44,0,47
2683,0,-1,-0.0,0.44,11,0.44,0,47
2684,1,0,0.0,0.44,11,0.44,0,47
2685,1,0,0.0,0.44,11,0.44,0,47
2686,1,0,0.0,0.44,11,0.44,0,47
2687,1,0,0.0,0.44,11,0.44,0,47
2688,0,-1,-0.0,0.44,11,0.44,0,47
2689,1,0,0.0,0.44,11,0.44,0,47
2690,2,1,-7.3912225,0.48,12,0.48,0,47
2691,2,1,19.2725,0.52,13,0.52,0,47
2692,2,1,15.667396,0.56,14,0.56,0,47
2693,1,0,0.0,0.56,14,0.56,0,47
2694,2,1,11.773804,0.6,15,0.6,0,47
2695,1,0,0.0,0.6,15,0.6,0,47
2696,2,1,-14.285936,0.64,16,0.64,0,47
2697,1,0,0.0,0.64,16,0.64,0,47
2698,2,1,10.307021,0.68,17,0.68,0,47
2699,0,-1,-0.0,0.68,17,0.68,0,47
2700,0,-1,17.735348,0.64,16,0.64,0,47
2701,2,1,9.596714,0.68,17,0.68,0,47
2702,0,-1,-10.307021,0.64,16,0.64,0,47
2703,2,1,8.049933,0.68,17,0.68,0,47
2704,2,1,0.98308426,0.72,18,0.72,0,47
2705,2,1,-8.6420145,0.76,19,0.76,0,47
2706,2,1,-100.0,0.0,0,0.0,0,47
2707,2,1,28.346605,0.2,5,0.2,0,48
2708,2,1,28.22638,0.24,6,0.24,0,48
2709,2,1,26.773045,0.28,7,0.28,0,48
2710,0,-1,-27.971514,0.24,6,0.24,0,48
2711,2,1,-4.515744,0.28,7,0.28,0,48
2712,0,-1,-0.0,0.28,7,0.28,0,48
2713,0,-1,4.515744,0.24,6,0.24,0,48
2714,1,0,0.0,0.24,6,0.24,0,48
2715,2,1,23.984877,0.28,7,0.28,0,48
2716,1,0,0.0,0.28,7,0.28,0,48
2717,1,0,0.0,0.28,7,0.28,0,48
2718,0,-1,-0.0,0.28,7,0.28,0,48
2719,1,0,0.0,0.28,7,0.28,0,48
2720,2,1,21.088379,0.32,8,0.32,0,48
2721,0,-1,-21.088379,0.28,7,0.28,0,48
2722,2,1,27.639961,0.32,8,0.32,0,48
2723,1,0,0.0,0.32,8,0.32,0,48
2724,0,-1,-23.653324,0.28,7,0.28,0,48
2725,2,1,-4.847379,0.32,8,0.32,0,48
2726,2,1,26.003696,0.36,9,0.36,0,48
2727,0,-1,5.279892,0.32,8,0.32,0,48
2728,2,1,24.37198,0.36,9,0.36,0,48
2729,2,1,21.504246,0.4,10,0.4,0,48
2730,2,1,21.522146,0.44,11,0.44,0,48
2731,2,1,22.258423,0.48,12,0.48,0,48
2732,2,1,19.999044,0.52,13,0.52,0,48
2733,0,-1,-19.544647,0.48,12,0.48,0,48
2734,1,0,0.0,0.48,12,0.48,0,48
2735,1,0,0.0,0.48,12,0.48,0,48
2736,2,1,16.872952,0.52,13,0.52,0,48
2737,2,1,17.849766,0.56,14,0.56,0,48
2738,2,1,11.445432,0.6,15,0.6,0,48
2739,2,1,11.303396,0.64,16,0.64,0,48
2740,0,-1,-0.0,0.64,16,0.64,0,48
2741,2,1,3.3866487,0.68,17,0.68,0,48
2742,2,1,-22.67524,0.72,18,0.72,0,48
2743,0,-1,-5.8215265,0.68,17,0.68,0,48
2744,0,-1,-0.0,0.68,17,0.68,0,48
2745,0,-1,-0.0,0.68,17,0.68,0,48
2746,2,1,3.110505,0.72,18,0.72,0,48
2747,1,0,0.0,0.72,18,0.72,0,48
2748,2,1,-6.536939,0.76,19,0.76,0,48
2749,1,0,0.0,0.76,19,0.76,0,48
2750,1,0,0.0,0.76,19,0.76,0,48
2751,1,0,0.0,0.76,19,0.76,0,48
2752,2,1,-18.2334,0.8,20,0.8,0,48
2753,1,0,0.0,0.8,20,0.8,0,48
2754,2,1,-41.2978,0.84,21,0.84,0,48
2755,1,0,0.0,0.84,21,0.84,0,48
2756,1,0,0.0,0.84,21,0.84,0,48
2757,2,1,-81.10876,0.88,22,0.88,0,48
2758,2,1,-186.96088,0.92,23,0.92,0,48
2759,1,0,0.0,0.92,23,0.92,0,48
2760,2,1,-597.9333,0.96,24,0.96,0,48
2761,1,0,0.0,0.96,24,0.96,0,48
2762,2,1,21.69571,1.0,25,1.0,0,48
2763,2,1,-1000.0,0.0,0,0.0,0,48
2764,0,-1,-0.0,0.16,4,0.16,0,49
2765,2,1,28.346605,0.2,5,0.2,0,49
2766,2,1,28.22638,0.24,6,0.24,0,49
2767,0,-1,-0.0,0.24,6,0.24,0,49
2768,2,1,23.526543,0.28,7,0.28,0,49
2769,2,1,21.292372,0.32,8,0.32,0,49
2770,2,1,26.003696,0.36,9,0.36,0,49
2771,1,0,0.0,0.36,9,0.36,0,49
2772,0,-1,-0.0,0.36,9,0.36,0,49
2773,1,0,0.0,0.36,9,0.36,0,49
2774,2,1,23.820692,0.4,10,0.4,0,49
2775,2,1,20.811838,0.44,11,0.44,0,49
2776,2,1,17.731865,0.48,12,0.48,0,49
2777,2,1,22.79115,0.52,13,0.52,0,49
2778,2,1,17.848795,0.56,14,0.56,0,49
2779,2,1,13.5837755,0.6,15,0.6,0,49
2780,1,0,0.0,0.6,15,0.6,0,49
2781,2,1,11.499346,0.64,16,0.64,0,49
2782,1,0,0.0,0.64,16,0.64,0,49
2783,2,1,6.492495,0.68,17,0.68,0,49
2784,2,1,0.98308426,0.72,18,0.72,0,49
2785,2,1,-0.44544354,0.76,19,0.76,0,49
2786,2,1,-20.430653,0.8,20,0.8,0,49
2787,2,1,-100.0,0.0,0,0.0,0,49
2788,1,0,0.0,0.16,4,0.16,0,50
2789,2,1,-4.1407347,0.2,5,0.2,0,50
2790,1,0,0.0,0.2,5,0.2,0,50
2791,0,-1,4.1407347,0.16,4,0.16,0,50
2792,2,1,28.364332,0.2,5,0.2,0,50
2793,2,1,27.010183,0.24,6,0.24,0,50
2794,0,-1,-0.0,0.24,6,0.24,0,50
2795,2,1,25.136045,0.28,7,0.28,0,50
2796,2,1,23.19499,0.32,8,0.32,0,50
2797,2,1,20.859858,0.36,9,0.36,0,50
2798,2,1,18.382133,0.4,10,0.4,0,50
2799,2,1,20.813057,0.44,11,0.44,0,50
2800,2,1,20.379887,0.48,12,0.48,0,50
2801,2,1,16.872952,0.52,13,0.52,0,50
2802,1,0,0.0,0.52,13,0.52,0,50
2803,1,0,0.0,0.52,13,0.52,0,50
2804,2,1,-9.921425,0.56,14,0.56,0,50
2805,2,1,13.337499,0.6,15,0.6,0,50
2806,2,1,14.2147665,0.64,16,0.64,0,50
2807,2,1,7.8539844,0.68,17,0.68,0,50
2808,0,-1,-0.0,0.68,17,0.68,0,50
2809,2,1,4.0887294,0.72,18,0.72,0,50
2810,0,-1,22.67524,0.68,17,0.68,0,50
2811,2,1,9.8121,0.72,18,0.72,0,50
2812,0,-1,-4.0887294,0.68,17,0.68,0,50
2813,0,-1,-0.0,0.68,17,0.68,0,50
2814,1,0,0.0,0.68,17,0.68,0,50
2815,0,-1,-14.751992,0.64,16,0.64,0,50
2816,2,1,5.496408,0.68,17,0.68,0,50
2817,2,1,9.8121,0.72,18,0.72,0,50
2818,2,1,-6.536939,0.76,19,0.76,0,50
2819,2,1,-18.877033,0.8,20,0.8,0,50
2820,1,0,0.0,0.8,20,0.8,0,50
2821,0,-1,-0.0,0.8,20,0.8,0,50
2822,2,1,-36.039623,0.84,21,0.84,0,50
2823,1,0,0.0,0.84,21,0.84,0,50
2824,2,1,-78.67066,0.88,22,0.88,1,50
2825,0,-1,-0.0,0.88,22,0.88,0,50
2826,1,0,0.0,0.88,22,0.88,0,50
2827,1,0,0.0,0.88,22,0.88,0,50
2828,1,0,0.0,0.88,22,0.88,0,50
2829,2,1,-187.15274,0.92,23,0.92,0,50
2830,2,1,-601.2298,0.96,24,0.96,0,50
2831,0,-1,592.7811,0.92,23,0.92,0,50
2832,2,1,-601.8057,0.96,24,0.96,0,50
2833,2,1,23.635725,1.0,25,1.0,0,50
2834,1,0,-1000.0,0.0,0,0.0,0,50
2835,0,-1,-0.0,0.16,4,0.16,0,51
2836,1,0,0.0,0.16,4,0.16,0,51
2837,0,-1,-0.0,0.16,4,0.16,0,51
2838,2,1,-4.1407347,0.2,5,0.2,0,51
2839,2,1,28.22638,0.24,6,0.24,0,51
2840,0,-1,4.278687,0.2,5,0.2,0,51
2841,2,1,27.010183,0.24,6,0.24,0,51
2842,1,0,0.0,0.24,6,0.24,0,51
2843,2,1,27.971514,0.28,7,0.28,0,51
2844,2,1,26.436209,0.32,8,0.32,0,51
2845,0,-1,-0.0,0.32,8,0.32,0,51
2846,2,1,-5.279892,0.36,9,0.36,0,51
2847,0,-1,5.279892,0.32,8,0.32,0,51
2848,0,-1,-26.436209,0.28,7,0.28,0,51
2849,0,-1,-27.971514,0.24,6,0.24,0,51
2850,2,1,23.984877,0.28,7,0.28,0,51
2851,2,1,27.639961,0.32,8,0.32,0,51
2852,0,-1,-27.639961,0.28,7,0.28,0,51
2853,1,0,0.0,0.28,7,0.28,0,51
2854,1,0,0.0,0.28,7,0.28,0,51
2855,2,1,21.91659,0.32,8,0.32,0,51
2856,1,0,0.0,0.32,8,0.32,0,51
2857,2,1,27.207449,0.36,9,0.36,0,51
2858,2,1,23.822836,0.4,10,0.4,0,51
2859,1,0,0.0,0.4,10,0.4,0,51
2860,2,1,-6.5201416,0.44,11,0.44,0,51
2861,1,0,0.0,0.44,11,0.44,0,51
2862,2,1,-7.3913045,0.48,12,0.48,0,51
2863,2,1,18.83556,0.52,13,0.52,0,51
2864,2,1,17.849766,0.56,14,0.56,0,51
2865,2,1,13.58435,0.6,15,0.6,0,51
2866,0,-1,11.7863245,0.56,14,0.56,0,51
2867,1,0,0.0,0.56,14,0.56,0,51
2868,1,0,0.0,0.56,14,0.56,0,51
2869,0,-1,9.921343,0.52,13,0.52,0,51
2870,2,1,13.310331,0.56,14,0.56,0,51
2871,1,0,0.0,0.56,14,0.56,0,51
2872,2,1,9.395423,0.6,15,0.6,0,51
2873,2,1,-100.0,0.0,0,0.0,0,51
2874,2,1,28.364332,0.2,5,0.2,0,52
2875,2,1,28.208652,0.24,6,0.24,0,52
2876,2,1,26.773045,0.28,7,0.28,0,52
2877,1,0,0.0,0.28,7,0.28,0,52
2878,2,1,-4.847297,0.32,8,0.32,0,52
2879,1,0,0.0,0.32,8,0.32,0,52
2880,2,1,24.37198,0.36,9,0.36,0,52
2881,2,1,22.671667,0.4,10,0.4,0,52
2882,2,1,21.736273,0.44,11,0.44,0,52
2883,1,0,0.0,0.44,11,0.44,0,52
2884,1,0,0.0,0.44,11,0.44,0,52
2885,1,0,0.0,0.44,11,0.44,0,52
2886,0,-1,6.5201416,0.4,10,0.4,0,52
2887,2,1,-6.5202236,0.44,11,0.44,0,52
2888,2,1,19.372663,0.48,12,0.48,0,52
2889,0,-1,-0.0,0.48,12,0.48,0,52
2890,2,1,19.544647,0.52,13,0.52,0,52
2891,1,0,0.0,0.52,13,0.52,0,52
2892,0,-1,8.497722,0.48,12,0.48,0,52
2893,2,1,-8.497722,0.52,13,0.52,0,52
2894,2,1,17.411856,0.56,14,0.56,0,52
2895,2,1,15.984867,0.6,15,0.6,0,52
2896,0,-1,-14.977644,0.56,14,0.56,0,52
2897,1,0,0.0,0.56,14,0.56,0,52
2898,2,1,14.977644,0.6,15,0.6,0,52
2899,2,1,10.837887,0.64,16,0.64,0,52
2900,2,1,8.404402,0.68,17,0.68,0,52
2901,0,-1,-9.028621,0.64,16,0.64,0,52
2902,1,0,0.0,0.64,16,0.64,0,52
2903,1,0,0.0,0.64,16,0.64,0,52
2904,1,0,0.0,0.64,16,0.64,0,52
2905,1,0,0.0,0.64,16,0.64,0,52
2906,2,1,8.050396,0.68,17,0.68,0,52
2907,1,0,0.0,0.68,17,0.68,0,52
2908,2,1,2.695434,0.72,18,0.72,0,52
2909,2,1,-6.3453,0.76,19,0.76,0,52
2910,0,-1,-0.0,0.76,19,0.76,0,52
2911,2,1,-18.63777,0.8,20,0.8,0,52
2912,2,1,-39.695206,0.84,21,0.84,0,52
2913,2,1,-81.22465,0.88,22,0.88,0,52
2914,2,1,-185.63393,0.92,23,0.92,0,52
2915,2,1,-598.70465,0.96,24,0.96,0,52
2916,0,-1,625.2653,0.92,23,0.92,0,52
2917,2,1,-604.02563,0.96,24,0.96,0,52
2918,1,0,0.0,0.96,24,0.96,0,52
2919,2,1,23.659153,1.0,25,1.0,0,52
2920,1,0,-1000.0,0.0,0,0.0,0,52
2921,2,1,-4.1407347,0.2,5,0.2,0,53
2922,2,1,28.208652,0.24,6,0.24,0,53
2923,2,1,-4.515744,0.28,7,0.28,0,53
2924,2,1,26.436209,0.32,8,0.32,0,53
2925,2,1,24.369835,0.36,9,0.36,0,53
2926,2,1,21.941185,0.4,10,0.4,0,53
2927,0,-1,5.829036,0.36,9,0.36,0,53
2928,0,-1,5.27981,0.32,8,0.32,0,53
2929,1,0,0.0,0.32,8,0.32,0,53
2930,2,1,20.50539,0.36,9,0.36,0,53
2931,0,-1,-0.0,0.36,9,0.36,0,53
2932,2,1,26.67603,0.4,10,0.4,0,53
2933,1,0,0.0,0.4,10,0.4,0,53
2934,2,1,21.976542,0.44,11,0.44,0,53
2935,2,1,19.940758,0.48,12,0.48,0,53
2936,2,1,18.264599,0.52,13,0.52,0,53
2937,2,1,15.667396,0.56,14,0.56,0,53
2938,2,1,13.336845,0.6,15,0.6,0,53
2939,1,0,0.0,0.6,15,0.6,0,53
2940,2,1,9.372388,0.64,16,0.64,0,53
2941,2,1,10.307021,0.68,17,0.68,0,53
2942,0,-1,-0.0,0.68,17,0.68,0,53
2943,2,1,2.1639507,0.72,18,0.72,0,53
2944,2,1,-6.345526,0.76,19,0.76,0,53
2945,2,1,-18.528736,0.8,20,0.8,0,53
2946,2,1,-37.43349,0.84,21,0.84,0,53
2947,0,-1,37.9644,0.8,20,0.8,0,53
2948,2,1,-39.456223,0.84,21,0.84,0,53
2949,2,1,-82.7614,0.88,22,0.88,0,53
2950,2,1,-187.00772,0.92,23,0.92,0,53
2951,0,-1,180.568,0.88,22,0.88,0,53
2952,2,1,-183.77118,0.92,23,0.92,0,53
2953,2,1,-603.86176,0.96,24,0.96,0,53
2954,2,1,-100.0,0.0,0,0.0,0,53
2955,0,-1,-0.0,0.16,4,0.16,0,54
2956,2,1,-4.1407347,0.2,5,0.2,0,54
2957,0,-1,4.1407347,0.16,4,0.16,0,54
2958,2,1,28.364332,0.2,5,0.2,0,54
2959,2,1,28.208652,0.24,6,0.24,0,54
2960,1,0,0.0,0.24,6,0.24,0,54
2961,1,0,0.0,0.24,6,0.24,0,54
2962,1,0,0.0,0.24,6,0.24,0,54
2963,2,1,-4.515744,0.28,7,0.28,0,54
2964,0,-1,4.515744,0.24,6,0.24,0,54
2965,2,1,26.773045,0.28,7,0.28,0,54
2966,0,-1,-26.773045,0.24,6,0.24,0,54
2967,0,-1,-0.0,0.24,6,0.24,0,54
2968,1,0,0.0,0.24,6,0.24,0,54
2969,2,1,26.773045,0.28,7,0.28,0,54
2970,1,0,0.0,0.28,7,0.28,0,54
2971,2,1,23.409119,0.32,8,0.32,0,54
2972,1,0,0.0,0.32,8,0.32,0,54
2973,2,1,26.003696,0.36,9,0.36,0,54
2974,2,1,-5.828954,0.4,10,0.4,0,54
2975,0,-1,-22.427462,0.36,9,0.36,0,54
2976,1,0,0.0,0.36,9,0.36,0,54
2977,1,0,0.0,0.36,9,0.36,0,54
2978,2,1,23.820692,0.4,10,0.4,0,54
2979,0,-1,-23.820692,0.36,9,0.36,0,54
2980,0,-1,-26.003696,0.32,8,0.32,0,54
2981,2,1,-5.280317,0.36,9,0.36,0,54
2982,2,1,23.822836,0.4,10,0.4,0,54
2983,0,-1,-26.658304,0.36,9,0.36,0,54
2984,2,1,-5.82959,0.4,10,0.4,0,54
2985,2,1,25.967117,0.44,11,0.44,1,54
2986,1,0,0.0,0.44,11,0.44,0,54
2987,1,0,0.0,0.44,11,0.44,0,54
2988,0,-1,-25.941753,0.4,10,0.4,0,54
2989,1,0,0.0,0.4,10,0.4,0,54
2990,0,-1,-0.0,0.4,10,0.4,0,54
2991,0,-1,-19.068535,0.36,9,0.36,0,54
2992,0,-1,-19.762054,0.32,8,0.32,0,54
2993,2,1,-5.2799067,0.36,9,0.36,0,54
2994,2,1,22.17461,0.4,10,0.4,0,54
2995,0,-1,5.8290505,0.36,9,0.36,0,54
2996,2,1,22.181377,0.4,10,0.4,0,54
2997,2,1,20.794722,0.44,11,0.44,0,54
2998,2,1,17.875437,0.48,12,0.48,0,54
2999,2,1,14.737359,0.52,13,0.52,0,54
3000,2,1,11.23828,0.56,14,0.56,0,54
3001,2,1,-100.0,0.0,0,0.0,0,54
3002,2,1,28.364332,0.2,5,0.2,0,55
3003,2,1,-4.278605,0.24,6,0.24,0,55
3004,2,1,26.773045,0.28,7,0.28,0,55
3005,2,1,-4.8479395,0.32,8,0.32,0,55
3006,0,-1,-26.441492,0.28,7,0.28,0,55
3007,1,0,0.0,0.28,7,0.28,0,55
3008,2,1,-4.847379,0.32,8,0.32,0,55
3009,1,0,0.0,0.32,8,0.32,0,55
3010,2,1,-5.2804456,0.36,9,0.36,0,55
3011,0,-1,-0.0,0.36,9,0.36,0,55
3012,2,1,-5.8296223,0.4,10,0.4,0,55
3013,2,1,21.522146,0.44,11,0.44,0,55
3014,0,-1,-21.522146,0.4,10,0.4,0,55
3015,2,1,-6.5208097,0.44,11,0.44,0,55
3016,0,-1,6.5208097,0.4,10,0.4,0,55
3017,2,1,-6.520809,0.44,11,0.44,0,55
3018,2,1,-7.3917294,0.48,12,0.48,0,55
3019,1,0,0.0,0.48,12,0.48,0,55
3020,0,-1,7.39189,0.44,11,0.44,0,55
3021,0,-1,6.5208097,0.4,10,0.4,1,55
3022,2,1,-6.5208097,0.44,11,0.44,0,55
3023,2,1,20.453756,0.48,12,0.48,0,55
3024,1,0,0.0,0.48,12,0.48,0,55
3025,0,-1,7.391891,0.44,11,0.44,0,55
3026,1,0,0.0,0.44,11,0.44,0,55
3027,2,1,23.796354,0.48,12,0.48,0,55
3028,2,1,20.693417,0.52,13,0.52,0,55
3029,2,1,-9.921862,0.56,14,0.56,0,55
3030,2,1,15.55466,0.6,15,0.6,0,55
3031,2,1,10.936068,0.64,16,0.64,0,55
3032,1,0,0.0,0.64,16,0.64,0,55
3033,2,1,8.96729,0.68,17,0.68,0,55
3034,2,1,2.6091604,0.72,18,0.72,0,55
3035,2,1,-6.9962325,0.76,19,0.76,0,55
3036,0,-1,3.0758677,0.72,18,0.72,0,55
3037,0,-1,-0.0,0.72,18,0.72,0,55
3038,1,0,0.0,0.72,18,0.72,0,55
3039,2,1,-30.097872,0.76,19,0.76,0,55
3040,0,-1,30.097866,0.72,18,0.72,0,55
3041,2,1,-9.050429,0.76,19,0.76,0,55
3042,1,0,0.0,0.76,19,0.76,0,55
3043,1,0,0.0,0.76,19,0.76,0,55
3044,2,1,-22.392551,0.8,20,0.8,0,55
3045,1,0,0.0,0.8,20,0.8,0,55
3046,2,1,-39.594448,0.84,21,0.84,0,55
3047,2,1,-81.25957,0.88,22,0.88,0,55
3048,1,0,0.0,0.88,22,0.88,0,55
3049,2,1,-191.48723,0.92,23,0.92,0,55
3050,2,1,-599.23645,0.96,24,0.96,0,55
3051,2,1,21.13204,1.0,25,1.0,0,55
3052,0,-1,-1000.0,0.0,0,0.0,0,55
3053,0,-1,-0.0,0.16,4,0.16,0,56
3054,2,1,28.364332,0.2,5,0.2,0,56
3055,2,1,27.010183,0.24,6,0.24,0,56
3056,2,1,-4.515826,0.28,7,0.28,0,56
3057,2,1,-4.8479323,0.32,8,0.32,0,56
3058,2,1,-5.280318,0.36,9,0.36,0,56
3059,1,0,0.0,0.36,9,0.36,0,56
3060,2,1,23.822836,0.4,10,0.4,0,56
3061,1,0,0.0,0.4,10,0.4,0,56
3062,0,-1,-0.0,0.4,10,0.4,0,56
3063,2,1,-6.520809,0.44,11,0.44,0,56
3064,1,0,0.0,0.44,11,0.44,0,56
3065,0,-1,6.520809,0.4,10,0.4,0,56
3066,0,-1,5.8295894,0.36,9,0.36,0,56
3067,0,-1,-0.0,0.36,9,0.36,0,56
3068,2,1,21.942156,0.4,10,0.4,0,56
3069,2,1,19.26552,0.44,11,0.44,0,56
3070,2,1,19.941977,0.48,12,0.48,0,56
3071,0,-1,7.3917303,0.44,11,0.44,0,56
3072,1,0,0.0,0.44,11,0.44,0,56
3073,2,1,17.732517,0.48,12,0.48,0,56
3074,1,0,0.0,0.48,12,0.48,0,56
3075,2,1,15.254294,0.52,13,0.52,0,56
3076,0,-1,8.497722,0.48,12,0.48,0,56
3077,2,1,17.091612,0.52,13,0.52,0,56
3078,1,0,0.0,0.52,13,0.52,0,56
3079,2,1,11.773694,0.56,14,0.56,0,56
3080,2,1,-100.0,0.0,0,0.0,0,56
3081,2,1,28.346605,0.2,5,0.2,0,57
3082,2,1,27.0049,0.24,6,0.24,0,57
3083,1,0,0.0,0.24,6,0.24,0,57
3084,2,1,27.98924,0.28,7,0.28,0,57
3085,1,0,0.0,0.28,7,0.28,0,57
3086,1,0,0.0,0.28,7,0.28,0,57
3087,1,0,0.0,0.28,7,0.28,0,57
3088,2,1,23.19499,0.32,8,0.32,0,57
3089,2,1,26.008978,0.36,9,0.36,0,57
3090,2,1,22.671667,0.4,10,0.4,0,57
3091,1,0,0.0,0.4,10,0.4,0,57
3092,2,1,23.131649,0.44,11,0.44,0,57
3093,1,0,0.0,0.44,11,0.44,0,57
3094,2,1,-7.3913045,0.48,12,0.48,0,57
3095,0,-1,-21.109398,0.44,11,0.44,0,57
3096,0,-1,-21.522146,0.4,10,0.4,0,57
3097,0,-1,5.829036,0.36,9,0.36,0,57
3098,2,1,21.504246,0.4,10,0.4,0,57
3099,1,0,0.0,0.4,10,0.4,0,57
3100,1,0,0.0,0.4,10,0.4,0,57
3101,1,0,0.0,0.4,10,0.4,0,57
3102,1,0,0.0,0.4,10,0.4,0,57
3103,2,1,21.976542,0.44,11,0.44,0,57
3104,2,1,17.732517,0.48,12,0.48,0,57
3105,2,1,20.002981,0.52,13,0.52,0,57
3106,2,1,18.335072,0.56,14,0.56,0,57
3107,2,1,11.190125,0.6,15,0.6,0,57
3108,1,0,0.0,0.6,15,0.6,0,57
3109,2,1,6.644675,0.64,16,0.64,0,57
3110,2,1,9.028621,0.68,17,0.68,0,57
3111,2,1,6.9744883,0.72,18,0.72,0,57
3112,2,1,-5.2573667,0.76,19,0.76,0,57
3113,1,0,0.0,0.76,19,0.76,0,57
3114,0,-1,1.8408189,0.72,18,0.72,0,57
3115,0,-1,-0.0,0.72,18,0.72,0,57
3116,1,0,0.0,0.72,18,0.72,0,57
3117,1,0,0.0,0.72,18,0.72,0,57
3118,1,0,0.0,0.72,18,0.72,0,57
3119,0,-1,-2.16471,0.68,17,0.68,0,57
3120,2,1,5.0959516,0.72,18,0.72,0,57
3121,2,1,-2.327096,0.76,19,0.76,0,57
3122,0,-1,3.3333473,0.72,18,0.72,0,57
3123,1,0,0.0,0.72,18,0.72,0,57
3124,2,1,-4.3115716,0.76,19,0.76,0,57
3125,1,0,0.0,0.76,19,0.76,0,57
3126,2,1,-16.200136,0.8,20,0.8,0,57
3127,0,-1,-0.0,0.8,20,0.8,0,57
3128,2,1,-34.547096,0.84,21,0.84,0,57
3129,0,-1,34.547096,0.8,20,0.8,0,57
3130,2,1,-39.695206,0.84,21,0.84,0,57
3131,0,-1,-0.0,0.84,21,0.84,0,57
3132,0,-1,-0.0,0.84,21,0.84,0,57
3133,0,-1,-0.0,0.84,21,0.84,0,57
3134,2,1,-78.86707,0.88,22,0.88,0,57
3135,2,1,-181.8464,0.92,23,0.92,0,57
3136,2,1,-599.89465,0.96,24,0.96,0,57
3137,1,0,0.0,0.96,24,0.96,0,57
3138,2,1,-100.0,0.0,0,0.0,0,57
3139,2,1,-4.1406527,0.2,5,0.2,0,58
3140,2,1,-4.279112,0.24,6,0.24,0,58
3141,1,0,0.0,0.24,6,0.24,0,58
3142,0,-1,4.279112,0.2,5,0.2,0,58
3143,1,0,0.0,0.2,5,0.2,0,58
3144,2,1,-4.2792473,0.24,6,0.24,0,58
3145,0,-1,4.2792473,0.2,5,0.2,0,58
3146,2,1,-4.278687,0.24,6,0.24,0,58
3147,0,-1,4.278687,0.2,5,0.2,1,58
3148,1,0,0.0,0.2,5,0.2,0,58
3149,2,1,28.049686,0.24,6,0.24,0,58
3150,1,0,0.0,0.24,6,0.24,0,58
3151,2,1,26.599482,0.28,7,0.28,0,58
3152,2,1,27.606607,0.32,8,0.32,0,58
3153,0,-1,-24.84775,0.28,7,0.28,0,58
3154,2,1,26.251492,0.32,8,0.32,0,58
3155,2,1,24.010193,0.36,9,0.36,0,58
3156,2,1,23.682623,0.4,10,0.4,0,58
3157,2,1,22.93292,0.44,11,0.44,0,58
3158,2,1,19.937407,0.48,12,0.48,0,58
3159,0,-1,-0.0,0.48,12,0.48,0,58
3160,2,1,18.67864,0.52,13,0.52,0,58
3161,0,-1,-20.955423,0.48,12,0.48,0,58
3162,0,-1,-0.0,0.48,12,0.48,0,58
3163,0,-1,-0.0,0.48,12,0.48,0,58
3164,1,0,0.0,0.48,12,0.48,0,58
3165,2,1,16.725327,0.52,13,0.52,0,58
3166,0,-1,-16.725327,0.48,12,0.48,0,58
3167,2,1,16.692684,0.52,13,0.52,0,58
3168,2,1,13.159167,0.56,14,0.56,0,58
3169,0,-1,-0.0,0.56,14,0.56,0,58
3170,2,1,17.66682,0.6,15,0.6,0,58
3171,1,0,0.0,0.6,15,0.6,0,58
3172,0,-1,-0.0,0.6,15,0.6,0,58
3173,2,1,8.854437,0.64,16,0.64,0,58
3174,1,0,0.0,0.64,16,0.64,0,58
3175,2,1,3.3108346,0.68,17,0.68,0,58
3176,2,1,-1.6589444,0.72,18,0.72,0,58
3177,2,1,-2.4530256,0.76,19,0.76,1,58
3178,1,0,0.0,0.76,19,0.76,0,58
3179,2,1,-14.906964,0.8,20,0.8,0,58
3180,0,-1,12.532304,0.76,19,0.76,0,58
3181,2,1,-100.0,0.0,0,0.0,0,58
3182,2,1,-4.1407347,0.2,5,0.2,0,59
3183,2,1,28.22638,0.24,6,0.24,0,59
3184,0,-1,4.278687,0.2,5,0.2,0,59
3185,2,1,28.208652,0.24,6,0.24,0,59
3186,0,-1,-28.208652,0.2,5,0.2,0,59
3187,2,1,-4.278605,0.24,6,0.24,0,59
3188,1,0,0.0,0.24,6,0.24,0,59
3189,2,1,-4.516251,0.28,7,0.28,0,59
3190,1,0,0.0,0.28,7,0.28,0,59
3191,2,1,27.639961,0.32,8,0.32,0,59
3192,0,-1,-0.0,0.32,8,0.32,0,59
3193,1,0,0.0,0.32,8,0.32,0,59
3194,0,-1,-0.0,0.32,8,0.32,0,59
3195,2,1,26.003696,0.36,9,0.36,0,59
3196,2,1,25.459835,0.4,10,0.4,0,59
3197,1,0,0.0,0.4,10,0.4,0,59
3198,0,-1,-25.459835,0.36,9,0.36,0,59
3199,0,-1,-0.0,0.36,9,0.36,0,59
3200,2,1,-5.82959,0.4,10,0.4,0,59
3201,2,1,-6.5202236,0.44,11,0.44,0,59
3202,2,1,-7.3918905,0.48,12,0.48,0,59
3203,1,0,0.0,0.48,12,0.48,0,59
3204,2,1,22.79115,0.52,13,0.52,0,59
3205,1,0,0.0,0.52,13,0.52,0,59
3206,0,-1,-22.79115,0.48,12,0.48,0,59
3207,1,0,0.0,0.48,12,0.48,0,59
3208,2,1,-8.498311,0.52,13,0.52,0,59
3209,2,1,-9.92201,0.56,14,0.56,0,59
3210,0,-1,9.92201,0.52,13,0.52,0,59
3211,0,-1,8.498311,0.48,12,0.48,0,59
3212,2,1,22.79115,0.52,13,0.52,0,59
3213,1,0,0.0,0.52,13,0.52,0,59
3214,0,-1,8.498307,0.48,12,0.48,0,59
3215,2,1,20.002981,0.52,13,0.52,0,59
3216,0,-1,-0.0,0.52,13,0.52,0,59
3217,0,-1,-0.0,0.52,13,0.52,0,59
3218,2,1,18.57534,0.56,14,0.56,0,59
3219,2,1,14.977644,0.6,15,0.6,0,59
3220,0,-1,-16.710442,0.56,14,0.56,0,59
3221,1,0,0.0,0.56,14,0.56,0,59
3222,1,0,0.0,0.56,14,0.56,0,59
3223,2,1,14.149434,0.6,15,0.6,0,59
3224,1,0,0.0,0.6,15,0.6,0,59
3225,0,-1,-14.149434,0.56,14,0.56,0,59
3226,1,0,0.0,0.56,14,0.56,0,59
3227,0,-1,9.921425,0.52,13,0.52,0,59
3228,2,1,19.730448,0.56,14,0.56,0,59
3229,0,-1,-0.0,0.56,14,0.56,0,59
3230,0,-1,-0.0,0.56,14,0.56,0,59
3231,1,0,0.0,0.56,14,0.56,0,59
3232,0,-1,-0.0,0.56,14,0.56,0,59
3233,0,-1,-0.0,0.56,14,0.56,0,59
3234,1,0,0.0,0.56,14,0.56,0,59
3235,1,0,0.0,0.56,14,0.56,0,59
3236,1,0,0.0,0.56,14,0.56,0,59
3237,0,-1,-0.0,0.56,14,0.56,0,59
3238,0,-1,-0.0,0.56,14,0.56,0,59
3239,0,-1,-0.0,0.56,14,0.56,0,59
3240,1,0,0.0,0.56,14,0.56,0,59
3241,2,1,13.053625,0.6,15,0.6,0,59
3242,1,0,0.0,0.6,15,0.6,0,59
3243,0,-1,-0.0,0.6,15,0.6,0,59
3244,2,1,13.047345,0.64,16,0.64,0,59
3245,2,1,10.035843,0.68,17,0.68,0,59
3246,2,1,6.9744883,0.72,18,0.72,0,59
3247,2,1,-7.4161754,0.76,19,0.76,0,59
3248,2,1,-16.614744,0.8,20,0.8,0,59
3249,2,1,-39.571835,0.84,21,0.84,0,59
3250,2,1,-78.86707,0.88,22,0.88,0,59
3251,2,1,-182.82463,0.92,23,0.92,0,59
3252,2,1,-601.8084,0.96,24,0.96,0,59
3253,2,1,22.835196,1.0,25,1.0,0,59
3254,1,0,-1000.0,0.0,0,0.0,0,59
3255,0,-1,-0.0,0.16,4,0.16,0,60
3256,2,1,-4.1407347,0.2,5,0.2,0,60
3257,1,0,0.0,0.2,5,0.2,0,60
3258,2,1,-4.279113,0.24,6,0.24,0,60
3259,1,0,0.0,0.24,6,0.24,0,60
3260,2,1,-4.51638,0.28,7,0.28,0,60
3261,1,0,0.0,0.28,7,0.28,0,60
3262,0,-1,4.51638,0.24,6,0.24,0,60
3263,0,-1,-0.0,0.24,6,0.24,0,60
3264,2,1,27.971514,0.28,7,0.28,0,60
3265,1,0,0.0,0.28,7,0.28,0,60
3266,0,-1,4.516252,0.24,6,0.24,0,60
3267,2,1,27.98924,0.28,7,0.28,0,60
3268,1,0,0.0,0.28,7,0.28,0,60
3269,2,1,26.436209,0.32,8,0.32,0,60
3270,2,1,24.369835,0.36,9,0.36,0,60
3271,2,1,21.941185,0.4,10,0.4,0,60
3272,2,1,19.068598,0.44,11,0.44,0,60
3273,2,1,16.168823,0.48,12,0.48,0,60
3274,2,1,14.95896,0.52,13,0.52,0,60
3275,2,1,11.584248,0.56,14,0.56,0,60
3276,0,-1,-13.535256,0.52,13,0.52,0,60
3277,2,1,-100.0,0.0,0,0.0,0,60
3278,2,1,28.364332,0.2,5,0.2,0,61
3279,2,1,23.763681,0.24,6,0.24,0,61
3280,2,1,27.971514,0.28,7,0.28,0,61
3281,2,1,26.441492,0.32,8,0.32,0,61
3282,1,0,0.0,0.32,8,0.32,0,61
3283,2,1,22.976604,0.36,9,0.36,0,61
3284,2,1,22.671667,0.4,10,0.4,0,61
3285,1,0,0.0,0.4,10,0.4,0,61
3286,2,1,20.040491,0.44,11,0.44,0,61
3287,1,0,0.0,0.44,11,0.44,0,61
3288,1,0,0.0,0.44,11,0.44,0,61
3289,1,0,0.0,0.44,11,0.44,0,61
3290,0,-1,-21.522146,0.4,10,0.4,0,61
3291,0,-1,-0.0,0.4,10,0.4,0,61
3292,2,1,23.131649,0.44,11,0.44,0,61
3293,1,0,0.0,0.44,11,0.44,0,61
3294,1,0,0.0,0.44,11,0.44,0,61
3295,2,1,18.544453,0.48,12,0.48,0,61
3296,1,0,0.0,0.48,12,0.48,0,61
3297,1,0,0.0,0.48,12,0.48,0,61
3298,2,1,19.27347,0.52,13,0.52,0,61
3299,2,1,15.345761,0.56,14,0.56,0,61
3300,1,0,0.0,0.56,14,0.56,0,61
3301,2,1,19.497263,0.6,15,0.6,0,61
3302,0,-1,-0.0,0.6,15,0.6,0,61
3303,2,1,13.047345,0.64,16,0.64,0,61
3304,2,1,11.914379,0.68,17,0.68,0,61
3305,0,-1,-8.20041,0.64,16,0.64,0,61
3306,1,0,0.0,0.64,16,0.64,0,61
3307,1,0,0.0,0.64,16,0.64,0,61
3308,2,1,9.596714,0.68,17,0.68,0,61
3309,2,1,2.4479303,0.72,18,0.72,0,61
3310,0,-1,-0.0,0.72,18,0.72,0,61
3311,2,1,-6.6230507,0.76,19,0.76,0,61
3312,2,1,-16.861593,0.8,20,0.8,0,61
3313,1,0,0.0,0.8,20,0.8,0,61
3314,1,0,0.0,0.8,20,0.8,0,61
3315,2,1,-39.82714,0.84,21,0.84,0,61
3316,0,-1,39.329327,0.8,20,0.8,0,61
3317,2,1,-37.21426,0.84,21,0.84,0,61
3318,2,1,-79.08573,0.88,22,0.88,0,61
3319,1,0,0.0,0.88,22,0.88,0,61
3320,0,-1,79.33324,0.84,21,0.84,0,61
3321,0,-1,34.30289,0.8,20,0.8,0,61
3322,2,1,-39.571835,0.84,21,0.84,0,61
3323,2,1,-104.456406,0.88,22,0.88,0,61
3324,0,-1,77.124344,0.84,21,0.84,0,61
3325,2,1,-75.9557,0.88,22,0.88,0,61
3326,2,1,-185.26273,0.92,23,0.92,0,61
3327,0,-1,208.61037,0.88,22,0.88,0,61
3328,2,1,-185.15343,0.92,23,0.92,0,61
3329,0,-1,-0.0,0.92,23,0.92,0,61
3330,0,-1,183.34319,0.88,22,0.88,0,61
3331,2,1,-185.50198,0.92,23,0.92,0,61
3332,2,1,-604.02563,0.96,24,0.96,0,61
3333,0,-1,598.70465,0.92,23,0.92,0,61
3334,2,1,-604.3347,0.96,24,0.96,0,61
3335,2,1,21.12259,1.0,25,1.0,0,61
3336,2,1,-1000.0,0.0,0,0.0,0,61
3337,2,1,28.364332,0.2,5,0.2,0,62
3338,2,1,-4.278687,0.24,6,0.24,0,62
3339,2,1,26.773045,0.28,7,0.28,0,62
3340,0,-1,4.515826,0.24,6,0.24,0,62
3341,2,1,27.971514,0.28,7,0.28,0,62
3342,2,1,26.436209,0.32,8,0.32,0,62
3343,2,1,22.976604,0.36,9,0.36,0,62
3344,2,1,23.822836,0.4,10,0.4,0,62
3345,0,-1,-25.454552,0.36,9,0.36,0,62
3346,2,1,21.504246,0.4,10,0.4,0,62
3347,1,0,0.0,0.4,10,0.4,0,62
3348,2,1,18.85045,0.44,11,0.44,0,62
3349,2,1,15.840451,0.48,12,0.48,0,62
3350,2,1,22.785866,0.52,13,0.52,0,62
3351,2,1,18.57534,0.56,14,0.56,0,62
3352,0,-1,-0.0,0.56,14,0.56,0,62
3353,2,1,9.335672,0.6,15,0.6,0,62
3354,0,-1,-0.0,0.6,15,0.6,0,62
3355,2,1,15.363791,0.64,16,0.64,0,62
3356,0,-1,-0.0,0.64,16,0.64,0,62
3357,2,1,5.6123,0.68,17,0.68,0,62
3358,2,1,4.087081,0.72,18,0.72,0,62
3359,0,-1,-0.0,0.72,18,0.72,0,62
3360,2,1,-3.536602,0.76,19,0.76,0,62
3361,2,1,-100.0,0.0,0,0.0,0,62
3362,0,-1,-0.0,0.16,4,0.16,0,63
3363,2,1,-4.1407347,0.2,5,0.2,0,63
3364,0,-1,4.1407347,0.16,4,0.16,0,63
3365,0,-1,-0.0,0.16,4,0.16,0,63
3366,0,-1,-0.0,0.16,4,0.16,0,63
3367,2,1,28.346605,0.2,5,0.2,0,63
3368,1,0,0.0,0.2,5,0.2,0,63
3369,0,-1,-0.0,0.2,5,0.2,0,63
3370,0,-1,-28.346605,0.16,4,0.16,0,63
3371,2,1,-4.1407347,0.2,5,0.2,0,63
3372,2,1,28.22638,0.24,6,0.24,0,63
3373,2,1,23.526543,0.28,7,0.28,0,63
3374,2,1,26.441492,0.32,8,0.32,0,63
3375,2,1,27.207449,0.36,9,0.36,0,63
3376,2,1,25.454552,0.4,10,0.4,0,63
3377,0,-1,-0.0,0.4,10,0.4,0,63
3378,2,1,-6.520649,0.44,11,0.44,0,63
3379,2,1,22.260569,0.48,12,0.48,0,63
3380,0,-1,-0.0,0.48,12,0.48,0,63
3381,0,-1,-0.0,0.48,12,0.48,0,63
3382,2,1,21.152006,0.52,13,0.52,0,63
3383,2,1,17.411856,0.56,14,0.56,0,63
3384,2,1,15.545738,0.6,15,0.6,0,63
3385,2,1,10.837234,0.64,16,0.64,0,63
3386,2,1,10.035843,0.68,17,0.68,0,63
3387,1,0,0.0,0.68,17,0.68,0,63
3388,2,1,2.695434,0.72,18,0.72,0,63
3389,2,1,-7.121205,0.76,19,0.76,0,63
3390,1,0,0.0,0.76,19,0.76,0,63
3391,2,1,-15.845667,0.8,20,0.8,0,63
3392,1,0,0.0,0.8,20,0.8,0,63
3393,1,0,0.0,0.8,20,0.8,0,63
3394,0,-1,19.009306,0.76,19,0.76,0,63
3395,0,-1,-0.0,0.76,19,0.76,0,63
3396,1,0,0.0,0.76,19,0.76,0,63
3397,0,-1,-0.0,0.76,19,0.76,0,63
3398,1,0,0.0,0.76,19,0.76,0,63
3399,2,1,-18.63777,0.8,20,0.8,0,63
3400,2,1,-37.679768,0.84,21,0.84,0,63
3401,0,-1,-0.0,0.84,21,0.84,0,63
3402,1,0,0.0,0.84,21,0.84,0,63
3403,2,1,-81.22465,0.88,22,0.88,0,63
3404,2,1,-182.82463,0.92,23,0.92,0,63
3405,2,1,-601.0375,0.96,24,0.96,0,63
3406,2,1,21.24028,1.0,25,1.0,0,63
3407,2,1,-1000.0,0.0,0,0.0,0,63
3408,0,-1,-0.0,0.16,4,0.16,0,64
3409,2,1,-4.1406527,0.2,5,0.2,0,64
3410,2,1,28.208652,0.24,6,0.24,0,64
3411,0,-1,4.278605,0.2,5,0.2,0,64
3412,2,1,-4.278687,0.24,6,0.24,0,64
3413,2,1,-4.51638,0.28,7,0.28,0,64
3414,2,1,26.436209,0.32,8,0.32,0,64
3415,0,-1,-0.0,0.32,8,0.32,0,64
3416,1,0,0.0,0.32,8,0.32,0,64
3417,0,-1,4.8479323,0.28,7,0.28,0,64
3418,2,1,24.80235,0.32,8,0.32,0,64
3419,2,1,22.490328,0.36,9,0.36,0,64
3420,0,-1,5.279892,0.32,8,0.32,0,64
3421,1,0,0.0,0.32,8,0.32,0,64
3422,1,0,0.0,0.32,8,0.32,0,64
3423,2,1,20.308928,0.36,9,0.36,0,64
3424,0,-1,-0.0,0.36,9,0.36,0,64
3425,2,1,17.627645,0.4,10,0.4,0,64
3426,0,-1,-17.627645,0.36,9,0.36,0,64
3427,0,-1,-0.0,0.36,9,0.36,0,64
3428,1,0,0.0,0.36,9,0.36,0,64
3429,0,-1,-0.0,0.36,9,0.36,0,64
3430,2,1,19.956245,0.4,10,0.4,0,64
3431,2,1,20.811838,0.44,11,0.44,0,64
3432,2,1,-7.3912225,0.48,12,0.48,0,64
3433,2,1,15.254068,0.52,13,0.52,0,64
3434,0,-1,-0.0,0.52,13,0.52,0,64
3435,1,0,0.0,0.52,13,0.52,0,64
3436,2,1,11.7735815,0.56,14,0.56,0,64
3437,2,1,11.773804,0.6,15,0.6,0,64
3438,2,1,9.170745,0.64,16,0.64,0,64
3439,1,0,0.0,0.64,16,0.64,0,64
3440,2,1,7.6347513,0.68,17,0.68,0,64
3441,2,1,5.581258,0.72,18,0.72,0,64
3442,2,1,-8.693731,0.76,19,0.76,0,64
3443,2,1,-18.753956,0.8,20,0.8,0,64
3444,2,1,-41.681744,0.84,21,0.84,0,64
3445,2,1,-71.95134,0.88,22,0.88,0,64
3446,0,-1,-0.0,0.88,22,0.88,0,64
3447,2,1,-187.15506,0.92,23,0.92,0,64
3448,2,1,-100.0,0.0,0,0.0,0,64
3449,0,-1,-0.0,0.16,4,0.16,0,65
3450,0,-1,-0.0,0.16,4,0.16,0,65
3451,2,1,28.346605,0.2,5,0.2,0,65
3452,2,1,-4.278605,0.24,6,0.24,0,65
3453,0,-1,4.278605,0.2,5,0.2,0,65
3454,1,0,0.0,0.2,5,0.2,0,65
3455,1,0,0.0,0.2,5,0.2,0,65
3456,1,0,0.0,0.2,5,0.2,0,65
3457,2,1,28.22638,0.24,6,0.24,0,65
3458,0,-1,-0.0,0.24,6,0.24,0,65
3459,1,0,0.0,0.24,6,0.24,0,65
3460,2,1,23.740671,0.28,7,0.28,0,65
3461,2,1,21.156033,0.32,8,0.32,0,65
3462,2,1,-5.279892,0.36,9,0.36,0,65
3463,0,-1,-20.723518,0.32,8,0.32,0,65
3464,1,0,0.0,0.32,8,0.32,0,65
3465,2,1,-5.280318,0.36,9,0.36,0,65
3466,1,0,0.0,0.36,9,0.36,0,65
3467,1,0,0.0,0.36,9,0.36,0,65
3468,1,0,0.0,0.36,9,0.36,0,65
3469,0,-1,5.280318,0.32,8,0.32,0,65
3470,2,1,26.008978,0.36,9,0.36,0,65
3471,2,1,25.454552,0.4,10,0.4,0,65
3472,2,1,23.129503,0.44,11,0.44,0,65
3473,1,0,0.0,0.44,11,0.44,0,65
3474,2,1,21.105461,0.48,12,0.48,0,65
3475,2,1,18.264599,0.52,13,0.52,0,65
3476,2,1,18.579277,0.56,14,0.56,0,65
3477,2,1,14.977644,0.6,15,0.6,0,65
3478,2,1,10.553254,0.64,16,0.64,0,65
3479,2,1,7.1046014,0.68,17,0.68,0,65
3480,2,1,1.8288426,0.72,18,0.72,0,65
3481,1,0,0.0,0.72,18,0.72,0,65
3482,2,1,-7.4165716,0.76,19,0.76,0,65
3483,1,0,0.0,0.76,19,0.76,0,65
3484,1,0,0.0,0.76,19,0.76,1,65
3485,2,1,-19.15716,0.8,20,0.8,0,65
3486,2,1,-35.035824,0.84,21,0.84,0,65
3487,0,-1,48.84089,0.8,20,0.8,0,65
3488,0,-1,-0.0,0.8,20,0.8,0,65
3489,0,-1,-0.0,0.8,20,0.8,0,65
3490,2,1,-34.765034,0.84,21,0.84,0,65
3491,1,0,0.0,0.84,21,0.84,0,65
3492,1,0,0.0,0.84,21,0.84,0,65
3493,0,-1,-0.0,0.84,21,0.84,0,65
3494,0,-1,34.538963,0.8,20,0.8,0,65
3495,2,1,-33.151463,0.84,21,0.84,0,65
3496,0,-1,39.975334,0.8,20,0.8,0,65
3497,0,-1,19.308676,0.76,19,0.76,0,65
3498,1,0,0.0,0.76,19,0.76,0,65
3499,2,1,-16.399183,0.8,20,0.8,0,65
3500,2,1,-39.245983,0.84,21,0.84,0,65
3501,2,1,-83.00366,0.88,22,0.88,0,65
3502,1,0,0.0,0.88,22,0.88,0,65
3503,2,1,-181.28139,0.92,23,0.92,0,65
3504,2,1,-597.49774,0.96,24,0.96,0,65
3505,1,0,0.0,0.96,24,0.96,0,65
3506,2,1,-100.0,0.0,0,0.0,0,65
3507,1,0,0.0,0.16,4,0.16,0,66
3508,2,1,-4.1406527,0.2,5,0.2,0,66
3509,2,1,28.208652,0.24,6,0.24,0,66
3510,2,1,26.767761,0.28,7,0.28,0,66
3511,2,1,24.80235,0.32,8,0.32,0,66
3512,2,1,23.216873,0.36,9,0.36,0,66
3513,0,-1,-23.216873,0.32,8,0.32,0,66
3514,1,0,0.0,0.32,8,0.32,0,66
3515,1,0,0.0,0.32,8,0.32,0,66
3516,2,1,23.216873,0.36,9,0.36,0,66
3517,2,1,22.427462,0.4,10,0.4,0,66
3518,2,1,21.249996,0.44,11,0.44,0,66
3519,0,-1,-21.976542,0.4,10,0.4,0,66
3520,1,0,0.0,0.4,10,0.4,0,66
3521,0,-1,-0.0,0.4,10,0.4,0,66
3522,2,1,19.483187,0.44,11,0.44,0,66
3523,2,1,18.393976,0.48,12,0.48,0,66
3524,0,-1,-18.612106,0.44,11,0.44,0,66
3525,1,0,0.0,0.44,11,0.44,0,66
3526,1,0,0.0,0.44,11,0.44,0,66
3527,2,1,16.360485,0.48,12,0.48,0,66
3528,2,1,13.151653,0.52,13,0.52,0,66
3529,2,1,-9.92185,0.56,14,0.56,0,66
3530,2,1,13.802496,0.6,15,0.6,0,66
3531,2,1,13.046126,0.64,16,0.64,0,66
3532,2,1,14.769718,0.68,17,0.68,0,66
3533,2,1,-100.0,0.0,0,0.0,0,66
3534,2,1,28.346605,0.2,5,0.2,0,67
3535,0,-1,-0.0,0.2,5,0.2,0,67
3536,1,0,0.0,0.2,5,0.2,0,67
3537,1,0,0.0,0.2,5,0.2,0,67
3538,0,-1,-28.346605,0.16,4,0.16,0,67
3539,2,1,28.364332,0.2,5,0.2,0,67
3540,2,1,-4.278605,0.24,6,0.24,0,67
3541,1,0,0.0,0.24,6,0.24,0,67
3542,1,0,0.0,0.24,6,0.24,0,67
3543,0,-1,-0.0,0.24,6,0.24,0,67
3544,2,1,26.773045,0.28,7,0.28,0,67
3545,2,1,-4.847804,0.32,8,0.32,0,67
3546,1,0,0.0,0.32,8,0.32,0,67
3547,2,1,24.37198,0.36,9,0.36,0,67
3548,0,-1,-0.0,0.36,9,0.36,0,67
3549,1,0,0.0,0.36,9,0.36,0,67
3550,1,0,0.0,0.36,9,0.36,0,67
3551,0,-1,-0.0,0.36,9,0.36,0,67
3552,2,1,-5.82959,0.4,10,0.4,0,67
3553,0,-1,-0.0,0.4,10,0.4,0,67
3554,2,1,25.967117,0.44,11,0.44,0,67
3555,0,-1,-0.0,0.44,11,0.44,0,67
3556,2,1,-7.3918905,0.48,12,0.48,0,67
3557,2,1,18.83556,0.52,13,0.52,0,67
3558,0,-1,-23.989618,0.48,12,0.48,0,67
3559,1,0,0.0,0.48,12,0.48,0,67
3560,2,1,-8.498313,0.52,13,0.52,0,67
3561,2,1,18.120945,0.56,14,0.56,0,67
3562,2,1,20.701015,0.6,15,0.6,0,67
3563,1,0,0.0,0.6,15,0.6,0,67
3564,2,1,13.485255,0.64,16,0.64,0,67
3565,0,-1,-0.0,0.64,16,0.64,0,67
3566,0,-1,-0.0,0.64,16,0.64,0,67
3567,2,1,-17.735937,0.68,17,0.68,0,67
3568,0,-1,-0.0,0.68,17,0.68,0,67
3569,1,0,0.0,0.68,17,0.68,0,67
3570,0,-1,17.735937,0.64,16,0.64,0,67
3571,0,-1,-0.0,0.64,16,0.64,0,67
3572,0,-1,-13.047345,0.6,15,0.6,0,67
3573,2,1,13.970561,0.64,16,0.64,0,67
3574,2,1,8.050396,0.68,17,0.68,0,67
3575,2,1,8.608348,0.72,18,0.72,0,67
3576,0,-1,-8.608348,0.68,17,0.68,0,67
3577,0,-1,17.735939,0.64,16,0.64,0,67
3578,0,-1,-0.0,0.64,16,0.64,0,67
3579,0,-1,-13.970561,0.6,15,0.6,0,67
3580,1,0,0.0,0.6,15,0.6,0,67
3581,1,0,0.0,0.6,15,0.6,0,67
3582,2,1,9.372625,0.64,16,0.64,0,67
3583,0,-1,14.286522,0.6,15,0.6,0,67
3584,0,-1,11.786878,0.56,14,0.56,0,67
3585,2,1,9.816439,0.6,15,0.6,0,67
3586,2,1,13.047345,0.64,16,0.64,0,67
3587,1,0,0.0,0.64,16,0.64,0,67
3588,2,1,7.6353254,0.68,17,0.68,0,67
3589,2,1,8.608348,0.72,18,0.72,0,67
3590,1,0,0.0,0.72,18,0.72,0,67
3591,2,1,-6.86556,0.76,19,0.76,0,67
3592,2,1,-16.396084,0.8,20,0.8,0,67
3593,1,0,0.0,0.8,20,0.8,0,67
3594,2,1,-100.0,0.0,0,0.0,0,67
3595,2,1,28.346605,0.2,5,0.2,0,68
3596,1,0,0.0,0.2,5,0.2,0,68
3597,2,1,-4.278605,0.24,6,0.24,0,68
3598,2,1,27.98924,0.28,7,0.28,0,68
3599,1,0,0.0,0.28,7,0.28,0,68
3600,2,1,-4.8479395,0.32,8,0.32,0,68
3601,0,-1,-27.657686,0.28,7,0.28,0,68
3602,2,1,26.436209,0.32,8,0.32,0,68
3603,2,1,27.225174,0.36,9,0.36,0,68
3604,1,0,0.0,0.36,9,0.36,0,68
3605,1,0,0.0,0.36,9,0.36,0,68
3606,2,1,23.820692,0.4,10,0.4,0,68
3607,1,0,0.0,0.4,10,0.4,0,68
3608,1,0,0.0,0.4,10,0.4,0,68
3609,2,1,20.811838,0.44,11,0.44,0,68
3610,2,1,20.378916,0.48,12,0.48,0,68
3611,0,-1,-0.0,0.48,12,0.48,0,68
3612,2,1,17.091099,0.52,13,0.52,0,68
3613,2,1,18.57534,0.56,14,0.56,0,68
3614,0,-1,9.921985,0.52,13,0.52,0,68
3615,2,1,16.840895,0.56,14,0.56,0,68
3616,0,-1,9.921343,0.52,13,0.52,0,68
3617,0,-1,-0.0,0.52,13,0.52,0,68
3618,2,1,15.201745,0.56,14,0.56,0,68
3619,2,1,19.502546,0.6,15,0.6,0,68
3620,0,-1,-0.0,0.6,15,0.6,0,68
3621,2,1,10.218146,0.64,16,0.64,0,68
3622,1,0,0.0,0.64,16,0.64,0,68
3623,2,1,7.6347513,0.68,17,0.68,0,68
3624,0,-1,-6.768734,0.64,16,0.64,0,68
3625,2,1,5.3727202,0.68,17,0.68,0,68
3626,0,-1,-0.0,0.68,17,0.68,0,68
3627,1,0,0.0,0.68,17,0.68,0,68
3628,2,1,-1.6788291,0.72,18,0.72,0,68
3629,2,1,-4.3120346,0.76,19,0.76,0,68
3630,2,1,-19.009306,0.8,20,0.8,1,68
3631,2,1,-39.052944,0.84,21,0.84,0,68
3632,2,1,-79.61913,0.88,22,0.88,0,68
3633,0,-1,-0.0,0.88,22,0.88,0,68
3634,2,1,-178.95776,0.92,23,0.92,0,68
3635,1,0,0.0,0.92,23,0.92,0,68
3636,2,1,-597.93115,0.96,24,0.96,0,68
3637,2,1,23.230558,1.0,25,1.0,0,68
3638,1,0,-1000.0,0.0,0,0.0,0,68
3639,2,1,28.346605,0.2,5,0.2,0,69
3640,2,1,-4.278687,0.24,6,0.24,0,69
3641,2,1,23.740671,0.28,7,0.28,0,69
3642,0,-1,-23.740671,0.24,6,0.24,0,69
3643,2,1,27.98924,0.28,7,0.28,0,69
3644,0,-1,-27.971514,0.24,6,0.24,0,69
3645,2,1,-4.515744,0.28,7,0.28,0,69
3646,2,1,-4.847804,0.32,8,0.32,0,69
3647,1,0,0.0,0.32,8,0.32,0,69
3648,2,1,26.008978,0.36,9,0.36,0,69
3649,1,0,0.0,0.36,9,0.36,0,69
3650,1,0,0.0,0.36,9,0.36,0,69
3651,0,-1,5.279892,0.32,8,0.32,0,69
3652,1,0,0.0,0.32,8,0.32,0,69
3653,0,-1,-0.0,0.32,8,0.32,0,69
3654,2,1,27.207449,0.36,9,0.36,0,69
3655,2,1,22.671667,0.4,10,0.4,0,69
3656,2,1,23.131649,0.44,11,0.44,0,69
3657,0,-1,-0.0,0.44,11,0.44,0,69
3658,2,1,20.379887,0.48,12,0.48,0,69
3659,1,0,0.0,0.48,12,0.48,0,69
3660,0,-1,-0.0,0.48,12,0.48,0,69
3661,1,0,0.0,0.48,12,0.48,0,69
3662,2,1,18.83556,0.52,13,0.52,0,69
3663,2,1,15.667908,0.56,14,0.56,0,69
3664,0,-1,9.92185,0.52,13,0.52,0,69
3665,2,1,13.638952,0.56,14,0.56,0,69
3666,2,1,9.669105,0.6,15,0.6,0,69
3667,2,1,11.499808,0.64,16,0.64,0,69
3668,0,-1,-18.201405,0.6,15,0.6,0,69
3669,2,1,11.084738,0.64,16,0.64,0,69
3670,2,1,-100.0,0.0,0,0.0,0,69
3671,2,1,28.346605,0.2,5,0.2,0,70
3672,2,1,23.97781,0.24,6,0.24,0,70
3673,2,1,21.487585,0.28,7,0.28,0,70
3674,0,-1,-0.0,0.28,7,0.28,0,70
3675,2,1,26.436209,0.32,8,0.32,0,70
3676,0,-1,-21.156033,0.28,7,0.28,1,70
3677,2,1,27.662897,0.32,8,0.32,0,70
3678,1,0,0.0,0.32,8,0.32,0,70
3679,2,1,26.019392,0.36,9,0.36,0,70
3680,0,-1,-0.0,0.36,9,0.36,0,70
3681,0,-1,-23.099194,0.32,8,0.32,0,70
3682,2,1,24.358229,0.36,9,0.36,0,70
3683,2,1,22.586359,0.4,10,0.4,0,70
3684,1,0,0.0,0.4,10,0.4,0,70
3685,2,1,19.30349,0.44,11,0.44,0,70
3686,0,-1,-0.0,0.44,11,0.44,0,70
3687,0,-1,-0.0,0.44,11,0.44,0,70
3688,2,1,18.706577,0.48,12,0.48,0,70
3689,1,0,0.0,0.48,12,0.48,0,70
3690,0,-1,-0.0,0.48,12,0.48,0,70
3691,0,-1,-0.0,0.48,12,0.48,0,70
3692,0,-1,-0.0,0.48,12,0.48,0,70
3693,1,0,0.0,0.48,12,0.48,0,70
3694,2,1,21.108196,0.52,13,0.52,0,70
3695,0,-1,-17.60016,0.48,12,0.48,0,70
3696,2,1,18.784483,0.52,13,0.52,0,70
3697,2,1,14.076584,0.56,14,0.56,0,70
3698,1,0,0.0,0.56,14,0.56,0,70
3699,0,-1,-0.0,0.56,14,0.56,0,70
3700,2,1,13.536877,0.6,15,0.6,0,70
3701,1,0,0.0,0.6,15,0.6,0,70
3702,2,1,13.4613085,0.64,16,0.64,0,70
3703,2,1,10.83605,0.68,17,0.68,0,70
3704,1,0,0.0,0.68,17,0.68,0,70
3705,2,1,2.394439,0.72,18,0.72,0,70
3706,1,0,0.0,0.72,18,0.72,0,70
3707,1,0,0.0,0.72,18,0.72,0,70
3708,2,1,-3.2915545,0.76,19,0.76,0,70
3709,0,-1,-0.0,0.76,19,0.76,0,70
3710,1,0,0.0,0.76,19,0.76,0,70
3711,2,1,-13.6534815,0.8,20,0.8,0,70
3712,0,-1,-0.0,0.8,20,0.8,0,70
3713,2,1,-37.232788,0.84,21,0.84,0,70
3714,0,-1,-0.0,0.84,21,0.84,0,70
3715,2,1,-78.69922,0.88,22,0.88,0,70
3716,1,0,0.0,0.88,22,0.88,0,70
3717,2,1,-185.16907,0.92,23,0.92,0,70
3718,2,1,-599.1675,0.96,24,0.96,0,70
3719,2,1,21.387243,1.0,25,1.0,0,70
3720,2,1,-1000.0,0.0,0,0.0,0,70
3721,2,1,28.346605,0.2,5,0.2,0,71
3722,2,1,-4.278605,0.24,6,0.24,0,71
3723,2,1,-4.515826,0.28,7,0.28,0,71
3724,2,1,27.657686,0.32,8,0.32,0,71
3725,1,0,0.0,0.32,8,0.32,0,71
3726,2,1,26.003696,0.36,9,0.36,0,71
3727,1,0,0.0,0.36,9,0.36,0,71
3728,2,1,-5.8295894,0.4,10,0.4,0,71
3729,1,0,0.0,0.4,10,0.4,0,71
3730,0,-1,5.8295894,0.36,9,0.36,0,71
3731,0,-1,-26.003696,0.32,8,0.32,0,71
3732,0,-1,4.847379,0.28,7,0.28,0,71
3733,2,1,26.441492,0.32,8,0.32,0,71
3734,2,1,26.003696,0.36,9,0.36,0,71
3735,0,-1,5.27981,0.32,8,0.32,0,71
3736,1,0,0.0,0.32,8,0.32,0,71
3737,2,1,-5.27981,0.36,9,0.36,0,71
3738,0,-1,-26.008978,0.32,8,0.32,0,71
3739,0,-1,-26.436209,0.28,7,0.28,0,71
3740,1,0,0.0,0.28,7,0.28,0,71
3741,2,1,26.441492,0.32,8,0.32,0,71
3742,2,1,23.22081,0.36,9,0.36,0,71
3743,0,-1,-23.22081,0.32,8,0.32,0,71
3744,1,0,0.0,0.32,8,0.32,0,71
3745,0,-1,-0.0,0.32,8,0.32,0,71
3746,2,1,-5.279892,0.36,9,0.36,0,71
3747,2,1,25.454552,0.4,10,0.4,0,71
3748,2,1,21.976542,0.44,11,0.44,0,71
3749,0,-1,6.5202236,0.4,10,0.4,0,71
3750,2,1,23.131649,0.44,11,0.44,0,71
3751,2,1,19.941977,0.48,12,0.48,0,71
3752,1,0,0.0,0.48,12,0.48,0,71
3753,1,0,0.0,0.48,12,0.48,0,71
3754,2,1,16.872952,0.52,13,0.52,0,71
3755,2,1,19.728302,0.56,14,0.56,0,71
3756,2,1,-11.786749,0.6,15,0.6,0,71
3757,1,0,0.0,0.6,15,0.6,0,71
3758,1,0,0.0,0.6,15,0.6,0,71
3759,0,-1,-0.0,0.6,15,0.6,0,71
3760,2,1,11.647204,0.64,16,0.64,0,71
3761,2,1,10.034872,0.68,17,0.68,0,71
3762,1,0,0.0,0.68,17,0.68,0,71
3763,2,1,3.1100423,0.72,18,0.72,0,71
3764,1,0,0.0,0.72,18,0.72,0,71
3765,1,0,0.0,0.72,18,0.72,0,71
3766,2,1,-2.326125,0.76,19,0.76,0,71
3767,0,-1,30.09774,0.72,18,0.72,0,71
3768,2,1,-1.5966138,0.76,19,0.76,0,71
3769,2,1,-16.861593,0.8,20,0.8,0,71
3770,2,1,-37.21426,0.84,21,0.84,0,71
3771,1,0,0.0,0.84,21,0.84,0,71
3772,0,-1,62.80351,0.8,20,0.8,0,71
3773,2,1,-39.695206,0.84,21,0.84,0,71
3774,2,1,-78.67066,0.88,22,0.88,0,71
3775,2,1,-184.95204,0.92,23,0.92,0,71
3776,2,1,-601.5133,0.96,24,0.96,0,71
3777,0,-1,596.76465,0.92,23,0.92,0,71
3778,0,-1,-0.0,0.92,23,0.92,0,71
3779,2,1,-602.2889,0.96,24,0.96,0,71
3780,1,0,0.0,0.96,24,0.96,0,71
3781,1,0,0.0,0.96,24,0.96,0,71
3782,2,1,21.060907,1.0,25,1.0,0,71
3783,0,-1,-1000.0,0.0,0,0.0,0,71
3784,2,1,28.346605,0.2,5,0.2,0,72
3785,2,1,27.0049,0.24,6,0.24,0,72
3786,2,1,27.98924,0.28,7,0.28,0,72
3787,2,1,-4.847379,0.32,8,0.32,0,72
3788,2,1,-5.280318,0.36,9,0.36,0,72
3789,2,1,-5.829622,0.4,10,0.4,0,72
3790,2,1,-6.5208135,0.44,11,0.44,0,72
3791,1,0,0.0,0.44,11,0.44,0,72
3792,1,0,0.0,0.44,11,0.44,0,72
3793,1,0,0.0,0.44,11,0.44,0,72
3794,0,-1,-25.984842,0.4,10,0.4,0,72
3795,2,1,-6.520815,0.44,11,0.44,0,72
3796,0,-1,6.520815,0.4,10,0.4,0,72
3797,2,1,21.976542,0.44,11,0.44,0,72
3798,1,0,0.0,0.44,11,0.44,0,72
3799,1,0,0.0,0.44,11,0.44,0,72
3800,2,1,-7.391896,0.48,12,0.48,0,72
3801,0,-1,-0.0,0.48,12,0.48,0,72
3802,0,-1,7.391896,0.44,11,0.44,0,72
3803,2,1,-7.391896,0.48,12,0.48,0,72
3804,2,1,24.007345,0.52,13,0.52,0,72
3805,2,1,16.840895,0.56,14,0.56,0,72
3806,1,0,0.0,0.56,14,0.56,0,72
3807,1,0,0.0,0.56,14,0.56,0,72
3808,1,0,0.0,0.56,14,0.56,0,72
3809,0,-1,-0.0,0.56,14,0.56,0,72
3810,0,-1,-0.0,0.56,14,0.56,0,72
3811,2,1,19.502546,0.6,15,0.6,0,72
3812,0,-1,-0.0,0.6,15,0.6,0,72
3813,1,0,0.0,0.6,15,0.6,0,72
3814,1,0,0.0,0.6,15,0.6,0,72
3815,2,1,15.363791,0.64,16,0.64,0,72
3816,1,0,0.0,0.64,16,0.64,0,72
3817,0,-1,14.286528,0.6,15,0.6,0,72
3818,1,0,0.0,0.6,15,0.6,0,72
3819,0,-1,-19.502546,0.56,14,0.56,0,72
3820,1,0,0.0,0.56,14,0.56,0,72
3821,2,1,15.983896,0.6,15,0.6,0,72
3822,0,-1,11.786915,0.56,14,0.56,0,72
3823,2,1,13.802496,0.6,15,0.6,0,72
3824,2,1,13.970561,0.64,16,0.64,0,72
3825,0,-1,14.286522,0.6,15,0.6,0,72
3826,2,1,17.002935,0.64,16,0.64,0,72
3827,2,1,5.8247795,0.68,17,0.68,0,72
3828,2,1,-1.1695675,0.72,18,0.72,0,72
3829,2,1,-100.0,0.0,0,0.0,0,72
3830,0,-1,-0.0,0.16,4,0.16,0,73
3831,0,-1,-0.0,0.16,4,0.16,0,73
3832,0,-1,-0.0,0.16,4,0.16,0,73
3833,2,1,-4.1407347,0.2,5,0.2,0,73
3834,0,-1,4.1407347,0.16,4,0.16,0,73
3835,2,1,-4.1407347,0.2,5,0.2,0,73
3836,2,1,-4.279113,0.24,6,0.24,0,73
3837,0,-1,-0.0,0.24,6,0.24,0,73
3838,2,1,-4.515744,0.28,7,0.28,0,73
3839,1,0,0.0,0.28,7,0.28,0,73
3840,2,1,27.639961,0.32,8,0.32,0,73
3841,2,1,26.003696,0.36,9,0.36,0,73
3842,1,0,0.0,0.36,9,0.36,0,73
3843,2,1,26.67603,0.4,10,0.4,0,73
3844,1,0,0.0,0.4,10,0.4,0,73
3845,1,0,0.0,0.4,10,0.4,0,73
3846,1,0,0.0,0.4,10,0.4,0,73
3847,2,1,21.522146,0.44,11,0.44,0,73
3848,0,-1,6.5201416,0.4,10,0.4,0,73
3849,2,1,21.736273,0.44,11,0.44,0,73
3850,1,0,0.0,0.44,11,0.44,0,73
3851,2,1,22.258423,0.48,12,0.48,0,73
3852,0,-1,-20.865192,0.44,11,0.44,0,73
3853,2,1,20.378916,0.48,12,0.48,0,73
3854,2,1,19.999044,0.52,13,0.52,0,73
3855,2,1,-9.921343,0.56,14,0.56,0,73
3856,0,-1,9.921343,0.52,13,0.52,0,73
3857,2,1,-9.921978,0.56,14,0.56,0,73
3858,2,1,-11.786911,0.6,15,0.6,0,73
3859,2,1,11.302884,0.64,16,0.64,0,73
3860,2,1,5.8247795,0.68,17,0.68,0,73
3861,2,1,8.613631,0.72,18,0.72,0,73
3862,1,0,0.0,0.72,18,0.72,0,73
3863,2,1,-8.6420145,0.76,19,0.76,0,73
3864,2,1,-41.98597,0.8,20,0.8,0,73
3865,1,0,0.0,0.8,20,0.8,0,73
3866,2,1,-100.0,0.0,0,0.0,0,73
3867,2,1,-4.1407347,0.2,5,0.2,0,74
3868,2,1,28.208652,0.24,6,0.24,0,74
3869,1,0,0.0,0.24,6,0.24,0,74
3870,1,0,0.0,0.24,6,0.24,0,74
3871,2,1,26.767761,0.28,7,0.28,0,74
3872,2,1,23.649387,0.32,8,0.32,0,74
3873,2,1,27.225174,0.36,9,0.36,0,74
3874,2,1,22.213333,0.4,10,0.4,0,74
3875,1,0,0.0,0.4,10,0.4,0,74
3876,2,1,24.768646,0.44,11,0.44,0,74
3877,2,1,21.109398,0.48,12,0.48,0,74
3878,2,1,18.264599,0.52,13,0.52,0,74
3879,2,1,14.917766,0.56,14,0.56,0,74
3880,1,0,0.0,0.56,14,0.56,0,74
3881,1,0,0.0,0.56,14,0.56,0,74
3882,2,1,11.047915,0.6,15,0.6,0,74
3883,0,-1,-0.0,0.6,15,0.6,0,74
3884,2,1,6.505241,0.64,16,0.64,0,74
3885,2,1,4.9453964,0.68,17,0.68,0,74
3886,2,1,6.9744883,0.72,18,0.72,0,74
3887,2,1,-0.44544354,0.76,19,0.76,0,74
3888,0,-1,30.097317,0.72,18,0.72,0,74
3889,2,1,-9.5365925,0.76,19,0.76,0,74
3890,0,-1,-0.0,0.76,19,0.76,0,74
3891,2,1,-17.481335,0.8,20,0.8,0,74
3892,1,0,0.0,0.8,20,0.8,0,74
3893,2,1,-35.47031,0.84,21,0.84,0,74
3894,1,0,0.0,0.84,21,0.84,0,74
3895,2,1,-83.81566,0.88,22,0.88,0,74
3896,0,-1,83.81566,0.84,21,0.84,0,74
3897,2,1,-100.0,0.0,0,0.0,0,74
3898,2,1,-4.1407347,0.2,5,0.2,0,75
3899,1,0,0.0,0.2,5,0.2,0,75
3900,0,-1,4.1407347,0.16,4,0.16,0,75
3901,1,0,0.0,0.16,4,0.16,0,75
3902,2,1,-4.1406527,0.2,5,0.2,0,75
3903,0,-1,-0.0,0.2,5,0.2,0,75
3904,2,1,28.22638,0.24,6,0.24,0,75
3905,0,-1,4.278605,0.2,5,0.2,0,75
3906,1,0,0.0,0.2,5,0.2,0,75
3907,0,-1,-0.0,0.2,5,0.2,0,75
3908,2,1,23.763681,0.24,6,0.24,0,75
3909,2,1,27.971514,0.28,7,0.28,0,75
3910,0,-1,-23.526543,0.24,6,0.24,0,75
3911,0,-1,-0.0,0.24,6,0.24,0,75
3912,2,1,26.773045,0.28,7,0.28,0,75
3913,1,0,0.0,0.28,7,0.28,0,75
3914,2,1,-4.847379,0.32,8,0.32,0,75
3915,0,-1,4.847379,0.28,7,0.28,0,75
3916,1,0,0.0,0.28,7,0.28,0,75
3917,0,-1,-0.0,0.28,7,0.28,0,75
3918,2,1,26.436209,0.32,8,0.32,0,75
3919,2,1,24.369835,0.36,9,0.36,0,75
3920,1,0,0.0,0.36,9,0.36,0,75
3921,0,-1,-0.0,0.36,9,0.36,0,75
3922,2,1,23.822836,0.4,10,0.4,0,75
3923,2,1,21.250967,0.44,11,0.44,0,75
3924,1,0,0.0,0.44,11,0.44,0,75
3925,2,1,19.940758,0.48,12,0.48,0,75
3926,0,-1,-0.0,0.48,12,0.48,0,75
3927,1,0,0.0,0.48,12,0.48,0,75
3928,2,1,19.2725,0.52,13,0.52,0,75
3929,2,1,18.120945,0.56,14,0.56,0,75
3930,2,1,16.714378,0.6,15,0.6,0,75
3931,2,1,11.303396,0.64,16,0.64,0,75
3932,0,-1,-14.2147665,0.6,15,0.6,0,75
3933,2,1,14.2147665,0.64,16,0.64,0,75
3934,1,0,0.0,0.64,16,0.64,0,75
3935,2,1,8.050396,0.68,17,0.68,0,75
3936,0,-1,-0.0,0.68,17,0.68,0,75
3937,2,1,2.6948602,0.72,18,0.72,0,75
3938,2,1,-6.640372,0.76,19,0.76,0,75
3939,1,0,0.0,0.76,19,0.76,0,75
3940,2,1,-18.638048,0.8,20,0.8,0,75
3941,2,1,-41.564045,0.84,21,0.84,0,75
3942,2,1,-81.224945,0.88,22,0.88,0,75
3943,1,0,0.0,0.88,22,0.88,0,75
3944,1,0,0.0,0.88,22,0.88,0,75
3945,1,0,0.0,0.88,22,0.88,0,75
3946,1,0,0.0,0.88,22,0.88,0,75
3947,2,1,-184.85835,0.92,23,0.92,0,75
3948,2,1,-100.0,0.0,0,0.0,0,75
3949,2,1,28.346605,0.2,5,0.2,0,76
3950,0,-1,-0.0,0.2,5,0.2,0,76
3951,1,0,0.0,0.2,5,0.2,0,76
3952,0,-1,-0.0,0.2,5,0.2,0,76
3953,1,0,0.0,0.2,5,0.2,0,76
3954,1,0,0.0,0.2,5,0.2,0,76
3955,1,0,0.0,0.2,5,0.2,0,76
3956,1,0,0.0,0.2,5,0.2,0,76
3957,2,1,28.22638,0.24,6,0.24,0,76
3958,2,1,-4.515826,0.28,7,0.28,0,76
3959,2,1,26.436209,0.32,8,0.32,0,76
3960,2,1,26.008978,0.36,9,0.36,0,76
3961,2,1,23.820692,0.4,10,0.4,0,76
3962,2,1,21.249996,0.44,11,0.44,0,76
3963,1,0,0.0,0.44,11,0.44,0,76
3964,2,1,18.197515,0.48,12,0.48,0,76
3965,1,0,0.0,0.48,12,0.48,0,76
3966,0,-1,-0.0,0.48,12,0.48,0,76
3967,1,0,0.0,0.48,12,0.48,0,76
3968,1,0,0.0,0.48,12,0.48,0,76
3969,0,-1,-0.0,0.48,12,0.48,0,76
3970,0,-1,-0.0,0.48,12,0.48,0,76
3971,2,1,21.154152,0.52,13,0.52,0,76
3972,2,1,15.863857,0.56,14,0.56,0,76
3973,2,1,15.546957,0.6,15,0.6,0,76
3974,2,1,11.084738,0.64,16,0.64,0,76
3975,2,1,5.496408,0.68,17,0.68,0,76
3976,2,1,0.6724087,0.72,18,0.72,0,76
3977,2,1,-4.9734936,0.76,19,0.76,0,76
3978,1,0,0.0,0.76,19,0.76,0,76
3979,0,-1,4.508496,0.72,18,0.72,0,76
3980,0,-1,22.67524,0.68,17,0.68,0,76
3981,2,1,4.656823,0.72,18,0.72,0,76
3982,2,1,-4.7272162,0.76,19,0.76,0,76
3983,2,1,-18.233627,0.8,20,0.8,0,76
3984,0,-1,-0.0,0.8,20,0.8,0,76
3985,2,1,-39.695206,0.84,21,0.84,0,76
3986,1,0,0.0,0.84,21,0.84,0,76
3987,2,1,-83.21672,0.88,22,0.88,0,76
3988,0,-1,-0.0,0.88,22,0.88,0,76
3989,0,-1,-0.0,0.88,22,0.88,0,76
3990,2,1,-100.0,0.0,0,0.0,0,76
3991,1,0,0.0,0.16,4,0.16,0,77
3992,0,-1,-0.0,0.16,4,0.16,0,77
3993,2,1,28.346605,0.2,5,0.2,0,77
3994,2,1,23.97781,0.24,6,0.24,0,77
3995,2,1,22.044888,0.28,7,0.28,0,77
3996,0,-1,-0.0,0.28,7,0.28,0,77
3997,0,-1,-0.0,0.28,7,0.28,0,77
3998,1,0,0.0,0.28,7,0.28,0,77
3999,0,-1,-22.044888,0.24,6,0.24,0,77
4000,1,0,0.0,0.24,6,0.24,0,77
4001,2,1,-4.515744,0.28,7,0.28,0,77
4002,1,0,0.0,0.28,7,0.28,0,77
4003,1,0,0.0,0.28,7,0.28,0,77
4004,2,1,27.657686,0.32,8,0.32,0,77
4005,2,1,26.008978,0.36,9,0.36,0,77
4006,1,0,0.0,0.36,9,0.36,0,77
4007,2,1,20.174376,0.4,10,0.4,0,77
4008,2,1,21.980478,0.44,11,0.44,0,77
4009,2,1,-7.3917294,0.48,12,0.48,0,77
4010,0,-1,-18.612106,0.44,11,0.44,0,77
4011,1,0,0.0,0.44,11,0.44,0,77
4012,2,1,19.372663,0.48,12,0.48,0,77
4013,2,1,16.342228,0.52,13,0.52,0,77
4014,0,-1,8.498146,0.48,12,0.48,0,77
4015,2,1,22.785866,0.52,13,0.52,0,77
4016,0,-1,-0.0,0.52,13,0.52,0,77
4017,2,1,19.728302,0.56,14,0.56,0,77
4018,0,-1,-14.918525,0.52,13,0.52,0,77
4019,0,-1,-0.0,0.52,13,0.52,0,77
4020,0,-1,-0.0,0.52,13,0.52,0,77
4021,0,-1,-19.758776,0.48,12,0.48,0,77
4022,0,-1,7.3912225,0.44,11,0.44,0,77
4023,1,0,0.0,0.44,11,0.44,0,77
4024,2,1,19.940758,0.48,12,0.48,0,77
4025,0,-1,-0.0,0.48,12,0.48,0,77
4026,1,0,0.0,0.48,12,0.48,0,77
4027,2,1,16.00727,0.52,13,0.52,0,77
4028,2,1,15.448675,0.56,14,0.56,0,77
4029,2,1,13.053625,0.6,15,0.6,0,77
4030,0,-1,-13.053625,0.56,14,0.56,0,77
4031,2,1,16.256044,0.6,15,0.6,0,77
4032,0,-1,-0.0,0.6,15,0.6,0,77
4033,2,1,10.554013,0.64,16,0.64,0,77
4034,2,1,10.521149,0.68,17,0.68,0,77
4035,0,-1,-0.0,0.68,17,0.68,0,77
4036,0,-1,-6.7696443,0.64,16,0.64,0,77
4037,2,1,10.034872,0.68,17,0.68,0,77
4038,2,1,6.976633,0.72,18,0.72,0,77
4039,2,1,-7.262711,0.76,19,0.76,0,77
4040,2,1,-16.862247,0.8,20,0.8,0,77
4041,0,-1,16.862247,0.76,19,0.76,0,77
4042,2,1,-14.652136,0.8,20,0.8,0,77
4043,0,-1,13.72892,0.76,19,0.76,0,77
4044,2,1,-14.214226,0.8,20,0.8,0,77
4045,2,1,-38.2986,0.84,21,0.84,0,77
4046,2,1,-78.67066,0.88,22,0.88,0,77
4047,1,0,0.0,0.88,22,0.88,0,77
4048,2,1,-183.02104,0.92,23,0.92,0,77
4049,1,0,0.0,0.92,23,0.92,0,77
4050,0,-1,185.77576,0.88,22,0.88,0,77
4051,2,1,-180.1136,0.92,23,0.92,0,77
4052,2,1,-600.14215,0.96,24,0.96,0,77
4053,0,-1,597.22296,0.92,23,0.92,0,77
4054,1,0,0.0,0.92,23,0.92,0,77
4055,2,1,-601.60675,0.96,24,0.96,0,77
4056,2,1,23.560968,1.0,25,1.0,0,77
4057,0,-1,-1000.0,0.0,0,0.0,0,77
4058,2,1,28.364332,0.2,5,0.2,0,78
4059,2,1,28.208652,0.24,6,0.24,0,78
4060,2,1,26.773045,0.28,7,0.28,0,78
4061,2,1,-4.847297,0.32,8,0.32,0,78
4062,2,1,-5.280317,0.36,9,0.36,0,78
4063,0,-1,-26.008978,0.32,8,0.32,0,78
4064,2,1,26.003696,0.36,9,0.36,0,78
4065,2,1,25.459835,0.4,10,0.4,0,78
4066,2,1,23.129503,0.44,11,0.44,0,78
4067,2,1,-7.3918905,0.48,12,0.48,0,78
4068,0,-1,7.3918905,0.44,11,0.44,0,78
4069,2,1,20.378916,0.48,12,0.48,0,78
4070,0,-1,-0.0,0.48,12,0.48,0,78
4071,0,-1,7.3917294,0.44,11,0.44,0,78
4072,1,0,0.0,0.44,11,0.44,0,78
4073,0,-1,-0.0,0.44,11,0.44,0,78
4074,2,1,21.105461,0.48,12,0.48,0,78
4075,2,1,17.28756,0.52,13,0.52,0,78
4076,2,1,16.840895,0.56,14,0.56,0,78
4077,2,1,17.86555,0.6,15,0.6,0,78
4078,2,1,13.047345,0.64,16,0.64,0,78
4079,0,-1,-12.476384,0.6,15,0.6,0,78
4080,1,0,0.0,0.6,15,0.6,0,78
4081,2,1,11.302884,0.64,16,0.64,0,78
4082,2,1,6.016442,0.68,17,0.68,0,78
4083,2,1,5.0959516,0.72,18,0.72,0,78
4084,2,1,-2.7652535,0.76,19,0.76,0,78
4085,2,1,-16.614744,0.8,20,0.8,0,78
4086,2,1,-37.01785,0.84,21,0.84,0,78
4087,1,0,0.0,0.84,21,0.84,0,78
4088,2,1,-104.45697,0.88,22,0.88,0,78
4089,2,1,-186.91536,0.92,23,0.92,0,78
4090,1,0,0.0,0.92,23,0.92,0,78
4091,1,0,0.0,0.92,23,0.92,0,78
4092,2,1,-603.61597,0.96,24,0.96,0,78
4093,2,1,25.123762,1.0,25,1.0,0,78
4094,2,1,-1000.0,0.0,0,0.0,0,78
4095,2,1,28.346605,0.2,5,0.2,0,79
4096,2,1,28.22638,0.24,6,0.24,0,79
4097,0,-1,-0.0,0.24,6,0.24,0,79
4098,1,0,0.0,0.24,6,0.24,0,79
4099,0,-1,-28.22638,0.2,5,0.2,0,79
4100,2,1,-4.278687,0.24,6,0.24,0,79
4101,2,1,26.767761,0.28,7,0.28,0,79
4102,2,1,-4.8478045,0.32,8,0.32,0,79
4103,2,1,-5.27981,0.36,9,0.36,0,79
4104,2,1,23.820692,0.4,10,0.4,0,79
4105,1,0,0.0,0.4,10,0.4,0,79
4106,2,1,21.976542,0.44,11,0.44,0,79
4107,2,1,19.371016,0.48,12,0.48,0,79
4108,1,0,0.0,0.48,12,0.48,0,79
4109,2,1,24.007345,0.52,13,0.52,0,79
4110,0,-1,8.49764,0.48,12,0.48,0,79
4111,0,-1,-0.0,0.48,12,0.48,0,79
4112,1,0,0.0,0.48,12,0.48,0,79
4113,0,-1,7.3917303,0.44,11,0.44,0,79
4114,0,-1,-20.242096,0.4,10,0.4,0,79
4115,2,1,20.811838,0.44,11,0.44,0,79
4116,2,1,20.378916,0.48,12,0.48,0,79
4117,2,1,17.43542,0.52,13,0.52,0,79
4118,2,1,16.840895,0.56,14,0.56,0,79
4119,2,1,16.256044,0.6,15,0.6,0,79
4120,2,1,17.002935,0.64,16,0.64,0,79
4121,2,1,-17.7359,0.68,17,0.68,0,79
4122,2,1,5.825463,0.72,18,0.72,0,79
4123,2,1,-6.5426507,0.76,19,0.76,0,79
4124,1,0,0.0,0.76,19,0.76,0,79
4125,2,1,-16.04966,0.8,20,0.8,0,79
4126,2,1,-37.43349,0.84,21,0.84,0,79
4127,1,0,0.0,0.84,21,0.84,0,79
4128,0,-1,-0.0,0.84,21,0.84,0,79
4129,1,0,0.0,0.84,21,0.84,0,79
4130,2,1,-79.33324,0.88,22,0.88,0,79
4131,1,0,0.0,0.88,22,0.88,0,79
4132,2,1,-208.61096,0.92,23,0.92,0,79
4133,1,0,0.0,0.92,23,0.92,0,79
4134,2,1,-599.6765,0.96,24,0.96,0,79
4135,2,1,29.652464,1.0,25,1.0,0,79
4136,2,1,-1000.0,0.0,0,0.0,0,79
4137,2,1,-4.1407347,0.2,5,0.2,0,80
4138,2,1,-4.27924,0.24,6,0.24,0,80
4139,1,0,0.0,0.24,6,0.24,0,80
4140,2,1,-4.515744,0.28,7,0.28,0,80
4141,1,0,0.0,0.28,7,0.28,0,80
4142,2,1,27.657686,0.32,8,0.32,0,80
4143,1,0,0.0,0.32,8,0.32,0,80
4144,0,-1,-27.657686,0.28,7,0.28,0,80
4145,2,1,-4.8478045,0.32,8,0.32,0,80
4146,1,0,0.0,0.32,8,0.32,0,80
4147,2,1,27.225174,0.36,9,0.36,0,80
4148,2,1,26.658304,0.4,10,0.4,0,80
4149,2,1,24.763365,0.44,11,0.44,0,80
4150,2,1,-7.3918905,0.48,12,0.48,0,80
4151,1,0,0.0,0.48,12,0.48,0,80
4152,2,1,21.152006,0.52,13,0.52,0,80
4153,1,0,0.0,0.52,13,0.52,0,80
4154,2,1,-9.92185,0.56,14,0.56,0,80
4155,0,-1,-22.583641,0.52,13,0.52,0,80
4156,0,-1,-0.0,0.52,13,0.52,0,80
4157,2,1,17.410637,0.56,14,0.56,0,80
4158,1,0,0.0,0.56,14,0.56,0,80
4159,1,0,0.0,0.56,14,0.56,0,80
4160,2,1,13.5837755,0.6,15,0.6,0,80
4161,0,-1,11.786749,0.56,14,0.56,0,80
4162,2,1,11.561046,0.6,15,0.6,0,80
4163,2,1,-14.286522,0.64,16,0.64,0,80
4164,1,0,0.0,0.64,16,0.64,0,80
4165,2,1,3.5604465,0.68,17,0.68,0,80
4166,0,-1,-0.0,0.68,17,0.68,0,80
4167,0,-1,-0.0,0.68,17,0.68,0,80
4168,1,0,0.0,0.68,17,0.68,0,80
4169,2,1,0.55622095,0.72,18,0.72,0,80
4170,2,1,-30.097906,0.76,19,0.76,0,80
4171,0,-1,-0.0,0.76,19,0.76,0,80
4172,2,1,-41.986008,0.8,20,0.8,0,80
4173,2,1,-34.306828,0.84,21,0.84,0,80
4174,0,-1,-0.0,0.84,21,0.84,0,80
4175,2,1,-83.334564,0.88,22,0.88,0,80
4176,0,-1,104.45699,0.84,21,0.84,0,80
4177,1,0,0.0,0.84,21,0.84,0,80
4178,2,1,-71.95134,0.88,22,0.88,0,80
4179,1,0,0.0,0.88,22,0.88,0,80
4180,1,0,0.0,0.88,22,0.88,0,80
4181,2,1,-177.3215,0.92,23,0.92,0,80
4182,2,1,-606.23816,0.96,24,0.96,0,80
4183,2,1,19.203041,1.0,25,1.0,0,80
4184,1,0,-1000.0,0.0,0,0.0,0,80
4185,2,1,28.346605,0.2,5,0.2,0,81
4186,1,0,0.0,0.2,5,0.2,0,81
4187,2,1,27.0049,0.24,6,0.24,0,81
4188,1,0,0.0,0.24,6,0.24,0,81
4189,2,1,-4.515744,0.28,7,0.28,0,81
4190,2,1,27.657686,0.32,8,0.32,0,81
4191,0,-1,-27.657686,0.28,7,0.28,0,81
4192,0,-1,-0.0,0.28,7,0.28,0,81
4193,1,0,0.0,0.28,7,0.28,0,81
4194,2,1,27.657686,0.32,8,0.32,0,81
4195,0,-1,4.847297,0.28,7,0.28,0,81
4196,2,1,23.409119,0.32,8,0.32,0,81
4197,0,-1,-0.0,0.32,8,0.32,0,81
4198,0,-1,-26.436209,0.28,7,0.28,0,81
4199,1,0,0.0,0.28,7,0.28,0,81
4200,1,0,0.0,0.28,7,0.28,0,81
4201,0,-1,-23.740671,0.24,6,0.24,0,81
4202,1,0,0.0,0.24,6,0.24,0,81
4203,1,0,0.0,0.24,6,0.24,0,81
4204,1,0,0.0,0.24,6,0.24,0,81
4205,2,1,-4.515826,0.28,7,0.28,0,81
4206,2,1,26.441492,0.32,8,0.32,0,81
4207,2,1,22.976604,0.36,9,0.36,0,81
4208,0,-1,-22.976604,0.32,8,0.32,0,81
4209,0,-1,4.847379,0.28,7,0.28,0,81
4210,1,0,0.0,0.28,7,0.28,0,81
4211,2,1,-4.847379,0.32,8,0.32,0,81
4212,2,1,-5.2804456,0.36,9,0.36,0,81
4213,0,-1,-27.207449,0.32,8,0.32,0,81
4214,2,1,-5.27981,0.36,9,0.36,0,81
4215,0,-1,5.27981,0.32,8,0.32,0,81
4216,0,-1,-0.0,0.32,8,0.32,0,81
4217,2,1,24.37198,0.36,9,0.36,0,81
4218,2,1,21.504246,0.4,10,0.4,0,81
4219,0,-1,-0.0,0.4,10,0.4,0,81
4220,2,1,-6.520649,0.44,11,0.44,0,81
4221,2,1,17.979368,0.48,12,0.48,0,81
4222,2,1,16.6261,0.52,13,0.52,0,81
4223,2,1,-9.92201,0.56,14,0.56,0,81
4224,2,1,11.561324,0.6,15,0.6,0,81
4225,2,1,13.485255,0.64,16,0.64,0,81
4226,0,-1,-0.0,0.64,16,0.64,0,81
4227,1,0,0.0,0.64,16,0.64,0,81
4228,2,1,8.050396,0.68,17,0.68,0,81
4229,2,1,0.5565169,0.72,18,0.72,0,81
4230,0,-1,22.675793,0.68,17,0.68,0,81
4231,1,0,0.0,0.68,17,0.68,0,81
4232,2,1,-1.4934922,0.72,18,0.72,0,81
4233,2,1,2.3900242,0.76,19,0.76,0,81
4234,0,-1,-0.0,0.76,19,0.76,0,81
4235,2,1,-20.86342,0.8,20,0.8,0,81
4236,1,0,0.0,0.8,20,0.8,0,81
4237,0,-1,-0.0,0.8,20,0.8,0,81
4238,2,1,-41.50766,0.84,21,0.84,0,81
4239,1,0,0.0,0.84,21,0.84,0,81
4240,1,0,0.0,0.84,21,0.84,0,81
4241,2,1,-100.0,0.0,0,0.0,0,81
4242,2,1,28.364332,0.2,5,0.2,0,82
4243,0,-1,-28.364332,0.16,4,0.16,0,82
4244,1,0,0.0,0.16,4,0.16,0,82
4245,1,0,0.0,0.16,4,0.16,0,82
4246,2,1,-4.1407347,0.2,5,0.2,0,82
4247,2,1,28.208652,0.24,6,0.24,0,82
4248,2,1,26.767761,0.28,7,0.28,0,82
4249,2,1,27.657686,0.32,8,0.32,0,82
4250,2,1,24.369835,0.36,9,0.36,0,82
4251,1,0,0.0,0.36,9,0.36,0,82
4252,0,-1,-0.0,0.36,9,0.36,0,82
4253,2,1,25.459835,0.4,10,0.4,0,82
4254,2,1,21.249996,0.44,11,0.44,0,82
4255,0,-1,-0.0,0.44,11,0.44,0,82
4256,0,-1,-0.0,0.44,11,0.44,0,82
4257,1,0,0.0,0.44,11,0.44,0,82
4258,1,0,0.0,0.44,11,0.44,0,82
4259,2,1,22.260569,0.48,12,0.48,0,82
4260,2,1,19.999044,0.52,13,0.52,0,82
4261,0,-1,8.497722,0.48,12,0.48,0,82
4262,1,0,0.0,0.48,12,0.48,0,82
4263,2,1,18.264599,0.52,13,0.52,0,82
4264,2,1,15.667396,0.56,14,0.56,0,82
4265,2,1,15.984867,0.6,15,0.6,0,82
4266,2,1,14.2147665,0.64,16,0.64,0,82
4267,2,1,9.597933,0.68,17,0.68,0,82
4268,2,1,2.1639507,0.72,18,0.72,0,82
4269,2,1,-4.7266426,0.76,19,0.76,0,82
4270,2,1,-18.528736,0.8,20,0.8,0,82
4271,0,-1,-0.0,0.8,20,0.8,0,82
4272,2,1,-37.01831,0.84,21,0.84,0,82
4273,1,0,0.0,0.84,21,0.84,0,82
4274,2,1,-80.79808,0.88,22,0.88,0,82
4275,2,1,-187.20679,0.92,23,0.92,0,82
4276,0,-1,183.77118,0.88,22,0.88,0,82
4277,1,0,0.0,0.88,22,0.88,0,82
4278,1,0,0.0,0.88,22,0.88,0,82
4279,2,1,-100.0,0.0,0,0.0,0,82
4280,2,1,-4.1407347,0.2,5,0.2,0,83
4281,2,1,28.22638,0.24,6,0.24,0,83
4282,2,1,-4.516252,0.28,7,0.28,0,83
4283,1,0,0.0,0.28,7,0.28,0,83
4284,2,1,26.441492,0.32,8,0.32,0,83
4285,1,0,0.0,0.32,8,0.32,0,83
4286,2,1,-5.2804456,0.36,9,0.36,0,83
4287,2,1,26.658304,0.4,10,0.4,0,83
4288,2,1,24.763365,0.44,11,0.44,0,83
4289,0,-1,-24.763365,0.4,10,0.4,0,83
4290,1,0,0.0,0.4,10,0.4,0,83
4291,0,-1,5.8295894,0.36,9,0.36,0,83
4292,1,0,0.0,0.36,9,0.36,0,83
4293,2,1,-5.82959,0.4,10,0.4,0,83
4294,1,0,0.0,0.4,10,0.4,0,83
4295,2,1,-6.5208116,0.44,11,0.44,0,83
4296,0,-1,-0.0,0.44,11,0.44,0,83
4297,2,1,-7.391896,0.48,12,0.48,0,83
4298,0,-1,-0.0,0.48,12,0.48,0,83
4299,0,-1,-0.0,0.48,12,0.48,0,83
4300,0,-1,7.391896,0.44,11,0.44,0,83
4301,1,0,0.0,0.44,11,0.44,0,83
4302,0,-1,-0.0,0.44,11,0.44,0,83
4303,2,1,23.892282,0.48,12,0.48,0,83
4304,1,0,0.0,0.48,12,0.48,0,83
4305,1,0,0.0,0.48,12,0.48,0,83
4306,2,1,21.152006,0.52,13,0.52,0,83
4307,2,1,-9.921343,0.56,14,0.56,0,83
4308,0,-1,-0.0,0.56,14,0.56,0,83
4309,0,-1,-0.0,0.56,14,0.56,0,83
4310,0,-1,-0.0,0.56,14,0.56,0,83
4311,1,0,0.0,0.56,14,0.56,0,83
4312,0,-1,-0.0,0.56,14,0.56,0,83
4313,0,-1,-0.0,0.56,14,0.56,0,83
4314,1,0,0.0,0.56,14,0.56,0,83
4315,0,-1,9.921343,0.52,13,0.52,0,83
4316,2,1,17.410637,0.56,14,0.56,0,83
4317,0,-1,-0.0,0.56,14,0.56,0,83
4318,0,-1,-0.0,0.56,14,0.56,0,83
4319,2,1,-11.786915,0.6,15,0.6,0,83
4320,1,0,0.0,0.6,15,0.6,0,83
4321,1,0,0.0,0.6,15,0.6,0,83
4322,1,0,0.0,0.6,15,0.6,0,83
4323,1,0,0.0,0.6,15,0.6,0,83
4324,0,-1,11.786915,0.56,14,0.56,0,83
4325,2,1,15.983896,0.6,15,0.6,0,83
4326,1,0,0.0,0.6,15,0.6,0,83
4327,2,1,15.365936,0.64,16,0.64,0,83
4328,2,1,10.035843,0.68,17,0.68,0,83
4329,0,-1,17.735937,0.64,16,0.64,0,83
4330,1,0,0.0,0.64,16,0.64,0,83
4331,2,1,7.6347513,0.68,17,0.68,0,83
4332,1,0,0.0,0.68,17,0.68,0,83
4333,1,0,0.0,0.68,17,0.68,0,83
4334,0,-1,-0.0,0.68,17,0.68,0,83
4335,1,0,0.0,0.68,17,0.68,0,83
4336,2,1,0.6721301,0.72,18,0.72,0,83
4337,2,1,-2.764035,0.76,19,0.76,0,83
4338,2,1,-20.689623,0.8,20,0.8,0,83
4339,0,-1,-0.0,0.8,20,0.8,0,83
4340,2,1,-37.21426,0.84,21,0.84,0,83
4341,1,0,0.0,0.84,21,0.84,0,83
4342,2,1,-76.19991,0.88,22,0.88,0,83
4343,1,0,0.0,0.88,22,0.88,0,83
4344,2,1,-185.15343,0.92,23,0.92,0,83
4345,1,0,0.0,0.92,23,0.92,0,83
4346,2,1,-604.0258,0.96,24,0.96,0,83
4347,0,-1,597.93207,0.92,23,0.92,0,83
4348,1,0,0.0,0.92,23,0.92,0,83
4349,1,0,0.0,0.92,23,0.92,0,83
4350,2,1,-603.86163,0.96,24,0.96,0,83
4351,2,1,21.351168,1.0,25,1.0,0,83
4352,2,1,-1000.0,0.0,0,0.0,0,83
4353,1,0,0.0,0.16,4,0.16,0,84
4354,2,1,28.346605,0.2,5,0.2,0,84
4355,2,1,28.22638,0.24,6,0.24,0,84
4356,2,1,-4.515744,0.28,7,0.28,0,84
4357,0,-1,4.515744,0.24,6,0.24,0,84
4358,0,-1,-0.0,0.24,6,0.24,0,84
4359,2,1,26.767761,0.28,7,0.28,0,84
4360,1,0,0.0,0.28,7,0.28,0,84
4361,1,0,0.0,0.28,7,0.28,0,84
4362,1,0,0.0,0.28,7,0.28,0,84
4363,0,-1,-0.0,0.28,7,0.28,0,84
4364,1,0,0.0,0.28,7,0.28,0,84
4365,2,1,23.649387,0.32,8,0.32,0,84
4366,0,-1,-0.0,0.32,8,0.32,0,84
4367,2,1,-5.27981,0.36,9,0.36,0,84
4368,2,1,20.933285,0.4,10,0.4,0,84
4369,2,1,24.768646,0.44,11,0.44,0,84
4370,0,-1,6.5201416,0.4,10,0.4,0,84
4371,2,1,23.131649,0.44,11,0.44,0,84
4372,0,-1,-0.0,0.44,11,0.44,0,84
4373,2,1,22.258423,0.48,12,0.48,0,84
4374,2,1,16.341469,0.52,13,0.52,0,84
4375,1,0,0.0,0.52,13,0.52,0,84
4376,2,1,12.912815,0.56,14,0.56,0,84
4377,2,1,15.546957,0.6,15,0.6,0,84
4378,1,0,0.0,0.6,15,0.6,0,84
4379,2,1,11.084738,0.64,16,0.64,0,84
4380,2,1,4.9453964,0.68,17,0.68,0,84
4381,2,1,2.4485834,0.72,18,0.72,0,84
4382,0,-1,-0.1590005,0.68,17,0.68,0,84
4383,1,0,0.0,0.68,17,0.68,0,84
4384,2,1,-22.67524,0.72,18,0.72,0,84
4385,2,1,-6.749668,0.76,19,0.76,0,84
4386,1,0,0.0,0.76,19,0.76,0,84
4387,2,1,-19.151176,0.8,20,0.8,0,84
4388,0,-1,19.304672,0.76,19,0.76,0,84
4389,2,1,-14.214226,0.8,20,0.8,0,84
4390,1,0,0.0,0.8,20,0.8,0,84
4391,0,-1,-0.0,0.8,20,0.8,0,84
4392,0,-1,-0.0,0.8,20,0.8,0,84
4393,2,1,-41.50766,0.84,21,0.84,0,84
4394,2,1,-81.34802,0.88,22,0.88,0,84
4395,0,-1,-0.0,0.88,22,0.88,0,84
4396,2,1,-187.8192,0.92,23,0.92,0,84
4397,2,1,-599.676,0.96,24,0.96,0,84
4398,2,1,23.232347,1.0,25,1.0,0,84
4399,0,-1,-1000.0,0.0,0,0.0,0,84
4400,2,1,28.346605,0.2,5,0.2,0,85
4401,2,1,-4.278605,0.24,6,0.24,0,85
4402,1,0,0.0,0.24,6,0.24,0,85
4403,2,1,26.767761,0.28,7,0.28,0,85
4404,0,-1,4.515744,0.24,6,0.24,0,85
4405,0,-1,-0.0,0.24,6,0.24,0,85
4406,2,1,-4.515826,0.28,7,0.28,0,85
4407,0,-1,-26.767761,0.24,6,0.24,0,85
4408,2,1,27.98924,0.28,7,0.28,0,85
4409,1,0,0.0,0.28,7,0.28,1,85
4410,1,0,0.0,0.28,7,0.28,0,85
4411,1,0,0.0,0.28,7,0.28,0,85
4412,1,0,0.0,0.28,7,0.28,0,85
4413,0,-1,-27.866413,0.24,6,0.24,0,85
4414,2,1,26.684753,0.28,7,0.28,0,85
4415,2,1,23.844667,0.32,8,0.32,0,85
4416,2,1,14.157144,0.36,9,0.36,0,85
4417,2,1,21.964022,0.4,10,0.4,0,85
4418,0,-1,-22.86301,0.36,9,0.36,0,85
4419,2,1,23.076838,0.4,10,0.4,0,85
4420,0,-1,-0.0,0.4,10,0.4,0,85
4421,0,-1,-0.0,0.4,10,0.4,0,85
4422,2,1,19.728481,0.44,11,0.44,0,85
4423,0,-1,-21.272835,0.4,10,0.4,0,85
4424,1,0,0.0,0.4,10,0.4,0,85
4425,2,1,20.785336,0.44,11,0.44,0,85
4426,0,-1,-0.0,0.44,11,0.44,0,85
4427,0,-1,-12.916812,0.4,10,0.4,0,85
4428,2,1,17.464989,0.44,11,0.44,0,85
4429,0,-1,-0.0,0.44,11,0.44,0,85
4430,2,1,21.300743,0.48,12,0.48,0,85
4431,0,-1,-0.0,0.48,12,0.48,0,85
4432,0,-1,-21.300743,0.44,11,0.44,0,85
4433,2,1,24.991854,0.48,12,0.48,0,85
4434,2,1,13.873843,0.52,13,0.52,0,85
4435,0,-1,-23.885437,0.48,12,0.48,0,85
4436,2,1,11.9546585,0.52,13,0.52,0,85
4437,2,1,-100.0,0.0,0,0.0,0,85
4438,0,-1,-0.0,0.16,4,0.16,0,86
4439,2,1,-4.1406527,0.2,5,0.2,0,86
4440,2,1,28.22638,0.24,6,0.24,0,86
4441,0,-1,-0.0,0.24,6,0.24,0,86
4442,2,1,-4.515826,0.28,7,0.28,0,86
4443,2,1,26.441492,0.32,8,0.32,0,86
4444,0,-1,4.847297,0.28,7,0.28,0,86
4445,1,0,0.0,0.28,7,0.28,0,86
4446,2,1,-4.8478045,0.32,8,0.32,0,86
4447,2,1,24.37198,0.36,9,0.36,0,86
4448,2,1,26.658304,0.4,10,0.4,0,86
4449,1,0,0.0,0.4,10,0.4,0,86
4450,2,1,-6.5201416,0.44,11,0.44,0,86
4451,1,0,0.0,0.44,11,0.44,0,86
4452,0,-1,6.5201416,0.4,10,0.4,0,86
4453,2,1,21.736273,0.44,11,0.44,0,86
4454,1,0,0.0,0.44,11,0.44,0,86
4455,0,-1,-21.736273,0.4,10,0.4,0,86
4456,2,1,24.763365,0.44,11,0.44,0,86
4457,2,1,22.258423,0.48,12,0.48,0,86
4458,0,-1,7.3917303,0.44,11,0.44,0,86
4459,2,1,19.940758,0.48,12,0.48,0,86
4460,2,1,18.83556,0.52,13,0.52,0,86
4461,1,0,0.0,0.52,13,0.52,0,86
4462,2,1,15.449248,0.56,14,0.56,0,86
4463,0,-1,-0.0,0.56,14,0.56,0,86
4464,2,1,-11.78675,0.6,15,0.6,0,86
4465,2,1,9.061712,0.64,16,0.64,0,86
4466,2,1,7.3884745,0.68,17,0.68,0,86
4467,2,1,5.825463,0.72,18,0.72,0,86
4468,1,0,0.0,0.72,18,0.72,0,86
4469,0,-1,22.675665,0.68,17,0.68,0,86
4470,2,1,5.0959516,0.72,18,0.72,0,86
4471,2,1,-8.857627,0.76,19,0.76,0,86
4472,0,-1,30.097317,0.72,18,0.72,0,86
4473,1,0,0.0,0.72,18,0.72,0,86
4474,1,0,0.0,0.72,18,0.72,0,86
4475,2,1,-4.3115716,0.76,19,0.76,0,86
4476,2,1,-14.215197,0.8,20,0.8,0,86
4477,2,1,-100.0,0.0,0,0.0,0,86
4478,2,1,28.364332,0.2,5,0.2,0,87
4479,0,-1,-0.0,0.2,5,0.2,0,87
4480,2,1,28.208652,0.24,6,0.24,0,87
4481,2,1,-4.515744,0.28,7,0.28,0,87
4482,1,0,0.0,0.28,7,0.28,0,87
4483,1,0,0.0,0.28,7,0.28,0,87
4484,1,0,0.0,0.28,7,0.28,0,87
4485,2,1,26.441492,0.32,8,0.32,0,87
4486,0,-1,-26.441492,0.28,7,0.28,0,87
4487,1,0,0.0,0.28,7,0.28,0,87
4488,0,-1,-27.98924,0.24,6,0.24,0,87
4489,1,0,0.0,0.24,6,0.24,0,87
4490,1,0,0.0,0.24,6,0.24,0,87
4491,2,1,27.98924,0.28,7,0.28,0,87
4492,1,0,0.0,0.28,7,0.28,0,87
4493,0,-1,4.515744,0.24,6,0.24,0,87
4494,1,0,0.0,0.24,6,0.24,0,87
4495,1,0,0.0,0.24,6,0.24,0,87
4496,2,1,-4.515744,0.28,7,0.28,0,87
4497,1,0,0.0,0.28,7,0.28,0,87
4498,2,1,26.441492,0.32,8,0.32,0,87
4499,2,1,24.37198,0.36,9,0.36,0,87
4500,2,1,25.454552,0.4,10,0.4,0,87
4501,0,-1,-25.454552,0.36,9,0.36,0,87
4502,2,1,22.213333,0.4,10,0.4,0,87
4503,0,-1,5.828954,0.36,9,0.36,0,87
4504,0,-1,-27.207449,0.32,8,0.32,0,87
4505,2,1,21.328568,0.36,9,0.36,0,87
4506,2,1,26.658304,0.4,10,0.4,0,87
4507,2,1,20.813057,0.44,11,0.44,0,87
4508,0,-1,-0.0,0.44,11,0.44,0,87
4509,0,-1,-25.967117,0.4,10,0.4,0,87
4510,2,1,21.250967,0.44,11,0.44,0,87
4511,0,-1,-0.0,0.44,11,0.44,0,87
4512,2,1,18.198029,0.48,12,0.48,0,87
4513,2,1,23.989618,0.52,13,0.52,0,87
4514,0,-1,-23.989618,0.48,12,0.48,0,87
4515,2,1,16.6261,0.52,13,0.52,0,87
4516,0,-1,-0.0,0.52,13,0.52,0,87
4517,1,0,0.0,0.52,13,0.52,0,87
4518,2,1,16.218325,0.56,14,0.56,0,87
4519,0,-1,-16.687035,0.52,13,0.52,0,87
4520,1,0,0.0,0.52,13,0.52,0,87
4521,1,0,0.0,0.52,13,0.52,0,87
4522,2,1,15.449248,0.56,14,0.56,0,87
4523,2,1,13.99942,0.6,15,0.6,0,87
4524,2,1,9.46608,0.64,16,0.64,0,87
4525,2,1,5.6123,0.68,17,0.68,0,87
4526,2,1,-0.9801209,0.72,18,0.72,0,87
4527,2,1,-6.9889317,0.76,19,0.76,0,87
4528,2,1,-100.0,0.0,0,0.0,0,87
4529,2,1,28.346605,0.2,5,0.2,0,88
4530,2,1,28.22638,0.24,6,0.24,0,88
4531,1,0,0.0,0.24,6,0.24,0,88
4532,2,1,23.526543,0.28,7,0.28,0,88
4533,2,1,-4.847297,0.32,8,0.32,0,88
4534,1,0,0.0,0.32,8,0.32,0,88
4535,1,0,0.0,0.32,8,0.32,0,88
4536,2,1,21.328568,0.36,9,0.36,0,88
4537,1,0,0.0,0.36,9,0.36,0,88
4538,0,-1,-21.328568,0.32,8,0.32,0,88
4539,0,-1,-27.639961,0.28,7,0.28,0,88
4540,1,0,0.0,0.28,7,0.28,0,88
4541,0,-1,4.515744,0.24,6,0.24,0,88
4542,2,1,21.623924,0.28,7,0.28,0,88
4543,1,0,0.0,0.28,7,0.28,0,88
4544,2,1,19.380465,0.32,8,0.32,0,88
4545,2,1,21.328568,0.36,9,0.36,0,88
4546,0,-1,-21.328568,0.32,8,0.32,0,88
4547,2,1,26.008978,0.36,9,0.36,0,88
4548,1,0,0.0,0.36,9,0.36,0,88
4549,2,1,-5.828954,0.4,10,0.4,0,88
4550,2,1,25.967117,0.44,11,0.44,0,88
4551,0,-1,-17.70762,0.4,10,0.4,0,88
4552,2,1,21.980478,0.44,11,0.44,0,88
4553,1,0,0.0,0.44,11,0.44,0,88
4554,2,1,-7.3917294,0.48,12,0.48,0,88
4555,0,-1,7.3917294,0.44,11,0.44,0,88
4556,2,1,23.892282,0.48,12,0.48,0,88
4557,0,-1,-21.109398,0.44,11,0.44,0,88
4558,0,-1,-0.0,0.44,11,0.44,1,88
4559,1,0,0.0,0.44,11,0.44,0,88
4560,0,-1,-0.0,0.44,11,0.44,0,88
4561,0,-1,-18.626907,0.4,10,0.4,0,88
4562,1,0,0.0,0.4,10,0.4,0,88
4563,1,0,0.0,0.4,10,0.4,0,88
4564,1,0,0.0,0.4,10,0.4,0,88
4565,2,1,23.011414,0.44,11,0.44,0,88
4566,0,-1,-0.0,0.44,11,0.44,0,88
4567,0,-1,-0.0,0.44,11,0.44,0,88
4568,2,1,19.992487,0.48,12,0.48,0,88
4569,1,0,0.0,0.48,12,0.48,0,88
4570,2,1,15.858022,0.52,13,0.52,0,88
4571,2,1,19.70652,0.56,14,0.56,0,88
4572,2,1,15.964193,0.6,15,0.6,0,88
4573,1,0,0.0,0.6,15,0.6,0,88
4574,2,1,10.554619,0.64,16,0.64,0,88
4575,0,-1,-0.0,0.64,16,0.64,0,88
4576,2,1,8.807928,0.68,17,0.68,0,88
4577,2,1,5.7811995,0.72,18,0.72,0,88
4578,0,-1,-5.7811995,0.68,17,0.68,0,88
4579,2,1,5.852244,0.72,18,0.72,0,88
4580,0,-1,-3.8680367,0.68,17,0.68,0,88
4581,0,-1,-10.792135,0.64,16,0.64,0,88
4582,1,0,0.0,0.64,16,0.64,0,88
4583,2,1,4.4662714,0.68,17,0.68,0,88
4584,0,-1,-0.0,0.68,17,0.68,0,88
4585,2,1,-7.6742477,0.72,18,0.72,0,88
4586,2,1,-5.922981,0.76,19,0.76,0,88
4587,1,0,0.0,0.76,19,0.76,0,88
4588,2,1,-18.885145,0.8,20,0.8,0,88
4589,1,0,0.0,0.8,20,0.8,0,88
4590,2,1,-37.037086,0.84,21,0.84,0,88
4591,0,-1,38.629257,0.8,20,0.8,0,88
4592,2,1,-41.669563,0.84,21,0.84,0,88
4593,1,0,0.0,0.84,21,0.84,0,88
4594,2,1,-83.98099,0.88,22,0.88,0,88
4595,1,0,0.0,0.88,22,0.88,0,88
4596,2,1,-183.04234,0.92,23,0.92,0,88
4597,0,-1,184.25462,0.88,22,0.88,0,88
4598,2,1,-100.0,0.0,0,0.0,0,88
4599,1,0,0.0,0.16,4,0.16,0,89
4600,2,1,28.346605,0.2,5,0.2,0,89
4601,1,0,0.0,0.2,5,0.2,0,89
4602,2,1,23.97781,0.24,6,0.24,0,89
4603,2,1,27.98924,0.28,7,0.28,0,89
4604,2,1,21.713335,0.32,8,0.32,0,89
4605,2,1,-5.279892,0.36,9,0.36,0,89
4606,2,1,25.459835,0.4,10,0.4,0,89
4607,2,1,16.954042,0.44,11,0.44,0,89
4608,0,-1,-0.0,0.44,11,0.44,0,89
4609,1,0,0.0,0.44,11,0.44,0,89
4610,1,0,0.0,0.44,11,0.44,0,89
4611,2,1,17.875881,0.48,12,0.48,0,89
4612,2,1,21.154152,0.52,13,0.52,0,89
4613,0,-1,-0.0,0.52,13,0.52,0,89
4614,1,0,0.0,0.52,13,0.52,0,89
4615,2,1,18.120945,0.56,14,0.56,0,89
4616,2,1,15.546957,0.6,15,0.6,0,89
4617,2,1,16.997652,0.64,16,0.64,0,89
4618,2,1,7.3884745,0.68,17,0.68,0,89
4619,2,1,3.9332201,0.72,18,0.72,0,89
4620,0,-1,-2.4485834,0.68,17,0.68,0,89
4621,1,0,0.0,0.68,17,0.68,0,89
4622,0,-1,17.735348,0.64,16,0.64,0,89
4623,0,-1,-9.18833,0.6,15,0.6,0,89
4624,0,-1,-0.0,0.6,15,0.6,0,89
4625,2,1,-14.285936,0.64,16,0.64,0,89
4626,1,0,0.0,0.64,16,0.64,0,89
4627,1,0,0.0,0.64,16,0.64,0,89
4628,1,0,0.0,0.64,16,0.64,0,89
4629,2,1,10.035843,0.68,17,0.68,0,89
4630,0,-1,-7.531838,0.64,16,0.64,0,89
4631,0,-1,14.285936,0.6,15,0.6,0,89
4632,1,0,0.0,0.6,15,0.6,0,89
4633,1,0,0.0,0.6,15,0.6,0,89
4634,0,-1,-14.822135,0.56,14,0.56,0,89
4635,0,-1,-18.120945,0.52,13,0.52,0,89
4636,1,0,0.0,0.52,13,0.52,0,89
4637,2,1,19.728302,0.56,14,0.56,0,89
4638,0,-1,-0.0,0.56,14,0.56,0,89
4639,0,-1,-0.0,0.56,14,0.56,0,89
4640,0,-1,-16.63929,0.52,13,0.52,0,89
4641,0,-1,-0.0,0.52,13,0.52,0,89
4642,2,1,17.410637,0.56,14,0.56,0,89
4643,0,-1,-18.335072,0.52,13,0.52,0,89
4644,2,1,-9.921343,0.56,14,0.56,0,89
4645,0,-1,-0.0,0.56,14,0.56,0,89
4646,0,-1,-0.0,0.56,14,0.56,0,89
4647,2,1,16.714378,0.6,15,0.6,0,89
4648,2,1,10.837234,0.64,16,0.64,0,89
4649,1,0,0.0,0.64,16,0.64,0,89
4650,2,1,7.6353254,0.68,17,0.68,0,89
4651,0,-1,-0.0,0.68,17,0.68,0,89
4652,2,1,0.6724087,0.72,18,0.72,0,89
4653,0,-1,-0.0,0.72,18,0.72,0,89
4654,2,1,-7.121205,0.76,19,0.76,0,89
4655,0,-1,30.097235,0.72,18,0.72,0,89
4656,1,0,0.0,0.72,18,0.72,0,89
4657,2,1,-4.161558,0.76,19,0.76,0,89
4658,2,1,-20.745728,0.8,20,0.8,0,89
4659,1,0,0.0,0.8,20,0.8,0,89
4660,0,-1,19.009306,0.76,19,0.76,0,89
4661,2,1,-18.75366,0.8,20,0.8,0,89
4662,2,1,-41.621845,0.84,21,0.84,0,89
4663,1,0,0.0,0.84,21,0.84,0,89
4664,1,0,0.0,0.84,21,0.84,0,89
4665,2,1,-79.33259,0.88,22,0.88,0,89
4666,2,1,-100.0,0.0,0,0.0,0,89
4667,2,1,28.346605,0.2,5,0.2,0,90
4668,2,1,-4.278687,0.24,6,0.24,0,90
4669,2,1,26.767761,0.28,7,0.28,0,90
4670,2,1,23.409119,0.32,8,0.32,0,90
4671,0,-1,-0.0,0.32,8,0.32,0,90
4672,2,1,-5.280318,0.36,9,0.36,0,90
4673,2,1,20.731678,0.4,10,0.4,0,90
4674,2,1,23.129503,0.44,11,0.44,0,90
4675,2,1,19.940758,0.48,12,0.48,0,90
4676,2,1,19.999044,0.52,13,0.52,0,90
4677,1,0,0.0,0.52,13,0.52,0,90
4678,2,1,-9.92201,0.56,14,0.56,0,90
4679,2,1,13.5837755,0.6,15,0.6,0,90
4680,1,0,0.0,0.6,15,0.6,0,90
4681,2,1,10.981251,0.64,16,0.64,0,90
4682,2,1,10.034872,0.68,17,0.68,0,90
4683,1,0,0.0,0.68,17,0.68,0,90
4684,2,1,2.4479303,0.72,18,0.72,0,90
4685,2,1,-4.093905,0.76,19,0.76,0,90
4686,2,1,-18.638048,0.8,20,0.8,0,90
4687,2,1,-37.21477,0.84,21,0.84,0,90
4688,2,1,-77.694084,0.88,22,0.88,0,90
4689,2,1,-187.37082,0.92,23,0.92,0,90
4690,0,-1,-0.0,0.92,23,0.92,0,90
4691,2,1,-100.0,0.0,0,0.0,0,90
4692,2,1,28.346605,0.2,5,0.2,0,91
4693,2,1,-4.278687,0.24,6,0.24,0,91
4694,2,1,26.767761,0.28,7,0.28,0,91
4695,1,0,0.0,0.28,7,0.28,0,91
4696,2,1,27.657686,0.32,8,0.32,0,91
4697,1,0,0.0,0.32,8,0.32,0,91
4698,2,1,26.008978,0.36,9,0.36,0,91
4699,0,-1,-26.008978,0.32,8,0.32,0,91
4700,1,0,0.0,0.32,8,0.32,0,91
4701,0,-1,-26.436209,0.28,7,0.28,0,91
4702,2,1,23.409119,0.32,8,0.32,0,91
4703,2,1,20.723518,0.36,9,0.36,0,91
4704,2,1,25.459835,0.4,10,0.4,0,91
4705,2,1,24.763365,0.44,11,0.44,0,91
4706,0,-1,-0.0,0.44,11,0.44,0,91
4707,0,-1,6.5202236,0.4,10,0.4,0,91
4708,2,1,23.131649,0.44,11,0.44,1,91
4709,1,0,0.0,0.44,11,0.44,0,91
4710,2,1,22.236643,0.48,12,0.48,0,91
4711,2,1,19.505922,0.52,13,0.52,0,91
4712,1,0,0.0,0.52,13,0.52,0,91
4713,1,0,0.0,0.52,13,0.52,0,91
4714,1,0,0.0,0.52,13,0.52,0,91
4715,0,-1,-0.0,0.52,13,0.52,0,91
4716,1,0,0.0,0.52,13,0.52,0,91
4717,2,1,16.682934,0.56,14,0.56,0,91
4718,0,-1,-0.0,0.56,14,0.56,0,91
4719,1,0,0.0,0.56,14,0.56,0,91
4720,2,1,15.528622,0.6,15,0.6,0,91
4721,1,0,0.0,0.6,15,0.6,0,91
4722,1,0,0.0,0.6,15,0.6,0,91
4723,2,1,10.980806,0.64,16,0.64,0,91
4724,2,1,7.396508,0.68,17,0.68,0,91
4725,1,0,0.0,0.68,17,0.68,0,91
4726,2,1,5.781317,0.72,18,0.72,0,91
4727,2,1,-3.8906524,0.76,19,0.76,0,91
4728,1,0,0.0,0.76,19,0.76,0,91
4729,2,1,-18.557438,0.8,20,0.8,0,91
4730,2,1,-37.186054,0.84,21,0.84,0,91
4731,1,0,0.0,0.84,21,0.84,0,91
4732,2,1,-83.96905,0.88,22,0.88,0,91
4733,0,-1,75.99985,0.84,21,0.84,0,91
4734,2,1,-82.62967,0.88,22,0.88,0,91
4735,2,1,-181.30307,0.92,23,0.92,0,91
4736,2,1,-100.0,0.0,0,0.0,0,91
4737,2,1,28.364332,0.2,5,0.2,0,92
4738,2,1,-4.278605,0.24,6,0.24,0,92
4739,2,1,27.971514,0.28,7,0.28,0,92
4740,2,1,23.409119,0.32,8,0.32,0,92
4741,2,1,20.723518,0.36,9,0.36,0,92
4742,2,1,25.454552,0.4,10,0.4,0,92
4743,0,-1,5.828954,0.36,9,0.36,0,92
4744,2,1,22.66773,0.4,10,0.4,0,92
4745,1,0,0.0,0.4,10,0.4,0,92
4746,2,1,17.717962,0.44,11,0.44,0,92
4747,0,-1,-17.717962,0.4,10,0.4,0,92
4748,0,-1,-0.0,0.4,10,0.4,0,92
4749,0,-1,-0.0,0.4,10,0.4,0,92
4750,1,0,0.0,0.4,10,0.4,0,92
4751,0,-1,-0.0,0.4,10,0.4,1,92
4752,0,-1,-0.0,0.4,10,0.4,0,92
4753,2,1,24.76685,0.44,11,0.44,0,92
4754,1,0,0.0,0.44,11,0.44,0,92
4755,2,1,16.53535,0.48,12,0.48,0,92
4756,0,-1,-21.065252,0.44,11,0.44,0,92
4757,2,1,19.213055,0.48,12,0.48,0,92
4758,0,-1,-0.0,0.48,12,0.48,0,92
4759,1,0,0.0,0.48,12,0.48,0,92
4760,0,-1,-19.213055,0.44,11,0.44,0,92
4761,1,0,0.0,0.44,11,0.44,0,92
4762,0,-1,-17.406433,0.4,10,0.4,0,92
4763,2,1,12.388168,0.44,11,0.44,0,92
4764,2,1,10.14127,0.48,12,0.48,0,92
4765,2,1,19.958836,0.52,13,0.52,0,92
4766,0,-1,-0.0,0.52,13,0.52,0,92
4767,2,1,4.081132,0.56,14,0.56,0,92
4768,1,0,0.0,0.56,14,0.56,0,92
4769,2,1,16.713316,0.6,15,0.6,0,92
4770,2,1,13.716607,0.64,16,0.64,0,92
4771,0,-1,0.28337938,0.6,15,0.6,0,92
4772,0,-1,-16.216219,0.56,14,0.56,0,92
4773,1,0,0.0,0.56,14,0.56,0,92
4774,2,1,12.468007,0.6,15,0.6,0,92
4775,1,0,0.0,0.6,15,0.6,0,92
4776,1,0,0.0,0.6,15,0.6,0,92
4777,0,-1,-12.468007,0.56,14,0.56,0,92
4778,0,-1,-7.611149,0.52,13,0.52,0,92
4779,2,1,7.611149,0.56,14,0.56,0,92
4780,2,1,17.830832,0.6,15,0.6,0,92
4781,2,1,12.546299,0.64,16,0.64,0,92
4782,0,-1,-11.641233,0.6,15,0.6,0,92
4783,0,-1,-0.0,0.6,15,0.6,0,92
4784,1,0,0.0,0.6,15,0.6,0,92
4785,0,-1,-0.0,0.6,15,0.6,0,92
4786,0,-1,-16.670233,0.56,14,0.56,0,92
4787,0,-1,-7.611149,0.52,13,0.52,0,92
4788,2,1,17.772474,0.56,14,0.56,0,92
4789,2,1,14.136261,0.6,15,0.6,0,92
4790,2,1,13.065838,0.64,16,0.64,0,92
4791,0,-1,-11.636649,0.6,15,0.6,0,92
4792,0,-1,-0.0,0.6,15,0.6,0,92
4793,0,-1,-0.0,0.6,15,0.6,0,92
4794,1,0,0.0,0.6,15,0.6,0,92
4795,2,1,9.64072,0.64,16,0.64,0,92
4796,1,0,0.0,0.64,16,0.64,0,92
4797,2,1,7.803486,0.68,17,0.68,0,92
4798,2,1,0.8224475,0.72,18,0.72,0,92
4799,0,-1,-4.156996,0.68,17,0.68,0,92
4800,1,0,0.0,0.68,17,0.68,0,92
4801,2,1,-1.2383691,0.72,18,0.72,0,92
4802,2,1,-6.6779323,0.76,19,0.76,0,92
4803,2,1,-20.586243,0.8,20,0.8,0,92
4804,1,0,0.0,0.8,20,0.8,0,92
4805,2,1,-40.25299,0.84,21,0.84,0,92
4806,2,1,-85.43694,0.88,22,0.88,0,92
4807,2,1,-189.24376,0.92,23,0.92,0,92
4808,2,1,-599.5809,0.96,24,0.96,0,92
4809,1,0,0.0,0.96,24,0.96,0,92
4810,2,1,29.628538,1.0,25,1.0,0,92
4811,2,1,-1000.0,0.0,0,0.0,0,92
4812,1,0,0.0,0.16,4,0.16,0,93
4813,1,0,0.0,0.16,4,0.16,0,93
4814,2,1,28.346605,0.2,5,0.2,0,93
4815,1,0,0.0,0.2,5,0.2,1,93
4816,2,1,26.894903,0.24,6,0.24,0,93
4817,1,0,0.0,0.24,6,0.24,0,93
4818,0,-1,-0.0,0.24,6,0.24,0,93
4819,1,0,0.0,0.24,6,0.24,0,93
4820,2,1,23.229055,0.28,7,0.28,0,93
4821,1,0,0.0,0.28,7,0.28,0,93
4822,1,0,0.0,0.28,7,0.28,0,93
4823,1,0,0.0,0.28,7,0.28,0,93
4824,2,1,27.64001,0.32,8,0.32,0,93
4825,2,1,24.281137,0.36,9,0.36,0,93
4826,0,-1,-22.46499,0.32,8,0.32,0,93
4827,2,1,23.04869,0.36,9,0.36,0,93
4828,2,1,18.141722,0.4,10,0.4,0,93
4829,2,1,20.103739,0.44,11,0.44,0,93
4830,2,1,20.298597,0.48,12,0.48,0,93
4831,1,0,0.0,0.48,12,0.48,0,93
4832,2,1,22.737116,0.52,13,0.52,0,93
4833,2,1,15.787228,0.56,14,0.56,0,93
4834,2,1,15.958557,0.6,15,0.6,0,93
4835,0,-1,-14.837638,0.56,14,0.56,0,93
4836,2,1,16.83698,0.6,15,0.6,0,93
4837,1,0,0.0,0.6,15,0.6,0,93
4838,1,0,0.0,0.6,15,0.6,0,93
4839,1,0,0.0,0.6,15,0.6,0,93
4840,2,1,12.945268,0.64,16,0.64,0,93
4841,1,0,0.0,0.64,16,0.64,0,93
4842,0,-1,-0.0,0.64,16,0.64,0,93
4843,2,1,9.069072,0.68,17,0.68,0,93
4844,2,1,0.90458935,0.72,18,0.72,0,93
4845,2,1,-0.57659453,0.76,19,0.76,0,93
4846,2,1,-20.510113,0.8,20,0.8,0,93
4847,2,1,-37.788685,0.84,21,0.84,0,93
4848,1,0,0.0,0.84,21,0.84,0,93
4849,0,-1,34.47501,0.8,20,0.8,0,93
4850,1,0,0.0,0.8,20,0.8,0,93
4851,2,1,-37.52835,0.84,21,0.84,0,93
4852,2,1,-79.611755,0.88,22,0.88,0,93
4853,2,1,-189.20193,0.92,23,0.92,0,93
4854,2,1,-602.4016,0.96,24,0.96,0,93
4855,2,1,0.0,0.96,24,0.96,0,93
4856,1,0,0.0,0.96,24,0.96,0,93
4857,2,1,27.249582,1.0,25,1.0,0,93
4858,1,0,-1000.0,0.0,0,0.0,0,93
4859,2,1,28.364332,0.2,5,0.2,0,94
4860,2,1,-4.278687,0.24,6,0.24,0,94
4861,2,1,27.971514,0.28,7,0.28,0,94
4862,1,0,0.0,0.28,7,0.28,0,94
4863,2,1,26.441492,0.32,8,0.32,0,94
4864,2,1,23.22081,0.36,9,0.36,0,94
4865,2,1,23.822836,0.4,10,0.4,0,94
4866,2,1,20.243746,0.44,11,0.44,0,94
4867,2,1,19.941977,0.48,12,0.48,0,94
4868,1,0,0.0,0.48,12,0.48,0,94
4869,2,1,16.6261,0.52,13,0.52,0,94
4870,0,-1,8.497722,0.48,12,0.48,0,94
4871,2,1,16.872952,0.52,13,0.52,0,94
4872,2,1,13.186959,0.56,14,0.56,0,94
4873,2,1,-11.7863245,0.6,15,0.6,0,94
4874,2,1,6.7106347,0.64,16,0.64,0,94
4875,2,1,10.035843,0.68,17,0.68,0,94
4876,2,1,-100.0,0.0,0,0.0,0,94
4877,2,1,28.364332,0.2,5,0.2,0,95
4878,2,1,28.208652,0.24,6,0.24,0,95
4879,0,-1,-0.0,0.24,6,0.24,0,95
4880,1,0,0.0,0.24,6,0.24,0,95
4881,0,-1,-28.22638,0.2,5,0.2,0,95
4882,0,-1,-28.346605,0.16,4,0.16,0,95
4883,2,1,28.364332,0.2,5,0.2,0,95
4884,2,1,-4.278605,0.24,6,0.24,0,95
4885,2,1,-4.515826,0.28,7,0.28,0,95
4886,2,1,-4.8479323,0.32,8,0.32,0,95
4887,2,1,27.207449,0.36,9,0.36,0,95
4888,2,1,-5.829622,0.4,10,0.4,0,95
4889,2,1,-6.520815,0.44,11,0.44,0,95
4890,0,-1,-25.967117,0.4,10,0.4,0,95
4891,2,1,24.768646,0.44,11,0.44,0,95
4892,2,1,-7.391865,0.48,12,0.48,0,95
4893,1,0,0.0,0.48,12,0.48,0,95
4894,0,-1,-0.0,0.48,12,0.48,0,95
4895,0,-1,7.391865,0.44,11,0.44,0,95
4896,0,-1,-0.0,0.44,11,0.44,0,95
4897,0,-1,6.520815,0.4,10,0.4,0,95
4898,2,1,21.522146,0.44,11,0.44,0,95
4899,1,0,0.0,0.44,11,0.44,0,95
4900,1,0,0.0,0.44,11,0.44,0,95
4901,2,1,-7.3917303,0.48,12,0.48,0,95
4902,1,0,0.0,0.48,12,0.48,0,95
4903,2,1,18.110739,0.52,13,0.52,0,95
4904,2,1,-9.921985,0.56,14,0.56,0,95
4905,2,1,16.714378,0.6,15,0.6,0,95
4906,0,-1,-0.0,0.6,15,0.6,0,95
4907,1,0,0.0,0.6,15,0.6,0,95
4908,2,1,-14.2864895,0.64,16,0.64,0,95
4909,2,1,11.916524,0.68,17,0.68,0,95
4910,1,0,0.0,0.68,17,0.68,0,95
4911,0,-1,-10.765354,0.64,16,0.64,0,95
4912,0,-1,14.286496,0.6,15,0.6,0,95
4913,1,0,0.0,0.6,15,0.6,0,95
4914,0,-1,11.786879,0.56,14,0.56,0,95
4915,0,-1,9.921343,0.52,13,0.52,0,95
4916,2,1,17.411856,0.56,14,0.56,0,95
4917,0,-1,-16.687035,0.52,13,0.52,0,95
4918,2,1,22.565916,0.56,14,0.56,0,95
4919,2,1,15.984867,0.6,15,0.6,0,95
4920,0,-1,11.78675,0.56,14,0.56,0,95
4921,2,1,13.99942,0.6,15,0.6,0,95
4922,0,-1,-16.256044,0.56,14,0.56,0,95
4923,1,0,0.0,0.56,14,0.56,0,95
4924,1,0,0.0,0.56,14,0.56,0,95
4925,0,-1,9.92201,0.52,13,0.52,0,95
4926,2,1,15.449248,0.56,14,0.56,0,95
4927,1,0,0.0,0.56,14,0.56,0,95
4928,0,-1,-0.0,0.56,14,0.56,0,95
4929,2,1,-11.78675,0.6,15,0.6,0,95
4930,1,0,0.0,0.6,15,0.6,0,95
4931,2,1,9.372625,0.64,16,0.64,0,95
4932,2,1,5.496408,0.68,17,0.68,0,95
4933,2,1,0.6724087,0.72,18,0.72,0,95
4934,0,-1,22.675793,0.68,17,0.68,0,95
4935,2,1,1.0767766,0.72,18,0.72,0,95
4936,0,-1,-0.0,0.72,18,0.72,0,95
4937,2,1,-8.447827,0.76,19,0.76,0,95
4938,1,0,0.0,0.76,19,0.76,0,95
4939,2,1,-100.0,0.0,0,0.0,0,95
4940,2,1,-4.1407347,0.2,5,0.2,0,96
4941,2,1,-4.278605,0.24,6,0.24,0,96
4942,2,1,27.98924,0.28,7,0.28,0,96
4943,1,0,0.0,0.28,7,0.28,0,96
4944,0,-1,4.515826,0.24,6,0.24,0,96
4945,2,1,26.773045,0.28,7,0.28,0,96
4946,0,-1,-0.0,0.28,7,0.28,0,96
4947,2,1,-4.8479395,0.32,8,0.32,0,96
4948,1,0,0.0,0.32,8,0.32,0,96
4949,1,0,0.0,0.32,8,0.32,0,96
4950,2,1,-5.280317,0.36,9,0.36,0,96
4951,0,-1,-0.0,0.36,9,0.36,0,96
4952,0,-1,-0.0,0.36,9,0.36,0,96
4953,0,-1,-0.0,0.36,9,0.36,0,96
4954,1,0,0.0,0.36,9,0.36,0,96
4955,2,1,-5.8296223,0.4,10,0.4,0,96
4956,2,1,23.131649,0.44,11,0.44,0,96
4957,2,1,-7.39189,0.48,12,0.48,0,96
4958,2,1,-8.498312,0.52,13,0.52,0,96
4959,1,0,0.0,0.52,13,0.52,0,96
4960,1,0,0.0,0.52,13,0.52,0,96
4961,2,1,22.565916,0.56,14,0.56,0,96
4962,1,0,0.0,0.56,14,0.56,0,96
4963,0,-1,-0.0,0.56,14,0.56,0,96
4964,0,-1,9.92185,0.52,13,0.52,0,96
4965,2,1,18.579277,0.56,14,0.56,0,96
4966,0,-1,9.92201,0.52,13,0.52,0,96
4967,0,-1,-0.0,0.52,13,0.52,0,96
4968,2,1,16.842545,0.56,14,0.56,0,96
4969,0,-1,-0.0,0.56,14,0.56,0,96
4970,1,0,0.0,0.56,14,0.56,0,96
4971,0,-1,9.922016,0.52,13,0.52,0,96
4972,2,1,21.362164,0.56,14,0.56,0,96
4973,2,1,15.984867,0.6,15,0.6,0,96
4974,1,0,0.0,0.6,15,0.6,0,96
4975,2,1,14.21083,0.64,16,0.64,0,96
4976,0,-1,14.286522,0.6,15,0.6,0,96
4977,0,-1,-0.0,0.6,15,0.6,0,96
4978,0,-1,11.786884,0.56,14,0.56,0,96
4979,2,1,13.053625,0.6,15,0.6,0,96
4980,0,-1,11.7862425,0.56,14,0.56,0,96
4981,1,0,0.0,0.56,14,0.56,0,96
4982,2,1,17.863403,0.6,15,0.6,0,96
4983,1,0,0.0,0.6,15,0.6,0,96
4984,0,-1,-13.053625,0.56,14,0.56,0,96
4985,2,1,13.99942,0.6,15,0.6,0,96
4986,2,1,11.303396,0.64,16,0.64,0,96
4987,2,1,9.026972,0.68,17,0.68,0,96
4988,2,1,4.658042,0.72,18,0.72,0,96
4989,1,0,0.0,0.72,18,0.72,0,96
4990,1,0,0.0,0.72,18,0.72,0,96
4991,2,1,-5.592324,0.76,19,0.76,0,96
4992,1,0,0.0,0.76,19,0.76,0,96
4993,2,1,-16.614744,0.8,20,0.8,0,96
4994,0,-1,-0.0,0.8,20,0.8,0,96
4995,2,1,-39.051575,0.84,21,0.84,0,96
4996,2,1,-80.896034,0.88,22,0.88,0,96
4997,2,1,-183.77042,0.92,23,0.92,0,96
4998,1,0,0.0,0.92,23,0.92,0,96
4999,2,1,-597.9333,0.96,24,0.96,0,96
5000,2,1,23.457535,1.0,25,1.0,0,96
5001,1,0,-1000.0,0.0,0,0.0,0,96
5002,2,1,-4.1407347,0.2,5,0.2,0,97
5003,2,1,28.22638,0.24,6,0.24,0,97
5004,2,1,23.526543,0.28,7,0.28,0,97
5005,0,-1,4.515826,0.24,6,0.24,0,97
5006,2,1,-4.515826,0.28,7,0.28,0,97
5007,2,1,26.441492,0.32,8,0.32,0,97
5008,0,-1,-26.441492,0.28,7,0.28,0,97
5009,2,1,27.639961,0.32,8,0.32,0,97
5010,0,-1,-23.19499,0.28,7,0.28,0,97
5011,1,0,0.0,0.28,7,0.28,0,97
5012,1,0,0.0,0.28,7,0.28,0,97
5013,2,1,-4.847297,0.32,8,0.32,0,97
5014,2,1,26.008978,0.36,9,0.36,0,97
5015,2,1,22.213333,0.4,10,0.4,0,97
5016,1,0,0.0,0.4,10,0.4,0,97
5017,0,-1,5.828954,0.36,9,0.36,0,97
5018,1,0,0.0,0.36,9,0.36,0,97
5019,0,-1,-27.207449,0.32,8,0.32,0,97
5020,0,-1,-23.19499,0.28,7,0.28,0,97
5021,0,-1,-0.0,0.28,7,0.28,0,97
5022,2,1,23.653324,0.32,8,0.32,0,97
5023,1,0,0.0,0.32,8,0.32,0,97
5024,1,0,0.0,0.32,8,0.32,0,97
5025,1,0,0.0,0.32,8,0.32,0,97
5026,2,1,27.207449,0.36,9,0.36,0,97
5027,0,-1,5.279892,0.32,8,0.32,0,97
5028,1,0,0.0,0.32,8,0.32,0,97
5029,1,0,0.0,0.32,8,0.32,0,97
5030,0,-1,-0.0,0.32,8,0.32,0,97
5031,2,1,20.655867,0.36,9,0.36,0,97
5032,2,1,23.822836,0.4,10,0.4,0,97
5033,2,1,21.522146,0.44,11,0.44,0,97
5034,0,-1,-21.522146,0.4,10,0.4,0,97
5035,2,1,21.250967,0.44,11,0.44,0,97
5036,2,1,-7.3912225,0.48,12,0.48,0,97
5037,2,1,22.785866,0.52,13,0.52,0,97
5038,2,1,17.411856,0.56,14,0.56,0,97
5039,0,-1,9.921343,0.52,13,0.52,0,97
5040,0,-1,-17.438036,0.48,12,0.48,0,97
5041,1,0,0.0,0.48,12,0.48,0,97
5042,1,0,0.0,0.48,12,0.48,0,97
5043,2,1,19.999044,0.52,13,0.52,0,97
5044,2,1,19.728302,0.56,14,0.56,0,97
5045,0,-1,-18.57534,0.52,13,0.52,0,97
5046,2,1,18.57534,0.56,14,0.56,0,97
5047,2,1,13.58435,0.6,15,0.6,0,97
5048,2,1,11.303396,0.64,16,0.64,0,97
5049,1,0,0.0,0.64,16,0.64,0,97
5050,2,1,5.7215962,0.68,17,0.68,0,97
5051,0,-1,-0.0,0.68,17,0.68,0,97
5052,0,-1,-0.0,0.68,17,0.68,0,97
5053,2,1,-1.2715249,0.72,18,0.72,0,97
5054,2,1,-6.86556,0.76,19,0.76,0,97
5055,0,-1,-0.0,0.76,19,0.76,0,97
5056,2,1,-15.223097,0.8,20,0.8,0,97
5057,1,0,0.0,0.8,20,0.8,0,97
5058,1,0,0.0,0.8,20,0.8,0,97
5059,2,1,-38.29951,0.84,21,0.84,0,97
5060,1,0,0.0,0.84,21,0.84,0,97
5061,2,1,-78.52327,0.88,22,0.88,0,97
5062,1,0,0.0,0.88,22,0.88,0,97
5063,0,-1,-0.0,0.88,22,0.88,0,97
5064,0,-1,75.9557,0.84,21,0.84,0,97
5065,2,1,-100.0,0.0,0,0.0,0,97
5066,2,1,28.346605,0.2,5,0.2,0,98
5067,0,-1,-0.0,0.2,5,0.2,0,98
5068,1,0,0.0,0.2,5,0.2,0,98
5069,2,1,-4.278687,0.24,6,0.24,0,98
5070,2,1,-4.516252,0.28,7,0.28,0,98
5071,2,1,23.409119,0.32,8,0.32,0,98
5072,2,1,26.003696,0.36,9,0.36,0,98
5073,0,-1,5.280318,0.32,8,0.32,0,98
5074,2,1,-5.2804456,0.36,9,0.36,0,98
5075,2,1,-5.829462,0.4,10,0.4,0,98
5076,1,0,0.0,0.4,10,0.4,0,98
5077,2,1,-6.5201416,0.44,11,0.44,0,98
5078,2,1,22.258423,0.48,12,0.48,0,98
5079,0,-1,7.3912225,0.44,11,0.44,0,98
5080,1,0,0.0,0.44,11,0.44,0,98
5081,1,0,0.0,0.44,11,0.44,0,98
5082,1,0,0.0,0.44,11,0.44,0,98
5083,1,0,0.0,0.44,11,0.44,0,98
5084,2,1,-7.3912225,0.48,12,0.48,0,98
5085,2,1,18.834341,0.52,13,0.52,0,98
5086,0,-1,-19.758776,0.48,12,0.48,0,98
5087,1,0,0.0,0.48,12,0.48,0,98
5088,2,1,16.625448,0.52,13,0.52,0,98
5089,2,1,17.848795,0.56,14,0.56,0,98
5090,0,-1,9.921343,0.52,13,0.52,0,98
5091,2,1,18.335072,0.56,14,0.56,0,98
5092,2,1,-11.78691,0.6,15,0.6,0,98
5093,1,0,0.0,0.6,15,0.6,0,98
5094,0,-1,-16.470173,0.56,14,0.56,0,98
5095,1,0,0.0,0.56,14,0.56,0,98
5096,1,0,0.0,0.56,14,0.56,0,98
5097,2,1,11.321744,0.6,15,0.6,0,98
5098,0,-1,11.78691,0.56,14,0.56,0,98
5099,2,1,20.718742,0.6,15,0.6,0,98
5100,2,1,6.7742248,0.64,16,0.64,0,98
5101,2,1,-100.0,0.0,0,0.0,0,98
5102,0,-1,-0.0,0.16,4,0.16,0,99
5103,0,-1,-0.0,0.16,4,0.16,0,99
5104,2,1,28.346605,0.2,5,0.2,0,99
5105,2,1,-4.278687,0.24,6,0.24,0,99
5106,2,1,23.740671,0.28,7,0.28,0,99
5107,0,-1,4.515826,0.24,6,0.24,0,99
5108,2,1,-4.515744,0.28,7,0.28,0,99
5109,1,0,0.0,0.28,7,0.28,0,99
5110,1,0,0.0,0.28,7,0.28,0,99
5111,1,0,0.0,0.28,7,0.28,0,99
5112,1,0,0.0,0.28,7,0.28,0,99
5113,2,1,-4.847379,0.32,8,0.32,0,99
5114,0,-1,-23.409119,0.28,7,0.28,0,99
5115,1,0,0.0,0.28,7,0.28,0,99
5116,2,1,27.657686,0.32,8,0.32,0,99
5117,2,1,26.008978,0.36,9,0.36,0,99
5118,0,-1,5.27981,0.32,8,0.32,0,99
5119,2,1,26.003696,0.36,9,0.36,0,99
5120,0,-1,-0.0,0.36,9,0.36,0,99
5121,2,1,-5.829462,0.4,10,0.4,0,99
5122,2,1,23.129503,0.44,11,0.44,0,99
5123,2,1,21.105461,0.48,12,0.48,0,99
5124,2,1,-8.498307,0.52,13,0.52,0,99
5125,2,1,19.730448,0.56,14,0.56,0,99
5126,1,0,0.0,0.56,14,0.56,0,99
5127,1,0,0.0,0.56,14,0.56,0,99
5128,0,-1,-0.0,0.56,14,0.56,0,99
5129,2,1,16.256044,0.6,15,0.6,0,99
5130,0,-1,11.78691,0.56,14,0.56,0,99
5131,1,0,0.0,0.56,14,0.56,0,99
5132,0,-1,-0.0,0.56,14,0.56,0,99
5133,1,0,0.0,0.56,14,0.56,0,99
5134,0,-1,9.92185,0.52,13,0.52,0,99
5135,2,1,-9.921343,0.56,14,0.56,0,99
5136,2,1,15.545738,0.6,15,0.6,0,99
5137,2,1,14.2147665,0.64,16,0.64,0,99
5138,2,1,10.035843,0.68,17,0.68,0,99
5139,2,1,5.581258,0.72,18,0.72,0,99
5140,1,0,0.0,0.72,18,0.72,0,99
5141,1,0,0.0,0.72,18,0.72,0,99
5142,2,1,-4.3115716,0.76,19,0.76,0,99
5143,2,1,-41.985844,0.8,20,0.8,0,99
5144,0,-1,13.4847145,0.76,19,0.76,0,99
5145,1,0,0.0,0.76,19,0.76,0,99
5146,2,1,-18.326857,0.8,20,0.8,0,99
5147,0,-1,41.985844,0.76,19,0.76,0,99
5148,1,0,0.0,0.76,19,0.76,0,99
5149,2,1,-18.2334,0.8,20,0.8,0,99
5150,2,1,-37.43349,0.84,21,0.84,0,99
5151,1,0,0.0,0.84,21,0.84,0,99
5152,2,1,-78.86707,0.88,22,0.88,0,99
5153,1,0,0.0,0.88,22,0.88,0,99
5154,2,1,-182.60696,0.92,23,0.92,0,99
5155,2,1,-601.02716,0.96,24,0.96,0,99
5156,2,1,27.333872,1.0,25,1.0,0,99
5157,2,1,-1000.0,0.0,0,0.0,0,99
5158,2,1,28.346605,0.2,5,0.2,0,100
5159,2,1,-4.278605,0.24,6,0.24,0,100
5160,2,1,26.767761,0.28,7,0.28,0,100
5161,1,0,0.0,0.28,7,0.28,0,100
5162,2,1,24.80235,0.32,8,0.32,0,100
5163,0,-1,-0.0,0.32,8,0.32,0,100
5164,1,0,0.0,0.32,8,0.32,0,100
5165,2,1,-5.280317,0.36,9,0.36,0,100
5166,2,1,22.66773,0.4,10,0.4,0,100
5167,2,1,20.811838,0.44,11,0.44,0,100
5168,2,1,17.978796,0.48,12,0.48,0,100
5169,2,1,14.849648,0.52,13,0.52,0,100
5170,2,1,15.201745,0.56,14,0.56,0,100
5171,2,1,16.470173,0.6,15,0.6,0,100
5172,2,1,12.476384,0.64,16,0.64,1,100
5173,2,1,2.1490707,0.68,17,0.68,0,100
5174,0,-1,-10.529281,0.64,16,0.64,0,100
5175,2,1,5.4931226,0.68,17,0.68,0,100
5176,2,1,-1.438548,0.72,18,0.72,0,100
5177,2,1,-8.978507,0.76,19,0.76,0,100
5178,1,0,0.0,0.76,19,0.76,0,100
5179,1,0,0.0,0.76,19,0.76,0,100
5180,2,1,-20.806759,0.8,20,0.8,0,100
5181,2,1,-100.0,0.0,0,0.0,0,100
5182,2,1,28.346605,0.2,5,0.2,0,101
5183,2,1,27.0049,0.24,6,0.24,0,101
5184,1,0,0.0,0.24,6,0.24,0,101
5185,2,1,-4.515744,0.28,7,0.28,0,101
5186,2,1,-4.847804,0.32,8,0.32,0,101
5187,2,1,27.225174,0.36,9,0.36,0,101
5188,0,-1,-0.0,0.36,9,0.36,0,101
5189,0,-1,5.280317,0.32,8,0.32,0,101
5190,0,-1,4.847297,0.28,7,0.28,0,101
5191,2,1,24.80235,0.32,8,0.32,0,101
5192,1,0,0.0,0.32,8,0.32,0,101
5193,1,0,0.0,0.32,8,0.32,0,101
5194,2,1,22.490328,0.36,9,0.36,0,101
5195,2,1,25.459835,0.4,10,0.4,0,101
5196,0,-1,-0.0,0.4,10,0.4,0,101
5197,2,1,23.131649,0.44,11,0.44,0,101
5198,2,1,18.197515,0.48,12,0.48,0,101
5199,2,1,19.999044,0.52,13,0.52,0,101
5200,2,1,17.849766,0.56,14,0.56,0,101
5201,0,-1,-0.0,0.56,14,0.56,0,101
5202,0,-1,-0.0,0.56,14,0.56,0,101
5203,2,1,14.146816,0.6,15,0.6,0,101
5204,2,1,11.499346,0.64,16,0.64,0,101
5205,0,-1,-0.0,0.64,16,0.64,0,101
5206,2,1,5.7213326,0.68,17,0.68,0,101
5207,2,1,3.110505,0.72,18,0.72,0,101
5208,2,1,-6.3453,0.76,19,0.76,0,101
5209,2,1,-18.233627,0.8,20,0.8,0,101
5210,2,1,-41.108475,0.84,21,0.84,0,101
5211,0,-1,-0.0,0.84,21,0.84,0,101
5212,2,1,-80.89628,0.88,22,0.88,0,101
5213,2,1,-100.0,0.0,0,0.0,0,101
5214,0,-1,-0.0,0.16,4,0.16,0,102
5215,2,1,28.346605,0.2,5,0.2,0,102
5216,2,1,28.22638,0.24,6,0.24,0,102
5217,2,1,26.767761,0.28,7,0.28,0,102
5218,1,0,0.0,0.28,7,0.28,0,102
5219,2,1,-4.847379,0.32,8,0.32,0,102
5220,0,-1,-27.657686,0.28,7,0.28,0,102
5221,2,1,24.80235,0.32,8,0.32,0,102
5222,1,0,0.0,0.32,8,0.32,0,102
5223,0,-1,4.847379,0.28,7,0.28,0,102
5224,2,1,27.657686,0.32,8,0.32,0,102
5225,2,1,22.05217,0.36,9,0.36,0,102
5226,2,1,25.459835,0.4,10,0.4,0,102
5227,2,1,21.249996,0.44,11,0.44,0,102
5228,0,-1,-0.0,0.44,11,0.44,0,102
5229,0,-1,-0.0,0.44,11,0.44,0,102
5230,1,0,0.0,0.44,11,0.44,0,102
5231,2,1,21.105461,0.48,12,0.48,0,102
5232,1,0,0.0,0.48,12,0.48,0,102
5233,2,1,17.091099,0.52,13,0.52,0,102
5234,1,0,0.0,0.52,13,0.52,0,102
5235,2,1,15.448675,0.56,14,0.56,0,102
5236,2,1,17.86555,0.6,15,0.6,0,102
5237,1,0,0.0,0.6,15,0.6,0,102
5238,1,0,0.0,0.6,15,0.6,0,102
5239,2,1,9.170745,0.64,16,0.64,0,102
5240,1,0,0.0,0.64,16,0.64,0,102
5241,2,1,5.8247795,0.68,17,0.68,0,102
5242,2,1,0.6721301,0.72,18,0.72,0,102
5243,0,-1,-0.0,0.72,18,0.72,0,102
5244,1,0,0.0,0.72,18,0.72,0,102
5245,2,1,-8.746873,0.76,19,0.76,0,102
5246,2,1,-20.689623,0.8,20,0.8,0,102
5247,0,-1,-0.0,0.8,20,0.8,0,102
5248,2,1,-100.0,0.0,0,0.0,0,102
5249,1,0,0.0,0.16,4,0.16,0,103
5250,2,1,-4.1407347,0.2,5,0.2,0,103
5251,2,1,28.22638,0.24,6,0.24,0,103
5252,1,0,0.0,0.24,6,0.24,0,103
5253,0,-1,-28.22638,0.2,5,0.2,0,103
5254,2,1,-4.27924,0.24,6,0.24,0,103
5255,2,1,27.971514,0.28,7,0.28,0,103
5256,2,1,27.657686,0.32,8,0.32,0,103
5257,2,1,26.003696,0.36,9,0.36,0,103
5258,2,1,23.820692,0.4,10,0.4,0,103
5259,1,0,0.0,0.4,10,0.4,0,103
5260,1,0,0.0,0.4,10,0.4,0,103
5261,2,1,-6.5208097,0.44,11,0.44,0,103
5262,1,0,0.0,0.44,11,0.44,0,103
5263,2,1,20.378916,0.48,12,0.48,0,103
5264,0,-1,7.391891,0.44,11,0.44,0,103
5265,2,1,-7.3918905,0.48,12,0.48,0,103
5266,1,0,0.0,0.48,12,0.48,0,103
5267,2,1,17.28756,0.52,13,0.52,0,103
5268,2,1,13.736898,0.56,14,0.56,0,103
5269,0,-1,-22.583641,0.52,13,0.52,0,103
5270,2,1,13.830365,0.56,14,0.56,0,103
5271,2,1,13.802496,0.6,15,0.6,0,103
5272,2,1,13.970561,0.64,16,0.64,0,103
5273,2,1,3.9596586,0.68,17,0.68,0,103
5274,2,1,-22.675665,0.72,18,0.72,0,103
5275,0,-1,-0.0,0.72,18,0.72,0,103
5276,1,0,0.0,0.72,18,0.72,0,103
5277,2,1,-30.097902,0.76,19,0.76,0,103
5278,2,1,-18.528736,0.8,20,0.8,0,103
5279,2,1,-34.306828,0.84,21,0.84,0,103
5280,2,1,-82.80703,0.88,22,0.88,0,103
5281,1,0,0.0,0.88,22,0.88,0,103
5282,1,0,0.0,0.88,22,0.88,0,103
5283,1,0,0.0,0.88,22,0.88,0,103
5284,2,1,-100.0,0.0,0,0.0,0,103
5285,2,1,28.346605,0.2,5,0.2,0,104
5286,0,-1,-0.0,0.2,5,0.2,0,104
5287,2,1,28.22638,0.24,6,0.24,0,104
5288,0,-1,-0.0,0.24,6,0.24,0,104
5289,2,1,26.773045,0.28,7,0.28,0,104
5290,2,1,23.19499,0.32,8,0.32,0,104
5291,2,1,26.003696,0.36,9,0.36,0,104
5292,2,1,20.779423,0.4,10,0.4,0,104
5293,1,0,0.0,0.4,10,0.4,0,104
5294,2,1,21.980478,0.44,11,0.44,0,104
5295,1,0,0.0,0.44,11,0.44,0,104
5296,2,1,22.258423,0.48,12,0.48,0,104
5297,2,1,21.154152,0.52,13,0.52,0,104
5298,1,0,0.0,0.52,13,0.52,0,104
5299,1,0,0.0,0.52,13,0.52,0,104
5300,2,1,17.848795,0.56,14,0.56,0,104
5301,0,-1,-16.687035,0.52,13,0.52,0,104
5302,2,1,15.863857,0.56,14,0.56,0,104
5303,2,1,16.710442,0.6,15,0.6,0,104
5304,2,1,9.465854,0.64,16,0.64,0,104
5305,0,-1,-0.0,0.64,16,0.64,0,104
5306,2,1,10.035843,0.68,17,0.68,0,104
5307,2,1,-1.0258648,0.72,18,0.72,0,104
5308,2,1,-8.402309,0.76,19,0.76,0,104
5309,2,1,-41.985416,0.8,20,0.8,0,104
5310,2,1,-35.47031,0.84,21,0.84,0,104
5311,1,0,0.0,0.84,21,0.84,0,104
5312,1,0,0.0,0.84,21,0.84,0,104
5313,0,-1,62.803593,0.8,20,0.8,0,104
5314,2,1,-37.01785,0.84,21,0.84,0,104
5315,2,1,-78.867584,0.88,22,0.88,0,104
5316,2,1,-185.05025,0.92,23,0.92,0,104
5317,1,0,0.0,0.92,23,0.92,0,104
5318,1,0,0.0,0.92,23,0.92,0,104
5319,2,1,-598.50134,0.96,24,0.96,0,104
5320,2,1,26.762913,1.0,25,1.0,0,104
5321,2,1,-1000.0,0.0,0,0.0,0,104
5322,2,1,28.346605,0.2,5,0.2,0,105
5323,2,1,23.97781,0.24,6,0.24,0,105
5324,0,-1,-0.0,0.24,6,0.24,0,105
5325,0,-1,-0.0,0.24,6,0.24,0,105
5326,0,-1,-23.97781,0.2,5,0.2,0,105
5327,0,-1,-28.346605,0.16,4,0.16,0,105
5328,1,0,0.0,0.16,4,0.16,0,105
5329,2,1,-4.1406527,0.2,5,0.2,0,105
5330,0,-1,4.1406527,0.16,4,0.16,0,105
5331,2,1,-4.1407347,0.2,5,0.2,0,105
5332,2,1,28.22638,0.24,6,0.24,0,105
5333,0,-1,4.278687,0.2,5,0.2,0,105
5334,2,1,-4.278605,0.24,6,0.24,0,105
5335,2,1,-4.516251,0.28,7,0.28,0,105
5336,2,1,-4.8479395,0.32,8,0.32,0,105
5337,2,1,-5.2804775,0.36,9,0.36,0,105
5338,1,0,0.0,0.36,9,0.36,0,105
5339,2,1,-5.829622,0.4,10,0.4,0,105
5340,2,1,25.967117,0.44,11,0.44,0,105
5341,0,-1,6.520809,0.4,10,0.4,0,105
5342,0,-1,5.8295965,0.36,9,0.36,0,105
5343,1,0,0.0,0.36,9,0.36,0,105
5344,2,1,25.459835,0.4,10,0.4,0,105
5345,1,0,0.0,0.4,10,0.4,0,105
5346,0,-1,-0.0,0.4,10,0.4,0,105
5347,1,0,0.0,0.4,10,0.4,0,105
5348,1,0,0.0,0.4,10,0.4,0,105
5349,0,-1,-0.0,0.4,10,0.4,0,105
5350,2,1,23.131649,0.44,11,0.44,0,105
5351,2,1,-7.391896,0.48,12,0.48,0,105
5352,2,1,19.27347,0.52,13,0.52,0,105
5353,2,1,21.362164,0.56,14,0.56,0,105
5354,2,1,17.863403,0.6,15,0.6,0,105
5355,0,-1,11.786916,0.56,14,0.56,0,105
5356,1,0,0.0,0.56,14,0.56,0,105
5357,0,-1,-0.0,0.56,14,0.56,0,105
5358,1,0,0.0,0.56,14,0.56,0,105
5359,1,0,0.0,0.56,14,0.56,0,105
5360,0,-1,9.92201,0.52,13,0.52,0,105
5361,0,-1,-0.0,0.52,13,0.52,0,105
5362,2,1,18.335072,0.56,14,0.56,0,105
5363,2,1,14.774389,0.6,15,0.6,0,105
5364,2,1,13.047345,0.64,16,0.64,0,105
5365,0,-1,-0.0,0.64,16,0.64,0,105
5366,2,1,7.3884745,0.68,17,0.68,0,105
5367,1,0,0.0,0.68,17,0.68,0,105
5368,0,-1,-8.825366,0.64,16,0.64,1,105
5369,2,1,10.751448,0.68,17,0.68,0,105
5370,1,0,0.0,0.68,17,0.68,0,105
5371,2,1,-1.510095,0.72,18,0.72,0,105
5372,0,-1,-5.8115563,0.68,17,0.68,0,105
5373,1,0,0.0,0.68,17,0.68,0,105
5374,2,1,3.3078623,0.72,18,0.72,0,105
5375,1,0,0.0,0.72,18,0.72,0,105
5376,2,1,-7.114047,0.76,19,0.76,0,105
5377,2,1,-17.764194,0.8,20,0.8,0,105
5378,0,-1,-0.0,0.8,20,0.8,0,105
5379,0,-1,20.820272,0.76,19,0.76,0,105
5380,0,-1,5.876093,0.72,18,0.72,0,105
5381,0,-1,-0.0,0.72,18,0.72,0,105
5382,1,0,0.0,0.72,18,0.72,0,105
5383,1,0,0.0,0.72,18,0.72,0,105
5384,0,-1,0.3017562,0.68,17,0.68,0,105
5385,2,1,2.9043977,0.72,18,0.72,1,105
5386,2,1,-6.69472,0.76,19,0.76,0,105
5387,1,0,0.0,0.76,19,0.76,0,105
5388,2,1,-18.53505,0.8,20,0.8,0,105
5389,0,-1,-0.0,0.8,20,0.8,0,105
5390,2,1,-37.425396,0.84,21,0.84,0,105
5391,2,1,-83.05199,0.88,22,0.88,0,105
5392,2,1,-187.76056,0.92,23,0.92,0,105
5393,2,1,-604.3248,0.96,24,0.96,0,105
5394,1,0,0.0,0.96,24,0.96,0,105
5395,2,1,21.31666,1.0,25,1.0,0,105
5396,2,1,-1000.0,0.0,0,0.0,0,105
5397,2,1,28.364332,0.2,5,0.2,0,106
5398,2,1,27.010183,0.24,6,0.24,0,106
5399,2,1,25.136045,0.28,7,0.28,0,106
5400,1,0,0.0,0.28,7,0.28,0,106
5401,2,1,22.485903,0.32,8,0.32,0,106
5402,1,0,0.0,0.32,8,0.32,0,106
5403,1,0,0.0,0.32,8,0.32,0,106
5404,2,1,-5.27981,0.36,9,0.36,0,106
5405,2,1,26.658304,0.4,10,0.4,0,106
5406,1,0,0.0,0.4,10,0.4,0,106
5407,1,0,0.0,0.4,10,0.4,0,106
5408,0,-1,-26.658304,0.36,9,0.36,0,106
5409,0,-1,-0.0,0.36,9,0.36,0,106
5410,2,1,-5.8295965,0.4,10,0.4,0,106
5411,2,1,21.980478,0.44,11,0.44,0,106
5412,1,0,0.0,0.44,11,0.44,0,106
5413,2,1,25.096035,0.48,12,0.48,0,106
5414,0,-1,7.391865,0.44,11,0.44,0,106
5415,1,0,0.0,0.44,11,0.44,0,106
5416,2,1,20.379887,0.48,12,0.48,0,106
5417,2,1,17.091612,0.52,13,0.52,0,106
5418,2,1,16.842545,0.56,14,0.56,1,106
5419,2,1,13.344076,0.6,15,0.6,0,106
5420,2,1,11.090462,0.64,16,0.64,0,106
5421,2,1,8.213557,0.68,17,0.68,0,106
5422,2,1,0.89676434,0.72,18,0.72,0,106
5423,2,1,-6.9825697,0.76,19,0.76,0,106
5424,1,0,0.0,0.76,19,0.76,0,106
5425,1,0,0.0,0.76,19,0.76,0,106
5426,1,0,0.0,0.76,19,0.76,0,106
5427,0,-1,6.9825697,0.72,18,0.72,0,106
5428,0,-1,-4.0970244,0.68,17,0.68,0,106
5429,2,1,4.0970244,0.72,18,0.72,0,106
5430,1,0,0.0,0.72,18,0.72,0,106
5431,2,1,-6.9825697,0.76,19,0.76,0,106
5432,2,1,-18.632313,0.8,20,0.8,0,106
5433,2,1,-39.346893,0.84,21,0.84,0,106
5434,2,1,-80.99096,0.88,22,0.88,0,106
5435,1,0,0.0,0.88,22,0.88,0,106
5436,0,-1,71.97536,0.84,21,0.84,0,106
5437,2,1,-83.292305,0.88,22,0.88,0,106
5438,2,1,-187.30922,0.92,23,0.92,0,106
5439,2,1,-599.4784,0.96,24,0.96,0,106
5440,2,1,32.481647,1.0,25,1.0,0,106
5441,0,-1,-1000.0,0.0,0,0.0,0,106
5442,2,1,-4.1407347,0.2,5,0.2,0,107
5443,0,-1,-0.0,0.2,5,0.2,0,107
5444,2,1,28.22638,0.24,6,0.24,0,107
5445,1,0,0.0,0.24,6,0.24,0,107
5446,1,0,0.0,0.24,6,0.24,0,107
5447,1,0,0.0,0.24,6,0.24,0,107
5448,0,-1,-28.22638,0.2,5,0.2,0,107
5449,1,0,0.0,0.2,5,0.2,0,107
5450,1,0,0.0,0.2,5,0.2,0,107
5451,1,0,0.0,0.2,5,0.2,0,107
5452,2,1,28.22638,0.24,6,0.24,0,107
5453,2,1,26.773045,0.28,7,0.28,0,107
5454,1,0,0.0,0.28,7,0.28,0,107
5455,1,0,0.0,0.28,7,0.28,0,107
5456,2,1,23.653324,0.32,8,0.32,0,107
5457,2,1,24.37198,0.36,9,0.36,0,107
5458,2,1,-5.829462,0.4,10,0.4,0,107
5459,1,0,0.0,0.4,10,0.4,0,107
5460,2,1,21.250967,0.44,11,0.44,0,107
5461,1,0,0.0,0.44,11,0.44,0,107
5462,2,1,19.941977,0.48,12,0.48,0,107
5463,1,0,0.0,0.48,12,0.48,0,107
5464,2,1,17.091612,0.52,13,0.52,0,107
5465,0,-1,8.498147,0.48,12,0.48,0,107
5466,2,1,15.062655,0.52,13,0.52,0,107
5467,2,1,16.842545,0.56,14,0.56,0,107
5468,2,1,13.053625,0.6,15,0.6,0,107
5469,2,1,10.837887,0.64,16,0.64,0,107
5470,2,1,6.7696443,0.68,17,0.68,0,107
5471,2,1,0.1593655,0.72,18,0.72,0,107
5472,1,0,0.0,0.72,18,0.72,0,107
5473,2,1,-7.4161754,0.76,19,0.76,0,107
5474,1,0,0.0,0.76,19,0.76,0,107
5475,1,0,0.0,0.76,19,0.76,0,107
5476,2,1,-21.344475,0.8,20,0.8,0,107
5477,2,1,-37.01785,0.84,21,0.84,0,107
5478,0,-1,38.2986,0.8,20,0.8,0,107
5479,2,1,-37.43292,0.84,21,0.84,0,107
5480,0,-1,42.162647,0.8,20,0.8,0,107
5481,1,0,0.0,0.8,20,0.8,0,107
5482,2,1,-41.348164,0.84,21,0.84,0,107
5483,2,1,-71.96907,0.88,22,0.88,0,107
5484,0,-1,104.456406,0.84,21,0.84,0,107
5485,2,1,-80.70439,0.88,22,0.88,0,107
5486,2,1,-185.37862,0.92,23,0.92,0,107
5487,2,1,-601.8084,0.96,24,0.96,0,107
5488,2,1,-100.0,0.0,0,0.0,0,107
5489,1,0,0.0,0.16,4,0.16,0,108
5490,2,1,28.346605,0.2,5,0.2,0,108
5491,2,1,23.97781,0.24,6,0.24,0,108
5492,2,1,-4.515826,0.28,7,0.28,0,108
5493,2,1,27.657686,0.32,8,0.32,0,108
5494,1,0,0.0,0.32,8,0.32,0,108
5495,0,-1,-27.657686,0.28,7,0.28,0,108
5496,0,-1,-23.740671,0.24,6,0.24,0,108
5497,0,-1,-28.208652,0.2,5,0.2,0,108
5498,1,0,0.0,0.2,5,0.2,0,108
5499,2,1,-4.27924,0.24,6,0.24,0,108
5500,1,0,0.0,0.24,6,0.24,0,108
5501,0,-1,4.27924,0.2,5,0.2,0,108
5502,1,0,0.0,0.2,5,0.2,0,108
5503,2,1,-4.279113,0.24,6,0.24,0,108
5504,0,-1,-0.0,0.24,6,0.24,0,108
5505,2,1,27.971514,0.28,7,0.28,0,108
5506,0,-1,-0.0,0.28,7,0.28,0,108
5507,2,1,-4.8479323,0.32,8,0.32,0,108
5508,2,1,26.003696,0.36,9,0.36,0,108
5509,1,0,0.0,0.36,9,0.36,0,108
5510,2,1,22.66773,0.4,10,0.4,0,108
5511,1,0,0.0,0.4,10,0.4,0,108
5512,1,0,0.0,0.4,10,0.4,0,108
5513,0,-1,-22.66773,0.36,9,0.36,0,108
5514,2,1,-5.8296223,0.4,10,0.4,0,108
5515,2,1,23.129503,0.44,11,0.44,0,108
5516,2,1,-7.39189,0.48,12,0.48,0,108
5517,0,-1,7.391891,0.44,11,0.44,0,108
5518,0,-1,6.520809,0.4,10,0.4,0,108
5519,2,1,21.249996,0.44,11,0.44,0,108
5520,2,1,-7.391891,0.48,12,0.48,0,108
5521,1,0,0.0,0.48,12,0.48,0,108
5522,1,0,0.0,0.48,12,0.48,0,108
5523,0,-1,7.391891,0.44,11,0.44,0,108
5524,0,-1,6.520649,0.4,10,0.4,0,108
5525,2,1,-6.520809,0.44,11,0.44,0,108
5526,2,1,18.197515,0.48,12,0.48,0,108
5527,2,1,17.28756,0.52,13,0.52,0,108
5528,2,1,18.335072,0.56,14,0.56,0,108
5529,2,1,-11.786916,0.6,15,0.6,0,108
5530,1,0,0.0,0.6,15,0.6,0,108
5531,2,1,-14.286526,0.64,16,0.64,0,108
5532,0,-1,-0.0,0.64,16,0.64,0,108
5533,2,1,-17.735939,0.68,17,0.68,1,108
5534,0,-1,-0.0,0.68,17,0.68,0,108
5535,0,-1,-0.0,0.68,17,0.68,0,108
5536,0,-1,-0.0,0.68,17,0.68,0,108
5537,2,1,1.0719825,0.72,18,0.72,0,108
5538,2,1,-4.1142144,0.76,19,0.76,0,108
5539,2,1,-41.986008,0.8,20,0.8,0,108
5540,2,1,-56.43561,0.84,21,0.84,0,108
5541,2,1,-82.765915,0.88,22,0.88,0,108
5542,0,-1,98.088425,0.84,21,0.84,0,108
5543,1,0,0.0,0.84,21,0.84,0,108
5544,0,-1,62.804184,0.8,20,0.8,0,108
5545,1,0,0.0,0.8,20,0.8,0,108
5546,0,-1,-0.0,0.8,20,0.8,0,108
5547,2,1,-62.804184,0.84,21,0.84,0,108
5548,1,0,0.0,0.84,21,0.84,0,108
5549,1,0,0.0,0.84,21,0.84,0,108
5550,2,1,-81.00505,0.88,22,0.88,0,108
5551,2,1,-184.95683,0.92,23,0.92,0,108
5552,2,1,-603.71545,0.96,24,0.96,0,108
5553,0,-1,609.18414,0.92,23,0.92,0,108
5554,1,0,0.0,0.92,23,0.92,0,108
5555,1,0,0.0,0.92,23,0.92,0,108
5556,2,1,-100.0,0.0,0,0.0,0,108
5557,2,1,28.364332,0.2,5,0.2,0,109
5558,1,0,0.0,0.2,5,0.2,0,109
5559,2,1,-4.278605,0.24,6,0.24,0,109
5560,0,-1,4.278605,0.2,5,0.2,0,109
5561,2,1,-4.278687,0.24,6,0.24,0,109
5562,0,-1,4.278687,0.2,5,0.2,0,109
5563,1,0,0.0,0.2,5,0.2,0,109
5564,0,-1,-0.0,0.2,5,0.2,0,109
5565,1,0,0.0,0.2,5,0.2,1,109
5566,1,0,0.0,0.2,5,0.2,0,109
5567,2,1,28.104582,0.24,6,0.24,0,109
5568,2,1,26.684875,0.28,7,0.28,0,109
5569,1,0,0.0,0.28,7,0.28,0,109
5570,2,1,24.058159,0.32,8,0.32,0,109
5571,2,1,23.412346,0.36,9,0.36,0,109
5572,1,0,0.0,0.36,9,0.36,0,109
5573,1,0,0.0,0.36,9,0.36,0,109
5574,2,1,21.399527,0.4,10,0.4,0,109
5575,1,0,0.0,0.4,10,0.4,0,109
5576,2,1,19.728952,0.44,11,0.44,0,109
5577,1,0,0.0,0.44,11,0.44,0,109
5578,2,1,16.592352,0.48,12,0.48,0,109
5579,1,0,0.0,0.48,12,0.48,0,109
5580,2,1,13.872809,0.52,13,0.52,0,109
5581,1,0,0.0,0.52,13,0.52,0,109
5582,2,1,21.2518,0.56,14,0.56,0,109
5583,2,1,8.665277,0.6,15,0.6,0,109
5584,0,-1,-0.0,0.6,15,0.6,0,109
5585,2,1,5.8103585,0.64,16,0.64,0,109
5586,2,1,6.9664702,0.68,17,0.68,0,109
5587,2,1,-100.0,0.0,0,0.0,0,109
5588,2,1,-4.1406527,0.2,5,0.2,0,110
5589,0,-1,4.1406527,0.16,4,0.16,0,110
5590,2,1,28.364332,0.2,5,0.2,0,110
5591,2,1,27.010183,0.24,6,0.24,0,110
5592,2,1,25.136045,0.28,7,0.28,0,110
5593,2,1,23.19499,0.32,8,0.32,0,110
5594,2,1,22.491299,0.36,9,0.36,0,110
5595,1,0,0.0,0.36,9,0.36,0,110
5596,2,1,21.504246,0.4,10,0.4,0,110
5597,1,0,0.0,0.4,10,0.4,0,110
5598,2,1,19.069109,0.44,11,0.44,0,110
5599,0,-1,-0.0,0.44,11,0.44,0,110
5600,2,1,17.979368,0.48,12,0.48,0,110
5601,0,-1,-0.0,0.48,12,0.48,0,110
5602,0,-1,-0.0,0.48,12,0.48,0,110
5603,2,1,14.734035,0.52,13,0.52,0,110
5604,2,1,15.86432,0.56,14,0.56,0,110
5605,2,1,9.335672,0.6,15,0.6,0,110
5606,2,1,9.372625,0.64,16,0.64,0,110
5607,2,1,7.3884745,0.68,17,0.68,0,110
5608,0,-1,-10.307021,0.64,16,0.64,0,110
5609,2,1,3.819537,0.68,17,0.68,0,110
5610,2,1,0.43314496,0.72,18,0.72,0,110
5611,2,1,-8.915569,0.76,19,0.76,0,110
5612,2,1,-100.0,0.0,0,0.0,0,110
5613,2,1,-4.1407347,0.2,5,0.2,0,111
5614,2,1,28.22638,0.24,6,0.24,0,111
5615,2,1,-4.516252,0.28,7,0.28,0,111
5616,0,-1,4.516252,0.24,6,0.24,0,111
5617,2,1,26.773045,0.28,7,0.28,0,111
5618,2,1,23.653324,0.32,8,0.32,0,111
5619,0,-1,-0.0,0.32,8,0.32,0,111
5620,2,1,27.207449,0.36,9,0.36,0,111
5621,2,1,23.822836,0.4,10,0.4,0,111
5622,2,1,20.243746,0.44,11,0.44,0,111
5623,2,1,23.892282,0.48,12,0.48,0,111
5624,2,1,18.83556,0.52,13,0.52,0,111
5625,1,0,0.0,0.52,13,0.52,0,111
5626,1,0,0.0,0.52,13,0.52,0,111
5627,1,0,0.0,0.52,13,0.52,0,111
5628,0,-1,-0.0,0.52,13,0.52,0,111
5629,1,0,0.0,0.52,13,0.52,0,111
5630,0,-1,-0.0,0.52,13,0.52,0,111
5631,2,1,15.449248,0.56,14,0.56,0,111
5632,2,1,17.863403,0.6,15,0.6,0,111
5633,2,1,13.484284,0.64,16,0.64,0,111
5634,1,0,0.0,0.64,16,0.64,0,111
5635,1,0,0.0,0.64,16,0.64,0,111
5636,2,1,5.6123,0.68,17,0.68,0,111
5637,1,0,0.0,0.68,17,0.68,0,111
5638,2,1,2.913581,0.72,18,0.72,0,111
5639,2,1,-6.5371885,0.76,19,0.76,0,111
5640,2,1,-14.214226,0.8,20,0.8,0,111
5641,2,1,-37.01831,0.84,21,0.84,0,111
5642,2,1,-83.21672,0.88,22,0.88,0,111
5643,2,1,-183.77042,0.92,23,0.92,0,111
5644,1,0,0.0,0.92,23,0.92,0,111
5645,2,1,-600.14154,0.96,24,0.96,0,111
5646,0,-1,-0.0,0.96,24,0.96,0,111
5647,2,1,21.455894,1.0,25,1.0,0,111
5648,2,1,-1000.0,0.0,0,0.0,0,111
5649,2,1,28.346605,0.2,5,0.2,0,112
5650,1,0,0.0,0.2,5,0.2,0,112
5651,1,0,0.0,0.2,5,0.2,0,112
5652,2,1,28.22638,0.24,6,0.24,0,112
5653,1,0,0.0,0.24,6,0.24,0,112
5654,2,1,26.767761,0.28,7,0.28,0,112
5655,0,-1,-27.98924,0.24,6,0.24,0,112
5656,2,1,25.133902,0.28,7,0.28,0,112
5657,2,1,23.409119,0.32,8,0.32,0,112
5658,2,1,27.225174,0.36,9,0.36,0,112
5659,0,-1,-0.0,0.36,9,0.36,0,112
5660,1,0,0.0,0.36,9,0.36,0,112
5661,0,-1,-22.976604,0.32,8,0.32,0,112
5662,2,1,-5.27981,0.36,9,0.36,0,112
5663,2,1,-5.829036,0.4,10,0.4,0,112
5664,1,0,0.0,0.4,10,0.4,0,112
5665,1,0,0.0,0.4,10,0.4,0,112
5666,2,1,20.811838,0.44,11,0.44,0,112
5667,1,0,0.0,0.44,11,0.44,0,112
5668,1,0,0.0,0.44,11,0.44,0,112
5669,0,-1,-20.811838,0.4,10,0.4,0,112
5670,2,1,20.811838,0.44,11,0.44,0,112
5671,0,-1,6.5201416,0.4,10,0.4,0,112
5672,2,1,18.849876,0.44,11,0.44,0,112
5673,2,1,15.956065,0.48,12,0.48,0,112
5674,2,1,19.2725,0.52,13,0.52,0,112
5675,2,1,11.37437,0.56,14,0.56,0,112
5676,2,1,13.336845,0.6,15,0.6,0,112
5677,2,1,8.945524,0.64,16,0.64,0,112
5678,0,-1,-0.0,0.64,16,0.64,0,112
5679,2,1,5.2407627,0.68,17,0.68,0,112
5680,0,-1,-14.769718,0.64,16,0.64,0,112
5681,0,-1,-0.0,0.64,16,0.64,0,112
5682,2,1,3.3864982,0.68,17,0.68,0,112
5683,2,1,-100.0,0.0,0,0.0,0,112
5684,2,1,28.364332,0.2,5,0.2,0,113
5685,2,1,28.208652,0.24,6,0.24,0,113
5686,2,1,26.773045,0.28,7,0.28,0,113
5687,2,1,23.19499,0.32,8,0.32,0,113
5688,0,-1,-23.19499,0.28,7,0.28,0,113
5689,1,0,0.0,0.28,7,0.28,0,113
5690,0,-1,-0.0,0.28,7,0.28,0,113
5691,2,1,23.409119,0.32,8,0.32,0,113
5692,0,-1,-0.0,0.32,8,0.32,0,113
5693,1,0,0.0,0.32,8,0.32,0,113
5694,0,-1,-0.0,0.32,8,0.32,0,113
5695,1,0,0.0,0.32,8,0.32,0,113
5696,2,1,24.37198,0.36,9,0.36,0,113
5697,2,1,22.671667,0.4,10,0.4,0,113
5698,0,-1,-22.427462,0.36,9,0.36,0,113
5699,0,-1,-0.0,0.36,9,0.36,0,113
5700,1,0,0.0,0.36,9,0.36,0,113
5701,0,-1,-0.0,0.36,9,0.36,0,113
5702,2,1,21.942156,0.4,10,0.4,0,113
5703,2,1,-6.5201416,0.44,11,0.44,0,113
5704,0,-1,6.5201416,0.4,10,0.4,0,113
5705,2,1,19.069109,0.44,11,0.44,0,113
5706,2,1,23.892282,0.48,12,0.48,0,113
5707,2,1,-8.49764,0.52,13,0.52,0,113
5708,0,-1,-0.0,0.52,13,0.52,0,113
5709,2,1,15.86432,0.56,14,0.56,0,113
5710,0,-1,9.921343,0.52,13,0.52,0,113
5711,1,0,0.0,0.52,13,0.52,0,113
5712,0,-1,-0.0,0.52,13,0.52,0,113
5713,2,1,17.411856,0.56,14,0.56,0,113
5714,1,0,0.0,0.56,14,0.56,0,113
5715,0,-1,-0.0,0.56,14,0.56,0,113
5716,2,1,14.977644,0.6,15,0.6,0,113
5717,2,1,11.084738,0.64,16,0.64,0,113
5718,2,1,7.3884745,0.68,17,0.68,0,113
5719,1,0,0.0,0.68,17,0.68,0,113
5720,2,1,0.43314496,0.72,18,0.72,0,113
5721,2,1,-6.749668,0.76,19,0.76,0,113
5722,2,1,-20.988846,0.8,20,0.8,0,113
5723,2,1,-41.743275,0.84,21,0.84,0,113
5724,0,-1,-0.0,0.84,21,0.84,0,113
5725,2,1,-80.70439,0.88,22,0.88,0,113
5726,2,1,-187.37068,0.92,23,0.92,0,113
5727,2,1,-100.0,0.0,0,0.0,0,113
5728,1,0,0.0,0.16,4,0.16,0,114
5729,2,1,-4.1407347,0.2,5,0.2,0,114
5730,1,0,0.0,0.2,5,0.2,0,114
5731,2,1,28.22638,0.24,6,0.24,0,114
5732,0,-1,4.278687,0.2,5,0.2,0,114
5733,2,1,-4.278687,0.24,6,0.24,0,114
5734,2,1,-4.515744,0.28,7,0.28,0,114
5735,2,1,26.441492,0.32,8,0.32,0,114
5736,2,1,23.22081,0.36,9,0.36,0,114
5737,2,1,23.822836,0.4,10,0.4,0,114
5738,1,0,0.0,0.4,10,0.4,0,114
5739,0,-1,5.828954,0.36,9,0.36,0,114
5740,0,-1,-0.0,0.36,9,0.36,0,114
5741,2,1,26.658304,0.4,10,0.4,0,114
5742,1,0,0.0,0.4,10,0.4,0,114
5743,2,1,24.763365,0.44,11,0.44,0,114
5744,2,1,19.372663,0.48,12,0.48,0,114
5745,0,-1,-23.892282,0.44,11,0.44,0,114
5746,2,1,23.892282,0.48,12,0.48,0,114
5747,2,1,-8.49764,0.52,13,0.52,0,114
5748,0,-1,-18.266247,0.48,12,0.48,0,114
5749,1,0,0.0,0.48,12,0.48,0,114
5750,2,1,18.83556,0.52,13,0.52,0,114
5751,2,1,17.849766,0.56,14,0.56,0,114
5752,0,-1,9.921343,0.52,13,0.52,0,114
5753,2,1,18.57534,0.56,14,0.56,0,114
5754,1,0,0.0,0.56,14,0.56,0,114
5755,1,0,0.0,0.56,14,0.56,0,114
5756,0,-1,-0.0,0.56,14,0.56,0,114
5757,1,0,0.0,0.56,14,0.56,0,114
5758,2,1,14.975996,0.6,15,0.6,0,114
5759,2,1,10.837887,0.64,16,0.64,0,114
5760,2,1,7.8539844,0.68,17,0.68,0,114
5761,2,1,3.110505,0.72,18,0.72,0,114
5762,2,1,-6.640372,0.76,19,0.76,0,114
5763,2,1,-18.2334,0.8,20,0.8,0,114
5764,2,1,-62.80351,0.84,21,0.84,0,114
5765,1,0,0.0,0.84,21,0.84,0,114
5766,2,1,-82.76129,0.88,22,0.88,0,114
5767,1,0,0.0,0.88,22,0.88,0,114
5768,0,-1,104.456406,0.84,21,0.84,0,114
5769,1,0,0.0,0.84,21,0.84,0,114
5770,0,-1,62.80351,0.8,20,0.8,0,114
5771,2,1,-33.153866,0.84,21,0.84,0,114
5772,2,1,-100.0,0.0,0,0.0,0,114
5773,1,0,0.0,0.16,4,0.16,0,115
5774,2,1,28.346605,0.2,5,0.2,0,115
5775,2,1,-4.278687,0.24,6,0.24,0,115
5776,1,0,0.0,0.24,6,0.24,0,115
5777,2,1,27.98924,0.28,7,0.28,0,115
5778,1,0,0.0,0.28,7,0.28,0,115
5779,2,1,26.441492,0.32,8,0.32,0,115
5780,2,1,22.976604,0.36,9,0.36,0,115
5781,0,-1,-22.976604,0.32,8,0.32,0,115
5782,1,0,0.0,0.32,8,0.32,0,115
5783,2,1,24.37198,0.36,9,0.36,0,115
5784,1,0,0.0,0.36,9,0.36,0,115
5785,1,0,0.0,0.36,9,0.36,0,115
5786,2,1,25.454552,0.4,10,0.4,0,115
5787,2,1,21.980478,0.44,11,0.44,0,115
5788,1,0,0.0,0.44,11,0.44,0,115
5789,1,0,0.0,0.44,11,0.44,0,115
5790,2,1,19.941977,0.48,12,0.48,0,115
5791,2,1,16.872952,0.52,13,0.52,0,115
5792,2,1,16.842545,0.56,14,0.56,0,115
5793,2,1,16.710442,0.6,15,0.6,0,115
5794,2,1,10.554013,0.64,16,0.64,0,115
5795,2,1,-17.735773,0.68,17,0.68,0,115
5796,2,1,-22.675793,0.72,18,0.72,0,115
5797,2,1,-6.749668,0.76,19,0.76,0,115
5798,0,-1,1.6005503,0.72,18,0.72,0,115
5799,1,0,0.0,0.72,18,0.72,0,115
5800,2,1,-8.857627,0.76,19,0.76,0,115
5801,1,0,0.0,0.76,19,0.76,0,115
5802,0,-1,30.09787,0.72,18,0.72,0,115
5803,1,0,0.0,0.72,18,0.72,0,115
5804,1,0,0.0,0.72,18,0.72,1,115
5805,1,0,0.0,0.72,18,0.72,0,115
5806,0,-1,-8.606679,0.68,17,0.68,0,115
5807,1,0,0.0,0.68,17,0.68,0,115
5808,0,-1,-0.0,0.68,17,0.68,0,115
5809,2,1,5.5852447,0.72,18,0.72,0,115
5810,2,1,-100.0,0.0,0,0.0,0,115
5811,1,0,0.0,0.16,4,0.16,0,116
5812,2,1,28.346605,0.2,5,0.2,0,116
5813,0,-1,-0.0,0.2,5,0.2,0,116
5814,1,0,0.0,0.2,5,0.2,0,116
5815,1,0,0.0,0.2,5,0.2,0,116
5816,1,0,0.0,0.2,5,0.2,0,116
5817,0,-1,-0.0,0.2,5,0.2,0,116
5818,2,1,28.22638,0.24,6,0.24,0,116
5819,2,1,23.526543,0.28,7,0.28,0,116
5820,1,0,0.0,0.28,7,0.28,0,116
5821,1,0,0.0,0.28,7,0.28,0,116
5822,1,0,0.0,0.28,7,0.28,0,116
5823,2,1,26.441492,0.32,8,0.32,0,116
5824,1,0,0.0,0.32,8,0.32,0,116
5825,2,1,26.003696,0.36,9,0.36,0,116
5826,2,1,22.671667,0.4,10,0.4,0,116
5827,2,1,23.131649,0.44,11,0.44,0,116
5828,1,0,0.0,0.44,11,0.44,0,116
5829,2,1,20.865192,0.48,12,0.48,0,116
5830,1,0,0.0,0.48,12,0.48,0,116
5831,0,-1,-0.0,0.48,12,0.48,0,116
5832,0,-1,-21.109398,0.44,11,0.44,0,116
5833,1,0,0.0,0.44,11,0.44,0,116
5834,2,1,22.258423,0.48,12,0.48,0,116
5835,1,0,0.0,0.48,12,0.48,0,116
5836,2,1,19.2725,0.52,13,0.52,0,116
5837,2,1,17.411856,0.56,14,0.56,0,116
5838,2,1,14.353426,0.6,15,0.6,0,116
5839,2,1,13.485255,0.64,16,0.64,1,116
5840,0,-1,-0.0,0.64,16,0.64,0,116
5841,0,-1,-0.0,0.64,16,0.64,0,116
5842,2,1,8.817877,0.68,17,0.68,0,116
5843,2,1,2.4611444,0.72,18,0.72,0,116
5844,0,-1,-0.0,0.72,18,0.72,0,116
5845,2,1,-5.166152,0.76,19,0.76,0,116
5846,2,1,-14.665696,0.8,20,0.8,0,116
5847,2,1,-41.147526,0.84,21,0.84,0,116
5848,2,1,-81.46683,0.88,22,0.88,0,116
5849,2,1,-183.03192,0.92,23,0.92,0,116
5850,2,1,-601.6341,0.96,24,0.96,0,116
5851,2,1,23.446617,1.0,25,1.0,0,116
5852,2,1,-1000.0,0.0,0,0.0,0,116
5853,2,1,28.346605,0.2,5,0.2,0,117
5854,2,1,28.22638,0.24,6,0.24,0,117
5855,2,1,23.740671,0.28,7,0.28,0,117
5856,0,-1,-0.0,0.28,7,0.28,0,117
5857,1,0,0.0,0.28,7,0.28,0,117
5858,0,-1,-23.740671,0.24,6,0.24,0,117
5859,2,1,26.773045,0.28,7,0.28,0,117
5860,0,-1,-0.0,0.28,7,0.28,0,117
5861,2,1,-4.847379,0.32,8,0.32,0,117
5862,2,1,26.003696,0.36,9,0.36,0,117
5863,0,-1,-0.0,0.36,9,0.36,0,117
5864,2,1,22.213333,0.4,10,0.4,0,117
5865,2,1,21.980478,0.44,11,0.44,0,117
5866,2,1,22.258423,0.48,12,0.48,0,117
5867,1,0,0.0,0.48,12,0.48,0,117
5868,2,1,19.2725,0.52,13,0.52,0,117
5869,2,1,15.863857,0.56,14,0.56,0,117
5870,2,1,13.802496,0.6,15,0.6,0,117
5871,2,1,12.478033,0.64,16,0.64,0,117
5872,0,-1,14.285936,0.6,15,0.6,0,117
5873,2,1,10.219056,0.64,16,0.64,0,117
5874,2,1,5.8247795,0.68,17,0.68,0,117
5875,0,-1,-10.307021,0.64,16,0.64,0,117
5876,2,1,4.77849,0.68,17,0.68,0,117
5877,0,-1,-0.0,0.68,17,0.68,0,117
5878,2,1,6.976633,0.72,18,0.72,0,117
5879,2,1,-2.326125,0.76,19,0.76,0,117
5880,2,1,-20.479746,0.8,20,0.8,0,117
5881,2,1,-39.051804,0.84,21,0.84,0,117
5882,1,0,0.0,0.84,21,0.84,0,117
5883,0,-1,-0.0,0.84,21,0.84,0,117
5884,0,-1,-0.0,0.84,21,0.84,0,117
5885,2,1,-82.7614,0.88,22,0.88,0,117
5886,2,1,-184.95204,0.92,23,0.92,0,117
5887,2,1,-601.80865,0.96,24,0.96,0,117
5888,2,1,21.603237,1.0,25,1.0,0,117
5889,2,1,-1000.0,0.0,0,0.0,0,117
5890,2,1,-4.1407347,0.2,5,0.2,0,118
5891,2,1,28.22638,0.24,6,0.24,0,118
5892,2,1,27.971514,0.28,7,0.28,0,118
5893,2,1,26.441492,0.32,8,0.32,0,118
5894,2,1,-5.27981,0.36,9,0.36,0,118
5895,1,0,0.0,0.36,9,0.36,0,118
5896,2,1,-5.829461,0.4,10,0.4,0,118
5897,0,-1,5.829036,0.36,9,0.36,0,118
5898,0,-1,5.280317,0.32,8,0.32,0,118
5899,0,-1,-0.0,0.32,8,0.32,0,118
5900,0,-1,4.847297,0.28,7,0.28,0,118
5901,0,-1,-27.971514,0.24,6,0.24,0,118
5902,1,0,0.0,0.24,6,0.24,0,118
5903,2,1,23.984877,0.28,7,0.28,0,118
5904,0,-1,-23.984877,0.24,6,0.24,0,118
5905,2,1,27.971514,0.28,7,0.28,0,118
5906,2,1,23.653324,0.32,8,0.32,0,118
5907,0,-1,-0.0,0.32,8,0.32,0,118
5908,1,0,0.0,0.32,8,0.32,0,118
5909,2,1,21.484077,0.36,9,0.36,0,118
5910,2,1,-5.829036,0.4,10,0.4,0,118
5911,0,-1,5.829036,0.36,9,0.36,0,118
5912,2,1,-5.828954,0.4,10,0.4,0,118
5913,1,0,0.0,0.4,10,0.4,0,118
5914,2,1,24.763365,0.44,11,0.44,0,118
5915,2,1,22.258423,0.48,12,0.48,0,118
5916,1,0,0.0,0.48,12,0.48,0,118
5917,2,1,19.2725,0.52,13,0.52,0,118
5918,2,1,18.57534,0.56,14,0.56,0,118
5919,0,-1,-18.57534,0.52,13,0.52,0,118
5920,0,-1,-0.0,0.52,13,0.52,0,118
5921,0,-1,8.49764,0.48,12,0.48,0,118
5922,1,0,0.0,0.48,12,0.48,0,118
5923,2,1,21.154152,0.52,13,0.52,0,118
5924,0,-1,-0.0,0.52,13,0.52,0,118
5925,1,0,0.0,0.52,13,0.52,0,118
5926,0,-1,-0.0,0.52,13,0.52,0,118
5927,2,1,15.667396,0.56,14,0.56,0,118
5928,2,1,14.149434,0.6,15,0.6,0,118
5929,2,1,9.808248,0.64,16,0.64,0,118
5930,2,1,5.8247795,0.68,17,0.68,0,118
5931,2,1,4.656823,0.72,18,0.72,0,118
5932,2,1,-8.6420145,0.76,19,0.76,0,118
5933,0,-1,3.3333473,0.72,18,0.72,0,118
5934,2,1,-2.764035,0.76,19,0.76,0,118
5935,2,1,-100.0,0.0,0,0.0,0,118
5936,2,1,28.346605,0.2,5,0.2,0,119
5937,1,0,0.0,0.2,5,0.2,0,119
5938,1,0,0.0,0.2,5,0.2,0,119
5939,2,1,28.22638,0.24,6,0.24,0,119
5940,0,-1,-28.22638,0.2,5,0.2,0,119
5941,2,1,27.0049,0.24,6,0.24,0,119
5942,1,0,0.0,0.24,6,0.24,0,119
5943,2,1,23.98094,0.28,7,0.28,0,119
5944,2,1,23.409119,0.32,8,0.32,0,119
5945,2,1,21.482428,0.36,9,0.36,0,119
5946,1,0,0.0,0.36,9,0.36,0,119
5947,2,1,18.675045,0.4,10,0.4,0,119
5948,2,1,23.129503,0.44,11,0.44,0,119
5949,2,1,19.940758,0.48,12,0.48,0,119
5950,0,-1,-17.112778,0.44,11,0.44,0,119
5951,1,0,0.0,0.44,11,0.44,0,119
5952,2,1,17.112778,0.48,12,0.48,0,119
5953,2,1,16.87238,0.52,13,0.52,0,119
5954,2,1,14.917766,0.56,14,0.56,0,119
5955,2,1,-11.7862425,0.6,15,0.6,0,119
5956,2,1,18.21913,0.64,16,0.64,0,119
5957,2,1,10.034872,0.68,17,0.68,0,119
5958,2,1,0.55622095,0.72,18,0.72,0,119
5959,0,-1,22.675158,0.68,17,0.68,0,119
5960,0,-1,-0.0,0.68,17,0.68,0,119
5961,1,0,0.0,0.68,17,0.68,0,119
5962,2,1,2.4479303,0.72,18,0.72,0,119
5963,1,0,0.0,0.72,18,0.72,0,119
5964,0,-1,-5.581258,0.68,17,0.68,0,119
5965,2,1,0.4328292,0.72,18,0.72,0,119
5966,2,1,-8.915715,0.76,19,0.76,0,119
5967,2,1,-100.0,0.0,0,0.0,0,119
5968,2,1,-4.1406527,0.2,5,0.2,0,120
5969,2,1,28.208652,0.24,6,0.24,0,120
5970,1,0,0.0,0.24,6,0.24,0,120
5971,1,0,0.0,0.24,6,0.24,0,120
5972,2,1,27.98924,0.28,7,0.28,0,120
5973,1,0,0.0,0.28,7,0.28,0,120
5974,2,1,26.441492,0.32,8,0.32,0,120
5975,2,1,24.37198,0.36,9,0.36,0,120
5976,0,-1,5.27981,0.32,8,0.32,0,120
5977,2,1,22.053389,0.36,9,0.36,0,120
5978,1,0,0.0,0.36,9,0.36,0,120
5979,2,1,19.294786,0.4,10,0.4,0,120
5980,0,-1,-0.0,0.4,10,0.4,0,120
5981,0,-1,-0.0,0.4,10,0.4,0,120
5982,2,1,24.763365,0.44,11,0.44,0,120
5983,0,-1,-0.0,0.44,11,0.44,0,120
5984,2,1,15.585145,0.48,12,0.48,0,120
5985,2,1,14.610663,0.52,13,0.52,0,120
5986,0,-1,-0.0,0.52,13,0.52,0,120
5987,2,1,18.579277,0.56,14,0.56,0,120
5988,1,0,0.0,0.56,14,0.56,0,120
5989,2,1,9.075944,0.6,15,0.6,0,120
5990,2,1,13.485255,0.64,16,0.64,0,120
5991,1,0,0.0,0.64,16,0.64,0,120
5992,2,1,-100.0,0.0,0,0.0,0,120
5993,2,1,-4.1407347,0.2,5,0.2,0,121
5994,2,1,-4.27924,0.24,6,0.24,0,121
5995,2,1,27.98924,0.28,7,0.28,0,121
5996,2,1,-4.847297,0.32,8,0.32,0,121
5997,2,1,-5.2804523,0.36,9,0.36,0,121
5998,1,0,0.0,0.36,9,0.36,0,121
5999,2,1,-5.8296223,0.4,10,0.4,0,121
6000,2,1,25.967117,0.44,11,0.44,0,121
6001,2,1,-7.391891,0.48,12,0.48,0,121
6002,1,0,0.0,0.48,12,0.48,0,121
6003,1,0,0.0,0.48,12,0.48,0,121
6004,2,1,22.785866,0.52,13,0.52,0,121
6005,2,1,-9.922016,0.56,14,0.56,0,121
6006,1,0,0.0,0.56,14,0.56,0,121
6007,2,1,16.256044,0.6,15,0.6,0,121
6008,2,1,-14.286362,0.64,16,0.64,0,121
6009,0,-1,-0.0,0.64,16,0.64,0,121
6010,2,1,11.914379,0.68,17,0.68,0,121
6011,2,1,-22.675825,0.72,18,0.72,0,121
6012,1,0,0.0,0.72,18,0.72,0,121
6013,1,0,0.0,0.72,18,0.72,0,121
6014,1,0,0.0,0.72,18,0.72,0,121
6015,1,0,0.0,0.72,18,0.72,0,121
6016,2,1,-2.7652535,0.76,19,0.76,0,121
6017,2,1,-16.862247,0.8,20,0.8,0,121
6018,0,-1,-0.0,0.8,20,0.8,0,121
6019,2,1,-37.43349,0.84,21,0.84,0,121
6020,2,1,-104.457,0.88,22,0.88,0,121
6021,1,0,0.0,0.88,22,0.88,0,121
6022,2,1,-185.63426,0.92,23,0.92,0,121
6023,0,-1,208.61096,0.88,22,0.88,0,121
6024,0,-1,104.457,0.84,21,0.84,0,121
6025,0,-1,62.804016,0.8,20,0.8,1,121
6026,2,1,-31.511875,0.84,21,0.84,0,121
6027,1,0,0.0,0.84,21,0.84,0,121
6028,2,1,-81.227936,0.88,22,0.88,0,121
6029,2,1,-178.95673,0.92,23,0.92,0,121
6030,2,1,-597.49756,0.96,24,0.96,0,121
6031,1,0,0.0,0.96,24,0.96,0,121
6032,1,0,0.0,0.96,24,0.96,0,121
6033,0,-1,-0.0,0.96,24,0.96,0,121
6034,0,-1,-0.0,0.96,24,0.96,0,121
6035,2,1,25.783537,1.0,25,1.0,0,121
6036,0,-1,-1000.0,0.0,0,0.0,0,121
6037,2,1,28.364332,0.2,5,0.2,0,122
6038,2,1,27.010183,0.24,6,0.24,0,122
6039,2,1,-4.515744,0.28,7,0.28,0,122
6040,2,1,27.639961,0.32,8,0.32,0,122
6041,0,-1,4.847297,0.28,7,0.28,0,122
6042,0,-1,-26.773045,0.24,6,0.24,0,122
6043,2,1,23.740671,0.28,7,0.28,0,122
6044,1,0,0.0,0.28,7,0.28,0,122
6045,2,1,26.436209,0.32,8,0.32,0,122
6046,1,0,0.0,0.32,8,0.32,0,122
6047,2,1,24.369835,0.36,9,0.36,0,122
6048,2,1,21.941185,0.4,10,0.4,0,122
6049,1,0,0.0,0.4,10,0.4,0,122
6050,0,-1,-0.0,0.4,10,0.4,0,122
6051,2,1,24.768646,0.44,11,0.44,0,122
6052,2,1,19.940758,0.48,12,0.48,0,122
6053,2,1,16.87238,0.52,13,0.52,0,122
6054,1,0,0.0,0.52,13,0.52,0,122
6055,2,1,15.201745,0.56,14,0.56,0,122
6056,1,0,0.0,0.56,14,0.56,0,122
6057,2,1,13.802496,0.6,15,0.6,0,122
6058,2,1,9.274192,0.64,16,0.64,0,122
6059,2,1,10.761417,0.68,17,0.68,0,122
6060,1,0,0.0,0.68,17,0.68,0,122
6061,2,1,0.55622095,0.72,18,0.72,0,122
6062,2,1,-1.5966138,0.76,19,0.76,0,122
6063,1,0,0.0,0.76,19,0.76,0,122
6064,2,1,-12.333545,0.8,20,0.8,0,122
6065,2,1,-39.346912,0.84,21,0.84,0,122
6066,2,1,-77.12312,0.88,22,0.88,0,122
6067,0,-1,75.9557,0.84,21,0.84,0,122
6068,1,0,0.0,0.84,21,0.84,0,122
6069,2,1,-83.00111,0.88,22,0.88,0,122
6070,2,1,-185.5023,0.92,23,0.92,0,122
6071,2,1,-604.08374,0.96,24,0.96,0,122
6072,2,1,-100.0,0.0,0,0.0,0,122
6073,1,0,0.0,0.16,4,0.16,0,123
6074,1,0,0.0,0.16,4,0.16,0,123
6075,2,1,28.364332,0.2,5,0.2,0,123
6076,0,-1,-28.364332,0.16,4,0.16,0,123
6077,2,1,28.346605,0.2,5,0.2,0,123
6078,0,-1,-0.0,0.2,5,0.2,0,123
6079,0,-1,-28.346605,0.16,4,0.16,0,123
6080,2,1,28.346605,0.2,5,0.2,0,123
6081,0,-1,-0.0,0.2,5,0.2,0,123
6082,2,1,28.22638,0.24,6,0.24,0,123
6083,2,1,26.767761,0.28,7,0.28,0,123
6084,1,0,0.0,0.28,7,0.28,0,123
6085,2,1,23.19499,0.32,8,0.32,0,123
6086,2,1,-5.27981,0.36,9,0.36,0,123
6087,2,1,20.310715,0.4,10,0.4,0,123
6088,0,-1,-0.0,0.4,10,0.4,0,123
6089,0,-1,-0.0,0.4,10,0.4,0,123
6090,1,0,0.0,0.4,10,0.4,0,123
6091,0,-1,-20.310715,0.36,9,0.36,0,123
6092,2,1,23.820692,0.4,10,0.4,0,123
6093,1,0,0.0,0.4,10,0.4,0,123
6094,2,1,24.768646,0.44,11,0.44,0,123
6095,2,1,22.260569,0.48,12,0.48,0,123
6096,2,1,-8.4982815,0.52,13,0.52,0,123
6097,2,1,16.218325,0.56,14,0.56,0,123
6098,2,1,14.822135,0.6,15,0.6,0,123
6099,0,-1,-14.353426,0.56,14,0.56,0,123
6100,0,-1,-16.687035,0.52,13,0.52,0,123
6101,0,-1,8.4982815,0.48,12,0.48,0,123
6102,2,1,18.834341,0.52,13,0.52,0,123
6103,2,1,17.849766,0.56,14,0.56,0,123
6104,2,1,15.983896,0.6,15,0.6,0,123
6105,2,1,11.302884,0.64,16,0.64,0,123
6106,1,0,0.0,0.64,16,0.64,0,123
6107,0,-1,-0.0,0.64,16,0.64,0,123
6108,2,1,7.3878217,0.68,17,0.68,0,123
6109,2,1,5.8215265,0.72,18,0.72,0,123
6110,0,-1,-0.0,0.72,18,0.72,0,123
6111,2,1,-4.3115716,0.76,19,0.76,0,123
6112,0,-1,-0.0,0.76,19,0.76,0,123
6113,2,1,-19.009306,0.8,20,0.8,0,123
6114,2,1,-39.243465,0.84,21,0.84,0,123
6115,2,1,-77.12312,0.88,22,0.88,0,123
6116,0,-1,-0.0,0.88,22,0.88,0,123
6117,2,1,-187.15506,0.92,23,0.92,0,123
6118,2,1,-100.0,0.0,0,0.0,0,123
6119,2,1,28.364332,0.2,5,0.2,0,124
6120,2,1,28.208652,0.24,6,0.24,0,124
6121,2,1,26.773045,0.28,7,0.28,0,124
6122,1,0,0.0,0.28,7,0.28,0,124
6123,2,1,26.436209,0.32,8,0.32,0,124
6124,2,1,24.37198,0.36,9,0.36,0,124
6125,2,1,23.820692,0.4,10,0.4,0,124
6126,2,1,21.250967,0.44,11,0.44,0,124
6127,2,1,19.940758,0.48,12,0.48,0,124
6128,0,-1,-0.0,0.48,12,0.48,0,124
6129,1,0,0.0,0.48,12,0.48,0,124
6130,2,1,19.2725,0.52,13,0.52,0,124
6131,2,1,15.86432,0.56,14,0.56,0,124
6132,0,-1,-0.0,0.56,14,0.56,0,124
6133,2,1,13.336845,0.6,15,0.6,0,124
6134,2,1,13.970561,0.64,16,0.64,0,124
6135,1,0,0.0,0.64,16,0.64,0,124
6136,2,1,7.853472,0.68,17,0.68,0,124
6137,1,0,0.0,0.68,17,0.68,0,124
6138,1,0,0.0,0.68,17,0.68,0,124
6139,2,1,-22.67524,0.72,18,0.72,0,124
6140,1,0,0.0,0.72,18,0.72,0,124
6141,2,1,-4.3120346,0.76,19,0.76,0,124
6142,2,1,-18.528736,0.8,20,0.8,0,124
6143,1,0,0.0,0.8,20,0.8,0,124
6144,0,-1,13.72892,0.76,19,0.76,0,124
6145,1,0,0.0,0.76,19,0.76,0,124
6146,2,1,-16.615316,0.8,20,0.8,0,124
6147,0,-1,41.985416,0.76,19,0.76,0,124
6148,1,0,0.0,0.76,19,0.76,0,124
6149,2,1,-18.638048,0.8,20,0.8,0,124
6150,2,1,-39.145267,0.84,21,0.84,0,124
6151,2,1,-82.90164,0.88,22,0.88,0,124
6152,1,0,0.0,0.88,22,0.88,0,124
6153,2,1,-181.27708,0.92,23,0.92,0,124
6154,2,1,-596.76855,0.96,24,0.96,0,124
6155,2,1,21.240139,1.0,25,1.0,0,124
6156,0,-1,-1000.0,0.0,0,0.0,0,124
6157,0,-1,-0.0,0.16,4,0.16,0,125
6158,2,1,28.346605,0.2,5,0.2,0,125
6159,2,1,28.22638,0.24,6,0.24,0,125
6160,1,0,0.0,0.24,6,0.24,0,125
6161,2,1,-4.515744,0.28,7,0.28,0,125
6162,2,1,-4.847379,0.32,8,0.32,0,125
6163,2,1,26.003696,0.36,9,0.36,0,125
6164,1,0,0.0,0.36,9,0.36,0,125
6165,1,0,0.0,0.36,9,0.36,0,125
6166,1,0,0.0,0.36,9,0.36,0,125
6167,2,1,23.820692,0.4,10,0.4,0,125
6168,0,-1,5.829036,0.36,9,0.36,0,125
6169,0,-1,5.27981,0.32,8,0.32,0,125
6170,2,1,22.762478,0.36,9,0.36,0,125
6171,2,1,22.66773,0.4,10,0.4,0,125
6172,2,1,20.811838,0.44,11,0.44,0,125
6173,0,-1,-0.0,0.44,11,0.44,0,125
6174,2,1,18.541836,0.48,12,0.48,0,125
6175,1,0,0.0,0.48,12,0.48,0,125
6176,2,1,18.264599,0.52,13,0.52,0,125
6177,0,-1,-19.544647,0.48,12,0.48,0,125
6178,2,1,15.056944,0.52,13,0.52,0,125
6179,2,1,14.582657,0.56,14,0.56,0,125
6180,0,-1,-13.633241,0.52,13,0.52,0,125
6181,2,1,17.848795,0.56,14,0.56,0,125
6182,0,-1,-14.582657,0.52,13,0.52,0,125
6183,2,1,15.863857,0.56,14,0.56,0,125
6184,0,-1,-22.583641,0.52,13,0.52,0,125
6185,0,-1,-18.264599,0.48,12,0.48,0,125
6186,2,1,15.160603,0.52,13,0.52,0,125
6187,2,1,11.63334,0.56,14,0.56,0,125
6188,2,1,13.336845,0.6,15,0.6,0,125
6189,0,-1,-0.0,0.6,15,0.6,0,125
6190,0,-1,-0.0,0.6,15,0.6,0,125
6191,2,1,-100.0,0.0,0,0.0,0,125
6192,2,1,28.346605,0.2,5,0.2,0,126
6193,2,1,-4.278605,0.24,6,0.24,0,126
6194,2,1,26.767761,0.28,7,0.28,0,126
6195,0,-1,-0.0,0.28,7,0.28,0,126
6196,1,0,0.0,0.28,7,0.28,0,126
6197,2,1,24.80235,0.32,8,0.32,0,126
6198,1,0,0.0,0.32,8,0.32,0,126
6199,0,-1,-0.0,0.32,8,0.32,0,126
6200,2,1,22.05217,0.36,9,0.36,0,126
6201,0,-1,-0.0,0.36,9,0.36,0,126
6202,2,1,19.541063,0.4,10,0.4,0,126
6203,2,1,25.984842,0.44,11,0.44,0,126
6204,0,-1,-0.0,0.44,11,0.44,0,126
6205,2,1,15.956065,0.48,12,0.48,0,126
6206,0,-1,-0.0,0.48,12,0.48,0,126
6207,2,1,19.999044,0.52,13,0.52,0,126
6208,0,-1,-0.0,0.52,13,0.52,0,126
6209,1,0,0.0,0.52,13,0.52,0,126
6210,2,1,11.318123,0.56,14,0.56,0,126
6211,2,1,9.509471,0.6,15,0.6,0,126
6212,1,0,0.0,0.6,15,0.6,0,126
6213,0,-1,11.7862425,0.56,14,0.56,0,126
6214,2,1,14.975996,0.6,15,0.6,0,126
6215,0,-1,-0.0,0.6,15,0.6,0,126
6216,1,0,0.0,0.6,15,0.6,0,126
6217,2,1,-100.0,0.0,0,0.0,0,126
6218,2,1,28.364332,0.2,5,0.2,0,127
6219,1,0,0.0,0.2,5,0.2,0,127
6220,2,1,27.010183,0.24,6,0.24,0,127
6221,0,-1,-0.0,0.24,6,0.24,0,127
6222,1,0,0.0,0.24,6,0.24,0,127
6223,2,1,27.971514,0.28,7,0.28,0,127
6224,2,1,24.804493,0.32,8,0.32,0,127
6225,2,1,22.053389,0.36,9,0.36,0,127
6226,2,1,19.541637,0.4,10,0.4,0,127
6227,0,-1,-26.658304,0.36,9,0.36,0,127
6228,2,1,-5.828954,0.4,10,0.4,0,127
6229,0,-1,-0.0,0.4,10,0.4,0,127
6230,1,0,0.0,0.4,10,0.4,0,127
6231,1,0,0.0,0.4,10,0.4,0,127
6232,0,-1,-0.0,0.4,10,0.4,0,127
6233,0,-1,-0.0,0.4,10,0.4,0,127
6234,1,0,0.0,0.4,10,0.4,0,127
6235,2,1,16.827425,0.44,11,0.44,0,127
6236,2,1,20.379887,0.48,12,0.48,0,127
6237,2,1,20.002981,0.52,13,0.52,0,127
6238,0,-1,-0.0,0.52,13,0.52,0,127
6239,0,-1,-20.002981,0.48,12,0.48,0,127
6240,2,1,12.798211,0.52,13,0.52,0,127
6241,2,1,15.86432,0.56,14,0.56,0,127
6242,2,1,13.337499,0.6,15,0.6,0,127
6243,2,1,6.953753,0.64,16,0.64,0,127
6244,0,-1,14.285854,0.6,15,0.6,0,127
6245,2,1,8.690514,0.64,16,0.64,0,127
6246,2,1,-100.0,0.0,0,0.0,0,127
6247,1,0,0.0,0.16,4,0.16,0,128
6248,2,1,28.346605,0.2,5,0.2,0,128
6249,0,-1,-0.0,0.2,5,0.2,0,128
6250,2,1,27.0049,0.24,6,0.24,0,128
6251,1,0,0.0,0.24,6,0.24,0,128
6252,1,0,0.0,0.24,6,0.24,0,128
6253,0,-1,-0.0,0.24,6,0.24,0,128
6254,1,0,0.0,0.24,6,0.24,0,128
6255,2,1,27.98924,0.28,7,0.28,0,128
6256,1,0,0.0,0.28,7,0.28,0,128
6257,2,1,24.80235,0.32,8,0.32,0,128
6258,2,1,-5.27981,0.36,9,0.36,0,128
6259,1,0,0.0,0.36,9,0.36,0,128
6260,1,0,0.0,0.36,9,0.36,0,128
6261,0,-1,-0.0,0.36,9,0.36,0,128
6262,2,1,22.213333,0.4,10,0.4,0,128
6263,2,1,20.811838,0.44,11,0.44,0,128
6264,0,-1,-21.522146,0.4,10,0.4,0,128
6265,1,0,0.0,0.4,10,0.4,0,128
6266,0,-1,-0.0,0.4,10,0.4,0,128
6267,2,1,18.849876,0.44,11,0.44,0,128
6268,2,1,15.840156,0.48,12,0.48,0,128
6269,2,1,12.6241255,0.52,13,0.52,0,128
6270,1,0,0.0,0.52,13,0.52,0,128
6271,2,1,18.335072,0.56,14,0.56,0,128
6272,0,-1,9.921343,0.52,13,0.52,0,128
6273,0,-1,-19.758776,0.48,12,0.48,0,128
6274,2,1,12.68388,0.52,13,0.52,0,128
6275,0,-1,-0.0,0.52,13,0.52,0,128
6276,2,1,-100.0,0.0,0,0.0,0,128
6277,2,1,-4.1407347,0.2,5,0.2,0,129
6278,2,1,28.208652,0.24,6,0.24,0,129
6279,1,0,0.0,0.24,6,0.24,0,129
6280,2,1,-4.515744,0.28,7,0.28,0,129
6281,2,1,-4.847804,0.32,8,0.32,0,129
6282,2,1,27.225174,0.36,9,0.36,0,129
6283,2,1,-5.82959,0.4,10,0.4,0,129
6284,2,1,-6.520784,0.44,11,0.44,0,129
6285,1,0,0.0,0.44,11,0.44,0,129
6286,0,-1,6.520784,0.4,10,0.4,0,129
6287,2,1,-6.5208087,0.44,11,0.44,0,129
6288,0,-1,-0.0,0.44,11,0.44,0,129
6289,2,1,23.897566,0.48,12,0.48,0,129
6290,0,-1,7.3913045,0.44,11,0.44,0,129
6291,1,0,0.0,0.44,11,0.44,0,129
6292,1,0,0.0,0.44,11,0.44,0,129
6293,0,-1,6.5208087,0.4,10,0.4,0,129
6294,1,0,0.0,0.4,10,0.4,0,129
6295,2,1,21.522146,0.44,11,0.44,0,129
6296,2,1,18.748446,0.48,12,0.48,0,129
6297,0,-1,-18.748446,0.44,11,0.44,0,129
6298,0,-1,-21.522146,0.4,10,0.4,0,129
6299,1,0,0.0,0.4,10,0.4,0,129
6300,1,0,0.0,0.4,10,0.4,0,129
6301,1,0,0.0,0.4,10,0.4,0,129
6302,2,1,21.522146,0.44,11,0.44,0,129
6303,2,1,23.892282,0.48,12,0.48,0,129
6304,1,0,0.0,0.48,12,0.48,0,129
6305,1,0,0.0,0.48,12,0.48,0,129
6306,2,1,-8.498306,0.52,13,0.52,0,129
6307,0,-1,-22.79115,0.48,12,0.48,0,129
6308,0,-1,-0.0,0.48,12,0.48,0,129
6309,0,-1,7.39189,0.44,11,0.44,0,129
6310,1,0,0.0,0.44,11,0.44,0,129
6311,2,1,-7.3913045,0.48,12,0.48,0,129
6312,0,-1,-20.651064,0.44,11,0.44,0,129
6313,0,-1,-0.0,0.44,11,0.44,0,129
6314,0,-1,-0.0,0.44,11,0.44,0,129
6315,0,-1,6.5202236,0.4,10,0.4,0,129
6316,1,0,0.0,0.4,10,0.4,0,129
6317,0,-1,-0.0,0.4,10,0.4,0,129
6318,2,1,24.768646,0.44,11,0.44,0,129
6319,1,0,0.0,0.44,11,0.44,0,129
6320,1,0,0.0,0.44,11,0.44,0,129
6321,2,1,22.260569,0.48,12,0.48,0,129
6322,0,-1,-0.0,0.48,12,0.48,0,129
6323,0,-1,-0.0,0.48,12,0.48,0,129
6324,2,1,19.999044,0.52,13,0.52,0,129
6325,1,0,0.0,0.52,13,0.52,0,129
6326,2,1,17.849766,0.56,14,0.56,0,129
6327,0,-1,-0.0,0.56,14,0.56,0,129
6328,2,1,17.863403,0.6,15,0.6,0,129
6329,2,1,11.303396,0.64,16,0.64,0,129
6330,1,0,0.0,0.64,16,0.64,0,129
6331,1,0,0.0,0.64,16,0.64,0,129
6332,2,1,5.825029,0.68,17,0.68,0,129
6333,1,0,0.0,0.68,17,0.68,0,129
6334,0,-1,-0.0,0.68,17,0.68,0,129
6335,2,1,-1.1694442,0.72,18,0.72,0,129
6336,0,-1,-0.0,0.72,18,0.72,0,129
6337,1,0,0.0,0.72,18,0.72,0,129
6338,2,1,-6.640372,0.76,19,0.76,0,129
6339,2,1,-14.653355,0.8,20,0.8,0,129
6340,2,1,-41.453014,0.84,21,0.84,0,129
6341,2,1,-77.12312,0.88,22,0.88,0,129
6342,2,1,-180.84015,0.92,23,0.92,0,129
6343,2,1,-100.0,0.0,0,0.0,0,129
6344,1,0,0.0,0.16,4,0.16,0,130
6345,1,0,0.0,0.16,4,0.16,0,130
6346,1,0,0.0,0.16,4,0.16,0,130
6347,1,0,0.0,0.16,4,0.16,0,130
6348,2,1,28.346605,0.2,5,0.2,0,130
6349,2,1,28.22638,0.24,6,0.24,0,130
6350,2,1,26.773045,0.28,7,0.28,0,130
6351,2,1,24.804493,0.32,8,0.32,0,130
6352,2,1,26.003696,0.36,9,0.36,0,130
6353,0,-1,-0.0,0.36,9,0.36,0,130
6354,2,1,-5.828954,0.4,10,0.4,0,130
6355,2,1,20.813057,0.44,11,0.44,0,130
6356,1,0,0.0,0.44,11,0.44,0,130
6357,1,0,0.0,0.44,11,0.44,0,130
6358,2,1,22.258423,0.48,12,0.48,0,130
6359,1,0,0.0,0.48,12,0.48,0,130
6360,0,-1,-0.0,0.48,12,0.48,0,130
6361,1,0,0.0,0.48,12,0.48,0,130
6362,0,-1,-0.0,0.48,12,0.48,0,130
6363,2,1,16.6261,0.52,13,0.52,0,130
6364,1,0,0.0,0.52,13,0.52,0,130
6365,2,1,15.449248,0.56,14,0.56,0,130
6366,2,1,11.32206,0.6,15,0.6,0,130
6367,2,1,6.7106347,0.64,16,0.64,0,130
6368,2,1,5.496408,0.68,17,0.68,0,130
6369,2,1,-1.4934922,0.72,18,0.72,0,130
6370,2,1,-100.0,0.0,0,0.0,0,130
6371,1,0,0.0,0.16,4,0.16,0,131
6372,2,1,28.346605,0.2,5,0.2,0,131
6373,1,0,0.0,0.2,5,0.2,0,131
6374,2,1,28.22638,0.24,6,0.24,0,131
6375,0,-1,-0.0,0.24,6,0.24,0,131
6376,2,1,26.767761,0.28,7,0.28,0,131
6377,2,1,24.80235,0.32,8,0.32,0,131
6378,2,1,22.490328,0.36,9,0.36,0,131
6379,2,1,19.759785,0.4,10,0.4,0,131
6380,2,1,24.768646,0.44,11,0.44,0,131
6381,0,-1,-0.0,0.44,11,0.44,0,131
6382,0,-1,-0.0,0.44,11,0.44,0,131
6383,2,1,16.168823,0.48,12,0.48,0,131
6384,2,1,17.28756,0.52,13,0.52,0,131
6385,0,-1,-0.0,0.52,13,0.52,0,131
6386,1,0,0.0,0.52,13,0.52,0,131
6387,2,1,11.584248,0.56,14,0.56,0,131
6388,1,0,0.0,0.56,14,0.56,0,131
6389,2,1,11.670357,0.6,15,0.6,0,131
6390,0,-1,-0.0,0.6,15,0.6,0,131
6391,1,0,0.0,0.6,15,0.6,0,131
6392,0,-1,-0.0,0.6,15,0.6,0,131
6393,2,1,-14.285854,0.64,16,0.64,0,131
6394,0,-1,-0.0,0.64,16,0.64,0,131
6395,2,1,-100.0,0.0,0,0.0,0,131
6396,1,0,0.0,0.16,4,0.16,0,132
6397,2,1,28.346605,0.2,5,0.2,0,132
6398,2,1,28.22638,0.24,6,0.24,0,132
6399,2,1,26.767761,0.28,7,0.28,0,132
6400,1,0,0.0,0.28,7,0.28,0,132
6401,1,0,0.0,0.28,7,0.28,0,132
6402,0,-1,-27.98924,0.24,6,0.24,0,132
6403,2,1,-4.515744,0.28,7,0.28,0,132
6404,1,0,0.0,0.28,7,0.28,0,132
6405,2,1,23.409119,0.32,8,0.32,0,132
6406,2,1,-5.2804523,0.36,9,0.36,0,132
6407,2,1,20.731678,0.4,10,0.4,0,132
6408,1,0,0.0,0.4,10,0.4,0,132
6409,0,-1,-0.0,0.4,10,0.4,0,132
6410,2,1,21.976542,0.44,11,0.44,0,132
6411,0,-1,-20.040491,0.4,10,0.4,0,132
6412,0,-1,-0.0,0.4,10,0.4,0,132
6413,2,1,-6.5202236,0.44,11,0.44,0,132
6414,1,0,0.0,0.44,11,0.44,0,132
6415,0,-1,6.520784,0.4,10,0.4,0,132
6416,0,-1,5.828954,0.36,9,0.36,0,132
6417,2,1,23.820692,0.4,10,0.4,0,132
6418,2,1,20.242096,0.44,11,0.44,0,132
6419,0,-1,6.5202236,0.4,10,0.4,0,132
6420,2,1,19.483187,0.44,11,0.44,0,132
6421,2,1,19.940758,0.48,12,0.48,0,132
6422,1,0,0.0,0.48,12,0.48,0,132
6423,2,1,16.87238,0.52,13,0.52,0,132
6424,2,1,13.425944,0.56,14,0.56,0,132
6425,1,0,0.0,0.56,14,0.56,0,132
6426,2,1,13.052866,0.6,15,0.6,0,132
6427,2,1,10.837234,0.64,16,0.64,0,132
6428,2,1,5.0988917,0.68,17,0.68,0,132
6429,1,0,0.0,0.68,17,0.68,0,132
6430,2,1,0.4328292,0.72,18,0.72,0,132
6431,0,-1,-0.0,0.72,18,0.72,0,132
6432,2,1,-8.857769,0.76,19,0.76,1,132
6433,0,-1,-0.0,0.76,19,0.76,0,132
6434,1,0,0.0,0.76,19,0.76,0,132
6435,2,1,-17.770445,0.8,20,0.8,0,132
6436,2,1,-35.034595,0.84,21,0.84,0,132
6437,0,-1,38.58862,0.8,20,0.8,0,132
6438,2,1,-39.573627,0.84,21,0.84,0,132
6439,0,-1,39.971195,0.8,20,0.8,0,132
6440,2,1,-30.297186,0.84,21,0.84,0,132
6441,0,-1,36.805237,0.8,20,0.8,0,132
6442,1,0,0.0,0.8,20,0.8,0,132
6443,1,0,0.0,0.8,20,0.8,0,132
6444,2,1,-100.0,0.0,0,0.0,0,132
6445,1,0,0.0,0.16,4,0.16,0,133
6446,2,1,28.346605,0.2,5,0.2,0,133
6447,2,1,27.0049,0.24,6,0.24,0,133
6448,2,1,27.98924,0.28,7,0.28,0,133
6449,0,-1,-0.0,0.28,7,0.28,0,133
6450,0,-1,-27.98924,0.24,6,0.24,0,133
6451,2,1,25.133902,0.28,7,0.28,0,133
6452,2,1,23.649387,0.32,8,0.32,0,133
6453,2,1,21.482428,0.36,9,0.36,0,133
6454,2,1,21.941185,0.4,10,0.4,0,133
6455,2,1,19.265059,0.44,11,0.44,0,133
6456,0,-1,-20.242096,0.4,10,0.4,0,133
6457,1,0,0.0,0.4,10,0.4,0,133
6458,2,1,17.231567,0.44,11,0.44,0,133
6459,2,1,18.541836,0.48,12,0.48,0,133
6460,0,-1,-0.0,0.48,12,0.48,0,133
6461,2,1,17.091099,0.52,13,0.52,0,133
6462,0,-1,-0.0,0.52,13,0.52,0,133
6463,0,-1,-0.0,0.52,13,0.52,0,133
6464,1,0,0.0,0.52,13,0.52,0,133
6465,2,1,13.736898,0.56,14,0.56,0,133
6466,0,-1,-0.0,0.56,14,0.56,0,133
6467,1,0,0.0,0.56,14,0.56,0,133
6468,1,0,0.0,0.56,14,0.56,0,133
6469,2,1,-11.7863245,0.6,15,0.6,0,133
6470,1,0,0.0,0.6,15,0.6,0,133
6471,2,1,9.274192,0.64,16,0.64,0,133
6472,0,-1,-0.0,0.64,16,0.64,0,133
6473,2,1,-17.735773,0.68,17,0.68,0,133
6474,1,0,0.0,0.68,17,0.68,0,133
6475,2,1,4.656823,0.72,18,0.72,0,133
6476,1,0,0.0,0.72,18,0.72,0,133
6477,2,1,2.4077501,0.76,19,0.76,0,133
6478,2,1,-17.892378,0.8,20,0.8,0,133
6479,0,-1,-0.0,0.8,20,0.8,0,133
6480,0,-1,-0.0,0.8,20,0.8,0,133
6481,1,0,0.0,0.8,20,0.8,0,133
6482,1,0,0.0,0.8,20,0.8,0,133
6483,2,1,-41.154217,0.84,21,0.84,0,133
6484,1,0,0.0,0.84,21,0.84,0,133
6485,0,-1,-0.0,0.84,21,0.84,0,133
6486,2,1,-82.95074,0.88,22,0.88,0,133
6487,0,-1,-0.0,0.88,22,0.88,0,133
6488,2,1,-185.15369,0.92,23,0.92,0,133
6489,2,1,-100.0,0.0,0,0.0,0,133
6490,2,1,28.346605,0.2,5,0.2,0,134
6491,2,1,-4.278605,0.24,6,0.24,0,134
6492,2,1,27.98924,0.28,7,0.28,0,134
6493,2,1,-4.847804,0.32,8,0.32,0,134
6494,2,1,22.976604,0.36,9,0.36,0,134
6495,1,0,0.0,0.36,9,0.36,0,134
6496,2,1,-5.829036,0.4,10,0.4,0,134
6497,0,-1,5.829461,0.36,9,0.36,0,134
6498,0,-1,5.279892,0.32,8,0.32,0,134
6499,1,0,0.0,0.32,8,0.32,0,134
6500,2,1,22.762478,0.36,9,0.36,0,134
6501,0,-1,5.27981,0.32,8,0.32,0,134
6502,2,1,-5.279892,0.36,9,0.36,0,134
6503,2,1,-5.8295894,0.4,10,0.4,0,134
6504,2,1,-6.5201416,0.44,11,0.44,0,134
6505,1,0,0.0,0.44,11,0.44,0,134
6506,1,0,0.0,0.44,11,0.44,0,134
6507,1,0,0.0,0.44,11,0.44,0,134
6508,2,1,23.897566,0.48,12,0.48,0,134
6509,2,1,17.642029,0.52,13,0.52,0,134
6510,0,-1,-0.0,0.52,13,0.52,0,134
6511,1,0,0.0,0.52,13,0.52,0,134
6512,2,1,21.362164,0.56,14,0.56,0,134
6513,1,0,0.0,0.56,14,0.56,0,134
6514,1,0,0.0,0.56,14,0.56,0,134
6515,2,1,-11.786884,0.6,15,0.6,0,134
6516,2,1,15.365936,0.64,16,0.64,0,134
6517,0,-1,-11.853814,0.6,15,0.6,0,134
6518,1,0,0.0,0.6,15,0.6,0,134
6519,2,1,15.363791,0.64,16,0.64,0,134
6520,1,0,0.0,0.64,16,0.64,0,134
6521,2,1,10.034872,0.68,17,0.68,0,134
6522,1,0,0.0,0.68,17,0.68,0,134
6523,2,1,2.913581,0.72,18,0.72,0,134
6524,1,0,0.0,0.72,18,0.72,0,134
6525,1,0,0.0,0.72,18,0.72,0,134
6526,0,-1,22.6758,0.68,17,0.68,0,134
6527,0,-1,17.7359,0.64,16,0.64,0,134
6528,0,-1,14.285936,0.6,15,0.6,0,134
6529,2,1,12.274778,0.64,16,0.64,0,134
6530,2,1,10.035843,0.68,17,0.68,0,134
6531,2,1,4.658042,0.72,18,0.72,0,134
6532,2,1,-6.640635,0.76,19,0.76,0,134
6533,2,1,-20.581833,0.8,20,0.8,0,134
6534,0,-1,41.985336,0.76,19,0.76,0,134
6535,2,1,-41.985416,0.8,20,0.8,0,134
6536,2,1,-41.453148,0.84,21,0.84,0,134
6537,2,1,-78.67066,0.88,22,0.88,0,134
6538,2,1,-181.2783,0.92,23,0.92,0,134
6539,2,1,-599.89526,0.96,24,0.96,0,134
6540,1,0,0.0,0.96,24,0.96,0,134
6541,2,1,25.371265,1.0,25,1.0,0,134
6542,0,-1,-1000.0,0.0,0,0.0,0,134
6543,2,1,28.364332,0.2,5,0.2,0,135
6544,0,-1,-0.0,0.2,5,0.2,0,135
6545,1,0,0.0,0.2,5,0.2,0,135
6546,1,0,0.0,0.2,5,0.2,0,135
6547,2,1,28.208652,0.24,6,0.24,0,135
6548,2,1,26.767761,0.28,7,0.28,0,135
6549,2,1,23.19499,0.32,8,0.32,0,135
6550,2,1,22.976604,0.36,9,0.36,0,135
6551,0,-1,-22.762478,0.32,8,0.32,0,135
6552,0,-1,-23.409119,0.28,7,0.28,0,135
6553,2,1,-4.847379,0.32,8,0.32,0,135
6554,0,-1,4.847379,0.28,7,0.28,0,135
6555,2,1,23.649387,0.32,8,0.32,0,135
6556,2,1,26.008978,0.36,9,0.36,0,135
6557,0,-1,-0.0,0.36,9,0.36,0,135
6558,2,1,23.820692,0.4,10,0.4,0,135
6559,2,1,23.131649,0.44,11,0.44,0,135
6560,0,-1,-0.0,0.44,11,0.44,0,135
6561,0,-1,-21.976542,0.4,10,0.4,0,135
6562,2,1,21.980478,0.44,11,0.44,0,135
6563,0,-1,-0.0,0.44,11,0.44,0,135
6564,1,0,0.0,0.44,11,0.44,0,135
6565,2,1,21.105461,0.48,12,0.48,0,135
6566,2,1,19.2725,0.52,13,0.52,0,135
6567,2,1,16.011715,0.56,14,0.56,0,135
6568,2,1,15.546957,0.6,15,0.6,0,135
6569,2,1,13.485255,0.64,16,0.64,0,135
6570,2,1,7.853472,0.68,17,0.68,0,135
6571,2,1,2.695434,0.72,18,0.72,0,135
6572,2,1,-6.640635,0.76,19,0.76,0,135
6573,2,1,-20.581833,0.8,20,0.8,0,135
6574,0,-1,13.4847145,0.76,19,0.76,0,135
6575,1,0,0.0,0.76,19,0.76,0,135
6576,2,1,-14.653355,0.8,20,0.8,0,135
6577,2,1,-37.01831,0.84,21,0.84,0,135
6578,0,-1,-0.0,0.84,21,0.84,0,135
6579,2,1,-80.89628,0.88,22,0.88,0,135
6580,2,1,-187.10469,0.92,23,0.92,0,135
6581,0,-1,-0.0,0.92,23,0.92,0,135
6582,2,1,-599.676,0.96,24,0.96,0,135
6583,2,1,25.370691,1.0,25,1.0,0,135
6584,0,-1,-1000.0,0.0,0,0.0,0,135
6585,1,0,0.0,0.16,4,0.16,0,136
6586,0,-1,-0.0,0.16,4,0.16,0,136
6587,2,1,28.364332,0.2,5,0.2,0,136
6588,0,-1,-0.0,0.2,5,0.2,0,136
6589,0,-1,-28.364332,0.16,4,0.16,0,136
6590,2,1,-4.1407347,0.2,5,0.2,0,136
6591,1,0,0.0,0.2,5,0.2,0,136
6592,2,1,-4.279113,0.24,6,0.24,0,136
6593,2,1,27.98924,0.28,7,0.28,0,136
6594,2,1,-4.847297,0.32,8,0.32,0,136
6595,1,0,0.0,0.32,8,0.32,0,136
6596,2,1,-5.2804523,0.36,9,0.36,0,136
6597,1,0,0.0,0.36,9,0.36,0,136
6598,1,0,0.0,0.36,9,0.36,0,136
6599,2,1,25.459835,0.4,10,0.4,0,136
6600,2,1,-6.520777,0.44,11,0.44,0,136
6601,0,-1,6.520777,0.4,10,0.4,0,136
6602,2,1,-6.520809,0.44,11,0.44,0,136
6603,2,1,-7.391895,0.48,12,0.48,0,136
6604,2,1,23.989618,0.52,13,0.52,0,136
6605,0,-1,8.498311,0.48,12,0.48,0,136
6606,0,-1,7.3917303,0.44,11,0.44,0,136
6607,0,-1,-24.768646,0.4,10,0.4,0,136
6608,0,-1,5.829622,0.36,9,0.36,0,136
6609,0,-1,5.2804523,0.32,8,0.32,0,136
6610,2,1,26.008978,0.36,9,0.36,0,136
6611,1,0,0.0,0.36,9,0.36,0,136
6612,2,1,-5.8295965,0.4,10,0.4,0,136
6613,1,0,0.0,0.4,10,0.4,0,136
6614,1,0,0.0,0.4,10,0.4,0,136
6615,2,1,-6.520649,0.44,11,0.44,0,136
6616,0,-1,-0.0,0.44,11,0.44,0,136
6617,2,1,22.260569,0.48,12,0.48,0,136
6618,1,0,0.0,0.48,12,0.48,0,136
6619,1,0,0.0,0.48,12,0.48,0,136
6620,2,1,19.27347,0.52,13,0.52,0,136
6621,0,-1,8.4982815,0.48,12,0.48,0,136
6622,2,1,17.091612,0.52,13,0.52,0,136
6623,0,-1,-0.0,0.52,13,0.52,0,136
6624,2,1,21.362164,0.56,14,0.56,0,136
6625,2,1,11.67062,0.6,15,0.6,0,136
6626,2,1,14.21083,0.64,16,0.64,0,136
6627,1,0,0.0,0.64,16,0.64,0,136
6628,0,-1,14.285854,0.6,15,0.6,0,136
6629,0,-1,-16.710442,0.56,14,0.56,0,136
6630,2,1,9.564253,0.6,15,0.6,0,136
6631,0,-1,-0.0,0.6,15,0.6,0,136
6632,2,1,7.117779,0.64,16,0.64,0,136
6633,0,-1,14.286362,0.6,15,0.6,0,136
6634,2,1,-100.0,0.0,0,0.0,0,136
6635,2,1,28.364332,0.2,5,0.2,0,137
6636,0,-1,-28.364332,0.16,4,0.16,0,137
6637,2,1,28.364332,0.2,5,0.2,0,137
6638,0,-1,-28.364332,0.16,4,0.16,0,137
6639,2,1,28.364332,0.2,5,0.2,0,137
6640,2,1,28.208652,0.24,6,0.24,0,137
6641,2,1,26.773045,0.28,7,0.28,0,137
6642,2,1,26.436209,0.32,8,0.32,0,137
6643,2,1,23.216873,0.36,9,0.36,0,137
6644,2,1,22.671667,0.4,10,0.4,0,137
6645,2,1,23.129503,0.44,11,0.44,0,137
6646,0,-1,-0.0,0.44,11,0.44,0,137
6647,2,1,19.371016,0.48,12,0.48,0,137
6648,2,1,18.834341,0.52,13,0.52,0,137
6649,1,0,0.0,0.52,13,0.52,0,137
6650,0,-1,-0.0,0.52,13,0.52,0,137
6651,2,1,14.917766,0.56,14,0.56,0,137
6652,2,1,13.336845,0.6,15,0.6,0,137
6653,0,-1,-0.0,0.6,15,0.6,0,137
6654,2,1,15.365936,0.64,16,0.64,0,137
6655,0,-1,-0.0,0.64,16,0.64,0,137
6656,2,1,10.035843,0.68,17,0.68,0,137
6657,2,1,4.658042,0.72,18,0.72,0,137
6658,2,1,-7.2630763,0.76,19,0.76,0,137
6659,0,-1,1.5966138,0.72,18,0.72,0,137
6660,0,-1,-0.0,0.72,18,0.72,0,137
6661,0,-1,-0.0,0.72,18,0.72,0,137
6662,2,1,-4.5079837,0.76,19,0.76,0,137
6663,2,1,-18.528473,0.8,20,0.8,0,137
6664,1,0,0.0,0.8,20,0.8,0,137
6665,0,-1,-0.0,0.8,20,0.8,0,137
6666,2,1,-37.01785,0.84,21,0.84,0,137
6667,2,1,-81.348335,0.88,22,0.88,0,137
6668,2,1,-180.84015,0.92,23,0.92,0,137
6669,2,1,-599.6765,0.96,24,0.96,0,137
6670,2,1,23.457272,1.0,25,1.0,0,137
6671,2,1,-1000.0,0.0,0,0.0,0,137
6672,2,1,28.346605,0.2,5,0.2,0,138
6673,0,-1,-0.0,0.2,5,0.2,0,138
6674,2,1,27.0049,0.24,6,0.24,0,138
6675,1,0,0.0,0.24,6,0.24,0,138
6676,2,1,25.133902,0.28,7,0.28,0,138
6677,1,0,0.0,0.28,7,0.28,0,138
6678,2,1,22.922842,0.32,8,0.32,0,138
6679,2,1,27.225174,0.36,9,0.36,0,138
6680,2,1,19.759785,0.4,10,0.4,0,138
6681,0,-1,-0.0,0.4,10,0.4,0,138
6682,1,0,0.0,0.4,10,0.4,0,138
6683,2,1,17.039904,0.44,11,0.44,0,138
6684,2,1,18.393976,0.48,12,0.48,0,138
6685,2,1,15.254068,0.52,13,0.52,0,138
6686,0,-1,-0.0,0.52,13,0.52,0,138
6687,0,-1,-0.0,0.52,13,0.52,0,138
6688,2,1,21.367445,0.56,14,0.56,0,138
6689,2,1,9.668978,0.6,15,0.6,0,138
6690,2,1,14.21083,0.64,16,0.64,0,138
6691,2,1,10.307021,0.68,17,0.68,0,138
6692,2,1,4.656823,0.72,18,0.72,0,138
6693,2,1,-100.0,0.0,0,0.0,0,138
6694,1,0,0.0,0.16,4,0.16,0,139
6695,2,1,-4.1406527,0.2,5,0.2,0,139
6696,0,-1,4.1406527,0.16,4,0.16,0,139
6697,0,-1,-0.0,0.16,4,0.16,0,139
6698,1,0,0.0,0.16,4,0.16,0,139
6699,2,1,-4.1407347,0.2,5,0.2,0,139
6700,2,1,28.208652,0.24,6,0.24,0,139
6701,2,1,-4.515744,0.28,7,0.28,0,139
6702,2,1,26.436209,0.32,8,0.32,0,139
6703,2,1,23.216873,0.36,9,0.36,0,139
6704,0,-1,5.279892,0.32,8,0.32,0,139
6705,2,1,24.369835,0.36,9,0.36,0,139
6706,1,0,0.0,0.36,9,0.36,0,139
6707,1,0,0.0,0.36,9,0.36,0,139
6708,2,1,21.503027,0.4,10,0.4,0,139
6709,2,1,18.849876,0.44,11,0.44,0,139
6710,1,0,0.0,0.44,11,0.44,0,139
6711,2,1,15.956065,0.48,12,0.48,0,139
6712,0,-1,7.3912225,0.44,11,0.44,0,139
6713,2,1,20.378916,0.48,12,0.48,0,139
6714,2,1,-8.49764,0.52,13,0.52,0,139
6715,0,-1,-0.0,0.52,13,0.52,0,139
6716,2,1,11.318123,0.56,14,0.56,0,139
6717,0,-1,-0.0,0.56,14,0.56,0,139
6718,2,1,13.802496,0.6,15,0.6,0,139
6719,2,1,-100.0,0.0,0,0.0,0,139
6720,2,1,28.364332,0.2,5,0.2,0,140
6721,1,0,0.0,0.2,5,0.2,0,140
6722,2,1,28.208652,0.24,6,0.24,0,140
6723,0,-1,-0.0,0.24,6,0.24,0,140
6724,2,1,-4.515744,0.28,7,0.28,0,140
6725,1,0,0.0,0.28,7,0.28,0,140
6726,2,1,23.19499,0.32,8,0.32,0,140
6727,2,1,-5.279892,0.36,9,0.36,0,140
6728,2,1,-5.829462,0.4,10,0.4,0,140
6729,2,1,24.768646,0.44,11,0.44,0,140
6730,2,1,19.217155,0.48,12,0.48,0,140
6731,0,-1,7.3912225,0.44,11,0.44,0,140
6732,1,0,0.0,0.44,11,0.44,0,140
6733,0,-1,-20.088236,0.4,10,0.4,0,140
6734,1,0,0.0,0.4,10,0.4,0,140
6735,0,-1,-26.658304,0.36,9,0.36,0,140
6736,1,0,0.0,0.36,9,0.36,1,140
6737,1,0,0.0,0.36,9,0.36,0,140
6738,0,-1,-12.838846,0.32,8,0.32,0,140
6739,2,1,27.156357,0.36,9,0.36,0,140
6740,2,1,20.36891,0.4,10,0.4,0,140
6741,1,0,0.0,0.4,10,0.4,0,140
6742,2,1,21.850756,0.44,11,0.44,0,140
6743,2,1,13.439986,0.48,12,0.48,0,140
6744,0,-1,-13.439986,0.44,11,0.44,0,140
6745,1,0,0.0,0.44,11,0.44,0,140
6746,2,1,9.583358,0.48,12,0.48,0,140
6747,0,-1,-18.80664,0.44,11,0.44,0,140
6748,0,-1,-0.0,0.44,11,0.44,0,140
6749,2,1,8.209223,0.48,12,0.48,0,140
6750,0,-1,-20.582716,0.44,11,0.44,0,140
6751,1,0,0.0,0.44,11,0.44,0,140
6752,0,-1,-24.795437,0.4,10,0.4,0,140
6753,0,-1,-0.0,0.4,10,0.4,0,140
6754,1,0,0.0,0.4,10,0.4,0,140
6755,0,-1,-9.771491,0.36,9,0.36,0,140
6756,0,-1,-27.263987,0.32,8,0.32,0,140
6757,1,0,0.0,0.32,8,0.32,0,140
6758,2,1,27.230143,0.36,9,0.36,0,140
6759,1,0,0.0,0.36,9,0.36,0,140
6760,1,0,0.0,0.36,9,0.36,0,140
6761,0,-1,-0.0,0.36,9,0.36,0,140
6762,0,-1,-23.091087,0.32,8,0.32,0,140
6763,2,1,26.01914,0.36,9,0.36,0,140
6764,1,0,0.0,0.36,9,0.36,0,140
6765,2,1,22.541943,0.4,10,0.4,0,140
6766,0,-1,-0.0,0.4,10,0.4,0,140
6767,0,-1,-11.145626,0.36,9,0.36,0,140
6768,1,0,0.0,0.36,9,0.36,0,140
6769,1,0,0.0,0.36,9,0.36,0,140
6770,2,1,20.004478,0.4,10,0.4,0,140
6771,2,1,10.454439,0.44,11,0.44,0,140
6772,0,-1,-0.0,0.44,11,0.44,0,140
6773,2,1,22.24623,0.48,12,0.48,0,140
6774,2,1,22.731586,0.52,13,0.52,0,140
6775,0,-1,-0.0,0.52,13,0.52,0,140
6776,1,0,0.0,0.52,13,0.52,0,140
6777,2,1,18.494455,0.56,14,0.56,0,140
6778,1,0,0.0,0.56,14,0.56,0,140
6779,0,-1,-0.0,0.56,14,0.56,0,140
6780,2,1,15.960169,0.6,15,0.6,0,140
6781,1,0,0.0,0.6,15,0.6,0,140
6782,1,0,0.0,0.6,15,0.6,0,140
6783,2,1,11.470427,0.64,16,0.64,0,140
6784,2,1,7.834793,0.68,17,0.68,0,140
6785,2,1,0.95634794,0.72,18,0.72,0,140
6786,2,1,-0.49180305,0.76,19,0.76,0,140
6787,0,-1,13.122654,0.72,18,0.72,0,140
6788,1,0,0.0,0.72,18,0.72,0,140
6789,0,-1,-3.1582744,0.68,17,0.68,0,140
6790,2,1,1.0451698,0.72,18,0.72,0,140
6791,2,1,-2.7636135,0.76,19,0.76,0,140
6792,0,-1,8.074576,0.72,18,0.72,0,140
6793,0,-1,-0.0,0.72,18,0.72,0,140
6794,2,1,-8.522714,0.76,19,0.76,0,140
6795,2,1,-20.456266,0.8,20,0.8,1,140
6796,2,1,-37.66913,0.84,21,0.84,0,140
6797,2,1,-81.46454,0.88,22,0.88,0,140
6798,2,1,-183.24501,0.92,23,0.92,0,140
6799,2,1,-597.9849,0.96,24,0.96,0,140
6800,2,1,-100.0,0.0,0,0.0,0,140
6801,2,1,-4.1407347,0.2,5,0.2,0,141
6802,1,0,0.0,0.2,5,0.2,0,141
6803,1,0,0.0,0.2,5,0.2,0,141
6804,2,1,28.22638,0.24,6,0.24,0,141
6805,2,1,23.526543,0.28,7,0.28,0,141
6806,0,-1,-0.0,0.28,7,0.28,0,141
6807,2,1,27.639961,0.32,8,0.32,0,141
6808,2,1,26.003696,0.36,9,0.36,0,141
6809,0,-1,5.279892,0.32,8,0.32,0,141
6810,1,0,0.0,0.32,8,0.32,0,141
6811,1,0,0.0,0.32,8,0.32,0,141
6812,2,1,21.328568,0.36,9,0.36,0,141
6813,2,1,-5.829036,0.4,10,0.4,0,141
6814,2,1,23.129503,0.44,11,0.44,0,141
6815,1,0,0.0,0.44,11,0.44,0,141
6816,2,1,17.87195,0.48,12,0.48,0,141
6817,1,0,0.0,0.48,12,0.48,0,141
6818,0,-1,-17.87195,0.44,11,0.44,0,141
6819,0,-1,-20.088236,0.4,10,0.4,0,141
6820,2,1,20.811838,0.44,11,0.44,0,141
6821,2,1,23.897566,0.48,12,0.48,0,141
6822,1,0,0.0,0.48,12,0.48,0,141
6823,1,0,0.0,0.48,12,0.48,0,141
6824,0,-1,-20.651064,0.44,11,0.44,0,141
6825,2,1,-7.391858,0.48,12,0.48,0,141
6826,0,-1,-0.0,0.48,12,0.48,0,141
6827,2,1,19.999044,0.52,13,0.52,0,141
6828,2,1,-9.92201,0.56,14,0.56,0,141
6829,2,1,15.983896,0.6,15,0.6,0,141
6830,1,0,0.0,0.6,15,0.6,0,141
6831,2,1,15.365936,0.64,16,0.64,0,141
6832,0,-1,14.286522,0.6,15,0.6,0,141
6833,1,0,0.0,0.6,15,0.6,0,141
6834,0,-1,-0.0,0.6,15,0.6,0,141
6835,0,-1,-16.710442,0.56,14,0.56,0,141
6836,2,1,13.336845,0.6,15,0.6,0,141
6837,0,-1,11.786878,0.56,14,0.56,0,141
6838,0,-1,-0.0,0.56,14,0.56,0,141
6839,2,1,15.984867,0.6,15,0.6,0,141
6840,1,0,0.0,0.6,15,0.6,0,141
6841,1,0,0.0,0.6,15,0.6,0,141
6842,0,-1,11.7863245,0.56,14,0.56,0,141
6843,2,1,11.321744,0.6,15,0.6,0,141
6844,2,1,14.2147665,0.64,16,0.64,0,141
6845,2,1,10.307021,0.68,17,0.68,0,141
6846,2,1,2.9140933,0.72,18,0.72,0,141
6847,2,1,-3.3333473,0.76,19,0.76,0,141
6848,2,1,-20.925257,0.8,20,0.8,0,141
6849,2,1,-37.43349,0.84,21,0.84,0,141
6850,2,1,-81.224945,0.88,22,0.88,0,141
6851,2,1,-185.04999,0.92,23,0.92,0,141
6852,2,1,-604.2689,0.96,24,0.96,0,141
6853,2,1,25.786335,1.0,25,1.0,0,141
6854,1,0,-1000.0,0.0,0,0.0,0,141
6855,2,1,28.346605,0.2,5,0.2,0,142
6856,2,1,27.0049,0.24,6,0.24,0,142
6857,2,1,25.133902,0.28,7,0.28,0,142
6858,0,-1,-0.0,0.28,7,0.28,0,142
6859,2,1,23.649387,0.32,8,0.32,0,142
6860,2,1,22.976604,0.36,9,0.36,0,142
6861,2,1,26.67603,0.4,10,0.4,0,142
6862,2,1,21.249996,0.44,11,0.44,0,142
6863,1,0,0.0,0.44,11,0.44,0,142
6864,1,0,0.0,0.44,11,0.44,0,142
6865,2,1,23.897566,0.48,12,0.48,0,142
6866,2,1,21.154152,0.52,13,0.52,0,142
6867,0,-1,-0.0,0.52,13,0.52,0,142
6868,2,1,17.411856,0.56,14,0.56,0,142
6869,1,0,0.0,0.56,14,0.56,0,142
6870,1,0,0.0,0.56,14,0.56,0,142
6871,2,1,15.545738,0.6,15,0.6,0,142
6872,0,-1,-0.0,0.6,15,0.6,0,142
6873,2,1,11.302884,0.64,16,0.64,0,142
6874,2,1,7.3884745,0.68,17,0.68,0,142
6875,2,1,2.6948602,0.72,18,0.72,0,142
6876,2,1,-4.7266426,0.76,19,0.76,0,142
6877,2,1,-16.862247,0.8,20,0.8,0,142
6878,2,1,-39.82714,0.84,21,0.84,0,142
6879,2,1,-81.348335,0.88,22,0.88,0,142
6880,1,0,0.0,0.88,22,0.88,0,142
6881,2,1,-185.05025,0.92,23,0.92,0,142
6882,2,1,-603.75964,0.96,24,0.96,0,142
6883,2,1,-100.0,0.0,0,0.0,0,142
6884,2,1,28.346605,0.2,5,0.2,0,143
6885,2,1,27.0049,0.24,6,0.24,0,143
6886,2,1,-4.515744,0.28,7,0.28,0,143
6887,2,1,-4.8479395,0.32,8,0.32,0,143
6888,2,1,23.216873,0.36,9,0.36,0,143
6889,2,1,-5.8296223,0.4,10,0.4,0,143
6890,2,1,23.129503,0.44,11,0.44,0,143
6891,1,0,0.0,0.44,11,0.44,0,143
6892,1,0,0.0,0.44,11,0.44,0,143
6893,2,1,-7.39189,0.48,12,0.48,0,143
6894,0,-1,7.39189,0.44,11,0.44,0,143
6895,0,-1,-0.0,0.44,11,0.44,0,143
6896,2,1,19.371016,0.48,12,0.48,0,143
6897,2,1,18.834341,0.52,13,0.52,0,143
6898,1,0,0.0,0.52,13,0.52,0,143
6899,1,0,0.0,0.52,13,0.52,0,143
6900,1,0,0.0,0.52,13,0.52,0,143
6901,2,1,15.201745,0.56,14,0.56,0,143
6902,1,0,0.0,0.56,14,0.56,0,143
6903,0,-1,-0.0,0.56,14,0.56,0,143
6904,2,1,13.052866,0.6,15,0.6,0,143
6905,2,1,11.084164,0.64,16,0.64,0,143
6906,1,0,0.0,0.64,16,0.64,0,143
6907,2,1,4.9453964,0.68,17,0.68,0,143
6908,0,-1,-0.0,0.68,17,0.68,0,143
6909,0,-1,-0.0,0.68,17,0.68,0,143
6910,1,0,0.0,0.68,17,0.68,0,143
6911,2,1,0.6721301,0.72,18,0.72,0,143
6912,0,-1,-0.0,0.72,18,0.72,0,143
6913,0,-1,-0.0,0.72,18,0.72,0,143
6914,0,-1,-0.0,0.72,18,0.72,0,143
6915,2,1,-6.8658557,0.76,19,0.76,0,143
6916,2,1,-20.803816,0.8,20,0.8,0,143
6917,2,1,-42.16284,0.84,21,0.84,0,143
6918,1,0,0.0,0.84,21,0.84,0,143
6919,2,1,-81.48029,0.88,22,0.88,0,143
6920,2,1,-188.04965,0.92,23,0.92,0,143
6921,1,0,0.0,0.92,23,0.92,0,143
6922,1,0,0.0,0.92,23,0.92,0,143
6923,2,1,-604.1435,0.96,24,0.96,0,143
6924,2,1,32.505657,1.0,25,1.0,0,143
6925,0,-1,-1000.0,0.0,0,0.0,0,143
6926,0,-1,-0.0,0.16,4,0.16,0,144
6927,2,1,28.346605,0.2,5,0.2,0,144
6928,0,-1,-28.346605,0.16,4,0.16,0,144
6929,2,1,28.346605,0.2,5,0.2,0,144
6930,2,1,27.0049,0.24,6,0.24,0,144
6931,2,1,-4.515826,0.28,7,0.28,0,144
6932,0,-1,4.515826,0.24,6,0.24,0,144
6933,2,1,25.133902,0.28,7,0.28,0,144
6934,0,-1,-0.0,0.28,7,0.28,0,144
6935,1,0,0.0,0.28,7,0.28,0,144
6936,2,1,27.657686,0.32,8,0.32,0,144
6937,0,-1,-0.0,0.32,8,0.32,0,144
6938,1,0,0.0,0.32,8,0.32,0,144
6939,2,1,22.490328,0.36,9,0.36,0,144
6940,1,0,0.0,0.36,9,0.36,0,144
6941,2,1,21.503027,0.4,10,0.4,0,144
6942,1,0,0.0,0.4,10,0.4,0,144
6943,2,1,24.768646,0.44,11,0.44,0,144
6944,2,1,18.197515,0.48,12,0.48,0,144
6945,2,1,16.625448,0.52,13,0.52,0,144
6946,2,1,18.57534,0.56,14,0.56,0,144
6947,0,-1,-0.0,0.56,14,0.56,0,144
6948,0,-1,-18.57534,0.52,13,0.52,0,144
6949,2,1,13.054687,0.56,14,0.56,0,144
6950,2,1,16.256044,0.6,15,0.6,0,144
6951,2,1,9.274192,0.64,16,0.64,0,144
6952,0,-1,-0.0,0.64,16,0.64,0,144
6953,2,1,7.6347513,0.68,17,0.68,0,144
6954,2,1,-1.7447948,0.72,18,0.72,0,144
6955,2,1,-6.9892473,0.76,19,0.76,0,144
6956,0,-1,-0.0,0.76,19,0.76,0,144
6957,0,-1,2.054947,0.72,18,0.72,0,144
6958,2,1,-4.3120346,0.76,19,0.76,0,144
6959,1,0,0.0,0.76,19,0.76,0,144
6960,0,-1,-1.1915543,0.72,18,0.72,0,144
6961,0,-1,-0.0,0.72,18,0.72,0,144
6962,2,1,-8.6420145,0.76,19,0.76,0,144
6963,2,1,-100.0,0.0,0,0.0,0,144
6964,2,1,28.364332,0.2,5,0.2,0,145
6965,2,1,27.010183,0.24,6,0.24,0,145
6966,2,1,25.136045,0.28,7,0.28,0,145
6967,2,1,27.639961,0.32,8,0.32,0,145
6968,1,0,0.0,0.32,8,0.32,0,145
6969,0,-1,-0.0,0.32,8,0.32,0,145
6970,2,1,22.053389,0.36,9,0.36,0,145
6971,1,0,0.0,0.36,9,0.36,0,145
6972,0,-1,-0.0,0.36,9,0.36,0,145
6973,2,1,19.294786,0.4,10,0.4,0,145
6974,2,1,18.85045,0.44,11,0.44,0,145
6975,0,-1,-0.0,0.44,11,0.44,0,145
6976,1,0,0.0,0.44,11,0.44,0,145
6977,1,0,0.0,0.44,11,0.44,0,145
6978,2,1,15.956344,0.48,12,0.48,0,145
6979,2,1,14.478728,0.52,13,0.52,0,145
6980,2,1,21.362164,0.56,14,0.56,0,145
6981,2,1,15.984867,0.6,15,0.6,0,145
6982,0,-1,-0.0,0.6,15,0.6,0,145
6983,2,1,11.499808,0.64,16,0.64,0,145
6984,2,1,7.8539844,0.68,17,0.68,0,145
6985,2,1,0.5565169,0.72,18,0.72,0,145
6986,2,1,-6.536939,0.76,19,0.76,0,145
6987,2,1,-21.123148,0.8,20,0.8,0,145
6988,2,1,-39.695206,0.84,21,0.84,0,145
6989,2,1,-83.39609,0.88,22,0.88,0,145
6990,2,1,-187.37068,0.92,23,0.92,0,145
6991,2,1,-601.5133,0.96,24,0.96,0,145
6992,2,1,-100.0,0.0,0,0.0,0,145
6993,2,1,-4.1407347,0.2,5,0.2,0,146
6994,2,1,-4.278605,0.24,6,0.24,0,146
6995,2,1,27.971514,0.28,7,0.28,0,146
6996,0,-1,4.515826,0.24,6,0.24,0,146
6997,0,-1,-28.208652,0.2,5,0.2,0,146
6998,0,-1,4.1406527,0.16,4,0.16,0,146
6999,1,0,0.0,0.16,4,0.16,0,146
7000,2,1,28.346605,0.2,5,0.2,0,146
7001,2,1,23.97781,0.24,6,0.24,0,146
7002,1,0,0.0,0.24,6,0.24,0,146
7003,2,1,27.98924,0.28,7,0.28,0,146
7004,2,1,23.19499,0.32,8,0.32,0,146
7005,0,-1,-0.0,0.32,8,0.32,0,146
7006,2,1,21.280823,0.36,9,0.36,0,146
7007,2,1,25.459835,0.4,10,0.4,0,146
7008,0,-1,-22.213333,0.36,9,0.36,0,146
7009,2,1,23.822836,0.4,10,0.4,0,146
7010,1,0,0.0,0.4,10,0.4,0,146
7011,2,1,20.813057,0.44,11,0.44,0,146
7012,2,1,17.732517,0.48,12,0.48,0,146
7013,2,1,19.27347,0.52,13,0.52,0,146
7014,2,1,15.667908,0.56,14,0.56,0,146
7015,0,-1,-0.0,0.56,14,0.56,0,146
7016,2,1,11.774053,0.6,15,0.6,0,146
7017,1,0,0.0,0.6,15,0.6,0,146
7018,2,1,7.1694922,0.64,16,0.64,0,146
7019,2,1,13.54824,0.68,17,0.68,0,146
7020,2,1,-100.0,0.0,0,0.0,0,146
7021,2,1,-4.1407347,0.2,5,0.2,0,147
7022,2,1,-4.279113,0.24,6,0.24,0,147
7023,1,0,0.0,0.24,6,0.24,0,147
7024,1,0,0.0,0.24,6,0.24,0,147
7025,2,1,27.971514,0.28,7,0.28,0,147
7026,2,1,27.657686,0.32,8,0.32,0,147
7027,2,1,26.008978,0.36,9,0.36,0,147
7028,0,-1,5.280318,0.32,8,0.32,0,147
7029,2,1,24.37198,0.36,9,0.36,0,147
7030,2,1,22.213333,0.4,10,0.4,0,147
7031,1,0,0.0,0.4,10,0.4,0,147
7032,0,-1,-22.213333,0.36,9,0.36,0,147
7033,2,1,25.454552,0.4,10,0.4,0,147
7034,1,0,0.0,0.4,10,0.4,0,147
7035,0,-1,-0.0,0.4,10,0.4,0,147
7036,2,1,21.980478,0.44,11,0.44,0,147
7037,1,0,0.0,0.44,11,0.44,0,147
7038,0,-1,-21.980478,0.4,10,0.4,0,147
7039,1,0,0.0,0.4,10,0.4,0,147
7040,2,1,21.976542,0.44,11,0.44,0,147
7041,2,1,19.941977,0.48,12,0.48,0,147
7042,0,-1,7.3913045,0.44,11,0.44,0,147
7043,1,0,0.0,0.44,11,0.44,0,147
7044,2,1,17.732517,0.48,12,0.48,0,147
7045,0,-1,-0.0,0.48,12,0.48,0,147
7046,2,1,14.478728,0.52,13,0.52,0,147
7047,1,0,0.0,0.52,13,0.52,0,147
7048,2,1,18.579277,0.56,14,0.56,0,147
7049,0,-1,-0.0,0.56,14,0.56,0,147
7050,1,0,0.0,0.56,14,0.56,0,147
7051,1,0,0.0,0.56,14,0.56,0,147
7052,2,1,13.58435,0.6,15,0.6,0,147
7053,2,1,12.476384,0.64,16,0.64,0,147
7054,0,-1,-0.0,0.64,16,0.64,0,147
7055,2,1,5.496408,0.68,17,0.68,0,147
7056,2,1,2.1639507,0.72,18,0.72,0,147
7057,2,1,-6.9889317,0.76,19,0.76,0,147
7058,2,1,-19.151176,0.8,20,0.8,0,147
7059,2,1,-41.743275,0.84,21,0.84,0,147
7060,2,1,-83.45984,0.88,22,0.88,0,147
7061,2,1,-100.0,0.0,0,0.0,0,147
7062,2,1,28.364332,0.2,5,0.2,0,148
7063,1,0,0.0,0.2,5,0.2,0,148
7064,2,1,-4.278687,0.24,6,0.24,0,148
7065,0,-1,4.278687,0.2,5,0.2,0,148
7066,2,1,28.208652,0.24,6,0.24,0,148
7067,2,1,26.767761,0.28,7,0.28,0,148
7068,2,1,23.649387,0.32,8,0.32,0,148
7069,0,-1,-0.0,0.32,8,0.32,0,148
7070,1,0,0.0,0.32,8,0.32,0,148
7071,2,1,26.008978,0.36,9,0.36,0,148
7072,0,-1,-0.0,0.36,9,0.36,0,148
7073,2,1,22.671667,0.4,10,0.4,0,148
7074,1,0,0.0,0.4,10,0.4,0,148
7075,1,0,0.0,0.4,10,0.4,0,148
7076,1,0,0.0,0.4,10,0.4,0,148
7077,1,0,0.0,0.4,10,0.4,0,148
7078,0,-1,-22.66773,0.36,9,0.36,0,148
7079,2,1,23.822836,0.4,10,0.4,0,148
7080,2,1,23.129503,0.44,11,0.44,0,148
7081,2,1,20.378916,0.48,12,0.48,0,148
7082,0,-1,-0.0,0.48,12,0.48,0,148
7083,1,0,0.0,0.48,12,0.48,0,148
7084,0,-1,-0.0,0.48,12,0.48,0,148
7085,2,1,18.266247,0.52,13,0.52,0,148
7086,2,1,17.849766,0.56,14,0.56,0,148
7087,2,1,16.710442,0.6,15,0.6,0,148
7088,0,-1,-0.0,0.6,15,0.6,0,148
7089,1,0,0.0,0.6,15,0.6,0,148
7090,1,0,0.0,0.6,15,0.6,0,148
7091,1,0,0.0,0.6,15,0.6,0,148
7092,1,0,0.0,0.6,15,0.6,0,148
7093,2,1,11.499346,0.64,16,0.64,0,148
7094,0,-1,-0.0,0.64,16,0.64,0,148
7095,2,1,7.853472,0.68,17,0.68,0,148
7096,2,1,0.78144157,0.72,18,0.72,0,148
7097,2,1,-2.764035,0.76,19,0.76,0,148
7098,1,0,0.0,0.76,19,0.76,0,148
7099,1,0,0.0,0.76,19,0.76,0,148
7100,0,-1,-0.0,0.76,19,0.76,0,148
7101,2,1,-16.861593,0.8,20,0.8,0,148
7102,2,1,-39.82714,0.84,21,0.84,0,148
7103,0,-1,-0.0,0.84,21,0.84,0,148
7104,2,1,-78.52327,0.88,22,0.88,0,148
7105,2,1,-181.84805,0.92,23,0.92,0,148
7106,2,1,-603.86176,0.96,24,0.96,0,148
7107,1,0,0.0,0.96,24,0.96,0,148
7108,1,0,0.0,0.96,24,0.96,0,148
7109,1,0,0.0,0.96,24,0.96,0,148
7110,2,1,25.786335,1.0,25,1.0,0,148
7111,2,1,-1000.0,0.0,0,0.0,0,148
7112,2,1,28.346605,0.2,5,0.2,0,149
7113,2,1,27.0049,0.24,6,0.24,0,149
7114,0,-1,-0.0,0.24,6,0.24,0,149
7115,2,1,23.740671,0.28,7,0.28,0,149
7116,0,-1,-0.0,0.28,7,0.28,0,149
7117,1,0,0.0,0.28,7,0.28,0,149
7118,1,0,0.0,0.28,7,0.28,0,149
7119,2,1,24.80235,0.32,8,0.32,0,149
7120,2,1,23.216873,0.36,9,0.36,0,149
7121,2,1,20.933285,0.4,10,0.4,0,149
7122,2,1,20.811838,0.44,11,0.44,0,149
7123,0,-1,-0.0,0.44,11,0.44,0,149
7124,0,-1,-21.736273,0.4,10,0.4,0,149
7125,0,-1,-0.0,0.4,10,0.4,0,149
7126,1,0,0.0,0.4,10,0.4,0,149
7127,2,1,21.249996,0.44,11,0.44,0,149
7128,2,1,17.978796,0.48,12,0.48,0,149
7129,2,1,16.341469,0.52,13,0.52,0,149
7130,1,0,0.0,0.52,13,0.52,0,149
7131,2,1,13.310036,0.56,14,0.56,0,149
7132,2,1,13.336845,0.6,15,0.6,0,149
7133,2,1,6.8359103,0.64,16,0.64,0,149
7134,2,1,5.3727202,0.68,17,0.68,0,149
7135,2,1,-1.493638,0.72,18,0.72,0,149
7136,2,1,-100.0,0.0,0,0.0,0,149
7137,2,1,28.364332,0.2,5,0.2,0,150
7138,0,-1,-0.0,0.2,5,0.2,0,150
7139,2,1,27.010183,0.24,6,0.24,0,150
7140,0,-1,-0.0,0.24,6,0.24,0,150
7141,1,0,0.0,0.24,6,0.24,0,150
7142,0,-1,-27.010183,0.2,5,0.2,0,150
7143,2,1,27.010183,0.24,6,0.24,0,150
7144,2,1,25.136045,0.28,7,0.28,0,150
7145,1,0,0.0,0.28,7,0.28,0,150
7146,0,-1,-0.0,0.28,7,0.28,0,150
7147,2,1,27.639961,0.32,8,0.32,0,150
7148,1,0,0.0,0.32,8,0.32,0,150
7149,2,1,-5.27981,0.36,9,0.36,0,150
7150,0,-1,-27.207449,0.32,8,0.32,0,150
7151,2,1,27.207449,0.36,9,0.36,0,150
7152,0,-1,-0.0,0.36,9,0.36,0,150
7153,2,1,25.454552,0.4,10,0.4,0,150
7154,2,1,23.129503,0.44,11,0.44,0,150
7155,1,0,0.0,0.44,11,0.44,0,150
7156,0,-1,-0.0,0.44,11,0.44,0,150
7157,2,1,20.379887,0.48,12,0.48,0,150
7158,2,1,18.83556,0.52,13,0.52,0,150
7159,1,0,0.0,0.52,13,0.52,0,150
7160,2,1,17.848795,0.56,14,0.56,0,150
7161,2,1,13.58435,0.6,15,0.6,0,150
7162,2,1,8.94582,0.64,16,0.64,0,150
7163,2,1,7.3884745,0.68,17,0.68,0,150
7164,1,0,0.0,0.68,17,0.68,0,150
7165,2,1,3.1100423,0.72,18,0.72,0,150
7166,2,1,-6.749668,0.76,19,0.76,0,150
7167,2,1,-16.199673,0.8,20,0.8,0,150
7168,2,1,-41.681595,0.84,21,0.84,0,150
7169,2,1,-81.34802,0.88,22,0.88,0,150
7170,2,1,-100.0,0.0,0,0.0,0,150
7171,2,1,28.346605,0.2,5,0.2,0,151
7172,0,-1,-0.0,0.2,5,0.2,0,151
7173,2,1,28.22638,0.24,6,0.24,0,151
7174,2,1,26.767761,0.28,7,0.28,0,151
7175,2,1,23.649387,0.32,8,0.32,0,151
7176,2,1,24.369835,0.36,9,0.36,0,151
7177,1,0,0.0,0.36,9,0.36,0,151
7178,2,1,21.941185,0.4,10,0.4,0,151
7179,2,1,19.265059,0.44,11,0.44,0,151
7180,1,0,0.0,0.44,11,0.44,0,151
7181,1,0,0.0,0.44,11,0.44,0,151
7182,2,1,23.897566,0.48,12,0.48,0,151
7183,2,1,17.091099,0.52,13,0.52,0,151
7184,2,1,19.730448,0.56,14,0.56,0,151
7185,0,-1,-0.0,0.56,14,0.56,0,151
7186,2,1,11.773804,0.6,15,0.6,0,151
7187,2,1,9.465854,0.64,16,0.64,0,151
7188,0,-1,-0.0,0.64,16,0.64,0,151
7189,1,0,0.0,0.64,16,0.64,0,151
7190,2,1,3.9596586,0.68,17,0.68,0,151
7191,2,1,-1.1695675,0.72,18,0.72,0,151
7192,1,0,0.0,0.72,18,0.72,0,151
7193,2,1,-100.0,0.0,0,0.0,0,151
7194,2,1,28.364332,0.2,5,0.2,0,152
7195,1,0,0.0,0.2,5,0.2,0,152
7196,0,-1,-0.0,0.2,5,0.2,0,152
7197,0,-1,-28.364332,0.16,4,0.16,0,152
7198,2,1,28.364332,0.2,5,0.2,0,152
7199,2,1,28.208652,0.24,6,0.24,0,152
7200,2,1,26.773045,0.28,7,0.28,0,152
7201,0,-1,-27.971514,0.24,6,0.24,0,152
7202,1,0,0.0,0.24,6,0.24,0,152
7203,0,-1,-0.0,0.24,6,0.24,0,152
7204,2,1,25.136045,0.28,7,0.28,0,152
7205,2,1,22.923813,0.32,8,0.32,0,152
7206,2,1,27.207449,0.36,9,0.36,0,152
7207,1,0,0.0,0.36,9,0.36,0,152
7208,2,1,25.454552,0.4,10,0.4,0,152
7209,2,1,19.26552,0.44,11,0.44,0,152
7210,1,0,0.0,0.44,11,0.44,0,152
7211,2,1,18.198029,0.48,12,0.48,0,152
7212,2,1,15.062655,0.52,13,0.52,0,152
7213,0,-1,-0.0,0.52,13,0.52,0,152
7214,2,1,19.728302,0.56,14,0.56,0,152
7215,2,1,15.545738,0.6,15,0.6,0,152
7216,2,1,11.084164,0.64,16,0.64,0,152
7217,2,1,3.7200801,0.68,17,0.68,0,152
7218,2,1,5.0949807,0.72,18,0.72,0,152
7219,0,-1,-0.0,0.72,18,0.72,0,152
7220,0,-1,-0.0,0.72,18,0.72,0,152
7221,2,1,-4.3120346,0.76,19,0.76,0,152
7222,2,1,-14.652136,0.8,20,0.8,0,152
7223,0,-1,-0.0,0.8,20,0.8,0,152
7224,0,-1,-0.0,0.8,20,0.8,0,152
7225,2,1,-37.43292,0.84,21,0.84,0,152
7226,0,-1,-0.0,0.84,21,0.84,0,152
7227,2,1,-100.0,0.0,0,0.0,0,152
7228,2,1,28.346605,0.2,5,0.2,0,153
7229,2,1,-4.278605,0.24,6,0.24,0,153
7230,2,1,-4.5163865,0.28,7,0.28,0,153
7231,2,1,-4.8479652,0.32,8,0.32,0,153
7232,0,-1,-0.0,0.32,8,0.32,0,153
7233,0,-1,4.8479652,0.28,7,0.28,0,153
7234,2,1,23.409119,0.32,8,0.32,0,153
7235,0,-1,-23.409119,0.28,7,0.28,0,153
7236,2,1,-4.8479652,0.32,8,0.32,0,153
7237,0,-1,-0.0,0.32,8,0.32,0,153
7238,0,-1,-0.0,0.32,8,0.32,0,153
7239,1,0,0.0,0.32,8,0.32,0,153
7240,2,1,-5.280483,0.36,9,0.36,0,153
7241,2,1,-5.8296275,0.4,10,0.4,0,153
7242,1,0,0.0,0.4,10,0.4,0,153
7243,0,-1,-0.0,0.4,10,0.4,0,153
7244,1,0,0.0,0.4,10,0.4,0,153
7245,2,1,-6.5202236,0.44,11,0.44,0,153
7246,0,-1,-0.0,0.44,11,0.44,0,153
7247,1,0,0.0,0.44,11,0.44,0,153
7248,2,1,23.892282,0.48,12,0.48,0,153
7249,0,-1,7.3913045,0.44,11,0.44,0,153
7250,1,0,0.0,0.44,11,0.44,0,153
7251,1,0,0.0,0.44,11,0.44,0,153
7252,1,0,0.0,0.44,11,0.44,0,153
7253,1,0,0.0,0.44,11,0.44,0,153
7254,1,0,0.0,0.44,11,0.44,0,153
7255,1,0,0.0,0.44,11,0.44,0,153
7256,1,0,0.0,0.44,11,0.44,0,153
7257,2,1,21.105461,0.48,12,0.48,0,153
7258,2,1,-8.498313,0.52,13,0.52,0,153
7259,2,1,22.583641,0.56,14,0.56,0,153
7260,2,1,19.502546,0.6,15,0.6,0,153
7261,0,-1,-0.0,0.6,15,0.6,0,153
7262,1,0,0.0,0.6,15,0.6,0,153
7263,2,1,15.363791,0.64,16,0.64,0,153
7264,2,1,9.596714,0.68,17,0.68,0,153
7265,0,-1,-0.0,0.68,17,0.68,0,153
7266,0,-1,-0.0,0.68,17,0.68,0,153
7267,0,-1,-0.0,0.68,17,0.68,0,153
7268,1,0,0.0,0.68,17,0.68,0,153
7269,1,0,0.0,0.68,17,0.68,0,153
7270,0,-1,-0.0,0.68,17,0.68,0,153
7271,0,-1,-0.0,0.68,17,0.68,0,153
7272,2,1,5.0949807,0.72,18,0.72,0,153
7273,2,1,-4.508496,0.76,19,0.76,0,153
7274,2,1,-18.528736,0.8,20,0.8,0,153
7275,0,-1,-0.0,0.8,20,0.8,0,153
7276,2,1,-33.15172,0.84,21,0.84,0,153
7277,0,-1,-0.0,0.84,21,0.84,0,153
7278,0,-1,-0.0,0.84,21,0.84,0,153
7279,0,-1,34.306828,0.8,20,0.8,0,153
7280,0,-1,41.986008,0.76,19,0.76,0,153
7281,0,-1,-0.0,0.76,19,0.76,0,153
7282,2,1,-16.615316,0.8,20,0.8,0,153
7283,2,1,-39.243465,0.84,21,0.84,0,153
7284,0,-1,-0.0,0.84,21,0.84,0,153
7285,2,1,-77.12312,0.88,22,0.88,0,153
7286,0,-1,104.457,0.84,21,0.84,0,153
7287,2,1,-83.00111,0.88,22,0.88,0,153
7288,0,-1,-0.0,0.88,22,0.88,0,153
7289,1,0,0.0,0.88,22,0.88,0,153
7290,2,1,-100.0,0.0,0,0.0,0,153
7291,1,0,0.0,0.16,4,0.16,0,154
7292,1,0,0.0,0.16,4,0.16,0,154
7293,2,1,-4.1407347,0.2,5,0.2,0,154
7294,2,1,28.208652,0.24,6,0.24,0,154
7295,0,-1,-28.208652,0.2,5,0.2,0,154
7296,2,1,28.22638,0.24,6,0.24,0,154
7297,2,1,26.773045,0.28,7,0.28,0,154
7298,0,-1,4.515826,0.24,6,0.24,0,154
7299,2,1,-4.515826,0.28,7,0.28,0,154
7300,2,1,24.804493,0.32,8,0.32,0,154
7301,2,1,22.762478,0.36,9,0.36,0,154
7302,2,1,21.942156,0.4,10,0.4,0,154
7303,2,1,19.26552,0.44,11,0.44,0,154
7304,0,-1,6.5202236,0.4,10,0.4,0,154
7305,2,1,17.231792,0.44,11,0.44,0,154
7306,2,1,19.217155,0.48,12,0.48,0,154
7307,2,1,23.989618,0.52,13,0.52,0,154
7308,1,0,0.0,0.52,13,0.52,0,154
7309,2,1,17.411856,0.56,14,0.56,0,154
7310,2,1,19.497263,0.6,15,0.6,0,154
7311,2,1,15.363791,0.64,16,0.64,0,154
7312,2,1,5.9232125,0.68,17,0.68,0,154
7313,2,1,-1.0257504,0.72,18,0.72,0,154
7314,2,1,-4.9734936,0.76,19,0.76,0,154
7315,2,1,-19.008966,0.8,20,0.8,0,154
7316,2,1,-41.248707,0.84,21,0.84,0,154
7317,2,1,-79.08573,0.88,22,0.88,0,154
7318,0,-1,-0.0,0.88,22,0.88,0,154
7319,2,1,-185.26273,0.92,23,0.92,0,154
7320,1,0,0.0,0.92,23,0.92,0,154
7321,2,1,-604.4031,0.96,24,0.96,0,154
7322,2,1,27.332655,1.0,25,1.0,0,154
7323,2,1,-1000.0,0.0,0,0.0,0,154
7324,2,1,28.346605,0.2,5,0.2,0,155
7325,2,1,28.22638,0.24,6,0.24,0,155
7326,2,1,26.773045,0.28,7,0.28,0,155
7327,2,1,23.409119,0.32,8,0.32,0,155
7328,2,1,22.762478,0.36,9,0.36,0,155
7329,2,1,22.671667,0.4,10,0.4,0,155
7330,1,0,0.0,0.4,10,0.4,0,155
7331,2,1,-6.5202236,0.44,11,0.44,0,155
7332,0,-1,-21.522146,0.4,10,0.4,0,155
7333,2,1,23.131649,0.44,11,0.44,0,155
7334,0,-1,-21.736273,0.4,10,0.4,0,155
7335,2,1,20.813057,0.44,11,0.44,0,155
7336,2,1,-7.3912225,0.48,12,0.48,0,155
7337,2,1,16.6261,0.52,13,0.52,0,155
7338,2,1,17.849766,0.56,14,0.56,0,155
7339,0,-1,9.921343,0.52,13,0.52,0,155
7340,2,1,-9.92185,0.56,14,0.56,0,155
7341,2,1,13.99942,0.6,15,0.6,0,155
7342,0,-1,-0.0,0.6,15,0.6,0,155
7343,1,0,0.0,0.6,15,0.6,0,155
7344,2,1,9.372625,0.64,16,0.64,0,155
7345,2,1,13.54824,0.68,17,0.68,0,155
7346,0,-1,-0.0,0.68,17,0.68,0,155
7347,0,-1,-0.0,0.68,17,0.68,0,155
7348,2,1,0.43314496,0.72,18,0.72,0,155
7349,2,1,-4.5079837,0.76,19,0.76,1,155
7350,1,0,0.0,0.76,19,0.76,0,155
7351,1,0,0.0,0.76,19,0.76,0,155
7352,0,-1,-0.0,0.76,19,0.76,0,155
7353,2,1,-12.338399,0.8,20,0.8,0,155
7354,2,1,-39.240784,0.84,21,0.84,0,155
7355,2,1,-82.90845,0.88,22,0.88,0,155
7356,2,1,-187.13792,0.92,23,0.92,0,155
7357,2,1,-603.80743,0.96,24,0.96,0,155
7358,2,1,-100.0,0.0,0,0.0,0,155
7359,2,1,-4.1407347,0.2,5,0.2,0,156
7360,2,1,28.22638,0.24,6,0.24,0,156
7361,1,0,0.0,0.24,6,0.24,0,156
7362,2,1,27.971514,0.28,7,0.28,0,156
7363,0,-1,4.515826,0.24,6,0.24,0,156
7364,2,1,26.773045,0.28,7,0.28,0,156
7365,2,1,24.804493,0.32,8,0.32,0,156
7366,0,-1,-0.0,0.32,8,0.32,0,156
7367,0,-1,-27.639961,0.28,7,0.28,0,156
7368,0,-1,-0.0,0.28,7,0.28,0,156
7369,2,1,22.923813,0.32,8,0.32,0,156
7370,2,1,27.207449,0.36,9,0.36,0,156
7371,2,1,19.760296,0.4,10,0.4,0,156
7372,2,1,16.93672,0.44,11,0.44,0,156
7373,0,-1,-0.0,0.44,11,0.44,0,156
7374,2,1,19.941977,0.48,12,0.48,0,156
7375,2,1,22.785866,0.52,13,0.52,0,156
7376,2,1,15.202398,0.56,14,0.56,0,156
7377,2,1,13.99942,0.6,15,0.6,0,156
7378,2,1,9.372625,0.64,16,0.64,0,156
7379,2,1,3.8674147,0.68,17,0.68,0,156
7380,1,0,0.0,0.68,17,0.68,0,156
7381,0,-1,-0.0,0.68,17,0.68,0,156
7382,0,-1,-0.0,0.68,17,0.68,0,156
7383,0,-1,-0.0,0.68,17,0.68,0,156
7384,2,1,-100.0,0.0,0,0.0,0,156
7385,2,1,28.364332,0.2,5,0.2,0,157
7386,2,1,23.763681,0.24,6,0.24,0,157
7387,2,1,21.623924,0.28,7,0.28,0,157
7388,2,1,27.639961,0.32,8,0.32,0,157
7389,2,1,18.94795,0.36,9,0.36,0,157
7390,2,1,14.94466,0.4,10,0.4,0,157
7391,2,1,17.690945,0.44,11,0.44,0,157
7392,2,1,14.516545,0.48,12,0.48,0,157
7393,0,-1,-0.0,0.48,12,0.48,1,157
7394,1,0,0.0,0.48,12,0.48,0,157
7395,2,1,22.7959,0.52,13,0.52,0,157
7396,0,-1,-0.0,0.52,13,0.52,0,157
7397,1,0,0.0,0.52,13,0.52,0,157
7398,0,-1,-13.388698,0.48,12,0.48,0,157
7399,0,-1,-16.811037,0.44,11,0.44,0,157
7400,2,1,23.885597,0.48,12,0.48,0,157
7401,1,0,0.0,0.48,12,0.48,0,157
7402,1,0,0.0,0.48,12,0.48,0,157
7403,1,0,0.0,0.48,12,0.48,0,157
7404,1,0,0.0,0.48,12,0.48,0,157
7405,2,1,21.155882,0.52,13,0.52,0,157
7406,1,0,0.0,0.52,13,0.52,0,157
7407,1,0,0.0,0.52,13,0.52,0,157
7408,1,0,0.0,0.52,13,0.52,0,157
7409,1,0,0.0,0.52,13,0.52,0,157
7410,2,1,17.417658,0.56,14,0.56,0,157
7411,0,-1,-10.912,0.52,13,0.52,0,157
7412,0,-1,-0.0,0.52,13,0.52,0,157
7413,0,-1,-0.0,0.52,13,0.52,0,157
7414,2,1,17.848415,0.56,14,0.56,0,157
7415,0,-1,-0.0,0.56,14,0.56,0,157
7416,2,1,13.996421,0.6,15,0.6,0,157
7417,2,1,14.22172,0.64,16,0.64,0,157
7418,1,0,0.0,0.64,16,0.64,0,157
7419,2,1,9.03936,0.68,17,0.68,0,157
7420,2,1,1.0729431,0.72,18,0.72,0,157
7421,2,1,-4.5074415,0.76,19,0.76,0,157
7422,1,0,0.0,0.76,19,0.76,0,157
7423,2,1,-18.425371,0.8,20,0.8,0,157
7424,0,-1,15.210709,0.76,19,0.76,0,157
7425,0,-1,5.8312564,0.72,18,0.72,0,157
7426,2,1,-4.7224603,0.76,19,0.76,0,157
7427,2,1,-20.29455,0.8,20,0.8,0,157
7428,1,0,0.0,0.8,20,0.8,0,157
7429,0,-1,-0.0,0.8,20,0.8,0,157
7430,1,0,0.0,0.8,20,0.8,0,157
7431,2,1,-34.316795,0.84,21,0.84,0,157
7432,0,-1,36.65063,0.8,20,0.8,0,157
7433,2,1,-39.452637,0.84,21,0.84,0,157
7434,2,1,-82.81032,0.88,22,0.88,0,157
7435,2,1,-187.31157,0.92,23,0.92,0,157
7436,2,1,-600.13385,0.96,24,0.96,0,157
7437,0,-1,-0.0,0.96,24,0.96,0,157
7438,2,1,21.505615,1.0,25,1.0,0,157
7439,0,-1,-1000.0,0.0,0,0.0,0,157
7440,2,1,-4.1406527,0.2,5,0.2,0,158
7441,2,1,28.208652,0.24,6,0.24,0,158
7442,2,1,26.767761,0.28,7,0.28,0,158
7443,2,1,24.80235,0.32,8,0.32,0,158
7444,0,-1,-0.0,0.32,8,0.32,0,158
7445,1,0,0.0,0.32,8,0.32,0,158
7446,2,1,23.216873,0.36,9,0.36,0,158
7447,2,1,21.503027,0.4,10,0.4,0,158
7448,0,-1,-0.0,0.4,10,0.4,0,158
7449,2,1,18.849876,0.44,11,0.44,0,158
7450,2,1,15.840156,0.48,12,0.48,0,158
7451,0,-1,-0.0,0.48,12,0.48,0,158
7452,2,1,18.264599,0.52,13,0.52,0,158
7453,1,0,0.0,0.52,13,0.52,0,158
7454,0,-1,8.49764,0.48,12,0.48,0,158
7455,1,0,0.0,0.48,12,0.48,0,158
7456,2,1,17.43542,0.52,13,0.52,0,158
7457,0,-1,-0.0,0.52,13,0.52,0,158
7458,2,1,22.583641,0.56,14,0.56,0,158
7459,2,1,12.717758,0.6,15,0.6,0,158
7460,0,-1,-14.146816,0.56,14,0.56,0,158
7461,2,1,9.335522,0.6,15,0.6,0,158
7462,2,1,6.8956656,0.64,16,0.64,0,158
7463,2,1,-100.0,0.0,0,0.0,0,158
7464,2,1,28.346605,0.2,5,0.2,0,159
7465,0,-1,-0.0,0.2,5,0.2,0,159
7466,0,-1,-0.0,0.2,5,0.2,0,159
7467,2,1,-4.278605,0.24,6,0.24,0,159
7468,2,1,-4.515826,0.28,7,0.28,0,159
7469,0,-1,4.515826,0.24,6,0.24,0,159
7470,0,-1,-28.208652,0.2,5,0.2,0,159
7471,1,0,0.0,0.2,5,0.2,0,159
7472,2,1,-4.2792473,0.24,6,0.24,0,159
7473,2,1,-4.516251,0.28,7,0.28,0,159
7474,2,1,27.639961,0.32,8,0.32,0,159
7475,1,0,0.0,0.32,8,0.32,0,159
7476,0,-1,4.847804,0.28,7,0.28,0,159
7477,2,1,27.657686,0.32,8,0.32,0,159
7478,2,1,26.008978,0.36,9,0.36,0,159
7479,2,1,-5.829622,0.4,10,0.4,0,159
7480,0,-1,-26.658304,0.36,9,0.36,0,159
7481,2,1,-5.829626,0.4,10,0.4,0,159
7482,2,1,-6.520815,0.44,11,0.44,0,159
7483,2,1,20.651064,0.48,12,0.48,0,159
7484,1,0,0.0,0.48,12,0.48,0,159
7485,0,-1,7.391896,0.44,11,0.44,0,159
7486,2,1,25.096035,0.48,12,0.48,0,159
7487,0,-1,-0.0,0.48,12,0.48,0,159
7488,1,0,0.0,0.48,12,0.48,0,159
7489,1,0,0.0,0.48,12,0.48,0,159
7490,0,-1,-25.096035,0.44,11,0.44,0,159
7491,1,0,0.0,0.44,11,0.44,0,159
7492,0,-1,-21.522146,0.4,10,0.4,0,159
7493,1,0,0.0,0.4,10,0.4,0,159
7494,1,0,0.0,0.4,10,0.4,0,159
7495,0,-1,-0.0,0.4,10,0.4,0,159
7496,0,-1,5.829626,0.36,9,0.36,0,159
7497,2,1,26.658304,0.4,10,0.4,0,159
7498,1,0,0.0,0.4,10,0.4,0,159
7499,0,-1,-0.0,0.4,10,0.4,0,159
7500,2,1,-6.5208097,0.44,11,0.44,0,159
7501,2,1,22.260569,0.48,12,0.48,0,159
7502,0,-1,7.391891,0.44,11,0.44,0,159
7503,1,0,0.0,0.44,11,0.44,0,159
7504,2,1,23.892282,0.48,12,0.48,0,159
7505,0,-1,-0.0,0.48,12,0.48,0,159
7506,0,-1,-0.0,0.48,12,0.48,0,159
7507,1,0,0.0,0.48,12,0.48,0,159
7508,1,0,0.0,0.48,12,0.48,0,159
7509,2,1,19.27347,0.52,13,0.52,0,159
7510,0,-1,-0.0,0.52,13,0.52,0,159
7511,1,0,0.0,0.52,13,0.52,0,159
7512,1,0,0.0,0.52,13,0.52,0,159
7513,2,1,-9.921425,0.56,14,0.56,0,159
7514,1,0,0.0,0.56,14,0.56,0,159
7515,0,-1,9.92201,0.52,13,0.52,0,159
7516,2,1,17.411856,0.56,14,0.56,0,159
7517,2,1,13.337499,0.6,15,0.6,0,159
7518,0,-1,11.7863245,0.56,14,0.56,0,159
7519,0,-1,-0.0,0.56,14,0.56,0,159
7520,2,1,16.256044,0.6,15,0.6,0,159
7521,1,0,0.0,0.6,15,0.6,0,159
7522,0,-1,11.786884,0.56,14,0.56,0,159
7523,0,-1,9.921343,0.52,13,0.52,0,159
7524,2,1,15.667908,0.56,14,0.56,0,159
7525,0,-1,-0.0,0.56,14,0.56,0,159
7526,0,-1,-18.120945,0.52,13,0.52,0,159
7527,2,1,15.86432,0.56,14,0.56,0,159
7528,2,1,11.67062,0.6,15,0.6,0,159
7529,2,1,9.372625,0.64,16,0.64,0,159
7530,2,1,3.6683664,0.68,17,0.68,0,159
7531,2,1,-1.1203544,0.72,18,0.72,0,159
7532,1,0,0.0,0.72,18,0.72,0,159
7533,0,-1,-0.0,0.72,18,0.72,0,159
7534,2,1,-6.9889317,0.76,19,0.76,0,159
7535,2,1,-18.42504,0.8,20,0.8,0,159
7536,0,-1,-0.0,0.8,20,0.8,0,159
7537,2,1,-41.2978,0.84,21,0.84,0,159
7538,2,1,-82.853645,0.88,22,0.88,0,159
7539,2,1,-100.0,0.0,0,0.0,0,159
7540,2,1,-4.1406527,0.2,5,0.2,0,160
7541,0,-1,4.1406527,0.16,4,0.16,0,160
7542,2,1,28.364332,0.2,5,0.2,0,160
7543,2,1,23.763681,0.24,6,0.24,0,160
7544,1,0,0.0,0.24,6,0.24,0,160
7545,2,1,27.971514,0.28,7,0.28,0,160
7546,2,1,26.441492,0.32,8,0.32,0,160
7547,2,1,24.37198,0.36,9,0.36,0,160
7548,0,-1,-22.762478,0.32,8,0.32,0,160
7549,2,1,26.003696,0.36,9,0.36,0,160
7550,2,1,23.820692,0.4,10,0.4,0,160
7551,2,1,21.249996,0.44,11,0.44,0,160
7552,2,1,20.379887,0.48,12,0.48,0,160
7553,2,1,17.28756,0.52,13,0.52,0,160
7554,0,-1,-0.0,0.52,13,0.52,0,160
7555,1,0,0.0,0.52,13,0.52,0,160
7556,2,1,15.667908,0.56,14,0.56,0,160
7557,2,1,11.872,0.6,15,0.6,0,160
7558,1,0,0.0,0.6,15,0.6,0,160
7559,2,1,7.268829,0.64,16,0.64,0,160
7560,1,0,0.0,0.64,16,0.64,0,160
7561,2,1,8.050396,0.68,17,0.68,0,160
7562,1,0,0.0,0.68,17,0.68,0,160
7563,2,1,4.656823,0.72,18,0.72,0,160
7564,0,-1,-0.0,0.72,18,0.72,0,160
7565,2,1,-6.640372,0.76,19,0.76,0,160
7566,2,1,-20.63484,0.8,20,0.8,0,160
7567,2,1,-37.21477,0.84,21,0.84,0,160
7568,1,0,0.0,0.84,21,0.84,0,160
7569,0,-1,-0.0,0.84,21,0.84,0,160
7570,1,0,0.0,0.84,21,0.84,0,160
7571,2,1,-80.797844,0.88,22,0.88,0,160
7572,2,1,-181.27708,0.92,23,0.92,0,160
7573,2,1,-600.14154,0.96,24,0.96,0,160
7574,2,1,23.560968,1.0,25,1.0,0,160
7575,2,1,-1000.0,0.0,0,0.0,0,160
7576,2,1,28.364332,0.2,5,0.2,0,161
7577,2,1,27.010183,0.24,6,0.24,0,161
7578,2,1,27.971514,0.28,7,0.28,0,161
7579,2,1,23.653324,0.32,8,0.32,0,161
7580,2,1,24.37198,0.36,9,0.36,0,161
7581,0,-1,-0.0,0.36,9,0.36,0,161
7582,2,1,20.106722,0.4,10,0.4,1,161
7583,2,1,20.259706,0.44,11,0.44,0,161
7584,1,0,0.0,0.44,11,0.44,0,161
7585,1,0,0.0,0.44,11,0.44,0,161
7586,2,1,20.89382,0.48,12,0.48,0,161
7587,2,1,19.529104,0.52,13,0.52,0,161
7588,0,-1,-18.282207,0.48,12,0.48,0,161
7589,1,0,0.0,0.48,12,0.48,0,161
7590,2,1,17.460472,0.52,13,0.52,0,161
7591,2,1,21.34877,0.56,14,0.56,0,161
7592,2,1,15.85328,0.6,15,0.6,0,161
7593,1,0,0.0,0.6,15,0.6,0,161
7594,1,0,0.0,0.6,15,0.6,0,161
7595,1,0,0.0,0.6,15,0.6,0,161
7596,0,-1,-0.0,0.6,15,0.6,0,161
7597,0,-1,-0.0,0.6,15,0.6,0,161
7598,2,1,15.352931,0.64,16,0.64,0,161
7599,2,1,7.722648,0.68,17,0.68,0,161
7600,2,1,-0.19044812,0.72,18,0.72,0,161
7601,0,-1,-3.286716,0.68,17,0.68,0,161
7602,2,1,1.0840055,0.72,18,0.72,0,161
7603,2,1,-8.507083,0.76,19,0.76,0,161
7604,1,0,0.0,0.76,19,0.76,0,161
7605,2,1,-14.665695,0.8,20,0.8,0,161
7606,2,1,-37.44511,0.84,21,0.84,0,161
7607,2,1,-82.713715,0.88,22,0.88,0,161
7608,2,1,-100.0,0.0,0,0.0,0,161
7609,2,1,28.364332,0.2,5,0.2,0,162
7610,1,0,0.0,0.2,5,0.2,0,162
7611,0,-1,-0.0,0.2,5,0.2,0,162
7612,2,1,28.208652,0.24,6,0.24,0,162
7613,2,1,-4.515744,0.28,7,0.28,0,162
7614,0,-1,-27.98924,0.24,6,0.24,0,162
7615,2,1,-4.5163865,0.28,7,0.28,0,162
7616,1,0,0.0,0.28,7,0.28,0,162
7617,1,0,0.0,0.28,7,0.28,0,162
7618,1,0,0.0,0.28,7,0.28,0,162
7619,1,0,0.0,0.28,7,0.28,0,162
7620,0,-1,4.5163865,0.24,6,0.24,0,162
7621,1,0,0.0,0.24,6,0.24,0,162
7622,2,1,-4.516251,0.28,7,0.28,0,162
7623,2,1,-4.847933,0.32,8,0.32,0,162
7624,2,1,-5.2804523,0.36,9,0.36,0,162
7625,2,1,-5.829036,0.4,10,0.4,0,162
7626,1,0,0.0,0.4,10,0.4,0,162
7627,1,0,0.0,0.4,10,0.4,0,162
7628,0,-1,5.829036,0.36,9,0.36,0,162
7629,2,1,-5.829622,0.4,10,0.4,0,162
7630,2,1,25.984842,0.44,11,0.44,0,162
7631,1,0,0.0,0.44,11,0.44,0,162
7632,2,1,-7.391896,0.48,12,0.48,0,162
7633,1,0,0.0,0.48,12,0.48,0,162
7634,2,1,-8.498311,0.52,13,0.52,0,162
7635,0,-1,-24.007345,0.48,12,0.48,0,162
7636,2,1,22.785866,0.52,13,0.52,0,162
7637,1,0,0.0,0.52,13,0.52,0,162
7638,0,-1,8.498313,0.48,12,0.48,0,162
7639,1,0,0.0,0.48,12,0.48,0,162
7640,0,-1,7.391865,0.44,11,0.44,0,162
7641,2,1,-7.3918924,0.48,12,0.48,0,162
7642,0,-1,-0.0,0.48,12,0.48,0,162
7643,0,-1,-0.0,0.48,12,0.48,0,162
7644,1,0,0.0,0.48,12,0.48,0,162
7645,1,0,0.0,0.48,12,0.48,0,162
7646,1,0,0.0,0.48,12,0.48,0,162
7647,0,-1,-0.0,0.48,12,0.48,0,162
7648,1,0,0.0,0.48,12,0.48,0,162
7649,1,0,0.0,0.48,12,0.48,0,162
7650,2,1,-8.498312,0.52,13,0.52,0,162
7651,2,1,19.728302,0.56,14,0.56,0,162
7652,1,0,0.0,0.56,14,0.56,0,162
7653,0,-1,-0.0,0.56,14,0.56,0,162
7654,2,1,15.983896,0.6,15,0.6,0,162
7655,1,0,0.0,0.6,15,0.6,0,162
7656,0,-1,11.786915,0.56,14,0.56,0,162
7657,2,1,15.545738,0.6,15,0.6,0,162
7658,2,1,-14.285936,0.64,16,0.64,0,162
7659,0,-1,-0.0,0.64,16,0.64,0,162
7660,0,-1,-0.0,0.64,16,0.64,0,162
7661,0,-1,14.285936,0.6,15,0.6,0,162
7662,2,1,11.499346,0.64,16,0.64,0,162
7663,2,1,7.853472,0.68,17,0.68,0,162
7664,0,-1,-0.0,0.68,17,0.68,0,162
7665,2,1,9.829827,0.72,18,0.72,0,162
7666,0,-1,-9.829827,0.68,17,0.68,0,162
7667,1,0,0.0,0.68,17,0.68,0,162
7668,2,1,0.8848882,0.72,18,0.72,0,162
7669,2,1,-6.345526,0.76,19,0.76,0,162
7670,0,-1,30.097908,0.72,18,0.72,0,162
7671,0,-1,-0.0,0.72,18,0.72,0,162
7672,2,1,-8.447942,0.76,19,0.76,0,162
7673,2,1,-20.530115,0.8,20,0.8,0,162
7674,2,1,-100.0,0.0,0,0.0,0,162
7675,2,1,-4.1407347,0.2,5,0.2,0,163
7676,2,1,28.208652,0.24,6,0.24,0,163
7677,1,0,0.0,0.24,6,0.24,0,163
7678,0,-1,-0.0,0.24,6,0.24,0,163
7679,2,1,26.767761,0.28,7,0.28,0,163
7680,2,1,23.409119,0.32,8,0.32,0,163
7681,0,-1,-0.0,0.32,8,0.32,0,163
7682,0,-1,-0.0,0.32,8,0.32,0,163
7683,0,-1,-23.409119,0.28,7,0.28,0,163
7684,2,1,-4.8479323,0.32,8,0.32,0,163
7685,1,0,0.0,0.32,8,0.32,0,163
7686,2,1,24.369835,0.36,9,0.36,0,163
7687,2,1,21.503027,0.4,10,0.4,0,163
7688,0,-1,5.8295894,0.36,9,0.36,0,163
7689,0,-1,-22.05217,0.32,8,0.32,0,163
7690,1,0,0.0,0.32,8,0.32,0,163
7691,2,1,22.05217,0.36,9,0.36,0,163
7692,1,0,0.0,0.36,9,0.36,0,163
7693,2,1,19.294134,0.4,10,0.4,0,163
7694,2,1,21.249996,0.44,11,0.44,0,163
7695,2,1,15.584806,0.48,12,0.48,0,163
7696,2,1,16.87238,0.52,13,0.52,0,163
7697,0,-1,-0.0,0.52,13,0.52,0,163
7698,2,1,-9.921343,0.56,14,0.56,0,163
7699,2,1,16.710442,0.6,15,0.6,0,163
7700,2,1,12.476384,0.64,16,0.64,0,163
7701,2,1,7.103842,0.68,17,0.68,0,163
7702,0,-1,17.735348,0.64,16,0.64,0,163
7703,2,1,6.768734,0.68,17,0.68,0,163
7704,2,1,0.6721301,0.72,18,0.72,0,163
7705,2,1,-8.801521,0.76,19,0.76,0,163
7706,0,-1,-0.0,0.76,19,0.76,0,163
7707,2,1,-100.0,0.0,0,0.0,0,163
7708,2,1,-4.1407347,0.2,5,0.2,0,164
7709,2,1,-4.279113,0.24,6,0.24,0,164
7710,2,1,27.971514,0.28,7,0.28,0,164
7711,2,1,-4.847933,0.32,8,0.32,0,164
7712,1,0,0.0,0.32,8,0.32,0,164
7713,2,1,26.003696,0.36,9,0.36,0,164
7714,2,1,22.66773,0.4,10,0.4,0,164
7715,0,-1,-0.0,0.4,10,0.4,0,164
7716,0,-1,-0.0,0.4,10,0.4,0,164
7717,0,-1,-0.0,0.4,10,0.4,0,164
7718,2,1,21.736273,0.44,11,0.44,0,164
7719,1,0,0.0,0.44,11,0.44,0,164
7720,0,-1,-0.0,0.44,11,0.44,0,164
7721,2,1,-7.3912225,0.48,12,0.48,0,164
7722,2,1,17.50569,0.52,13,0.52,0,164
7723,2,1,22.583641,0.56,14,0.56,0,164
7724,1,0,0.0,0.56,14,0.56,0,164
7725,1,0,0.0,0.56,14,0.56,0,164
7726,0,-1,-18.57534,0.52,13,0.52,0,164
7727,1,0,0.0,0.52,13,0.52,0,164
7728,1,0,0.0,0.52,13,0.52,0,164
7729,1,0,0.0,0.52,13,0.52,0,164
7730,2,1,21.367445,0.56,14,0.56,0,164
7731,1,0,0.0,0.56,14,0.56,0,164
7732,0,-1,-0.0,0.56,14,0.56,0,164
7733,2,1,14.774389,0.6,15,0.6,0,164
7734,2,1,15.365936,0.64,16,0.64,0,164
7735,0,-1,-12.274778,0.6,15,0.6,0,164
7736,1,0,0.0,0.6,15,0.6,0,164
7737,2,1,14.2147665,0.64,16,0.64,0,164
7738,0,-1,14.2864895,0.6,15,0.6,0,164
7739,2,1,15.363791,0.64,16,0.64,0,164
7740,2,1,8.20041,0.68,17,0.68,0,164
7741,0,-1,-0.0,0.68,17,0.68,0,164
7742,0,-1,-8.20041,0.64,16,0.64,0,164
7743,2,1,9.596714,0.68,17,0.68,0,164
7744,1,0,0.0,0.68,17,0.68,0,164
7745,1,0,0.0,0.68,17,0.68,0,164
7746,2,1,2.4479303,0.72,18,0.72,0,164
7747,2,1,-30.097876,0.76,19,0.76,0,164
7748,2,1,-19.009306,0.8,20,0.8,0,164
7749,2,1,-41.873146,0.84,21,0.84,0,164
7750,0,-1,62.804016,0.8,20,0.8,0,164
7751,2,1,-37.43349,0.84,21,0.84,0,164
7752,2,1,-83.594315,0.88,22,0.88,0,164
7753,2,1,-189.8452,0.92,23,0.92,0,164
7754,2,1,-601.91797,0.96,24,0.96,0,164
7755,2,1,0.0,0.96,24,0.96,0,164
7756,1,0,0.0,0.96,24,0.96,0,164
7757,2,1,21.296387,1.0,25,1.0,0,164
7758,2,1,-1000.0,0.0,0,0.0,0,164
7759,2,1,-4.1406527,0.2,5,0.2,0,165
7760,2,1,28.208652,0.24,6,0.24,0,165
7761,1,0,0.0,0.24,6,0.24,0,165
7762,2,1,27.98924,0.28,7,0.28,0,165
7763,2,1,26.441492,0.32,8,0.32,0,165
7764,0,-1,-27.639961,0.28,7,0.28,0,165
7765,2,1,27.639961,0.32,8,0.32,0,165
7766,1,0,0.0,0.32,8,0.32,0,165
7767,2,1,-5.279892,0.36,9,0.36,0,165
7768,0,-1,-26.008978,0.32,8,0.32,0,165
7769,1,0,0.0,0.32,8,0.32,0,165
7770,2,1,26.003696,0.36,9,0.36,0,165
7771,1,0,0.0,0.36,9,0.36,0,165
7772,2,1,25.459835,0.4,10,0.4,0,165
7773,0,-1,-0.0,0.4,10,0.4,0,165
7774,2,1,-6.5207767,0.44,11,0.44,0,165
7775,1,0,0.0,0.44,11,0.44,0,165
7776,1,0,0.0,0.44,11,0.44,0,165
7777,1,0,0.0,0.44,11,0.44,0,165
7778,2,1,21.109398,0.48,12,0.48,0,165
7779,1,0,0.0,0.48,12,0.48,0,165
7780,0,-1,-0.0,0.48,12,0.48,0,165
7781,2,1,-8.498146,0.52,13,0.52,0,165
7782,1,0,0.0,0.52,13,0.52,0,165
7783,0,-1,-22.785866,0.48,12,0.48,0,165
7784,2,1,21.154152,0.52,13,0.52,0,165
7785,0,-1,-23.989618,0.48,12,0.48,0,165
7786,2,1,-8.498307,0.52,13,0.52,0,165
7787,0,-1,-0.0,0.52,13,0.52,0,165
7788,0,-1,8.498307,0.48,12,0.48,0,165
7789,0,-1,7.391858,0.44,11,0.44,0,165
7790,1,0,0.0,0.44,11,0.44,0,165
7791,0,-1,6.5202236,0.4,10,0.4,0,165
7792,2,1,25.967117,0.44,11,0.44,0,165
7793,0,-1,-0.0,0.44,11,0.44,0,165
7794,2,1,-7.3918905,0.48,12,0.48,0,165
7795,2,1,22.785866,0.52,13,0.52,0,165
7796,1,0,0.0,0.52,13,0.52,0,165
7797,2,1,-9.922016,0.56,14,0.56,0,165
7798,1,0,0.0,0.56,14,0.56,0,165
7799,1,0,0.0,0.56,14,0.56,0,165
7800,1,0,0.0,0.56,14,0.56,0,165
7801,1,0,0.0,0.56,14,0.56,0,165
7802,0,-1,-21.362164,0.52,13,0.52,0,165
7803,0,-1,8.498313,0.48,12,0.48,0,165
7804,2,1,-8.497722,0.52,13,0.52,0,165
7805,1,0,0.0,0.52,13,0.52,0,165
7806,0,-1,-0.0,0.52,13,0.52,0,165
7807,2,1,-9.922015,0.56,14,0.56,0,165
7808,0,-1,-0.0,0.56,14,0.56,0,165
7809,0,-1,-0.0,0.56,14,0.56,0,165
7810,1,0,0.0,0.56,14,0.56,0,165
7811,2,1,19.497263,0.6,15,0.6,0,165
7812,0,-1,-0.0,0.6,15,0.6,0,165
7813,2,1,-14.2864895,0.64,16,0.64,0,165
7814,2,1,-17.735939,0.68,17,0.68,0,165
7815,0,-1,17.735939,0.64,16,0.64,0,165
7816,0,-1,-0.0,0.64,16,0.64,0,165
7817,0,-1,-0.0,0.64,16,0.64,0,165
7818,0,-1,14.285936,0.6,15,0.6,0,165
7819,0,-1,-0.0,0.6,15,0.6,0,165
7820,1,0,0.0,0.6,15,0.6,0,165
7821,2,1,14.21083,0.64,16,0.64,0,165
7822,0,-1,-14.2147665,0.6,15,0.6,0,165
7823,0,-1,11.786878,0.56,14,0.56,0,165
7824,0,-1,-0.0,0.56,14,0.56,0,165
7825,0,-1,-0.0,0.56,14,0.56,0,165
7826,0,-1,-0.0,0.56,14,0.56,0,165
7827,1,0,0.0,0.56,14,0.56,0,165
7828,2,1,16.256044,0.6,15,0.6,0,165
7829,1,0,0.0,0.6,15,0.6,0,165
7830,0,-1,-0.0,0.6,15,0.6,0,165
7831,2,1,-14.286496,0.64,16,0.64,0,165
7832,1,0,0.0,0.64,16,0.64,0,165
7833,1,0,0.0,0.64,16,0.64,0,165
7834,1,0,0.0,0.64,16,0.64,0,165
7835,0,-1,-0.0,0.64,16,0.64,0,165
7836,2,1,9.597933,0.68,17,0.68,0,165
7837,2,1,2.4485834,0.72,18,0.72,0,165
7838,1,0,0.0,0.72,18,0.72,0,165
7839,1,0,0.0,0.72,18,0.72,0,165
7840,1,0,0.0,0.72,18,0.72,0,165
7841,1,0,0.0,0.72,18,0.72,0,165
7842,0,-1,-0.0,0.72,18,0.72,0,165
7843,0,-1,-5.36713,0.68,17,0.68,0,165
7844,2,1,0.43314496,0.72,18,0.72,0,165
7845,1,0,0.0,0.72,18,0.72,0,165
7846,2,1,-9.037,0.76,19,0.76,0,165
7847,0,-1,30.097906,0.72,18,0.72,0,165
7848,2,1,-9.100745,0.76,19,0.76,0,165
7849,2,1,-100.0,0.0,0,0.0,0,165
7850,0,-1,-0.0,0.16,4,0.16,0,166
7851,1,0,0.0,0.16,4,0.16,0,166
7852,2,1,-4.1407347,0.2,5,0.2,0,166
7853,0,-1,-0.0,0.2,5,0.2,0,166
7854,2,1,-4.278605,0.24,6,0.24,0,166
7855,1,0,0.0,0.24,6,0.24,0,166
7856,2,1,27.971514,0.28,7,0.28,0,166
7857,1,0,0.0,0.28,7,0.28,0,166
7858,1,0,0.0,0.28,7,0.28,0,166
7859,2,1,27.657686,0.32,8,0.32,0,166
7860,2,1,22.762478,0.36,9,0.36,0,166
7861,1,0,0.0,0.36,9,0.36,0,166
7862,1,0,0.0,0.36,9,0.36,0,166
7863,0,-1,5.279892,0.32,8,0.32,0,166
7864,2,1,26.003696,0.36,9,0.36,0,166
7865,0,-1,-0.0,0.36,9,0.36,0,166
7866,0,-1,-0.0,0.36,9,0.36,0,166
7867,1,0,0.0,0.36,9,0.36,0,166
7868,2,1,23.820692,0.4,10,0.4,0,166
7869,1,0,0.0,0.4,10,0.4,0,166
7870,2,1,21.976542,0.44,11,0.44,0,166
7871,2,1,20.378916,0.48,12,0.48,0,166
7872,1,0,0.0,0.48,12,0.48,0,166
7873,0,-1,-20.651064,0.44,11,0.44,0,166
7874,2,1,19.371016,0.48,12,0.48,0,166
7875,2,1,17.28756,0.52,13,0.52,0,166
7876,2,1,14.917766,0.56,14,0.56,0,166
7877,2,1,11.965466,0.6,15,0.6,0,166
7878,2,1,17.002935,0.64,16,0.64,0,166
7879,1,0,0.0,0.64,16,0.64,0,166
7880,2,1,5.9229755,0.68,17,0.68,0,166
7881,2,1,2.913581,0.72,18,0.72,0,166
7882,2,1,-6.5371885,0.76,19,0.76,0,166
7883,2,1,-20.290411,0.8,20,0.8,0,166
7884,2,1,-100.0,0.0,0,0.0,0,166
7885,2,1,28.346605,0.2,5,0.2,0,167
7886,2,1,23.97781,0.24,6,0.24,0,167
7887,0,-1,-0.0,0.24,6,0.24,0,167
7888,1,0,0.0,0.24,6,0.24,0,167
7889,0,-1,-0.0,0.24,6,0.24,0,167
7890,2,1,-4.515826,0.28,7,0.28,0,167
7891,0,-1,-0.0,0.28,7,0.28,0,167
7892,0,-1,4.515826,0.24,6,0.24,0,167
7893,0,-1,-23.97781,0.2,5,0.2,0,167
7894,2,1,28.22638,0.24,6,0.24,0,167
7895,1,0,0.0,0.24,6,0.24,0,167
7896,2,1,26.767761,0.28,7,0.28,0,167
7897,2,1,26.441492,0.32,8,0.32,0,167
7898,1,0,0.0,0.32,8,0.32,1,167
7899,1,0,0.0,0.32,8,0.32,0,167
7900,1,0,0.0,0.32,8,0.32,0,167
7901,2,1,23.247845,0.36,9,0.36,0,167
7902,0,-1,-0.0,0.36,9,0.36,0,167
7903,2,1,20.879808,0.4,10,0.4,0,167
7904,2,1,23.144829,0.44,11,0.44,0,167
7905,2,1,22.214603,0.48,12,0.48,0,167
7906,0,-1,-0.0,0.48,12,0.48,0,167
7907,1,0,0.0,0.48,12,0.48,0,167
7908,2,1,19.067467,0.52,13,0.52,0,167
7909,2,1,14.766464,0.56,14,0.56,0,167
7910,2,1,15.944285,0.6,15,0.6,0,167
7911,1,0,0.0,0.6,15,0.6,0,167
7912,2,1,11.151169,0.64,16,0.64,0,167
7913,1,0,0.0,0.64,16,0.64,0,167
7914,2,1,5.1252885,0.68,17,0.68,0,167
7915,2,1,3.1949768,0.72,18,0.72,0,167
7916,2,1,-8.977287,0.76,19,0.76,0,167
7917,2,1,-19.395363,0.8,20,0.8,0,167
7918,1,0,0.0,0.8,20,0.8,0,167
7919,0,-1,-0.0,0.8,20,0.8,0,167
7920,0,-1,-0.0,0.8,20,0.8,0,167
7921,0,-1,-0.0,0.8,20,0.8,0,167
7922,2,1,-100.0,0.0,0,0.0,0,167
7923,2,1,28.346605,0.2,5,0.2,0,168
7924,2,1,27.0049,0.24,6,0.24,0,168
7925,2,1,27.98924,0.28,7,0.28,0,168
7926,2,1,26.441492,0.32,8,0.32,0,168
7927,2,1,24.369835,0.36,9,0.36,0,168
7928,2,1,22.66773,0.4,10,0.4,0,168
7929,0,-1,-0.0,0.4,10,0.4,0,168
7930,2,1,23.131649,0.44,11,0.44,0,168
7931,1,0,0.0,0.44,11,0.44,0,168
7932,0,-1,-0.0,0.44,11,0.44,0,168
7933,0,-1,-0.0,0.44,11,0.44,0,168
7934,2,1,19.941977,0.48,12,0.48,0,168
7935,1,0,0.0,0.48,12,0.48,0,168
7936,1,0,0.0,0.48,12,0.48,0,168
7937,0,-1,-0.0,0.48,12,0.48,0,168
7938,0,-1,-21.105461,0.44,11,0.44,0,168
7939,0,-1,-0.0,0.44,11,0.44,0,168
7940,2,1,21.105461,0.48,12,0.48,0,168
7941,2,1,18.264599,0.52,13,0.52,0,168
7942,1,0,0.0,0.52,13,0.52,0,168
7943,1,0,0.0,0.52,13,0.52,0,168
7944,2,1,17.410637,0.56,14,0.56,0,168
7945,2,1,13.5837755,0.6,15,0.6,0,168
7946,2,1,13.484284,0.64,16,0.64,0,168
7947,1,0,0.0,0.64,16,0.64,0,168
7948,1,0,0.0,0.64,16,0.64,0,168
7949,1,0,0.0,0.64,16,0.64,0,168
7950,1,0,0.0,0.64,16,0.64,0,168
7951,2,1,7.3878217,0.68,17,0.68,0,168
7952,0,-1,-0.0,0.68,17,0.68,0,168
7953,2,1,0.6721301,0.72,18,0.72,0,168
7954,2,1,-4.7266426,0.76,19,0.76,0,168
7955,2,1,-14.214226,0.8,20,0.8,0,168
7956,2,1,-39.82748,0.84,21,0.84,0,168
7957,0,-1,-0.0,0.84,21,0.84,0,168
7958,0,-1,-0.0,0.84,21,0.84,0,168
7959,2,1,-83.21686,0.88,22,0.88,0,168
7960,0,-1,-0.0,0.88,22,0.88,0,168
7961,2,1,-185.37862,0.92,23,0.92,0,168
7962,1,0,0.0,0.92,23,0.92,0,168
7963,2,1,-100.0,0.0,0,0.0,0,168
7964,2,1,28.346605,0.2,5,0.2,0,169
7965,0,-1,-0.0,0.2,5,0.2,0,169
7966,0,-1,-0.0,0.2,5,0.2,0,169
7967,1,0,0.0,0.2,5,0.2,0,169
7968,2,1,23.97781,0.24,6,0.24,0,169
7969,1,0,0.0,0.24,6,0.24,0,169
7970,2,1,22.044888,0.28,7,0.28,0,169
7971,1,0,0.0,0.28,7,0.28,0,169
7972,2,1,26.436209,0.32,8,0.32,0,169
7973,2,1,24.369835,0.36,9,0.36,0,169
7974,1,0,0.0,0.36,9,0.36,0,169
7975,2,1,19.43815,0.4,10,0.4,0,169
7976,1,0,0.0,0.4,10,0.4,0,169
7977,2,1,20.811838,0.44,11,0.44,0,169
7978,1,0,0.0,0.44,11,0.44,0,169
7979,2,1,20.378916,0.48,12,0.48,1,169
7980,2,1,16.860762,0.52,13,0.52,0,169
7981,2,1,22.591324,0.56,14,0.56,0,169
7982,1,0,0.0,0.56,14,0.56,0,169
7983,2,1,19.512981,0.6,15,0.6,0,169
7984,1,0,0.0,0.6,15,0.6,0,169
7985,2,1,11.292518,0.64,16,0.64,0,169
7986,1,0,0.0,0.64,16,0.64,0,169
7987,1,0,0.0,0.64,16,0.64,0,169
7988,2,1,5.6007404,0.68,17,0.68,0,169
7989,2,1,-1.4471419,0.72,18,0.72,0,169
7990,2,1,-4.9873753,0.76,19,0.76,0,169
7991,2,1,-100.0,0.0,0,0.0,0,169
7992,2,1,28.364332,0.2,5,0.2,0,170
7993,2,1,28.208652,0.24,6,0.24,0,170
7994,1,0,0.0,0.24,6,0.24,0,170
7995,2,1,26.773045,0.28,7,0.28,0,170
7996,2,1,23.19499,0.32,8,0.32,0,170
7997,2,1,26.003696,0.36,9,0.36,0,170
7998,2,1,23.820692,0.4,10,0.4,0,170
7999,2,1,21.976542,0.44,11,0.44,0,170
8000,0,-1,-0.0,0.44,11,0.44,0,170
8001,2,1,19.371016,0.48,12,0.48,0,170
8002,0,-1,-0.0,0.48,12,0.48,0,170
8003,2,1,16.341469,0.52,13,0.52,0,170
8004,2,1,19.730448,0.56,14,0.56,0,170
8005,1,0,0.0,0.56,14,0.56,0,170
8006,1,0,0.0,0.56,14,0.56,0,170
8007,2,1,15.546957,0.6,15,0.6,0,170
8008,2,1,10.837887,0.64,16,0.64,0,170
8009,2,1,10.035843,0.68,17,0.68,0,170
8010,0,-1,-0.0,0.68,17,0.68,0,170
8011,0,-1,-0.0,0.68,17,0.68,0,170
8012,2,1,5.825463,0.72,18,0.72,0,170
8013,0,-1,-5.825463,0.68,17,0.68,0,170
8014,2,1,5.825463,0.72,18,0.72,0,170
8015,2,1,-4.3115716,0.76,19,0.76,0,170
8016,2,1,-19.008966,0.8,20,0.8,0,170
8017,0,-1,13.4847145,0.76,19,0.76,0,170
8018,2,1,-18.326857,0.8,20,0.8,0,170
8019,1,0,0.0,0.8,20,0.8,0,170
8020,0,-1,-0.0,0.8,20,0.8,0,170
8021,1,0,0.0,0.8,20,0.8,0,170
8022,2,1,-62.803593,0.84,21,0.84,0,170
8023,0,-1,-0.0,0.84,21,0.84,0,170
8024,1,0,0.0,0.84,21,0.84,0,170
8025,2,1,-81.34802,0.88,22,0.88,0,170
8026,0,-1,104.456406,0.84,21,0.84,0,170
8027,0,-1,39.82714,0.8,20,0.8,0,170
8028,2,1,-37.43292,0.84,21,0.84,0,170
8029,0,-1,-0.0,0.84,21,0.84,0,170
8030,2,1,-81.47996,0.88,22,0.88,0,170
8031,2,1,-187.0076,0.92,23,0.92,0,170
8032,0,-1,180.568,0.88,22,0.88,0,170
8033,2,1,-185.37862,0.92,23,0.92,0,170
8034,2,1,-599.676,0.96,24,0.96,0,170
8035,1,0,0.0,0.96,24,0.96,0,170
8036,0,-1,-0.0,0.96,24,0.96,0,170
8037,2,1,23.752607,1.0,25,1.0,0,170
8038,2,1,-1000.0,0.0,0,0.0,0,170
8039,0,-1,-0.0,0.16,4,0.16,0,171
8040,2,1,-4.1406527,0.2,5,0.2,0,171
8041,2,1,28.22638,0.24,6,0.24,0,171
8042,2,1,26.773045,0.28,7,0.28,0,171
8043,1,0,0.0,0.28,7,0.28,0,171
8044,2,1,23.653324,0.32,8,0.32,0,171
8045,0,-1,-0.0,0.32,8,0.32,0,171
8046,2,1,21.484077,0.36,9,0.36,0,171
8047,2,1,19.010914,0.4,10,0.4,0,171
8048,2,1,21.522146,0.44,11,0.44,0,171
8049,1,0,0.0,0.44,11,0.44,0,171
8050,2,1,18.748446,0.48,12,0.48,0,171
8051,0,-1,7.3912225,0.44,11,0.44,0,171
8052,2,1,25.096035,0.48,12,0.48,0,171
8053,1,0,0.0,0.48,12,0.48,0,171
8054,0,-1,-0.0,0.48,12,0.48,0,171
8055,2,1,22.785866,0.52,13,0.52,0,171
8056,1,0,0.0,0.52,13,0.52,0,171
8057,0,-1,-0.0,0.52,13,0.52,0,171
8058,0,-1,-17.642029,0.48,12,0.48,0,171
8059,1,0,0.0,0.48,12,0.48,0,171
8060,2,1,14.336884,0.52,13,0.52,0,171
8061,1,0,0.0,0.52,13,0.52,0,171
8062,1,0,0.0,0.52,13,0.52,0,171
8063,1,0,0.0,0.52,13,0.52,0,171
8064,2,1,-9.921343,0.56,14,0.56,0,171
8065,1,0,0.0,0.56,14,0.56,0,171
8066,0,-1,9.921343,0.52,13,0.52,0,171
8067,0,-1,-0.0,0.52,13,0.52,0,171
8068,0,-1,-14.336884,0.48,12,0.48,0,171
8069,1,0,0.0,0.48,12,0.48,0,171
8070,2,1,21.154152,0.52,13,0.52,0,171
8071,1,0,0.0,0.52,13,0.52,0,171
8072,1,0,0.0,0.52,13,0.52,0,171
8073,1,0,0.0,0.52,13,0.52,0,171
8074,0,-1,-0.0,0.52,13,0.52,0,171
8075,1,0,0.0,0.52,13,0.52,0,171
8076,1,0,0.0,0.52,13,0.52,0,171
8077,1,0,0.0,0.52,13,0.52,0,171
8078,2,1,12.759716,0.56,14,0.56,0,171
8079,0,-1,-21.362164,0.52,13,0.52,0,171
8080,2,1,21.362164,0.56,14,0.56,0,171
8081,2,1,15.984867,0.6,15,0.6,0,171
8082,1,0,0.0,0.6,15,0.6,0,171
8083,0,-1,-0.0,0.6,15,0.6,0,171
8084,2,1,11.499808,0.64,16,0.64,0,171
8085,2,1,7.8539844,0.68,17,0.68,0,171
8086,2,1,0.8851377,0.72,18,0.72,0,171
8087,0,-1,-0.0,0.72,18,0.72,0,171
8088,1,0,0.0,0.72,18,0.72,0,171
8089,2,1,-6.3453,0.76,19,0.76,0,171
8090,0,-1,-0.0,0.76,19,0.76,0,171
8091,2,1,-20.290298,0.8,20,0.8,0,171
8092,1,0,0.0,0.8,20,0.8,0,171
8093,2,1,-41.154102,0.84,21,0.84,0,171
8094,1,0,0.0,0.84,21,0.84,0,171
8095,1,0,0.0,0.84,21,0.84,0,171
8096,2,1,-74.80668,0.88,22,0.88,0,171
8097,1,0,0.0,0.88,22,0.88,0,171
8098,2,1,-187.10457,0.92,23,0.92,0,171
8099,1,0,0.0,0.92,23,0.92,0,171
8100,1,0,0.0,0.92,23,0.92,0,171
8101,2,1,-100.0,0.0,0,0.0,0,171
8102,2,1,28.346605,0.2,5,0.2,0,172
8103,2,1,27.0049,0.24,6,0.24,0,172
8104,2,1,-4.515826,0.28,7,0.28,0,172
8105,1,0,0.0,0.28,7,0.28,0,172
8106,1,0,0.0,0.28,7,0.28,0,172
8107,2,1,24.80235,0.32,8,0.32,0,172
8108,2,1,27.225174,0.36,9,0.36,0,172
8109,2,1,25.459835,0.4,10,0.4,0,172
8110,2,1,23.131649,0.44,11,0.44,0,172
8111,1,0,0.0,0.44,11,0.44,0,172
8112,2,1,21.109398,0.48,12,0.48,0,172
8113,0,-1,-0.0,0.48,12,0.48,0,172
8114,2,1,18.834341,0.52,13,0.52,0,172
8115,0,-1,8.497722,0.48,12,0.48,0,172
8116,1,0,0.0,0.48,12,0.48,0,172
8117,0,-1,-0.0,0.48,12,0.48,0,172
8118,2,1,18.266247,0.52,13,0.52,0,172
8119,2,1,15.448675,0.56,14,0.56,0,172
8120,1,0,0.0,0.56,14,0.56,0,172
8121,2,1,13.336845,0.6,15,0.6,0,172
8122,2,1,11.649822,0.64,16,0.64,0,172
8123,0,-1,-12.478033,0.6,15,0.6,0,172
8124,0,-1,-0.0,0.6,15,0.6,0,172
8125,2,1,9.061434,0.64,16,0.64,0,172
8126,2,1,5.3727202,0.68,17,0.68,0,172
8127,2,1,5.0959516,0.72,18,0.72,0,172
8128,2,1,-7.121205,0.76,19,0.76,0,172
8129,2,1,-20.989006,0.8,20,0.8,0,172
8130,0,-1,16.04966,0.76,19,0.76,0,172
8131,0,-1,-0.0,0.76,19,0.76,0,172
8132,0,-1,-0.0,0.76,19,0.76,0,172
8133,2,1,-20.689623,0.8,20,0.8,0,172
8134,0,-1,-0.0,0.8,20,0.8,0,172
8135,2,1,-100.0,0.0,0,0.0,0,172
8136,2,1,28.346605,0.2,5,0.2,0,173
8137,0,-1,-28.346605,0.16,4,0.16,0,173
8138,2,1,28.346605,0.2,5,0.2,0,173
8139,2,1,28.22638,0.24,6,0.24,0,173
8140,2,1,26.773045,0.28,7,0.28,0,173
8141,2,1,23.19499,0.32,8,0.32,0,173
8142,2,1,23.22081,0.36,9,0.36,0,173
8143,2,1,25.454552,0.4,10,0.4,0,173
8144,2,1,23.129503,0.44,11,0.44,0,173
8145,2,1,19.940758,0.48,12,0.48,0,173
8146,0,-1,-20.651064,0.44,11,0.44,0,173
8147,1,0,0.0,0.44,11,0.44,0,173
8148,1,0,0.0,0.44,11,0.44,0,173
8149,2,1,20.378916,0.48,12,0.48,0,173
8150,2,1,17.091099,0.52,13,0.52,0,173
8151,2,1,16.842545,0.56,14,0.56,0,173
8152,2,1,13.053625,0.6,15,0.6,0,173
8153,0,-1,-0.0,0.6,15,0.6,0,173
8154,2,1,9.274192,0.64,16,0.64,0,173
8155,1,0,0.0,0.64,16,0.64,0,173
8156,2,1,8.049933,0.68,17,0.68,0,173
8157,2,1,6.976633,0.72,18,0.72,0,173
8158,2,1,-7.4161754,0.76,19,0.76,0,173
8159,2,1,-14.214226,0.8,20,0.8,0,173
8160,2,1,-37.43349,0.84,21,0.84,0,173
8161,1,0,0.0,0.84,21,0.84,0,173
8162,0,-1,40.12245,0.8,20,0.8,0,173
8163,2,1,-39.572132,0.84,21,0.84,0,173
8164,2,1,-80.70462,0.88,22,0.88,0,173
8165,0,-1,-0.0,0.88,22,0.88,0,173
8166,1,0,0.0,0.88,22,0.88,0,173
8167,2,1,-186.91536,0.92,23,0.92,0,173
8168,0,-1,-0.0,0.92,23,0.92,0,173
8169,2,1,-100.0,0.0,0,0.0,0,173
8170,2,1,28.346605,0.2,5,0.2,0,174
8171,2,1,28.22638,0.24,6,0.24,0,174
8172,1,0,0.0,0.24,6,0.24,0,174
8173,2,1,26.767761,0.28,7,0.28,0,174
8174,2,1,24.80235,0.32,8,0.32,0,174
8175,2,1,22.490328,0.36,9,0.36,0,174
8176,1,0,0.0,0.36,9,0.36,0,174
8177,2,1,22.66773,0.4,10,0.4,0,174
8178,0,-1,-0.0,0.4,10,0.4,0,174
8179,2,1,19.068598,0.44,11,0.44,0,174
8180,2,1,18.393976,0.48,12,0.48,0,174
8181,2,1,15.254068,0.52,13,0.52,0,174
8182,2,1,13.638702,0.56,14,0.56,0,174
8183,0,-1,-0.0,0.56,14,0.56,0,174
8184,2,1,9.719348,0.6,15,0.6,0,174
8185,2,1,17.002935,0.64,16,0.64,0,174
8186,0,-1,-0.0,0.64,16,0.64,0,174
8187,0,-1,-14.21083,0.6,15,0.6,0,174
8188,2,1,7.169366,0.64,16,0.64,0,174
8189,0,-1,-0.0,0.64,16,0.64,0,174
8190,0,-1,-0.0,0.64,16,0.64,0,174
8191,1,0,0.0,0.64,16,0.64,0,174
8192,2,1,3.9140265,0.68,17,0.68,0,174
8193,2,1,-100.0,0.0,0,0.0,0,174
8194,2,1,-4.1407347,0.2,5,0.2,0,175
8195,2,1,28.22638,0.24,6,0.24,0,175
8196,2,1,23.526543,0.28,7,0.28,0,175
8197,1,0,0.0,0.28,7,0.28,0,175
8198,2,1,27.639961,0.32,8,0.32,0,175
8199,1,0,0.0,0.32,8,0.32,0,175
8200,1,0,0.0,0.32,8,0.32,0,175
8201,2,1,26.003696,0.36,9,0.36,0,175
8202,1,0,0.0,0.36,9,0.36,0,175
8203,0,-1,-22.762478,0.32,8,0.32,0,175
8204,2,1,23.216873,0.36,9,0.36,0,175
8205,1,0,0.0,0.36,9,0.36,0,175
8206,1,0,0.0,0.36,9,0.36,0,175
8207,1,0,0.0,0.36,9,0.36,0,175
8208,0,-1,-0.0,0.36,9,0.36,0,175
8209,0,-1,-0.0,0.36,9,0.36,0,175
8210,1,0,0.0,0.36,9,0.36,0,175
8211,2,1,20.104105,0.4,10,0.4,0,175
8212,0,-1,-20.104105,0.36,9,0.36,0,175
8213,1,0,0.0,0.36,9,0.36,0,175
8214,1,0,0.0,0.36,9,0.36,0,175
8215,2,1,-5.8295894,0.4,10,0.4,0,175
8216,2,1,-6.520809,0.44,11,0.44,0,175
8217,0,-1,-0.0,0.44,11,0.44,0,175
8218,2,1,22.258423,0.48,12,0.48,0,175
8219,2,1,22.79115,0.52,13,0.52,0,175
8220,0,-1,-0.0,0.52,13,0.52,0,175
8221,2,1,17.848795,0.56,14,0.56,0,175
8222,0,-1,-21.367445,0.52,13,0.52,0,175
8223,0,-1,-0.0,0.52,13,0.52,0,175
8224,1,0,0.0,0.52,13,0.52,0,175
8225,1,0,0.0,0.52,13,0.52,0,175
8226,2,1,21.367445,0.56,14,0.56,0,175
8227,1,0,0.0,0.56,14,0.56,0,175
8228,1,0,0.0,0.56,14,0.56,0,175
8229,0,-1,9.92201,0.52,13,0.52,0,175
8230,1,0,0.0,0.52,13,0.52,0,175
8231,2,1,16.840895,0.56,14,0.56,0,175
8232,2,1,13.998958,0.6,15,0.6,0,175
8233,1,0,0.0,0.6,15,0.6,0,175
8234,2,1,10.218146,0.64,16,0.64,0,175
8235,2,1,4.5939045,0.68,17,0.68,0,175
8236,1,0,0.0,0.68,17,0.68,0,175
8237,2,1,-22.675665,0.72,18,0.72,0,175
8238,0,-1,-0.0,0.72,18,0.72,0,175
8239,2,1,-5.258126,0.76,19,0.76,0,175
8240,0,-1,-1.1915543,0.72,18,0.72,0,175
8241,2,1,-6.4389925,0.76,19,0.76,0,175
8242,0,-1,-0.0,0.76,19,0.76,0,175
8243,1,0,0.0,0.76,19,0.76,0,175
8244,2,1,-18.233627,0.8,20,0.8,0,175
8245,2,1,-37.21477,0.84,21,0.84,0,175
8246,2,1,-82.80703,0.88,22,0.88,0,175
8247,1,0,0.0,0.88,22,0.88,0,175
8248,2,1,-187.00772,0.92,23,0.92,0,175
8249,2,1,-593.97644,0.96,24,0.96,0,175
8250,0,-1,-0.0,0.96,24,0.96,0,175
8251,1,0,0.0,0.96,24,0.96,0,175
8252,2,1,-100.0,0.0,0,0.0,0,175
8253,2,1,28.346605,0.2,5,0.2,0,176
8254,1,0,0.0,0.2,5,0.2,0,176
8255,2,1,28.22638,0.24,6,0.24,0,176
8256,0,-1,-0.0,0.24,6,0.24,0,176
8257,2,1,26.767761,0.28,7,0.28,0,176
8258,2,1,23.649387,0.32,8,0.32,0,176
8259,1,0,0.0,0.32,8,0.32,0,176
8260,1,0,0.0,0.32,8,0.32,0,176
8261,0,-1,-27.657686,0.28,7,0.28,0,176
8262,2,1,21.914942,0.32,8,0.32,0,176
8263,2,1,27.225174,0.36,9,0.36,0,176
8264,1,0,0.0,0.36,9,0.36,0,176
8265,1,0,0.0,0.36,9,0.36,0,176
8266,1,0,0.0,0.36,9,0.36,0,176
8267,1,0,0.0,0.36,9,0.36,0,176
8268,2,1,23.820692,0.4,10,0.4,0,176
8269,1,0,0.0,0.4,10,0.4,0,176
8270,2,1,21.249996,0.44,11,0.44,0,176
8271,0,-1,-20.242096,0.4,10,0.4,0,176
8272,0,-1,-0.0,0.4,10,0.4,0,176
8273,1,0,0.0,0.4,10,0.4,0,176
8274,2,1,19.068598,0.44,11,0.44,0,176
8275,2,1,20.651064,0.48,12,0.48,0,176
8276,2,1,-8.497722,0.52,13,0.52,0,176
8277,1,0,0.0,0.52,13,0.52,0,176
8278,2,1,13.638702,0.56,14,0.56,0,176
8279,2,1,14.975996,0.6,15,0.6,0,176
8280,2,1,7.219736,0.64,16,0.64,0,176
8281,1,0,0.0,0.64,16,0.64,0,176
8282,1,0,0.0,0.64,16,0.64,0,176
8283,2,1,3.7199538,0.68,17,0.68,0,176
8284,2,1,-100.0,0.0,0,0.0,0,176
8285,2,1,-4.1407347,0.2,5,0.2,0,177
8286,1,0,0.0,0.2,5,0.2,0,177
8287,0,-1,-0.0,0.2,5,0.2,0,177
8288,2,1,28.208652,0.24,6,0.24,0,177
8289,2,1,23.740671,0.28,7,0.28,0,177
8290,2,1,21.156033,0.32,8,0.32,0,177
8291,0,-1,4.847379,0.28,7,0.28,0,177
8292,2,1,-4.847379,0.32,8,0.32,0,177
8293,1,0,0.0,0.32,8,0.32,0,177
8294,2,1,21.280823,0.36,9,0.36,0,177
8295,2,1,18.409151,0.4,10,0.4,0,177
8296,2,1,16.223743,0.44,11,0.44,0,177
8297,1,0,0.0,0.44,11,0.44,0,177
8298,1,0,0.0,0.44,11,0.44,0,177
8299,0,-1,-0.0,0.44,11,0.44,0,177
8300,0,-1,-0.0,0.44,11,0.44,0,177
8301,1,0,0.0,0.44,11,0.44,0,177
8302,2,1,23.892282,0.48,12,0.48,0,177
8303,1,0,0.0,0.48,12,0.48,0,177
8304,2,1,-8.498275,0.52,13,0.52,0,177
8305,0,-1,-18.062992,0.48,12,0.48,0,177
8306,2,1,19.999044,0.52,13,0.52,0,177
8307,0,-1,-0.0,0.52,13,0.52,0,177
8308,0,-1,-0.0,0.52,13,0.52,0,177
8309,0,-1,8.498275,0.48,12,0.48,0,177
8310,0,-1,-0.0,0.48,12,0.48,0,177
8311,1,0,0.0,0.48,12,0.48,0,177
8312,2,1,11.861139,0.52,13,0.52,0,177
8313,2,1,19.728302,0.56,14,0.56,1,177
8314,2,1,15.542661,0.6,15,0.6,0,177
8315,2,1,-1.4697121,0.64,16,0.64,0,177
8316,2,1,3.1118577,0.68,17,0.68,0,177
8317,0,-1,-3.1118577,0.64,16,0.64,0,177
8318,1,0,0.0,0.64,16,0.64,0,177
8319,0,-1,1.4697121,0.6,15,0.6,0,177
8320,1,0,0.0,0.6,15,0.6,0,177
8321,0,-1,-16.705463,0.56,14,0.56,0,177
8322,2,1,6.6339784,0.6,15,0.6,0,177
8323,2,1,10.833935,0.64,16,0.64,0,177
8324,0,-1,-0.0,0.64,16,0.64,0,177
8325,0,-1,-0.0,0.64,16,0.64,0,177
8326,2,1,5.2373433,0.68,17,0.68,0,177
8327,2,1,-1.7481543,0.72,18,0.72,0,177
8328,0,-1,-0.0,0.72,18,0.72,0,177
8329,1,0,0.0,0.72,18,0.72,0,177
8330,0,-1,4.2549367,0.68,17,0.68,0,177
8331,2,1,5.8165483,0.72,18,0.72,0,177
8332,0,-1,2.3331711,0.68,17,0.68,0,177
8333,2,1,0.42963967,0.72,18,0.72,0,177
8334,0,-1,-0.0,0.72,18,0.72,0,177
8335,1,0,0.0,0.72,18,0.72,0,177
8336,2,1,2.4103186,0.76,19,0.76,0,177
8337,1,0,0.0,0.76,19,0.76,0,177
8338,2,1,-100.0,0.0,0,0.0,0,177
8339,2,1,28.346605,0.2,5,0.2,0,178
8340,1,0,0.0,0.2,5,0.2,0,178
8341,0,-1,-0.0,0.2,5,0.2,0,178
8342,2,1,27.0049,0.24,6,0.24,0,178
8343,2,1,25.133902,0.28,7,0.28,0,178
8344,2,1,-4.847297,0.32,8,0.32,0,178
8345,1,0,0.0,0.32,8,0.32,0,178
8346,1,0,0.0,0.32,8,0.32,0,178
8347,2,1,22.490328,0.36,9,0.36,0,178
8348,2,1,-5.829036,0.4,10,0.4,0,178
8349,0,-1,5.828954,0.36,9,0.36,0,178
8350,1,0,0.0,0.36,9,0.36,0,178
8351,2,1,22.427462,0.4,10,0.4,0,178
8352,0,-1,-22.427462,0.36,9,0.36,0,178
8353,2,1,26.67603,0.4,10,0.4,0,178
8354,2,1,19.265059,0.44,11,0.44,0,178
8355,2,1,-7.391858,0.48,12,0.48,0,178
8356,2,1,17.091099,0.52,13,0.52,0,178
8357,2,1,13.736898,0.56,14,0.56,0,178
8358,2,1,16.470173,0.6,15,0.6,0,178
8359,0,-1,-0.0,0.6,15,0.6,0,178
8360,0,-1,11.786878,0.56,14,0.56,0,178
8361,0,-1,-22.583641,0.52,13,0.52,0,178
8362,1,0,0.0,0.52,13,0.52,0,178
8363,2,1,-9.92185,0.56,14,0.56,0,178
8364,2,1,11.670357,0.6,15,0.6,0,178
8365,2,1,7.31671,0.64,16,0.64,0,178
8366,0,-1,14.286362,0.6,15,0.6,0,178
8367,1,0,0.0,0.6,15,0.6,0,178
8368,0,-1,-16.470173,0.56,14,0.56,0,178
8369,0,-1,-0.0,0.56,14,0.56,0,178
8370,0,-1,9.921425,0.52,13,0.52,0,178
8371,0,-1,-0.0,0.52,13,0.52,0,178
8372,2,1,11.48216,0.56,14,0.56,0,178
8373,0,-1,-0.0,0.56,14,0.56,0,178
8374,2,1,-100.0,0.0,0,0.0,0,178
8375,2,1,-4.1407347,0.2,5,0.2,0,179
8376,2,1,28.22638,0.24,6,0.24,0,179
8377,2,1,23.526543,0.28,7,0.28,0,179
8378,2,1,26.441492,0.32,8,0.32,0,179
8379,2,1,-5.2804456,0.36,9,0.36,0,179
8380,1,0,0.0,0.36,9,0.36,0,179
8381,1,0,0.0,0.36,9,0.36,0,179
8382,2,1,23.822836,0.4,10,0.4,0,179
8383,1,0,0.0,0.4,10,0.4,0,179
8384,2,1,21.250967,0.44,11,0.44,0,179
8385,2,1,18.198029,0.48,12,0.48,0,179
8386,2,1,14.959223,0.52,13,0.52,0,179
8387,2,1,17.411856,0.56,14,0.56,0,179
8388,1,0,0.0,0.56,14,0.56,0,179
8389,2,1,11.774053,0.6,15,0.6,0,179
8390,0,-1,11.786878,0.56,14,0.56,0,179
8391,2,1,16.714378,0.6,15,0.6,0,179
8392,2,1,7.064641,0.64,16,0.64,0,179
8393,2,1,3.7200801,0.68,17,0.68,0,179
8394,2,1,9.8121,0.72,18,0.72,0,179
8395,2,1,-100.0,0.0,0,0.0,0,179
8396,2,1,28.364332,0.2,5,0.2,0,180
8397,1,0,0.0,0.2,5,0.2,0,180
8398,0,-1,-0.0,0.2,5,0.2,0,180
8399,2,1,-4.278687,0.24,6,0.24,0,180
8400,1,0,0.0,0.24,6,0.24,0,180
8401,0,-1,-0.0,0.24,6,0.24,0,180
8402,2,1,27.971514,0.28,7,0.28,0,180
8403,2,1,26.441492,0.32,8,0.32,0,180
8404,2,1,-5.27981,0.36,9,0.36,0,180
8405,2,1,22.213333,0.4,10,0.4,0,180
8406,0,-1,-26.658304,0.36,9,0.36,0,180
8407,2,1,23.822836,0.4,10,0.4,0,180
8408,0,-1,5.828954,0.36,9,0.36,0,180
8409,0,-1,5.279892,0.32,8,0.32,0,180
8410,0,-1,-23.19499,0.28,7,0.28,0,180
8411,0,-1,-0.0,0.28,7,0.28,0,180
8412,2,1,23.19499,0.32,8,0.32,0,180
8413,1,0,0.0,0.32,8,0.32,0,180
8414,0,-1,-23.19499,0.28,7,0.28,0,180
8415,1,0,0.0,0.28,7,0.28,0,180
8416,2,1,22.923813,0.32,8,0.32,0,180
8417,2,1,27.207449,0.36,9,0.36,0,180
8418,0,-1,-27.207449,0.32,8,0.32,0,180
8419,2,1,20.30944,0.36,9,0.36,0,180
8420,2,1,21.504246,0.4,10,0.4,0,180
8421,2,1,21.980478,0.44,11,0.44,0,180
8422,1,0,0.0,0.44,11,0.44,0,180
8423,2,1,17.732517,0.48,12,0.48,0,180
8424,0,-1,-21.109398,0.44,11,0.44,0,180
8425,1,0,0.0,0.44,11,0.44,0,180
8426,2,1,15.585145,0.48,12,0.48,0,180
8427,1,0,0.0,0.48,12,0.48,0,180
8428,2,1,20.002981,0.52,13,0.52,0,180
8429,1,0,0.0,0.52,13,0.52,0,180
8430,2,1,11.009186,0.56,14,0.56,0,180
8431,2,1,13.58435,0.6,15,0.6,0,180
8432,2,1,6.5763326,0.64,16,0.64,0,180
8433,2,1,14.751992,0.68,17,0.68,0,180
8434,2,1,-100.0,0.0,0,0.0,0,180
8435,2,1,28.364332,0.2,5,0.2,0,181
8436,2,1,27.010183,0.24,6,0.24,0,181
8437,2,1,23.984877,0.28,7,0.28,0,181
8438,2,1,21.91659,0.32,8,0.32,0,181
8439,2,1,-5.279892,0.36,9,0.36,0,181
8440,2,1,23.822836,0.4,10,0.4,0,181
8441,1,0,0.0,0.4,10,0.4,0,181
8442,2,1,20.813057,0.44,11,0.44,0,181
8443,0,-1,-20.243746,0.4,10,0.4,0,181
8444,2,1,21.522146,0.44,11,0.44,0,181
8445,2,1,25.096035,0.48,12,0.48,0,181
8446,2,1,16.6261,0.52,13,0.52,0,181
8447,2,1,16.014334,0.56,14,0.56,0,181
8448,2,1,15.984867,0.6,15,0.6,0,181
8449,1,0,0.0,0.6,15,0.6,0,181
8450,2,1,11.303396,0.64,16,0.64,0,181
8451,1,0,0.0,0.64,16,0.64,0,181
8452,2,1,8.050396,0.68,17,0.68,0,181
8453,2,1,1.4189446,0.72,18,0.72,0,181
8454,0,-1,-0.0,0.72,18,0.72,0,181
8455,1,0,0.0,0.72,18,0.72,0,181
8456,2,1,-3.3333473,0.76,19,0.76,0,181
8457,0,-1,6.0031323,0.72,18,0.72,0,181
8458,2,1,-6.4387555,0.76,19,0.76,0,181
8459,1,0,0.0,0.76,19,0.76,0,181
8460,2,1,-20.430532,0.8,20,0.8,0,181
8461,0,-1,16.04966,0.76,19,0.76,0,181
8462,0,-1,-0.0,0.76,19,0.76,0,181
8463,2,1,-100.0,0.0,0,0.0,0,181
8464,1,0,0.0,0.16,4,0.16,0,182
8465,0,-1,-0.0,0.16,4,0.16,0,182
8466,1,0,0.0,0.16,4,0.16,0,182
8467,2,1,-4.1406527,0.2,5,0.2,0,182
8468,2,1,-4.278687,0.24,6,0.24,0,182
8469,1,0,0.0,0.24,6,0.24,0,182
8470,2,1,-4.51638,0.28,7,0.28,0,182
8471,2,1,-4.8479395,0.32,8,0.32,0,182
8472,2,1,27.225174,0.36,9,0.36,0,182
8473,2,1,-5.829622,0.4,10,0.4,0,182
8474,2,1,25.967117,0.44,11,0.44,0,182
8475,0,-1,6.520809,0.4,10,0.4,0,182
8476,2,1,24.768646,0.44,11,0.44,0,182
8477,2,1,-7.3917294,0.48,12,0.48,0,182
8478,1,0,0.0,0.48,12,0.48,0,182
8479,2,1,-8.498307,0.52,13,0.52,0,182
8480,2,1,-9.921979,0.56,14,0.56,0,182
8481,0,-1,-21.367445,0.52,13,0.52,0,182
8482,0,-1,8.498275,0.48,12,0.48,0,182
8483,0,-1,7.3918905,0.44,11,0.44,0,182
8484,1,0,0.0,0.44,11,0.44,0,182
8485,0,-1,-25.984842,0.4,10,0.4,0,182
8486,0,-1,5.8295894,0.36,9,0.36,0,182
8487,0,-1,5.2804523,0.32,8,0.32,0,182
8488,2,1,-5.2804775,0.36,9,0.36,0,182
8489,2,1,25.454552,0.4,10,0.4,0,182
8490,2,1,23.129503,0.44,11,0.44,0,182
8491,2,1,19.940758,0.48,12,0.48,0,182
8492,1,0,0.0,0.48,12,0.48,0,182
8493,2,1,-8.498275,0.52,13,0.52,0,182
8494,1,0,0.0,0.52,13,0.52,0,182
8495,0,-1,-0.0,0.52,13,0.52,0,182
8496,1,0,0.0,0.52,13,0.52,0,182
8497,1,0,0.0,0.52,13,0.52,0,182
8498,2,1,17.848795,0.56,14,0.56,0,182
8499,2,1,16.710442,0.6,15,0.6,0,182
8500,1,0,0.0,0.6,15,0.6,0,182
8501,2,1,10.837234,0.64,16,0.64,0,182
8502,1,0,0.0,0.64,16,0.64,0,182
8503,2,1,7.853472,0.68,17,0.68,0,182
8504,1,0,0.0,0.68,17,0.68,0,182
8505,2,1,2.6948602,0.72,18,0.72,0,182
8506,2,1,-4.3120346,0.76,19,0.76,0,182
8507,1,0,0.0,0.76,19,0.76,0,182
8508,2,1,-9.4803505,0.8,20,0.8,0,182
8509,0,-1,41.986004,0.76,19,0.76,0,182
8510,1,0,0.0,0.76,19,0.76,0,182
8511,2,1,-19.009306,0.8,20,0.8,0,182
8512,2,1,-31.51472,0.84,21,0.84,0,182
8513,0,-1,62.804146,0.8,20,0.8,0,182
8514,1,0,0.0,0.8,20,0.8,0,182
8515,0,-1,41.985844,0.76,19,0.76,0,182
8516,1,0,0.0,0.76,19,0.76,0,182
8517,2,1,-12.333545,0.8,20,0.8,0,182
8518,2,1,-39.572132,0.84,21,0.84,0,182
8519,1,0,0.0,0.84,21,0.84,0,182
8520,2,1,-80.70462,0.88,22,0.88,0,182
8521,2,1,-186.91536,0.92,23,0.92,0,182
8522,2,1,-601.7052,0.96,24,0.96,0,182
8523,2,1,19.604856,1.0,25,1.0,0,182
8524,2,1,-1000.0,0.0,0,0.0,0,182
8525,2,1,-4.1407347,0.2,5,0.2,0,183
8526,2,1,28.208652,0.24,6,0.24,0,183
8527,2,1,-4.51638,0.28,7,0.28,0,183
8528,2,1,27.657686,0.32,8,0.32,0,183
8529,1,0,0.0,0.32,8,0.32,0,183
8530,0,-1,-27.639961,0.28,7,0.28,0,183
8531,1,0,0.0,0.28,7,0.28,0,183
8532,2,1,26.441492,0.32,8,0.32,0,183
8533,2,1,27.207449,0.36,9,0.36,0,183
8534,1,0,0.0,0.36,9,0.36,0,183
8535,0,-1,-0.0,0.36,9,0.36,0,183
8536,2,1,23.822836,0.4,10,0.4,0,183
8537,2,1,24.763365,0.44,11,0.44,0,183
8538,2,1,22.258423,0.48,12,0.48,0,183
8539,0,-1,-0.0,0.48,12,0.48,0,183
8540,2,1,18.834341,0.52,13,0.52,0,183
8541,2,1,17.411856,0.56,14,0.56,0,183
8542,2,1,-11.78691,0.6,15,0.6,0,183
8543,1,0,0.0,0.6,15,0.6,0,183
8544,2,1,13.484284,0.64,16,0.64,0,183
8545,2,1,10.035843,0.68,17,0.68,0,183
8546,1,0,0.0,0.68,17,0.68,0,183
8547,2,1,2.6948602,0.72,18,0.72,0,183
8548,2,1,-4.9734936,0.76,19,0.76,0,183
8549,2,1,-13.4847145,0.8,20,0.8,0,183
8550,2,1,-37.21426,0.84,21,0.84,0,183
8551,2,1,-80.999466,0.88,22,0.88,0,183
8552,0,-1,-0.0,0.88,22,0.88,0,183
8553,1,0,0.0,0.88,22,0.88,0,183
8554,2,1,-182.82463,0.92,23,0.92,0,183
8555,0,-1,-0.0,0.92,23,0.92,0,183
8556,1,0,0.0,0.92,23,0.92,0,183
8557,1,0,0.0,0.92,23,0.92,0,183
8558,2,1,-599.89465,0.96,24,0.96,0,183
8559,2,1,21.351168,1.0,25,1.0,0,183
8560,1,0,-1000.0,0.0,0,0.0,0,183
8561,2,1,28.364332,0.2,5,0.2,0,184
8562,2,1,28.208652,0.24,6,0.24,0,184
8563,2,1,26.767761,0.28,7,0.28,0,184
8564,2,1,23.19499,0.32,8,0.32,0,184
8565,2,1,26.008978,0.36,9,0.36,0,184
8566,0,-1,-0.0,0.36,9,0.36,0,184
8567,2,1,22.66773,0.4,10,0.4,0,184
8568,0,-1,-0.0,0.4,10,0.4,0,184
8569,2,1,23.131649,0.44,11,0.44,0,184
8570,2,1,22.258423,0.48,12,0.48,0,184
8571,2,1,18.834341,0.52,13,0.52,0,184
8572,1,0,0.0,0.52,13,0.52,0,184
8573,2,1,17.848795,0.56,14,0.56,0,184
8574,1,0,0.0,0.56,14,0.56,0,184
8575,1,0,0.0,0.56,14,0.56,0,184
8576,2,1,15.546957,0.6,15,0.6,0,184
8577,2,1,11.302884,0.64,16,0.64,0,184
8578,1,0,0.0,0.64,16,0.64,0,184
8579,0,-1,-0.0,0.64,16,0.64,0,184
8580,2,1,10.035843,0.68,17,0.68,0,184
8581,2,1,3.110505,0.72,18,0.72,0,184
8582,1,0,0.0,0.72,18,0.72,0,184
8583,2,1,-6.640635,0.76,19,0.76,0,184
8584,2,1,-13.72892,0.8,20,0.8,0,184
8585,2,1,-39.243465,0.84,21,0.84,0,184
8586,0,-1,34.306828,0.8,20,0.8,0,184
8587,1,0,0.0,0.8,20,0.8,0,184
8588,2,1,-37.43292,0.84,21,0.84,0,184
8589,2,1,-83.105965,0.88,22,0.88,0,184
8590,1,0,0.0,0.88,22,0.88,0,184
8591,2,1,-184.85835,0.92,23,0.92,0,184
8592,2,1,-598.70465,0.96,24,0.96,0,184
8593,0,-1,598.70465,0.92,23,0.92,0,184
8594,1,0,0.0,0.92,23,0.92,0,184
8595,2,1,-600.14154,0.96,24,0.96,0,184
8596,2,1,21.455894,1.0,25,1.0,0,184
8597,1,0,-1000.0,0.0,0,0.0,0,184
8598,2,1,28.346605,0.2,5,0.2,0,185
8599,2,1,23.97781,0.24,6,0.24,0,185
8600,1,0,0.0,0.24,6,0.24,0,185
8601,0,-1,-0.0,0.24,6,0.24,0,185
8602,0,-1,-23.97781,0.2,5,0.2,0,185
8603,0,-1,-0.0,0.2,5,0.2,0,185
8604,2,1,28.22638,0.24,6,0.24,0,185
8605,0,-1,-28.208652,0.2,5,0.2,0,185
8606,2,1,28.208652,0.24,6,0.24,0,185
8607,2,1,23.526543,0.28,7,0.28,0,185
8608,2,1,26.441492,0.32,8,0.32,0,185
8609,0,-1,-27.639961,0.28,7,0.28,0,185
8610,1,0,0.0,0.28,7,0.28,0,185
8611,2,1,21.76108,0.32,8,0.32,0,185
8612,2,1,24.37198,0.36,9,0.36,0,185
8613,2,1,26.658304,0.4,10,0.4,0,185
8614,2,1,20.813057,0.44,11,0.44,0,185
8615,2,1,23.892282,0.48,12,0.48,0,185
8616,0,-1,-0.0,0.48,12,0.48,0,185
8617,2,1,19.27347,0.52,13,0.52,0,185
8618,2,1,15.202398,0.56,14,0.56,0,185
8619,1,0,0.0,0.56,14,0.56,0,185
8620,1,0,0.0,0.56,14,0.56,0,185
8621,2,1,13.99942,0.6,15,0.6,0,185
8622,2,1,13.970561,0.64,16,0.64,0,185
8623,1,0,0.0,0.64,16,0.64,0,185
8624,1,0,0.0,0.64,16,0.64,0,185
8625,1,0,0.0,0.64,16,0.64,0,185
8626,0,-1,-0.0,0.64,16,0.64,0,185
8627,1,0,0.0,0.64,16,0.64,0,185
8628,2,1,6.016668,0.68,17,0.68,0,185
8629,2,1,-0.9801209,0.72,18,0.72,0,185
8630,2,1,-100.0,0.0,0,0.0,0,185
8631,0,-1,-0.0,0.16,4,0.16,0,186
8632,2,1,-4.1407347,0.2,5,0.2,0,186
8633,0,-1,4.1407347,0.16,4,0.16,0,186
8634,0,-1,-0.0,0.16,4,0.16,0,186
8635,2,1,28.364332,0.2,5,0.2,0,186
8636,2,1,-4.278605,0.24,6,0.24,0,186
8637,2,1,27.971514,0.28,7,0.28,0,186
8638,1,0,0.0,0.28,7,0.28,0,186
8639,1,0,0.0,0.28,7,0.28,0,186
8640,2,1,-4.8479395,0.32,8,0.32,0,186
8641,2,1,-5.2804775,0.36,9,0.36,0,186
8642,2,1,-5.829036,0.4,10,0.4,0,186
8643,2,1,24.768646,0.44,11,0.44,0,186
8644,1,0,0.0,0.44,11,0.44,0,186
8645,1,0,0.0,0.44,11,0.44,0,186
8646,2,1,20.651064,0.48,12,0.48,0,186
8647,0,-1,-25.096035,0.44,11,0.44,0,186
8648,2,1,18.748446,0.48,12,0.48,0,186
8649,2,1,21.154152,0.52,13,0.52,0,186
8650,2,1,-9.922015,0.56,14,0.56,0,186
8651,2,1,20.701015,0.6,15,0.6,0,186
8652,0,-1,-0.0,0.6,15,0.6,0,186
8653,1,0,0.0,0.6,15,0.6,0,186
8654,0,-1,11.786915,0.56,14,0.56,0,186
8655,1,0,0.0,0.56,14,0.56,0,186
8656,0,-1,9.92201,0.52,13,0.52,0,186
8657,2,1,-9.921978,0.56,14,0.56,0,186
8658,1,0,0.0,0.56,14,0.56,0,186
8659,2,1,12.424845,0.6,15,0.6,0,186
8660,0,-1,11.786884,0.56,14,0.56,0,186
8661,2,1,19.497263,0.6,15,0.6,0,186
8662,1,0,0.0,0.6,15,0.6,0,186
8663,1,0,0.0,0.6,15,0.6,0,186
8664,2,1,13.047345,0.64,16,0.64,0,186
8665,0,-1,-9.925233,0.6,15,0.6,0,186
8666,0,-1,-0.0,0.6,15,0.6,0,186
8667,1,0,0.0,0.6,15,0.6,0,186
8668,0,-1,11.786878,0.56,14,0.56,0,186
8669,1,0,0.0,0.56,14,0.56,0,186
8670,2,1,17.863403,0.6,15,0.6,0,186
8671,0,-1,-14.353426,0.56,14,0.56,0,186
8672,2,1,-11.78675,0.6,15,0.6,0,186
8673,2,1,14.21083,0.64,16,0.64,0,186
8674,2,1,10.765354,0.68,17,0.68,0,186
8675,0,-1,-10.307021,0.64,16,0.64,0,186
8676,2,1,-17.735909,0.68,17,0.68,0,186
8677,1,0,0.0,0.68,17,0.68,0,186
8678,1,0,0.0,0.68,17,0.68,0,186
8679,0,-1,17.735909,0.64,16,0.64,0,186
8680,2,1,10.035843,0.68,17,0.68,0,186
8681,0,-1,-0.0,0.68,17,0.68,0,186
8682,2,1,2.695434,0.72,18,0.72,0,186
8683,2,1,-6.749668,0.76,19,0.76,0,186
8684,0,-1,30.097235,0.72,18,0.72,0,186
8685,2,1,-4.1641755,0.76,19,0.76,0,186
8686,0,-1,-0.0,0.76,19,0.76,0,186
8687,0,-1,30.097742,0.72,18,0.72,0,186
8688,1,0,0.0,0.72,18,0.72,0,186
8689,1,0,0.0,0.72,18,0.72,0,186
8690,1,0,0.0,0.72,18,0.72,0,186
8691,2,1,-8.857627,0.76,19,0.76,0,186
8692,0,-1,-0.0,0.76,19,0.76,0,186
8693,2,1,-16.861593,0.8,20,0.8,0,186
8694,2,1,-100.0,0.0,0,0.0,0,186
8695,2,1,28.346605,0.2,5,0.2,0,187
8696,2,1,-4.278605,0.24,6,0.24,0,187
8697,2,1,27.98924,0.28,7,0.28,0,187
8698,1,0,0.0,0.28,7,0.28,0,187
8699,1,0,0.0,0.28,7,0.28,0,187
8700,1,0,0.0,0.28,7,0.28,0,187
8701,1,0,0.0,0.28,7,0.28,0,187
8702,2,1,26.436209,0.32,8,0.32,0,187
8703,2,1,23.216873,0.36,9,0.36,0,187
8704,2,1,20.933285,0.4,10,0.4,0,187
8705,2,1,19.412916,0.44,11,0.44,0,187
8706,0,-1,-19.412916,0.4,10,0.4,0,187
8707,2,1,17.983858,0.44,11,0.44,0,187
8708,2,1,22.258423,0.48,12,0.48,0,187
8709,1,0,0.0,0.48,12,0.48,0,187
8710,1,0,0.0,0.48,12,0.48,0,187
8711,2,1,13.831532,0.52,13,0.52,0,187
8712,0,-1,-13.831532,0.48,12,0.48,0,187
8713,2,1,13.831532,0.52,13,0.52,0,187
8714,2,1,17.410637,0.56,14,0.56,0,187
8715,2,1,15.983896,0.6,15,0.6,0,187
8716,1,0,0.0,0.6,15,0.6,0,187
8717,2,1,8.2274685,0.64,16,0.64,0,187
8718,2,1,2.741734,0.68,17,0.68,0,187
8719,2,1,2.6948602,0.72,18,0.72,0,187
8720,1,0,0.0,0.72,18,0.72,0,187
8721,1,0,0.0,0.72,18,0.72,0,187
8722,1,0,0.0,0.72,18,0.72,0,187
8723,2,1,-30.09774,0.76,19,0.76,0,187
8724,0,-1,-0.0,0.76,19,0.76,0,187
8725,2,1,-16.396597,0.8,20,0.8,0,187
8726,2,1,-100.0,0.0,0,0.0,0,187
8727,2,1,28.346605,0.2,5,0.2,0,188
8728,2,1,27.0049,0.24,6,0.24,0,188
8729,0,-1,-0.0,0.24,6,0.24,0,188
8730,2,1,27.98924,0.28,7,0.28,0,188
8731,2,1,26.441492,0.32,8,0.32,0,188
8732,2,1,23.22081,0.36,9,0.36,0,188
8733,2,1,-5.829036,0.4,10,0.4,0,188
8734,2,1,-6.5207767,0.44,11,0.44,0,188
8735,1,0,0.0,0.44,11,0.44,0,188
8736,2,1,22.258423,0.48,12,0.48,0,188
8737,2,1,17.438036,0.52,13,0.52,0,188
8738,1,0,0.0,0.52,13,0.52,0,188
8739,1,0,0.0,0.52,13,0.52,0,188
8740,1,0,0.0,0.52,13,0.52,0,188
8741,2,1,18.335072,0.56,14,0.56,0,188
8742,0,-1,9.921978,0.52,13,0.52,0,188
8743,2,1,17.410637,0.56,14,0.56,0,188
8744,2,1,14.977644,0.6,15,0.6,0,188
8745,0,-1,-16.470173,0.56,14,0.56,0,188
8746,2,1,16.256044,0.6,15,0.6,0,188
8747,2,1,12.322523,0.64,16,0.64,0,188
8748,2,1,7.6347513,0.68,17,0.68,0,188
8749,2,1,2.4479303,0.72,18,0.72,0,188
8750,2,1,-6.9892473,0.76,19,0.76,0,188
8751,2,1,-18.753956,0.8,20,0.8,0,188
8752,2,1,-35.03337,0.84,21,0.84,0,188
8753,0,-1,62.803593,0.8,20,0.8,0,188
8754,2,1,-39.82748,0.84,21,0.84,0,188
8755,2,1,-78.67113,0.88,22,0.88,0,188
8756,2,1,-183.77042,0.92,23,0.92,0,188
8757,2,1,-601.607,0.96,24,0.96,0,188
8758,2,1,21.182194,1.0,25,1.0,0,188
8759,2,1,-1000.0,0.0,0,0.0,0,188
8760,2,1,28.364332,0.2,5,0.2,0,189
8761,2,1,27.010183,0.24,6,0.24,0,189
8762,2,1,-4.515826,0.28,7,0.28,0,189
8763,2,1,-4.8479323,0.32,8,0.32,0,189
8764,2,1,27.207449,0.36,9,0.36,0,189
8765,0,-1,-0.0,0.36,9,0.36,0,189
8766,1,0,0.0,0.36,9,0.36,0,189
8767,2,1,22.671667,0.4,10,0.4,0,189
8768,2,1,23.131649,0.44,11,0.44,0,189
8769,2,1,23.892282,0.48,12,0.48,0,189
8770,2,1,17.438036,0.52,13,0.52,0,189
8771,1,0,0.0,0.52,13,0.52,0,189
8772,2,1,17.411856,0.56,14,0.56,0,189
8773,2,1,17.863403,0.6,15,0.6,0,189
8774,2,1,11.084738,0.64,16,0.64,0,189
8775,0,-1,-0.0,0.64,16,0.64,0,189
8776,0,-1,-0.0,0.64,16,0.64,0,189
8777,2,1,5.6123,0.68,17,0.68,0,189
8778,2,1,4.0887294,0.72,18,0.72,0,189
8779,2,1,-2.326125,0.76,19,0.76,0,189
8780,2,1,-20.689486,0.8,20,0.8,0,189
8781,0,-1,16.04966,0.76,19,0.76,0,189
8782,2,1,-14.215197,0.8,20,0.8,0,189
8783,2,1,-35.47153,0.84,21,0.84,0,189
8784,2,1,-79.33259,0.88,22,0.88,0,189
8785,2,1,-100.0,0.0,0,0.0,0,189
8786,2,1,28.346605,0.2,5,0.2,0,190
8787,2,1,-4.278605,0.24,6,0.24,0,190
8788,2,1,-4.5163865,0.28,7,0.28,0,190
8789,2,1,27.657686,0.32,8,0.32,0,190
8790,0,-1,4.8479395,0.28,7,0.28,0,190
8791,2,1,26.441492,0.32,8,0.32,0,190
8792,0,-1,-0.0,0.32,8,0.32,0,190
8793,2,1,26.003696,0.36,9,0.36,0,190
8794,2,1,23.820692,0.4,10,0.4,0,190
8795,1,0,0.0,0.4,10,0.4,0,190
8796,2,1,21.980478,0.44,11,0.44,0,190
8797,2,1,21.105461,0.48,12,0.48,0,190
8798,2,1,19.2725,0.52,13,0.52,0,190
8799,2,1,16.840895,0.56,14,0.56,0,190
8800,2,1,-11.786884,0.6,15,0.6,0,190
8801,2,1,13.970561,0.64,16,0.64,0,190
8802,2,1,7.103842,0.68,17,0.68,0,190
8803,0,-1,-10.765354,0.64,16,0.64,0,190
8804,1,0,0.0,0.64,16,0.64,0,190
8805,0,-1,-13.970561,0.6,15,0.6,0,190
8806,1,0,0.0,0.6,15,0.6,0,190
8807,1,0,0.0,0.6,15,0.6,0,190
8808,1,0,0.0,0.6,15,0.6,0,190
8809,2,1,-14.286522,0.64,16,0.64,0,190
8810,2,1,4.9453964,0.68,17,0.68,0,190
8811,0,-1,-0.0,0.68,17,0.68,0,190
8812,2,1,6.976633,0.72,18,0.72,0,190
8813,2,1,-9.5365925,0.76,19,0.76,0,190
8814,2,1,-14.214226,0.8,20,0.8,0,190
8815,2,1,-37.21477,0.84,21,0.84,0,190
8816,2,1,-75.9557,0.88,22,0.88,0,190
8817,2,1,-181.2783,0.92,23,0.92,0,190
8818,0,-1,-0.0,0.92,23,0.92,0,190
8819,2,1,-597.93207,0.96,24,0.96,0,190
8820,1,0,0.0,0.96,24,0.96,0,190
8821,2,1,-100.0,0.0,0,0.0,0,190
8822,2,1,28.346605,0.2,5,0.2,0,191
8823,2,1,27.0049,0.24,6,0.24,0,191
8824,2,1,23.98094,0.28,7,0.28,0,191
8825,2,1,24.80235,0.32,8,0.32,0,191
8826,2,1,22.490328,0.36,9,0.36,0,191
8827,2,1,20.933285,0.4,10,0.4,0,191
8828,2,1,17.983858,0.44,11,0.44,0,191
8829,2,1,17.447886,0.48,12,0.48,0,191
8830,2,1,14.336518,0.52,13,0.52,0,191
8831,2,1,-9.921343,0.56,14,0.56,0,191
8832,2,1,9.004852,0.6,15,0.6,0,191
8833,0,-1,-0.0,0.6,15,0.6,0,191
8834,1,0,0.0,0.6,15,0.6,0,191
8835,0,-1,-0.0,0.6,15,0.6,0,191
8836,2,1,11.302884,0.64,16,0.64,0,191
8837,0,-1,-0.0,0.64,16,0.64,0,191
8838,2,1,9.596714,0.68,17,0.68,0,191
8839,2,1,3.1100423,0.72,18,0.72,0,191
8840,1,0,0.0,0.72,18,0.72,0,191
8841,0,-1,22.675158,0.68,17,0.68,0,191
8842,2,1,2.6948602,0.72,18,0.72,0,191
8843,1,0,0.0,0.72,18,0.72,0,191
8844,2,1,-100.0,0.0,0,0.0,0,191
8845,2,1,28.364332,0.2,5,0.2,0,192
8846,2,1,-4.278687,0.24,6,0.24,0,192
8847,1,0,0.0,0.24,6,0.24,0,192
8848,1,0,0.0,0.24,6,0.24,0,192
8849,0,-1,4.278687,0.2,5,0.2,0,192
8850,2,1,27.010183,0.24,6,0.24,0,192
8851,2,1,23.526543,0.28,7,0.28,0,192
8852,0,-1,-23.526543,0.24,6,0.24,0,192
8853,0,-1,-0.0,0.24,6,0.24,0,192
8854,1,0,0.0,0.24,6,0.24,0,192
8855,2,1,25.136045,0.28,7,0.28,0,192
8856,2,1,22.485903,0.32,8,0.32,0,192
8857,2,1,22.491299,0.36,9,0.36,0,192
8858,0,-1,-0.0,0.36,9,0.36,0,192
8859,2,1,19.541637,0.4,10,0.4,0,192
8860,2,1,25.967117,0.44,11,0.44,0,192
8861,2,1,18.39444,0.48,12,0.48,0,192
8862,2,1,15.254294,0.52,13,0.52,0,192
8863,2,1,21.362164,0.56,14,0.56,0,192
8864,2,1,11.561324,0.6,15,0.6,0,192
8865,2,1,10.837887,0.64,16,0.64,1,192
8866,2,1,5.2445145,0.68,17,0.68,0,192
8867,2,1,-1.3765379,0.72,18,0.72,0,192
8868,2,1,-100.0,0.0,0,0.0,0,192
8869,2,1,-4.1406527,0.2,5,0.2,0,193
8870,2,1,-4.278687,0.24,6,0.24,0,193
8871,0,-1,4.278605,0.2,5,0.2,0,193
8872,2,1,-4.27924,0.24,6,0.24,0,193
8873,0,-1,4.27924,0.2,5,0.2,0,193
8874,2,1,-4.279113,0.24,6,0.24,0,193
8875,2,1,27.971514,0.28,7,0.28,0,193
8876,1,0,0.0,0.28,7,0.28,0,193
8877,1,0,0.0,0.28,7,0.28,0,193
8878,0,-1,-0.0,0.28,7,0.28,0,193
8879,2,1,-4.847965,0.32,8,0.32,0,193
8880,0,-1,-0.0,0.32,8,0.32,0,193
8881,2,1,-5.27981,0.36,9,0.36,0,193
8882,2,1,26.67603,0.4,10,0.4,0,193
8883,2,1,24.763365,0.44,11,0.44,0,193
8884,2,1,-7.391895,0.48,12,0.48,0,193
8885,2,1,-8.498313,0.52,13,0.52,0,193
8886,0,-1,8.49764,0.48,12,0.48,0,193
8887,1,0,0.0,0.48,12,0.48,0,193
8888,1,0,0.0,0.48,12,0.48,0,193
8889,1,0,0.0,0.48,12,0.48,0,193
8890,2,1,-8.498275,0.52,13,0.52,0,193
8891,2,1,21.367445,0.56,14,0.56,0,193
8892,1,0,0.0,0.56,14,0.56,0,193
8893,1,0,0.0,0.56,14,0.56,0,193
8894,1,0,0.0,0.56,14,0.56,0,193
8895,2,1,16.710442,0.6,15,0.6,0,193
8896,1,0,0.0,0.6,15,0.6,0,193
8897,2,1,13.970561,0.64,16,0.64,0,193
8898,1,0,0.0,0.64,16,0.64,0,193
8899,1,0,0.0,0.64,16,0.64,0,193
8900,1,0,0.0,0.64,16,0.64,0,193
8901,1,0,0.0,0.64,16,0.64,0,193
8902,2,1,9.026972,0.68,17,0.68,0,193
8903,2,1,6.9744883,0.72,18,0.72,0,193
8904,0,-1,-5.581258,0.68,17,0.68,0,193
8905,1,0,0.0,0.68,17,0.68,0,193
8906,2,1,5.825463,0.72,18,0.72,0,193
8907,2,1,-30.097908,0.76,19,0.76,0,193
8908,0,-1,-0.0,0.76,19,0.76,0,193
8909,1,0,0.0,0.76,19,0.76,0,193
8910,0,-1,30.097908,0.72,18,0.72,0,193
8911,0,-1,-0.0,0.72,18,0.72,0,193
8912,1,0,0.0,0.72,18,0.72,0,193
8913,2,1,-2.327096,0.76,19,0.76,0,193
8914,2,1,-16.396597,0.8,20,0.8,0,193
8915,2,1,-34.547096,0.84,21,0.84,0,193
8916,2,1,-78.452995,0.88,22,0.88,0,193
8917,1,0,0.0,0.88,22,0.88,0,193
8918,1,0,0.0,0.88,22,0.88,0,193
8919,0,-1,-0.0,0.88,22,0.88,0,193
8920,0,-1,78.452995,0.84,21,0.84,0,193
8921,2,1,-77.124344,0.88,22,0.88,0,193
8922,2,1,-181.8464,0.92,23,0.92,0,193
8923,2,1,-601.7052,0.96,24,0.96,0,193
8924,2,1,25.370691,1.0,25,1.0,0,193
8925,0,-1,-1000.0,0.0,0,0.0,0,193
8926,2,1,-4.1407347,0.2,5,0.2,0,194
8927,2,1,28.22638,0.24,6,0.24,0,194
8928,2,1,-4.515744,0.28,7,0.28,0,194
8929,2,1,26.441492,0.32,8,0.32,0,194
8930,1,0,0.0,0.32,8,0.32,0,194
8931,0,-1,4.847297,0.28,7,0.28,0,194
8932,1,0,0.0,0.28,7,0.28,0,194
8933,2,1,27.639961,0.32,8,0.32,0,194
8934,2,1,22.976604,0.36,9,0.36,0,194
8935,2,1,23.822836,0.4,10,0.4,0,194
8936,1,0,0.0,0.4,10,0.4,0,194
8937,2,1,21.250967,0.44,11,0.44,0,194
8938,1,0,0.0,0.44,11,0.44,0,194
8939,2,1,23.892282,0.48,12,0.48,0,194
8940,0,-1,7.3913045,0.44,11,0.44,0,194
8941,2,1,21.109398,0.48,12,0.48,0,194
8942,0,-1,-20.865192,0.44,11,0.44,0,194
8943,2,1,18.39444,0.48,12,0.48,0,194
8944,0,-1,-0.0,0.48,12,0.48,0,194
8945,1,0,0.0,0.48,12,0.48,0,194
8946,2,1,21.152006,0.52,13,0.52,0,194
8947,2,1,13.830591,0.56,14,0.56,0,194
8948,1,0,0.0,0.56,14,0.56,0,194
8949,0,-1,-0.0,0.56,14,0.56,0,194
8950,0,-1,-0.0,0.56,14,0.56,0,194
8951,1,0,0.0,0.56,14,0.56,0,194
8952,2,1,13.803008,0.6,15,0.6,0,194
8953,1,0,0.0,0.6,15,0.6,0,194
8954,0,-1,-0.0,0.6,15,0.6,0,194
8955,2,1,13.047345,0.64,16,0.64,0,194
8956,2,1,7.6353254,0.68,17,0.68,0,194
8957,2,1,5.8215265,0.72,18,0.72,0,194
8958,2,1,-2.7652535,0.76,19,0.76,0,194
8959,2,1,-18.75366,0.8,20,0.8,0,194
8960,0,-1,-0.0,0.8,20,0.8,0,194
8961,2,1,-37.679768,0.84,21,0.84,0,194
8962,1,0,0.0,0.84,21,0.84,0,194
8963,1,0,0.0,0.84,21,0.84,0,194
8964,2,1,-80.896034,0.88,22,0.88,0,194
8965,2,1,-186.96088,0.92,23,0.92,0,194
8966,2,1,-602.157,0.96,24,0.96,0,194
8967,2,1,21.12259,1.0,25,1.0,0,194
8968,2,1,-1000.0,0.0,0,0.0,0,194
8969,2,1,28.346605,0.2,5,0.2,0,195
8970,2,1,27.0049,0.24,6,0.24,0,195
8971,2,1,25.133902,0.28,7,0.28,0,195
8972,0,-1,-0.0,0.28,7,0.28,0,195
8973,2,1,23.649387,0.32,8,0.32,0,195
8974,1,0,0.0,0.32,8,0.32,0,195
8975,2,1,20.653248,0.36,9,0.36,0,195
8976,2,1,20.933285,0.4,10,0.4,0,195
8977,2,1,20.811838,0.44,11,0.44,0,195
8978,2,1,17.978796,0.48,12,0.48,0,195
8979,0,-1,-0.0,0.48,12,0.48,0,195
8980,2,1,19.2725,0.52,13,0.52,0,195
8981,0,-1,-17.43542,0.48,12,0.48,0,195
8982,2,1,16.341469,0.52,13,0.52,0,195
8983,0,-1,-0.0,0.52,13,0.52,0,195
8984,2,1,13.310036,0.56,14,0.56,0,195
8985,1,0,0.0,0.56,14,0.56,0,195
8986,2,1,11.561046,0.6,15,0.6,0,195
8987,2,1,18.21913,0.64,16,0.64,0,195
8988,2,1,7.853472,0.68,17,0.68,0,195
8989,0,-1,-0.0,0.68,17,0.68,0,195
8990,1,0,0.0,0.68,17,0.68,0,195
8991,2,1,-1.435692,0.72,18,0.72,0,195
8992,1,0,0.0,0.72,18,0.72,0,195
8993,1,0,0.0,0.72,18,0.72,0,195
8994,1,0,0.0,0.72,18,0.72,0,195
8995,0,-1,-0.0,0.72,18,0.72,0,195
8996,1,0,0.0,0.72,18,0.72,0,195
8997,0,-1,-0.0,0.72,18,0.72,0,195
8998,2,1,-5.593234,0.76,19,0.76,0,195
8999,2,1,-19.304672,0.8,20,0.8,0,195
9000,2,1,-41.507797,0.84,21,0.84,0,195
9001,0,-1,-0.0,0.84,21,0.84,0,195
9002,2,1,-100.0,0.0,0,0.0,0,195
9003,2,1,28.364332,0.2,5,0.2,0,196
9004,2,1,28.208652,0.24,6,0.24,0,196
9005,2,1,23.526543,0.28,7,0.28,0,196
9006,2,1,-4.847297,0.32,8,0.32,0,196
9007,2,1,21.328568,0.36,9,0.36,0,196
9008,2,1,22.427462,0.4,10,0.4,0,196
9009,2,1,24.768646,0.44,11,0.44,0,196
9010,0,-1,6.5201416,0.4,10,0.4,0,196
9011,1,0,0.0,0.4,10,0.4,0,196
9012,2,1,16.854668,0.44,11,0.44,0,196
9013,1,0,0.0,0.44,11,0.44,0,196
9014,2,1,19.169409,0.48,12,0.48,0,196
9015,2,1,20.002981,0.52,13,0.52,0,196
9016,0,-1,-20.002981,0.48,12,0.48,0,196
9017,1,0,0.0,0.48,12,0.48,0,196
9018,1,0,0.0,0.48,12,0.48,0,196
9019,2,1,17.642029,0.52,13,0.52,0,196
9020,1,0,0.0,0.52,13,0.52,0,196
9021,1,0,0.0,0.52,13,0.52,0,196
9022,0,-1,-18.062992,0.48,12,0.48,0,196
9023,2,1,15.730122,0.52,13,0.52,0,196
9024,0,-1,-0.0,0.52,13,0.52,0,196
9025,2,1,19.730448,0.56,14,0.56,0,196
9026,2,1,19.497263,0.6,15,0.6,0,196
9027,1,0,0.0,0.6,15,0.6,0,196
9028,0,-1,-16.470173,0.56,14,0.56,0,196
9029,1,0,0.0,0.56,14,0.56,0,196
9030,2,1,8.987372,0.6,15,0.6,0,196
9031,1,0,0.0,0.6,15,0.6,0,196
9032,0,-1,-0.0,0.6,15,0.6,0,196
9033,2,1,13.047345,0.64,16,0.64,0,196
9034,2,1,11.914379,0.68,17,0.68,0,196
9035,0,-1,-0.0,0.68,17,0.68,0,196
9036,2,1,5.0949807,0.72,18,0.72,0,196
9037,2,1,-4.7266426,0.76,19,0.76,0,196
9038,2,1,-16.396597,0.8,20,0.8,0,196
9039,1,0,0.0,0.8,20,0.8,0,196
9040,2,1,-39.571835,0.84,21,0.84,0,196
9041,0,-1,42.029896,0.8,20,0.8,0,196
9042,0,-1,18.610527,0.76,19,0.76,0,196
9043,2,1,-20.86342,0.8,20,0.8,0,196
9044,0,-1,-0.0,0.8,20,0.8,0,196
9045,0,-1,-0.0,0.8,20,0.8,0,196
9046,1,0,0.0,0.8,20,0.8,0,196
9047,1,0,0.0,0.8,20,0.8,0,196
9048,0,-1,-0.0,0.8,20,0.8,0,196
9049,0,-1,17.757574,0.76,19,0.76,0,196
9050,2,1,-18.63777,0.8,20,0.8,0,196
9051,1,0,0.0,0.8,20,0.8,0,196
9052,0,-1,-0.0,0.8,20,0.8,0,196
9053,2,1,-39.346912,0.84,21,0.84,0,196
9054,0,-1,-0.0,0.84,21,0.84,0,196
9055,2,1,-80.89628,0.88,22,0.88,0,196
9056,0,-1,-0.0,0.88,22,0.88,0,196
9057,2,1,-183.48654,0.92,23,0.92,0,196
9058,0,-1,182.47061,0.88,22,0.88,0,196
9059,2,1,-180.10966,0.92,23,0.92,0,196
9060,0,-1,182.0019,0.88,22,0.88,0,196
9061,1,0,0.0,0.88,22,0.88,0,196
9062,2,1,-181.2783,0.92,23,0.92,0,196
9063,2,1,-604.0836,0.96,24,0.96,0,196
9064,2,1,21.404177,1.0,25,1.0,0,196
9065,2,1,-1000.0,0.0,0,0.0,0,196
9066,2,1,-4.1406527,0.2,5,0.2,0,197
9067,2,1,28.22638,0.24,6,0.24,0,197
9068,2,1,27.971514,0.28,7,0.28,0,197
9069,2,1,-4.847379,0.32,8,0.32,0,197
9070,2,1,26.003696,0.36,9,0.36,0,197
9071,2,1,25.459835,0.4,10,0.4,0,197
9072,0,-1,5.828954,0.36,9,0.36,0,197
9073,2,1,23.822836,0.4,10,0.4,0,197
9074,2,1,21.250967,0.44,11,0.44,0,197
9075,2,1,18.198029,0.48,12,0.48,0,197
9076,2,1,14.959223,0.52,13,0.52,0,197
9077,0,-1,-0.0,0.52,13,0.52,0,197
9078,0,-1,-0.0,0.52,13,0.52,0,197
9079,2,1,11.482289,0.56,14,0.56,0,197
9080,2,1,-100.0,0.0,0,0.0,0,197
9081,0,-1,-0.0,0.16,4,0.16,0,198
9082,2,1,28.364332,0.2,5,0.2,0,198
9083,2,1,-4.278687,0.24,6,0.24,0,198
9084,2,1,27.971514,0.28,7,0.28,0,198
9085,2,1,-4.8479323,0.32,8,0.32,0,198
9086,1,0,0.0,0.32,8,0.32,0,198
9087,2,1,-5.2804775,0.36,9,0.36,0,198
9088,1,0,0.0,0.36,9,0.36,0,198
9089,0,-1,-27.225174,0.32,8,0.32,0,198
9090,1,0,0.0,0.32,8,0.32,0,198
9091,1,0,0.0,0.32,8,0.32,0,198
9092,2,1,26.003696,0.36,9,0.36,0,198
9093,2,1,26.67603,0.4,10,0.4,0,198
9094,1,0,0.0,0.4,10,0.4,0,198
9095,2,1,24.768646,0.44,11,0.44,0,198
9096,2,1,22.260569,0.48,12,0.48,0,198
9097,2,1,19.27347,0.52,13,0.52,0,198
9098,2,1,19.728302,0.56,14,0.56,0,198
9099,2,1,13.99942,0.6,15,0.6,0,198
9100,1,0,0.0,0.6,15,0.6,0,198
9101,2,1,13.484284,0.64,16,0.64,0,198
9102,2,1,9.597933,0.68,17,0.68,0,198
9103,2,1,-22.675158,0.72,18,0.72,0,198
9104,1,0,0.0,0.72,18,0.72,0,198
9105,2,1,-4.5079837,0.76,19,0.76,0,198
9106,2,1,-18.2334,0.8,20,0.8,0,198
9107,0,-1,41.986004,0.76,19,0.76,0,198
9108,2,1,-20.290298,0.8,20,0.8,0,198
9109,0,-1,-0.0,0.8,20,0.8,0,198
9110,2,1,-37.679768,0.84,21,0.84,0,198
9111,2,1,-81.47996,0.88,22,0.88,0,198
9112,2,1,-189.00604,0.92,23,0.92,0,198
9113,2,1,0.0,0.92,23,0.92,0,198
9114,2,1,-599.89465,0.96,24,0.96,0,198
9115,0,-1,-100.0,0.0,0,0.0,0,198
9116,2,1,28.364332,0.2,5,0.2,0,199
9117,2,1,27.010183,0.24,6,0.24,0,199
9118,2,1,27.971514,0.28,7,0.28,0,199
9119,2,1,23.19499,0.32,8,0.32,0,199
9120,2,1,20.859858,0.36,9,0.36,0,199
9121,2,1,22.671667,0.4,10,0.4,0,199
9122,2,1,17.70762,0.44,11,0.44,0,199
9123,1,0,0.0,0.44,11,0.44,0,199
9124,2,1,19.372663,0.48,12,0.48,0,199
9125,2,1,16.342228,0.52,13,0.52,0,199
9126,2,1,14.289744,0.56,14,0.56,0,199
9127,2,1,16.470173,0.6,15,0.6,0,199
9128,0,-1,-12.424845,0.56,14,0.56,0,199
9129,1,0,0.0,0.56,14,0.56,0,199
9130,2,1,19.497263,0.6,15,0.6,0,199
9131,0,-1,-12.441519,0.56,14,0.56,0,199
9132,2,1,10.894816,0.6,15,0.6,0,199
9133,2,1,9.925233,0.64,16,0.64,0,199
9134,1,0,0.0,0.64,16,0.64,0,199
9135,1,0,0.0,0.64,16,0.64,0,199
9136,2,1,11.916524,0.68,17,0.68,0,199
9137,2,1,4.658042,0.72,18,0.72,0,199
9138,2,1,-9.456373,0.76,19,0.76,0,199
9139,2,1,-19.150812,0.8,20,0.8,0,199
9140,1,0,0.0,0.8,20,0.8,0,199
9141,2,1,-62.803593,0.84,21,0.84,0,199
9142,2,1,-83.665054,0.88,22,0.88,0,199
9143,0,-1,76.19991,0.84,21,0.84,0,199
9144,2,1,-100.0,0.0,0,0.0,0,199
9145,0,-1,-0.0,0.16,4,0.16,0,200
9146,0,-1,-0.0,0.16,4,0.16,0,200
9147,2,1,-4.1406527,0.2,5,0.2,0,200
9148,2,1,28.208652,0.24,6,0.24,0,200
9149,0,-1,4.278605,0.2,5,0.2,0,200
9150,2,1,27.0049,0.24,6,0.24,0,200
9151,2,1,25.133902,0.28,7,0.28,0,200
9152,1,0,0.0,0.28,7,0.28,0,200
9153,1,0,0.0,0.28,7,0.28,0,200
9154,2,1,22.484684,0.32,8,0.32,0,200
9155,1,0,0.0,0.32,8,0.32,0,200
9156,2,1,23.216873,0.36,9,0.36,0,200
9157,2,1,22.427462,0.4,10,0.4,0,200
9158,1,0,0.0,0.4,10,0.4,0,200
9159,2,1,20.242096,0.44,11,0.44,0,200
9160,2,1,19.169409,0.48,12,0.48,0,200
9161,1,0,0.0,0.48,12,0.48,0,200
9162,2,1,16.006361,0.52,13,0.52,0,200
9163,2,1,13.55284,0.56,14,0.56,0,200
9164,2,1,15.983896,0.6,15,0.6,0,200
9165,1,0,0.0,0.6,15,0.6,0,200
9166,1,0,0.0,0.6,15,0.6,0,200
9167,1,0,0.0,0.6,15,0.6,0,200
9168,0,-1,-11.687941,0.56,14,0.56,0,200
9169,2,1,11.687941,0.6,15,0.6,0,200
9170,1,0,0.0,0.6,15,0.6,0,200
9171,1,0,0.0,0.6,15,0.6,0,200
9172,2,1,11.302884,0.64,16,0.64,0,200
9173,0,-1,-9.18833,0.6,15,0.6,0,200
9174,1,0,0.0,0.6,15,0.6,0,200
9175,1,0,0.0,0.6,15,0.6,0,200
9176,2,1,10.553254,0.64,16,0.64,0,200
9177,0,-1,-12.274778,0.6,15,0.6,0,200
9178,1,0,0.0,0.6,15,0.6,0,200
9179,2,1,11.499346,0.64,16,0.64,0,200
9180,2,1,7.3878217,0.68,17,0.68,0,200
9181,2,1,1.0765506,0.72,18,0.72,1,200
9182,2,1,-8.404566,0.76,19,0.76,0,200
9183,1,0,0.0,0.76,19,0.76,0,200
9184,1,0,0.0,0.76,19,0.76,0,200
9185,2,1,-19.012726,0.8,20,0.8,0,200
9186,0,-1,-0.0,0.8,20,0.8,0,200
9187,2,1,-100.0,0.0,0,0.0,0,200
9188,2,1,28.346605,0.2,5,0.2,0,201
9189,2,1,27.0049,0.24,6,0.24,0,201
9190,2,1,23.740671,0.28,7,0.28,0,201
9191,2,1,21.156033,0.32,8,0.32,0,201
9192,0,-1,-0.0,0.32,8,0.32,0,201
9193,2,1,-5.27981,0.36,9,0.36,0,201
9194,1,0,0.0,0.36,9,0.36,0,201
9195,2,1,22.66773,0.4,10,0.4,0,201
9196,2,1,17.717962,0.44,11,0.44,0,201
9197,2,1,25.113762,0.48,12,0.48,0,201
9198,0,-1,-25.113762,0.44,11,0.44,0,201
9199,1,0,0.0,0.44,11,0.44,0,201
9200,2,1,13.470231,0.48,12,0.48,0,201
9201,2,1,-8.497722,0.52,13,0.52,0,201
9202,0,-1,-0.0,0.52,13,0.52,0,201
9203,1,0,0.0,0.52,13,0.52,0,201
9204,2,1,19.728302,0.56,14,0.56,0,201
9205,1,0,0.0,0.56,14,0.56,0,201
9206,2,1,-11.786878,0.6,15,0.6,0,201
9207,1,0,0.0,0.6,15,0.6,0,201
9208,2,1,13.484284,0.64,16,0.64,0,201
9209,0,-1,14.285854,0.6,15,0.6,0,201
9210,2,1,13.046126,0.64,16,0.64,0,201
9211,2,1,9.026972,0.68,17,0.68,0,201
9212,0,-1,-0.0,0.68,17,0.68,0,201
9213,2,1,2.913581,0.72,18,0.72,0,201
9214,2,1,-3.536602,0.76,19,0.76,0,201
9215,1,0,0.0,0.76,19,0.76,0,201
9216,2,1,-18.528736,0.8,20,0.8,0,201
9217,2,1,-37.43349,0.84,21,0.84,0,201
9218,2,1,-80.89628,0.88,22,0.88,0,201
9219,0,-1,-0.0,0.88,22,0.88,0,201
9220,0,-1,77.89569,0.84,21,0.84,0,201
9221,2,1,-79.33324,0.88,22,0.88,0,201
9222,1,0,0.0,0.88,22,0.88,0,201
9223,2,1,-185.5023,0.92,23,0.92,0,201
9224,0,-1,-0.0,0.92,23,0.92,0,201
9225,1,0,0.0,0.92,23,0.92,0,201
9226,0,-1,-0.0,0.92,23,0.92,0,201
9227,2,1,-603.75964,0.96,24,0.96,0,201
9228,0,-1,625.26587,0.92,23,0.92,0,201
9229,1,0,0.0,0.92,23,0.92,0,201
9230,1,0,0.0,0.92,23,0.92,0,201
9231,2,1,-100.0,0.0,0,0.0,0,201
9232,2,1,-4.1406527,0.2,5,0.2,0,202
9233,0,-1,4.1406527,0.16,4,0.16,0,202
9234,2,1,28.346605,0.2,5,0.2,0,202
9235,2,1,23.97781,0.24,6,0.24,0,202
9236,2,1,-4.515744,0.28,7,0.28,0,202
9237,0,-1,-23.740671,0.24,6,0.24,0,202
9238,2,1,27.98924,0.28,7,0.28,0,202
9239,1,0,0.0,0.28,7,0.28,0,202
9240,1,0,0.0,0.28,7,0.28,0,202
9241,2,1,26.441492,0.32,8,0.32,0,202
9242,2,1,26.003696,0.36,9,0.36,0,202
9243,2,1,23.820692,0.4,10,0.4,0,202
9244,0,-1,-0.0,0.4,10,0.4,0,202
9245,0,-1,-0.0,0.4,10,0.4,0,202
9246,2,1,21.249996,0.44,11,0.44,0,202
9247,2,1,18.197515,0.48,12,0.48,0,202
9248,2,1,20.002981,0.52,13,0.52,0,202
9249,2,1,19.730448,0.56,14,0.56,0,202
9250,1,0,0.0,0.56,14,0.56,0,202
9251,2,1,11.773804,0.6,15,0.6,0,202
9252,2,1,7.169366,0.64,16,0.64,0,202
9253,2,1,9.597933,0.68,17,0.68,0,202
9254,2,1,-1.1695675,0.72,18,0.72,0,202
9255,0,-1,-0.0,0.72,18,0.72,0,202
9256,2,1,-2.326125,0.76,19,0.76,0,202
9257,1,0,0.0,0.76,19,0.76,0,202
9258,2,1,-18.528736,0.8,20,0.8,0,202
9259,2,1,-100.0,0.0,0,0.0,0,202
9260,0,-1,-0.0,0.16,4,0.16,0,203
9261,2,1,28.346605,0.2,5,0.2,0,203
9262,2,1,28.22638,0.24,6,0.24,0,203
9263,1,0,0.0,0.24,6,0.24,0,203
9264,2,1,23.526543,0.28,7,0.28,0,203
9265,2,1,23.409119,0.32,8,0.32,0,203
9266,2,1,-5.279892,0.36,9,0.36,0,203
9267,1,0,0.0,0.36,9,0.36,0,203
9268,0,-1,-22.976604,0.32,8,0.32,0,203
9269,2,1,26.008978,0.36,9,0.36,0,203
9270,2,1,23.822836,0.4,10,0.4,0,203
9271,2,1,24.763365,0.44,11,0.44,0,203
9272,2,1,-7.391858,0.48,12,0.48,0,203
9273,0,-1,7.391858,0.44,11,0.44,0,203
9274,2,1,22.258423,0.48,12,0.48,0,203
9275,2,1,19.27347,0.52,13,0.52,0,203
9276,2,1,18.579277,0.56,14,0.56,0,203
9277,2,1,13.99942,0.6,15,0.6,0,203
9278,0,-1,-16.256044,0.56,14,0.56,0,203
9279,0,-1,9.921425,0.52,13,0.52,0,203
9280,0,-1,-0.0,0.52,13,0.52,0,203
9281,2,1,17.848795,0.56,14,0.56,0,203
9282,2,1,15.546957,0.6,15,0.6,0,203
9283,2,1,9.46608,0.64,16,0.64,0,203
9284,2,1,10.307021,0.68,17,0.68,0,203
9285,1,0,0.0,0.68,17,0.68,0,203
9286,2,1,-1.0257504,0.72,18,0.72,0,203
9287,2,1,-2.7652535,0.76,19,0.76,0,203
9288,2,1,-100.0,0.0,0,0.0,0,203
9289,2,1,-4.1406527,0.2,5,0.2,0,204
9290,2,1,-4.278687,0.24,6,0.24,0,204
9291,2,1,-4.516252,0.28,7,0.28,0,204
9292,2,1,27.639961,0.32,8,0.32,0,204
9293,2,1,27.225174,0.36,9,0.36,0,204
9294,2,1,25.454552,0.4,10,0.4,0,204
9295,2,1,-6.5206485,0.44,11,0.44,0,204
9296,2,1,-7.39189,0.48,12,0.48,0,204
9297,2,1,-8.498275,0.52,13,0.52,0,204
9298,1,0,0.0,0.52,13,0.52,0,204
9299,1,0,0.0,0.52,13,0.52,0,204
9300,0,-1,8.498146,0.48,12,0.48,0,204
9301,1,0,0.0,0.48,12,0.48,0,204
9302,2,1,19.999044,0.52,13,0.52,0,204
9303,2,1,16.011715,0.56,14,0.56,0,204
9304,1,0,0.0,0.56,14,0.56,0,204
9305,2,1,14.975996,0.6,15,0.6,0,204
9306,2,1,15.363791,0.64,16,0.64,0,204
9307,2,1,13.553522,0.68,17,0.68,0,204
9308,0,-1,-0.0,0.68,17,0.68,1,204
9309,2,1,5.843145,0.72,18,0.72,0,204
9310,0,-1,9.183464,0.68,17,0.68,0,204
9311,1,0,0.0,0.68,17,0.68,0,204
9312,0,-1,-0.0,0.68,17,0.68,0,204
9313,2,1,5.609885,0.72,18,0.72,0,204
9314,1,0,0.0,0.72,18,0.72,0,204
9315,2,1,-0.4716805,0.76,19,0.76,0,204
9316,1,0,0.0,0.76,19,0.76,0,204
9317,2,1,-24.456059,0.8,20,0.8,0,204
9318,0,-1,16.07896,0.76,19,0.76,0,204
9319,1,0,0.0,0.76,19,0.76,0,204
9320,1,0,0.0,0.76,19,0.76,0,204
9321,2,1,-14.225022,0.8,20,0.8,0,204
9322,2,1,-35.117714,0.84,21,0.84,0,204
9323,2,1,-76.42961,0.88,22,0.88,0,204
9324,2,1,-181.298,0.92,23,0.92,0,204
9325,2,1,-597.9456,0.96,24,0.96,0,204
9326,2,1,24.980927,1.0,25,1.0,0,204
9327,2,1,-1000.0,0.0,0,0.0,0,204
9328,2,1,28.364332,0.2,5,0.2,0,205
9329,2,1,-4.278605,0.24,6,0.24,0,205
9330,2,1,-4.5163865,0.28,7,0.28,0,205
9331,1,0,0.0,0.28,7,0.28,0,205
9332,1,0,0.0,0.28,7,0.28,0,205
9333,2,1,27.639961,0.32,8,0.32,0,205
9334,2,1,26.008978,0.36,9,0.36,0,205
9335,2,1,-5.829461,0.4,10,0.4,0,205
9336,1,0,0.0,0.4,10,0.4,0,205
9337,0,-1,-0.0,0.4,10,0.4,0,205
9338,2,1,21.980478,0.44,11,0.44,0,205
9339,2,1,22.260569,0.48,12,0.48,0,205
9340,0,-1,7.391865,0.44,11,0.44,0,205
9341,1,0,0.0,0.44,11,0.44,0,205
9342,1,0,0.0,0.44,11,0.44,0,205
9343,2,1,23.892282,0.48,12,0.48,0,205
9344,2,1,19.27347,0.52,13,0.52,0,205
9345,2,1,16.842545,0.56,14,0.56,0,205
9346,2,1,13.803008,0.6,15,0.6,0,205
9347,2,1,9.171008,0.64,16,0.64,0,205
9348,2,1,-17.735903,0.68,17,0.68,0,205
9349,1,0,0.0,0.68,17,0.68,0,205
9350,1,0,0.0,0.68,17,0.68,0,205
9351,2,1,0.8851377,0.72,18,0.72,0,205
9352,0,-1,22.675793,0.68,17,0.68,0,205
9353,0,-1,17.735773,0.64,16,0.64,0,205
9354,2,1,3.7200801,0.68,17,0.68,0,205
9355,2,1,-100.0,0.0,0,0.0,0,205
9356,2,1,28.346605,0.2,5,0.2,0,206
9357,2,1,23.97781,0.24,6,0.24,0,206
9358,2,1,21.487585,0.28,7,0.28,0,206
9359,2,1,27.657686,0.32,8,0.32,0,206
9360,2,1,-5.27981,0.36,9,0.36,0,206
9361,0,-1,-0.0,0.36,9,0.36,0,206
9362,1,0,0.0,0.36,9,0.36,0,206
9363,2,1,25.459835,0.4,10,0.4,0,206
9364,1,0,0.0,0.4,10,0.4,0,206
9365,2,1,23.131649,0.44,11,0.44,0,206
9366,0,-1,-0.0,0.44,11,0.44,0,206
9367,1,0,0.0,0.44,11,0.44,0,206
9368,2,1,19.941977,0.48,12,0.48,0,206
9369,0,-1,-0.0,0.48,12,0.48,0,206
9370,0,-1,-0.0,0.48,12,0.48,0,206
9371,0,-1,-0.0,0.48,12,0.48,0,206
9372,0,-1,-0.0,0.48,12,0.48,0,206
9373,1,0,0.0,0.48,12,0.48,0,206
9374,0,-1,7.3912225,0.44,11,0.44,0,206
9375,2,1,23.892282,0.48,12,0.48,0,206
9376,0,-1,-18.612106,0.44,11,0.44,0,206
9377,2,1,21.105461,0.48,12,0.48,0,206
9378,2,1,17.43542,0.52,13,0.52,0,206
9379,2,1,15.202398,0.56,14,0.56,0,206
9380,1,0,0.0,0.56,14,0.56,0,206
9381,0,-1,-16.011715,0.52,13,0.52,0,206
9382,2,1,16.081985,0.56,14,0.56,0,206
9383,2,1,11.32206,0.6,15,0.6,0,206
9384,0,-1,-0.0,0.6,15,0.6,0,206
9385,2,1,15.363791,0.64,16,0.64,0,206
9386,1,0,0.0,0.64,16,0.64,0,206
9387,2,1,3.324968,0.68,17,0.68,0,206
9388,2,1,0.30121025,0.72,18,0.72,0,206
9389,2,1,-100.0,0.0,0,0.0,0,206
9390,2,1,28.346605,0.2,5,0.2,0,207
9391,1,0,0.0,0.2,5,0.2,0,207
9392,2,1,27.0049,0.24,6,0.24,0,207
9393,2,1,-4.515826,0.28,7,0.28,0,207
9394,2,1,27.657686,0.32,8,0.32,0,207
9395,2,1,23.216873,0.36,9,0.36,0,207
9396,1,0,0.0,0.36,9,0.36,0,207
9397,2,1,23.820692,0.4,10,0.4,0,207
9398,0,-1,-22.66773,0.36,9,0.36,0,207
9399,2,1,25.459835,0.4,10,0.4,0,207
9400,1,0,0.0,0.4,10,0.4,0,207
9401,2,1,23.131649,0.44,11,0.44,0,207
9402,2,1,19.941977,0.48,12,0.48,0,207
9403,1,0,0.0,0.48,12,0.48,0,207
9404,2,1,19.2725,0.52,13,0.52,0,207
9405,2,1,15.449248,0.56,14,0.56,0,207
9406,2,1,11.445432,0.6,15,0.6,0,207
9407,1,0,0.0,0.6,15,0.6,0,207
9408,0,-1,-0.0,0.6,15,0.6,0,207
9409,2,1,11.302884,0.64,16,0.64,0,207
9410,1,0,0.0,0.64,16,0.64,0,207
9411,0,-1,-0.0,0.64,16,0.64,0,207
9412,2,1,8.049933,0.68,17,0.68,0,207
9413,1,0,0.0,0.68,17,0.68,0,207
9414,0,-1,17.735348,0.64,16,0.64,0,207
9415,0,-1,-0.0,0.64,16,0.64,0,207
9416,2,1,5.9229755,0.68,17,0.68,0,207
9417,2,1,5.0959516,0.72,18,0.72,0,207
9418,2,1,-6.749668,0.76,19,0.76,0,207
9419,2,1,-20.689486,0.8,20,0.8,0,207
9420,1,0,0.0,0.8,20,0.8,0,207
9421,2,1,-37.21426,0.84,21,0.84,0,207
9422,2,1,-100.0,0.0,0,0.0,0,207
9423,2,1,28.346605,0.2,5,0.2,0,208
9424,2,1,23.97781,0.24,6,0.24,0,208
9425,2,1,-4.515826,0.28,7,0.28,0,208
9426,2,1,26.436209,0.32,8,0.32,0,208
9427,2,1,23.216873,0.36,9,0.36,0,208
9428,0,-1,5.279892,0.32,8,0.32,0,208
9429,1,0,0.0,0.32,8,0.32,0,208
9430,2,1,27.225174,0.36,9,0.36,0,208
9431,2,1,20.174376,0.4,10,0.4,0,208
9432,2,1,24.768646,0.44,11,0.44,0,208
9433,2,1,21.109398,0.48,12,0.48,0,208
9434,2,1,18.266247,0.52,13,0.52,0,208
9435,1,0,0.0,0.52,13,0.52,0,208
9436,2,1,14.918525,0.56,14,0.56,0,208
9437,1,0,0.0,0.56,14,0.56,0,208
9438,2,1,12.718668,0.6,15,0.6,0,208
9439,2,1,15.365936,0.64,16,0.64,0,208
9440,0,-1,-0.0,0.64,16,0.64,0,208
9441,1,0,0.0,0.64,16,0.64,0,208
9442,1,0,0.0,0.64,16,0.64,0,208
9443,1,0,0.0,0.64,16,0.64,0,208
9444,1,0,0.0,0.64,16,0.64,0,208
9445,0,-1,-0.0,0.64,16,0.64,0,208
9446,2,1,11.914379,0.68,17,0.68,0,208
9447,2,1,5.0949807,0.72,18,0.72,0,208
9448,2,1,-4.3120346,0.76,19,0.76,0,208
9449,2,1,-14.214226,0.8,20,0.8,0,208
9450,0,-1,-0.0,0.8,20,0.8,0,208
9451,2,1,-35.47153,0.84,21,0.84,0,208
9452,1,0,0.0,0.84,21,0.84,0,208
9453,0,-1,-0.0,0.84,21,0.84,0,208
9454,2,1,-81.77527,0.88,22,0.88,0,208
9455,2,1,-183.02155,0.92,23,0.92,0,208
9456,0,-1,184.10538,0.88,22,0.88,0,208
9457,0,-1,78.452995,0.84,21,0.84,0,208
9458,0,-1,-0.0,0.84,21,0.84,0,208
9459,2,1,-80.89628,0.88,22,0.88,0,208
9460,2,1,-187.15506,0.92,23,0.92,0,208
9461,2,1,-598.503,0.96,24,0.96,0,208
9462,2,1,28.042961,1.0,25,1.0,0,208
9463,1,0,-1000.0,0.0,0,0.0,0,208
9464,2,1,28.364332,0.2,5,0.2,0,209
9465,1,0,0.0,0.2,5,0.2,0,209
9466,2,1,28.208652,0.24,6,0.24,0,209
9467,2,1,26.767761,0.28,7,0.28,0,209
9468,0,-1,-0.0,0.28,7,0.28,0,209
9469,2,1,23.409119,0.32,8,0.32,0,209
9470,0,-1,-27.657686,0.28,7,0.28,0,209
9471,2,1,21.713335,0.32,8,0.32,0,209
9472,2,1,27.225174,0.36,9,0.36,0,209
9473,0,-1,-26.003696,0.32,8,0.32,0,209
9474,1,0,0.0,0.32,8,0.32,0,209
9475,1,0,0.0,0.32,8,0.32,0,209
9476,2,1,-5.279892,0.36,9,0.36,0,209
9477,2,1,25.454552,0.4,10,0.4,0,209
9478,1,0,0.0,0.4,10,0.4,0,209
9479,1,0,0.0,0.4,10,0.4,0,209
9480,1,0,0.0,0.4,10,0.4,0,209
9481,2,1,24.768646,0.44,11,0.44,0,209
9482,1,0,0.0,0.44,11,0.44,0,209
9483,2,1,18.612106,0.48,12,0.48,0,209
9484,1,0,0.0,0.48,12,0.48,0,209
9485,0,-1,-18.612106,0.44,11,0.44,0,209
9486,2,1,22.258423,0.48,12,0.48,0,209
9487,2,1,19.2725,0.52,13,0.52,0,209
9488,0,-1,-0.0,0.52,13,0.52,0,209
9489,2,1,18.120945,0.56,14,0.56,0,209
9490,2,1,16.710442,0.6,15,0.6,0,209
9491,1,0,0.0,0.6,15,0.6,0,209
9492,2,1,-14.285854,0.64,16,0.64,0,209
9493,1,0,0.0,0.64,16,0.64,0,209
9494,1,0,0.0,0.64,16,0.64,0,209
9495,2,1,9.026972,0.68,17,0.68,0,209
9496,2,1,-22.675793,0.72,18,0.72,0,209
9497,0,-1,-3.8854747,0.68,17,0.68,0,209
9498,1,0,0.0,0.68,17,0.68,0,209
9499,2,1,4.656823,0.72,18,0.72,0,209
9500,1,0,0.0,0.72,18,0.72,0,209
9501,1,0,0.0,0.72,18,0.72,0,209
9502,1,0,0.0,0.72,18,0.72,0,209
9503,2,1,-4.7272162,0.76,19,0.76,0,209
9504,0,-1,30.097235,0.72,18,0.72,0,209
9505,1,0,0.0,0.72,18,0.72,0,209
9506,1,0,0.0,0.72,18,0.72,0,209
9507,1,0,0.0,0.72,18,0.72,0,209
9508,0,-1,-8.613631,0.68,17,0.68,0,209
9509,1,0,0.0,0.68,17,0.68,0,209
9510,0,-1,-10.521149,0.64,16,0.64,0,209
9511,1,0,0.0,0.64,16,0.64,0,209
9512,2,1,13.553522,0.68,17,0.68,0,209
9513,2,1,2.1639507,0.72,18,0.72,0,209
9514,1,0,0.0,0.72,18,0.72,0,209
9515,0,-1,-2.1639507,0.68,17,0.68,0,209
9516,2,1,5.825463,0.72,18,0.72,0,209
9517,1,0,0.0,0.72,18,0.72,0,209
9518,2,1,-0.44544354,0.76,19,0.76,0,209
9519,0,-1,3.3349957,0.72,18,0.72,0,209
9520,2,1,-3.3333473,0.76,19,0.76,0,209
9521,0,-1,1.6005503,0.72,18,0.72,0,209
9522,2,1,-6.7499466,0.76,19,0.76,0,209
9523,0,-1,-0.0,0.76,19,0.76,0,209
9524,0,-1,-0.0,0.76,19,0.76,0,209
9525,0,-1,-0.0,0.76,19,0.76,0,209
9526,2,1,-20.745869,0.8,20,0.8,0,209
9527,2,1,-35.032402,0.84,21,0.84,0,209
9528,1,0,0.0,0.84,21,0.84,1,209
9529,2,1,-100.0,0.0,0,0.0,0,209
9530,2,1,-4.1406527,0.2,5,0.2,0,210
9531,2,1,28.22638,0.24,6,0.24,0,210
9532,2,1,27.971514,0.28,7,0.28,0,210
9533,2,1,26.441492,0.32,8,0.32,0,210
9534,2,1,23.22081,0.36,9,0.36,0,210
9535,1,0,0.0,0.36,9,0.36,0,210
9536,2,1,23.822836,0.4,10,0.4,0,210
9537,2,1,19.415535,0.44,11,0.44,0,210
9538,0,-1,6.5201416,0.4,10,0.4,0,210
9539,2,1,20.243746,0.44,11,0.44,0,210
9540,2,1,17.448645,0.48,12,0.48,0,210
9541,1,0,0.0,0.48,12,0.48,0,210
9542,1,0,0.0,0.48,12,0.48,0,210
9543,2,1,18.83556,0.52,13,0.52,0,210
9544,2,1,21.362164,0.56,14,0.56,0,210
9545,1,0,0.0,0.56,14,0.56,0,210
9546,2,1,13.337499,0.6,15,0.6,0,210
9547,2,1,13.485255,0.64,16,0.64,0,210
9548,0,-1,-11.649822,0.6,15,0.6,0,210
9549,1,0,0.0,0.6,15,0.6,0,210
9550,0,-1,-0.0,0.6,15,0.6,0,210
9551,2,1,14.21083,0.64,16,0.64,0,210
9552,1,0,0.0,0.64,16,0.64,0,210
9553,1,0,0.0,0.64,16,0.64,0,210
9554,0,-1,-0.0,0.64,16,0.64,0,210
9555,2,1,8.050396,0.68,17,0.68,0,210
9556,2,1,4.087081,0.72,18,0.72,0,210
9557,2,1,-5.258126,0.76,19,0.76,0,210
9558,2,1,-19.151176,0.8,20,0.8,0,210
9559,2,1,-37.43292,0.84,21,0.84,0,210
9560,2,1,-79.952324,0.88,22,0.88,0,210
9561,0,-1,-0.0,0.88,22,0.88,0,210
9562,2,1,-185.77576,0.92,23,0.92,1,210
9563,2,1,-604.4778,0.96,24,0.96,0,210
9564,2,1,-100.0,0.0,0,0.0,0,210
9565,2,1,-4.1406527,0.2,5,0.2,0,211
9566,2,1,28.208652,0.24,6,0.24,0,211
9567,2,1,26.767761,0.28,7,0.28,0,211
9568,2,1,23.649387,0.32,8,0.32,0,211
9569,2,1,27.225174,0.36,9,0.36,0,211
9570,1,0,0.0,0.36,9,0.36,0,211
9571,2,1,23.820692,0.4,10,0.4,0,211
9572,1,0,0.0,0.4,10,0.4,0,211
9573,1,0,0.0,0.4,10,0.4,0,211
9574,1,0,0.0,0.4,10,0.4,0,211
9575,2,1,19.412916,0.44,11,0.44,0,211
9576,0,-1,-0.0,0.44,11,0.44,1,211
9577,2,1,16.67841,0.48,12,0.48,0,211
9578,1,0,0.0,0.48,12,0.48,0,211
9579,2,1,19.262672,0.52,13,0.52,0,211
9580,2,1,16.824177,0.56,14,0.56,0,211
9581,1,0,0.0,0.56,14,0.56,0,211
9582,2,1,13.989593,0.6,15,0.6,0,211
9583,2,1,9.362789,0.64,16,0.64,0,211
9584,0,-1,-9.783778,0.6,15,0.6,0,211
9585,1,0,0.0,0.6,15,0.6,0,211
9586,0,-1,-14.120132,0.56,14,0.56,0,211
9587,2,1,9.806839,0.6,15,0.6,0,211
9588,1,0,0.0,0.6,15,0.6,0,211
9589,1,0,0.0,0.6,15,0.6,0,211
9590,0,-1,-20.729591,0.56,14,0.56,0,211
9591,2,1,15.533397,0.6,15,0.6,0,211
9592,2,1,-100.0,0.0,0,0.0,0,211
9593,0,-1,-0.0,0.16,4,0.16,0,212
9594,2,1,28.346605,0.2,5,0.2,0,212
9595,2,1,-4.278687,0.24,6,0.24,0,212
9596,2,1,-4.51638,0.28,7,0.28,0,212
9597,1,0,0.0,0.28,7,0.28,0,212
9598,1,0,0.0,0.28,7,0.28,0,212
9599,2,1,23.409119,0.32,8,0.32,0,212
9600,2,1,27.225174,0.36,9,0.36,0,212
9601,2,1,20.731678,0.4,10,0.4,0,212
9602,1,0,0.0,0.4,10,0.4,0,212
9603,2,1,-6.5201416,0.44,11,0.44,0,212
9604,2,1,18.612106,0.48,12,0.48,0,212
9605,2,1,19.544647,0.52,13,0.52,0,212
9606,2,1,14.316762,0.56,14,0.56,0,212
9607,1,0,0.0,0.56,14,0.56,0,212
9608,1,0,0.0,0.56,14,0.56,0,212
9609,2,1,-11.78675,0.6,15,0.6,0,212
9610,0,-1,-0.0,0.6,15,0.6,0,212
9611,1,0,0.0,0.6,15,0.6,0,212
9612,1,0,0.0,0.6,15,0.6,0,212
9613,0,-1,-16.256044,0.56,14,0.56,0,212
9614,1,0,0.0,0.56,14,0.56,0,212
9615,1,0,0.0,0.56,14,0.56,0,212
9616,0,-1,-14.316762,0.52,13,0.52,0,212
9617,1,0,0.0,0.52,13,0.52,0,212
9618,0,-1,-17.50569,0.48,12,0.48,0,212
9619,2,1,-8.498275,0.52,13,0.52,0,212
9620,1,0,0.0,0.52,13,0.52,0,212
9621,1,0,0.0,0.52,13,0.52,0,212
9622,1,0,0.0,0.52,13,0.52,0,212
9623,0,-1,8.498275,0.48,12,0.48,0,212
9624,2,1,19.544647,0.52,13,0.52,0,212
9625,2,1,-9.92201,0.56,14,0.56,0,212
9626,1,0,0.0,0.56,14,0.56,0,212
9627,1,0,0.0,0.56,14,0.56,0,212
9628,2,1,-11.786884,0.6,15,0.6,0,212
9629,1,0,0.0,0.6,15,0.6,1,212
9630,0,-1,11.786879,0.56,14,0.56,0,212
9631,1,0,0.0,0.56,14,0.56,0,212
9632,2,1,19.50075,0.6,15,0.6,0,212
9633,2,1,14.213704,0.64,16,0.64,0,212
9634,0,-1,-0.0,0.64,16,0.64,0,212
9635,1,0,0.0,0.64,16,0.64,0,212
9636,0,-1,-12.337505,0.6,15,0.6,0,212
9637,1,0,0.0,0.6,15,0.6,0,212
9638,0,-1,-8.9497175,0.56,14,0.56,0,212
9639,2,1,14.758945,0.6,15,0.6,0,212
9640,1,0,0.0,0.6,15,0.6,0,212
9641,1,0,0.0,0.6,15,0.6,0,212
9642,0,-1,-0.0,0.6,15,0.6,0,212
9643,1,0,0.0,0.6,15,0.6,0,212
9644,2,1,12.546299,0.64,16,0.64,0,212
9645,2,1,6.8309875,0.68,17,0.68,0,212
9646,2,1,3.244573,0.72,18,0.72,0,212
9647,1,0,0.0,0.72,18,0.72,0,212
9648,1,0,0.0,0.72,18,0.72,0,212
9649,2,1,-7.5134273,0.76,19,0.76,0,212
9650,1,0,0.0,0.76,19,0.76,0,212
9651,2,1,-41.986008,0.8,20,0.8,0,212
9652,0,-1,15.440147,0.76,19,0.76,0,212
9653,1,0,0.0,0.76,19,0.76,0,212
9654,0,-1,2.0921392,0.72,18,0.72,0,212
9655,2,1,-5.1880574,0.76,19,0.76,0,212
9656,2,1,-15.380472,0.8,20,0.8,0,212
9657,2,1,-42.253925,0.84,21,0.84,0,212
9658,1,0,0.0,0.84,21,0.84,0,212
9659,1,0,0.0,0.84,21,0.84,0,212
9660,2,1,-93.2381,0.88,22,0.88,0,212
9661,2,1,-185.71053,0.92,23,0.92,0,212
9662,1,0,0.0,0.92,23,0.92,0,212
9663,0,-1,-0.0,0.92,23,0.92,0,212
9664,0,-1,183.46246,0.88,22,0.88,0,212
9665,1,0,0.0,0.88,22,0.88,0,212
9666,2,1,-177.35365,0.92,23,0.92,0,212
9667,0,-1,-0.0,0.92,23,0.92,0,212
9668,0,-1,182.00542,0.88,22,0.88,0,212
9669,0,-1,93.2381,0.84,21,0.84,0,212
9670,1,0,0.0,0.84,21,0.84,1,212
9671,2,1,-76.45758,0.88,22,0.88,0,212
9672,2,1,-179.0103,0.92,23,0.92,0,212
9673,1,0,0.0,0.92,23,0.92,0,212
9674,1,0,0.0,0.92,23,0.92,0,212
9675,2,1,-602.5093,0.96,24,0.96,0,212
9676,0,-1,599.3489,0.92,23,0.92,0,212
9677,1,0,0.0,0.92,23,0.92,0,212
9678,1,0,0.0,0.92,23,0.92,0,212
9679,0,-1,180.61154,0.88,22,0.88,0,212
9680,0,-1,-0.0,0.88,22,0.88,0,212
9681,2,1,-178.9838,0.92,23,0.92,0,212
9682,2,1,-604.48987,0.96,24,0.96,0,212
9683,1,0,0.0,0.96,24,0.96,0,212
9684,2,1,27.306332,1.0,25,1.0,0,212
9685,1,0,-1000.0,0.0,0,0.0,0,212
9686,2,1,-4.1406527,0.2,5,0.2,0,213
9687,2,1,-4.2792473,0.24,6,0.24,0,213
9688,1,0,0.0,0.24,6,0.24,0,213
9689,2,1,-4.516251,0.28,7,0.28,0,213
9690,2,1,27.639961,0.32,8,0.32,0,213
9691,1,0,0.0,0.32,8,0.32,0,213
9692,2,1,-5.2804785,0.36,9,0.36,0,213
9693,2,1,-5.82959,0.4,10,0.4,0,213
9694,0,-1,-26.658304,0.36,9,0.36,0,213
9695,0,-1,5.2804456,0.32,8,0.32,0,213
9696,2,1,-5.279892,0.36,9,0.36,0,213
9697,1,0,0.0,0.36,9,0.36,0,213
9698,1,0,0.0,0.36,9,0.36,0,213
9699,2,1,-5.829462,0.4,10,0.4,0,213
9700,2,1,-6.520809,0.44,11,0.44,0,213
9701,1,0,0.0,0.44,11,0.44,0,213
9702,0,-1,6.520809,0.4,10,0.4,0,213
9703,2,1,25.984842,0.44,11,0.44,0,213
9704,1,0,0.0,0.44,11,0.44,0,213
9705,1,0,0.0,0.44,11,0.44,0,213
9706,0,-1,6.520649,0.4,10,0.4,0,213
9707,2,1,24.768646,0.44,11,0.44,0,213
9708,1,0,0.0,0.44,11,0.44,0,213
9709,2,1,-7.3918953,0.48,12,0.48,0,213
9710,0,-1,-0.0,0.48,12,0.48,0,213
9711,0,-1,-23.897566,0.44,11,0.44,0,213
9712,2,1,25.096035,0.48,12,0.48,0,213
9713,0,-1,7.3913045,0.44,11,0.44,0,213
9714,0,-1,-0.0,0.44,11,0.44,0,213
9715,1,0,0.0,0.44,11,0.44,0,213
9716,2,1,-7.391896,0.48,12,0.48,0,213
9717,0,-1,-0.0,0.48,12,0.48,0,213
9718,2,1,-8.497722,0.52,13,0.52,0,213
9719,0,-1,-23.989618,0.48,12,0.48,0,213
9720,2,1,23.989618,0.52,13,0.52,0,213
9721,1,0,0.0,0.52,13,0.52,0,213
9722,1,0,0.0,0.52,13,0.52,0,213
9723,0,-1,-0.0,0.52,13,0.52,0,213
9724,2,1,-9.922016,0.56,14,0.56,0,213
9725,0,-1,9.922016,0.52,13,0.52,0,213
9726,0,-1,-23.989618,0.48,12,0.48,0,213
9727,0,-1,-25.113762,0.44,11,0.44,0,213
9728,2,1,25.096035,0.48,12,0.48,0,213
9729,0,-1,7.3917294,0.44,11,0.44,0,213
9730,2,1,-7.391896,0.48,12,0.48,0,213
9731,0,-1,-0.0,0.48,12,0.48,0,213
9732,0,-1,7.391896,0.44,11,0.44,0,213
9733,2,1,-7.3917294,0.48,12,0.48,0,213
9734,0,-1,7.3913045,0.44,11,0.44,0,213
9735,0,-1,-0.0,0.44,11,0.44,0,213
9736,2,1,-7.391896,0.48,12,0.48,0,213
9737,1,0,0.0,0.48,12,0.48,0,213
9738,1,0,0.0,0.48,12,0.48,0,213
9739,2,1,24.007345,0.52,13,0.52,0,213
9740,1,0,0.0,0.52,13,0.52,0,213
9741,1,0,0.0,0.52,13,0.52,0,213
9742,2,1,18.335072,0.56,14,0.56,0,213
9743,0,-1,-0.0,0.56,14,0.56,0,213
9744,1,0,0.0,0.56,14,0.56,0,213
9745,1,0,0.0,0.56,14,0.56,0,213
9746,2,1,-11.786916,0.6,15,0.6,0,213
9747,0,-1,-0.0,0.6,15,0.6,0,213
9748,1,0,0.0,0.6,15,0.6,0,213
9749,2,1,16.997652,0.64,16,0.64,0,213
9750,1,0,0.0,0.64,16,0.64,0,213
9751,1,0,0.0,0.64,16,0.64,0,213
9752,0,-1,14.286361,0.6,15,0.6,0,213
9753,0,-1,-16.470173,0.56,14,0.56,0,213
9754,2,1,17.863403,0.6,15,0.6,0,213
9755,1,0,0.0,0.6,15,0.6,0,213
9756,0,-1,11.786916,0.56,14,0.56,0,213
9757,2,1,16.710442,0.6,15,0.6,0,213
9758,2,1,13.484284,0.64,16,0.64,0,213
9759,1,0,0.0,0.64,16,0.64,0,213
9760,0,-1,-0.0,0.64,16,0.64,0,213
9761,1,0,0.0,0.64,16,0.64,0,213
9762,2,1,-17.735939,0.68,17,0.68,0,213
9763,1,0,0.0,0.68,17,0.68,0,213
9764,0,-1,-0.0,0.68,17,0.68,0,213
9765,2,1,3.1100423,0.72,18,0.72,0,213
9766,2,1,-2.7652535,0.76,19,0.76,0,213
9767,2,1,-18.327093,0.8,20,0.8,0,213
9768,0,-1,9.4803505,0.76,19,0.76,0,213
9769,0,-1,1.6005503,0.72,18,0.72,0,213
9770,2,1,-4.9741464,0.76,19,0.76,0,213
9771,1,0,0.0,0.76,19,0.76,0,213
9772,0,-1,-0.0,0.76,19,0.76,0,213
9773,1,0,0.0,0.76,19,0.76,0,213
9774,0,-1,30.097908,0.72,18,0.72,0,213
9775,2,1,-7.121205,0.76,19,0.76,0,213
9776,2,1,-21.123322,0.8,20,0.8,0,213
9777,2,1,-41.248825,0.84,21,0.84,0,213
9778,2,1,-83.52596,0.88,22,0.88,0,213
9779,2,1,-100.0,0.0,0,0.0,0,213
9780,2,1,28.346605,0.2,5,0.2,0,214
9781,2,1,-4.278687,0.24,6,0.24,0,214
9782,2,1,23.740671,0.28,7,0.28,0,214
9783,1,0,0.0,0.28,7,0.28,0,214
9784,2,1,-4.847297,0.32,8,0.32,0,214
9785,2,1,-5.280318,0.36,9,0.36,0,214
9786,2,1,-5.8295894,0.4,10,0.4,0,214
9787,0,-1,-22.427462,0.36,9,0.36,0,214
9788,1,0,0.0,0.36,9,0.36,0,214
9789,2,1,25.454552,0.4,10,0.4,0,214
9790,0,-1,5.8295894,0.36,9,0.36,0,214
9791,1,0,0.0,0.36,9,0.36,0,214
9792,1,0,0.0,0.36,9,0.36,0,214
9793,2,1,26.67603,0.4,10,0.4,0,214
9794,1,0,0.0,0.4,10,0.4,0,214
9795,2,1,21.976542,0.44,11,0.44,0,214
9796,0,-1,-0.0,0.44,11,0.44,0,214
9797,1,0,0.0,0.44,11,0.44,0,214
9798,0,-1,-0.0,0.44,11,0.44,0,214
9799,2,1,23.897566,0.48,12,0.48,0,214
9800,2,1,19.544647,0.52,13,0.52,0,214
9801,2,1,16.840895,0.56,14,0.56,0,214
9802,1,0,0.0,0.56,14,0.56,0,214
9803,1,0,0.0,0.56,14,0.56,0,214
9804,2,1,17.863403,0.6,15,0.6,0,214
9805,2,1,10.553254,0.64,16,0.64,0,214
9806,1,0,0.0,0.64,16,0.64,0,214
9807,1,0,0.0,0.64,16,0.64,0,214
9808,0,-1,-0.0,0.64,16,0.64,0,214
9809,1,0,0.0,0.64,16,0.64,0,214
9810,1,0,0.0,0.64,16,0.64,0,214
9811,2,1,6.768734,0.68,17,0.68,0,214
9812,1,0,0.0,0.68,17,0.68,0,214
9813,1,0,0.0,0.68,17,0.68,0,214
9814,1,0,0.0,0.68,17,0.68,0,214
9815,1,0,0.0,0.68,17,0.68,0,214
9816,0,-1,17.735773,0.64,16,0.64,0,214
9817,1,0,0.0,0.64,16,0.64,0,214
9818,1,0,0.0,0.64,16,0.64,0,214
9819,0,-1,-10.218146,0.6,15,0.6,0,214
9820,1,0,0.0,0.6,15,0.6,0,214
9821,1,0,0.0,0.6,15,0.6,0,214
9822,0,-1,-0.0,0.6,15,0.6,0,214
9823,1,0,0.0,0.6,15,0.6,0,214
9824,0,-1,-19.502546,0.56,14,0.56,0,214
9825,1,0,0.0,0.56,14,0.56,0,214
9826,1,0,0.0,0.56,14,0.56,0,214
9827,1,0,0.0,0.56,14,0.56,0,214
9828,2,1,19.502546,0.6,15,0.6,0,214
9829,0,-1,11.7863245,0.56,14,0.56,0,214
9830,2,1,17.86555,0.6,15,0.6,0,214
9831,0,-1,-0.0,0.6,15,0.6,0,214
9832,2,1,8.548304,0.64,16,0.64,0,214
9833,1,0,0.0,0.64,16,0.64,0,214
9834,2,1,9.596714,0.68,17,0.68,0,214
9835,2,1,-1.8840624,0.72,18,0.72,0,214
9836,0,-1,-0.0,0.72,18,0.72,0,214
9837,2,1,-9.379842,0.76,19,0.76,0,214
9838,2,1,-100.0,0.0,0,0.0,0,214
9839,2,1,-4.1406527,0.2,5,0.2,0,215
9840,0,-1,-0.0,0.2,5,0.2,0,215
9841,2,1,-4.2792473,0.24,6,0.24,0,215
9842,2,1,27.98924,0.28,7,0.28,0,215
9843,1,0,0.0,0.28,7,0.28,0,215
9844,0,-1,-0.0,0.28,7,0.28,0,215
9845,0,-1,-0.0,0.28,7,0.28,0,215
9846,2,1,-4.8479652,0.32,8,0.32,0,215
9847,0,-1,-0.0,0.32,8,0.32,0,215
9848,2,1,-5.279892,0.36,9,0.36,0,215
9849,0,-1,5.2804785,0.32,8,0.32,0,215
9850,2,1,-5.2804456,0.36,9,0.36,0,215
9851,1,0,0.0,0.36,9,0.36,0,215
9852,2,1,-5.829622,0.4,10,0.4,0,215
9853,1,0,0.0,0.4,10,0.4,0,215
9854,2,1,24.768646,0.44,11,0.44,0,215
9855,2,1,25.096035,0.48,12,0.48,0,215
9856,1,0,0.0,0.48,12,0.48,0,215
9857,0,-1,-0.0,0.48,12,0.48,0,215
9858,0,-1,-25.096035,0.44,11,0.44,0,215
9859,2,1,22.260569,0.48,12,0.48,0,215
9860,0,-1,-0.0,0.48,12,0.48,0,215
9861,2,1,23.989618,0.52,13,0.52,0,215
9862,1,0,0.0,0.52,13,0.52,0,215
9863,0,-1,8.498275,0.48,12,0.48,1,215
9864,2,1,19.505926,0.52,13,0.52,0,215
9865,2,1,18.38541,0.56,14,0.56,0,215
9866,2,1,14.420344,0.6,15,0.6,0,215
9867,1,0,0.0,0.6,15,0.6,0,215
9868,1,0,0.0,0.6,15,0.6,0,215
9869,1,0,0.0,0.6,15,0.6,0,215
9870,1,0,0.0,0.6,15,0.6,0,215
9871,0,-1,-5.0296793,0.56,14,0.56,0,215
9872,2,1,15.528622,0.6,15,0.6,0,215
9873,0,-1,-8.949725,0.56,14,0.56,0,215
9874,1,0,0.0,0.56,14,0.56,0,215
9875,0,-1,9.921439,0.52,13,0.52,0,215
9876,0,-1,-19.809114,0.48,12,0.48,0,215
9877,1,0,0.0,0.48,12,0.48,0,215
9878,1,0,0.0,0.48,12,0.48,0,215
9879,1,0,0.0,0.48,12,0.48,0,215
9880,2,1,14.930257,0.52,13,0.52,0,215
9881,2,1,10.565942,0.56,14,0.56,0,215
9882,2,1,10.040413,0.6,15,0.6,0,215
9883,1,0,0.0,0.6,15,0.6,0,215
9884,0,-1,-13.36081,0.56,14,0.56,0,215
9885,0,-1,-0.0,0.56,14,0.56,0,215
9886,2,1,13.07846,0.6,15,0.6,0,215
9887,2,1,16.97077,0.64,16,0.64,0,215
9888,2,1,-100.0,0.0,0,0.0,0,215
9889,2,1,28.346605,0.2,5,0.2,0,216
9890,2,1,-4.278687,0.24,6,0.24,0,216
9891,2,1,27.98924,0.28,7,0.28,0,216
9892,1,0,0.0,0.28,7,0.28,0,216
9893,2,1,-4.847297,0.32,8,0.32,0,216
9894,2,1,26.008978,0.36,9,0.36,0,216
9895,2,1,22.213333,0.4,10,0.4,0,216
9896,2,1,-6.520784,0.44,11,0.44,0,216
9897,0,-1,-25.967117,0.4,10,0.4,0,216
9898,2,1,-6.520809,0.44,11,0.44,0,216
9899,0,-1,-21.522146,0.4,10,0.4,0,216
9900,0,-1,5.829622,0.36,9,0.36,0,216
9901,2,1,26.658304,0.4,10,0.4,0,216
9902,0,-1,-0.0,0.4,10,0.4,0,216
9903,2,1,23.131649,0.44,11,0.44,0,216
9904,0,-1,-25.967117,0.4,10,0.4,0,216
9905,0,-1,5.8295965,0.36,9,0.36,0,216
9906,2,1,21.504246,0.4,10,0.4,0,216
9907,2,1,-6.520649,0.44,11,0.44,0,216
9908,0,-1,6.520649,0.4,10,0.4,0,216
9909,0,-1,5.829036,0.36,9,0.36,0,216
9910,2,1,22.671667,0.4,10,0.4,0,216
9911,1,0,0.0,0.4,10,0.4,0,216
9912,1,0,0.0,0.4,10,0.4,0,216
9913,0,-1,5.828954,0.36,9,0.36,0,216
9914,2,1,19.541637,0.4,10,0.4,0,216
9915,2,1,21.522146,0.44,11,0.44,0,216
9916,2,1,17.732517,0.48,12,0.48,0,216
9917,0,-1,-0.0,0.48,12,0.48,0,216
9918,2,1,-8.497722,0.52,13,0.52,0,216
9919,0,-1,-16.6261,0.48,12,0.48,0,216
9920,0,-1,-20.651064,0.44,11,0.44,0,216
9921,2,1,17.732517,0.48,12,0.48,0,216
9922,2,1,18.266247,0.52,13,0.52,0,216
9923,1,0,0.0,0.52,13,0.52,0,216
9924,2,1,13.310331,0.56,14,0.56,0,216
9925,2,1,9.395423,0.6,15,0.6,0,216
9926,2,1,8.822449,0.64,16,0.64,0,216
9927,0,-1,14.285936,0.6,15,0.6,0,216
9928,2,1,8.690514,0.64,16,0.64,0,216
9929,2,1,3.324968,0.68,17,0.68,0,216
9930,1,0,0.0,0.68,17,0.68,0,216
9931,0,-1,-0.0,0.68,17,0.68,0,216
9932,2,1,-100.0,0.0,0,0.0,0,216
9933,2,1,-4.1406527,0.2,5,0.2,0,217
9934,1,0,0.0,0.2,5,0.2,0,217
9935,2,1,-4.279112,0.24,6,0.24,0,217
9936,2,1,-4.5163865,0.28,7,0.28,0,217
9937,2,1,-4.847965,0.32,8,0.32,0,217
9938,2,1,-5.279892,0.36,9,0.36,0,217
9939,1,0,0.0,0.36,9,0.36,0,217
9940,1,0,0.0,0.36,9,0.36,0,217
9941,0,-1,5.279892,0.32,8,0.32,0,217
9942,0,-1,-0.0,0.32,8,0.32,0,217
9943,0,-1,-0.0,0.32,8,0.32,0,217
9944,2,1,-5.279892,0.36,9,0.36,0,217
9945,2,1,-5.8296275,0.4,10,0.4,0,217
9946,2,1,25.967117,0.44,11,0.44,0,217
9947,1,0,0.0,0.44,11,0.44,0,217
9948,0,-1,6.520784,0.4,10,0.4,0,217
9949,2,1,25.984842,0.44,11,0.44,0,217
9950,1,0,0.0,0.44,11,0.44,0,217
9951,0,-1,6.520815,0.4,10,0.4,0,217
9952,1,0,0.0,0.4,10,0.4,0,217
9953,2,1,-6.520815,0.44,11,0.44,0,217
9954,0,-1,-0.0,0.44,11,0.44,0,217
9955,0,-1,-25.967117,0.4,10,0.4,0,217
9956,0,-1,5.8296275,0.36,9,0.36,0,217
9957,1,0,0.0,0.36,9,0.36,0,217
9958,2,1,-5.829626,0.4,10,0.4,0,217
9959,1,0,0.0,0.4,10,0.4,0,217
9960,2,1,-6.5207767,0.44,11,0.44,0,217
9961,1,0,0.0,0.44,11,0.44,0,217
9962,0,-1,6.5208135,0.4,10,0.4,0,217
9963,2,1,25.967117,0.44,11,0.44,0,217
9964,1,0,0.0,0.44,11,0.44,0,217
9965,2,1,23.897566,0.48,12,0.48,0,217
9966,2,1,-8.498275,0.52,13,0.52,0,217
9967,0,-1,-23.989618,0.48,12,0.48,0,217
9968,2,1,21.154152,0.52,13,0.52,0,217
9969,1,0,0.0,0.52,13,0.52,0,217
9970,2,1,22.565916,0.56,14,0.56,0,217
9971,2,1,19.497263,0.6,15,0.6,0,217
9972,2,1,-14.286522,0.64,16,0.64,0,217
9973,1,0,0.0,0.64,16,0.64,0,217
9974,2,1,11.914379,0.68,17,0.68,0,217
9975,1,0,0.0,0.68,17,0.68,0,217
9976,1,0,0.0,0.68,17,0.68,0,217
9977,0,-1,-0.0,0.68,17,0.68,0,217
9978,1,0,0.0,0.68,17,0.68,0,217
9979,0,-1,-0.0,0.68,17,0.68,0,217
9980,0,-1,17.735933,0.64,16,0.64,0,217
9981,2,1,9.596714,0.68,17,0.68,0,217
9982,2,1,2.6948602,0.72,18,0.72,0,217
9983,2,1,-2.327096,0.76,19,0.76,0,217
9984,1,0,0.0,0.76,19,0.76,0,217
9985,1,0,0.0,0.76,19,0.76,0,217
9986,1,0,0.0,0.76,19,0.76,0,217
9987,1,0,0.0,0.76,19,0.76,0,217
9988,0,-1,-0.0,0.76,19,0.76,0,217
9989,0,-1,-0.0,0.76,19,0.76,0,217
9990,1,0,0.0,0.76,19,0.76,0,217
9991,0,-1,-0.0,0.76,19,0.76,0,217
9992,1,0,0.0,0.76,19,0.76,0,217
9993,0,-1,-0.0,0.76,19,0.76,0,217
9994,2,1,-16.862247,0.8,20,0.8,0,217
9995,0,-1,-0.0,0.8,20,0.8,0,217
9996,0,-1,-0.0,0.8,20,0.8,0,217
9997,1,0,0.0,0.8,20,0.8,0,217
9998,2,1,-39.695522,0.84,21,0.84,0,217
9999,2,1,-83.46,0.88,22,0.88,0,217
10000,2,1,-185.63426,0.92,23,0.92,0,217
