timestep,action,mapped_action,reward,resource_usage,element_count,budget_proximity,took_timestep,episode
1,0,-1,-0.0,0.16,4,0.16,0,0
2,0,-1,-0.0,0.16,4,0.16,0,0
3,2,1,-4.1406527,0.2,5,0.2,0,0
4,2,1,-4.2792473,0.24,6,0.24,0,0
5,2,1,-4.516412,0.28,7,0.28,0,0
6,1,0,0.0,0.28,7,0.28,0,0
7,1,0,0.0,0.28,7,0.28,0,0
8,2,1,-4.8479652,0.32,8,0.32,0,0
9,2,1,27.225174,0.36,9,0.36,0,0
10,2,1,25.459835,0.4,10,0.4,0,0
11,0,-1,5.829622,0.36,9,0.36,0,0
12,0,-1,-0.0,0.36,9,0.36,0,0
13,1,0,0.0,0.36,9,0.36,0,0
14,0,-1,5.2804785,0.32,8,0.32,0,0
15,0,-1,-26.441492,0.28,7,0.28,0,0
16,2,1,-4.8479652,0.32,8,0.32,0,0
17,2,1,-5.280483,0.36,9,0.36,0,0
18,1,0,0.0,0.36,9,0.36,0,0
19,2,1,-5.8296275,0.4,10,0.4,0,0
20,2,1,-6.520815,0.44,11,0.44,0,0
21,0,-1,-0.0,0.44,11,0.44,0,0
22,0,-1,-0.0,0.44,11,0.44,0,0
23,0,-1,-0.0,0.44,11,0.44,0,0
24,0,-1,-0.0,0.44,11,0.44,0,0
25,0,-1,-0.0,0.44,11,0.44,0,0
26,1,0,0.0,0.44,11,0.44,0,0
27,1,0,0.0,0.44,11,0.44,0,0
28,2,1,-7.391896,0.48,12,0.48,0,0
29,1,0,0.0,0.48,12,0.48,0,0
30,0,-1,-25.113762,0.44,11,0.44,0,0
31,1,0,0.0,0.44,11,0.44,0,0
32,1,0,0.0,0.44,11,0.44,0,0
33,1,0,0.0,0.44,11,0.44,0,0
34,2,1,-7.3913045,0.48,12,0.48,0,0
35,0,-1,-0.0,0.48,12,0.48,0,0
36,0,-1,-0.0,0.48,12,0.48,0,0
37,1,0,0.0,0.48,12,0.48,0,0
38,0,-1,7.391896,0.44,11,0.44,0,0
39,2,1,25.096035,0.48,12,0.48,0,0
40,1,0,0.0,0.48,12,0.48,0,0
41,0,-1,-0.0,0.48,12,0.48,0,0
42,2,1,-8.498313,0.52,13,0.52,0,0
43,2,1,-9.922016,0.56,14,0.56,0,0
44,1,0,0.0,0.56,14,0.56,0,0
45,2,1,-11.786916,0.6,15,0.6,0,0
46,0,-1,11.786916,0.56,14,0.56,0,0
47,1,0,0.0,0.56,14,0.56,0,0
48,1,0,0.0,0.56,14,0.56,0,0
49,0,-1,9.922016,0.52,13,0.52,0,0
50,2,1,-9.92201,0.56,14,0.56,0,0
51,1,0,0.0,0.56,14,0.56,0,0
52,2,1,-11.786878,0.6,15,0.6,0,0
53,0,-1,-20.701015,0.56,14,0.56,0,0
54,0,-1,-0.0,0.56,14,0.56,0,0
55,2,1,-11.786915,0.6,15,0.6,0,0
56,0,-1,-0.0,0.6,15,0.6,0,0
57,0,-1,-0.0,0.6,15,0.6,0,0
58,1,0,0.0,0.6,15,0.6,0,0
59,0,-1,11.786878,0.56,14,0.56,0,0
60,1,0,0.0,0.56,14,0.56,0,0
61,1,0,0.0,0.56,14,0.56,0,0
62,2,1,-11.786916,0.6,15,0.6,0,0
63,2,1,-14.286361,0.64,16,0.64,0,0
64,2,1,-17.735903,0.68,17,0.68,0,0
65,2,1,-22.67583,0.72,18,0.72,0,0
66,0,-1,-100.0,0.0,0,0.0,0,0
67,0,-1,-0.0,0.16,4,0.16,0,1
68,0,-1,-0.0,0.16,4,0.16,0,1
69,0,-1,-0.0,0.16,4,0.16,0,1
70,1,0,0.0,0.16,4,0.16,0,1
71,0,-1,-0.0,0.16,4,0.16,0,1
72,0,-1,-0.0,0.16,4,0.16,0,1
73,0,-1,-0.0,0.16,4,0.16,0,1
74,1,0,0.0,0.16,4,0.16,0,1
75,2,1,28.364332,0.2,5,0.2,0,1
76,2,1,-4.278605,0.24,6,0.24,0,1
77,1,0,0.0,0.24,6,0.24,0,1
78,1,0,0.0,0.24,6,0.24,0,1
79,2,1,27.971514,0.28,7,0.28,0,1
80,0,-1,-27.98924,0.24,6,0.24,0,1
81,1,0,0.0,0.24,6,0.24,0,1
82,1,0,0.0,0.24,6,0.24,0,1
83,2,1,26.767761,0.28,7,0.28,0,1
84,1,0,0.0,0.28,7,0.28,0,1
85,2,1,-4.847804,0.32,8,0.32,0,1
86,0,-1,-0.0,0.32,8,0.32,0,1
87,2,1,22.976604,0.36,9,0.36,0,1
88,0,-1,-0.0,0.36,9,0.36,0,1
89,2,1,20.174376,0.4,10,0.4,0,1
90,1,0,0.0,0.4,10,0.4,0,1
91,0,-1,-0.0,0.4,10,0.4,0,1
92,2,1,-6.520784,0.44,11,0.44,0,1
93,0,-1,-24.763365,0.4,10,0.4,0,1
94,2,1,25.984842,0.44,11,0.44,0,1
95,1,0,0.0,0.44,11,0.44,0,1
96,2,1,16.846882,0.48,12,0.48,1,1
97,0,-1,-16.333055,0.44,11,0.44,0,1
98,2,1,23.903444,0.48,12,0.48,0,1
99,0,-1,-23.903444,0.44,11,0.44,0,1
100,0,-1,-8.366615,0.4,10,0.4,0,1
101,1,0,0.0,0.4,10,0.4,0,1
102,2,1,14.297004,0.44,11,0.44,0,1
103,2,1,11.012239,0.48,12,0.48,0,1
104,2,1,5.125687,0.52,13,0.52,0,1
105,1,0,0.0,0.52,13,0.52,0,1
106,0,-1,-0.0,0.52,13,0.52,0,1
107,1,0,0.0,0.52,13,0.52,0,1
108,0,-1,-5.125687,0.48,12,0.48,0,1
109,1,0,0.0,0.48,12,0.48,0,1
110,2,1,10.77738,0.52,13,0.52,0,1
111,2,1,21.373325,0.56,14,0.56,0,1
112,0,-1,-13.902583,0.52,13,0.52,0,1
113,2,1,21.34877,0.56,14,0.56,0,1
114,1,0,0.0,0.56,14,0.56,0,1
115,2,1,17.852543,0.6,15,0.6,0,1
116,1,0,0.0,0.6,15,0.6,0,1
117,0,-1,-17.852543,0.56,14,0.56,0,1
118,2,1,4.916755,0.6,15,0.6,0,1
119,1,0,0.0,0.6,15,0.6,0,1
120,0,-1,-19.483871,0.56,14,0.56,0,1
121,2,1,19.483871,0.6,15,0.6,0,1
122,0,-1,-0.0,0.6,15,0.6,0,1
123,0,-1,-6.6172194,0.56,14,0.56,0,1
124,2,1,10.771928,0.6,15,0.6,0,1
125,2,1,3.245179,0.64,16,0.64,0,1
126,1,0,0.0,0.64,16,0.64,0,1
127,0,-1,-8.272316,0.6,15,0.6,0,1
128,1,0,0.0,0.6,15,0.6,0,1
129,2,1,15.352932,0.64,16,0.64,0,1
130,1,0,0.0,0.64,16,0.64,0,1
131,1,0,0.0,0.64,16,0.64,0,1
132,2,1,-17.735355,0.68,17,0.68,0,1
133,0,-1,-0.0,0.68,17,0.68,0,1
134,2,1,5.085155,0.72,18,0.72,0,1
135,2,1,-100.0,0.0,0,0.0,0,1
136,0,-1,-0.0,0.16,4,0.16,0,2
137,0,-1,-0.0,0.16,4,0.16,0,2
138,0,-1,-0.0,0.16,4,0.16,0,2
139,1,0,0.0,0.16,4,0.16,0,2
140,0,-1,-0.0,0.16,4,0.16,0,2
141,1,0,0.0,0.16,4,0.16,0,2
142,0,-1,-0.0,0.16,4,0.16,0,2
143,0,-1,-0.0,0.16,4,0.16,0,2
144,1,0,0.0,0.16,4,0.16,0,2
145,2,1,-4.1407347,0.2,5,0.2,0,2
146,2,1,-4.279113,0.24,6,0.24,0,2
147,2,1,-4.516412,0.28,7,0.28,0,2
148,2,1,-4.847933,0.32,8,0.32,0,2
149,0,-1,4.847965,0.28,7,0.28,0,2
150,1,0,0.0,0.28,7,0.28,0,2
151,0,-1,-0.0,0.28,7,0.28,0,2
152,2,1,27.639961,0.32,8,0.32,0,2
153,2,1,-5.2804775,0.36,9,0.36,0,2
154,2,1,26.67603,0.4,10,0.4,0,2
155,0,-1,-26.67603,0.36,9,0.36,0,2
156,1,0,0.0,0.36,9,0.36,0,2
157,2,1,22.427462,0.4,10,0.4,0,2
158,2,1,-6.520814,0.44,11,0.44,0,2
159,0,-1,-0.0,0.44,11,0.44,0,2
160,2,1,23.892282,0.48,12,0.48,0,2
161,2,1,-8.498313,0.52,13,0.52,0,2
162,2,1,-9.92201,0.56,14,0.56,0,2
163,0,-1,9.922016,0.52,13,0.52,0,2
164,2,1,-9.922016,0.56,14,0.56,0,2
165,1,0,0.0,0.56,14,0.56,0,2
166,1,0,0.0,0.56,14,0.56,0,2
167,0,-1,-0.0,0.56,14,0.56,0,2
168,1,0,0.0,0.56,14,0.56,0,2
169,0,-1,-0.0,0.56,14,0.56,0,2
170,2,1,-11.786916,0.6,15,0.6,0,2
171,0,-1,-16.470173,0.56,14,0.56,0,2
172,0,-1,-0.0,0.56,14,0.56,0,2
173,0,-1,-0.0,0.56,14,0.56,0,2
174,1,0,0.0,0.56,14,0.56,0,2
175,1,0,0.0,0.56,14,0.56,0,2
176,1,0,0.0,0.56,14,0.56,0,2
177,0,-1,-0.0,0.56,14,0.56,0,2
178,1,0,0.0,0.56,14,0.56,0,2
179,1,0,0.0,0.56,14,0.56,0,2
180,2,1,-11.7862425,0.6,15,0.6,0,2
181,1,0,0.0,0.6,15,0.6,0,2
182,2,1,-14.286524,0.64,16,0.64,1,2
183,2,1,-17.735939,0.68,17,0.68,0,2
184,2,1,-22.67583,0.72,18,0.72,0,2
185,2,1,-30.097908,0.76,19,0.76,0,2
186,0,-1,30.097908,0.72,18,0.72,0,2
187,1,0,0.0,0.72,18,0.72,0,2
188,1,0,0.0,0.72,18,0.72,0,2
189,1,0,0.0,0.72,18,0.72,0,2
190,2,1,-30.097908,0.76,19,0.76,0,2
191,2,1,-41.986008,0.8,20,0.8,0,2
192,0,-1,-0.0,0.8,20,0.8,0,2
193,1,0,0.0,0.8,20,0.8,0,2
194,0,-1,41.986008,0.76,19,0.76,0,2
195,2,1,0.0,0.76,19,0.76,0,2
196,1,0,0.0,0.76,19,0.76,0,2
197,2,1,-41.986008,0.8,20,0.8,0,2
198,0,-1,-0.0,0.8,20,0.8,0,2
199,2,1,-62.804184,0.84,21,0.84,0,2
200,2,1,-104.457,0.88,22,0.88,0,2
201,1,0,0.0,0.88,22,0.88,0,2
202,2,1,-206.93993,0.92,23,0.92,0,2
203,0,-1,208.61096,0.88,22,0.88,0,2
204,2,1,-208.17886,0.92,23,0.92,0,2
205,2,1,-625.2659,0.96,24,0.96,0,2
206,2,1,0.039000127,1.0,25,1.0,0,2
207,1,0,-1000.0,0.0,0,0.0,0,2
208,1,0,0.0,0.16,4,0.16,0,3
209,2,1,28.346605,0.2,5,0.2,0,3
210,1,0,0.0,0.2,5,0.2,0,3
211,0,-1,-0.0,0.2,5,0.2,0,3
212,2,1,23.97781,0.24,6,0.24,0,3
213,1,0,0.0,0.24,6,0.24,0,3
214,2,1,26.767761,0.28,7,0.28,0,3
215,2,1,21.713335,0.32,8,0.32,0,3
216,2,1,-5.27981,0.36,9,0.36,0,3
217,1,0,0.0,0.36,9,0.36,0,3
218,0,-1,-0.0,0.36,9,0.36,0,3
219,1,0,0.0,0.36,9,0.36,0,3
220,2,1,-5.829036,0.4,10,0.4,0,3
221,2,1,21.976542,0.44,11,0.44,0,3
222,0,-1,6.5202236,0.4,10,0.4,0,3
223,0,-1,-0.0,0.4,10,0.4,0,3
224,1,0,0.0,0.4,10,0.4,0,3
225,0,-1,-0.0,0.4,10,0.4,0,3
226,0,-1,-20.731678,0.36,9,0.36,0,3
227,1,0,0.0,0.36,9,0.36,0,3
228,2,1,-5.829036,0.4,10,0.4,0,3
229,2,1,-6.5207767,0.44,11,0.44,0,3
230,2,1,18.541836,0.48,12,0.48,0,3
231,1,0,0.0,0.48,12,0.48,0,3
232,2,1,24.007345,0.52,13,0.52,0,3
233,2,1,14.171615,0.56,14,0.56,0,3
234,0,-1,9.921978,0.52,13,0.52,0,3
235,1,0,0.0,0.52,13,0.52,0,3
236,2,1,-9.921978,0.56,14,0.56,0,3
237,1,0,0.0,0.56,14,0.56,0,3
238,1,0,0.0,0.56,14,0.56,0,3
239,1,0,0.0,0.56,14,0.56,0,3
240,1,0,0.0,0.56,14,0.56,0,3
241,0,-1,-0.0,0.56,14,0.56,0,3
242,0,-1,-22.583641,0.52,13,0.52,0,3
243,0,-1,8.49764,0.48,12,0.48,0,3
244,1,0,0.0,0.48,12,0.48,0,3
245,1,0,0.0,0.48,12,0.48,0,3
246,2,1,13.626463,0.52,13,0.52,0,3
247,0,-1,-0.0,0.52,13,0.52,0,3
248,0,-1,-0.0,0.52,13,0.52,0,3
249,1,0,0.0,0.52,13,0.52,0,3
250,0,-1,-0.0,0.52,13,0.52,0,3
251,1,0,0.0,0.52,13,0.52,0,3
252,1,0,0.0,0.52,13,0.52,0,3
253,1,0,0.0,0.52,13,0.52,0,3
254,0,-1,-0.0,0.52,13,0.52,0,3
255,1,0,0.0,0.52,13,0.52,0,3
256,0,-1,-0.0,0.52,13,0.52,0,3
257,2,1,10.067848,0.56,14,0.56,0,3
258,0,-1,-0.0,0.56,14,0.56,0,3
259,1,0,0.0,0.56,14,0.56,0,3
260,1,0,0.0,0.56,14,0.56,0,3
261,1,0,0.0,0.56,14,0.56,0,3
262,0,-1,-0.0,0.56,14,0.56,0,3
263,0,-1,-0.0,0.56,14,0.56,0,3
264,0,-1,-0.0,0.56,14,0.56,0,3
265,2,1,14.975996,0.6,15,0.6,0,3
266,0,-1,-0.0,0.6,15,0.6,0,3
267,2,1,12.274778,0.64,16,0.64,0,3
268,0,-1,-5.7033367,0.6,15,0.6,0,3
269,1,0,0.0,0.6,15,0.6,0,3
270,0,-1,-0.0,0.6,15,0.6,0,3
271,1,0,0.0,0.6,15,0.6,0,3
272,2,1,9.26873,0.64,16,0.64,0,3
273,2,1,2.3626492,0.68,17,0.68,0,3
274,0,-1,17.7359,0.64,16,0.64,0,3
275,1,0,0.0,0.64,16,0.64,0,3
276,0,-1,-0.0,0.64,16,0.64,0,3
277,1,0,0.0,0.64,16,0.64,0,3
278,0,-1,-12.274778,0.6,15,0.6,0,3
279,2,1,-14.286362,0.64,16,0.64,0,3
280,0,-1,-12.476384,0.6,15,0.6,0,3
281,2,1,7.3383923,0.64,16,0.64,0,3
282,2,1,-100.0,0.0,0,0.0,0,3
283,0,-1,-0.0,0.16,4,0.16,0,4
284,1,0,0.0,0.16,4,0.16,0,4
285,1,0,0.0,0.16,4,0.16,0,4
286,2,1,28.364332,0.2,5,0.2,0,4
287,1,0,0.0,0.2,5,0.2,0,4
288,1,0,0.0,0.2,5,0.2,0,4
289,2,1,-4.278687,0.24,6,0.24,0,4
290,1,0,0.0,0.24,6,0.24,0,4
291,2,1,-4.515744,0.28,7,0.28,0,4
292,2,1,-4.8479323,0.32,8,0.32,0,4
293,2,1,-5.2804785,0.36,9,0.36,0,4
294,1,0,0.0,0.36,9,0.36,0,4
295,2,1,-5.829627,0.4,10,0.4,0,4
296,1,0,0.0,0.4,10,0.4,0,4
297,1,0,0.0,0.4,10,0.4,0,4
298,0,-1,-0.0,0.4,10,0.4,0,4
299,0,-1,5.828954,0.36,9,0.36,0,4
300,2,1,-5.829622,0.4,10,0.4,0,4
301,2,1,-6.5208144,0.44,11,0.44,0,4
302,0,-1,6.5208144,0.4,10,0.4,0,4
303,2,1,-6.5208135,0.44,11,0.44,0,4
304,2,1,-7.3917303,0.48,12,0.48,0,4
305,0,-1,-0.0,0.48,12,0.48,0,4
306,0,-1,-0.0,0.48,12,0.48,0,4
307,1,0,0.0,0.48,12,0.48,0,4
308,1,0,0.0,0.48,12,0.48,0,4
309,0,-1,7.391895,0.44,11,0.44,0,4
310,2,1,23.897566,0.48,12,0.48,0,4
311,2,1,20.002981,0.52,13,0.52,0,4
312,1,0,0.0,0.52,13,0.52,0,4
313,0,-1,8.498147,0.48,12,0.48,0,4
314,0,-1,-0.0,0.48,12,0.48,0,4
315,0,-1,-0.0,0.48,12,0.48,0,4
316,2,1,21.154152,0.52,13,0.52,0,4
317,0,-1,-0.0,0.52,13,0.52,0,4
318,1,0,0.0,0.52,13,0.52,0,4
319,2,1,-9.922016,0.56,14,0.56,0,4
320,2,1,-11.78675,0.6,15,0.6,0,4
321,2,1,-14.286527,0.64,16,0.64,0,4
322,2,1,-17.735266,0.68,17,0.68,0,4
323,0,-1,-10.765354,0.64,16,0.64,0,4
324,1,0,0.0,0.64,16,0.64,0,4
325,0,-1,-15.365936,0.6,15,0.6,0,4
326,0,-1,11.78691,0.56,14,0.56,0,4
327,1,0,0.0,0.56,14,0.56,0,4
328,0,-1,-0.0,0.56,14,0.56,0,4
329,2,1,-11.786884,0.6,15,0.6,0,4
330,2,1,-14.286528,0.64,16,0.64,0,4
331,0,-1,-0.0,0.64,16,0.64,0,4
332,0,-1,14.286528,0.6,15,0.6,0,4
333,0,-1,11.786916,0.56,14,0.56,0,4
334,2,1,20.701015,0.6,15,0.6,0,4
335,0,-1,11.786915,0.56,14,0.56,0,4
336,1,0,0.0,0.56,14,0.56,0,4
337,0,-1,-21.367445,0.52,13,0.52,0,4
338,0,-1,-23.989618,0.48,12,0.48,0,4
339,2,1,-8.498313,0.52,13,0.52,0,4
340,1,0,0.0,0.52,13,0.52,0,4
341,0,-1,-0.0,0.52,13,0.52,0,4
342,2,1,-9.922016,0.56,14,0.56,0,4
343,1,0,0.0,0.56,14,0.56,0,4
344,1,0,0.0,0.56,14,0.56,0,4
345,0,-1,9.922016,0.52,13,0.52,0,4
346,1,0,0.0,0.52,13,0.52,0,4
347,2,1,-9.922016,0.56,14,0.56,0,4
348,1,0,0.0,0.56,14,0.56,0,4
349,1,0,0.0,0.56,14,0.56,0,4
350,1,0,0.0,0.56,14,0.56,0,4
351,1,0,0.0,0.56,14,0.56,0,4
352,1,0,0.0,0.56,14,0.56,0,4
353,0,-1,-0.0,0.56,14,0.56,0,4
354,2,1,-11.786916,0.6,15,0.6,0,4
355,2,1,-14.286522,0.64,16,0.64,0,4
356,1,0,0.0,0.64,16,0.64,0,4
357,1,0,0.0,0.64,16,0.64,0,4
358,0,-1,14.286496,0.6,15,0.6,0,4
359,1,0,0.0,0.6,15,0.6,0,4
360,1,0,0.0,0.6,15,0.6,0,4
361,1,0,0.0,0.6,15,0.6,0,4
362,0,-1,-0.0,0.6,15,0.6,0,4
363,2,1,-14.286528,0.64,16,0.64,0,4
364,1,0,0.0,0.64,16,0.64,0,4
365,0,-1,14.286528,0.6,15,0.6,0,4
366,1,0,0.0,0.6,15,0.6,0,4
367,1,0,0.0,0.6,15,0.6,0,4
368,0,-1,11.786916,0.56,14,0.56,0,4
369,0,-1,9.92201,0.52,13,0.52,0,4
370,1,0,0.0,0.52,13,0.52,0,4
371,0,-1,8.498147,0.48,12,0.48,0,4
372,0,-1,-0.0,0.48,12,0.48,0,4
373,2,1,-8.498312,0.52,13,0.52,0,4
374,2,1,-9.922016,0.56,14,0.56,0,4
375,0,-1,9.922016,0.52,13,0.52,0,4
376,2,1,-9.922016,0.56,14,0.56,0,4
377,0,-1,-0.0,0.56,14,0.56,0,4
378,1,0,0.0,0.56,14,0.56,0,4
379,2,1,19.502546,0.6,15,0.6,0,4
380,2,1,-14.286522,0.64,16,0.64,0,4
381,1,0,0.0,0.64,16,0.64,0,4
382,1,0,0.0,0.64,16,0.64,0,4
383,0,-1,14.286522,0.6,15,0.6,0,4
384,2,1,18.201405,0.64,16,0.64,0,4
385,2,1,-17.735909,0.68,17,0.68,0,4
386,1,0,0.0,0.68,17,0.68,0,4
387,1,0,0.0,0.68,17,0.68,0,4
388,0,-1,-14.751992,0.64,16,0.64,0,4
389,1,0,0.0,0.64,16,0.64,0,4
390,2,1,-17.735773,0.68,17,0.68,0,4
391,2,1,-22.67583,0.72,18,0.72,0,4
392,1,0,0.0,0.72,18,0.72,0,4
393,2,1,-30.097902,0.76,19,0.76,0,4
394,0,-1,-0.0,0.76,19,0.76,0,4
395,2,1,-41.986008,0.8,20,0.8,0,4
396,1,0,0.0,0.8,20,0.8,0,4
397,0,-1,41.985844,0.76,19,0.76,0,4
398,1,0,0.0,0.76,19,0.76,0,4
399,2,1,-41.986008,0.8,20,0.8,0,4
400,0,-1,-0.0,0.8,20,0.8,0,4
401,0,-1,-0.0,0.8,20,0.8,0,4
402,2,1,-30.316252,0.84,21,0.84,0,4
403,0,-1,-0.0,0.84,21,0.84,0,4
404,0,-1,-0.0,0.84,21,0.84,0,4
405,1,0,0.0,0.84,21,0.84,0,4
406,1,0,0.0,0.84,21,0.84,0,4
407,2,1,-104.457,0.88,22,0.88,0,4
408,1,0,0.0,0.88,22,0.88,0,4
409,1,0,0.0,0.88,22,0.88,0,4
410,1,0,0.0,0.88,22,0.88,0,4
411,2,1,-208.61096,0.92,23,0.92,0,4
412,2,1,-625.2659,0.96,24,0.96,0,4
413,0,-1,625.2659,0.92,23,0.92,0,4
414,0,-1,208.61096,0.88,22,0.88,0,4
415,0,-1,-0.0,0.88,22,0.88,1,4
416,1,0,0.0,0.88,22,0.88,0,4
417,2,1,-208.61096,0.92,23,0.92,0,4
418,2,1,-625.2659,0.96,24,0.96,0,4
419,1,0,0.0,0.96,24,0.96,0,4
420,2,1,8.306813e-10,1.0,25,1.0,0,4
421,2,1,-1000.0,0.0,0,0.0,0,4
422,2,1,28.364332,0.2,5,0.2,0,5
423,1,0,0.0,0.2,5,0.2,0,5
424,0,-1,-28.364332,0.16,4,0.16,0,5
425,1,0,0.0,0.16,4,0.16,0,5
426,1,0,0.0,0.16,4,0.16,0,5
427,2,1,28.364332,0.2,5,0.2,0,5
428,2,1,28.208652,0.24,6,0.24,0,5
429,1,0,0.0,0.24,6,0.24,0,5
430,1,0,0.0,0.24,6,0.24,0,5
431,0,-1,-28.22638,0.2,5,0.2,0,5
432,0,-1,-0.0,0.2,5,0.2,0,5
433,0,-1,-0.0,0.2,5,0.2,0,5
434,1,0,0.0,0.2,5,0.2,0,5
435,2,1,28.22638,0.24,6,0.24,0,5
436,1,0,0.0,0.24,6,0.24,0,5
437,1,0,0.0,0.24,6,0.24,0,5
438,1,0,0.0,0.24,6,0.24,0,5
439,2,1,26.767761,0.28,7,0.28,0,5
440,2,1,23.649387,0.32,8,0.32,0,5
441,0,-1,-0.0,0.32,8,0.32,0,5
442,2,1,26.008978,0.36,9,0.36,0,5
443,2,1,22.427462,0.4,10,0.4,0,5
444,0,-1,-0.0,0.4,10,0.4,0,5
445,1,0,0.0,0.4,10,0.4,0,5
446,1,0,0.0,0.4,10,0.4,0,5
447,2,1,23.129503,0.44,11,0.44,0,5
448,1,0,0.0,0.44,11,0.44,0,5
449,0,-1,-0.0,0.44,11,0.44,0,5
450,0,-1,-21.976542,0.4,10,0.4,0,5
451,0,-1,-0.0,0.4,10,0.4,0,5
452,2,1,-6.5202236,0.44,11,0.44,0,5
453,2,1,-7.3912225,0.48,12,0.48,0,5
454,1,0,0.0,0.48,12,0.48,0,5
455,1,0,0.0,0.48,12,0.48,0,5
456,0,-1,-20.865192,0.44,11,0.44,0,5
457,2,1,19.940758,0.48,12,0.48,0,5
458,1,0,0.0,0.48,12,0.48,0,5
459,0,-1,7.3912225,0.44,11,0.44,0,5
460,2,1,21.105461,0.48,12,0.48,0,5
461,0,-1,-0.0,0.48,12,0.48,0,5
462,2,1,21.154152,0.52,13,0.52,0,5
463,1,0,0.0,0.52,13,0.52,0,5
464,1,0,0.0,0.52,13,0.52,0,5
465,0,-1,-19.999044,0.48,12,0.48,0,5
466,0,-1,-22.260569,0.44,11,0.44,0,5
467,2,1,20.651064,0.48,12,0.48,0,5
468,1,0,0.0,0.48,12,0.48,0,5
469,1,0,0.0,0.48,12,0.48,0,5
470,1,0,0.0,0.48,12,0.48,0,5
471,1,0,0.0,0.48,12,0.48,0,5
472,1,0,0.0,0.48,12,0.48,0,5
473,1,0,0.0,0.48,12,0.48,0,5
474,1,0,0.0,0.48,12,0.48,0,5
475,2,1,21.154152,0.52,13,0.52,0,5
476,0,-1,8.497722,0.48,12,0.48,0,5
477,0,-1,-0.0,0.48,12,0.48,0,5
478,1,0,0.0,0.48,12,0.48,1,5
479,1,0,0.0,0.48,12,0.48,0,5
480,0,-1,-19.928415,0.44,11,0.44,0,5
481,1,0,0.0,0.44,11,0.44,0,5
482,0,-1,-23.118645,0.4,10,0.4,0,5
483,2,1,21.764902,0.44,11,0.44,0,5
484,1,0,0.0,0.44,11,0.44,0,5
485,1,0,0.0,0.44,11,0.44,0,5
486,1,0,0.0,0.44,11,0.44,0,5
487,1,0,0.0,0.44,11,0.44,0,5
488,1,0,0.0,0.44,11,0.44,0,5
489,0,-1,-21.506601,0.4,10,0.4,0,5
490,2,1,20.81502,0.44,11,0.44,0,5
491,1,0,0.0,0.44,11,0.44,0,5
492,0,-1,-21.764902,0.4,10,0.4,0,5
493,2,1,18.833525,0.44,11,0.44,0,5
494,0,-1,-0.0,0.44,11,0.44,0,5
495,0,-1,-0.0,0.44,11,0.44,0,5
496,1,0,0.0,0.44,11,0.44,0,5
497,2,1,15.849347,0.48,12,0.48,0,5
498,1,0,0.0,0.48,12,0.48,0,5
499,1,0,0.0,0.48,12,0.48,0,5
500,2,1,14.805653,0.52,13,0.52,0,5
501,1,0,0.0,0.52,13,0.52,0,5
502,0,-1,-14.74293,0.48,12,0.48,0,5
503,0,-1,-0.0,0.48,12,0.48,0,5
504,0,-1,-0.0,0.48,12,0.48,0,5
505,0,-1,-0.0,0.48,12,0.48,0,5
506,0,-1,-0.0,0.48,12,0.48,0,5
507,0,-1,-0.0,0.48,12,0.48,0,5
508,0,-1,-0.0,0.48,12,0.48,0,5
509,1,0,0.0,0.48,12,0.48,0,5
510,2,1,20.02261,0.52,13,0.52,0,5
511,0,-1,-22.772474,0.48,12,0.48,0,5
512,2,1,14.74293,0.52,13,0.52,0,5
513,2,1,12.631072,0.56,14,0.56,0,5
514,0,-1,-18.598906,0.52,13,0.52,0,5
515,2,1,17.71818,0.56,14,0.56,0,5
516,1,0,0.0,0.56,14,0.56,0,5
517,2,1,13.364263,0.6,15,0.6,0,5
518,2,1,8.237958,0.64,16,0.64,0,5
519,1,0,0.0,0.64,16,0.64,0,5
520,2,1,3.498691,0.68,17,0.68,0,5
521,0,-1,-4.817148,0.64,16,0.64,0,5
522,0,-1,-6.9481034,0.6,15,0.6,0,5
523,1,0,0.0,0.6,15,0.6,0,5
524,2,1,11.17206,0.64,16,0.64,0,5
525,0,-1,-0.0,0.64,16,0.64,0,5
526,1,0,0.0,0.64,16,0.64,0,5
527,0,-1,-0.0,0.64,16,0.64,0,5
528,2,1,4.749445,0.68,17,0.68,0,5
529,0,-1,-4.7885456,0.64,16,0.64,0,5
530,0,-1,-0.0,0.64,16,0.64,0,5
531,2,1,3.498691,0.68,17,0.68,0,5
532,0,-1,-0.0,0.68,17,0.68,0,5
533,2,1,-100.0,0.0,0,0.0,0,5
534,2,1,-4.1407347,0.2,5,0.2,0,6
535,0,-1,4.1407347,0.16,4,0.16,0,6
536,0,-1,-0.0,0.16,4,0.16,0,6
537,2,1,28.346605,0.2,5,0.2,0,6
538,2,1,-4.278605,0.24,6,0.24,0,6
539,1,0,0.0,0.24,6,0.24,0,6
540,1,0,0.0,0.24,6,0.24,0,6
541,1,0,0.0,0.24,6,0.24,0,6
542,1,0,0.0,0.24,6,0.24,0,6
543,2,1,26.767761,0.28,7,0.28,0,6
544,2,1,24.80235,0.32,8,0.32,0,6
545,1,0,0.0,0.32,8,0.32,0,6
546,2,1,-5.279892,0.36,9,0.36,0,6
547,0,-1,5.279892,0.32,8,0.32,0,6
548,2,1,-5.2804523,0.36,9,0.36,0,6
549,2,1,21.941185,0.4,10,0.4,0,6
550,2,1,21.736273,0.44,11,0.44,0,6
551,1,0,0.0,0.44,11,0.44,0,6
552,2,1,18.393976,0.48,12,0.48,0,6
553,1,0,0.0,0.48,12,0.48,0,6
554,1,0,0.0,0.48,12,0.48,0,6
555,2,1,17.50569,0.52,13,0.52,0,6
556,1,0,0.0,0.52,13,0.52,0,6
557,1,0,0.0,0.52,13,0.52,0,6
558,2,1,14.291435,0.56,14,0.56,0,6
559,1,0,0.0,0.56,14,0.56,0,6
560,2,1,-11.786911,0.6,15,0.6,0,6
561,0,-1,-0.0,0.6,15,0.6,0,6
562,0,-1,-0.0,0.6,15,0.6,0,6
563,0,-1,-0.0,0.6,15,0.6,0,6
564,2,1,9.9522505,0.64,16,0.64,0,6
565,0,-1,-0.0,0.64,16,0.64,0,6
566,2,1,6.016442,0.68,17,0.68,0,6
567,1,0,0.0,0.68,17,0.68,0,6
568,0,-1,17.735935,0.64,16,0.64,0,6
569,2,1,5.9229755,0.68,17,0.68,0,6
570,1,0,0.0,0.68,17,0.68,0,6
571,0,-1,-0.0,0.68,17,0.68,0,6
572,2,1,-0.98023266,0.72,18,0.72,0,6
573,2,1,-8.49467,0.76,19,0.76,0,6
574,2,1,-21.12388,0.8,20,0.8,0,6
575,1,0,0.0,0.8,20,0.8,0,6
576,2,1,-62.803593,0.84,21,0.84,0,6
577,1,0,0.0,0.84,21,0.84,0,6
578,0,-1,41.108585,0.8,20,0.8,0,6
579,2,1,-34.306828,0.84,21,0.84,0,6
580,1,0,0.0,0.84,21,0.84,0,6
581,2,1,-81.71244,0.88,22,0.88,0,6
582,2,1,-208.61096,0.92,23,0.92,0,6
583,2,1,-100.0,0.0,0,0.0,0,6
584,1,0,0.0,0.16,4,0.16,0,7
585,0,-1,-0.0,0.16,4,0.16,0,7
586,0,-1,-0.0,0.16,4,0.16,0,7
587,1,0,0.0,0.16,4,0.16,0,7
588,2,1,28.364332,0.2,5,0.2,0,7
589,0,-1,-0.0,0.2,5,0.2,0,7
590,1,0,0.0,0.2,5,0.2,0,7
591,0,-1,-0.0,0.2,5,0.2,0,7
592,1,0,0.0,0.2,5,0.2,0,7
593,0,-1,-0.0,0.2,5,0.2,0,7
594,0,-1,-0.0,0.2,5,0.2,0,7
595,2,1,28.208652,0.24,6,0.24,0,7
596,0,-1,-0.0,0.24,6,0.24,0,7
597,2,1,26.767761,0.28,7,0.28,0,7
598,1,0,0.0,0.28,7,0.28,0,7
599,2,1,-4.847379,0.32,8,0.32,0,7
600,1,0,0.0,0.32,8,0.32,0,7
601,1,0,0.0,0.32,8,0.32,0,7
602,2,1,24.369835,0.36,9,0.36,0,7
603,0,-1,-27.225174,0.32,8,0.32,0,7
604,1,0,0.0,0.32,8,0.32,0,7
605,2,1,27.225174,0.36,9,0.36,0,7
606,2,1,-5.829462,0.4,10,0.4,0,7
607,1,0,0.0,0.4,10,0.4,0,7
608,2,1,21.522146,0.44,11,0.44,0,7
609,0,-1,-23.129503,0.4,10,0.4,0,7
610,0,-1,-22.213333,0.36,9,0.36,0,7
611,0,-1,-0.0,0.36,9,0.36,0,7
612,2,1,-5.82959,0.4,10,0.4,0,7
613,2,1,-6.520809,0.44,11,0.44,0,7
614,0,-1,-0.0,0.44,11,0.44,0,7
615,2,1,-7.3912225,0.48,12,0.48,0,7
616,1,0,0.0,0.48,12,0.48,0,7
617,2,1,19.999044,0.52,13,0.52,0,7
618,1,0,0.0,0.52,13,0.52,0,7
619,2,1,-9.92201,0.56,14,0.56,0,7
620,0,-1,-0.0,0.56,14,0.56,0,7
621,0,-1,9.92201,0.52,13,0.52,0,7
622,0,-1,8.49764,0.48,12,0.48,0,7
623,2,1,-8.49764,0.52,13,0.52,0,7
624,0,-1,-24.007345,0.48,12,0.48,0,7
625,2,1,-8.4982815,0.52,13,0.52,0,7
626,2,1,-9.92185,0.56,14,0.56,0,7
627,0,-1,9.921985,0.52,13,0.52,0,7
628,2,1,-9.921985,0.56,14,0.56,0,7
629,0,-1,-0.0,0.56,14,0.56,0,7
630,2,1,16.470173,0.6,15,0.6,0,7
631,0,-1,11.786749,0.56,14,0.56,0,7
632,2,1,-11.786749,0.6,15,0.6,0,7
633,0,-1,11.786749,0.56,14,0.56,0,7
634,2,1,14.146816,0.6,15,0.6,0,7
635,0,-1,11.786884,0.56,14,0.56,0,7
636,0,-1,-0.0,0.56,14,0.56,0,7
637,2,1,17.863403,0.6,15,0.6,0,7
638,0,-1,-14.146816,0.56,14,0.56,0,7
639,0,-1,9.921343,0.52,13,0.52,0,7
640,0,-1,-21.152006,0.48,12,0.48,0,7
641,1,0,0.0,0.48,12,0.48,0,7
642,2,1,-8.498312,0.52,13,0.52,0,7
643,2,1,-9.921978,0.56,14,0.56,0,7
644,1,0,0.0,0.56,14,0.56,0,7
645,2,1,17.863403,0.6,15,0.6,0,7
646,2,1,12.476384,0.64,16,0.64,0,7
647,1,0,0.0,0.64,16,0.64,0,7
648,2,1,6.768734,0.68,17,0.68,0,7
649,1,0,0.0,0.68,17,0.68,0,7
650,0,-1,-0.0,0.68,17,0.68,0,7
651,0,-1,-0.0,0.68,17,0.68,0,7
652,2,1,-0.16183512,0.72,18,0.72,0,7
653,0,-1,-0.0,0.72,18,0.72,0,7
654,2,1,-30.097906,0.76,19,0.76,0,7
655,2,1,-14.215197,0.8,20,0.8,0,7
656,1,0,0.0,0.8,20,0.8,0,7
657,0,-1,-0.0,0.8,20,0.8,0,7
658,0,-1,41.98597,0.76,19,0.76,0,7
659,0,-1,-0.0,0.76,19,0.76,0,7
660,2,1,-41.986008,0.8,20,0.8,0,7
661,1,0,0.0,0.8,20,0.8,0,7
662,2,1,-42.41413,0.84,21,0.84,0,7
663,2,1,-78.452995,0.88,22,0.88,0,7
664,1,0,0.0,0.88,22,0.88,0,7
665,0,-1,-0.0,0.88,22,0.88,0,7
666,1,0,0.0,0.88,22,0.88,0,7
667,0,-1,-0.0,0.88,22,0.88,0,7
668,0,-1,-0.0,0.88,22,0.88,0,7
669,1,0,0.0,0.88,22,0.88,0,7
670,0,-1,84.06695,0.84,21,0.84,0,7
671,2,1,-78.67113,0.88,22,0.88,0,7
672,1,0,0.0,0.88,22,0.88,0,7
673,2,1,-182.04965,0.92,23,0.92,0,7
674,0,-1,182.60696,0.88,22,0.88,0,7
675,1,0,0.0,0.88,22,0.88,0,7
676,0,-1,81.943,0.84,21,0.84,0,7
677,0,-1,36.242878,0.8,20,0.8,0,7
678,2,1,-62.804184,0.84,21,0.84,0,7
679,1,0,0.0,0.84,21,0.84,0,7
680,0,-1,-0.0,0.84,21,0.84,0,7
681,2,1,-104.457,0.88,22,0.88,0,7
682,2,1,-176.1053,0.92,23,0.92,0,7
683,2,1,-597.9333,0.96,24,0.96,0,7
684,2,1,25.589413,1.0,25,1.0,0,7
685,1,0,-1000.0,0.0,0,0.0,0,7
686,1,0,0.0,0.16,4,0.16,0,8
687,1,0,0.0,0.16,4,0.16,0,8
688,0,-1,-0.0,0.16,4,0.16,0,8
689,2,1,28.364332,0.2,5,0.2,0,8
690,0,-1,-28.364332,0.16,4,0.16,0,8
691,2,1,28.346605,0.2,5,0.2,0,8
692,1,0,0.0,0.2,5,0.2,0,8
693,2,1,-4.278605,0.24,6,0.24,0,8
694,2,1,23.740671,0.28,7,0.28,0,8
695,0,-1,-0.0,0.28,7,0.28,0,8
696,2,1,21.713335,0.32,8,0.32,0,8
697,1,0,0.0,0.32,8,0.32,0,8
698,0,-1,4.847297,0.28,7,0.28,0,8
699,1,0,0.0,0.28,7,0.28,0,8
700,2,1,26.436209,0.32,8,0.32,0,8
701,1,0,0.0,0.32,8,0.32,0,8
702,1,0,0.0,0.32,8,0.32,0,8
703,2,1,27.225174,0.36,9,0.36,0,8
704,0,-1,-0.0,0.36,9,0.36,0,8
705,2,1,25.459835,0.4,10,0.4,0,8
706,1,0,0.0,0.4,10,0.4,0,8
707,1,0,0.0,0.4,10,0.4,0,8
708,2,1,18.746964,0.44,11,0.44,0,8
709,2,1,22.258423,0.48,12,0.48,0,8
710,0,-1,-0.0,0.48,12,0.48,0,8
711,1,0,0.0,0.48,12,0.48,0,8
712,1,0,0.0,0.48,12,0.48,0,8
713,1,0,0.0,0.48,12,0.48,0,8
714,0,-1,-0.0,0.48,12,0.48,0,8
715,2,1,15.030403,0.52,13,0.52,0,8
716,0,-1,-21.152006,0.48,12,0.48,0,8
717,0,-1,-23.897566,0.44,11,0.44,0,8
718,2,1,15.307467,0.48,12,0.48,0,8
719,0,-1,-0.0,0.48,12,0.48,0,8
720,2,1,17.50569,0.52,13,0.52,0,8
721,1,0,0.0,0.52,13,0.52,0,8
722,1,0,0.0,0.52,13,0.52,0,8
723,0,-1,-17.50569,0.48,12,0.48,0,8
724,1,0,0.0,0.48,12,0.48,0,8
725,2,1,11.802843,0.52,13,0.52,0,8
726,0,-1,-0.0,0.52,13,0.52,0,8
727,2,1,21.367445,0.56,14,0.56,0,8
728,2,1,9.48836,0.6,15,0.6,0,8
729,2,1,15.365936,0.64,16,0.64,0,8
730,1,0,0.0,0.64,16,0.64,0,8
731,2,1,1.3661044,0.68,17,0.68,0,8
732,0,-1,-0.0,0.68,17,0.68,0,8
733,2,1,-1.8090308,0.72,18,0.72,0,8
734,0,-1,-0.0,0.72,18,0.72,0,8
735,2,1,-0.44758847,0.76,19,0.76,0,8
736,2,1,-14.214226,0.8,20,0.8,0,8
737,1,0,0.0,0.8,20,0.8,0,8
738,0,-1,-0.0,0.8,20,0.8,0,8
739,2,1,-34.30289,0.84,21,0.84,0,8
740,0,-1,-0.0,0.84,21,0.84,0,8
741,2,1,-78.52065,0.88,22,0.88,0,8
742,0,-1,-0.0,0.88,22,0.88,0,8
743,1,0,0.0,0.88,22,0.88,0,8
744,2,1,-181.2783,0.92,23,0.92,0,8
745,1,0,0.0,0.92,23,0.92,0,8
746,1,0,0.0,0.92,23,0.92,0,8
747,1,0,0.0,0.92,23,0.92,0,8
748,0,-1,181.2783,0.88,22,0.88,0,8
749,2,1,-180.84015,0.92,23,0.92,0,8
750,1,0,0.0,0.92,23,0.92,0,8
751,0,-1,188.3098,0.88,22,0.88,0,8
752,2,1,-185.13611,0.92,23,0.92,0,8
753,0,-1,185.13611,0.88,22,0.88,0,8
754,1,0,0.0,0.88,22,0.88,0,8
755,1,0,0.0,0.88,22,0.88,0,8
756,2,1,-189.71243,0.92,23,0.92,0,8
757,2,1,-605.98376,0.96,24,0.96,0,8
758,1,0,0.0,0.96,24,0.96,0,8
759,2,1,-100.0,0.0,0,0.0,0,8
760,1,0,0.0,0.16,4,0.16,0,9
761,1,0,0.0,0.16,4,0.16,0,9
762,2,1,-4.1406527,0.2,5,0.2,0,9
763,2,1,28.208652,0.24,6,0.24,0,9
764,1,0,0.0,0.24,6,0.24,0,9
765,1,0,0.0,0.24,6,0.24,0,9
766,2,1,26.767761,0.28,7,0.28,0,9
767,0,-1,-0.0,0.28,7,0.28,0,9
768,0,-1,-26.767761,0.24,6,0.24,0,9
769,0,-1,-0.0,0.24,6,0.24,0,9
770,2,1,26.767761,0.28,7,0.28,0,9
771,2,1,-4.847379,0.32,8,0.32,0,9
772,1,0,0.0,0.32,8,0.32,0,9
773,1,0,0.0,0.32,8,0.32,0,9
774,1,0,0.0,0.32,8,0.32,0,9
775,1,0,0.0,0.32,8,0.32,0,9
776,0,-1,4.847379,0.28,7,0.28,0,9
777,2,1,23.649387,0.32,8,0.32,0,9
778,2,1,20.653248,0.36,9,0.36,0,9
779,0,-1,-0.0,0.36,9,0.36,0,9
780,2,1,23.820692,0.4,10,0.4,0,9
781,0,-1,-0.0,0.4,10,0.4,0,9
782,1,0,0.0,0.4,10,0.4,0,9
783,0,-1,-20.104105,0.36,9,0.36,0,9
784,1,0,0.0,0.36,9,0.36,0,9
785,2,1,21.941185,0.4,10,0.4,0,9
786,0,-1,-21.941185,0.36,9,0.36,0,9
787,2,1,-5.8295965,0.4,10,0.4,0,9
788,1,0,0.0,0.4,10,0.4,0,9
789,1,0,0.0,0.4,10,0.4,0,9
790,0,-1,-0.0,0.4,10,0.4,0,9
791,1,0,0.0,0.4,10,0.4,0,9
792,1,0,0.0,0.4,10,0.4,0,9
793,1,0,0.0,0.4,10,0.4,0,9
794,2,1,-6.5206485,0.44,11,0.44,0,9
795,1,0,0.0,0.44,11,0.44,0,9
796,0,-1,-21.976542,0.4,10,0.4,0,9
797,2,1,-6.5202236,0.44,11,0.44,0,9
798,1,0,0.0,0.44,11,0.44,0,9
799,2,1,20.378916,0.48,12,0.48,0,9
800,0,-1,-0.0,0.48,12,0.48,0,9
801,1,0,0.0,0.48,12,0.48,0,9
802,2,1,18.834341,0.52,13,0.52,0,9
803,1,0,0.0,0.52,13,0.52,0,9
804,2,1,15.448675,0.56,14,0.56,0,9
805,1,0,0.0,0.56,14,0.56,0,9
806,2,1,13.802496,0.6,15,0.6,0,9
807,1,0,0.0,0.6,15,0.6,0,9
808,1,0,0.0,0.6,15,0.6,0,9
809,0,-1,11.7863245,0.56,14,0.56,0,9
810,0,-1,9.92185,0.52,13,0.52,0,9
811,2,1,13.310036,0.56,14,0.56,0,9
812,2,1,9.335522,0.6,15,0.6,0,9
813,1,0,0.0,0.6,15,0.6,0,9
814,0,-1,-0.0,0.6,15,0.6,0,9
815,2,1,11.499346,0.64,16,0.64,0,9
816,2,1,6.016442,0.68,17,0.68,0,9
817,1,0,0.0,0.68,17,0.68,0,9
818,0,-1,-0.0,0.68,17,0.68,0,9
819,2,1,-0.98023266,0.72,18,0.72,0,9
820,2,1,-100.0,0.0,0,0.0,0,9
821,2,1,28.346605,0.2,5,0.2,0,10
822,2,1,23.97781,0.24,6,0.24,0,10
823,0,-1,-23.97781,0.2,5,0.2,0,10
824,2,1,-4.278605,0.24,6,0.24,0,10
825,0,-1,4.278605,0.2,5,0.2,0,10
826,1,0,0.0,0.2,5,0.2,0,10
827,1,0,0.0,0.2,5,0.2,0,10
828,1,0,0.0,0.2,5,0.2,0,10
829,0,-1,-0.0,0.2,5,0.2,0,10
830,1,0,0.0,0.2,5,0.2,0,10
831,2,1,23.97781,0.24,6,0.24,0,10
832,0,-1,-23.97781,0.2,5,0.2,0,10
833,0,-1,-0.0,0.2,5,0.2,0,10
834,0,-1,-0.0,0.2,5,0.2,0,10
835,2,1,-4.278605,0.24,6,0.24,0,10
836,0,-1,4.278605,0.2,5,0.2,0,10
837,1,0,0.0,0.2,5,0.2,0,10
838,2,1,28.22638,0.24,6,0.24,0,10
839,0,-1,-0.0,0.24,6,0.24,0,10
840,1,0,0.0,0.24,6,0.24,0,10
841,2,1,23.740671,0.28,7,0.28,0,10
842,0,-1,-27.98924,0.24,6,0.24,0,10
843,1,0,0.0,0.24,6,0.24,0,10
844,0,-1,-0.0,0.24,6,0.24,0,10
845,0,-1,-0.0,0.24,6,0.24,0,10
846,1,0,0.0,0.24,6,0.24,0,10
847,0,-1,-23.97781,0.2,5,0.2,0,10
848,2,1,27.0049,0.24,6,0.24,0,10
849,0,-1,-0.0,0.24,6,0.24,0,10
850,0,-1,-0.0,0.24,6,0.24,0,10
851,2,1,23.98094,0.28,7,0.28,0,10
852,1,0,0.0,0.28,7,0.28,0,10
853,1,0,0.0,0.28,7,0.28,0,10
854,0,-1,-0.0,0.28,7,0.28,0,10
855,2,1,24.80235,0.32,8,0.32,0,10
856,0,-1,-0.0,0.32,8,0.32,0,10
857,2,1,22.490328,0.36,9,0.36,0,10
858,1,0,0.0,0.36,9,0.36,0,10
859,2,1,26.67603,0.4,10,0.4,0,10
860,2,1,-6.5201416,0.44,11,0.44,0,10
861,0,-1,-25.984842,0.4,10,0.4,0,10
862,2,1,20.811838,0.44,11,0.44,0,10
863,0,-1,-0.0,0.44,11,0.44,0,10
864,2,1,18.393976,0.48,12,0.48,0,10
865,2,1,17.091099,0.52,13,0.52,0,10
866,2,1,13.830365,0.56,14,0.56,0,10
867,0,-1,9.921343,0.52,13,0.52,0,10
868,2,1,11.7735815,0.56,14,0.56,0,10
869,2,1,-11.7862425,0.6,15,0.6,0,10
870,2,1,11.084164,0.64,16,0.64,0,10
871,2,1,-100.0,0.0,0,0.0,0,10
872,2,1,28.346605,0.2,5,0.2,0,11
873,1,0,0.0,0.2,5,0.2,0,11
874,2,1,-4.278605,0.24,6,0.24,0,11
875,2,1,27.98924,0.28,7,0.28,0,11
876,1,0,0.0,0.28,7,0.28,0,11
877,1,0,0.0,0.28,7,0.28,0,11
878,1,0,0.0,0.28,7,0.28,0,11
879,2,1,-4.847379,0.32,8,0.32,0,11
880,1,0,0.0,0.32,8,0.32,0,11
881,2,1,-5.280317,0.36,9,0.36,0,11
882,2,1,25.454552,0.4,10,0.4,0,11
883,0,-1,-0.0,0.4,10,0.4,0,11
884,2,1,-6.520784,0.44,11,0.44,0,11
885,2,1,-7.391891,0.48,12,0.48,0,11
886,0,-1,7.3917294,0.44,11,0.44,0,11
887,1,0,0.0,0.44,11,0.44,0,11
888,0,-1,6.5208097,0.4,10,0.4,0,11
889,0,-1,-26.67603,0.36,9,0.36,0,11
890,1,0,0.0,0.36,9,0.36,0,11
891,2,1,23.820692,0.4,10,0.4,0,11
892,0,-1,-0.0,0.4,10,0.4,0,11
893,0,-1,-0.0,0.4,10,0.4,0,11
894,1,0,0.0,0.4,10,0.4,0,11
895,1,0,0.0,0.4,10,0.4,0,11
896,2,1,21.736273,0.44,11,0.44,0,11
897,1,0,0.0,0.44,11,0.44,0,11
898,1,0,0.0,0.44,11,0.44,0,11
899,1,0,0.0,0.44,11,0.44,0,11
900,1,0,0.0,0.44,11,0.44,0,11
901,0,-1,-21.736273,0.4,10,0.4,0,11
902,1,0,0.0,0.4,10,0.4,0,11
903,0,-1,-0.0,0.4,10,0.4,0,11
904,1,0,0.0,0.4,10,0.4,0,11
905,2,1,-6.5207767,0.44,11,0.44,0,11
906,0,-1,-0.0,0.44,11,0.44,0,11
907,1,0,0.0,0.44,11,0.44,0,11
908,1,0,0.0,0.44,11,0.44,0,11
909,1,0,0.0,0.44,11,0.44,0,11
910,2,1,19.940758,0.48,12,0.48,0,11
911,2,1,24.007345,0.52,13,0.52,0,11
912,2,1,18.57534,0.56,14,0.56,0,11
913,0,-1,-18.57534,0.52,13,0.52,0,11
914,1,0,0.0,0.52,13,0.52,0,11
915,0,-1,-0.0,0.52,13,0.52,0,11
916,2,1,-9.92185,0.56,14,0.56,0,11
917,0,-1,9.921978,0.52,13,0.52,0,11
918,0,-1,-0.0,0.52,13,0.52,0,11
919,0,-1,8.498146,0.48,12,0.48,0,11
920,2,1,-8.498307,0.52,13,0.52,0,11
921,2,1,17.848795,0.56,14,0.56,0,11
922,2,1,13.998958,0.6,15,0.6,0,11
923,2,1,-14.2864895,0.64,16,0.64,0,11
924,0,-1,-0.0,0.64,16,0.64,0,11
925,1,0,0.0,0.64,16,0.64,0,11
926,0,-1,14.286522,0.6,15,0.6,0,11
927,2,1,-14.286362,0.64,16,0.64,0,11
928,2,1,10.761417,0.68,17,0.68,0,11
929,2,1,1.0765506,0.72,18,0.72,0,11
930,2,1,-8.447942,0.76,19,0.76,0,11
931,1,0,0.0,0.76,19,0.76,0,11
932,0,-1,2.7652535,0.72,18,0.72,0,11
933,2,1,-6.4389925,0.76,19,0.76,0,11
934,1,0,0.0,0.76,19,0.76,0,11
935,0,-1,30.097876,0.72,18,0.72,0,11
936,1,0,0.0,0.72,18,0.72,0,11
937,0,-1,22.675665,0.68,17,0.68,0,11
938,0,-1,-0.0,0.68,17,0.68,0,11
939,0,-1,-0.0,0.68,17,0.68,0,11
940,0,-1,-0.0,0.68,17,0.68,0,11
941,1,0,0.0,0.68,17,0.68,0,11
942,1,0,0.0,0.68,17,0.68,0,11
943,2,1,4.656823,0.72,18,0.72,0,11
944,0,-1,22.675158,0.68,17,0.68,0,11
945,1,0,0.0,0.68,17,0.68,0,11
946,0,-1,17.7359,0.64,16,0.64,0,11
947,0,-1,-0.0,0.64,16,0.64,0,11
948,0,-1,-7.3634386,0.6,15,0.6,0,11
949,1,0,0.0,0.6,15,0.6,0,11
950,2,1,7.31671,0.64,16,0.64,0,11
951,2,1,3.9596586,0.68,17,0.68,0,11
952,1,0,0.0,0.68,17,0.68,0,11
953,2,1,8.613631,0.72,18,0.72,0,11
954,0,-1,22.67524,0.68,17,0.68,0,11
955,1,0,0.0,0.68,17,0.68,0,11
956,2,1,3.2579012,0.72,18,0.72,0,11
957,2,1,-100.0,0.0,0,0.0,0,11
958,2,1,-4.1406527,0.2,5,0.2,0,12
959,2,1,28.208652,0.24,6,0.24,0,12
960,2,1,-4.516251,0.28,7,0.28,0,12
961,1,0,0.0,0.28,7,0.28,0,12
962,1,0,0.0,0.28,7,0.28,0,12
963,0,-1,-27.971514,0.24,6,0.24,0,12
964,1,0,0.0,0.24,6,0.24,0,12
965,0,-1,4.279112,0.2,5,0.2,0,12
966,1,0,0.0,0.2,5,0.2,0,12
967,1,0,0.0,0.2,5,0.2,0,12
968,0,-1,4.1406527,0.16,4,0.16,0,12
969,0,-1,-0.0,0.16,4,0.16,0,12
970,2,1,28.364332,0.2,5,0.2,0,12
971,1,0,0.0,0.2,5,0.2,0,12
972,0,-1,-28.364332,0.16,4,0.16,0,12
973,2,1,28.346605,0.2,5,0.2,0,12
974,1,0,0.0,0.2,5,0.2,0,12
975,2,1,27.0049,0.24,6,0.24,0,12
976,2,1,-4.515744,0.28,7,0.28,0,12
977,1,0,0.0,0.28,7,0.28,0,12
978,2,1,23.409119,0.32,8,0.32,0,12
979,1,0,0.0,0.32,8,0.32,0,12
980,0,-1,4.847297,0.28,7,0.28,0,12
981,2,1,24.80235,0.32,8,0.32,0,12
982,0,-1,-23.409119,0.28,7,0.28,0,12
983,1,0,0.0,0.28,7,0.28,0,12
984,0,-1,-0.0,0.28,7,0.28,0,12
985,2,1,22.922842,0.32,8,0.32,0,12
986,0,-1,-0.0,0.32,8,0.32,0,12
987,2,1,20.308928,0.36,9,0.36,0,12
988,1,0,0.0,0.36,9,0.36,0,12
989,2,1,22.427462,0.4,10,0.4,0,12
990,2,1,20.811838,0.44,11,0.44,0,12
991,1,0,0.0,0.44,11,0.44,0,12
992,0,-1,-0.0,0.44,11,0.44,0,12
993,0,-1,-20.811838,0.4,10,0.4,0,12
994,1,0,0.0,0.4,10,0.4,0,12
995,2,1,25.984842,0.44,11,0.44,0,12
996,0,-1,-0.0,0.44,11,0.44,0,12
997,2,1,-7.3912225,0.48,12,0.48,0,12
998,0,-1,7.3912225,0.44,11,0.44,0,12
999,0,-1,-0.0,0.44,11,0.44,0,12
1000,1,0,0.0,0.44,11,0.44,0,12
1001,2,1,16.065376,0.48,12,0.48,0,12
1002,2,1,15.062407,0.52,13,0.52,0,12
1003,0,-1,-0.0,0.52,13,0.52,0,12
1004,0,-1,-19.758776,0.48,12,0.48,0,12
1005,1,0,0.0,0.48,12,0.48,0,12
1006,0,-1,-25.113762,0.44,11,0.44,0,12
1007,2,1,14.01228,0.48,12,0.48,0,12
1008,1,0,0.0,0.48,12,0.48,0,12
1009,0,-1,-0.0,0.48,12,0.48,0,12
1010,2,1,17.28756,0.52,13,0.52,0,12
1011,1,0,0.0,0.52,13,0.52,0,12
1012,2,1,11.533877,0.56,14,0.56,0,12
1013,1,0,0.0,0.56,14,0.56,0,12
1014,2,1,9.564119,0.6,15,0.6,0,12
1015,0,-1,-0.0,0.6,15,0.6,0,12
1016,0,-1,-13.998958,0.56,14,0.56,0,12
1017,2,1,-100.0,0.0,0,0.0,0,12
1018,1,0,0.0,0.16,4,0.16,0,13
1019,2,1,28.346605,0.2,5,0.2,0,13
1020,2,1,-4.278605,0.24,6,0.24,0,13
1021,2,1,26.767761,0.28,7,0.28,0,13
1022,2,1,-4.8479395,0.32,8,0.32,0,13
1023,1,0,0.0,0.32,8,0.32,0,13
1024,2,1,27.225174,0.36,9,0.36,0,13
1025,2,1,23.820692,0.4,10,0.4,0,13
1026,2,1,21.249996,0.44,11,0.44,0,13
1027,2,1,-7.39189,0.48,12,0.48,0,13
1028,1,0,0.0,0.48,12,0.48,0,13
1029,2,1,17.28756,0.52,13,0.52,0,13
1030,0,-1,-0.0,0.52,13,0.52,0,13
1031,1,0,0.0,0.52,13,0.52,0,13
1032,0,-1,-24.007345,0.48,12,0.48,0,13
1033,1,0,0.0,0.48,12,0.48,0,13
1034,1,0,0.0,0.48,12,0.48,0,13
1035,1,0,0.0,0.48,12,0.48,0,13
1036,0,-1,7.39189,0.44,11,0.44,0,13
1037,2,1,25.113762,0.48,12,0.48,0,13
1038,2,1,18.834341,0.52,13,0.52,0,13
1039,1,0,0.0,0.52,13,0.52,0,13
1040,0,-1,8.4982815,0.48,12,0.48,0,13
1041,1,0,0.0,0.48,12,0.48,0,13
1042,1,0,0.0,0.48,12,0.48,0,13
1043,2,1,16.625448,0.52,13,0.52,0,13
1044,2,1,-9.921425,0.56,14,0.56,0,13
1045,1,0,0.0,0.56,14,0.56,0,13
1046,1,0,0.0,0.56,14,0.56,0,13
1047,2,1,11.321744,0.6,15,0.6,0,13
1048,2,1,9.465854,0.64,16,0.64,0,13
1049,1,0,0.0,0.64,16,0.64,0,13
1050,1,0,0.0,0.64,16,0.64,0,13
1051,2,1,3.2610621,0.68,17,0.68,0,13
1052,2,1,2.913581,0.72,18,0.72,0,13
1053,2,1,-1.6005503,0.76,19,0.76,0,13
1054,2,1,-19.009306,0.8,20,0.8,0,13
1055,0,-1,-0.0,0.8,20,0.8,0,13
1056,2,1,-41.108585,0.84,21,0.84,0,13
1057,2,1,-82.80703,0.88,22,0.88,0,13
1058,1,0,0.0,0.88,22,0.88,0,13
1059,2,1,-189.02892,0.92,23,0.92,0,13
1060,2,1,-605.707,0.96,24,0.96,0,13
1061,1,0,0.0,0.96,24,0.96,0,13
1062,1,0,0.0,0.96,24,0.96,0,13
1063,1,0,0.0,0.96,24,0.96,0,13
1064,2,1,23.457272,1.0,25,1.0,0,13
1065,2,1,-1000.0,0.0,0,0.0,0,13
1066,2,1,-4.1406527,0.2,5,0.2,0,14
1067,0,-1,4.1406527,0.16,4,0.16,0,14
1068,2,1,-4.1407347,0.2,5,0.2,0,14
1069,2,1,28.22638,0.24,6,0.24,0,14
1070,0,-1,4.278687,0.2,5,0.2,0,14
1071,1,0,0.0,0.2,5,0.2,0,14
1072,1,0,0.0,0.2,5,0.2,0,14
1073,2,1,23.763681,0.24,6,0.24,0,14
1074,1,0,0.0,0.24,6,0.24,0,14
1075,2,1,-4.515826,0.28,7,0.28,0,14
1076,0,-1,-0.0,0.28,7,0.28,0,14
1077,2,1,27.639961,0.32,8,0.32,0,14
1078,1,0,0.0,0.32,8,0.32,0,14
1079,2,1,-5.2804456,0.36,9,0.36,0,14
1080,1,0,0.0,0.36,9,0.36,0,14
1081,0,-1,-22.762478,0.32,8,0.32,0,14
1082,0,-1,-27.657686,0.28,7,0.28,0,14
1083,2,1,26.436209,0.32,8,0.32,0,14
1084,0,-1,-0.0,0.32,8,0.32,0,14
1085,2,1,24.369835,0.36,9,0.36,0,14
1086,0,-1,-0.0,0.36,9,0.36,0,14
1087,2,1,21.941185,0.4,10,0.4,0,14
1088,0,-1,-0.0,0.4,10,0.4,0,14
1089,1,0,0.0,0.4,10,0.4,0,14
1090,2,1,19.265059,0.44,11,0.44,0,14
1091,2,1,-7.3918905,0.48,12,0.48,0,14
1092,1,0,0.0,0.48,12,0.48,0,14
1093,0,-1,-0.0,0.48,12,0.48,0,14
1094,2,1,15.254068,0.52,13,0.52,0,14
1095,2,1,17.410637,0.56,14,0.56,0,14
1096,1,0,0.0,0.56,14,0.56,0,14
1097,2,1,11.872,0.6,15,0.6,0,14
1098,1,0,0.0,0.6,15,0.6,0,14
1099,1,0,0.0,0.6,15,0.6,0,14
1100,1,0,0.0,0.6,15,0.6,0,14
1101,2,1,7.409071,0.64,16,0.64,0,14
1102,2,1,7.853472,0.68,17,0.68,0,14
1103,0,-1,-9.596714,0.64,16,0.64,0,14
1104,1,0,0.0,0.64,16,0.64,0,14
1105,2,1,-100.0,0.0,0,0.0,0,14
1106,2,1,28.346605,0.2,5,0.2,0,15
1107,2,1,-4.278605,0.24,6,0.24,0,15
1108,2,1,26.767761,0.28,7,0.28,0,15
1109,0,-1,4.515744,0.24,6,0.24,0,15
1110,2,1,23.98094,0.28,7,0.28,0,15
1111,1,0,0.0,0.28,7,0.28,0,15
1112,0,-1,-0.0,0.28,7,0.28,0,15
1113,2,1,21.914942,0.32,8,0.32,0,15
1114,2,1,19.559298,0.36,9,0.36,0,15
1115,2,1,23.820692,0.4,10,0.4,0,15
1116,0,-1,-0.0,0.4,10,0.4,0,15
1117,2,1,-6.5201416,0.44,11,0.44,0,15
1118,0,-1,-0.0,0.44,11,0.44,0,15
1119,2,1,17.112778,0.48,12,0.48,0,15
1120,2,1,17.43542,0.52,13,0.52,0,15
1121,1,0,0.0,0.52,13,0.52,0,15
1122,1,0,0.0,0.52,13,0.52,0,15
1123,1,0,0.0,0.52,13,0.52,0,15
1124,1,0,0.0,0.52,13,0.52,0,15
1125,0,-1,-17.43542,0.48,12,0.48,0,15
1126,1,0,0.0,0.48,12,0.48,0,15
1127,0,-1,7.3912225,0.44,11,0.44,0,15
1128,2,1,19.940758,0.48,12,0.48,0,15
1129,1,0,0.0,0.48,12,0.48,0,15
1130,2,1,16.87238,0.52,13,0.52,0,15
1131,1,0,0.0,0.52,13,0.52,0,15
1132,0,-1,-16.341469,0.48,12,0.48,0,15
1133,1,0,0.0,0.48,12,0.48,0,15
1134,0,-1,-17.112778,0.44,11,0.44,0,15
1135,1,0,0.0,0.44,11,0.44,0,15
1136,2,1,20.378916,0.48,12,0.48,0,15
1137,2,1,17.091099,0.52,13,0.52,0,15
1138,1,0,0.0,0.52,13,0.52,0,15
1139,0,-1,-16.87238,0.48,12,0.48,0,15
1140,2,1,14.95896,0.52,13,0.52,0,15
1141,1,0,0.0,0.52,13,0.52,0,15
1142,1,0,0.0,0.52,13,0.52,0,15
1143,0,-1,-18.834341,0.48,12,0.48,0,15
1144,0,-1,-0.0,0.48,12,0.48,0,15
1145,1,0,0.0,0.48,12,0.48,0,15
1146,2,1,-8.497722,0.52,13,0.52,0,15
1147,2,1,11.48216,0.56,14,0.56,0,15
1148,0,-1,-0.0,0.56,14,0.56,0,15
1149,2,1,-100.0,0.0,0,0.0,0,15
1150,2,1,28.364332,0.2,5,0.2,0,16
1151,2,1,27.010183,0.24,6,0.24,0,16
1152,2,1,25.136045,0.28,7,0.28,0,16
1153,0,-1,-0.0,0.28,7,0.28,0,16
1154,2,1,23.653324,0.32,8,0.32,0,16
1155,0,-1,-23.653324,0.28,7,0.28,0,16
1156,1,0,0.0,0.28,7,0.28,0,16
1157,0,-1,-0.0,0.28,7,0.28,0,16
1158,2,1,22.923813,0.32,8,0.32,0,16
1159,2,1,20.30944,0.36,9,0.36,0,16
1160,0,-1,-0.0,0.36,9,0.36,0,16
1161,0,-1,-0.0,0.36,9,0.36,0,16
1162,2,1,19.956709,0.4,10,0.4,0,16
1163,2,1,21.980478,0.44,11,0.44,0,16
1164,0,-1,-21.980478,0.4,10,0.4,0,16
1165,2,1,17.138338,0.44,11,0.44,0,16
1166,1,0,0.0,0.44,11,0.44,0,16
1167,1,0,0.0,0.44,11,0.44,0,16
1168,0,-1,-0.0,0.44,11,0.44,0,16
1169,2,1,16.06564,0.48,12,0.48,0,16
1170,2,1,23.989618,0.52,13,0.52,0,16
1171,2,1,13.830591,0.56,14,0.56,0,16
1172,2,1,-11.7863245,0.6,15,0.6,0,16
1173,2,1,7.064641,0.64,16,0.64,0,16
1174,1,0,0.0,0.64,16,0.64,0,16
1175,0,-1,-7.064641,0.6,15,0.6,0,16
1176,2,1,7.4091825,0.64,16,0.64,0,16
1177,1,0,0.0,0.64,16,0.64,0,16
1178,2,1,3.6152287,0.68,17,0.68,0,16
1179,0,-1,-0.0,0.68,17,0.68,0,16
1180,0,-1,-14.751992,0.64,16,0.64,0,16
1181,2,1,-100.0,0.0,0,0.0,0,16
1182,1,0,0.0,0.16,4,0.16,0,17
1183,2,1,28.346605,0.2,5,0.2,0,17
1184,1,0,0.0,0.2,5,0.2,0,17
1185,0,-1,-28.346605,0.16,4,0.16,0,17
1186,2,1,28.346605,0.2,5,0.2,0,17
1187,0,-1,-28.346605,0.16,4,0.16,0,17
1188,1,0,0.0,0.16,4,0.16,0,17
1189,0,-1,-0.0,0.16,4,0.16,0,17
1190,2,1,-4.1406527,0.2,5,0.2,0,17
1191,1,0,0.0,0.2,5,0.2,0,17
1192,2,1,28.22638,0.24,6,0.24,0,17
1193,2,1,-4.516251,0.28,7,0.28,0,17
1194,2,1,-4.8479395,0.32,8,0.32,0,17
1195,1,0,0.0,0.32,8,0.32,0,17
1196,2,1,-5.2804456,0.36,9,0.36,0,17
1197,2,1,25.459835,0.4,10,0.4,0,17
1198,2,1,25.967117,0.44,11,0.44,0,17
1199,0,-1,6.520777,0.4,10,0.4,0,17
1200,0,-1,5.8295965,0.36,9,0.36,0,17
1201,2,1,23.822836,0.4,10,0.4,0,17
1202,1,0,0.0,0.4,10,0.4,0,17
1203,2,1,20.813057,0.44,11,0.44,0,17
1204,0,-1,-0.0,0.44,11,0.44,0,17
1205,0,-1,-0.0,0.44,11,0.44,0,17
1206,2,1,21.109398,0.48,12,0.48,0,17
1207,0,-1,-0.0,0.48,12,0.48,0,17
1208,2,1,19.758776,0.52,13,0.52,0,17
1209,0,-1,-0.0,0.52,13,0.52,0,17
1210,1,0,0.0,0.52,13,0.52,0,17
1211,0,-1,-18.83556,0.48,12,0.48,0,17
1212,0,-1,7.3917294,0.44,11,0.44,0,17
1213,2,1,19.372663,0.48,12,0.48,0,17
1214,1,0,0.0,0.48,12,0.48,0,17
1215,2,1,19.27347,0.52,13,0.52,0,17
1216,2,1,-9.921985,0.56,14,0.56,0,17
1217,1,0,0.0,0.56,14,0.56,0,17
1218,2,1,15.546957,0.6,15,0.6,0,17
1219,2,1,11.303396,0.64,16,0.64,0,17
1220,0,-1,-0.0,0.64,16,0.64,0,17
1221,2,1,5.825029,0.68,17,0.68,0,17
1222,0,-1,17.735909,0.64,16,0.64,0,17
1223,0,-1,14.285854,0.6,15,0.6,0,17
1224,0,-1,-16.470173,0.56,14,0.56,0,17
1225,2,1,11.67062,0.6,15,0.6,0,17
1226,2,1,7.1694922,0.64,16,0.64,0,17
1227,1,0,0.0,0.64,16,0.64,0,17
1228,1,0,0.0,0.64,16,0.64,0,17
1229,1,0,0.0,0.64,16,0.64,0,17
1230,1,0,0.0,0.64,16,0.64,0,17
1231,1,0,0.0,0.64,16,0.64,0,17
1232,2,1,8.20041,0.68,17,0.68,0,17
1233,0,-1,-14.751992,0.64,16,0.64,0,17
1234,0,-1,-12.478033,0.6,15,0.6,0,17
1235,2,1,7.117779,0.64,16,0.64,0,17
1236,1,0,0.0,0.64,16,0.64,0,17
1237,0,-1,-11.649822,0.6,15,0.6,0,17
1238,1,0,0.0,0.6,15,0.6,0,17
1239,1,0,0.0,0.6,15,0.6,0,17
1240,2,1,11.649822,0.64,16,0.64,0,17
1241,2,1,14.751992,0.68,17,0.68,0,17
1242,2,1,2.4485834,0.72,18,0.72,0,17
1243,2,1,-4.3115716,0.76,19,0.76,0,17
1244,0,-1,4.161558,0.72,18,0.72,0,17
1245,2,1,1.1862713,0.76,19,0.76,0,17
1246,1,0,0.0,0.76,19,0.76,0,17
1247,2,1,-12.33569,0.8,20,0.8,0,17
1248,2,1,-39.051575,0.84,21,0.84,0,17
1249,2,1,-100.0,0.0,0,0.0,0,17
1250,1,0,0.0,0.16,4,0.16,0,18
1251,2,1,-4.1406527,0.2,5,0.2,0,18
1252,2,1,-4.279112,0.24,6,0.24,0,18
1253,2,1,27.971514,0.28,7,0.28,0,18
1254,1,0,0.0,0.28,7,0.28,0,18
1255,2,1,-4.847379,0.32,8,0.32,0,18
1256,1,0,0.0,0.32,8,0.32,0,18
1257,1,0,0.0,0.32,8,0.32,0,18
1258,0,-1,4.847379,0.28,7,0.28,0,18
1259,0,-1,-0.0,0.28,7,0.28,0,18
1260,2,1,-4.8479395,0.32,8,0.32,0,18
1261,0,-1,4.847804,0.28,7,0.28,0,18
1262,2,1,27.657686,0.32,8,0.32,0,18
1263,0,-1,-0.0,0.32,8,0.32,0,18
1264,0,-1,-27.657686,0.28,7,0.28,0,18
1265,2,1,27.657686,0.32,8,0.32,0,18
1266,1,0,0.0,0.32,8,0.32,0,18
1267,0,-1,-0.0,0.32,8,0.32,0,18
1268,2,1,-5.279892,0.36,9,0.36,0,18
1269,0,-1,-0.0,0.36,9,0.36,0,18
1270,1,0,0.0,0.36,9,0.36,0,18
1271,2,1,25.459835,0.4,10,0.4,0,18
1272,0,-1,-0.0,0.4,10,0.4,0,18
1273,0,-1,-0.0,0.4,10,0.4,0,18
1274,1,0,0.0,0.4,10,0.4,0,18
1275,0,-1,-0.0,0.4,10,0.4,0,18
1276,2,1,21.522146,0.44,11,0.44,0,18
1277,2,1,-7.391858,0.48,12,0.48,0,18
1278,2,1,-8.498307,0.52,13,0.52,0,18
1279,2,1,-9.92185,0.56,14,0.56,0,18
1280,2,1,-11.786916,0.6,15,0.6,0,18
1281,2,1,-14.2864895,0.64,16,0.64,0,18
1282,2,1,8.873111,0.68,17,0.68,0,18
1283,1,0,0.0,0.68,17,0.68,1,18
1284,0,-1,17.735939,0.64,16,0.64,0,18
1285,1,0,0.0,0.64,16,0.64,0,18
1286,0,-1,14.286522,0.6,15,0.6,0,18
1287,0,-1,-0.0,0.6,15,0.6,0,18
1288,1,0,0.0,0.6,15,0.6,0,18
1289,2,1,10.916566,0.64,16,0.64,0,18
1290,0,-1,-17.020931,0.6,15,0.6,0,18
1291,2,1,17.006325,0.64,16,0.64,0,18
1292,0,-1,-10.916566,0.6,15,0.6,0,18
1293,2,1,8.935975,0.64,16,0.64,0,18
1294,2,1,11.900565,0.68,17,0.68,0,18
1295,2,1,8.588223,0.72,18,0.72,0,18
1296,2,1,-0.46390277,0.76,19,0.76,0,18
1297,1,0,0.0,0.76,19,0.76,0,18
1298,0,-1,3.5414467,0.72,18,0.72,0,18
1299,2,1,-2.783794,0.76,19,0.76,0,18
1300,1,0,0.0,0.76,19,0.76,0,18
1301,1,0,0.0,0.76,19,0.76,0,18
1302,0,-1,16.959044,0.72,18,0.72,0,18
1303,2,1,-4.9940205,0.76,19,0.76,0,18
1304,1,0,0.0,0.76,19,0.76,0,18
1305,1,0,0.0,0.76,19,0.76,0,18
1306,1,0,0.0,0.76,19,0.76,0,18
1307,2,1,-13.518745,0.8,20,0.8,0,18
1308,1,0,0.0,0.8,20,0.8,0,18
1309,0,-1,16.882122,0.76,19,0.76,0,18
1310,0,-1,30.097868,0.72,18,0.72,0,18
1311,1,0,0.0,0.72,18,0.72,0,18
1312,2,1,-1.8005223,0.76,19,0.76,0,18
1313,1,0,0.0,0.76,19,0.76,0,18
1314,2,1,-14.254684,0.8,20,0.8,0,18
1315,0,-1,18.763506,0.76,19,0.76,0,18
1316,0,-1,2.078661,0.72,18,0.72,0,18
1317,2,1,-4.165404,0.76,19,0.76,0,18
1318,1,0,0.0,0.76,19,0.76,0,18
1319,0,-1,-0.0,0.76,19,0.76,0,18
1320,0,-1,2.3665838,0.72,18,0.72,0,18
1321,1,0,0.0,0.72,18,0.72,0,18
1322,1,0,0.0,0.72,18,0.72,0,18
1323,2,1,-2.3418586,0.76,19,0.76,0,18
1324,1,0,0.0,0.76,19,0.76,0,18
1325,2,1,-16.882122,0.8,20,0.8,0,18
1326,2,1,-34.298668,0.84,21,0.84,0,18
1327,1,0,0.0,0.84,21,0.84,0,18
1328,0,-1,34.298668,0.8,20,0.8,0,18
1329,1,0,0.0,0.8,20,0.8,0,18
1330,1,0,0.0,0.8,20,0.8,0,18
1331,0,-1,-0.0,0.8,20,0.8,0,18
1332,2,1,-38.688435,0.84,21,0.84,0,18
1333,2,1,-92.59708,0.88,22,0.88,0,18
1334,1,0,0.0,0.88,22,0.88,0,18
1335,1,0,0.0,0.88,22,0.88,0,18
1336,1,0,0.0,0.88,22,0.88,0,18
1337,1,0,0.0,0.88,22,0.88,0,18
1338,2,1,-183.03712,0.92,23,0.92,0,18
1339,2,1,-601.7204,0.96,24,0.96,0,18
1340,0,-1,596.79865,0.92,23,0.92,0,18
1341,0,-1,-0.0,0.92,23,0.92,0,18
1342,0,-1,184.21484,0.88,22,0.88,0,18
1343,2,1,-192.2588,0.92,23,0.92,0,18
1344,0,-1,-0.0,0.92,23,0.92,0,18
1345,0,-1,-0.0,0.92,23,0.92,0,18
1346,0,-1,196.75104,0.88,22,0.88,0,18
1347,2,1,-187.11967,0.92,23,0.92,0,18
1348,2,1,-605.8416,0.96,24,0.96,0,18
1349,1,0,0.0,0.96,24,0.96,0,18
1350,0,-1,-100.0,0.0,0,0.0,0,18
1351,0,-1,-0.0,0.16,4,0.16,0,19
1352,0,-1,-0.0,0.16,4,0.16,0,19
1353,1,0,0.0,0.16,4,0.16,0,19
1354,0,-1,-0.0,0.16,4,0.16,0,19
1355,0,-1,-0.0,0.16,4,0.16,0,19
1356,2,1,28.364332,0.2,5,0.2,0,19
1357,1,0,0.0,0.2,5,0.2,1,19
1358,2,1,26.922014,0.24,6,0.24,0,19
1359,2,1,24.176413,0.28,7,0.28,0,19
1360,1,0,0.0,0.28,7,0.28,0,19
1361,2,1,22.9455,0.32,8,0.32,0,19
1362,0,-1,-0.0,0.32,8,0.32,0,19
1363,0,-1,-0.0,0.32,8,0.32,0,19
1364,0,-1,-23.84486,0.28,7,0.28,0,19
1365,1,0,0.0,0.28,7,0.28,0,19
1366,1,0,0.0,0.28,7,0.28,0,19
1367,0,-1,-0.0,0.28,7,0.28,0,19
1368,2,1,24.058159,0.32,8,0.32,0,19
1369,0,-1,-0.0,0.32,8,0.32,0,19
1370,0,-1,-0.0,0.32,8,0.32,0,19
1371,1,0,0.0,0.32,8,0.32,0,19
1372,2,1,27.103376,0.36,9,0.36,0,19
1373,0,-1,-22.512987,0.32,8,0.32,0,19
1374,2,1,23.412346,0.36,9,0.36,0,19
1375,2,1,21.399527,0.4,10,0.4,0,19
1376,2,1,19.728952,0.44,11,0.44,0,19
1377,0,-1,-20.70834,0.4,10,0.4,0,19
1378,2,1,21.272655,0.44,11,0.44,0,19
1379,2,1,19.070356,0.48,12,0.48,0,19
1380,1,0,0.0,0.48,12,0.48,0,19
1381,0,-1,-19.070356,0.44,11,0.44,0,19
1382,2,1,21.106503,0.48,12,0.48,0,19
1383,2,1,18.80778,0.52,13,0.52,0,19
1384,0,-1,-20.194517,0.48,12,0.48,0,19
1385,1,0,0.0,0.48,12,0.48,0,19
1386,1,0,0.0,0.48,12,0.48,0,19
1387,2,1,16.204098,0.52,13,0.52,0,19
1388,2,1,14.062232,0.56,14,0.56,0,19
1389,0,-1,-0.0,0.56,14,0.56,0,19
1390,2,1,11.199455,0.6,15,0.6,0,19
1391,2,1,6.7709303,0.64,16,0.64,0,19
1392,0,-1,-0.0,0.64,16,0.64,0,19
1393,2,1,3.2199798,0.68,17,0.68,0,19
1394,2,1,-1.9447109,0.72,18,0.72,0,19
1395,0,-1,-0.0,0.72,18,0.72,0,19
1396,1,0,0.0,0.72,18,0.72,0,19
1397,2,1,-100.0,0.0,0,0.0,0,19
1398,2,1,28.364332,0.2,5,0.2,0,20
1399,2,1,28.208652,0.24,6,0.24,0,20
1400,0,-1,-28.22638,0.2,5,0.2,0,20
1401,2,1,23.97781,0.24,6,0.24,0,20
1402,1,0,0.0,0.24,6,0.24,0,20
1403,2,1,27.98924,0.28,7,0.28,0,20
1404,2,1,26.436209,0.32,8,0.32,0,20
1405,0,-1,-0.0,0.32,8,0.32,0,20
1406,2,1,24.369835,0.36,9,0.36,0,20
1407,0,-1,-24.369835,0.32,8,0.32,0,20
1408,2,1,26.008978,0.36,9,0.36,0,20
1409,0,-1,-0.0,0.36,9,0.36,0,20
1410,2,1,23.822836,0.4,10,0.4,0,20
1411,0,-1,-22.427462,0.36,9,0.36,0,20
1412,0,-1,-0.0,0.36,9,0.36,0,20
1413,0,-1,-0.0,0.36,9,0.36,0,20
1414,0,-1,-0.0,0.36,9,0.36,0,20
1415,2,1,-5.828954,0.4,10,0.4,0,20
1416,2,1,21.736273,0.44,11,0.44,0,20
1417,0,-1,-0.0,0.44,11,0.44,0,20
1418,2,1,22.258423,0.48,12,0.48,0,20
1419,0,-1,7.3912225,0.44,11,0.44,0,20
1420,0,-1,-21.736273,0.4,10,0.4,0,20
1421,0,-1,-0.0,0.4,10,0.4,0,20
1422,2,1,-6.5201416,0.44,11,0.44,0,20
1423,2,1,20.379887,0.48,12,0.48,0,20
1424,2,1,17.288023,0.52,13,0.52,0,20
1425,0,-1,-0.0,0.52,13,0.52,0,20
1426,0,-1,-0.0,0.52,13,0.52,0,20
1427,0,-1,8.49764,0.48,12,0.48,0,20
1428,2,1,15.160839,0.52,13,0.52,0,20
1429,2,1,17.848795,0.56,14,0.56,0,20
1430,2,1,9.76856,0.6,15,0.6,0,20
1431,2,1,13.970561,0.64,16,0.64,0,20
1432,1,0,0.0,0.64,16,0.64,0,20
1433,2,1,6.016668,0.68,17,0.68,0,20
1434,2,1,-1.0724764,0.72,18,0.72,0,20
1435,2,1,-100.0,0.0,0,0.0,0,20
1436,2,1,28.364332,0.2,5,0.2,0,21
1437,1,0,0.0,0.2,5,0.2,0,21
1438,1,0,0.0,0.2,5,0.2,0,21
1439,2,1,27.010183,0.24,6,0.24,0,21
1440,0,-1,-0.0,0.24,6,0.24,0,21
1441,0,-1,-0.0,0.24,6,0.24,0,21
1442,0,-1,-0.0,0.24,6,0.24,0,21
1443,1,0,0.0,0.24,6,0.24,0,21
1444,2,1,25.136045,0.28,7,0.28,0,21
1445,2,1,22.923813,0.32,8,0.32,0,21
1446,2,1,20.30944,0.36,9,0.36,0,21
1447,1,0,0.0,0.36,9,0.36,0,21
1448,2,1,26.658304,0.4,10,0.4,0,21
1449,2,1,-6.5201416,0.44,11,0.44,0,21
1450,0,-1,-0.0,0.44,11,0.44,0,21
1451,1,0,0.0,0.44,11,0.44,0,21
1452,2,1,-7.3913045,0.48,12,0.48,0,21
1453,2,1,20.002981,0.52,13,0.52,0,21
1454,2,1,13.53552,0.56,14,0.56,0,21
1455,1,0,0.0,0.56,14,0.56,0,21
1456,0,-1,-22.565916,0.52,13,0.52,0,21
1457,2,1,22.565916,0.56,14,0.56,0,21
1458,2,1,15.546957,0.6,15,0.6,0,21
1459,0,-1,-11.67062,0.56,14,0.56,0,21
1460,2,1,-11.786878,0.6,15,0.6,0,21
1461,2,1,-14.286361,0.64,16,0.64,0,21
1462,1,0,0.0,0.64,16,0.64,0,21
1463,2,1,10.307021,0.68,17,0.68,0,21
1464,1,0,0.0,0.68,17,0.68,0,21
1465,0,-1,-10.307021,0.64,16,0.64,0,21
1466,2,1,7.6353254,0.68,17,0.68,0,21
1467,0,-1,17.735773,0.64,16,0.64,0,21
1468,1,0,0.0,0.64,16,0.64,0,21
1469,1,0,0.0,0.64,16,0.64,0,21
1470,2,1,8.050396,0.68,17,0.68,0,21
1471,0,-1,-0.0,0.68,17,0.68,0,21
1472,2,1,2.4485834,0.72,18,0.72,0,21
1473,0,-1,-5.825463,0.68,17,0.68,0,21
1474,0,-1,17.7359,0.64,16,0.64,0,21
1475,0,-1,14.285936,0.6,15,0.6,0,21
1476,0,-1,11.7862425,0.56,14,0.56,0,21
1477,0,-1,-0.0,0.56,14,0.56,0,21
1478,2,1,11.67062,0.6,15,0.6,0,21
1479,1,0,0.0,0.6,15,0.6,0,21
1480,2,1,8.94582,0.64,16,0.64,0,21
1481,1,0,0.0,0.64,16,0.64,0,21
1482,2,1,5.9232125,0.68,17,0.68,0,21
1483,2,1,-1.1203544,0.72,18,0.72,0,21
1484,2,1,-8.746739,0.76,19,0.76,0,21
1485,2,1,-100.0,0.0,0,0.0,0,21
1486,2,1,-4.1407347,0.2,5,0.2,0,22
1487,2,1,28.208652,0.24,6,0.24,0,22
1488,2,1,27.98924,0.28,7,0.28,0,22
1489,0,-1,4.515826,0.24,6,0.24,0,22
1490,1,0,0.0,0.24,6,0.24,0,22
1491,2,1,-4.515744,0.28,7,0.28,0,22
1492,2,1,26.441492,0.32,8,0.32,0,22
1493,2,1,26.003696,0.36,9,0.36,0,22
1494,2,1,23.820692,0.4,10,0.4,0,22
1495,2,1,21.522146,0.44,11,0.44,0,22
1496,2,1,-7.3913045,0.48,12,0.48,0,22
1497,0,-1,7.3912225,0.44,11,0.44,0,22
1498,2,1,22.260569,0.48,12,0.48,0,22
1499,0,-1,7.3913045,0.44,11,0.44,0,22
1500,2,1,21.109398,0.48,12,0.48,0,22
1501,2,1,18.83556,0.52,13,0.52,0,22
1502,2,1,15.449248,0.56,14,0.56,0,22
1503,0,-1,-18.579277,0.52,13,0.52,0,22
1504,1,0,0.0,0.52,13,0.52,0,22
1505,2,1,15.202398,0.56,14,0.56,0,22
1506,2,1,11.190125,0.6,15,0.6,0,22
1507,0,-1,-0.0,0.6,15,0.6,0,22
1508,1,0,0.0,0.6,15,0.6,0,22
1509,2,1,6.5763326,0.64,16,0.64,0,22
1510,2,1,-100.0,0.0,0,0.0,0,22
1511,0,-1,-0.0,0.16,4,0.16,0,23
1512,2,1,28.346605,0.2,5,0.2,0,23
1513,2,1,27.0049,0.24,6,0.24,0,23
1514,2,1,27.98924,0.28,7,0.28,0,23
1515,0,-1,-0.0,0.28,7,0.28,0,23
1516,2,1,26.441492,0.32,8,0.32,0,23
1517,2,1,22.762478,0.36,9,0.36,0,23
1518,0,-1,-22.762478,0.32,8,0.32,0,23
1519,0,-1,-0.0,0.32,8,0.32,0,23
1520,2,1,23.216873,0.36,9,0.36,0,23
1521,0,-1,-0.0,0.36,9,0.36,0,23
1522,0,-1,-0.0,0.36,9,0.36,0,23
1523,2,1,23.820692,0.4,10,0.4,0,23
1524,0,-1,-0.0,0.4,10,0.4,0,23
1525,1,0,0.0,0.4,10,0.4,0,23
1526,2,1,21.249996,0.44,11,0.44,0,23
1527,2,1,18.393976,0.48,12,0.48,0,23
1528,2,1,15.254068,0.52,13,0.52,0,23
1529,1,0,0.0,0.52,13,0.52,0,23
1530,2,1,18.120945,0.56,14,0.56,0,23
1531,2,1,11.872,0.6,15,0.6,0,23
1532,0,-1,-16.710442,0.56,14,0.56,0,23
1533,2,1,14.822135,0.6,15,0.6,0,23
1534,2,1,7.31671,0.64,16,0.64,0,23
1535,2,1,3.9596586,0.68,17,0.68,0,23
1536,2,1,5.825463,0.72,18,0.72,0,23
1537,2,1,-4.508496,0.76,19,0.76,0,23
1538,2,1,-20.430653,0.8,20,0.8,0,23
1539,2,1,-62.80351,0.84,21,0.84,0,23
1540,2,1,-100.0,0.0,0,0.0,0,23
1541,2,1,28.364332,0.2,5,0.2,0,24
1542,2,1,-4.278605,0.24,6,0.24,0,24
1543,2,1,-4.515826,0.28,7,0.28,0,24
1544,2,1,-4.8479323,0.32,8,0.32,0,24
1545,0,-1,4.8479323,0.28,7,0.28,0,24
1546,2,1,26.441492,0.32,8,0.32,0,24
1547,1,0,0.0,0.32,8,0.32,0,24
1548,2,1,24.37198,0.36,9,0.36,0,24
1549,0,-1,5.27981,0.32,8,0.32,0,24
1550,1,0,0.0,0.32,8,0.32,0,24
1551,2,1,23.22081,0.36,9,0.36,0,24
1552,0,-1,5.279892,0.32,8,0.32,0,24
1553,2,1,27.207449,0.36,9,0.36,0,24
1554,1,0,0.0,0.36,9,0.36,0,24
1555,2,1,20.934933,0.4,10,0.4,0,24
1556,0,-1,-23.822836,0.36,9,0.36,0,24
1557,1,0,0.0,0.36,9,0.36,0,24
1558,1,0,0.0,0.36,9,0.36,0,24
1559,0,-1,-0.0,0.36,9,0.36,0,24
1560,1,0,0.0,0.36,9,0.36,0,24
1561,0,-1,-0.0,0.36,9,0.36,0,24
1562,2,1,-5.828954,0.4,10,0.4,0,24
1563,1,0,0.0,0.4,10,0.4,0,24
1564,2,1,21.736273,0.44,11,0.44,0,24
1565,2,1,-7.3917294,0.48,12,0.48,0,24
1566,0,-1,-19.372663,0.44,11,0.44,0,24
1567,1,0,0.0,0.44,11,0.44,0,24
1568,2,1,-7.3918905,0.48,12,0.48,0,24
1569,0,-1,-0.0,0.48,12,0.48,0,24
1570,2,1,17.438036,0.52,13,0.52,0,24
1571,2,1,-9.921425,0.56,14,0.56,0,24
1572,2,1,14.977644,0.6,15,0.6,0,24
1573,2,1,-14.286362,0.64,16,0.64,0,24
1574,0,-1,14.286362,0.6,15,0.6,0,24
1575,0,-1,-14.977644,0.56,14,0.56,0,24
1576,0,-1,9.921425,0.52,13,0.52,0,24
1577,0,-1,8.498307,0.48,12,0.48,0,24
1578,1,0,0.0,0.48,12,0.48,0,24
1579,1,0,0.0,0.48,12,0.48,0,24
1580,2,1,21.154152,0.52,13,0.52,0,24
1581,2,1,17.411856,0.56,14,0.56,0,24
1582,1,0,0.0,0.56,14,0.56,0,24
1583,2,1,15.984867,0.6,15,0.6,0,24
1584,2,1,11.084738,0.64,16,0.64,0,24
1585,2,1,5.6123,0.68,17,0.68,0,24
1586,2,1,5.36713,0.72,18,0.72,0,24
1587,1,0,0.0,0.72,18,0.72,1,24
1588,1,0,0.0,0.72,18,0.72,0,24
1589,0,-1,-5.36332,0.68,17,0.68,0,24
1590,0,-1,-0.0,0.68,17,0.68,1,24
1591,2,1,2.4551609,0.72,18,0.72,0,24
1592,2,1,-8.817477,0.76,19,0.76,0,24
1593,2,1,-100.0,0.0,0,0.0,0,24
1594,1,0,0.0,0.16,4,0.16,0,25
1595,2,1,-4.1407347,0.2,5,0.2,0,25
1596,1,0,0.0,0.2,5,0.2,0,25
1597,1,0,0.0,0.2,5,0.2,0,25
1598,0,-1,4.1407347,0.16,4,0.16,0,25
1599,1,0,0.0,0.16,4,0.16,0,25
1600,2,1,28.364332,0.2,5,0.2,0,25
1601,2,1,-4.278605,0.24,6,0.24,0,25
1602,2,1,26.773045,0.28,7,0.28,0,25
1603,1,0,0.0,0.28,7,0.28,1,25
1604,1,0,0.0,0.28,7,0.28,0,25
1605,1,0,0.0,0.28,7,0.28,0,25
1606,1,0,0.0,0.28,7,0.28,0,25
1607,2,1,24.817759,0.32,8,0.32,0,25
1608,0,-1,-21.587927,0.28,7,0.28,0,25
1609,2,1,22.718094,0.32,8,0.32,0,25
1610,2,1,12.345116,0.36,9,0.36,0,25
1611,1,0,0.0,0.36,9,0.36,0,25
1612,1,0,0.0,0.36,9,0.36,0,25
1613,1,0,0.0,0.36,9,0.36,0,25
1614,0,-1,-0.0,0.36,9,0.36,0,25
1615,2,1,10.419936,0.4,10,0.4,0,25
1616,1,0,0.0,0.4,10,0.4,0,25
1617,2,1,9.0075035,0.44,11,0.44,0,25
1618,0,-1,-9.728749,0.4,10,0.4,0,25
1619,1,0,0.0,0.4,10,0.4,0,25
1620,2,1,18.712603,0.44,11,0.44,0,25
1621,0,-1,-0.0,0.44,11,0.44,0,25
1622,2,1,6.7062216,0.48,12,0.48,0,25
1623,1,0,0.0,0.48,12,0.48,0,25
1624,0,-1,-6.7062216,0.44,11,0.44,0,25
1625,2,1,25.044945,0.48,12,0.48,0,25
1626,2,1,17.373045,0.52,13,0.52,0,25
1627,2,1,13.214278,0.56,14,0.56,0,25
1628,2,1,11.159762,0.6,15,0.6,0,25
1629,2,1,11.1511135,0.64,16,0.64,0,25
1630,1,0,0.0,0.64,16,0.64,0,25
1631,2,1,9.51673,0.68,17,0.68,0,25
1632,2,1,8.554069,0.72,18,0.72,0,25
1633,1,0,0.0,0.72,18,0.72,0,25
1634,2,1,-0.49180305,0.76,19,0.76,0,25
1635,1,0,0.0,0.76,19,0.76,0,25
1636,0,-1,14.56959,0.72,18,0.72,0,25
1637,2,1,-7.23698,0.76,19,0.76,0,25
1638,2,1,-20.656443,0.8,20,0.8,0,25
1639,0,-1,-0.0,0.8,20,0.8,0,25
1640,1,0,0.0,0.8,20,0.8,0,25
1641,0,-1,-0.0,0.8,20,0.8,0,25
1642,1,0,0.0,0.8,20,0.8,0,25
1643,0,-1,14.733338,0.76,19,0.76,0,25
1644,2,1,-22.554022,0.8,20,0.8,0,25
1645,1,0,0.0,0.8,20,0.8,0,25
1646,0,-1,-0.0,0.8,20,0.8,0,25
1647,1,0,0.0,0.8,20,0.8,0,25
1648,1,0,0.0,0.8,20,0.8,0,25
1649,2,1,-39.149513,0.84,21,0.84,0,25
1650,0,-1,33.19808,0.8,20,0.8,0,25
1651,1,0,0.0,0.8,20,0.8,0,25
1652,1,0,0.0,0.8,20,0.8,0,25
1653,2,1,-41.325,0.84,21,0.84,0,25
1654,0,-1,-100.0,0.0,0,0.0,0,25
1655,2,1,28.364332,0.2,5,0.2,0,26
1656,1,0,0.0,0.2,5,0.2,0,26
1657,2,1,23.763681,0.24,6,0.24,0,26
1658,1,0,0.0,0.24,6,0.24,0,26
1659,2,1,21.623924,0.28,7,0.28,0,26
1660,0,-1,-21.623924,0.24,6,0.24,0,26
1661,2,1,26.773045,0.28,7,0.28,0,26
1662,1,0,0.0,0.28,7,0.28,0,26
1663,1,0,0.0,0.28,7,0.28,0,26
1664,2,1,-4.847379,0.32,8,0.32,0,26
1665,2,1,-5.27981,0.36,9,0.36,0,26
1666,0,-1,-26.008978,0.32,8,0.32,0,26
1667,1,0,0.0,0.32,8,0.32,0,26
1668,2,1,26.008978,0.36,9,0.36,0,26
1669,2,1,23.822836,0.4,10,0.4,0,26
1670,2,1,20.813057,0.44,11,0.44,0,26
1671,0,-1,6.5202236,0.4,10,0.4,0,26
1672,0,-1,-22.213333,0.36,9,0.36,0,26
1673,0,-1,-0.0,0.36,9,0.36,0,26
1674,2,1,21.942156,0.4,10,0.4,0,26
1675,1,0,0.0,0.4,10,0.4,0,26
1676,0,-1,-0.0,0.4,10,0.4,0,26
1677,1,0,0.0,0.4,10,0.4,0,26
1678,0,-1,5.828954,0.36,9,0.36,0,26
1679,2,1,19.956709,0.4,10,0.4,0,26
1680,2,1,18.85045,0.44,11,0.44,0,26
1681,2,1,15.840451,0.48,12,0.48,0,26
1682,2,1,12.684026,0.52,13,0.52,0,26
1683,1,0,0.0,0.52,13,0.52,0,26
1684,2,1,-100.0,0.0,0,0.0,0,26
1685,2,1,-4.1406527,0.2,5,0.2,0,27
1686,0,-1,4.1406527,0.16,4,0.16,0,27
1687,1,0,0.0,0.16,4,0.16,0,27
1688,0,-1,-0.0,0.16,4,0.16,0,27
1689,1,0,0.0,0.16,4,0.16,0,27
1690,0,-1,-0.0,0.16,4,0.16,0,27
1691,2,1,28.346605,0.2,5,0.2,0,27
1692,2,1,27.0049,0.24,6,0.24,0,27
1693,2,1,27.98924,0.28,7,0.28,0,27
1694,2,1,23.649387,0.32,8,0.32,0,27
1695,2,1,-5.27981,0.36,9,0.36,0,27
1696,1,0,0.0,0.36,9,0.36,0,27
1697,0,-1,-23.216873,0.32,8,0.32,0,27
1698,0,-1,-26.436209,0.28,7,0.28,0,27
1699,2,1,26.441492,0.32,8,0.32,0,27
1700,2,1,26.003696,0.36,9,0.36,0,27
1701,2,1,-5.829461,0.4,10,0.4,0,27
1702,0,-1,-0.0,0.4,10,0.4,0,27
1703,0,-1,-0.0,0.4,10,0.4,0,27
1704,2,1,21.976542,0.44,11,0.44,0,27
1705,2,1,21.109398,0.48,12,0.48,0,27
1706,2,1,-8.498275,0.52,13,0.52,0,27
1707,1,0,0.0,0.52,13,0.52,0,27
1708,2,1,19.730448,0.56,14,0.56,0,27
1709,0,-1,-0.0,0.56,14,0.56,0,27
1710,2,1,17.863403,0.6,15,0.6,0,27
1711,2,1,13.046126,0.64,16,0.64,0,27
1712,1,0,0.0,0.64,16,0.64,0,27
1713,2,1,-17.735909,0.68,17,0.68,0,27
1714,1,0,0.0,0.68,17,0.68,0,27
1715,2,1,5.0949807,0.72,18,0.72,0,27
1716,0,-1,-5.8215265,0.68,17,0.68,0,27
1717,2,1,2.4479303,0.72,18,0.72,0,27
1718,2,1,-2.326125,0.76,19,0.76,0,27
1719,2,1,-13.72892,0.8,20,0.8,0,27
1720,2,1,-37.43349,0.84,21,0.84,0,27
1721,0,-1,-0.0,0.84,21,0.84,0,27
1722,2,1,-104.45699,0.88,22,0.88,0,27
1723,0,-1,104.45696,0.84,21,0.84,0,27
1724,2,1,-77.12312,0.88,22,0.88,0,27
1725,0,-1,104.45683,0.84,21,0.84,0,27
1726,0,-1,62.804176,0.8,20,0.8,0,27
1727,0,-1,13.4847145,0.76,19,0.76,0,27
1728,2,1,-13.488651,0.8,20,0.8,0,27
1729,2,1,-37.01831,0.84,21,0.84,0,27
1730,0,-1,62.804153,0.8,20,0.8,0,27
1731,1,0,0.0,0.8,20,0.8,0,27
1732,2,1,-37.43292,0.84,21,0.84,0,27
1733,0,-1,-0.0,0.84,21,0.84,0,27
1734,2,1,-78.67066,0.88,22,0.88,0,27
1735,1,0,0.0,0.88,22,0.88,0,27
1736,2,1,-184.95181,0.92,23,0.92,0,27
1737,2,1,-601.91797,0.96,24,0.96,0,27
1738,0,-1,597.00885,0.92,23,0.92,0,27
1739,2,1,-597.22296,0.96,24,0.96,0,27
1740,2,1,25.589924,1.0,25,1.0,0,27
1741,1,0,-1000.0,0.0,0,0.0,0,27
1742,2,1,28.346605,0.2,5,0.2,0,28
1743,2,1,27.0049,0.24,6,0.24,0,28
1744,0,-1,-0.0,0.24,6,0.24,0,28
1745,2,1,25.133902,0.28,7,0.28,1,28
1746,1,0,0.0,0.28,7,0.28,0,28
1747,2,1,22.45991,0.32,8,0.32,0,28
1748,2,1,20.066896,0.36,9,0.36,0,28
1749,2,1,17.378386,0.4,10,0.4,0,28
1750,2,1,14.577199,0.44,11,0.44,0,28
1751,2,1,15.933414,0.48,12,0.48,0,28
1752,1,0,0.0,0.48,12,0.48,0,28
1753,2,1,24.016075,0.52,13,0.52,0,28
1754,1,0,0.0,0.52,13,0.52,0,28
1755,2,1,21.38286,0.56,14,0.56,0,28
1756,2,1,-100.0,0.0,0,0.0,0,28
1757,2,1,-4.1407347,0.2,5,0.2,0,29
1758,2,1,28.208652,0.24,6,0.24,0,29
1759,1,0,0.0,0.24,6,0.24,0,29
1760,0,-1,4.278687,0.2,5,0.2,0,29
1761,2,1,28.22638,0.24,6,0.24,0,29
1762,1,0,0.0,0.24,6,0.24,0,29
1763,1,0,0.0,0.24,6,0.24,0,29
1764,1,0,0.0,0.24,6,0.24,0,29
1765,0,-1,-0.0,0.24,6,0.24,0,29
1766,0,-1,-0.0,0.24,6,0.24,0,29
1767,1,0,0.0,0.24,6,0.24,0,29
1768,1,0,0.0,0.24,6,0.24,0,29
1769,2,1,23.740671,0.28,7,0.28,0,29
1770,1,0,0.0,0.28,7,0.28,0,29
1771,0,-1,-0.0,0.28,7,0.28,0,29
1772,2,1,26.441492,0.32,8,0.32,0,29
1773,0,-1,-0.0,0.32,8,0.32,0,29
1774,1,0,0.0,0.32,8,0.32,0,29
1775,2,1,26.003696,0.36,9,0.36,0,29
1776,2,1,23.822836,0.4,10,0.4,0,29
1777,0,-1,-0.0,0.4,10,0.4,0,29
1778,0,-1,-22.427462,0.36,9,0.36,0,29
1779,1,0,0.0,0.36,9,0.36,0,29
1780,2,1,23.820692,0.4,10,0.4,0,29
1781,2,1,21.250967,0.44,11,0.44,0,29
1782,2,1,20.378916,0.48,12,0.48,0,29
1783,0,-1,-0.0,0.48,12,0.48,0,29
1784,0,-1,-0.0,0.48,12,0.48,0,29
1785,2,1,19.544647,0.52,13,0.52,0,29
1786,2,1,15.86432,0.56,14,0.56,0,29
1787,1,0,0.0,0.56,14,0.56,0,29
1788,0,-1,-18.120945,0.52,13,0.52,0,29
1789,2,1,15.667908,0.56,14,0.56,0,29
1790,0,-1,-15.667908,0.52,13,0.52,0,29
1791,0,-1,-0.0,0.52,13,0.52,0,29
1792,2,1,13.830591,0.56,14,0.56,0,29
1793,2,1,9.863165,0.6,15,0.6,0,29
1794,2,1,9.372625,0.64,16,0.64,0,29
1795,0,-1,-0.0,0.64,16,0.64,0,29
1796,2,1,7.8539844,0.68,17,0.68,0,29
1797,0,-1,-0.0,0.68,17,0.68,0,29
1798,1,0,0.0,0.68,17,0.68,0,29
1799,1,0,0.0,0.68,17,0.68,0,29
1800,2,1,-100.0,0.0,0,0.0,0,29
1801,2,1,-4.1407347,0.2,5,0.2,0,30
1802,2,1,28.22638,0.24,6,0.24,0,30
1803,0,-1,4.278687,0.2,5,0.2,0,30
1804,2,1,28.208652,0.24,6,0.24,0,30
1805,1,0,0.0,0.24,6,0.24,0,30
1806,2,1,26.773045,0.28,7,0.28,0,30
1807,2,1,26.436209,0.32,8,0.32,0,30
1808,1,0,0.0,0.32,8,0.32,0,30
1809,2,1,23.216873,0.36,9,0.36,0,30
1810,2,1,23.820692,0.4,10,0.4,0,30
1811,0,-1,-22.66773,0.36,9,0.36,0,30
1812,1,0,0.0,0.36,9,0.36,0,30
1813,2,1,21.941185,0.4,10,0.4,0,30
1814,2,1,19.068598,0.44,11,0.44,0,30
1815,2,1,22.260569,0.48,12,0.48,0,30
1816,2,1,19.999044,0.52,13,0.52,0,30
1817,2,1,-9.921425,0.56,14,0.56,0,30
1818,0,-1,-0.0,0.56,14,0.56,0,30
1819,1,0,0.0,0.56,14,0.56,0,30
1820,2,1,15.984867,0.6,15,0.6,0,30
1821,0,-1,-16.710442,0.56,14,0.56,0,30
1822,0,-1,-0.0,0.56,14,0.56,0,30
1823,2,1,15.545738,0.6,15,0.6,0,30
1824,2,1,-14.286362,0.64,16,0.64,0,30
1825,0,-1,-0.0,0.64,16,0.64,0,30
1826,2,1,5.7213326,0.68,17,0.68,0,30
1827,0,-1,17.735773,0.64,16,0.64,0,30
1828,0,-1,-0.0,0.64,16,0.64,0,30
1829,1,0,0.0,0.64,16,0.64,0,30
1830,1,0,0.0,0.64,16,0.64,0,30
1831,2,1,8.050396,0.68,17,0.68,0,30
1832,2,1,-1.2716547,0.72,18,0.72,0,30
1833,1,0,0.0,0.72,18,0.72,0,30
1834,0,-1,-0.0,0.72,18,0.72,0,30
1835,2,1,-4.3120346,0.76,19,0.76,0,30
1836,2,1,-16.615316,0.8,20,0.8,0,30
1837,1,0,0.0,0.8,20,0.8,0,30
1838,2,1,-37.680424,0.84,21,0.84,0,30
1839,2,1,-80.797844,0.88,22,0.88,0,30
1840,1,0,0.0,0.88,22,0.88,0,30
1841,1,0,0.0,0.88,22,0.88,0,30
1842,2,1,-100.0,0.0,0,0.0,0,30
1843,2,1,28.364332,0.2,5,0.2,0,31
1844,2,1,27.010183,0.24,6,0.24,0,31
1845,1,0,0.0,0.24,6,0.24,0,31
1846,1,0,0.0,0.24,6,0.24,0,31
1847,2,1,27.971514,0.28,7,0.28,0,31
1848,0,-1,-0.0,0.28,7,0.28,0,31
1849,0,-1,-0.0,0.28,7,0.28,0,31
1850,2,1,26.436209,0.32,8,0.32,0,31
1851,2,1,24.369835,0.36,9,0.36,0,31
1852,2,1,21.941185,0.4,10,0.4,0,31
1853,1,0,0.0,0.4,10,0.4,0,31
1854,2,1,21.976542,0.44,11,0.44,0,31
1855,0,-1,-0.0,0.44,11,0.44,0,31
1856,0,-1,-24.768646,0.4,10,0.4,0,31
1857,0,-1,-0.0,0.4,10,0.4,0,31
1858,0,-1,-0.0,0.4,10,0.4,0,31
1859,0,-1,-0.0,0.4,10,0.4,0,31
1860,1,0,0.0,0.4,10,0.4,0,31
1861,2,1,19.265059,0.44,11,0.44,0,31
1862,2,1,18.197515,0.48,12,0.48,0,31
1863,2,1,18.834341,0.52,13,0.52,0,31
1864,2,1,15.448675,0.56,14,0.56,0,31
1865,0,-1,-0.0,0.56,14,0.56,0,31
1866,2,1,11.872,0.6,15,0.6,0,31
1867,1,0,0.0,0.6,15,0.6,0,31
1868,2,1,9.274192,0.64,16,0.64,0,31
1869,2,1,3.7199538,0.68,17,0.68,0,31
1870,0,-1,-10.761417,0.64,16,0.64,0,31
1871,0,-1,-0.0,0.64,16,0.64,0,31
1872,2,1,7.3878217,0.68,17,0.68,1,31
1873,1,0,0.0,0.68,17,0.68,0,31
1874,2,1,1.0754095,0.72,18,0.72,0,31
1875,2,1,-8.495853,0.76,19,0.76,0,31
1876,2,1,-20.291538,0.8,20,0.8,0,31
1877,2,1,-39.34824,0.84,21,0.84,0,31
1878,2,1,-82.80819,0.88,22,0.88,0,31
1879,2,1,-185.3804,0.92,23,0.92,0,31
1880,2,1,-602.29095,0.96,24,0.96,0,31
1881,2,1,20.929358,1.0,25,1.0,0,31
1882,2,1,-1000.0,0.0,0,0.0,0,31
1883,2,1,-4.1407347,0.2,5,0.2,0,32
1884,1,0,0.0,0.2,5,0.2,0,32
1885,0,-1,4.1407347,0.16,4,0.16,0,32
1886,2,1,28.346605,0.2,5,0.2,0,32
1887,2,1,-4.278605,0.24,6,0.24,0,32
1888,2,1,-4.515826,0.28,7,0.28,0,32
1889,2,1,26.436209,0.32,8,0.32,0,32
1890,0,-1,-0.0,0.32,8,0.32,0,32
1891,2,1,24.369835,0.36,9,0.36,0,32
1892,0,-1,5.279892,0.32,8,0.32,0,32
1893,1,0,0.0,0.32,8,0.32,0,32
1894,0,-1,-0.0,0.32,8,0.32,0,32
1895,2,1,-5.280317,0.36,9,0.36,0,32
1896,2,1,26.67603,0.4,10,0.4,0,32
1897,1,0,0.0,0.4,10,0.4,0,32
1898,0,-1,-0.0,0.4,10,0.4,0,32
1899,1,0,0.0,0.4,10,0.4,0,32
1900,1,0,0.0,0.4,10,0.4,0,32
1901,0,-1,-26.67603,0.36,9,0.36,0,32
1902,2,1,21.941185,0.4,10,0.4,0,32
1903,1,0,0.0,0.4,10,0.4,0,32
1904,0,-1,-0.0,0.4,10,0.4,0,32
1905,0,-1,5.829461,0.36,9,0.36,0,32
1906,2,1,22.66773,0.4,10,0.4,0,32
1907,1,0,0.0,0.4,10,0.4,0,32
1908,2,1,-6.5206485,0.44,11,0.44,0,32
1909,1,0,0.0,0.44,11,0.44,0,32
1910,2,1,19.371016,0.48,12,0.48,0,32
1911,0,-1,-0.0,0.48,12,0.48,0,32
1912,0,-1,7.3917294,0.44,11,0.44,0,32
1913,2,1,-7.391865,0.48,12,0.48,0,32
1914,2,1,24.007345,0.52,13,0.52,0,32
1915,2,1,16.011715,0.56,14,0.56,0,32
1916,1,0,0.0,0.56,14,0.56,0,32
1917,0,-1,-16.840895,0.52,13,0.52,0,32
1918,1,0,0.0,0.52,13,0.52,0,32
1919,0,-1,-17.43542,0.48,12,0.48,0,32
1920,2,1,19.758776,0.52,13,0.52,0,32
1921,0,-1,-0.0,0.52,13,0.52,0,32
1922,1,0,0.0,0.52,13,0.52,0,32
1923,2,1,16.63929,0.56,14,0.56,0,32
1924,1,0,0.0,0.56,14,0.56,0,32
1925,0,-1,-16.63929,0.52,13,0.52,0,32
1926,0,-1,8.4982815,0.48,12,0.48,0,32
1927,1,0,0.0,0.48,12,0.48,0,32
1928,2,1,-8.4982815,0.52,13,0.52,0,32
1929,2,1,15.667396,0.56,14,0.56,0,32
1930,2,1,13.998958,0.6,15,0.6,0,32
1931,2,1,13.046126,0.64,16,0.64,0,32
1932,2,1,9.026972,0.68,17,0.68,0,32
1933,1,0,0.0,0.68,17,0.68,0,32
1934,1,0,0.0,0.68,17,0.68,0,32
1935,2,1,1.8288426,0.72,18,0.72,0,32
1936,0,-1,-1.8288426,0.68,17,0.68,0,32
1937,0,-1,-0.0,0.68,17,0.68,0,32
1938,1,0,0.0,0.68,17,0.68,0,32
1939,0,-1,17.735909,0.64,16,0.64,0,32
1940,0,-1,-0.0,0.64,16,0.64,0,32
1941,2,1,5.7213326,0.68,17,0.68,0,32
1942,2,1,2.6948602,0.72,18,0.72,0,32
1943,2,1,1.1915543,0.76,19,0.76,0,32
1944,1,0,0.0,0.76,19,0.76,0,32
1945,2,1,-20.634974,0.8,20,0.8,0,32
1946,2,1,-100.0,0.0,0,0.0,0,32
1947,2,1,28.346605,0.2,5,0.2,0,33
1948,0,-1,-0.0,0.2,5,0.2,0,33
1949,2,1,-4.278687,0.24,6,0.24,0,33
1950,1,0,0.0,0.24,6,0.24,0,33
1951,0,-1,-0.0,0.24,6,0.24,0,33
1952,2,1,-4.516252,0.28,7,0.28,0,33
1953,2,1,27.657686,0.32,8,0.32,0,33
1954,0,-1,-0.0,0.32,8,0.32,0,33
1955,2,1,-5.2804456,0.36,9,0.36,0,33
1956,1,0,0.0,0.36,9,0.36,0,33
1957,2,1,-5.82959,0.4,10,0.4,0,33
1958,0,-1,-26.67603,0.36,9,0.36,0,33
1959,1,0,0.0,0.36,9,0.36,0,33
1960,2,1,-5.829622,0.4,10,0.4,0,33
1961,0,-1,-26.658304,0.36,9,0.36,0,33
1962,1,0,0.0,0.36,9,0.36,0,33
1963,2,1,-5.8296275,0.4,10,0.4,0,33
1964,0,-1,5.82959,0.36,9,0.36,0,33
1965,1,0,0.0,0.36,9,0.36,0,33
1966,2,1,-5.828954,0.4,10,0.4,0,33
1967,1,0,0.0,0.4,10,0.4,0,33
1968,1,0,0.0,0.4,10,0.4,0,33
1969,0,-1,5.8296275,0.36,9,0.36,0,33
1970,2,1,-5.8296223,0.4,10,0.4,0,33
1971,2,1,-6.5206485,0.44,11,0.44,0,33
1972,2,1,25.113762,0.48,12,0.48,0,33
1973,1,0,0.0,0.48,12,0.48,0,33
1974,2,1,-8.498312,0.52,13,0.52,0,33
1975,1,0,0.0,0.52,13,0.52,0,33
1976,0,-1,-0.0,0.52,13,0.52,0,33
1977,0,-1,8.498307,0.48,12,0.48,0,33
1978,0,-1,-0.0,0.48,12,0.48,0,33
1979,0,-1,-0.0,0.48,12,0.48,0,33
1980,2,1,23.989618,0.52,13,0.52,0,33
1981,2,1,21.362164,0.56,14,0.56,0,33
1982,2,1,-11.786879,0.6,15,0.6,0,33
1983,1,0,0.0,0.6,15,0.6,0,33
1984,1,0,0.0,0.6,15,0.6,0,33
1985,0,-1,-19.497263,0.56,14,0.56,0,33
1986,0,-1,9.922016,0.52,13,0.52,0,33
1987,0,-1,8.498307,0.48,12,0.48,0,33
1988,2,1,-8.498309,0.52,13,0.52,0,33
1989,2,1,-9.921979,0.56,14,0.56,0,33
1990,1,0,0.0,0.56,14,0.56,0,33
1991,2,1,19.497263,0.6,15,0.6,0,33
1992,0,-1,11.786878,0.56,14,0.56,0,33
1993,0,-1,9.921979,0.52,13,0.52,0,33
1994,2,1,18.335072,0.56,14,0.56,0,33
1995,0,-1,-21.362164,0.52,13,0.52,0,33
1996,2,1,-9.92201,0.56,14,0.56,0,33
1997,2,1,-11.786878,0.6,15,0.6,0,33
1998,0,-1,11.786749,0.56,14,0.56,0,33
1999,2,1,19.497263,0.6,15,0.6,0,33
2000,0,-1,11.786912,0.56,14,0.56,0,33
2001,1,0,0.0,0.56,14,0.56,0,33
2002,0,-1,9.921979,0.52,13,0.52,0,33
2003,1,0,0.0,0.52,13,0.52,0,33
2004,2,1,21.367445,0.56,14,0.56,0,33
2005,2,1,17.86555,0.6,15,0.6,0,33
2006,0,-1,-19.497263,0.56,14,0.56,0,33
2007,2,1,19.497263,0.6,15,0.6,0,33
2008,0,-1,11.786878,0.56,14,0.56,0,33
2009,1,0,0.0,0.56,14,0.56,0,33
2010,1,0,0.0,0.56,14,0.56,0,33
2011,0,-1,9.921343,0.52,13,0.52,0,33
2012,2,1,-9.922015,0.56,14,0.56,0,33
2013,2,1,17.863403,0.6,15,0.6,0,33
2014,0,-1,-16.470173,0.56,14,0.56,0,33
2015,1,0,0.0,0.56,14,0.56,0,33
2016,0,-1,-0.0,0.56,14,0.56,0,33
2017,0,-1,-0.0,0.56,14,0.56,0,33
2018,0,-1,-0.0,0.56,14,0.56,0,33
2019,1,0,0.0,0.56,14,0.56,0,33
2020,2,1,16.470173,0.6,15,0.6,0,33
2021,0,-1,-0.0,0.6,15,0.6,0,33
2022,0,-1,-16.470173,0.56,14,0.56,0,33
2023,1,0,0.0,0.56,14,0.56,0,33
2024,2,1,-11.786916,0.6,15,0.6,0,33
2025,2,1,14.2147665,0.64,16,0.64,0,33
2026,0,-1,14.286526,0.6,15,0.6,0,33
2027,1,0,0.0,0.6,15,0.6,0,33
2028,1,0,0.0,0.6,15,0.6,0,33
2029,2,1,-14.286528,0.64,16,0.64,0,33
2030,0,-1,-0.0,0.64,16,0.64,0,33
2031,2,1,10.035843,0.68,17,0.68,0,33
2032,1,0,0.0,0.68,17,0.68,1,33
2033,2,1,2.8844185,0.72,18,0.72,0,33
2034,2,1,-3.9696472,0.76,19,0.76,0,33
2035,2,1,-17.634764,0.8,20,0.8,0,33
2036,1,0,0.0,0.8,20,0.8,0,33
2037,2,1,-41.344883,0.84,21,0.84,0,33
2038,1,0,0.0,0.84,21,0.84,0,33
2039,2,1,-76.17776,0.88,22,0.88,0,33
2040,2,1,-180.84752,0.92,23,0.92,0,33
2041,0,-1,-0.0,0.92,23,0.92,0,33
2042,2,1,-597.9425,0.96,24,0.96,0,33
2043,2,1,27.342731,1.0,25,1.0,0,33
2044,1,0,-1000.0,0.0,0,0.0,0,33
2045,2,1,28.364332,0.2,5,0.2,0,34
2046,0,-1,-0.0,0.2,5,0.2,0,34
2047,2,1,27.010183,0.24,6,0.24,0,34
2048,2,1,25.136045,0.28,7,0.28,0,34
2049,2,1,-4.847297,0.32,8,0.32,0,34
2050,0,-1,4.847297,0.28,7,0.28,0,34
2051,1,0,0.0,0.28,7,0.28,0,34
2052,2,1,27.639961,0.32,8,0.32,0,34
2053,1,0,0.0,0.32,8,0.32,0,34
2054,2,1,22.762478,0.36,9,0.36,0,34
2055,0,-1,-22.762478,0.32,8,0.32,0,34
2056,2,1,22.491299,0.36,9,0.36,0,34
2057,2,1,22.671667,0.4,10,0.4,0,34
2058,1,0,0.0,0.4,10,0.4,0,34
2059,0,-1,-0.0,0.4,10,0.4,0,34
2060,2,1,19.069109,0.44,11,0.44,0,34
2061,2,1,18.39444,0.48,12,0.48,0,34
2062,2,1,15.062655,0.52,13,0.52,0,34
2063,1,0,0.0,0.52,13,0.52,0,34
2064,2,1,13.830591,0.56,14,0.56,0,34
2065,2,1,14.977644,0.6,15,0.6,0,34
2066,2,1,13.047345,0.64,16,0.64,0,34
2067,2,1,5.9232125,0.68,17,0.68,0,34
2068,2,1,-0.9801209,0.72,18,0.72,0,34
2069,2,1,-4.7266426,0.76,19,0.76,0,34
2070,2,1,-16.04966,0.8,20,0.8,0,34
2071,2,1,-41.20083,0.84,21,0.84,0,34
2072,0,-1,36.867832,0.8,20,0.8,0,34
2073,0,-1,-0.0,0.8,20,0.8,0,34
2074,2,1,-100.0,0.0,0,0.0,0,34
2075,2,1,-4.1406527,0.2,5,0.2,0,35
2076,2,1,28.208652,0.24,6,0.24,0,35
2077,2,1,27.98924,0.28,7,0.28,0,35
2078,0,-1,-27.98924,0.24,6,0.24,0,35
2079,0,-1,-28.208652,0.2,5,0.2,0,35
2080,2,1,28.22638,0.24,6,0.24,0,35
2081,0,-1,4.278605,0.2,5,0.2,0,35
2082,1,0,0.0,0.2,5,0.2,0,35
2083,2,1,27.010183,0.24,6,0.24,0,35
2084,1,0,0.0,0.24,6,0.24,0,35
2085,2,1,25.136045,0.28,7,0.28,0,35
2086,2,1,-4.847379,0.32,8,0.32,0,35
2087,2,1,22.053389,0.36,9,0.36,0,35
2088,0,-1,-0.0,0.36,9,0.36,0,35
2089,1,0,0.0,0.36,9,0.36,0,35
2090,2,1,-5.8295894,0.4,10,0.4,0,35
2091,2,1,-6.520809,0.44,11,0.44,0,35
2092,2,1,20.379887,0.48,12,0.48,0,35
2093,0,-1,-0.0,0.48,12,0.48,0,35
2094,0,-1,-0.0,0.48,12,0.48,0,35
2095,1,0,0.0,0.48,12,0.48,0,35
2096,2,1,16.6261,0.52,13,0.52,0,35
2097,2,1,15.86432,0.56,14,0.56,0,35
2098,1,0,0.0,0.56,14,0.56,0,35
2099,2,1,20.701015,0.6,15,0.6,0,35
2100,2,1,9.372625,0.64,16,0.64,0,35
2101,0,-1,14.286522,0.6,15,0.6,0,35
2102,2,1,7.268949,0.64,16,0.64,0,35
2103,2,1,10.765354,0.68,17,0.68,0,35
2104,1,0,0.0,0.68,17,0.68,0,35
2105,2,1,2.9140933,0.72,18,0.72,0,35
2106,0,-1,-0.0,0.72,18,0.72,0,35
2107,2,1,-3.3333473,0.76,19,0.76,0,35
2108,2,1,-10.70183,0.8,20,0.8,0,35
2109,2,1,-62.804176,0.84,21,0.84,0,35
2110,0,-1,-0.0,0.84,21,0.84,0,35
2111,2,1,-81.34802,0.88,22,0.88,0,35
2112,1,0,0.0,0.88,22,0.88,0,35
2113,2,1,-183.2397,0.92,23,0.92,0,35
2114,1,0,0.0,0.92,23,0.92,0,35
2115,2,1,-100.0,0.0,0,0.0,0,35
2116,0,-1,-0.0,0.16,4,0.16,0,36
2117,2,1,28.364332,0.2,5,0.2,0,36
2118,1,0,0.0,0.2,5,0.2,0,36
2119,2,1,28.208652,0.24,6,0.24,0,36
2120,1,0,0.0,0.24,6,0.24,0,36
2121,2,1,26.767761,0.28,7,0.28,0,36
2122,1,0,0.0,0.28,7,0.28,0,36
2123,0,-1,-0.0,0.28,7,0.28,0,36
2124,0,-1,-0.0,0.28,7,0.28,0,36
2125,2,1,23.649387,0.32,8,0.32,0,36
2126,2,1,22.976604,0.36,9,0.36,0,36
2127,2,1,23.820692,0.4,10,0.4,0,36
2128,1,0,0.0,0.4,10,0.4,0,36
2129,2,1,19.412916,0.44,11,0.44,0,36
2130,2,1,16.701735,0.48,12,0.48,0,36
2131,1,0,0.0,0.48,12,0.48,0,36
2132,0,-1,-20.865192,0.44,11,0.44,0,36
2133,2,1,23.897566,0.48,12,0.48,0,36
2134,1,0,0.0,0.48,12,0.48,0,36
2135,2,1,18.834341,0.52,13,0.52,0,36
2136,1,0,0.0,0.52,13,0.52,0,36
2137,2,1,15.448675,0.56,14,0.56,0,36
2138,2,1,11.561046,0.6,15,0.6,0,36
2139,2,1,6.9536114,0.64,16,0.64,0,36
2140,0,-1,-9.807103,0.6,15,0.6,0,36
2141,0,-1,-0.0,0.6,15,0.6,0,36
2142,2,1,-100.0,0.0,0,0.0,0,36
2143,1,0,0.0,0.16,4,0.16,0,37
2144,0,-1,-0.0,0.16,4,0.16,0,37
2145,2,1,-4.1407347,0.2,5,0.2,0,37
2146,0,-1,-0.0,0.2,5,0.2,0,37
2147,2,1,28.208652,0.24,6,0.24,0,37
2148,1,0,0.0,0.24,6,0.24,0,37
2149,0,-1,4.278687,0.2,5,0.2,0,37
2150,0,-1,-0.0,0.2,5,0.2,0,37
2151,0,-1,-0.0,0.2,5,0.2,0,37
2152,0,-1,-28.346605,0.16,4,0.16,0,37
2153,2,1,28.364332,0.2,5,0.2,0,37
2154,2,1,-4.278605,0.24,6,0.24,0,37
2155,2,1,-4.516251,0.28,7,0.28,0,37
2156,0,-1,-0.0,0.28,7,0.28,0,37
2157,2,1,-4.847933,0.32,8,0.32,0,37
2158,2,1,26.008978,0.36,9,0.36,0,37
2159,1,0,0.0,0.36,9,0.36,0,37
2160,0,-1,-0.0,0.36,9,0.36,0,37
2161,2,1,26.658304,0.4,10,0.4,0,37
2162,1,0,0.0,0.4,10,0.4,0,37
2163,1,0,0.0,0.4,10,0.4,0,37
2164,0,-1,-0.0,0.4,10,0.4,0,37
2165,2,1,-6.5208087,0.44,11,0.44,0,37
2166,2,1,-7.3913045,0.48,12,0.48,0,37
2167,2,1,-8.498307,0.52,13,0.52,0,37
2168,0,-1,8.498306,0.48,12,0.48,0,37
2169,1,0,0.0,0.48,12,0.48,0,37
2170,0,-1,7.391858,0.44,11,0.44,0,37
2171,1,0,0.0,0.44,11,0.44,0,37
2172,2,1,-7.391858,0.48,12,0.48,0,37
2173,1,0,0.0,0.48,12,0.48,0,37
2174,2,1,-8.498307,0.52,13,0.52,0,37
2175,2,1,18.335072,0.56,14,0.56,0,37
2176,0,-1,-0.0,0.56,14,0.56,0,37
2177,1,0,0.0,0.56,14,0.56,0,37
2178,2,1,-11.786884,0.6,15,0.6,0,37
2179,2,1,-14.286528,0.64,16,0.64,0,37
2180,0,-1,14.286496,0.6,15,0.6,0,37
2181,0,-1,-19.502546,0.56,14,0.56,0,37
2182,2,1,14.217087,0.6,15,0.6,0,37
2183,2,1,16.997652,0.64,16,0.64,0,37
2184,2,1,6.502838,0.68,17,0.68,0,37
2185,2,1,-22.675793,0.72,18,0.72,0,37
2186,2,1,-30.097908,0.76,19,0.76,0,37
2187,0,-1,-0.0,0.76,19,0.76,0,37
2188,2,1,-12.33569,0.8,20,0.8,0,37
2189,2,1,-31.51472,0.84,21,0.84,0,37
2190,1,0,0.0,0.84,21,0.84,0,37
2191,1,0,0.0,0.84,21,0.84,0,37
2192,1,0,0.0,0.84,21,0.84,0,37
2193,0,-1,62.804184,0.8,20,0.8,0,37
2194,0,-1,-0.0,0.8,20,0.8,0,37
2195,0,-1,12.33569,0.76,19,0.76,0,37
2196,0,-1,-0.0,0.76,19,0.76,0,37
2197,0,-1,-1.1862713,0.72,18,0.72,0,37
2198,0,-1,-0.0,0.72,18,0.72,0,37
2199,0,-1,-0.0,0.72,18,0.72,0,37
2200,2,1,-30.097908,0.76,19,0.76,0,37
2201,2,1,-41.986008,0.8,20,0.8,0,37
2202,1,0,0.0,0.8,20,0.8,0,37
2203,1,0,0.0,0.8,20,0.8,0,37
2204,2,1,-62.804184,0.84,21,0.84,0,37
2205,2,1,-104.45699,0.88,22,0.88,0,37
2206,0,-1,-0.0,0.88,22,0.88,0,37
2207,1,0,0.0,0.88,22,0.88,0,37
2208,0,-1,-0.0,0.88,22,0.88,0,37
2209,0,-1,-0.0,0.88,22,0.88,0,37
2210,1,0,0.0,0.88,22,0.88,0,37
2211,0,-1,80.21822,0.84,21,0.84,0,37
2212,1,0,0.0,0.84,21,0.84,0,37
2213,2,1,-104.457,0.88,22,0.88,0,37
2214,0,-1,104.45699,0.84,21,0.84,0,37
2215,1,0,0.0,0.84,21,0.84,0,37
2216,0,-1,62.80418,0.8,20,0.8,0,37
2217,1,0,0.0,0.8,20,0.8,0,37
2218,0,-1,41.986008,0.76,19,0.76,0,37
2219,1,0,0.0,0.76,19,0.76,0,37
2220,2,1,-41.986008,0.8,20,0.8,0,37
2221,2,1,-33.15172,0.84,21,0.84,0,37
2222,0,-1,36.800182,0.8,20,0.8,0,37
2223,2,1,-35.47031,0.84,21,0.84,0,37
2224,0,-1,-0.0,0.84,21,0.84,0,37
2225,2,1,-76.68522,0.88,22,0.88,0,37
2226,2,1,-208.61093,0.92,23,0.92,0,37
2227,1,0,0.0,0.92,23,0.92,0,37
2228,1,0,0.0,0.92,23,0.92,0,37
2229,0,-1,-0.0,0.92,23,0.92,0,37
2230,0,-1,208.61096,0.88,22,0.88,0,37
2231,0,-1,104.457,0.84,21,0.84,0,37
2232,2,1,-79.33259,0.88,22,0.88,0,37
2233,1,0,0.0,0.88,22,0.88,0,37
2234,1,0,0.0,0.88,22,0.88,0,37
2235,1,0,0.0,0.88,22,0.88,0,37
2236,1,0,0.0,0.88,22,0.88,0,37
2237,0,-1,-0.0,0.88,22,0.88,0,37
2238,0,-1,104.45699,0.84,21,0.84,0,37
2239,1,0,0.0,0.84,21,0.84,0,37
2240,0,-1,62.804184,0.8,20,0.8,0,37
2241,1,0,0.0,0.8,20,0.8,0,37
2242,0,-1,41.98597,0.76,19,0.76,0,37
2243,1,0,0.0,0.76,19,0.76,0,37
2244,1,0,0.0,0.76,19,0.76,0,37
2245,1,0,0.0,0.76,19,0.76,0,37
2246,2,1,-13.4847145,0.8,20,0.8,0,37
2247,1,0,0.0,0.8,20,0.8,0,37
2248,2,1,-39.695206,0.84,21,0.84,0,37
2249,0,-1,34.30289,0.8,20,0.8,0,37
2250,0,-1,-0.0,0.8,20,0.8,0,37
2251,1,0,0.0,0.8,20,0.8,0,37
2252,1,0,0.0,0.8,20,0.8,0,37
2253,2,1,-37.43292,0.84,21,0.84,0,37
2254,0,-1,-0.0,0.84,21,0.84,0,37
2255,1,0,0.0,0.84,21,0.84,0,37
2256,2,1,-81.10876,0.88,22,0.88,0,37
2257,0,-1,76.19991,0.84,21,0.84,0,37
2258,2,1,-83.45984,0.88,22,0.88,0,37
2259,2,1,-187.37068,0.92,23,0.92,0,37
2260,0,-1,208.61096,0.88,22,0.88,1,37
2261,2,1,-185.37712,0.92,23,0.92,0,37
2262,2,1,-599.50745,0.96,24,0.96,0,37
2263,1,0,0.0,0.96,24,0.96,0,37
2264,2,1,23.637707,1.0,25,1.0,0,37
2265,1,0,-1000.0,0.0,0,0.0,0,37
2266,0,-1,-0.0,0.16,4,0.16,0,38
2267,2,1,-4.1406527,0.2,5,0.2,0,38
2268,1,0,0.0,0.2,5,0.2,0,38
2269,2,1,-4.2792473,0.24,6,0.24,0,38
2270,1,0,0.0,0.24,6,0.24,0,38
2271,2,1,27.971514,0.28,7,0.28,0,38
2272,0,-1,-27.971514,0.24,6,0.24,0,38
2273,0,-1,-0.0,0.24,6,0.24,0,38
2274,1,0,0.0,0.24,6,0.24,0,38
2275,1,0,0.0,0.24,6,0.24,0,38
2276,1,0,0.0,0.24,6,0.24,0,38
2277,2,1,27.98924,0.28,7,0.28,0,38
2278,1,0,0.0,0.28,7,0.28,0,38
2279,0,-1,4.5163865,0.24,6,0.24,0,38
2280,1,0,0.0,0.24,6,0.24,0,38
2281,2,1,27.971514,0.28,7,0.28,0,38
2282,2,1,26.436209,0.32,8,0.32,0,38
2283,2,1,26.008978,0.36,9,0.36,0,38
2284,1,0,0.0,0.36,9,0.36,0,38
2285,2,1,23.820692,0.4,10,0.4,0,38
2286,1,0,0.0,0.4,10,0.4,0,38
2287,0,-1,5.828954,0.36,9,0.36,0,38
2288,1,0,0.0,0.36,9,0.36,0,38
2289,1,0,0.0,0.36,9,0.36,0,38
2290,2,1,23.822836,0.4,10,0.4,0,38
2291,2,1,20.811838,0.44,11,0.44,0,38
2292,0,-1,-0.0,0.44,11,0.44,0,38
2293,2,1,19.941977,0.48,12,0.48,0,38
2294,0,-1,-0.0,0.48,12,0.48,0,38
2295,0,-1,-0.0,0.48,12,0.48,0,38
2296,2,1,19.544647,0.52,13,0.52,0,38
2297,0,-1,-19.544647,0.48,12,0.48,0,38
2298,1,0,0.0,0.48,12,0.48,0,38
2299,0,-1,-0.0,0.48,12,0.48,0,38
2300,2,1,16.625448,0.52,13,0.52,0,38
2301,2,1,15.448675,0.56,14,0.56,0,38
2302,2,1,16.256044,0.6,15,0.6,0,38
2303,1,0,0.0,0.6,15,0.6,0,38
2304,0,-1,-13.5837755,0.56,14,0.56,0,38
2305,2,1,14.353426,0.6,15,0.6,0,38
2306,0,-1,-0.0,0.6,15,0.6,0,38
2307,2,1,13.484284,0.64,16,0.64,0,38
2308,2,1,7.6347513,0.68,17,0.68,0,38
2309,2,1,2.913581,0.72,18,0.72,0,38
2310,2,1,-2.326125,0.76,19,0.76,0,38
2311,2,1,-18.877348,0.8,20,0.8,0,38
2312,2,1,-39.456223,0.84,21,0.84,0,38
2313,0,-1,-0.0,0.84,21,0.84,0,38
2314,2,1,-83.39625,0.88,22,0.88,0,38
2315,2,1,-182.82509,0.92,23,0.92,0,38
2316,2,1,-604.0258,0.96,24,0.96,0,38
2317,1,0,0.0,0.96,24,0.96,0,38
2318,2,1,-100.0,0.0,0,0.0,0,38
2319,2,1,-4.1406527,0.2,5,0.2,0,39
2320,0,-1,4.1406527,0.16,4,0.16,0,39
2321,1,0,0.0,0.16,4,0.16,0,39
2322,2,1,-4.1407347,0.2,5,0.2,0,39
2323,1,0,0.0,0.2,5,0.2,0,39
2324,2,1,28.22638,0.24,6,0.24,0,39
2325,0,-1,-28.22638,0.2,5,0.2,0,39
2326,2,1,28.208652,0.24,6,0.24,0,39
2327,1,0,0.0,0.24,6,0.24,0,39
2328,2,1,27.98924,0.28,7,0.28,0,39
2329,2,1,26.441492,0.32,8,0.32,0,39
2330,0,-1,-27.639961,0.28,7,0.28,0,39
2331,1,0,0.0,0.28,7,0.28,0,39
2332,2,1,27.639961,0.32,8,0.32,0,39
2333,1,0,0.0,0.32,8,0.32,0,39
2334,2,1,26.003696,0.36,9,0.36,0,39
2335,1,0,0.0,0.36,9,0.36,0,39
2336,2,1,22.671667,0.4,10,0.4,0,39
2337,2,1,23.129503,0.44,11,0.44,0,39
2338,0,-1,6.5202236,0.4,10,0.4,0,39
2339,2,1,21.249996,0.44,11,0.44,0,39
2340,0,-1,-21.980478,0.4,10,0.4,1,39
2341,2,1,23.105412,0.44,11,0.44,0,39
2342,0,-1,-0.0,0.44,11,0.44,0,39
2343,1,0,0.0,0.44,11,0.44,0,39
2344,1,0,0.0,0.44,11,0.44,0,39
2345,0,-1,-0.0,0.44,11,0.44,0,39
2346,2,1,18.18715,0.48,12,0.48,0,39
2347,2,1,19.979034,0.52,13,0.52,0,39
2348,0,-1,-0.0,0.52,13,0.52,0,39
2349,0,-1,-0.0,0.52,13,0.52,0,39
2350,2,1,15.854492,0.56,14,0.56,0,39
2351,0,-1,-0.0,0.56,14,0.56,0,39
2352,2,1,5.0852766,0.6,15,0.6,0,39
2353,2,1,9.362789,0.64,16,0.64,0,39
2354,0,-1,-0.0,0.64,16,0.64,0,39
2355,0,-1,-15.3397,0.6,15,0.6,0,39
2356,2,1,15.3397,0.64,16,0.64,0,39
2357,2,1,3.8096972,0.68,17,0.68,0,39
2358,0,-1,-0.0,0.68,17,0.68,0,39
2359,2,1,4.64448,0.72,18,0.72,0,39
2360,2,1,-100.0,0.0,0,0.0,0,39
2361,2,1,28.364332,0.2,5,0.2,0,40
2362,1,0,0.0,0.2,5,0.2,0,40
2363,2,1,28.208652,0.24,6,0.24,0,40
2364,1,0,0.0,0.24,6,0.24,0,40
2365,1,0,0.0,0.24,6,0.24,0,40
2366,2,1,-4.515744,0.28,7,0.28,0,40
2367,2,1,26.436209,0.32,8,0.32,0,40
2368,2,1,-5.279892,0.36,9,0.36,0,40
2369,2,1,25.459835,0.4,10,0.4,0,40
2370,2,1,21.736273,0.44,11,0.44,0,40
2371,1,0,0.0,0.44,11,0.44,0,40
2372,2,1,21.105461,0.48,12,0.48,0,40
2373,1,0,0.0,0.48,12,0.48,0,40
2374,2,1,21.152006,0.52,13,0.52,0,40
2375,2,1,-9.92185,0.56,14,0.56,1,40
2376,1,0,0.0,0.56,14,0.56,0,40
2377,2,1,14.818036,0.6,15,0.6,0,40
2378,1,0,0.0,0.6,15,0.6,0,40
2379,0,-1,-0.0,0.6,15,0.6,0,40
2380,0,-1,-14.818036,0.56,14,0.56,0,40
2381,2,1,16.74116,0.6,15,0.6,0,40
2382,2,1,13.021362,0.64,16,0.64,0,40
2383,1,0,0.0,0.64,16,0.64,0,40
2384,2,1,8.993383,0.68,17,0.68,0,40
2385,0,-1,-0.0,0.68,17,0.68,0,40
2386,2,1,-3.1564126,0.72,18,0.72,0,40
2387,2,1,-2.3467977,0.76,19,0.76,0,40
2388,2,1,-16.417385,0.8,20,0.8,0,40
2389,2,1,-37.4568,0.84,21,0.84,0,40
2390,0,-1,43.284763,0.8,20,0.8,0,40
2391,1,0,0.0,0.8,20,0.8,0,40
2392,2,1,-38.336647,0.84,21,0.84,0,40
2393,1,0,0.0,0.84,21,0.84,0,40
2394,2,1,-81.021095,0.88,22,0.88,0,40
2395,0,-1,-0.0,0.88,22,0.88,0,40
2396,0,-1,76.13528,0.84,21,0.84,0,40
2397,1,0,0.0,0.84,21,0.84,0,40
2398,2,1,-79.35979,0.88,22,0.88,0,40
2399,0,-1,75.928925,0.84,21,0.84,0,40
2400,2,1,-74.92477,0.88,22,0.88,0,40
2401,1,0,0.0,0.88,22,0.88,0,40
2402,0,-1,-0.0,0.88,22,0.88,0,40
2403,0,-1,93.40886,0.84,21,0.84,0,40
2404,1,0,0.0,0.84,21,0.84,0,40
2405,1,0,0.0,0.84,21,0.84,0,40
2406,0,-1,46.60251,0.8,20,0.8,0,40
2407,2,1,-36.924232,0.84,21,0.84,0,40
2408,0,-1,36.924232,0.8,20,0.8,0,40
2409,2,1,-39.855015,0.84,21,0.84,0,40
2410,0,-1,38.336647,0.8,20,0.8,0,40
2411,2,1,-41.900192,0.84,21,0.84,0,40
2412,1,0,0.0,0.84,21,0.84,0,40
2413,2,1,-77.21002,0.88,22,0.88,0,40
2414,2,1,-187.22786,0.92,23,0.92,0,40
2415,2,1,-100.0,0.0,0,0.0,0,40
2416,2,1,28.364332,0.2,5,0.2,0,41
2417,2,1,27.010183,0.24,6,0.24,0,41
2418,1,0,0.0,0.24,6,0.24,0,41
2419,0,-1,-0.0,0.24,6,0.24,0,41
2420,1,0,0.0,0.24,6,0.24,0,41
2421,2,1,-4.515744,0.28,7,0.28,0,41
2422,1,0,0.0,0.28,7,0.28,0,41
2423,2,1,27.639961,0.32,8,0.32,0,41
2424,0,-1,-0.0,0.32,8,0.32,0,41
2425,1,0,0.0,0.32,8,0.32,0,41
2426,2,1,26.003696,0.36,9,0.36,0,41
2427,2,1,23.822836,0.4,10,0.4,0,41
2428,0,-1,-0.0,0.4,10,0.4,0,41
2429,1,0,0.0,0.4,10,0.4,0,41
2430,2,1,20.813057,0.44,11,0.44,0,41
2431,2,1,17.732517,0.48,12,0.48,0,41
2432,0,-1,-0.0,0.48,12,0.48,0,41
2433,2,1,19.999044,0.52,13,0.52,0,41
2434,0,-1,-0.0,0.52,13,0.52,0,41
2435,2,1,-9.921425,0.56,14,0.56,0,41
2436,2,1,11.190125,0.6,15,0.6,0,41
2437,2,1,12.476384,0.64,16,0.64,0,41
2438,0,-1,14.285936,0.6,15,0.6,0,41
2439,0,-1,-0.0,0.6,15,0.6,0,41
2440,0,-1,11.7862425,0.56,14,0.56,0,41
2441,0,-1,-0.0,0.56,14,0.56,0,41
2442,2,1,17.863403,0.6,15,0.6,0,41
2443,0,-1,-14.975996,0.56,14,0.56,0,41
2444,2,1,15.984867,0.6,15,0.6,0,41
2445,0,-1,-0.0,0.6,15,0.6,0,41
2446,1,0,0.0,0.6,15,0.6,0,41
2447,0,-1,-0.0,0.6,15,0.6,0,41
2448,0,-1,-16.710442,0.56,14,0.56,0,41
2449,0,-1,-0.0,0.56,14,0.56,0,41
2450,2,1,13.58435,0.6,15,0.6,0,41
2451,2,1,11.499808,0.64,16,0.64,0,41
2452,2,1,5.496408,0.68,17,0.68,0,41
2453,1,0,0.0,0.68,17,0.68,0,41
2454,2,1,-1.7446285,0.72,18,0.72,0,41
2455,2,1,-8.975319,0.76,19,0.76,0,41
2456,2,1,-14.215197,0.8,20,0.8,0,41
2457,1,0,0.0,0.8,20,0.8,0,41
2458,0,-1,-0.0,0.8,20,0.8,0,41
2459,2,1,-100.0,0.0,0,0.0,0,41
2460,2,1,-4.1406527,0.2,5,0.2,0,42
2461,2,1,28.208652,0.24,6,0.24,0,42
2462,2,1,-4.516251,0.28,7,0.28,0,42
2463,2,1,26.436209,0.32,8,0.32,0,42
2464,1,0,0.0,0.32,8,0.32,0,42
2465,2,1,27.225174,0.36,9,0.36,0,42
2466,1,0,0.0,0.36,9,0.36,0,42
2467,0,-1,5.280317,0.32,8,0.32,0,42
2468,1,0,0.0,0.32,8,0.32,0,42
2469,2,1,26.008978,0.36,9,0.36,0,42
2470,0,-1,-26.003696,0.32,8,0.32,0,42
2471,0,-1,4.847297,0.28,7,0.28,0,42
2472,2,1,24.804493,0.32,8,0.32,0,42
2473,1,0,0.0,0.32,8,0.32,0,42
2474,2,1,22.053389,0.36,9,0.36,0,42
2475,2,1,19.294786,0.4,10,0.4,0,42
2476,2,1,21.980478,0.44,11,0.44,0,42
2477,1,0,0.0,0.44,11,0.44,0,42
2478,1,0,0.0,0.44,11,0.44,0,42
2479,2,1,20.651064,0.48,12,0.48,0,42
2480,1,0,0.0,0.48,12,0.48,0,42
2481,0,-1,-20.651064,0.44,11,0.44,0,42
2482,2,1,17.979368,0.48,12,0.48,0,42
2483,1,0,0.0,0.48,12,0.48,0,42
2484,2,1,14.734035,0.52,13,0.52,0,42
2485,0,-1,-23.989618,0.48,12,0.48,0,42
2486,2,1,14.478728,0.52,13,0.52,0,42
2487,2,1,22.565916,0.56,14,0.56,0,42
2488,1,0,0.0,0.56,14,0.56,0,42
2489,2,1,19.497263,0.6,15,0.6,0,42
2490,0,-1,-0.0,0.6,15,0.6,0,42
2491,2,1,6.644675,0.64,16,0.64,0,42
2492,2,1,5.6123,0.68,17,0.68,0,42
2493,1,0,0.0,0.68,17,0.68,0,42
2494,2,1,-1.5532427,0.72,18,0.72,0,42
2495,2,1,-8.857627,0.76,19,0.76,0,42
2496,0,-1,1.5966138,0.72,18,0.72,0,42
2497,0,-1,-8.608348,0.68,17,0.68,0,42
2498,1,0,0.0,0.68,17,0.68,0,42
2499,2,1,-100.0,0.0,0,0.0,0,42
2500,0,-1,-0.0,0.16,4,0.16,0,43
2501,2,1,28.364332,0.2,5,0.2,0,43
2502,0,-1,-28.364332,0.16,4,0.16,0,43
2503,2,1,-4.1406527,0.2,5,0.2,0,43
2504,0,-1,4.1406527,0.16,4,0.16,0,43
2505,0,-1,-0.0,0.16,4,0.16,0,43
2506,1,0,0.0,0.16,4,0.16,0,43
2507,2,1,-4.1407347,0.2,5,0.2,0,43
2508,2,1,28.208652,0.24,6,0.24,0,43
2509,2,1,27.98924,0.28,7,0.28,0,43
2510,0,-1,-27.971514,0.24,6,0.24,0,43
2511,0,-1,-0.0,0.24,6,0.24,0,43
2512,2,1,26.773045,0.28,7,0.28,0,43
2513,2,1,-4.8479323,0.32,8,0.32,0,43
2514,2,1,24.37198,0.36,9,0.36,0,43
2515,2,1,21.504246,0.4,10,0.4,0,43
2516,2,1,21.522146,0.44,11,0.44,0,43
2517,0,-1,-21.522146,0.4,10,0.4,0,43
2518,0,-1,5.8295894,0.36,9,0.36,0,43
2519,1,0,0.0,0.36,9,0.36,0,43
2520,2,1,22.213333,0.4,10,0.4,0,43
2521,2,1,25.967117,0.44,11,0.44,0,43
2522,2,1,20.865192,0.48,12,0.48,0,43
2523,0,-1,7.3913045,0.44,11,0.44,0,43
2524,2,1,20.379887,0.48,12,0.48,0,43
2525,1,0,0.0,0.48,12,0.48,0,43
2526,1,0,0.0,0.48,12,0.48,0,43
2527,2,1,18.062992,0.52,13,0.52,0,43
2528,0,-1,-0.0,0.52,13,0.52,0,43
2529,2,1,15.86432,0.56,14,0.56,0,43
2530,1,0,0.0,0.56,14,0.56,0,43
2531,0,-1,-18.120945,0.52,13,0.52,0,43
2532,2,1,-9.921425,0.56,14,0.56,0,43
2533,1,0,0.0,0.56,14,0.56,0,43
2534,2,1,11.965692,0.6,15,0.6,0,43
2535,0,-1,-0.0,0.6,15,0.6,0,43
2536,0,-1,-0.0,0.6,15,0.6,0,43
2537,2,1,11.717475,0.64,16,0.64,0,43
2538,0,-1,-11.717475,0.6,15,0.6,0,43
2539,2,1,13.7564335,0.64,16,0.64,0,43
2540,1,0,0.0,0.64,16,0.64,0,43
2541,0,-1,14.285936,0.6,15,0.6,0,43
2542,2,1,7.363553,0.64,16,0.64,0,43
2543,2,1,7.3884745,0.68,17,0.68,0,43
2544,2,1,2.9140933,0.72,18,0.72,0,43
2545,0,-1,-5.36713,0.68,17,0.68,0,43
2546,0,-1,-7.3884745,0.64,16,0.64,0,43
2547,0,-1,-0.0,0.64,16,0.64,0,43
2548,2,1,7.6353254,0.68,17,0.68,0,43
2549,2,1,-100.0,0.0,0,0.0,0,43
2550,2,1,28.364332,0.2,5,0.2,0,44
2551,2,1,27.010183,0.24,6,0.24,0,44
2552,0,-1,-0.0,0.24,6,0.24,0,44
2553,0,-1,-0.0,0.24,6,0.24,0,44
2554,1,0,0.0,0.24,6,0.24,0,44
2555,2,1,25.136045,0.28,7,0.28,0,44
2556,2,1,22.923813,0.32,8,0.32,0,44
2557,1,0,0.0,0.32,8,0.32,0,44
2558,0,-1,-0.0,0.32,8,0.32,0,44
2559,1,0,0.0,0.32,8,0.32,0,44
2560,0,-1,-0.0,0.32,8,0.32,0,44
2561,1,0,0.0,0.32,8,0.32,0,44
2562,2,1,20.30944,0.36,9,0.36,0,44
2563,2,1,17.627909,0.4,10,0.4,0,44
2564,2,1,17.040154,0.44,11,0.44,0,44
2565,2,1,25.096035,0.48,12,0.48,0,44
2566,2,1,22.785866,0.52,13,0.52,0,44
2567,2,1,11.4291525,0.56,14,0.56,0,44
2568,2,1,9.719471,0.6,15,0.6,0,44
2569,2,1,13.047345,0.64,16,0.64,0,44
2570,1,0,0.0,0.64,16,0.64,0,44
2571,2,1,7.6353254,0.68,17,0.68,0,44
2572,2,1,3.110505,0.72,18,0.72,0,44
2573,2,1,-0.44758847,0.76,19,0.76,0,44
2574,2,1,-18.326857,0.8,20,0.8,0,44
2575,0,-1,-0.0,0.8,20,0.8,0,44
2576,2,1,-39.455944,0.84,21,0.84,0,44
2577,2,1,-82.90152,0.88,22,0.88,0,44
2578,2,1,-183.48654,0.92,23,0.92,0,44
2579,2,1,-100.0,0.0,0,0.0,0,44
2580,2,1,28.364332,0.2,5,0.2,0,45
2581,2,1,27.010183,0.24,6,0.24,0,45
2582,2,1,-4.515826,0.28,7,0.28,0,45
2583,1,0,0.0,0.28,7,0.28,0,45
2584,1,0,0.0,0.28,7,0.28,0,45
2585,1,0,0.0,0.28,7,0.28,0,45
2586,2,1,24.804493,0.32,8,0.32,0,45
2587,2,1,22.053389,0.36,9,0.36,0,45
2588,1,0,0.0,0.36,9,0.36,0,45
2589,2,1,26.658304,0.4,10,0.4,0,45
2590,2,1,21.736273,0.44,11,0.44,0,45
2591,0,-1,-0.0,0.44,11,0.44,0,45
2592,0,-1,-0.0,0.44,11,0.44,0,45
2593,1,0,0.0,0.44,11,0.44,0,45
2594,1,0,0.0,0.44,11,0.44,0,45
2595,2,1,18.612106,0.48,12,0.48,0,45
2596,2,1,19.27347,0.52,13,0.52,0,45
2597,1,0,0.0,0.52,13,0.52,0,45
2598,2,1,15.667908,0.56,14,0.56,0,45
2599,1,0,0.0,0.56,14,0.56,0,45
2600,1,0,0.0,0.56,14,0.56,0,45
2601,2,1,13.99942,0.6,15,0.6,0,45
2602,0,-1,-0.0,0.6,15,0.6,0,45
2603,0,-1,-14.217087,0.56,14,0.56,0,45
2604,1,0,0.0,0.56,14,0.56,0,45
2605,2,1,13.337499,0.6,15,0.6,0,45
2606,2,1,-14.2864895,0.64,16,0.64,0,45
2607,0,-1,-13.970561,0.6,15,0.6,0,45
2608,2,1,-14.285854,0.64,16,0.64,0,45
2609,2,1,5.2411013,0.68,17,0.68,0,45
2610,0,-1,17.7359,0.64,16,0.64,0,45
2611,2,1,13.54824,0.68,17,0.68,0,45
2612,1,0,0.0,0.68,17,0.68,0,45
2613,1,0,0.0,0.68,17,0.68,0,45
2614,2,1,1.0767766,0.72,18,0.72,0,45
2615,1,0,0.0,0.72,18,0.72,0,45
2616,0,-1,-0.0,0.72,18,0.72,0,45
2617,2,1,-8.402198,0.76,19,0.76,0,45
2618,2,1,-41.98597,0.8,20,0.8,0,45
2619,1,0,0.0,0.8,20,0.8,0,45
2620,0,-1,-0.0,0.8,20,0.8,0,45
2621,2,1,-39.243214,0.84,21,0.84,0,45
2622,2,1,-81.34802,0.88,22,0.88,0,45
2623,2,1,-183.2397,0.92,23,0.92,1,45
2624,2,1,-601.6056,0.96,24,0.96,0,45
2625,2,1,20.93288,1.0,25,1.0,0,45
2626,2,1,-1000.0,0.0,0,0.0,0,45
2627,2,1,28.346605,0.2,5,0.2,0,46
2628,2,1,-4.278687,0.24,6,0.24,0,46
2629,2,1,27.98924,0.28,7,0.28,0,46
2630,0,-1,4.515826,0.24,6,0.24,0,46
2631,0,-1,-0.0,0.24,6,0.24,0,46
2632,0,-1,-0.0,0.24,6,0.24,0,46
2633,2,1,26.767761,0.28,7,0.28,0,46
2634,2,1,24.80235,0.32,8,0.32,0,46
2635,1,0,0.0,0.32,8,0.32,0,46
2636,0,-1,-0.0,0.32,8,0.32,0,46
2637,1,0,0.0,0.32,8,0.32,0,46
2638,2,1,26.008978,0.36,9,0.36,0,46
2639,0,-1,-0.0,0.36,9,0.36,0,46
2640,0,-1,-0.0,0.36,9,0.36,0,46
2641,0,-1,-0.0,0.36,9,0.36,0,46
2642,0,-1,-0.0,0.36,9,0.36,0,46
2643,2,1,23.822836,0.4,10,0.4,0,46
2644,0,-1,-0.0,0.4,10,0.4,0,46
2645,2,1,21.736273,0.44,11,0.44,0,46
2646,0,-1,-21.736273,0.4,10,0.4,0,46
2647,1,0,0.0,0.4,10,0.4,0,46
2648,2,1,21.976542,0.44,11,0.44,0,46
2649,1,0,0.0,0.44,11,0.44,0,46
2650,1,0,0.0,0.44,11,0.44,0,46
2651,1,0,0.0,0.44,11,0.44,0,46
2652,2,1,19.941977,0.48,12,0.48,0,46
2653,2,1,19.2725,0.52,13,0.52,0,46
2654,1,0,0.0,0.52,13,0.52,0,46
2655,2,1,17.410637,0.56,14,0.56,0,46
2656,0,-1,-17.410637,0.52,13,0.52,0,46
2657,0,-1,-0.0,0.52,13,0.52,0,46
2658,2,1,15.863857,0.56,14,0.56,0,46
2659,2,1,13.58435,0.6,15,0.6,0,46
2660,1,0,0.0,0.6,15,0.6,0,46
2661,0,-1,-0.0,0.6,15,0.6,0,46
2662,1,0,0.0,0.6,15,0.6,0,46
2663,2,1,-14.285936,0.64,16,0.64,0,46
2664,2,1,5.496408,0.68,17,0.68,0,46
2665,2,1,-1.5532427,0.72,18,0.72,0,46
2666,2,1,-100.0,0.0,0,0.0,0,46
2667,0,-1,-0.0,0.16,4,0.16,0,47
2668,0,-1,-0.0,0.16,4,0.16,0,47
2669,2,1,28.364332,0.2,5,0.2,0,47
2670,2,1,27.010183,0.24,6,0.24,0,47
2671,2,1,23.984877,0.28,7,0.28,0,47
2672,2,1,27.639961,0.32,8,0.32,0,47
2673,2,1,21.484077,0.36,9,0.36,0,47
2674,1,0,0.0,0.36,9,0.36,0,47
2675,2,1,-5.829036,0.4,10,0.4,0,47
2676,0,-1,-0.0,0.4,10,0.4,0,47
2677,0,-1,5.829036,0.36,9,0.36,0,47
2678,2,1,25.454552,0.4,10,0.4,0,47
2679,0,-1,-0.0,0.4,10,0.4,0,47
2680,2,1,23.129503,0.44,11,0.44,0,47
2681,1,0,0.0,0.44,11,0.44,0,47
2682,0,-1,-0.0,0.44,11,0.44,0,47
2683,0,-1,-0.0,0.44,11,0.44,0,47
2684,1,0,0.0,0.44,11,0.44,0,47
2685,1,0,0.0,0.44,11,0.44,0,47
2686,1,0,0.0,0.44,11,0.44,0,47
2687,1,0,0.0,0.44,11,0.44,0,47
2688,0,-1,-0.0,0.44,11,0.44,0,47
2689,1,0,0.0,0.44,11,0.44,0,47
2690,2,1,-7.3912225,0.48,12,0.48,0,47
2691,2,1,19.2725,0.52,13,0.52,0,47
2692,2,1,15.667396,0.56,14,0.56,0,47
2693,1,0,0.0,0.56,14,0.56,0,47
2694,2,1,11.773804,0.6,15,0.6,0,47
2695,1,0,0.0,0.6,15,0.6,0,47
2696,2,1,-14.285936,0.64,16,0.64,0,47
2697,1,0,0.0,0.64,16,0.64,0,47
2698,2,1,10.307021,0.68,17,0.68,0,47
2699,0,-1,-0.0,0.68,17,0.68,0,47
2700,0,-1,17.735348,0.64,16,0.64,0,47
2701,2,1,9.596714,0.68,17,0.68,0,47
2702,0,-1,-10.307021,0.64,16,0.64,0,47
2703,2,1,8.049933,0.68,17,0.68,0,47
2704,2,1,0.98308426,0.72,18,0.72,0,47
2705,2,1,-8.6420145,0.76,19,0.76,0,47
2706,2,1,-100.0,0.0,0,0.0,0,47
2707,2,1,28.346605,0.2,5,0.2,0,48
2708,2,1,28.22638,0.24,6,0.24,0,48
2709,2,1,26.773045,0.28,7,0.28,0,48
2710,0,-1,-27.971514,0.24,6,0.24,0,48
2711,2,1,-4.515744,0.28,7,0.28,0,48
2712,0,-1,-0.0,0.28,7,0.28,0,48
2713,0,-1,4.515744,0.24,6,0.24,0,48
2714,1,0,0.0,0.24,6,0.24,0,48
2715,2,1,23.984877,0.28,7,0.28,0,48
2716,1,0,0.0,0.28,7,0.28,0,48
2717,1,0,0.0,0.28,7,0.28,0,48
2718,0,-1,-0.0,0.28,7,0.28,0,48
2719,1,0,0.0,0.28,7,0.28,0,48
2720,2,1,21.088379,0.32,8,0.32,0,48
2721,0,-1,-21.088379,0.28,7,0.28,0,48
2722,2,1,27.639961,0.32,8,0.32,0,48
2723,1,0,0.0,0.32,8,0.32,0,48
2724,0,-1,-23.653324,0.28,7,0.28,0,48
2725,2,1,-4.847379,0.32,8,0.32,0,48
2726,2,1,26.003696,0.36,9,0.36,0,48
2727,0,-1,5.279892,0.32,8,0.32,0,48
2728,2,1,24.37198,0.36,9,0.36,0,48
2729,2,1,21.504246,0.4,10,0.4,0,48
2730,2,1,21.522146,0.44,11,0.44,0,48
2731,2,1,22.258423,0.48,12,0.48,0,48
2732,2,1,19.999044,0.52,13,0.52,0,48
2733,0,-1,-19.544647,0.48,12,0.48,0,48
2734,1,0,0.0,0.48,12,0.48,0,48
2735,1,0,0.0,0.48,12,0.48,0,48
2736,2,1,16.872952,0.52,13,0.52,0,48
2737,2,1,17.849766,0.56,14,0.56,0,48
2738,2,1,11.445432,0.6,15,0.6,0,48
2739,2,1,11.303396,0.64,16,0.64,0,48
2740,0,-1,-0.0,0.64,16,0.64,0,48
2741,2,1,3.3866487,0.68,17,0.68,0,48
2742,2,1,-22.67524,0.72,18,0.72,0,48
2743,0,-1,-5.8215265,0.68,17,0.68,0,48
2744,0,-1,-0.0,0.68,17,0.68,0,48
2745,0,-1,-0.0,0.68,17,0.68,0,48
2746,2,1,3.110505,0.72,18,0.72,0,48
2747,1,0,0.0,0.72,18,0.72,0,48
2748,2,1,-6.536939,0.76,19,0.76,0,48
2749,1,0,0.0,0.76,19,0.76,0,48
2750,1,0,0.0,0.76,19,0.76,0,48
2751,1,0,0.0,0.76,19,0.76,0,48
2752,2,1,-18.2334,0.8,20,0.8,0,48
2753,1,0,0.0,0.8,20,0.8,0,48
2754,2,1,-41.2978,0.84,21,0.84,0,48
2755,1,0,0.0,0.84,21,0.84,0,48
2756,1,0,0.0,0.84,21,0.84,0,48
2757,2,1,-81.10876,0.88,22,0.88,0,48
2758,2,1,-186.96088,0.92,23,0.92,0,48
2759,1,0,0.0,0.92,23,0.92,0,48
2760,2,1,-597.9333,0.96,24,0.96,0,48
2761,1,0,0.0,0.96,24,0.96,0,48
2762,2,1,21.69571,1.0,25,1.0,0,48
2763,2,1,-1000.0,0.0,0,0.0,0,48
2764,0,-1,-0.0,0.16,4,0.16,0,49
2765,2,1,28.346605,0.2,5,0.2,0,49
2766,2,1,28.22638,0.24,6,0.24,0,49
2767,0,-1,-0.0,0.24,6,0.24,0,49
2768,2,1,23.526543,0.28,7,0.28,0,49
2769,2,1,21.292372,0.32,8,0.32,0,49
2770,2,1,26.003696,0.36,9,0.36,0,49
2771,1,0,0.0,0.36,9,0.36,0,49
2772,0,-1,-0.0,0.36,9,0.36,0,49
2773,1,0,0.0,0.36,9,0.36,0,49
2774,2,1,23.820692,0.4,10,0.4,0,49
2775,2,1,20.811838,0.44,11,0.44,0,49
2776,2,1,17.731865,0.48,12,0.48,0,49
2777,2,1,22.79115,0.52,13,0.52,0,49
2778,2,1,17.848795,0.56,14,0.56,0,49
2779,2,1,13.5837755,0.6,15,0.6,0,49
2780,1,0,0.0,0.6,15,0.6,0,49
2781,2,1,11.499346,0.64,16,0.64,0,49
2782,1,0,0.0,0.64,16,0.64,0,49
2783,2,1,6.492495,0.68,17,0.68,0,49
2784,2,1,0.98308426,0.72,18,0.72,0,49
2785,2,1,-0.44544354,0.76,19,0.76,0,49
2786,2,1,-20.430653,0.8,20,0.8,0,49
2787,2,1,-100.0,0.0,0,0.0,0,49
2788,1,0,0.0,0.16,4,0.16,0,50
2789,2,1,-4.1407347,0.2,5,0.2,0,50
2790,1,0,0.0,0.2,5,0.2,0,50
2791,0,-1,4.1407347,0.16,4,0.16,0,50
2792,2,1,28.364332,0.2,5,0.2,0,50
2793,2,1,27.010183,0.24,6,0.24,0,50
2794,0,-1,-0.0,0.24,6,0.24,0,50
2795,2,1,25.136045,0.28,7,0.28,0,50
2796,2,1,23.19499,0.32,8,0.32,0,50
2797,2,1,20.859858,0.36,9,0.36,0,50
2798,2,1,18.382133,0.4,10,0.4,0,50
2799,2,1,20.813057,0.44,11,0.44,0,50
2800,2,1,20.379887,0.48,12,0.48,0,50
2801,2,1,16.872952,0.52,13,0.52,0,50
2802,1,0,0.0,0.52,13,0.52,0,50
2803,1,0,0.0,0.52,13,0.52,0,50
2804,2,1,-9.921425,0.56,14,0.56,0,50
2805,2,1,13.337499,0.6,15,0.6,0,50
2806,2,1,14.2147665,0.64,16,0.64,0,50
2807,2,1,7.8539844,0.68,17,0.68,0,50
2808,0,-1,-0.0,0.68,17,0.68,0,50
2809,2,1,4.0887294,0.72,18,0.72,0,50
2810,0,-1,22.67524,0.68,17,0.68,0,50
2811,2,1,9.8121,0.72,18,0.72,0,50
2812,0,-1,-4.0887294,0.68,17,0.68,0,50
2813,0,-1,-0.0,0.68,17,0.68,0,50
2814,1,0,0.0,0.68,17,0.68,0,50
2815,0,-1,-14.751992,0.64,16,0.64,0,50
2816,2,1,5.496408,0.68,17,0.68,0,50
2817,2,1,9.8121,0.72,18,0.72,0,50
2818,2,1,-6.536939,0.76,19,0.76,0,50
2819,2,1,-18.877033,0.8,20,0.8,0,50
2820,1,0,0.0,0.8,20,0.8,0,50
2821,0,-1,-0.0,0.8,20,0.8,0,50
2822,2,1,-36.039623,0.84,21,0.84,0,50
2823,1,0,0.0,0.84,21,0.84,0,50
2824,2,1,-78.67066,0.88,22,0.88,1,50
2825,0,-1,-0.0,0.88,22,0.88,0,50
2826,1,0,0.0,0.88,22,0.88,0,50
2827,1,0,0.0,0.88,22,0.88,0,50
2828,1,0,0.0,0.88,22,0.88,0,50
2829,2,1,-187.15274,0.92,23,0.92,0,50
2830,2,1,-601.2298,0.96,24,0.96,0,50
2831,0,-1,592.7811,0.92,23,0.92,0,50
2832,2,1,-601.8057,0.96,24,0.96,0,50
2833,2,1,23.635725,1.0,25,1.0,0,50
2834,1,0,-1000.0,0.0,0,0.0,0,50
2835,0,-1,-0.0,0.16,4,0.16,0,51
2836,1,0,0.0,0.16,4,0.16,0,51
2837,0,-1,-0.0,0.16,4,0.16,0,51
2838,2,1,-4.1407347,0.2,5,0.2,0,51
2839,2,1,28.22638,0.24,6,0.24,0,51
2840,0,-1,4.278687,0.2,5,0.2,0,51
2841,2,1,27.010183,0.24,6,0.24,0,51
2842,1,0,0.0,0.24,6,0.24,0,51
2843,2,1,27.971514,0.28,7,0.28,0,51
2844,2,1,26.436209,0.32,8,0.32,0,51
2845,0,-1,-0.0,0.32,8,0.32,0,51
2846,2,1,-5.279892,0.36,9,0.36,0,51
2847,0,-1,5.279892,0.32,8,0.32,0,51
2848,0,-1,-26.436209,0.28,7,0.28,0,51
2849,0,-1,-27.971514,0.24,6,0.24,0,51
2850,2,1,23.984877,0.28,7,0.28,0,51
2851,2,1,27.639961,0.32,8,0.32,0,51
2852,0,-1,-27.639961,0.28,7,0.28,0,51
2853,1,0,0.0,0.28,7,0.28,0,51
2854,1,0,0.0,0.28,7,0.28,0,51
2855,2,1,21.91659,0.32,8,0.32,0,51
2856,1,0,0.0,0.32,8,0.32,0,51
2857,2,1,27.207449,0.36,9,0.36,0,51
2858,2,1,23.822836,0.4,10,0.4,0,51
2859,1,0,0.0,0.4,10,0.4,0,51
2860,2,1,-6.5201416,0.44,11,0.44,0,51
2861,1,0,0.0,0.44,11,0.44,0,51
2862,2,1,-7.3913045,0.48,12,0.48,0,51
2863,2,1,18.83556,0.52,13,0.52,0,51
2864,2,1,17.849766,0.56,14,0.56,0,51
2865,2,1,13.58435,0.6,15,0.6,0,51
2866,0,-1,11.7863245,0.56,14,0.56,0,51
2867,1,0,0.0,0.56,14,0.56,0,51
2868,1,0,0.0,0.56,14,0.56,0,51
2869,0,-1,9.921343,0.52,13,0.52,0,51
2870,2,1,13.310331,0.56,14,0.56,0,51
2871,1,0,0.0,0.56,14,0.56,0,51
2872,2,1,9.395423,0.6,15,0.6,0,51
2873,2,1,-100.0,0.0,0,0.0,0,51
2874,2,1,28.364332,0.2,5,0.2,0,52
2875,2,1,28.208652,0.24,6,0.24,0,52
2876,2,1,26.773045,0.28,7,0.28,0,52
2877,1,0,0.0,0.28,7,0.28,0,52
2878,2,1,-4.847297,0.32,8,0.32,0,52
2879,1,0,0.0,0.32,8,0.32,0,52
2880,2,1,24.37198,0.36,9,0.36,0,52
2881,2,1,22.671667,0.4,10,0.4,0,52
2882,2,1,21.736273,0.44,11,0.44,0,52
2883,1,0,0.0,0.44,11,0.44,0,52
2884,1,0,0.0,0.44,11,0.44,0,52
2885,1,0,0.0,0.44,11,0.44,0,52
2886,0,-1,6.5201416,0.4,10,0.4,0,52
2887,2,1,-6.5202236,0.44,11,0.44,0,52
2888,2,1,19.372663,0.48,12,0.48,0,52
2889,0,-1,-0.0,0.48,12,0.48,0,52
2890,2,1,19.544647,0.52,13,0.52,0,52
2891,1,0,0.0,0.52,13,0.52,0,52
2892,0,-1,8.497722,0.48,12,0.48,0,52
2893,2,1,-8.497722,0.52,13,0.52,0,52
2894,2,1,17.411856,0.56,14,0.56,0,52
2895,2,1,15.984867,0.6,15,0.6,0,52
2896,0,-1,-14.977644,0.56,14,0.56,0,52
2897,1,0,0.0,0.56,14,0.56,0,52
2898,2,1,14.977644,0.6,15,0.6,0,52
2899,2,1,10.837887,0.64,16,0.64,0,52
2900,2,1,8.404402,0.68,17,0.68,0,52
2901,0,-1,-9.028621,0.64,16,0.64,0,52
2902,1,0,0.0,0.64,16,0.64,0,52
2903,1,0,0.0,0.64,16,0.64,0,52
2904,1,0,0.0,0.64,16,0.64,0,52
2905,1,0,0.0,0.64,16,0.64,0,52
2906,2,1,8.050396,0.68,17,0.68,0,52
2907,1,0,0.0,0.68,17,0.68,0,52
2908,2,1,2.695434,0.72,18,0.72,0,52
2909,2,1,-6.3453,0.76,19,0.76,0,52
2910,0,-1,-0.0,0.76,19,0.76,0,52
2911,2,1,-18.63777,0.8,20,0.8,0,52
2912,2,1,-39.695206,0.84,21,0.84,0,52
2913,2,1,-81.22465,0.88,22,0.88,0,52
2914,2,1,-185.63393,0.92,23,0.92,0,52
2915,2,1,-598.70465,0.96,24,0.96,0,52
2916,0,-1,625.2653,0.92,23,0.92,0,52
2917,2,1,-604.02563,0.96,24,0.96,0,52
2918,1,0,0.0,0.96,24,0.96,0,52
2919,2,1,23.659153,1.0,25,1.0,0,52
2920,1,0,-1000.0,0.0,0,0.0,0,52
2921,2,1,-4.1407347,0.2,5,0.2,0,53
2922,2,1,28.208652,0.24,6,0.24,0,53
2923,2,1,-4.515744,0.28,7,0.28,0,53
2924,2,1,26.436209,0.32,8,0.32,0,53
2925,2,1,24.369835,0.36,9,0.36,0,53
2926,2,1,21.941185,0.4,10,0.4,0,53
2927,0,-1,5.829036,0.36,9,0.36,0,53
2928,0,-1,5.27981,0.32,8,0.32,0,53
2929,1,0,0.0,0.32,8,0.32,0,53
2930,2,1,20.50539,0.36,9,0.36,0,53
2931,0,-1,-0.0,0.36,9,0.36,0,53
2932,2,1,26.67603,0.4,10,0.4,0,53
2933,1,0,0.0,0.4,10,0.4,0,53
2934,2,1,21.976542,0.44,11,0.44,0,53
2935,2,1,19.940758,0.48,12,0.48,0,53
2936,2,1,18.264599,0.52,13,0.52,0,53
2937,2,1,15.667396,0.56,14,0.56,0,53
2938,2,1,13.336845,0.6,15,0.6,0,53
2939,1,0,0.0,0.6,15,0.6,0,53
2940,2,1,9.372388,0.64,16,0.64,0,53
2941,2,1,10.307021,0.68,17,0.68,0,53
2942,0,-1,-0.0,0.68,17,0.68,0,53
2943,2,1,2.1639507,0.72,18,0.72,0,53
2944,2,1,-6.345526,0.76,19,0.76,0,53
2945,2,1,-18.528736,0.8,20,0.8,0,53
2946,2,1,-37.43349,0.84,21,0.84,0,53
2947,0,-1,37.9644,0.8,20,0.8,0,53
2948,2,1,-39.456223,0.84,21,0.84,0,53
2949,2,1,-82.7614,0.88,22,0.88,0,53
2950,2,1,-187.00772,0.92,23,0.92,0,53
2951,0,-1,180.568,0.88,22,0.88,0,53
2952,2,1,-183.77118,0.92,23,0.92,0,53
2953,2,1,-603.86176,0.96,24,0.96,0,53
2954,2,1,-100.0,0.0,0,0.0,0,53
2955,0,-1,-0.0,0.16,4,0.16,0,54
2956,2,1,-4.1407347,0.2,5,0.2,0,54
2957,0,-1,4.1407347,0.16,4,0.16,0,54
2958,2,1,28.364332,0.2,5,0.2,0,54
2959,2,1,28.208652,0.24,6,0.24,0,54
2960,1,0,0.0,0.24,6,0.24,0,54
2961,1,0,0.0,0.24,6,0.24,0,54
2962,1,0,0.0,0.24,6,0.24,0,54
2963,2,1,-4.515744,0.28,7,0.28,0,54
2964,0,-1,4.515744,0.24,6,0.24,0,54
2965,2,1,26.773045,0.28,7,0.28,0,54
2966,0,-1,-26.773045,0.24,6,0.24,0,54
2967,0,-1,-0.0,0.24,6,0.24,0,54
2968,1,0,0.0,0.24,6,0.24,0,54
2969,2,1,26.773045,0.28,7,0.28,0,54
2970,1,0,0.0,0.28,7,0.28,0,54
2971,2,1,23.409119,0.32,8,0.32,0,54
2972,1,0,0.0,0.32,8,0.32,0,54
2973,2,1,26.003696,0.36,9,0.36,0,54
2974,2,1,-5.828954,0.4,10,0.4,0,54
2975,0,-1,-22.427462,0.36,9,0.36,0,54
2976,1,0,0.0,0.36,9,0.36,0,54
2977,1,0,0.0,0.36,9,0.36,0,54
2978,2,1,23.820692,0.4,10,0.4,0,54
2979,0,-1,-23.820692,0.36,9,0.36,0,54
2980,0,-1,-26.003696,0.32,8,0.32,0,54
2981,2,1,-5.280317,0.36,9,0.36,0,54
2982,2,1,23.822836,0.4,10,0.4,0,54
2983,0,-1,-26.658304,0.36,9,0.36,0,54
2984,2,1,-5.82959,0.4,10,0.4,0,54
2985,2,1,25.967117,0.44,11,0.44,1,54
2986,1,0,0.0,0.44,11,0.44,0,54
2987,1,0,0.0,0.44,11,0.44,0,54
2988,0,-1,-25.941753,0.4,10,0.4,0,54
2989,1,0,0.0,0.4,10,0.4,0,54
2990,0,-1,-0.0,0.4,10,0.4,0,54
2991,0,-1,-19.068535,0.36,9,0.36,0,54
2992,0,-1,-19.762054,0.32,8,0.32,0,54
2993,2,1,-5.2799067,0.36,9,0.36,0,54
2994,2,1,22.17461,0.4,10,0.4,0,54
2995,0,-1,5.8290505,0.36,9,0.36,0,54
2996,2,1,22.181377,0.4,10,0.4,0,54
2997,2,1,20.794722,0.44,11,0.44,0,54
2998,2,1,17.875437,0.48,12,0.48,0,54
2999,2,1,14.737359,0.52,13,0.52,0,54
3000,2,1,11.23828,0.56,14,0.56,0,54
3001,2,1,-100.0,0.0,0,0.0,0,54
3002,2,1,28.364332,0.2,5,0.2,0,55
3003,2,1,-4.278605,0.24,6,0.24,0,55
3004,2,1,26.773045,0.28,7,0.28,0,55
3005,2,1,-4.8479395,0.32,8,0.32,0,55
3006,0,-1,-26.441492,0.28,7,0.28,0,55
3007,1,0,0.0,0.28,7,0.28,0,55
3008,2,1,-4.847379,0.32,8,0.32,0,55
3009,1,0,0.0,0.32,8,0.32,0,55
3010,2,1,-5.2804456,0.36,9,0.36,0,55
3011,0,-1,-0.0,0.36,9,0.36,0,55
3012,2,1,-5.8296223,0.4,10,0.4,0,55
3013,2,1,21.522146,0.44,11,0.44,0,55
3014,0,-1,-21.522146,0.4,10,0.4,0,55
3015,2,1,-6.5208097,0.44,11,0.44,0,55
3016,0,-1,6.5208097,0.4,10,0.4,0,55
3017,2,1,-6.520809,0.44,11,0.44,0,55
3018,2,1,-7.3917294,0.48,12,0.48,0,55
3019,1,0,0.0,0.48,12,0.48,0,55
3020,0,-1,7.39189,0.44,11,0.44,0,55
3021,0,-1,6.5208097,0.4,10,0.4,1,55
3022,2,1,-6.5208097,0.44,11,0.44,0,55
3023,2,1,20.453756,0.48,12,0.48,0,55
3024,1,0,0.0,0.48,12,0.48,0,55
3025,0,-1,7.391891,0.44,11,0.44,0,55
3026,1,0,0.0,0.44,11,0.44,0,55
3027,2,1,23.796354,0.48,12,0.48,0,55
3028,2,1,20.693417,0.52,13,0.52,0,55
3029,2,1,-9.921862,0.56,14,0.56,0,55
3030,2,1,15.55466,0.6,15,0.6,0,55
3031,2,1,10.936068,0.64,16,0.64,0,55
3032,1,0,0.0,0.64,16,0.64,0,55
3033,2,1,8.96729,0.68,17,0.68,0,55
3034,2,1,2.6091604,0.72,18,0.72,0,55
3035,2,1,-6.9962325,0.76,19,0.76,0,55
3036,0,-1,3.0758677,0.72,18,0.72,0,55
3037,0,-1,-0.0,0.72,18,0.72,0,55
3038,1,0,0.0,0.72,18,0.72,0,55
3039,2,1,-30.097872,0.76,19,0.76,0,55
3040,0,-1,30.097866,0.72,18,0.72,0,55
3041,2,1,-9.050429,0.76,19,0.76,0,55
3042,1,0,0.0,0.76,19,0.76,0,55
3043,1,0,0.0,0.76,19,0.76,0,55
3044,2,1,-22.392551,0.8,20,0.8,0,55
3045,1,0,0.0,0.8,20,0.8,0,55
3046,2,1,-39.594448,0.84,21,0.84,0,55
3047,2,1,-81.25957,0.88,22,0.88,0,55
3048,1,0,0.0,0.88,22,0.88,0,55
3049,2,1,-191.48723,0.92,23,0.92,0,55
3050,2,1,-599.23645,0.96,24,0.96,0,55
3051,2,1,21.13204,1.0,25,1.0,0,55
3052,0,-1,-1000.0,0.0,0,0.0,0,55
3053,0,-1,-0.0,0.16,4,0.16,0,56
3054,2,1,28.364332,0.2,5,0.2,0,56
3055,2,1,27.010183,0.24,6,0.24,0,56
3056,2,1,-4.515826,0.28,7,0.28,0,56
3057,2,1,-4.8479323,0.32,8,0.32,0,56
3058,2,1,-5.280318,0.36,9,0.36,0,56
3059,1,0,0.0,0.36,9,0.36,0,56
3060,2,1,23.822836,0.4,10,0.4,0,56
3061,1,0,0.0,0.4,10,0.4,0,56
3062,0,-1,-0.0,0.4,10,0.4,0,56
3063,2,1,-6.520809,0.44,11,0.44,0,56
3064,1,0,0.0,0.44,11,0.44,0,56
3065,0,-1,6.520809,0.4,10,0.4,0,56
3066,0,-1,5.8295894,0.36,9,0.36,0,56
3067,0,-1,-0.0,0.36,9,0.36,0,56
3068,2,1,21.942156,0.4,10,0.4,0,56
3069,2,1,19.26552,0.44,11,0.44,0,56
3070,2,1,19.941977,0.48,12,0.48,0,56
3071,0,-1,7.3917303,0.44,11,0.44,0,56
3072,1,0,0.0,0.44,11,0.44,0,56
3073,2,1,17.732517,0.48,12,0.48,0,56
3074,1,0,0.0,0.48,12,0.48,0,56
3075,2,1,15.254294,0.52,13,0.52,0,56
3076,0,-1,8.497722,0.48,12,0.48,0,56
3077,2,1,17.091612,0.52,13,0.52,0,56
3078,1,0,0.0,0.52,13,0.52,0,56
3079,2,1,11.773694,0.56,14,0.56,0,56
3080,2,1,-100.0,0.0,0,0.0,0,56
3081,2,1,28.346605,0.2,5,0.2,0,57
3082,2,1,27.0049,0.24,6,0.24,0,57
3083,1,0,0.0,0.24,6,0.24,0,57
3084,2,1,27.98924,0.28,7,0.28,0,57
3085,1,0,0.0,0.28,7,0.28,0,57
3086,1,0,0.0,0.28,7,0.28,0,57
3087,1,0,0.0,0.28,7,0.28,0,57
3088,2,1,23.19499,0.32,8,0.32,0,57
3089,2,1,26.008978,0.36,9,0.36,0,57
3090,2,1,22.671667,0.4,10,0.4,0,57
3091,1,0,0.0,0.4,10,0.4,0,57
3092,2,1,23.131649,0.44,11,0.44,0,57
3093,1,0,0.0,0.44,11,0.44,0,57
3094,2,1,-7.3913045,0.48,12,0.48,0,57
3095,0,-1,-21.109398,0.44,11,0.44,0,57
3096,0,-1,-21.522146,0.4,10,0.4,0,57
3097,0,-1,5.829036,0.36,9,0.36,0,57
3098,2,1,21.504246,0.4,10,0.4,0,57
3099,1,0,0.0,0.4,10,0.4,0,57
3100,1,0,0.0,0.4,10,0.4,0,57
3101,1,0,0.0,0.4,10,0.4,0,57
3102,1,0,0.0,0.4,10,0.4,0,57
3103,2,1,21.976542,0.44,11,0.44,0,57
3104,2,1,17.732517,0.48,12,0.48,0,57
3105,2,1,20.002981,0.52,13,0.52,0,57
3106,2,1,18.335072,0.56,14,0.56,0,57
3107,2,1,11.190125,0.6,15,0.6,0,57
3108,1,0,0.0,0.6,15,0.6,0,57
3109,2,1,6.644675,0.64,16,0.64,0,57
3110,2,1,9.028621,0.68,17,0.68,0,57
3111,2,1,6.9744883,0.72,18,0.72,0,57
3112,2,1,-5.2573667,0.76,19,0.76,0,57
3113,1,0,0.0,0.76,19,0.76,0,57
3114,0,-1,1.8408189,0.72,18,0.72,0,57
3115,0,-1,-0.0,0.72,18,0.72,0,57
3116,1,0,0.0,0.72,18,0.72,0,57
3117,1,0,0.0,0.72,18,0.72,0,57
3118,1,0,0.0,0.72,18,0.72,0,57
3119,0,-1,-2.16471,0.68,17,0.68,0,57
3120,2,1,5.0959516,0.72,18,0.72,0,57
3121,2,1,-2.327096,0.76,19,0.76,0,57
3122,0,-1,3.3333473,0.72,18,0.72,0,57
3123,1,0,0.0,0.72,18,0.72,0,57
3124,2,1,-4.3115716,0.76,19,0.76,0,57
3125,1,0,0.0,0.76,19,0.76,0,57
3126,2,1,-16.200136,0.8,20,0.8,0,57
3127,0,-1,-0.0,0.8,20,0.8,0,57
3128,2,1,-34.547096,0.84,21,0.84,0,57
3129,0,-1,34.547096,0.8,20,0.8,0,57
3130,2,1,-39.695206,0.84,21,0.84,0,57
3131,0,-1,-0.0,0.84,21,0.84,0,57
3132,0,-1,-0.0,0.84,21,0.84,0,57
3133,0,-1,-0.0,0.84,21,0.84,0,57
3134,2,1,-78.86707,0.88,22,0.88,0,57
3135,2,1,-181.8464,0.92,23,0.92,0,57
3136,2,1,-599.89465,0.96,24,0.96,0,57
3137,1,0,0.0,0.96,24,0.96,0,57
3138,2,1,-100.0,0.0,0,0.0,0,57
3139,2,1,-4.1406527,0.2,5,0.2,0,58
3140,2,1,-4.279112,0.24,6,0.24,0,58
3141,1,0,0.0,0.24,6,0.24,0,58
3142,0,-1,4.279112,0.2,5,0.2,0,58
3143,1,0,0.0,0.2,5,0.2,0,58
3144,2,1,-4.2792473,0.24,6,0.24,0,58
3145,0,-1,4.2792473,0.2,5,0.2,0,58
3146,2,1,-4.278687,0.24,6,0.24,0,58
3147,0,-1,4.278687,0.2,5,0.2,1,58
3148,1,0,0.0,0.2,5,0.2,0,58
3149,2,1,28.049686,0.24,6,0.24,0,58
3150,1,0,0.0,0.24,6,0.24,0,58
3151,2,1,26.599482,0.28,7,0.28,0,58
3152,2,1,27.606607,0.32,8,0.32,0,58
3153,0,-1,-24.84775,0.28,7,0.28,0,58
3154,2,1,26.251492,0.32,8,0.32,0,58
3155,2,1,24.010193,0.36,9,0.36,0,58
3156,2,1,23.682623,0.4,10,0.4,0,58
3157,2,1,22.93292,0.44,11,0.44,0,58
3158,2,1,19.937407,0.48,12,0.48,0,58
3159,0,-1,-0.0,0.48,12,0.48,0,58
3160,2,1,18.67864,0.52,13,0.52,0,58
3161,0,-1,-20.955423,0.48,12,0.48,0,58
3162,0,-1,-0.0,0.48,12,0.48,0,58
3163,0,-1,-0.0,0.48,12,0.48,0,58
3164,1,0,0.0,0.48,12,0.48,0,58
3165,2,1,16.725327,0.52,13,0.52,0,58
3166,0,-1,-16.725327,0.48,12,0.48,0,58
3167,2,1,16.692684,0.52,13,0.52,0,58
3168,2,1,13.159167,0.56,14,0.56,0,58
3169,0,-1,-0.0,0.56,14,0.56,0,58
3170,2,1,17.66682,0.6,15,0.6,0,58
3171,1,0,0.0,0.6,15,0.6,0,58
3172,0,-1,-0.0,0.6,15,0.6,0,58
3173,2,1,8.854437,0.64,16,0.64,0,58
3174,1,0,0.0,0.64,16,0.64,0,58
3175,2,1,3.3108346,0.68,17,0.68,0,58
3176,2,1,-1.6589444,0.72,18,0.72,0,58
3177,2,1,-2.4530256,0.76,19,0.76,1,58
3178,1,0,0.0,0.76,19,0.76,0,58
3179,2,1,-14.906964,0.8,20,0.8,0,58
3180,0,-1,12.532304,0.76,19,0.76,0,58
3181,2,1,-100.0,0.0,0,0.0,0,58
3182,2,1,-4.1407347,0.2,5,0.2,0,59
3183,2,1,28.22638,0.24,6,0.24,0,59
3184,0,-1,4.278687,0.2,5,0.2,0,59
3185,2,1,28.208652,0.24,6,0.24,0,59
3186,0,-1,-28.208652,0.2,5,0.2,0,59
3187,2,1,-4.278605,0.24,6,0.24,0,59
3188,1,0,0.0,0.24,6,0.24,0,59
3189,2,1,-4.516251,0.28,7,0.28,0,59
3190,1,0,0.0,0.28,7,0.28,0,59
3191,2,1,27.639961,0.32,8,0.32,0,59
3192,0,-1,-0.0,0.32,8,0.32,0,59
3193,1,0,0.0,0.32,8,0.32,0,59
3194,0,-1,-0.0,0.32,8,0.32,0,59
3195,2,1,26.003696,0.36,9,0.36,0,59
3196,2,1,25.459835,0.4,10,0.4,0,59
3197,1,0,0.0,0.4,10,0.4,0,59
3198,0,-1,-25.459835,0.36,9,0.36,0,59
3199,0,-1,-0.0,0.36,9,0.36,0,59
3200,2,1,-5.82959,0.4,10,0.4,0,59
3201,2,1,-6.5202236,0.44,11,0.44,0,59
3202,2,1,-7.3918905,0.48,12,0.48,0,59
3203,1,0,0.0,0.48,12,0.48,0,59
3204,2,1,22.79115,0.52,13,0.52,0,59
3205,1,0,0.0,0.52,13,0.52,0,59
3206,0,-1,-22.79115,0.48,12,0.48,0,59
3207,1,0,0.0,0.48,12,0.48,0,59
3208,2,1,-8.498311,0.52,13,0.52,0,59
3209,2,1,-9.92201,0.56,14,0.56,0,59
3210,0,-1,9.92201,0.52,13,0.52,0,59
3211,0,-1,8.498311,0.48,12,0.48,0,59
3212,2,1,22.79115,0.52,13,0.52,0,59
3213,1,0,0.0,0.52,13,0.52,0,59
3214,0,-1,8.498307,0.48,12,0.48,0,59
3215,2,1,20.002981,0.52,13,0.52,0,59
3216,0,-1,-0.0,0.52,13,0.52,0,59
3217,0,-1,-0.0,0.52,13,0.52,0,59
3218,2,1,18.57534,0.56,14,0.56,0,59
3219,2,1,14.977644,0.6,15,0.6,0,59
3220,0,-1,-16.710442,0.56,14,0.56,0,59
3221,1,0,0.0,0.56,14,0.56,0,59
3222,1,0,0.0,0.56,14,0.56,0,59
3223,2,1,14.149434,0.6,15,0.6,0,59
3224,1,0,0.0,0.6,15,0.6,0,59
3225,0,-1,-14.149434,0.56,14,0.56,0,59
3226,1,0,0.0,0.56,14,0.56,0,59
3227,0,-1,9.921425,0.52,13,0.52,0,59
3228,2,1,19.730448,0.56,14,0.56,0,59
3229,0,-1,-0.0,0.56,14,0.56,0,59
3230,0,-1,-0.0,0.56,14,0.56,0,59
3231,1,0,0.0,0.56,14,0.56,0,59
3232,0,-1,-0.0,0.56,14,0.56,0,59
3233,0,-1,-0.0,0.56,14,0.56,0,59
3234,1,0,0.0,0.56,14,0.56,0,59
3235,1,0,0.0,0.56,14,0.56,0,59
3236,1,0,0.0,0.56,14,0.56,0,59
3237,0,-1,-0.0,0.56,14,0.56,0,59
3238,0,-1,-0.0,0.56,14,0.56,0,59
3239,0,-1,-0.0,0.56,14,0.56,0,59
3240,1,0,0.0,0.56,14,0.56,0,59
3241,2,1,13.053625,0.6,15,0.6,0,59
3242,1,0,0.0,0.6,15,0.6,0,59
3243,0,-1,-0.0,0.6,15,0.6,0,59
3244,2,1,13.047345,0.64,16,0.64,0,59
3245,2,1,10.035843,0.68,17,0.68,0,59
3246,2,1,6.9744883,0.72,18,0.72,0,59
3247,2,1,-7.4161754,0.76,19,0.76,0,59
3248,2,1,-16.614744,0.8,20,0.8,0,59
3249,2,1,-39.571835,0.84,21,0.84,0,59
3250,2,1,-78.86707,0.88,22,0.88,0,59
3251,2,1,-182.82463,0.92,23,0.92,0,59
3252,2,1,-601.8084,0.96,24,0.96,0,59
3253,2,1,22.835196,1.0,25,1.0,0,59
3254,1,0,-1000.0,0.0,0,0.0,0,59
3255,0,-1,-0.0,0.16,4,0.16,0,60
3256,2,1,-4.1407347,0.2,5,0.2,0,60
3257,1,0,0.0,0.2,5,0.2,0,60
3258,2,1,-4.279113,0.24,6,0.24,0,60
3259,1,0,0.0,0.24,6,0.24,0,60
3260,2,1,-4.51638,0.28,7,0.28,0,60
3261,1,0,0.0,0.28,7,0.28,0,60
3262,0,-1,4.51638,0.24,6,0.24,0,60
3263,0,-1,-0.0,0.24,6,0.24,0,60
3264,2,1,27.971514,0.28,7,0.28,0,60
3265,1,0,0.0,0.28,7,0.28,0,60
3266,0,-1,4.516252,0.24,6,0.24,0,60
3267,2,1,27.98924,0.28,7,0.28,0,60
3268,1,0,0.0,0.28,7,0.28,0,60
3269,2,1,26.436209,0.32,8,0.32,0,60
3270,2,1,24.369835,0.36,9,0.36,0,60
3271,2,1,21.941185,0.4,10,0.4,0,60
3272,2,1,19.068598,0.44,11,0.44,0,60
3273,2,1,16.168823,0.48,12,0.48,0,60
3274,2,1,14.95896,0.52,13,0.52,0,60
3275,2,1,11.584248,0.56,14,0.56,0,60
3276,0,-1,-13.535256,0.52,13,0.52,0,60
3277,2,1,-100.0,0.0,0,0.0,0,60
3278,2,1,28.364332,0.2,5,0.2,0,61
3279,2,1,23.763681,0.24,6,0.24,0,61
3280,2,1,27.971514,0.28,7,0.28,0,61
3281,2,1,26.441492,0.32,8,0.32,0,61
3282,1,0,0.0,0.32,8,0.32,0,61
3283,2,1,22.976604,0.36,9,0.36,0,61
3284,2,1,22.671667,0.4,10,0.4,0,61
3285,1,0,0.0,0.4,10,0.4,0,61
3286,2,1,20.040491,0.44,11,0.44,0,61
3287,1,0,0.0,0.44,11,0.44,0,61
3288,1,0,0.0,0.44,11,0.44,0,61
3289,1,0,0.0,0.44,11,0.44,0,61
3290,0,-1,-21.522146,0.4,10,0.4,0,61
3291,0,-1,-0.0,0.4,10,0.4,0,61
3292,2,1,23.131649,0.44,11,0.44,0,61
3293,1,0,0.0,0.44,11,0.44,0,61
3294,1,0,0.0,0.44,11,0.44,0,61
3295,2,1,18.544453,0.48,12,0.48,0,61
3296,1,0,0.0,0.48,12,0.48,0,61
3297,1,0,0.0,0.48,12,0.48,0,61
3298,2,1,19.27347,0.52,13,0.52,0,61
3299,2,1,15.345761,0.56,14,0.56,0,61
3300,1,0,0.0,0.56,14,0.56,0,61
3301,2,1,19.497263,0.6,15,0.6,0,61
3302,0,-1,-0.0,0.6,15,0.6,0,61
3303,2,1,13.047345,0.64,16,0.64,0,61
3304,2,1,11.914379,0.68,17,0.68,0,61
3305,0,-1,-8.20041,0.64,16,0.64,0,61
3306,1,0,0.0,0.64,16,0.64,0,61
3307,1,0,0.0,0.64,16,0.64,0,61
3308,2,1,9.596714,0.68,17,0.68,0,61
3309,2,1,2.4479303,0.72,18,0.72,0,61
3310,0,-1,-0.0,0.72,18,0.72,0,61
3311,2,1,-6.6230507,0.76,19,0.76,0,61
3312,2,1,-16.861593,0.8,20,0.8,0,61
3313,1,0,0.0,0.8,20,0.8,0,61
3314,1,0,0.0,0.8,20,0.8,0,61
3315,2,1,-39.82714,0.84,21,0.84,0,61
3316,0,-1,39.329327,0.8,20,0.8,0,61
3317,2,1,-37.21426,0.84,21,0.84,0,61
3318,2,1,-79.08573,0.88,22,0.88,0,61
3319,1,0,0.0,0.88,22,0.88,0,61
3320,0,-1,79.33324,0.84,21,0.84,0,61
3321,0,-1,34.30289,0.8,20,0.8,0,61
3322,2,1,-39.571835,0.84,21,0.84,0,61
3323,2,1,-104.456406,0.88,22,0.88,0,61
3324,0,-1,77.124344,0.84,21,0.84,0,61
3325,2,1,-75.9557,0.88,22,0.88,0,61
3326,2,1,-185.26273,0.92,23,0.92,0,61
3327,0,-1,208.61037,0.88,22,0.88,0,61
3328,2,1,-185.15343,0.92,23,0.92,0,61
3329,0,-1,-0.0,0.92,23,0.92,0,61
3330,0,-1,183.34319,0.88,22,0.88,0,61
3331,2,1,-185.50198,0.92,23,0.92,0,61
3332,2,1,-604.02563,0.96,24,0.96,0,61
3333,0,-1,598.70465,0.92,23,0.92,0,61
3334,2,1,-604.3347,0.96,24,0.96,0,61
3335,2,1,21.12259,1.0,25,1.0,0,61
3336,2,1,-1000.0,0.0,0,0.0,0,61
3337,2,1,28.364332,0.2,5,0.2,0,62
3338,2,1,-4.278687,0.24,6,0.24,0,62
3339,2,1,26.773045,0.28,7,0.28,0,62
3340,0,-1,4.515826,0.24,6,0.24,0,62
3341,2,1,27.971514,0.28,7,0.28,0,62
3342,2,1,26.436209,0.32,8,0.32,0,62
3343,2,1,22.976604,0.36,9,0.36,0,62
3344,2,1,23.822836,0.4,10,0.4,0,62
3345,0,-1,-25.454552,0.36,9,0.36,0,62
3346,2,1,21.504246,0.4,10,0.4,0,62
3347,1,0,0.0,0.4,10,0.4,0,62
3348,2,1,18.85045,0.44,11,0.44,0,62
3349,2,1,15.840451,0.48,12,0.48,0,62
3350,2,1,22.785866,0.52,13,0.52,0,62
3351,2,1,18.57534,0.56,14,0.56,0,62
3352,0,-1,-0.0,0.56,14,0.56,0,62
3353,2,1,9.335672,0.6,15,0.6,0,62
3354,0,-1,-0.0,0.6,15,0.6,0,62
3355,2,1,15.363791,0.64,16,0.64,0,62
3356,0,-1,-0.0,0.64,16,0.64,0,62
3357,2,1,5.6123,0.68,17,0.68,0,62
3358,2,1,4.087081,0.72,18,0.72,0,62
3359,0,-1,-0.0,0.72,18,0.72,0,62
3360,2,1,-3.536602,0.76,19,0.76,0,62
3361,2,1,-100.0,0.0,0,0.0,0,62
3362,0,-1,-0.0,0.16,4,0.16,0,63
3363,2,1,-4.1407347,0.2,5,0.2,0,63
3364,0,-1,4.1407347,0.16,4,0.16,0,63
3365,0,-1,-0.0,0.16,4,0.16,0,63
3366,0,-1,-0.0,0.16,4,0.16,0,63
3367,2,1,28.346605,0.2,5,0.2,0,63
3368,1,0,0.0,0.2,5,0.2,0,63
3369,0,-1,-0.0,0.2,5,0.2,0,63
3370,0,-1,-28.346605,0.16,4,0.16,0,63
3371,2,1,-4.1407347,0.2,5,0.2,0,63
3372,2,1,28.22638,0.24,6,0.24,0,63
3373,2,1,23.526543,0.28,7,0.28,0,63
3374,2,1,26.441492,0.32,8,0.32,0,63
3375,2,1,27.207449,0.36,9,0.36,0,63
3376,2,1,25.454552,0.4,10,0.4,0,63
3377,0,-1,-0.0,0.4,10,0.4,0,63
3378,2,1,-6.520649,0.44,11,0.44,0,63
3379,2,1,22.260569,0.48,12,0.48,0,63
3380,0,-1,-0.0,0.48,12,0.48,0,63
3381,0,-1,-0.0,0.48,12,0.48,0,63
3382,2,1,21.152006,0.52,13,0.52,0,63
3383,2,1,17.411856,0.56,14,0.56,0,63
3384,2,1,15.545738,0.6,15,0.6,0,63
3385,2,1,10.837234,0.64,16,0.64,0,63
3386,2,1,10.035843,0.68,17,0.68,0,63
3387,1,0,0.0,0.68,17,0.68,0,63
3388,2,1,2.695434,0.72,18,0.72,0,63
3389,2,1,-7.121205,0.76,19,0.76,0,63
3390,1,0,0.0,0.76,19,0.76,0,63
3391,2,1,-15.845667,0.8,20,0.8,0,63
3392,1,0,0.0,0.8,20,0.8,0,63
3393,1,0,0.0,0.8,20,0.8,0,63
3394,0,-1,19.009306,0.76,19,0.76,0,63
3395,0,-1,-0.0,0.76,19,0.76,0,63
3396,1,0,0.0,0.76,19,0.76,0,63
3397,0,-1,-0.0,0.76,19,0.76,0,63
3398,1,0,0.0,0.76,19,0.76,0,63
3399,2,1,-18.63777,0.8,20,0.8,0,63
3400,2,1,-37.679768,0.84,21,0.84,0,63
3401,0,-1,-0.0,0.84,21,0.84,0,63
3402,1,0,0.0,0.84,21,0.84,0,63
3403,2,1,-81.22465,0.88,22,0.88,0,63
3404,2,1,-182.82463,0.92,23,0.92,0,63
3405,2,1,-601.0375,0.96,24,0.96,0,63
3406,2,1,21.24028,1.0,25,1.0,0,63
3407,2,1,-1000.0,0.0,0,0.0,0,63
3408,0,-1,-0.0,0.16,4,0.16,0,64
3409,2,1,-4.1406527,0.2,5,0.2,0,64
3410,2,1,28.208652,0.24,6,0.24,0,64
3411,0,-1,4.278605,0.2,5,0.2,0,64
3412,2,1,-4.278687,0.24,6,0.24,0,64
3413,2,1,-4.51638,0.28,7,0.28,0,64
3414,2,1,26.436209,0.32,8,0.32,0,64
3415,0,-1,-0.0,0.32,8,0.32,0,64
3416,1,0,0.0,0.32,8,0.32,0,64
3417,0,-1,4.8479323,0.28,7,0.28,0,64
3418,2,1,24.80235,0.32,8,0.32,0,64
3419,2,1,22.490328,0.36,9,0.36,0,64
3420,0,-1,5.279892,0.32,8,0.32,0,64
3421,1,0,0.0,0.32,8,0.32,0,64
3422,1,0,0.0,0.32,8,0.32,0,64
3423,2,1,20.308928,0.36,9,0.36,0,64
3424,0,-1,-0.0,0.36,9,0.36,0,64
3425,2,1,17.627645,0.4,10,0.4,0,64
3426,0,-1,-17.627645,0.36,9,0.36,0,64
3427,0,-1,-0.0,0.36,9,0.36,0,64
3428,1,0,0.0,0.36,9,0.36,0,64
3429,0,-1,-0.0,0.36,9,0.36,0,64
3430,2,1,19.956245,0.4,10,0.4,0,64
3431,2,1,20.811838,0.44,11,0.44,0,64
3432,2,1,-7.3912225,0.48,12,0.48,0,64
3433,2,1,15.254068,0.52,13,0.52,0,64
3434,0,-1,-0.0,0.52,13,0.52,0,64
3435,1,0,0.0,0.52,13,0.52,0,64
3436,2,1,11.7735815,0.56,14,0.56,0,64
3437,2,1,11.773804,0.6,15,0.6,0,64
3438,2,1,9.170745,0.64,16,0.64,0,64
3439,1,0,0.0,0.64,16,0.64,0,64
3440,2,1,7.6347513,0.68,17,0.68,0,64
3441,2,1,5.581258,0.72,18,0.72,0,64
3442,2,1,-8.693731,0.76,19,0.76,0,64
3443,2,1,-18.753956,0.8,20,0.8,0,64
3444,2,1,-41.681744,0.84,21,0.84,0,64
3445,2,1,-71.95134,0.88,22,0.88,0,64
3446,0,-1,-0.0,0.88,22,0.88,0,64
3447,2,1,-187.15506,0.92,23,0.92,0,64
3448,2,1,-100.0,0.0,0,0.0,0,64
3449,0,-1,-0.0,0.16,4,0.16,0,65
3450,0,-1,-0.0,0.16,4,0.16,0,65
3451,2,1,28.346605,0.2,5,0.2,0,65
3452,2,1,-4.278605,0.24,6,0.24,0,65
3453,0,-1,4.278605,0.2,5,0.2,0,65
3454,1,0,0.0,0.2,5,0.2,0,65
3455,1,0,0.0,0.2,5,0.2,0,65
3456,1,0,0.0,0.2,5,0.2,0,65
3457,2,1,28.22638,0.24,6,0.24,0,65
3458,0,-1,-0.0,0.24,6,0.24,0,65
3459,1,0,0.0,0.24,6,0.24,0,65
3460,2,1,23.740671,0.28,7,0.28,0,65
3461,2,1,21.156033,0.32,8,0.32,0,65
3462,2,1,-5.279892,0.36,9,0.36,0,65
3463,0,-1,-20.723518,0.32,8,0.32,0,65
3464,1,0,0.0,0.32,8,0.32,0,65
3465,2,1,-5.280318,0.36,9,0.36,0,65
3466,1,0,0.0,0.36,9,0.36,0,65
3467,1,0,0.0,0.36,9,0.36,0,65
3468,1,0,0.0,0.36,9,0.36,0,65
3469,0,-1,5.280318,0.32,8,0.32,0,65
3470,2,1,26.008978,0.36,9,0.36,0,65
3471,2,1,25.454552,0.4,10,0.4,0,65
3472,2,1,23.129503,0.44,11,0.44,0,65
3473,1,0,0.0,0.44,11,0.44,0,65
3474,2,1,21.105461,0.48,12,0.48,0,65
3475,2,1,18.264599,0.52,13,0.52,0,65
3476,2,1,18.579277,0.56,14,0.56,0,65
3477,2,1,14.977644,0.6,15,0.6,0,65
3478,2,1,10.553254,0.64,16,0.64,0,65
3479,2,1,7.1046014,0.68,17,0.68,0,65
3480,2,1,1.8288426,0.72,18,0.72,0,65
3481,1,0,0.0,0.72,18,0.72,0,65
3482,2,1,-7.4165716,0.76,19,0.76,0,65
3483,1,0,0.0,0.76,19,0.76,0,65
3484,1,0,0.0,0.76,19,0.76,1,65
3485,2,1,-19.15716,0.8,20,0.8,0,65
3486,2,1,-35.035824,0.84,21,0.84,0,65
3487,0,-1,48.84089,0.8,20,0.8,0,65
3488,0,-1,-0.0,0.8,20,0.8,0,65
3489,0,-1,-0.0,0.8,20,0.8,0,65
3490,2,1,-34.765034,0.84,21,0.84,0,65
3491,1,0,0.0,0.84,21,0.84,0,65
3492,1,0,0.0,0.84,21,0.84,0,65
3493,0,-1,-0.0,0.84,21,0.84,0,65
3494,0,-1,34.538963,0.8,20,0.8,0,65
3495,2,1,-33.151463,0.84,21,0.84,0,65
3496,0,-1,39.975334,0.8,20,0.8,0,65
3497,0,-1,19.308676,0.76,19,0.76,0,65
3498,1,0,0.0,0.76,19,0.76,0,65
3499,2,1,-16.399183,0.8,20,0.8,0,65
3500,2,1,-39.245983,0.84,21,0.84,0,65
3501,2,1,-83.00366,0.88,22,0.88,0,65
3502,1,0,0.0,0.88,22,0.88,0,65
3503,2,1,-181.28139,0.92,23,0.92,0,65
3504,2,1,-597.49774,0.96,24,0.96,0,65
3505,1,0,0.0,0.96,24,0.96,0,65
3506,2,1,-100.0,0.0,0,0.0,0,65
3507,1,0,0.0,0.16,4,0.16,0,66
3508,2,1,-4.1406527,0.2,5,0.2,0,66
3509,2,1,28.208652,0.24,6,0.24,0,66
3510,2,1,26.767761,0.28,7,0.28,0,66
3511,2,1,24.80235,0.32,8,0.32,0,66
3512,2,1,23.216873,0.36,9,0.36,0,66
3513,0,-1,-23.216873,0.32,8,0.32,0,66
3514,1,0,0.0,0.32,8,0.32,0,66
3515,1,0,0.0,0.32,8,0.32,0,66
3516,2,1,23.216873,0.36,9,0.36,0,66
3517,2,1,22.427462,0.4,10,0.4,0,66
3518,2,1,21.249996,0.44,11,0.44,0,66
3519,0,-1,-21.976542,0.4,10,0.4,0,66
3520,1,0,0.0,0.4,10,0.4,0,66
3521,0,-1,-0.0,0.4,10,0.4,0,66
3522,2,1,19.483187,0.44,11,0.44,0,66
3523,2,1,18.393976,0.48,12,0.48,0,66
3524,0,-1,-18.612106,0.44,11,0.44,0,66
3525,1,0,0.0,0.44,11,0.44,0,66
3526,1,0,0.0,0.44,11,0.44,0,66
3527,2,1,16.360485,0.48,12,0.48,0,66
3528,2,1,13.151653,0.52,13,0.52,0,66
3529,2,1,-9.92185,0.56,14,0.56,0,66
3530,2,1,13.802496,0.6,15,0.6,0,66
3531,2,1,13.046126,0.64,16,0.64,0,66
3532,2,1,14.769718,0.68,17,0.68,0,66
3533,2,1,-100.0,0.0,0,0.0,0,66
3534,2,1,28.346605,0.2,5,0.2,0,67
3535,0,-1,-0.0,0.2,5,0.2,0,67
3536,1,0,0.0,0.2,5,0.2,0,67
3537,1,0,0.0,0.2,5,0.2,0,67
3538,0,-1,-28.346605,0.16,4,0.16,0,67
3539,2,1,28.364332,0.2,5,0.2,0,67
3540,2,1,-4.278605,0.24,6,0.24,0,67
3541,1,0,0.0,0.24,6,0.24,0,67
3542,1,0,0.0,0.24,6,0.24,0,67
3543,0,-1,-0.0,0.24,6,0.24,0,67
3544,2,1,26.773045,0.28,7,0.28,0,67
3545,2,1,-4.847804,0.32,8,0.32,0,67
3546,1,0,0.0,0.32,8,0.32,0,67
3547,2,1,24.37198,0.36,9,0.36,0,67
3548,0,-1,-0.0,0.36,9,0.36,0,67
3549,1,0,0.0,0.36,9,0.36,0,67
3550,1,0,0.0,0.36,9,0.36,0,67
3551,0,-1,-0.0,0.36,9,0.36,0,67
3552,2,1,-5.82959,0.4,10,0.4,0,67
3553,0,-1,-0.0,0.4,10,0.4,0,67
3554,2,1,25.967117,0.44,11,0.44,0,67
3555,0,-1,-0.0,0.44,11,0.44,0,67
3556,2,1,-7.3918905,0.48,12,0.48,0,67
3557,2,1,18.83556,0.52,13,0.52,0,67
3558,0,-1,-23.989618,0.48,12,0.48,0,67
3559,1,0,0.0,0.48,12,0.48,0,67
3560,2,1,-8.498313,0.52,13,0.52,0,67
3561,2,1,18.120945,0.56,14,0.56,0,67
3562,2,1,20.701015,0.6,15,0.6,0,67
3563,1,0,0.0,0.6,15,0.6,0,67
3564,2,1,13.485255,0.64,16,0.64,0,67
3565,0,-1,-0.0,0.64,16,0.64,0,67
3566,0,-1,-0.0,0.64,16,0.64,0,67
3567,2,1,-17.735937,0.68,17,0.68,0,67
3568,0,-1,-0.0,0.68,17,0.68,0,67
3569,1,0,0.0,0.68,17,0.68,0,67
3570,0,-1,17.735937,0.64,16,0.64,0,67
3571,0,-1,-0.0,0.64,16,0.64,0,67
3572,0,-1,-13.047345,0.6,15,0.6,0,67
3573,2,1,13.970561,0.64,16,0.64,0,67
3574,2,1,8.050396,0.68,17,0.68,0,67
3575,2,1,8.608348,0.72,18,0.72,0,67
3576,0,-1,-8.608348,0.68,17,0.68,0,67
3577,0,-1,17.735939,0.64,16,0.64,0,67
3578,0,-1,-0.0,0.64,16,0.64,0,67
3579,0,-1,-13.970561,0.6,15,0.6,0,67
3580,1,0,0.0,0.6,15,0.6,0,67
3581,1,0,0.0,0.6,15,0.6,0,67
3582,2,1,9.372625,0.64,16,0.64,0,67
3583,0,-1,14.286522,0.6,15,0.6,0,67
3584,0,-1,11.786878,0.56,14,0.56,0,67
3585,2,1,9.816439,0.6,15,0.6,0,67
3586,2,1,13.047345,0.64,16,0.64,0,67
3587,1,0,0.0,0.64,16,0.64,0,67
3588,2,1,7.6353254,0.68,17,0.68,0,67
3589,2,1,8.608348,0.72,18,0.72,0,67
3590,1,0,0.0,0.72,18,0.72,0,67
3591,2,1,-6.86556,0.76,19,0.76,0,67
3592,2,1,-16.396084,0.8,20,0.8,0,67
3593,1,0,0.0,0.8,20,0.8,0,67
3594,2,1,-100.0,0.0,0,0.0,0,67
3595,2,1,28.346605,0.2,5,0.2,0,68
3596,1,0,0.0,0.2,5,0.2,0,68
3597,2,1,-4.278605,0.24,6,0.24,0,68
3598,2,1,27.98924,0.28,7,0.28,0,68
3599,1,0,0.0,0.28,7,0.28,0,68
3600,2,1,-4.8479395,0.32,8,0.32,0,68
3601,0,-1,-27.657686,0.28,7,0.28,0,68
3602,2,1,26.436209,0.32,8,0.32,0,68
3603,2,1,27.225174,0.36,9,0.36,0,68
3604,1,0,0.0,0.36,9,0.36,0,68
3605,1,0,0.0,0.36,9,0.36,0,68
3606,2,1,23.820692,0.4,10,0.4,0,68
3607,1,0,0.0,0.4,10,0.4,0,68
3608,1,0,0.0,0.4,10,0.4,0,68
3609,2,1,20.811838,0.44,11,0.44,0,68
3610,2,1,20.378916,0.48,12,0.48,0,68
3611,0,-1,-0.0,0.48,12,0.48,0,68
3612,2,1,17.091099,0.52,13,0.52,0,68
3613,2,1,18.57534,0.56,14,0.56,0,68
3614,0,-1,9.921985,0.52,13,0.52,0,68
3615,2,1,16.840895,0.56,14,0.56,0,68
3616,0,-1,9.921343,0.52,13,0.52,0,68
3617,0,-1,-0.0,0.52,13,0.52,0,68
3618,2,1,15.201745,0.56,14,0.56,0,68
3619,2,1,19.502546,0.6,15,0.6,0,68
3620,0,-1,-0.0,0.6,15,0.6,0,68
3621,2,1,10.218146,0.64,16,0.64,0,68
3622,1,0,0.0,0.64,16,0.64,0,68
3623,2,1,7.6347513,0.68,17,0.68,0,68
3624,0,-1,-6.768734,0.64,16,0.64,0,68
3625,2,1,5.3727202,0.68,17,0.68,0,68
3626,0,-1,-0.0,0.68,17,0.68,0,68
3627,1,0,0.0,0.68,17,0.68,0,68
3628,2,1,-1.6788291,0.72,18,0.72,0,68
3629,2,1,-4.3120346,0.76,19,0.76,0,68
3630,2,1,-19.009306,0.8,20,0.8,1,68
3631,2,1,-39.052944,0.84,21,0.84,0,68
3632,2,1,-79.61913,0.88,22,0.88,0,68
3633,0,-1,-0.0,0.88,22,0.88,0,68
3634,2,1,-178.95776,0.92,23,0.92,0,68
3635,1,0,0.0,0.92,23,0.92,0,68
3636,2,1,-597.93115,0.96,24,0.96,0,68
3637,2,1,23.230558,1.0,25,1.0,0,68
3638,1,0,-1000.0,0.0,0,0.0,0,68
3639,2,1,28.346605,0.2,5,0.2,0,69
3640,2,1,-4.278687,0.24,6,0.24,0,69
3641,2,1,23.740671,0.28,7,0.28,0,69
3642,0,-1,-23.740671,0.24,6,0.24,0,69
3643,2,1,27.98924,0.28,7,0.28,0,69
3644,0,-1,-27.971514,0.24,6,0.24,0,69
3645,2,1,-4.515744,0.28,7,0.28,0,69
3646,2,1,-4.847804,0.32,8,0.32,0,69
3647,1,0,0.0,0.32,8,0.32,0,69
3648,2,1,26.008978,0.36,9,0.36,0,69
3649,1,0,0.0,0.36,9,0.36,0,69
3650,1,0,0.0,0.36,9,0.36,0,69
3651,0,-1,5.279892,0.32,8,0.32,0,69
3652,1,0,0.0,0.32,8,0.32,0,69
3653,0,-1,-0.0,0.32,8,0.32,0,69
3654,2,1,27.207449,0.36,9,0.36,0,69
3655,2,1,22.671667,0.4,10,0.4,0,69
3656,2,1,23.131649,0.44,11,0.44,0,69
3657,0,-1,-0.0,0.44,11,0.44,0,69
3658,2,1,20.379887,0.48,12,0.48,0,69
3659,1,0,0.0,0.48,12,0.48,0,69
3660,0,-1,-0.0,0.48,12,0.48,0,69
3661,1,0,0.0,0.48,12,0.48,0,69
3662,2,1,18.83556,0.52,13,0.52,0,69
3663,2,1,15.667908,0.56,14,0.56,0,69
3664,0,-1,9.92185,0.52,13,0.52,0,69
3665,2,1,13.638952,0.56,14,0.56,0,69
3666,2,1,9.669105,0.6,15,0.6,0,69
3667,2,1,11.499808,0.64,16,0.64,0,69
3668,0,-1,-18.201405,0.6,15,0.6,0,69
3669,2,1,11.084738,0.64,16,0.64,0,69
3670,2,1,-100.0,0.0,0,0.0,0,69
3671,2,1,28.346605,0.2,5,0.2,0,70
3672,2,1,23.97781,0.24,6,0.24,0,70
3673,2,1,21.487585,0.28,7,0.28,0,70
3674,0,-1,-0.0,0.28,7,0.28,0,70
3675,2,1,26.436209,0.32,8,0.32,0,70
3676,0,-1,-21.156033,0.28,7,0.28,1,70
3677,2,1,27.662897,0.32,8,0.32,0,70
3678,1,0,0.0,0.32,8,0.32,0,70
3679,2,1,26.019392,0.36,9,0.36,0,70
3680,0,-1,-0.0,0.36,9,0.36,0,70
3681,0,-1,-23.099194,0.32,8,0.32,0,70
3682,2,1,24.358229,0.36,9,0.36,0,70
3683,2,1,22.586359,0.4,10,0.4,0,70
3684,1,0,0.0,0.4,10,0.4,0,70
3685,2,1,19.30349,0.44,11,0.44,0,70
3686,0,-1,-0.0,0.44,11,0.44,0,70
3687,0,-1,-0.0,0.44,11,0.44,0,70
3688,2,1,18.706577,0.48,12,0.48,0,70
3689,1,0,0.0,0.48,12,0.48,0,70
3690,0,-1,-0.0,0.48,12,0.48,0,70
3691,0,-1,-0.0,0.48,12,0.48,0,70
3692,0,-1,-0.0,0.48,12,0.48,0,70
3693,1,0,0.0,0.48,12,0.48,0,70
3694,2,1,21.108196,0.52,13,0.52,0,70
3695,0,-1,-17.60016,0.48,12,0.48,0,70
3696,2,1,18.784483,0.52,13,0.52,0,70
3697,2,1,14.076584,0.56,14,0.56,0,70
3698,1,0,0.0,0.56,14,0.56,0,70
3699,0,-1,-0.0,0.56,14,0.56,0,70
3700,2,1,13.536877,0.6,15,0.6,0,70
3701,1,0,0.0,0.6,15,0.6,0,70
3702,2,1,13.4613085,0.64,16,0.64,0,70
3703,2,1,10.83605,0.68,17,0.68,0,70
3704,1,0,0.0,0.68,17,0.68,0,70
3705,2,1,2.394439,0.72,18,0.72,0,70
3706,1,0,0.0,0.72,18,0.72,0,70
3707,1,0,0.0,0.72,18,0.72,0,70
3708,2,1,-3.2915545,0.76,19,0.76,0,70
3709,0,-1,-0.0,0.76,19,0.76,0,70
3710,1,0,0.0,0.76,19,0.76,0,70
3711,2,1,-13.6534815,0.8,20,0.8,0,70
3712,0,-1,-0.0,0.8,20,0.8,0,70
3713,2,1,-37.232788,0.84,21,0.84,0,70
3714,0,-1,-0.0,0.84,21,0.84,0,70
3715,2,1,-78.69922,0.88,22,0.88,0,70
3716,1,0,0.0,0.88,22,0.88,0,70
3717,2,1,-185.16907,0.92,23,0.92,0,70
3718,2,1,-599.1675,0.96,24,0.96,0,70
3719,2,1,21.387243,1.0,25,1.0,0,70
3720,2,1,-1000.0,0.0,0,0.0,0,70
3721,2,1,28.346605,0.2,5,0.2,0,71
3722,2,1,-4.278605,0.24,6,0.24,0,71
3723,2,1,-4.515826,0.28,7,0.28,0,71
3724,2,1,27.657686,0.32,8,0.32,0,71
3725,1,0,0.0,0.32,8,0.32,0,71
3726,2,1,26.003696,0.36,9,0.36,0,71
3727,1,0,0.0,0.36,9,0.36,0,71
3728,2,1,-5.8295894,0.4,10,0.4,0,71
3729,1,0,0.0,0.4,10,0.4,0,71
3730,0,-1,5.8295894,0.36,9,0.36,0,71
3731,0,-1,-26.003696,0.32,8,0.32,0,71
3732,0,-1,4.847379,0.28,7,0.28,0,71
3733,2,1,26.441492,0.32,8,0.32,0,71
3734,2,1,26.003696,0.36,9,0.36,0,71
3735,0,-1,5.27981,0.32,8,0.32,0,71
3736,1,0,0.0,0.32,8,0.32,0,71
3737,2,1,-5.27981,0.36,9,0.36,0,71
3738,0,-1,-26.008978,0.32,8,0.32,0,71
3739,0,-1,-26.436209,0.28,7,0.28,0,71
3740,1,0,0.0,0.28,7,0.28,0,71
3741,2,1,26.441492,0.32,8,0.32,0,71
3742,2,1,23.22081,0.36,9,0.36,0,71
3743,0,-1,-23.22081,0.32,8,0.32,0,71
3744,1,0,0.0,0.32,8,0.32,0,71
3745,0,-1,-0.0,0.32,8,0.32,0,71
3746,2,1,-5.279892,0.36,9,0.36,0,71
3747,2,1,25.454552,0.4,10,0.4,0,71
3748,2,1,21.976542,0.44,11,0.44,0,71
3749,0,-1,6.5202236,0.4,10,0.4,0,71
3750,2,1,23.131649,0.44,11,0.44,0,71
3751,2,1,19.941977,0.48,12,0.48,0,71
3752,1,0,0.0,0.48,12,0.48,0,71
3753,1,0,0.0,0.48,12,0.48,0,71
3754,2,1,16.872952,0.52,13,0.52,0,71
3755,2,1,19.728302,0.56,14,0.56,0,71
3756,2,1,-11.786749,0.6,15,0.6,0,71
3757,1,0,0.0,0.6,15,0.6,0,71
3758,1,0,0.0,0.6,15,0.6,0,71
3759,0,-1,-0.0,0.6,15,0.6,0,71
3760,2,1,11.647204,0.64,16,0.64,0,71
3761,2,1,10.034872,0.68,17,0.68,0,71
3762,1,0,0.0,0.68,17,0.68,0,71
3763,2,1,3.1100423,0.72,18,0.72,0,71
3764,1,0,0.0,0.72,18,0.72,0,71
3765,1,0,0.0,0.72,18,0.72,0,71
3766,2,1,-2.326125,0.76,19,0.76,0,71
3767,0,-1,30.09774,0.72,18,0.72,0,71
3768,2,1,-1.5966138,0.76,19,0.76,0,71
3769,2,1,-16.861593,0.8,20,0.8,0,71
3770,2,1,-37.21426,0.84,21,0.84,0,71
3771,1,0,0.0,0.84,21,0.84,0,71
3772,0,-1,62.80351,0.8,20,0.8,0,71
3773,2,1,-39.695206,0.84,21,0.84,0,71
3774,2,1,-78.67066,0.88,22,0.88,0,71
3775,2,1,-184.95204,0.92,23,0.92,0,71
3776,2,1,-601.5133,0.96,24,0.96,0,71
3777,0,-1,596.76465,0.92,23,0.92,0,71
3778,0,-1,-0.0,0.92,23,0.92,0,71
3779,2,1,-602.2889,0.96,24,0.96,0,71
3780,1,0,0.0,0.96,24,0.96,0,71
3781,1,0,0.0,0.96,24,0.96,0,71
3782,2,1,21.060907,1.0,25,1.0,0,71
3783,0,-1,-1000.0,0.0,0,0.0,0,71
3784,2,1,28.346605,0.2,5,0.2,0,72
3785,2,1,27.0049,0.24,6,0.24,0,72
3786,2,1,27.98924,0.28,7,0.28,0,72
3787,2,1,-4.847379,0.32,8,0.32,0,72
3788,2,1,-5.280318,0.36,9,0.36,0,72
3789,2,1,-5.829622,0.4,10,0.4,0,72
3790,2,1,-6.5208135,0.44,11,0.44,0,72
3791,1,0,0.0,0.44,11,0.44,0,72
3792,1,0,0.0,0.44,11,0.44,0,72
3793,1,0,0.0,0.44,11,0.44,0,72
3794,0,-1,-25.984842,0.4,10,0.4,0,72
3795,2,1,-6.520815,0.44,11,0.44,0,72
3796,0,-1,6.520815,0.4,10,0.4,0,72
3797,2,1,21.976542,0.44,11,0.44,0,72
3798,1,0,0.0,0.44,11,0.44,0,72
3799,1,0,0.0,0.44,11,0.44,0,72
3800,2,1,-7.391896,0.48,12,0.48,0,72
3801,0,-1,-0.0,0.48,12,0.48,0,72
3802,0,-1,7.391896,0.44,11,0.44,0,72
3803,2,1,-7.391896,0.48,12,0.48,0,72
3804,2,1,24.007345,0.52,13,0.52,0,72
3805,2,1,16.840895,0.56,14,0.56,0,72
3806,1,0,0.0,0.56,14,0.56,0,72
3807,1,0,0.0,0.56,14,0.56,0,72
3808,1,0,0.0,0.56,14,0.56,0,72
3809,0,-1,-0.0,0.56,14,0.56,0,72
3810,0,-1,-0.0,0.56,14,0.56,0,72
3811,2,1,19.502546,0.6,15,0.6,0,72
3812,0,-1,-0.0,0.6,15,0.6,0,72
3813,1,0,0.0,0.6,15,0.6,0,72
3814,1,0,0.0,0.6,15,0.6,0,72
3815,2,1,15.363791,0.64,16,0.64,0,72
3816,1,0,0.0,0.64,16,0.64,0,72
3817,0,-1,14.286528,0.6,15,0.6,0,72
3818,1,0,0.0,0.6,15,0.6,0,72
3819,0,-1,-19.502546,0.56,14,0.56,0,72
3820,1,0,0.0,0.56,14,0.56,0,72
3821,2,1,15.983896,0.6,15,0.6,0,72
3822,0,-1,11.786915,0.56,14,0.56,0,72
3823,2,1,13.802496,0.6,15,0.6,0,72
3824,2,1,13.970561,0.64,16,0.64,0,72
3825,0,-1,14.286522,0.6,15,0.6,0,72
3826,2,1,17.002935,0.64,16,0.64,0,72
3827,2,1,5.8247795,0.68,17,0.68,0,72
3828,2,1,-1.1695675,0.72,18,0.72,0,72
3829,2,1,-100.0,0.0,0,0.0,0,72
3830,0,-1,-0.0,0.16,4,0.16,0,73
3831,0,-1,-0.0,0.16,4,0.16,0,73
3832,0,-1,-0.0,0.16,4,0.16,0,73
3833,2,1,-4.1407347,0.2,5,0.2,0,73
3834,0,-1,4.1407347,0.16,4,0.16,0,73
3835,2,1,-4.1407347,0.2,5,0.2,0,73
3836,2,1,-4.279113,0.24,6,0.24,0,73
3837,0,-1,-0.0,0.24,6,0.24,0,73
3838,2,1,-4.515744,0.28,7,0.28,0,73
3839,1,0,0.0,0.28,7,0.28,0,73
3840,2,1,27.639961,0.32,8,0.32,0,73
3841,2,1,26.003696,0.36,9,0.36,0,73
3842,1,0,0.0,0.36,9,0.36,0,73
3843,2,1,26.67603,0.4,10,0.4,0,73
3844,1,0,0.0,0.4,10,0.4,0,73
3845,1,0,0.0,0.4,10,0.4,0,73
3846,1,0,0.0,0.4,10,0.4,0,73
3847,2,1,21.522146,0.44,11,0.44,0,73
3848,0,-1,6.5201416,0.4,10,0.4,0,73
3849,2,1,21.736273,0.44,11,0.44,0,73
3850,1,0,0.0,0.44,11,0.44,0,73
3851,2,1,22.258423,0.48,12,0.48,0,73
3852,0,-1,-20.865192,0.44,11,0.44,0,73
3853,2,1,20.378916,0.48,12,0.48,0,73
3854,2,1,19.999044,0.52,13,0.52,0,73
3855,2,1,-9.921343,0.56,14,0.56,0,73
3856,0,-1,9.921343,0.52,13,0.52,0,73
3857,2,1,-9.921978,0.56,14,0.56,0,73
3858,2,1,-11.786911,0.6,15,0.6,0,73
3859,2,1,11.302884,0.64,16,0.64,0,73
3860,2,1,5.8247795,0.68,17,0.68,0,73
3861,2,1,8.613631,0.72,18,0.72,0,73
3862,1,0,0.0,0.72,18,0.72,0,73
3863,2,1,-8.6420145,0.76,19,0.76,0,73
3864,2,1,-41.98597,0.8,20,0.8,0,73
3865,1,0,0.0,0.8,20,0.8,0,73
3866,2,1,-100.0,0.0,0,0.0,0,73
3867,2,1,-4.1407347,0.2,5,0.2,0,74
3868,2,1,28.208652,0.24,6,0.24,0,74
3869,1,0,0.0,0.24,6,0.24,0,74
3870,1,0,0.0,0.24,6,0.24,0,74
3871,2,1,26.767761,0.28,7,0.28,0,74
3872,2,1,23.649387,0.32,8,0.32,0,74
3873,2,1,27.225174,0.36,9,0.36,0,74
3874,2,1,22.213333,0.4,10,0.4,0,74
3875,1,0,0.0,0.4,10,0.4,0,74
3876,2,1,24.768646,0.44,11,0.44,0,74
3877,2,1,21.109398,0.48,12,0.48,0,74
3878,2,1,18.264599,0.52,13,0.52,0,74
3879,2,1,14.917766,0.56,14,0.56,0,74
3880,1,0,0.0,0.56,14,0.56,0,74
3881,1,0,0.0,0.56,14,0.56,0,74
3882,2,1,11.047915,0.6,15,0.6,0,74
3883,0,-1,-0.0,0.6,15,0.6,0,74
3884,2,1,6.505241,0.64,16,0.64,0,74
3885,2,1,4.9453964,0.68,17,0.68,0,74
3886,2,1,6.9744883,0.72,18,0.72,0,74
3887,2,1,-0.44544354,0.76,19,0.76,0,74
3888,0,-1,30.097317,0.72,18,0.72,0,74
3889,2,1,-9.5365925,0.76,19,0.76,0,74
3890,0,-1,-0.0,0.76,19,0.76,0,74
3891,2,1,-17.481335,0.8,20,0.8,0,74
3892,1,0,0.0,0.8,20,0.8,0,74
3893,2,1,-35.47031,0.84,21,0.84,0,74
3894,1,0,0.0,0.84,21,0.84,0,74
3895,2,1,-83.81566,0.88,22,0.88,0,74
3896,0,-1,83.81566,0.84,21,0.84,0,74
3897,2,1,-100.0,0.0,0,0.0,0,74
3898,2,1,-4.1407347,0.2,5,0.2,0,75
3899,1,0,0.0,0.2,5,0.2,0,75
3900,0,-1,4.1407347,0.16,4,0.16,0,75
3901,1,0,0.0,0.16,4,0.16,0,75
3902,2,1,-4.1406527,0.2,5,0.2,0,75
3903,0,-1,-0.0,0.2,5,0.2,0,75
3904,2,1,28.22638,0.24,6,0.24,0,75
3905,0,-1,4.278605,0.2,5,0.2,0,75
3906,1,0,0.0,0.2,5,0.2,0,75
3907,0,-1,-0.0,0.2,5,0.2,0,75
3908,2,1,23.763681,0.24,6,0.24,0,75
3909,2,1,27.971514,0.28,7,0.28,0,75
3910,0,-1,-23.526543,0.24,6,0.24,0,75
3911,0,-1,-0.0,0.24,6,0.24,0,75
3912,2,1,26.773045,0.28,7,0.28,0,75
3913,1,0,0.0,0.28,7,0.28,0,75
3914,2,1,-4.847379,0.32,8,0.32,0,75
3915,0,-1,4.847379,0.28,7,0.28,0,75
3916,1,0,0.0,0.28,7,0.28,0,75
3917,0,-1,-0.0,0.28,7,0.28,0,75
3918,2,1,26.436209,0.32,8,0.32,0,75
3919,2,1,24.369835,0.36,9,0.36,0,75
3920,1,0,0.0,0.36,9,0.36,0,75
3921,0,-1,-0.0,0.36,9,0.36,0,75
3922,2,1,23.822836,0.4,10,0.4,0,75
3923,2,1,21.250967,0.44,11,0.44,0,75
3924,1,0,0.0,0.44,11,0.44,0,75
3925,2,1,19.940758,0.48,12,0.48,0,75
3926,0,-1,-0.0,0.48,12,0.48,0,75
3927,1,0,0.0,0.48,12,0.48,0,75
3928,2,1,19.2725,0.52,13,0.52,0,75
3929,2,1,18.120945,0.56,14,0.56,0,75
3930,2,1,16.714378,0.6,15,0.6,0,75
3931,2,1,11.303396,0.64,16,0.64,0,75
3932,0,-1,-14.2147665,0.6,15,0.6,0,75
3933,2,1,14.2147665,0.64,16,0.64,0,75
3934,1,0,0.0,0.64,16,0.64,0,75
3935,2,1,8.050396,0.68,17,0.68,0,75
3936,0,-1,-0.0,0.68,17,0.68,0,75
3937,2,1,2.6948602,0.72,18,0.72,0,75
3938,2,1,-6.640372,0.76,19,0.76,0,75
3939,1,0,0.0,0.76,19,0.76,0,75
3940,2,1,-18.638048,0.8,20,0.8,0,75
3941,2,1,-41.564045,0.84,21,0.84,0,75
3942,2,1,-81.224945,0.88,22,0.88,0,75
3943,1,0,0.0,0.88,22,0.88,0,75
3944,1,0,0.0,0.88,22,0.88,0,75
3945,1,0,0.0,0.88,22,0.88,0,75
3946,1,0,0.0,0.88,22,0.88,0,75
3947,2,1,-184.85835,0.92,23,0.92,0,75
3948,2,1,-100.0,0.0,0,0.0,0,75
3949,2,1,28.346605,0.2,5,0.2,0,76
3950,0,-1,-0.0,0.2,5,0.2,0,76
3951,1,0,0.0,0.2,5,0.2,0,76
3952,0,-1,-0.0,0.2,5,0.2,0,76
3953,1,0,0.0,0.2,5,0.2,0,76
3954,1,0,0.0,0.2,5,0.2,0,76
3955,1,0,0.0,0.2,5,0.2,0,76
3956,1,0,0.0,0.2,5,0.2,0,76
3957,2,1,28.22638,0.24,6,0.24,0,76
3958,2,1,-4.515826,0.28,7,0.28,0,76
3959,2,1,26.436209,0.32,8,0.32,0,76
3960,2,1,26.008978,0.36,9,0.36,0,76
3961,2,1,23.820692,0.4,10,0.4,0,76
3962,2,1,21.249996,0.44,11,0.44,0,76
3963,1,0,0.0,0.44,11,0.44,0,76
3964,2,1,18.197515,0.48,12,0.48,0,76
3965,1,0,0.0,0.48,12,0.48,0,76
3966,0,-1,-0.0,0.48,12,0.48,0,76
3967,1,0,0.0,0.48,12,0.48,0,76
3968,1,0,0.0,0.48,12,0.48,0,76
3969,0,-1,-0.0,0.48,12,0.48,0,76
3970,0,-1,-0.0,0.48,12,0.48,0,76
3971,2,1,21.154152,0.52,13,0.52,0,76
3972,2,1,15.863857,0.56,14,0.56,0,76
3973,2,1,15.546957,0.6,15,0.6,0,76
3974,2,1,11.084738,0.64,16,0.64,0,76
3975,2,1,5.496408,0.68,17,0.68,0,76
3976,2,1,0.6724087,0.72,18,0.72,0,76
3977,2,1,-4.9734936,0.76,19,0.76,0,76
3978,1,0,0.0,0.76,19,0.76,0,76
3979,0,-1,4.508496,0.72,18,0.72,0,76
3980,0,-1,22.67524,0.68,17,0.68,0,76
3981,2,1,4.656823,0.72,18,0.72,0,76
3982,2,1,-4.7272162,0.76,19,0.76,0,76
3983,2,1,-18.233627,0.8,20,0.8,0,76
3984,0,-1,-0.0,0.8,20,0.8,0,76
3985,2,1,-39.695206,0.84,21,0.84,0,76
3986,1,0,0.0,0.84,21,0.84,0,76
3987,2,1,-83.21672,0.88,22,0.88,0,76
3988,0,-1,-0.0,0.88,22,0.88,0,76
3989,0,-1,-0.0,0.88,22,0.88,0,76
3990,2,1,-100.0,0.0,0,0.0,0,76
3991,1,0,0.0,0.16,4,0.16,0,77
3992,0,-1,-0.0,0.16,4,0.16,0,77
3993,2,1,28.346605,0.2,5,0.2,0,77
3994,2,1,23.97781,0.24,6,0.24,0,77
3995,2,1,22.044888,0.28,7,0.28,0,77
3996,0,-1,-0.0,0.28,7,0.28,0,77
3997,0,-1,-0.0,0.28,7,0.28,0,77
3998,1,0,0.0,0.28,7,0.28,0,77
3999,0,-1,-22.044888,0.24,6,0.24,0,77
4000,1,0,0.0,0.24,6,0.24,0,77
4001,2,1,-4.515744,0.28,7,0.28,0,77
4002,1,0,0.0,0.28,7,0.28,0,77
4003,1,0,0.0,0.28,7,0.28,0,77
4004,2,1,27.657686,0.32,8,0.32,0,77
4005,2,1,26.008978,0.36,9,0.36,0,77
4006,1,0,0.0,0.36,9,0.36,0,77
4007,2,1,20.174376,0.4,10,0.4,0,77
4008,2,1,21.980478,0.44,11,0.44,0,77
4009,2,1,-7.3917294,0.48,12,0.48,0,77
4010,0,-1,-18.612106,0.44,11,0.44,0,77
4011,1,0,0.0,0.44,11,0.44,0,77
4012,2,1,19.372663,0.48,12,0.48,0,77
4013,2,1,16.342228,0.52,13,0.52,0,77
4014,0,-1,8.498146,0.48,12,0.48,0,77
4015,2,1,22.785866,0.52,13,0.52,0,77
4016,0,-1,-0.0,0.52,13,0.52,0,77
4017,2,1,19.728302,0.56,14,0.56,0,77
4018,0,-1,-14.918525,0.52,13,0.52,0,77
4019,0,-1,-0.0,0.52,13,0.52,0,77
4020,0,-1,-0.0,0.52,13,0.52,0,77
4021,0,-1,-19.758776,0.48,12,0.48,0,77
4022,0,-1,7.3912225,0.44,11,0.44,0,77
4023,1,0,0.0,0.44,11,0.44,0,77
4024,2,1,19.940758,0.48,12,0.48,0,77
4025,0,-1,-0.0,0.48,12,0.48,0,77
4026,1,0,0.0,0.48,12,0.48,0,77
4027,2,1,16.00727,0.52,13,0.52,0,77
4028,2,1,15.448675,0.56,14,0.56,0,77
4029,2,1,13.053625,0.6,15,0.6,0,77
4030,0,-1,-13.053625,0.56,14,0.56,0,77
4031,2,1,16.256044,0.6,15,0.6,0,77
4032,0,-1,-0.0,0.6,15,0.6,0,77
4033,2,1,10.554013,0.64,16,0.64,0,77
4034,2,1,10.521149,0.68,17,0.68,0,77
4035,0,-1,-0.0,0.68,17,0.68,0,77
4036,0,-1,-6.7696443,0.64,16,0.64,0,77
4037,2,1,10.034872,0.68,17,0.68,0,77
4038,2,1,6.976633,0.72,18,0.72,0,77
4039,2,1,-7.262711,0.76,19,0.76,0,77
4040,2,1,-16.862247,0.8,20,0.8,0,77
4041,0,-1,16.862247,0.76,19,0.76,0,77
4042,2,1,-14.652136,0.8,20,0.8,0,77
4043,0,-1,13.72892,0.76,19,0.76,0,77
4044,2,1,-14.214226,0.8,20,0.8,0,77
4045,2,1,-38.2986,0.84,21,0.84,0,77
4046,2,1,-78.67066,0.88,22,0.88,0,77
4047,1,0,0.0,0.88,22,0.88,0,77
4048,2,1,-183.02104,0.92,23,0.92,0,77
4049,1,0,0.0,0.92,23,0.92,0,77
4050,0,-1,185.77576,0.88,22,0.88,0,77
4051,2,1,-180.1136,0.92,23,0.92,0,77
4052,2,1,-600.14215,0.96,24,0.96,0,77
4053,0,-1,597.22296,0.92,23,0.92,0,77
4054,1,0,0.0,0.92,23,0.92,0,77
4055,2,1,-601.60675,0.96,24,0.96,0,77
4056,2,1,23.560968,1.0,25,1.0,0,77
4057,0,-1,-1000.0,0.0,0,0.0,0,77
4058,2,1,28.364332,0.2,5,0.2,0,78
4059,2,1,28.208652,0.24,6,0.24,0,78
4060,2,1,26.773045,0.28,7,0.28,0,78
4061,2,1,-4.847297,0.32,8,0.32,0,78
4062,2,1,-5.280317,0.36,9,0.36,0,78
4063,0,-1,-26.008978,0.32,8,0.32,0,78
4064,2,1,26.003696,0.36,9,0.36,0,78
4065,2,1,25.459835,0.4,10,0.4,0,78
4066,2,1,23.129503,0.44,11,0.44,0,78
4067,2,1,-7.3918905,0.48,12,0.48,0,78
4068,0,-1,7.3918905,0.44,11,0.44,0,78
4069,2,1,20.378916,0.48,12,0.48,0,78
4070,0,-1,-0.0,0.48,12,0.48,0,78
4071,0,-1,7.3917294,0.44,11,0.44,0,78
4072,1,0,0.0,0.44,11,0.44,0,78
4073,0,-1,-0.0,0.44,11,0.44,0,78
4074,2,1,21.105461,0.48,12,0.48,0,78
4075,2,1,17.28756,0.52,13,0.52,0,78
4076,2,1,16.840895,0.56,14,0.56,0,78
4077,2,1,17.86555,0.6,15,0.6,0,78
4078,2,1,13.047345,0.64,16,0.64,0,78
4079,0,-1,-12.476384,0.6,15,0.6,0,78
4080,1,0,0.0,0.6,15,0.6,0,78
4081,2,1,11.302884,0.64,16,0.64,0,78
4082,2,1,6.016442,0.68,17,0.68,0,78
4083,2,1,5.0959516,0.72,18,0.72,0,78
4084,2,1,-2.7652535,0.76,19,0.76,0,78
4085,2,1,-16.614744,0.8,20,0.8,0,78
4086,2,1,-37.01785,0.84,21,0.84,0,78
4087,1,0,0.0,0.84,21,0.84,0,78
4088,2,1,-104.45697,0.88,22,0.88,0,78
4089,2,1,-186.91536,0.92,23,0.92,0,78
4090,1,0,0.0,0.92,23,0.92,0,78
4091,1,0,0.0,0.92,23,0.92,0,78
4092,2,1,-603.61597,0.96,24,0.96,0,78
4093,2,1,25.123762,1.0,25,1.0,0,78
4094,2,1,-1000.0,0.0,0,0.0,0,78
4095,2,1,28.346605,0.2,5,0.2,0,79
4096,2,1,28.22638,0.24,6,0.24,0,79
4097,0,-1,-0.0,0.24,6,0.24,0,79
4098,1,0,0.0,0.24,6,0.24,0,79
4099,0,-1,-28.22638,0.2,5,0.2,0,79
4100,2,1,-4.278687,0.24,6,0.24,0,79
4101,2,1,26.767761,0.28,7,0.28,0,79
4102,2,1,-4.8478045,0.32,8,0.32,0,79
4103,2,1,-5.27981,0.36,9,0.36,0,79
4104,2,1,23.820692,0.4,10,0.4,0,79
4105,1,0,0.0,0.4,10,0.4,0,79
4106,2,1,21.976542,0.44,11,0.44,0,79
4107,2,1,19.371016,0.48,12,0.48,0,79
4108,1,0,0.0,0.48,12,0.48,0,79
4109,2,1,24.007345,0.52,13,0.52,0,79
4110,0,-1,8.49764,0.48,12,0.48,0,79
4111,0,-1,-0.0,0.48,12,0.48,0,79
4112,1,0,0.0,0.48,12,0.48,0,79
4113,0,-1,7.3917303,0.44,11,0.44,0,79
4114,0,-1,-20.242096,0.4,10,0.4,0,79
4115,2,1,20.811838,0.44,11,0.44,0,79
4116,2,1,20.378916,0.48,12,0.48,0,79
4117,2,1,17.43542,0.52,13,0.52,0,79
4118,2,1,16.840895,0.56,14,0.56,0,79
4119,2,1,16.256044,0.6,15,0.6,0,79
4120,2,1,17.002935,0.64,16,0.64,0,79
4121,2,1,-17.7359,0.68,17,0.68,0,79
4122,2,1,5.825463,0.72,18,0.72,0,79
4123,2,1,-6.5426507,0.76,19,0.76,0,79
4124,1,0,0.0,0.76,19,0.76,0,79
4125,2,1,-16.04966,0.8,20,0.8,0,79
4126,2,1,-37.43349,0.84,21,0.84,0,79
4127,1,0,0.0,0.84,21,0.84,0,79
4128,0,-1,-0.0,0.84,21,0.84,0,79
4129,1,0,0.0,0.84,21,0.84,0,79
4130,2,1,-79.33324,0.88,22,0.88,0,79
4131,1,0,0.0,0.88,22,0.88,0,79
4132,2,1,-208.61096,0.92,23,0.92,0,79
4133,1,0,0.0,0.92,23,0.92,0,79
4134,2,1,-599.6765,0.96,24,0.96,0,79
4135,2,1,29.652464,1.0,25,1.0,0,79
4136,2,1,-1000.0,0.0,0,0.0,0,79
4137,2,1,-4.1407347,0.2,5,0.2,0,80
4138,2,1,-4.27924,0.24,6,0.24,0,80
4139,1,0,0.0,0.24,6,0.24,0,80
4140,2,1,-4.515744,0.28,7,0.28,0,80
4141,1,0,0.0,0.28,7,0.28,0,80
4142,2,1,27.657686,0.32,8,0.32,0,80
4143,1,0,0.0,0.32,8,0.32,0,80
4144,0,-1,-27.657686,0.28,7,0.28,0,80
4145,2,1,-4.8478045,0.32,8,0.32,0,80
4146,1,0,0.0,0.32,8,0.32,0,80
4147,2,1,27.225174,0.36,9,0.36,0,80
4148,2,1,26.658304,0.4,10,0.4,0,80
4149,2,1,24.763365,0.44,11,0.44,0,80
4150,2,1,-7.3918905,0.48,12,0.48,0,80
4151,1,0,0.0,0.48,12,0.48,0,80
4152,2,1,21.152006,0.52,13,0.52,0,80
4153,1,0,0.0,0.52,13,0.52,0,80
4154,2,1,-9.92185,0.56,14,0.56,0,80
4155,0,-1,-22.583641,0.52,13,0.52,0,80
4156,0,-1,-0.0,0.52,13,0.52,0,80
4157,2,1,17.410637,0.56,14,0.56,0,80
4158,1,0,0.0,0.56,14,0.56,0,80
4159,1,0,0.0,0.56,14,0.56,0,80
4160,2,1,13.5837755,0.6,15,0.6,0,80
4161,0,-1,11.786749,0.56,14,0.56,0,80
4162,2,1,11.561046,0.6,15,0.6,0,80
4163,2,1,-14.286522,0.64,16,0.64,0,80
4164,1,0,0.0,0.64,16,0.64,0,80
4165,2,1,3.5604465,0.68,17,0.68,0,80
4166,0,-1,-0.0,0.68,17,0.68,0,80
4167,0,-1,-0.0,0.68,17,0.68,0,80
4168,1,0,0.0,0.68,17,0.68,0,80
4169,2,1,0.55622095,0.72,18,0.72,0,80
4170,2,1,-30.097906,0.76,19,0.76,0,80
4171,0,-1,-0.0,0.76,19,0.76,0,80
4172,2,1,-41.986008,0.8,20,0.8,0,80
4173,2,1,-34.306828,0.84,21,0.84,0,80
4174,0,-1,-0.0,0.84,21,0.84,0,80
4175,2,1,-83.334564,0.88,22,0.88,0,80
4176,0,-1,104.45699,0.84,21,0.84,0,80
4177,1,0,0.0,0.84,21,0.84,0,80
4178,2,1,-71.95134,0.88,22,0.88,0,80
4179,1,0,0.0,0.88,22,0.88,0,80
4180,1,0,0.0,0.88,22,0.88,0,80
4181,2,1,-177.3215,0.92,23,0.92,0,80
4182,2,1,-606.23816,0.96,24,0.96,0,80
4183,2,1,19.203041,1.0,25,1.0,0,80
4184,1,0,-1000.0,0.0,0,0.0,0,80
4185,2,1,28.346605,0.2,5,0.2,0,81
4186,1,0,0.0,0.2,5,0.2,0,81
4187,2,1,27.0049,0.24,6,0.24,0,81
4188,1,0,0.0,0.24,6,0.24,0,81
4189,2,1,-4.515744,0.28,7,0.28,0,81
4190,2,1,27.657686,0.32,8,0.32,0,81
4191,0,-1,-27.657686,0.28,7,0.28,0,81
4192,0,-1,-0.0,0.28,7,0.28,0,81
4193,1,0,0.0,0.28,7,0.28,0,81
4194,2,1,27.657686,0.32,8,0.32,0,81
4195,0,-1,4.847297,0.28,7,0.28,0,81
4196,2,1,23.409119,0.32,8,0.32,0,81
4197,0,-1,-0.0,0.32,8,0.32,0,81
4198,0,-1,-26.436209,0.28,7,0.28,0,81
4199,1,0,0.0,0.28,7,0.28,0,81
4200,1,0,0.0,0.28,7,0.28,0,81
4201,0,-1,-23.740671,0.24,6,0.24,0,81
4202,1,0,0.0,0.24,6,0.24,0,81
4203,1,0,0.0,0.24,6,0.24,0,81
4204,1,0,0.0,0.24,6,0.24,0,81
4205,2,1,-4.515826,0.28,7,0.28,0,81
4206,2,1,26.441492,0.32,8,0.32,0,81
4207,2,1,22.976604,0.36,9,0.36,0,81
4208,0,-1,-22.976604,0.32,8,0.32,0,81
4209,0,-1,4.847379,0.28,7,0.28,0,81
4210,1,0,0.0,0.28,7,0.28,0,81
4211,2,1,-4.847379,0.32,8,0.32,0,81
4212,2,1,-5.2804456,0.36,9,0.36,0,81
4213,0,-1,-27.207449,0.32,8,0.32,0,81
4214,2,1,-5.27981,0.36,9,0.36,0,81
4215,0,-1,5.27981,0.32,8,0.32,0,81
4216,0,-1,-0.0,0.32,8,0.32,0,81
4217,2,1,24.37198,0.36,9,0.36,0,81
4218,2,1,21.504246,0.4,10,0.4,0,81
4219,0,-1,-0.0,0.4,10,0.4,0,81
4220,2,1,-6.520649,0.44,11,0.44,0,81
4221,2,1,17.979368,0.48,12,0.48,0,81
4222,2,1,16.6261,0.52,13,0.52,0,81
4223,2,1,-9.92201,0.56,14,0.56,0,81
4224,2,1,11.561324,0.6,15,0.6,0,81
4225,2,1,13.485255,0.64,16,0.64,0,81
4226,0,-1,-0.0,0.64,16,0.64,0,81
4227,1,0,0.0,0.64,16,0.64,0,81
4228,2,1,8.050396,0.68,17,0.68,0,81
4229,2,1,0.5565169,0.72,18,0.72,0,81
4230,0,-1,22.675793,0.68,17,0.68,0,81
4231,1,0,0.0,0.68,17,0.68,0,81
4232,2,1,-1.4934922,0.72,18,0.72,0,81
4233,2,1,2.3900242,0.76,19,0.76,0,81
4234,0,-1,-0.0,0.76,19,0.76,0,81
4235,2,1,-20.86342,0.8,20,0.8,0,81
4236,1,0,0.0,0.8,20,0.8,0,81
4237,0,-1,-0.0,0.8,20,0.8,0,81
4238,2,1,-41.50766,0.84,21,0.84,0,81
4239,1,0,0.0,0.84,21,0.84,0,81
4240,1,0,0.0,0.84,21,0.84,0,81
4241,2,1,-100.0,0.0,0,0.0,0,81
4242,2,1,28.364332,0.2,5,0.2,0,82
4243,0,-1,-28.364332,0.16,4,0.16,0,82
4244,1,0,0.0,0.16,4,0.16,0,82
4245,1,0,0.0,0.16,4,0.16,0,82
4246,2,1,-4.1407347,0.2,5,0.2,0,82
4247,2,1,28.208652,0.24,6,0.24,0,82
4248,2,1,26.767761,0.28,7,0.28,0,82
4249,2,1,27.657686,0.32,8,0.32,0,82
4250,2,1,24.369835,0.36,9,0.36,0,82
4251,1,0,0.0,0.36,9,0.36,0,82
4252,0,-1,-0.0,0.36,9,0.36,0,82
4253,2,1,25.459835,0.4,10,0.4,0,82
4254,2,1,21.249996,0.44,11,0.44,0,82
4255,0,-1,-0.0,0.44,11,0.44,0,82
4256,0,-1,-0.0,0.44,11,0.44,0,82
4257,1,0,0.0,0.44,11,0.44,0,82
4258,1,0,0.0,0.44,11,0.44,0,82
4259,2,1,22.260569,0.48,12,0.48,0,82
4260,2,1,19.999044,0.52,13,0.52,0,82
4261,0,-1,8.497722,0.48,12,0.48,0,82
4262,1,0,0.0,0.48,12,0.48,0,82
4263,2,1,18.264599,0.52,13,0.52,0,82
4264,2,1,15.667396,0.56,14,0.56,0,82
4265,2,1,15.984867,0.6,15,0.6,0,82
4266,2,1,14.2147665,0.64,16,0.64,0,82
4267,2,1,9.597933,0.68,17,0.68,0,82
4268,2,1,2.1639507,0.72,18,0.72,0,82
4269,2,1,-4.7266426,0.76,19,0.76,0,82
4270,2,1,-18.528736,0.8,20,0.8,0,82
4271,0,-1,-0.0,0.8,20,0.8,0,82
4272,2,1,-37.01831,0.84,21,0.84,0,82
4273,1,0,0.0,0.84,21,0.84,0,82
4274,2,1,-80.79808,0.88,22,0.88,0,82
4275,2,1,-187.20679,0.92,23,0.92,0,82
4276,0,-1,183.77118,0.88,22,0.88,0,82
4277,1,0,0.0,0.88,22,0.88,0,82
4278,1,0,0.0,0.88,22,0.88,0,82
4279,2,1,-100.0,0.0,0,0.0,0,82
4280,2,1,-4.1407347,0.2,5,0.2,0,83
4281,2,1,28.22638,0.24,6,0.24,0,83
4282,2,1,-4.516252,0.28,7,0.28,0,83
4283,1,0,0.0,0.28,7,0.28,0,83
4284,2,1,26.441492,0.32,8,0.32,0,83
4285,1,0,0.0,0.32,8,0.32,0,83
4286,2,1,-5.2804456,0.36,9,0.36,0,83
4287,2,1,26.658304,0.4,10,0.4,0,83
4288,2,1,24.763365,0.44,11,0.44,0,83
4289,0,-1,-24.763365,0.4,10,0.4,0,83
4290,1,0,0.0,0.4,10,0.4,0,83
4291,0,-1,5.8295894,0.36,9,0.36,0,83
4292,1,0,0.0,0.36,9,0.36,0,83
4293,2,1,-5.82959,0.4,10,0.4,0,83
4294,1,0,0.0,0.4,10,0.4,0,83
4295,2,1,-6.5208116,0.44,11,0.44,0,83
4296,0,-1,-0.0,0.44,11,0.44,0,83
4297,2,1,-7.391896,0.48,12,0.48,0,83
4298,0,-1,-0.0,0.48,12,0.48,0,83
4299,0,-1,-0.0,0.48,12,0.48,0,83
4300,0,-1,7.391896,0.44,11,0.44,0,83
4301,1,0,0.0,0.44,11,0.44,0,83
4302,0,-1,-0.0,0.44,11,0.44,0,83
4303,2,1,23.892282,0.48,12,0.48,0,83
4304,1,0,0.0,0.48,12,0.48,0,83
4305,1,0,0.0,0.48,12,0.48,0,83
4306,2,1,21.152006,0.52,13,0.52,0,83
4307,2,1,-9.921343,0.56,14,0.56,0,83
4308,0,-1,-0.0,0.56,14,0.56,0,83
4309,0,-1,-0.0,0.56,14,0.56,0,83
4310,0,-1,-0.0,0.56,14,0.56,0,83
4311,1,0,0.0,0.56,14,0.56,0,83
4312,0,-1,-0.0,0.56,14,0.56,0,83
4313,0,-1,-0.0,0.56,14,0.56,0,83
4314,1,0,0.0,0.56,14,0.56,0,83
4315,0,-1,9.921343,0.52,13,0.52,0,83
4316,2,1,17.410637,0.56,14,0.56,0,83
4317,0,-1,-0.0,0.56,14,0.56,0,83
4318,0,-1,-0.0,0.56,14,0.56,0,83
4319,2,1,-11.786915,0.6,15,0.6,0,83
4320,1,0,0.0,0.6,15,0.6,0,83
4321,1,0,0.0,0.6,15,0.6,0,83
4322,1,0,0.0,0.6,15,0.6,0,83
4323,1,0,0.0,0.6,15,0.6,0,83
4324,0,-1,11.786915,0.56,14,0.56,0,83
4325,2,1,15.983896,0.6,15,0.6,0,83
4326,1,0,0.0,0.6,15,0.6,0,83
4327,2,1,15.365936,0.64,16,0.64,0,83
4328,2,1,10.035843,0.68,17,0.68,0,83
4329,0,-1,17.735937,0.64,16,0.64,0,83
4330,1,0,0.0,0.64,16,0.64,0,83
4331,2,1,7.6347513,0.68,17,0.68,0,83
4332,1,0,0.0,0.68,17,0.68,0,83
4333,1,0,0.0,0.68,17,0.68,0,83
4334,0,-1,-0.0,0.68,17,0.68,0,83
4335,1,0,0.0,0.68,17,0.68,0,83
4336,2,1,0.6721301,0.72,18,0.72,0,83
4337,2,1,-2.764035,0.76,19,0.76,0,83
4338,2,1,-20.689623,0.8,20,0.8,0,83
4339,0,-1,-0.0,0.8,20,0.8,0,83
4340,2,1,-37.21426,0.84,21,0.84,0,83
4341,1,0,0.0,0.84,21,0.84,0,83
4342,2,1,-76.19991,0.88,22,0.88,0,83
4343,1,0,0.0,0.88,22,0.88,0,83
4344,2,1,-185.15343,0.92,23,0.92,0,83
4345,1,0,0.0,0.92,23,0.92,0,83
4346,2,1,-604.0258,0.96,24,0.96,0,83
4347,0,-1,597.93207,0.92,23,0.92,0,83
4348,1,0,0.0,0.92,23,0.92,0,83
4349,1,0,0.0,0.92,23,0.92,0,83
4350,2,1,-603.86163,0.96,24,0.96,0,83
4351,2,1,21.351168,1.0,25,1.0,0,83
4352,2,1,-1000.0,0.0,0,0.0,0,83
4353,1,0,0.0,0.16,4,0.16,0,84
4354,2,1,28.346605,0.2,5,0.2,0,84
4355,2,1,28.22638,0.24,6,0.24,0,84
4356,2,1,-4.515744,0.28,7,0.28,0,84
4357,0,-1,4.515744,0.24,6,0.24,0,84
4358,0,-1,-0.0,0.24,6,0.24,0,84
4359,2,1,26.767761,0.28,7,0.28,0,84
4360,1,0,0.0,0.28,7,0.28,0,84
4361,1,0,0.0,0.28,7,0.28,0,84
4362,1,0,0.0,0.28,7,0.28,0,84
4363,0,-1,-0.0,0.28,7,0.28,0,84
4364,1,0,0.0,0.28,7,0.28,0,84
4365,2,1,23.649387,0.32,8,0.32,0,84
4366,0,-1,-0.0,0.32,8,0.32,0,84
4367,2,1,-5.27981,0.36,9,0.36,0,84
4368,2,1,20.933285,0.4,10,0.4,0,84
4369,2,1,24.768646,0.44,11,0.44,0,84
4370,0,-1,6.5201416,0.4,10,0.4,0,84
4371,2,1,23.131649,0.44,11,0.44,0,84
4372,0,-1,-0.0,0.44,11,0.44,0,84
4373,2,1,22.258423,0.48,12,0.48,0,84
4374,2,1,16.341469,0.52,13,0.52,0,84
4375,1,0,0.0,0.52,13,0.52,0,84
4376,2,1,12.912815,0.56,14,0.56,0,84
4377,2,1,15.546957,0.6,15,0.6,0,84
4378,1,0,0.0,0.6,15,0.6,0,84
4379,2,1,11.084738,0.64,16,0.64,0,84
4380,2,1,4.9453964,0.68,17,0.68,0,84
4381,2,1,2.4485834,0.72,18,0.72,0,84
4382,0,-1,-0.1590005,0.68,17,0.68,0,84
4383,1,0,0.0,0.68,17,0.68,0,84
4384,2,1,-22.67524,0.72,18,0.72,0,84
4385,2,1,-6.749668,0.76,19,0.76,0,84
4386,1,0,0.0,0.76,19,0.76,0,84
4387,2,1,-19.151176,0.8,20,0.8,0,84
4388,0,-1,19.304672,0.76,19,0.76,0,84
4389,2,1,-14.214226,0.8,20,0.8,0,84
4390,1,0,0.0,0.8,20,0.8,0,84
4391,0,-1,-0.0,0.8,20,0.8,0,84
4392,0,-1,-0.0,0.8,20,0.8,0,84
4393,2,1,-41.50766,0.84,21,0.84,0,84
4394,2,1,-81.34802,0.88,22,0.88,0,84
4395,0,-1,-0.0,0.88,22,0.88,0,84
4396,2,1,-187.8192,0.92,23,0.92,0,84
4397,2,1,-599.676,0.96,24,0.96,0,84
4398,2,1,23.232347,1.0,25,1.0,0,84
4399,0,-1,-1000.0,0.0,0,0.0,0,84
4400,2,1,28.346605,0.2,5,0.2,0,85
4401,2,1,-4.278605,0.24,6,0.24,0,85
4402,1,0,0.0,0.24,6,0.24,0,85
4403,2,1,26.767761,0.28,7,0.28,0,85
4404,0,-1,4.515744,0.24,6,0.24,0,85
4405,0,-1,-0.0,0.24,6,0.24,0,85
4406,2,1,-4.515826,0.28,7,0.28,0,85
4407,0,-1,-26.767761,0.24,6,0.24,0,85
4408,2,1,27.98924,0.28,7,0.28,0,85
4409,1,0,0.0,0.28,7,0.28,1,85
4410,1,0,0.0,0.28,7,0.28,0,85
4411,1,0,0.0,0.28,7,0.28,0,85
4412,1,0,0.0,0.28,7,0.28,0,85
4413,0,-1,-27.866413,0.24,6,0.24,0,85
4414,2,1,26.684753,0.28,7,0.28,0,85
4415,2,1,23.844667,0.32,8,0.32,0,85
4416,2,1,14.157144,0.36,9,0.36,0,85
4417,2,1,21.964022,0.4,10,0.4,0,85
4418,0,-1,-22.86301,0.36,9,0.36,0,85
4419,2,1,23.076838,0.4,10,0.4,0,85
4420,0,-1,-0.0,0.4,10,0.4,0,85
4421,0,-1,-0.0,0.4,10,0.4,0,85
4422,2,1,19.728481,0.44,11,0.44,0,85
4423,0,-1,-21.272835,0.4,10,0.4,0,85
4424,1,0,0.0,0.4,10,0.4,0,85
4425,2,1,20.785336,0.44,11,0.44,0,85
4426,0,-1,-0.0,0.44,11,0.44,0,85
4427,0,-1,-12.916812,0.4,10,0.4,0,85
4428,2,1,17.464989,0.44,11,0.44,0,85
4429,0,-1,-0.0,0.44,11,0.44,0,85
4430,2,1,21.300743,0.48,12,0.48,0,85
4431,0,-1,-0.0,0.48,12,0.48,0,85
4432,0,-1,-21.300743,0.44,11,0.44,0,85
4433,2,1,24.991854,0.48,12,0.48,0,85
4434,2,1,13.873843,0.52,13,0.52,0,85
4435,0,-1,-23.885437,0.48,12,0.48,0,85
4436,2,1,11.9546585,0.52,13,0.52,0,85
4437,2,1,-100.0,0.0,0,0.0,0,85
4438,0,-1,-0.0,0.16,4,0.16,0,86
4439,2,1,-4.1406527,0.2,5,0.2,0,86
4440,2,1,28.22638,0.24,6,0.24,0,86
4441,0,-1,-0.0,0.24,6,0.24,0,86
4442,2,1,-4.515826,0.28,7,0.28,0,86
4443,2,1,26.441492,0.32,8,0.32,0,86
4444,0,-1,4.847297,0.28,7,0.28,0,86
4445,1,0,0.0,0.28,7,0.28,0,86
4446,2,1,-4.8478045,0.32,8,0.32,0,86
4447,2,1,24.37198,0.36,9,0.36,0,86
4448,2,1,26.658304,0.4,10,0.4,0,86
4449,1,0,0.0,0.4,10,0.4,0,86
4450,2,1,-6.5201416,0.44,11,0.44,0,86
4451,1,0,0.0,0.44,11,0.44,0,86
4452,0,-1,6.5201416,0.4,10,0.4,0,86
4453,2,1,21.736273,0.44,11,0.44,0,86
4454,1,0,0.0,0.44,11,0.44,0,86
4455,0,-1,-21.736273,0.4,10,0.4,0,86
4456,2,1,24.763365,0.44,11,0.44,0,86
4457,2,1,22.258423,0.48,12,0.48,0,86
4458,0,-1,7.3917303,0.44,11,0.44,0,86
4459,2,1,19.940758,0.48,12,0.48,0,86
4460,2,1,18.83556,0.52,13,0.52,0,86
4461,1,0,0.0,0.52,13,0.52,0,86
4462,2,1,15.449248,0.56,14,0.56,0,86
4463,0,-1,-0.0,0.56,14,0.56,0,86
4464,2,1,-11.78675,0.6,15,0.6,0,86
4465,2,1,9.061712,0.64,16,0.64,0,86
4466,2,1,7.3884745,0.68,17,0.68,0,86
4467,2,1,5.825463,0.72,18,0.72,0,86
4468,1,0,0.0,0.72,18,0.72,0,86
4469,0,-1,22.675665,0.68,17,0.68,0,86
4470,2,1,5.0959516,0.72,18,0.72,0,86
4471,2,1,-8.857627,0.76,19,0.76,0,86
4472,0,-1,30.097317,0.72,18,0.72,0,86
4473,1,0,0.0,0.72,18,0.72,0,86
4474,1,0,0.0,0.72,18,0.72,0,86
4475,2,1,-4.3115716,0.76,19,0.76,0,86
4476,2,1,-14.215197,0.8,20,0.8,0,86
4477,2,1,-100.0,0.0,0,0.0,0,86
4478,2,1,28.364332,0.2,5,0.2,0,87
4479,0,-1,-0.0,0.2,5,0.2,0,87
4480,2,1,28.208652,0.24,6,0.24,0,87
4481,2,1,-4.515744,0.28,7,0.28,0,87
4482,1,0,0.0,0.28,7,0.28,0,87
4483,1,0,0.0,0.28,7,0.28,0,87
4484,1,0,0.0,0.28,7,0.28,0,87
4485,2,1,26.441492,0.32,8,0.32,0,87
4486,0,-1,-26.441492,0.28,7,0.28,0,87
4487,1,0,0.0,0.28,7,0.28,0,87
4488,0,-1,-27.98924,0.24,6,0.24,0,87
4489,1,0,0.0,0.24,6,0.24,0,87
4490,1,0,0.0,0.24,6,0.24,0,87
4491,2,1,27.98924,0.28,7,0.28,0,87
4492,1,0,0.0,0.28,7,0.28,0,87
4493,0,-1,4.515744,0.24,6,0.24,0,87
4494,1,0,0.0,0.24,6,0.24,0,87
4495,1,0,0.0,0.24,6,0.24,0,87
4496,2,1,-4.515744,0.28,7,0.28,0,87
4497,1,0,0.0,0.28,7,0.28,0,87
4498,2,1,26.441492,0.32,8,0.32,0,87
4499,2,1,24.37198,0.36,9,0.36,0,87
4500,2,1,25.454552,0.4,10,0.4,0,87
4501,0,-1,-25.454552,0.36,9,0.36,0,87
4502,2,1,22.213333,0.4,10,0.4,0,87
4503,0,-1,5.828954,0.36,9,0.36,0,87
4504,0,-1,-27.207449,0.32,8,0.32,0,87
4505,2,1,21.328568,0.36,9,0.36,0,87
4506,2,1,26.658304,0.4,10,0.4,0,87
4507,2,1,20.813057,0.44,11,0.44,0,87
4508,0,-1,-0.0,0.44,11,0.44,0,87
4509,0,-1,-25.967117,0.4,10,0.4,0,87
4510,2,1,21.250967,0.44,11,0.44,0,87
4511,0,-1,-0.0,0.44,11,0.44,0,87
4512,2,1,18.198029,0.48,12,0.48,0,87
4513,2,1,23.989618,0.52,13,0.52,0,87
4514,0,-1,-23.989618,0.48,12,0.48,0,87
4515,2,1,16.6261,0.52,13,0.52,0,87
4516,0,-1,-0.0,0.52,13,0.52,0,87
4517,1,0,0.0,0.52,13,0.52,0,87
4518,2,1,16.218325,0.56,14,0.56,0,87
4519,0,-1,-16.687035,0.52,13,0.52,0,87
4520,1,0,0.0,0.52,13,0.52,0,87
4521,1,0,0.0,0.52,13,0.52,0,87
4522,2,1,15.449248,0.56,14,0.56,0,87
4523,2,1,13.99942,0.6,15,0.6,0,87
4524,2,1,9.46608,0.64,16,0.64,0,87
4525,2,1,5.6123,0.68,17,0.68,0,87
4526,2,1,-0.9801209,0.72,18,0.72,0,87
4527,2,1,-6.9889317,0.76,19,0.76,0,87
4528,2,1,-100.0,0.0,0,0.0,0,87
4529,2,1,28.346605,0.2,5,0.2,0,88
4530,2,1,28.22638,0.24,6,0.24,0,88
4531,1,0,0.0,0.24,6,0.24,0,88
4532,2,1,23.526543,0.28,7,0.28,0,88
4533,2,1,-4.847297,0.32,8,0.32,0,88
4534,1,0,0.0,0.32,8,0.32,0,88
4535,1,0,0.0,0.32,8,0.32,0,88
4536,2,1,21.328568,0.36,9,0.36,0,88
4537,1,0,0.0,0.36,9,0.36,0,88
4538,0,-1,-21.328568,0.32,8,0.32,0,88
4539,0,-1,-27.639961,0.28,7,0.28,0,88
4540,1,0,0.0,0.28,7,0.28,0,88
4541,0,-1,4.515744,0.24,6,0.24,0,88
4542,2,1,21.623924,0.28,7,0.28,0,88
4543,1,0,0.0,0.28,7,0.28,0,88
4544,2,1,19.380465,0.32,8,0.32,0,88
4545,2,1,21.328568,0.36,9,0.36,0,88
4546,0,-1,-21.328568,0.32,8,0.32,0,88
4547,2,1,26.008978,0.36,9,0.36,0,88
4548,1,0,0.0,0.36,9,0.36,0,88
4549,2,1,-5.828954,0.4,10,0.4,0,88
4550,2,1,25.967117,0.44,11,0.44,0,88
4551,0,-1,-17.70762,0.4,10,0.4,0,88
4552,2,1,21.980478,0.44,11,0.44,0,88
4553,1,0,0.0,0.44,11,0.44,0,88
4554,2,1,-7.3917294,0.48,12,0.48,0,88
4555,0,-1,7.3917294,0.44,11,0.44,0,88
4556,2,1,23.892282,0.48,12,0.48,0,88
4557,0,-1,-21.109398,0.44,11,0.44,0,88
4558,0,-1,-0.0,0.44,11,0.44,1,88
4559,1,0,0.0,0.44,11,0.44,0,88
4560,0,-1,-0.0,0.44,11,0.44,0,88
4561,0,-1,-18.626907,0.4,10,0.4,0,88
4562,1,0,0.0,0.4,10,0.4,0,88
4563,1,0,0.0,0.4,10,0.4,0,88
4564,1,0,0.0,0.4,10,0.4,0,88
4565,2,1,23.011414,0.44,11,0.44,0,88
4566,0,-1,-0.0,0.44,11,0.44,0,88
4567,0,-1,-0.0,0.44,11,0.44,0,88
4568,2,1,19.992487,0.48,12,0.48,0,88
4569,1,0,0.0,0.48,12,0.48,0,88
4570,2,1,15.858022,0.52,13,0.52,0,88
4571,2,1,19.70652,0.56,14,0.56,0,88
4572,2,1,15.964193,0.6,15,0.6,0,88
4573,1,0,0.0,0.6,15,0.6,0,88
4574,2,1,10.554619,0.64,16,0.64,0,88
4575,0,-1,-0.0,0.64,16,0.64,0,88
4576,2,1,8.807928,0.68,17,0.68,0,88
4577,2,1,5.7811995,0.72,18,0.72,0,88
4578,0,-1,-5.7811995,0.68,17,0.68,0,88
4579,2,1,5.852244,0.72,18,0.72,0,88
4580,0,-1,-3.8680367,0.68,17,0.68,0,88
4581,0,-1,-10.792135,0.64,16,0.64,0,88
4582,1,0,0.0,0.64,16,0.64,0,88
4583,2,1,4.4662714,0.68,17,0.68,0,88
4584,0,-1,-0.0,0.68,17,0.68,0,88
4585,2,1,-7.6742477,0.72,18,0.72,0,88
4586,2,1,-5.922981,0.76,19,0.76,0,88
4587,1,0,0.0,0.76,19,0.76,0,88
4588,2,1,-18.885145,0.8,20,0.8,0,88
4589,1,0,0.0,0.8,20,0.8,0,88
4590,2,1,-37.037086,0.84,21,0.84,0,88
4591,0,-1,38.629257,0.8,20,0.8,0,88
4592,2,1,-41.669563,0.84,21,0.84,0,88
4593,1,0,0.0,0.84,21,0.84,0,88
4594,2,1,-83.98099,0.88,22,0.88,0,88
4595,1,0,0.0,0.88,22,0.88,0,88
4596,2,1,-183.04234,0.92,23,0.92,0,88
4597,0,-1,184.25462,0.88,22,0.88,0,88
4598,2,1,-100.0,0.0,0,0.0,0,88
4599,1,0,0.0,0.16,4,0.16,0,89
4600,2,1,28.346605,0.2,5,0.2,0,89
4601,1,0,0.0,0.2,5,0.2,0,89
4602,2,1,23.97781,0.24,6,0.24,0,89
4603,2,1,27.98924,0.28,7,0.28,0,89
4604,2,1,21.713335,0.32,8,0.32,0,89
4605,2,1,-5.279892,0.36,9,0.36,0,89
4606,2,1,25.459835,0.4,10,0.4,0,89
4607,2,1,16.954042,0.44,11,0.44,0,89
4608,0,-1,-0.0,0.44,11,0.44,0,89
4609,1,0,0.0,0.44,11,0.44,0,89
4610,1,0,0.0,0.44,11,0.44,0,89
4611,2,1,17.875881,0.48,12,0.48,0,89
4612,2,1,21.154152,0.52,13,0.52,0,89
4613,0,-1,-0.0,0.52,13,0.52,0,89
4614,1,0,0.0,0.52,13,0.52,0,89
4615,2,1,18.120945,0.56,14,0.56,0,89
4616,2,1,15.546957,0.6,15,0.6,0,89
4617,2,1,16.997652,0.64,16,0.64,0,89
4618,2,1,7.3884745,0.68,17,0.68,0,89
4619,2,1,3.9332201,0.72,18,0.72,0,89
4620,0,-1,-2.4485834,0.68,17,0.68,0,89
4621,1,0,0.0,0.68,17,0.68,0,89
4622,0,-1,17.735348,0.64,16,0.64,0,89
4623,0,-1,-9.18833,0.6,15,0.6,0,89
4624,0,-1,-0.0,0.6,15,0.6,0,89
4625,2,1,-14.285936,0.64,16,0.64,0,89
4626,1,0,0.0,0.64,16,0.64,0,89
4627,1,0,0.0,0.64,16,0.64,0,89
4628,1,0,0.0,0.64,16,0.64,0,89
4629,2,1,10.035843,0.68,17,0.68,0,89
4630,0,-1,-7.531838,0.64,16,0.64,0,89
4631,0,-1,14.285936,0.6,15,0.6,0,89
4632,1,0,0.0,0.6,15,0.6,0,89
4633,1,0,0.0,0.6,15,0.6,0,89
4634,0,-1,-14.822135,0.56,14,0.56,0,89
4635,0,-1,-18.120945,0.52,13,0.52,0,89
4636,1,0,0.0,0.52,13,0.52,0,89
4637,2,1,19.728302,0.56,14,0.56,0,89
4638,0,-1,-0.0,0.56,14,0.56,0,89
4639,0,-1,-0.0,0.56,14,0.56,0,89
4640,0,-1,-16.63929,0.52,13,0.52,0,89
4641,0,-1,-0.0,0.52,13,0.52,0,89
4642,2,1,17.410637,0.56,14,0.56,0,89
4643,0,-1,-18.335072,0.52,13,0.52,0,89
4644,2,1,-9.921343,0.56,14,0.56,0,89
4645,0,-1,-0.0,0.56,14,0.56,0,89
4646,0,-1,-0.0,0.56,14,0.56,0,89
4647,2,1,16.714378,0.6,15,0.6,0,89
4648,2,1,10.837234,0.64,16,0.64,0,89
4649,1,0,0.0,0.64,16,0.64,0,89
4650,2,1,7.6353254,0.68,17,0.68,0,89
4651,0,-1,-0.0,0.68,17,0.68,0,89
4652,2,1,0.6724087,0.72,18,0.72,0,89
4653,0,-1,-0.0,0.72,18,0.72,0,89
4654,2,1,-7.121205,0.76,19,0.76,0,89
4655,0,-1,30.097235,0.72,18,0.72,0,89
4656,1,0,0.0,0.72,18,0.72,0,89
4657,2,1,-4.161558,0.76,19,0.76,0,89
4658,2,1,-20.745728,0.8,20,0.8,0,89
4659,1,0,0.0,0.8,20,0.8,0,89
4660,0,-1,19.009306,0.76,19,0.76,0,89
4661,2,1,-18.75366,0.8,20,0.8,0,89
4662,2,1,-41.621845,0.84,21,0.84,0,89
4663,1,0,0.0,0.84,21,0.84,0,89
4664,1,0,0.0,0.84,21,0.84,0,89
4665,2,1,-79.33259,0.88,22,0.88,0,89
4666,2,1,-100.0,0.0,0,0.0,0,89
4667,2,1,28.346605,0.2,5,0.2,0,90
4668,2,1,-4.278687,0.24,6,0.24,0,90
4669,2,1,26.767761,0.28,7,0.28,0,90
4670,2,1,23.409119,0.32,8,0.32,0,90
4671,0,-1,-0.0,0.32,8,0.32,0,90
4672,2,1,-5.280318,0.36,9,0.36,0,90
4673,2,1,20.731678,0.4,10,0.4,0,90
4674,2,1,23.129503,0.44,11,0.44,0,90
4675,2,1,19.940758,0.48,12,0.48,0,90
4676,2,1,19.999044,0.52,13,0.52,0,90
4677,1,0,0.0,0.52,13,0.52,0,90
4678,2,1,-9.92201,0.56,14,0.56,0,90
4679,2,1,13.5837755,0.6,15,0.6,0,90
4680,1,0,0.0,0.6,15,0.6,0,90
4681,2,1,10.981251,0.64,16,0.64,0,90
4682,2,1,10.034872,0.68,17,0.68,0,90
4683,1,0,0.0,0.68,17,0.68,0,90
4684,2,1,2.4479303,0.72,18,0.72,0,90
4685,2,1,-4.093905,0.76,19,0.76,0,90
4686,2,1,-18.638048,0.8,20,0.8,0,90
4687,2,1,-37.21477,0.84,21,0.84,0,90
4688,2,1,-77.694084,0.88,22,0.88,0,90
4689,2,1,-187.37082,0.92,23,0.92,0,90
4690,0,-1,-0.0,0.92,23,0.92,0,90
4691,2,1,-100.0,0.0,0,0.0,0,90
4692,2,1,28.346605,0.2,5,0.2,0,91
4693,2,1,-4.278687,0.24,6,0.24,0,91
4694,2,1,26.767761,0.28,7,0.28,0,91
4695,1,0,0.0,0.28,7,0.28,0,91
4696,2,1,27.657686,0.32,8,0.32,0,91
4697,1,0,0.0,0.32,8,0.32,0,91
4698,2,1,26.008978,0.36,9,0.36,0,91
4699,0,-1,-26.008978,0.32,8,0.32,0,91
4700,1,0,0.0,0.32,8,0.32,0,91
4701,0,-1,-26.436209,0.28,7,0.28,0,91
4702,2,1,23.409119,0.32,8,0.32,0,91
4703,2,1,20.723518,0.36,9,0.36,0,91
4704,2,1,25.459835,0.4,10,0.4,0,91
4705,2,1,24.763365,0.44,11,0.44,0,91
4706,0,-1,-0.0,0.44,11,0.44,0,91
4707,0,-1,6.5202236,0.4,10,0.4,0,91
4708,2,1,23.131649,0.44,11,0.44,1,91
4709,1,0,0.0,0.44,11,0.44,0,91
4710,2,1,22.236643,0.48,12,0.48,0,91
4711,2,1,19.505922,0.52,13,0.52,0,91
4712,1,0,0.0,0.52,13,0.52,0,91
4713,1,0,0.0,0.52,13,0.52,0,91
4714,1,0,0.0,0.52,13,0.52,0,91
4715,0,-1,-0.0,0.52,13,0.52,0,91
4716,1,0,0.0,0.52,13,0.52,0,91
4717,2,1,16.682934,0.56,14,0.56,0,91
4718,0,-1,-0.0,0.56,14,0.56,0,91
4719,1,0,0.0,0.56,14,0.56,0,91
4720,2,1,15.528622,0.6,15,0.6,0,91
4721,1,0,0.0,0.6,15,0.6,0,91
4722,1,0,0.0,0.6,15,0.6,0,91
4723,2,1,10.980806,0.64,16,0.64,0,91
4724,2,1,7.396508,0.68,17,0.68,0,91
4725,1,0,0.0,0.68,17,0.68,0,91
4726,2,1,5.781317,0.72,18,0.72,0,91
4727,2,1,-3.8906524,0.76,19,0.76,0,91
4728,1,0,0.0,0.76,19,0.76,0,91
4729,2,1,-18.557438,0.8,20,0.8,0,91
4730,2,1,-37.186054,0.84,21,0.84,0,91
4731,1,0,0.0,0.84,21,0.84,0,91
4732,2,1,-83.96905,0.88,22,0.88,0,91
4733,0,-1,75.99985,0.84,21,0.84,0,91
4734,2,1,-82.62967,0.88,22,0.88,0,91
4735,2,1,-181.30307,0.92,23,0.92,0,91
4736,2,1,-100.0,0.0,0,0.0,0,91
4737,2,1,28.364332,0.2,5,0.2,0,92
4738,2,1,-4.278605,0.24,6,0.24,0,92
4739,2,1,27.971514,0.28,7,0.28,0,92
4740,2,1,23.409119,0.32,8,0.32,0,92
4741,2,1,20.723518,0.36,9,0.36,0,92
4742,2,1,25.454552,0.4,10,0.4,0,92
4743,0,-1,5.828954,0.36,9,0.36,0,92
4744,2,1,22.66773,0.4,10,0.4,0,92
4745,1,0,0.0,0.4,10,0.4,0,92
4746,2,1,17.717962,0.44,11,0.44,0,92
4747,0,-1,-17.717962,0.4,10,0.4,0,92
4748,0,-1,-0.0,0.4,10,0.4,0,92
4749,0,-1,-0.0,0.4,10,0.4,0,92
4750,1,0,0.0,0.4,10,0.4,0,92
4751,0,-1,-0.0,0.4,10,0.4,1,92
4752,0,-1,-0.0,0.4,10,0.4,0,92
4753,2,1,24.76685,0.44,11,0.44,0,92
4754,1,0,0.0,0.44,11,0.44,0,92
4755,2,1,16.53535,0.48,12,0.48,0,92
4756,0,-1,-21.065252,0.44,11,0.44,0,92
4757,2,1,19.213055,0.48,12,0.48,0,92
4758,0,-1,-0.0,0.48,12,0.48,0,92
4759,1,0,0.0,0.48,12,0.48,0,92
4760,0,-1,-19.213055,0.44,11,0.44,0,92
4761,1,0,0.0,0.44,11,0.44,0,92
4762,0,-1,-17.406433,0.4,10,0.4,0,92
4763,2,1,12.388168,0.44,11,0.44,0,92
4764,2,1,10.14127,0.48,12,0.48,0,92
4765,2,1,19.958836,0.52,13,0.52,0,92
4766,0,-1,-0.0,0.52,13,0.52,0,92
4767,2,1,4.081132,0.56,14,0.56,0,92
4768,1,0,0.0,0.56,14,0.56,0,92
4769,2,1,16.713316,0.6,15,0.6,0,92
4770,2,1,13.716607,0.64,16,0.64,0,92
4771,0,-1,0.28337938,0.6,15,0.6,0,92
4772,0,-1,-16.216219,0.56,14,0.56,0,92
4773,1,0,0.0,0.56,14,0.56,0,92
4774,2,1,12.468007,0.6,15,0.6,0,92
4775,1,0,0.0,0.6,15,0.6,0,92
4776,1,0,0.0,0.6,15,0.6,0,92
4777,0,-1,-12.468007,0.56,14,0.56,0,92
4778,0,-1,-7.611149,0.52,13,0.52,0,92
4779,2,1,7.611149,0.56,14,0.56,0,92
4780,2,1,17.830832,0.6,15,0.6,0,92
4781,2,1,12.546299,0.64,16,0.64,0,92
4782,0,-1,-11.641233,0.6,15,0.6,0,92
4783,0,-1,-0.0,0.6,15,0.6,0,92
4784,1,0,0.0,0.6,15,0.6,0,92
4785,0,-1,-0.0,0.6,15,0.6,0,92
4786,0,-1,-16.670233,0.56,14,0.56,0,92
4787,0,-1,-7.611149,0.52,13,0.52,0,92
4788,2,1,17.772474,0.56,14,0.56,0,92
4789,2,1,14.136261,0.6,15,0.6,0,92
4790,2,1,13.065838,0.64,16,0.64,0,92
4791,0,-1,-11.636649,0.6,15,0.6,0,92
4792,0,-1,-0.0,0.6,15,0.6,0,92
4793,0,-1,-0.0,0.6,15,0.6,0,92
4794,1,0,0.0,0.6,15,0.6,0,92
4795,2,1,9.64072,0.64,16,0.64,0,92
4796,1,0,0.0,0.64,16,0.64,0,92
4797,2,1,7.803486,0.68,17,0.68,0,92
4798,2,1,0.8224475,0.72,18,0.72,0,92
4799,0,-1,-4.156996,0.68,17,0.68,0,92
4800,1,0,0.0,0.68,17,0.68,0,92
4801,2,1,-1.2383691,0.72,18,0.72,0,92
4802,2,1,-6.6779323,0.76,19,0.76,0,92
4803,2,1,-20.586243,0.8,20,0.8,0,92
4804,1,0,0.0,0.8,20,0.8,0,92
4805,2,1,-40.25299,0.84,21,0.84,0,92
4806,2,1,-85.43694,0.88,22,0.88,0,92
4807,2,1,-189.24376,0.92,23,0.92,0,92
4808,2,1,-599.5809,0.96,24,0.96,0,92
4809,1,0,0.0,0.96,24,0.96,0,92
4810,2,1,29.628538,1.0,25,1.0,0,92
4811,2,1,-1000.0,0.0,0,0.0,0,92
4812,1,0,0.0,0.16,4,0.16,0,93
4813,1,0,0.0,0.16,4,0.16,0,93
4814,2,1,28.346605,0.2,5,0.2,0,93
4815,1,0,0.0,0.2,5,0.2,1,93
4816,2,1,26.894903,0.24,6,0.24,0,93
4817,1,0,0.0,0.24,6,0.24,0,93
4818,0,-1,-0.0,0.24,6,0.24,0,93
4819,1,0,0.0,0.24,6,0.24,0,93
4820,2,1,23.229055,0.28,7,0.28,0,93
4821,1,0,0.0,0.28,7,0.28,0,93
4822,1,0,0.0,0.28,7,0.28,0,93
4823,1,0,0.0,0.28,7,0.28,0,93
4824,2,1,27.64001,0.32,8,0.32,0,93
4825,2,1,24.281137,0.36,9,0.36,0,93
4826,0,-1,-22.46499,0.32,8,0.32,0,93
4827,2,1,23.04869,0.36,9,0.36,0,93
4828,2,1,18.141722,0.4,10,0.4,0,93
4829,2,1,20.103739,0.44,11,0.44,0,93
4830,2,1,20.298597,0.48,12,0.48,0,93
4831,1,0,0.0,0.48,12,0.48,0,93
4832,2,1,22.737116,0.52,13,0.52,0,93
4833,2,1,15.787228,0.56,14,0.56,0,93
4834,2,1,15.958557,0.6,15,0.6,0,93
4835,0,-1,-14.837638,0.56,14,0.56,0,93
4836,2,1,16.83698,0.6,15,0.6,0,93
4837,1,0,0.0,0.6,15,0.6,0,93
4838,1,0,0.0,0.6,15,0.6,0,93
4839,1,0,0.0,0.6,15,0.6,0,93
4840,2,1,12.945268,0.64,16,0.64,0,93
4841,1,0,0.0,0.64,16,0.64,0,93
4842,0,-1,-0.0,0.64,16,0.64,0,93
4843,2,1,9.069072,0.68,17,0.68,0,93
4844,2,1,0.90458935,0.72,18,0.72,0,93
4845,2,1,-0.57659453,0.76,19,0.76,0,93
4846,2,1,-20.510113,0.8,20,0.8,0,93
4847,2,1,-37.788685,0.84,21,0.84,0,93
4848,1,0,0.0,0.84,21,0.84,0,93
4849,0,-1,34.47501,0.8,20,0.8,0,93
4850,1,0,0.0,0.8,20,0.8,0,93
4851,2,1,-37.52835,0.84,21,0.84,0,93
4852,2,1,-79.611755,0.88,22,0.88,0,93
4853,2,1,-189.20193,0.92,23,0.92,0,93
4854,2,1,-602.4016,0.96,24,0.96,0,93
4855,2,1,0.0,0.96,24,0.96,0,93
4856,1,0,0.0,0.96,24,0.96,0,93
4857,2,1,27.249582,1.0,25,1.0,0,93
4858,1,0,-1000.0,0.0,0,0.0,0,93
4859,2,1,28.364332,0.2,5,0.2,0,94
4860,2,1,-4.278687,0.24,6,0.24,0,94
4861,2,1,27.971514,0.28,7,0.28,0,94
4862,1,0,0.0,0.28,7,0.28,0,94
4863,2,1,26.441492,0.32,8,0.32,0,94
4864,2,1,23.22081,0.36,9,0.36,0,94
4865,2,1,23.822836,0.4,10,0.4,0,94
4866,2,1,20.243746,0.44,11,0.44,0,94
4867,2,1,19.941977,0.48,12,0.48,0,94
4868,1,0,0.0,0.48,12,0.48,0,94
4869,2,1,16.6261,0.52,13,0.52,0,94
4870,0,-1,8.497722,0.48,12,0.48,0,94
4871,2,1,16.872952,0.52,13,0.52,0,94
4872,2,1,13.186959,0.56,14,0.56,0,94
4873,2,1,-11.7863245,0.6,15,0.6,0,94
4874,2,1,6.7106347,0.64,16,0.64,0,94
4875,2,1,10.035843,0.68,17,0.68,0,94
4876,2,1,-100.0,0.0,0,0.0,0,94
4877,2,1,28.364332,0.2,5,0.2,0,95
4878,2,1,28.208652,0.24,6,0.24,0,95
4879,0,-1,-0.0,0.24,6,0.24,0,95
4880,1,0,0.0,0.24,6,0.24,0,95
4881,0,-1,-28.22638,0.2,5,0.2,0,95
4882,0,-1,-28.346605,0.16,4,0.16,0,95
4883,2,1,28.364332,0.2,5,0.2,0,95
4884,2,1,-4.278605,0.24,6,0.24,0,95
4885,2,1,-4.515826,0.28,7,0.28,0,95
4886,2,1,-4.8479323,0.32,8,0.32,0,95
4887,2,1,27.207449,0.36,9,0.36,0,95
4888,2,1,-5.829622,0.4,10,0.4,0,95
4889,2,1,-6.520815,0.44,11,0.44,0,95
4890,0,-1,-25.967117,0.4,10,0.4,0,95
4891,2,1,24.768646,0.44,11,0.44,0,95
4892,2,1,-7.391865,0.48,12,0.48,0,95
4893,1,0,0.0,0.48,12,0.48,0,95
4894,0,-1,-0.0,0.48,12,0.48,0,95
4895,0,-1,7.391865,0.44,11,0.44,0,95
4896,0,-1,-0.0,0.44,11,0.44,0,95
4897,0,-1,6.520815,0.4,10,0.4,0,95
4898,2,1,21.522146,0.44,11,0.44,0,95
4899,1,0,0.0,0.44,11,0.44,0,95
4900,1,0,0.0,0.44,11,0.44,0,95
4901,2,1,-7.3917303,0.48,12,0.48,0,95
4902,1,0,0.0,0.48,12,0.48,0,95
4903,2,1,18.110739,0.52,13,0.52,0,95
4904,2,1,-9.921985,0.56,14,0.56,0,95
4905,2,1,16.714378,0.6,15,0.6,0,95
4906,0,-1,-0.0,0.6,15,0.6,0,95
4907,1,0,0.0,0.6,15,0.6,0,95
4908,2,1,-14.2864895,0.64,16,0.64,0,95
4909,2,1,11.916524,0.68,17,0.68,0,95
4910,1,0,0.0,0.68,17,0.68,0,95
4911,0,-1,-10.765354,0.64,16,0.64,0,95
4912,0,-1,14.286496,0.6,15,0.6,0,95
4913,1,0,0.0,0.6,15,0.6,0,95
4914,0,-1,11.786879,0.56,14,0.56,0,95
4915,0,-1,9.921343,0.52,13,0.52,0,95
4916,2,1,17.411856,0.56,14,0.56,0,95
4917,0,-1,-16.687035,0.52,13,0.52,0,95
4918,2,1,22.565916,0.56,14,0.56,0,95
4919,2,1,15.984867,0.6,15,0.6,0,95
4920,0,-1,11.78675,0.56,14,0.56,0,95
4921,2,1,13.99942,0.6,15,0.6,0,95
4922,0,-1,-16.256044,0.56,14,0.56,0,95
4923,1,0,0.0,0.56,14,0.56,0,95
4924,1,0,0.0,0.56,14,0.56,0,95
4925,0,-1,9.92201,0.52,13,0.52,0,95
4926,2,1,15.449248,0.56,14,0.56,0,95
4927,1,0,0.0,0.56,14,0.56,0,95
4928,0,-1,-0.0,0.56,14,0.56,0,95
4929,2,1,-11.78675,0.6,15,0.6,0,95
4930,1,0,0.0,0.6,15,0.6,0,95
4931,2,1,9.372625,0.64,16,0.64,0,95
4932,2,1,5.496408,0.68,17,0.68,0,95
4933,2,1,0.6724087,0.72,18,0.72,0,95
4934,0,-1,22.675793,0.68,17,0.68,0,95
4935,2,1,1.0767766,0.72,18,0.72,0,95
4936,0,-1,-0.0,0.72,18,0.72,0,95
4937,2,1,-8.447827,0.76,19,0.76,0,95
4938,1,0,0.0,0.76,19,0.76,0,95
4939,2,1,-100.0,0.0,0,0.0,0,95
4940,2,1,-4.1407347,0.2,5,0.2,0,96
4941,2,1,-4.278605,0.24,6,0.24,0,96
4942,2,1,27.98924,0.28,7,0.28,0,96
4943,1,0,0.0,0.28,7,0.28,0,96
4944,0,-1,4.515826,0.24,6,0.24,0,96
4945,2,1,26.773045,0.28,7,0.28,0,96
4946,0,-1,-0.0,0.28,7,0.28,0,96
4947,2,1,-4.8479395,0.32,8,0.32,0,96
4948,1,0,0.0,0.32,8,0.32,0,96
4949,1,0,0.0,0.32,8,0.32,0,96
4950,2,1,-5.280317,0.36,9,0.36,0,96
4951,0,-1,-0.0,0.36,9,0.36,0,96
4952,0,-1,-0.0,0.36,9,0.36,0,96
4953,0,-1,-0.0,0.36,9,0.36,0,96
4954,1,0,0.0,0.36,9,0.36,0,96
4955,2,1,-5.8296223,0.4,10,0.4,0,96
4956,2,1,23.131649,0.44,11,0.44,0,96
4957,2,1,-7.39189,0.48,12,0.48,0,96
4958,2,1,-8.498312,0.52,13,0.52,0,96
4959,1,0,0.0,0.52,13,0.52,0,96
4960,1,0,0.0,0.52,13,0.52,0,96
4961,2,1,22.565916,0.56,14,0.56,0,96
4962,1,0,0.0,0.56,14,0.56,0,96
4963,0,-1,-0.0,0.56,14,0.56,0,96
4964,0,-1,9.92185,0.52,13,0.52,0,96
4965,2,1,18.579277,0.56,14,0.56,0,96
4966,0,-1,9.92201,0.52,13,0.52,0,96
4967,0,-1,-0.0,0.52,13,0.52,0,96
4968,2,1,16.842545,0.56,14,0.56,0,96
4969,0,-1,-0.0,0.56,14,0.56,0,96
4970,1,0,0.0,0.56,14,0.56,0,96
4971,0,-1,9.922016,0.52,13,0.52,0,96
4972,2,1,21.362164,0.56,14,0.56,0,96
4973,2,1,15.984867,0.6,15,0.6,0,96
4974,1,0,0.0,0.6,15,0.6,0,96
4975,2,1,14.21083,0.64,16,0.64,0,96
4976,0,-1,14.286522,0.6,15,0.6,0,96
4977,0,-1,-0.0,0.6,15,0.6,0,96
4978,0,-1,11.786884,0.56,14,0.56,0,96
4979,2,1,13.053625,0.6,15,0.6,0,96
4980,0,-1,11.7862425,0.56,14,0.56,0,96
4981,1,0,0.0,0.56,14,0.56,0,96
4982,2,1,17.863403,0.6,15,0.6,0,96
4983,1,0,0.0,0.6,15,0.6,0,96
4984,0,-1,-13.053625,0.56,14,0.56,0,96
4985,2,1,13.99942,0.6,15,0.6,0,96
4986,2,1,11.303396,0.64,16,0.64,0,96
4987,2,1,9.026972,0.68,17,0.68,0,96
4988,2,1,4.658042,0.72,18,0.72,0,96
4989,1,0,0.0,0.72,18,0.72,0,96
4990,1,0,0.0,0.72,18,0.72,0,96
4991,2,1,-5.592324,0.76,19,0.76,0,96
4992,1,0,0.0,0.76,19,0.76,0,96
4993,2,1,-16.614744,0.8,20,0.8,0,96
4994,0,-1,-0.0,0.8,20,0.8,0,96
4995,2,1,-39.051575,0.84,21,0.84,0,96
4996,2,1,-80.896034,0.88,22,0.88,0,96
4997,2,1,-183.77042,0.92,23,0.92,0,96
4998,1,0,0.0,0.92,23,0.92,0,96
4999,2,1,-597.9333,0.96,24,0.96,0,96
5000,2,1,23.457535,1.0,25,1.0,0,96
